date_iso;date_fr;open;high;low;close;volume
2011-01-03;03/01/2011;714;714;714;714;570
2011-01-04;04/01/2011;750;750;750;750;1932
2011-01-05;05/01/2011;750;750;750;750;4876
2011-01-06;06/01/2011;737.5;737.5;737.5;737.5;1616
2011-01-07;07/01/2011;745;745;745;745;1346
2011-01-10;10/01/2011;747.5;747.5;747.5;747.5;16
2011-01-11;11/01/2011;745;745;745;745;1150
2011-01-12;12/01/2011;750;750;750;750;200
2011-01-13;13/01/2011;750;750;750;750;754
2011-01-14;14/01/2011;775;775;775;775;454
2011-01-17;17/01/2011;775;775;775;775;158
2011-01-18;18/01/2011;775;775;775;775;110
2011-01-19;19/01/2011;777.5;777.5;777.5;777.5;52
2011-01-20;20/01/2011;777.5;777.5;777.5;777.5;38
2011-01-24;24/01/2011;779;779;779;779;628
2011-01-25;25/01/2011;775;775;775;775;688
2011-01-26;26/01/2011;775.5;775.5;775.5;775.5;158
2011-01-28;28/01/2011;775.5;775.5;775.5;775.5;6
2011-01-31;31/01/2011;775;775;775;775;928
2011-02-02;02/02/2011;775.5;775.5;775.5;775.5;42
2011-02-03;03/02/2011;777.5;777.5;777.5;777.5;154
2011-02-04;04/02/2011;775.5;775.5;775.5;775.5;90
2011-02-07;07/02/2011;775;775;775;775;582
2011-02-08;08/02/2011;775;775;775;775;454
2011-02-10;10/02/2011;780;780;780;780;228
2011-02-11;11/02/2011;780;780;780;780;52
2011-03-02;02/03/2011;788;788;788;788;6
2011-03-07;07/03/2011;875;875;875;875;606
2011-03-08;08/03/2011;875;875;875;875;2
2011-03-10;10/03/2011;850;850;850;850;216
2011-03-11;11/03/2011;850;850;850;850;8
2011-03-14;14/03/2011;800;800;800;800;250
2011-03-15;15/03/2011;800;800;800;800;242
2011-03-21;21/03/2011;800;800;800;800;22
2011-03-23;23/03/2011;800;800;800;800;96
2011-03-24;24/03/2011;800;800;800;800;10
2011-03-29;29/03/2011;800;800;800;800;2
2011-04-01;01/04/2011;800;800;800;800;866
2011-04-06;06/04/2011;800;800;800;800;6
2011-04-11;11/04/2011;800.5;800.5;800.5;800.5;874
2011-04-13;13/04/2011;802.5;802.5;802.5;802.5;16
2011-04-15;15/04/2011;812.5;812.5;812.5;812.5;30
2011-04-28;28/04/2011;801.5;801.5;801.5;801.5;1176
2011-04-29;29/04/2011;801.5;801.5;801.5;801.5;154
2011-05-03;03/05/2011;800;800;800;800;590
2011-05-05;05/05/2011;800;800;800;800;20
2011-05-06;06/05/2011;780;780;780;780;20
2011-05-09;09/05/2011;775;775;775;775;46
2011-05-10;10/05/2011;800;800;800;800;30
2011-05-11;11/05/2011;775;775;775;775;400
2011-05-12;12/05/2011;800;800;800;800;480
2011-05-13;13/05/2011;812.5;812.5;812.5;812.5;300
2011-05-17;17/05/2011;812.5;812.5;812.5;812.5;64
2011-05-18;18/05/2011;800;800;800;800;170
2011-05-19;19/05/2011;800.5;800.5;800.5;800.5;38
2011-05-20;20/05/2011;800;800;800;800;78
2011-05-23;23/05/2011;800;800;800;800;68
2011-05-25;25/05/2011;800;800;800;800;596
2011-05-26;26/05/2011;800;800;800;800;72
2011-05-31;31/05/2011;800;800;800;800;10
2011-06-01;01/06/2011;800;800;800;800;20
2011-06-03;03/06/2011;800;800;800;800;64
2011-06-08;08/06/2011;812.5;812.5;812.5;812.5;30
2011-06-14;14/06/2011;812.5;812.5;812.5;812.5;28
2011-06-15;15/06/2011;825;825;825;825;112
2011-06-17;17/06/2011;775;775;775;775;188
2011-06-20;20/06/2011;775;775;775;775;20
2011-06-21;21/06/2011;800;800;800;800;700
2011-06-22;22/06/2011;800;800;800;800;194
2011-06-23;23/06/2011;800;800;800;800;12
2011-06-30;30/06/2011;800;800;800;800;76
2011-07-07;07/07/2011;775;775;775;775;22
2011-07-13;13/07/2011;775;775;775;775;362
2011-07-14;14/07/2011;775;775;775;775;286
2011-07-18;18/07/2011;800;800;800;800;98
2011-07-20;20/07/2011;800;800;800;800;200
2011-07-25;25/07/2011;850;850;850;850;100
2011-07-29;29/07/2011;800;800;800;800;56
2011-08-02;02/08/2011;800;800;800;800;8
2011-08-03;03/08/2011;800;800;800;800;184
2011-08-04;04/08/2011;800;800;800;800;24
2011-08-05;05/08/2011;800;800;800;800;20
2011-08-09;09/08/2011;825;825;825;825;18
2011-08-10;10/08/2011;825;825;825;825;200
2011-08-11;11/08/2011;825;825;825;825;460
2011-08-12;12/08/2011;825;825;825;825;124
2011-08-16;16/08/2011;825;825;825;825;186
2011-08-17;17/08/2011;825;825;825;825;54
2011-08-18;18/08/2011;825;825;825;825;138
2011-08-19;19/08/2011;825;825;825;825;24
2011-08-23;23/08/2011;825;825;825;825;20
2011-08-24;24/08/2011;825;825;825;825;42
2011-08-25;25/08/2011;825;825;825;825;90
2011-08-26;26/08/2011;825;825;825;825;90
2011-08-29;29/08/2011;825;825;825;825;210
2011-08-31;31/08/2011;825;825;825;825;6
2011-09-02;02/09/2011;825;825;825;825;764
2011-09-05;05/09/2011;825;825;825;825;106
2011-09-08;08/09/2011;825;825;825;825;210
2011-09-12;12/09/2011;825;825;825;825;2
2011-09-13;13/09/2011;825;825;825;825;276
2011-09-14;14/09/2011;825;825;825;825;4
2011-09-15;15/09/2011;825;825;825;825;34
2011-09-16;16/09/2011;825;825;825;825;24
2011-09-19;19/09/2011;825;825;825;825;28
2011-09-22;22/09/2011;825;825;825;825;60
2011-09-23;23/09/2011;825;825;825;825;10
2011-09-26;26/09/2011;825;825;825;825;70
2011-09-27;27/09/2011;825;825;825;825;10
2011-09-28;28/09/2011;825;825;825;825;4
2011-09-29;29/09/2011;825;825;825;825;54
2011-10-03;03/10/2011;825;825;825;825;10
2011-10-06;06/10/2011;825;825;825;825;18
2011-10-11;11/10/2011;815.5;815.5;815.5;815.5;242
2011-10-17;17/10/2011;812.5;812.5;812.5;812.5;16
2011-10-18;18/10/2011;811.5;811.5;811.5;811.5;24
2011-11-11;11/11/2011;800;800;800;800;40
2011-11-22;22/11/2011;800;800;800;800;882
2011-11-23;23/11/2011;825;825;825;825;150
2011-11-24;24/11/2011;800;800;800;800;234
2011-11-28;28/11/2011;800;800;800;800;10
2011-11-30;30/11/2011;800;800;800;800;70
2011-12-01;01/12/2011;800;800;800;800;30
2011-12-06;06/12/2011;800;800;800;800;364
2011-12-07;07/12/2011;800;800;800;800;1162
2011-12-12;12/12/2011;795;795;795;795;78
2011-12-13;13/12/2011;800;800;800;800;214
2011-12-14;14/12/2011;800;800;800;800;570
2011-12-15;15/12/2011;800;800;800;800;114
2011-12-16;16/12/2011;775;775;775;775;900
2011-12-20;20/12/2011;800;800;800;800;20
2011-12-21;21/12/2011;820;820;820;820;74
2011-12-22;22/12/2011;800;800;800;800;74
2011-12-23;23/12/2011;800;800;800;800;194
2011-12-27;27/12/2011;822.5;822.5;822.5;822.5;100
2011-12-28;28/12/2011;820;820;820;820;700
2011-12-29;29/12/2011;820;820;820;820;130
2012-01-03;03/01/2012;825;825;825;825;94
2012-01-04;04/01/2012;825;825;825;825;90
2012-01-05;05/01/2012;800;800;800;800;118
2012-01-06;06/01/2012;822.5;822.5;822.5;822.5;40
2012-01-11;11/01/2012;825;825;825;825;128
2012-01-12;12/01/2012;825;825;825;825;4230
2012-01-23;23/01/2012;875;875;875;875;24
2012-01-24;24/01/2012;875;875;875;875;20
2012-01-25;25/01/2012;875;875;875;875;16
2012-01-26;26/01/2012;875;875;875;875;20
2012-01-31;31/01/2012;875;875;875;875;58
2012-02-01;01/02/2012;875;875;875;875;6
2012-02-02;02/02/2012;875;875;875;875;428
2012-02-06;06/02/2012;875;875;875;875;56
2012-02-08;08/02/2012;875;875;875;875;178
2012-02-09;09/02/2012;875;875;875;875;4
2012-02-10;10/02/2012;875;875;875;875;206
2012-02-15;15/02/2012;875;875;875;875;50
2012-02-17;17/02/2012;875;875;875;875;32
2012-02-20;20/02/2012;870;870;870;870;970
2012-02-21;21/02/2012;873;873;873;873;100
2012-02-22;22/02/2012;873;873;873;873;58
2012-02-23;23/02/2012;873;873;873;873;88
2012-02-28;28/02/2012;875;875;875;875;166
2012-02-29;29/02/2012;875;875;875;875;12
2012-03-01;01/03/2012;890;890;890;890;24
2012-03-07;07/03/2012;900;900;900;900;18
2012-03-08;08/03/2012;900;900;900;900;242
2012-03-14;14/03/2012;900;900;900;900;82
2012-03-15;15/03/2012;900.5;900.5;900.5;900.5;158
2012-03-20;20/03/2012;900;900;900;900;60
2012-03-21;21/03/2012;900;900;900;900;12
2012-03-22;22/03/2012;900;900;900;900;12
2012-03-26;26/03/2012;900.5;900.5;900.5;900.5;78
2012-03-27;27/03/2012;900;900;900;900;22
2012-03-28;28/03/2012;900;900;900;900;26
2012-03-30;30/03/2012;900;900;900;900;10
2012-04-02;02/04/2012;900;900;900;900;4
2012-04-06;06/04/2012;900;900;900;900;8
2012-04-11;11/04/2012;900;900;900;900;14
2012-04-16;16/04/2012;900;900;900;900;92
2012-04-17;17/04/2012;900;900;900;900;6
2012-04-24;24/04/2012;900.5;900.5;900.5;900.5;50
2012-04-25;25/04/2012;900.5;900.5;900.5;900.5;10
2012-04-30;30/04/2012;900;900;900;900;70
2012-05-02;02/05/2012;900;900;900;900;132
2012-05-03;03/05/2012;875;875;875;875;646
2012-05-07;07/05/2012;900;900;900;900;124
2012-05-09;09/05/2012;902.5;902.5;902.5;902.5;44
2012-05-10;10/05/2012;902.5;902.5;902.5;902.5;88
2012-05-11;11/05/2012;902.5;902.5;902.5;902.5;86
2012-05-15;15/05/2012;903;903;903;903;100
2012-05-16;16/05/2012;903;903;903;903;32
2012-05-18;18/05/2012;903;903;903;903;40
2012-05-21;21/05/2012;903;903;903;903;410
2012-05-22;22/05/2012;906.5;906.5;906.5;906.5;60
2012-05-23;23/05/2012;906.5;906.5;906.5;906.5;58
2012-05-31;31/05/2012;915;915;915;915;18
2012-06-01;01/06/2012;915;915;915;915;12
2012-06-04;04/06/2012;915;915;915;915;40
2012-06-05;05/06/2012;915;915;915;915;6
2012-06-07;07/06/2012;922.5;922.5;922.5;922.5;50
2012-06-11;11/06/2012;925;925;925;925;22
2012-06-12;12/06/2012;925;925;925;925;8
2012-06-14;14/06/2012;925.5;925.5;925.5;925.5;344
2012-06-18;18/06/2012;930;930;930;930;20
2012-06-19;19/06/2012;925;925;925;925;42
2012-06-25;25/06/2012;925;925;925;925;16
2012-06-28;28/06/2012;925;925;925;925;26
2012-07-02;02/07/2012;925;925;925;925;52
2012-07-09;09/07/2012;925;925;925;925;14
2012-07-10;10/07/2012;925;925;925;925;4
2012-07-17;17/07/2012;925;925;925;925;90
2012-07-19;19/07/2012;925;925;925;925;66
2012-07-20;20/07/2012;925;925;925;925;6
2012-07-23;23/07/2012;937.5;937.5;937.5;937.5;32
2012-07-24;24/07/2012;937.5;937.5;937.5;937.5;8
2012-07-25;25/07/2012;937.5;937.5;937.5;937.5;52
2012-07-27;27/07/2012;937.5;937.5;937.5;937.5;20
2012-07-30;30/07/2012;937.5;937.5;937.5;937.5;4
2012-08-03;03/08/2012;950;950;950;950;20
2012-08-13;13/08/2012;952.5;952.5;952.5;952.5;16
2012-08-16;16/08/2012;1024;1024;1024;1024;20
2012-08-17;17/08/2012;1100;1100;1100;1100;42
2012-08-24;24/08/2012;1100;1100;1100;1100;118
2012-08-29;29/08/2012;1100;1100;1100;1100;74
2012-08-30;30/08/2012;1100;1100;1100;1100;190
2012-09-03;03/09/2012;1100;1100;1100;1100;74
2012-09-04;04/09/2012;1100;1100;1100;1100;48
2012-09-05;05/09/2012;1100;1100;1100;1100;38
2012-09-10;10/09/2012;1100;1100;1100;1100;254
2012-09-11;11/09/2012;1100;1100;1100;1100;166
2012-09-17;17/09/2012;1100;1100;1100;1100;94
2012-09-19;19/09/2012;1100;1100;1100;1100;124
2012-09-20;20/09/2012;1100;1100;1100;1100;100
2012-09-25;25/09/2012;1100;1100;1100;1100;40
2012-09-27;27/09/2012;1100;1100;1100;1100;40
2012-10-01;01/10/2012;1100;1100;1100;1100;2
2012-10-04;04/10/2012;1100;1100;1100;1100;66
2012-10-08;08/10/2012;1100;1100;1100;1100;254
2012-10-10;10/10/2012;1100;1100;1100;1100;10
2012-10-15;15/10/2012;1100;1100;1100;1100;438
2012-10-17;17/10/2012;1100;1100;1100;1100;48
2012-10-19;19/10/2012;1100;1100;1100;1100;30
2012-10-22;22/10/2012;1100;1100;1100;1100;80
2012-10-23;23/10/2012;1100;1100;1100;1100;16
2012-10-25;25/10/2012;1100;1100;1100;1100;76
2012-10-31;31/10/2012;1100;1100;1100;1100;38
2012-11-05;05/11/2012;1100;1100;1100;1100;88
2012-11-07;07/11/2012;1100;1100;1100;1100;128
2012-11-08;08/11/2012;1100;1100;1100;1100;24
2012-11-13;13/11/2012;1100;1100;1100;1100;10
2012-11-14;14/11/2012;1100;1100;1100;1100;38
2012-11-16;16/11/2012;1100;1100;1100;1100;90
2012-11-20;20/11/2012;1100;1100;1100;1100;6
2012-11-22;22/11/2012;1100;1100;1100;1100;12
2012-11-26;26/11/2012;1100;1100;1100;1100;66
2012-11-28;28/11/2012;1100;1100;1100;1100;82
2012-11-30;30/11/2012;1100;1100;1100;1100;50
2012-12-03;03/12/2012;1100;1100;1100;1100;20
2012-12-05;05/12/2012;1100;1100;1100;1100;10
2012-12-06;06/12/2012;1100;1100;1100;1100;14
2012-12-10;10/12/2012;1100;1100;1100;1100;100
2012-12-11;11/12/2012;1100;1100;1100;1100;8
2012-12-17;17/12/2012;1182.5;1182.5;1182.5;1182.5;60
2012-12-18;18/12/2012;1100;1100;1100;1100;90
2012-12-19;19/12/2012;1100;1100;1100;1100;8
2012-12-20;20/12/2012;1100;1100;1100;1100;2
2012-12-21;21/12/2012;1100;1100;1100;1100;102
2012-12-26;26/12/2012;1100;1100;1100;1100;12
2012-12-27;27/12/2012;1100;1100;1100;1100;4
2012-12-28;28/12/2012;1100;1100;1100;1100;388
2013-01-04;04/01/2013;1105;1105;1105;1105;86
2013-01-08;08/01/2013;1105;1105;1105;1105;40
2013-01-11;11/01/2013;1105;1105;1105;1105;22
2013-01-17;17/01/2013;1112.5;1112.5;1112.5;1112.5;48
2013-01-18;18/01/2013;1107.5;1107.5;1107.5;1107.5;508
2013-01-21;21/01/2013;1107.5;1107.5;1107.5;1107.5;10
2013-01-22;22/01/2013;1107.5;1107.5;1107.5;1107.5;16
2013-01-28;28/01/2013;1107.5;1107.5;1107.5;1107.5;44
2013-01-30;30/01/2013;1190;1190;1190;1190;16
2013-02-04;04/02/2013;1107.5;1107.5;1107.5;1107.5;40
2013-02-05;05/02/2013;1107.5;1107.5;1107.5;1107.5;58
2013-02-12;12/02/2013;1112.5;1112.5;1112.5;1112.5;32
2013-02-15;15/02/2013;1115;1115;1115;1115;34
2013-02-19;19/02/2013;1115;1115;1115;1115;10054
2013-02-22;22/02/2013;1115;1115;1115;1115;4
2013-02-27;27/02/2013;1115;1115;1115;1115;20
2013-03-06;06/03/2013;1117.5;1117.5;1117.5;1117.5;86
2013-03-12;12/03/2013;1125;1125;1125;1125;80
2013-03-14;14/03/2013;1200;1200;1200;1200;60
2013-03-15;15/03/2013;1250;1250;1250;1250;24
2013-03-18;18/03/2013;1344;1344;1344;1344;16
2013-03-19;19/03/2013;1251.5;1251.5;1251.5;1251.5;622
2013-03-20;20/03/2013;1345;1345;1345;1345;174
2013-03-21;21/03/2013;1444;1444;1444;1444;146
2013-03-22;22/03/2013;1552.5;1552.5;1552.5;1552.5;522
2013-03-25;25/03/2013;1668.5;1668.5;1668.5;1668.5;200
2013-03-27;27/03/2013;1750;1750;1750;1750;292
2013-03-28;28/03/2013;1875;1875;1875;1875;134
2013-03-29;29/03/2013;1875;1875;1875;1875;114
2013-04-02;02/04/2013;1875;1875;1875;1875;168
2013-04-04;04/04/2013;1875;1875;1875;1875;26
2013-04-05;05/04/2013;2000;2000;2000;2000;2618
2013-04-08;08/04/2013;2000;2000;2000;2000;80
2013-04-10;10/04/2013;1875;1875;1875;1875;18
2013-04-12;12/04/2013;2000;2000;2000;2000;68
2013-04-15;15/04/2013;2000;2000;2000;2000;26
2013-04-18;18/04/2013;2000;2000;2000;2000;42
2013-04-19;19/04/2013;1710;1710;1710;1710;46
2013-04-24;24/04/2013;1750;1750;1750;1750;30
2013-04-25;25/04/2013;1750;1750;1750;1750;6
2013-05-13;13/05/2013;1750;1750;1750;1750;1252
2013-05-15;15/05/2013;1750;1750;1750;1750;208
2013-05-17;17/05/2013;1765;1765;1765;1765;20
2013-05-21;21/05/2013;1897.5;1897.5;1897.5;1897.5;26
2013-05-24;24/05/2013;1902.5;1902.5;1902.5;1902.5;50
2013-05-27;27/05/2013;2045.5;2045.5;2045.5;2045.5;16
2013-05-28;28/05/2013;2045.5;2045.5;2045.5;2045.5;30
2013-05-29;29/05/2013;1925;1925;1925;1925;20
2013-05-31;31/05/2013;1925;1925;1925;1925;330
2013-06-04;04/06/2013;2025;2025;2025;2025;46
2013-06-05;05/06/2013;2000;2000;2000;2000;22
2013-06-06;06/06/2013;1875;1875;1875;1875;154
2013-06-07;07/06/2013;2000;2000;2000;2000;90
2013-06-10;10/06/2013;2100;2100;2100;2100;30
2013-06-12;12/06/2013;2257.5;2257.5;2257.5;2257.5;16
2013-06-13;13/06/2013;1775;1775;1775;1775;200
2013-06-14;14/06/2013;1800;1800;1800;1800;112
2013-06-17;17/06/2013;1875;1875;1875;1875;162
2013-06-18;18/06/2013;1875;1875;1875;1875;242
2013-06-19;19/06/2013;1734.5;1734.5;1734.5;1734.5;78
2013-06-20;20/06/2013;1700;1700;1700;1700;244
2013-06-21;21/06/2013;1572.5;1572.5;1572.5;1572.5;100
2013-06-24;24/06/2013;1630;1630;1630;1630;290
2013-06-25;25/06/2013;1630;1630;1630;1630;4
2013-06-26;26/06/2013;1637.5;1637.5;1637.5;1637.5;92
2013-06-27;27/06/2013;1650;1650;1650;1650;120
2013-06-28;28/06/2013;1664;1664;1664;1664;598
2013-07-01;01/07/2013;1664;1664;1664;1664;72
2013-07-03;03/07/2013;1664;1664;1664;1664;4
2013-07-04;04/07/2013;1666.5;1666.5;1666.5;1666.5;64
2013-07-05;05/07/2013;1675;1675;1675;1675;60
2013-07-08;08/07/2013;1750;1750;1750;1750;20
2013-07-09;09/07/2013;1762.5;1762.5;1762.5;1762.5;92
2013-07-11;11/07/2013;1762.5;1762.5;1762.5;1762.5;328
2013-07-15;15/07/2013;1775;1775;1775;1775;54
2013-07-17;17/07/2013;1775;1775;1775;1775;300
2013-07-19;19/07/2013;1775;1775;1775;1775;16
2013-07-23;23/07/2013;1787.5;1787.5;1787.5;1787.5;50
2013-07-25;25/07/2013;1787.5;1787.5;1787.5;1787.5;80
2013-07-30;30/07/2013;1787.5;1787.5;1787.5;1787.5;16
2013-07-31;31/07/2013;1787.5;1787.5;1787.5;1787.5;84
2013-08-01;01/08/2013;1822.5;1822.5;1822.5;1822.5;142
2013-08-02;02/08/2013;1787.5;1787.5;1787.5;1787.5;110
2013-08-05;05/08/2013;1787.5;1787.5;1787.5;1787.5;34
2013-08-06;06/08/2013;1787.5;1787.5;1787.5;1787.5;576
2013-08-09;09/08/2013;1787.5;1787.5;1787.5;1787.5;60
2013-08-13;13/08/2013;1787.5;1787.5;1787.5;1787.5;12
2013-08-16;16/08/2013;1787.5;1787.5;1787.5;1787.5;14
2013-08-19;19/08/2013;1787.5;1787.5;1787.5;1787.5;54
2013-08-20;20/08/2013;1787.5;1787.5;1787.5;1787.5;192
2013-08-22;22/08/2013;1787.5;1787.5;1787.5;1787.5;20
2013-08-28;28/08/2013;1787.5;1787.5;1787.5;1787.5;10
2013-08-29;29/08/2013;1787.5;1787.5;1787.5;1787.5;56
2013-08-30;30/08/2013;1787.5;1787.5;1787.5;1787.5;72
2013-09-02;02/09/2013;1787.5;1787.5;1787.5;1787.5;20
2013-09-03;03/09/2013;1750;1750;1750;1750;38
2013-09-04;04/09/2013;1750;1750;1750;1750;48
2013-09-05;05/09/2013;1750;1750;1750;1750;100
2013-09-11;11/09/2013;1750;1750;1750;1750;122
2013-09-13;13/09/2013;1750;1750;1750;1750;140
2013-09-17;17/09/2013;1750;1750;1750;1750;286
2013-09-18;18/09/2013;1750;1750;1750;1750;16
2013-09-20;20/09/2013;1750;1750;1750;1750;4
2013-09-23;23/09/2013;1750;1750;1750;1750;82
2013-09-24;24/09/2013;1750;1750;1750;1750;140
2013-09-25;25/09/2013;1750;1750;1750;1750;66
2013-09-26;26/09/2013;1750;1750;1750;1750;36
2013-09-27;27/09/2013;1750;1750;1750;1750;8
2013-09-30;30/09/2013;1775;1775;1775;1775;20
2013-10-01;01/10/2013;1752.5;1752.5;1752.5;1752.5;504
2013-10-02;02/10/2013;1775;1775;1775;1775;44
2013-10-04;04/10/2013;1775;1775;1775;1775;4
2013-10-07;07/10/2013;1775.5;1775.5;1775.5;1775.5;6
2013-10-08;08/10/2013;1775;1775;1775;1775;8
2013-10-10;10/10/2013;1787.5;1787.5;1787.5;1787.5;16
2013-10-11;11/10/2013;1787.5;1787.5;1787.5;1787.5;14
2013-10-14;14/10/2013;1837.5;1837.5;1837.5;1837.5;130
2013-10-16;16/10/2013;1812.5;1812.5;1812.5;1812.5;162
2013-10-17;17/10/2013;1912.5;1912.5;1912.5;1912.5;2
2013-10-21;21/10/2013;1912.5;1912.5;1912.5;1912.5;76
2013-10-23;23/10/2013;1925;1925;1925;1925;4
2013-10-25;25/10/2013;1925;1925;1925;1925;96
2013-10-28;28/10/2013;1938;1938;1938;1938;24
2013-10-29;29/10/2013;1940;1940;1940;1940;20
2013-10-30;30/10/2013;1937.5;1937.5;1937.5;1937.5;88
2013-11-04;04/11/2013;1937.5;1937.5;1937.5;1937.5;24
2013-11-07;07/11/2013;2000;2000;2000;2000;14
2013-11-08;08/11/2013;2000;2000;2000;2000;24
2013-11-11;11/11/2013;1952.5;1952.5;1952.5;1952.5;360
2013-11-12;12/11/2013;1952.5;1952.5;1952.5;1952.5;124
2013-11-14;14/11/2013;2000;2000;2000;2000;38
2013-11-18;18/11/2013;2050;2050;2050;2050;280
2013-11-20;20/11/2013;2000;2000;2000;2000;10
2013-11-21;21/11/2013;2000;2000;2000;2000;22
2013-11-22;22/11/2013;2002.5;2002.5;2002.5;2002.5;288
2013-11-26;26/11/2013;2002.5;2002.5;2002.5;2002.5;44
2013-11-27;27/11/2013;2050;2050;2050;2050;6
2013-11-29;29/11/2013;2050;2050;2050;2050;2
2013-12-02;02/12/2013;2050.5;2050.5;2050.5;2050.5;30
2013-12-03;03/12/2013;2050;2050;2050;2050;82
2013-12-04;04/12/2013;2052.5;2052.5;2052.5;2052.5;28
2013-12-06;06/12/2013;2052.5;2052.5;2052.5;2052.5;172
2013-12-09;09/12/2013;2050;2050;2050;2050;22
2013-12-10;10/12/2013;2025;2025;2025;2025;40
2013-12-11;11/12/2013;2050;2050;2050;2050;600
2013-12-12;12/12/2013;2050;2050;2050;2050;10
2013-12-13;13/12/2013;2100;2100;2100;2100;4
2013-12-17;17/12/2013;2025.5;2025.5;2025.5;2025.5;4
2013-12-18;18/12/2013;2025;2025;2025;2025;6
2013-12-19;19/12/2013;2037.5;2037.5;2037.5;2037.5;10
2013-12-20;20/12/2013;2037.5;2037.5;2037.5;2037.5;46
2013-12-23;23/12/2013;2037.5;2037.5;2037.5;2037.5;64
2013-12-24;24/12/2013;2025;2025;2025;2025;6
2013-12-27;27/12/2013;2050;2050;2050;2050;16
2013-12-30;30/12/2013;2125;2125;2125;2125;22
2013-12-31;31/12/2013;2025;2025;2025;2025;42
2014-01-06;06/01/2014;2030;2030;2030;2030;6
2014-01-08;08/01/2014;2030;2030;2030;2030;130
2014-01-15;15/01/2014;2025;2025;2025;2025;40
2014-01-17;17/01/2014;2025;2025;2025;2025;60
2014-01-20;20/01/2014;2025;2025;2025;2025;6
2014-01-21;21/01/2014;2025;2025;2025;2025;16
2014-01-22;22/01/2014;2037.5;2037.5;2037.5;2037.5;56
2014-01-23;23/01/2014;2025.5;2025.5;2025.5;2025.5;102
2014-01-24;24/01/2014;2050.5;2050.5;2050.5;2050.5;62
2014-01-27;27/01/2014;2050.5;2050.5;2050.5;2050.5;20
2014-01-28;28/01/2014;2025;2025;2025;2025;44
2014-01-29;29/01/2014;2025;2025;2025;2025;4620
2014-01-31;31/01/2014;2050;2050;2050;2050;20
2014-02-03;03/02/2014;2052.5;2052.5;2052.5;2052.5;16
2014-02-05;05/02/2014;2075;2075;2075;2075;8
2014-02-06;06/02/2014;2075;2075;2075;2075;2
2014-02-07;07/02/2014;2075;2075;2075;2075;262
2014-02-11;11/02/2014;2065;2065;2065;2065;4
2014-02-13;13/02/2014;2077.5;2077.5;2077.5;2077.5;60
2014-02-18;18/02/2014;2125;2125;2125;2125;1044
2014-02-19;19/02/2014;2125;2125;2125;2125;18
2014-02-20;20/02/2014;2125;2125;2125;2125;6
2014-02-24;24/02/2014;2125.5;2125.5;2125.5;2125.5;4
2014-03-05;05/03/2014;2125.5;2125.5;2125.5;2125.5;4
2014-03-07;07/03/2014;2282.5;2282.5;2282.5;2282.5;10
2014-03-10;10/03/2014;2125.5;2125.5;2125.5;2125.5;2
2014-03-12;12/03/2014;2126.5;2126.5;2126.5;2126.5;16
2014-03-14;14/03/2014;2126.5;2126.5;2126.5;2126.5;2
2014-03-17;17/03/2014;2281.5;2281.5;2281.5;2281.5;2
2014-03-20;20/03/2014;2237.5;2237.5;2237.5;2237.5;98
2014-03-21;21/03/2014;2237.5;2237.5;2237.5;2237.5;206
2014-03-24;24/03/2014;2150.5;2150.5;2150.5;2150.5;8
2014-03-25;25/03/2014;2311.5;2311.5;2311.5;2311.5;126
2014-03-26;26/03/2014;2312.5;2312.5;2312.5;2312.5;20
2014-03-27;27/03/2014;2312.5;2312.5;2312.5;2312.5;4
2014-03-31;31/03/2014;2315;2315;2315;2315;32
2014-04-01;01/04/2014;2350;2350;2350;2350;6
2014-04-02;02/04/2014;2350;2350;2350;2350;6
2014-04-03;03/04/2014;2375;2375;2375;2375;2
2014-04-04;04/04/2014;2462.5;2462.5;2462.5;2462.5;16
2014-04-10;10/04/2014;2462.5;2462.5;2462.5;2462.5;258
2014-04-14;14/04/2014;2462.5;2462.5;2462.5;2462.5;100
2014-04-15;15/04/2014;2462.5;2462.5;2462.5;2462.5;214
2014-04-16;16/04/2014;2462.5;2462.5;2462.5;2462.5;12
2014-04-17;17/04/2014;2462.5;2462.5;2462.5;2462.5;14
2014-04-18;18/04/2014;2462.5;2462.5;2462.5;2462.5;6
2014-04-23;23/04/2014;2450;2450;2450;2450;30
2014-04-24;24/04/2014;2450;2450;2450;2450;1636
2014-04-28;28/04/2014;2375;2375;2375;2375;18
2014-04-29;29/04/2014;2375;2375;2375;2375;34
2014-04-30;30/04/2014;2375;2375;2375;2375;200
2014-05-06;06/05/2014;2205;2205;2205;2205;204
2014-05-07;07/05/2014;2077.5;2077.5;2077.5;2077.5;138
2014-05-08;08/05/2014;2125;2125;2125;2125;16
2014-05-09;09/05/2014;2125;2125;2125;2125;1500
2014-05-13;13/05/2014;2125;2125;2125;2125;184
2014-05-14;14/05/2014;2125;2125;2125;2125;52
2014-05-15;15/05/2014;2125;2125;2125;2125;32
2014-05-16;16/05/2014;2125.5;2125.5;2125.5;2125.5;28
2014-05-19;19/05/2014;2150;2150;2150;2150;246
2014-05-20;20/05/2014;2150;2150;2150;2150;134
2014-05-21;21/05/2014;2162.5;2162.5;2162.5;2162.5;138
2014-05-22;22/05/2014;2175;2175;2175;2175;30
2014-05-23;23/05/2014;2187.5;2187.5;2187.5;2187.5;32
2014-05-26;26/05/2014;2187.5;2187.5;2187.5;2187.5;12
2014-05-28;28/05/2014;2187.5;2187.5;2187.5;2187.5;100
2014-06-02;02/06/2014;2175;2175;2175;2175;26
2014-06-03;03/06/2014;2175;2175;2175;2175;58
2014-06-04;04/06/2014;2150;2150;2150;2150;12
2014-06-05;05/06/2014;2075;2075;2075;2075;100
2014-06-10;10/06/2014;2075;2075;2075;2075;208
2014-06-11;11/06/2014;2075;2075;2075;2075;458
2014-06-12;12/06/2014;2075;2075;2075;2075;50
2014-06-13;13/06/2014;2075;2075;2075;2075;24
2014-06-16;16/06/2014;2075;2075;2075;2075;56
2014-06-18;18/06/2014;2100;2100;2100;2100;4
2014-06-19;19/06/2014;2112.5;2112.5;2112.5;2112.5;20
2014-06-20;20/06/2014;2125;2125;2125;2125;228
2014-06-23;23/06/2014;2125;2125;2125;2125;178
2014-06-24;24/06/2014;2125;2125;2125;2125;20
2014-06-25;25/06/2014;2125;2125;2125;2125;2342
2014-06-26;26/06/2014;2125;2125;2125;2125;20
2014-06-27;27/06/2014;2125;2125;2125;2125;54
2014-06-30;30/06/2014;2125;2125;2125;2125;202
2014-07-01;01/07/2014;2125;2125;2125;2125;556
2014-07-02;02/07/2014;2125;2125;2125;2125;30
2014-07-03;03/07/2014;2125;2125;2125;2125;24
2014-07-04;04/07/2014;2100;2100;2100;2100;100
2014-07-07;07/07/2014;2100;2100;2100;2100;30
2014-07-08;08/07/2014;2100;2100;2100;2100;20
2014-07-09;09/07/2014;2100;2100;2100;2100;22
2014-07-10;10/07/2014;2100;2100;2100;2100;80
2014-07-11;11/07/2014;2125;2125;2125;2125;4
2014-07-14;14/07/2014;2087.5;2087.5;2087.5;2087.5;60
2014-07-15;15/07/2014;2075;2075;2075;2075;34
2014-07-16;16/07/2014;2075;2075;2075;2075;28
2014-07-21;21/07/2014;2075;2075;2075;2075;100
2014-07-22;22/07/2014;2075;2075;2075;2075;240
2014-07-23;23/07/2014;2075;2075;2075;2075;338
2014-07-25;25/07/2014;2050;2050;2050;2050;40
2014-07-29;29/07/2014;2050;2050;2050;2050;742
2014-07-30;30/07/2014;2075;2075;2075;2075;240
2014-07-31;31/07/2014;2150;2150;2150;2150;2486
2014-08-01;01/08/2014;2125;2125;2125;2125;4000
2014-08-04;04/08/2014;2127.5;2127.5;2127.5;2127.5;1080
2014-08-05;05/08/2014;2130;2130;2130;2130;1428
2014-08-06;06/08/2014;2132.5;2132.5;2132.5;2132.5;8
2014-08-07;07/08/2014;2132.625;2132.625;2132.625;2132.625;160
2014-08-08;08/08/2014;2130.5;2130.5;2130.5;2130.5;24
2014-08-11;11/08/2014;2130.5;2130.5;2130.5;2130.5;20
2014-08-12;12/08/2014;2130.5;2130.5;2130.5;2130.5;80
2014-08-13;13/08/2014;2130.5;2130.5;2130.5;2130.5;2
2014-08-14;14/08/2014;2130.5;2130.5;2130.5;2130.5;10
2014-08-19;19/08/2014;2135;2135;2135;2135;76
2014-08-20;20/08/2014;2135;2135;2135;2135;2
2014-08-21;21/08/2014;2137.5;2137.5;2137.5;2137.5;24
2014-08-26;26/08/2014;2250;2250;2250;2250;20
2014-08-29;29/08/2014;2175;2175;2175;2175;8
2014-09-01;01/09/2014;2250;2250;2250;2250;42
2014-09-02;02/09/2014;2300;2300;2300;2300;576
2014-09-03;03/09/2014;2375;2375;2375;2375;14
2014-09-08;08/09/2014;2375;2375;2375;2375;60
2014-09-09;09/09/2014;2375;2375;2375;2375;4
2014-09-10;10/09/2014;2500;2500;2500;2500;6
2014-09-11;11/09/2014;2570;2570;2570;2570;2544
2014-09-12;12/09/2014;2500;2500;2500;2500;8632
2014-09-15;15/09/2014;2375;2375;2375;2375;570
2014-09-16;16/09/2014;2487.5;2487.5;2487.5;2487.5;1026
2014-09-17;17/09/2014;2500;2500;2500;2500;38
2014-09-18;18/09/2014;2453;2453;2453;2453;32
2014-09-19;19/09/2014;2500;2500;2500;2500;82
2014-09-22;22/09/2014;2375;2375;2375;2375;3416
2014-09-24;24/09/2014;2475;2475;2475;2475;104
2014-09-30;30/09/2014;2375;2375;2375;2375;620
2014-10-02;02/10/2014;2275;2275;2275;2275;98
2014-10-03;03/10/2014;2275;2275;2275;2275;2
2014-10-07;07/10/2014;2275;2275;2275;2275;32
2014-10-08;08/10/2014;2350;2350;2350;2350;98
2014-10-09;09/10/2014;2350;2350;2350;2350;44
2014-10-10;10/10/2014;2350;2350;2350;2350;4
2014-10-14;14/10/2014;2350;2350;2350;2350;16
2014-10-15;15/10/2014;2350;2350;2350;2350;16
2014-10-17;17/10/2014;2275;2275;2275;2275;780
2014-10-21;21/10/2014;2275;2275;2275;2275;456
2014-10-23;23/10/2014;2137.5;2137.5;2137.5;2137.5;24
2014-10-28;28/10/2014;2275;2275;2275;2275;122
2014-10-29;29/10/2014;2275;2275;2275;2275;114
2014-10-30;30/10/2014;2275;2275;2275;2275;114
2014-10-31;31/10/2014;2275;2275;2275;2275;20
2014-11-04;04/11/2014;2137.5;2137.5;2137.5;2137.5;16
2014-11-05;05/11/2014;2137.5;2137.5;2137.5;2137.5;20
2014-11-06;06/11/2014;2250;2250;2250;2250;24
2014-11-07;07/11/2014;2275;2275;2275;2275;246
2014-11-10;10/11/2014;2250;2250;2250;2250;102
2014-11-11;11/11/2014;2250;2250;2250;2250;6
2014-11-12;12/11/2014;2250;2250;2250;2250;64
2014-11-13;13/11/2014;2250;2250;2250;2250;1280
2014-11-18;18/11/2014;2250;2250;2250;2250;2
2014-11-19;19/11/2014;2275;2275;2275;2275;40
2014-11-27;27/11/2014;2250;2250;2250;2250;448
2014-12-01;01/12/2014;2250;2250;2250;2250;1210
2014-12-02;02/12/2014;2250;2250;2250;2250;24
2014-12-03;03/12/2014;2250;2250;2250;2250;118
2014-12-04;04/12/2014;2250;2250;2250;2250;36
2014-12-05;05/12/2014;2275;2275;2275;2275;100
2014-12-08;08/12/2014;2250;2250;2250;2250;726
2014-12-09;09/12/2014;2250;2250;2250;2250;38
2014-12-10;10/12/2014;2250;2250;2250;2250;118
2014-12-11;11/12/2014;2275;2275;2275;2275;214
2014-12-12;12/12/2014;2250;2250;2250;2250;130
2014-12-15;15/12/2014;2250;2250;2250;2250;52
2014-12-16;16/12/2014;2162.5;2162.5;2162.5;2162.5;276
2014-12-18;18/12/2014;2175;2175;2175;2175;184
2014-12-19;19/12/2014;2175;2175;2175;2175;8
2014-12-22;22/12/2014;2175;2175;2175;2175;900
2014-12-23;23/12/2014;2250;2250;2250;2250;4
2014-12-26;26/12/2014;2192.5;2192.5;2192.5;2192.5;414
2014-12-29;29/12/2014;2187.5;2187.5;2187.5;2187.5;16
2014-12-30;30/12/2014;2250;2250;2250;2250;84
2014-12-31;31/12/2014;2250;2250;2250;2250;314
2015-01-02;02/01/2015;2250;2250;2250;2250;94
2015-01-05;05/01/2015;2275;2275;2275;2275;1596
2015-01-06;06/01/2015;2275;2275;2275;2275;652
2015-01-07;07/01/2015;2250;2250;2250;2250;38
2015-01-08;08/01/2015;2250;2250;2250;2250;76
2015-01-09;09/01/2015;2250;2250;2250;2250;4
2015-01-13;13/01/2015;2300;2300;2300;2300;218
2015-01-14;14/01/2015;2250;2250;2250;2250;46
2015-01-15;15/01/2015;2250;2250;2250;2250;42
2015-01-19;19/01/2015;2300;2300;2300;2300;1260
2015-01-20;20/01/2015;2250;2250;2250;2250;94
2015-01-21;21/01/2015;2250;2250;2250;2250;216
2015-01-23;23/01/2015;2250;2250;2250;2250;6
2015-01-26;26/01/2015;2300;2300;2300;2300;56
2015-01-27;27/01/2015;2300;2300;2300;2300;92
2015-01-28;28/01/2015;2275;2275;2275;2275;584
2015-01-29;29/01/2015;2300;2300;2300;2300;72
2015-01-30;30/01/2015;2375;2375;2375;2375;336
2015-02-02;02/02/2015;2300.5;2300.5;2300.5;2300.5;10
2015-02-03;03/02/2015;2350;2350;2350;2350;1790
2015-02-05;05/02/2015;2375;2375;2375;2375;600
2015-02-06;06/02/2015;2375;2375;2375;2375;556
2015-02-09;09/02/2015;2375;2375;2375;2375;11120
2015-02-10;10/02/2015;2400;2400;2400;2400;872
2015-02-11;11/02/2015;2375;2375;2375;2375;14
2015-02-12;12/02/2015;2350;2350;2350;2350;6
2015-02-16;16/02/2015;2375;2375;2375;2375;206
2015-02-18;18/02/2015;2400;2400;2400;2400;22
2015-02-19;19/02/2015;2375;2375;2375;2375;82
2015-02-20;20/02/2015;2375;2375;2375;2375;22
2015-02-23;23/02/2015;2400;2400;2400;2400;2
2015-02-24;24/02/2015;2400;2400;2400;2400;10
2015-02-25;25/02/2015;2400;2400;2400;2400;8
2015-02-26;26/02/2015;2400.5;2400.5;2400.5;2400.5;266
2015-02-27;27/02/2015;2375;2375;2375;2375;1632
2015-03-02;02/03/2015;2375;2375;2375;2375;74
2015-03-03;03/03/2015;2375;2375;2375;2375;10
2015-03-04;04/03/2015;2425;2425;2425;2425;3226
2015-03-05;05/03/2015;2400;2400;2400;2400;6
2015-03-09;09/03/2015;2425;2425;2425;2425;684
2015-03-11;11/03/2015;2427.5;2427.5;2427.5;2427.5;12
2015-03-13;13/03/2015;2450;2450;2450;2450;210
2015-03-16;16/03/2015;2450;2450;2450;2450;70
2015-03-18;18/03/2015;2490;2490;2490;2490;400
2015-03-20;20/03/2015;2450;2450;2450;2450;728
2015-03-23;23/03/2015;2475;2475;2475;2475;160
2015-03-24;24/03/2015;2475;2475;2475;2475;170
2015-03-25;25/03/2015;2475;2475;2475;2475;24
2015-03-27;27/03/2015;2475;2475;2475;2475;16
2015-03-30;30/03/2015;2475;2475;2475;2475;4076
2015-04-01;01/04/2015;2475;2475;2475;2475;4
2015-04-02;02/04/2015;2487.5;2487.5;2487.5;2487.5;4
2015-04-03;03/04/2015;2660;2660;2660;2660;2126
2015-04-06;06/04/2015;2660;2660;2660;2660;42520
2015-04-07;07/04/2015;2575;2575;2575;2575;2
2015-04-08;08/04/2015;2452.5;2452.5;2452.5;2452.5;4
2015-04-09;09/04/2015;2450;2450;2450;2450;36
2015-04-10;10/04/2015;2450;2450;2450;2450;84
2015-04-13;13/04/2015;2450;2450;2450;2450;164
2015-04-15;15/04/2015;2590;2590;2590;2590;522
2015-04-16;16/04/2015;2590;2590;2590;2590;506
2015-04-17;17/04/2015;2590;2590;2590;2590;100
2015-04-20;20/04/2015;2590;2590;2590;2590;276
2015-04-21;21/04/2015;2587.5;2587.5;2587.5;2587.5;100
2015-04-24;24/04/2015;2531.5;2531.5;2531.5;2531.5;3010
2015-04-28;28/04/2015;2550;2550;2550;2550;8
2015-04-29;29/04/2015;2500;2500;2500;2500;10
2015-05-04;04/05/2015;2312.5;2312.5;2312.5;2312.5;18
2015-05-05;05/05/2015;2139;2139;2139;2139;14
2015-05-07;07/05/2015;2000;2000;2000;2000;20
2015-05-08;08/05/2015;2150;2150;2150;2150;2
2015-05-11;11/05/2015;2300;2300;2300;2300;16
2015-05-12;12/05/2015;2300;2300;2300;2300;122
2015-05-13;13/05/2015;2300;2300;2300;2300;90
2015-05-14;14/05/2015;2300;2300;2300;2300;1800
2015-05-15;15/05/2015;2312.5;2312.5;2312.5;2312.5;2
2015-05-18;18/05/2015;2314;2314;2314;2314;36
2015-05-19;19/05/2015;2325;2325;2325;2325;150
2015-05-20;20/05/2015;2317.5;2317.5;2317.5;2317.5;40
2015-05-21;21/05/2015;2350;2350;2350;2350;110
2015-05-22;22/05/2015;2325;2325;2325;2325;8
2015-05-25;25/05/2015;2325;2325;2325;2325;160
2015-05-26;26/05/2015;2350;2350;2350;2350;4896
2015-05-28;28/05/2015;2375;2375;2375;2375;70
2015-05-29;29/05/2015;2363;2363;2363;2363;4
2015-06-01;01/06/2015;2412.5;2412.5;2412.5;2412.5;702
2015-06-02;02/06/2015;2400;2400;2400;2400;50
2015-06-03;03/06/2015;2400;2400;2400;2400;102
2015-06-04;04/06/2015;2400;2400;2400;2400;100
2015-06-05;05/06/2015;2400;2400;2400;2400;50
2015-06-08;08/06/2015;2400;2400;2400;2400;1004
2015-06-09;09/06/2015;2375;2375;2375;2375;6
2015-06-10;10/06/2015;2412.5;2412.5;2412.5;2412.5;140
2015-06-11;11/06/2015;2400;2400;2400;2400;224
2015-06-12;12/06/2015;2400;2400;2400;2400;280
2015-06-16;16/06/2015;2450;2450;2450;2450;2
2015-06-17;17/06/2015;2425;2425;2425;2425;210
2015-06-18;18/06/2015;2452.5;2452.5;2452.5;2452.5;288
2015-06-19;19/06/2015;2425;2425;2425;2425;200
2015-06-22;22/06/2015;2400;2400;2400;2400;234
2015-06-23;23/06/2015;2400;2400;2400;2400;400
2015-06-24;24/06/2015;2425;2425;2425;2425;672
2015-06-25;25/06/2015;2425;2425;2425;2425;528
2015-06-26;26/06/2015;2400;2400;2400;2400;2000
2015-06-29;29/06/2015;2405;2405;2405;2405;8
2015-06-30;30/06/2015;2400.5;2400.5;2400.5;2400.5;4
2015-07-01;01/07/2015;2425;2425;2425;2425;8
2015-07-03;03/07/2015;2400;2400;2400;2400;4018
2015-07-07;07/07/2015;2400;2400;2400;2400;2856
2015-07-08;08/07/2015;2400;2400;2400;2400;104
2015-07-09;09/07/2015;2407.5;2407.5;2407.5;2407.5;20
2015-07-10;10/07/2015;2450;2450;2450;2450;64
2015-07-13;13/07/2015;2400.5;2400.5;2400.5;2400.5;148
2015-07-14;14/07/2015;2400.25;2400.25;2400.25;2400.25;2960
2015-07-15;15/07/2015;2400;2400;2400;2400;2564
2015-07-16;16/07/2015;2400;2400;2400;2400;28
2015-07-17;17/07/2015;2400;2400;2400;2400;560
2015-07-20;20/07/2015;2404;2404;2404;2404;30
2015-07-22;22/07/2015;2425;2425;2425;2425;1792
2015-07-23;23/07/2015;2400;2400;2400;2400;720
2015-07-24;24/07/2015;2425;2425;2425;2425;10
2015-07-27;27/07/2015;2425;2425;2425;2425;782
2015-07-28;28/07/2015;2425;2425;2425;2425;12
2015-07-29;29/07/2015;2425;2425;2425;2425;1382
2015-07-30;30/07/2015;2425;2425;2425;2425;1408
2015-07-31;31/07/2015;2425;2425;2425;2425;256
2015-08-03;03/08/2015;2425;2425;2425;2425;72
2015-08-04;04/08/2015;2425;2425;2425;2425;410
2015-08-05;05/08/2015;2440;2440;2440;2440;4
2015-08-06;06/08/2015;2440;2440;2440;2440;88
2015-08-07;07/08/2015;2440;2440;2440;2440;1760
2015-08-10;10/08/2015;2440;2440;2440;2440;44
2015-08-11;11/08/2015;2562.5;2562.5;2562.5;2562.5;200
2015-08-12;12/08/2015;2550;2550;2550;2550;460
2015-08-13;13/08/2015;2550;2550;2550;2550;40
2015-08-14;14/08/2015;2562.5;2562.5;2562.5;2562.5;106
2015-08-17;17/08/2015;2500;2500;2500;2500;52
2015-08-18;18/08/2015;2500;2500;2500;2500;2
2015-08-19;19/08/2015;2562.5;2562.5;2562.5;2562.5;4010
2015-08-20;20/08/2015;2562.5;2562.5;2562.5;2562.5;26
2015-08-21;21/08/2015;2562.5;2562.5;2562.5;2562.5;50
2015-08-24;24/08/2015;2562.5;2562.5;2562.5;2562.5;64
2015-08-25;25/08/2015;2562.5;2562.5;2562.5;2562.5;66
2015-08-26;26/08/2015;2567.5;2567.5;2567.5;2567.5;2
2015-08-27;27/08/2015;2587.5;2587.5;2587.5;2587.5;34
2015-08-28;28/08/2015;2587.5;2587.5;2587.5;2587.5;4000
2015-08-31;31/08/2015;2590;2590;2590;2590;34
2015-09-01;01/09/2015;2750;2750;2750;2750;18
2015-09-02;02/09/2015;2750;2750;2750;2750;190
2015-09-03;03/09/2015;2650.5;2650.5;2650.5;2650.5;24
2015-09-04;04/09/2015;2662.5;2662.5;2662.5;2662.5;106
2015-09-07;07/09/2015;2675;2675;2675;2675;20
2015-09-08;08/09/2015;2664;2664;2664;2664;140
2015-09-09;09/09/2015;2675;2675;2675;2675;2970
2015-09-10;10/09/2015;2675;2675;2675;2675;38
2015-09-11;11/09/2015;2700;2700;2700;2700;72
2015-09-14;14/09/2015;2875;2875;2875;2875;10138
2015-09-15;15/09/2015;2875;2875;2875;2875;8012
2015-09-16;16/09/2015;2875;2875;2875;2875;170
2015-09-17;17/09/2015;2677.5;2677.5;2677.5;2677.5;266
2015-09-18;18/09/2015;2675;2675;2675;2675;96
2015-09-21;21/09/2015;2625;2625;2625;2625;10
2015-09-22;22/09/2015;2612.5;2612.5;2612.5;2612.5;214
2015-09-23;23/09/2015;2650;2650;2650;2650;8
2015-09-24;24/09/2015;2650;2650;2650;2650;160
2015-09-28;28/09/2015;2849;2849;2849;2849;132
2015-09-30;30/09/2015;2775;2775;2775;2775;8
2015-10-01;01/10/2015;2937.5;2937.5;2937.5;2937.5;16
2015-10-02;02/10/2015;2816.5;2816.5;2816.5;2816.5;424
2015-10-05;05/10/2015;2983;2983;2983;2983;210
2015-10-06;06/10/2015;3000;3000;3000;3000;38
2015-10-07;07/10/2015;3000;3000;3000;3000;2474
2015-10-08;08/10/2015;2975;2975;2975;2975;3694
2015-10-09;09/10/2015;3000;3000;3000;3000;1232
2015-10-12;12/10/2015;2975;2975;2975;2975;3264
2015-10-13;13/10/2015;2975;2975;2975;2975;1016
2015-10-14;14/10/2015;2975;2975;2975;2975;2
2015-10-15;15/10/2015;3000;3000;3000;3000;1798
2015-10-16;16/10/2015;2975;2975;2975;2975;48
2015-10-19;19/10/2015;2975;2975;2975;2975;218
2015-10-20;20/10/2015;2975;2975;2975;2975;84
2015-10-21;21/10/2015;2975;2975;2975;2975;20
2015-10-22;22/10/2015;2975;2975;2975;2975;146
2015-10-26;26/10/2015;2975;2975;2975;2975;116
2015-10-27;27/10/2015;2975;2975;2975;2975;100
2015-10-29;29/10/2015;2975;2975;2975;2975;130
2015-10-30;30/10/2015;2950;2950;2950;2950;628
2015-11-02;02/11/2015;2950;2950;2950;2950;12
2015-11-03;03/11/2015;2972.5;2972.5;2972.5;2972.5;6
2015-11-04;04/11/2015;2952.5;2952.5;2952.5;2952.5;3012
2015-11-05;05/11/2015;2950;2950;2950;2950;44
2015-11-06;06/11/2015;2850;2850;2850;2850;62
2015-11-09;09/11/2015;2875;2875;2875;2875;332
2015-11-10;10/11/2015;2875;2875;2875;2875;14
2015-11-11;11/11/2015;2952.5;2952.5;2952.5;2952.5;32
2015-11-13;13/11/2015;2900;2900;2900;2900;62
2015-11-16;16/11/2015;2875;2875;2875;2875;214
2015-11-17;17/11/2015;2900;2900;2900;2900;86
2015-11-18;18/11/2015;2900;2900;2900;2900;10
2015-11-19;19/11/2015;2900;2900;2900;2900;10
2015-11-20;20/11/2015;2900;2900;2900;2900;22
2015-11-23;23/11/2015;2900;2900;2900;2900;104
2015-11-24;24/11/2015;2900;2900;2900;2900;14
2015-11-25;25/11/2015;2900;2900;2900;2900;62
2015-11-26;26/11/2015;2900;2900;2900;2900;424
2015-11-27;27/11/2015;2900;2900;2900;2900;8
2015-12-01;01/12/2015;2877.5;2877.5;2877.5;2877.5;2
2015-12-02;02/12/2015;2900;2900;2900;2900;162
2015-12-03;03/12/2015;2880.5;2880.5;2880.5;2880.5;26
2015-12-04;04/12/2015;2880.5;2880.5;2880.5;2880.5;2
2015-12-07;07/12/2015;2880;2880;2880;2880;12
2015-12-08;08/12/2015;2900;2900;2900;2900;106
2015-12-09;09/12/2015;2900;2900;2900;2900;104
2015-12-10;10/12/2015;2880;2880;2880;2880;20
2015-12-11;11/12/2015;2900;2900;2900;2900;502
2015-12-14;14/12/2015;2887.5;2887.5;2887.5;2887.5;50
2015-12-15;15/12/2015;2900;2900;2900;2900;264
2015-12-17;17/12/2015;2887.5;2887.5;2887.5;2887.5;800
2015-12-18;18/12/2015;2887.5;2887.5;2887.5;2887.5;10
2015-12-22;22/12/2015;2887.5;2887.5;2887.5;2887.5;60
2015-12-23;23/12/2015;2877.5;2877.5;2877.5;2877.5;2404
2015-12-24;24/12/2015;2877.5;2877.5;2877.5;2877.5;80
2015-12-25;25/12/2015;2877.5;2877.5;2877.5;2877.5;80
2015-12-28;28/12/2015;2875;2875;2875;2875;13052
2015-12-29;29/12/2015;3000;3000;3000;3000;382
2015-12-30;30/12/2015;2950;2950;2950;2950;42
2015-12-31;31/12/2015;3000;3000;3000;3000;3014
2016-01-05;05/01/2016;2950;2950;2950;2950;414
2016-01-06;06/01/2016;3000;3000;3000;3000;372
2016-01-07;07/01/2016;2950;2950;2950;2950;114
2016-01-08;08/01/2016;2950.5;2950.5;2950.5;2950.5;40
2016-01-11;11/01/2016;2950;2950;2950;2950;20
2016-01-12;12/01/2016;2967.5;2967.5;2967.5;2967.5;572
2016-01-13;13/01/2016;2970;2970;2970;2970;108
2016-01-14;14/01/2016;2975;2975;2975;2975;328
2016-01-15;15/01/2016;3000;3000;3000;3000;16
2016-01-18;18/01/2016;3000;3000;3000;3000;36
2016-01-19;19/01/2016;2975;2975;2975;2975;86
2016-01-20;20/01/2016;2975;2975;2975;2975;48
2016-01-21;21/01/2016;2975;2975;2975;2975;114
2016-01-22;22/01/2016;2982.5;2982.5;2982.5;2982.5;40
2016-01-25;25/01/2016;2951.5;2951.5;2951.5;2951.5;56
2016-01-26;26/01/2016;2975;2975;2975;2975;60
2016-01-27;27/01/2016;2975;2975;2975;2975;656
2016-01-28;28/01/2016;3000;3000;3000;3000;76
2016-01-29;29/01/2016;2975;2975;2975;2975;20
2016-02-01;01/02/2016;3000;3000;3000;3000;646
2016-02-02;02/02/2016;3000;3000;3000;3000;224
2016-02-03;03/02/2016;3000;3000;3000;3000;96
2016-02-04;04/02/2016;3000;3000;3000;3000;224
2016-02-05;05/02/2016;3000;3000;3000;3000;218
2016-02-08;08/02/2016;2975;2975;2975;2975;34
2016-02-09;09/02/2016;2975;2975;2975;2975;26
2016-02-10;10/02/2016;2975;2975;2975;2975;8
2016-02-11;11/02/2016;3000;3000;3000;3000;20
2016-02-12;12/02/2016;2977.5;2977.5;2977.5;2977.5;944
2016-02-15;15/02/2016;3000;3000;3000;3000;1824
2016-02-16;16/02/2016;3171.5;3171.5;3171.5;3171.5;168
2016-02-17;17/02/2016;3050;3050;3050;3050;960
2016-02-18;18/02/2016;3171.5;3171.5;3171.5;3171.5;70
2016-02-19;19/02/2016;3175;3175;3175;3175;86
2016-02-22;22/02/2016;3175;3175;3175;3175;1026
2016-02-23;23/02/2016;3175;3175;3175;3175;1850
2016-02-24;24/02/2016;3175;3175;3175;3175;34
2016-02-25;25/02/2016;3125;3125;3125;3125;446
2016-02-26;26/02/2016;3175;3175;3175;3175;92
2016-02-29;29/02/2016;3200;3200;3200;3200;126
2016-03-01;01/03/2016;3175;3175;3175;3175;2128
2016-03-02;02/03/2016;3180;3180;3180;3180;14
2016-03-03;03/03/2016;3375;3375;3375;3375;2748
2016-03-07;07/03/2016;3628;3628;3628;3628;5082
2016-03-08;08/03/2016;3650;3650;3650;3650;2572
2016-03-09;09/03/2016;3650;3650;3650;3650;150
2016-03-10;10/03/2016;3625;3625;3625;3625;1308
2016-03-11;11/03/2016;3625;3625;3625;3625;2146
2016-03-14;14/03/2016;3627.5;3627.5;3627.5;3627.5;766
2016-03-15;15/03/2016;3625;3625;3625;3625;82
2016-03-16;16/03/2016;3500;3500;3500;3500;7228
2016-03-17;17/03/2016;3600;3600;3600;3600;638
2016-03-18;18/03/2016;3625;3625;3625;3625;26
2016-03-21;21/03/2016;3625;3625;3625;3625;2132
2016-03-22;22/03/2016;3617.5;3617.5;3617.5;3617.5;210
2016-03-23;23/03/2016;3625;3625;3625;3625;80
2016-03-24;24/03/2016;3625;3625;3625;3625;42
2016-03-25;25/03/2016;3725;3725;3725;3725;26
2016-03-28;28/03/2016;3725;3725;3725;3725;520
2016-03-31;31/03/2016;3725;3725;3725;3725;12
2016-04-01;01/04/2016;3577.5;3577.5;3577.5;3577.5;4406
2016-04-04;04/04/2016;3625;3625;3625;3625;630
2016-04-05;05/04/2016;3625.5;3625.5;3625.5;3625.5;50
2016-04-07;07/04/2016;3875;3875;3875;3875;3814
2016-04-08;08/04/2016;3872.5;3872.5;3872.5;3872.5;72
2016-04-11;11/04/2016;3662.5;3662.5;3662.5;3662.5;62
2016-04-12;12/04/2016;3655;3655;3655;3655;6
2016-04-13;13/04/2016;3625;3625;3625;3625;144
2016-04-14;14/04/2016;3575;3575;3575;3575;322
2016-04-15;15/04/2016;3525;3525;3525;3525;144
2016-04-18;18/04/2016;3525;3525;3525;3525;4
2016-04-19;19/04/2016;3499;3499;3499;3499;28
2016-04-20;20/04/2016;3425;3425;3425;3425;952
2016-04-21;21/04/2016;3425;3425;3425;3425;26
2016-04-22;22/04/2016;3375;3375;3375;3375;72
2016-04-25;25/04/2016;3375;3375;3375;3375;10
2016-04-26;26/04/2016;3275;3275;3275;3275;548
2016-04-27;27/04/2016;3260.5;3260.5;3260.5;3260.5;278
2016-04-28;28/04/2016;3275;3275;3275;3275;16
2016-04-29;29/04/2016;3300;3300;3300;3300;244
2016-05-02;02/05/2016;3300;3300;3300;3300;4880
2016-05-03;03/05/2016;3262.5;3262.5;3262.5;3262.5;652
2016-05-04;04/05/2016;3350;3350;3350;3350;8
2016-05-05;05/05/2016;3350;3350;3350;3350;160
2016-05-06;06/05/2016;3500;3500;3500;3500;3062
2016-05-09;09/05/2016;3525;3525;3525;3525;8
2016-05-10;10/05/2016;3525;3525;3525;3525;34
2016-05-11;11/05/2016;3500;3500;3500;3500;2070
2016-05-12;12/05/2016;3375;3375;3375;3375;358
2016-05-13;13/05/2016;3375.5;3375.5;3375.5;3375.5;152
2016-05-16;16/05/2016;3375.25;3375.25;3375.25;3375.25;3040
2016-05-17;17/05/2016;3400;3400;3400;3400;792
2016-05-18;18/05/2016;3400;3400;3400;3400;2192
2016-05-19;19/05/2016;3625;3625;3625;3625;3490
2016-05-20;20/05/2016;3375;3375;3375;3375;664
2016-05-23;23/05/2016;3387.5;3387.5;3387.5;3387.5;350
2016-05-24;24/05/2016;3400;3400;3400;3400;664
2016-05-25;25/05/2016;3400;3400;3400;3400;110
2016-05-26;26/05/2016;3400;3400;3400;3400;244
2016-05-27;27/05/2016;3400;3400;3400;3400;86
2016-05-30;30/05/2016;3400;3400;3400;3400;28
2016-05-31;31/05/2016;3387.5;3387.5;3387.5;3387.5;22
2016-06-01;01/06/2016;3400;3400;3400;3400;150
2016-06-02;02/06/2016;3400;3400;3400;3400;3100
2016-06-03;03/06/2016;3400;3400;3400;3400;58
2016-06-06;06/06/2016;3450;3450;3450;3450;94
2016-06-08;08/06/2016;3425;3425;3425;3425;30
2016-06-09;09/06/2016;3427.5;3427.5;3427.5;3427.5;30
2016-06-10;10/06/2016;3431.5;3431.5;3431.5;3431.5;28
2016-06-13;13/06/2016;3625;3625;3625;3625;168
2016-06-14;14/06/2016;3625;3625;3625;3625;250
2016-06-15;15/06/2016;3625.5;3625.5;3625.5;3625.5;14
2016-06-16;16/06/2016;3650;3650;3650;3650;10
2016-06-17;17/06/2016;3750;3750;3750;3750;22
2016-06-20;20/06/2016;3469;3469;3469;3469;6950
2016-06-21;21/06/2016;3375;3375;3375;3375;5066
2016-06-22;22/06/2016;3400;3400;3400;3400;108
2016-06-23;23/06/2016;3500;3500;3500;3500;46
2016-06-24;24/06/2016;3500;3500;3500;3500;318
2016-06-27;27/06/2016;3762.5;3762.5;3762.5;3762.5;214
2016-06-28;28/06/2016;3625;3625;3625;3625;6
2016-06-29;29/06/2016;3552.5;3552.5;3552.5;3552.5;16
2016-06-30;30/06/2016;3500;3500;3500;3500;238
2016-07-01;01/07/2016;3505;3505;3505;3505;48
2016-07-04;04/07/2016;3500;3500;3500;3500;128
2016-07-05;05/07/2016;3450.5;3450.5;3450.5;3450.5;138
2016-07-06;06/07/2016;3450.25;3450.25;3450.25;3450.25;2760
2016-07-07;07/07/2016;3462.5;3462.5;3462.5;3462.5;176
2016-07-08;08/07/2016;3475;3475;3475;3475;106
2016-07-11;11/07/2016;3400;3400;3400;3400;198
2016-07-12;12/07/2016;3375;3375;3375;3375;292
2016-07-13;13/07/2016;3375;3375;3375;3375;12
2016-07-14;14/07/2016;3375;3375;3375;3375;170
2016-07-15;15/07/2016;3400;3400;3400;3400;40
2016-07-18;18/07/2016;3425;3425;3425;3425;2
2016-07-19;19/07/2016;3400;3400;3400;3400;80
2016-07-20;20/07/2016;3400;3400;3400;3400;94
2016-07-21;21/07/2016;3425;3425;3425;3425;216
2016-07-22;22/07/2016;3425;3425;3425;3425;64
2016-07-25;25/07/2016;3425;3425;3425;3425;56
2016-07-26;26/07/2016;3500;3500;3500;3500;32
2016-07-27;27/07/2016;3427.5;3427.5;3427.5;3427.5;96
2016-07-28;28/07/2016;3425;3425;3425;3425;2
2016-07-29;29/07/2016;3450;3450;3450;3450;48
2016-08-01;01/08/2016;3425.5;3425.5;3425.5;3425.5;12
2016-08-02;02/08/2016;3450;3450;3450;3450;38
2016-08-03;03/08/2016;3450;3450;3450;3450;14
2016-08-04;04/08/2016;3450;3450;3450;3450;14
2016-08-05;05/08/2016;3500;3500;3500;3500;220
2016-08-08;08/08/2016;3500;3500;3500;3500;4400
2016-08-09;09/08/2016;3500.5;3500.5;3500.5;3500.5;348
2016-08-10;10/08/2016;3500;3500;3500;3500;112
2016-08-11;11/08/2016;3500;3500;3500;3500;54
2016-08-12;12/08/2016;3500.5;3500.5;3500.5;3500.5;70
2016-08-15;15/08/2016;3500.375;3500.375;3500.375;3500.375;1400
2016-08-16;16/08/2016;3500.5;3500.5;3500.5;3500.5;2
2016-08-18;18/08/2016;3525;3525;3525;3525;8
2016-08-19;19/08/2016;3525;3525;3525;3525;16
2016-08-23;23/08/2016;3527.5;3527.5;3527.5;3527.5;28
2016-08-24;24/08/2016;3525;3525;3525;3525;600
2016-08-25;25/08/2016;3526;3526;3526;3526;18
2016-08-26;26/08/2016;3528;3528;3528;3528;170
2016-08-29;29/08/2016;3557.5;3557.5;3557.5;3557.5;92
2016-08-30;30/08/2016;3557.5;3557.5;3557.5;3557.5;140
2016-08-31;31/08/2016;3557.5;3557.5;3557.5;3557.5;58
2016-09-01;01/09/2016;3500;3500;3500;3500;2892
2016-09-02;02/09/2016;3512.5;3512.5;3512.5;3512.5;16
2016-09-05;05/09/2016;3750;3750;3750;3750;40
2016-09-06;06/09/2016;3750;3750;3750;3750;80
2016-09-07;07/09/2016;3587.5;3587.5;3587.5;3587.5;20
2016-09-08;08/09/2016;3575;3575;3575;3575;16
2016-09-09;09/09/2016;3575;3575;3575;3575;10
2016-09-12;12/09/2016;3575;3575;3575;3575;200
2016-09-13;13/09/2016;3537.5;3537.5;3537.5;3537.5;200
2016-09-14;14/09/2016;3550;3550;3550;3550;44
2016-09-15;15/09/2016;3575;3575;3575;3575;58
2016-09-16;16/09/2016;3575;3575;3575;3575;34
2016-09-19;19/09/2016;3600;3600;3600;3600;60
2016-09-21;21/09/2016;3537.5;3537.5;3537.5;3537.5;142
2016-09-22;22/09/2016;3525;3525;3525;3525;140
2016-09-23;23/09/2016;3500;3500;3500;3500;84
2016-09-26;26/09/2016;3500;3500;3500;3500;234
2016-09-27;27/09/2016;3550;3550;3550;3550;94
2016-09-28;28/09/2016;3500;3500;3500;3500;204
2016-09-29;29/09/2016;3500;3500;3500;3500;52
2016-09-30;30/09/2016;3450;3450;3450;3450;42
2016-10-03;03/10/2016;3450;3450;3450;3450;16
2016-10-04;04/10/2016;3450;3450;3450;3450;126
2016-10-05;05/10/2016;3450;3450;3450;3450;90
2016-10-06;06/10/2016;3450;3450;3450;3450;30
2016-10-07;07/10/2016;3450;3450;3450;3450;14
2016-10-10;10/10/2016;3500;3500;3500;3500;122
2016-10-11;11/10/2016;3450.5;3450.5;3450.5;3450.5;240
2016-10-12;12/10/2016;3450.5;3450.5;3450.5;3450.5;18
2016-10-13;13/10/2016;3451;3451;3451;3451;122
2016-10-14;14/10/2016;3450;3450;3450;3450;740
2016-10-17;17/10/2016;3450;3450;3450;3450;738
2016-10-18;18/10/2016;3450;3450;3450;3450;14
2016-10-19;19/10/2016;3450;3450;3450;3450;136
2016-10-20;20/10/2016;3450;3450;3450;3450;2214
2016-10-25;25/10/2016;3250;3250;3250;3250;20
2016-10-26;26/10/2016;3450;3450;3450;3450;164
2016-10-27;27/10/2016;3450;3450;3450;3450;8
2016-11-04;04/11/2016;3450;3450;3450;3450;404
2016-11-07;07/11/2016;3400;3400;3400;3400;40
2016-11-08;08/11/2016;3450;3450;3450;3450;44448
2016-11-09;09/11/2016;3450;3450;3450;3450;4
2016-11-10;10/11/2016;3450;3450;3450;3450;24
2016-11-11;11/11/2016;3450;3450;3450;3450;4
2016-11-16;16/11/2016;3450;3450;3450;3450;136
2016-11-17;17/11/2016;3400;3400;3400;3400;142
2016-11-18;18/11/2016;3450;3450;3450;3450;8
2016-11-21;21/11/2016;3376;3376;3376;3376;30
2016-11-22;22/11/2016;3312.5;3312.5;3312.5;3312.5;398
2016-11-23;23/11/2016;3350;3350;3350;3350;62
2016-11-24;24/11/2016;3375;3375;3375;3375;448
2016-11-25;25/11/2016;3400;3400;3400;3400;270
2016-11-28;28/11/2016;3375;3375;3375;3375;240
2016-11-29;29/11/2016;3375;3375;3375;3375;48
2016-11-30;30/11/2016;3375;3375;3375;3375;310
2016-12-01;01/12/2016;3475;3475;3475;3475;41612
2016-12-02;02/12/2016;3462.5;3462.5;3462.5;3462.5;62
2016-12-05;05/12/2016;3375;3375;3375;3375;8
2016-12-06;06/12/2016;3414;3414;3414;3414;72
2016-12-07;07/12/2016;3375.5;3375.5;3375.5;3375.5;956
2016-12-08;08/12/2016;3450;3450;3450;3450;2
2016-12-09;09/12/2016;3450;3450;3450;3450;50
2016-12-12;12/12/2016;3450;3450;3450;3450;1000
2016-12-13;13/12/2016;3400.5;3400.5;3400.5;3400.5;48
2016-12-14;14/12/2016;3462.5;3462.5;3462.5;3462.5;50
2016-12-15;15/12/2016;3425;3425;3425;3425;76
2016-12-16;16/12/2016;3625;3625;3625;3625;1018
2016-12-19;19/12/2016;3525;3525;3525;3525;344
2016-12-20;20/12/2016;3450;3450;3450;3450;40
2016-12-21;21/12/2016;3500;3500;3500;3500;4676
2016-12-22;22/12/2016;3500;3500;3500;3500;102
2016-12-23;23/12/2016;3525;3525;3525;3525;2526
2016-12-26;26/12/2016;3525;3525;3525;3525;50520
2016-12-27;27/12/2016;3500;3500;3500;3500;306
2016-12-28;28/12/2016;3499;3499;3499;3499;12
2016-12-29;29/12/2016;3475;3475;3475;3475;20
2016-12-30;30/12/2016;3487.5;3487.5;3487.5;3487.5;686
2017-01-02;02/01/2017;3500;3500;3500;3500;1554
2017-01-03;03/01/2017;3475;3475;3475;3475;8
2017-01-04;04/01/2017;3500;3500;3500;3500;36
2017-01-05;05/01/2017;3500;3500;3500;3500;50
2017-01-06;06/01/2017;3550.5;3550.5;3550.5;3550.5;90
2017-01-09;09/01/2017;3550;3550;3550;3550;96
2017-01-10;10/01/2017;3550;3550;3550;3550;12
2017-01-11;11/01/2017;3550;3550;3550;3550;8
2017-01-12;12/01/2017;3550;3550;3550;3550;4
2017-01-13;13/01/2017;3550.5;3550.5;3550.5;3550.5;8
2017-01-16;16/01/2017;3575;3575;3575;3575;114
2017-01-17;17/01/2017;3550;3550;3550;3550;312
2017-01-18;18/01/2017;3575;3575;3575;3575;88
2017-01-19;19/01/2017;3625;3625;3625;3625;124
2017-01-20;20/01/2017;3625;3625;3625;3625;22
2017-01-23;23/01/2017;3550;3550;3550;3550;86
2017-01-24;24/01/2017;3550;3550;3550;3550;30
2017-01-25;25/01/2017;3500;3500;3500;3500;24
2017-01-26;26/01/2017;3500;3500;3500;3500;402
2017-01-27;27/01/2017;3622;3622;3622;3622;208
2017-01-30;30/01/2017;3500.5;3500.5;3500.5;3500.5;24
2017-01-31;31/01/2017;3575;3575;3575;3575;38
2017-02-01;01/02/2017;3587.5;3587.5;3587.5;3587.5;58
2017-02-02;02/02/2017;3600;3600;3600;3600;168
2017-02-03;03/02/2017;3600;3600;3600;3600;16
2017-02-06;06/02/2017;3625;3625;3625;3625;60
2017-02-07;07/02/2017;3625;3625;3625;3625;98
2017-02-08;08/02/2017;3625;3625;3625;3625;72
2017-02-09;09/02/2017;3750;3750;3750;3750;2028
2017-02-10;10/02/2017;3725;3725;3725;3725;148
2017-02-13;13/02/2017;3725;3725;3725;3725;1132
2017-02-14;14/02/2017;3725;3725;3725;3725;632
2017-02-15;15/02/2017;3750.5;3750.5;3750.5;3750.5;2440
2017-02-16;16/02/2017;4000;4000;4000;4000;314
2017-02-17;17/02/2017;4000;4000;4000;4000;384
2017-02-20;20/02/2017;3775;3775;3775;3775;12
2017-02-21;21/02/2017;3875;3875;3875;3875;14
2017-02-22;22/02/2017;3887.5;3887.5;3887.5;3887.5;42
2017-02-23;23/02/2017;4087.5;4087.5;4087.5;4087.5;68
2017-02-24;24/02/2017;4394;4394;4394;4394;350
2017-02-27;27/02/2017;4723.5;4723.5;4723.5;4723.5;166
2017-02-28;28/02/2017;4700;4700;4700;4700;4624
2017-03-01;01/03/2017;4575;4575;4575;4575;136
2017-03-02;02/03/2017;4250;4250;4250;4250;230
2017-03-03;03/03/2017;4562.5;4562.5;4562.5;4562.5;3730
2017-03-06;06/03/2017;4475;4475;4475;4475;62
2017-03-07;07/03/2017;4250;4250;4250;4250;42
2017-03-08;08/03/2017;4250;4250;4250;4250;50
2017-03-09;09/03/2017;4000;4000;4000;4000;56
2017-03-10;10/03/2017;4000;4000;4000;4000;184
2017-03-13;13/03/2017;4000;4000;4000;4000;72
2017-03-14;14/03/2017;4299.5;4299.5;4299.5;4299.5;1960
2017-03-15;15/03/2017;4622;4622;4622;4622;2536
2017-03-16;16/03/2017;4968.5;4968.5;4968.5;4968.5;944
2017-03-17;17/03/2017;4968.5;4968.5;4968.5;4968.5;764
2017-03-20;20/03/2017;4969;4969;4969;4969;728
2017-03-21;21/03/2017;4969;4969;4969;4969;514
2017-03-22;22/03/2017;5000;5000;5000;5000;262
2017-03-23;23/03/2017;4968.5;4968.5;4968.5;4968.5;282
2017-03-24;24/03/2017;4972.5;4972.5;4972.5;4972.5;336
2017-03-27;27/03/2017;4925;4925;4925;4925;282
2017-03-28;28/03/2017;4850;4850;4850;4850;282
2017-03-29;29/03/2017;5000;5000;5000;5000;76
2017-03-30;30/03/2017;5000;5000;5000;5000;224
2017-03-31;31/03/2017;5125;5125;5125;5125;508
2017-04-03;03/04/2017;5125;5125;5125;5125;334
2017-04-04;04/04/2017;5125.5;5125.5;5125.5;5125.5;56
2017-04-05;05/04/2017;5127.5;5127.5;5127.5;5127.5;92
2017-04-06;06/04/2017;5250;5250;5250;5250;100
2017-04-07;07/04/2017;5125;5125;5125;5125;848
2017-04-10;10/04/2017;5000;5000;5000;5000;376
2017-04-11;11/04/2017;5125;5125;5125;5125;156
2017-04-12;12/04/2017;5125;5125;5125;5125;108
2017-04-13;13/04/2017;5125;5125;5125;5125;90
2017-04-14;14/04/2017;5125;5125;5125;5125;140
2017-04-18;18/04/2017;5040;5040;5040;5040;104
2017-04-19;19/04/2017;5000;5000;5000;5000;404
2017-04-20;20/04/2017;5100;5100;5100;5100;302
2017-04-21;21/04/2017;5125;5125;5125;5125;174
2017-04-24;24/04/2017;5125;5125;5125;5125;230
2017-04-25;25/04/2017;5125;5125;5125;5125;82
2017-04-26;26/04/2017;5125;5125;5125;5125;478
2017-04-27;27/04/2017;5100;5100;5100;5100;148
2017-04-28;28/04/2017;5100;5100;5100;5100;28
2017-05-01;01/05/2017;5099.875;5099.875;5099.875;5099.875;560
2017-05-02;02/05/2017;5000;5000;5000;5000;30
2017-05-03;03/05/2017;5000;5000;5000;5000;878
2017-05-04;04/05/2017;4994;4994;4994;4994;62
2017-05-05;05/05/2017;5000;5000;5000;5000;120
2017-05-08;08/05/2017;5000;5000;5000;5000;178
2017-05-09;09/05/2017;5000;5000;5000;5000;186
2017-05-10;10/05/2017;5000;5000;5000;5000;38
2017-05-11;11/05/2017;4997.5;4997.5;4997.5;4997.5;216
2017-05-12;12/05/2017;5000;5000;5000;5000;176
2017-05-15;15/05/2017;5000;5000;5000;5000;338
2017-05-16;16/05/2017;5000;5000;5000;5000;366
2017-05-17;17/05/2017;5000;5000;5000;5000;202
2017-05-18;18/05/2017;5000;5000;5000;5000;388
2017-05-19;19/05/2017;5000;5000;5000;5000;334
2017-05-22;22/05/2017;5000;5000;5000;5000;194
2017-05-23;23/05/2017;4950;4950;4950;4950;218
2017-05-24;24/05/2017;5000;5000;5000;5000;104
2017-05-25;25/05/2017;5000;5000;5000;5000;2080
2017-05-26;26/05/2017;5000;5000;5000;5000;234
2017-05-29;29/05/2017;5000;5000;5000;5000;282
2017-05-30;30/05/2017;5000;5000;5000;5000;206
2017-05-31;31/05/2017;5000;5000;5000;5000;448
2017-06-01;01/06/2017;5000;5000;5000;5000;342
2017-06-02;02/06/2017;5000;5000;5000;5000;46
2017-06-05;05/06/2017;5000;5000;5000;5000;920
2017-06-06;06/06/2017;5000;5000;5000;5000;354
2017-06-07;07/06/2017;4975;4975;4975;4975;188
2017-06-08;08/06/2017;5000;5000;5000;5000;464
2017-06-09;09/06/2017;5375;5375;5375;5375;330
2017-06-12;12/06/2017;5750;5750;5750;5750;66
2017-06-13;13/06/2017;5525;5525;5525;5525;20
2017-06-14;14/06/2017;5525;5525;5525;5525;76
2017-06-15;15/06/2017;5500;5500;5500;5500;2
2017-06-16;16/06/2017;5525;5525;5525;5525;36
2017-06-19;19/06/2017;5253;5253;5253;5253;200
2017-06-20;20/06/2017;5200;5200;5200;5200;226
2017-06-21;21/06/2017;5000;5000;5000;5000;292
2017-06-22;22/06/2017;5000;5000;5000;5000;5840
2017-06-23;23/06/2017;4704.5;4704.5;4704.5;4704.5;94
2017-06-27;27/06/2017;5000;5000;5000;5000;36
2017-06-28;28/06/2017;4999;4999;4999;4999;6
2017-06-29;29/06/2017;4995;4995;4995;4995;66
2017-06-30;30/06/2017;4992.5;4992.5;4992.5;4992.5;46
2017-07-03;03/07/2017;4750.5;4750.5;4750.5;4750.5;2
2017-07-04;04/07/2017;4750;4750;4750;4750;122
2017-07-05;05/07/2017;4444;4444;4444;4444;58
2017-07-06;06/07/2017;4675;4675;4675;4675;62
2017-07-07;07/07/2017;4720;4720;4720;4720;32
2017-07-10;10/07/2017;4650;4650;4650;4650;20
2017-07-11;11/07/2017;4625;4625;4625;4625;96
2017-07-12;12/07/2017;4400;4400;4400;4400;354
2017-07-13;13/07/2017;4500;4500;4500;4500;40
2017-07-14;14/07/2017;4400;4400;4400;4400;36
2017-07-17;17/07/2017;4250;4250;4250;4250;138
2017-07-18;18/07/2017;4250;4250;4250;4250;126
2017-07-19;19/07/2017;4200;4200;4200;4200;26
2017-07-20;20/07/2017;3950;3950;3950;3950;20
2017-07-21;21/07/2017;4000;4000;4000;4000;274
2017-07-24;24/07/2017;4000;4000;4000;4000;1176
2017-07-25;25/07/2017;3900;3900;3900;3900;314
2017-07-26;26/07/2017;3900;3900;3900;3900;92
2017-07-27;27/07/2017;3900;3900;3900;3900;132
2017-07-28;28/07/2017;3989.5;3989.5;3989.5;3989.5;36
2017-07-31;31/07/2017;4250;4250;4250;4250;394
2017-08-01;01/08/2017;4200;4200;4200;4200;32
2017-08-02;02/08/2017;4000;4000;4000;4000;170
2017-08-03;03/08/2017;3900;3900;3900;3900;158
2017-08-04;04/08/2017;4000;4000;4000;4000;158
2017-08-07;07/08/2017;4000;4000;4000;4000;1580
2017-08-08;08/08/2017;3900;3900;3900;3900;50
2017-08-09;09/08/2017;3950;3950;3950;3950;114
2017-08-10;10/08/2017;3950;3950;3950;3950;192
2017-08-11;11/08/2017;3900;3900;3900;3900;44
2017-08-16;16/08/2017;3970;3970;3970;3970;126
2017-08-17;17/08/2017;3975;3975;3975;3975;154
2017-08-18;18/08/2017;3975;3975;3975;3975;100
2017-08-21;21/08/2017;3935;3935;3935;3935;40
2017-08-22;22/08/2017;3972.5;3972.5;3972.5;3972.5;10
2017-08-23;23/08/2017;3932.5;3932.5;3932.5;3932.5;10
2017-08-24;24/08/2017;3932.5;3932.5;3932.5;3932.5;136
2017-08-25;25/08/2017;3950;3950;3950;3950;38
2017-08-30;30/08/2017;3950;3950;3950;3950;990
2017-08-31;31/08/2017;3950;3950;3950;3950;306
2017-09-01;01/09/2017;3950;3950;3950;3950;3060
2017-09-04;04/09/2017;3950;3950;3950;3950;470
2017-09-05;05/09/2017;3925;3925;3925;3925;32
2017-09-06;06/09/2017;3925;3925;3925;3925;536
2017-09-07;07/09/2017;3920;3920;3920;3920;82
2017-09-08;08/09/2017;3900;3900;3900;3900;34
2017-09-11;11/09/2017;3900;3900;3900;3900;784
2017-09-12;12/09/2017;3847.5;3847.5;3847.5;3847.5;1078
2017-09-13;13/09/2017;3845;3845;3845;3845;120
2017-09-14;14/09/2017;3700.5;3700.5;3700.5;3700.5;2536
2017-09-15;15/09/2017;3800;3800;3800;3800;60
2017-09-18;18/09/2017;3800;3800;3800;3800;232
2017-09-19;19/09/2017;3800;3800;3800;3800;310
2017-09-20;20/09/2017;3700;3700;3700;3700;752
2017-09-21;21/09/2017;3800;3800;3800;3800;436
2017-09-22;22/09/2017;3900;3900;3900;3900;308
2017-09-25;25/09/2017;3900;3900;3900;3900;578
2017-09-26;26/09/2017;3925;3925;3925;3925;50
2017-09-28;28/09/2017;3925;3925;3925;3925;112
2017-09-29;29/09/2017;3950;3950;3950;3950;1290
2017-10-02;02/10/2017;3950;3950;3950;3950;818
2017-10-03;03/10/2017;3950;3950;3950;3950;816
2017-10-04;04/10/2017;3900;3900;3900;3900;146
2017-10-05;05/10/2017;3900;3900;3900;3900;172
2017-10-09;09/10/2017;3865;3865;3865;3865;12
2017-10-10;10/10/2017;3865;3865;3865;3865;20
2017-10-11;11/10/2017;3845;3845;3845;3845;56
2017-10-12;12/10/2017;3849.5;3849.5;3849.5;3849.5;586
2017-10-13;13/10/2017;3849.5;3849.5;3849.5;3849.5;36
2017-10-16;16/10/2017;3825;3825;3825;3825;498
2017-10-17;17/10/2017;3795;3795;3795;3795;82
2017-10-18;18/10/2017;3750;3750;3750;3750;54
2017-10-19;19/10/2017;3750;3750;3750;3750;32
2017-10-20;20/10/2017;3739.5;3739.5;3739.5;3739.5;80
2017-10-23;23/10/2017;3694.5;3694.5;3694.5;3694.5;18
2017-10-24;24/10/2017;3950;3950;3950;3950;38
2017-10-25;25/10/2017;3890;3890;3890;3890;502
2017-10-26;26/10/2017;3800;3800;3800;3800;6472
2017-10-27;27/10/2017;3797.5;3797.5;3797.5;3797.5;772
2017-10-30;30/10/2017;3515;3515;3515;3515;2228
2017-10-31;31/10/2017;3742.5;3742.5;3742.5;3742.5;404
2017-11-01;01/11/2017;3742.5;3742.5;3742.5;3742.5;404
2017-11-02;02/11/2017;3747.5;3747.5;3747.5;3747.5;1228
2017-11-03;03/11/2017;3600;3600;3600;3600;564
2017-11-06;06/11/2017;3550;3550;3550;3550;642
2017-11-07;07/11/2017;3497.5;3497.5;3497.5;3497.5;3974
2017-11-08;08/11/2017;3492.5;3492.5;3492.5;3492.5;1934
2017-11-09;09/11/2017;3325;3325;3325;3325;3020
2017-11-10;10/11/2017;3210;3210;3210;3210;60
2017-11-13;13/11/2017;3092.5;3092.5;3092.5;3092.5;874
2017-11-14;14/11/2017;3000;3000;3000;3000;2778
2017-11-15;15/11/2017;3000;3000;3000;3000;2778
2017-11-16;16/11/2017;3195;3195;3195;3195;674
2017-11-17;17/11/2017;3195;3195;3195;3195;2044
2017-11-20;20/11/2017;3375;3375;3375;3375;3766
2017-11-21;21/11/2017;3377.5;3377.5;3377.5;3377.5;2522
2017-11-22;22/11/2017;3550;3550;3550;3550;5044
2017-11-23;23/11/2017;3600;3600;3600;3600;2336
2017-11-24;24/11/2017;3750;3750;3750;3750;2100
2017-11-27;27/11/2017;3750;3750;3750;3750;178
2017-11-28;28/11/2017;3700;3700;3700;3700;1224
2017-11-29;29/11/2017;3900;3900;3900;3900;1908
2017-11-30;30/11/2017;3900;3900;3900;3900;174
2017-12-01;01/12/2017;3900;3900;3900;3900;174
2017-12-04;04/12/2017;3750;3750;3750;3750;5972
2017-12-05;05/12/2017;3750;3750;3750;3750;1406
2017-12-06;06/12/2017;3745;3745;3745;3745;1574
2017-12-07;07/12/2017;3602.5;3602.5;3602.5;3602.5;2036
2017-12-08;08/12/2017;3745;3745;3745;3745;2604
2017-12-11;11/12/2017;3745;3745;3745;3745;436
2017-12-12;12/12/2017;3745;3745;3745;3745;3154
2017-12-13;13/12/2017;3725;3725;3725;3725;1026
2017-12-14;14/12/2017;3697.5;3697.5;3697.5;3697.5;3346
2017-12-15;15/12/2017;3645;3645;3645;3645;430
2017-12-18;18/12/2017;3647.5;3647.5;3647.5;3647.5;898
2017-12-19;19/12/2017;3597.5;3597.5;3597.5;3597.5;2516
2017-12-20;20/12/2017;3500;3500;3500;3500;432
2017-12-21;21/12/2017;3600;3600;3600;3600;1058
2017-12-22;22/12/2017;3600;3600;3600;3600;540
2017-12-25;25/12/2017;3600;3600;3600;3600;540
2017-12-26;26/12/2017;3575;3575;3575;3575;1870
2017-12-27;27/12/2017;3575;3575;3575;3575;6008
2017-12-28;28/12/2017;3575;3575;3575;3575;4576
2017-12-29;29/12/2017;3575;3575;3575;3575;1740
2018-01-02;02/01/2018;3550;3550;3550;3550;1990
2018-01-03;03/01/2018;3570;3570;3570;3570;5678
2018-01-04;04/01/2018;3500;3500;3500;3500;1138
2018-01-05;05/01/2018;3502.5;3502.5;3502.5;3502.5;916
2018-01-08;08/01/2018;3500;3500;3500;3500;9060
2018-01-09;09/01/2018;3500;3500;3500;3500;1824
2018-01-10;10/01/2018;3550;3550;3550;3550;240
2018-01-11;11/01/2018;3550;3550;3550;3550;1354
2018-01-12;12/01/2018;3500;3500;3500;3500;1440
2018-01-15;15/01/2018;3500;3500;3500;3500;2672
2018-01-16;16/01/2018;3452.5;3452.5;3452.5;3452.5;516
2018-01-17;17/01/2018;3460;3460;3460;3460;1412
2018-01-18;18/01/2018;3450;3450;3450;3450;1226
2018-01-19;19/01/2018;3445;3445;3445;3445;764
2018-01-22;22/01/2018;3347.5;3347.5;3347.5;3347.5;1200
2018-01-23;23/01/2018;3250;3250;3250;3250;394
2018-01-24;24/01/2018;3322.5;3322.5;3322.5;3322.5;5392
2018-01-25;25/01/2018;3322.5;3322.5;3322.5;3322.5;1074
2018-01-26;26/01/2018;3300;3300;3300;3300;312
2018-01-29;29/01/2018;3250;3250;3250;3250;5354
2018-01-30;30/01/2018;3300;3300;3300;3300;8036
2018-01-31;31/01/2018;3250;3250;3250;3250;1544
2018-02-01;01/02/2018;3300;3300;3300;3300;23464
2018-02-02;02/02/2018;3300;3300;3300;3300;5708
2018-02-05;05/02/2018;3352.5;3352.5;3352.5;3352.5;2576
2018-02-06;06/02/2018;3355;3355;3355;3355;2810
2018-02-07;07/02/2018;3355;3355;3355;3355;486
2018-02-08;08/02/2018;3447.5;3447.5;3447.5;3447.5;4820
2018-02-09;09/02/2018;3500;3500;3500;3500;2792
2018-02-12;12/02/2018;3500;3500;3500;3500;64
2018-02-13;13/02/2018;3500;3500;3500;3500;2142
2018-02-14;14/02/2018;3500;3500;3500;3500;3076
2018-02-15;15/02/2018;3500;3500;3500;3500;1752
2018-02-16;16/02/2018;3500;3500;3500;3500;6808
2018-02-19;19/02/2018;3500;3500;3500;3500;7190
2018-02-20;20/02/2018;3497.5;3497.5;3497.5;3497.5;720
2018-02-21;21/02/2018;3500;3500;3500;3500;2196
2018-02-22;22/02/2018;3500;3500;3500;3500;3260
2018-02-23;23/02/2018;3550;3550;3550;3550;232
2018-02-26;26/02/2018;3550;3550;3550;3550;1268
2018-02-27;27/02/2018;3502.5;3502.5;3502.5;3502.5;5524
2018-02-28;28/02/2018;3545;3545;3545;3545;664
2018-03-01;01/03/2018;3550;3550;3550;3550;2624
2018-03-02;02/03/2018;3550;3550;3550;3550;2954
2018-03-05;05/03/2018;3525;3525;3525;3525;4552
2018-03-06;06/03/2018;3525;3525;3525;3525;2338
2018-03-07;07/03/2018;3500;3500;3500;3500;2636
2018-03-08;08/03/2018;3500;3500;3500;3500;570
2018-03-09;09/03/2018;3497.5;3497.5;3497.5;3497.5;300
2018-03-12;12/03/2018;3495;3495;3495;3495;560
2018-03-13;13/03/2018;3400;3400;3400;3400;2822
2018-03-14;14/03/2018;3495;3495;3495;3495;8496
2018-03-15;15/03/2018;3492.5;3492.5;3492.5;3492.5;1254
2018-03-16;16/03/2018;3445;3445;3445;3445;5834
2018-03-19;19/03/2018;3447.5;3447.5;3447.5;3447.5;382
2018-03-20;20/03/2018;3400;3400;3400;3400;10602
2018-03-21;21/03/2018;3395;3395;3395;3395;950
2018-03-22;22/03/2018;3200;3200;3200;3200;3070
2018-03-23;23/03/2018;3145;3145;3145;3145;398
2018-03-26;26/03/2018;3300;3300;3300;3300;1874
2018-03-27;27/03/2018;3232.5;3232.5;3232.5;3232.5;966
2018-03-28;28/03/2018;3347.5;3347.5;3347.5;3347.5;8052
2018-03-29;29/03/2018;3297.5;3297.5;3297.5;3297.5;2690
2018-03-30;30/03/2018;3450;3450;3450;3450;9058
2018-04-02;02/04/2018;3450;3450;3450;3450;9058
2018-04-03;03/04/2018;3295;3295;3295;3295;7110
2018-04-04;04/04/2018;3250;3250;3250;3250;1846
2018-04-05;05/04/2018;3150;3150;3150;3150;7302
2018-04-06;06/04/2018;3122.5;3122.5;3122.5;3122.5;2426
2018-04-09;09/04/2018;3050;3050;3050;3050;5080
2018-04-10;10/04/2018;3170;3170;3170;3170;2492
2018-04-11;11/04/2018;2997.5;2997.5;2997.5;2997.5;2100
2018-04-12;12/04/2018;3000;3000;3000;3000;636
2018-04-13;13/04/2018;2995;2995;2995;2995;418
2018-04-16;16/04/2018;2772.5;2772.5;2772.5;2772.5;1418
2018-04-17;17/04/2018;2937.5;2937.5;2937.5;2937.5;2068
2018-04-18;18/04/2018;2900;2900;2900;2900;2308
2018-04-19;19/04/2018;2900;2900;2900;2900;5336
2018-04-20;20/04/2018;2925;2925;2925;2925;2952
2018-04-23;23/04/2018;2925;2925;2925;2925;422
2018-04-24;24/04/2018;2897.5;2897.5;2897.5;2897.5;1134
2018-04-26;26/04/2018;2750;2750;2750;2750;2932
2018-04-27;27/04/2018;2895;2895;2895;2895;4724
2018-05-09;09/05/2018;2500;2500;2500;2500;2594
2018-05-10;10/05/2018;2500;2500;2500;2500;2594
2018-05-11;11/05/2018;2597.5;2597.5;2597.5;2597.5;2060
2018-05-14;14/05/2018;2497.5;2497.5;2497.5;2497.5;6640
2018-05-15;15/05/2018;2400;2400;2400;2400;332
2018-05-16;16/05/2018;2400;2400;2400;2400;3638
2018-05-17;17/05/2018;2397.5;2397.5;2397.5;2397.5;756
2018-05-18;18/05/2018;2400;2400;2400;2400;3368
2018-05-21;21/05/2018;2400;2400;2400;2400;3368
2018-05-22;22/05/2018;2397.5;2397.5;2397.5;2397.5;1618
2018-05-23;23/05/2018;2375;2375;2375;2375;2548
2018-05-24;24/05/2018;2350;2350;2350;2350;14704
2018-05-25;25/05/2018;2337.5;2337.5;2337.5;2337.5;23244
2018-05-28;28/05/2018;2337.5;2337.5;2337.5;2337.5;3574
2018-05-29;29/05/2018;2350;2350;2350;2350;8396
2018-05-30;30/05/2018;2390;2390;2390;2390;2192
2018-05-31;31/05/2018;2337.5;2337.5;2337.5;2337.5;992
2018-06-01;01/06/2018;2347.5;2347.5;2347.5;2347.5;286
2018-06-04;04/06/2018;2347.5;2347.5;2347.5;2347.5;2736
2018-06-05;05/06/2018;2345;2345;2345;2345;318
2018-06-06;06/06/2018;2350;2350;2350;2350;22728
2018-06-07;07/06/2018;2345;2345;2345;2345;1114
2018-06-08;08/06/2018;2347.5;2347.5;2347.5;2347.5;12150
2018-06-11;11/06/2018;2347.5;2347.5;2347.5;2347.5;12150
2018-06-12;12/06/2018;2347.5;2347.5;2347.5;2347.5;1000
2018-06-13;13/06/2018;2375;2375;2375;2375;6914
2018-06-14;14/06/2018;2375;2375;2375;2375;6914
2018-06-15;15/06/2018;2375;2375;2375;2375;4994
2018-06-18;18/06/2018;2375;2375;2375;2375;1088
2018-06-19;19/06/2018;2375;2375;2375;2375;3414
2018-06-20;20/06/2018;2375;2375;2375;2375;4374
2018-06-21;21/06/2018;2400;2400;2400;2400;10264
2018-06-28;28/06/2018;2445;2445;2445;2445;11444
2018-06-29;29/06/2018;2445;2445;2445;2445;5096
2018-07-02;02/07/2018;2400;2400;2400;2400;504
2018-07-03;03/07/2018;2400;2400;2400;2400;308
2018-07-04;04/07/2018;2397.5;2397.5;2397.5;2397.5;1580
2018-07-05;05/07/2018;2392.5;2392.5;2392.5;2392.5;2028
2018-07-06;06/07/2018;2425;2425;2425;2425;3420
2018-07-09;09/07/2018;2442.5;2442.5;2442.5;2442.5;5220
2018-07-10;10/07/2018;2445;2445;2445;2445;380
2018-07-11;11/07/2018;2445;2445;2445;2445;626
2018-07-12;12/07/2018;2442.5;2442.5;2442.5;2442.5;4020
2018-07-13;13/07/2018;2427.5;2427.5;2427.5;2427.5;1622
2018-07-16;16/07/2018;2445;2445;2445;2445;1476
2018-07-17;17/07/2018;2447.5;2447.5;2447.5;2447.5;786
2018-07-18;18/07/2018;2442.5;2442.5;2442.5;2442.5;238
2018-07-19;19/07/2018;2445;2445;2445;2445;108
2018-07-20;20/07/2018;2445;2445;2445;2445;3734
2018-07-23;23/07/2018;2425;2425;2425;2425;2750
2018-07-24;24/07/2018;2447.5;2447.5;2447.5;2447.5;302
2018-07-25;25/07/2018;2450;2450;2450;2450;2006
2018-07-26;26/07/2018;2447.5;2447.5;2447.5;2447.5;728
2018-07-30;30/07/2018;2450;2450;2450;2450;354
2018-07-31;31/07/2018;2450;2450;2450;2450;1108
2018-08-01;01/08/2018;2450;2450;2450;2450;1636
2018-08-02;02/08/2018;2497.5;2497.5;2497.5;2497.5;750
2018-08-03;03/08/2018;2600;2600;2600;2600;1698
2018-08-06;06/08/2018;2600;2600;2600;2600;1698
2018-08-07;07/08/2018;2600;2600;2600;2600;1698
2018-08-08;08/08/2018;2450;2450;2450;2450;3520
2018-08-09;09/08/2018;2450;2450;2450;2450;2974
2018-08-10;10/08/2018;2450;2450;2450;2450;120
2018-08-13;13/08/2018;2497.5;2497.5;2497.5;2497.5;4586
2018-08-14;14/08/2018;2497.5;2497.5;2497.5;2497.5;406
2018-08-22;22/08/2018;2400;2400;2400;2400;72574
2018-08-23;23/08/2018;2397.5;2397.5;2397.5;2397.5;612
2018-08-24;24/08/2018;2302.5;2302.5;2302.5;2302.5;198
2018-08-27;27/08/2018;2350;2350;2350;2350;782
2018-08-28;28/08/2018;2397.5;2397.5;2397.5;2397.5;1444
2018-08-29;29/08/2018;2390;2390;2390;2390;4844
2018-08-30;30/08/2018;2350;2350;2350;2350;868
2018-08-31;31/08/2018;2400;2400;2400;2400;3464
2018-09-03;03/09/2018;2345;2345;2345;2345;386
2018-09-04;04/09/2018;2350;2350;2350;2350;2994
2018-09-05;05/09/2018;2297.5;2297.5;2297.5;2297.5;8098
2018-09-06;06/09/2018;2297.5;2297.5;2297.5;2297.5;420
2018-09-07;07/09/2018;2297.5;2297.5;2297.5;2297.5;110
2018-09-10;10/09/2018;2250;2250;2250;2250;596
2018-09-11;11/09/2018;2242.5;2242.5;2242.5;2242.5;622
2018-09-12;12/09/2018;2250;2250;2250;2250;130
2018-09-13;13/09/2018;2200;2200;2200;2200;90
2018-09-14;14/09/2018;2150;2150;2150;2150;252
2018-09-17;17/09/2018;2150;2150;2150;2150;252
2018-09-18;18/09/2018;1950;1950;1950;1950;5416
2018-09-19;19/09/2018;2050;2050;2050;2050;4786
2018-09-20;20/09/2018;2137.5;2137.5;2137.5;2137.5;20
2018-09-21;21/09/2018;2047.5;2047.5;2047.5;2047.5;408
2018-09-24;24/09/2018;2092.5;2092.5;2092.5;2092.5;40
2018-09-25;25/09/2018;2090;2090;2090;2090;368
2018-09-26;26/09/2018;2085;2085;2085;2085;600
2018-09-27;27/09/2018;2000;2000;2000;2000;1750
2018-09-28;28/09/2018;2100;2100;2100;2100;6000
2018-10-01;01/10/2018;2200;2200;2200;2200;50
2018-10-02;02/10/2018;2107.5;2107.5;2107.5;2107.5;44762
2018-10-03;03/10/2018;2097.5;2097.5;2097.5;2097.5;1186
2018-10-04;04/10/2018;2000;2000;2000;2000;78
2018-10-05;05/10/2018;1950;1950;1950;1950;2662
2018-10-08;08/10/2018;1987.5;1987.5;1987.5;1987.5;580
2018-10-09;09/10/2018;1950;1950;1950;1950;36966
2018-10-10;10/10/2018;2000;2000;2000;2000;2960
2018-10-11;11/10/2018;1850;1850;1850;1850;2880
2018-10-12;12/10/2018;1950;1950;1950;1950;50
2018-10-15;15/10/2018;1975;1975;1975;1975;1550
2018-10-16;16/10/2018;1925;1925;1925;1925;22410
2018-10-17;17/10/2018;1970;1970;1970;1970;284
2018-10-18;18/10/2018;2000;2000;2000;2000;2410
2018-10-19;19/10/2018;1950;1950;1950;1950;4950
2018-10-22;22/10/2018;1950;1950;1950;1950;270
2018-10-23;23/10/2018;1950;1950;1950;1950;280
2018-10-24;24/10/2018;2000;2000;2000;2000;23404
2018-10-25;25/10/2018;1877.5;1877.5;1877.5;1877.5;948
2018-10-26;26/10/2018;1915;1915;1915;1915;370
2018-10-29;29/10/2018;1895;1895;1895;1895;440
2018-10-30;30/10/2018;1892.5;1892.5;1892.5;1892.5;1080
2018-10-31;31/10/2018;1890;1890;1890;1890;2402
2018-11-01;01/11/2018;1890;1890;1890;1890;2402
2018-11-02;02/11/2018;1850;1850;1850;1850;928
2018-11-05;05/11/2018;1800;1800;1800;1800;2782
2018-11-06;06/11/2018;1775;1775;1775;1775;10318
2018-11-07;07/11/2018;1775;1775;1775;1775;754
2018-11-08;08/11/2018;1750;1750;1750;1750;2480
2018-11-09;09/11/2018;1750;1750;1750;1750;1828
2018-11-12;12/11/2018;1700;1700;1700;1700;8712
2018-11-13;13/11/2018;1600;1600;1600;1600;198
2018-11-14;14/11/2018;1700;1700;1700;1700;786
2018-11-15;15/11/2018;1700;1700;1700;1700;786
2018-11-16;16/11/2018;1655;1655;1655;1655;2052
2018-11-19;19/11/2018;1625;1625;1625;1625;596
2018-11-20;20/11/2018;1625;1625;1625;1625;596
2018-11-21;21/11/2018;1695;1695;1695;1695;1400
2018-11-22;22/11/2018;1600;1600;1600;1600;3024
2018-11-23;23/11/2018;1547.5;1547.5;1547.5;1547.5;1696
2018-11-26;26/11/2018;1500;1500;1500;1500;1338
2018-11-27;27/11/2018;1500;1500;1500;1500;1122
2018-11-28;28/11/2018;1550;1550;1550;1550;522
2018-11-29;29/11/2018;1495;1495;1495;1495;754
2018-11-30;30/11/2018;1475;1475;1475;1475;1054
2018-12-03;03/12/2018;1400;1400;1400;1400;680
2018-12-04;04/12/2018;1372.5;1372.5;1372.5;1372.5;1652
2018-12-05;05/12/2018;1400;1400;1400;1400;1716
2018-12-06;06/12/2018;1400;1400;1400;1400;7668
2018-12-07;07/12/2018;1402.5;1402.5;1402.5;1402.5;5128
2018-12-10;10/12/2018;1450;1450;1450;1450;3296
2018-12-11;11/12/2018;1490;1490;1490;1490;36768
2018-12-12;12/12/2018;1497.5;1497.5;1497.5;1497.5;1798
2018-12-13;13/12/2018;1550;1550;1550;1550;2806
2018-12-14;14/12/2018;1665;1665;1665;1665;3064
2018-12-17;17/12/2018;1750;1750;1750;1750;2488
2018-12-18;18/12/2018;1800;1800;1800;1800;200
2018-12-19;19/12/2018;1877.5;1877.5;1877.5;1877.5;9506
2018-12-20;20/12/2018;2017.5;2017.5;2017.5;2017.5;4756
2018-12-21;21/12/2018;2167.5;2167.5;2167.5;2167.5;5218
2018-12-24;24/12/2018;2330;2330;2330;2330;1690
2018-12-25;25/12/2018;2330;2330;2330;2330;1690
2018-12-26;26/12/2018;2500;2500;2500;2500;8152
2018-12-27;27/12/2018;2687.5;2687.5;2687.5;2687.5;3624
2018-12-28;28/12/2018;2695;2695;2695;2695;2044
2018-12-31;31/12/2018;2600;2600;2600;2600;2800
2019-01-02;02/01/2019;2580;2580;2580;2580;3360
2019-01-03;03/01/2019;2600;2600;2600;2600;1842
2019-01-04;04/01/2019;2497.5;2497.5;2497.5;2497.5;154
2019-01-07;07/01/2019;2400;2400;2400;2400;692
2019-01-08;08/01/2019;2420;2420;2420;2420;366
2019-01-09;09/01/2019;2367.5;2367.5;2367.5;2367.5;120
2019-01-10;10/01/2019;2347.5;2347.5;2347.5;2347.5;44
2019-01-11;11/01/2019;2250;2250;2250;2250;312
2019-01-14;14/01/2019;2145;2145;2145;2145;1110
2019-01-15;15/01/2019;2082.5;2082.5;2082.5;2082.5;3790
2019-01-16;16/01/2019;2025;2097.5;2025;2097.5;1318
2019-01-17;17/01/2019;2000;2000;1950;1950;2866
2019-01-18;18/01/2019;1950;2000;1950;2000;2480
2019-01-21;21/01/2019;2075;2125;2075;2125;2364
2019-01-22;22/01/2019;2075;2075;2075;2075;76
2019-01-23;23/01/2019;2000;2050;2000;2050;662
2019-01-24;24/01/2019;2002.5;2027.5;2002.5;2027.5;932
2019-01-25;25/01/2019;2000;2000;2000;2000;90
2019-01-28;28/01/2019;2025;2050;2025;2050;188
2019-01-29;29/01/2019;2050;2097.5;2050;2097.5;252
2019-01-30;30/01/2019;2092.5;2150;2092.5;2150;1882
2019-01-31;31/01/2019;2150;2250;2150;2250;260
2019-02-01;01/02/2019;2250;2250;2250;2250;100
2019-02-04;04/02/2019;2247.5;2247.5;2247.5;2247.5;86
2019-02-05;05/02/2019;2175;2200;2175;2200;62
2019-02-06;06/02/2019;2175;2175;2150;2150;328
2019-02-07;07/02/2019;2150;2195;2150;2195;3498
2019-02-08;08/02/2019;2100;2195;2100;2195;610
2019-02-11;11/02/2019;2197.5;2197.5;2190;2190;1398
2019-02-12;12/02/2019;2175;2200;2175;2200;4778
2019-02-13;13/02/2019;2195;2300;2195;2300;5288
2019-02-14;14/02/2019;2200;2320;2200;2320;1026
2019-02-15;15/02/2019;2297.5;2297.5;2250;2250;1590
2019-02-18;18/02/2019;2250;2300;2250;2300;3038
2019-02-19;19/02/2019;2250;2325;2250;2325;890
2019-02-20;20/02/2019;2290;2497.5;2290;2497.5;3430
2019-02-21;21/02/2019;2497.5;2680;2497.5;2680;5112
2019-02-22;22/02/2019;2600;2600;2497.5;2497.5;2148
2019-02-25;25/02/2019;2497.5;2500;2497.5;2500;1180
2019-02-26;26/02/2019;2500;2500;2492.5;2492.5;260
2019-02-27;27/02/2019;2450;2650;2450;2650;3222
2019-02-28;28/02/2019;2492.5;2650;2492.5;2650;1014
2019-03-01;01/03/2019;2495;2502.5;2495;2502.5;1012
2019-03-04;04/03/2019;2502.5;2502.5;2500;2500;38
2019-03-05;05/03/2019;2497.5;2500;2497.5;2500;1610
2019-03-06;06/03/2019;2495;2495;2472.5;2472.5;792
2019-03-07;07/03/2019;2450;2450;2450;2450;78
2019-03-08;08/03/2019;2427.5;2427.5;2425;2425;1080
2019-03-11;11/03/2019;2425;2425;2425;2425;190
2019-03-12;12/03/2019;2425;2425;2400;2400;520
2019-03-13;13/03/2019;2400;2400;2375;2375;1234
2019-03-14;14/03/2019;2350;2350;2290;2290;8280
2019-03-15;15/03/2019;2290;2290;2290;2290;6730
2019-03-18;18/03/2019;2290;2290;2170;2170;5298
2019-03-19;19/03/2019;2250;2250;2250;2250;6274
2019-03-20;20/03/2019;2250;2417.5;2250;2417.5;10594
2019-03-21;21/03/2019;2417.5;2500;2417.5;2500;19004
2019-03-22;22/03/2019;2500;2500;2475;2475;1900
2019-03-25;25/03/2019;2450;2450;2450;2450;80
2019-03-27;27/03/2019;2350;2350;2347.5;2347.5;944
2019-03-28;28/03/2019;2205;2205;2197.5;2197.5;1418
2019-03-29;29/03/2019;2170;2197.5;2170;2197.5;1566
2019-04-01;01/04/2019;2080;2080;2080;2080;576
2019-04-02;02/04/2019;2075;2235;2075;2235;7016
2019-04-03;03/04/2019;2150;2235;2150;2235;166
2019-04-04;04/04/2019;2235;2235;2235;2235;22
2019-04-05;05/04/2019;2150;2235;2150;2235;632
2019-04-08;08/04/2019;2225;2225;2205;2205;5418
2019-04-09;09/04/2019;2250;2350;2250;2350;2130
2019-04-10;10/04/2019;2350;2350;2350;2350;2496
2019-04-11;11/04/2019;2375;2375;2375;2375;3064
2019-04-12;12/04/2019;2350;2400;2350;2400;786
2019-04-15;15/04/2019;2425;2500;2425;2500;7064
2019-04-16;16/04/2019;2500;2500;2500;2500;128
2019-04-17;17/04/2019;2500;2550;2500;2550;3588
2019-04-18;18/04/2019;2552.5;2552.5;2550;2550;8450
2019-04-19;19/04/2019;2550;2600;2550;2600;1374
2019-04-22;22/04/2019;2550;2600;2550;2600;1374
2019-04-23;23/04/2019;2592.5;2592.5;2587.5;2587.5;1198
2019-04-24;24/04/2019;2575;2575;2550;2550;990
2019-04-25;25/04/2019;2550;2550;2550;2550;5488
2019-04-26;26/04/2019;2550;2550;2500;2500;2198
2019-04-29;29/04/2019;2272.5;2272.5;2175;2175;1072
2019-04-30;30/04/2019;2177.5;2315;2177.5;2315;30
2019-05-01;01/05/2019;2177.5;2315;2177.5;2315;30
2019-05-02;02/05/2019;2250;2250;2250;2250;600
2019-05-03;03/05/2019;2250;2250;2235;2235;1378
2019-05-06;06/05/2019;2300;2300;2250;2250;1502
2019-05-07;07/05/2019;2250;2250;2200;2200;344
2019-05-08;08/05/2019;2202.5;2202.5;2200;2200;1968
2019-05-09;09/05/2019;2200;2200;2200;2200;348
2019-05-10;10/05/2019;2200;2200;2175;2175;1402
2019-05-13;13/05/2019;2175;2175;2150;2150;178
2019-05-14;14/05/2019;2100;2100;2100;2100;152
2019-05-15;15/05/2019;2100;2125;2100;2125;16
2019-05-16;16/05/2019;2100;2100;2100;2100;636
2019-05-17;17/05/2019;2050;2050;2050;2050;140
2019-05-20;20/05/2019;1995;1995;1975;1975;610
2019-05-21;21/05/2019;1972.5;1972.5;1900;1900;510
2019-05-22;22/05/2019;1897.5;1900;1897.5;1900;11688
2019-05-23;23/05/2019;1900;1900;1875;1875;316
2019-05-24;24/05/2019;1850;1875;1850;1875;5858
2019-05-27;27/05/2019;1850;1872.5;1850;1872.5;174
2019-05-28;28/05/2019;1852.5;1875;1852.5;1875;3198
2019-05-29;29/05/2019;1875;1875;1875;1875;1990
2019-05-30;30/05/2019;1875;1875;1875;1875;1990
2019-05-31;31/05/2019;2015;2015;1875;1875;240
2019-06-03;03/06/2019;1872.5;1872.5;1872.5;1872.5;724
2019-06-05;05/06/2019;1860;1860;1860;1860;390
2019-06-06;06/06/2019;1875;1875;1857.5;1857.5;2424
2019-06-07;07/06/2019;1875;1875;1875;1875;2060
2019-06-11;11/06/2019;1875;1875;1875;1875;2242
2019-06-12;12/06/2019;1875;2000;1875;2000;4660
2019-06-13;13/06/2019;1900;1950;1900;1950;1510
2019-06-14;14/06/2019;1950;1950;1950;1950;4000
2019-06-17;17/06/2019;1975;1975;1950;1950;2290
2019-06-18;18/06/2019;1977.5;2000;1977.5;2000;1678
2019-06-19;19/06/2019;2000;2000;2000;2000;806
2019-06-20;20/06/2019;2000;2000;2000;2000;244
2019-06-21;21/06/2019;1950;2000;1950;2000;26
2019-06-24;24/06/2019;1975;2000;1975;2000;3104
2019-06-25;25/06/2019;1875;1875;1875;1875;44
2019-06-26;26/06/2019;1925;1950;1925;1950;222
2019-06-27;27/06/2019;1950;1950;1950;1950;100
2019-06-28;28/06/2019;1950;1975;1950;1975;306
2019-07-01;01/07/2019;1975;1975;1975;1975;20
2019-07-02;02/07/2019;1950;1950;1950;1950;3284
2019-07-03;03/07/2019;1950;1997.5;1950;1997.5;574
2019-07-04;04/07/2019;1950;1997.5;1950;1997.5;666
2019-07-05;05/07/2019;2000;2000;2000;2000;2734
2019-07-08;08/07/2019;1995;1995;1950;1950;350
2019-07-09;09/07/2019;1950;1950;1950;1950;152
2019-07-10;10/07/2019;1950;1950;1950;1950;68
2019-07-11;11/07/2019;1950;1950;1950;1950;540
2019-07-12;12/07/2019;1947.5;1950;1947.5;1950;480
2019-07-15;15/07/2019;1900;1900;1900;1900;450
2019-07-16;16/07/2019;1925;1925;1900;1900;520
2019-07-17;17/07/2019;1925;1925;1900;1900;474
2019-07-18;18/07/2019;1902.5;1902.5;1902.5;1902.5;10
2019-07-19;19/07/2019;1900;1900;1900;1900;400
2019-07-22;22/07/2019;1877.5;1877.5;1877.5;1877.5;80
2019-07-23;23/07/2019;1877.5;1925;1877.5;1925;3846
2019-07-24;24/07/2019;1900;1900;1900;1900;500
2019-07-25;25/07/2019;1925;1925;1925;1925;916
2019-07-26;26/07/2019;1925;1925;1925;1925;1002
2019-07-29;29/07/2019;1922.5;1922.5;1922.5;1922.5;322
2019-07-30;30/07/2019;1915;1915;1905;1905;586
2019-07-31;31/07/2019;1905;1912.5;1905;1912.5;246
2019-08-01;01/08/2019;1912.5;1912.5;1905;1905;278
2019-08-02;02/08/2019;1912.5;1912.5;1910;1910;2260
2019-08-05;05/08/2019;1912.5;1912.5;1875;1875;5792
2019-08-06;06/08/2019;1872.5;1872.5;1870;1870;3444
2019-08-07;07/08/2019;1872.5;1872.5;1870;1870;3444
2019-08-08;08/08/2019;1867.5;1867.5;1850;1850;2312
2019-08-09;09/08/2019;1850;1850;1847.5;1847.5;1286
2019-08-12;12/08/2019;1850;1850;1847.5;1847.5;1286
2019-08-13;13/08/2019;1850;1850;1800;1800;348
2019-08-14;14/08/2019;1800;1850;1800;1850;1672
2019-08-15;15/08/2019;1800;1850;1800;1850;1672
2019-08-16;16/08/2019;1847.5;1847.5;1825;1825;2320
2019-08-19;19/08/2019;1825;1825;1825;1825;526
2019-08-20;20/08/2019;1825;1825;1825;1825;320
2019-08-21;21/08/2019;1850;1850;1850;1850;6942
2019-08-22;22/08/2019;1825;1865;1825;1865;956
2019-08-23;23/08/2019;1862.5;1862.5;1825;1825;1480
2019-08-26;26/08/2019;1850;1850;1847.5;1847.5;152
2019-08-27;27/08/2019;1875;1875;1840;1840;276
2019-08-28;28/08/2019;1840;1840;1840;1840;224
2019-08-29;29/08/2019;1840;1900;1840;1900;9228
2019-08-30;30/08/2019;1897.5;1900;1897.5;1900;6124
2019-09-02;02/09/2019;1875;1875;1850;1850;3802
2019-09-03;03/09/2019;1850;1850;1850;1850;3820
2019-09-04;04/09/2019;1875;1875;1850;1850;13008
2019-09-05;05/09/2019;1855;1905;1855;1905;4880
2019-09-06;06/09/2019;1907.5;1907.5;1895;1895;350
2019-09-09;09/09/2019;1855;1870;1855;1870;1220
2019-09-10;10/09/2019;1852.5;1852.5;1850;1850;3482
2019-09-11;11/09/2019;1827.5;1850;1827.5;1850;1108
2019-09-12;12/09/2019;1830;1830;1825;1825;904
2019-09-13;13/09/2019;1847.5;1847.5;1847.5;1847.5;6
2019-09-16;16/09/2019;1827.5;1850;1827.5;1850;672
2019-09-17;17/09/2019;1800;1800;1800;1800;4238
2019-09-18;18/09/2019;1805;1805;1800;1800;942
2019-09-19;19/09/2019;1802.5;1802.5;1802.5;1802.5;20
2019-09-20;20/09/2019;1837.5;1850;1837.5;1850;260
2019-09-23;23/09/2019;1850;1850;1850;1850;110
2019-09-24;24/09/2019;1850;1850;1850;1850;100
2019-09-25;25/09/2019;1847.5;1850;1847.5;1850;2506
2019-09-26;26/09/2019;1850;1850;1850;1850;680
2019-09-27;27/09/2019;1850;1850;1800;1800;732
2019-09-30;30/09/2019;1802.5;1850;1802.5;1850;506
2019-10-01;01/10/2019;1800;1802.5;1800;1802.5;248
2019-10-02;02/10/2019;1802.5;1802.5;1800;1800;290
2019-10-03;03/10/2019;1802.5;1802.5;1802.5;1802.5;86
2019-10-04;04/10/2019;1800;1850;1800;1850;3080
2019-10-07;07/10/2019;1825;1825;1775;1775;1802
2019-10-08;08/10/2019;1755;1775;1755;1775;220
2019-10-09;09/10/2019;1752.5;1752.5;1752.5;1752.5;234
2019-10-10;10/10/2019;1755;1770;1755;1770;180
2019-10-11;11/10/2019;1770;1772.5;1770;1772.5;1680
2019-10-14;14/10/2019;1770;1775;1770;1775;346
2019-10-15;15/10/2019;1770;1775;1770;1775;160
2019-10-16;16/10/2019;1775;1775;1775;1775;154
2019-10-17;17/10/2019;1825;1825;1825;1825;28
2019-10-18;18/10/2019;1825;1825;1820;1820;246
2019-10-21;21/10/2019;1822.5;1822.5;1820;1820;580
2019-10-22;22/10/2019;1825;1825;1820;1820;292
2019-10-24;24/10/2019;1820;1825;1820;1825;340
2019-10-25;25/10/2019;1825;1825;1800;1800;2500
2019-10-28;28/10/2019;1800;1800;1800;1800;3090
2019-10-30;30/10/2019;1800;1800;1800;1800;378
2019-10-31;31/10/2019;1825;1825;1825;1825;400
2019-11-01;01/11/2019;1825;1825;1825;1825;400
2019-11-04;04/11/2019;1825;1825;1800;1800;530
2019-11-05;05/11/2019;1800;1800;1800;1800;580
2019-11-06;06/11/2019;1800;1800;1800;1800;420
2019-11-07;07/11/2019;1825;1825;1800;1800;6024
2019-11-08;08/11/2019;1797.5;1797.5;1752.5;1752.5;504
2019-11-11;11/11/2019;1800;1800;1800;1800;160
2019-11-12;12/11/2019;1800;1800;1800;1800;2400
2019-11-13;13/11/2019;1750;1750;1745;1745;1360
2019-11-14;14/11/2019;1690;1690;1687.5;1687.5;368
2019-11-18;18/11/2019;1687.5;1687.5;1652.5;1652.5;11156
2019-11-19;19/11/2019;1645;1645;1600;1600;2558
2019-11-20;20/11/2019;1630;1645;1630;1645;1120
2019-11-21;21/11/2019;1600;1600;1570;1570;330
2019-11-22;22/11/2019;1570;1570;1547.5;1547.5;1330
2019-11-25;25/11/2019;1547.5;1547.5;1512.5;1512.5;948
2019-11-26;26/11/2019;1500;1517.5;1500;1517.5;2076
2019-11-27;27/11/2019;1525;1525;1520;1520;850
2019-11-28;28/11/2019;1525;1550;1525;1550;270
2019-11-29;29/11/2019;1552.5;1600;1552.5;1600;12
2019-12-02;02/12/2019;1600;1600;1600;1600;74
2019-12-03;03/12/2019;1650;1690;1650;1690;582
2019-12-04;04/12/2019;1800;1800;1750;1750;1004
2019-12-05;05/12/2019;1650;1750;1650;1750;1974
2019-12-06;06/12/2019;1750;1775;1750;1775;324
2019-12-09;09/12/2019;1750;1750;1750;1750;36612
2019-12-10;10/12/2019;1775;1775;1750;1750;1592
2019-12-11;11/12/2019;1750;1750;1750;1750;436
2019-12-12;12/12/2019;1750;1750;1750;1750;6
2019-12-13;13/12/2019;1750;1750;1700;1700;776
2019-12-16;16/12/2019;1745;1745;1725;1725;608
2019-12-17;17/12/2019;1727.5;1727.5;1725;1725;5720
2019-12-18;18/12/2019;1750;1800;1750;1800;480
2019-12-19;19/12/2019;1797.5;1925;1797.5;1925;10932
2019-12-20;20/12/2019;1850;1900;1850;1900;1390
2019-12-23;23/12/2019;1900;1900;1900;1900;2004
2019-12-24;24/12/2019;1895;1895;1895;1895;140
2019-12-25;25/12/2019;1895;1895;1895;1895;140
2019-12-26;26/12/2019;1895;1950;1895;1950;17344
2019-12-27;27/12/2019;1925;1995;1925;1995;3870
2019-12-30;30/12/2019;1950;1950;1847.5;1847.5;1028
2019-12-31;31/12/2019;1850;1895;1850;1895;4346
2020-01-01;01/01/2020;1850;1895;1850;1895;4346
2020-01-02;02/01/2020;1847.5;1847.5;1847.5;1847.5;958
2020-01-03;03/01/2020;1847.5;1847.5;1800;1800;3092
2020-01-06;06/01/2020;1765;1875;1765;1875;1018
2020-01-07;07/01/2020;1847.5;1847.5;1775;1775;802
2020-01-08;08/01/2020;1850;1850;1815;1815;1498
2020-01-09;09/01/2020;1800;1850;1800;1850;3540
2020-01-10;10/01/2020;1845;1845;1752.5;1752.5;420
2020-01-13;13/01/2020;1752.5;1757.5;1752.5;1757.5;1654
2020-01-14;14/01/2020;1762.5;1800;1762.5;1800;870
2020-01-15;15/01/2020;1850;1850;1830;1830;198
2020-01-16;16/01/2020;1830;1872.5;1830;1872.5;278
2020-01-17;17/01/2020;1872.5;1872.5;1872.5;1872.5;224
2020-01-20;20/01/2020;1850;1867.5;1850;1867.5;1156
2020-01-21;21/01/2020;1867.5;1870;1867.5;1870;688
2020-01-22;22/01/2020;1852.5;1852.5;1852.5;1852.5;150
2020-01-23;23/01/2020;1852.5;1857.5;1852.5;1857.5;620
2020-01-24;24/01/2020;1870;1870;1860;1860;5390
2020-01-27;27/01/2020;1865;1865;1865;1865;1220
2020-01-29;29/01/2020;1867.5;1950;1867.5;1950;1596
2020-01-30;30/01/2020;1912.5;1950;1912.5;1950;5148
2020-01-31;31/01/2020;1950;1950;1925;1925;886
2020-02-03;03/02/2020;1925;1925;1900;1900;1900
2020-02-04;04/02/2020;1897.5;1897.5;1860;1860;5072
2020-02-05;05/02/2020;1897.5;1897.5;1865;1865;464
2020-02-06;06/02/2020;1865;1865;1865;1865;4518
2020-02-07;07/02/2020;1865;1865;1860;1860;364
2020-02-10;10/02/2020;1865;1865;1860;1860;5978
2020-02-11;11/02/2020;1855;1855;1800;1800;9952
2020-02-12;12/02/2020;1855;1855;1800;1800;9952
2020-02-13;13/02/2020;1802.5;1802.5;1775;1775;1530
2020-02-14;14/02/2020;1775;1775;1700;1700;3942
2020-02-17;17/02/2020;1702.5;1725;1702.5;1725;364
2020-02-18;18/02/2020;1725;1750;1725;1750;3050
2020-02-19;19/02/2020;1750;1750;1750;1750;124
2020-02-20;20/02/2020;1775;1860;1775;1860;574
2020-02-21;21/02/2020;1860;1860;1777.5;1777.5;6
2020-02-24;24/02/2020;1800;1800;1755;1755;802
2020-02-25;25/02/2020;1775;1860;1775;1860;6042
2020-02-26;26/02/2020;1777.5;1777.5;1777.5;1777.5;484
2020-02-27;27/02/2020;1800;1800;1800;1800;32
2020-02-28;28/02/2020;1860;1860;1850;1850;208
2020-03-02;02/03/2020;1855;1855;1855;1855;120
2020-03-03;03/03/2020;1850;1850;1850;1850;506
2020-03-04;04/03/2020;1850;1850;1850;1850;514
2020-03-05;05/03/2020;1850;1850;1850;1850;162
2020-03-06;06/03/2020;1852.5;1852.5;1800;1800;418
2020-03-09;09/03/2020;1802.5;1802.5;1802.5;1802.5;60
2020-03-10;10/03/2020;1805;1805;1800;1800;3052
2020-03-11;11/03/2020;1850;1850;1850;1850;798
2020-03-12;12/03/2020;1850;1850;1825;1825;1476
2020-03-13;13/03/2020;1825;1825;1800;1800;372
2020-03-16;16/03/2020;1800;1825;1800;1825;5036
2020-03-17;17/03/2020;1800;1800;1780;1780;1954
2020-03-18;18/03/2020;1780;1780;1775;1775;206
2020-03-19;19/03/2020;1782.5;1782.5;1780;1780;3368
2020-03-20;20/03/2020;1780;1780;1780;1780;126
2020-03-23;23/03/2020;1780;1780;1780;1780;752
2020-03-24;24/03/2020;1750;1750;1750;1750;4850
2020-03-25;25/03/2020;1750;1777.5;1750;1777.5;1602
2020-03-26;26/03/2020;1780;1800;1780;1800;850
2020-03-27;27/03/2020;1800;1800;1800;1800;60
2020-03-30;30/03/2020;1777.5;1777.5;1775;1775;2700
2020-03-31;31/03/2020;1750;1750;1707.5;1707.5;382
2020-04-01;01/04/2020;1702.5;1702.5;1702.5;1702.5;4
2020-04-03;03/04/2020;1702.5;1702.5;1702.5;1702.5;166
2020-04-06;06/04/2020;1702.5;1702.5;1702.5;1702.5;96
2020-04-07;07/04/2020;1702.5;1702.5;1702.5;1702.5;328
2020-04-08;08/04/2020;1702.5;1705;1702.5;1705;630
2020-04-09;09/04/2020;1777.5;1777.5;1777.5;1777.5;4
2020-04-10;10/04/2020;1775;1775;1772.5;1772.5;10330
2020-04-13;13/04/2020;1775;1775;1772.5;1772.5;10330
2020-04-14;14/04/2020;1737.5;1777.5;1737.5;1777.5;1330
2020-04-15;15/04/2020;1777.5;1777.5;1777.5;1777.5;576
2020-04-16;16/04/2020;1780;1780;1777.5;1777.5;1500
2020-04-17;17/04/2020;1800;1812.5;1800;1812.5;2596
2020-04-20;20/04/2020;1812.5;1812.5;1780;1780;3518
2020-04-21;21/04/2020;1780;1780;1780;1780;1836
2020-04-22;22/04/2020;1782.5;1800;1782.5;1800;480
2020-04-23;23/04/2020;1800;1800;1800;1800;1034
2020-04-24;24/04/2020;1800;1850;1800;1850;5970
2020-04-27;27/04/2020;1825;1837.5;1825;1837.5;160
2020-04-28;28/04/2020;1825;1825;1822.5;1822.5;466
2020-04-29;29/04/2020;1747.5;1747.5;1650;1650;154
2020-04-30;30/04/2020;1650;1680;1650;1680;1750
2020-05-01;01/05/2020;1650;1680;1650;1680;1750
2020-05-04;04/05/2020;1712.5;1712.5;1650;1650;3632
2020-05-05;05/05/2020;1635;1647.5;1635;1647.5;746
2020-05-06;06/05/2020;1610;1610;1605;1605;2216
2020-05-07;07/05/2020;1600;1600;1525;1525;786
2020-05-08;08/05/2020;1530;1600;1530;1600;6374
2020-05-11;11/05/2020;1600;1600;1600;1600;44
2020-05-12;12/05/2020;1600;1600;1600;1600;1036
2020-05-13;13/05/2020;1600;1600;1600;1600;1016
2020-05-14;14/05/2020;1570;1570;1570;1570;304
2020-05-15;15/05/2020;1585;1600;1585;1600;2224
2020-05-18;18/05/2020;1570;1570;1550;1550;23326
2020-05-19;19/05/2020;1552.5;1567.5;1552.5;1567.5;228
2020-05-22;22/05/2020;1550;1575;1550;1575;628
2020-05-25;25/05/2020;1577.5;1577.5;1550;1550;84
2020-05-26;26/05/2020;1552.5;1552.5;1550;1550;1420
2020-05-27;27/05/2020;1550;1550;1550;1550;1572
2020-05-28;28/05/2020;1555;1600;1555;1600;6386
2020-05-29;29/05/2020;1575;1600;1575;1600;810
2020-06-01;01/06/2020;1575;1600;1575;1600;810
2020-06-02;02/06/2020;1600;1625;1600;1625;862
2020-06-03;03/06/2020;1650;1650;1650;1650;2926
2020-06-04;04/06/2020;1652.5;1652.5;1652.5;1652.5;164
2020-06-05;05/06/2020;1655;1700;1655;1700;60
2020-06-08;08/06/2020;1690;1690;1690;1690;790
2020-06-09;09/06/2020;1700;1705;1700;1705;176
2020-06-10;10/06/2020;1707.5;1725;1707.5;1725;594
2020-06-11;11/06/2020;1705;1747.5;1705;1747.5;4590
2020-06-12;12/06/2020;1747.5;1747.5;1747.5;1747.5;8134
2020-06-15;15/06/2020;1725;1745;1725;1745;546
2020-06-16;16/06/2020;1747.5;1747.5;1747.5;1747.5;7880
2020-06-17;17/06/2020;1747.5;1875;1747.5;1875;6978
2020-06-18;18/06/2020;1900;1900;1875;1875;3462
2020-06-19;19/06/2020;1875;1875;1875;1875;10458
2020-06-22;22/06/2020;1972.5;1972.5;1875;1875;2054
2020-06-23;23/06/2020;1950;1950;1875;1875;1760
2020-06-24;24/06/2020;1877.5;1900;1877.5;1900;142
2020-06-25;25/06/2020;1900;1900;1800;1800;1164
2020-06-26;26/06/2020;1750;1750;1725;1725;616
2020-06-29;29/06/2020;1727.5;1727.5;1727.5;1727.5;704
2020-06-30;30/06/2020;1730;1730;1725;1725;2090
2020-07-01;01/07/2020;1725;1725;1700;1700;1060
2020-07-02;02/07/2020;1670;1670;1650;1650;800
2020-07-03;03/07/2020;1650;1650;1650;1650;804
2020-07-06;06/07/2020;1650;1650;1650;1650;98
2020-07-07;07/07/2020;1675;1675;1675;1675;8
2020-07-08;08/07/2020;1652.5;1652.5;1650;1650;220
2020-07-09;09/07/2020;1650;1650;1640;1640;962
2020-07-10;10/07/2020;1652.5;1675;1652.5;1675;600
2020-07-13;13/07/2020;1680;1680;1680;1680;100
2020-07-14;14/07/2020;1700;1700;1675;1675;1980
2020-07-15;15/07/2020;1675;1675;1665;1665;910
2020-07-16;16/07/2020;1665;1665;1665;1665;420
2020-07-17;17/07/2020;1650;1650;1650;1650;2200
2020-07-20;20/07/2020;1650;1650;1642.5;1642.5;4054
2020-07-21;21/07/2020;1627.5;1627.5;1600;1600;1012
2020-07-22;22/07/2020;1600;1617.5;1600;1617.5;1490
2020-07-23;23/07/2020;1577.5;1600;1577.5;1600;228
2020-07-24;24/07/2020;1600;1600;1587.5;1587.5;708
2020-07-27;27/07/2020;1580;1590;1580;1590;984
2020-07-28;28/07/2020;1590;1590;1587.5;1587.5;3008
2020-07-29;29/07/2020;1587.5;1587.5;1587.5;1587.5;3422
2020-07-30;30/07/2020;1600;1600;1600;1600;1402
2020-07-31;31/07/2020;1600;1600;1600;1600;1402
2020-08-03;03/08/2020;1600;1600;1587.5;1587.5;1350
2020-08-04;04/08/2020;1600;1600;1600;1600;688
2020-08-05;05/08/2020;1600;1647.5;1600;1647.5;732
2020-08-06;06/08/2020;1650;1650;1600;1600;1282
2020-08-07;07/08/2020;1650;1650;1600;1600;1282
2020-08-10;10/08/2020;1625;1625;1595;1595;574
2020-08-11;11/08/2020;1592.5;1592.5;1592.5;1592.5;40
2020-08-12;12/08/2020;1595;1600;1595;1600;1790
2020-08-13;13/08/2020;1600;1600;1590;1590;420
2020-08-14;14/08/2020;1587.5;1595;1587.5;1595;994
2020-08-17;17/08/2020;1595;1595;1595;1595;438
2020-08-18;18/08/2020;1602.5;1602.5;1600;1600;582
2020-08-21;21/08/2020;1600;1600;1595;1595;2636
2020-08-24;24/08/2020;1600;1600;1600;1600;1926
2020-08-25;25/08/2020;1600;1600;1600;1600;670
2020-08-26;26/08/2020;1600;1600;1600;1600;2446
2020-08-27;27/08/2020;1675;1675;1675;1675;122
2020-08-28;28/08/2020;1675;1675;1650;1650;100
2020-08-31;31/08/2020;1650;1650;1625;1625;934
2020-09-01;01/09/2020;1625;1625;1625;1625;34224
2020-09-02;02/09/2020;1600;1625;1600;1625;238
2020-09-03;03/09/2020;1625;1700;1625;1700;490
2020-09-04;04/09/2020;1700;1700;1700;1700;100
2020-09-07;07/09/2020;1630;1675;1630;1675;146
2020-09-08;08/09/2020;1600;1612.5;1600;1612.5;2052
2020-09-09;09/09/2020;1610;1610;1595;1595;3470
2020-09-10;10/09/2020;1595;1600;1595;1600;1430
2020-09-11;11/09/2020;1595;1600;1595;1600;728
2020-09-14;14/09/2020;1595;1600;1595;1600;444
2020-09-15;15/09/2020;1600;1600;1600;1600;1374
2020-09-16;16/09/2020;1600;1600;1600;1600;162
2020-09-17;17/09/2020;1600;1600;1592.5;1592.5;8900
2020-09-18;18/09/2020;1675;1675;1650;1650;230
2020-09-21;21/09/2020;1637.5;1637.5;1600;1600;688
2020-09-22;22/09/2020;1600;1625;1600;1625;616
2020-09-23;23/09/2020;1600;1625;1600;1625;616
2020-09-24;24/09/2020;1600;1625;1600;1625;616
2020-09-25;25/09/2020;1600;1625;1600;1625;616
2020-09-28;28/09/2020;1590;1590;1590;1590;58
2020-09-29;29/09/2020;1590;1600;1590;1600;1590
2020-09-30;30/09/2020;1600;1600;1600;1600;750
2020-10-01;01/10/2020;1600;1600;1600;1600;92
2020-10-02;02/10/2020;1625;1625;1600;1600;2208
2020-10-05;05/10/2020;1600;1625;1600;1625;1300
2020-10-07;07/10/2020;1625;1625;1600;1600;3206
2020-10-08;08/10/2020;1600;1600;1600;1600;282
2020-10-09;09/10/2020;1600;1600;1600;1600;56
2020-10-12;12/10/2020;1600;1605;1600;1605;1872
2020-10-13;13/10/2020;1615;1615;1615;1615;64
2020-10-14;14/10/2020;1607.5;1615;1607.5;1615;54
2020-10-15;15/10/2020;1615;1615;1602.5;1602.5;8228
2020-10-16;16/10/2020;1610;1610;1602.5;1602.5;678
2020-10-19;19/10/2020;1610;1610;1610;1610;50
2020-10-20;20/10/2020;1610;1650;1610;1650;2242
2020-10-21;21/10/2020;1650;1650;1650;1650;4122
2020-10-22;22/10/2020;1650;1650;1610;1610;1304
2020-10-23;23/10/2020;1610;1610;1602.5;1602.5;98
2020-10-26;26/10/2020;1607.5;1607.5;1602.5;1602.5;980
2020-10-27;27/10/2020;1605;1605;1602.5;1602.5;236
2020-10-28;28/10/2020;1605;1605;1605;1605;252
2020-10-29;29/10/2020;1605;1605;1605;1605;252
2020-10-30;30/10/2020;1605;1605;1605;1605;160
2020-11-02;02/11/2020;1607.5;1607.5;1607.5;1607.5;22
2020-11-03;03/11/2020;1612.5;1615;1612.5;1615;560
2020-11-04;04/11/2020;1650;1650;1650;1650;204
2020-11-05;05/11/2020;1625;1625;1625;1625;2120
2020-11-06;06/11/2020;1650;1650;1650;1650;2100
2020-11-09;09/11/2020;1657.5;1662.5;1657.5;1662.5;120
2020-11-10;10/11/2020;1675;1675;1675;1675;2398
2020-11-11;11/11/2020;1650;1650;1607.5;1607.5;23500
2020-11-12;12/11/2020;1625;1625;1625;1625;37136
2020-11-13;13/11/2020;1600;1625;1600;1625;2080
2020-11-16;16/11/2020;1622.5;1622.5;1600;1600;5410
2020-11-17;17/11/2020;1600;1625;1600;1625;2860
2020-11-18;18/11/2020;1575;1625;1575;1625;7230
2020-11-19;19/11/2020;1600;1625;1600;1625;48794
2020-11-20;20/11/2020;1625;1625;1600;1600;11306
2020-11-23;23/11/2020;1600;1675;1600;1675;8464
2020-11-24;24/11/2020;1600;1600;1600;1600;9842
2020-11-25;25/11/2020;1597.5;1600;1597.5;1600;5570
2020-11-26;26/11/2020;1600;1600;1600;1600;3834
2020-11-27;27/11/2020;1600;1700;1600;1700;5186
2020-11-30;30/11/2020;1600;1650;1600;1650;9020
2020-12-01;01/12/2020;1675;1700;1675;1700;20974
2020-12-02;02/12/2020;1675;1750;1675;1750;94
2020-12-03;03/12/2020;1750;1750;1725;1725;76
2020-12-04;04/12/2020;1707.5;1707.5;1680;1680;20578
2020-12-07;07/12/2020;1700;1700;1700;1700;11504
2020-12-08;08/12/2020;1680;1680;1652.5;1652.5;4138
2020-12-09;09/12/2020;1675;1675;1675;1675;418
2020-12-10;10/12/2020;1652.5;1675;1652.5;1675;40
2020-12-11;11/12/2020;1697.5;1700;1697.5;1700;100
2020-12-14;14/12/2020;1675;1675;1675;1675;712
2020-12-15;15/12/2020;1700;1700;1677.5;1677.5;3272
2020-12-16;16/12/2020;1697.5;1700;1697.5;1700;1850
2020-12-17;17/12/2020;1700;1725;1700;1725;200
2020-12-18;18/12/2020;1725;1725;1680;1680;436
2020-12-21;21/12/2020;1700;1725;1700;1725;404
2020-12-22;22/12/2020;1750;1775;1750;1775;11322
2020-12-23;23/12/2020;1775;1780;1775;1780;7262
2020-12-24;24/12/2020;1780;1780;1780;1780;3142
2020-12-25;25/12/2020;1780;1780;1780;1780;3142
2020-12-28;28/12/2020;1780;1780;1780;1780;10924
2020-12-29;29/12/2020;1780;1780;1780;1780;6364
2020-12-30;30/12/2020;1780;1800;1780;1800;4926
2020-12-31;31/12/2020;1775;1875;1775;1875;13060
2021-01-04;04/01/2021;1750;1750;1750;1750;1598
2021-01-05;05/01/2021;1752.5;1752.5;1750;1750;3520
2021-01-07;07/01/2021;1775;1775;1775;1775;1862
2021-01-08;08/01/2021;1775;1775;1775;1775;4044
2021-01-11;11/01/2021;1775;1800;1775;1800;740
2021-01-13;13/01/2021;1762.5;1800;1762.5;1800;3132
2021-01-14;14/01/2021;1800;1800;1800;1800;10502
2021-01-15;15/01/2021;1800;1800;1775;1775;60
2021-01-18;18/01/2021;1775;1800;1775;1800;566
2021-01-19;19/01/2021;1800;1800;1800;1800;3520
2021-01-21;21/01/2021;1800;1800;1800;1800;456
2021-01-22;22/01/2021;1800;1820;1800;1820;2122
2021-01-25;25/01/2021;1800;1820;1800;1820;774
2021-01-26;26/01/2021;1820;1825;1820;1825;42
2021-01-27;27/01/2021;1820;1825;1820;1825;668
2021-01-28;28/01/2021;1825;1825;1825;1825;1440
2021-01-29;29/01/2021;1845;1845;1845;1845;622
2021-02-01;01/02/2021;1827.5;1827.5;1825;1825;2030
2021-02-02;02/02/2021;1875;1875;1845;1845;232
2021-02-03;03/02/2021;1845;1850;1845;1850;590
2021-02-04;04/02/2021;1827.5;1900;1827.5;1900;280
2021-02-05;05/02/2021;1900;1900;1900;1900;228
2021-02-08;08/02/2021;1902.5;1945;1902.5;1945;124
2021-02-09;09/02/2021;1915;1935;1915;1935;244
2021-02-10;10/02/2021;1900;1925;1900;1925;348
2021-02-11;11/02/2021;1900;1900;1900;1900;126
2021-02-12;12/02/2021;1862.5;1900;1862.5;1900;120
2021-02-15;15/02/2021;1900;1900;1900;1900;30
2021-02-16;16/02/2021;1847.5;1847.5;1847.5;1847.5;212
2021-02-17;17/02/2021;1897.5;1897.5;1850;1850;24208
2021-02-18;18/02/2021;1847.5;1900;1847.5;1900;17772
2021-02-19;19/02/2021;1850;1900;1850;1900;268
2021-02-22;22/02/2021;1900;1900;1900;1900;1494
2021-02-23;23/02/2021;1900;1900;1865;1865;384
2021-02-24;24/02/2021;1865;1865;1865;1865;284
2021-02-25;25/02/2021;1865;1865;1865;1865;84
2021-02-26;26/02/2021;1900;1900;1900;1900;214
2021-03-01;01/03/2021;1900;1925;1900;1925;43000
2021-03-02;02/03/2021;1900;1900;1875;1875;21950
2021-03-03;03/03/2021;1875;1875;1805;1805;240
2021-03-04;04/03/2021;1807.5;1807.5;1807.5;1807.5;356
2021-03-05;05/03/2021;1875;1875;1837.5;1837.5;700
2021-03-09;09/03/2021;1850;1875;1850;1875;144
2021-03-10;10/03/2021;1875;1875;1865;1865;59932
2021-03-11;11/03/2021;1875;1900;1875;1900;1122
2021-03-12;12/03/2021;1867.5;1900;1867.5;1900;1364
2021-03-15;15/03/2021;1900;1900;1865;1865;1364
2021-03-16;16/03/2021;1865;1865;1865;1865;674
2021-03-18;18/03/2021;1867.5;1897.5;1867.5;1897.5;102
2021-03-19;19/03/2021;1900;1900;1900;1900;736
2021-03-22;22/03/2021;1897.5;1897.5;1897.5;1897.5;706
2021-03-24;24/03/2021;1877.5;1877.5;1875;1875;3920
2021-03-25;25/03/2021;1897.5;1897.5;1897.5;1897.5;1112
2021-03-26;26/03/2021;1897.5;1900;1897.5;1900;2290
2021-03-29;29/03/2021;1890;1900;1890;1900;470
2021-03-30;30/03/2021;1900;1900;1900;1900;3018
2021-03-31;31/03/2021;1900;1900;1900;1900;160
2021-04-01;01/04/2021;1900;1900;1900;1900;330
2021-04-06;06/04/2021;1925;1925;1925;1925;2
2021-04-07;07/04/2021;1925;1925;1925;1925;116
2021-04-08;08/04/2021;1925;1950;1925;1950;2080
2021-04-09;09/04/2021;1950;1950;1950;1950;3752
2021-04-12;12/04/2021;1950;1950;1950;1950;1802
2021-04-13;13/04/2021;1950;1997.5;1950;1997.5;1426
2021-04-14;14/04/2021;1905;1905;1905;1905;320
2021-04-15;15/04/2021;1950;1995;1950;1995;134
2021-04-16;16/04/2021;1905;1955;1905;1955;736
2021-04-19;19/04/2021;1955;1955;1955;1955;30
2021-04-20;20/04/2021;1955;1955;1955;1955;2774
2021-04-21;21/04/2021;1950;1950;1950;1950;2184
2021-04-22;22/04/2021;1950;1950;1950;1950;338
2021-04-23;23/04/2021;1950;1950;1950;1950;540
2021-04-26;26/04/2021;1947.5;1950;1947.5;1950;232
2021-04-27;27/04/2021;1947.5;1947.5;1915;1915;928
2021-04-28;28/04/2021;1925;1950;1925;1950;284
2021-04-29;29/04/2021;1765;1765;1765;1765;80
2021-04-30;30/04/2021;1827.5;1875;1827.5;1875;344
2021-05-04;04/05/2021;1890;1890;1750;1750;1406
2021-05-05;05/05/2021;1875;1875;1875;1875;402
2021-05-06;06/05/2021;1875;1875;1850;1850;14088
2021-05-07;07/05/2021;1872.5;1872.5;1872.5;1872.5;48
2021-05-10;10/05/2021;1895;1895;1872.5;1872.5;182
2021-05-11;11/05/2021;1872.5;1872.5;1872.5;1872.5;6858
2021-05-12;12/05/2021;1872.5;1872.5;1872.5;1872.5;6858
2021-05-14;14/05/2021;1872.5;1872.5;1850;1850;590
2021-05-17;17/05/2021;1850;1850;1850;1850;32
2021-05-18;18/05/2021;1850;1875;1850;1875;200
2021-05-20;20/05/2021;1850;1850;1850;1850;4248
2021-05-21;21/05/2021;1872.5;1872.5;1872.5;1872.5;16778
2021-05-24;24/05/2021;1872.5;1872.5;1872.5;1872.5;16778
2021-05-25;25/05/2021;1872.5;1872.5;1872.5;1872.5;290
2021-05-26;26/05/2021;1870;1875;1870;1875;1794
2021-05-27;27/05/2021;1875;1875;1862.5;1862.5;222
2021-05-28;28/05/2021;1855;1862.5;1855;1862.5;80
2021-05-31;31/05/2021;1850;1862.5;1850;1862.5;762
2021-06-01;01/06/2021;1862.5;1900;1862.5;1900;2174
2021-06-02;02/06/2021;1900;1900;1897.5;1897.5;324
2021-06-03;03/06/2021;1900;1900;1900;1900;510
2021-06-04;04/06/2021;1900;1910;1900;1910;108
2021-06-07;07/06/2021;1900;1900;1897.5;1897.5;2218
2021-06-08;08/06/2021;1862.5;1900;1862.5;1900;4698
2021-06-09;09/06/2021;1900;1900;1900;1900;380
2021-06-10;10/06/2021;1905;1910;1905;1910;890
2021-06-11;11/06/2021;1910;1925;1910;1925;276
2021-06-14;14/06/2021;1925;1925;1925;1925;560
2021-06-15;15/06/2021;1925;1925;1910;1910;454
2021-06-16;16/06/2021;1925;1925;1910;1910;2878
2021-06-17;17/06/2021;1915;1925;1915;1925;410
2021-06-18;18/06/2021;1922.5;1925;1922.5;1925;206
2021-06-21;21/06/2021;1925;1925;1900;1900;1964
2021-06-22;22/06/2021;1900;1925;1900;1925;6446
2021-06-23;23/06/2021;1925;1925;1925;1925;450
2021-06-24;24/06/2021;1925;1925;1925;1925;20
2021-06-25;25/06/2021;1945;1950;1945;1950;240
2021-06-28;28/06/2021;1925;1950;1925;1950;118
2021-06-29;29/06/2021;1950;2000;1950;2000;336
2021-06-30;30/06/2021;1925;2000;1925;2000;208
2021-07-01;01/07/2021;2000;2000;2000;2000;2
2021-07-02;02/07/2021;1950;1950;1927.5;1927.5;42
2021-07-05;05/07/2021;1927.5;1950;1927.5;1950;194
2021-07-06;06/07/2021;1952.5;1952.5;1950;1950;200
2021-07-07;07/07/2021;1950;1975;1950;1975;38
2021-07-08;08/07/2021;2000;2000;2000;2000;200
2021-07-09;09/07/2021;1980;1980;1975;1975;244
2021-07-12;12/07/2021;1975;1975;1975;1975;188
2021-07-13;13/07/2021;1977.5;1997.5;1977.5;1997.5;420
2021-07-15;15/07/2021;2087.5;2087.5;2087.5;2087.5;500
2021-07-16;16/07/2021;1997.5;2000;1997.5;2000;104
2021-07-21;21/07/2021;2000;2000;2000;2000;460
2021-07-22;22/07/2021;2000;2000;1950;1950;554
2021-07-23;23/07/2021;1950;2000;1950;2000;148
2021-07-26;26/07/2021;2000;2000;2000;2000;586
2021-07-27;27/07/2021;2002.5;2002.5;2000;2000;3150
2021-07-28;28/07/2021;2000;2000;2000;2000;1800
2021-07-29;29/07/2021;2000;2002.5;2000;2002.5;3220
2021-08-02;02/08/2021;2002.5;2007.5;2002.5;2007.5;2748
2021-08-03;03/08/2021;2002.5;2002.5;2000;2000;3600
2021-08-04;04/08/2021;2000;2075;2000;2075;332
2021-08-05;05/08/2021;2050;2050;2050;2050;280
2021-08-06;06/08/2021;2050;2050;2050;2050;2
2021-08-09;09/08/2021;2050;2050;2050;2050;148
2021-08-10;10/08/2021;2002.5;2002.5;2002.5;2002.5;344
2021-08-11;11/08/2021;2005;2037.5;2005;2037.5;100
2021-08-12;12/08/2021;2005;2037.5;2005;2037.5;6440
2021-08-13;13/08/2021;2037.5;2050;2037.5;2050;2004
2021-08-16;16/08/2021;2050;2090;2050;2090;1182
2021-08-17;17/08/2021;2090;2172.5;2090;2172.5;436
2021-08-18;18/08/2021;2170;2325;2170;2325;456
2021-08-19;19/08/2021;2400;2400;2325;2325;834
2021-08-20;20/08/2021;2327.5;2327.5;2325;2325;2270
2021-08-23;23/08/2021;2325;2350;2325;2350;2624
2021-08-24;24/08/2021;2347.5;2365;2347.5;2365;3048
2021-08-25;25/08/2021;2367.5;2367.5;2325;2325;3690
2021-08-26;26/08/2021;2325;2347.5;2325;2347.5;1972
2021-08-27;27/08/2021;2347.5;2350;2347.5;2350;462
2021-08-30;30/08/2021;2350;2397.5;2350;2397.5;1006
2021-08-31;31/08/2021;2397.5;2397.5;2352.5;2352.5;960
2021-09-01;01/09/2021;2397.5;2397.5;2387.5;2387.5;74
2021-09-02;02/09/2021;2375;2375;2375;2375;2764
2021-09-03;03/09/2021;2397.5;2425;2397.5;2425;522
2021-09-06;06/09/2021;2425;2425;2425;2425;426
2021-09-07;07/09/2021;2425;2425;2422.5;2422.5;7858
2021-09-08;08/09/2021;2400;2425;2400;2425;3454
2021-09-09;09/09/2021;2425;2425;2422.5;2422.5;884
2021-09-10;10/09/2021;2425;2425;2425;2425;1174
2021-09-13;13/09/2021;2425;2425;2425;2425;180
2021-09-14;14/09/2021;2400;2420;2400;2420;186
2021-09-15;15/09/2021;2425;2425;2425;2425;11950
2021-09-16;16/09/2021;2425;2500;2425;2500;3324
2021-09-17;17/09/2021;2450;2550;2450;2550;2540
2021-09-20;20/09/2021;2547.5;2550;2547.5;2550;4476
2021-09-21;21/09/2021;2550;2550;2550;2550;586
2021-09-22;22/09/2021;2550;2740;2550;2740;960
2021-09-23;23/09/2021;2600;2945;2600;2945;268
2021-09-24;24/09/2021;2945;2950;2945;2950;794
2021-09-27;27/09/2021;2900;2900;2900;2900;476
2021-09-28;28/09/2021;2900;2900;2897.5;2897.5;146
2021-09-29;29/09/2021;2895;2895;2895;2895;168
2021-09-30;30/09/2021;2825;2825;2750;2750;148
2021-10-01;01/10/2021;2750;2825;2750;2825;698
2021-10-04;04/10/2021;2800;2800;2800;2800;90
2021-10-05;05/10/2021;2822.5;2822.5;2800;2800;800
2021-10-06;06/10/2021;2822.5;2822.5;2775;2775;1014
2021-10-07;07/10/2021;2800;2800;2800;2800;1810
2021-10-08;08/10/2021;2800;2800;2800;2800;200
2021-10-11;11/10/2021;2800;2800;2800;2800;532
2021-10-12;12/10/2021;2775;2775;2775;2775;158
2021-10-13;13/10/2021;2752.5;2775;2752.5;2775;250
2021-10-14;14/10/2021;2775;2775;2750;2750;1420
2021-10-15;15/10/2021;2750;2750;2750;2750;200
2021-10-18;18/10/2021;2750;2750;2750;2750;200
2021-10-19;19/10/2021;2602.5;2745;2602.5;2745;862
2021-10-20;20/10/2021;2600;2745;2600;2745;1324
2021-10-21;21/10/2021;2750;2750;2700;2700;122
2021-10-22;22/10/2021;2700;2700;2647.5;2647.5;192
2021-10-25;25/10/2021;2645;2645;2645;2645;1946
2021-10-26;26/10/2021;2640;2640;2600;2600;988
2021-10-27;27/10/2021;2600;2600;2600;2600;1950
2021-10-28;28/10/2021;2550;2750;2550;2750;3168
2021-10-29;29/10/2021;2750;2800;2750;2800;472
2021-11-01;01/11/2021;2750;2800;2750;2800;472
2021-11-02;02/11/2021;2797.5;2797.5;2797.5;2797.5;10
2021-11-03;03/11/2021;2797.5;2797.5;2790;2790;1186
2021-11-04;04/11/2021;2825;2900;2825;2900;396
2021-11-05;05/11/2021;2900;2900;2900;2900;20
2021-11-08;08/11/2021;2825;2900;2825;2900;2452
2021-11-09;09/11/2021;2802.5;2802.5;2800;2800;308
2021-11-10;10/11/2021;2800;2802.5;2800;2802.5;660
2021-11-11;11/11/2021;2802.5;2807.5;2802.5;2807.5;340
2021-11-12;12/11/2021;2807.5;2810;2807.5;2810;560
2021-11-15;15/11/2021;2807.5;2810;2807.5;2810;560
2021-11-16;16/11/2021;2812.5;2812.5;2807.5;2807.5;1090
2021-11-17;17/11/2021;2847.5;2847.5;2807.5;2807.5;1688
2021-11-18;18/11/2021;2807.5;2807.5;2807.5;2807.5;224
2021-11-19;19/11/2021;2807.5;2900;2807.5;2900;112
2021-11-22;22/11/2021;2875;2925;2875;2925;14614
2021-11-23;23/11/2021;2925;2925;2925;2925;3558
2021-11-24;24/11/2021;2925;2945;2925;2945;6282
2021-11-25;25/11/2021;2925;3150;2925;3150;4100
2021-11-26;26/11/2021;3100;3100;2945;2945;420
2021-11-29;29/11/2021;2925;2945;2925;2945;438
2021-11-30;30/11/2021;3000;3000;2947.5;2947.5;76
2021-12-01;01/12/2021;2945;3000;2945;3000;188
2021-12-02;02/12/2021;2997.5;3000;2997.5;3000;1582
2021-12-03;03/12/2021;3005;3005;3005;3005;692
2021-12-06;06/12/2021;3005;3005;3002.5;3002.5;2474
2021-12-07;07/12/2021;3007.5;3097.5;3007.5;3097.5;1732
2021-12-08;08/12/2021;3052.5;3052.5;3052.5;3052.5;762
2021-12-09;09/12/2021;3100;3100;3100;3100;1606
2021-12-10;10/12/2021;3100;3100;3100;3100;3664
2021-12-13;13/12/2021;3097.5;3097.5;3087.5;3087.5;2010
2021-12-14;14/12/2021;3100;3130;3100;3130;1844
2021-12-15;15/12/2021;3100;3150;3100;3150;1466
2021-12-16;16/12/2021;3130;3130;3130;3130;982
2021-12-17;17/12/2021;3132.5;3132.5;3130;3130;150
2021-12-20;20/12/2021;3100;3130;3100;3130;780
2021-12-21;21/12/2021;3130;3150;3130;3150;1224
2021-12-22;22/12/2021;3150;3200;3150;3200;650
2021-12-23;23/12/2021;3200;3200;3200;3200;2072
2021-12-24;24/12/2021;3100;3100;3100;3100;100
2021-12-27;27/12/2021;3100;3150;3100;3150;5452
2021-12-28;28/12/2021;3150;3225;3150;3225;2940
2021-12-29;29/12/2021;3150;3150;3150;3150;2568
2021-12-30;30/12/2021;3150;3150;3150;3150;5092
2021-12-31;31/12/2021;3100;3100;3100;3100;300
2022-01-03;03/01/2022;3050;3100;3050;3100;770
2022-01-04;04/01/2022;3150;3150;3125;3125;278
2022-01-05;05/01/2022;3100;3100;3100;3100;138
2022-01-06;06/01/2022;3100;3102.5;3100;3102.5;350
2022-01-07;07/01/2022;3102.5;3102.5;3102.5;3102.5;20
2022-01-10;10/01/2022;3325;3325;3325;3325;168
2022-01-11;11/01/2022;3300;3300;3300;3300;128
2022-01-12;12/01/2022;3102.5;3250;3102.5;3250;446
2022-01-13;13/01/2022;3250;3250;3250;3250;724
2022-01-14;14/01/2022;3102.5;3250;3102.5;3250;80
2022-01-17;17/01/2022;3250;3250;3100;3100;2318
2022-01-18;18/01/2022;3100;3110;3100;3110;2034
2022-01-19;19/01/2022;3110;3110;3110;3110;6182
2022-01-20;20/01/2022;3110;3250;3110;3250;3782
2022-01-21;21/01/2022;3250;3250;3250;3250;210
2022-01-24;24/01/2022;3112.5;3112.5;3112.5;3112.5;1610
2022-01-25;25/01/2022;3050;3050;3050;3050;1118
2022-01-26;26/01/2022;3000;3000;3000;3000;338
2022-01-27;27/01/2022;3000;3000;2995;2995;872
2022-01-28;28/01/2022;3000;3000;2992.5;2992.5;1232
2022-01-31;31/01/2022;2972.5;2975;2972.5;2975;960
2022-02-01;01/02/2022;2975;3102.5;2975;3102.5;202
2022-02-02;02/02/2022;3050;3050;3002.5;3002.5;538
2022-02-03;03/02/2022;3072.5;3072.5;3072.5;3072.5;620
2022-02-04;04/02/2022;3072.5;3072.5;3070;3070;580
2022-02-08;08/02/2022;3075;3075;3070;3070;1600
2022-02-09;09/02/2022;3050;3050;3050;3050;252
2022-02-10;10/02/2022;3070;3070;3055;3055;68
2022-02-11;11/02/2022;3055;3055;2972.5;2972.5;1488
2022-02-14;14/02/2022;2972.5;2972.5;2972.5;2972.5;8400
2022-02-15;15/02/2022;3050;3050;2972.5;2972.5;4640
2022-02-16;16/02/2022;2990;2990;2950;2950;130
2022-02-17;17/02/2022;3000;3100;3000;3100;60
2022-02-18;18/02/2022;3100;3100;3002.5;3002.5;610
2022-02-21;21/02/2022;3100;3100;3100;3100;12
2022-02-22;22/02/2022;3097.5;3100;3097.5;3100;234
2022-02-23;23/02/2022;3100;3100;3100;3100;614
2022-02-24;24/02/2022;3077.5;3077.5;3077.5;3077.5;6280
2022-02-25;25/02/2022;3095;3100;3095;3100;612
2022-02-28;28/02/2022;3100;3100;3100;3100;326
2022-03-01;01/03/2022;3100;3100;3100;3100;2154
2022-03-03;03/03/2022;3075;3300;3075;3300;948
2022-03-04;04/03/2022;3235;3300;3235;3300;174
2022-03-07;07/03/2022;3075;3090;3075;3090;234
2022-03-08;08/03/2022;3300;3300;3100;3100;74
2022-03-09;09/03/2022;3090;3090;3090;3090;1056
2022-03-10;10/03/2022;3075;3075;3075;3075;40
2022-03-11;11/03/2022;3000;3297.5;3000;3297.5;420
2022-03-14;14/03/2022;3250;3250;3105;3105;404
2022-03-15;15/03/2022;3297.5;3297.5;3242.5;3242.5;1034
2022-03-16;16/03/2022;3242.5;3242.5;3177.5;3177.5;516
2022-03-17;17/03/2022;3200;3200;3200;3200;242
2022-03-18;18/03/2022;3175;3175;3100;3100;1146
2022-03-21;21/03/2022;3097.5;3097.5;3097.5;3097.5;508
2022-03-22;22/03/2022;3097.5;3097.5;3097.5;3097.5;1394
2022-03-23;23/03/2022;3097.5;3097.5;3097.5;3097.5;344
2022-03-24;24/03/2022;3100;3100;3100;3100;214
2022-03-25;25/03/2022;3100;3100;3100;3100;818
2022-03-28;28/03/2022;3040;3042.5;3040;3042.5;342
2022-03-29;29/03/2022;3100;3100;3050;3050;466
2022-03-30;30/03/2022;3060;3060;3050;3050;4396
2022-03-31;31/03/2022;3050;3050;2950;2950;1952
2022-04-01;01/04/2022;3000;3000;3000;3000;1184
2022-04-04;04/04/2022;2997.5;3000;2997.5;3000;2030
2022-04-05;05/04/2022;2950;3000;2950;3000;7112
2022-04-06;06/04/2022;3000;3000;3000;3000;3986
2022-04-07;07/04/2022;3000;3000;2950;2950;1864
2022-04-08;08/04/2022;2950;2950;2947.5;2947.5;646
2022-04-11;11/04/2022;2947.5;2950;2947.5;2950;1310
2022-04-12;12/04/2022;2950;2950;2950;2950;588
2022-04-13;13/04/2022;2950;2950;2950;2950;1946
2022-04-14;14/04/2022;2952.5;3000;2952.5;3000;2464
2022-04-15;15/04/2022;3150;3150;3150;3150;10
2022-04-19;19/04/2022;3125;3125;3115;3115;760
2022-04-20;20/04/2022;3050;3050;3050;3050;1044
2022-04-21;21/04/2022;3050;3050;3050;3050;2
2022-04-22;22/04/2022;3112.5;3125;3112.5;3125;406
2022-04-25;25/04/2022;3100;3122.5;3100;3122.5;224
2022-04-26;26/04/2022;3120;3120;3000;3000;1320
2022-04-27;27/04/2022;3000;3000;3000;3000;5012
2022-04-28;28/04/2022;3000;3000;3000;3000;5012
2022-04-29;29/04/2022;2570;2950;2570;2950;11308
2022-05-02;02/05/2022;2570;2950;2570;2950;11308
2022-05-03;03/05/2022;2950;2950;2950;2950;50012
2022-05-04;04/05/2022;2950;2950;2925;2925;532
2022-05-05;05/05/2022;2750;2800;2750;2800;210
2022-05-06;06/05/2022;2800;2800;2800;2800;1820
2022-05-09;09/05/2022;2800;2800;2800;2800;992
2022-05-10;10/05/2022;2800;2800;2750;2750;418
2022-05-11;11/05/2022;2750;2797.5;2750;2797.5;70
2022-05-12;12/05/2022;2750;2797.5;2750;2797.5;70
2022-05-13;13/05/2022;2797.5;2797.5;2795;2795;32
2022-05-16;16/05/2022;2790;2790;2750;2750;754
2022-05-17;17/05/2022;2750;2750;2750;2750;158
2022-05-18;18/05/2022;2790;2790;2790;2790;80
2022-05-19;19/05/2022;2750;2750;2750;2750;578
2022-05-20;20/05/2022;2730;2730;2730;2730;124
2022-05-23;23/05/2022;2750;2750;2730;2730;100
2022-05-24;24/05/2022;2730;2730;2602.5;2602.5;1344
2022-05-25;25/05/2022;2602.5;2602.5;2575;2575;16230
2022-05-26;26/05/2022;2602.5;2602.5;2575;2575;16230
2022-05-27;27/05/2022;2575;2600;2575;2600;1080
2022-05-30;30/05/2022;2600;2600;2600;2600;1794
2022-05-31;31/05/2022;2605;2652.5;2605;2652.5;130
2022-06-01;01/06/2022;2600;2750;2600;2750;3998
2022-06-02;02/06/2022;2750;2750;2750;2750;310
2022-06-03;03/06/2022;2745;2745;2745;2745;806
2022-06-06;06/06/2022;2745;2745;2745;2745;806
2022-06-07;07/06/2022;2745;2745;2725;2725;656
2022-06-08;08/06/2022;2725;2725;2725;2725;282
2022-06-09;09/06/2022;2725;2725;2722.5;2722.5;7848
2022-06-10;10/06/2022;2725;2725;2725;2725;516
2022-06-13;13/06/2022;2700;2700;2700;2700;670
2022-06-14;14/06/2022;2675;2675;2650;2650;1636
2022-06-15;15/06/2022;2627.5;2650;2627.5;2650;1566
2022-06-16;16/06/2022;2650;2650;2650;2650;994
2022-06-17;17/06/2022;2650;2650;2650;2650;5168
2022-06-20;20/06/2022;2675;2712.5;2675;2712.5;3886
2022-06-21;21/06/2022;2712.5;2712.5;2712.5;2712.5;9418
2022-06-22;22/06/2022;2712.5;2712.5;2712.5;2712.5;80
2022-06-23;23/06/2022;2700;2700;2650;2650;96
2022-06-24;24/06/2022;2650;2700;2650;2700;624
2022-06-27;27/06/2022;2535;2700;2535;2700;6552
2022-06-28;28/06/2022;2725;2725;2700;2700;16040
2022-06-29;29/06/2022;2650;2650;2650;2650;20
2022-06-30;30/06/2022;2652.5;2652.5;2652.5;2652.5;206
2022-07-01;01/07/2022;2700;2700;2680;2680;424
2022-07-04;04/07/2022;2700;2800;2700;2800;628
2022-07-05;05/07/2022;2775;2775;2775;2775;608
2022-07-06;06/07/2022;2750;2800;2750;2800;2216
2022-07-07;07/07/2022;2925;2925;2850;2850;130
2022-07-08;08/07/2022;2925;2925;2805;2805;2660
2022-07-11;11/07/2022;2925;2925;2920;2920;48
2022-07-12;12/07/2022;2925;2925;2925;2925;116
2022-07-13;13/07/2022;2835;2920;2835;2920;144
2022-07-14;14/07/2022;2900;2900;2900;2900;534
2022-07-15;15/07/2022;2860;2900;2860;2900;1200
2022-07-18;18/07/2022;2850;2900;2850;2900;1126
2022-07-19;19/07/2022;2900;2900;2900;2900;740
2022-07-20;20/07/2022;2900;2900;2900;2900;280
2022-07-21;21/07/2022;2900;2900;2900;2900;2
2022-07-22;22/07/2022;2900;2900;2900;2900;636
2022-07-25;25/07/2022;2900;2900;2900;2900;636
2022-07-26;26/07/2022;2900;2900;2875;2875;296
2022-07-27;27/07/2022;2875;2875;2802.5;2802.5;910
2022-07-28;28/07/2022;2802.5;2850;2802.5;2850;64
2022-07-29;29/07/2022;2850;2850;2850;2850;640
2022-08-01;01/08/2022;2875;2875;2875;2875;54
2022-08-02;02/08/2022;2875;2875;2850;2850;180
2022-08-03;03/08/2022;2875;2875;2850;2850;622
2022-08-04;04/08/2022;2852.5;2852.5;2850;2850;478
2022-08-05;05/08/2022;2850;2850;2850;2850;364
2022-08-08;08/08/2022;2850;2850;2850;2850;364
2022-08-09;09/08/2022;2850;2850;2850;2850;2614
2022-08-10;10/08/2022;2802.5;2850;2802.5;2850;108
2022-08-11;11/08/2022;2850;2872.5;2850;2872.5;710
2022-08-12;12/08/2022;2872.5;2872.5;2872.5;2872.5;30
2022-08-15;15/08/2022;2872.5;2872.5;2872.5;2872.5;30
2022-08-16;16/08/2022;2750;2750;2750;2750;106
2022-08-17;17/08/2022;2750;2750;2750;2750;524
2022-08-18;18/08/2022;2755;2755;2755;2755;516
2022-08-19;19/08/2022;2755;2775;2755;2775;108
2022-08-22;22/08/2022;2800;2800;2800;2800;202
2022-08-23;23/08/2022;2775;2775;2750;2750;4712
2022-08-24;24/08/2022;2700;2750;2700;2750;1112
2022-08-25;25/08/2022;2702.5;2800;2702.5;2800;1602
2022-08-26;26/08/2022;2800;2800;2800;2800;214
2022-08-29;29/08/2022;2800;2800;2750;2750;312
2022-08-30;30/08/2022;2800;2800;2725;2725;13732
2022-08-31;31/08/2022;2775;2775;2725;2725;4200
2022-09-01;01/09/2022;2725;2725;2725;2725;294
2022-09-02;02/09/2022;2725;2725;2725;2725;312
2022-09-05;05/09/2022;2725;2725;2725;2725;1402
2022-09-06;06/09/2022;2562.5;2562.5;2550;2550;1456
2022-09-07;07/09/2022;2600;2600;2600;2600;524
2022-09-08;08/09/2022;2575;2697.5;2575;2697.5;160
2022-09-09;09/09/2022;2700;2700;2697.5;2697.5;238
2022-09-12;12/09/2022;2692.5;2697.5;2692.5;2697.5;1266
2022-09-13;13/09/2022;2725;2725;2700;2700;666
2022-09-14;14/09/2022;2695;2695;2655;2655;718
2022-09-15;15/09/2022;2600;2600;2600;2600;1668
2022-09-16;16/09/2022;2610;2795;2610;2795;7250
2022-09-19;19/09/2022;2675;2675;2675;2675;256
2022-09-20;20/09/2022;2675;2675;2617.5;2617.5;788
2022-09-21;21/09/2022;2650;2675;2650;2675;360
2022-09-22;22/09/2022;2630;2675;2630;2675;242
2022-09-23;23/09/2022;2650;2650;2650;2650;454
2022-09-26;26/09/2022;2650;2650;2650;2650;3848
2022-09-27;27/09/2022;2650;2650;2645;2645;8360
2022-09-28;28/09/2022;2675;2675;2645;2645;4764
2022-09-29;29/09/2022;2652.5;2652.5;2647.5;2647.5;980
2022-09-30;30/09/2022;2650;2650;2550;2550;5586
2022-10-03;03/10/2022;2650;2650;2550;2550;3374
2022-10-04;04/10/2022;2650;2650;2650;2650;3666
2022-10-05;05/10/2022;2650;2650;2625;2625;4250
2022-10-06;06/10/2022;2650;2650;2650;2650;10588
2022-10-07;07/10/2022;2675;2825;2675;2825;2852
2022-10-10;10/10/2022;2850;2850;2652.5;2652.5;1150
2022-10-11;11/10/2022;2675;2675;2675;2675;262
2022-10-12;12/10/2022;2675;2675;2675;2675;170
2022-10-13;13/10/2022;2797.5;2797.5;2797.5;2797.5;398
2022-10-14;14/10/2022;2797.5;2797.5;2797.5;2797.5;194
2022-10-17;17/10/2022;2795;2795;2675;2675;242
2022-10-18;18/10/2022;2675;2675;2650;2650;12816
2022-10-19;19/10/2022;2675;2675;2650;2650;900
2022-10-20;20/10/2022;2600;2625;2600;2625;188
2022-10-21;21/10/2022;2600;2625;2600;2625;300
2022-10-24;24/10/2022;2625;2625;2625;2625;3818
2022-10-25;25/10/2022;2600;2675;2600;2675;9444
2022-10-26;26/10/2022;2675;2850;2675;2850;1248
2022-10-27;27/10/2022;2800;2800;2675;2675;32494
2022-10-28;28/10/2022;2700;2700;2675;2675;132
2022-10-31;31/10/2022;2700;2700;2675;2675;132
2022-11-01;01/11/2022;2700;2700;2700;2700;224
2022-11-02;02/11/2022;2675;2675;2675;2675;828
2022-11-03;03/11/2022;2675;2675;2675;2675;236
2022-11-04;04/11/2022;2672.5;2672.5;2600;2600;1318
2022-11-07;07/11/2022;2600;2675;2600;2675;1994
2022-11-08;08/11/2022;2675;2675;2650;2650;250
2022-11-09;09/11/2022;2625;2675;2625;2675;3042
2022-11-10;10/11/2022;2675;2675;2675;2675;360
2022-11-11;11/11/2022;2670;2670;2650;2650;58
2022-11-14;14/11/2022;2650;2650;2650;2650;110
2022-11-15;15/11/2022;2650;2650;2650;2650;110
2022-11-16;16/11/2022;2670;2670;2650;2650;1290
2022-11-17;17/11/2022;2650;2650;2650;2650;252
2022-11-18;18/11/2022;2650;2650;2650;2650;1538
2022-11-21;21/11/2022;2650;2650;2602.5;2602.5;11284
2022-11-22;22/11/2022;2650;2650;2602.5;2602.5;162
2022-11-23;23/11/2022;2575;2625;2575;2625;944
2022-11-24;24/11/2022;2625;2645;2625;2645;640
2022-11-25;25/11/2022;2645;2645;2645;2645;124
2022-11-28;28/11/2022;2625;2625;2625;2625;2126
2022-11-29;29/11/2022;2642.5;2642.5;2575;2575;4104
2022-11-30;30/11/2022;2642.5;2642.5;2575;2575;4104
2022-12-01;01/12/2022;2642.5;2642.5;2575;2575;4104
2022-12-02;02/12/2022;2600;2600;2600;2600;180
2022-12-05;05/12/2022;2600;2600;2597.5;2597.5;3216
2022-12-06;06/12/2022;2502.5;2572.5;2502.5;2572.5;3016
2022-12-07;07/12/2022;2550;2597.5;2550;2597.5;1156
2022-12-08;08/12/2022;2550;2550;2550;2550;100
2022-12-09;09/12/2022;2505;2597.5;2505;2597.5;340
2022-12-12;12/12/2022;2597.5;2597.5;2597.5;2597.5;72
2022-12-13;13/12/2022;2597.5;2597.5;2597.5;2597.5;6678
2022-12-14;14/12/2022;2595;2597.5;2595;2597.5;156
2022-12-15;15/12/2022;2597.5;2597.5;2597.5;2597.5;6
2022-12-16;16/12/2022;2485;2597.5;2485;2597.5;208
2022-12-19;19/12/2022;2492.5;2597.5;2492.5;2597.5;414
2022-12-20;20/12/2022;2590;2595;2590;2595;116
2022-12-21;21/12/2022;2552.5;2595;2552.5;2595;1028
2022-12-22;22/12/2022;2595;2597.5;2595;2597.5;2244
2022-12-23;23/12/2022;2505;2597.5;2505;2597.5;250
2022-12-26;26/12/2022;2505;2597.5;2505;2597.5;250
2022-12-27;27/12/2022;2505;2550;2505;2550;132
2022-12-28;28/12/2022;2497.5;2647.5;2497.5;2647.5;2496
2022-12-29;29/12/2022;2550;2647.5;2550;2647.5;86
2022-12-30;30/12/2022;2647.5;2647.5;2600;2600;944
2023-01-02;02/01/2023;2600;2600;2500;2500;118
2023-01-03;03/01/2023;2495;2502.5;2495;2502.5;540
2023-01-04;04/01/2023;2525;2525;2500;2500;250
2023-01-05;05/01/2023;2645;2645;2505;2505;220
2023-01-06;06/01/2023;2645;2645;2512.5;2512.5;104
2023-01-09;09/01/2023;2525;2550;2525;2550;876
2023-01-10;10/01/2023;2512.5;2550;2512.5;2550;834
2023-01-11;11/01/2023;2547.5;2547.5;2525;2525;90
2023-01-12;12/01/2023;2527.5;2675;2527.5;2675;750
2023-01-13;13/01/2023;2650;2650;2650;2650;174
2023-01-16;16/01/2023;2650;2650;2650;2650;174
2023-01-17;17/01/2023;2650;2650;2555;2555;40
2023-01-18;18/01/2023;2650;2650;2650;2650;18
2023-01-19;19/01/2023;2557.5;2650;2557.5;2650;306
2023-01-20;20/01/2023;2650;2650;2650;2650;1698
2023-01-23;23/01/2023;2650;2650;2620;2620;472
2023-01-24;24/01/2023;2600;2600;2600;2600;422
2023-01-25;25/01/2023;2600;2600;2600;2600;84
2023-01-26;26/01/2023;2560;2600;2560;2600;1456
2023-01-27;27/01/2023;2600;2600;2600;2600;2314
2023-01-30;30/01/2023;2575;2575;2575;2575;3406
2023-01-31;31/01/2023;2575;2575;2575;2575;4244
2023-02-01;01/02/2023;2575;2675;2575;2675;132
2023-02-02;02/02/2023;2697.5;2697.5;2637.5;2637.5;448
2023-02-03;03/02/2023;2700;2700;2700;2700;452
2023-02-06;06/02/2023;2557.5;2750;2557.5;2750;166
2023-02-07;07/02/2023;2700;2750;2700;2750;894
2023-02-08;08/02/2023;2697.5;2895;2697.5;2895;6404
2023-02-09;09/02/2023;2895;2895;2895;2895;22
2023-02-10;10/02/2023;2680;2850;2680;2850;180
2023-02-13;13/02/2023;2680;2842.5;2680;2842.5;1220
2023-02-14;14/02/2023;2645;2700;2645;2700;230
2023-02-15;15/02/2023;2625;2625;2605;2605;2892
2023-02-16;16/02/2023;2625;2675;2625;2675;2120
2023-02-17;17/02/2023;2627.5;2675;2627.5;2675;130
2023-02-20;20/02/2023;2675;2675;2650;2650;3982
2023-02-21;21/02/2023;2650;2650;2650;2650;1252
2023-02-22;22/02/2023;2600;2650;2600;2650;4570
2023-02-23;23/02/2023;2645;2645;2600;2600;334
2023-02-24;24/02/2023;2600;2652.5;2600;2652.5;16550
2023-02-27;27/02/2023;2700;2825;2700;2825;2054
2023-02-28;28/02/2023;2822.5;2822.5;2812.5;2812.5;446
2023-03-01;01/03/2023;2812.5;2832.5;2812.5;2832.5;312
2023-03-02;02/03/2023;2830;2830;2830;2830;340
2023-03-03;03/03/2023;2825;2825;2800;2800;424
2023-03-06;06/03/2023;2800;2825;2800;2825;4058
2023-03-07;07/03/2023;2800;2815;2800;2815;4574
2023-03-08;08/03/2023;2815;2815;2815;2815;186
2023-03-09;09/03/2023;2860;2992.5;2860;2992.5;61944
2023-03-10;10/03/2023;2992.5;2997.5;2992.5;2997.5;962
2023-03-13;13/03/2023;2997.5;2997.5;2995;2995;242
2023-03-14;14/03/2023;2987.5;2987.5;2927.5;2927.5;4098
2023-03-15;15/03/2023;2950;2950;2922.5;2922.5;6550
2023-03-16;16/03/2023;2925;2925;2920;2920;516
2023-03-17;17/03/2023;2915;2915;2862.5;2862.5;1810
2023-03-20;20/03/2023;2862.5;2862.5;2860;2860;1858
2023-03-21;21/03/2023;2857.5;2857.5;2850;2850;1084
2023-03-22;22/03/2023;2850;2850;2800;2800;1990
2023-03-23;23/03/2023;2755;2850;2755;2850;3378
2023-03-24;24/03/2023;2850;2850;2850;2850;26
2023-03-27;27/03/2023;2847.5;2850;2847.5;2850;160
2023-03-28;28/03/2023;2847.5;2847.5;2805;2805;1238
2023-03-29;29/03/2023;2847.5;2847.5;2805;2805;1958
2023-03-30;30/03/2023;2805;2842.5;2805;2842.5;6032
2023-03-31;31/03/2023;2800;2847.5;2800;2847.5;382
2023-04-03;03/04/2023;2847.5;2847.5;2842.5;2842.5;348
2023-04-04;04/04/2023;2825;2825;2800;2800;598
2023-04-05;05/04/2023;2800;2800;2800;2800;254
2023-04-06;06/04/2023;2797.5;2800;2797.5;2800;502
2023-04-07;07/04/2023;2800;2800;2750;2750;644
2023-04-10;10/04/2023;2800;2800;2750;2750;644
2023-04-11;11/04/2023;2800;2842.5;2800;2842.5;698
2023-04-12;12/04/2023;2752.5;2800;2752.5;2800;992
2023-04-13;13/04/2023;2800;2800;2762.5;2762.5;480
2023-04-14;14/04/2023;2765;2800;2765;2800;82
2023-04-17;17/04/2023;2800;2847.5;2800;2847.5;286
2023-04-18;18/04/2023;2800;2847.5;2800;2847.5;286
2023-04-19;19/04/2023;2825;2850;2825;2850;2070
2023-04-20;20/04/2023;2900;2900;2900;2900;14
2023-04-21;21/04/2023;2900;2900;2900;2900;14
2023-04-24;24/04/2023;2875;2875;2850;2850;2554
2023-04-25;25/04/2023;2850;2850;2850;2850;3524
2023-04-26;26/04/2023;2812.5;2850;2812.5;2850;1074
2023-04-27;27/04/2023;2847.5;2850;2847.5;2850;5864
2023-04-28;28/04/2023;2850;2900;2850;2900;4398
2023-05-01;01/05/2023;2850;2900;2850;2900;4398
2023-05-02;02/05/2023;2900;2900;2900;2900;7160
2023-05-03;03/05/2023;2900;2900;2900;2900;7160
2023-05-04;04/05/2023;2775;2800;2775;2800;1348
2023-05-05;05/05/2023;2797.5;2800;2797.5;2800;2424
2023-05-08;08/05/2023;2800;2800;2800;2800;14396
2023-05-09;09/05/2023;2797.5;2797.5;2787.5;2787.5;2194
2023-05-10;10/05/2023;2747.5;2747.5;2647.5;2647.5;538
2023-05-11;11/05/2023;2650;2650;2650;2650;6970
2023-05-12;12/05/2023;2700;2700;2675;2675;16530
2023-05-15;15/05/2023;2675;2675;2675;2675;12140
2023-05-16;16/05/2023;2660;2660;2660;2660;15914
2023-05-17;17/05/2023;2672.5;2672.5;2660;2660;12022
2023-05-18;18/05/2023;2672.5;2672.5;2660;2660;12022
2023-05-19;19/05/2023;2672.5;2672.5;2660;2660;714
2023-05-22;22/05/2023;2657.5;2657.5;2650;2650;2238
2023-05-23;23/05/2023;2660;2660;2650;2650;1894
2023-05-24;24/05/2023;2625;2650;2625;2650;1300
2023-05-25;25/05/2023;2670;2675;2670;2675;4910
2023-05-26;26/05/2023;2700;2750;2700;2750;260
2023-05-29;29/05/2023;2700;2750;2700;2750;260
2023-05-30;30/05/2023;2750;2750;2747.5;2747.5;156
2023-05-31;31/05/2023;2747.5;2747.5;2747.5;2747.5;40
2023-06-01;01/06/2023;2747.5;2747.5;2747.5;2747.5;3794
2023-06-02;02/06/2023;2747.5;2790;2747.5;2790;4190
2023-06-05;05/06/2023;2750;2775;2750;2775;304
2023-06-06;06/06/2023;2755;2822.5;2755;2822.5;3916
2023-06-07;07/06/2023;2800;2825;2800;2825;1966
2023-06-08;08/06/2023;2800;2800;2800;2800;1778
2023-06-09;09/06/2023;2800;2850;2800;2850;3874
2023-06-12;12/06/2023;2850;2850;2840;2840;308
2023-06-13;13/06/2023;2827.5;2845;2827.5;2845;7142
2023-06-14;14/06/2023;2942.5;2965;2942.5;2965;4898
2023-06-15;15/06/2023;2807.5;2950;2807.5;2950;576
2023-06-16;16/06/2023;2950;2950;2940;2940;1412
2023-06-19;19/06/2023;2940;2940;2940;2940;3168
2023-06-20;20/06/2023;2940;2940;2940;2940;3508
2023-06-21;21/06/2023;2845;2940;2845;2940;1388
2023-06-22;22/06/2023;2940;3087.5;2940;3087.5;6760
2023-06-23;23/06/2023;3000;3000;3000;3000;5984
2023-06-26;26/06/2023;2950;3000;2950;3000;4996
2023-06-27;27/06/2023;3050;3050;3002.5;3002.5;2714
2023-06-28;28/06/2023;3050;3050;3002.5;3002.5;2714
2023-06-29;29/06/2023;3000;3085;3000;3085;1474
2023-06-30;30/06/2023;3092.5;3092.5;3000;3000;3674
2023-07-03;03/07/2023;3002.5;3005;3002.5;3005;476
2023-07-04;04/07/2023;3005;3050;3005;3050;104
2023-07-05;05/07/2023;3000;3050;3000;3050;2414
2023-07-06;06/07/2023;3025;3025;3025;3025;1740
2023-07-07;07/07/2023;3025;3047.5;3025;3047.5;790
2023-07-10;10/07/2023;3002.5;3002.5;3002.5;3002.5;414
2023-07-11;11/07/2023;3040;3040;3012.5;3012.5;58
2023-07-12;12/07/2023;3012.5;3012.5;3007.5;3007.5;396
2023-07-13;13/07/2023;3012.5;3012.5;3007.5;3007.5;216
2023-07-14;14/07/2023;3022.5;3022.5;3002.5;3002.5;524
2023-07-17;17/07/2023;3002.5;3005;3002.5;3005;568
2023-07-18;18/07/2023;3007.5;3050;3007.5;3050;1626
2023-07-19;19/07/2023;3012.5;3050;3012.5;3050;550
2023-07-20;20/07/2023;3050;3100;3050;3100;396
2023-07-21;21/07/2023;3097.5;3097.5;3020;3020;2930
2023-07-24;24/07/2023;3020;3047.5;3020;3047.5;3328
2023-07-25;25/07/2023;3020;3050;3020;3050;462
2023-07-26;26/07/2023;3020;3050;3020;3050;462
2023-07-27;27/07/2023;3027.5;3047.5;3027.5;3047.5;2040
2023-07-28;28/07/2023;3050;3072.5;3050;3072.5;98
2023-07-31;31/07/2023;3070;3100;3070;3100;1420
2023-08-01;01/08/2023;3052.5;3202.5;3052.5;3202.5;1096
2023-08-02;02/08/2023;3200;3200;3200;3200;140
2023-08-03;03/08/2023;3200;3202.5;3200;3202.5;1656
2023-08-04;04/08/2023;3195;3375;3195;3375;732
2023-08-07;07/08/2023;3195;3375;3195;3375;732
2023-08-08;08/08/2023;3175;3325;3175;3325;1602
2023-08-09;09/08/2023;3077.5;3297.5;3077.5;3297.5;204
2023-08-10;10/08/2023;3200;3200;3200;3200;1608
2023-08-11;11/08/2023;3225;3225;3200;3200;1712
2023-08-14;14/08/2023;3150;3250;3150;3250;5668
2023-08-15;15/08/2023;3150;3250;3150;3250;5668
2023-08-16;16/08/2023;3200;3200;3200;3200;560
2023-08-17;17/08/2023;3150;3200;3150;3200;758
2023-08-18;18/08/2023;3200;3225;3200;3225;1862
2023-08-21;21/08/2023;3200;3225;3200;3225;3112
2023-08-22;22/08/2023;3225;3225;3225;3225;820
2023-08-23;23/08/2023;3225;3225;3225;3225;730
2023-08-24;24/08/2023;3245;3245;3245;3245;1822
2023-08-25;25/08/2023;3245;3245;3245;3245;214
2023-08-28;28/08/2023;3245;3250;3245;3250;4650
2023-08-29;29/08/2023;3240;3250;3240;3250;640
2023-08-30;30/08/2023;3250;3300;3250;3300;1348
2023-08-31;31/08/2023;3300;3300;3277.5;3277.5;162
2023-09-01;01/09/2023;3312.5;3490;3312.5;3490;4776
2023-09-04;04/09/2023;3317.5;3490;3317.5;3490;460
2023-09-05;05/09/2023;3232.5;3475;3232.5;3475;92
2023-09-06;06/09/2023;3255;3472.5;3255;3472.5;1858
2023-09-07;07/09/2023;3425;3425;3350;3350;3926
2023-09-08;08/09/2023;3250;3350;3250;3350;50
2023-09-11;11/09/2023;3350;3350;3300;3300;2096
2023-09-12;12/09/2023;3300;3300;3295;3295;4628
2023-09-13;13/09/2023;3210;3212.5;3210;3212.5;2796
2023-09-14;14/09/2023;3407.5;3407.5;3255;3255;1754
2023-09-15;15/09/2023;3302.5;3390;3302.5;3390;292
2023-09-18;18/09/2023;3390;3395;3390;3395;234
2023-09-19;19/09/2023;3400;3472.5;3400;3472.5;2054
2023-09-20;20/09/2023;3490;3490;3472.5;3472.5;452
2023-09-21;21/09/2023;3467.5;3467.5;3467.5;3467.5;80
2023-09-22;22/09/2023;3450;3450;3447.5;3447.5;420
2023-09-25;25/09/2023;3257.5;3445;3257.5;3445;640
2023-09-26;26/09/2023;3445;3445;3440;3440;640
2023-09-27;27/09/2023;3445;3445;3440;3440;640
2023-09-28;28/09/2023;3440;3440;3435;3435;516
2023-09-29;29/09/2023;3265;3265;3257.5;3257.5;1158
2023-10-02;02/10/2023;3435;3435;3257.5;3257.5;1086
2023-10-03;03/10/2023;3257.5;3257.5;3250;3250;2476
2023-10-04;04/10/2023;3250;3252.5;3250;3252.5;1046
2023-10-05;05/10/2023;3255;3442.5;3255;3442.5;472
2023-10-06;06/10/2023;3252.5;3440;3252.5;3440;50
2023-10-09;09/10/2023;3450;3497.5;3450;3497.5;592
2023-10-10;10/10/2023;3500;3500;3497.5;3497.5;616
2023-10-11;11/10/2023;3447.5;3447.5;3372.5;3372.5;704
2023-10-12;12/10/2023;3372.5;3372.5;3250;3250;3418
2023-10-13;13/10/2023;3107.5;3237.5;3107.5;3237.5;1640
2023-10-16;16/10/2023;3237.5;3237.5;3237.5;3237.5;882
2023-10-17;17/10/2023;3240;3240;3240;3240;3328
2023-10-18;18/10/2023;3240;3240;3240;3240;894
2023-10-19;19/10/2023;3240;3240;3237.5;3237.5;366
2023-10-20;20/10/2023;3240;3240;3100;3100;3800
2023-10-23;23/10/2023;3100;3197.5;3100;3197.5;1608
2023-10-24;24/10/2023;3100;3240;3100;3240;838
2023-10-25;25/10/2023;3205;3400;3205;3400;190
2023-10-26;26/10/2023;3400;3400;3400;3400;22
2023-10-27;27/10/2023;3300;3375;3300;3375;340
2023-10-30;30/10/2023;3275;3370;3275;3370;546
2023-10-31;31/10/2023;3370;3370;3370;3370;396
2023-11-01;01/11/2023;3370;3370;3370;3370;396
2023-11-02;02/11/2023;3370;3370;3365;3365;358
2023-11-03;03/11/2023;3370;3575;3370;3575;626
2023-11-06;06/11/2023;3575;3575;3567.5;3567.5;514
2023-11-07;07/11/2023;3575;3575;3550;3550;304
2023-11-08;08/11/2023;3550;3550;3540;3540;396
2023-11-09;09/11/2023;3275;3530;3275;3530;488
2023-11-10;10/11/2023;3530;3530;3530;3530;1834
2023-11-13;13/11/2023;3400;3400;3397.5;3397.5;2212
2023-11-14;14/11/2023;3390;3500;3390;3500;4178
2023-11-15;15/11/2023;3390;3500;3390;3500;4178
2023-11-16;16/11/2023;3500;3500;3497.5;3497.5;230
2023-11-17;17/11/2023;3400;3497.5;3400;3497.5;1798
2023-11-20;20/11/2023;3500;3525;3500;3525;3034
2023-11-21;21/11/2023;3572.5;3750;3572.5;3750;492
2023-11-22;22/11/2023;3550;3747.5;3550;3747.5;1402
2023-11-23;23/11/2023;3747.5;3747.5;3667.5;3667.5;42
2023-11-24;24/11/2023;3665;3667.5;3665;3667.5;2738
2023-11-27;27/11/2023;3400;3497.5;3400;3497.5;1428
2023-11-28;28/11/2023;3497.5;3497.5;3250;3250;10828
2023-11-29;29/11/2023;3250;3250;3250;3250;4006
2023-11-30;30/11/2023;3250;3250;3250;3250;2164
2023-12-01;01/12/2023;3250;3440;3250;3440;786
2023-12-04;04/12/2023;3445;3500;3445;3500;566
2023-12-05;05/12/2023;3500;3625;3500;3625;1526
2023-12-06;06/12/2023;3500;3612.5;3500;3612.5;274
2023-12-07;07/12/2023;3450;3500;3450;3500;1260
2023-12-08;08/12/2023;3500;3622.5;3500;3622.5;1762
2023-12-11;11/12/2023;3450;3450;3450;3450;2672
2023-12-12;12/12/2023;3450;3450;3450;3450;1614
2023-12-13;13/12/2023;3450;3450;3450;3450;936
2023-12-14;14/12/2023;3450;3450;3450;3450;1388
2023-12-15;15/12/2023;3425;3425;3425;3425;1342
2023-12-18;18/12/2023;3407.5;3422.5;3407.5;3422.5;2104
2023-12-19;19/12/2023;3400;3400;3400;3400;390
2023-12-20;20/12/2023;3400;3400;3400;3400;2316
2023-12-21;21/12/2023;3387.5;3387.5;3325;3325;13368
2023-12-22;22/12/2023;3387.5;3387.5;3382.5;3382.5;1374
2023-12-25;25/12/2023;3387.5;3387.5;3382.5;3382.5;1374
2023-12-26;26/12/2023;3385;3400;3385;3400;418
2023-12-27;27/12/2023;3262.5;3400;3262.5;3400;6778
2023-12-28;28/12/2023;3425;3450;3425;3450;3858
2023-12-29;29/12/2023;3450;3490;3450;3490;12
2024-01-01;01/01/2024;3450;3490;3450;3490;12
2024-01-02;02/01/2024;3470;3470;3467.5;3467.5;148
2024-01-03;03/01/2024;3450;3450;3450;3450;1214
2024-01-04;04/01/2024;3257.5;3400;3257.5;3400;1002
2024-01-05;05/01/2024;3400;3425;3400;3425;1076
2024-01-08;08/01/2024;3277.5;3422.5;3277.5;3422.5;208
2024-01-09;09/01/2024;3300;3400;3300;3400;848
2024-01-10;10/01/2024;3350;3445;3350;3445;682
2024-01-11;11/01/2024;3497.5;3617.5;3497.5;3617.5;2630
2024-01-12;12/01/2024;3600;3600;3600;3600;174
2024-01-15;15/01/2024;3500;3500;3497.5;3497.5;468
2024-01-16;16/01/2024;3450;3597.5;3450;3597.5;210
2024-01-17;17/01/2024;3597.5;3597.5;3597.5;3597.5;82
2024-01-18;18/01/2024;3590;3590;3500;3500;442
2024-01-19;19/01/2024;3500;3500;3500;3500;50
2024-01-22;22/01/2024;3525;3525;3490;3490;136
2024-01-23;23/01/2024;3450;3450;3450;3450;1202
2024-01-24;24/01/2024;3450;3450;3450;3450;280
2024-01-25;25/01/2024;3450;3450;3450;3450;600
2024-01-26;26/01/2024;3445;3450;3445;3450;768
2024-01-29;29/01/2024;3400;3447.5;3400;3447.5;1536
2024-01-30;30/01/2024;3445;3445;3425;3425;410
2024-01-31;31/01/2024;3300;3395;3300;3395;544
2024-02-01;01/02/2024;3392.5;3392.5;3347.5;3347.5;1324
2024-02-02;02/02/2024;3347.5;3347.5;3347.5;3347.5;584
2024-02-05;05/02/2024;3342.5;3342.5;3342.5;3342.5;1150
2024-02-06;06/02/2024;3342.5;3342.5;3325;3325;338
2024-02-07;07/02/2024;3312.5;3312.5;3310;3310;976
2024-02-08;08/02/2024;3310;3310;3310;3310;644
2024-02-09;09/02/2024;3300;3310;3300;3310;590
2024-02-12;12/02/2024;3300;3310;3300;3310;590
2024-02-13;13/02/2024;3310;3310;3310;3310;1070
2024-02-14;14/02/2024;3310;3342.5;3310;3342.5;2120
2024-02-15;15/02/2024;3345;3345;3345;3345;60
2024-02-16;16/02/2024;3342.5;3342.5;3342.5;3342.5;470
2024-02-19;19/02/2024;3325;3325;3300;3300;210
2024-02-20;20/02/2024;3325;3325;3325;3325;308
2024-02-21;21/02/2024;3300;3300;3300;3300;166
2024-02-22;22/02/2024;3325;3325;3325;3325;322
2024-02-23;23/02/2024;3325;3325;3325;3325;2778
2024-02-26;26/02/2024;3325;3325;3325;3325;742
2024-02-27;27/02/2024;3315;3322.5;3315;3322.5;942
2024-02-28;28/02/2024;3300;3325;3300;3325;238
2024-02-29;29/02/2024;3325;3345;3325;3345;132
2024-03-01;01/03/2024;3345;3345;3325;3325;600
2024-03-04;04/03/2024;3327.5;3335;3327.5;3335;326
2024-03-05;05/03/2024;3400;3400;3400;3400;948
2024-03-06;06/03/2024;3400;3400;3395;3395;720
2024-03-07;07/03/2024;3400;3500;3400;3500;3532
2024-03-08;08/03/2024;3500;3597.5;3500;3597.5;1960
2024-03-11;11/03/2024;3597.5;3597.5;3525;3525;1236
2024-03-12;12/03/2024;3525;3595;3525;3595;2398
2024-03-13;13/03/2024;3550;3600;3550;3600;6368
2024-03-14;14/03/2024;3597.5;3650;3597.5;3650;5404
2024-03-15;15/03/2024;3600;3600;3600;3600;1534
2024-03-18;18/03/2024;3600;3650;3600;3650;3416
2024-03-19;19/03/2024;3600;3650;3600;3650;11182
2024-03-20;20/03/2024;3647.5;3647.5;3647.5;3647.5;1356
2024-03-21;21/03/2024;3600;3645;3600;3645;1028
2024-03-22;22/03/2024;3645;3645;3645;3645;5344
2024-03-25;25/03/2024;3645;3645;3575;3575;2344
2024-03-26;26/03/2024;3575;3575;3575;3575;1548
2024-03-27;27/03/2024;3575;3575;3575;3575;930
2024-03-28;28/03/2024;3572.5;3575;3572.5;3575;624
2024-03-29;29/03/2024;3575;3575;3550;3550;1712
2024-04-01;01/04/2024;3575;3575;3550;3550;1712
2024-04-02;02/04/2024;3575;3575;3550;3550;1014
2024-04-03;03/04/2024;3552.5;3552.5;3522.5;3522.5;1420
2024-04-04;04/04/2024;3525;3525;3522.5;3522.5;186
2024-04-05;05/04/2024;3522.5;3522.5;3520;3520;116
2024-04-08;08/04/2024;3520;3520;3520;3520;566
2024-04-09;09/04/2024;3450;3522.5;3450;3522.5;1226
2024-04-10;10/04/2024;3450;3522.5;3450;3522.5;1226
2024-04-11;11/04/2024;3522.5;3547.5;3522.5;3547.5;1420
2024-04-12;12/04/2024;3547.5;3547.5;3547.5;3547.5;968
2024-04-15;15/04/2024;3547.5;3550;3547.5;3550;9634
2024-04-16;16/04/2024;3550;3550;3550;3550;750
2024-04-17;17/04/2024;3550;3555;3550;3555;2010
2024-04-18;18/04/2024;3575;3645;3575;3645;2010
2024-04-19;19/04/2024;3645;3645;3600;3600;158
2024-04-22;22/04/2024;3600;3600;3600;3600;2626
2024-04-23;23/04/2024;3600;3600;3547.5;3547.5;3432
2024-04-24;24/04/2024;3552.5;3552.5;3552.5;3552.5;2850
2024-04-25;25/04/2024;3552.5;3650;3552.5;3650;3222
2024-04-26;26/04/2024;3650;3650;3650;3650;2122
2024-04-29;29/04/2024;3650;3650;3647.5;3647.5;614
2024-04-30;30/04/2024;3645;3650;3645;3650;3690
2024-05-01;01/05/2024;3645;3650;3645;3650;3690
2024-05-02;02/05/2024;3055;3250;3055;3250;1300
2024-05-03;03/05/2024;3250;3325;3250;3325;690
2024-05-06;06/05/2024;3297.5;3297.5;3297.5;3297.5;1514
2024-05-07;07/05/2024;3297.5;3297.5;3295;3295;1014
2024-05-08;08/05/2024;3295;3295;3275;3275;1164
2024-05-09;09/05/2024;3295;3295;3275;3275;1164
2024-05-10;10/05/2024;3200;3250;3200;3250;2398
2024-05-13;13/05/2024;3202.5;3237.5;3202.5;3237.5;3834
2024-05-14;14/05/2024;3205;3205;3200;3200;2178
2024-05-15;15/05/2024;3200;3200;3115;3115;1470
2024-05-16;16/05/2024;3175;3175;3172.5;3172.5;1062
2024-05-17;17/05/2024;3172.5;3187.5;3172.5;3187.5;1586
2024-05-20;20/05/2024;3172.5;3187.5;3172.5;3187.5;1586
2024-05-21;21/05/2024;3187.5;3222.5;3187.5;3222.5;362
2024-05-22;22/05/2024;3187.5;3222.5;3187.5;3222.5;586
2024-05-23;23/05/2024;3222.5;3222.5;3177.5;3177.5;5306
2024-05-24;24/05/2024;3177.5;3180;3177.5;3180;754
2024-05-27;27/05/2024;3180;3250;3180;3250;4716
2024-05-28;28/05/2024;3275;3275;3250;3250;1632
2024-05-29;29/05/2024;3250;3250;3247.5;3247.5;448
2024-05-30;30/05/2024;3250;3252.5;3250;3252.5;4390
2024-05-31;31/05/2024;3255;3255;3255;3255;6976
2024-06-03;03/06/2024;3277.5;3277.5;3277.5;3277.5;3024
2024-06-04;04/06/2024;3280;3280;3277.5;3277.5;2246
2024-06-05;05/06/2024;3277.5;3277.5;3277.5;3277.5;2114
2024-06-06;06/06/2024;3265;3277.5;3265;3277.5;964
2024-06-07;07/06/2024;3277.5;3277.5;3277.5;3277.5;12088
2024-06-10;10/06/2024;3280;3280;3277.5;3277.5;3184
2024-06-11;11/06/2024;3250;3250;3247.5;3247.5;910
2024-06-12;12/06/2024;3225;3247.5;3225;3247.5;1088
2024-06-13;13/06/2024;3250;3250;3247.5;3247.5;24340
2024-06-14;14/06/2024;3250;3250;3250;3250;896
2024-06-18;18/06/2024;3250;3250;3240;3240;2024
2024-06-19;19/06/2024;3237.5;3250;3237.5;3250;42270
2024-06-20;20/06/2024;3225;3280;3225;3280;1844
2024-06-21;21/06/2024;3250;3250;3200;3200;1040
2024-06-24;24/06/2024;3202.5;3250;3202.5;3250;868
2024-06-25;25/06/2024;3225;3250;3225;3250;3152
2024-06-26;26/06/2024;3300;3410;3300;3410;2760
2024-06-27;27/06/2024;3400;3400;3400;3400;170
2024-06-28;28/06/2024;3400;3400;3350;3350;2092
2024-07-01;01/07/2024;3350;3400;3350;3400;314
2024-07-02;02/07/2024;3350;3350;3350;3350;306
2024-07-03;03/07/2024;3350;3372.5;3350;3372.5;520
2024-07-04;04/07/2024;3372.5;3412.5;3372.5;3412.5;1148
2024-07-05;05/07/2024;3377.5;3377.5;3310;3310;5288
2024-07-08;08/07/2024;3410;3412.5;3410;3412.5;662
2024-07-09;09/07/2024;3412.5;3412.5;3412.5;3412.5;502
2024-07-10;10/07/2024;3412.5;3412.5;3310;3310;972
2024-07-11;11/07/2024;3400;3400;3375;3375;246
2024-07-12;12/07/2024;3350;3350;3350;3350;546
2024-07-15;15/07/2024;3372.5;3372.5;3300;3300;4138
2024-07-16;16/07/2024;3297.5;3297.5;3297.5;3297.5;1576
2024-07-17;17/07/2024;3297.5;3300;3297.5;3300;1838
2024-07-18;18/07/2024;3300;3300;3300;3300;552
2024-07-19;19/07/2024;3252.5;3252.5;3222.5;3222.5;8880
2024-07-22;22/07/2024;3225;3225;3225;3225;1982
2024-07-23;23/07/2024;3200;3225;3200;3225;604
2024-07-24;24/07/2024;3202.5;3202.5;3200;3200;1668
2024-07-25;25/07/2024;3220;3220;3207.5;3207.5;1724
2024-07-26;26/07/2024;3207.5;3207.5;3200;3200;5388
2024-07-29;29/07/2024;3225;3225;3200;3200;1992
2024-07-30;30/07/2024;3200;3200;3200;3200;3914
2024-07-31;31/07/2024;3200;3250;3200;3250;2410
2024-08-01;01/08/2024;3252.5;3275;3252.5;3275;9502
2024-08-02;02/08/2024;3300;3300;3300;3300;22608
2024-08-05;05/08/2024;3300;3300;3250;3250;9108
2024-08-06;06/08/2024;3297.5;3297.5;3295;3295;2852
2024-08-07;07/08/2024;3297.5;3297.5;3295;3295;2852
2024-08-08;08/08/2024;3300;3300;3252.5;3252.5;13396
2024-08-09;09/08/2024;3275;3275;3250;3250;13208
2024-08-12;12/08/2024;3250;3255;3250;3255;15288
2024-08-13;13/08/2024;3275;3400;3275;3400;25398
2024-08-14;14/08/2024;3400;3400;3350;3350;1402
2024-08-15;15/08/2024;3400;3400;3350;3350;1402
2024-08-16;16/08/2024;3340;3350;3340;3350;13562
2024-08-19;19/08/2024;3350;3415;3350;3415;4888
2024-08-20;20/08/2024;3410;3410;3410;3410;2838
2024-08-21;21/08/2024;3410;3410;3305;3305;1152
2024-08-22;22/08/2024;3305;3350;3305;3350;4010
2024-08-23;23/08/2024;3350;3415;3350;3415;3762
2024-08-26;26/08/2024;3415;3445;3415;3445;11226
2024-08-27;27/08/2024;3412.5;3412.5;3400;3400;4820
2024-08-29;29/08/2024;3925;3925;3900;3900;3636
2024-08-30;30/08/2024;3925;4000;3925;4000;4973
2024-09-02;02/09/2024;4000;4175;4000;4175;2523
2024-09-03;03/09/2024;4150;4150;4095;4095;3047
2024-09-04;04/09/2024;4100;4100;4095;4095;4164
2024-09-05;05/09/2024;4100;4100;3950;3950;2541
2024-09-06;06/09/2024;3950;3950;3900;3900;6015
2024-09-09;09/09/2024;3945;3945;3800;3800;1347
2024-09-10;10/09/2024;3800;3800;3800;3800;1137
2024-09-11;11/09/2024;3800;3800;3800;3800;2411
2024-09-12;12/09/2024;3800;3895;3800;3895;4634
2024-09-13;13/09/2024;3900;3900;3795;3795;1322
2024-09-16;16/09/2024;3795;3795;3790;3790;1497
2024-09-17;17/09/2024;3790;3790;3700;3700;930
2024-09-18;18/09/2024;3700;3700;3675;3675;1819
2024-09-19;19/09/2024;3660;3660;3645;3645;3589
2024-09-20;20/09/2024;3620;3620;3600;3600;889
2024-09-23;23/09/2024;3600;3600;3450;3450;2379
2024-09-24;24/09/2024;3450;3500;3450;3500;6405
2024-09-25;25/09/2024;3450;3500;3450;3500;1430
2024-09-26;26/09/2024;3500;3500;3495;3495;4210
2024-09-27;27/09/2024;3500;3550;3500;3550;2348
2024-09-30;30/09/2024;3550;3700;3550;3700;327
2024-10-01;01/10/2024;3700;3745;3700;3745;4316
2024-10-02;02/10/2024;3500;3500;3500;3500;2800
2024-10-03;03/10/2024;3745;3745;3500;3500;2377
2024-10-04;04/10/2024;3500;3500;3500;3500;14227
2024-10-07;07/10/2024;3500;3500;3500;3500;2242
2024-10-08;08/10/2024;3495;3495;3420;3420;1062
2024-10-09;09/10/2024;3500;3500;3420;3420;1561
2024-10-10;10/10/2024;3495;3495;3495;3495;1796
2024-10-11;11/10/2024;3450;3450;3420;3420;1261
2024-10-14;14/10/2024;3500;3500;3500;3500;7573
2024-10-15;15/10/2024;3500;3500;3500;3500;923
2024-10-16;16/10/2024;3500;3500;3500;3500;876
2024-10-17;17/10/2024;3500;3500;3480;3480;564
2024-10-18;18/10/2024;3500;3500;3500;3500;1559
2024-10-21;21/10/2024;3500;3500;3500;3500;3287
2024-10-22;22/10/2024;3500;3500;3500;3500;1166
2024-10-23;23/10/2024;3500;3500;3500;3500;968
2024-10-24;24/10/2024;3500;3500;3500;3500;2080
2024-10-25;25/10/2024;3435;3435;3375;3375;8991
2024-10-28;28/10/2024;3375;3385;3375;3385;1269
2024-10-29;29/10/2024;3390;3390;3390;3390;152
2024-10-30;30/10/2024;3390;3400;3390;3400;208
2024-10-31;31/10/2024;3400;3400;3390;3390;273
2024-11-01;01/11/2024;3400;3400;3390;3390;273
2024-11-04;04/11/2024;3390;3390;3350;3350;905
2024-11-05;05/11/2024;3345;3345;3300;3300;520
2024-11-06;06/11/2024;3300;3305;3300;3305;316
2024-11-07;07/11/2024;3310;3310;3300;3300;846
2024-11-08;08/11/2024;3310;3310;3210;3210;666
2024-11-11;11/11/2024;3210;3210;3200;3200;1721
2024-11-12;12/11/2024;3200;3200;3195;3195;6148
2024-11-13;13/11/2024;3185;3185;3000;3000;22918
2024-11-14;14/11/2024;3000;3000;2960;2960;6624
2024-11-15;15/11/2024;3000;3000;2960;2960;6624
2024-11-18;18/11/2024;2970;3000;2970;3000;12983
2024-11-19;19/11/2024;3000;3000;3000;3000;4498
2024-11-20;20/11/2024;3000;3000;3000;3000;1337
2024-11-21;21/11/2024;2980;2980;2975;2975;4304
2024-11-22;22/11/2024;3000;3000;2995;2995;2983
2024-11-25;25/11/2024;2985;2985;2950;2950;6129
2024-11-26;26/11/2024;2955;2955;2950;2950;3841
2024-11-27;27/11/2024;2990;2990;2990;2990;375
2024-11-28;28/11/2024;3000;3095;3000;3095;640
2024-11-29;29/11/2024;3095;3180;3095;3180;877
2024-12-02;02/12/2024;3190;3190;3180;3180;616
2024-12-03;03/12/2024;3180;3180;3000;3000;1226
2024-12-04;04/12/2024;3000;3000;2950;2950;13074
2024-12-05;05/12/2024;2950;2950;2910;2910;3005
2024-12-06;06/12/2024;2950;2950;2910;2910;1124
2024-12-09;09/12/2024;2905;3000;2905;3000;903
2024-12-10;10/12/2024;3000;3000;2955;2955;1471
2024-12-11;11/12/2024;2955;2995;2955;2995;1887
2024-12-12;12/12/2024;2995;2995;2990;2990;608
2024-12-13;13/12/2024;2955;2990;2955;2990;6776
2024-12-16;16/12/2024;2990;2990;2980;2980;6217
2024-12-17;17/12/2024;2950;2950;2950;2950;1107
2024-12-18;18/12/2024;2980;2980;2980;2980;4253
2024-12-19;19/12/2024;2980;2995;2980;2995;4292
2024-12-20;20/12/2024;2955;2990;2955;2990;1542
2024-12-23;23/12/2024;2990;2990;2990;2990;4874
2024-12-24;24/12/2024;3100;3100;3100;3100;3250
2024-12-25;25/12/2024;2990;3100;2990;3100;3250
2024-12-26;26/12/2024;3045;3045;3045;3045;5261
2024-12-27;27/12/2024;3035;3035;3035;3035;811
2024-12-30;30/12/2024;3045;3045;3035;3035;1065
2024-12-31;31/12/2024;3030;3035;3030;3035;843
2025-01-01;01/01/2025;3030;3035;3030;3035;843
2025-01-02;02/01/2025;3035;3035;3035;3035;311
2025-01-03;03/01/2025;3030;3030;3025;3025;1624
2025-01-06;06/01/2025;3035;3035;3005;3005;4819
2025-01-07;07/01/2025;3000;3005;3000;3005;1688
2025-01-08;08/01/2025;3005;3005;3000;3000;518
2025-01-09;09/01/2025;3000;3025;3000;3025;609
2025-01-10;10/01/2025;3035;3035;3035;3035;1093
2025-01-13;13/01/2025;3035;3035;3035;3035;3305
2025-01-14;14/01/2025;3035;3035;3035;3035;1860
2025-01-15;15/01/2025;3030;3035;3030;3035;600
2025-01-16;16/01/2025;3035;3035;3035;3035;1482
2025-01-17;17/01/2025;3020;3035;3020;3035;1100
2025-01-20;20/01/2025;3035;3035;3000;3000;2933
2025-01-21;21/01/2025;3000;3000;3000;3000;2038
2025-01-22;22/01/2025;3185;3185;3000;3000;269
2025-01-23;23/01/2025;3000;3000;3000;3000;889
2025-01-24;24/01/2025;3000;3010;3000;3010;362
2025-01-27;27/01/2025;3180;3185;3180;3185;190
2025-01-28;28/01/2025;3015;3025;3015;3025;560
2025-01-29;29/01/2025;3100;3150;3100;3150;430
2025-01-30;30/01/2025;3180;3180;3175;3175;1339
2025-01-31;31/01/2025;3175;3180;3175;3180;3626
2025-02-03;03/02/2025;3180;3195;3180;3195;310
2025-02-04;04/02/2025;3200;3200;3200;3200;900
2025-02-05;05/02/2025;3180;3300;3180;3300;198
2025-02-06;06/02/2025;3300;3350;3300;3350;1944
2025-02-07;07/02/2025;3390;3390;3390;3390;2342
2025-02-10;10/02/2025;3395;3395;3375;3375;4475
2025-02-11;11/02/2025;3390;3390;3340;3340;2516
2025-02-12;12/02/2025;3390;3390;3380;3380;1781
2025-02-13;13/02/2025;3380;3400;3380;3400;3235
2025-02-14;14/02/2025;3400;3400;3400;3400;3891
2025-02-17;17/02/2025;3480;3480;3475;3475;1187
2025-02-18;18/02/2025;3475;3490;3475;3490;3530
2025-02-19;19/02/2025;3400;3470;3400;3470;2106
2025-02-20;20/02/2025;3470;3495;3470;3495;9949
2025-02-21;21/02/2025;3490;3495;3490;3495;2757
2025-02-24;24/02/2025;3450;3525;3450;3525;5339
2025-02-25;25/02/2025;3525;3525;3445;3445;12658
2025-02-26;26/02/2025;3450;3455;3450;3455;559
2025-02-28;28/02/2025;3440;3450;3440;3450;490
2025-03-03;03/03/2025;3500;3520;3500;3520;15679
2025-03-04;04/03/2025;3780;3780;3780;3780;6971
2025-03-05;05/03/2025;4060;4060;4060;4060;10725
2025-03-06;06/03/2025;4360;4360;4200;4200;41933
2025-03-07;07/03/2025;4205;4210;4205;4210;4393
2025-03-10;10/03/2025;4215;4250;4215;4250;6889
2025-03-11;11/03/2025;4300;4315;4300;4315;15668
2025-03-12;12/03/2025;4350;4350;4315;4315;2874
2025-03-13;13/03/2025;4305;4310;4305;4310;5425
2025-03-14;14/03/2025;4345;4350;4345;4350;19409
2025-03-17;17/03/2025;4350;4350;4310;4310;4380
2025-03-18;18/03/2025;4325;4325;4325;4325;1931
2025-03-19;19/03/2025;4325;4325;4300;4300;5781
2025-03-20;20/03/2025;4305;4320;4305;4320;7686
2025-03-21;21/03/2025;4315;4315;4300;4300;3797
2025-03-24;24/03/2025;4300;4300;4290;4290;4938
2025-03-25;25/03/2025;4285;4285;4250;4250;12303
2025-03-26;26/03/2025;4250;4250;4250;4250;8040
2025-03-27;27/03/2025;4250;4250;4250;4250;8040
2025-03-28;28/03/2025;4250;4250;4245;4245;24422
2025-03-31;31/03/2025;4250;4250;4245;4245;24422
2025-04-01;01/04/2025;4245;4245;4200;4200;11285
2025-04-02;02/04/2025;4245;4245;4235;4235;2447
2025-04-03;03/04/2025;4200;4200;4200;4200;2557
2025-04-04;04/04/2025;4200;4200;4190;4190;8503
2025-04-07;07/04/2025;4195;4205;4195;4205;11160
2025-04-08;08/04/2025;4225;4295;4225;4295;2710
2025-04-09;09/04/2025;4295;4310;4295;4310;22878
2025-04-10;10/04/2025;4305;4310;4305;4310;34487
2025-04-11;11/04/2025;4310;4310;4300;4300;1509
2025-04-14;14/04/2025;4310;4310;4295;4295;6812
2025-04-15;15/04/2025;4295;4295;4285;4285;5295
2025-04-16;16/04/2025;4285;4310;4285;4310;16666
2025-04-17;17/04/2025;3900;4020;3900;4020;1369
2025-04-18;18/04/2025;4020;4020;3995;3995;439
2025-04-21;21/04/2025;4020;4020;3995;3995;439
2025-04-22;22/04/2025;3990;3990;3895;3895;862
2025-04-23;23/04/2025;3885;3885;3825;3825;1366
2025-04-24;24/04/2025;3820;3820;3700;3700;3334
2025-04-25;25/04/2025;3595;3640;3595;3640;2460
2025-04-28;28/04/2025;3640;3640;3600;3600;2196
2025-04-29;29/04/2025;3605;3605;3505;3505;3935
2025-04-30;30/04/2025;3245;3250;3245;3250;7037
2025-05-01;01/05/2025;3245;3250;3245;3250;7037
2025-05-02;02/05/2025;3250;3250;3210;3210;7142
2025-05-05;05/05/2025;3150;3250;3150;3250;12803
2025-05-06;06/05/2025;3265;3375;3265;3375;3156
2025-05-07;07/05/2025;3375;3375;3250;3250;3301
2025-05-08;08/05/2025;3250;3250;3225;3225;5902
2025-05-09;09/05/2025;3225;3230;3225;3230;5421
2025-05-12;12/05/2025;3250;3365;3250;3365;4601
2025-05-13;13/05/2025;3375;3495;3375;3495;11230
2025-05-14;14/05/2025;3495;3495;3380;3380;5783
2025-05-15;15/05/2025;3380;3490;3380;3490;1602
2025-05-16;16/05/2025;3490;3490;3490;3490;685
2025-05-19;19/05/2025;3490;3590;3490;3590;6272
2025-05-20;20/05/2025;3590;3600;3590;3600;1174
2025-05-21;21/05/2025;3800;3800;3595;3595;1746
2025-05-22;22/05/2025;3595;3645;3595;3645;1687
2025-05-23;23/05/2025;3645;3645;3605;3605;555
2025-05-26;26/05/2025;3600;3600;3500;3500;3516
2025-05-27;27/05/2025;3605;3605;3545;3545;3340
2025-05-28;28/05/2025;3550;3600;3550;3600;2804
2025-05-29;29/05/2025;3550;3600;3550;3600;2804
2025-05-30;30/05/2025;3600;3620;3600;3620;1258
2025-06-02;02/06/2025;3620;3620;3550;3550;2958
2025-06-03;03/06/2025;3555;3630;3555;3630;850
2025-06-04;04/06/2025;3630;3735;3630;3735;6213
2025-06-05;05/06/2025;3750;3750;3735;3735;297
2025-06-10;10/06/2025;3700;3800;3700;3800;6982
2025-06-11;11/06/2025;3800;3800;3790;3790;2613
2025-06-12;12/06/2025;3700;3800;3700;3800;1735
2025-06-13;13/06/2025;3870;3870;3640;3640;12822
2025-06-16;16/06/2025;3780;3790;3780;3790;5613
2025-06-17;17/06/2025;3630;3650;3630;3650;1460
2025-06-18;18/06/2025;3650;3650;3650;3650;1033
2025-06-19;19/06/2025;3640;3650;3640;3650;4283
2025-06-20;20/06/2025;3650;3650;3650;3650;856
2025-06-23;23/06/2025;3650;3750;3650;3750;1536
2025-06-24;24/06/2025;3750;3750;3550;3550;17697
2025-06-25;25/06/2025;3575;3600;3575;3600;992
2025-06-26;26/06/2025;3600;3600;3595;3595;8896
2025-06-27;27/06/2025;3595;3595;3580;3580;624
2025-06-30;30/06/2025;3580;3580;3500;3500;2696
2025-07-01;01/07/2025;3500;3500;3500;3500;6460
2025-07-02;02/07/2025;3500;3500;3425;3425;2752
2025-07-03;03/07/2025;3500;3500;3500;3500;1041
2025-07-04;04/07/2025;3495;3500;3495;3500;6853
2025-07-07;07/07/2025;3500;3500;3400;3400;1590
2025-07-08;08/07/2025;3450;3450;3420;3420;1156
2025-07-09;09/07/2025;3420;3480;3420;3480;9698
2025-07-10;10/07/2025;3500;3500;3500;3500;1038
2025-07-11;11/07/2025;3500;3500;3475;3475;3468
2025-07-14;14/07/2025;3480;3480;3475;3475;4083
2025-07-15;15/07/2025;3475;3495;3475;3495;4453
2025-07-16;16/07/2025;3495;3495;3495;3495;2219
2025-07-17;17/07/2025;3495;3495;3495;3495;1365
2025-07-18;18/07/2025;3500;3500;3490;3490;673
2025-07-21;21/07/2025;3490;3490;3475;3475;2659
2025-07-22;22/07/2025;3475;3485;3475;3485;1810
2025-07-23;23/07/2025;3590;3590;3570;3570;2052
2025-07-24;24/07/2025;3585;3585;3565;3565;2130
2025-07-25;25/07/2025;3500;3565;3500;3565;4909
2025-07-28;28/07/2025;3565;3565;3550;3550;5131
2025-07-29;29/07/2025;3550;3565;3550;3565;6694
2025-07-30;30/07/2025;3565;3570;3565;3570;1298
2025-07-31;31/07/2025;3590;3590;3590;3590;1309
2025-08-01;01/08/2025;3590;3590;3570;3570;26812
2025-08-04;04/08/2025;3480;3580;3480;3580;19381
2025-08-05;05/08/2025;3590;3590;3550;3550;346
2025-08-06;06/08/2025;3590;3590;3550;3550;333
2025-08-07;07/08/2025;3590;3590;3550;3550;333
2025-08-08;08/08/2025;3550;3550;3520;3520;2355
2025-08-11;11/08/2025;3520;3520;3520;3520;7488
2025-08-12;12/08/2025;3520;3545;3520;3545;2063
2025-08-13;13/08/2025;3550;3555;3550;3555;2068
2025-08-14;14/08/2025;3555;3600;3555;3600;2843
2025-08-15;15/08/2025;3555;3600;3555;3600;2843
2025-08-18;18/08/2025;3600;3625;3600;3625;549
2025-08-19;19/08/2025;3625;3625;3625;3625;6724
2025-08-20;20/08/2025;3625;3685;3625;3685;3527
2025-08-21;21/08/2025;3680;3695;3680;3695;3109
2025-08-22;22/08/2025;3640;3740;3640;3740;2984
2025-08-25;25/08/2025;3710;3830;3710;3830;486
2025-08-26;26/08/2025;3820;3820;3755;3755;9739
2025-08-27;27/08/2025;3755;3825;3755;3825;3136
2025-08-28;28/08/2025;3825;3825;3800;3800;579
2025-08-29;29/08/2025;3800;3800;3760;3760;1668
2025-09-01;01/09/2025;3760;3900;3760;3900;2153
2025-09-02;02/09/2025;3895;3905;3895;3905;2039
2025-09-03;03/09/2025;3900;3910;3900;3910;3387
2025-09-04;04/09/2025;3900;3910;3900;3910;3387
2025-09-05;05/09/2025;3910;3950;3910;3950;388
2025-09-08;08/09/2025;3910;3950;3910;3950;5338
2025-09-09;09/09/2025;3990;3990;3985;3985;2989
2025-09-10;10/09/2025;3985;4010;3985;4010;3426
2025-09-11;11/09/2025;3960;4100;3960;4100;822
2025-09-12;12/09/2025;4150;4150;4050;4050;2153
2025-09-15;15/09/2025;4050;4135;4050;4135;2015
2025-09-16;16/09/2025;4135;4145;4135;4145;2337
2025-09-17;17/09/2025;4145;4150;4145;4150;9376
2025-09-18;18/09/2025;4150;4200;4150;4200;349
2025-09-19;19/09/2025;4200;4200;4190;4190;6273
2025-09-22;22/09/2025;4195;4195;4180;4180;9880
2025-09-23;23/09/2025;3905;3905;3870;3870;14102
2025-09-24;24/09/2025;3850;3850;3680;3680;24924
2025-09-25;25/09/2025;3690;3815;3690;3815;2985
2025-09-26;26/09/2025;3815;4000;3815;4000;2338
2025-09-29;29/09/2025;4000;4000;3960;3960;1997
2025-09-30;30/09/2025;3900;3980;3900;3980;1185
2025-10-01;01/10/2025;3945;3945;3920;3920;1226
2025-10-02;02/10/2025;3900;3900;3895;3895;2925
2025-10-03;03/10/2025;3800;3875;3800;3875;1317
2025-10-06;06/10/2025;3875;3950;3875;3950;10827
2025-10-07;07/10/2025;3950;3950;3900;3900;1981
2025-10-08;08/10/2025;4155;4155;3890;3890;3199
2025-10-09;09/10/2025;3950;3950;3890;3890;1668
2025-10-10;10/10/2025;3890;3890;3890;3890;3071
2025-10-13;13/10/2025;3885;3885;3885;3885;1640
2025-10-14;14/10/2025;3880;3885;3880;3885;7058
2025-10-15;15/10/2025;3885;3885;3805;3805;1209
2025-10-16;16/10/2025;3805;3810;3805;3810;2260
2025-10-17;17/10/2025;3805;3850;3805;3850;1484
2025-10-20;20/10/2025;3850;3850;3805;3805;1725
2025-10-21;21/10/2025;3850;3850;3800;3800;11968
2025-10-22;22/10/2025;3800;3800;3800;3800;1426
2025-10-23;23/10/2025;3800;3800;3750;3750;3183
2025-10-24;24/10/2025;3750;3780;3750;3780;5906
2025-10-27;27/10/2025;3780;3780;3655;3655;16356
2025-10-28;28/10/2025;3665;3720;3665;3720;4079
2025-10-29;29/10/2025;3720;3720;3700;3700;1197
2025-10-30;30/10/2025;3670;3675;3670;3675;3498
2025-10-31;31/10/2025;3670;3670;3500;3500;8833
2025-11-03;03/11/2025;3500;3500;3495;3495;12440
2025-11-04;04/11/2025;3495;3495;3450;3450;2171
2025-11-05;05/11/2025;3495;3495;3450;3450;3721
2025-11-06;06/11/2025;3450;3450;3450;3450;12129
2025-11-07;07/11/2025;3460;3460;3460;3460;0
2025-11-10;10/11/2025;3460;3490;3460;3490;2502
2025-11-11;11/11/2025;3500;3545;3500;3545;5567
2025-11-12;12/11/2025;3550;3550;3550;3550;4188
2025-11-13;13/11/2025;3550;3575;3550;3575;5813
2025-11-14;14/11/2025;3540;3540;3510;3510;5841
2025-11-17;17/11/2025;3540;3595;3540;3595;5923
2025-11-18;18/11/2025;3595;3600;3595;3600;3054
2025-11-19;19/11/2025;3610;3680;3610;3680;1873
2025-11-20;20/11/2025;3680;3780;3680;3780;2040
2025-11-21;21/11/2025;3750;3785;3750;3785;2844
2025-11-24;24/11/2025;3785;3785;3770;3770;1687
2025-11-25;25/11/2025;3785;3820;3785;3820;2220
2025-11-26;26/11/2025;3800;3820;3800;3820;3711
2025-11-27;27/11/2025;3820;3820;3820;3820;706
2025-11-28;28/11/2025;3800;3840;3800;3840;839
2025-12-01;01/12/2025;3840;3990;3840;3990;6212
2025-12-02;02/12/2025;4100;4100;3990;3990;2050
2025-12-03;03/12/2025;3990;3990;3990;3990;1354
2025-12-04;04/12/2025;3990;3990;3985;3985;648
2025-12-05;05/12/2025;3990;3990;3990;3990;1707
2025-12-08;08/12/2025;3990;3995;3990;3995;739
2025-12-09;09/12/2025;4000;4000;4000;4000;4263
2025-12-10;10/12/2025;3995;4000;3995;4000;3722
2025-12-11;11/12/2025;4000;4045;4000;4045;1096
2025-12-12;12/12/2025;4080;4080;4015;4015;1124
2025-12-15;15/12/2025;4000;4000;4000;4000;2589
2025-12-16;16/12/2025;3995;4000;3995;4000;1856
2025-12-17;17/12/2025;4000;4000;4000;4000;1586
2025-12-18;18/12/2025;3990;4000;3990;4000;907
2025-12-19;19/12/2025;4000;4000;3990;3990;1498
2025-12-22;22/12/2025;3950;3950;3805;3805;3964
2025-12-23;23/12/2025;3810;3945;3810;3945;1897
2025-12-24;24/12/2025;3935;3935;3805;3805;1435
2025-12-25;25/12/2025;3935;3935;3805;3805;1435
2025-12-26;26/12/2025;3810;3990;3810;3990;24274
2025-12-29;29/12/2025;3990;3990;3750;3750;4348
2025-12-30;30/12/2025;3750;3760;3750;3760;1365
2025-12-31;31/12/2025;3765;3765;3750;3750;4727
2026-01-01;01/01/2026;3765;3765;3750;3750;4727
2026-01-02;02/01/2026;3900;3940;3900;3940;439
2026-01-05;05/01/2026;3900;3980;3900;3980;1060
2026-01-06;06/01/2026;3975;3975;3975;3975;1287
2026-01-07;07/01/2026;3900;3980;3900;3980;725
2026-01-08;08/01/2026;3980;4000;3980;4000;6272
2026-01-09;09/01/2026;4000;4100;4000;4100;6133
2026-01-12;12/01/2026;4100;4150;4100;4150;2906
2026-01-13;13/01/2026;4250;4295;4250;4295;3801
2026-01-14;14/01/2026;4290;4290;4145;4145;2573
2026-01-15;15/01/2026;4145;4290;4145;4290;909
2026-01-16;16/01/2026;4285;4285;4285;4285;767
2026-01-19;19/01/2026;4280;4280;4280;4280;3069
2026-01-20;20/01/2026;4300;4350;4300;4350;5703
2026-01-21;21/01/2026;4390;4390;4390;4390;5550
2026-01-22;22/01/2026;4400;4500;4400;4500;3388
2026-01-23;23/01/2026;4500;4595;4500;4595;2177
2026-01-26;26/01/2026;4605;4690;4605;4690;2522
2026-01-27;27/01/2026;4595;4645;4595;4645;2887
2026-01-28;28/01/2026;4605;4745;4605;4745;11743
2026-01-29;29/01/2026;4735;4900;4735;4900;8476
2026-01-30;30/01/2026;4610;4615;4610;4615;7230
2026-02-02;02/02/2026;4615;4795;4615;4795;7225
2026-02-03;03/02/2026;4750;4750;4695;4695;3689
2026-02-04;04/02/2026;4695;4695;4680;4680;2240
2026-02-05;05/02/2026;4795;4795;4740;4740;1418
2026-02-06;06/02/2026;4645;4650;4645;4650;6408
2026-02-09;09/02/2026;4715;4715;4650;4650;11369
2026-02-10;10/02/2026;4600;4600;4595;4595;3933
2026-02-11;11/02/2026;4590;4590;4470;4470;3263
2026-02-12;12/02/2026;4490;4530;4490;4530;3477
2026-02-13;13/02/2026;4550;4550;4550;4550;1357
2026-02-16;16/02/2026;4550;4550;4550;4550;2102
2026-02-17;17/02/2026;4550;4560;4550;4560;1327
2026-02-18;18/02/2026;4595;4700;4595;4700;8753
2026-02-19;19/02/2026;4655;4655;4655;4655;7164
2026-02-20;20/02/2026;4700;4700;4650;4650;2023
2026-02-23;23/02/2026;4645;4645;4625;4625;2967
2026-02-24;24/02/2026;4650;4660;4650;4660;1513
2026-02-25;25/02/2026;4660;4700;4660;4700;5825
2026-02-26;26/02/2026;4750;4790;4750;4790;5822
2026-02-27;27/02/2026;4795;4795;4785;4785;1327
2026-03-02;02/03/2026;4770;4770;4700;4700;6866
2026-03-03;03/03/2026;4760;4760;4725;4725;3382
2026-03-04;04/03/2026;4725;4725;4700;4700;5512
2026-03-05;05/03/2026;4700;4700;4655;4655;5547
2026-03-06;06/03/2026;4700;4720;4700;4720;5043
2026-03-09;09/03/2026;5000;5070;5000;5070;9899
2026-03-10;10/03/2026;5415;5415;5200;5200;27033
2026-03-11;11/03/2026;5200;5200;5005;5005;17348
2026-03-12;12/03/2026;5010;5200;5010;5200;13311
2026-03-13;13/03/2026;5200;5290;5200;5290;5474
2026-03-16;16/03/2026;5200;5290;5200;5290;5474
2026-03-17;17/03/2026;5295;5300;5295;5300;11293
2026-03-18;18/03/2026;5380;5420;5380;5420;3233
2026-03-19;19/03/2026;5420;5420;5395;5395;3377
2026-03-20;20/03/2026;5420;5420;5395;5395;3377
2026-03-23;23/03/2026;5395;5400;5395;5400;4920
2026-03-24;24/03/2026;5405;5415;5405;5415;3122
2026-03-25;25/03/2026;5425;5445;5425;5445;7832
2026-03-26;26/03/2026;5445;5445;5445;5445;2246
2026-03-27;27/03/2026;5450;5510;5450;5510;11273
2026-03-30;30/03/2026;5540;5550;5540;5550;3199
2026-03-31;31/03/2026;5545;5545;5540;5540;5524
2026-04-01;01/04/2026;5570;5570;5550;5550;2988
2026-04-02;02/04/2026;5510;5600;5510;5600;3100
2026-04-03;03/04/2026;5600;5600;5590;5590;1145
2026-04-06;06/04/2026;5600;5600;5590;5590;1145
2026-04-07;07/04/2026;5550;5650;5550;5650;6018
2026-04-08;08/04/2026;5650;5675;5650;5675;4833
2026-04-09;09/04/2026;5675;5685;5675;5685;2807
2026-04-10;10/04/2026;5680;5680;5680;5680;2812
2026-04-13;13/04/2026;5680;5680;5680;5680;4150
2026-04-14;14/04/2026;5675;5675;5645;5645;3266
2026-04-15;15/04/2026;5635;5635;5630;5630;2763
2026-04-16;16/04/2026;5630;5630;5630;5630;8558
2026-04-17;17/04/2026;5650;5650;5630;5630;3817
2026-04-20;20/04/2026;5600;5645;5600;5645;8009
2026-04-21;21/04/2026;5645;5645;5630;5630;8642
2026-04-22;22/04/2026;5200;5420;5200;5420;16869
2026-04-23;23/04/2026;5420;5420;5400;5400;12474
2026-04-24;24/04/2026;5400;5400;5400;5400;5585
2026-04-27;27/04/2026;5400;5450;5400;5450;20173
2026-04-28;28/04/2026;5450;5450;5450;5450;6825
2026-04-29;29/04/2026;5400;5500;5400;5500;9804
2026-04-30;30/04/2026;5500;5650;5500;5650;1822
2026-05-01;01/05/2026;5500;5650;5500;5650;1822
2026-05-04;04/05/2026;5400;5460;5400;5460;28603
2026-05-05;05/05/2026;5410;5410;5410;5410;3505
2026-05-06;06/05/2026;5400;5405;5400;5405;4911
2026-05-07;07/05/2026;5400;5400;5400;5400;4613
2026-05-08;08/05/2026;5405;5405;5400;5400;1414
2026-05-11;11/05/2026;5400;5410;5400;5410;3605
2026-05-12;12/05/2026;5400;5410;5400;5410;5219
2026-05-13;13/05/2026;5400;5405;5400;5405;2437
2026-05-14;14/05/2026;5400;5405;5400;5405;2437
2026-05-15;15/05/2026;5410;5410;5400;5400;1708
2026-05-18;18/05/2026;5400;5400;5400;5400;1662
2026-05-19;19/05/2026;5400;5400;5400;5400;3227
2026-05-20;20/05/2026;5405;5415;5405;5415;2248
2026-05-21;21/05/2026;5415;5415;5415;5415;4997
2026-05-22;22/05/2026;5415;5440;5415;5440;11708
2026-05-25;25/05/2026;5415;5440;5415;5440;11708
2026-05-26;26/05/2026;5435;5500;5435;5500;1460
2026-05-27;27/05/2026;5435;5500;5435;5500;1460
2026-05-28;28/05/2026;5500;5600;5500;5600;2004
2026-05-29;29/05/2026;5600;5600;5600;5600;1147
2026-06-01;01/06/2026;5600;5600;5585;5585;3269
2026-06-02;02/06/2026;5600;5600;5590;5590;5313
