date_iso;date_fr;open;high;low;close;volume
2010-04-12;12/04/2010;714;714;714;714;1000
2010-04-22;22/04/2010;750;750;750;750;16526
2010-05-12;12/05/2010;812.5;812.5;812.5;812.5;36
2010-05-17;17/05/2010;750;750;750;750;24000
2010-05-21;21/05/2010;775;775;775;775;6892
2010-06-01;01/06/2010;775;775;775;775;40
2010-06-04;04/06/2010;775.5;775.5;775.5;775.5;20
2010-06-10;10/06/2010;775.5;775.5;775.5;775.5;20
2010-06-15;15/06/2010;775;775;775;775;30
2010-06-23;23/06/2010;750;750;750;750;24
2010-06-24;24/06/2010;750;750;750;750;36
2010-06-25;25/06/2010;750;750;750;750;150
2010-06-29;29/06/2010;750;750;750;750;22
2010-06-30;30/06/2010;750;750;750;750;720
2010-07-01;01/07/2010;750;750;750;750;820
2010-07-02;02/07/2010;750;750;750;750;26
2010-07-05;05/07/2010;750;750;750;750;400
2010-07-06;06/07/2010;750;750;750;750;288
2010-07-08;08/07/2010;750;750;750;750;520
2010-07-12;12/07/2010;750;750;750;750;68
2010-07-13;13/07/2010;750;750;750;750;4
2010-07-15;15/07/2010;725;725;725;725;64
2010-07-16;16/07/2010;750;750;750;750;100
2010-07-19;19/07/2010;750;750;750;750;52
2010-07-20;20/07/2010;750;750;750;750;20
2010-07-21;21/07/2010;750;750;750;750;2
2010-07-22;22/07/2010;750;750;750;750;140
2010-07-23;23/07/2010;750;750;750;750;56
2010-07-26;26/07/2010;750;750;750;750;100
2010-07-27;27/07/2010;750;750;750;750;80
2010-07-28;28/07/2010;750;750;750;750;70
2010-07-29;29/07/2010;750;750;750;750;398
2010-07-30;30/07/2010;750;750;750;750;860
2010-08-02;02/08/2010;750;750;750;750;18
2010-08-03;03/08/2010;750;750;750;750;402
2010-08-05;05/08/2010;750;750;750;750;540
2010-08-06;06/08/2010;750;750;750;750;480
2010-08-09;09/08/2010;750;750;750;750;100
2010-08-10;10/08/2010;750;750;750;750;62
2010-08-12;12/08/2010;750;750;750;750;80
2010-08-13;13/08/2010;750;750;750;750;122
2010-08-16;16/08/2010;750;750;750;750;170
2010-08-18;18/08/2010;737.5;737.5;737.5;737.5;56
2010-08-19;19/08/2010;737.5;737.5;737.5;737.5;114
2010-08-23;23/08/2010;737.5;737.5;737.5;737.5;50
2010-08-24;24/08/2010;725;725;725;725;100
2010-08-25;25/08/2010;712.5;712.5;712.5;712.5;146
2010-08-26;26/08/2010;700;700;700;700;214
2010-08-30;30/08/2010;701.5;701.5;701.5;701.5;30
2010-08-31;31/08/2010;700;700;700;700;24
2010-09-01;01/09/2010;701;701;701;701;16
2010-09-02;02/09/2010;700;700;700;700;36
2010-09-03;03/09/2010;700;700;700;700;204
2010-09-07;07/09/2010;700;700;700;700;118
2010-09-08;08/09/2010;700;700;700;700;200
2010-09-09;09/09/2010;700;700;700;700;100
2010-09-13;13/09/2010;700;700;700;700;300
2010-09-14;14/09/2010;700;700;700;700;400
2010-09-15;15/09/2010;700;700;700;700;130
2010-09-16;16/09/2010;700;700;700;700;200
2010-09-20;20/09/2010;700;700;700;700;68
2010-09-21;21/09/2010;700;700;700;700;34
2010-09-22;22/09/2010;700;700;700;700;126
2010-09-23;23/09/2010;700;700;700;700;40
2010-09-27;27/09/2010;700;700;700;700;100
2010-09-28;28/09/2010;695;695;695;695;1702
2010-10-01;01/10/2010;687.5;687.5;687.5;687.5;2100
2010-10-04;04/10/2010;687.5;687.5;687.5;687.5;360
2010-10-05;05/10/2010;688;688;688;688;28
2010-10-06;06/10/2010;688;688;688;688;80
2010-10-07;07/10/2010;688;688;688;688;100
2010-10-08;08/10/2010;688;688;688;688;2
2010-10-13;13/10/2010;687.5;687.5;687.5;687.5;180
2010-10-15;15/10/2010;687.5;687.5;687.5;687.5;5514
2010-10-18;18/10/2010;687.5;687.5;687.5;687.5;1620
2010-10-20;20/10/2010;687.5;687.5;687.5;687.5;34
2010-10-21;21/10/2010;687.5;687.5;687.5;687.5;14
2010-10-22;22/10/2010;687.5;687.5;687.5;687.5;150
2010-10-25;25/10/2010;687.5;687.5;687.5;687.5;120
2010-10-26;26/10/2010;685;685;685;685;80
2010-10-27;27/10/2010;685;685;685;685;218
2010-10-28;28/10/2010;700;700;700;700;512
2010-10-29;29/10/2010;700;700;700;700;172
2010-11-02;02/11/2010;700;700;700;700;242
2010-11-03;03/11/2010;700;700;700;700;1002
2010-11-04;04/11/2010;700;700;700;700;400
2010-11-05;05/11/2010;700;700;700;700;420
2010-11-08;08/11/2010;700;700;700;700;414
2010-11-09;09/11/2010;700;700;700;700;320
2010-11-11;11/11/2010;700;700;700;700;30
2010-11-17;17/11/2010;700;700;700;700;58
2010-11-18;18/11/2010;700;700;700;700;10
2010-11-24;24/11/2010;700;700;700;700;10
2010-11-25;25/11/2010;700;700;700;700;4
2010-11-26;26/11/2010;700;700;700;700;30
2010-11-30;30/11/2010;725;725;725;725;30
2010-12-01;01/12/2010;725;725;725;725;42
2010-12-02;02/12/2010;725;725;725;725;4
2010-12-03;03/12/2010;725;725;725;725;40
2010-12-08;08/12/2010;725;725;725;725;58
2010-12-10;10/12/2010;725;725;725;725;100
2010-12-13;13/12/2010;750;750;750;750;1004
2010-12-14;14/12/2010;725;725;725;725;50
2010-12-15;15/12/2010;750;750;750;750;294
2010-12-16;16/12/2010;750;750;750;750;104
2010-12-17;17/12/2010;750;750;750;750;60
2010-12-20;20/12/2010;750;750;750;750;50
2010-12-21;21/12/2010;750;750;750;750;202
2010-12-22;22/12/2010;750;750;750;750;42
2010-12-24;24/12/2010;750;750;750;750;50
2010-12-27;27/12/2010;750;750;750;750;50
2011-01-03;03/01/2011;750;750;750;750;2
2011-01-06;06/01/2011;747.5;747.5;747.5;747.5;158
2011-01-12;12/01/2011;747.5;747.5;747.5;747.5;66
2011-01-18;18/01/2011;675;675;675;675;36
2011-01-19;19/01/2011;725;725;725;725;80
2011-01-24;24/01/2011;725;725;725;725;46
2011-01-25;25/01/2011;725;725;725;725;36
2011-01-27;27/01/2011;725;725;725;725;98
2011-02-02;02/02/2011;700;700;700;700;60
2011-02-04;04/02/2011;747.5;747.5;747.5;747.5;20
2011-02-10;10/02/2011;750;750;750;750;1000
2011-04-14;14/04/2011;725;725;725;725;60
2011-04-15;15/04/2011;700;700;700;700;100
2011-04-18;18/04/2011;700;700;700;700;120
2011-04-20;20/04/2011;700;700;700;700;50
2011-04-21;21/04/2011;700;700;700;700;88
2011-05-04;04/05/2011;700;700;700;700;50
2011-05-05;05/05/2011;700;700;700;700;56
2011-05-11;11/05/2011;700;700;700;700;600
2011-05-12;12/05/2011;700;700;700;700;580
2011-05-13;13/05/2011;700;700;700;700;800
2011-05-16;16/05/2011;700;700;700;700;10
2011-05-17;17/05/2011;725;725;725;725;318
2011-05-25;25/05/2011;750;750;750;750;58
2011-05-26;26/05/2011;750;750;750;750;200
2011-06-01;01/06/2011;725;725;725;725;262
2011-06-03;03/06/2011;750;750;750;750;504
2011-06-07;07/06/2011;806.5;806.5;806.5;806.5;20
2011-06-08;08/06/2011;750;750;750;750;26
2011-06-09;09/06/2011;750;750;750;750;2
2011-06-14;14/06/2011;700;700;700;700;26
2011-06-15;15/06/2011;700;700;700;700;52
2011-06-16;16/06/2011;725;725;725;725;84
2011-06-17;17/06/2011;725;725;725;725;116
2011-06-20;20/06/2011;725;725;725;725;170
2011-06-21;21/06/2011;725;725;725;725;122
2011-06-24;24/06/2011;725;725;725;725;84
2011-06-28;28/06/2011;727.5;727.5;727.5;727.5;30
2011-06-29;29/06/2011;728;728;728;728;20
2011-07-01;01/07/2011;737.5;737.5;737.5;737.5;170
2011-07-04;04/07/2011;750;750;750;750;112
2011-07-05;05/07/2011;750;750;750;750;20
2011-07-06;06/07/2011;750;750;750;750;266
2011-07-08;08/07/2011;750;750;750;750;90
2011-07-11;11/07/2011;750;750;750;750;48
2011-07-12;12/07/2011;750;750;750;750;144
2011-07-13;13/07/2011;750;750;750;750;6
2011-07-25;25/07/2011;750;750;750;750;200
2011-07-28;28/07/2011;775;775;775;775;50
2011-08-03;03/08/2011;725;725;725;725;144
2011-08-04;04/08/2011;725;725;725;725;50
2011-08-05;05/08/2011;725;725;725;725;10
2011-08-09;09/08/2011;725;725;725;725;26
2011-08-11;11/08/2011;725;725;725;725;40
2011-08-16;16/08/2011;725;725;725;725;36
2011-08-18;18/08/2011;725;725;725;725;30
2011-08-19;19/08/2011;725;725;725;725;104
2011-08-22;22/08/2011;725;725;725;725;50
2011-08-23;23/08/2011;725;725;725;725;200
2011-08-24;24/08/2011;725;725;725;725;38
2011-08-25;25/08/2011;725;725;725;725;108
2011-08-29;29/08/2011;725;725;725;725;94
2011-09-02;02/09/2011;687.5;687.5;687.5;687.5;24
2011-09-05;05/09/2011;687.5;687.5;687.5;687.5;4
2011-09-13;13/09/2011;687.5;687.5;687.5;687.5;168
2011-09-14;14/09/2011;687.5;687.5;687.5;687.5;132
2011-09-15;15/09/2011;687.5;687.5;687.5;687.5;52
2011-09-16;16/09/2011;700;700;700;700;16
2011-09-19;19/09/2011;700;700;700;700;64
2011-09-20;20/09/2011;700;700;700;700;2
2011-09-22;22/09/2011;700;700;700;700;20
2011-09-23;23/09/2011;712.5;712.5;712.5;712.5;396
2011-09-26;26/09/2011;712.5;712.5;712.5;712.5;8
2011-09-28;28/09/2011;725;725;725;725;204
2011-09-29;29/09/2011;725;725;725;725;160
2011-09-30;30/09/2011;725;725;725;725;46
2011-10-03;03/10/2011;725;725;725;725;10
2011-10-04;04/10/2011;725;725;725;725;10
2011-10-07;07/10/2011;700;700;700;700;120
2011-10-10;10/10/2011;725;725;725;725;100
2011-10-19;19/10/2011;700;700;700;700;24
2011-10-20;20/10/2011;700;700;700;700;200
2011-10-24;24/10/2011;724;724;724;724;200
2011-10-25;25/10/2011;725;725;725;725;44
2011-10-27;27/10/2011;725;725;725;725;230
2011-10-28;28/10/2011;725;725;725;725;1416
2011-10-31;31/10/2011;702.5;702.5;702.5;702.5;40
2011-11-03;03/11/2011;750;750;750;750;670
2011-11-04;04/11/2011;750;750;750;750;2300
2011-11-10;10/11/2011;750;750;750;750;20
2011-11-11;11/11/2011;750;750;750;750;102
2011-11-14;14/11/2011;750;750;750;750;30
2011-11-16;16/11/2011;750;750;750;750;2
2011-11-17;17/11/2011;750;750;750;750;20
2011-11-23;23/11/2011;750;750;750;750;24
2011-11-24;24/11/2011;750;750;750;750;28
2011-11-25;25/11/2011;750;750;750;750;108
2011-11-28;28/11/2011;750;750;750;750;10
2011-12-02;02/12/2011;750;750;750;750;44
2011-12-05;05/12/2011;750;750;750;750;50
2011-12-06;06/12/2011;750;750;750;750;60
2011-12-08;08/12/2011;747.5;747.5;747.5;747.5;40
2011-12-12;12/12/2011;803.5;803.5;803.5;803.5;100
2011-12-14;14/12/2011;800;800;800;800;228
2011-12-19;19/12/2011;687.5;687.5;687.5;687.5;16
2011-12-23;23/12/2011;684;684;684;684;208
2011-12-27;27/12/2011;684;684;684;684;200
2011-12-30;30/12/2011;700;700;700;700;980
2012-01-04;04/01/2012;725;725;725;725;14000
2012-01-19;19/01/2012;700;700;700;700;162
2012-01-23;23/01/2012;699;699;699;699;120
2012-01-24;24/01/2012;700;700;700;700;242
2012-01-25;25/01/2012;725;725;725;725;266
2012-01-26;26/01/2012;725;725;725;725;60
2012-01-30;30/01/2012;725;725;725;725;246
2012-02-01;01/02/2012;725;725;725;725;14
2012-02-02;02/02/2012;717.5;717.5;717.5;717.5;180
2012-02-06;06/02/2012;700;700;700;700;38
2012-02-08;08/02/2012;700;700;700;700;76
2012-02-14;14/02/2012;700;700;700;700;16
2012-02-17;17/02/2012;687.5;687.5;687.5;687.5;26
2012-02-20;20/02/2012;687.5;687.5;687.5;687.5;62
2012-02-22;22/02/2012;687.5;687.5;687.5;687.5;2
2012-02-23;23/02/2012;687.5;687.5;687.5;687.5;520
2012-02-24;24/02/2012;670;670;670;670;20
2012-02-27;27/02/2012;675;675;675;675;22
2012-02-29;29/02/2012;675;675;675;675;1078
2012-03-02;02/03/2012;675;675;675;675;120
2012-03-05;05/03/2012;675;675;675;675;16
2012-03-08;08/03/2012;663;663;663;663;30
2012-03-09;09/03/2012;675;675;675;675;4472
2012-03-13;13/03/2012;700;700;700;700;40
2012-03-15;15/03/2012;700;700;700;700;468
2012-03-16;16/03/2012;700;700;700;700;356
2012-03-20;20/03/2012;700;700;700;700;6
2012-03-21;21/03/2012;700;700;700;700;22
2012-03-23;23/03/2012;700;700;700;700;100
2012-03-27;27/03/2012;700;700;700;700;74
2012-03-28;28/03/2012;700;700;700;700;76
2012-03-29;29/03/2012;700;700;700;700;136
2012-03-30;30/03/2012;700;700;700;700;16
2012-04-02;02/04/2012;700;700;700;700;10
2012-04-03;03/04/2012;700;700;700;700;550
2012-04-04;04/04/2012;700;700;700;700;20
2012-04-06;06/04/2012;647.5;647.5;647.5;647.5;40
2012-04-10;10/04/2012;647.5;647.5;647.5;647.5;100
2012-04-12;12/04/2012;637.5;637.5;637.5;637.5;48
2012-04-13;13/04/2012;647.5;647.5;647.5;647.5;60
2012-04-17;17/04/2012;637.5;637.5;637.5;637.5;36
2012-04-20;20/04/2012;650;650;650;650;20
2012-04-23;23/04/2012;675;675;675;675;44
2012-04-24;24/04/2012;650;650;650;650;218
2012-04-25;25/04/2012;675;675;675;675;302
2012-04-26;26/04/2012;675;675;675;675;8
2012-04-27;27/04/2012;675;675;675;675;202
2012-04-30;30/04/2012;725;725;725;725;820
2012-05-02;02/05/2012;725;725;725;725;6
2012-05-03;03/05/2012;725;725;725;725;28
2012-05-04;04/05/2012;725;725;725;725;4
2012-05-07;07/05/2012;725;725;725;725;3360
2012-05-08;08/05/2012;725;725;725;725;98
2012-05-09;09/05/2012;730;730;730;730;100
2012-05-10;10/05/2012;730;730;730;730;120
2012-05-11;11/05/2012;737.5;737.5;737.5;737.5;92
2012-05-15;15/05/2012;737.5;737.5;737.5;737.5;80
2012-05-16;16/05/2012;737.5;737.5;737.5;737.5;134
2012-05-18;18/05/2012;730;730;730;730;50
2012-05-29;29/05/2012;712.5;712.5;712.5;712.5;20
2012-06-04;04/06/2012;712.5;712.5;712.5;712.5;48
2012-06-05;05/06/2012;712.5;712.5;712.5;712.5;1030
2012-06-06;06/06/2012;717.5;717.5;717.5;717.5;2000
2012-06-14;14/06/2012;712.5;712.5;712.5;712.5;68
2012-06-15;15/06/2012;737.5;737.5;737.5;737.5;30
2012-06-18;18/06/2012;750;750;750;750;100
2012-06-19;19/06/2012;750;750;750;750;52
2012-06-20;20/06/2012;750;750;750;750;2000
2012-06-21;21/06/2012;750;750;750;750;1096
2012-06-25;25/06/2012;750;750;750;750;120
2012-06-26;26/06/2012;725;725;725;725;10000
2012-07-03;03/07/2012;700;700;700;700;103562
2012-07-04;04/07/2012;700;700;700;700;22372
2012-07-05;05/07/2012;700;700;700;700;1552
2012-07-06;06/07/2012;700;700;700;700;100
2012-07-10;10/07/2012;700;700;700;700;106
2012-07-11;11/07/2012;700;700;700;700;50
2012-07-13;13/07/2012;700;700;700;700;200
2012-07-17;17/07/2012;700;700;700;700;356
2012-07-18;18/07/2012;700;700;700;700;44
2012-07-19;19/07/2012;700;700;700;700;26
2012-07-23;23/07/2012;725;725;725;725;404
2012-07-24;24/07/2012;700;700;700;700;50
2012-07-25;25/07/2012;697.5;697.5;697.5;697.5;36
2012-07-27;27/07/2012;700;700;700;700;36
2012-07-31;31/07/2012;725;725;725;725;200
2012-08-03;03/08/2012;737.5;737.5;737.5;737.5;200
2012-08-08;08/08/2012;737.5;737.5;737.5;737.5;200
2012-08-09;09/08/2012;712.5;712.5;712.5;712.5;60
2012-08-10;10/08/2012;725;725;725;725;2920
2012-08-13;13/08/2012;712.5;712.5;712.5;712.5;1200
2012-08-14;14/08/2012;725;725;725;725;400
2012-08-21;21/08/2012;737.5;737.5;737.5;737.5;136
2012-08-23;23/08/2012;737.5;737.5;737.5;737.5;3414
2012-08-28;28/08/2012;712.5;712.5;712.5;712.5;36
2012-08-29;29/08/2012;713;713;713;713;30
2012-08-31;31/08/2012;705;705;705;705;100
2012-09-03;03/09/2012;701.5;701.5;701.5;701.5;100
2012-09-04;04/09/2012;712.5;712.5;712.5;712.5;380
2012-09-10;10/09/2012;700;700;700;700;122
2012-09-17;17/09/2012;725;725;725;725;22
2012-09-18;18/09/2012;725;725;725;725;138
2012-09-20;20/09/2012;730;730;730;730;152
2012-09-21;21/09/2012;725;725;725;725;36
2012-09-24;24/09/2012;730;730;730;730;510
2012-09-28;28/09/2012;737.5;737.5;737.5;737.5;816
2012-10-01;01/10/2012;750;750;750;750;100
2012-10-02;02/10/2012;750;750;750;750;54
2012-10-04;04/10/2012;750;750;750;750;130
2012-10-08;08/10/2012;775;775;775;775;36
2012-10-09;09/10/2012;777.5;777.5;777.5;777.5;118
2012-10-10;10/10/2012;787.5;787.5;787.5;787.5;42
2012-10-11;11/10/2012;846.5;846.5;846.5;846.5;46
2012-10-12;12/10/2012;787.5;787.5;787.5;787.5;56
2012-10-15;15/10/2012;787.5;787.5;787.5;787.5;122
2012-10-19;19/10/2012;800;800;800;800;34
2012-10-23;23/10/2012;800;800;800;800;400
2012-10-24;24/10/2012;800;800;800;800;440
2012-10-25;25/10/2012;800;800;800;800;60
2012-10-30;30/10/2012;860;860;860;860;54
2012-10-31;31/10/2012;860;860;860;860;10
2012-11-02;02/11/2012;875;875;875;875;280
2012-11-05;05/11/2012;875;875;875;875;210
2012-11-06;06/11/2012;875;875;875;875;48
2012-11-07;07/11/2012;875;875;875;875;100
2012-11-09;09/11/2012;875;875;875;875;24
2012-11-12;12/11/2012;875;875;875;875;20
2012-11-13;13/11/2012;875;875;875;875;2840
2012-11-14;14/11/2012;875;875;875;875;1318
2012-11-16;16/11/2012;875;875;875;875;16
2012-11-19;19/11/2012;850;850;850;850;122
2012-11-20;20/11/2012;875;875;875;875;608
2012-11-21;21/11/2012;875;875;875;875;688
2012-11-27;27/11/2012;875;875;875;875;26
2012-11-29;29/11/2012;875;875;875;875;18
2012-11-30;30/11/2012;875.5;875.5;875.5;875.5;178
2012-12-03;03/12/2012;941;941;941;941;52
2012-12-05;05/12/2012;875;875;875;875;40
2012-12-06;06/12/2012;875;875;875;875;224
2012-12-12;12/12/2012;809.5;809.5;809.5;809.5;120
2012-12-18;18/12/2012;870;870;870;870;204
2012-12-19;19/12/2012;900;900;900;900;22800
2012-12-20;20/12/2012;900;900;900;900;304
2012-12-21;21/12/2012;967.5;967.5;967.5;967.5;264
2012-12-24;24/12/2012;967.5;967.5;967.5;967.5;42
2012-12-26;26/12/2012;900;900;900;900;22820
2012-12-27;27/12/2012;900;900;900;900;204
2012-12-28;28/12/2012;900;900;900;900;4
2012-12-31;31/12/2012;925;925;925;925;20
2013-01-04;04/01/2013;937.5;937.5;937.5;937.5;20
2013-01-07;07/01/2013;950;950;950;950;76
2013-01-08;08/01/2013;925;925;925;925;3884
2013-01-09;09/01/2013;967.5;967.5;967.5;967.5;42
2013-01-11;11/01/2013;967.5;967.5;967.5;967.5;30
2013-01-14;14/01/2013;967.5;967.5;967.5;967.5;100
2013-01-15;15/01/2013;967.5;967.5;967.5;967.5;94
2013-01-17;17/01/2013;1025;1025;1025;1025;52
2013-01-18;18/01/2013;967.5;967.5;967.5;967.5;102
2013-01-21;21/01/2013;967.5;967.5;967.5;967.5;272
2013-01-22;22/01/2013;967.5;967.5;967.5;967.5;814
2013-01-23;23/01/2013;967.5;967.5;967.5;967.5;20
2013-01-25;25/01/2013;967.5;967.5;967.5;967.5;60
2013-01-28;28/01/2013;967.5;967.5;967.5;967.5;124
2013-01-29;29/01/2013;967.5;967.5;967.5;967.5;90
2013-02-01;01/02/2013;967.5;967.5;967.5;967.5;212
2013-02-04;04/02/2013;967.5;967.5;967.5;967.5;156
2013-02-08;08/02/2013;967.5;967.5;967.5;967.5;464
2013-02-11;11/02/2013;965;965;965;965;200
2013-02-12;12/02/2013;965;965;965;965;134
2013-02-13;13/02/2013;967.5;967.5;967.5;967.5;60
2013-02-14;14/02/2013;967.5;967.5;967.5;967.5;28
2013-02-15;15/02/2013;967.5;967.5;967.5;967.5;134
2013-02-18;18/02/2013;967.5;967.5;967.5;967.5;70
2013-02-19;19/02/2013;967.5;967.5;967.5;967.5;156
2013-02-21;21/02/2013;967.5;967.5;967.5;967.5;20
2013-02-22;22/02/2013;975;975;975;975;80
2013-02-26;26/02/2013;1000;1000;1000;1000;100
2013-02-27;27/02/2013;975;975;975;975;190
2013-03-01;01/03/2013;975;975;975;975;10
2013-03-04;04/03/2013;925;925;925;925;30
2013-03-06;06/03/2013;987.5;987.5;987.5;987.5;52
2013-03-07;07/03/2013;1061.5;1061.5;1061.5;1061.5;148
2013-03-11;11/03/2013;982;982;982;982;16
2013-03-13;13/03/2013;982;982;982;982;14
2013-03-15;15/03/2013;950;950;950;950;100
2013-03-18;18/03/2013;950;950;950;950;100
2013-03-21;21/03/2013;975.5;975.5;975.5;975.5;120
2013-03-22;22/03/2013;1000;1000;1000;1000;102
2013-03-25;25/03/2013;1000;1000;1000;1000;64
2013-03-27;27/03/2013;1025;1025;1025;1025;240
2013-03-28;28/03/2013;1025;1025;1025;1025;4
2013-03-29;29/03/2013;1025;1025;1025;1025;48
2013-04-02;02/04/2013;1011.5;1011.5;1011.5;1011.5;5850
2013-04-03;03/04/2013;1011.5;1011.5;1011.5;1011.5;206
2013-04-04;04/04/2013;1025;1025;1025;1025;358
2013-04-05;05/04/2013;1025;1025;1025;1025;3948
2013-04-08;08/04/2013;1012.5;1012.5;1012.5;1012.5;20
2013-04-10;10/04/2013;1013;1013;1013;1013;4280
2013-04-16;16/04/2013;1025;1025;1025;1025;60
2013-04-19;19/04/2013;1025.5;1025.5;1025.5;1025.5;100
2013-04-24;24/04/2013;1025;1025;1025;1025;2154
2013-04-26;26/04/2013;1025;1025;1025;1025;100
2013-04-29;29/04/2013;1025;1025;1025;1025;20
2013-04-30;30/04/2013;1025;1025;1025;1025;70
2013-05-03;03/05/2013;975;975;975;975;70
2013-05-08;08/05/2013;975;975;975;975;60
2013-05-16;16/05/2013;1025;1025;1025;1025;134
2013-05-17;17/05/2013;1102;1102;1102;1102;16
2013-05-21;21/05/2013;1105;1105;1105;1105;320
2013-05-23;23/05/2013;1137.5;1137.5;1137.5;1137.5;600
2013-05-24;24/05/2013;1165;1165;1165;1165;16
2013-05-27;27/05/2013;1175;1175;1175;1175;34
2013-05-28;28/05/2013;1256.5;1256.5;1256.5;1256.5;650
2013-05-29;29/05/2013;1187.5;1187.5;1187.5;1187.5;210
2013-05-31;31/05/2013;1276.5;1276.5;1276.5;1276.5;16
2013-06-03;03/06/2013;1181;1181;1181;1181;66
2013-06-04;04/06/2013;1175;1175;1175;1175;232
2013-06-05;05/06/2013;1175;1175;1175;1175;70
2013-06-06;06/06/2013;1165;1165;1165;1165;30
2013-06-10;10/06/2013;1175;1175;1175;1175;960
2013-06-11;11/06/2013;1175;1175;1175;1175;270
2013-06-12;12/06/2013;1175;1175;1175;1175;212
2013-06-13;13/06/2013;1175;1175;1175;1175;190
2013-06-14;14/06/2013;1165;1165;1165;1165;200
2013-06-18;18/06/2013;1165;1165;1165;1165;240
2013-06-20;20/06/2013;1165;1165;1165;1165;44
2013-06-26;26/06/2013;1175;1175;1175;1175;22
2013-06-28;28/06/2013;1175;1175;1175;1175;140
2013-07-01;01/07/2013;1175;1175;1175;1175;4
2013-07-04;04/07/2013;1187.5;1187.5;1187.5;1187.5;122
2013-07-08;08/07/2013;1276.5;1276.5;1276.5;1276.5;414
2013-07-09;09/07/2013;1275;1275;1275;1275;36
2013-07-10;10/07/2013;1200;1200;1200;1200;36
2013-07-11;11/07/2013;1200;1200;1200;1200;760
2013-07-12;12/07/2013;1250;1250;1250;1250;20
2013-07-15;15/07/2013;1275;1275;1275;1275;230
2013-07-19;19/07/2013;1275;1275;1275;1275;458
2013-07-22;22/07/2013;1275;1275;1275;1275;170
2013-07-24;24/07/2013;1275;1275;1275;1275;212
2013-07-25;25/07/2013;1275;1275;1275;1275;60
2013-07-29;29/07/2013;1275;1275;1275;1275;224
2013-07-30;30/07/2013;1287.5;1287.5;1287.5;1287.5;636
2013-07-31;31/07/2013;1350;1350;1350;1350;100
2013-08-01;01/08/2013;1277.5;1277.5;1277.5;1277.5;30
2013-08-02;02/08/2013;1373.5;1373.5;1373.5;1373.5;98
2013-08-05;05/08/2013;1425;1425;1425;1425;200
2013-08-06;06/08/2013;1532;1532;1532;1532;112
2013-08-09;09/08/2013;1417.5;1417.5;1417.5;1417.5;314
2013-08-12;12/08/2013;1425;1425;1425;1425;16
2013-08-13;13/08/2013;1325;1325;1325;1325;614
2013-08-16;16/08/2013;1375;1375;1375;1375;110
2013-08-20;20/08/2013;1337.5;1337.5;1337.5;1337.5;452
2013-08-22;22/08/2013;1337.5;1337.5;1337.5;1337.5;362
2013-08-23;23/08/2013;1337.5;1337.5;1337.5;1337.5;50
2013-08-26;26/08/2013;1350;1350;1350;1350;200
2013-08-27;27/08/2013;1275;1275;1275;1275;500
2013-08-29;29/08/2013;1275.5;1275.5;1275.5;1275.5;56
2013-08-30;30/08/2013;1277.5;1277.5;1277.5;1277.5;36
2013-09-02;02/09/2013;1275;1275;1275;1275;176
2013-09-03;03/09/2013;1370.5;1370.5;1370.5;1370.5;24
2013-09-04;04/09/2013;1275;1275;1275;1275;234
2013-09-06;06/09/2013;1371;1371;1371;1371;26
2013-09-09;09/09/2013;1425;1425;1425;1425;34
2013-09-11;11/09/2013;1425;1425;1425;1425;14
2013-09-12;12/09/2013;1425;1425;1425;1425;370
2013-09-17;17/09/2013;1400;1400;1400;1400;374
2013-09-18;18/09/2013;1375;1375;1375;1375;848
2013-09-19;19/09/2013;1450;1450;1450;1450;1146
2013-09-20;20/09/2013;1500;1500;1500;1500;4
2013-09-23;23/09/2013;1500;1500;1500;1500;152
2013-09-24;24/09/2013;1512.5;1512.5;1512.5;1512.5;172
2013-09-25;25/09/2013;1500;1500;1500;1500;366
2013-09-27;27/09/2013;1387.5;1387.5;1387.5;1387.5;390
2013-10-01;01/10/2013;1283.5;1283.5;1283.5;1283.5;76
2013-10-02;02/10/2013;1375;1375;1375;1375;36
2013-10-03;03/10/2013;1287.5;1287.5;1287.5;1287.5;24
2013-10-04;04/10/2013;1375;1375;1375;1375;14
2013-10-08;08/10/2013;1425;1425;1425;1425;6
2013-10-09;09/10/2013;1512.5;1512.5;1512.5;1512.5;4070
2013-10-10;10/10/2013;1400;1400;1400;1400;220
2013-10-14;14/10/2013;1400;1400;1400;1400;28
2013-10-16;16/10/2013;1400;1400;1400;1400;178
2013-10-17;17/10/2013;1400;1400;1400;1400;76
2013-10-18;18/10/2013;1500;1500;1500;1500;84
2013-10-21;21/10/2013;1512.5;1512.5;1512.5;1512.5;2476
2013-10-24;24/10/2013;1512.5;1512.5;1512.5;1512.5;200
2013-10-28;28/10/2013;1402.5;1402.5;1402.5;1402.5;128
2013-10-29;29/10/2013;1507.5;1507.5;1507.5;1507.5;42
2013-11-04;04/11/2013;1425;1425;1425;1425;100
2013-11-05;05/11/2013;1425;1425;1425;1425;20
2013-11-06;06/11/2013;1500;1500;1500;1500;20
2013-11-07;07/11/2013;1425;1425;1425;1425;2
2013-11-08;08/11/2013;1500;1500;1500;1500;120
2013-11-11;11/11/2013;1425;1425;1425;1425;1780
2013-11-18;18/11/2013;1500;1500;1500;1500;84
2013-11-19;19/11/2013;1500;1500;1500;1500;12
2013-11-20;20/11/2013;1500;1500;1500;1500;140
2013-11-21;21/11/2013;1600;1600;1600;1600;24
2013-11-22;22/11/2013;1500;1500;1500;1500;116
2013-11-25;25/11/2013;1500;1500;1500;1500;56
2013-11-27;27/11/2013;1500;1500;1500;1500;204
2013-11-29;29/11/2013;1500;1500;1500;1500;1040
2013-12-02;02/12/2013;1512.5;1512.5;1512.5;1512.5;26
2013-12-03;03/12/2013;1512.5;1512.5;1512.5;1512.5;14
2013-12-04;04/12/2013;1500;1500;1500;1500;538
2013-12-09;09/12/2013;1500;1500;1500;1500;336
2013-12-10;10/12/2013;1612.5;1612.5;1612.5;1612.5;1400
2013-12-11;11/12/2013;1675;1675;1675;1675;200
2013-12-12;12/12/2013;1650;1650;1650;1650;400
2013-12-13;13/12/2013;1650;1650;1650;1650;92
2013-12-16;16/12/2013;1650;1650;1650;1650;10
2013-12-17;17/12/2013;1650;1650;1650;1650;540
2013-12-18;18/12/2013;1675;1675;1675;1675;2
2013-12-19;19/12/2013;1675;1675;1675;1675;38
2013-12-23;23/12/2013;1675;1675;1675;1675;28
2013-12-26;26/12/2013;1612.5;1612.5;1612.5;1612.5;12
2013-12-30;30/12/2013;1625;1625;1625;1625;8
2013-12-31;31/12/2013;1612.5;1612.5;1612.5;1612.5;54
2014-01-02;02/01/2014;1612.5;1612.5;1612.5;1612.5;18
2014-01-06;06/01/2014;1612.5;1612.5;1612.5;1612.5;84
2014-01-07;07/01/2014;1625;1625;1625;1625;60
2014-01-08;08/01/2014;1612.5;1612.5;1612.5;1612.5;158
2014-01-09;09/01/2014;1600;1600;1600;1600;112
2014-01-14;14/01/2014;1550;1550;1550;1550;752
2014-01-16;16/01/2014;1550;1550;1550;1550;164
2014-01-17;17/01/2014;1550;1550;1550;1550;4
2014-01-21;21/01/2014;1500;1500;1500;1500;8
2014-01-23;23/01/2014;1550;1550;1550;1550;168
2014-01-28;28/01/2014;1556;1556;1556;1556;64
2014-01-29;29/01/2014;1556;1556;1556;1556;6000
2014-02-03;03/02/2014;1557.5;1557.5;1557.5;1557.5;8
2014-02-06;06/02/2014;1575;1575;1575;1575;100
2014-02-07;07/02/2014;1575;1575;1575;1575;4
2014-02-10;10/02/2014;1575;1575;1575;1575;348
2014-02-12;12/02/2014;1575;1575;1575;1575;4
2014-02-18;18/02/2014;1650;1650;1650;1650;52
2014-02-19;19/02/2014;1650;1650;1650;1650;36
2014-02-20;20/02/2014;1650;1650;1650;1650;1570
2014-02-21;21/02/2014;1650;1650;1650;1650;2048
2014-02-25;25/02/2014;1725;1725;1725;1725;480
2014-02-26;26/02/2014;1800;1800;1800;1800;852
2014-02-27;27/02/2014;1750;1750;1750;1750;540
2014-02-28;28/02/2014;1750;1750;1750;1750;18
2014-03-04;04/03/2014;1750;1750;1750;1750;2
2014-03-05;05/03/2014;1750;1750;1750;1750;6
2014-03-06;06/03/2014;1750;1750;1750;1750;14
2014-03-07;07/03/2014;1750;1750;1750;1750;6
2014-03-17;17/03/2014;1875;1875;1875;1875;4
2014-03-19;19/03/2014;1737.5;1737.5;1737.5;1737.5;398
2014-03-25;25/03/2014;1868;1868;1868;1868;10
2014-03-26;26/03/2014;1868;1868;1868;1868;20
2014-03-27;27/03/2014;1900;1900;1900;1900;254
2014-03-28;28/03/2014;1900;1900;1900;1900;24
2014-03-31;31/03/2014;1850;1850;1850;1850;600
2014-04-01;01/04/2014;1850;1850;1850;1850;2
2014-04-08;08/04/2014;1850;1850;1850;1850;4
2014-04-10;10/04/2014;1850;1850;1850;1850;20
2014-04-14;14/04/2014;1905;1905;1905;1905;8
2014-04-24;24/04/2014;1902.5;1902.5;1902.5;1902.5;30002
2014-04-25;25/04/2014;1905;1905;1905;1905;12
2014-04-28;28/04/2014;1900;1900;1900;1900;10
2014-05-07;07/05/2014;1750;1750;1750;1750;20
2014-05-09;09/05/2014;1875;1875;1875;1875;10
2014-05-12;12/05/2014;1875;1875;1875;1875;4
2014-05-13;13/05/2014;1750;1750;1750;1750;48
2014-05-16;16/05/2014;1800;1800;1800;1800;20
2014-05-19;19/05/2014;1800;1800;1800;1800;52
2014-05-21;21/05/2014;1787.5;1787.5;1787.5;1787.5;56
2014-05-22;22/05/2014;1800;1800;1800;1800;2
2014-05-28;28/05/2014;1797.5;1797.5;1797.5;1797.5;170
2014-05-30;30/05/2014;1787.5;1787.5;1787.5;1787.5;4
2014-06-02;02/06/2014;1785.5;1785.5;1785.5;1785.5;8
2014-06-04;04/06/2014;1750;1750;1750;1750;10
2014-06-05;05/06/2014;1700;1700;1700;1700;1176
2014-06-06;06/06/2014;1800;1800;1800;1800;384
2014-06-10;10/06/2014;1845;1845;1845;1845;192
2014-06-11;11/06/2014;1725;1725;1725;1725;120
2014-06-12;12/06/2014;1832.5;1832.5;1832.5;1832.5;20
2014-06-16;16/06/2014;1775;1775;1775;1775;8
2014-06-17;17/06/2014;1825;1825;1825;1825;120
2014-06-18;18/06/2014;1825;1825;1825;1825;12
2014-06-20;20/06/2014;1750;1750;1750;1750;100
2014-06-23;23/06/2014;1812.5;1812.5;1812.5;1812.5;14
2014-06-24;24/06/2014;1825;1825;1825;1825;22
2014-06-26;26/06/2014;1825;1825;1825;1825;20
2014-06-30;30/06/2014;1775;1775;1775;1775;10
2014-07-01;01/07/2014;1775;1775;1775;1775;422
2014-07-02;02/07/2014;1775;1775;1775;1775;10
2014-07-03;03/07/2014;1825;1825;1825;1825;70
2014-07-04;04/07/2014;1825;1825;1825;1825;16
2014-07-09;09/07/2014;1825;1825;1825;1825;50
2014-07-17;17/07/2014;1762.5;1762.5;1762.5;1762.5;30
2014-07-21;21/07/2014;1762.5;1762.5;1762.5;1762.5;374
2014-07-22;22/07/2014;1750;1750;1750;1750;50
2014-07-23;23/07/2014;1762.5;1762.5;1762.5;1762.5;140
2014-07-25;25/07/2014;1762.5;1762.5;1762.5;1762.5;564
2014-07-29;29/07/2014;1769;1769;1769;1769;4
2014-07-30;30/07/2014;1825;1825;1825;1825;510
2014-07-31;31/07/2014;1837.5;1837.5;1837.5;1837.5;144
2014-08-01;01/08/2014;1825;1825;1825;1825;50
2014-08-04;04/08/2014;1825;1825;1825;1825;244
2014-08-05;05/08/2014;1850;1850;1850;1850;120
2014-08-06;06/08/2014;1900;1900;1900;1900;568
2014-08-07;07/08/2014;1900;1900;1900;1900;11360
2014-08-12;12/08/2014;1875;1875;1875;1875;40
2014-08-13;13/08/2014;1900;1900;1900;1900;37228
2014-08-18;18/08/2014;1900;1900;1900;1900;140
2014-08-19;19/08/2014;1900;1900;1900;1900;16
2014-08-20;20/08/2014;1900.5;1900.5;1900.5;1900.5;10
2014-08-21;21/08/2014;1900.5;1900.5;1900.5;1900.5;142
2014-08-25;25/08/2014;1925;1925;1925;1925;988
2014-08-26;26/08/2014;1925;1925;1925;1925;80
2014-08-27;27/08/2014;1925;1925;1925;1925;80
2014-08-28;28/08/2014;1925;1925;1925;1925;70
2014-08-29;29/08/2014;1925.5;1925.5;1925.5;1925.5;330
2014-09-01;01/09/2014;1925.5;1925.5;1925.5;1925.5;80
2014-09-02;02/09/2014;1937.5;1937.5;1937.5;1937.5;56
2014-09-03;03/09/2014;1925.5;1925.5;1925.5;1925.5;68
2014-09-05;05/09/2014;1937.5;1937.5;1937.5;1937.5;48
2014-09-10;10/09/2014;1939;1939;1939;1939;60
2014-09-12;12/09/2014;1940.5;1940.5;1940.5;1940.5;2
2014-09-15;15/09/2014;1940;1940;1940;1940;40
2014-09-16;16/09/2014;1940;1940;1940;1940;10
2014-09-17;17/09/2014;2075;2075;2075;2075;1000
2014-09-22;22/09/2014;2077.5;2077.5;2077.5;2077.5;2
2014-09-24;24/09/2014;2125;2125;2125;2125;2
2014-09-25;25/09/2014;2125;2125;2125;2125;210
2014-09-26;26/09/2014;2125;2125;2125;2125;590
2014-09-29;29/09/2014;2125;2125;2125;2125;14
2014-09-30;30/09/2014;2125;2125;2125;2125;10
2014-10-06;06/10/2014;2125;2125;2125;2125;12
2014-10-07;07/10/2014;2125;2125;2125;2125;88
2014-10-08;08/10/2014;2000;2000;2000;2000;72
2014-10-09;09/10/2014;2000;2000;2000;2000;38
2014-10-14;14/10/2014;2000;2000;2000;2000;356
2014-10-16;16/10/2014;2000;2000;2000;2000;40
2014-10-17;17/10/2014;2000;2000;2000;2000;2
2014-10-20;20/10/2014;2000;2000;2000;2000;20
2014-10-21;21/10/2014;1962.5;1962.5;1962.5;1962.5;36
2014-10-22;22/10/2014;1962.5;1962.5;1962.5;1962.5;104
2014-10-23;23/10/2014;1950;1950;1950;1950;20
2014-10-24;24/10/2014;1950;1950;1950;1950;68
2014-10-29;29/10/2014;2050;2050;2050;2050;100
2014-10-31;31/10/2014;2050;2050;2050;2050;26
2014-11-05;05/11/2014;2050;2050;2050;2050;14
2014-11-07;07/11/2014;2050;2050;2050;2050;174
2014-11-10;10/11/2014;2078;2078;2078;2078;424
2014-11-13;13/11/2014;2025;2025;2025;2025;30
2014-11-20;20/11/2014;2050;2050;2050;2050;28
2014-11-24;24/11/2014;2062.5;2062.5;2062.5;2062.5;60
2014-11-25;25/11/2014;2062.5;2062.5;2062.5;2062.5;88
2014-11-26;26/11/2014;2062.5;2062.5;2062.5;2062.5;32
2014-11-27;27/11/2014;2050;2050;2050;2050;22
2014-11-28;28/11/2014;2062.5;2062.5;2062.5;2062.5;10
2014-12-01;01/12/2014;2077.5;2077.5;2077.5;2077.5;4
2014-12-03;03/12/2014;2233.5;2233.5;2233.5;2233.5;40
2014-12-04;04/12/2014;2304.5;2304.5;2304.5;2304.5;42
2014-12-05;05/12/2014;2151.5;2151.5;2151.5;2151.5;144
2014-12-08;08/12/2014;2304;2304;2304;2304;10
2014-12-09;09/12/2014;2150;2150;2150;2150;40
2014-12-11;11/12/2014;2150;2150;2150;2150;60
2014-12-15;15/12/2014;2150;2150;2150;2150;12
2014-12-18;18/12/2014;2304.5;2304.5;2304.5;2304.5;2
2014-12-30;30/12/2014;2150;2150;2150;2150;14
2014-12-31;31/12/2014;2250;2250;2250;2250;800
2015-01-08;08/01/2015;2250;2250;2250;2250;38
2015-01-09;09/01/2015;2250;2250;2250;2250;100
2015-01-12;12/01/2015;2250;2250;2250;2250;12
2015-01-14;14/01/2015;2250;2250;2250;2250;430
2015-01-16;16/01/2015;2250;2250;2250;2250;10
2015-01-20;20/01/2015;2250;2250;2250;2250;86
2015-01-21;21/01/2015;2250;2250;2250;2250;220
2015-01-22;22/01/2015;2125;2125;2125;2125;48
2015-01-28;28/01/2015;2250;2250;2250;2250;10
2015-01-29;29/01/2015;2250;2250;2250;2250;462
2015-01-30;30/01/2015;2300;2300;2300;2300;1200
2015-02-02;02/02/2015;2312.5;2312.5;2312.5;2312.5;324
2015-02-04;04/02/2015;2312;2312;2312;2312;340
2015-02-05;05/02/2015;2162.5;2162.5;2162.5;2162.5;4
2015-02-06;06/02/2015;2310;2310;2310;2310;2
2015-02-09;09/02/2015;2310;2310;2310;2310;40
2015-02-10;10/02/2015;2275;2275;2275;2275;20
2015-02-11;11/02/2015;2310;2310;2310;2310;232
2015-02-12;12/02/2015;2300;2300;2300;2300;80
2015-02-13;13/02/2015;2287.5;2287.5;2287.5;2287.5;60
2015-02-16;16/02/2015;2310;2310;2310;2310;820
2015-02-17;17/02/2015;2310;2310;2310;2310;558
2015-02-18;18/02/2015;2310;2310;2310;2310;662
2015-02-23;23/02/2015;2250;2250;2250;2250;4
2015-02-24;24/02/2015;2250;2250;2250;2250;246
2015-02-25;25/02/2015;2300;2300;2300;2300;484
2015-02-27;27/02/2015;2250;2250;2250;2250;38044
2015-03-02;02/03/2015;2187.5;2187.5;2187.5;2187.5;154
2015-03-03;03/03/2015;2202.5;2202.5;2202.5;2202.5;14
2015-03-04;04/03/2015;2250;2250;2250;2250;182
2015-03-05;05/03/2015;2250;2250;2250;2250;90
2015-03-06;06/03/2015;2250;2250;2250;2250;92
2015-03-09;09/03/2015;2250;2250;2250;2250;106
2015-03-10;10/03/2015;2297;2297;2297;2297;54
2015-03-12;12/03/2015;2275;2275;2275;2275;32
2015-03-13;13/03/2015;2300;2300;2300;2300;314
2015-03-16;16/03/2015;2300;2300;2300;2300;144
2015-03-17;17/03/2015;2300;2300;2300;2300;128
2015-03-18;18/03/2015;2350.5;2350.5;2350.5;2350.5;8
2015-03-19;19/03/2015;2350;2350;2350;2350;16
2015-03-20;20/03/2015;2350.5;2350.5;2350.5;2350.5;38526
2015-03-23;23/03/2015;2350;2350;2350;2350;278
2015-03-24;24/03/2015;2350;2350;2350;2350;268
2015-03-25;25/03/2015;2350;2350;2350;2350;1086
2015-03-26;26/03/2015;2350;2350;2350;2350;686
2015-03-27;27/03/2015;2350;2350;2350;2350;496
2015-03-30;30/03/2015;2355;2355;2355;2355;40698
2015-03-31;31/03/2015;2355;2355;2355;2355;62
2015-04-01;01/04/2015;2375;2375;2375;2375;66
2015-04-02;02/04/2015;2500;2500;2500;2500;296
2015-04-03;03/04/2015;2675;2675;2675;2675;986
2015-04-06;06/04/2015;2675;2675;2675;2675;19720
2015-04-08;08/04/2015;2509;2509;2509;2509;8
2015-04-09;09/04/2015;2600;2600;2600;2600;42
2015-04-10;10/04/2015;2487.5;2487.5;2487.5;2487.5;186
2015-04-14;14/04/2015;2450;2450;2450;2450;48
2015-04-15;15/04/2015;2475;2475;2475;2475;412
2015-04-16;16/04/2015;2450;2450;2450;2450;198
2015-04-17;17/04/2015;2462.5;2462.5;2462.5;2462.5;106
2015-04-21;21/04/2015;2525;2525;2525;2525;2
2015-04-22;22/04/2015;2525;2525;2525;2525;38
2015-04-23;23/04/2015;2500;2500;2500;2500;514
2015-04-24;24/04/2015;2550;2550;2550;2550;420
2015-04-27;27/04/2015;2475;2475;2475;2475;16
2015-04-30;30/04/2015;2400;2400;2400;2400;4
2015-05-04;04/05/2015;2250;2250;2250;2250;122
2015-05-05;05/05/2015;2300;2300;2300;2300;40
2015-05-06;06/05/2015;2250;2250;2250;2250;32
2015-05-07;07/05/2015;2300;2300;2300;2300;412
2015-05-08;08/05/2015;2300;2300;2300;2300;34
2015-05-11;11/05/2015;2300;2300;2300;2300;596
2015-05-12;12/05/2015;2300;2300;2300;2300;40
2015-05-13;13/05/2015;2300;2300;2300;2300;40
2015-05-14;14/05/2015;2300;2300;2300;2300;800
2015-05-19;19/05/2015;2312.5;2312.5;2312.5;2312.5;492
2015-05-20;20/05/2015;2300;2300;2300;2300;4
2015-05-21;21/05/2015;2300;2300;2300;2300;190
2015-05-22;22/05/2015;2300;2300;2300;2300;28
2015-05-25;25/05/2015;2300;2300;2300;2300;560
2015-05-26;26/05/2015;2375;2375;2375;2375;52
2015-05-27;27/05/2015;2312.5;2312.5;2312.5;2312.5;146
2015-05-28;28/05/2015;2337.5;2337.5;2337.5;2337.5;132
2015-05-29;29/05/2015;2350;2350;2350;2350;612
2015-06-01;01/06/2015;2337.5;2337.5;2337.5;2337.5;3200
2015-06-02;02/06/2015;2375;2375;2375;2375;458
2015-06-03;03/06/2015;2375;2375;2375;2375;412
2015-06-04;04/06/2015;2375;2375;2375;2375;8
2015-06-05;05/06/2015;2375;2375;2375;2375;62
2015-06-08;08/06/2015;2475;2475;2475;2475;590
2015-06-09;09/06/2015;2475;2475;2475;2475;446
2015-06-11;11/06/2015;2475;2475;2475;2475;96
2015-06-12;12/06/2015;2477.5;2477.5;2477.5;2477.5;30
2015-06-15;15/06/2015;2487.5;2487.5;2487.5;2487.5;32
2015-06-16;16/06/2015;2475;2475;2475;2475;2
2015-06-17;17/06/2015;2400;2400;2400;2400;4
2015-06-18;18/06/2015;2427.5;2427.5;2427.5;2427.5;86
2015-06-19;19/06/2015;2425;2425;2425;2425;262
2015-06-22;22/06/2015;2432.5;2432.5;2432.5;2432.5;46
2015-06-23;23/06/2015;2437.5;2437.5;2437.5;2437.5;404
2015-06-24;24/06/2015;2425;2425;2425;2425;206
2015-06-25;25/06/2015;2475;2475;2475;2475;556
2015-06-26;26/06/2015;2475;2475;2475;2475;200
2015-06-29;29/06/2015;2500;2500;2500;2500;514
2015-06-30;30/06/2015;2450;2450;2450;2450;22
2015-07-01;01/07/2015;2475;2475;2475;2475;482
2015-07-02;02/07/2015;2462.5;2462.5;2462.5;2462.5;24
2015-07-03;03/07/2015;2462.5;2462.5;2462.5;2462.5;90
2015-07-06;06/07/2015;2475;2475;2475;2475;370
2015-07-07;07/07/2015;2475;2475;2475;2475;110
2015-07-08;08/07/2015;2462.5;2462.5;2462.5;2462.5;180
2015-07-09;09/07/2015;2475;2475;2475;2475;160
2015-07-10;10/07/2015;2475;2475;2475;2475;6
2015-07-13;13/07/2015;2475;2475;2475;2475;544
2015-07-14;14/07/2015;2475;2475;2475;2475;10880
2015-07-15;15/07/2015;2487.5;2487.5;2487.5;2487.5;74
2015-07-16;16/07/2015;2487.5;2487.5;2487.5;2487.5;4
2015-07-17;17/07/2015;2487.5;2487.5;2487.5;2487.5;80
2015-07-20;20/07/2015;2512.5;2512.5;2512.5;2512.5;434
2015-07-21;21/07/2015;2512.5;2512.5;2512.5;2512.5;7932
2015-07-22;22/07/2015;2512.5;2512.5;2512.5;2512.5;312
2015-07-23;23/07/2015;2512.5;2512.5;2512.5;2512.5;2530
2015-07-24;24/07/2015;2512.5;2512.5;2512.5;2512.5;38
2015-07-27;27/07/2015;2512.5;2512.5;2512.5;2512.5;300
2015-07-28;28/07/2015;2512.5;2512.5;2512.5;2512.5;400
2015-07-29;29/07/2015;2490.5;2490.5;2490.5;2490.5;2402
2015-07-30;30/07/2015;2512.5;2512.5;2512.5;2512.5;1686
2015-07-31;31/07/2015;2512.5;2512.5;2512.5;2512.5;1762
2015-08-03;03/08/2015;2512.5;2512.5;2512.5;2512.5;34
2015-08-04;04/08/2015;2525;2525;2525;2525;80
2015-08-05;05/08/2015;2525;2525;2525;2525;4
2015-08-06;06/08/2015;2550;2550;2550;2550;82
2015-08-07;07/08/2015;2550;2550;2550;2550;1640
2015-08-10;10/08/2015;2555;2555;2555;2555;78
2015-08-11;11/08/2015;2625;2625;2625;2625;76
2015-08-12;12/08/2015;2625.5;2625.5;2625.5;2625.5;38
2015-08-13;13/08/2015;2675;2675;2675;2675;48
2015-08-14;14/08/2015;2675;2675;2675;2675;24
2015-08-17;17/08/2015;2875;2875;2875;2875;318
2015-08-18;18/08/2015;2875;2875;2875;2875;70
2015-08-19;19/08/2015;2875;2875;2875;2875;340
2015-08-20;20/08/2015;2875;2875;2875;2875;260
2015-08-21;21/08/2015;2875;2875;2875;2875;64
2015-08-24;24/08/2015;2875;2875;2875;2875;92
2015-08-25;25/08/2015;2875;2875;2875;2875;18
2015-08-26;26/08/2015;2887.5;2887.5;2887.5;2887.5;60
2015-08-27;27/08/2015;2902.5;2902.5;2902.5;2902.5;576
2015-08-28;28/08/2015;2950;2950;2950;2950;8
2015-08-31;31/08/2015;3025;3025;3025;3025;74
2015-09-01;01/09/2015;3062.5;3062.5;3062.5;3062.5;58
2015-09-02;02/09/2015;3100;3100;3100;3100;78
2015-09-03;03/09/2015;3100;3100;3100;3100;212
2015-09-04;04/09/2015;3100;3100;3100;3100;1164
2015-09-07;07/09/2015;3125;3125;3125;3125;30
2015-09-08;08/09/2015;3150;3150;3150;3150;5110
2015-09-09;09/09/2015;3125;3125;3125;3125;1452
2015-09-10;10/09/2015;3125;3125;3125;3125;390
2015-09-11;11/09/2015;3125;3125;3125;3125;44
2015-09-14;14/09/2015;3127.5;3127.5;3127.5;3127.5;310
2015-09-15;15/09/2015;3077.5;3077.5;3077.5;3077.5;4
2015-09-17;17/09/2015;3125;3125;3125;3125;572
2015-09-18;18/09/2015;3125;3125;3125;3125;22
2015-09-21;21/09/2015;3299.5;3299.5;3299.5;3299.5;1138
2015-09-22;22/09/2015;3150;3150;3150;3150;32
2015-09-23;23/09/2015;3150;3150;3150;3150;78
2015-09-24;24/09/2015;3150;3150;3150;3150;1560
2015-09-25;25/09/2015;3125;3125;3125;3125;1640
2015-09-28;28/09/2015;3002.5;3002.5;3002.5;3002.5;1028
2015-09-30;30/09/2015;3027.5;3027.5;3027.5;3027.5;24
2015-10-01;01/10/2015;3050;3050;3050;3050;20
2015-10-02;02/10/2015;3050;3050;3050;3050;6
2015-10-05;05/10/2015;3050;3050;3050;3050;88
2015-10-06;06/10/2015;3050;3050;3050;3050;128
2015-10-07;07/10/2015;3050;3050;3050;3050;568
2015-10-08;08/10/2015;3000;3000;3000;3000;2506
2015-10-09;09/10/2015;3000;3000;3000;3000;56
2015-10-12;12/10/2015;2941.5;2941.5;2941.5;2941.5;2160
2015-10-14;14/10/2015;3000;3000;3000;3000;2464
2015-10-15;15/10/2015;3000;3000;3000;3000;82
2015-10-16;16/10/2015;3000;3000;3000;3000;20
2015-10-19;19/10/2015;3025;3025;3025;3025;6
2015-10-20;20/10/2015;3050;3050;3050;3050;760
2015-10-22;22/10/2015;3050;3050;3050;3050;6078
2015-10-23;23/10/2015;3025;3025;3025;3025;4
2015-10-26;26/10/2015;3026.5;3026.5;3026.5;3026.5;40
2015-10-27;27/10/2015;3050;3050;3050;3050;44
2015-10-28;28/10/2015;3075;3075;3075;3075;28
2015-10-30;30/10/2015;3000;3000;3000;3000;182
2015-11-02;02/11/2015;3000;3000;3000;3000;36
2015-11-03;03/11/2015;3000;3000;3000;3000;18
2015-11-04;04/11/2015;2975;2975;2975;2975;84
2015-11-05;05/11/2015;2975;2975;2975;2975;138
2015-11-06;06/11/2015;2987.5;2987.5;2987.5;2987.5;200
2015-11-09;09/11/2015;2975.5;2975.5;2975.5;2975.5;236
2015-11-10;10/11/2015;2987.5;2987.5;2987.5;2987.5;16
2015-11-11;11/11/2015;2975.5;2975.5;2975.5;2975.5;168
2015-11-12;12/11/2015;3000;3000;3000;3000;6
2015-11-13;13/11/2015;3000;3000;3000;3000;16
2015-11-16;16/11/2015;2987.5;2987.5;2987.5;2987.5;20
2015-11-17;17/11/2015;2987.5;2987.5;2987.5;2987.5;20
2015-11-18;18/11/2015;2987.5;2987.5;2987.5;2987.5;10
2015-11-19;19/11/2015;2988;2988;2988;2988;46
2015-11-23;23/11/2015;2988;2988;2988;2988;158
2015-11-24;24/11/2015;2988;2988;2988;2988;12
2015-11-25;25/11/2015;2988;2988;2988;2988;346
2015-11-26;26/11/2015;2925;2925;2925;2925;22
2015-11-27;27/11/2015;2925;2925;2925;2925;16
2015-11-30;30/11/2015;3000;3000;3000;3000;424
2015-12-03;03/12/2015;2927.5;2927.5;2927.5;2927.5;202
2015-12-04;04/12/2015;2925;2925;2925;2925;44
2015-12-07;07/12/2015;2950;2950;2950;2950;38
2015-12-08;08/12/2015;3062.5;3062.5;3062.5;3062.5;54
2015-12-09;09/12/2015;2950;2950;2950;2950;122
2015-12-10;10/12/2015;2925;2925;2925;2925;6
2015-12-11;11/12/2015;2925;2925;2925;2925;50
2015-12-14;14/12/2015;2925;2925;2925;2925;94
2015-12-15;15/12/2015;2900;2900;2900;2900;266
2015-12-16;16/12/2015;2900;2900;2900;2900;58
2015-12-17;17/12/2015;2900;2900;2900;2900;658
2015-12-18;18/12/2015;2925;2925;2925;2925;1236
2015-12-21;21/12/2015;2875;2875;2875;2875;52
2015-12-22;22/12/2015;2817.5;2817.5;2817.5;2817.5;414
2015-12-23;23/12/2015;2825;2825;2825;2825;4620
2015-12-24;24/12/2015;2825;2825;2825;2825;12400
2015-12-25;25/12/2015;2825;2825;2825;2825;12400
2015-12-28;28/12/2015;2887.5;2887.5;2887.5;2887.5;76
2015-12-29;29/12/2015;2950;2950;2950;2950;130
2015-12-30;30/12/2015;3000;3000;3000;3000;1020
2015-12-31;31/12/2015;3125;3125;3125;3125;320
2016-01-05;05/01/2016;3075;3075;3075;3075;246
2016-01-06;06/01/2016;3100;3100;3100;3100;44
2016-01-07;07/01/2016;3100;3100;3100;3100;78
2016-01-08;08/01/2016;3125;3125;3125;3125;2
2016-01-11;11/01/2016;3140;3140;3140;3140;24
2016-01-12;12/01/2016;3250;3250;3250;3250;26
2016-01-13;13/01/2016;3250;3250;3250;3250;32
2016-01-14;14/01/2016;3275;3275;3275;3275;92
2016-01-15;15/01/2016;3275;3275;3275;3275;60
2016-01-18;18/01/2016;3250;3250;3250;3250;92
2016-01-19;19/01/2016;3250;3250;3250;3250;38
2016-01-20;20/01/2016;3277.5;3277.5;3277.5;3277.5;4
2016-01-21;21/01/2016;3275;3275;3275;3275;72
2016-01-22;22/01/2016;3357.5;3357.5;3357.5;3357.5;60
2016-01-25;25/01/2016;3357.5;3357.5;3357.5;3357.5;4
2016-01-26;26/01/2016;3350;3350;3350;3350;24
2016-01-27;27/01/2016;3350.5;3350.5;3350.5;3350.5;13098
2016-01-29;29/01/2016;3375;3375;3375;3375;130
2016-02-01;01/02/2016;3437.5;3437.5;3437.5;3437.5;13012
2016-02-02;02/02/2016;3440;3440;3440;3440;472
2016-02-03;03/02/2016;3440;3440;3440;3440;10
2016-02-05;05/02/2016;3442.5;3442.5;3442.5;3442.5;864
2016-02-11;11/02/2016;3450;3450;3450;3450;14
2016-02-12;12/02/2016;3450.5;3450.5;3450.5;3450.5;52
2016-02-15;15/02/2016;3550;3550;3550;3550;316
2016-02-16;16/02/2016;3621;3621;3621;3621;820
2016-02-18;18/02/2016;3675;3675;3675;3675;6
2016-02-19;19/02/2016;3775;3775;3775;3775;850
2016-02-22;22/02/2016;3625;3625;3625;3625;82
2016-02-23;23/02/2016;3625.5;3625.5;3625.5;3625.5;54
2016-02-24;24/02/2016;3725.5;3725.5;3725.5;3725.5;98
2016-02-25;25/02/2016;3762.5;3762.5;3762.5;3762.5;104
2016-02-26;26/02/2016;3762.5;3762.5;3762.5;3762.5;30
2016-02-29;29/02/2016;4000;4000;4000;4000;178
2016-03-01;01/03/2016;4000;4000;4000;4000;222
2016-03-02;02/03/2016;4275;4275;4275;4275;4036
2016-03-03;03/03/2016;4275;4275;4275;4275;14
2016-03-04;04/03/2016;4595.5;4595.5;4595.5;4595.5;4000
2016-03-07;07/03/2016;4940.5;4940.5;4940.5;4940.5;20
2016-03-08;08/03/2016;5311;5311;5311;5311;1000
2016-03-09;09/03/2016;5709;5709;5709;5709;632
2016-03-10;10/03/2016;6112.5;6112.5;6112.5;6112.5;2018
2016-03-11;11/03/2016;5654;5654;5654;5654;56
2016-03-14;14/03/2016;5230;5230;5230;5230;6
2016-03-15;15/03/2016;4838;4838;4838;4838;62
2016-03-16;16/03/2016;4625;4625;4625;4625;43934
2016-03-17;17/03/2016;4625;4625;4625;4625;536
2016-03-18;18/03/2016;4637.5;4637.5;4637.5;4637.5;56
2016-03-21;21/03/2016;4637.5;4637.5;4637.5;4637.5;3152
2016-03-22;22/03/2016;4626.5;4626.5;4626.5;4626.5;176
2016-03-23;23/03/2016;4633;4633;4633;4633;42
2016-03-24;24/03/2016;4875;4875;4875;4875;1440
2016-03-25;25/03/2016;4875;4875;4875;4875;4230
2016-03-28;28/03/2016;4875;4875;4875;4875;84600
2016-03-29;29/03/2016;4875;4875;4875;4875;22
2016-03-31;31/03/2016;4850;4850;4850;4850;50
2016-04-01;01/04/2016;4875;4875;4875;4875;1684
2016-04-04;04/04/2016;4653;4653;4653;4653;566
2016-04-05;05/04/2016;4750;4750;4750;4750;6
2016-04-06;06/04/2016;4750;4750;4750;4750;10
2016-04-07;07/04/2016;4750;4750;4750;4750;306
2016-04-08;08/04/2016;5000;5000;5000;5000;752
2016-04-11;11/04/2016;4750;4750;4750;4750;218
2016-04-12;12/04/2016;4750;4750;4750;4750;8
2016-04-13;13/04/2016;4875;4875;4875;4875;1398
2016-04-14;14/04/2016;4700;4700;4700;4700;190
2016-04-15;15/04/2016;4750;4750;4750;4750;20
2016-04-19;19/04/2016;4736.5;4736.5;4736.5;4736.5;2
2016-04-20;20/04/2016;4725;4725;4725;4725;16
2016-04-21;21/04/2016;4725;4725;4725;4725;20
2016-04-22;22/04/2016;4750;4750;4750;4750;80
2016-04-26;26/04/2016;4500;4500;4500;4500;132
2016-04-28;28/04/2016;4750;4750;4750;4750;76
2016-05-03;03/05/2016;4625;4625;4625;4625;6
2016-05-04;04/05/2016;4750;4750;4750;4750;238
2016-05-05;05/05/2016;4750;4750;4750;4750;4760
2016-05-06;06/05/2016;4625;4625;4625;4625;82
2016-05-10;10/05/2016;4575;4575;4575;4575;106
2016-05-12;12/05/2016;4575;4575;4575;4575;76
2016-05-13;13/05/2016;4625;4625;4625;4625;40
2016-05-16;16/05/2016;4625;4625;4625;4625;800
2016-05-17;17/05/2016;4750;4750;4750;4750;518
2016-05-18;18/05/2016;5000;5000;5000;5000;948
2016-05-19;19/05/2016;5000;5000;5000;5000;508
2016-05-20;20/05/2016;4950;4950;4950;4950;1496
2016-05-23;23/05/2016;4975;4975;4975;4975;162
2016-05-24;24/05/2016;4962.5;4962.5;4962.5;4962.5;128
2016-05-25;25/05/2016;4975;4975;4975;4975;36
2016-05-26;26/05/2016;5000;5000;5000;5000;2300
2016-05-27;27/05/2016;5125;5125;5125;5125;356
2016-05-30;30/05/2016;5250;5250;5250;5250;1942
2016-05-31;31/05/2016;5300;5300;5300;5300;252
2016-06-01;01/06/2016;5625;5625;5625;5625;440
2016-06-02;02/06/2016;5495;5495;5495;5495;24
2016-06-03;03/06/2016;5267.5;5267.5;5267.5;5267.5;66
2016-06-06;06/06/2016;5625;5625;5625;5625;6400
2016-06-07;07/06/2016;5375;5375;5375;5375;6
2016-06-08;08/06/2016;4725;4725;4725;4725;12
2016-06-09;09/06/2016;4727.5;4727.5;4727.5;4727.5;136
2016-06-10;10/06/2016;5082;5082;5082;5082;90
2016-06-13;13/06/2016;5079.5;5079.5;5079.5;5079.5;90
2016-06-14;14/06/2016;5100;5100;5100;5100;74
2016-06-15;15/06/2016;5100;5100;5100;5100;398
2016-06-16;16/06/2016;5100;5100;5100;5100;264
2016-06-17;17/06/2016;5105;5105;5105;5105;82
2016-06-20;20/06/2016;5125;5125;5125;5125;140
2016-06-21;21/06/2016;5125;5125;5125;5125;156
2016-06-22;22/06/2016;5100;5100;5100;5100;176
2016-06-23;23/06/2016;5050;5050;5050;5050;88
2016-06-24;24/06/2016;5075;5075;5075;5075;224
2016-06-27;27/06/2016;5075;5075;5075;5075;102
2016-06-28;28/06/2016;5075;5075;5075;5075;432
2016-06-29;29/06/2016;5075;5075;5075;5075;20
2016-06-30;30/06/2016;5000;5000;5000;5000;8
2016-07-01;01/07/2016;5050;5050;5050;5050;456
2016-07-04;04/07/2016;4950;4950;4950;4950;106
2016-07-07;07/07/2016;4875;4875;4875;4875;86
2016-07-12;12/07/2016;4510;4510;4510;4510;4
2016-07-13;13/07/2016;4500;4500;4500;4500;28
2016-07-14;14/07/2016;4250;4250;4250;4250;50
2016-07-15;15/07/2016;4250;4250;4250;4250;62
2016-07-18;18/07/2016;4250;4250;4250;4250;24
2016-07-19;19/07/2016;4337.5;4337.5;4337.5;4337.5;16
2016-07-20;20/07/2016;4375;4375;4375;4375;26
2016-07-21;21/07/2016;4375;4375;4375;4375;24
2016-07-25;25/07/2016;4500;4500;4500;4500;88
2016-07-26;26/07/2016;4500;4500;4500;4500;536
2016-07-27;27/07/2016;4500;4500;4500;4500;48
2016-08-01;01/08/2016;4501.5;4501.5;4501.5;4501.5;12
2016-08-02;02/08/2016;4562.5;4562.5;4562.5;4562.5;26
2016-08-03;03/08/2016;4563;4563;4563;4563;36
2016-08-04;04/08/2016;4575;4575;4575;4575;46
2016-08-05;05/08/2016;4587.5;4587.5;4587.5;4587.5;26
2016-08-08;08/08/2016;4587.625;4587.625;4587.625;4587.625;520
2016-08-09;09/08/2016;4587.5;4587.5;4587.5;4587.5;46
2016-08-10;10/08/2016;4577.5;4577.5;4577.5;4577.5;40
2016-08-11;11/08/2016;4572.5;4572.5;4572.5;4572.5;58
2016-08-12;12/08/2016;4575;4575;4575;4575;30
2016-08-15;15/08/2016;4575;4575;4575;4575;600
2016-08-16;16/08/2016;4572.5;4572.5;4572.5;4572.5;64
2016-08-17;17/08/2016;4575;4575;4575;4575;434
2016-08-18;18/08/2016;4575;4575;4575;4575;132
2016-08-19;19/08/2016;4575;4575;4575;4575;216
2016-08-23;23/08/2016;4567.5;4567.5;4567.5;4567.5;56
2016-08-24;24/08/2016;4565;4565;4565;4565;442
2016-08-25;25/08/2016;4575;4575;4575;4575;84
2016-08-26;26/08/2016;4500;4500;4500;4500;12
2016-08-29;29/08/2016;4500;4500;4500;4500;54
2016-08-30;30/08/2016;4250;4250;4250;4250;186
2016-08-31;31/08/2016;4250;4250;4250;4250;200
2016-09-01;01/09/2016;4500;4500;4500;4500;410
2016-09-02;02/09/2016;4500;4500;4500;4500;10
2016-09-05;05/09/2016;4287.5;4287.5;4287.5;4287.5;28
2016-09-06;06/09/2016;4300;4300;4300;4300;12
2016-09-07;07/09/2016;4300;4300;4300;4300;158
2016-09-08;08/09/2016;4400;4400;4400;4400;130
2016-09-09;09/09/2016;4350;4350;4350;4350;14
2016-09-12;12/09/2016;4350;4350;4350;4350;280
2016-09-13;13/09/2016;4500;4500;4500;4500;472
2016-09-14;14/09/2016;4425;4425;4425;4425;22
2016-09-15;15/09/2016;4500;4500;4500;4500;2
2016-09-16;16/09/2016;4250;4250;4250;4250;428
2016-09-19;19/09/2016;4125;4125;4125;4125;380
2016-09-20;20/09/2016;4122.5;4122.5;4122.5;4122.5;74
2016-09-21;21/09/2016;3875;3875;3875;3875;354
2016-09-22;22/09/2016;3850;3850;3850;3850;212
2016-09-23;23/09/2016;3750;3750;3750;3750;276
2016-09-26;26/09/2016;3650;3650;3650;3650;108
2016-09-27;27/09/2016;3745;3745;3745;3745;290
2016-09-28;28/09/2016;3750;3750;3750;3750;520
2016-09-29;29/09/2016;3750;3750;3750;3750;276
2016-09-30;30/09/2016;3750;3750;3750;3750;506
2016-10-03;03/10/2016;3750;3750;3750;3750;26
2016-10-04;04/10/2016;3702.5;3702.5;3702.5;3702.5;42
2016-10-05;05/10/2016;3625;3625;3625;3625;176
2016-10-06;06/10/2016;3750;3750;3750;3750;14
2016-10-07;07/10/2016;3625;3625;3625;3625;50
2016-10-10;10/10/2016;3625.5;3625.5;3625.5;3625.5;56
2016-10-11;11/10/2016;3650;3650;3650;3650;20
2016-10-12;12/10/2016;3612.5;3612.5;3612.5;3612.5;26
2016-10-13;13/10/2016;3625;3625;3625;3625;250
2016-10-14;14/10/2016;3625;3625;3625;3625;1104
2016-10-17;17/10/2016;3725;3725;3725;3725;220
2016-10-18;18/10/2016;3700;3700;3700;3700;408
2016-10-19;19/10/2016;3662.5;3662.5;3662.5;3662.5;72
2016-10-20;20/10/2016;3675;3675;3675;3675;374
2016-10-21;21/10/2016;3675;3675;3675;3675;10
2016-10-24;24/10/2016;3675.5;3675.5;3675.5;3675.5;34
2016-10-25;25/10/2016;3675.5;3675.5;3675.5;3675.5;58
2016-10-26;26/10/2016;3750;3750;3750;3750;874
2016-10-27;27/10/2016;3700;3700;3700;3700;112
2016-10-28;28/10/2016;3700;3700;3700;3700;18
2016-10-31;31/10/2016;3650;3650;3650;3650;100
2016-11-01;01/11/2016;3650;3650;3650;3650;2000
2016-11-02;02/11/2016;3625;3625;3625;3625;60
2016-11-03;03/11/2016;3625;3625;3625;3625;34
2016-11-04;04/11/2016;3625;3625;3625;3625;170
2016-11-07;07/11/2016;3625;3625;3625;3625;46
2016-11-08;08/11/2016;3625;3625;3625;3625;72
2016-11-09;09/11/2016;3625;3625;3625;3625;28
2016-11-10;10/11/2016;3650;3650;3650;3650;120
2016-11-11;11/11/2016;3650;3650;3650;3650;8
2016-11-14;14/11/2016;3637.5;3637.5;3637.5;3637.5;206
2016-11-15;15/11/2016;3637.5;3637.5;3637.5;3637.5;4120
2016-11-16;16/11/2016;3625;3625;3625;3625;156
2016-11-17;17/11/2016;3500;3500;3500;3500;1010
2016-11-18;18/11/2016;3625;3625;3625;3625;14
2016-11-21;21/11/2016;3500;3500;3500;3500;456
2016-11-22;22/11/2016;3475;3475;3475;3475;370
2016-11-23;23/11/2016;3475;3475;3475;3475;44
2016-11-24;24/11/2016;3450;3450;3450;3450;224
2016-11-25;25/11/2016;3450;3450;3450;3450;68
2016-11-28;28/11/2016;3450;3450;3450;3450;334
2016-11-29;29/11/2016;3437.5;3437.5;3437.5;3437.5;12
2016-11-30;30/11/2016;3475;3475;3475;3475;122
2016-12-01;01/12/2016;3462.5;3462.5;3462.5;3462.5;2
2016-12-02;02/12/2016;3500;3500;3500;3500;56
2016-12-05;05/12/2016;3500;3500;3500;3500;72
2016-12-06;06/12/2016;3500;3500;3500;3500;156
2016-12-07;07/12/2016;3475;3475;3475;3475;246
2016-12-08;08/12/2016;3450;3450;3450;3450;328
2016-12-09;09/12/2016;3500;3500;3500;3500;124
2016-12-12;12/12/2016;3500;3500;3500;3500;2480
2016-12-13;13/12/2016;3500;3500;3500;3500;120
2016-12-14;14/12/2016;3375;3375;3375;3375;58
2016-12-15;15/12/2016;3500;3500;3500;3500;4428
2016-12-16;16/12/2016;3500;3500;3500;3500;36
2016-12-19;19/12/2016;3400;3400;3400;3400;92
2016-12-20;20/12/2016;3400;3400;3400;3400;244
2016-12-21;21/12/2016;3400;3400;3400;3400;286
2016-12-22;22/12/2016;3400;3400;3400;3400;234
2016-12-23;23/12/2016;3625;3625;3625;3625;1274
2016-12-26;26/12/2016;3625;3625;3625;3625;25480
2016-12-27;27/12/2016;3500;3500;3500;3500;2858
2016-12-28;28/12/2016;3480;3480;3480;3480;116
2016-12-29;29/12/2016;3475;3475;3475;3475;50
2016-12-30;30/12/2016;3475;3475;3475;3475;84
2017-01-02;02/01/2017;3475;3475;3475;3475;18
2017-01-03;03/01/2017;3475;3475;3475;3475;2
2017-01-04;04/01/2017;3450;3450;3450;3450;30
2017-01-05;05/01/2017;3400;3400;3400;3400;104
2017-01-06;06/01/2017;3437.5;3437.5;3437.5;3437.5;72
2017-01-09;09/01/2017;3400.5;3400.5;3400.5;3400.5;30
2017-01-11;11/01/2017;3300;3300;3300;3300;28
2017-01-12;12/01/2017;3412.5;3412.5;3412.5;3412.5;12
2017-01-13;13/01/2017;3400;3400;3400;3400;72
2017-01-16;16/01/2017;3375;3375;3375;3375;200
2017-01-17;17/01/2017;3387.5;3387.5;3387.5;3387.5;206
2017-01-18;18/01/2017;3362.5;3362.5;3362.5;3362.5;128
2017-01-19;19/01/2017;3375;3375;3375;3375;426
2017-01-20;20/01/2017;3375;3375;3375;3375;68
2017-01-23;23/01/2017;3337.5;3337.5;3337.5;3337.5;22
2017-01-24;24/01/2017;3375;3375;3375;3375;72
2017-01-25;25/01/2017;3350;3350;3350;3350;266
2017-01-26;26/01/2017;3300.5;3300.5;3300.5;3300.5;32
2017-01-27;27/01/2017;3375;3375;3375;3375;20
2017-01-30;30/01/2017;3375;3375;3375;3375;854
2017-01-31;31/01/2017;3375;3375;3375;3375;20
2017-02-01;01/02/2017;3375;3375;3375;3375;1454
2017-02-02;02/02/2017;3375;3375;3375;3375;2736
2017-02-03;03/02/2017;3400;3400;3400;3400;322
2017-02-06;06/02/2017;3400;3400;3400;3400;256
2017-02-07;07/02/2017;3400.5;3400.5;3400.5;3400.5;178
2017-02-08;08/02/2017;3425;3425;3425;3425;2428
2017-02-09;09/02/2017;3425;3425;3425;3425;538
2017-02-10;10/02/2017;3425;3425;3425;3425;932
2017-02-13;13/02/2017;3425;3425;3425;3425;322
2017-02-14;14/02/2017;3425;3425;3425;3425;594
2017-02-15;15/02/2017;3425;3425;3425;3425;54
2017-02-16;16/02/2017;3425;3425;3425;3425;436
2017-02-17;17/02/2017;3425;3425;3425;3425;594
2017-02-20;20/02/2017;3430;3430;3430;3430;904
2017-02-21;21/02/2017;3425;3425;3425;3425;436
2017-02-22;22/02/2017;3477.5;3477.5;3477.5;3477.5;10
2017-02-23;23/02/2017;3625;3625;3625;3625;108
2017-02-24;24/02/2017;3897;3897;3897;3897;186
2017-02-27;27/02/2017;4189;4189;4189;4189;1398
2017-02-28;28/02/2017;3975;3975;3975;3975;308
2017-03-01;01/03/2017;3975;3975;3975;3975;98
2017-03-02;02/03/2017;3875;3875;3875;3875;46
2017-03-03;03/03/2017;3750;3750;3750;3750;80
2017-03-06;06/03/2017;3750;3750;3750;3750;202
2017-03-07;07/03/2017;3862.5;3862.5;3862.5;3862.5;58
2017-03-08;08/03/2017;3750;3750;3750;3750;214
2017-03-09;09/03/2017;3750;3750;3750;3750;114
2017-03-10;10/03/2017;3744;3744;3744;3744;172
2017-03-13;13/03/2017;3745;3745;3745;3745;44
2017-03-14;14/03/2017;3875;3875;3875;3875;1338
2017-03-15;15/03/2017;3875;3875;3875;3875;1164
2017-03-16;16/03/2017;4075;4075;4075;4075;502
2017-03-17;17/03/2017;4105;4105;4105;4105;248
2017-03-20;20/03/2017;4025;4025;4025;4025;304
2017-03-21;21/03/2017;4125;4125;4125;4125;864
2017-03-22;22/03/2017;4434.5;4434.5;4434.5;4434.5;538
2017-03-23;23/03/2017;4434.5;4434.5;4434.5;4434.5;2744
2017-03-24;24/03/2017;4434.5;4434.5;4434.5;4434.5;614
2017-03-27;27/03/2017;4125;4125;4125;4125;234
2017-03-28;28/03/2017;4062.5;4062.5;4062.5;4062.5;124
2017-03-29;29/03/2017;4250;4250;4250;4250;136
2017-03-30;30/03/2017;4425;4425;4425;4425;508
2017-03-31;31/03/2017;4425;4425;4425;4425;198
2017-04-03;03/04/2017;4425;4425;4425;4425;298
2017-04-04;04/04/2017;4437.5;4437.5;4437.5;4437.5;402
2017-04-05;05/04/2017;4450;4450;4450;4450;248
2017-04-06;06/04/2017;4375;4375;4375;4375;430
2017-04-07;07/04/2017;4375;4375;4375;4375;384
2017-04-10;10/04/2017;4400;4400;4400;4400;170
2017-04-11;11/04/2017;4425;4425;4425;4425;542
2017-04-12;12/04/2017;4475;4475;4475;4475;248
2017-04-13;13/04/2017;4400;4400;4400;4400;1724
2017-04-14;14/04/2017;4437.5;4437.5;4437.5;4437.5;200
2017-04-18;18/04/2017;4402.5;4402.5;4402.5;4402.5;632
2017-04-19;19/04/2017;4402.5;4402.5;4402.5;4402.5;218
2017-04-20;20/04/2017;4425;4425;4425;4425;244
2017-04-21;21/04/2017;4412.5;4412.5;4412.5;4412.5;204
2017-04-24;24/04/2017;4400;4400;4400;4400;664
2017-04-25;25/04/2017;4375;4375;4375;4375;156
2017-04-26;26/04/2017;4387.5;4387.5;4387.5;4387.5;120
2017-04-27;27/04/2017;4387.5;4387.5;4387.5;4387.5;364
2017-04-28;28/04/2017;4410;4410;4410;4410;166
2017-05-01;01/05/2017;4410;4410;4410;4410;3320
2017-05-02;02/05/2017;4437.5;4437.5;4437.5;4437.5;242
2017-05-03;03/05/2017;4450;4450;4450;4450;86
2017-05-04;04/05/2017;4450;4450;4450;4450;240
2017-05-05;05/05/2017;4450;4450;4450;4450;268
2017-05-08;08/05/2017;4250;4250;4250;4250;152
2017-05-09;09/05/2017;4350;4350;4350;4350;64
2017-05-10;10/05/2017;4375;4375;4375;4375;106
2017-05-11;11/05/2017;4382.5;4382.5;4382.5;4382.5;66
2017-05-12;12/05/2017;4387.5;4387.5;4387.5;4387.5;26
2017-05-15;15/05/2017;4437.5;4437.5;4437.5;4437.5;22
2017-05-16;16/05/2017;4387.5;4387.5;4387.5;4387.5;242
2017-05-17;17/05/2017;4400;4400;4400;4400;186
2017-05-18;18/05/2017;4400;4400;4400;4400;188
2017-05-19;19/05/2017;4375;4375;4375;4375;258
2017-05-22;22/05/2017;4375;4375;4375;4375;106
2017-05-23;23/05/2017;4352.5;4352.5;4352.5;4352.5;62
2017-05-24;24/05/2017;4400;4400;4400;4400;1480
2017-05-25;25/05/2017;4400;4400;4400;4400;29600
2017-05-26;26/05/2017;4375.5;4375.5;4375.5;4375.5;130
2017-05-29;29/05/2017;4350;4350;4350;4350;192
2017-05-30;30/05/2017;4350;4350;4350;4350;146
2017-05-31;31/05/2017;4350;4350;4350;4350;1080
2017-06-01;01/06/2017;4325;4325;4325;4325;144
2017-06-02;02/06/2017;4300;4300;4300;4300;60
2017-06-05;05/06/2017;4300;4300;4300;4300;1200
2017-06-06;06/06/2017;4300;4300;4300;4300;286
2017-06-07;07/06/2017;4250;4250;4250;4250;234
2017-06-08;08/06/2017;4287.5;4287.5;4287.5;4287.5;740
2017-06-09;09/06/2017;4300;4300;4300;4300;1032
2017-06-12;12/06/2017;4300;4300;4300;4300;524
2017-06-13;13/06/2017;4300;4300;4300;4300;714
2017-06-14;14/06/2017;4300;4300;4300;4300;596
2017-06-15;15/06/2017;4300;4300;4300;4300;806
2017-06-16;16/06/2017;4300;4300;4300;4300;196
2017-06-19;19/06/2017;4450;4450;4450;4450;318
2017-06-21;21/06/2017;4419.5;4419.5;4419.5;4419.5;68
2017-06-22;22/06/2017;4419.25;4419.25;4419.25;4419.25;680
2017-06-23;23/06/2017;4425;4425;4425;4425;24
2017-06-27;27/06/2017;4424;4424;4424;4424;34
2017-06-28;28/06/2017;4400;4400;4400;4400;2
2017-06-29;29/06/2017;4395;4395;4395;4395;100
2017-07-04;04/07/2017;4075;4075;4075;4075;10
2017-07-06;06/07/2017;4050;4050;4050;4050;56
2017-07-07;07/07/2017;3746.5;3746.5;3746.5;3746.5;24
2017-07-10;10/07/2017;3500;3500;3500;3500;126
2017-07-11;11/07/2017;3240;3240;3240;3240;68
2017-07-12;12/07/2017;3125;3125;3125;3125;188
2017-07-13;13/07/2017;3000;3000;3000;3000;702
2017-07-14;14/07/2017;2900;2900;2900;2900;540
2017-07-17;17/07/2017;3000;3000;3000;3000;60
2017-07-18;18/07/2017;3000;3000;3000;3000;360
2017-07-19;19/07/2017;2900;2900;2900;2900;184
2017-07-20;20/07/2017;3000;3000;3000;3000;244
2017-07-21;21/07/2017;2999.5;2999.5;2999.5;2999.5;204
2017-07-24;24/07/2017;2999.5;2999.5;2999.5;2999.5;150
2017-07-25;25/07/2017;2950;2950;2950;2950;22
2017-07-26;26/07/2017;2875;2875;2875;2875;28
2017-07-27;27/07/2017;2994.5;2994.5;2994.5;2994.5;120
2017-07-28;28/07/2017;2945;2945;2945;2945;54
2017-07-31;31/07/2017;2950;2950;2950;2950;234
2017-08-01;01/08/2017;2950;2950;2950;2950;102
2017-08-02;02/08/2017;3000;3000;3000;3000;104
2017-08-03;03/08/2017;2925;2925;2925;2925;128
2017-08-04;04/08/2017;3144.5;3144.5;3144.5;3144.5;120
2017-08-07;07/08/2017;3144.25;3144.25;3144.25;3144.25;1200
2017-08-08;08/08/2017;3000;3000;3000;3000;98
2017-08-09;09/08/2017;3050;3050;3050;3050;1762
2017-08-10;10/08/2017;3000;3000;3000;3000;1046
2017-08-11;11/08/2017;2900;2900;2900;2900;172
2017-08-14;14/08/2017;2950;2950;2950;2950;108
2017-08-15;15/08/2017;2950;2950;2950;2950;1080
2017-08-16;16/08/2017;2900;2900;2900;2900;122
2017-08-17;17/08/2017;2850;2850;2850;2850;56
2017-08-18;18/08/2017;2800;2800;2800;2800;216
2017-08-21;21/08/2017;2750;2750;2750;2750;16
2017-08-23;23/08/2017;2700;2700;2700;2700;236
2017-08-24;24/08/2017;2722.5;2722.5;2722.5;2722.5;306
2017-08-25;25/08/2017;2695;2695;2695;2695;1044
2017-08-28;28/08/2017;2700;2700;2700;2700;84
2017-08-29;29/08/2017;2650;2650;2650;2650;1066
2017-08-30;30/08/2017;2699.5;2699.5;2699.5;2699.5;1790
2017-08-31;31/08/2017;2600;2600;2600;2600;290
2017-09-01;01/09/2017;2600;2600;2600;2600;2900
2017-09-04;04/09/2017;2650;2650;2650;2650;60
2017-09-05;05/09/2017;2600.5;2600.5;2600.5;2600.5;140
2017-09-06;06/09/2017;2650;2650;2650;2650;774
2017-09-07;07/09/2017;2675;2675;2675;2675;102
2017-09-08;08/09/2017;2650;2650;2650;2650;668
2017-09-11;11/09/2017;2600;2600;2600;2600;2906
2017-09-12;12/09/2017;2500;2500;2500;2500;320
2017-09-13;13/09/2017;2500;2500;2500;2500;738
2017-09-14;14/09/2017;2550;2550;2550;2550;160
2017-09-15;15/09/2017;2500;2500;2500;2500;42
2017-09-18;18/09/2017;2475;2475;2475;2475;34
2017-09-19;19/09/2017;2487.5;2487.5;2487.5;2487.5;60
2017-09-20;20/09/2017;2443.5;2443.5;2443.5;2443.5;10
2017-09-21;21/09/2017;2425;2425;2425;2425;90
2017-09-22;22/09/2017;2295;2295;2295;2295;352
2017-09-25;25/09/2017;2249;2249;2249;2249;4
2017-09-26;26/09/2017;2200;2200;2200;2200;90
2017-09-27;27/09/2017;2150;2150;2150;2150;106
2017-09-28;28/09/2017;2100;2100;2100;2100;280
2017-09-29;29/09/2017;2099.5;2099.5;2099.5;2099.5;50
2017-10-02;02/10/2017;2099.5;2099.5;2099.5;2099.5;100
2017-10-03;03/10/2017;2100;2100;2100;2100;2472
2017-10-04;04/10/2017;2100;2100;2100;2100;852
2017-10-05;05/10/2017;2249.5;2249.5;2249.5;2249.5;342
2017-10-06;06/10/2017;2250;2250;2250;2250;960
2017-10-09;09/10/2017;2400;2400;2400;2400;146
2017-10-10;10/10/2017;2400;2400;2400;2400;46
2017-10-11;11/10/2017;2400;2400;2400;2400;120
2017-10-12;12/10/2017;2375;2375;2375;2375;32
2017-10-13;13/10/2017;2350;2350;2350;2350;42
2017-10-16;16/10/2017;2350;2350;2350;2350;12
2017-10-17;17/10/2017;2174;2174;2174;2174;300
2017-10-18;18/10/2017;2050;2050;2050;2050;552
2017-10-19;19/10/2017;2050;2050;2050;2050;238
2017-10-20;20/10/2017;2050;2050;2050;2050;100
2017-10-23;23/10/2017;2024.5;2024.5;2024.5;2024.5;86
2017-10-24;24/10/2017;2000;2000;2000;2000;166
2017-10-25;25/10/2017;2075;2075;2075;2075;168
2017-10-26;26/10/2017;2125;2125;2125;2125;116
2017-10-27;27/10/2017;1997.5;1997.5;1997.5;1997.5;750
2017-10-30;30/10/2017;1862.5;1862.5;1862.5;1862.5;1606
2017-10-31;31/10/2017;1850;1850;1850;1850;1946
2017-11-01;01/11/2017;1850;1850;1850;1850;1946
2017-11-02;02/11/2017;1985;1985;1985;1985;1604
2017-11-03;03/11/2017;1892.5;1892.5;1892.5;1892.5;2522
2017-11-06;06/11/2017;1875;1875;1875;1875;2850
2017-11-07;07/11/2017;1807.5;1807.5;1807.5;1807.5;2892
2017-11-08;08/11/2017;1825;1825;1825;1825;3398
2017-11-09;09/11/2017;1875;1875;1875;1875;1810
2017-11-10;10/11/2017;1875;1875;1875;1875;978
2017-11-13;13/11/2017;1900;1900;1900;1900;1802
2017-11-14;14/11/2017;1900;1900;1900;1900;1808
2017-11-15;15/11/2017;1900;1900;1900;1900;1808
2017-11-16;16/11/2017;2000;2000;2000;2000;742
2017-11-17;17/11/2017;2100;2100;2100;2100;394
2017-11-20;20/11/2017;2152.5;2152.5;2152.5;2152.5;620
2017-11-21;21/11/2017;2152.5;2152.5;2152.5;2152.5;2326
2017-11-22;22/11/2017;2250;2250;2250;2250;20552
2017-11-23;23/11/2017;2250;2250;2250;2250;4546
2017-11-24;24/11/2017;2250;2250;2250;2250;7122
2017-11-27;27/11/2017;2100;2100;2100;2100;8060
2017-11-28;28/11/2017;2100;2100;2100;2100;1430
2017-11-29;29/11/2017;2250;2250;2250;2250;27664
2017-11-30;30/11/2017;2097.5;2097.5;2097.5;2097.5;7602
2017-12-01;01/12/2017;2097.5;2097.5;2097.5;2097.5;7602
2017-12-04;04/12/2017;2125;2125;2125;2125;6712
2017-12-05;05/12/2017;2097.5;2097.5;2097.5;2097.5;5184
2017-12-06;06/12/2017;2247.5;2247.5;2247.5;2247.5;6252
2017-12-07;07/12/2017;2200;2200;2200;2200;3420
2017-12-08;08/12/2017;2100;2100;2100;2100;1128
2017-12-11;11/12/2017;2095;2095;2095;2095;1646
2017-12-12;12/12/2017;2100;2100;2100;2100;13934
2017-12-13;13/12/2017;2100;2100;2100;2100;3326
2017-12-14;14/12/2017;2050;2050;2050;2050;844
2017-12-15;15/12/2017;2100;2100;2100;2100;18514
2017-12-18;18/12/2017;2100;2100;2100;2100;3678
2017-12-19;19/12/2017;2222.5;2222.5;2222.5;2222.5;70
2017-12-20;20/12/2017;2197.5;2197.5;2197.5;2197.5;1610
2017-12-21;21/12/2017;2360;2360;2360;2360;3100
2017-12-22;22/12/2017;2500;2500;2500;2500;592
2017-12-25;25/12/2017;2500;2500;2500;2500;592
2017-12-26;26/12/2017;2500;2500;2500;2500;3456
2017-12-27;27/12/2017;2500;2500;2500;2500;1452
2017-12-28;28/12/2017;2497.5;2497.5;2497.5;2497.5;5104
2017-12-29;29/12/2017;2450;2450;2450;2450;3076
2018-01-02;02/01/2018;2450;2450;2450;2450;4662
2018-01-03;03/01/2018;2450;2450;2450;2450;6592
2018-01-04;04/01/2018;2450;2450;2450;2450;4304
2018-01-05;05/01/2018;2495;2495;2495;2495;2792
2018-01-08;08/01/2018;2450;2450;2450;2450;1050
2018-01-09;09/01/2018;2450;2450;2450;2450;1598
2018-01-10;10/01/2018;2410;2410;2410;2410;970
2018-01-11;11/01/2018;2425;2425;2425;2425;916
2018-01-12;12/01/2018;2425;2425;2425;2425;1806
2018-01-15;15/01/2018;2360;2360;2360;2360;958
2018-01-16;16/01/2018;2445;2445;2445;2445;898
2018-01-17;17/01/2018;2360;2360;2360;2360;3154
2018-01-18;18/01/2018;2350;2350;2350;2350;2342
2018-01-19;19/01/2018;2395;2395;2395;2395;2608
2018-01-22;22/01/2018;2400;2400;2400;2400;816
2018-01-23;23/01/2018;2400;2400;2400;2400;1390
2018-01-24;24/01/2018;2350;2350;2350;2350;4476
2018-01-25;25/01/2018;2395;2395;2395;2395;1374
2018-01-26;26/01/2018;2395;2395;2395;2395;3254
2018-01-29;29/01/2018;2350;2350;2350;2350;9030
2018-01-30;30/01/2018;2350;2350;2350;2350;8872
2018-01-31;31/01/2018;2350;2350;2350;2350;2634
2018-02-01;01/02/2018;2347.5;2347.5;2347.5;2347.5;1966
2018-02-02;02/02/2018;2350;2350;2350;2350;1602
2018-02-05;05/02/2018;2300;2300;2300;2300;4696
2018-02-06;06/02/2018;2300;2300;2300;2300;2908
2018-02-07;07/02/2018;2275;2275;2275;2275;1852
2018-02-08;08/02/2018;2250;2250;2250;2250;2526
2018-02-09;09/02/2018;2250;2250;2250;2250;11622
2018-02-12;12/02/2018;2250;2250;2250;2250;8052
2018-02-13;13/02/2018;2300;2300;2300;2300;1392
2018-02-14;14/02/2018;2300;2300;2300;2300;4934
2018-02-15;15/02/2018;2300;2300;2300;2300;1638
2018-02-16;16/02/2018;2325;2325;2325;2325;5536
2018-02-19;19/02/2018;2350;2350;2350;2350;6390
2018-02-20;20/02/2018;2350;2350;2350;2350;7252
2018-02-21;21/02/2018;2422.5;2422.5;2422.5;2422.5;6906
2018-02-22;22/02/2018;2472.5;2472.5;2472.5;2472.5;11836
2018-02-23;23/02/2018;2477.5;2477.5;2477.5;2477.5;1834
2018-02-26;26/02/2018;2550;2550;2550;2550;2724
2018-02-27;27/02/2018;2550;2550;2550;2550;2076
2018-02-28;28/02/2018;2475;2475;2475;2475;17654
2018-03-01;01/03/2018;2450;2450;2450;2450;1360
2018-03-02;02/03/2018;2450;2450;2450;2450;9284
2018-03-05;05/03/2018;2497.5;2497.5;2497.5;2497.5;6386
2018-03-06;06/03/2018;2500;2500;2500;2500;3454
2018-03-07;07/03/2018;2500;2500;2500;2500;8304
2018-03-08;08/03/2018;2490;2490;2490;2490;2260
2018-03-09;09/03/2018;2455;2455;2455;2455;700
2018-03-12;12/03/2018;2450;2450;2450;2450;1632
2018-03-13;13/03/2018;2547.5;2547.5;2547.5;2547.5;14842
2018-03-14;14/03/2018;2700;2700;2700;2700;2982
2018-03-15;15/03/2018;2500;2500;2500;2500;3946
2018-03-16;16/03/2018;2500;2500;2500;2500;1050
2018-03-19;19/03/2018;2500;2500;2500;2500;2482
2018-03-20;20/03/2018;2500;2500;2500;2500;3196
2018-03-21;21/03/2018;2500;2500;2500;2500;1056
2018-03-22;22/03/2018;2492.5;2492.5;2492.5;2492.5;540
2018-03-23;23/03/2018;2450;2450;2450;2450;1800
2018-03-26;26/03/2018;2492.5;2492.5;2492.5;2492.5;1046
2018-03-27;27/03/2018;2500;2500;2500;2500;6736
2018-03-28;28/03/2018;2497.5;2497.5;2497.5;2497.5;1418
2018-03-29;29/03/2018;2495;2495;2495;2495;1544
2018-03-30;30/03/2018;2492.5;2492.5;2492.5;2492.5;2080
2018-04-02;02/04/2018;2492.5;2492.5;2492.5;2492.5;2080
2018-04-03;03/04/2018;2350;2350;2350;2350;4392
2018-04-04;04/04/2018;2475;2475;2475;2475;4384
2018-04-05;05/04/2018;2447.5;2447.5;2447.5;2447.5;940
2018-04-06;06/04/2018;2355;2355;2355;2355;494
2018-04-09;09/04/2018;2472.5;2472.5;2472.5;2472.5;1718
2018-04-10;10/04/2018;2472.5;2472.5;2472.5;2472.5;1674
2018-04-11;11/04/2018;2450;2450;2450;2450;2170
2018-04-12;12/04/2018;2350;2350;2350;2350;332
2018-04-13;13/04/2018;2340;2340;2340;2340;1866
2018-04-16;16/04/2018;2340;2340;2340;2340;2164
2018-04-17;17/04/2018;2450;2450;2450;2450;952
2018-04-18;18/04/2018;2400;2400;2400;2400;478
2018-04-19;19/04/2018;2395;2395;2395;2395;190
2018-04-20;20/04/2018;2347.5;2347.5;2347.5;2347.5;200
2018-04-23;23/04/2018;2350;2350;2350;2350;6326
2018-04-24;24/04/2018;2175;2175;2175;2175;850
2018-04-25;25/04/2018;2245;2245;2245;2245;1496
2018-04-26;26/04/2018;2250;2250;2250;2250;4656
2018-04-27;27/04/2018;2197.5;2197.5;2197.5;2197.5;1036
2018-05-09;09/05/2018;1875;1875;1875;1875;336
2018-05-10;10/05/2018;1875;1875;1875;1875;336
2018-05-11;11/05/2018;1847.5;1847.5;1847.5;1847.5;3204
2018-05-14;14/05/2018;1847.5;1847.5;1847.5;1847.5;2884
2018-05-15;15/05/2018;1800;1800;1800;1800;4454
2018-05-16;16/05/2018;1800;1800;1800;1800;3308
2018-05-17;17/05/2018;1845;1845;1845;1845;5584
2018-05-18;18/05/2018;1872.5;1872.5;1872.5;1872.5;5204
2018-05-21;21/05/2018;1872.5;1872.5;1872.5;1872.5;5204
2018-05-22;22/05/2018;1950;1950;1950;1950;2004
2018-05-23;23/05/2018;1950;1950;1950;1950;4758
2018-05-24;24/05/2018;1972.5;1972.5;1972.5;1972.5;11626
2018-05-25;25/05/2018;1900;1900;1900;1900;22134
2018-05-28;28/05/2018;1900;1900;1900;1900;1336
2018-05-29;29/05/2018;2025;2025;2025;2025;1654
2018-05-30;30/05/2018;2150;2150;2150;2150;2838
2018-05-31;31/05/2018;2295;2295;2295;2295;3094
2018-06-01;01/06/2018;2300;2300;2300;2300;446
2018-06-04;04/06/2018;2300;2300;2300;2300;1244
2018-06-05;05/06/2018;2250;2250;2250;2250;7054
2018-06-06;06/06/2018;2247.5;2247.5;2247.5;2247.5;606
2018-06-07;07/06/2018;2100;2100;2100;2100;1322
2018-06-08;08/06/2018;2100;2100;2100;2100;492
2018-06-11;11/06/2018;2100;2100;2100;2100;492
2018-06-12;12/06/2018;2100;2100;2100;2100;882
2018-06-13;13/06/2018;2247.5;2247.5;2247.5;2247.5;8260
2018-06-14;14/06/2018;2247.5;2247.5;2247.5;2247.5;8260
2018-06-15;15/06/2018;2150;2150;2150;2150;808
2018-06-18;18/06/2018;2125;2125;2125;2125;1200
2018-06-19;19/06/2018;2145;2145;2145;2145;2774
2018-06-20;20/06/2018;2247.5;2247.5;2247.5;2247.5;3944
2018-06-21;21/06/2018;2100;2100;2100;2100;1548
2018-06-28;28/06/2018;2245;2245;2245;2245;7396
2018-06-29;29/06/2018;2245;2245;2245;2245;3474
2018-07-02;02/07/2018;2100;2100;2100;2100;4878
2018-07-03;03/07/2018;2212.5;2212.5;2212.5;2212.5;3496
2018-07-04;04/07/2018;2100;2100;2100;2100;480
2018-07-05;05/07/2018;2100;2100;2100;2100;1400
2018-07-06;06/07/2018;2100;2100;2100;2100;562
2018-07-09;09/07/2018;2050;2050;2050;2050;1640
2018-07-10;10/07/2018;2100;2100;2100;2100;24
2018-07-11;11/07/2018;2050;2050;2050;2050;644
2018-07-12;12/07/2018;2100;2100;2100;2100;276
2018-07-13;13/07/2018;2125;2125;2125;2125;456
2018-07-16;16/07/2018;2050;2050;2050;2050;1128
2018-07-17;17/07/2018;2050;2050;2050;2050;284
2018-07-18;18/07/2018;2097.5;2097.5;2097.5;2097.5;1192
2018-07-19;19/07/2018;2100;2100;2100;2100;880
2018-07-20;20/07/2018;2242.5;2242.5;2242.5;2242.5;2130
2018-07-23;23/07/2018;2150;2150;2150;2150;164
2018-07-24;24/07/2018;2150;2150;2150;2150;172
2018-07-25;25/07/2018;2142.5;2142.5;2142.5;2142.5;46
2018-07-26;26/07/2018;2120;2120;2120;2120;264
2018-07-30;30/07/2018;2242.5;2242.5;2242.5;2242.5;1728
2018-07-31;31/07/2018;2242.5;2242.5;2242.5;2242.5;1974
2018-08-01;01/08/2018;2247.5;2247.5;2247.5;2247.5;190
2018-08-02;02/08/2018;2142.5;2142.5;2142.5;2142.5;1456
2018-08-03;03/08/2018;2142.5;2142.5;2142.5;2142.5;950
2018-08-06;06/08/2018;2142.5;2142.5;2142.5;2142.5;950
2018-08-07;07/08/2018;2142.5;2142.5;2142.5;2142.5;950
2018-08-08;08/08/2018;2245;2245;2245;2245;2852
2018-08-09;09/08/2018;2100;2100;2100;2100;4700
2018-08-10;10/08/2018;2225;2225;2225;2225;670
2018-08-13;13/08/2018;2225;2225;2225;2225;1460
2018-08-14;14/08/2018;2197.5;2197.5;2197.5;2197.5;1002
2018-08-20;20/08/2018;1950;1950;1950;1950;1954
2018-08-21;21/08/2018;1950;1950;1950;1950;1954
2018-08-22;22/08/2018;1997.5;1997.5;1997.5;1997.5;2220
2018-08-23;23/08/2018;1950;1950;1950;1950;116
2018-08-24;24/08/2018;1975;1975;1975;1975;1402
2018-08-27;27/08/2018;2000;2000;2000;2000;314
2018-08-28;28/08/2018;1997.5;1997.5;1997.5;1997.5;2228
2018-08-29;29/08/2018;1997.5;1997.5;1997.5;1997.5;40
2018-08-30;30/08/2018;2047.5;2047.5;2047.5;2047.5;2416
2018-08-31;31/08/2018;1990;1990;1990;1990;1296
2018-09-03;03/09/2018;1950;1950;1950;1950;708
2018-09-04;04/09/2018;1897.5;1897.5;1897.5;1897.5;834
2018-09-05;05/09/2018;1925;1925;1925;1925;2436
2018-09-06;06/09/2018;1900;1900;1900;1900;582
2018-09-07;07/09/2018;1870;1870;1870;1870;414
2018-09-10;10/09/2018;1850;1850;1850;1850;18088
2018-09-11;11/09/2018;1900;1900;1900;1900;2268
2018-09-12;12/09/2018;1800;1800;1800;1800;25916
2018-09-13;13/09/2018;1750;1750;1750;1750;2012
2018-09-14;14/09/2018;1750;1750;1750;1750;1254
2018-09-17;17/09/2018;1750;1750;1750;1750;1254
2018-09-18;18/09/2018;1750;1750;1750;1750;3764
2018-09-19;19/09/2018;1750;1750;1750;1750;5836
2018-09-20;20/09/2018;1725;1725;1725;1725;2416
2018-09-21;21/09/2018;1700;1700;1700;1700;1836
2018-09-24;24/09/2018;1700;1700;1700;1700;370
2018-09-25;25/09/2018;1697.5;1697.5;1697.5;1697.5;340
2018-09-26;26/09/2018;1695;1695;1695;1695;400
2018-09-27;27/09/2018;1625;1625;1625;1625;1124
2018-09-28;28/09/2018;1700;1700;1700;1700;2440
2018-10-01;01/10/2018;1600;1600;1600;1600;946
2018-10-02;02/10/2018;1597.5;1597.5;1597.5;1597.5;776
2018-10-03;03/10/2018;1550;1550;1550;1550;3254
2018-10-04;04/10/2018;1500;1500;1500;1500;1242
2018-10-05;05/10/2018;1500;1500;1500;1500;424
2018-10-08;08/10/2018;1500;1500;1500;1500;1888
2018-10-09;09/10/2018;1497.5;1497.5;1497.5;1497.5;40240
2018-10-10;10/10/2018;1497.5;1497.5;1497.5;1497.5;8928
2018-10-11;11/10/2018;1400;1400;1400;1400;612
2018-10-12;12/10/2018;1400;1400;1400;1400;766
2018-10-15;15/10/2018;1350;1350;1350;1350;664
2018-10-16;16/10/2018;1300;1300;1300;1300;55822
2018-10-17;17/10/2018;1250;1250;1250;1250;2264
2018-10-18;18/10/2018;1250;1250;1250;1250;1450
2018-10-19;19/10/2018;1300;1300;1300;1300;2302
2018-10-22;22/10/2018;1275;1275;1275;1275;6836
2018-10-23;23/10/2018;1300;1300;1300;1300;37158
2018-10-24;24/10/2018;1325;1325;1325;1325;57454
2018-10-25;25/10/2018;1255;1255;1255;1255;4582
2018-10-26;26/10/2018;1250;1250;1250;1250;888
2018-10-29;29/10/2018;1225;1225;1225;1225;2016
2018-10-30;30/10/2018;1225;1225;1225;1225;768
2018-10-31;31/10/2018;1242.5;1242.5;1242.5;1242.5;3510
2018-11-01;01/11/2018;1242.5;1242.5;1242.5;1242.5;3510
2018-11-02;02/11/2018;1220;1220;1220;1220;1752
2018-11-05;05/11/2018;1157.5;1157.5;1157.5;1157.5;5334
2018-11-06;06/11/2018;1197.5;1197.5;1197.5;1197.5;480
2018-11-07;07/11/2018;1200;1200;1200;1200;2602
2018-11-08;08/11/2018;1290;1290;1290;1290;7618
2018-11-09;09/11/2018;1300;1300;1300;1300;5480
2018-11-12;12/11/2018;1275;1275;1275;1275;2808
2018-11-13;13/11/2018;1250;1250;1250;1250;2018
2018-11-14;14/11/2018;1250;1250;1250;1250;8848
2018-11-15;15/11/2018;1250;1250;1250;1250;8848
2018-11-16;16/11/2018;1297.5;1297.5;1297.5;1297.5;4178
2018-11-19;19/11/2018;1202.5;1202.5;1202.5;1202.5;1200
2018-11-20;20/11/2018;1202.5;1202.5;1202.5;1202.5;1200
2018-11-21;21/11/2018;1250;1250;1250;1250;3440
2018-11-22;22/11/2018;1197.5;1197.5;1197.5;1197.5;12634
2018-11-23;23/11/2018;1250;1250;1250;1250;35644
2018-11-26;26/11/2018;1200;1200;1200;1200;1498
2018-11-27;27/11/2018;1225;1225;1225;1225;3176
2018-11-28;28/11/2018;1200;1200;1200;1200;168
2018-11-29;29/11/2018;1170;1170;1170;1170;1288
2018-11-30;30/11/2018;1147.5;1147.5;1147.5;1147.5;1626
2018-12-03;03/12/2018;1232.5;1232.5;1232.5;1232.5;4888
2018-12-04;04/12/2018;1247.5;1247.5;1247.5;1247.5;58882
2018-12-05;05/12/2018;1250;1250;1250;1250;3126
2018-12-06;06/12/2018;1157.5;1157.5;1157.5;1157.5;5994
2018-12-07;07/12/2018;1237.5;1237.5;1237.5;1237.5;2136
2018-12-10;10/12/2018;1297.5;1297.5;1297.5;1297.5;2738
2018-12-11;11/12/2018;1250;1250;1250;1250;39720
2018-12-12;12/12/2018;1342.5;1342.5;1342.5;1342.5;400
2018-12-13;13/12/2018;1440;1440;1440;1440;3136
2018-12-14;14/12/2018;1500;1500;1500;1500;6580
2018-12-17;17/12/2018;1492.5;1492.5;1492.5;1492.5;11588
2018-12-18;18/12/2018;1570;1570;1570;1570;8238
2018-12-19;19/12/2018;1637.5;1637.5;1637.5;1637.5;856
2018-12-20;20/12/2018;1625;1625;1625;1625;22418
2018-12-21;21/12/2018;1657.5;1657.5;1657.5;1657.5;1986
2018-12-24;24/12/2018;1747.5;1747.5;1747.5;1747.5;22960
2018-12-25;25/12/2018;1747.5;1747.5;1747.5;1747.5;22960
2018-12-26;26/12/2018;1825;1825;1825;1825;1542
2018-12-27;27/12/2018;1825;1825;1825;1825;2874
2018-12-28;28/12/2018;1960;1960;1960;1960;20316
2018-12-31;31/12/2018;2100;2100;2100;2100;334644
2019-01-02;02/01/2019;2075;2075;2075;2075;700
2019-01-03;03/01/2019;2075;2075;2075;2075;190
2019-01-04;04/01/2019;2000;2000;2000;2000;164
2019-01-07;07/01/2019;1950;1950;1950;1950;1410
2019-01-08;08/01/2019;1825;1825;1825;1825;192
2019-01-09;09/01/2019;1700;1700;1700;1700;204
2019-01-10;10/01/2019;1672.5;1672.5;1672.5;1672.5;974
2019-01-11;11/01/2019;1670;1670;1670;1670;4124
2019-01-14;14/01/2019;1550;1550;1550;1550;630
2019-01-15;15/01/2019;1497.5;1497.5;1497.5;1497.5;2556
2019-01-16;16/01/2019;1500;1525;1500;1525;1790
2019-01-17;17/01/2019;1500;1500;1500;1500;2372
2019-01-18;18/01/2019;1500;1525;1500;1525;714
2019-01-21;21/01/2019;1525;1525;1525;1525;774
2019-01-22;22/01/2019;1525;1600;1525;1600;584
2019-01-23;23/01/2019;1605;1700;1605;1700;2424
2019-01-24;24/01/2019;1680;1700;1680;1700;300
2019-01-25;25/01/2019;1650;1650;1602.5;1602.5;250
2019-01-28;28/01/2019;1652.5;1695;1652.5;1695;7582
2019-01-29;29/01/2019;1600;1820;1600;1820;2052
2019-01-30;30/01/2019;1785;1950;1785;1950;366
2019-01-31;31/01/2019;1987.5;1987.5;1987.5;1987.5;320
2019-02-01;01/02/2019;1975;1975;1947.5;1947.5;260
2019-02-04;04/02/2019;1900;1900;1805;1805;5834
2019-02-05;05/02/2019;1800;1800;1700;1700;800
2019-02-06;06/02/2019;1600;1600;1600;1600;144
2019-02-07;07/02/2019;1600;1600;1517.5;1517.5;14260
2019-02-08;08/02/2019;1525;1525;1525;1525;6266
2019-02-11;11/02/2019;1600;1637.5;1600;1637.5;676
2019-02-12;12/02/2019;1650;1650;1650;1650;1524
2019-02-13;13/02/2019;1772.5;1772.5;1650;1650;9012
2019-02-14;14/02/2019;1650;1675;1650;1675;132
2019-02-15;15/02/2019;1700;1700;1657.5;1657.5;17176
2019-02-18;18/02/2019;1652.5;1750;1652.5;1750;1364
2019-02-19;19/02/2019;1750;1750;1750;1750;20
2019-02-20;20/02/2019;1680;1700;1680;1700;934
2019-02-21;21/02/2019;1697.5;1697.5;1675;1675;362
2019-02-22;22/02/2019;1700;1700;1700;1700;1244
2019-02-25;25/02/2019;1675;1675;1645;1645;8574
2019-02-26;26/02/2019;1650;1650;1650;1650;3172
2019-02-27;27/02/2019;1625;1650;1625;1650;1384
2019-02-28;28/02/2019;1650;1750;1650;1750;830
2019-03-01;01/03/2019;1750;1750;1750;1750;996
2019-03-04;04/03/2019;1750;1750;1750;1750;1092
2019-03-05;05/03/2019;1800;1875;1800;1875;6062
2019-03-06;06/03/2019;1875;1875;1852.5;1852.5;2090
2019-03-07;07/03/2019;1875;1875;1852.5;1852.5;2738
2019-03-08;08/03/2019;1900;1900;1847.5;1847.5;1464
2019-03-11;11/03/2019;1747.5;1750;1747.5;1750;1172
2019-03-12;12/03/2019;1675;1747.5;1675;1747.5;2450
2019-03-13;13/03/2019;1747.5;1747.5;1675;1675;1640
2019-03-14;14/03/2019;1707.5;1745;1707.5;1745;984
2019-03-15;15/03/2019;1747.5;1765;1747.5;1765;3822
2019-03-18;18/03/2019;1765;1800;1765;1800;1002
2019-03-19;19/03/2019;1800;1800;1800;1800;552
2019-03-20;20/03/2019;1800;1800;1800;1800;7194
2019-03-21;21/03/2019;1765;1797.5;1765;1797.5;608
2019-03-22;22/03/2019;1797.5;1797.5;1797.5;1797.5;4908
2019-03-25;25/03/2019;1762.5;1795;1762.5;1795;386
2019-03-26;26/03/2019;1792.5;1792.5;1790;1790;92
2019-03-27;27/03/2019;1780;1780;1765;1765;146
2019-03-28;28/03/2019;1750;1847.5;1750;1847.5;5218
2019-03-29;29/03/2019;1757.5;1840;1757.5;1840;2266
2019-04-01;01/04/2019;1840;1840;1840;1840;430
2019-04-02;02/04/2019;1837.5;1837.5;1837.5;1837.5;360
2019-04-03;03/04/2019;1842.5;1842.5;1837.5;1837.5;164
2019-04-04;04/04/2019;1800;1847.5;1800;1847.5;3200
2019-04-05;05/04/2019;1845;1845;1812.5;1812.5;600
2019-04-08;08/04/2019;1812.5;1812.5;1800;1800;3658
2019-04-09;09/04/2019;1797.5;1797.5;1797.5;1797.5;696
2019-04-10;10/04/2019;1797.5;1800;1797.5;1800;908
2019-04-11;11/04/2019;1800;1800;1797.5;1797.5;140
2019-04-12;12/04/2019;1797.5;1797.5;1782.5;1782.5;946
2019-04-15;15/04/2019;1750;1750;1747.5;1747.5;370
2019-04-16;16/04/2019;1725;1725;1725;1725;20
2019-04-17;17/04/2019;1725;1725;1725;1725;220
2019-04-18;18/04/2019;1725;1725;1700;1700;1582
2019-04-19;19/04/2019;1700;1700;1700;1700;2240
2019-04-22;22/04/2019;1700;1700;1700;1700;2240
2019-04-23;23/04/2019;1725;1727.5;1725;1727.5;1034
2019-04-24;24/04/2019;1727.5;1750;1727.5;1750;1236
2019-04-25;25/04/2019;1747.5;1750;1747.5;1750;1642
2019-04-26;26/04/2019;1750;1750;1750;1750;25344
2019-04-29;29/04/2019;1750;1777.5;1750;1777.5;20748
2019-04-30;30/04/2019;1797.5;1850;1797.5;1850;3746
2019-05-01;01/05/2019;1797.5;1850;1797.5;1850;3746
2019-05-02;02/05/2019;1850;1850;1850;1850;11508
2019-05-03;03/05/2019;1850;1850;1850;1850;2916
2019-05-06;06/05/2019;1850;1850;1850;1850;570
2019-05-07;07/05/2019;1845;1845;1845;1845;1222
2019-05-08;08/05/2019;1845;1845;1845;1845;606
2019-05-09;09/05/2019;1850;1850;1800;1800;11110
2019-05-10;10/05/2019;1850;1850;1847.5;1847.5;776
2019-05-13;13/05/2019;1845;1845;1800;1800;5278
2019-05-14;14/05/2019;1825;1825;1775;1775;1156
2019-05-15;15/05/2019;1797.5;1797.5;1775;1775;954
2019-05-16;16/05/2019;1700;1700;1700;1700;2440
2019-05-17;17/05/2019;1697.5;1697.5;1690;1690;248
2019-05-20;20/05/2019;1650;1650;1600;1600;898
2019-05-21;21/05/2019;1600;1622.5;1600;1622.5;1724
2019-05-22;22/05/2019;1620;1620;1600;1600;90
2019-05-23;23/05/2019;1600;1600;1550;1550;408
2019-05-24;24/05/2019;1562.5;1562.5;1522.5;1522.5;870
2019-05-27;27/05/2019;1520;1520;1500;1500;1444
2019-05-28;28/05/2019;1487.5;1497.5;1487.5;1497.5;1652
2019-05-29;29/05/2019;1500;1500;1495;1495;798
2019-05-30;30/05/2019;1500;1500;1495;1495;798
2019-05-31;31/05/2019;1492.5;1492.5;1490;1490;96
2019-06-03;03/06/2019;1452.5;1452.5;1450;1450;166
2019-06-05;05/06/2019;1427.5;1427.5;1350;1350;234
2019-06-06;06/06/2019;1325;1325;1300;1300;3946
2019-06-07;07/06/2019;1312.5;1312.5;1295;1295;2172
2019-06-11;11/06/2019;1295;1347.5;1295;1347.5;3662
2019-06-12;12/06/2019;1375;1397.5;1375;1397.5;920
2019-06-13;13/06/2019;1397.5;1400;1397.5;1400;920
2019-06-14;14/06/2019;1425;1425;1350;1350;3004
2019-06-17;17/06/2019;1350;1350;1347.5;1347.5;674
2019-06-18;18/06/2019;1350;1350;1350;1350;1130
2019-06-19;19/06/2019;1327.5;1375;1327.5;1375;1000
2019-06-20;20/06/2019;1375;1375;1375;1375;2278
2019-06-21;21/06/2019;1392.5;1392.5;1350;1350;6142
2019-06-24;24/06/2019;1350;1400;1350;1400;5070
2019-06-25;25/06/2019;1400;1400;1400;1400;70
2019-06-26;26/06/2019;1350;1400;1350;1400;8382
2019-06-27;27/06/2019;1400;1400;1400;1400;1816
2019-06-28;28/06/2019;1400;1450;1400;1450;238
2019-07-01;01/07/2019;1437.5;1437.5;1435;1435;382
2019-07-02;02/07/2019;1400;1425;1400;1425;724
2019-07-03;03/07/2019;1425;1425;1400;1400;42
2019-07-04;04/07/2019;1400;1425;1400;1425;292
2019-07-05;05/07/2019;1425;1425;1400;1400;5170
2019-07-08;08/07/2019;1400;1450;1400;1450;2858
2019-07-09;09/07/2019;1450;1450;1450;1450;344
2019-07-10;10/07/2019;1450;1450;1450;1450;270
2019-07-11;11/07/2019;1425;1425;1400;1400;1328
2019-07-12;12/07/2019;1447.5;1450;1447.5;1450;566
2019-07-15;15/07/2019;1450;1450;1400;1400;672
2019-07-16;16/07/2019;1425;1425;1380;1380;4050
2019-07-17;17/07/2019;1375;1375;1350;1350;1292
2019-07-18;18/07/2019;1350;1352.5;1350;1352.5;1278
2019-07-19;19/07/2019;1400;1400;1400;1400;558
2019-07-22;22/07/2019;1400;1400;1352.5;1352.5;802
2019-07-23;23/07/2019;1350;1400;1350;1400;914
2019-07-24;24/07/2019;1400;1450;1400;1450;910
2019-07-25;25/07/2019;1450;1450;1445;1445;80
2019-07-26;26/07/2019;1445;1445;1445;1445;268
2019-07-29;29/07/2019;1445;1445;1400;1400;348
2019-07-30;30/07/2019;1400;1442.5;1400;1442.5;142
2019-07-31;31/07/2019;1442.5;1442.5;1400;1400;252
2019-08-01;01/08/2019;1407.5;1407.5;1400;1400;484
2019-08-02;02/08/2019;1442.5;1442.5;1400;1400;820
2019-08-05;05/08/2019;1442.5;1442.5;1347.5;1347.5;10690
2019-08-06;06/08/2019;1345;1345;1327.5;1327.5;380
2019-08-07;07/08/2019;1345;1345;1327.5;1327.5;380
2019-08-08;08/08/2019;1330;1350;1330;1350;4462
2019-08-09;09/08/2019;1397.5;1397.5;1395;1395;534
2019-08-12;12/08/2019;1397.5;1397.5;1395;1395;534
2019-08-13;13/08/2019;1400;1400;1395;1395;1664
2019-08-14;14/08/2019;1400;1400;1395;1395;90
2019-08-15;15/08/2019;1400;1400;1395;1395;90
2019-08-16;16/08/2019;1350;1400;1350;1400;250
2019-08-19;19/08/2019;1350;1350;1332.5;1332.5;60
2019-08-20;20/08/2019;1332.5;1332.5;1327.5;1327.5;2474
2019-08-21;21/08/2019;1325;1325;1325;1325;1166
2019-08-22;22/08/2019;1397.5;1397.5;1397.5;1397.5;396
2019-08-23;23/08/2019;1332.5;1332.5;1332.5;1332.5;1840
2019-08-26;26/08/2019;1392.5;1392.5;1350;1350;944
2019-08-27;27/08/2019;1400;1400;1355;1355;1606
2019-08-28;28/08/2019;1400;1400;1400;1400;2630
2019-08-29;29/08/2019;1400;1400;1350;1350;10814
2019-08-30;30/08/2019;1387.5;1387.5;1387.5;1387.5;336
2019-09-02;02/09/2019;1387.5;1400;1387.5;1400;288
2019-09-03;03/09/2019;1390;1390;1355;1355;440
2019-09-04;04/09/2019;1362.5;1362.5;1350;1350;6116
2019-09-05;05/09/2019;1362.5;1362.5;1362.5;1362.5;104
2019-09-06;06/09/2019;1360;1360;1355;1355;514
2019-09-09;09/09/2019;1355;1355;1350;1350;8948
2019-09-10;10/09/2019;1350;1350;1350;1350;854
2019-09-11;11/09/2019;1360;1360;1350;1350;2044
2019-09-12;12/09/2019;1350;1350;1350;1350;922
2019-09-13;13/09/2019;1332.5;1345;1332.5;1345;4264
2019-09-16;16/09/2019;1307.5;1345;1307.5;1345;2084
2019-09-17;17/09/2019;1342.5;1342.5;1310;1310;496
2019-09-18;18/09/2019;1307.5;1307.5;1307.5;1307.5;992
2019-09-19;19/09/2019;1310;1310;1305;1305;602
2019-09-20;20/09/2019;1307.5;1345;1307.5;1345;516
2019-09-23;23/09/2019;1322.5;1322.5;1307.5;1307.5;422
2019-09-24;24/09/2019;1325;1325;1307.5;1307.5;176
2019-09-25;25/09/2019;1307.5;1307.5;1275;1275;6398
2019-09-26;26/09/2019;1275;1275;1250;1250;4622
2019-09-27;27/09/2019;1342.5;1342.5;1342.5;1342.5;1510
2019-09-30;30/09/2019;1300;1300;1300;1300;656
2019-10-01;01/10/2019;1300;1300;1300;1300;1850
2019-10-02;02/10/2019;1300;1325;1300;1325;3826
2019-10-03;03/10/2019;1322.5;1325;1322.5;1325;396
2019-10-04;04/10/2019;1325;1325;1325;1325;188
2019-10-07;07/10/2019;1305;1305;1300;1300;5084
2019-10-08;08/10/2019;1300;1300;1275;1275;1076
2019-10-09;09/10/2019;1265;1275;1265;1275;1214
2019-10-10;10/10/2019;1272.5;1272.5;1265;1265;2014
2019-10-11;11/10/2019;1265;1265;1255;1255;1430
2019-10-14;14/10/2019;1262.5;1262.5;1250;1250;3210
2019-10-15;15/10/2019;1255;1265;1255;1265;356
2019-10-16;16/10/2019;1265;1275;1265;1275;646
2019-10-17;17/10/2019;1275;1275;1250;1250;1932
2019-10-18;18/10/2019;1270;1300;1270;1300;8718
2019-10-21;21/10/2019;1300;1300;1300;1300;122
2019-10-23;23/10/2019;1275;1275;1275;1275;140
2019-10-24;24/10/2019;1275;1275;1275;1275;3208
2019-10-25;25/10/2019;1272.5;1280;1272.5;1280;3362
2019-10-28;28/10/2019;1280;1350;1280;1350;7878
2019-10-29;29/10/2019;1300;1325;1300;1325;1204
2019-10-30;30/10/2019;1325;1325;1300;1300;1140
2019-10-31;31/10/2019;1300;1300;1275;1275;142
2019-11-01;01/11/2019;1300;1300;1275;1275;142
2019-11-04;04/11/2019;1297.5;1297.5;1297.5;1297.5;252
2019-11-05;05/11/2019;1297.5;1297.5;1295;1295;3966
2019-11-06;06/11/2019;1297.5;1325;1297.5;1325;130
2019-11-07;07/11/2019;1297.5;1325;1297.5;1325;426
2019-11-08;08/11/2019;1325;1325;1300;1300;682
2019-11-11;11/11/2019;1297.5;1297.5;1295;1295;550
2019-11-12;12/11/2019;1295;1295;1295;1295;2788
2019-11-13;13/11/2019;1292.5;1292.5;1267.5;1267.5;2212
2019-11-14;14/11/2019;1267.5;1300;1267.5;1300;3256
2019-11-18;18/11/2019;1287.5;1307.5;1287.5;1307.5;6526
2019-11-19;19/11/2019;1305;1305;1287.5;1287.5;3920
2019-11-20;20/11/2019;1295;1295;1292.5;1292.5;884
2019-11-21;21/11/2019;1300;1300;1275;1275;6190
2019-11-22;22/11/2019;1300;1300;1297.5;1297.5;2494
2019-11-25;25/11/2019;1280;1300;1280;1300;6410
2019-11-26;26/11/2019;1300;1300;1300;1300;1336
2019-11-27;27/11/2019;1295;1297.5;1295;1297.5;2200
2019-11-28;28/11/2019;1297.5;1320;1297.5;1320;4652
2019-11-29;29/11/2019;1350;1417.5;1350;1417.5;23500
2019-12-02;02/12/2019;1390;1500;1390;1500;7790
2019-12-03;03/12/2019;1497.5;1600;1497.5;1600;9326
2019-12-04;04/12/2019;1500;1500;1500;1500;3156
2019-12-05;05/12/2019;1500;1500;1500;1500;910
2019-12-06;06/12/2019;1500;1610;1500;1610;9974
2019-12-09;09/12/2019;1490;1600;1490;1600;866
2019-12-10;10/12/2019;1597.5;1650;1597.5;1650;5592
2019-12-11;11/12/2019;1650;1650;1650;1650;1144
2019-12-12;12/12/2019;1650;1750;1650;1750;5812
2019-12-13;13/12/2019;1747.5;1800;1747.5;1800;3480
2019-12-16;16/12/2019;1725;1925;1725;1925;11290
2019-12-17;17/12/2019;1800;1850;1800;1850;15698
2019-12-18;18/12/2019;1820;1820;1800;1800;1410
2019-12-19;19/12/2019;1750;1850;1750;1850;8834
2019-12-20;20/12/2019;1837.5;1900;1837.5;1900;14990
2019-12-23;23/12/2019;1887.5;2042.5;1887.5;2042.5;41250
2019-12-24;24/12/2019;2000;2000;1997.5;1997.5;11100
2019-12-25;25/12/2019;2000;2000;1997.5;1997.5;11100
2019-12-26;26/12/2019;1995;1995;1995;1995;40
2019-12-27;27/12/2019;1922.5;1995;1922.5;1995;17490
2019-12-30;30/12/2019;1847.5;1995;1847.5;1995;21956
2019-12-31;31/12/2019;1972.5;1997.5;1972.5;1997.5;10050
2020-01-01;01/01/2020;1972.5;1997.5;1972.5;1997.5;10050
2020-01-02;02/01/2020;1850;1850;1850;1850;2
2020-01-03;03/01/2020;1800;1800;1800;1800;136
2020-01-06;06/01/2020;1665;1665;1665;1665;708
2020-01-07;07/01/2020;1650;1650;1542.5;1542.5;1252
2020-01-08;08/01/2020;1542.5;1545;1542.5;1545;1932
2020-01-09;09/01/2020;1545;1555;1545;1555;76
2020-01-10;10/01/2020;1562.5;1650;1562.5;1650;182
2020-01-13;13/01/2020;1650;1650;1650;1650;406
2020-01-14;14/01/2020;1650;1655;1650;1655;224
2020-01-15;15/01/2020;1665;1665;1655;1655;150
2020-01-16;16/01/2020;1655;1700;1655;1700;3782
2020-01-17;17/01/2020;1655;1675;1655;1675;3808
2020-01-20;20/01/2020;1675;1675;1675;1675;622
2020-01-21;21/01/2020;1675;1675;1675;1675;2298
2020-01-22;22/01/2020;1677.5;1677.5;1675;1675;80
2020-01-23;23/01/2020;1697.5;1697.5;1675;1675;510
2020-01-24;24/01/2020;1700;1700;1700;1700;1022
2020-01-27;27/01/2020;1682.5;1682.5;1675;1675;2208
2020-01-28;28/01/2020;1670;1670;1670;1670;40
2020-01-29;29/01/2020;1675;1700;1675;1700;1164
2020-01-30;30/01/2020;1705;1725;1705;1725;592
2020-01-31;31/01/2020;1725;1750;1725;1750;1072
2020-02-03;03/02/2020;1750;1750;1750;1750;1190
2020-02-04;04/02/2020;1750;1750;1750;1750;4972
2020-02-05;05/02/2020;1750;1750;1750;1750;4690
2020-02-06;06/02/2020;1747.5;1747.5;1700;1700;7394
2020-02-07;07/02/2020;1725;1725;1650;1650;16344
2020-02-10;10/02/2020;1650;1650;1650;1650;16
2020-02-11;11/02/2020;1647.5;1647.5;1550;1550;3704
2020-02-12;12/02/2020;1647.5;1647.5;1550;1550;3704
2020-02-13;13/02/2020;1550;1550;1500;1500;7552
2020-02-14;14/02/2020;1500;1500;1500;1500;1348
2020-02-17;17/02/2020;1450;1500;1450;1500;2166
2020-02-18;18/02/2020;1500;1500;1500;1500;6840
2020-02-19;19/02/2020;1525;1525;1500;1500;5516
2020-02-20;20/02/2020;1500;1500;1475;1475;7714
2020-02-21;21/02/2020;1500;1500;1500;1500;914
2020-02-24;24/02/2020;1500;1500;1500;1500;1404
2020-02-25;25/02/2020;1500;1500;1500;1500;2034
2020-02-26;26/02/2020;1500;1550;1500;1550;2932
2020-02-27;27/02/2020;1650;1650;1550;1550;1352
2020-02-28;28/02/2020;1625;1625;1625;1625;100
2020-03-02;02/03/2020;1625;1625;1625;1625;1056
2020-03-03;03/03/2020;1625;1625;1600;1600;310
2020-03-04;04/03/2020;1600;1600;1550;1550;626
2020-03-05;05/03/2020;1552.5;1575;1552.5;1575;2152
2020-03-06;06/03/2020;1597.5;1600;1597.5;1600;100
2020-03-09;09/03/2020;1600;1625;1600;1625;1776
2020-03-10;10/03/2020;1625;1635;1625;1635;4734
2020-03-11;11/03/2020;1650;1650;1600;1600;260
2020-03-12;12/03/2020;1650;1650;1600;1600;670
2020-03-13;13/03/2020;1600;1647.5;1600;1647.5;324
2020-03-16;16/03/2020;1647.5;1647.5;1605;1605;400
2020-03-17;17/03/2020;1602.5;1602.5;1602.5;1602.5;3160
2020-03-18;18/03/2020;1607.5;1607.5;1605;1605;134
2020-03-19;19/03/2020;1602.5;1605;1602.5;1605;880
2020-03-20;20/03/2020;1652.5;1675;1652.5;1675;25120
2020-03-23;23/03/2020;1650;1650;1602.5;1602.5;1556
2020-03-24;24/03/2020;1602.5;1602.5;1602.5;1602.5;570
2020-03-25;25/03/2020;1602.5;1602.5;1600;1600;1260
2020-03-26;26/03/2020;1600;1600;1600;1600;40
2020-03-27;27/03/2020;1650;1650;1600;1600;1288
2020-03-30;30/03/2020;1597.5;1597.5;1592.5;1592.5;118
2020-03-31;31/03/2020;1550;1550;1550;1550;820
2020-04-01;01/04/2020;1525;1525;1525;1525;20
2020-04-02;02/04/2020;1500;1500;1480;1480;906
2020-04-03;03/04/2020;1480;1480;1475;1475;354
2020-04-06;06/04/2020;1450;1450;1450;1450;500
2020-04-07;07/04/2020;1452.5;1452.5;1452.5;1452.5;212
2020-04-08;08/04/2020;1450;1452.5;1450;1452.5;294
2020-04-10;10/04/2020;1457.5;1457.5;1457.5;1457.5;222
2020-04-13;13/04/2020;1457.5;1457.5;1457.5;1457.5;222
2020-04-14;14/04/2020;1525;1525;1500;1500;476
2020-04-15;15/04/2020;1475;1475;1475;1475;190
2020-04-16;16/04/2020;1455;1475;1455;1475;5838
2020-04-17;17/04/2020;1475;1475;1475;1475;240
2020-04-20;20/04/2020;1497.5;1500;1497.5;1500;1600
2020-04-21;21/04/2020;1500;1500;1500;1500;100
2020-04-22;22/04/2020;1500;1502.5;1500;1502.5;1400
2020-04-23;23/04/2020;1502.5;1502.5;1502.5;1502.5;776
2020-04-24;24/04/2020;1502.5;1502.5;1500;1500;6266
2020-04-28;28/04/2020;1525;1600;1525;1600;12570
2020-04-29;29/04/2020;1625;1675;1625;1675;544
2020-04-30;30/04/2020;1670;1675;1670;1675;9696
2020-05-01;01/05/2020;1670;1675;1670;1675;9696
2020-05-04;04/05/2020;1672.5;1672.5;1672.5;1672.5;10774
2020-05-05;05/05/2020;1650;1672.5;1650;1672.5;264
2020-05-06;06/05/2020;1675;1675;1672.5;1672.5;10128
2020-05-07;07/05/2020;1672.5;1672.5;1670;1670;334
2020-05-08;08/05/2020;1665;1665;1665;1665;8
2020-05-11;11/05/2020;1667.5;1667.5;1650;1650;1998
2020-05-12;12/05/2020;1675;1675;1650;1650;10188
2020-05-13;13/05/2020;1652.5;1652.5;1630;1630;1320
2020-05-14;14/05/2020;1650;1650;1650;1650;1540
2020-05-15;15/05/2020;1645;1650;1645;1650;5100
2020-05-18;18/05/2020;1650;1650;1650;1650;214
2020-05-19;19/05/2020;1650;1650;1650;1650;2350
2020-05-22;22/05/2020;1650;1650;1650;1650;598
2020-05-25;25/05/2020;1650;1650;1625;1625;110
2020-05-26;26/05/2020;1650;1650;1647.5;1647.5;2518
2020-05-27;27/05/2020;1650;1672.5;1650;1672.5;482
2020-05-28;28/05/2020;1672.5;1675;1672.5;1675;1242
2020-05-29;29/05/2020;1672.5;1675;1672.5;1675;1288
2020-06-01;01/06/2020;1672.5;1675;1672.5;1675;1288
2020-06-02;02/06/2020;1675;1675;1650;1650;1698
2020-06-03;03/06/2020;1675;1675;1652.5;1652.5;2104
2020-06-04;04/06/2020;1675;1675;1675;1675;10
2020-06-05;05/06/2020;1675;1675;1675;1675;96
2020-06-08;08/06/2020;1700;1700;1697.5;1697.5;850
2020-06-09;09/06/2020;1700;1702.5;1700;1702.5;1746
2020-06-11;11/06/2020;1660;1660;1600;1600;634
2020-06-12;12/06/2020;1550;1575;1550;1575;4834
2020-06-15;15/06/2020;1572.5;1572.5;1550;1550;2680
2020-06-16;16/06/2020;1575;1575;1555;1555;4050
2020-06-17;17/06/2020;1557.5;1557.5;1555;1555;900
2020-06-18;18/06/2020;1555;1575;1555;1575;2460
2020-06-19;19/06/2020;1575;1575;1572.5;1572.5;1060
2020-06-22;22/06/2020;1572.5;1572.5;1570;1570;182
2020-06-23;23/06/2020;1567.5;1567.5;1565;1565;1160
2020-06-24;24/06/2020;1560;1560;1550;1550;292
2020-06-25;25/06/2020;1550;1550;1542.5;1542.5;408
2020-06-26;26/06/2020;1550;1567.5;1550;1567.5;1090
2020-06-29;29/06/2020;1570;1570;1567.5;1567.5;188
2020-06-30;30/06/2020;1550;1567.5;1550;1567.5;6380
2020-07-01;01/07/2020;1570;1570;1550;1550;482
2020-07-02;02/07/2020;1542.5;1542.5;1525;1525;5684
2020-07-03;03/07/2020;1522.5;1522.5;1500;1500;864
2020-07-06;06/07/2020;1500;1500;1500;1500;556
2020-07-07;07/07/2020;1500;1500;1500;1500;640
2020-07-08;08/07/2020;1495;1500;1495;1500;1312
2020-07-09;09/07/2020;1475;1475;1427.5;1427.5;924
2020-07-10;10/07/2020;1500;1500;1430;1430;222
2020-07-13;13/07/2020;1450;1450;1450;1450;100
2020-07-14;14/07/2020;1450;1450;1450;1450;1164
2020-07-15;15/07/2020;1465;1495;1465;1495;206
2020-07-16;16/07/2020;1450;1450;1450;1450;564
2020-07-17;17/07/2020;1427.5;1450;1427.5;1450;2184
2020-07-20;20/07/2020;1450;1450;1447.5;1447.5;960
2020-07-21;21/07/2020;1412.5;1445;1412.5;1445;148
2020-07-22;22/07/2020;1405;1405;1400;1400;1144
2020-07-23;23/07/2020;1400;1400;1350;1350;3604
2020-07-24;24/07/2020;1445;1445;1375;1375;996
2020-07-27;27/07/2020;1375;1375;1375;1375;7524
2020-07-28;28/07/2020;1400;1400;1400;1400;1346
2020-07-29;29/07/2020;1400;1450;1400;1450;1064
2020-07-30;30/07/2020;1400;1500;1400;1500;532
2020-07-31;31/07/2020;1400;1500;1400;1500;532
2020-08-03;03/08/2020;1497.5;1500;1497.5;1500;90
2020-08-04;04/08/2020;1482.5;1482.5;1462.5;1462.5;754
2020-08-05;05/08/2020;1450;1450;1450;1450;1240
2020-08-06;06/08/2020;1450;1450;1450;1450;160
2020-08-07;07/08/2020;1450;1450;1450;1450;160
2020-08-10;10/08/2020;1450;1450;1425;1425;1172
2020-08-11;11/08/2020;1425;1425;1425;1425;920
2020-08-12;12/08/2020;1425;1425;1405;1405;3114
2020-08-13;13/08/2020;1405;1405;1400;1400;348
2020-08-14;14/08/2020;1405;1405;1390;1390;170
2020-08-17;17/08/2020;1390;1390;1390;1390;328
2020-08-18;18/08/2020;1400;1400;1400;1400;2026
2020-08-24;24/08/2020;1447.5;1447.5;1417.5;1417.5;30490
2020-08-25;25/08/2020;1417.5;1417.5;1412.5;1412.5;20038
2020-08-26;26/08/2020;1412.5;1450;1412.5;1450;4712
2020-08-27;27/08/2020;1425;1497.5;1425;1497.5;9282
2020-08-28;28/08/2020;1497.5;1500;1497.5;1500;110
2020-08-31;31/08/2020;1412.5;1417.5;1412.5;1417.5;3956
2020-09-01;01/09/2020;1417.5;1417.5;1400;1400;4856
2020-09-02;02/09/2020;1425;1425;1397.5;1397.5;210
2020-09-03;03/09/2020;1375;1375;1375;1375;300
2020-09-04;04/09/2020;1375;1400;1375;1400;568
2020-09-07;07/09/2020;1420;1420;1407.5;1407.5;1010
2020-09-08;08/09/2020;1420;1420;1400;1400;2168
2020-09-09;09/09/2020;1400;1400;1350;1350;2932
2020-09-10;10/09/2020;1375;1375;1360;1360;38138
2020-09-11;11/09/2020;1380;1400;1380;1400;108
2020-09-14;14/09/2020;1400;1490;1400;1490;656
2020-09-15;15/09/2020;1425;1450;1425;1450;48
2020-09-16;16/09/2020;1450;1450;1412.5;1412.5;868
2020-09-17;17/09/2020;1415;1415;1405;1405;9502
2020-09-18;18/09/2020;1402.5;1402.5;1400;1400;848
2020-09-21;21/09/2020;1352.5;1400;1352.5;1400;1982
2020-09-22;22/09/2020;1352.5;1405;1352.5;1405;90
2020-09-23;23/09/2020;1352.5;1405;1352.5;1405;90
2020-09-24;24/09/2020;1352.5;1405;1352.5;1405;90
2020-09-25;25/09/2020;1352.5;1405;1352.5;1405;90
2020-09-28;28/09/2020;1402.5;1405;1402.5;1405;248
2020-09-29;29/09/2020;1375;1405;1375;1405;340
2020-09-30;30/09/2020;1402.5;1405;1402.5;1405;402
2020-10-01;01/10/2020;1402.5;1402.5;1377.5;1377.5;290
2020-10-02;02/10/2020;1397.5;1397.5;1397.5;1397.5;4
2020-10-05;05/10/2020;1402.5;1402.5;1387.5;1387.5;1246
2020-10-06;06/10/2020;1390;1390;1387.5;1387.5;38
2020-10-07;07/10/2020;1387.5;1400;1387.5;1400;672
2020-10-08;08/10/2020;1400;1400;1390;1390;148
2020-10-09;09/10/2020;1390;1390;1385;1385;1106
2020-10-12;12/10/2020;1387.5;1400;1387.5;1400;166
2020-10-13;13/10/2020;1397.5;1397.5;1375;1375;244
2020-10-14;14/10/2020;1385;1385;1385;1385;2
2020-10-15;15/10/2020;1385;1397.5;1385;1397.5;4292
2020-10-16;16/10/2020;1397.5;1397.5;1397.5;1397.5;3596
2020-10-19;19/10/2020;1397.5;1400;1397.5;1400;3592
2020-10-20;20/10/2020;1405;1405;1400;1400;2916
2020-10-21;21/10/2020;1405;1405;1400;1400;21086
2020-10-22;22/10/2020;1400;1405;1400;1405;802
2020-10-23;23/10/2020;1402.5;1402.5;1400;1400;316
2020-10-26;26/10/2020;1395;1400;1395;1400;448
2020-10-27;27/10/2020;1400;1400;1385;1385;6052
2020-10-28;28/10/2020;1400;1400;1400;1400;8770
2020-10-29;29/10/2020;1400;1400;1400;1400;8770
2020-10-30;30/10/2020;1400;1407.5;1400;1407.5;9140
2020-11-02;02/11/2020;1407.5;1407.5;1407.5;1407.5;4182
2020-11-03;03/11/2020;1407.5;1410;1407.5;1410;15344
2020-11-04;04/11/2020;1410;1412.5;1410;1412.5;1166
2020-11-05;05/11/2020;1415;1490;1415;1490;5602
2020-11-06;06/11/2020;1487.5;1575;1487.5;1575;3400
2020-11-09;09/11/2020;1575;1692.5;1575;1692.5;2790
2020-11-10;10/11/2020;1692.5;1750;1692.5;1750;2200
2020-11-11;11/11/2020;1715;1715;1697.5;1697.5;7244
2020-11-12;12/11/2020;1600;1600;1572.5;1572.5;5302
2020-11-13;13/11/2020;1572.5;1572.5;1550;1550;10600
2020-11-16;16/11/2020;1550;1550;1500;1500;5970
2020-11-17;17/11/2020;1490;1542.5;1490;1542.5;1112
2020-11-18;18/11/2020;1542.5;1550;1542.5;1550;2938
2020-11-19;19/11/2020;1545;1600;1545;1600;3966
2020-11-20;20/11/2020;1550;1600;1550;1600;4114
2020-11-23;23/11/2020;1550;1550;1550;1550;5484
2020-11-24;24/11/2020;1550;1550;1547.5;1547.5;600
2020-11-25;25/11/2020;1530;1600;1530;1600;64102
2020-11-26;26/11/2020;1600;1600;1600;1600;300
2020-11-27;27/11/2020;1600;1600;1600;1600;2406
2020-11-30;30/11/2020;1600;1600;1600;1600;4960
2020-12-01;01/12/2020;1625;1625;1550;1550;9342
2020-12-02;02/12/2020;1620;1620;1600;1600;41638
2020-12-03;03/12/2020;1600;1600;1600;1600;674
2020-12-04;04/12/2020;1595;1595;1555;1555;3910
2020-12-07;07/12/2020;1530;1650;1530;1650;13500
2020-12-08;08/12/2020;1645;1700;1645;1700;20062
2020-12-09;09/12/2020;1675;1675;1675;1675;20000
2020-12-10;10/12/2020;1675;1675;1650;1650;1148
2020-12-11;11/12/2020;1645;1650;1645;1650;20900
2020-12-14;14/12/2020;1650;1650;1650;1650;19718
2020-12-15;15/12/2020;1645;1650;1645;1650;13524
2020-12-16;16/12/2020;1645;1650;1645;1650;16120
2020-12-17;17/12/2020;1650;1692.5;1650;1692.5;9148
2020-12-18;18/12/2020;1647.5;1697.5;1647.5;1697.5;3606
2020-12-21;21/12/2020;1650;1820;1650;1820;21190
2020-12-22;22/12/2020;1795;1947.5;1795;1947.5;46704
2020-12-23;23/12/2020;1802.5;1897.5;1802.5;1897.5;3628
2020-12-24;24/12/2020;1760;1870;1760;1870;9894
2020-12-25;25/12/2020;1760;1870;1760;1870;9894
2020-12-28;28/12/2020;1800;1840;1800;1840;10070
2020-12-29;29/12/2020;1790;1825;1790;1825;16002
2020-12-30;30/12/2020;1700;1787.5;1700;1787.5;900
2020-12-31;31/12/2020;1722.5;1837.5;1722.5;1837.5;62920
2021-01-04;04/01/2021;1700;1700;1700;1700;100
2021-01-05;05/01/2021;1650;1675;1650;1675;1410
2021-01-06;06/01/2021;1572.5;1747.5;1572.5;1747.5;5076
2021-01-07;07/01/2021;1750;1750;1715;1715;12
2021-01-08;08/01/2021;1602.5;1602.5;1602.5;1602.5;360
2021-01-11;11/01/2021;1675;1700;1675;1700;3526
2021-01-12;12/01/2021;1677.5;1677.5;1675;1675;966
2021-01-13;13/01/2021;1700;1700;1675;1675;108
2021-01-14;14/01/2021;1675;1675;1675;1675;304
2021-01-15;15/01/2021;1675;1675;1675;1675;2270
2021-01-18;18/01/2021;1675;1675;1675;1675;2240
2021-01-19;19/01/2021;1675;1675;1650;1650;5516
2021-01-20;20/01/2021;1650;1650;1650;1650;520
2021-01-21;21/01/2021;1650;1700;1650;1700;820
2021-01-22;22/01/2021;1677.5;1677.5;1677.5;1677.5;24
2021-01-25;25/01/2021;1650;1700;1650;1700;230
2021-01-27;27/01/2021;1675;1700;1675;1700;4690
2021-01-28;28/01/2021;1700;1700;1700;1700;140
2021-01-29;29/01/2021;1680;1750;1680;1750;4116
2021-02-01;01/02/2021;1700;1700;1700;1700;84
2021-02-02;02/02/2021;1695;1695;1687.5;1687.5;166
2021-02-03;03/02/2021;1700;1702.5;1700;1702.5;404
2021-02-04;04/02/2021;1702.5;1710;1702.5;1710;580
2021-02-05;05/02/2021;1725;1725;1710;1710;92
2021-02-08;08/02/2021;1725;1725;1687.5;1687.5;74
2021-02-09;09/02/2021;1690;1690;1685;1685;636
2021-02-10;10/02/2021;1685;1685;1685;1685;246
2021-02-11;11/02/2021;1682.5;1685;1682.5;1685;4308
2021-02-12;12/02/2021;1665;1685;1665;1685;1334
2021-02-15;15/02/2021;1687.5;1700;1687.5;1700;302
2021-02-16;16/02/2021;1697.5;1700;1697.5;1700;290
2021-02-17;17/02/2021;1700;1700;1697.5;1697.5;656
2021-02-18;18/02/2021;1700;1700;1700;1700;692
2021-02-19;19/02/2021;1700;1725;1700;1725;866
2021-02-22;22/02/2021;1712.5;1712.5;1700;1700;47584
2021-02-23;23/02/2021;1700;1700;1700;1700;28
2021-02-24;24/02/2021;1700;1740;1700;1740;16046
2021-02-25;25/02/2021;1725;1745;1725;1745;160
2021-02-26;26/02/2021;1740;1800;1740;1800;3396
2021-03-01;01/03/2021;1800;1800;1800;1800;1000
2021-03-02;02/03/2021;1700;1725;1700;1725;266
2021-03-03;03/03/2021;1745;1745;1685;1685;1246
2021-03-04;04/03/2021;1700;1725;1700;1725;528
2021-03-05;05/03/2021;1725;1725;1650;1650;5350
2021-03-08;08/03/2021;1725;1725;1725;1725;100
2021-03-09;09/03/2021;1725;1725;1725;1725;740
2021-03-10;10/03/2021;1705;1725;1705;1725;726
2021-03-11;11/03/2021;1725;1800;1725;1800;3456
2021-03-12;12/03/2021;1750;1750;1750;1750;2110
2021-03-15;15/03/2021;1725;1747.5;1725;1747.5;5812
2021-03-16;16/03/2021;1740;1740;1727.5;1727.5;394
2021-03-17;17/03/2021;1725;1740;1725;1740;3896
2021-03-18;18/03/2021;1742.5;1742.5;1740;1740;7082
2021-03-19;19/03/2021;1740;1740;1740;1740;330
2021-03-22;22/03/2021;1740;1800;1740;1800;4010
2021-03-23;23/03/2021;1750;1795;1750;1795;1360
2021-03-24;24/03/2021;1795;1795;1750;1750;2002
2021-03-25;25/03/2021;1795;1795;1795;1795;540
2021-03-26;26/03/2021;1795;1800;1795;1800;1154
2021-03-29;29/03/2021;1775;1775;1775;1775;40
2021-03-30;30/03/2021;1750;1800;1750;1800;1280
2021-03-31;31/03/2021;1795;1850;1795;1850;3270
2021-04-01;01/04/2021;1800;1800;1800;1800;2400
2021-04-02;02/04/2021;1750;1847.5;1750;1847.5;180
2021-04-05;05/04/2021;1750;1847.5;1750;1847.5;180
2021-04-06;06/04/2021;1800;1825;1800;1825;434
2021-04-07;07/04/2021;1800;1825;1800;1825;4296
2021-04-08;08/04/2021;1845;1847.5;1845;1847.5;1320
2021-04-09;09/04/2021;1825;1825;1825;1825;240
2021-04-12;12/04/2021;1825;1850;1825;1850;1438
2021-04-13;13/04/2021;1850;1850;1850;1850;6968
2021-04-14;14/04/2021;1850;1987.5;1850;1987.5;2138
2021-04-15;15/04/2021;1850;1945;1850;1945;1514
2021-04-16;16/04/2021;1850;1875;1850;1875;124
2021-04-19;19/04/2021;1850;1850;1850;1850;300
2021-04-20;20/04/2021;1875;1920;1875;1920;2310
2021-04-21;21/04/2021;1850;1900;1850;1900;6302
2021-04-22;22/04/2021;1897.5;1900;1897.5;1900;518
2021-04-23;23/04/2021;1895;1900;1895;1900;332
2021-04-26;26/04/2021;1875;1875;1875;1875;472
2021-04-27;27/04/2021;1875;1875;1875;1875;1214
2021-04-28;28/04/2021;1875;1875;1850;1850;6482
2021-04-29;29/04/2021;1850;1900;1850;1900;3108
2021-04-30;30/04/2021;1900;1950;1900;1950;5548
2021-05-03;03/05/2021;1950;1950;1945;1945;182
2021-05-04;04/05/2021;1945;1945;1920;1920;1066
2021-05-05;05/05/2021;1920;1945;1920;1945;984
2021-05-06;06/05/2021;1945;1945;1945;1945;604
2021-05-07;07/05/2021;1945;1945;1920;1920;424
2021-05-10;10/05/2021;1800;1800;1800;1800;300
2021-05-11;11/05/2021;1800;1800;1800;1800;112
2021-05-12;12/05/2021;1800;1800;1800;1800;112
2021-05-14;14/05/2021;1725;1725;1725;1725;256
2021-05-17;17/05/2021;1750;1797.5;1750;1797.5;328
2021-05-18;18/05/2021;1750;1750;1750;1750;680
2021-05-19;19/05/2021;1750;1750;1700;1700;806
2021-05-20;20/05/2021;1700;1700;1700;1700;392
2021-05-21;21/05/2021;1700;1700;1700;1700;542
2021-05-24;24/05/2021;1700;1700;1700;1700;542
2021-05-25;25/05/2021;1700;1700;1700;1700;1142
2021-05-26;26/05/2021;1700;1700;1675;1675;974
2021-05-27;27/05/2021;1675;1700;1675;1700;1970
2021-05-28;28/05/2021;1700;1827.5;1700;1827.5;5116
2021-05-31;31/05/2021;1850;1850;1850;1850;1000
2021-06-01;01/06/2021;1827.5;1827.5;1827.5;1827.5;90
2021-06-02;02/06/2021;1800;1800;1800;1800;400
2021-06-03;03/06/2021;1750;1790;1750;1790;350
2021-06-04;04/06/2021;1750;1750;1750;1750;1220
2021-06-07;07/06/2021;1750;1750;1750;1750;320
2021-06-08;08/06/2021;1750;1750;1705;1705;1490
2021-06-09;09/06/2021;1785;1787.5;1785;1787.5;4610
2021-06-10;10/06/2021;1850;1850;1840;1840;1660
2021-06-11;11/06/2021;1825;1825;1810;1810;1258
2021-06-14;14/06/2021;1800;1800;1800;1800;2280
2021-06-15;15/06/2021;1802.5;1802.5;1800;1800;818
2021-06-16;16/06/2021;1800;1800;1800;1800;1992
2021-06-17;17/06/2021;1800;1800;1800;1800;2498
2021-06-18;18/06/2021;1800;1800;1790;1790;1328
2021-06-21;21/06/2021;1800;1800;1797.5;1797.5;358
2021-06-22;22/06/2021;1755;1800;1755;1800;602
2021-06-23;23/06/2021;1825;1825;1800;1800;1214
2021-06-24;24/06/2021;1795;1800;1795;1800;1820
2021-06-25;25/06/2021;1775;1790;1775;1790;890
2021-06-28;28/06/2021;1797.5;1800;1797.5;1800;1038
2021-06-29;29/06/2021;1800;1850;1800;1850;13248
2021-06-30;30/06/2021;1815;1900;1815;1900;1650
2021-07-01;01/07/2021;1850;1850;1827.5;1827.5;218
2021-07-02;02/07/2021;1827.5;1897.5;1827.5;1897.5;280
2021-07-05;05/07/2021;1830;1897.5;1830;1897.5;244
2021-07-06;06/07/2021;1897.5;1897.5;1897.5;1897.5;700
2021-07-07;07/07/2021;1897.5;1897.5;1895;1895;136
2021-07-08;08/07/2021;1897.5;1897.5;1895;1895;200
2021-07-09;09/07/2021;1895;1895;1895;1895;110
2021-07-12;12/07/2021;1850;1850;1850;1850;380
2021-07-13;13/07/2021;1850;1850;1850;1850;656
2021-07-14;14/07/2021;1850;1850;1850;1850;726
2021-07-15;15/07/2021;1850;1850;1847.5;1847.5;456
2021-07-16;16/07/2021;1847.5;1850;1847.5;1850;676
2021-07-19;19/07/2021;1845;1850;1845;1850;230
2021-07-20;20/07/2021;1845;1850;1845;1850;230
2021-07-21;21/07/2021;1825;1825;1800;1800;426
2021-07-22;22/07/2021;1850;1850;1850;1850;648
2021-07-23;23/07/2021;1850;1850;1850;1850;20
2021-07-26;26/07/2021;1850;1850;1850;1850;434
2021-07-27;27/07/2021;1830;1850;1830;1850;2644
2021-07-28;28/07/2021;1875;1895;1875;1895;1244
2021-07-29;29/07/2021;1895;2000;1895;2000;1312
2021-07-30;30/07/2021;2000;2000;1950;1950;532
2021-08-02;02/08/2021;1947.5;1947.5;1852.5;1852.5;11062
2021-08-03;03/08/2021;1947.5;1947.5;1947.5;1947.5;672
2021-08-04;04/08/2021;1947.5;1950;1947.5;1950;220
2021-08-05;05/08/2021;1947.5;1950;1947.5;1950;900
2021-08-06;06/08/2021;1947.5;1947.5;1947.5;1947.5;772
2021-08-09;09/08/2021;1947.5;1947.5;1925;1925;1418
2021-08-10;10/08/2021;1945;1945;1902.5;1902.5;2828
2021-08-11;11/08/2021;1945;1947.5;1945;1947.5;314
2021-08-12;12/08/2021;1947.5;1950;1947.5;1950;6950
2021-08-13;13/08/2021;1950;1950;1950;1950;300
2021-08-16;16/08/2021;1975;1975;1950;1950;5998
2021-08-17;17/08/2021;1950;1950;1947.5;1947.5;80
2021-08-18;18/08/2021;2000;2075;2000;2075;11562
2021-08-19;19/08/2021;2230;2230;2227.5;2227.5;2448
2021-08-20;20/08/2021;2227.5;2227.5;2227.5;2227.5;4566
2021-08-23;23/08/2021;2245;2392.5;2245;2392.5;1520
2021-08-24;24/08/2021;2425;2425;2400;2400;332
2021-08-25;25/08/2021;2400;2400;2300;2300;772
2021-08-26;26/08/2021;2250;2250;2250;2250;2166
2021-08-27;27/08/2021;2250;2400;2250;2400;2016
2021-08-30;30/08/2021;2300;2395;2300;2395;1876
2021-08-31;31/08/2021;2395;2450;2395;2450;978
2021-09-01;01/09/2021;2400;2400;2397.5;2397.5;508
2021-09-02;02/09/2021;2425;2425;2397.5;2397.5;344
2021-09-03;03/09/2021;2397.5;2397.5;2360;2360;52
2021-09-06;06/09/2021;2360;2360;2352.5;2352.5;290
2021-09-07;07/09/2021;2352.5;2352.5;2300;2300;1130
2021-09-08;08/09/2021;2297.5;2297.5;2277.5;2277.5;616
2021-09-09;09/09/2021;2300;2300;2300;2300;5300
2021-09-10;10/09/2021;2300;2300;2300;2300;510
2021-09-13;13/09/2021;2300;2300;2300;2300;1488
2021-09-14;14/09/2021;2300;2400;2300;2400;1956
2021-09-15;15/09/2021;2280;2395;2280;2395;350
2021-09-16;16/09/2021;2395;2395;2392.5;2392.5;40
2021-09-17;17/09/2021;2350;2392.5;2350;2392.5;586
2021-09-20;20/09/2021;2392.5;2392.5;2375;2375;2316
2021-09-21;21/09/2021;2350;2350;2350;2350;4618
2021-09-22;22/09/2021;2270;2375;2270;2375;1162
2021-09-23;23/09/2021;2375;2375;2375;2375;1224
2021-09-24;24/09/2021;2375;2430;2375;2430;27738
2021-09-27;27/09/2021;2425;2425;2425;2425;114
2021-09-28;28/09/2021;2425;2425;2425;2425;2040
2021-09-29;29/09/2021;2425;2430;2425;2430;4384
2021-09-30;30/09/2021;2425;2600;2425;2600;8428
2021-10-01;01/10/2021;2435;2435;2427.5;2427.5;1048
2021-10-04;04/10/2021;2427.5;2427.5;2425;2425;806
2021-10-05;05/10/2021;2435;2435;2427.5;2427.5;1154
2021-10-06;06/10/2021;2435;2450;2435;2450;9332
2021-10-07;07/10/2021;2440;2440;2400;2400;1498
2021-10-08;08/10/2021;2435;2435;2427.5;2427.5;660
2021-10-11;11/10/2021;2427.5;2427.5;2425;2425;482
2021-10-12;12/10/2021;2422.5;2425;2422.5;2425;1536
2021-10-13;13/10/2021;2422.5;2450;2422.5;2450;5976
2021-10-14;14/10/2021;2450;2450;2450;2450;924
2021-10-15;15/10/2021;2425;2425;2425;2425;1328
2021-10-18;18/10/2021;2425;2425;2425;2425;1328
2021-10-19;19/10/2021;2400;2400;2315;2315;2562
2021-10-20;20/10/2021;2422.5;2450;2422.5;2450;582
2021-10-21;21/10/2021;2450;2450;2425;2425;3710
2021-10-22;22/10/2021;2425;2425;2400;2400;434
2021-10-25;25/10/2021;2400;2400;2375;2375;4556
2021-10-26;26/10/2021;2425;2425;2310;2310;5260
2021-10-27;27/10/2021;2310;2450;2310;2450;28610
2021-10-28;28/10/2021;2450;2450;2425;2425;7496
2021-10-29;29/10/2021;2447.5;2447.5;2350;2350;40356
2021-11-01;01/11/2021;2447.5;2447.5;2350;2350;40356
2021-11-02;02/11/2021;2450;2450;2450;2450;60
2021-11-03;03/11/2021;2407.5;2412.5;2407.5;2412.5;10680
2021-11-04;04/11/2021;2450;2450;2415;2415;1282
2021-11-05;05/11/2021;2430;2450;2430;2450;392
2021-11-08;08/11/2021;2432.5;2450;2432.5;2450;23940
2021-11-09;09/11/2021;2450;2450;2450;2450;19994
2021-11-10;10/11/2021;2450;2475;2450;2475;1634
2021-11-11;11/11/2021;2450;2475;2450;2475;8860
2021-11-12;12/11/2021;2472.5;2475;2472.5;2475;3164
2021-11-15;15/11/2021;2472.5;2475;2472.5;2475;3164
2021-11-16;16/11/2021;2452.5;2452.5;2450;2450;11916
2021-11-17;17/11/2021;2450;2475;2450;2475;762
2021-11-18;18/11/2021;2475;2600;2475;2600;8954
2021-11-19;19/11/2021;2600;2792.5;2600;2792.5;1510
2021-11-22;22/11/2021;2792.5;2815;2792.5;2815;1112
2021-11-23;23/11/2021;2750;2750;2750;2750;2460
2021-11-24;24/11/2021;2747.5;2750;2747.5;2750;8118
2021-11-25;25/11/2021;2750;2750;2750;2750;9984
2021-11-26;26/11/2021;2750;2750;2750;2750;2526
2021-11-29;29/11/2021;2750;2750;2725;2725;2166
2021-11-30;30/11/2021;2700;2725;2700;2725;1550
2021-12-01;01/12/2021;2722.5;2722.5;2722.5;2722.5;1228
2021-12-02;02/12/2021;2722.5;2722.5;2720;2720;1378
2021-12-03;03/12/2021;2720;2722.5;2720;2722.5;17916
2021-12-06;06/12/2021;2720;2720;2720;2720;516
2021-12-07;07/12/2021;2720;2725;2720;2725;2848
2021-12-08;08/12/2021;2700;2700;2697.5;2697.5;2530
2021-12-09;09/12/2021;2695;2695;2652.5;2652.5;2392
2021-12-10;10/12/2021;2652.5;2720;2652.5;2720;3376
2021-12-13;13/12/2021;2725;2725;2650;2650;4376
2021-12-14;14/12/2021;2650;2650;2552.5;2552.5;974
2021-12-15;15/12/2021;2640;2650;2640;2650;1210
2021-12-16;16/12/2021;2550;2847.5;2550;2847.5;17544
2021-12-17;17/12/2021;2847.5;2847.5;2750;2750;534
2021-12-20;20/12/2021;2750;2950;2750;2950;8280
2021-12-21;21/12/2021;2955;2955;2955;2955;6702
2021-12-22;22/12/2021;2735;3175;2735;3175;10738
2021-12-23;23/12/2021;2955;3350;2955;3350;8530
2021-12-27;27/12/2021;3100;3100;3100;3100;12
2021-12-28;28/12/2021;3000;3000;3000;3000;134
2021-12-29;29/12/2021;2940;2940;2795;2795;672
2021-12-30;30/12/2021;2650;2997.5;2650;2997.5;16774
2021-12-31;31/12/2021;2777.5;2927.5;2777.5;2927.5;2750
2022-01-03;03/01/2022;2985;2997.5;2985;2997.5;11164
2022-01-04;04/01/2022;2995;2995;2950;2950;636
2022-01-05;05/01/2022;2950;2950;2947.5;2947.5;44
2022-01-06;06/01/2022;2800;2800;2750;2750;634
2022-01-07;07/01/2022;2750;2750;2747.5;2747.5;1248
2022-01-10;10/01/2022;2747.5;2747.5;2725;2725;128
2022-01-11;11/01/2022;2725;2895;2725;2895;890
2022-01-12;12/01/2022;2680;2750;2680;2750;1310
2022-01-13;13/01/2022;2722.5;2722.5;2722.5;2722.5;176
2022-01-14;14/01/2022;2722.5;2722.5;2722.5;2722.5;788
2022-01-17;17/01/2022;2720;2720;2715;2715;1024
2022-01-18;18/01/2022;2712.5;2712.5;2710;2710;2068
2022-01-19;19/01/2022;2675;2747.5;2675;2747.5;890
2022-01-20;20/01/2022;2750;2750;2750;2750;134
2022-01-21;21/01/2022;2722.5;2725;2722.5;2725;844
2022-01-24;24/01/2022;2725;2725;2725;2725;222
2022-01-25;25/01/2022;2725;2750;2725;2750;1790
2022-01-26;26/01/2022;2715;2747.5;2715;2747.5;630
2022-01-27;27/01/2022;2715;2747.5;2715;2747.5;398
2022-01-28;28/01/2022;2725;2725;2715;2715;210
2022-01-31;31/01/2022;2715;2800;2715;2800;1652
2022-02-01;01/02/2022;2715;2715;2715;2715;98
2022-02-02;02/02/2022;2747.5;2747.5;2700;2700;1146
2022-02-03;03/02/2022;2700;2700;2700;2700;1826
2022-02-04;04/02/2022;2715;2715;2700;2700;834
2022-02-07;07/02/2022;2712.5;2712.5;2700;2700;272
2022-02-08;08/02/2022;2700;2700;2700;2700;878
2022-02-09;09/02/2022;2675;2675;2650;2650;1470
2022-02-10;10/02/2022;2655;2655;2625;2625;3860
2022-02-11;11/02/2022;2625;2652.5;2625;2652.5;10660
2022-02-14;14/02/2022;2630;2630;2600;2600;1720
2022-02-15;15/02/2022;2600;2600;2600;2600;2552
2022-02-16;16/02/2022;2600;2600;2600;2600;11500
2022-02-17;17/02/2022;2600;2747.5;2600;2747.5;3742
2022-02-18;18/02/2022;2747.5;2747.5;2747.5;2747.5;100
2022-02-21;21/02/2022;2745;2745;2745;2745;6222
2022-02-22;22/02/2022;2745;2745;2700;2700;1340
2022-02-23;23/02/2022;2700;2700;2700;2700;286
2022-02-24;24/02/2022;2700;2700;2700;2700;2556
2022-02-25;25/02/2022;2700;2700;2700;2700;636
2022-02-28;28/02/2022;2700;2732.5;2700;2732.5;28710
2022-03-01;01/03/2022;2735;2737.5;2735;2737.5;2570
2022-03-02;02/03/2022;2735;2750;2735;2750;902
2022-03-03;03/03/2022;2750;2850;2750;2850;8272
2022-03-04;04/03/2022;2847.5;2847.5;2777.5;2777.5;628
2022-03-07;07/03/2022;2777.5;2800;2777.5;2800;872
2022-03-08;08/03/2022;2752.5;2845;2752.5;2845;718
2022-03-09;09/03/2022;2737.5;2775;2737.5;2775;8800
2022-03-10;10/03/2022;2740;2740;2740;2740;3644
2022-03-11;11/03/2022;2750;2897.5;2750;2897.5;11344
2022-03-14;14/03/2022;2895;2895;2875;2875;5144
2022-03-15;15/03/2022;2687.5;2695;2687.5;2695;57930
2022-03-16;16/03/2022;2600;2695;2600;2695;2670
2022-03-17;17/03/2022;2697.5;2750;2697.5;2750;1032
2022-03-18;18/03/2022;2750;2750;2700;2700;3142
2022-03-21;21/03/2022;2725;2725;2725;2725;374
2022-03-22;22/03/2022;2725;2800;2725;2800;3184
2022-03-23;23/03/2022;2800;2800;2725;2725;2794
2022-03-24;24/03/2022;2725;2747.5;2725;2747.5;1026
2022-03-25;25/03/2022;2747.5;2747.5;2730;2730;2490
2022-03-28;28/03/2022;2725;2747.5;2725;2747.5;6736
2022-03-29;29/03/2022;2747.5;2747.5;2740;2740;176
2022-03-30;30/03/2022;2740;2900;2740;2900;18798
2022-03-31;31/03/2022;2875;2875;2697.5;2697.5;14516
2022-04-01;01/04/2022;2697.5;2800;2697.5;2800;172
2022-04-04;04/04/2022;2750;2800;2750;2800;1232
2022-04-05;05/04/2022;2800;2850;2800;2850;1600
2022-04-06;06/04/2022;2800;2800;2800;2800;30
2022-04-07;07/04/2022;2800;2800;2800;2800;278
2022-04-08;08/04/2022;2797.5;2797.5;2797.5;2797.5;394
2022-04-11;11/04/2022;2750;2750;2750;2750;11508
2022-04-12;12/04/2022;2750;2750;2750;2750;692
2022-04-13;13/04/2022;2750;2750;2730;2730;1350
2022-04-14;14/04/2022;2740;2740;2740;2740;2042
2022-04-15;15/04/2022;2702.5;2740;2702.5;2740;420
2022-04-19;19/04/2022;2697.5;2740;2697.5;2740;200
2022-04-20;20/04/2022;2740;2740;2700;2700;1808
2022-04-21;21/04/2022;2697.5;2697.5;2695;2695;1380
2022-04-22;22/04/2022;2695;2695;2695;2695;472
2022-04-25;25/04/2022;2695;2725;2695;2725;1032
2022-04-26;26/04/2022;2530;2687.5;2530;2687.5;978
2022-04-27;27/04/2022;2525;2647.5;2525;2647.5;7192
2022-04-28;28/04/2022;2525;2647.5;2525;2647.5;7192
2022-04-29;29/04/2022;2605;2645;2605;2645;262
2022-05-02;02/05/2022;2605;2645;2605;2645;262
2022-05-03;03/05/2022;2605;2607.5;2605;2607.5;1126
2022-05-04;04/05/2022;2525;2600;2525;2600;436
2022-05-05;05/05/2022;2600;2600;2525;2525;692
2022-05-06;06/05/2022;2525;2587.5;2525;2587.5;328
2022-05-09;09/05/2022;2587.5;2587.5;2587.5;2587.5;80
2022-05-10;10/05/2022;2582.5;2582.5;2500;2500;238
2022-05-11;11/05/2022;2500;2500;2475;2475;452
2022-05-12;12/05/2022;2500;2500;2475;2475;452
2022-05-13;13/05/2022;2497.5;2597.5;2497.5;2597.5;628
2022-05-16;16/05/2022;2597.5;2597.5;2500;2500;1180
2022-05-17;17/05/2022;2500;2500;2475;2475;446
2022-05-18;18/05/2022;2495;2495;2472.5;2472.5;1754
2022-05-19;19/05/2022;2475;2475;2472.5;2472.5;212
2022-05-20;20/05/2022;2465;2465;2462.5;2462.5;62
2022-05-23;23/05/2022;2462.5;2470;2462.5;2470;804
2022-05-24;24/05/2022;2450;2450;2340;2340;442
2022-05-25;25/05/2022;2350;2350;2340;2340;558
2022-05-26;26/05/2022;2350;2350;2340;2340;558
2022-05-27;27/05/2022;2350;2472.5;2350;2472.5;4600
2022-05-30;30/05/2022;2475;2600;2475;2600;4890
2022-05-31;31/05/2022;2550;2550;2525;2525;866
2022-06-01;01/06/2022;2525;2600;2525;2600;15674
2022-06-02;02/06/2022;2525;2600;2525;2600;2616
2022-06-03;03/06/2022;2600;2600;2550;2550;420
2022-06-06;06/06/2022;2600;2600;2550;2550;420
2022-06-07;07/06/2022;2550;2600;2550;2600;564
2022-06-08;08/06/2022;2550;2550;2525;2525;404
2022-06-09;09/06/2022;2525;2525;2525;2525;242
2022-06-10;10/06/2022;2525;2525;2525;2525;570
2022-06-13;13/06/2022;2525;2600;2525;2600;400
2022-06-14;14/06/2022;2600;2600;2600;2600;288
2022-06-15;15/06/2022;2595;2600;2595;2600;648
2022-06-16;16/06/2022;2550;2600;2550;2600;1160
2022-06-17;17/06/2022;2600;2600;2600;2600;106
2022-06-20;20/06/2022;2595;2600;2595;2600;1276
2022-06-21;21/06/2022;2430;2600;2430;2600;468
2022-06-22;22/06/2022;2600;2600;2600;2600;124
2022-06-23;23/06/2022;2600;2600;2445;2445;36
2022-06-24;24/06/2022;2450;2600;2450;2600;462
2022-06-27;27/06/2022;2600;2600;2550;2550;1214
2022-06-28;28/06/2022;2550;2550;2550;2550;2016
2022-06-29;29/06/2022;2550;2550;2500;2500;3490
2022-06-30;30/06/2022;2550;2575;2550;2575;182
2022-07-01;01/07/2022;2550;2550;2452.5;2452.5;1460
2022-07-04;04/07/2022;2450;2450;2425;2425;410
2022-07-05;05/07/2022;2500;2500;2500;2500;288
2022-07-06;06/07/2022;2432.5;2500;2432.5;2500;306
2022-07-07;07/07/2022;2587.5;2587.5;2587.5;2587.5;400
2022-07-08;08/07/2022;2437.5;2500;2437.5;2500;142
2022-07-11;11/07/2022;2452.5;2497.5;2452.5;2497.5;84
2022-07-12;12/07/2022;2452.5;2500;2452.5;2500;158
2022-07-13;13/07/2022;2455;2475;2455;2475;2064
2022-07-14;14/07/2022;2475;2475;2475;2475;7680
2022-07-15;15/07/2022;2477.5;2477.5;2477.5;2477.5;66
2022-07-18;18/07/2022;2477.5;2477.5;2477.5;2477.5;1028
2022-07-19;19/07/2022;2477.5;2500;2477.5;2500;182
2022-07-20;20/07/2022;2500;2525;2500;2525;514
2022-07-21;21/07/2022;2525;2547.5;2525;2547.5;570
2022-07-22;22/07/2022;2500;2545;2500;2545;420
2022-07-25;25/07/2022;2500;2525;2500;2525;446
2022-07-26;26/07/2022;2525;2525;2500;2500;7978
2022-07-27;27/07/2022;2502.5;2542.5;2502.5;2542.5;108
2022-07-28;28/07/2022;2502.5;2542.5;2502.5;2542.5;108
2022-07-29;29/07/2022;2532.5;2532.5;2460;2460;3844
2022-08-01;01/08/2022;2462.5;2462.5;2460;2460;948
2022-08-02;02/08/2022;2460;2460;2460;2460;2316
2022-08-03;03/08/2022;2460;2460;2460;2460;2552
2022-08-04;04/08/2022;2460;2460;2392.5;2392.5;230
2022-08-05;05/08/2022;2400;2400;2375;2375;3368
2022-08-08;08/08/2022;2400;2400;2375;2375;3368
2022-08-09;09/08/2022;2375;2375;2352.5;2352.5;1942
2022-08-10;10/08/2022;2375;2375;2350;2350;4308
2022-08-11;11/08/2022;2350;2350;2350;2350;3964
2022-08-12;12/08/2022;2350;2350;2350;2350;396
2022-08-15;15/08/2022;2350;2350;2350;2350;396
2022-08-16;16/08/2022;2347.5;2350;2347.5;2350;868
2022-08-17;17/08/2022;2350;2350;2300;2300;320
2022-08-18;18/08/2022;2300;2350;2300;2350;14094
2022-08-19;19/08/2022;2350;2350;2300;2300;682
2022-08-22;22/08/2022;2200;2300;2200;2300;3996
2022-08-23;23/08/2022;2250;2250;2250;2250;684
2022-08-24;24/08/2022;2200;2225;2200;2225;4574
2022-08-25;25/08/2022;2225;2295;2225;2295;35702
2022-08-26;26/08/2022;2295;2295;2292.5;2292.5;4056
2022-08-29;29/08/2022;2292.5;2295;2292.5;2295;716
2022-08-30;30/08/2022;2180;2250;2180;2250;958
2022-08-31;31/08/2022;2270;2270;2270;2270;3996
2022-09-01;01/09/2022;2225;2225;2200;2200;2050
2022-09-02;02/09/2022;2200;2200;2200;2200;1056
2022-09-05;05/09/2022;2200;2200;2182.5;2182.5;1912
2022-09-06;06/09/2022;2182.5;2182.5;2182.5;2182.5;1228
2022-09-07;07/09/2022;2182.5;2182.5;2155;2155;1152
2022-09-08;08/09/2022;2175;2175;2100;2100;2532
2022-09-09;09/09/2022;2107.5;2150;2107.5;2150;2258
2022-09-12;12/09/2022;2150;2150;2145;2145;890
2022-09-13;13/09/2022;2147.5;2150;2147.5;2150;1124
2022-09-14;14/09/2022;2147.5;2182.5;2147.5;2182.5;65390
2022-09-15;15/09/2022;2100;2172.5;2100;2172.5;6810
2022-09-16;16/09/2022;2185;2300;2185;2300;23104
2022-09-19;19/09/2022;2300;2300;2300;2300;8192
2022-09-20;20/09/2022;2340;2340;2300;2300;13248
2022-09-21;21/09/2022;2350;2425;2350;2425;73632
2022-09-22;22/09/2022;2300;2440;2300;2440;158
2022-09-23;23/09/2022;2262.5;2447.5;2262.5;2447.5;1358
2022-09-26;26/09/2022;2447.5;2447.5;2437.5;2437.5;34182
2022-09-27;27/09/2022;2350;2350;2350;2350;6604
2022-09-28;28/09/2022;2350;2350;2275;2275;12356
2022-09-29;29/09/2022;2275;2275;2250;2250;2888
2022-09-30;30/09/2022;2225;2247.5;2225;2247.5;1172
2022-10-03;03/10/2022;2247.5;2250;2247.5;2250;2312
2022-10-04;04/10/2022;2250;2250;2250;2250;11250
2022-10-05;05/10/2022;2225;2225;2200;2200;958
2022-10-06;06/10/2022;2172.5;2172.5;2152.5;2152.5;4256
2022-10-07;07/10/2022;2200;2200;2200;2200;170
2022-10-10;10/10/2022;2200;2200;2200;2200;1482
2022-10-11;11/10/2022;2200;2200;2200;2200;2206
2022-10-12;12/10/2022;2200;2200;2175;2175;1112
2022-10-13;13/10/2022;2200;2200;2175;2175;3206
2022-10-14;14/10/2022;2175;2175;2172.5;2172.5;966
2022-10-17;17/10/2022;2170;2170;2150;2150;618
2022-10-18;18/10/2022;2150;2150;2150;2150;5060
2022-10-19;19/10/2022;2147.5;2147.5;2147.5;2147.5;31980
2022-10-20;20/10/2022;2147.5;2147.5;2147.5;2147.5;6060
2022-10-21;21/10/2022;2147.5;2147.5;2147.5;2147.5;8024
2022-10-24;24/10/2022;2150;2200;2150;2200;2640
2022-10-25;25/10/2022;2245;2245;2245;2245;594
2022-10-26;26/10/2022;2245;2245;2225;2225;22870
2022-10-27;27/10/2022;2200;2200;2200;2200;11724
2022-10-28;28/10/2022;2200;2200;2097.5;2097.5;16964
2022-10-31;31/10/2022;2200;2200;2097.5;2097.5;16964
2022-11-01;01/11/2022;2100;2100;2100;2100;218
2022-11-02;02/11/2022;2100;2100;2100;2100;3566
2022-11-03;03/11/2022;2100;2100;2097.5;2097.5;1588
2022-11-04;04/11/2022;2097.5;2097.5;2075;2075;19376
2022-11-07;07/11/2022;2075;2075;2075;2075;1200
2022-11-08;08/11/2022;2052.5;2052.5;2047.5;2047.5;27928
2022-11-09;09/11/2022;2000;2050;2000;2050;2370
2022-11-10;10/11/2022;2050;2050;1950;1950;18060
2022-11-11;11/11/2022;1950;1950;1950;1950;5996
2022-11-14;14/11/2022;1950;1950;1950;1950;466
2022-11-15;15/11/2022;1950;1950;1950;1950;466
2022-11-16;16/11/2022;1950;1950;1875;1875;14974
2022-11-17;17/11/2022;1870;1875;1870;1875;23908
2022-11-18;18/11/2022;1870;1870;1850;1850;31186
2022-11-21;21/11/2022;1850;1850;1775;1775;3418
2022-11-22;22/11/2022;1777.5;1787.5;1777.5;1787.5;47642
2022-11-23;23/11/2022;1787.5;1787.5;1787.5;1787.5;26938
2022-11-24;24/11/2022;1787.5;1787.5;1787.5;1787.5;39464
2022-11-25;25/11/2022;1787.5;1787.5;1787.5;1787.5;17214
2022-11-28;28/11/2022;1775;1787.5;1775;1787.5;24574
2022-11-29;29/11/2022;1797.5;1797.5;1797.5;1797.5;1622
2022-11-30;30/11/2022;1797.5;1797.5;1797.5;1797.5;1622
2022-12-01;01/12/2022;1797.5;1797.5;1797.5;1797.5;1622
2022-12-02;02/12/2022;1850;1850;1827.5;1827.5;17044
2022-12-05;05/12/2022;1850;1850;1850;1850;2256
2022-12-06;06/12/2022;1797.5;1850;1797.5;1850;11650
2022-12-07;07/12/2022;1847.5;1847.5;1847.5;1847.5;3258
2022-12-08;08/12/2022;1847.5;1847.5;1800;1800;1990
2022-12-09;09/12/2022;1845;1845;1822.5;1822.5;6996
2022-12-12;12/12/2022;1822.5;1845;1822.5;1845;12314
2022-12-13;13/12/2022;1847.5;1850;1847.5;1850;13222
2022-12-14;14/12/2022;1850;1850;1850;1850;8330
2022-12-15;15/12/2022;1850;1850;1847.5;1847.5;2354
2022-12-16;16/12/2022;1847.5;1880;1847.5;1880;12384
2022-12-19;19/12/2022;1880;1882.5;1880;1882.5;10036
2022-12-20;20/12/2022;1885;1887.5;1885;1887.5;10112
2022-12-21;21/12/2022;1892.5;1892.5;1887.5;1887.5;1452
2022-12-22;22/12/2022;1887.5;1887.5;1870;1870;17034
2022-12-23;23/12/2022;1850;1870;1850;1870;6278
2022-12-26;26/12/2022;1850;1870;1850;1870;6278
2022-12-27;27/12/2022;1865;1865;1850;1850;21782
2022-12-28;28/12/2022;1862.5;1887.5;1862.5;1887.5;11462
2022-12-29;29/12/2022;1887.5;1887.5;1882.5;1882.5;1462
2022-12-30;30/12/2022;1875;1875;1850;1850;4722
2023-01-02;02/01/2023;1850;1850;1850;1850;1590
2023-01-03;03/01/2023;1842.5;1970;1842.5;1970;7036
2023-01-04;04/01/2023;1970;1970;1855;1855;2012
2023-01-05;05/01/2023;1947.5;1947.5;1875;1875;844
2023-01-06;06/01/2023;1900;1937.5;1900;1937.5;4412
2023-01-09;09/01/2023;1932.5;1932.5;1887.5;1887.5;2004
2023-01-10;10/01/2023;1885;1932.5;1885;1932.5;640
2023-01-11;11/01/2023;1932.5;1932.5;1930;1930;942
2023-01-12;12/01/2023;1935;1935;1930;1930;1494
2023-01-13;13/01/2023;1930;1930;1927.5;1927.5;472
2023-01-16;16/01/2023;1927.5;1930;1927.5;1930;1268
2023-01-17;17/01/2023;1925;1927.5;1925;1927.5;1822
2023-01-18;18/01/2023;1927.5;1930;1927.5;1930;2462
2023-01-19;19/01/2023;1930;1947.5;1930;1947.5;3122
2023-01-20;20/01/2023;1947.5;2000;1947.5;2000;9770
2023-01-23;23/01/2023;1995;1997.5;1995;1997.5;1458
2023-01-24;24/01/2023;1950;1950;1950;1950;3040
2023-01-25;25/01/2023;1927.5;1950;1927.5;1950;3504
2023-01-26;26/01/2023;1950;1995;1950;1995;5270
2023-01-27;27/01/2023;1995;1997.5;1995;1997.5;14018
2023-01-30;30/01/2023;1997.5;1997.5;1997.5;1997.5;390
2023-01-31;31/01/2023;1975;1997.5;1975;1997.5;1478
2023-02-01;01/02/2023;1995;1995;1995;1995;914
2023-02-02;02/02/2023;1992.5;1992.5;1990;1990;4976
2023-02-03;03/02/2023;1992.5;1992.5;1992.5;1992.5;2054
2023-02-06;06/02/2023;1992.5;1992.5;1992.5;1992.5;3582
2023-02-07;07/02/2023;1992.5;1992.5;1992.5;1992.5;16270
2023-02-08;08/02/2023;2000;2000;2000;2000;5458
2023-02-09;09/02/2023;2000;2025;2000;2025;1210
2023-02-10;10/02/2023;2025;2072.5;2025;2072.5;4156
2023-02-13;13/02/2023;2072.5;2117.5;2072.5;2117.5;6612
2023-02-14;14/02/2023;2125;2205;2125;2205;5922
2023-02-15;15/02/2023;2205;2205;2195;2195;1860
2023-02-16;16/02/2023;2195;2250;2195;2250;10358
2023-02-17;17/02/2023;2195;2247.5;2195;2247.5;15976
2023-02-20;20/02/2023;2122.5;2195;2122.5;2195;2084
2023-02-21;21/02/2023;2195;2195;2192.5;2192.5;364
2023-02-22;22/02/2023;2185;2195;2185;2195;52034
2023-02-23;23/02/2023;2175;2175;2150;2150;1196
2023-02-24;24/02/2023;2137.5;2137.5;2137.5;2137.5;386
2023-02-27;27/02/2023;2125;2132.5;2125;2132.5;2054
2023-02-28;28/02/2023;2137.5;2137.5;2125;2125;6646
2023-03-01;01/03/2023;2125;2125;2125;2125;368
2023-03-02;02/03/2023;2100;2125;2100;2125;444
2023-03-03;03/03/2023;2125;2125;2125;2125;2426
2023-03-06;06/03/2023;2150;2150;2120;2120;4144
2023-03-07;07/03/2023;2132.5;2277.5;2132.5;2277.5;6406
2023-03-08;08/03/2023;2250;2270;2250;2270;5916
2023-03-09;09/03/2023;2257.5;2300;2257.5;2300;1956
2023-03-10;10/03/2023;2472.5;2472.5;2472.5;2472.5;11490
2023-03-13;13/03/2023;2657.5;2657.5;2600;2600;29186
2023-03-14;14/03/2023;2550;2550;2542.5;2542.5;23004
2023-03-15;15/03/2023;2557.5;2557.5;2557.5;2557.5;8750
2023-03-16;16/03/2023;2550;2550;2547.5;2547.5;9802
2023-03-17;17/03/2023;2540;2557.5;2540;2557.5;17484
2023-03-20;20/03/2023;2550;2550;2542.5;2542.5;27354
2023-03-21;21/03/2023;2542.5;2547.5;2542.5;2547.5;11076
2023-03-22;22/03/2023;2535;2535;2500;2500;10222
2023-03-23;23/03/2023;2535;2535;2525;2525;4660
2023-03-24;24/03/2023;2522.5;2600;2522.5;2600;11774
2023-03-27;27/03/2023;2600;2600;2600;2600;1108
2023-03-28;28/03/2023;2597.5;2597.5;2550;2550;1498
2023-03-29;29/03/2023;2570;2570;2552.5;2552.5;2602
2023-03-30;30/03/2023;2575;2575;2545;2545;5578
2023-03-31;31/03/2023;2575;2575;2575;2575;1660
2023-04-03;03/04/2023;2545;2550;2545;2550;3032
2023-04-04;04/04/2023;2575;2595;2575;2595;7596
2023-04-05;05/04/2023;2592.5;2595;2592.5;2595;2720
2023-04-06;06/04/2023;2595;2600;2595;2600;3782
2023-04-07;07/04/2023;2600;2600;2600;2600;2330
2023-04-10;10/04/2023;2600;2600;2600;2600;2330
2023-04-11;11/04/2023;2600;2600;2600;2600;2408
2023-04-12;12/04/2023;2600;2600;2575;2575;28332
2023-04-13;13/04/2023;2575;2575;2575;2575;26088
2023-04-14;14/04/2023;2575;2575;2575;2575;15356
2023-04-17;17/04/2023;2575;2600;2575;2600;20750
2023-04-18;18/04/2023;2575;2600;2575;2600;20750
2023-04-19;19/04/2023;2600;2612.5;2600;2612.5;42084
2023-04-20;20/04/2023;2587.5;2587.5;2575;2575;7500
2023-04-21;21/04/2023;2587.5;2587.5;2575;2575;7500
2023-04-24;24/04/2023;2575;2575;2575;2575;6348
2023-04-25;25/04/2023;2572.5;2572.5;2547.5;2547.5;12020
2023-04-26;26/04/2023;2130;2295;2130;2295;11980
2023-04-27;27/04/2023;2275;2425;2275;2425;28178
2023-04-28;28/04/2023;2450;2500;2450;2500;4386
2023-05-01;01/05/2023;2450;2500;2450;2500;4386
2023-05-02;02/05/2023;2495;2495;2420;2420;7690
2023-05-03;03/05/2023;2495;2495;2420;2420;7690
2023-05-04;04/05/2023;2350;2400;2350;2400;49916
2023-05-05;05/05/2023;2392.5;2397.5;2392.5;2397.5;20824
2023-05-08;08/05/2023;2305;2400;2305;2400;22206
2023-05-09;09/05/2023;2392.5;2397.5;2392.5;2397.5;37792
2023-05-10;10/05/2023;2395;2395;2395;2395;16634
2023-05-11;11/05/2023;2392.5;2422.5;2392.5;2422.5;7924
2023-05-12;12/05/2023;2400;2412.5;2400;2412.5;24540
2023-05-15;15/05/2023;2400;2422.5;2400;2422.5;9432
2023-05-16;16/05/2023;2422.5;2472.5;2422.5;2472.5;19064
2023-05-17;17/05/2023;2425;2450;2425;2450;12668
2023-05-18;18/05/2023;2425;2450;2425;2450;12668
2023-05-19;19/05/2023;2450;2450;2450;2450;4508
2023-05-22;22/05/2023;2450;2450;2450;2450;18484
2023-05-23;23/05/2023;2450;2475;2450;2475;12658
2023-05-24;24/05/2023;2450;2497.5;2450;2497.5;8920
2023-05-25;25/05/2023;2495;2495;2447.5;2447.5;5222
2023-05-26;26/05/2023;2450;2450;2400;2400;4884
2023-05-29;29/05/2023;2450;2450;2400;2400;4884
2023-05-30;30/05/2023;2400;2470;2400;2470;10918
2023-05-31;31/05/2023;2470;2497.5;2470;2497.5;1512
2023-06-01;01/06/2023;2452.5;2497.5;2452.5;2497.5;5942
2023-06-02;02/06/2023;2497.5;2522.5;2497.5;2522.5;1874
2023-06-05;05/06/2023;2500;2522.5;2500;2522.5;6742
2023-06-06;06/06/2023;2520;2520;2520;2520;7334
2023-06-07;07/06/2023;2517.5;2525;2517.5;2525;3518
2023-06-08;08/06/2023;2547.5;2550;2547.5;2550;9312
2023-06-09;09/06/2023;2550;2575;2550;2575;7610
2023-06-12;12/06/2023;2525;2575;2525;2575;9110
2023-06-13;13/06/2023;2625;2625;2600;2600;33488
2023-06-14;14/06/2023;2625;2657.5;2625;2657.5;5032
2023-06-15;15/06/2023;2650;2657.5;2650;2657.5;201514
2023-06-16;16/06/2023;2650;2700;2650;2700;6264
2023-06-19;19/06/2023;2695;2697.5;2695;2697.5;2178
2023-06-20;20/06/2023;2700;2700;2675;2675;10338
2023-06-21;21/06/2023;2700;2725;2700;2725;4998
2023-06-22;22/06/2023;2722.5;2750;2722.5;2750;4998
2023-06-23;23/06/2023;2745;2750;2745;2750;4606
2023-06-26;26/06/2023;2775;2775;2725;2725;7280
2023-06-27;27/06/2023;2750;2775;2750;2775;1896
2023-06-28;28/06/2023;2750;2775;2750;2775;1896
2023-06-29;29/06/2023;2725;2850;2725;2850;2818
2023-06-30;30/06/2023;2850;2850;2850;2850;3000
2023-07-03;03/07/2023;2847.5;2847.5;2800;2800;6852
2023-07-04;04/07/2023;2775;2775;2750;2750;3176
2023-07-05;05/07/2023;2750;2842.5;2750;2842.5;3294
2023-07-06;06/07/2023;2842.5;2842.5;2800;2800;516
2023-07-07;07/07/2023;2837.5;2837.5;2800;2800;2142
2023-07-10;10/07/2023;2795;2800;2795;2800;5830
2023-07-11;11/07/2023;2800;2800;2800;2800;8406
2023-07-12;12/07/2023;2797.5;2802.5;2797.5;2802.5;2008
2023-07-13;13/07/2023;2802.5;2802.5;2800;2800;654
2023-07-14;14/07/2023;2800;2800;2797.5;2797.5;2352
2023-07-17;17/07/2023;2775;2800;2775;2800;8768
2023-07-18;18/07/2023;2775;2867.5;2775;2867.5;1824
2023-07-19;19/07/2023;2802.5;2862.5;2802.5;2862.5;4580
2023-07-20;20/07/2023;2850;2850;2847.5;2847.5;678
2023-07-21;21/07/2023;2847.5;2847.5;2847.5;2847.5;1248
2023-07-24;24/07/2023;2850;2855;2850;2855;4610
2023-07-25;25/07/2023;2897.5;2990;2897.5;2990;998
2023-07-26;26/07/2023;2950;2950;2947.5;2947.5;116
2023-07-27;27/07/2023;2950;2962.5;2950;2962.5;4306
2023-07-28;28/07/2023;2965;2965;2965;2965;5184
2023-07-31;31/07/2023;2965;3000;2965;3000;3788
2023-08-01;01/08/2023;2997.5;3225;2997.5;3225;2734
2023-08-02;02/08/2023;3200;3200;3170;3170;2268
2023-08-03;03/08/2023;3107.5;3107.5;3107.5;3107.5;1432
2023-08-04;04/08/2023;3102.5;3107.5;3102.5;3107.5;2536
2023-08-07;07/08/2023;3102.5;3107.5;3102.5;3107.5;2536
2023-08-08;08/08/2023;3105;3105;3100;3100;13686
2023-08-09;09/08/2023;3100;3100;3100;3100;786
2023-08-10;10/08/2023;3100;3100;3050;3050;1124
2023-08-11;11/08/2023;3050;3075;3050;3075;6080
2023-08-14;14/08/2023;3050;3050;3022.5;3022.5;394
2023-08-15;15/08/2023;3050;3050;3022.5;3022.5;394
2023-08-16;16/08/2023;3022.5;3022.5;3020;3020;1012
2023-08-17;17/08/2023;3005;3075;3005;3075;6570
2023-08-18;18/08/2023;3075;3075;3075;3075;136
2023-08-21;21/08/2023;3050;3075;3050;3075;2850
2023-08-22;22/08/2023;3075;3107.5;3075;3107.5;8960
2023-08-23;23/08/2023;3100;3107.5;3100;3107.5;7804
2023-08-24;24/08/2023;3075;3100;3075;3100;107340
2023-08-25;25/08/2023;3090;3100;3090;3100;160
2023-08-28;28/08/2023;3100;3100;3100;3100;4524
2023-08-29;29/08/2023;3100;3100;3070;3070;11080
2023-08-30;30/08/2023;3070;3070;3070;3070;984
2023-08-31;31/08/2023;3095;3100;3095;3100;11632
2023-09-01;01/09/2023;3100;3100;3100;3100;2272
2023-09-04;04/09/2023;3100;3100;3100;3100;3166
2023-09-05;05/09/2023;3105;3105;3100;3100;516
2023-09-06;06/09/2023;3100;3105;3100;3105;3192
2023-09-07;07/09/2023;3002.5;3107.5;3002.5;3107.5;18010
2023-09-08;08/09/2023;3105;3105;3100;3100;13726
2023-09-11;11/09/2023;3097.5;3100;3097.5;3100;21822
2023-09-12;12/09/2023;3100;3107.5;3100;3107.5;15818
2023-09-13;13/09/2023;3107.5;3107.5;3107.5;3107.5;5664
2023-09-14;14/09/2023;3105;3105;3100;3100;2930
2023-09-15;15/09/2023;3100;3100;3100;3100;19110
2023-09-18;18/09/2023;3085;3100;3085;3100;18890
2023-09-19;19/09/2023;3100;3100;3097.5;3097.5;3980
2023-09-20;20/09/2023;3075;3075;3075;3075;22358
2023-09-21;21/09/2023;3070;3075;3070;3075;1318
2023-09-22;22/09/2023;3075;3075;3075;3075;3062
2023-09-25;25/09/2023;3075;3075;3075;3075;12678
2023-09-26;26/09/2023;3075;3075;3050;3050;2148
2023-09-27;27/09/2023;3075;3075;3050;3050;2148
2023-09-28;28/09/2023;3075;3100;3075;3100;9220
2023-09-29;29/09/2023;3075;3100;3075;3100;9220
2023-10-02;02/10/2023;3100;3100;3100;3100;574
2023-10-03;03/10/2023;3080;3080;3027.5;3027.5;35434
2023-10-04;04/10/2023;3075;3107.5;3075;3107.5;21858
2023-10-05;05/10/2023;3107.5;3107.5;3107.5;3107.5;6566
2023-10-06;06/10/2023;3107.5;3107.5;3107.5;3107.5;530
2023-10-09;09/10/2023;3100;3107.5;3100;3107.5;1220
2023-10-10;10/10/2023;3107.5;3107.5;3102.5;3102.5;6774
2023-10-11;11/10/2023;3335;3335;3335;3335;74762
2023-10-12;12/10/2023;3500;3575;3500;3575;7954
2023-10-13;13/10/2023;3572.5;3572.5;3522.5;3522.5;4402
2023-10-16;16/10/2023;3500;3500;3447.5;3447.5;3692
2023-10-17;17/10/2023;3447.5;3500;3447.5;3500;15078
2023-10-18;18/10/2023;3447.5;3447.5;3402.5;3402.5;9980
2023-10-19;19/10/2023;3442.5;3492.5;3442.5;3492.5;8918
2023-10-20;20/10/2023;3492.5;3492.5;3375;3375;3092
2023-10-23;23/10/2023;3375;3400;3375;3400;10684
2023-10-24;24/10/2023;3400;3400;3397.5;3397.5;7756
2023-10-25;25/10/2023;3400;3400;3400;3400;1524
2023-10-26;26/10/2023;3400;3400;3375;3375;5976
2023-10-27;27/10/2023;3400;3400;3400;3400;3288
2023-10-30;30/10/2023;3400;3400;3400;3400;7154
2023-10-31;31/10/2023;3400;3400;3397.5;3397.5;8250
2023-11-01;01/11/2023;3400;3400;3397.5;3397.5;8250
2023-11-02;02/11/2023;3400;3400;3350;3350;8786
2023-11-03;03/11/2023;3350;3350;3350;3350;9078
2023-11-06;06/11/2023;3395;3395;3375;3375;4670
2023-11-07;07/11/2023;3375;3375;3375;3375;3576
2023-11-08;08/11/2023;3375;3375;3372.5;3372.5;2248
2023-11-09;09/11/2023;3362.5;3392.5;3362.5;3392.5;2288
2023-11-10;10/11/2023;3392.5;3392.5;3390;3390;5324
2023-11-13;13/11/2023;3392.5;3475;3392.5;3475;23060
2023-11-14;14/11/2023;3390;3472.5;3390;3472.5;4260
2023-11-15;15/11/2023;3390;3472.5;3390;3472.5;4260
2023-11-16;16/11/2023;3475;3475;3440;3440;508
2023-11-17;17/11/2023;3447.5;3465;3447.5;3465;2808
2023-11-20;20/11/2023;3465;3465;3462.5;3462.5;5058
2023-11-21;21/11/2023;3462.5;3462.5;3457.5;3457.5;3668
2023-11-22;22/11/2023;3450;3450;3400;3400;3512
2023-11-23;23/11/2023;3400;3400;3400;3400;9536
2023-11-24;24/11/2023;3400;3400;3400;3400;3614
2023-11-27;27/11/2023;3385;3385;3365;3365;2872
2023-11-28;28/11/2023;3400;3400;3400;3400;928
2023-11-29;29/11/2023;3400;3457.5;3400;3457.5;7066
2023-11-30;30/11/2023;3450;3450;3450;3450;740
2023-12-01;01/12/2023;3472.5;3472.5;3472.5;3472.5;304
2023-12-04;04/12/2023;3450;3495;3450;3495;2206
2023-12-05;05/12/2023;3495;3495;3400;3400;2642
2023-12-06;06/12/2023;3495;3500;3495;3500;7056
2023-12-07;07/12/2023;3500;3500;3500;3500;1576
2023-12-08;08/12/2023;3500;3500;3500;3500;1140
2023-12-11;11/12/2023;3495;3495;3495;3495;5526
2023-12-12;12/12/2023;3450;3450;3450;3450;2512
2023-12-13;13/12/2023;3425;3425;3425;3425;1602
2023-12-14;14/12/2023;3450;3450;3425;3425;1690
2023-12-15;15/12/2023;3422.5;3425;3422.5;3425;1236
2023-12-18;18/12/2023;3425;3447.5;3425;3447.5;2164
2023-12-19;19/12/2023;3425;3497.5;3425;3497.5;5242
2023-12-20;20/12/2023;3500;3500;3500;3500;280
2023-12-21;21/12/2023;3500;3500;3497.5;3497.5;1402
2023-12-22;22/12/2023;3500;3500;3500;3500;1792
2023-12-25;25/12/2023;3500;3500;3500;3500;1792
2023-12-26;26/12/2023;3500;3500;3450;3450;6220
2023-12-27;27/12/2023;3382.5;3475;3382.5;3475;10912
2023-12-28;28/12/2023;3475;3492.5;3475;3492.5;11534
2023-12-29;29/12/2023;3485;3485;3447.5;3447.5;7604
2024-01-01;01/01/2024;3485;3485;3447.5;3447.5;7604
2024-01-02;02/01/2024;3447.5;3447.5;3400;3400;2590
2024-01-03;03/01/2024;3400;3412.5;3400;3412.5;3914
2024-01-04;04/01/2024;3410;3410;3400;3400;4304
2024-01-05;05/01/2024;3400;3400;3375;3375;1998
2024-01-08;08/01/2024;3375;3375;3375;3375;1962
2024-01-09;09/01/2024;3375;3377.5;3375;3377.5;4972
2024-01-10;10/01/2024;3377.5;3410;3377.5;3410;4610
2024-01-11;11/01/2024;3377.5;3400;3377.5;3400;1508
2024-01-12;12/01/2024;3410;3425;3410;3425;828
2024-01-15;15/01/2024;3400;3425;3400;3425;3630
2024-01-16;16/01/2024;3425;3450;3425;3450;1254
2024-01-17;17/01/2024;3450;3472.5;3450;3472.5;514
2024-01-18;18/01/2024;3450;3470;3450;3470;292
2024-01-19;19/01/2024;3425;3470;3425;3470;346
2024-01-22;22/01/2024;3450;3472.5;3450;3472.5;22378
2024-01-23;23/01/2024;3470;3470;3467.5;3467.5;1598
2024-01-24;24/01/2024;3402.5;3475;3402.5;3475;1346
2024-01-25;25/01/2024;3475;3475;3475;3475;738
2024-01-26;26/01/2024;3475;3475;3475;3475;918
2024-01-29;29/01/2024;3475;3475;3475;3475;1506
2024-01-30;30/01/2024;3450;3475;3450;3475;1588
2024-01-31;31/01/2024;3475;3475;3475;3475;6758
2024-02-01;01/02/2024;3475;3475;3475;3475;924
2024-02-02;02/02/2024;3475;3550;3475;3550;4302
2024-02-05;05/02/2024;3550;3550;3537.5;3537.5;3924
2024-02-06;06/02/2024;3537.5;3550;3537.5;3550;9512
2024-02-07;07/02/2024;3500;3550;3500;3550;872
2024-02-08;08/02/2024;3547.5;3550;3547.5;3550;272
2024-02-09;09/02/2024;3550;3600;3550;3600;6994
2024-02-12;12/02/2024;3550;3600;3550;3600;6994
2024-02-13;13/02/2024;3600;3600;3555;3555;6912
2024-02-14;14/02/2024;3555;3700;3555;3700;20940
2024-02-15;15/02/2024;3722.5;3722.5;3700;3700;1346
2024-02-16;16/02/2024;3650;3650;3622.5;3622.5;2716
2024-02-19;19/02/2024;3620;3620;3597.5;3597.5;898
2024-02-20;20/02/2024;3597.5;3597.5;3595;3595;10616
2024-02-21;21/02/2024;3550;3595;3550;3595;1656
2024-02-22;22/02/2024;3595;3595;3592.5;3592.5;1910
2024-02-23;23/02/2024;3595;3600;3595;3600;4520
2024-02-26;26/02/2024;3595;3595;3452.5;3452.5;6974
2024-02-27;27/02/2024;3550;3550;3550;3550;2240
2024-02-28;28/02/2024;3550;3550;3550;3550;5164
2024-02-29;29/02/2024;3550;3600;3550;3600;2584
2024-03-01;01/03/2024;3600;3600;3570;3570;1824
2024-03-04;04/03/2024;3575;3575;3565;3565;7072
2024-03-05;05/03/2024;3570;3595;3570;3595;3294
2024-03-06;06/03/2024;3595;3595;3595;3595;2418
2024-03-07;07/03/2024;3622.5;3622.5;3622.5;3622.5;5954
2024-03-08;08/03/2024;3625;3625;3625;3625;4148
2024-03-11;11/03/2024;3625;3625;3622.5;3622.5;4066
2024-03-12;12/03/2024;3625;3625;3625;3625;1708
2024-03-13;13/03/2024;3627.5;3650;3627.5;3650;1718
2024-03-14;14/03/2024;3640;3640;3640;3640;40
2024-03-15;15/03/2024;3640;3640;3625;3625;1940
2024-03-18;18/03/2024;3632.5;3637.5;3632.5;3637.5;12792
2024-03-19;19/03/2024;3625;3645;3625;3645;7916
2024-03-20;20/03/2024;3645;3650;3645;3650;3002
2024-03-21;21/03/2024;3640;3640;3590;3590;3670
2024-03-22;22/03/2024;3650;3650;3650;3650;7474
2024-03-25;25/03/2024;3625;3640;3625;3640;8924
2024-03-26;26/03/2024;3637.5;3637.5;3635;3635;1764
2024-03-27;27/03/2024;3625;3625;3625;3625;3194
2024-03-28;28/03/2024;3625;3635;3625;3635;1678
2024-03-29;29/03/2024;3637.5;3637.5;3637.5;3637.5;2128
2024-04-01;01/04/2024;3637.5;3637.5;3637.5;3637.5;2128
2024-04-02;02/04/2024;3637.5;3637.5;3625;3625;3850
2024-04-03;03/04/2024;3627.5;3630;3627.5;3630;3048
2024-04-04;04/04/2024;3640;3640;3640;3640;2750
2024-04-05;05/04/2024;3625;3625;3625;3625;3978
2024-04-08;08/04/2024;3622.5;3622.5;3552.5;3552.5;4190
2024-04-09;09/04/2024;3500;3622.5;3500;3622.5;7412
2024-04-10;10/04/2024;3500;3622.5;3500;3622.5;7412
2024-04-11;11/04/2024;3622.5;3622.5;3600;3600;34236
2024-04-12;12/04/2024;3622.5;3637.5;3622.5;3637.5;4526
2024-04-15;15/04/2024;3637.5;3637.5;3625;3625;4350
2024-04-16;16/04/2024;3637.5;3637.5;3622.5;3622.5;9570
2024-04-17;17/04/2024;3622.5;3622.5;3600;3600;9416
2024-04-18;18/04/2024;3600;3600;3600;3600;36100
2024-04-19;19/04/2024;3625;3625;3600;3600;30848
2024-04-22;22/04/2024;3647.5;3647.5;3647.5;3647.5;4654
2024-04-23;23/04/2024;3670;3700;3670;3700;9844
2024-04-24;24/04/2024;3650;3650;3625;3625;11648
2024-04-25;25/04/2024;3430;3497.5;3430;3497.5;7776
2024-04-26;26/04/2024;3497.5;3497.5;3490;3490;9272
2024-04-29;29/04/2024;3490;3490;3420;3420;5368
2024-04-30;30/04/2024;3422.5;3422.5;3420;3420;26058
2024-05-01;01/05/2024;3422.5;3422.5;3420;3420;26058
2024-05-02;02/05/2024;3417.5;3417.5;3375;3375;3854
2024-05-03;03/05/2024;3372.5;3375;3372.5;3375;4310
2024-05-06;06/05/2024;3375;3375;3362.5;3362.5;3320
2024-05-07;07/05/2024;3367.5;3367.5;3357.5;3357.5;5004
2024-05-08;08/05/2024;3345;3345;3300;3300;9814
2024-05-09;09/05/2024;3345;3345;3300;3300;9814
2024-05-10;10/05/2024;3300;3342.5;3300;3342.5;13136
2024-05-13;13/05/2024;3342.5;3342.5;3325;3325;7580
2024-05-14;14/05/2024;3342.5;3435;3342.5;3435;3276
2024-05-15;15/05/2024;3492.5;3550;3492.5;3550;30900
2024-05-16;16/05/2024;3550;3550;3525;3525;10544
2024-05-17;17/05/2024;3500;3500;3497.5;3497.5;1468
2024-05-20;20/05/2024;3500;3500;3497.5;3497.5;1468
2024-05-21;21/05/2024;3497.5;3497.5;3452.5;3452.5;1476
2024-05-22;22/05/2024;3490;3490;3490;3490;5596
2024-05-23;23/05/2024;3487.5;3487.5;3487.5;3487.5;2232
2024-05-24;24/05/2024;3487.5;3500;3487.5;3500;13166
2024-05-27;27/05/2024;3500;3525;3500;3525;5176
2024-05-28;28/05/2024;3547.5;3547.5;3490;3490;3620
2024-05-29;29/05/2024;3490;3490;3490;3490;3238
2024-05-30;30/05/2024;3500;3545;3500;3545;3326
2024-05-31;31/05/2024;3540;3540;3535;3535;2698
2024-06-03;03/06/2024;3497.5;3497.5;3497.5;3497.5;3008
2024-06-04;04/06/2024;3500;3535;3500;3535;4008
2024-06-05;05/06/2024;3497.5;3502.5;3497.5;3502.5;4130
2024-06-06;06/06/2024;3537.5;3537.5;3505;3505;4084
2024-06-07;07/06/2024;3505;3535;3505;3535;2052
2024-06-10;10/06/2024;3550;3550;3535;3535;3300
2024-06-11;11/06/2024;3527.5;3527.5;3525;3525;640
2024-06-12;12/06/2024;3527.5;3535;3527.5;3535;2424
2024-06-13;13/06/2024;3535;3700;3535;3700;4500
2024-06-14;14/06/2024;3600;3750;3600;3750;8724
2024-06-18;18/06/2024;3750;3750;3737.5;3737.5;4316
2024-06-19;19/06/2024;3700;3700;3700;3700;1172
2024-06-20;20/06/2024;3700;3700;3672.5;3672.5;1344
2024-06-21;21/06/2024;3650;3650;3647.5;3647.5;992
2024-06-24;24/06/2024;3647.5;3647.5;3647.5;3647.5;2332
2024-06-25;25/06/2024;3647.5;3650;3647.5;3650;3104
2024-06-26;26/06/2024;3650;3697.5;3650;3697.5;2944
2024-06-27;27/06/2024;3712.5;3712.5;3655;3655;1044
2024-06-28;28/06/2024;3720;3720;3720;3720;1254
2024-07-01;01/07/2024;3717.5;3720;3717.5;3720;674
2024-07-02;02/07/2024;3677.5;3747.5;3677.5;3747.5;3728
2024-07-03;03/07/2024;3747.5;3747.5;3747.5;3747.5;2438
2024-07-04;04/07/2024;3750;3750;3747.5;3747.5;1792
2024-07-05;05/07/2024;3747.5;3747.5;3747.5;3747.5;2166
2024-07-08;08/07/2024;3750;3762.5;3750;3762.5;6278
2024-07-09;09/07/2024;3750;3762.5;3750;3762.5;4942
2024-07-10;10/07/2024;3850;4000;3850;4000;9816
2024-07-11;11/07/2024;4000;4000;4000;4000;1132
2024-07-12;12/07/2024;4000;4000;3990;3990;4382
2024-07-15;15/07/2024;3850;3990;3850;3990;4326
2024-07-16;16/07/2024;3975;3975;3952.5;3952.5;990
2024-07-17;17/07/2024;3952.5;3952.5;3807.5;3807.5;1568
2024-07-18;18/07/2024;3895;3945;3895;3945;3118
2024-07-19;19/07/2024;3945;3945;3875;3875;1652
2024-07-22;22/07/2024;3875;3915;3875;3915;2390
2024-07-23;23/07/2024;3900;3900;3900;3900;510
2024-07-24;24/07/2024;3915;3915;3915;3915;1068
2024-07-25;25/07/2024;3915;3915;3910;3910;246
2024-07-26;26/07/2024;3900;3900;3900;3900;1062
2024-07-29;29/07/2024;3900;3902.5;3900;3902.5;4216
2024-07-30;30/07/2024;3902.5;4050;3902.5;4050;13918
2024-07-31;31/07/2024;4050;4050;3950;3950;4350
2024-08-01;01/08/2024;3975;4200;3975;4200;3666
2024-08-02;02/08/2024;4150;4230;4150;4230;4720
2024-08-05;05/08/2024;4230;4230;4230;4230;2808
2024-08-06;06/08/2024;4230;4230;4225;4225;1450
2024-08-07;07/08/2024;4230;4230;4225;4225;1450
2024-08-08;08/08/2024;4225;4225;4225;4225;4494
2024-08-09;09/08/2024;4225;4372.5;4225;4372.5;4172
2024-08-12;12/08/2024;4375;4422.5;4375;4422.5;5232
2024-08-13;13/08/2024;4420;4475;4420;4475;2692
2024-08-14;14/08/2024;4475;4475;4422.5;4422.5;874
2024-08-15;15/08/2024;4475;4475;4422.5;4422.5;874
2024-08-16;16/08/2024;4422.5;4450;4422.5;4450;10712
2024-08-19;19/08/2024;4250;4250;4245;4245;4394
2024-08-20;20/08/2024;4245;4245;4145;4145;2198
2024-08-21;21/08/2024;4140;4150;4140;4150;4974
2024-08-22;22/08/2024;4150;4172.5;4150;4172.5;2824
2024-08-23;23/08/2024;4172.5;4172.5;4172.5;4172.5;1250
2024-08-26;26/08/2024;4172.5;4172.5;4167.5;4167.5;3068
2024-08-27;27/08/2024;4167.5;4167.5;4165;4165;2592
2024-08-28;28/08/2024;4170;4170;4100;4100;3584
2024-08-29;29/08/2024;4100;4150;4100;4150;3744
2024-08-30;30/08/2024;4147.5;4150;4147.5;4150;2762
2024-09-02;02/09/2024;4150;4225;4150;4225;4668
2024-09-03;03/09/2024;4225;4225;4225;4225;7346
2024-09-04;04/09/2024;4250;4447.5;4250;4447.5;10514
2024-09-05;05/09/2024;4450;4475;4450;4475;8664
2024-09-06;06/09/2024;4480;4480;4450;4450;8536
2024-09-09;09/09/2024;4450;4450;4400;4400;3290
2024-09-10;10/09/2024;4450;4450;4422.5;4422.5;1588
2024-09-11;11/09/2024;4400;4400;4400;4400;7216
2024-09-12;12/09/2024;4422.5;4422.5;4400;4400;2466
2024-09-13;13/09/2024;4400;4420;4400;4420;13042
2024-09-16;16/09/2024;4420;4420;4400;4400;9058
2024-09-17;17/09/2024;4400;4447.5;4400;4447.5;2620
2024-09-18;18/09/2024;4447.5;4447.5;4425;4425;3622
2024-09-19;19/09/2024;4425;4425;4425;4425;1726
2024-09-20;20/09/2024;4425;4425;4347.5;4347.5;2584
2024-09-23;23/09/2024;4345;4345;4300;4300;1694
2024-09-24;24/09/2024;4252.5;4252.5;4250;4250;3242
2024-09-25;25/09/2024;4210;4210;4200;4200;9422
2024-09-26;26/09/2024;4200;4200;4195;4195;7892
2024-09-27;27/09/2024;4200;4200;4195;4195;7648
2024-09-30;30/09/2024;4275;4450;4275;4450;15488
2024-10-01;01/10/2024;4450;4450;4425;4425;21328
2024-10-02;02/10/2024;4425;4475;4425;4475;9794
2024-10-03;03/10/2024;4455;4502.5;4455;4502.5;4234
2024-10-04;04/10/2024;4515;4800;4515;4800;5524
2024-10-07;07/10/2024;4800;5097.5;4800;5097.5;2336
2024-10-08;08/10/2024;5097.5;5097.5;5097.5;5097.5;3736
2024-10-09;09/10/2024;5050;5050;5042.5;5042.5;5208
2024-10-10;10/10/2024;5150;5150;5000;5000;35368
2024-10-11;11/10/2024;5000;5145;5000;5145;7578
2024-10-14;14/10/2024;5027.5;5027.5;5005;5005;8134
2024-10-15;15/10/2024;5010;5050;5010;5050;11132
2024-10-16;16/10/2024;5100;5100;5100;5100;8494
2024-10-17;17/10/2024;5247.5;5350;5247.5;5350;26092
2024-10-18;18/10/2024;5350;5350;5250;5250;4812
2024-10-21;21/10/2024;5225;5250;5225;5250;8136
2024-10-22;22/10/2024;5295;5295;5197.5;5197.5;15338
2024-10-23;23/10/2024;5225;5225;5197.5;5197.5;40992
2024-10-24;24/10/2024;5150;5150;5150;5150;21432
2024-10-25;25/10/2024;5530;5535;5530;5535;18841
2024-10-28;28/10/2024;5895;5895;5820;5820;6225
2024-10-29;29/10/2024;5950;5950;5800;5800;12056
2024-10-30;30/10/2024;5800;5800;5695;5695;5524
2024-10-31;31/10/2024;5700;5700;5700;5700;6873
2024-11-01;01/11/2024;5700;5700;5700;5700;6873
2024-11-04;04/11/2024;5695;5695;5530;5530;3189
2024-11-05;05/11/2024;5500;5500;5245;5245;12606
2024-11-06;06/11/2024;5100;5100;5100;5100;2038
2024-11-07;07/11/2024;5100;5100;5095;5095;3619
2024-11-08;08/11/2024;5100;5200;5100;5200;4871
2024-11-11;11/11/2024;5175;5175;5000;5000;2922
2024-11-12;12/11/2024;5050;5050;4785;4785;2908
2024-11-13;13/11/2024;4785;4800;4785;4800;1526
2024-11-14;14/11/2024;4800;5050;4800;5050;2934
2024-11-15;15/11/2024;4800;5050;4800;5050;2934
2024-11-18;18/11/2024;5050;5050;5050;5050;4197
2024-11-19;19/11/2024;5050;5080;5050;5080;2928
2024-11-20;20/11/2024;5100;5240;5100;5240;955
2024-11-21;21/11/2024;5055;5055;5000;5000;8294
2024-11-22;22/11/2024;5000;5120;5000;5120;2772
2024-11-25;25/11/2024;5150;5150;5000;5000;6376
2024-11-26;26/11/2024;5100;5100;5080;5080;818
2024-11-27;27/11/2024;5080;5080;5000;5000;820
2024-11-28;28/11/2024;5050;5050;5010;5010;969
2024-11-29;29/11/2024;5010;5010;5000;5000;2525
2024-12-02;02/12/2024;4995;4995;4800;4800;3280
2024-12-03;03/12/2024;4895;4895;4800;4800;1377
2024-12-04;04/12/2024;4750;4750;4695;4695;3087
2024-12-05;05/12/2024;4690;4690;4600;4600;1865
2024-12-06;06/12/2024;4695;4695;4600;4600;1286
2024-12-09;09/12/2024;4550;4640;4550;4640;15293
2024-12-10;10/12/2024;4640;4640;4640;4640;1820
2024-12-11;11/12/2024;4695;4795;4695;4795;591
2024-12-12;12/12/2024;4750;4900;4750;4900;1218
2024-12-13;13/12/2024;4950;4970;4950;4970;563
2024-12-16;16/12/2024;5000;5000;4995;4995;1263
2024-12-17;17/12/2024;4960;4960;4750;4750;1890
2024-12-18;18/12/2024;4805;4995;4805;4995;4022
2024-12-19;19/12/2024;4990;4990;4990;4990;1200
2024-12-20;20/12/2024;4990;4995;4990;4995;1615
2024-12-23;23/12/2024;4990;4995;4990;4995;423
2024-12-24;24/12/2024;5000;5000;5000;5000;1185
2024-12-25;25/12/2024;5000;5000;5000;5000;1185
2024-12-26;26/12/2024;5000;5000;5000;5000;2530
2024-12-27;27/12/2024;5000;5000;5000;5000;2387
2024-12-30;30/12/2024;4995;5000;4995;5000;2916
2024-12-31;31/12/2024;4995;4995;4995;4995;3962
2025-01-01;01/01/2025;4995;4995;4995;4995;3962
2025-01-02;02/01/2025;4995;4995;4995;4995;2536
2025-01-03;03/01/2025;4800;4995;4800;4995;568
2025-01-06;06/01/2025;4990;4990;4990;4990;1147
2025-01-07;07/01/2025;4990;4990;4990;4990;1755
2025-01-08;08/01/2025;4990;4990;4990;4990;518
2025-01-09;09/01/2025;4815;4985;4815;4985;3122
2025-01-10;10/01/2025;4985;4985;4985;4985;2130
2025-01-13;13/01/2025;4980;4980;4960;4960;406
2025-01-14;14/01/2025;4960;4960;4850;4850;1469
2025-01-15;15/01/2025;4855;4885;4855;4885;3911
2025-01-16;16/01/2025;4885;4885;4885;4885;1170
2025-01-17;17/01/2025;4885;4885;4855;4855;1276
2025-01-20;20/01/2025;4855;4855;4855;4855;1460
2025-01-21;21/01/2025;4860;4860;4860;4860;549
2025-01-22;22/01/2025;4855;4860;4855;4860;822
2025-01-23;23/01/2025;4850;4850;4730;4730;8994
2025-01-24;24/01/2025;4660;4725;4660;4725;7627
2025-01-27;27/01/2025;4720;4720;4705;4705;721
2025-01-28;28/01/2025;4705;4705;4705;4705;2739
2025-01-29;29/01/2025;4700;4715;4700;4715;2777
2025-01-30;30/01/2025;4720;4720;4600;4600;5746
2025-01-31;31/01/2025;4600;4650;4600;4650;1831
2025-02-03;03/02/2025;4600;4695;4600;4695;1035
2025-02-04;04/02/2025;4695;4695;4600;4600;4635
2025-02-05;05/02/2025;4600;4695;4600;4695;883
2025-02-06;06/02/2025;4610;4710;4610;4710;5497
2025-02-07;07/02/2025;4710;4795;4710;4795;6069
2025-02-10;10/02/2025;4795;4795;4755;4755;2601
2025-02-11;11/02/2025;4755;4755;4610;4610;6495
2025-02-12;12/02/2025;4855;4855;4800;4800;1186
2025-02-13;13/02/2025;4840;4845;4840;4845;2248
2025-02-14;14/02/2025;4840;4845;4840;4845;5941
2025-02-17;17/02/2025;4850;4900;4850;4900;2862
2025-02-18;18/02/2025;4990;4990;4985;4985;699
2025-02-19;19/02/2025;4995;5100;4995;5100;10234
2025-02-20;20/02/2025;5100;5375;5100;5375;3723
2025-02-21;21/02/2025;5360;5690;5360;5690;4441
2025-02-24;24/02/2025;5680;5950;5680;5950;6120
2025-02-25;25/02/2025;5990;5990;5895;5895;6184
2025-02-26;26/02/2025;5890;5890;5800;5800;4968
2025-02-28;28/02/2025;5795;5795;5780;5780;8033
2025-03-03;03/03/2025;5740;5740;5700;5700;5833
2025-03-04;04/03/2025;5750;5750;5700;5700;7378
2025-03-05;05/03/2025;5700;5700;5690;5690;1484
2025-03-06;06/03/2025;5675;5675;5670;5670;4681
2025-03-07;07/03/2025;5670;5685;5670;5685;3947
2025-03-10;10/03/2025;5605;5685;5605;5685;1975
2025-03-11;11/03/2025;5685;5700;5685;5700;3660
2025-03-12;12/03/2025;5700;5700;5700;5700;14553
2025-03-13;13/03/2025;5700;5700;5680;5680;3458
2025-03-14;14/03/2025;5700;5700;5700;5700;5489
2025-03-17;17/03/2025;5800;5800;5775;5775;431
2025-03-18;18/03/2025;5775;6125;5775;6125;8069
2025-03-19;19/03/2025;5700;6105;5700;6105;15135
2025-03-20;20/03/2025;6125;6125;6095;6095;4328
2025-03-21;21/03/2025;6105;6125;6105;6125;4955
2025-03-24;24/03/2025;6125;6125;6100;6100;6645
2025-03-25;25/03/2025;6150;6150;6100;6100;5843
2025-03-26;26/03/2025;6100;6110;6100;6110;1297
2025-03-27;27/03/2025;6100;6110;6100;6110;1297
2025-03-28;28/03/2025;6110;6110;6110;6110;15374
2025-03-31;31/03/2025;6110;6110;6110;6110;15374
2025-04-01;01/04/2025;6110;6110;6010;6010;2879
2025-04-02;02/04/2025;6100;6100;6090;6090;5276
2025-04-03;03/04/2025;6100;6100;6090;6090;8694
2025-04-04;04/04/2025;6000;6000;6000;6000;6077
2025-04-07;07/04/2025;5850;6000;5850;6000;12654
2025-04-08;08/04/2025;6000;6000;5985;5985;2838
2025-04-09;09/04/2025;5830;5830;5605;5605;2644
2025-04-10;10/04/2025;5890;5890;5800;5800;2032
2025-04-11;11/04/2025;5900;5950;5900;5950;2758
2025-04-14;14/04/2025;5980;6000;5980;6000;1347
2025-04-15;15/04/2025;5950;5995;5950;5995;1172
2025-04-16;16/04/2025;5905;6000;5905;6000;3290
2025-04-17;17/04/2025;5995;5995;5995;5995;1974
2025-04-18;18/04/2025;6000;6000;5990;5990;917
2025-04-21;21/04/2025;6000;6000;5990;5990;917
2025-04-22;22/04/2025;5990;6000;5990;6000;2903
2025-04-23;23/04/2025;6000;6100;6000;6100;25685
2025-04-24;24/04/2025;6100;6100;6100;6100;4305
2025-04-25;25/04/2025;6095;6095;6095;6095;4187
2025-04-28;28/04/2025;6150;6150;6060;6060;10131
2025-04-29;29/04/2025;6055;6090;6055;6090;7681
2025-04-30;30/04/2025;6060;6100;6060;6100;2632
2025-05-01;01/05/2025;6060;6100;6060;6100;2632
2025-05-02;02/05/2025;6090;6100;6090;6100;5229
2025-05-05;05/05/2025;6095;6095;6050;6050;1654
2025-05-06;06/05/2025;6095;6095;6050;6050;4294
2025-05-07;07/05/2025;6085;6095;6085;6095;3633
2025-05-08;08/05/2025;6095;6200;6095;6200;2736
2025-05-09;09/05/2025;6200;6245;6200;6245;4349
2025-05-12;12/05/2025;6250;6255;6250;6255;23070
2025-05-13;13/05/2025;6255;6255;6250;6250;3789
2025-05-14;14/05/2025;6245;6245;6200;6200;4005
2025-05-15;15/05/2025;6200;6200;6125;6125;3235
2025-05-16;16/05/2025;5990;5990;5990;5990;2107
2025-05-19;19/05/2025;6200;6200;6105;6105;10647
2025-05-20;20/05/2025;6105;6105;5990;5990;2893
2025-05-21;21/05/2025;5900;5900;5900;5900;4160
2025-05-22;22/05/2025;5840;5840;5800;5800;10999
2025-05-23;23/05/2025;5800;5950;5800;5950;2012
2025-05-26;26/05/2025;5950;5950;5950;5950;9511
2025-05-27;27/05/2025;5995;5995;5990;5990;2447
2025-05-28;28/05/2025;5990;5990;5940;5940;4094
2025-05-29;29/05/2025;5990;5990;5940;5940;4094
2025-05-30;30/05/2025;5950;5950;5950;5950;7996
2025-06-02;02/06/2025;5950;5950;5950;5950;2852
2025-06-03;03/06/2025;5950;5950;5750;5750;7968
2025-06-04;04/06/2025;5800;5805;5800;5805;4114
2025-06-05;05/06/2025;5860;5860;5800;5800;2980
2025-06-10;10/06/2025;5800;6000;5800;6000;26087
2025-06-11;11/06/2025;5955;6105;5955;6105;1610
2025-06-12;12/06/2025;6050;6190;6050;6190;4344
2025-06-13;13/06/2025;6120;6120;6005;6005;14141
2025-06-16;16/06/2025;6190;6190;6010;6010;8886
2025-06-17;17/06/2025;6010;6100;6010;6100;19680
2025-06-18;18/06/2025;6200;6295;6200;6295;4695
2025-06-19;19/06/2025;6295;6295;6120;6120;3120
2025-06-20;20/06/2025;6285;6300;6285;6300;1652
2025-06-23;23/06/2025;6285;6295;6285;6295;1397
2025-06-24;24/06/2025;6150;6150;6150;6150;4387
2025-06-25;25/06/2025;6150;6150;6120;6120;33170
2025-06-26;26/06/2025;6290;6290;6150;6150;6597
2025-06-27;27/06/2025;6020;6140;6020;6140;4460
2025-06-30;30/06/2025;6140;6140;6120;6120;1974
2025-07-01;01/07/2025;6140;6140;6100;6100;953
2025-07-02;02/07/2025;6100;6120;6100;6120;22794
2025-07-03;03/07/2025;6120;6120;5920;5920;1688
2025-07-04;04/07/2025;5990;6000;5990;6000;2151
2025-07-07;07/07/2025;5900;6000;5900;6000;7096
2025-07-08;08/07/2025;6000;6000;5960;5960;1715
2025-07-09;09/07/2025;5955;5990;5955;5990;3226
2025-07-10;10/07/2025;5995;5995;5995;5995;2726
2025-07-11;11/07/2025;5995;5995;5995;5995;9429
2025-07-14;14/07/2025;5995;6000;5995;6000;9257
2025-07-15;15/07/2025;6000;6000;6000;6000;3355
2025-07-16;16/07/2025;6000;6000;5990;5990;1838
2025-07-17;17/07/2025;6000;6000;6000;6000;10263
2025-07-18;18/07/2025;6000;6000;6000;6000;1566
2025-07-21;21/07/2025;5965;6000;5965;6000;1124
2025-07-22;22/07/2025;6000;6000;5995;5995;4748
2025-07-23;23/07/2025;6000;6000;5990;5990;2601
2025-07-24;24/07/2025;5990;5990;5990;5990;1811
2025-07-25;25/07/2025;5990;5995;5990;5995;1709
2025-07-28;28/07/2025;5995;5995;5995;5995;4837
2025-07-29;29/07/2025;5995;6000;5995;6000;1871
2025-07-30;30/07/2025;5995;6000;5995;6000;7076
2025-07-31;31/07/2025;5995;5995;5995;5995;2025
2025-08-01;01/08/2025;5995;5995;5995;5995;1652
2025-08-04;04/08/2025;5990;5990;5990;5990;3665
2025-08-05;05/08/2025;5990;5990;5990;5990;2404
2025-08-06;06/08/2025;5990;6000;5990;6000;4123
2025-08-07;07/08/2025;5990;6000;5990;6000;4123
2025-08-08;08/08/2025;6000;6000;6000;6000;4327
2025-08-11;11/08/2025;6000;6050;6000;6050;6983
2025-08-12;12/08/2025;6095;6100;6095;6100;12711
2025-08-13;13/08/2025;6100;6200;6100;6200;8977
2025-08-14;14/08/2025;6195;6195;6150;6150;928
2025-08-15;15/08/2025;6195;6195;6150;6150;928
2025-08-18;18/08/2025;6200;6200;6200;6200;4131
2025-08-19;19/08/2025;6270;6325;6270;6325;3213
2025-08-20;20/08/2025;6400;6400;6395;6395;3008
2025-08-21;21/08/2025;6400;6450;6400;6450;1822
2025-08-22;22/08/2025;6450;6450;6435;6435;7155
2025-08-25;25/08/2025;6435;6435;6390;6390;8380
2025-08-26;26/08/2025;6390;6480;6390;6480;6238
2025-08-27;27/08/2025;6480;6495;6480;6495;1976
2025-08-28;28/08/2025;6495;6495;6490;6490;2709
2025-08-29;29/08/2025;6490;6490;6490;6490;2633
2025-09-01;01/09/2025;6490;6490;6475;6475;4685
2025-09-02;02/09/2025;6475;6475;6450;6450;2185
2025-09-03;03/09/2025;6450;6450;6445;6445;3124
2025-09-04;04/09/2025;6450;6450;6445;6445;3124
2025-09-05;05/09/2025;6400;6550;6400;6550;6704
2025-09-08;08/09/2025;6585;6830;6585;6830;2973
2025-09-09;09/09/2025;6830;6995;6830;6995;2322
2025-09-10;10/09/2025;6995;6995;6990;6990;1706
2025-09-11;11/09/2025;6995;6995;6995;6995;4517
2025-09-12;12/09/2025;6995;6995;6990;6990;2098
2025-09-15;15/09/2025;6990;6990;6985;6985;6348
2025-09-16;16/09/2025;6985;6990;6985;6990;2055
2025-09-17;17/09/2025;6990;7510;6990;7510;4151
2025-09-18;18/09/2025;7505;7505;7500;7500;2700
2025-09-19;19/09/2025;7500;7500;7500;7500;5207
2025-09-22;22/09/2025;7500;7510;7500;7510;3197
2025-09-23;23/09/2025;7500;7500;7500;7500;3135
2025-09-24;24/09/2025;7500;7500;7495;7495;4347
2025-09-25;25/09/2025;7495;7495;7485;7485;3675
2025-09-26;26/09/2025;7415;7500;7415;7500;8598
2025-09-29;29/09/2025;7500;7500;7400;7400;6276
2025-09-30;30/09/2025;7395;7395;7375;7375;2784
2025-10-01;01/10/2025;7370;7370;7305;7305;10659
2025-10-02;02/10/2025;7300;7400;7300;7400;1637
2025-10-03;03/10/2025;7400;7480;7400;7480;6116
2025-10-06;06/10/2025;7410;7410;7400;7400;2909
2025-10-07;07/10/2025;7400;7400;7390;7390;4330
2025-10-08;08/10/2025;7390;7390;7350;7350;1432
2025-10-09;09/10/2025;7350;7350;7350;7350;5800
2025-10-10;10/10/2025;7300;7310;7300;7310;3681
2025-10-13;13/10/2025;7310;7330;7310;7330;2916
2025-10-14;14/10/2025;7310;7350;7310;7350;9329
2025-10-15;15/10/2025;7350;7350;7300;7300;5443
2025-10-16;16/10/2025;7300;7300;7270;7270;5419
2025-10-17;17/10/2025;7250;7290;7250;7290;14000
2025-10-20;20/10/2025;7290;7290;7285;7285;9220
2025-10-21;21/10/2025;7285;7285;7285;7285;9912
2025-10-22;22/10/2025;7290;7290;7290;7290;10072
2025-10-23;23/10/2025;7290;7290;7290;7290;3217
2025-10-24;24/10/2025;7290;7290;7200;7200;12281
2025-10-27;27/10/2025;7200;7200;7195;7195;13670
2025-10-28;28/10/2025;7195;7195;7150;7150;3066
2025-10-29;29/10/2025;7150;7150;7145;7145;4169
2025-10-30;30/10/2025;7060;7110;7060;7110;5017
2025-10-31;31/10/2025;7110;7150;7110;7150;5180
2025-11-03;03/11/2025;7095;7095;6960;6960;9141
2025-11-04;04/11/2025;6950;6950;6900;6900;7056
2025-11-05;05/11/2025;6800;6900;6800;6900;8748
2025-11-06;06/11/2025;6900;7200;6900;7200;16213
2025-11-07;07/11/2025;7060;7060;7060;7060;0
2025-11-10;10/11/2025;7190;7190;7050;7050;7783
2025-11-11;11/11/2025;7045;7185;7045;7185;3219
2025-11-12;12/11/2025;7185;7185;7180;7180;6166
2025-11-13;13/11/2025;7180;7250;7180;7250;1642
2025-11-14;14/11/2025;7200;7250;7200;7250;1994
2025-11-17;17/11/2025;7250;7250;7250;7250;1560
2025-11-18;18/11/2025;7140;7140;7105;7105;10599
2025-11-19;19/11/2025;7200;7250;7200;7250;220662
2025-11-20;20/11/2025;7295;7295;7295;7295;5372
2025-11-21;21/11/2025;7300;7300;7300;7300;2582
2025-11-24;24/11/2025;7300;7300;7295;7295;1762
2025-11-25;25/11/2025;7295;7295;7295;7295;5960
2025-11-26;26/11/2025;7290;7290;7290;7290;5343
2025-11-27;27/11/2025;7250;7250;7105;7105;2501
2025-11-28;28/11/2025;7105;7250;7105;7250;893
2025-12-01;01/12/2025;7250;7250;7245;7245;2028
2025-12-02;02/12/2025;7295;7295;7245;7245;5054
2025-12-03;03/12/2025;7200;7200;7200;7200;2635
2025-12-04;04/12/2025;7200;7200;7195;7195;752
2025-12-05;05/12/2025;7200;7200;7200;7200;1093
2025-12-08;08/12/2025;7000;7140;7000;7140;2989
2025-12-09;09/12/2025;7140;7140;7100;7100;1547
2025-12-10;10/12/2025;7100;7100;7100;7100;2892
2025-12-11;11/12/2025;7090;7185;7090;7185;1469
2025-12-12;12/12/2025;7150;7175;7150;7175;2012
2025-12-15;15/12/2025;7100;7100;7100;7100;2510
2025-12-16;16/12/2025;7090;7175;7090;7175;2168
2025-12-17;17/12/2025;7175;7175;7165;7165;2257
2025-12-18;18/12/2025;7175;7175;7000;7000;2457
2025-12-19;19/12/2025;7140;7150;7140;7150;1709
2025-12-22;22/12/2025;7100;7100;7090;7090;6502
2025-12-23;23/12/2025;7150;7150;7090;7090;2150
2025-12-24;24/12/2025;7100;7100;7100;7100;1027
2025-12-25;25/12/2025;7100;7100;7100;7100;1027
2025-12-26;26/12/2025;7105;7150;7105;7150;541
2025-12-29;29/12/2025;7100;7150;7100;7150;3529
2025-12-30;30/12/2025;7150;7180;7150;7180;1170
2025-12-31;31/12/2025;7180;7180;7180;7180;1637
2026-01-01;01/01/2026;7180;7180;7180;7180;1637
2026-01-02;02/01/2026;7180;7180;7180;7180;728
2026-01-05;05/01/2026;7175;7175;7120;7120;1768
2026-01-06;06/01/2026;7100;7105;7100;7105;3008
2026-01-07;07/01/2026;7105;7190;7105;7190;2842
2026-01-08;08/01/2026;7150;7190;7150;7190;801
2026-01-09;09/01/2026;7180;7190;7180;7190;1334
2026-01-12;12/01/2026;7190;7190;7185;7185;1048
2026-01-13;13/01/2026;7180;7185;7180;7185;2063
2026-01-14;14/01/2026;7185;7185;7180;7180;1077
2026-01-15;15/01/2026;7185;7185;7185;7185;1861
2026-01-16;16/01/2026;7185;7185;7185;7185;2967
2026-01-19;19/01/2026;7185;7185;7180;7180;3023
2026-01-20;20/01/2026;7150;7185;7150;7185;18734
2026-01-21;21/01/2026;7180;7180;7180;7180;3952
2026-01-22;22/01/2026;7180;7180;7180;7180;15254
2026-01-23;23/01/2026;7185;7190;7185;7190;8084
2026-01-26;26/01/2026;7185;7185;7175;7175;5298
2026-01-27;27/01/2026;7175;7175;7175;7175;5025
2026-01-28;28/01/2026;7175;7175;7175;7175;10436
2026-01-29;29/01/2026;7170;7200;7170;7200;24989
2026-01-30;30/01/2026;7200;7200;7200;7200;8817
2026-02-02;02/02/2026;7200;7200;7190;7190;10994
2026-02-03;03/02/2026;7185;7185;7180;7180;5028
2026-02-04;04/02/2026;7180;7190;7180;7190;8487
2026-02-05;05/02/2026;7195;7200;7195;7200;5169
2026-02-06;06/02/2026;7340;7340;7250;7250;9464
2026-02-09;09/02/2026;7250;7250;7250;7250;5127
2026-02-10;10/02/2026;7300;7300;7295;7295;24246
2026-02-11;11/02/2026;7295;7500;7295;7500;49396
2026-02-12;12/02/2026;7500;7500;7400;7400;2837
2026-02-13;13/02/2026;7350;7400;7350;7400;4796
2026-02-16;16/02/2026;7400;7600;7400;7600;10989
2026-02-17;17/02/2026;7550;7550;7500;7500;15201
2026-02-18;18/02/2026;7400;7600;7400;7600;14007
2026-02-19;19/02/2026;7500;7500;7500;7500;11121
2026-02-20;20/02/2026;7500;7800;7500;7800;60450
2026-02-23;23/02/2026;7700;7820;7700;7820;16492
2026-02-24;24/02/2026;7820;7825;7820;7825;15585
2026-02-25;25/02/2026;7810;7900;7810;7900;30278
2026-02-26;26/02/2026;7890;7950;7890;7950;26421
2026-02-27;27/02/2026;7900;7900;7900;7900;31361
2026-03-02;02/03/2026;7950;7950;7900;7900;9332
2026-03-03;03/03/2026;7950;8000;7950;8000;5829
2026-03-04;04/03/2026;8050;8050;8010;8010;15632
2026-03-05;05/03/2026;8200;8295;8200;8295;8028
2026-03-06;06/03/2026;8250;8300;8250;8300;8688
2026-03-09;09/03/2026;8300;8600;8300;8600;24692
2026-03-10;10/03/2026;8600;8700;8600;8700;7038
2026-03-11;11/03/2026;9000;9000;8895;8895;10661
2026-03-12;12/03/2026;8900;9000;8900;9000;18556
2026-03-13;13/03/2026;8995;8995;8995;8995;3000
2026-03-16;16/03/2026;8995;8995;8995;8995;3000
2026-03-17;17/03/2026;8995;8995;8900;8900;4261
2026-03-18;18/03/2026;8900;8940;8900;8940;3767
2026-03-19;19/03/2026;8940;8940;8700;8700;6713
2026-03-20;20/03/2026;8940;8940;8700;8700;6713
2026-03-23;23/03/2026;8710;8790;8710;8790;3959
2026-03-24;24/03/2026;8790;8790;8700;8700;7514
2026-03-25;25/03/2026;8700;8750;8700;8750;5525
2026-03-26;26/03/2026;8750;8750;8500;8500;22706
2026-03-27;27/03/2026;8500;8700;8500;8700;12345
2026-03-30;30/03/2026;8105;8105;8100;8100;90930
2026-03-31;31/03/2026;8200;8395;8200;8395;91494
2026-04-01;01/04/2026;8500;8500;8500;8500;17590
2026-04-02;02/04/2026;8500;8500;8500;8500;6891
2026-04-03;03/04/2026;8500;8500;8495;8495;5103
2026-04-06;06/04/2026;8500;8500;8495;8495;5103
2026-04-07;07/04/2026;8500;8500;8395;8395;85824
2026-04-08;08/04/2026;8390;8390;8380;8380;26580
2026-04-09;09/04/2026;8400;8480;8400;8480;6213
2026-04-10;10/04/2026;8485;8485;8485;8485;7493
2026-04-13;13/04/2026;8500;8500;8500;8500;13208
2026-04-14;14/04/2026;8505;8505;8500;8500;31865
2026-04-15;15/04/2026;8500;8500;8400;8400;10078
2026-04-16;16/04/2026;8400;8400;8400;8400;28381
2026-04-17;17/04/2026;8450;8600;8450;8600;11645
2026-04-20;20/04/2026;8600;8695;8600;8695;58194
2026-04-21;21/04/2026;8600;8600;8495;8495;24306
2026-04-22;22/04/2026;8500;8500;8500;8500;22152
2026-04-23;23/04/2026;8500;8500;8500;8500;13975
2026-04-24;24/04/2026;8500;8600;8500;8600;2418
2026-04-27;27/04/2026;8615;8750;8615;8750;7906
2026-04-28;28/04/2026;8800;8965;8800;8965;7090
2026-04-29;29/04/2026;8995;9195;8995;9195;12549
2026-04-30;30/04/2026;9195;9195;9190;9190;7759
2026-05-01;01/05/2026;9195;9195;9190;9190;7759
2026-05-04;04/05/2026;9190;9435;9190;9435;9437
2026-05-05;05/05/2026;8900;8900;8850;8850;23204
2026-05-06;06/05/2026;8850;8850;8785;8785;12058
2026-05-07;07/05/2026;8780;8780;8650;8650;7105
2026-05-08;08/05/2026;8650;8705;8650;8705;8623
2026-05-11;11/05/2026;8700;8700;8650;8650;9311
2026-05-12;12/05/2026;8655;8655;8585;8585;7396
2026-05-13;13/05/2026;8585;8600;8585;8600;11731
2026-05-14;14/05/2026;8585;8600;8585;8600;11731
2026-05-15;15/05/2026;8650;8650;8630;8630;14244
2026-05-18;18/05/2026;8630;8655;8630;8655;11322
2026-05-19;19/05/2026;8655;8795;8655;8795;3685
2026-05-20;20/05/2026;8800;8800;8800;8800;8942
2026-05-21;21/05/2026;8850;8880;8850;8880;5467
2026-05-22;22/05/2026;8850;8870;8850;8870;4515
2026-05-25;25/05/2026;8850;8870;8850;8870;4515
2026-05-26;26/05/2026;8850;8850;8825;8825;4991
2026-05-27;27/05/2026;8850;8850;8825;8825;4991
2026-05-28;28/05/2026;8840;8845;8840;8845;9075
2026-05-29;29/05/2026;8885;8885;8845;8845;19047
2026-06-01;01/06/2026;8890;8995;8890;8995;18231
2026-06-02;02/06/2026;8840;8840;8800;8800;19062
2026-06-03;03/06/2026;8790;8895;8790;8895;7894
2026-06-04;04/06/2026;8895;8895;8840;8840;9814
2026-06-05;05/06/2026;8840;8880;8840;8880;9964
2026-06-08;08/06/2026;8880;8900;8880;8900;7247
2026-06-09;09/06/2026;8900;8900;8890;8890;12844
2026-06-10;10/06/2026;9000;9000;8805;8805;13171
2026-06-11;11/06/2026;8810;8900;8810;8900;7708
2026-06-12;12/06/2026;8900;8950;8900;8950;10358
2026-06-15;15/06/2026;8950;8950;8915;8915;3258
2026-06-16;16/06/2026;8950;8970;8950;8970;7589
2026-06-17;17/06/2026;9000;9090;9000;9090;9473
2026-06-18;18/06/2026;9090;9090;9055;9055;8989
2026-06-19;19/06/2026;9500;9500;9350;9350;5157
2026-06-22;22/06/2026;9350;9350;9200;9200;41181
2026-06-23;23/06/2026;9200;9250;9200;9250;15167
2026-06-24;24/06/2026;9250;9250;9100;9100;4823
2026-06-25;25/06/2026;9155;9155;9100;9100;16671
2026-06-26;26/06/2026;9200;9200;9100;9100;22017
2026-06-29;29/06/2026;9100;9395;9100;9395;37061
2026-06-30;30/06/2026;9400;9450;9400;9450;19595
2026-07-01;01/07/2026;9500;9500;9395;9395;22017
2026-07-02;02/07/2026;9395;9395;9300;9300;25493
2026-07-03;03/07/2026;9350;9350;9200;9200;6435
2026-07-06;06/07/2026;9195;9200;9195;9200;6366
2026-07-07;07/07/2026;9200;9250;9200;9250;5047
2026-07-08;08/07/2026;9270;9490;9270;9490;9123
2026-07-09;09/07/2026;9490;9490;9425;9425;7878
2026-07-10;10/07/2026;9485;9500;9485;9500;10587
2026-07-13;13/07/2026;9505;9620;9505;9620;5009
2026-07-14;14/07/2026;9735;9750;9735;9750;16287
2026-07-15;15/07/2026;9750;9750;9650;9650;10538
2026-07-16;16/07/2026;9700;9720;9700;9720;3057
2026-07-17;17/07/2026;9720;9745;9720;9745;1647
2026-07-20;20/07/2026;9745;9760;9745;9760;1038
