date_iso;date_fr;open;high;low;close;volume
2006-09-15;15/09/2006;1273.75;1273.75;1273.75;1273.75;8
2006-09-26;26/09/2006;1273.75;1273.75;1273.75;1273.75;6
2006-11-06;06/11/2006;1274.375;1274.375;1274.375;1274.375;65
2006-11-10;10/11/2006;1274.375;1274.375;1274.375;1274.375;16
2006-11-23;23/11/2006;1273.75;1273.75;1273.75;1273.75;96
2006-12-08;08/12/2006;1273.75;1273.75;1273.75;1273.75;19
2006-12-14;14/12/2006;1273.75;1273.75;1273.75;1273.75;28
2006-12-15;15/12/2006;1298.125;1298.125;1298.125;1298.125;32
2007-01-03;03/01/2007;1298.125;1298.125;1298.125;1298.125;9
2007-01-17;17/01/2007;1298.125;1298.125;1298.125;1298.125;24
2007-02-05;05/02/2007;1298.125;1298.125;1298.125;1298.125;4
2007-03-05;05/03/2007;1298.125;1298.125;1298.125;1298.125;6
2007-03-06;06/03/2007;1298.75;1298.75;1298.75;1298.75;19
2007-04-04;04/04/2007;1307.5;1307.5;1307.5;1307.5;12
2007-04-25;25/04/2007;1307.5;1307.5;1307.5;1307.5;8
2007-05-14;14/05/2007;1370;1370;1370;1370;316
2007-05-31;31/05/2007;1466.25;1466.25;1466.25;1466.25;30
2007-06-04;04/06/2007;1466.25;1466.25;1466.25;1466.25;1
2007-06-08;08/06/2007;1466.25;1466.25;1466.25;1466.25;8
2007-07-16;16/07/2007;1298.125;1298.125;1298.125;1298.125;54
2007-07-23;23/07/2007;1298.125;1298.125;1298.125;1298.125;155
2007-07-25;25/07/2007;1490.625;1490.625;1490.625;1490.625;16
2007-07-27;27/07/2007;1490.625;1490.625;1490.625;1490.625;8
2007-07-31;31/07/2007;1432.5;1432.5;1432.5;1432.5;12
2007-08-01;01/08/2007;1432.5;1432.5;1432.5;1432.5;3
2007-08-02;02/08/2007;1432.5;1432.5;1432.5;1432.5;4
2007-08-09;09/08/2007;1432.5;1432.5;1432.5;1432.5;8
2007-08-10;10/08/2007;1500;1500;1500;1500;2400
2007-08-16;16/08/2007;1500;1500;1500;1500;52
2007-09-11;11/09/2007;1586.25;1586.25;1586.25;1586.25;12
2007-09-18;18/09/2007;1586.25;1586.25;1586.25;1586.25;8
2007-09-26;26/09/2007;1514.375;1514.375;1514.375;1514.375;4992
2007-10-02;02/10/2007;1514.375;1514.375;1514.375;1514.375;1
2007-10-16;16/10/2007;1521.875;1521.875;1521.875;1521.875;1488
2007-10-17;17/10/2007;1521.875;1521.875;1521.875;1521.875;33
2007-10-24;24/10/2007;1521.875;1521.875;1521.875;1521.875;14
2007-10-26;26/10/2007;1521.875;1521.875;1521.875;1521.875;16
2007-10-31;31/10/2007;1521.875;1521.875;1521.875;1521.875;11
2007-11-02;02/11/2007;1521.875;1521.875;1521.875;1521.875;48
2007-11-05;05/11/2007;1521.875;1521.875;1521.875;1521.875;320
2007-11-16;16/11/2007;1519.375;1519.375;1519.375;1519.375;208
2007-11-19;19/11/2007;1519.375;1519.375;1519.375;1519.375;27
2007-11-22;22/11/2007;1518.75;1518.75;1518.75;1518.75;80
2007-11-27;27/11/2007;1518.75;1518.75;1518.75;1518.75;19
2007-11-29;29/11/2007;1490;1490;1490;1490;19
2007-12-05;05/12/2007;1490;1490;1490;1490;11
2007-12-12;12/12/2007;1466.25;1466.25;1466.25;1466.25;80
2008-01-02;02/01/2008;1346.25;1346.25;1346.25;1346.25;17
2008-01-07;07/01/2008;1442.5;1442.5;1442.5;1442.5;12
2008-01-16;16/01/2008;1441.875;1441.875;1441.875;1441.875;44
2008-01-24;24/01/2008;1442.5;1442.5;1442.5;1442.5;22
2008-01-25;25/01/2008;1346.25;1346.25;1346.25;1346.25;89
2008-01-29;29/01/2008;1298.125;1298.125;1298.125;1298.125;142
2008-01-31;31/01/2008;1298.125;1298.125;1298.125;1298.125;14
2008-02-01;01/02/2008;1298.125;1298.125;1298.125;1298.125;100
2008-02-04;04/02/2008;1298.125;1298.125;1298.125;1298.125;3
2008-02-05;05/02/2008;1298.125;1298.125;1298.125;1298.125;56
2008-02-08;08/02/2008;1298.125;1298.125;1298.125;1298.125;280
2008-02-18;18/02/2008;1442.5;1442.5;1442.5;1442.5;97
2008-02-19;19/02/2008;1442.5;1442.5;1442.5;1442.5;120
2008-02-20;20/02/2008;1442.5;1442.5;1442.5;1442.5;16
2008-03-28;28/03/2008;1550.625;1550.625;1550.625;1550.625;12
2008-04-08;08/04/2008;1683.125;1683.125;1683.125;1683.125;56
2008-04-11;11/04/2008;1682.5;1682.5;1682.5;1682.5;20
2008-04-24;24/04/2008;1682.5;1682.5;1682.5;1682.5;3
2008-05-06;06/05/2008;1682.5;1682.5;1682.5;1682.5;8
2008-05-16;16/05/2008;1730.625;1730.625;1730.625;1730.625;20
2008-05-19;19/05/2008;1730.625;1730.625;1730.625;1730.625;59
2008-05-26;26/05/2008;1730.625;1730.625;1730.625;1730.625;64
2008-05-27;27/05/2008;1730.625;1730.625;1730.625;1730.625;16
2008-05-30;30/05/2008;1730.625;1730.625;1730.625;1730.625;24
2008-06-02;02/06/2008;1730.625;1730.625;1730.625;1730.625;142
2008-06-03;03/06/2008;1730.625;1730.625;1730.625;1730.625;110
2008-06-04;04/06/2008;1730.625;1730.625;1730.625;1730.625;80
2008-06-13;13/06/2008;1682.5;1682.5;1682.5;1682.5;2731
2008-06-30;30/06/2008;1634.375;1634.375;1634.375;1634.375;16
2008-07-01;01/07/2008;1658.75;1658.75;1658.75;1658.75;24
2008-07-03;03/07/2008;1682.5;1682.5;1682.5;1682.5;16
2008-07-04;04/07/2008;1683.125;1683.125;1683.125;1683.125;12
2008-07-07;07/07/2008;1683.125;1683.125;1683.125;1683.125;16
2008-07-09;09/07/2008;1731.25;1731.25;1731.25;1731.25;19
2008-07-11;11/07/2008;1731.25;1731.25;1731.25;1731.25;190
2008-07-18;18/07/2008;1731.25;1731.25;1731.25;1731.25;224
2008-07-21;21/07/2008;1731.25;1731.25;1731.25;1731.25;52
2008-07-28;28/07/2008;1731.25;1731.25;1731.25;1731.25;32
2008-07-30;30/07/2008;1755;1755;1755;1755;14
2008-08-05;05/08/2008;1807.5;1807.5;1807.5;1807.5;65
2008-08-06;06/08/2008;1807.5;1807.5;1807.5;1807.5;62
2008-08-08;08/08/2008;1808.125;1808.125;1808.125;1808.125;19
2008-08-11;11/08/2008;1807.5;1807.5;1807.5;1807.5;16
2008-08-12;12/08/2008;1807.5;1807.5;1807.5;1807.5;72
2008-08-13;13/08/2008;1807.5;1807.5;1807.5;1807.5;19
2008-08-18;18/08/2008;1826.875;1826.875;1826.875;1826.875;366
2008-08-20;20/08/2008;1843.75;1843.75;1843.75;1843.75;24
2008-08-22;22/08/2008;1875;1875;1875;1875;16
2008-08-26;26/08/2008;1923.75;1923.75;1923.75;1923.75;62
2008-08-27;27/08/2008;2019.375;2019.375;2019.375;2019.375;64
2008-09-02;02/09/2008;1851.25;1851.25;1851.25;1851.25;16
2008-09-03;03/09/2008;1851.25;1851.25;1851.25;1851.25;80
2008-09-04;04/09/2008;1851.25;1851.25;1851.25;1851.25;32
2008-09-08;08/09/2008;1851.25;1851.25;1851.25;1851.25;16
2008-09-09;09/09/2008;1851.25;1851.25;1851.25;1851.25;3188
2008-09-10;10/09/2008;1851.25;1851.25;1851.25;1851.25;43
2008-09-11;11/09/2008;1851.25;1851.25;1851.25;1851.25;16
2008-09-15;15/09/2008;1851.25;1851.25;1851.25;1851.25;16
2008-09-17;17/09/2008;1851.25;1851.25;1851.25;1851.25;16
2008-09-18;18/09/2008;1860.625;1860.625;1860.625;1860.625;16
2008-09-22;22/09/2008;1851.25;1851.25;1851.25;1851.25;16
2008-09-23;23/09/2008;1851.25;1851.25;1851.25;1851.25;120
2008-09-25;25/09/2008;1851.25;1851.25;1851.25;1851.25;49
2008-09-29;29/09/2008;1851.25;1851.25;1851.25;1851.25;16
2008-10-02;02/10/2008;1851.25;1851.25;1851.25;1851.25;16
2008-10-03;03/10/2008;1851.25;1851.25;1851.25;1851.25;80
2008-10-06;06/10/2008;1851.25;1851.25;1851.25;1851.25;16
2008-10-08;08/10/2008;1851.25;1851.25;1851.25;1851.25;16
2008-10-10;10/10/2008;1851.875;1851.875;1851.875;1851.875;16
2008-10-13;13/10/2008;1851.875;1851.875;1851.875;1851.875;32
2008-10-14;14/10/2008;1851.875;1851.875;1851.875;1851.875;16
2008-10-16;16/10/2008;1851.875;1851.875;1851.875;1851.875;16
2008-10-20;20/10/2008;1851.875;1851.875;1851.875;1851.875;16
2008-10-21;21/10/2008;1851.875;1851.875;1851.875;1851.875;16
2008-10-23;23/10/2008;1852.5;1852.5;1852.5;1852.5;16
2008-10-24;24/10/2008;1853.125;1853.125;1853.125;1853.125;16
2008-10-28;28/10/2008;1923.125;1923.125;1923.125;1923.125;28
2008-10-29;29/10/2008;1923.125;1923.125;1923.125;1923.125;16
2008-10-30;30/10/2008;1923.125;1923.125;1923.125;1923.125;33
2008-11-03;03/11/2008;1923.125;1923.125;1923.125;1923.125;16
2008-11-04;04/11/2008;1923.125;1923.125;1923.125;1923.125;16
2008-11-05;05/11/2008;1923.125;1923.125;1923.125;1923.125;32
2008-11-07;07/11/2008;1923.125;1923.125;1923.125;1923.125;11
2008-11-10;10/11/2008;1923.125;1923.125;1923.125;1923.125;38
2008-11-11;11/11/2008;1923.125;1923.125;1923.125;1923.125;16
2008-11-13;13/11/2008;1923.125;1923.125;1923.125;1923.125;30
2008-11-18;18/11/2008;1923.125;1923.125;1923.125;1923.125;36
2008-11-19;19/11/2008;1923.125;1923.125;1923.125;1923.125;16
2008-11-20;20/11/2008;1923.125;1923.125;1923.125;1923.125;96
2008-11-24;24/11/2008;1923.125;1923.125;1923.125;1923.125;16
2008-11-25;25/11/2008;1923.125;1923.125;1923.125;1923.125;16
2008-11-27;27/11/2008;1923.125;1923.125;1923.125;1923.125;16
2008-12-01;01/12/2008;1923.125;1923.125;1923.125;1923.125;28
2008-12-02;02/12/2008;1923.125;1923.125;1923.125;1923.125;16
2008-12-04;04/12/2008;1923.125;1923.125;1923.125;1923.125;16
2008-12-09;09/12/2008;1923.125;1923.125;1923.125;1923.125;48
2008-12-11;11/12/2008;1923.125;1923.125;1923.125;1923.125;278
2008-12-12;12/12/2008;1923.125;1923.125;1923.125;1923.125;16
2008-12-15;15/12/2008;1923.125;1923.125;1923.125;1923.125;30
2008-12-16;16/12/2008;1923.125;1923.125;1923.125;1923.125;56
2008-12-18;18/12/2008;1925.625;1925.625;1925.625;1925.625;16
2008-12-22;22/12/2008;1925.625;1925.625;1925.625;1925.625;16
2008-12-23;23/12/2008;1925.625;1925.625;1925.625;1925.625;16
2008-12-24;24/12/2008;1925.625;1925.625;1925.625;1925.625;16
2008-12-26;26/12/2008;1925.625;1925.625;1925.625;1925.625;52
2008-12-29;29/12/2008;1925.625;1925.625;1925.625;1925.625;12
2008-12-30;30/12/2008;1925.625;1925.625;1925.625;1925.625;20
2008-12-31;31/12/2008;1925.625;1925.625;1925.625;1925.625;24
2009-01-05;05/01/2009;1925.625;1925.625;1925.625;1925.625;16
2009-01-06;06/01/2009;1925.625;1925.625;1925.625;1925.625;16
2009-01-07;07/01/2009;1925.625;1925.625;1925.625;1925.625;16
2009-01-12;12/01/2009;1925.625;1925.625;1925.625;1925.625;27
2009-01-13;13/01/2009;1925.625;1925.625;1925.625;1925.625;16
2009-01-14;14/01/2009;1925.625;1925.625;1925.625;1925.625;16
2009-01-15;15/01/2009;1925.625;1925.625;1925.625;1925.625;76
2009-01-16;16/01/2009;1925.625;1925.625;1925.625;1925.625;41
2009-01-19;19/01/2009;1925.625;1925.625;1925.625;1925.625;24
2009-01-20;20/01/2009;1925.625;1925.625;1925.625;1925.625;16
2009-01-22;22/01/2009;1925.625;1925.625;1925.625;1925.625;16
2009-01-26;26/01/2009;1925.625;1925.625;1925.625;1925.625;9
2009-01-27;27/01/2009;1925.625;1925.625;1925.625;1925.625;16
2009-01-28;28/01/2009;1925.625;1925.625;1925.625;1925.625;30
2009-02-02;02/02/2009;1925.625;1925.625;1925.625;1925.625;16
2009-02-03;03/02/2009;1932.5;1932.5;1932.5;1932.5;16
2009-02-05;05/02/2009;1932.5;1932.5;1932.5;1932.5;16
2009-02-06;06/02/2009;1932.5;1932.5;1932.5;1932.5;51
2009-02-09;09/02/2009;1932.5;1932.5;1932.5;1932.5;16
2009-02-10;10/02/2009;1932.5;1932.5;1932.5;1932.5;20
2009-02-12;12/02/2009;1932.5;1932.5;1932.5;1932.5;72
2009-02-13;13/02/2009;1928.125;1928.125;1928.125;1928.125;25
2009-02-17;17/02/2009;1928.125;1928.125;1928.125;1928.125;9
2009-02-20;20/02/2009;1928.125;1928.125;1928.125;1928.125;110
2009-02-23;23/02/2009;1928.125;1928.125;1928.125;1928.125;86
2009-02-24;24/02/2009;1928.125;1928.125;1928.125;1928.125;16
2009-02-26;26/02/2009;1928.125;1928.125;1928.125;1928.125;16
2009-03-02;02/03/2009;1928.125;1928.125;1928.125;1928.125;16
2009-03-03;03/03/2009;1928.125;1928.125;1928.125;1928.125;16
2009-03-05;05/03/2009;1928.125;1928.125;1928.125;1928.125;16
2009-03-10;10/03/2009;1928.125;1928.125;1928.125;1928.125;16
2009-03-11;11/03/2009;1928.125;1928.125;1928.125;1928.125;16
2009-03-12;12/03/2009;1928.125;1928.125;1928.125;1928.125;16
2009-03-16;16/03/2009;1928.125;1928.125;1928.125;1928.125;16
2009-03-17;17/03/2009;1928.125;1928.125;1928.125;1928.125;16
2009-03-19;19/03/2009;1928.125;1928.125;1928.125;1928.125;16
2009-03-26;26/03/2009;1928.125;1928.125;1928.125;1928.125;1
2009-03-30;30/03/2009;1928.125;1928.125;1928.125;1928.125;30
2009-03-31;31/03/2009;1928.125;1928.125;1928.125;1928.125;16
2009-04-01;01/04/2009;1928.125;1928.125;1928.125;1928.125;3
2009-04-06;06/04/2009;1928.125;1928.125;1928.125;1928.125;326
2009-04-07;07/04/2009;1928.125;1928.125;1928.125;1928.125;16
2009-04-09;09/04/2009;1928.125;1928.125;1928.125;1928.125;16
2009-04-14;14/04/2009;1928.125;1928.125;1928.125;1928.125;19
2009-04-16;16/04/2009;1928.125;1928.125;1928.125;1928.125;16
2009-04-20;20/04/2009;1928.125;1928.125;1928.125;1928.125;16
2009-04-21;21/04/2009;1928.125;1928.125;1928.125;1928.125;16
2009-04-23;23/04/2009;1928.125;1928.125;1928.125;1928.125;16
2009-04-27;27/04/2009;1928.125;1928.125;1928.125;1928.125;16
2009-04-29;29/04/2009;1928.125;1928.125;1928.125;1928.125;16
2009-04-30;30/04/2009;1928.125;1928.125;1928.125;1928.125;16
2009-05-04;04/05/2009;1928.125;1928.125;1928.125;1928.125;16
2009-05-06;06/05/2009;1928.125;1928.125;1928.125;1928.125;16
2009-05-11;11/05/2009;1928.125;1928.125;1928.125;1928.125;16
2009-05-12;12/05/2009;1928.125;1928.125;1928.125;1928.125;16
2009-05-13;13/05/2009;1928.125;1928.125;1928.125;1928.125;32
2009-05-14;14/05/2009;1928.125;1928.125;1928.125;1928.125;16
2009-05-19;19/05/2009;1928.125;1928.125;1928.125;1928.125;16
2009-05-25;25/05/2009;1928.125;1928.125;1928.125;1928.125;16
2009-05-26;26/05/2009;1928.125;1928.125;1928.125;1928.125;16
2009-06-02;02/06/2009;1928.125;1928.125;1928.125;1928.125;16
2009-06-03;03/06/2009;1928.125;1928.125;1928.125;1928.125;16
2009-06-04;04/06/2009;1928.125;1928.125;1928.125;1928.125;25
2009-06-08;08/06/2009;1928.125;1928.125;1928.125;1928.125;16
2009-06-09;09/06/2009;1928.125;1928.125;1928.125;1928.125;16
2009-06-10;10/06/2009;1928.125;1928.125;1928.125;1928.125;25
2009-06-15;15/06/2009;1928.125;1928.125;1928.125;1928.125;24
2009-06-16;16/06/2009;1928.125;1928.125;1928.125;1928.125;24
2009-06-18;18/06/2009;1928.125;1928.125;1928.125;1928.125;30
2009-06-19;19/06/2009;1928.125;1928.125;1928.125;1928.125;4
2009-06-22;22/06/2009;1928.125;1928.125;1928.125;1928.125;9
2009-06-23;23/06/2009;1928.125;1928.125;1928.125;1928.125;48
2009-06-25;25/06/2009;1928.125;1928.125;1928.125;1928.125;32
2009-06-29;29/06/2009;1928.125;1928.125;1928.125;1928.125;80
2009-06-30;30/06/2009;1928.125;1928.125;1928.125;1928.125;48
2009-07-01;01/07/2009;1928.125;1928.125;1928.125;1928.125;1
2009-07-02;02/07/2009;1928.125;1928.125;1928.125;1928.125;38
2009-07-06;06/07/2009;1925.625;1925.625;1925.625;1925.625;64
2009-07-09;09/07/2009;1925.625;1925.625;1925.625;1925.625;16
2009-07-14;14/07/2009;1925.625;1925.625;1925.625;1925.625;80
2009-07-16;16/07/2009;1925.625;1925.625;1925.625;1925.625;32
2009-07-20;20/07/2009;1925.625;1925.625;1925.625;1925.625;174
2009-07-21;21/07/2009;1925.625;1925.625;1925.625;1925.625;32
2009-07-22;22/07/2009;1925.625;1925.625;1925.625;1925.625;24
2009-07-27;27/07/2009;1925.625;1925.625;1925.625;1925.625;16
2009-07-28;28/07/2009;1925.625;1925.625;1925.625;1925.625;227
2009-07-30;30/07/2009;1925.625;1925.625;1925.625;1925.625;33
2009-07-31;31/07/2009;1925.625;1925.625;1925.625;1925.625;1
2009-08-03;03/08/2009;1925.625;1925.625;1925.625;1925.625;16
2009-08-04;04/08/2009;1923.125;1923.125;1923.125;1923.125;387
2009-08-10;10/08/2009;1923.125;1923.125;1923.125;1923.125;51
2009-08-11;11/08/2009;1923.125;1923.125;1923.125;1923.125;16
2009-08-12;12/08/2009;1923.125;1923.125;1923.125;1923.125;8
2009-08-14;14/08/2009;1925.625;1925.625;1925.625;1925.625;73
2009-08-17;17/08/2009;1925.625;1925.625;1925.625;1925.625;16
2009-08-18;18/08/2009;1925.625;1925.625;1925.625;1925.625;1
2009-08-20;20/08/2009;1926.25;1926.25;1926.25;1926.25;12
2009-08-24;24/08/2009;1971.25;1971.25;1971.25;1971.25;16
2009-08-25;25/08/2009;1971.25;1971.25;1971.25;1971.25;12
2009-08-27;27/08/2009;1971.25;1971.25;1971.25;1971.25;499
2009-08-31;31/08/2009;1971.25;1971.25;1971.25;1971.25;112
2009-09-01;01/09/2009;1973.75;1973.75;1973.75;1973.75;75
2009-09-03;03/09/2009;1973.75;1973.75;1973.75;1973.75;142
2009-09-04;04/09/2009;1971.25;1971.25;1971.25;1971.25;19
2009-09-07;07/09/2009;1971.25;1971.25;1971.25;1971.25;80
2009-09-08;08/09/2009;1971.25;1971.25;1971.25;1971.25;96
2009-09-09;09/09/2009;1971.25;1971.25;1971.25;1971.25;25
2009-09-11;11/09/2009;1973.75;1973.75;1973.75;1973.75;16
2009-09-14;14/09/2009;1973.75;1973.75;1973.75;1973.75;17
2009-09-15;15/09/2009;1973.75;1973.75;1973.75;1973.75;40
2009-09-16;16/09/2009;1973.75;1973.75;1973.75;1973.75;16
2009-09-18;18/09/2009;1973.75;1973.75;1973.75;1973.75;32
2009-09-22;22/09/2009;1976.25;1976.25;1976.25;1976.25;20
2009-09-23;23/09/2009;1976.25;1976.25;1976.25;1976.25;16
2009-09-25;25/09/2009;1976.25;1976.25;1976.25;1976.25;6
2009-09-28;28/09/2009;1976.25;1976.25;1976.25;1976.25;16
2009-09-29;29/09/2009;1976.25;1976.25;1976.25;1976.25;12
2009-10-01;01/10/2009;1976.25;1976.25;1976.25;1976.25;16
2009-10-05;05/10/2009;1976.25;1976.25;1976.25;1976.25;16
2009-10-06;06/10/2009;1971.25;1971.25;1971.25;1971.25;1984
2009-10-09;09/10/2009;2019.375;2019.375;2019.375;2019.375;720
2009-10-12;12/10/2009;2019.375;2019.375;2019.375;2019.375;2208
2009-10-13;13/10/2009;2019.375;2019.375;2019.375;2019.375;48
2009-10-19;19/10/2009;2019.375;2019.375;2019.375;2019.375;35
2009-10-20;20/10/2009;2019.375;2019.375;2019.375;2019.375;27
2009-10-26;26/10/2009;2019.375;2019.375;2019.375;2019.375;16
2009-10-27;27/10/2009;2019.375;2019.375;2019.375;2019.375;67
2009-10-29;29/10/2009;2019.375;2019.375;2019.375;2019.375;16
2009-11-02;02/11/2009;2019.375;2019.375;2019.375;2019.375;16
2009-11-03;03/11/2009;2019.375;2019.375;2019.375;2019.375;12
2009-11-05;05/11/2009;2019.375;2019.375;2019.375;2019.375;60
2009-11-09;09/11/2009;2019.375;2019.375;2019.375;2019.375;48
2009-11-10;10/11/2009;2019.375;2019.375;2019.375;2019.375;91
2009-11-16;16/11/2009;2019.375;2019.375;2019.375;2019.375;12
2009-11-17;17/11/2009;2019.375;2019.375;2019.375;2019.375;12
2009-11-18;18/11/2009;2019.375;2019.375;2019.375;2019.375;1
2009-11-19;19/11/2009;2019.375;2019.375;2019.375;2019.375;16
2009-11-20;20/11/2009;2019.375;2019.375;2019.375;2019.375;67
2009-11-23;23/11/2009;2019.375;2019.375;2019.375;2019.375;65
2009-11-24;24/11/2009;2019.375;2019.375;2019.375;2019.375;12
2009-11-26;26/11/2009;2019.375;2019.375;2019.375;2019.375;4
2009-12-01;01/12/2009;2019.375;2019.375;2019.375;2019.375;16
2009-12-02;02/12/2009;2019.375;2019.375;2019.375;2019.375;27
2009-12-10;10/12/2009;1895.625;1895.625;1895.625;1895.625;16
2009-12-14;14/12/2009;1895.625;1895.625;1895.625;1895.625;520
2009-12-18;18/12/2009;1895.625;1895.625;1895.625;1895.625;1
2009-12-21;21/12/2009;1895.625;1895.625;1895.625;1895.625;6
2009-12-23;23/12/2009;1895.625;1895.625;1895.625;1895.625;9
2009-12-30;30/12/2009;1895.625;1895.625;1895.625;1895.625;12
2010-01-13;13/01/2010;1895.625;1895.625;1895.625;1895.625;16
2010-01-14;14/01/2010;1895.625;1895.625;1895.625;1895.625;32
2010-01-19;19/01/2010;1895.625;1895.625;1895.625;1895.625;46
2010-01-20;20/01/2010;1895.625;1895.625;1895.625;1895.625;192
2010-01-25;25/01/2010;1895.625;1895.625;1895.625;1895.625;80
2010-01-27;27/01/2010;1895.625;1895.625;1895.625;1895.625;6
2010-01-29;29/01/2010;1895.625;1895.625;1895.625;1895.625;9
2010-02-01;01/02/2010;1895.625;1895.625;1895.625;1895.625;80
2010-02-03;03/02/2010;1895.625;1895.625;1895.625;1895.625;16
2010-02-15;15/02/2010;1895.625;1895.625;1895.625;1895.625;19
2010-02-16;16/02/2010;1895.625;1895.625;1895.625;1895.625;36
2010-02-22;22/02/2010;1895.625;1895.625;1895.625;1895.625;128
2010-02-23;23/02/2010;1895.625;1895.625;1895.625;1895.625;22
2010-02-25;25/02/2010;1895.625;1895.625;1895.625;1895.625;112
2010-03-01;01/03/2010;1895.625;1895.625;1895.625;1895.625;62
2010-03-04;04/03/2010;1895.625;1895.625;1895.625;1895.625;32
2010-03-05;05/03/2010;1895.625;1895.625;1895.625;1895.625;32
2010-03-16;16/03/2010;1895.625;1895.625;1895.625;1895.625;28
2010-03-17;17/03/2010;1895.625;1895.625;1895.625;1895.625;20
2010-03-19;19/03/2010;1894.375;1894.375;1894.375;1894.375;128
2010-03-23;23/03/2010;1899.375;1899.375;1899.375;1899.375;44
2010-03-24;24/03/2010;1899.375;1899.375;1899.375;1899.375;16
2010-03-26;26/03/2010;1899.375;1899.375;1899.375;1899.375;60
2010-03-29;29/03/2010;1900;1900;1900;1900;16
2010-03-30;30/03/2010;1900;1900;1900;1900;11
2010-03-31;31/03/2010;1900;1900;1900;1900;12
2010-04-02;02/04/2010;1900;1900;1900;1900;24
2010-04-06;06/04/2010;1900;1900;1900;1900;12
2010-04-07;07/04/2010;1903.75;1903.75;1903.75;1903.75;16
2010-04-09;09/04/2010;1903.75;1903.75;1903.75;1903.75;64
2010-04-13;13/04/2010;1903.75;1903.75;1903.75;1903.75;12
2010-04-14;14/04/2010;1903.75;1903.75;1903.75;1903.75;16
2010-04-15;15/04/2010;1903.75;1903.75;1903.75;1903.75;16
2010-04-19;19/04/2010;1903.75;1903.75;1903.75;1903.75;16
2010-04-20;20/04/2010;1903.75;1903.75;1903.75;1903.75;12
2010-04-22;22/04/2010;1903.75;1903.75;1903.75;1903.75;16
2010-04-26;26/04/2010;1903.75;1903.75;1903.75;1903.75;16
2010-04-27;27/04/2010;1903.75;1903.75;1903.75;1903.75;19
2010-04-29;29/04/2010;1935;1935;1935;1935;16
2010-05-03;03/05/2010;1935;1935;1935;1935;16
2010-05-05;05/05/2010;1935;1935;1935;1935;12
2010-05-10;10/05/2010;1935.625;1935.625;1935.625;1935.625;16
2010-05-11;11/05/2010;1935.625;1935.625;1935.625;1935.625;16
2010-05-17;17/05/2010;1935.625;1935.625;1935.625;1935.625;16
2010-05-18;18/05/2010;1935.625;1935.625;1935.625;1935.625;16
2010-05-20;20/05/2010;1935.625;1935.625;1935.625;1935.625;12
2010-05-25;25/05/2010;1935.625;1935.625;1935.625;1935.625;16
2010-05-26;26/05/2010;1935.625;1935.625;1935.625;1935.625;12
2010-05-28;28/05/2010;1935.625;1935.625;1935.625;1935.625;12
2010-06-01;01/06/2010;1935.625;1935.625;1935.625;1935.625;16
2010-06-02;02/06/2010;1935.625;1935.625;1935.625;1935.625;16
2010-06-03;03/06/2010;1935.625;1935.625;1935.625;1935.625;16
2010-06-14;14/06/2010;1935.625;1935.625;1935.625;1935.625;219
2010-06-15;15/06/2010;1935.625;1935.625;1935.625;1935.625;259
2010-06-16;16/06/2010;1935.625;1935.625;1935.625;1935.625;40
2010-06-17;17/06/2010;1935.625;1935.625;1935.625;1935.625;6
2010-06-23;23/06/2010;1935.625;1935.625;1935.625;1935.625;16
2010-06-24;24/06/2010;1935.625;1935.625;1935.625;1935.625;726
2010-06-25;25/06/2010;1935.625;1935.625;1935.625;1935.625;1075
2010-06-28;28/06/2010;1935.625;1935.625;1935.625;1935.625;144
2010-06-29;29/06/2010;1935.625;1935.625;1935.625;1935.625;65
2010-06-30;30/06/2010;1790.625;1790.625;1790.625;1790.625;12
2010-07-02;02/07/2010;1790.625;1790.625;1790.625;1790.625;16
2010-07-05;05/07/2010;1790.625;1790.625;1790.625;1790.625;64
2010-07-06;06/07/2010;1790.625;1790.625;1790.625;1790.625;16
2010-07-07;07/07/2010;1788.75;1788.75;1788.75;1788.75;86
2010-07-13;13/07/2010;1788.75;1788.75;1788.75;1788.75;32
2010-07-14;14/07/2010;1773.75;1773.75;1773.75;1773.75;65
2010-07-16;16/07/2010;1788.125;1788.125;1788.125;1788.125;160
2010-07-19;19/07/2010;1788.75;1788.75;1788.75;1788.75;80
2010-07-20;20/07/2010;1788.75;1788.75;1788.75;1788.75;64
2010-07-21;21/07/2010;1788.75;1788.75;1788.75;1788.75;40
2010-07-22;22/07/2010;1778.75;1778.75;1778.75;1778.75;51
2010-07-26;26/07/2010;1778.75;1778.75;1778.75;1778.75;160
2010-07-27;27/07/2010;1730.625;1730.625;1730.625;1730.625;144
2010-07-28;28/07/2010;1788.75;1788.75;1788.75;1788.75;585
2010-07-30;30/07/2010;1788.75;1788.75;1788.75;1788.75;36
2010-08-04;04/08/2010;1778.75;1778.75;1778.75;1778.75;19
2010-08-06;06/08/2010;1778.75;1778.75;1778.75;1778.75;16
2010-08-09;09/08/2010;1778.75;1778.75;1778.75;1778.75;16
2010-08-12;12/08/2010;1778.75;1778.75;1778.75;1778.75;24
2010-08-16;16/08/2010;1778.75;1778.75;1778.75;1778.75;80
2010-08-18;18/08/2010;1778.75;1778.75;1778.75;1778.75;64
2010-08-19;19/08/2010;1778.75;1778.75;1778.75;1778.75;33
2010-08-20;20/08/2010;1778.75;1778.75;1778.75;1778.75;2017
2010-08-23;23/08/2010;1778.75;1778.75;1778.75;1778.75;16
2010-08-24;24/08/2010;1778.75;1778.75;1778.75;1778.75;12
2010-08-25;25/08/2010;1778.75;1778.75;1778.75;1778.75;288
2010-08-26;26/08/2010;1778.75;1778.75;1778.75;1778.75;28
2010-08-27;27/08/2010;1778.75;1778.75;1778.75;1778.75;92
2010-08-30;30/08/2010;1778.75;1778.75;1778.75;1778.75;22
2010-08-31;31/08/2010;1778.75;1778.75;1778.75;1778.75;16
2010-09-02;02/09/2010;1778.75;1778.75;1778.75;1778.75;64
2010-09-03;03/09/2010;1778.75;1778.75;1778.75;1778.75;160
2010-09-07;07/09/2010;1778.75;1778.75;1778.75;1778.75;166
2010-09-08;08/09/2010;1778.75;1778.75;1778.75;1778.75;240
2010-09-09;09/09/2010;1778.75;1778.75;1778.75;1778.75;441
2010-09-13;13/09/2010;1778.75;1778.75;1778.75;1778.75;441
2010-09-14;14/09/2010;1778.75;1778.75;1778.75;1778.75;160
2010-09-15;15/09/2010;1778.75;1778.75;1778.75;1778.75;128
2010-09-16;16/09/2010;1778.75;1778.75;1778.75;1778.75;320
2010-09-20;20/09/2010;1778.75;1778.75;1778.75;1778.75;608
2010-09-21;21/09/2010;1778.75;1778.75;1778.75;1778.75;392
2010-09-22;22/09/2010;1778.75;1778.75;1778.75;1778.75;1088
2010-09-23;23/09/2010;1778.75;1778.75;1778.75;1778.75;84
2010-09-27;27/09/2010;1778.75;1778.75;1778.75;1778.75;11
2010-09-28;28/09/2010;1778.75;1778.75;1778.75;1778.75;64
2010-09-29;29/09/2010;1778.75;1778.75;1778.75;1778.75;211
2010-10-01;01/10/2010;1778.75;1778.75;1778.75;1778.75;136
2010-10-04;04/10/2010;1778.75;1778.75;1778.75;1778.75;160
2010-10-05;05/10/2010;1778.75;1778.75;1778.75;1778.75;160
2010-10-06;06/10/2010;1778.75;1778.75;1778.75;1778.75;80
2010-10-08;08/10/2010;1778.75;1778.75;1778.75;1778.75;128
2010-10-12;12/10/2010;1769.375;1769.375;1769.375;1769.375;320
2010-10-13;13/10/2010;1769.375;1769.375;1769.375;1769.375;280
2010-10-15;15/10/2010;1769.375;1769.375;1769.375;1769.375;160
2010-10-18;18/10/2010;1755;1755;1755;1755;240
2010-10-21;21/10/2010;1726.25;1726.25;1726.25;1726.25;491
2010-10-22;22/10/2010;1701.875;1701.875;1701.875;1701.875;640
2010-10-25;25/10/2010;1730.625;1730.625;1730.625;1730.625;800
2010-10-26;26/10/2010;1730.625;1730.625;1730.625;1730.625;452
2010-10-27;27/10/2010;1730.625;1730.625;1730.625;1730.625;646
2010-10-28;28/10/2010;1730.625;1730.625;1730.625;1730.625;240
2010-11-03;03/11/2010;1730.625;1730.625;1730.625;1730.625;80
2010-11-04;04/11/2010;1730.625;1730.625;1730.625;1730.625;96
2010-11-08;08/11/2010;1730.625;1730.625;1730.625;1730.625;160
2010-11-09;09/11/2010;1730.625;1730.625;1730.625;1730.625;112
2010-11-10;10/11/2010;1730.625;1730.625;1730.625;1730.625;6
2010-11-18;18/11/2010;1730.625;1730.625;1730.625;1730.625;304
2010-11-22;22/11/2010;1730.625;1730.625;1730.625;1730.625;64
2010-11-24;24/11/2010;1730.625;1730.625;1730.625;1730.625;88
2010-11-25;25/11/2010;1682.5;1682.5;1682.5;1682.5;16
2010-11-26;26/11/2010;1682.5;1682.5;1682.5;1682.5;8
2010-11-29;29/11/2010;1682.5;1682.5;1682.5;1682.5;48
2010-11-30;30/11/2010;1682.5;1682.5;1682.5;1682.5;49
2010-12-01;01/12/2010;1682.5;1682.5;1682.5;1682.5;19
2010-12-03;03/12/2010;1682.5;1682.5;1682.5;1682.5;17
2010-12-07;07/12/2010;1682.5;1682.5;1682.5;1682.5;8
2010-12-08;08/12/2010;1682.5;1682.5;1682.5;1682.5;3
2010-12-10;10/12/2010;1682.5;1682.5;1682.5;1682.5;16
2010-12-13;13/12/2010;1682.5;1682.5;1682.5;1682.5;9
2010-12-17;17/12/2010;1678.125;1678.125;1678.125;1678.125;24
2010-12-20;20/12/2010;1634.375;1634.375;1634.375;1634.375;40
2010-12-21;21/12/2010;1625;1625;1625;1625;400
2010-12-22;22/12/2010;1603.125;1603.125;1603.125;1603.125;38
2010-12-24;24/12/2010;1682.5;1682.5;1682.5;1682.5;510
2010-12-27;27/12/2010;1682.5;1682.5;1682.5;1682.5;632
2010-12-28;28/12/2010;1634.375;1634.375;1634.375;1634.375;5257
2010-12-29;29/12/2010;1634.375;1634.375;1634.375;1634.375;182
2010-12-30;30/12/2010;1634.375;1634.375;1634.375;1634.375;78
2010-12-31;31/12/2010;1634.375;1634.375;1634.375;1634.375;80
2011-01-03;03/01/2011;1634.375;1634.375;1634.375;1634.375;6
2011-01-04;04/01/2011;1634.375;1634.375;1634.375;1634.375;108
2011-01-05;05/01/2011;1634.375;1634.375;1634.375;1634.375;86
2011-01-06;06/01/2011;1634.375;1634.375;1634.375;1634.375;43
2011-01-07;07/01/2011;1634.375;1634.375;1634.375;1634.375;803
2011-01-11;11/01/2011;1634.375;1634.375;1634.375;1634.375;812
2011-01-12;12/01/2011;1634.375;1634.375;1634.375;1634.375;25
2011-01-14;14/01/2011;1634.375;1634.375;1634.375;1634.375;216
2011-01-17;17/01/2011;1634.375;1634.375;1634.375;1634.375;3
2011-01-18;18/01/2011;1634.375;1634.375;1634.375;1634.375;4
2011-01-21;21/01/2011;1634.375;1634.375;1634.375;1634.375;100
2011-01-24;24/01/2011;1634.375;1634.375;1634.375;1634.375;83
2011-01-25;25/01/2011;1635;1635;1635;1635;148
2011-01-28;28/01/2011;1635;1635;1635;1635;6
2011-02-01;01/02/2011;1634.375;1634.375;1634.375;1634.375;24
2011-02-02;02/02/2011;1683.125;1683.125;1683.125;1683.125;36
2011-02-03;03/02/2011;1682.5;1682.5;1682.5;1682.5;192
2011-02-04;04/02/2011;1682.5;1682.5;1682.5;1682.5;24
2011-02-07;07/02/2011;1682.5;1682.5;1682.5;1682.5;14
2011-02-08;08/02/2011;1682.5;1682.5;1682.5;1682.5;422
2011-02-10;10/02/2011;1682.5;1682.5;1682.5;1682.5;380
2011-02-11;11/02/2011;1682.5;1682.5;1682.5;1682.5;57
2011-03-01;01/03/2011;1658.75;1658.75;1658.75;1658.75;16
2011-03-02;02/03/2011;1682.5;1682.5;1682.5;1682.5;320
2011-03-07;07/03/2011;1634.375;1634.375;1634.375;1634.375;105
2011-03-08;08/03/2011;1634.375;1634.375;1634.375;1634.375;400
2011-03-09;09/03/2011;1634.375;1634.375;1634.375;1634.375;8
2011-03-10;10/03/2011;1634.375;1634.375;1634.375;1634.375;1
2011-03-14;14/03/2011;1634.375;1634.375;1634.375;1634.375;4
2011-03-15;15/03/2011;1634.375;1634.375;1634.375;1634.375;16
2011-03-18;18/03/2011;1610.625;1610.625;1610.625;1610.625;102
2011-03-22;22/03/2011;1538.75;1538.75;1538.75;1538.75;88
2011-03-23;23/03/2011;1591.25;1591.25;1591.25;1591.25;16
2011-03-24;24/03/2011;1538.75;1538.75;1538.75;1538.75;96
2011-03-28;28/03/2011;1538.75;1538.75;1538.75;1538.75;64
2011-03-29;29/03/2011;1538.75;1538.75;1538.75;1538.75;4
2011-03-30;30/03/2011;1538.75;1538.75;1538.75;1538.75;304
2011-04-01;01/04/2011;1538.75;1538.75;1538.75;1538.75;3
2011-04-04;04/04/2011;1538.75;1538.75;1538.75;1538.75;25
2011-04-06;06/04/2011;1538.75;1538.75;1538.75;1538.75;249
2011-04-07;07/04/2011;1538.75;1538.75;1538.75;1538.75;24
2011-04-08;08/04/2011;1538.75;1538.75;1538.75;1538.75;304
2011-04-12;12/04/2011;1538.75;1538.75;1538.75;1538.75;16
2011-04-13;13/04/2011;1538.75;1538.75;1538.75;1538.75;28
2011-04-14;14/04/2011;1788.75;1788.75;1788.75;1788.75;7838
2011-04-19;19/04/2011;1538.75;1538.75;1538.75;1538.75;4
2011-04-21;21/04/2011;1538.75;1538.75;1538.75;1538.75;6
2011-04-22;22/04/2011;1538.75;1538.75;1538.75;1538.75;1
2011-04-27;27/04/2011;1538.75;1538.75;1538.75;1538.75;284
2011-04-28;28/04/2011;1538.75;1538.75;1538.75;1538.75;43
2011-05-03;03/05/2011;1538.75;1538.75;1538.75;1538.75;46
2011-05-06;06/05/2011;1538.75;1538.75;1538.75;1538.75;481
2011-05-11;11/05/2011;1538.75;1538.75;1538.75;1538.75;248
2011-05-12;12/05/2011;1538.75;1538.75;1538.75;1538.75;468
2011-05-16;16/05/2011;1538.75;1538.75;1538.75;1538.75;81
2011-05-18;18/05/2011;1538.75;1538.75;1538.75;1538.75;184
2011-05-19;19/05/2011;1538.75;1538.75;1538.75;1538.75;56
2011-05-23;23/05/2011;1538.125;1538.125;1538.125;1538.125;168
2011-05-24;24/05/2011;1538.75;1538.75;1538.75;1538.75;209
2011-05-25;25/05/2011;1538.75;1538.75;1538.75;1538.75;84
2011-05-27;27/05/2011;1538.75;1538.75;1538.75;1538.75;11
2011-05-30;30/05/2011;1538.75;1538.75;1538.75;1538.75;342
2011-05-31;31/05/2011;1538.75;1538.75;1538.75;1538.75;40
2011-06-01;01/06/2011;1538.75;1538.75;1538.75;1538.75;216
2011-06-03;03/06/2011;1634.375;1634.375;1634.375;1634.375;320
2011-06-06;06/06/2011;1634.375;1634.375;1634.375;1634.375;80
2011-06-08;08/06/2011;1538.75;1538.75;1538.75;1538.75;16
2011-06-14;14/06/2011;1538.75;1538.75;1538.75;1538.75;81
2011-06-16;16/06/2011;1538.75;1538.75;1538.75;1538.75;160
2011-06-17;17/06/2011;1538.75;1538.75;1538.75;1538.75;59
2011-06-20;20/06/2011;1538.75;1538.75;1538.75;1538.75;160
2011-06-21;21/06/2011;1536.25;1536.25;1536.25;1536.25;547
2011-06-22;22/06/2011;1538.75;1538.75;1538.75;1538.75;320
2011-06-23;23/06/2011;1634.375;1634.375;1634.375;1634.375;320
2011-06-24;24/06/2011;1634.375;1634.375;1634.375;1634.375;272
2011-06-27;27/06/2011;1634.375;1634.375;1634.375;1634.375;48
2011-06-28;28/06/2011;1630;1630;1630;1630;86
2011-06-29;29/06/2011;1630;1630;1630;1630;59
2011-06-30;30/06/2011;1630;1630;1630;1630;1
2011-07-01;01/07/2011;1634.375;1634.375;1634.375;1634.375;48
2011-07-05;05/07/2011;1538.75;1538.75;1538.75;1538.75;108
2011-07-07;07/07/2011;1538.75;1538.75;1538.75;1538.75;30
2011-07-14;14/07/2011;1538.125;1538.125;1538.125;1538.125;16
2011-07-15;15/07/2011;1538.125;1538.125;1538.125;1538.125;1
2011-07-18;18/07/2011;1538.125;1538.125;1538.125;1538.125;102
2011-08-02;02/08/2011;1538.125;1538.125;1538.125;1538.125;6
2011-08-04;04/08/2011;1538.75;1538.75;1538.75;1538.75;227
2011-08-10;10/08/2011;1538.75;1538.75;1538.75;1538.75;8
2011-08-17;17/08/2011;1538.75;1538.75;1538.75;1538.75;3
2011-08-18;18/08/2011;1538.75;1538.75;1538.75;1538.75;80
2011-08-22;22/08/2011;1533.75;1533.75;1533.75;1533.75;56
2011-08-23;23/08/2011;1533.75;1533.75;1533.75;1533.75;32
2011-08-26;26/08/2011;1538.75;1538.75;1538.75;1538.75;80
2011-08-29;29/08/2011;1528.75;1528.75;1528.75;1528.75;112
2011-08-31;31/08/2011;1523.75;1523.75;1523.75;1523.75;160
2011-09-02;02/09/2011;1538.75;1538.75;1538.75;1538.75;595
2011-09-06;06/09/2011;1533.75;1533.75;1533.75;1533.75;41
2011-09-12;12/09/2011;1533.75;1533.75;1533.75;1533.75;1
2011-09-14;14/09/2011;1533.75;1533.75;1533.75;1533.75;6
2011-09-22;22/09/2011;1533.75;1533.75;1533.75;1533.75;816
2011-09-23;23/09/2011;1533.75;1533.75;1533.75;1533.75;22
2011-09-29;29/09/2011;1528.75;1528.75;1528.75;1528.75;33
2011-10-13;13/10/2011;1490.625;1490.625;1490.625;1490.625;96
2011-10-18;18/10/2011;1490.625;1490.625;1490.625;1490.625;251
2011-10-19;19/10/2011;1490.625;1490.625;1490.625;1490.625;120
2011-10-20;20/10/2011;1490.625;1490.625;1490.625;1490.625;240
2011-10-21;21/10/2011;1490.625;1490.625;1490.625;1490.625;212
2011-10-26;26/10/2011;1538.75;1538.75;1538.75;1538.75;60
2011-10-27;27/10/2011;1586.25;1586.25;1586.25;1586.25;57
2011-11-25;25/11/2011;1586.875;1586.875;1586.875;1586.875;30
2011-12-12;12/12/2011;1586.25;1586.25;1586.25;1586.25;72
2011-12-13;13/12/2011;1586.25;1586.25;1586.25;1586.25;80
2011-12-14;14/12/2011;1586.25;1586.25;1586.25;1586.25;64
2011-12-19;19/12/2011;1538.75;1538.75;1538.75;1538.75;96
2011-12-22;22/12/2011;1533.75;1533.75;1533.75;1533.75;38
2011-12-23;23/12/2011;1533.75;1533.75;1533.75;1533.75;12
2011-12-27;27/12/2011;1533.75;1533.75;1533.75;1533.75;11
2011-12-28;28/12/2011;1490.625;1490.625;1490.625;1490.625;32
2012-01-04;04/01/2012;1490.625;1490.625;1490.625;1490.625;281
2012-01-05;05/01/2012;1490.625;1490.625;1490.625;1490.625;48
2012-01-06;06/01/2012;1490.625;1490.625;1490.625;1490.625;57
2012-01-12;12/01/2012;1442.5;1442.5;1442.5;1442.5;57
2012-01-17;17/01/2012;1490.625;1490.625;1490.625;1490.625;30
2012-01-18;18/01/2012;1490.625;1490.625;1490.625;1490.625;22
2012-01-19;19/01/2012;1490.625;1490.625;1490.625;1490.625;80
2012-01-20;20/01/2012;1490.625;1490.625;1490.625;1490.625;96
2012-01-24;24/01/2012;1490.625;1490.625;1490.625;1490.625;153
2012-01-25;25/01/2012;1490.625;1490.625;1490.625;1490.625;41
2012-01-26;26/01/2012;1514.375;1514.375;1514.375;1514.375;27
2012-01-31;31/01/2012;1538.75;1538.75;1538.75;1538.75;92
2012-02-02;02/02/2012;1538.75;1538.75;1538.75;1538.75;691
2012-02-03;03/02/2012;1538.75;1538.75;1538.75;1538.75;112
2012-02-06;06/02/2012;1538.75;1538.75;1538.75;1538.75;19
2012-02-07;07/02/2012;1538.75;1538.75;1538.75;1538.75;75
2012-02-08;08/02/2012;1538.75;1538.75;1538.75;1538.75;1
2012-02-09;09/02/2012;1514.375;1514.375;1514.375;1514.375;254
2012-02-10;10/02/2012;1586.25;1586.25;1586.25;1586.25;160
2012-02-14;14/02/2012;1586.25;1586.25;1586.25;1586.25;916
2012-02-15;15/02/2012;1586.25;1586.25;1586.25;1586.25;24
2012-02-16;16/02/2012;1586.25;1586.25;1586.25;1586.25;212
2012-02-17;17/02/2012;1586.25;1586.25;1586.25;1586.25;99
2012-02-20;20/02/2012;1514.375;1514.375;1514.375;1514.375;67
2012-02-22;22/02/2012;1514.375;1514.375;1514.375;1514.375;382
2012-02-24;24/02/2012;1514.375;1514.375;1514.375;1514.375;12
2012-02-28;28/02/2012;1514.375;1514.375;1514.375;1514.375;196
2012-02-29;29/02/2012;1514.375;1514.375;1514.375;1514.375;480
2012-03-01;01/03/2012;1514.375;1514.375;1514.375;1514.375;800
2012-03-02;02/03/2012;1514.375;1514.375;1514.375;1514.375;502
2012-03-07;07/03/2012;1586.25;1586.25;1586.25;1586.25;80
2012-03-08;08/03/2012;1514.375;1514.375;1514.375;1514.375;806
2012-03-09;09/03/2012;1576.875;1576.875;1576.875;1576.875;56
2012-03-12;12/03/2012;1576.875;1576.875;1576.875;1576.875;67
2012-03-13;13/03/2012;1576.875;1576.875;1576.875;1576.875;75
2012-03-14;14/03/2012;1576.875;1576.875;1576.875;1576.875;132
2012-03-15;15/03/2012;1586.25;1586.25;1586.25;1586.25;590
2012-03-16;16/03/2012;1586.25;1586.25;1586.25;1586.25;217
2012-03-19;19/03/2012;1586.875;1586.875;1586.875;1586.875;96
2012-03-21;21/03/2012;1586.25;1586.25;1586.25;1586.25;99
2012-03-22;22/03/2012;1586.25;1586.25;1586.25;1586.25;49
2012-03-26;26/03/2012;1586.875;1586.875;1586.875;1586.875;92
2012-03-28;28/03/2012;1610.625;1610.625;1610.625;1610.625;12
2012-03-29;29/03/2012;1731.25;1731.25;1731.25;1731.25;12
2012-03-30;30/03/2012;1639.375;1639.375;1639.375;1639.375;4544
2012-04-02;02/04/2012;1683.125;1683.125;1683.125;1683.125;16
2012-04-03;03/04/2012;1586.875;1586.875;1586.875;1586.875;891
2012-04-06;06/04/2012;1683.125;1683.125;1683.125;1683.125;12
2012-04-12;12/04/2012;1778.75;1778.75;1778.75;1778.75;12
2012-04-13;13/04/2012;1778.75;1778.75;1778.75;1778.75;83
2012-04-16;16/04/2012;1778.75;1778.75;1778.75;1778.75;81
2012-04-17;17/04/2012;1786.25;1786.25;1786.25;1786.25;16
2012-04-18;18/04/2012;1786.25;1786.25;1786.25;1786.25;16
2012-04-23;23/04/2012;1826.875;1826.875;1826.875;1826.875;89
2012-04-24;24/04/2012;1826.875;1826.875;1826.875;1826.875;88
2012-04-27;27/04/2012;1831.875;1831.875;1831.875;1831.875;14
2012-05-07;07/05/2012;1923.125;1923.125;1923.125;1923.125;92
2012-05-09;09/05/2012;1928.125;1928.125;1928.125;1928.125;48
2012-05-10;10/05/2012;1971.875;1971.875;1971.875;1971.875;16
2012-05-11;11/05/2012;1976.25;1976.25;1976.25;1976.25;132
2012-05-14;14/05/2012;2071.875;2071.875;2071.875;2071.875;96
2012-05-15;15/05/2012;2071.875;2071.875;2071.875;2071.875;62
2012-05-16;16/05/2012;2019.375;2019.375;2019.375;2019.375;3955
2012-05-18;18/05/2012;2043.125;2043.125;2043.125;2043.125;19
2012-05-21;21/05/2012;2043.125;2043.125;2043.125;2043.125;44
2012-05-22;22/05/2012;1562.5;1562.5;1562.5;1562.5;81
2012-05-23;23/05/2012;1562.5;1562.5;1562.5;1562.5;14
2012-05-24;24/05/2012;1562.5;1562.5;1562.5;1562.5;14
2012-06-01;01/06/2012;1562.5;1562.5;1562.5;1562.5;2424
2012-06-04;04/06/2012;1562.5;1562.5;1562.5;1562.5;8
2012-06-05;05/06/2012;1562.5;1562.5;1562.5;1562.5;12
2012-06-06;06/06/2012;1562.5;1562.5;1562.5;1562.5;3
2012-06-07;07/06/2012;1586.25;1586.25;1586.25;1586.25;25
2012-06-08;08/06/2012;1586.25;1586.25;1586.25;1586.25;27
2012-06-11;11/06/2012;1586.25;1586.25;1586.25;1586.25;8
2012-06-13;13/06/2012;1586.25;1586.25;1586.25;1586.25;30
2012-06-18;18/06/2012;1591.25;1591.25;1591.25;1591.25;91
2012-06-19;19/06/2012;1591.25;1591.25;1591.25;1591.25;9
2012-06-21;21/06/2012;1710.625;1710.625;1710.625;1710.625;16
2012-06-22;22/06/2012;1803.125;1803.125;1803.125;1803.125;36
2012-06-25;25/06/2012;1591.25;1591.25;1591.25;1591.25;41
2012-06-26;26/06/2012;1593.75;1593.75;1593.75;1593.75;212
2012-06-27;27/06/2012;1586.25;1586.25;1586.25;1586.25;176
2012-06-28;28/06/2012;1591.25;1591.25;1591.25;1591.25;390
2012-06-29;29/06/2012;1591.25;1591.25;1591.25;1591.25;105
2012-07-03;03/07/2012;1591.25;1591.25;1591.25;1591.25;294491
2012-07-04;04/07/2012;1593.75;1593.75;1593.75;1593.75;190
2012-07-06;06/07/2012;1591.25;1591.25;1591.25;1591.25;124
2012-07-09;09/07/2012;1596.25;1596.25;1596.25;1596.25;68
2012-07-10;10/07/2012;1615.625;1615.625;1615.625;1615.625;262
2012-07-11;11/07/2012;1634.375;1634.375;1634.375;1634.375;528
2012-07-12;12/07/2012;1562.5;1562.5;1562.5;1562.5;320
2012-07-13;13/07/2012;1610.625;1610.625;1610.625;1610.625;160
2012-07-17;17/07/2012;1610.625;1610.625;1610.625;1610.625;230
2012-07-18;18/07/2012;1610.625;1610.625;1610.625;1610.625;176
2012-07-19;19/07/2012;1610.625;1610.625;1610.625;1610.625;32
2012-07-20;20/07/2012;1634.375;1634.375;1634.375;1634.375;195
2012-07-24;24/07/2012;1635;1635;1635;1635;211
2012-07-25;25/07/2012;1635;1635;1635;1635;148
2012-07-26;26/07/2012;1757.5;1757.5;1757.5;1757.5;240
2012-07-27;27/07/2012;1635;1635;1635;1635;46
2012-07-30;30/07/2012;1635.625;1635.625;1635.625;1635.625;152
2012-07-31;31/07/2012;1635;1635;1635;1635;265
2012-08-08;08/08/2012;1635.625;1635.625;1635.625;1635.625;75
2012-08-09;09/08/2012;1758.125;1758.125;1758.125;1758.125;48
2012-08-10;10/08/2012;1644.375;1644.375;1644.375;1644.375;59
2012-08-17;17/08/2012;1658.75;1658.75;1658.75;1658.75;40
2012-08-21;21/08/2012;1658.75;1658.75;1658.75;1658.75;182
2012-08-22;22/08/2012;1658.75;1658.75;1658.75;1658.75;22
2012-08-23;23/08/2012;1658.75;1658.75;1658.75;1658.75;3553
2012-08-27;27/08/2012;1682.5;1682.5;1682.5;1682.5;176
2012-08-28;28/08/2012;1682.5;1682.5;1682.5;1682.5;182
2012-08-30;30/08/2012;1706.875;1706.875;1706.875;1706.875;390
2012-08-31;31/08/2012;1682.5;1682.5;1682.5;1682.5;470
2012-09-03;03/09/2012;1682.5;1682.5;1682.5;1682.5;214
2012-09-04;04/09/2012;1682.5;1682.5;1682.5;1682.5;480
2012-09-05;05/09/2012;1658.75;1658.75;1658.75;1658.75;244
2012-09-07;07/09/2012;1682.5;1682.5;1682.5;1682.5;404
2012-09-10;10/09/2012;1658.75;1658.75;1658.75;1658.75;960
2012-09-11;11/09/2012;1658.75;1658.75;1658.75;1658.75;100
2012-09-12;12/09/2012;1682.5;1682.5;1682.5;1682.5;32
2012-09-13;13/09/2012;1682.5;1682.5;1682.5;1682.5;268
2012-09-14;14/09/2012;1682.5;1682.5;1682.5;1682.5;48
2012-09-18;18/09/2012;1658.75;1658.75;1658.75;1658.75;20
2012-09-19;19/09/2012;1658.75;1658.75;1658.75;1658.75;172
2012-09-20;20/09/2012;1658.75;1658.75;1658.75;1658.75;160
2012-09-24;24/09/2012;1658.125;1658.125;1658.125;1658.125;62
2012-09-26;26/09/2012;1635;1635;1635;1635;16
2012-09-27;27/09/2012;1634.375;1634.375;1634.375;1634.375;283
2012-09-28;28/09/2012;1632.5;1632.5;1632.5;1632.5;16
2012-10-01;01/10/2012;1682.5;1682.5;1682.5;1682.5;851
2012-10-04;04/10/2012;1682.5;1682.5;1682.5;1682.5;49
2012-10-08;08/10/2012;1682.5;1682.5;1682.5;1682.5;326
2012-10-09;09/10/2012;1704.375;1704.375;1704.375;1704.375;160
2012-10-11;11/10/2012;1831.875;1831.875;1831.875;1831.875;80
2012-10-12;12/10/2012;1730.625;1730.625;1730.625;1730.625;12
2012-10-15;15/10/2012;1778.75;1778.75;1778.75;1778.75;3065
2012-10-17;17/10/2012;1755;1755;1755;1755;16
2012-10-19;19/10/2012;1730.625;1730.625;1730.625;1730.625;721
2012-10-24;24/10/2012;1730.625;1730.625;1730.625;1730.625;28
2012-10-25;25/10/2012;1706.875;1706.875;1706.875;1706.875;417
2012-10-29;29/10/2012;1706.875;1706.875;1706.875;1706.875;72
2012-10-30;30/10/2012;1706.875;1706.875;1706.875;1706.875;17
2012-11-02;02/11/2012;1706.875;1706.875;1706.875;1706.875;3
2012-11-05;05/11/2012;1706.875;1706.875;1706.875;1706.875;4
2012-11-06;06/11/2012;1682.5;1682.5;1682.5;1682.5;24
2012-11-07;07/11/2012;1682.5;1682.5;1682.5;1682.5;16
2012-11-08;08/11/2012;1706.875;1706.875;1706.875;1706.875;614
2012-11-09;09/11/2012;1730.625;1730.625;1730.625;1730.625;160
2012-11-14;14/11/2012;1730.625;1730.625;1730.625;1730.625;160
2012-11-16;16/11/2012;1730.625;1730.625;1730.625;1730.625;764
2012-11-19;19/11/2012;1731.25;1731.25;1731.25;1731.25;57
2012-11-21;21/11/2012;1730.625;1730.625;1730.625;1730.625;284
2012-11-22;22/11/2012;1730.625;1730.625;1730.625;1730.625;337
2012-11-26;26/11/2012;1730.625;1730.625;1730.625;1730.625;84
2012-11-27;27/11/2012;1730.625;1730.625;1730.625;1730.625;19
2012-11-28;28/11/2012;1731.25;1731.25;1731.25;1731.25;928
2012-11-29;29/11/2012;1735.625;1735.625;1735.625;1735.625;2425
2012-11-30;30/11/2012;1735.625;1735.625;1735.625;1735.625;30
2012-12-04;04/12/2012;1730.625;1730.625;1730.625;1730.625;22
2012-12-06;06/12/2012;1755;1755;1755;1755;499
2012-12-07;07/12/2012;1755;1755;1755;1755;209
2012-12-11;11/12/2012;1755;1755;1755;1755;448
2012-12-14;14/12/2012;1875;1875;1875;1875;126
2012-12-17;17/12/2012;1778.75;1778.75;1778.75;1778.75;64
2012-12-18;18/12/2012;1759.375;1759.375;1759.375;1759.375;22
2012-12-19;19/12/2012;1730.625;1730.625;1730.625;1730.625;68
2012-12-20;20/12/2012;1730.625;1730.625;1730.625;1730.625;52
2012-12-21;21/12/2012;1730.625;1730.625;1730.625;1730.625;160
2012-12-24;24/12/2012;1759.375;1759.375;1759.375;1759.375;80
2012-12-26;26/12/2012;1755;1755;1755;1755;136
2012-12-27;27/12/2012;1755;1755;1755;1755;6
2012-12-28;28/12/2012;1755;1755;1755;1755;40
2012-12-31;31/12/2012;1755;1755;1755;1755;160
2013-01-02;02/01/2013;1875;1875;1875;1875;1072
2013-01-03;03/01/2013;1875;1875;1875;1875;2011
2013-01-04;04/01/2013;1875;1875;1875;1875;696
2013-01-07;07/01/2013;1875;1875;1875;1875;640
2013-01-08;08/01/2013;1865.625;1865.625;1865.625;1865.625;32
2013-01-11;11/01/2013;1865.625;1865.625;1865.625;1865.625;99
2013-01-16;16/01/2013;1865.625;1865.625;1865.625;1865.625;48
2013-01-17;17/01/2013;1826.875;1826.875;1826.875;1826.875;28
2013-01-18;18/01/2013;1778.75;1778.75;1778.75;1778.75;86
2013-01-22;22/01/2013;1865.625;1865.625;1865.625;1865.625;33
2013-01-23;23/01/2013;1730.625;1730.625;1730.625;1730.625;153
2013-01-25;25/01/2013;1860.625;1860.625;1860.625;1860.625;49
2013-01-28;28/01/2013;1875;1875;1875;1875;516
2013-01-29;29/01/2013;1860.625;1860.625;1860.625;1860.625;91
2013-01-30;30/01/2013;1875;1875;1875;1875;35
2013-01-31;31/01/2013;1875;1875;1875;1875;345
2013-02-01;01/02/2013;1875;1875;1875;1875;8
2013-02-07;07/02/2013;1875;1875;1875;1875;64
2013-02-13;13/02/2013;1875;1875;1875;1875;20
2013-02-15;15/02/2013;1875;1875;1875;1875;152
2013-02-18;18/02/2013;1826.875;1826.875;1826.875;1826.875;19
2013-02-19;19/02/2013;1851.25;1851.25;1851.25;1851.25;46
2013-02-22;22/02/2013;1851.25;1851.25;1851.25;1851.25;2403
2013-02-25;25/02/2013;1875;1875;1875;1875;208
2013-02-26;26/02/2013;1882.5;1882.5;1882.5;1882.5;35
2013-02-28;28/02/2013;1875;1875;1875;1875;96
2013-03-01;01/03/2013;1875;1875;1875;1875;8
2013-03-04;04/03/2013;1923.125;1923.125;1923.125;1923.125;619
2013-03-05;05/03/2013;1875;1875;1875;1875;33
2013-03-06;06/03/2013;2015.625;2015.625;2015.625;2015.625;278
2013-03-07;07/03/2013;2015.625;2015.625;2015.625;2015.625;192
2013-03-08;08/03/2013;2015.625;2015.625;2015.625;2015.625;33
2013-03-11;11/03/2013;2015.625;2015.625;2015.625;2015.625;150
2013-03-13;13/03/2013;1875;1875;1875;1875;35
2013-03-15;15/03/2013;1875;1875;1875;1875;17
2013-03-18;18/03/2013;1875;1875;1875;1875;160
2013-03-19;19/03/2013;2015.625;2015.625;2015.625;2015.625;36
2013-03-21;21/03/2013;1899.375;1899.375;1899.375;1899.375;160
2013-03-22;22/03/2013;1899.375;1899.375;1899.375;1899.375;160
2013-03-25;25/03/2013;1923.125;1923.125;1923.125;1923.125;12
2013-03-27;27/03/2013;1959.375;1959.375;1959.375;1959.375;17
2013-03-28;28/03/2013;2019.375;2019.375;2019.375;2019.375;38
2013-03-29;29/03/2013;2071.875;2071.875;2071.875;2071.875;44
2013-04-03;03/04/2013;2067.5;2067.5;2067.5;2067.5;212
2013-04-04;04/04/2013;2067.5;2067.5;2067.5;2067.5;8008
2013-04-05;05/04/2013;1971.25;1971.25;1971.25;1971.25;3715
2013-04-08;08/04/2013;1971.25;1971.25;1971.25;1971.25;182
2013-04-10;10/04/2013;1923.125;1923.125;1923.125;1923.125;80
2013-04-11;11/04/2013;1971.25;1971.25;1971.25;1971.25;59
2013-04-12;12/04/2013;1923.125;1923.125;1923.125;1923.125;33
2013-04-15;15/04/2013;1971.25;1971.25;1971.25;1971.25;84
2013-04-18;18/04/2013;1971.25;1971.25;1971.25;1971.25;16
2013-04-19;19/04/2013;2019.375;2019.375;2019.375;2019.375;424
2013-04-22;22/04/2013;2031.25;2031.25;2031.25;2031.25;216
2013-04-23;23/04/2013;2033.75;2033.75;2033.75;2033.75;328
2013-04-24;24/04/2013;2036.25;2036.25;2036.25;2036.25;425
2013-04-26;26/04/2013;2036.25;2036.25;2036.25;2036.25;49
2013-05-02;02/05/2013;2019.375;2019.375;2019.375;2019.375;224
2013-05-03;03/05/2013;1971.25;1971.25;1971.25;1971.25;94
2013-05-07;07/05/2013;1971.25;1971.25;1971.25;1971.25;16
2013-05-10;10/05/2013;1971.875;1971.875;1971.875;1971.875;19
2013-05-14;14/05/2013;1972.5;1972.5;1972.5;1972.5;27
2013-05-15;15/05/2013;1995;1995;1995;1995;134
2013-05-16;16/05/2013;2145;2145;2145;2145;27
2013-05-21;21/05/2013;2168.125;2168.125;2168.125;2168.125;363
2013-05-23;23/05/2013;2023.75;2023.75;2023.75;2023.75;83
2013-05-28;28/05/2013;2175.625;2175.625;2175.625;2175.625;435
2013-05-29;29/05/2013;2187.5;2187.5;2187.5;2187.5;132
2013-05-30;30/05/2013;2043.125;2043.125;2043.125;2043.125;192
2013-06-03;03/06/2013;2067.5;2067.5;2067.5;2067.5;107
2013-06-04;04/06/2013;2067.5;2067.5;2067.5;2067.5;6
2013-06-06;06/06/2013;2115.625;2115.625;2115.625;2115.625;28
2013-06-11;11/06/2013;2115.625;2115.625;2115.625;2115.625;80
2013-06-12;12/06/2013;2163.75;2163.75;2163.75;2163.75;214
2013-06-13;13/06/2013;2139.375;2139.375;2139.375;2139.375;1580
2013-06-14;14/06/2013;2163.75;2163.75;2163.75;2163.75;446
2013-06-18;18/06/2013;2001.25;2001.25;2001.25;2001.25;68
2013-06-19;19/06/2013;2001.25;2001.25;2001.25;2001.25;64
2013-06-20;20/06/2013;2019.375;2019.375;2019.375;2019.375;12
2013-06-26;26/06/2013;2163.75;2163.75;2163.75;2163.75;99
2013-06-27;27/06/2013;2163.75;2163.75;2163.75;2163.75;16
2013-06-28;28/06/2013;2163.75;2163.75;2163.75;2163.75;16
2013-07-01;01/07/2013;2043.125;2043.125;2043.125;2043.125;33
2013-07-04;04/07/2013;2043.125;2043.125;2043.125;2043.125;65
2013-07-05;05/07/2013;2043.125;2043.125;2043.125;2043.125;25
2013-07-08;08/07/2013;2043.125;2043.125;2043.125;2043.125;54
2013-07-09;09/07/2013;2043.125;2043.125;2043.125;2043.125;56
2013-07-10;10/07/2013;2043.125;2043.125;2043.125;2043.125;43
2013-07-11;11/07/2013;2043.125;2043.125;2043.125;2043.125;54
2013-07-15;15/07/2013;2163.75;2163.75;2163.75;2163.75;81
2013-07-17;17/07/2013;2115.625;2115.625;2115.625;2115.625;24
2013-07-19;19/07/2013;2067.5;2067.5;2067.5;2067.5;80
2013-07-22;22/07/2013;2076.875;2076.875;2076.875;2076.875;137
2013-07-24;24/07/2013;2091.25;2091.25;2091.25;2091.25;44
2013-07-29;29/07/2013;2091.875;2091.875;2091.875;2091.875;41
2013-07-30;30/07/2013;2091.25;2091.25;2091.25;2091.25;432
2013-08-05;05/08/2013;2091.25;2091.25;2091.25;2091.25;20
2013-08-06;06/08/2013;2091.25;2091.25;2091.25;2091.25;531
2013-08-09;09/08/2013;2091.25;2091.25;2091.25;2091.25;176
2013-08-13;13/08/2013;2091.25;2091.25;2091.25;2091.25;132
2013-08-14;14/08/2013;2091.25;2091.25;2091.25;2091.25;78
2013-08-16;16/08/2013;1971.25;1971.25;1971.25;1971.25;96
2013-08-20;20/08/2013;2019.375;2019.375;2019.375;2019.375;356
2013-08-22;22/08/2013;2019.375;2019.375;2019.375;2019.375;480
2013-08-23;23/08/2013;2043.125;2043.125;2043.125;2043.125;587
2013-08-26;26/08/2013;2170.625;2170.625;2170.625;2170.625;337
2013-08-27;27/08/2013;2170.625;2170.625;2170.625;2170.625;160
2013-08-28;28/08/2013;2043.125;2043.125;2043.125;2043.125;180
2013-08-30;30/08/2013;2043.125;2043.125;2043.125;2043.125;4
2013-09-03;03/09/2013;2043.125;2043.125;2043.125;2043.125;11
2013-09-04;04/09/2013;1890;1890;1890;1890;340
2013-09-06;06/09/2013;2019.375;2019.375;2019.375;2019.375;19
2013-09-10;10/09/2013;2019.375;2019.375;2019.375;2019.375;14
2013-09-13;13/09/2013;1923.125;1923.125;1923.125;1923.125;166
2013-09-16;16/09/2013;2019.375;2019.375;2019.375;2019.375;32
2013-09-17;17/09/2013;2019.375;2019.375;2019.375;2019.375;406
2013-09-18;18/09/2013;2019.375;2019.375;2019.375;2019.375;278
2013-09-19;19/09/2013;1995;1995;1995;1995;20
2013-09-20;20/09/2013;1995;1995;1995;1995;56
2013-09-23;23/09/2013;1995;1995;1995;1995;81
2013-09-24;24/09/2013;2019.375;2019.375;2019.375;2019.375;1003
2013-09-25;25/09/2013;1971.25;1971.25;1971.25;1971.25;747
2013-09-26;26/09/2013;2019.375;2019.375;2019.375;2019.375;30
2013-09-27;27/09/2013;1946.875;1946.875;1946.875;1946.875;62
2013-10-01;01/10/2013;1946.875;1946.875;1946.875;1946.875;582
2013-10-02;02/10/2013;2019.375;2019.375;2019.375;2019.375;14
2013-10-03;03/10/2013;2019.375;2019.375;2019.375;2019.375;43
2013-10-07;07/10/2013;2018.75;2018.75;2018.75;2018.75;38
2013-10-09;09/10/2013;1995;1995;1995;1995;1
2013-10-10;10/10/2013;1995;1995;1995;1995;331
2013-10-11;11/10/2013;1995;1995;1995;1995;86
2013-10-14;14/10/2013;1995;1995;1995;1995;88
2013-10-17;17/10/2013;1995;1995;1995;1995;8
2013-10-21;21/10/2013;1995;1995;1995;1995;6
2013-10-22;22/10/2013;2019.375;2019.375;2019.375;2019.375;104
2013-10-23;23/10/2013;2019.375;2019.375;2019.375;2019.375;336
2013-10-24;24/10/2013;2019.375;2019.375;2019.375;2019.375;323
2013-10-28;28/10/2013;2019.375;2019.375;2019.375;2019.375;536
2013-10-31;31/10/2013;1955;1955;1955;1955;51
2013-11-04;04/11/2013;1955;1955;1955;1955;3
2013-11-05;05/11/2013;2019.375;2019.375;2019.375;2019.375;32
2013-11-06;06/11/2013;2043.75;2043.75;2043.75;2043.75;88
2013-11-07;07/11/2013;2043.125;2043.125;2043.125;2043.125;16
2013-11-11;11/11/2013;2043.125;2043.125;2043.125;2043.125;1628
2013-11-12;12/11/2013;2067.5;2067.5;2067.5;2067.5;9
2013-11-13;13/11/2013;2067.5;2067.5;2067.5;2067.5;30
2013-11-14;14/11/2013;2101.875;2101.875;2101.875;2101.875;59
2013-11-18;18/11/2013;2067.5;2067.5;2067.5;2067.5;299
2013-11-20;20/11/2013;2067.5;2067.5;2067.5;2067.5;441
2013-11-21;21/11/2013;2067.5;2067.5;2067.5;2067.5;721
2013-11-22;22/11/2013;2067.5;2067.5;2067.5;2067.5;28
2013-11-25;25/11/2013;2067.5;2067.5;2067.5;2067.5;41
2013-11-26;26/11/2013;2067.5;2067.5;2067.5;2067.5;352
2013-11-27;27/11/2013;2067.5;2067.5;2067.5;2067.5;286
2013-12-02;02/12/2013;2115.625;2115.625;2115.625;2115.625;8
2013-12-03;03/12/2013;2115.625;2115.625;2115.625;2115.625;120
2013-12-04;04/12/2013;2163.75;2163.75;2163.75;2163.75;214
2013-12-05;05/12/2013;2163.75;2163.75;2163.75;2163.75;35
2013-12-06;06/12/2013;2163.75;2163.75;2163.75;2163.75;1176
2013-12-09;09/12/2013;2067.5;2067.5;2067.5;2067.5;185
2013-12-10;10/12/2013;2067.5;2067.5;2067.5;2067.5;20
2013-12-11;11/12/2013;2019.375;2019.375;2019.375;2019.375;180
2013-12-12;12/12/2013;2067.5;2067.5;2067.5;2067.5;123
2013-12-13;13/12/2013;2019.375;2019.375;2019.375;2019.375;16
2013-12-16;16/12/2013;2067.5;2067.5;2067.5;2067.5;296
2013-12-17;17/12/2013;2019.375;2019.375;2019.375;2019.375;89
2013-12-18;18/12/2013;2067.5;2067.5;2067.5;2067.5;206
2013-12-19;19/12/2013;2067.5;2067.5;2067.5;2067.5;51
2013-12-20;20/12/2013;2067.5;2067.5;2067.5;2067.5;643
2013-12-23;23/12/2013;2067.5;2067.5;2067.5;2067.5;187
2013-12-26;26/12/2013;2067.5;2067.5;2067.5;2067.5;1574
2013-12-27;27/12/2013;2067.5;2067.5;2067.5;2067.5;3600
2013-12-30;30/12/2013;2071.875;2071.875;2071.875;2071.875;131
2013-12-31;31/12/2013;2076.875;2076.875;2076.875;2076.875;364
2014-01-03;03/01/2014;2079.375;2079.375;2079.375;2079.375;27
2014-01-06;06/01/2014;2163.75;2163.75;2163.75;2163.75;1926
2014-01-07;07/01/2014;2163.75;2163.75;2163.75;2163.75;152
2014-01-08;08/01/2014;2173.125;2173.125;2173.125;2173.125;59
2014-01-09;09/01/2014;2115.625;2115.625;2115.625;2115.625;507
2014-01-10;10/01/2014;2115.625;2115.625;2115.625;2115.625;126
2014-01-14;14/01/2014;2127.5;2127.5;2127.5;2127.5;30
2014-01-15;15/01/2014;2125;2125;2125;2125;49
2014-01-17;17/01/2014;2125;2125;2125;2125;16
2014-01-21;21/01/2014;2139.375;2139.375;2139.375;2139.375;4
2014-01-22;22/01/2014;2139.375;2139.375;2139.375;2139.375;4
2014-01-24;24/01/2014;2144.375;2144.375;2144.375;2144.375;17
2014-01-27;27/01/2014;2148.75;2148.75;2148.75;2148.75;12
2014-01-28;28/01/2014;2151.25;2151.25;2151.25;2151.25;102
2014-01-31;31/01/2014;2187.5;2187.5;2187.5;2187.5;24
2014-02-03;03/02/2014;2211.875;2211.875;2211.875;2211.875;33
2014-02-04;04/02/2014;2211.25;2211.25;2211.25;2211.25;6
2014-02-07;07/02/2014;2211.875;2211.875;2211.875;2211.875;73
2014-02-10;10/02/2014;2216.875;2216.875;2216.875;2216.875;291
2014-02-11;11/02/2014;2216.25;2216.25;2216.25;2216.25;48
2014-02-12;12/02/2014;2235.625;2235.625;2235.625;2235.625;200
2014-02-13;13/02/2014;2216.875;2216.875;2216.875;2216.875;4
2014-02-14;14/02/2014;2221.25;2221.25;2221.25;2221.25;2833
2014-02-17;17/02/2014;2221.25;2221.25;2221.25;2221.25;56
2014-02-18;18/02/2014;2221.875;2221.875;2221.875;2221.875;6576
2014-02-19;19/02/2014;2226.25;2226.25;2226.25;2226.25;25
2014-02-20;20/02/2014;2262.5;2262.5;2262.5;2262.5;1489
2014-02-24;24/02/2014;2283.75;2283.75;2283.75;2283.75;3
2014-02-25;25/02/2014;2384.375;2384.375;2384.375;2384.375;62
2014-02-26;26/02/2014;2384.375;2384.375;2384.375;2384.375;638
2014-03-03;03/03/2014;2401.25;2401.25;2401.25;2401.25;8
2014-03-04;04/03/2014;2384.375;2384.375;2384.375;2384.375;33
2014-03-05;05/03/2014;2380;2380;2380;2380;72
2014-03-06;06/03/2014;2380;2380;2380;2380;41
2014-03-07;07/03/2014;2355.625;2355.625;2355.625;2355.625;59
2014-03-10;10/03/2014;2380;2380;2380;2380;16
2014-03-11;11/03/2014;2355.625;2355.625;2355.625;2355.625;43
2014-03-12;12/03/2014;2331.875;2331.875;2331.875;2331.875;72
2014-03-13;13/03/2014;2259.375;2259.375;2259.375;2259.375;64
2014-03-14;14/03/2014;2259.375;2259.375;2259.375;2259.375;192
2014-03-17;17/03/2014;2307.5;2307.5;2307.5;2307.5;641
2014-03-18;18/03/2014;2259.375;2259.375;2259.375;2259.375;128
2014-03-19;19/03/2014;2264.375;2264.375;2264.375;2264.375;9
2014-03-20;20/03/2014;2264.375;2264.375;2264.375;2264.375;16
2014-03-21;21/03/2014;2264.375;2264.375;2264.375;2264.375;100
2014-03-24;24/03/2014;2307.5;2307.5;2307.5;2307.5;872
2014-03-25;25/03/2014;2356.25;2356.25;2356.25;2356.25;2800
2014-03-26;26/03/2014;2432.5;2432.5;2432.5;2432.5;155
2014-03-28;28/03/2014;2451.875;2451.875;2451.875;2451.875;1
2014-03-31;31/03/2014;2562.5;2562.5;2562.5;2562.5;84
2014-04-01;01/04/2014;2740.625;2740.625;2740.625;2740.625;201
2014-04-02;02/04/2014;2803.125;2803.125;2803.125;2803.125;80
2014-04-03;03/04/2014;2812.5;2812.5;2812.5;2812.5;17
2014-04-04;04/04/2014;2884.375;2884.375;2884.375;2884.375;38
2014-04-07;07/04/2014;2884.375;2884.375;2884.375;2884.375;52
2014-04-08;08/04/2014;2884.375;2884.375;2884.375;2884.375;86
2014-04-09;09/04/2014;3028.75;3028.75;3028.75;3028.75;304
2014-04-10;10/04/2014;3028.75;3028.75;3028.75;3028.75;32
2014-04-11;11/04/2014;3028.75;3028.75;3028.75;3028.75;1
2014-04-14;14/04/2014;3029.375;3029.375;3029.375;3029.375;137
2014-04-15;15/04/2014;3029.375;3029.375;3029.375;3029.375;12
2014-04-16;16/04/2014;3029.375;3029.375;3029.375;3029.375;43
2014-04-17;17/04/2014;3033.75;3033.75;3033.75;3033.75;12
2014-04-18;18/04/2014;3028.75;3028.75;3028.75;3028.75;57
2014-04-22;22/04/2014;3028.75;3028.75;3028.75;3028.75;248
2014-04-23;23/04/2014;2980.625;2980.625;2980.625;2980.625;3
2014-04-25;25/04/2014;3028.75;3028.75;3028.75;3028.75;24
2014-04-28;28/04/2014;2980.625;2980.625;2980.625;2980.625;14
2014-04-29;29/04/2014;2980.625;2980.625;2980.625;2980.625;44
2014-04-30;30/04/2014;2980.625;2980.625;2980.625;2980.625;113
2014-05-05;05/05/2014;2980.625;2980.625;2980.625;2980.625;24
2014-05-06;06/05/2014;2884.375;2884.375;2884.375;2884.375;40
2014-05-07;07/05/2014;2812.5;2812.5;2812.5;2812.5;3
2014-05-08;08/05/2014;2928.125;2928.125;2928.125;2928.125;17
2014-05-13;13/05/2014;2933.125;2933.125;2933.125;2933.125;36
2014-05-15;15/05/2014;2928.125;2928.125;2928.125;2928.125;51
2014-05-16;16/05/2014;2932.5;2932.5;2932.5;2932.5;76
2014-05-19;19/05/2014;2932.5;2932.5;2932.5;2932.5;33
2014-05-20;20/05/2014;2884.375;2884.375;2884.375;2884.375;57
2014-05-21;21/05/2014;2884.375;2884.375;2884.375;2884.375;25
2014-05-22;22/05/2014;2884.375;2884.375;2884.375;2884.375;44
2014-05-23;23/05/2014;2884.375;2884.375;2884.375;2884.375;22
2014-05-26;26/05/2014;2884.375;2884.375;2884.375;2884.375;12
2014-05-27;27/05/2014;2884.375;2884.375;2884.375;2884.375;54
2014-05-28;28/05/2014;2884.375;2884.375;2884.375;2884.375;16
2014-06-02;02/06/2014;2836.25;2836.25;2836.25;2836.25;195
2014-06-03;03/06/2014;2836.25;2836.25;2836.25;2836.25;164
2014-06-04;04/06/2014;2836.875;2836.875;2836.875;2836.875;4
2014-06-05;05/06/2014;2836.875;2836.875;2836.875;2836.875;16
2014-06-06;06/06/2014;2932.5;2932.5;2932.5;2932.5;144
2014-06-10;10/06/2014;2980.625;2980.625;2980.625;2980.625;65
2014-06-11;11/06/2014;2980.625;2980.625;2980.625;2980.625;33
2014-06-12;12/06/2014;2884.375;2884.375;2884.375;2884.375;94
2014-06-13;13/06/2014;2932.5;2932.5;2932.5;2932.5;118
2014-06-16;16/06/2014;2836.25;2836.25;2836.25;2836.25;99
2014-06-17;17/06/2014;2836.875;2836.875;2836.875;2836.875;38
2014-06-18;18/06/2014;2836.25;2836.25;2836.25;2836.25;73
2014-06-19;19/06/2014;2884.375;2884.375;2884.375;2884.375;11
2014-06-20;20/06/2014;2884.375;2884.375;2884.375;2884.375;377
2014-06-24;24/06/2014;2884.375;2884.375;2884.375;2884.375;38
2014-06-26;26/06/2014;2884.375;2884.375;2884.375;2884.375;544
2014-06-27;27/06/2014;2884.375;2884.375;2884.375;2884.375;1
2014-06-30;30/06/2014;2884.375;2884.375;2884.375;2884.375;388
2014-07-01;01/07/2014;2884.375;2884.375;2884.375;2884.375;1062
2014-07-02;02/07/2014;2932.5;2932.5;2932.5;2932.5;241
2014-07-03;03/07/2014;2937.5;2937.5;2937.5;2937.5;96
2014-07-04;04/07/2014;2932.5;2932.5;2932.5;2932.5;120
2014-07-08;08/07/2014;2932.5;2932.5;2932.5;2932.5;49
2014-07-09;09/07/2014;2932.5;2932.5;2932.5;2932.5;49
2014-07-10;10/07/2014;2932.5;2932.5;2932.5;2932.5;216
2014-07-11;11/07/2014;2956.875;2956.875;2956.875;2956.875;11
2014-07-14;14/07/2014;2932.5;2932.5;2932.5;2932.5;203
2014-07-15;15/07/2014;2932.5;2932.5;2932.5;2932.5;56
2014-07-16;16/07/2014;2932.5;2932.5;2932.5;2932.5;324
2014-07-18;18/07/2014;2980.625;2980.625;2980.625;2980.625;1139
2014-07-21;21/07/2014;3204.375;3204.375;3204.375;3204.375;19
2014-07-23;23/07/2014;3125;3125;3125;3125;2835
2014-07-25;25/07/2014;3269.375;3269.375;3269.375;3269.375;350
2014-07-29;29/07/2014;3269.375;3269.375;3269.375;3269.375;28
2014-07-30;30/07/2014;3125;3125;3125;3125;1748
2014-07-31;31/07/2014;2980.625;2980.625;2980.625;2980.625;16
2014-08-01;01/08/2014;2980.625;2980.625;2980.625;2980.625;3
2014-08-04;04/08/2014;2981.875;2981.875;2981.875;2981.875;41
2014-08-05;05/08/2014;2980.625;2980.625;2980.625;2980.625;176
2014-08-06;06/08/2014;2980.625;2980.625;2980.625;2980.625;518
2014-08-07;07/08/2014;3875;3875;3875;3875;5184
2014-08-08;08/08/2014;2788.75;2788.75;2788.75;2788.75;14
2014-08-11;11/08/2014;2788.75;2788.75;2788.75;2788.75;235
2014-08-12;12/08/2014;2980.625;2980.625;2980.625;2980.625;104
2014-08-14;14/08/2014;2980.625;2980.625;2980.625;2980.625;41
2014-08-18;18/08/2014;2980.625;2980.625;2980.625;2980.625;80
2014-08-19;19/08/2014;2980.625;2980.625;2980.625;2980.625;12
2014-08-20;20/08/2014;2980.625;2980.625;2980.625;2980.625;3
2014-08-21;21/08/2014;2980.625;2980.625;2980.625;2980.625;265
2014-08-22;22/08/2014;3028.75;3028.75;3028.75;3028.75;54
2014-08-25;25/08/2014;3028.75;3028.75;3028.75;3028.75;22
2014-08-27;27/08/2014;3029.375;3029.375;3029.375;3029.375;3105
2014-08-28;28/08/2014;3028.75;3028.75;3028.75;3028.75;5078
2014-08-29;29/08/2014;3028.75;3028.75;3028.75;3028.75;67
2014-09-01;01/09/2014;3028.75;3028.75;3028.75;3028.75;1784
2014-09-02;02/09/2014;3028.75;3028.75;3028.75;3028.75;523
2014-09-03;03/09/2014;3028.75;3028.75;3028.75;3028.75;11
2014-09-04;04/09/2014;3028.75;3028.75;3028.75;3028.75;324
2014-09-05;05/09/2014;2980.625;2980.625;2980.625;2980.625;168
2014-09-08;08/09/2014;3028.75;3028.75;3028.75;3028.75;12
2014-09-09;09/09/2014;3005;3005;3005;3005;16
2014-09-10;10/09/2014;3005;3005;3005;3005;27
2014-09-11;11/09/2014;2932.5;2932.5;2932.5;2932.5;3654
2014-09-12;12/09/2014;2980.625;2980.625;2980.625;2980.625;8
2014-09-15;15/09/2014;2980.625;2980.625;2980.625;2980.625;24
2014-09-16;16/09/2014;3005;3005;3005;3005;6
2014-09-17;17/09/2014;3005;3005;3005;3005;1
2014-09-18;18/09/2014;3005;3005;3005;3005;1
2014-09-19;19/09/2014;3005;3005;3005;3005;193
2014-09-22;22/09/2014;3005;3005;3005;3005;4913
2014-09-23;23/09/2014;3005;3005;3005;3005;483
2014-09-24;24/09/2014;3005;3005;3005;3005;232
2014-09-26;26/09/2014;3028.75;3028.75;3028.75;3028.75;4800
2014-09-29;29/09/2014;3028.75;3028.75;3028.75;3028.75;886
2014-10-01;01/10/2014;3125;3125;3125;3125;160
2014-10-02;02/10/2014;3005;3005;3005;3005;16
2014-10-03;03/10/2014;3028.75;3028.75;3028.75;3028.75;12
2014-10-06;06/10/2014;3028.75;3028.75;3028.75;3028.75;529
2014-10-07;07/10/2014;3028.75;3028.75;3028.75;3028.75;6
2014-10-08;08/10/2014;3028.75;3028.75;3028.75;3028.75;345
2014-10-09;09/10/2014;3028.75;3028.75;3028.75;3028.75;24
2014-10-10;10/10/2014;3028.75;3028.75;3028.75;3028.75;80
2014-10-13;13/10/2014;3007.5;3007.5;3007.5;3007.5;1401
2014-10-14;14/10/2014;3005;3005;3005;3005;121
2014-10-15;15/10/2014;3005;3005;3005;3005;923
2014-10-16;16/10/2014;2980.625;2980.625;2980.625;2980.625;17
2014-10-17;17/10/2014;3005;3005;3005;3005;38
2014-10-20;20/10/2014;2980.625;2980.625;2980.625;2980.625;584
2014-10-21;21/10/2014;2980.625;2980.625;2980.625;2980.625;8
2014-10-22;22/10/2014;3005;3005;3005;3005;64
2014-10-23;23/10/2014;2980.625;2980.625;2980.625;2980.625;36
2014-10-24;24/10/2014;2980.625;2980.625;2980.625;2980.625;2454
2014-10-27;27/10/2014;2980.625;2980.625;2980.625;2980.625;1
2014-10-28;28/10/2014;2980.625;2980.625;2980.625;2980.625;80
2014-10-29;29/10/2014;2932.5;2932.5;2932.5;2932.5;43
2014-10-30;30/10/2014;2980.625;2980.625;2980.625;2980.625;1
2014-11-03;03/11/2014;2933.125;2933.125;2933.125;2933.125;7772
2014-11-04;04/11/2014;2884.375;2884.375;2884.375;2884.375;115
2014-11-05;05/11/2014;2884.375;2884.375;2884.375;2884.375;115
2014-11-06;06/11/2014;2884.375;2884.375;2884.375;2884.375;14
2014-11-07;07/11/2014;2884.375;2884.375;2884.375;2884.375;270
2014-11-11;11/11/2014;3005;3005;3005;3005;249
2014-11-12;12/11/2014;2932.5;2932.5;2932.5;2932.5;52
2014-11-13;13/11/2014;2980.625;2980.625;2980.625;2980.625;486
2014-11-14;14/11/2014;2980.625;2980.625;2980.625;2980.625;995
2014-11-17;17/11/2014;2980.625;2980.625;2980.625;2980.625;51
2014-11-18;18/11/2014;2980.625;2980.625;2980.625;2980.625;900
2014-11-19;19/11/2014;2980.625;2980.625;2980.625;2980.625;62
2014-11-20;20/11/2014;2980.625;2980.625;2980.625;2980.625;25
2014-11-21;21/11/2014;2933.125;2933.125;2933.125;2933.125;2105
2014-11-24;24/11/2014;2956.875;2956.875;2956.875;2956.875;75
2014-11-25;25/11/2014;2992.5;2992.5;2992.5;2992.5;104
2014-11-26;26/11/2014;2938.75;2938.75;2938.75;2938.75;25
2014-11-27;27/11/2014;2956.875;2956.875;2956.875;2956.875;281
2014-12-01;01/12/2014;2980.625;2980.625;2980.625;2980.625;27
2014-12-02;02/12/2014;2980.625;2980.625;2980.625;2980.625;1
2014-12-03;03/12/2014;2980.625;2980.625;2980.625;2980.625;30
2014-12-04;04/12/2014;2980.625;2980.625;2980.625;2980.625;112
2014-12-08;08/12/2014;3005;3005;3005;3005;48
2014-12-09;09/12/2014;3005;3005;3005;3005;627
2014-12-10;10/12/2014;3005;3005;3005;3005;315
2014-12-11;11/12/2014;3005;3005;3005;3005;24
2014-12-12;12/12/2014;2992.5;2992.5;2992.5;2992.5;224
2014-12-15;15/12/2014;3125;3125;3125;3125;105
2014-12-16;16/12/2014;3359.375;3359.375;3359.375;3359.375;96
2014-12-17;17/12/2014;3610.625;3610.625;3610.625;3610.625;153
2014-12-18;18/12/2014;3879.375;3879.375;3879.375;3879.375;296
2014-12-23;23/12/2014;3942.5;3942.5;3942.5;3942.5;628
2014-12-24;24/12/2014;4086.25;4086.25;4086.25;4086.25;280
2014-12-25;25/12/2014;5312.1875;5312.1875;5312.1875;5312.1875;2800
2014-12-29;29/12/2014;4086.25;4086.25;4086.25;4086.25;44
2014-12-30;30/12/2014;4086.25;4086.25;4086.25;4086.25;323
2014-12-31;31/12/2014;4182.5;4182.5;4182.5;4182.5;524
2015-01-08;08/01/2015;4086.25;4086.25;4086.25;4086.25;217
2015-01-09;09/01/2015;3846.25;3846.25;3846.25;3846.25;8
2015-01-12;12/01/2015;4038.75;4038.75;4038.75;4038.75;110
2015-01-13;13/01/2015;4038.125;4038.125;4038.125;4038.125;38
2015-01-14;14/01/2015;4086.25;4086.25;4086.25;4086.25;80
2015-01-15;15/01/2015;3846.25;3846.25;3846.25;3846.25;14
2015-01-16;16/01/2015;3846.25;3846.25;3846.25;3846.25;11
2015-01-19;19/01/2015;3846.25;3846.25;3846.25;3846.25;320
2015-01-21;21/01/2015;3990.625;3990.625;3990.625;3990.625;304
2015-01-23;23/01/2015;3995;3995;3995;3995;28
2015-01-26;26/01/2015;3995;3995;3995;3995;24
2015-01-27;27/01/2015;4086.25;4086.25;4086.25;4086.25;43
2015-01-28;28/01/2015;4182.5;4182.5;4182.5;4182.5;208
2015-01-29;29/01/2015;4134.375;4134.375;4134.375;4134.375;6238
2015-01-30;30/01/2015;4444.375;4444.375;4444.375;4444.375;688
2015-02-02;02/02/2015;4423.125;4423.125;4423.125;4423.125;180
2015-02-03;03/02/2015;4321.875;4321.875;4321.875;4321.875;8580
2015-02-04;04/02/2015;4278.75;4278.75;4278.75;4278.75;104
2015-02-05;05/02/2015;4278.75;4278.75;4278.75;4278.75;32
2015-02-06;06/02/2015;4278.75;4278.75;4278.75;4278.75;1
2015-02-09;09/02/2015;5562.5;5562.5;5562.5;5562.5;16
2015-02-10;10/02/2015;4086.25;4086.25;4086.25;4086.25;179
2015-02-11;11/02/2015;4091.25;4091.25;4091.25;4091.25;174
2015-02-12;12/02/2015;4091.25;4091.25;4091.25;4091.25;11
2015-02-16;16/02/2015;4038.75;4038.75;4038.75;4038.75;328
2015-02-18;18/02/2015;4038.75;4038.75;4038.75;4038.75;12
2015-02-20;20/02/2015;4038.75;4038.75;4038.75;4038.75;4
2015-02-24;24/02/2015;3990.625;3990.625;3990.625;3990.625;19
2015-02-25;25/02/2015;3966.25;3966.25;3966.25;3966.25;456
2015-02-27;27/02/2015;3846.25;3846.25;3846.25;3846.25;625
2015-03-02;02/03/2015;3846.25;3846.25;3846.25;3846.25;19
2015-03-04;04/03/2015;3846.25;3846.25;3846.25;3846.25;48
2015-03-05;05/03/2015;3870;3870;3870;3870;51
2015-03-06;06/03/2015;3851.25;3851.25;3851.25;3851.25;496
2015-03-09;09/03/2015;3856.25;3856.25;3856.25;3856.25;64
2015-03-10;10/03/2015;3918.125;3918.125;3918.125;3918.125;22
2015-03-11;11/03/2015;3920.625;3920.625;3920.625;3920.625;22
2015-03-12;12/03/2015;3942.5;3942.5;3942.5;3942.5;22
2015-03-13;13/03/2015;3918.125;3918.125;3918.125;3918.125;508
2015-03-16;16/03/2015;3918.75;3918.75;3918.75;3918.75;54
2015-03-18;18/03/2015;4212.5;4212.5;4212.5;4212.5;16
2015-03-19;19/03/2015;3918.125;3918.125;3918.125;3918.125;3198
2015-03-20;20/03/2015;3918.125;3918.125;3918.125;3918.125;836
2015-03-23;23/03/2015;3894.375;3894.375;3894.375;3894.375;4451
2015-03-24;24/03/2015;3908.75;3908.75;3908.75;3908.75;41
2015-03-25;25/03/2015;3821.875;3821.875;3821.875;3821.875;3099
2015-03-26;26/03/2015;3821.875;3821.875;3821.875;3821.875;260
2015-03-30;30/03/2015;3918.125;3918.125;3918.125;3918.125;955
2015-03-31;31/03/2015;3894.375;3894.375;3894.375;3894.375;40
2015-04-01;01/04/2015;3918.125;3918.125;3918.125;3918.125;219
2015-04-02;02/04/2015;3846.25;3846.25;3846.25;3846.25;4
2015-04-07;07/04/2015;3846.25;3846.25;3846.25;3846.25;124
2015-04-08;08/04/2015;3846.25;3846.25;3846.25;3846.25;54
2015-04-09;09/04/2015;3846.25;3846.25;3846.25;3846.25;80
2015-04-10;10/04/2015;3870;3870;3870;3870;2400
2015-04-13;13/04/2015;3894.375;3894.375;3894.375;3894.375;80
2015-04-14;14/04/2015;3894.375;3894.375;3894.375;3894.375;1385
2015-04-15;15/04/2015;3918.125;3918.125;3918.125;3918.125;24028
2015-04-16;16/04/2015;3990.625;3990.625;3990.625;3990.625;6403
2015-04-23;23/04/2015;3990.625;3990.625;3990.625;3990.625;8
2015-04-24;24/04/2015;3990.625;3990.625;3990.625;3990.625;20
2015-04-27;27/04/2015;3990.625;3990.625;3990.625;3990.625;91
2015-04-29;29/04/2015;3990.625;3990.625;3990.625;3990.625;385
2015-05-05;05/05/2015;3894.375;3894.375;3894.375;3894.375;4
2015-05-08;08/05/2015;3821.875;3821.875;3821.875;3821.875;163
2015-05-12;12/05/2015;3821.875;3821.875;3821.875;3821.875;1
2015-05-19;19/05/2015;3607.5;3607.5;3607.5;3607.5;113
2015-05-20;20/05/2015;3653.75;3653.75;3653.75;3653.75;3
2015-05-21;21/05/2015;3653.75;3653.75;3653.75;3653.75;1307
2015-05-22;22/05/2015;3654.375;3654.375;3654.375;3654.375;11
2015-05-25;25/05/2015;4750.3125;4750.3125;4750.3125;4750.3125;112
2015-05-26;26/05/2015;3701.875;3701.875;3701.875;3701.875;22
2015-05-27;27/05/2015;3821.875;3821.875;3821.875;3821.875;41
2015-05-28;28/05/2015;3773.75;3773.75;3773.75;3773.75;59
2015-05-29;29/05/2015;3726.25;3726.25;3726.25;3726.25;32
2015-06-01;01/06/2015;3821.875;3821.875;3821.875;3821.875;848
2015-06-02;02/06/2015;3773.75;3773.75;3773.75;3773.75;8
2015-06-03;03/06/2015;3773.75;3773.75;3773.75;3773.75;779
2015-06-04;04/06/2015;3706.875;3706.875;3706.875;3706.875;1120
2015-06-05;05/06/2015;3706.875;3706.875;3706.875;3706.875;64
2015-06-08;08/06/2015;3701.875;3701.875;3701.875;3701.875;1411
2015-06-09;09/06/2015;3726.25;3726.25;3726.25;3726.25;110
2015-06-10;10/06/2015;3706.875;3706.875;3706.875;3706.875;56
2015-06-11;11/06/2015;3706.875;3706.875;3706.875;3706.875;419
2015-06-15;15/06/2015;3750;3750;3750;3750;99
2015-06-17;17/06/2015;3706.875;3706.875;3706.875;3706.875;433
2015-06-18;18/06/2015;3711.25;3711.25;3711.25;3711.25;11
2015-06-19;19/06/2015;3701.875;3701.875;3701.875;3701.875;3216
2015-06-22;22/06/2015;3846.25;3846.25;3846.25;3846.25;65
2015-06-23;23/06/2015;3845.625;3845.625;3845.625;3845.625;160
2015-06-25;25/06/2015;3798.125;3798.125;3798.125;3798.125;14
2015-06-26;26/06/2015;3783.75;3783.75;3783.75;3783.75;19
2015-06-29;29/06/2015;3783.75;3783.75;3783.75;3783.75;43
2015-06-30;30/06/2015;3798.125;3798.125;3798.125;3798.125;22
2015-07-01;01/07/2015;3798.125;3798.125;3798.125;3798.125;145
2015-07-02;02/07/2015;3798.125;3798.125;3798.125;3798.125;572
2015-07-03;03/07/2015;3726.25;3726.25;3726.25;3726.25;177
2015-07-06;06/07/2015;3702.5;3702.5;3702.5;3702.5;113
2015-07-07;07/07/2015;3750;3750;3750;3750;75
2015-07-10;10/07/2015;3750.625;3750.625;3750.625;3750.625;11
2015-07-13;13/07/2015;3846.25;3846.25;3846.25;3846.25;68
2015-07-14;14/07/2015;5000;5000;5000;5000;688
2015-07-15;15/07/2015;3798.125;3798.125;3798.125;3798.125;94
2015-07-16;16/07/2015;3750;3750;3750;3750;4
2015-07-17;17/07/2015;4875;4875;4875;4875;48
2015-07-20;20/07/2015;3759.375;3759.375;3759.375;3759.375;24
2015-07-21;21/07/2015;3773.75;3773.75;3773.75;3773.75;6
2015-07-22;22/07/2015;3821.875;3821.875;3821.875;3821.875;1280
2015-07-23;23/07/2015;3798.125;3798.125;3798.125;3798.125;180
2015-07-24;24/07/2015;3773.75;3773.75;3773.75;3773.75;161
2015-07-27;27/07/2015;3803.125;3803.125;3803.125;3803.125;16
2015-07-29;29/07/2015;3726.875;3726.875;3726.875;3726.875;2844
2015-07-30;30/07/2015;3726.875;3726.875;3726.875;3726.875;3
2015-07-31;31/07/2015;3798.125;3798.125;3798.125;3798.125;52
2015-08-03;03/08/2015;3798.125;3798.125;3798.125;3798.125;36
2015-08-04;04/08/2015;3826.875;3826.875;3826.875;3826.875;48
2015-08-05;05/08/2015;3826.875;3826.875;3826.875;3826.875;296
2015-08-06;06/08/2015;3826.875;3826.875;3826.875;3826.875;184
2015-08-07;07/08/2015;4975;4975;4975;4975;1840
2015-08-10;10/08/2015;3798.125;3798.125;3798.125;3798.125;88
2015-08-11;11/08/2015;3821.875;3821.875;3821.875;3821.875;24
2015-08-12;12/08/2015;3826.875;3826.875;3826.875;3826.875;336
2015-08-13;13/08/2015;3846.25;3846.25;3846.25;3846.25;132
2015-08-14;14/08/2015;3846.25;3846.25;3846.25;3846.25;57
2015-08-17;17/08/2015;3846.25;3846.25;3846.25;3846.25;144
2015-08-18;18/08/2015;3826.875;3826.875;3826.875;3826.875;36
2015-08-19;19/08/2015;3798.75;3798.75;3798.75;3798.75;16
2015-08-20;20/08/2015;3822.5;3822.5;3822.5;3822.5;72
2015-08-21;21/08/2015;3829.375;3829.375;3829.375;3829.375;100
2015-08-24;24/08/2015;3846.25;3846.25;3846.25;3846.25;368
2015-08-25;25/08/2015;3827.5;3827.5;3827.5;3827.5;11
2015-08-26;26/08/2015;3846.25;3846.25;3846.25;3846.25;572
2015-08-27;27/08/2015;3846.25;3846.25;3846.25;3846.25;112
2015-08-28;28/08/2015;3872.5;3872.5;3872.5;3872.5;11
2015-08-31;31/08/2015;3894.375;3894.375;3894.375;3894.375;6
2015-09-01;01/09/2015;3894.375;3894.375;3894.375;3894.375;11
2015-09-02;02/09/2015;3966.25;3966.25;3966.25;3966.25;56
2015-09-03;03/09/2015;3990.625;3990.625;3990.625;3990.625;48
2015-09-04;04/09/2015;3966.875;3966.875;3966.875;3966.875;86
2015-09-07;07/09/2015;3990.625;3990.625;3990.625;3990.625;16
2015-09-08;08/09/2015;3973.75;3973.75;3973.75;3973.75;342
2015-09-09;09/09/2015;3990.625;3990.625;3990.625;3990.625;40
2015-09-10;10/09/2015;4000;4000;4000;4000;19
2015-09-11;11/09/2015;4014.375;4014.375;4014.375;4014.375;30
2015-09-14;14/09/2015;4014.375;4014.375;4014.375;4014.375;110
2015-09-15;15/09/2015;4038.75;4038.75;4038.75;4038.75;19
2015-09-17;17/09/2015;4086.25;4086.25;4086.25;4086.25;62
2015-09-18;18/09/2015;4134.375;4134.375;4134.375;4134.375;80
2015-09-21;21/09/2015;4038.75;4038.75;4038.75;4038.75;156
2015-09-22;22/09/2015;4038.75;4038.75;4038.75;4038.75;84
2015-09-23;23/09/2015;4038.75;4038.75;4038.75;4038.75;155
2015-09-24;24/09/2015;5250;5250;5250;5250;1552
2015-09-25;25/09/2015;4081.875;4081.875;4081.875;4081.875;6
2015-09-28;28/09/2015;4038.75;4038.75;4038.75;4038.75;19
2015-09-29;29/09/2015;4086.25;4086.25;4086.25;4086.25;345
2015-09-30;30/09/2015;4086.875;4086.875;4086.875;4086.875;91
2015-10-01;01/10/2015;4086.25;4086.25;4086.25;4086.25;200
2015-10-02;02/10/2015;4086.875;4086.875;4086.875;4086.875;102
2015-10-05;05/10/2015;4086.25;4086.25;4086.25;4086.25;326
2015-10-06;06/10/2015;4043.75;4043.75;4043.75;4043.75;784
2015-10-08;08/10/2015;4014.375;4014.375;4014.375;4014.375;1985
2015-10-09;09/10/2015;3990.625;3990.625;3990.625;3990.625;915
2015-10-13;13/10/2015;3995;3995;3995;3995;4
2015-10-14;14/10/2015;4086.25;4086.25;4086.25;4086.25;1006
2015-10-15;15/10/2015;4134.375;4134.375;4134.375;4134.375;139
2015-10-16;16/10/2015;4134.375;4134.375;4134.375;4134.375;4
2015-10-19;19/10/2015;4135;4135;4135;4135;1
2015-10-20;20/10/2015;4135;4135;4135;4135;96
2015-10-21;21/10/2015;4135;4135;4135;4135;14
2015-10-22;22/10/2015;4140;4140;4140;4140;105
2015-10-23;23/10/2015;4140;4140;4140;4140;20
2015-10-26;26/10/2015;4135;4135;4135;4135;417
2015-10-27;27/10/2015;4135;4135;4135;4135;48
2015-10-28;28/10/2015;4135;4135;4135;4135;16
2015-11-03;03/11/2015;4182.5;4182.5;4182.5;4182.5;3
2015-11-04;04/11/2015;4182.5;4182.5;4182.5;4182.5;249
2015-11-05;05/11/2015;4038.75;4038.75;4038.75;4038.75;1347
2015-11-06;06/11/2015;4086.25;4086.25;4086.25;4086.25;19
2015-11-09;09/11/2015;4038.75;4038.75;4038.75;4038.75;297
2015-11-10;10/11/2015;4043.125;4043.125;4043.125;4043.125;24
2015-11-12;12/11/2015;4038.75;4038.75;4038.75;4038.75;840
2015-11-13;13/11/2015;4043.75;4043.75;4043.75;4043.75;54
2015-11-16;16/11/2015;4038.75;4038.75;4038.75;4038.75;68
2015-11-17;17/11/2015;4028.75;4028.75;4028.75;4028.75;27
2015-11-18;18/11/2015;3942.5;3942.5;3942.5;3942.5;80
2015-11-19;19/11/2015;3942.5;3942.5;3942.5;3942.5;51
2015-11-20;20/11/2015;3918.125;3918.125;3918.125;3918.125;12
2015-11-23;23/11/2015;3870;3870;3870;3870;54
2015-11-24;24/11/2015;3870;3870;3870;3870;238
2015-11-25;25/11/2015;3846.25;3846.25;3846.25;3846.25;38
2015-11-26;26/11/2015;3870;3870;3870;3870;580
2015-11-27;27/11/2015;3846.25;3846.25;3846.25;3846.25;192
2015-11-30;30/11/2015;3798.125;3798.125;3798.125;3798.125;30
2015-12-01;01/12/2015;3798.125;3798.125;3798.125;3798.125;340
2015-12-02;02/12/2015;3798.125;3798.125;3798.125;3798.125;33
2015-12-03;03/12/2015;3798.125;3798.125;3798.125;3798.125;1
2015-12-04;04/12/2015;3774.375;3774.375;3774.375;3774.375;1606
2015-12-07;07/12/2015;3773.75;3773.75;3773.75;3773.75;17
2015-12-08;08/12/2015;3795.625;3795.625;3795.625;3795.625;24
2015-12-09;09/12/2015;3761.875;3761.875;3761.875;3761.875;35
2015-12-11;11/12/2015;3766.875;3766.875;3766.875;3766.875;35
2015-12-14;14/12/2015;3798.125;3798.125;3798.125;3798.125;128
2015-12-17;17/12/2015;3798.125;3798.125;3798.125;3798.125;616
2015-12-18;18/12/2015;3798.125;3798.125;3798.125;3798.125;1273
2015-12-21;21/12/2015;3798.125;3798.125;3798.125;3798.125;16
2015-12-22;22/12/2015;3821.875;3821.875;3821.875;3821.875;1347
2015-12-23;23/12/2015;3821.875;3821.875;3821.875;3821.875;19
2015-12-24;24/12/2015;4968.75;4968.75;4968.75;4968.75;192
2015-12-25;25/12/2015;4968.75;4968.75;4968.75;4968.75;192
2015-12-28;28/12/2015;3846.25;3846.25;3846.25;3846.25;38
2015-12-29;29/12/2015;4134.375;4134.375;4134.375;4134.375;20
2015-12-31;31/12/2015;4086.25;4086.25;4086.25;4086.25;1
2016-01-05;05/01/2016;3798.125;3798.125;3798.125;3798.125;225
2016-01-06;06/01/2016;3803.125;3803.125;3803.125;3803.125;20
2016-01-07;07/01/2016;3803.125;3803.125;3803.125;3803.125;3
2016-01-08;08/01/2016;3846.25;3846.25;3846.25;3846.25;147
2016-01-11;11/01/2016;3846.875;3846.875;3846.875;3846.875;11
2016-01-12;12/01/2016;4086.25;4086.25;4086.25;4086.25;14
2016-01-13;13/01/2016;3990.625;3990.625;3990.625;3990.625;40
2016-01-14;14/01/2016;4062.5;4062.5;4062.5;4062.5;673
2016-01-18;18/01/2016;4134.375;4134.375;4134.375;4134.375;32
2016-01-19;19/01/2016;4134.375;4134.375;4134.375;4134.375;211
2016-01-20;20/01/2016;4086.25;4086.25;4086.25;4086.25;57
2016-01-21;21/01/2016;4086.25;4086.25;4086.25;4086.25;46
2016-01-22;22/01/2016;4141.875;4141.875;4141.875;4141.875;320
2016-01-25;25/01/2016;4144.375;4144.375;4144.375;4144.375;40
2016-01-26;26/01/2016;4146.875;4146.875;4146.875;4146.875;219
2016-01-27;27/01/2016;4161.25;4161.25;4161.25;4161.25;3254
2016-01-28;28/01/2016;4326.875;4326.875;4326.875;4326.875;411
2016-01-29;29/01/2016;4375;4375;4375;4375;43
2016-02-01;01/02/2016;4336.25;4336.25;4336.25;4336.25;3356
2016-02-02;02/02/2016;4375;4375;4375;4375;168
2016-02-03;03/02/2016;4375;4375;4375;4375;163
2016-02-04;04/02/2016;4380;4380;4380;4380;148
2016-02-05;05/02/2016;4381.25;4381.25;4381.25;4381.25;1283
2016-02-08;08/02/2016;4398.75;4398.75;4398.75;4398.75;1105
2016-02-09;09/02/2016;4403.75;4403.75;4403.75;4403.75;3
2016-02-10;10/02/2016;4339.375;4339.375;4339.375;4339.375;392
2016-02-11;11/02/2016;4375;4375;4375;4375;16
2016-02-12;12/02/2016;4384.375;4384.375;4384.375;4384.375;20
2016-02-15;15/02/2016;4375;4375;4375;4375;326
2016-02-16;16/02/2016;4380;4380;4380;4380;172
2016-02-17;17/02/2016;4423.75;4423.75;4423.75;4423.75;1
2016-02-18;18/02/2016;4567.5;4567.5;4567.5;4567.5;6
2016-02-19;19/02/2016;4615.625;4615.625;4615.625;4615.625;70
2016-02-22;22/02/2016;4615.625;4615.625;4615.625;4615.625;924
2016-02-23;23/02/2016;4615.625;4615.625;4615.625;4615.625;1003
2016-02-24;24/02/2016;4625;4625;4625;4625;9
2016-02-25;25/02/2016;4625;4625;4625;4625;4
2016-02-26;26/02/2016;4625.625;4625.625;4625.625;4625.625;8
2016-02-29;29/02/2016;4639.375;4639.375;4639.375;4639.375;32
2016-03-01;01/03/2016;4648.75;4648.75;4648.75;4648.75;1
2016-03-02;02/03/2016;4663.75;4663.75;4663.75;4663.75;145
2016-03-03;03/03/2016;4711.25;4711.25;4711.25;4711.25;54
2016-03-04;04/03/2016;4760;4760;4760;4760;20
2016-03-07;07/03/2016;5116.875;5116.875;5116.875;5116.875;105
2016-03-08;08/03/2016;5500.625;5500.625;5500.625;5500.625;571
2016-03-09;09/03/2016;5913.125;5913.125;5913.125;5913.125;96
2016-03-10;10/03/2016;6250;6250;6250;6250;1460
2016-03-11;11/03/2016;6250;6250;6250;6250;1051
2016-03-14;14/03/2016;5793.125;5793.125;5793.125;5793.125;80
2016-03-15;15/03/2016;5358.75;5358.75;5358.75;5358.75;35
2016-03-16;16/03/2016;5096.25;5096.25;5096.25;5096.25;163
2016-03-17;17/03/2016;4807.5;4807.5;4807.5;4807.5;60
2016-03-18;18/03/2016;4951.875;4951.875;4951.875;4951.875;6
2016-03-21;21/03/2016;5105.625;5105.625;5105.625;5105.625;2339
2016-03-22;22/03/2016;5130;5130;5130;5130;769
2016-03-23;23/03/2016;5144.375;5144.375;5144.375;5144.375;1152
2016-03-24;24/03/2016;5278.75;5278.75;5278.75;5278.75;1395
2016-03-25;25/03/2016;5240.625;5240.625;5240.625;5240.625;25
2016-03-28;28/03/2016;6812.5;6812.5;6812.5;6812.5;256
2016-03-29;29/03/2016;5625;5625;5625;5625;228
2016-03-30;30/03/2016;5625;5625;5625;5625;2678
2016-03-31;31/03/2016;5501.875;5501.875;5501.875;5501.875;1616
2016-04-01;01/04/2016;5514.375;5514.375;5514.375;5514.375;2121
2016-04-04;04/04/2016;5505;5505;5505;5505;868
2016-04-05;05/04/2016;5384.375;5384.375;5384.375;5384.375;6113
2016-04-06;06/04/2016;5384.375;5384.375;5384.375;5384.375;73
2016-04-07;07/04/2016;5288.75;5288.75;5288.75;5288.75;3123
2016-04-08;08/04/2016;5288.75;5288.75;5288.75;5288.75;83
2016-04-11;11/04/2016;5048.125;5048.125;5048.125;5048.125;65
2016-04-12;12/04/2016;5048.125;5048.125;5048.125;5048.125;67
2016-04-13;13/04/2016;5312.5;5312.5;5312.5;5312.5;19
2016-04-14;14/04/2016;5312.5;5312.5;5312.5;5312.5;4
2016-04-15;15/04/2016;5312.5;5312.5;5312.5;5312.5;1188
2016-04-18;18/04/2016;5312.5;5312.5;5312.5;5312.5;571
2016-04-19;19/04/2016;5192.5;5192.5;5192.5;5192.5;524
2016-04-20;20/04/2016;5192.5;5192.5;5192.5;5192.5;449
2016-04-21;21/04/2016;5201.875;5201.875;5201.875;5201.875;281
2016-04-22;22/04/2016;5312.5;5312.5;5312.5;5312.5;182
2016-04-25;25/04/2016;5312.5;5312.5;5312.5;5312.5;521
2016-04-26;26/04/2016;5312.5;5312.5;5312.5;5312.5;467
2016-04-27;27/04/2016;5192.5;5192.5;5192.5;5192.5;20
2016-04-28;28/04/2016;5240.625;5240.625;5240.625;5240.625;3
2016-04-29;29/04/2016;5240.625;5240.625;5240.625;5240.625;32
2016-05-02;02/05/2016;6812.8125;6812.8125;6812.8125;6812.8125;320
2016-05-03;03/05/2016;5288.75;5288.75;5288.75;5288.75;368
2016-05-04;04/05/2016;5153.75;5153.75;5153.75;5153.75;1233
2016-05-05;05/05/2016;6700;6700;6700;6700;12336
2016-05-06;06/05/2016;5192.5;5192.5;5192.5;5192.5;24
2016-05-09;09/05/2016;5240.625;5240.625;5240.625;5240.625;225
2016-05-10;10/05/2016;5288.75;5288.75;5288.75;5288.75;91
2016-05-11;11/05/2016;5240.625;5240.625;5240.625;5240.625;16
2016-05-12;12/05/2016;5240.625;5240.625;5240.625;5240.625;134
2016-05-13;13/05/2016;5240.625;5240.625;5240.625;5240.625;4
2016-05-16;16/05/2016;6812.5;6812.5;6812.5;6812.5;48
2016-05-17;17/05/2016;5336.25;5336.25;5336.25;5336.25;208
2016-05-18;18/05/2016;5288.75;5288.75;5288.75;5288.75;305
2016-05-19;19/05/2016;5360.625;5360.625;5360.625;5360.625;113
2016-05-20;20/05/2016;5384.375;5384.375;5384.375;5384.375;44
2016-05-23;23/05/2016;5360.625;5360.625;5360.625;5360.625;8
2016-05-24;24/05/2016;5384.375;5384.375;5384.375;5384.375;222
2016-05-25;25/05/2016;5384.375;5384.375;5384.375;5384.375;312
2016-05-26;26/05/2016;5528.75;5528.75;5528.75;5528.75;1464
2016-05-27;27/05/2016;5480.625;5480.625;5480.625;5480.625;14
2016-05-30;30/05/2016;5288.75;5288.75;5288.75;5288.75;443
2016-05-31;31/05/2016;5240.625;5240.625;5240.625;5240.625;56
2016-06-01;01/06/2016;5384.375;5384.375;5384.375;5384.375;451
2016-06-02;02/06/2016;5480.625;5480.625;5480.625;5480.625;59
2016-06-03;03/06/2016;5048.125;5048.125;5048.125;5048.125;32
2016-06-06;06/06/2016;4808.125;4808.125;4808.125;4808.125;89
2016-06-07;07/06/2016;4567.5;4567.5;4567.5;4567.5;54
2016-06-08;08/06/2016;4807.5;4807.5;4807.5;4807.5;288
2016-06-09;09/06/2016;4807.5;4807.5;4807.5;4807.5;148
2016-06-10;10/06/2016;4807.5;4807.5;4807.5;4807.5;24
2016-06-14;14/06/2016;5048.75;5048.75;5048.75;5048.75;134
2016-06-15;15/06/2016;5049.375;5049.375;5049.375;5049.375;56
2016-06-16;16/06/2016;5053.125;5053.125;5053.125;5053.125;278
2016-06-17;17/06/2016;5096.25;5096.25;5096.25;5096.25;435
2016-06-20;20/06/2016;5048.75;5048.75;5048.75;5048.75;92
2016-06-21;21/06/2016;5048.125;5048.125;5048.125;5048.125;164
2016-06-22;22/06/2016;5048.125;5048.125;5048.125;5048.125;81
2016-06-23;23/06/2016;5048.75;5048.75;5048.75;5048.75;16
2016-06-24;24/06/2016;5048.75;5048.75;5048.75;5048.75;192
2016-06-27;27/06/2016;5071.875;5071.875;5071.875;5071.875;227
2016-06-28;28/06/2016;5071.875;5071.875;5071.875;5071.875;8
2016-06-29;29/06/2016;5048.75;5048.75;5048.75;5048.75;289
2016-06-30;30/06/2016;5048.75;5048.75;5048.75;5048.75;126
2016-07-01;01/07/2016;5000;5000;5000;5000;57
2016-07-04;04/07/2016;4903.75;4903.75;4903.75;4903.75;112
2016-07-05;05/07/2016;4951.875;4951.875;4951.875;4951.875;17
2016-07-06;06/07/2016;6437.5;6437.5;6437.5;6437.5;176
2016-07-07;07/07/2016;4903.75;4903.75;4903.75;4903.75;404
2016-07-08;08/07/2016;4807.5;4807.5;4807.5;4807.5;22
2016-07-11;11/07/2016;4710.625;4710.625;4710.625;4710.625;52
2016-07-12;12/07/2016;4710.625;4710.625;4710.625;4710.625;30
2016-07-13;13/07/2016;4615.625;4615.625;4615.625;4615.625;16
2016-07-14;14/07/2016;4326.875;4326.875;4326.875;4326.875;142
2016-07-15;15/07/2016;4326.875;4326.875;4326.875;4326.875;9
2016-07-19;19/07/2016;4326.875;4326.875;4326.875;4326.875;52
2016-07-20;20/07/2016;4423.125;4423.125;4423.125;4423.125;48
2016-07-21;21/07/2016;4423.125;4423.125;4423.125;4423.125;41
2016-07-22;22/07/2016;4423.125;4423.125;4423.125;4423.125;27
2016-07-25;25/07/2016;4331.875;4331.875;4331.875;4331.875;38
2016-07-26;26/07/2016;4423.125;4423.125;4423.125;4423.125;11
2016-07-28;28/07/2016;4423.125;4423.125;4423.125;4423.125;52
2016-07-29;29/07/2016;4423.125;4423.125;4423.125;4423.125;182
2016-08-02;02/08/2016;4423.125;4423.125;4423.125;4423.125;36
2016-08-03;03/08/2016;4447.5;4447.5;4447.5;4447.5;20
2016-08-04;04/08/2016;4780.625;4780.625;4780.625;4780.625;3
2016-08-05;05/08/2016;4450;4450;4450;4450;24
2016-08-08;08/08/2016;5785;5785;5785;5785;240
2016-08-09;09/08/2016;4450;4450;4450;4450;288
2016-08-10;10/08/2016;4450.625;4450.625;4450.625;4450.625;75
2016-08-11;11/08/2016;4471.25;4471.25;4471.25;4471.25;4
2016-08-12;12/08/2016;4519.375;4519.375;4519.375;4519.375;4
2016-08-15;15/08/2016;5875;5875;5875;5875;48
2016-08-16;16/08/2016;4519.375;4519.375;4519.375;4519.375;12
2016-08-17;17/08/2016;4519.375;4519.375;4519.375;4519.375;67
2016-08-18;18/08/2016;4519.375;4519.375;4519.375;4519.375;220
2016-08-19;19/08/2016;4519.375;4519.375;4519.375;4519.375;92
2016-08-22;22/08/2016;4519.375;4519.375;4519.375;4519.375;56
2016-08-23;23/08/2016;4476.25;4476.25;4476.25;4476.25;4
2016-08-24;24/08/2016;4519.375;4519.375;4519.375;4519.375;203
2016-08-25;25/08/2016;4519.375;4519.375;4519.375;4519.375;150
2016-08-26;26/08/2016;4519.375;4519.375;4519.375;4519.375;156
2016-08-29;29/08/2016;4519.375;4519.375;4519.375;4519.375;92
2016-08-30;30/08/2016;4567.5;4567.5;4567.5;4567.5;24
2016-08-31;31/08/2016;4567.5;4567.5;4567.5;4567.5;44
2016-09-01;01/09/2016;4567.5;4567.5;4567.5;4567.5;91
2016-09-02;02/09/2016;4567.5;4567.5;4567.5;4567.5;49
2016-09-05;05/09/2016;4568.125;4568.125;4568.125;4568.125;25
2016-09-06;06/09/2016;4567.5;4567.5;4567.5;4567.5;350
2016-09-07;07/09/2016;4495;4495;4495;4495;435
2016-09-08;08/09/2016;4567.5;4567.5;4567.5;4567.5;286
2016-09-09;09/09/2016;4567.5;4567.5;4567.5;4567.5;89
2016-09-12;12/09/2016;5938.125;5938.125;5938.125;5938.125;896
2016-09-13;13/09/2016;4711.25;4711.25;4711.25;4711.25;987
2016-09-14;14/09/2016;4711.25;4711.25;4711.25;4711.25;272
2016-09-15;15/09/2016;5065;5065;5065;5065;475
2016-09-16;16/09/2016;4687.5;4687.5;4687.5;4687.5;92
2016-09-19;19/09/2016;4543.125;4543.125;4543.125;4543.125;131
2016-09-20;20/09/2016;4711.25;4711.25;4711.25;4711.25;180
2016-09-21;21/09/2016;4615;4615;4615;4615;145
2016-09-22;22/09/2016;4519.375;4519.375;4519.375;4519.375;51
2016-09-23;23/09/2016;4326.875;4326.875;4326.875;4326.875;60
2016-09-26;26/09/2016;4038.75;4038.75;4038.75;4038.75;312
2016-09-27;27/09/2016;4038.75;4038.75;4038.75;4038.75;68
2016-09-28;28/09/2016;4086.875;4086.875;4086.875;4086.875;452
2016-09-29;29/09/2016;4393.125;4393.125;4393.125;4393.125;136
2016-09-30;30/09/2016;4519.375;4519.375;4519.375;4519.375;17
2016-10-03;03/10/2016;4326.875;4326.875;4326.875;4326.875;121
2016-10-04;04/10/2016;4134.375;4134.375;4134.375;4134.375;3
2016-10-05;05/10/2016;4326.875;4326.875;4326.875;4326.875;52
2016-10-06;06/10/2016;4519.375;4519.375;4519.375;4519.375;27
2016-10-07;07/10/2016;4331.875;4331.875;4331.875;4331.875;166
2016-10-10;10/10/2016;4331.875;4331.875;4331.875;4331.875;3
2016-10-11;11/10/2016;4331.875;4331.875;4331.875;4331.875;304
2016-10-12;12/10/2016;4331.875;4331.875;4331.875;4331.875;6
2016-10-13;13/10/2016;4326.875;4326.875;4326.875;4326.875;262
2016-10-14;14/10/2016;4326.875;4326.875;4326.875;4326.875;27
2016-10-17;17/10/2016;4331.875;4331.875;4331.875;4331.875;3
2016-10-18;18/10/2016;4331.875;4331.875;4331.875;4331.875;72
2016-10-19;19/10/2016;4331.875;4331.875;4331.875;4331.875;65
2016-10-20;20/10/2016;4375;4375;4375;4375;65
2016-10-21;21/10/2016;4519.375;4519.375;4519.375;4519.375;142
2016-10-24;24/10/2016;4519.375;4519.375;4519.375;4519.375;198
2016-10-25;25/10/2016;4519.375;4519.375;4519.375;4519.375;14
2016-10-26;26/10/2016;4519.375;4519.375;4519.375;4519.375;57
2016-10-27;27/10/2016;4519.375;4519.375;4519.375;4519.375;65
2016-10-28;28/10/2016;4514.375;4514.375;4514.375;4514.375;113
2016-10-31;31/10/2016;4335;4335;4335;4335;17
2016-11-01;01/11/2016;5635.625;5635.625;5635.625;5635.625;176
2016-11-02;02/11/2016;4326.875;4326.875;4326.875;4326.875;116
2016-11-03;03/11/2016;4519.375;4519.375;4519.375;4519.375;24
2016-11-04;04/11/2016;4518.75;4518.75;4518.75;4518.75;132
2016-11-07;07/11/2016;4326.875;4326.875;4326.875;4326.875;73
2016-11-08;08/11/2016;4423.125;4423.125;4423.125;4423.125;51281
2016-11-09;09/11/2016;4375;4375;4375;4375;35
2016-11-10;10/11/2016;4326.875;4326.875;4326.875;4326.875;113
2016-11-11;11/11/2016;4375;4375;4375;4375;16
2016-11-16;16/11/2016;4326.875;4326.875;4326.875;4326.875;76
2016-11-17;17/11/2016;4326.875;4326.875;4326.875;4326.875;120
2016-11-18;18/11/2016;4326.875;4326.875;4326.875;4326.875;158
2016-11-21;21/11/2016;4038.75;4038.75;4038.75;4038.75;600
2016-11-22;22/11/2016;4134.375;4134.375;4134.375;4134.375;36
2016-11-23;23/11/2016;4351.25;4351.25;4351.25;4351.25;116
2016-11-25;25/11/2016;4326.875;4326.875;4326.875;4326.875;57
2016-11-28;28/11/2016;4326.875;4326.875;4326.875;4326.875;160
2016-11-30;30/11/2016;4423.125;4423.125;4423.125;4423.125;382
2016-12-01;01/12/2016;4423.125;4423.125;4423.125;4423.125;76632
2016-12-02;02/12/2016;4423.125;4423.125;4423.125;4423.125;16
2016-12-05;05/12/2016;4327.5;4327.5;4327.5;4327.5;72
2016-12-06;06/12/2016;4236.875;4236.875;4236.875;4236.875;163
2016-12-08;08/12/2016;4326.875;4326.875;4326.875;4326.875;116
2016-12-09;09/12/2016;4375;4375;4375;4375;1316
2016-12-12;12/12/2016;5687.1875;5687.1875;5687.1875;5687.1875;13168
2016-12-13;13/12/2016;4303.125;4303.125;4303.125;4303.125;17
2016-12-14;14/12/2016;4326.875;4326.875;4326.875;4326.875;4
2016-12-15;15/12/2016;4303.125;4303.125;4303.125;4303.125;160
2016-12-16;16/12/2016;4326.875;4326.875;4326.875;4326.875;40
2016-12-19;19/12/2016;4317.5;4317.5;4317.5;4317.5;59
2016-12-20;20/12/2016;4317.5;4317.5;4317.5;4317.5;28
2016-12-21;21/12/2016;4302.5;4302.5;4302.5;4302.5;3920
2016-12-22;22/12/2016;4303.125;4303.125;4303.125;4303.125;272
2016-12-23;23/12/2016;4278.75;4278.75;4278.75;4278.75;376
2016-12-26;26/12/2016;5562.5;5562.5;5562.5;5562.5;3760
2016-12-27;27/12/2016;4206.875;4206.875;4206.875;4206.875;48
2016-12-28;28/12/2016;4326.875;4326.875;4326.875;4326.875;256
2016-12-29;29/12/2016;4206.875;4206.875;4206.875;4206.875;236
2016-12-30;30/12/2016;4326.875;4326.875;4326.875;4326.875;488
2017-01-02;02/01/2017;4326.875;4326.875;4326.875;4326.875;169
2017-01-03;03/01/2017;4278.75;4278.75;4278.75;4278.75;240
2017-01-04;04/01/2017;4231.25;4231.25;4231.25;4231.25;1
2017-01-05;05/01/2017;4230.625;4230.625;4230.625;4230.625;134
2017-01-06;06/01/2017;4230.625;4230.625;4230.625;4230.625;65
2017-01-09;09/01/2017;4230.625;4230.625;4230.625;4230.625;12
2017-01-10;10/01/2017;4230.625;4230.625;4230.625;4230.625;3
2017-01-11;11/01/2017;4134.375;4134.375;4134.375;4134.375;88
2017-01-12;12/01/2017;4182.5;4182.5;4182.5;4182.5;9
2017-01-13;13/01/2017;4230.625;4230.625;4230.625;4230.625;25
2017-01-16;16/01/2017;4134.375;4134.375;4134.375;4134.375;225
2017-01-17;17/01/2017;4158.75;4158.75;4158.75;4158.75;104
2017-01-18;18/01/2017;4182.5;4182.5;4182.5;4182.5;99
2017-01-19;19/01/2017;4182.5;4182.5;4182.5;4182.5;339
2017-01-20;20/01/2017;4230.625;4230.625;4230.625;4230.625;8
2017-01-23;23/01/2017;4230.625;4230.625;4230.625;4230.625;6
2017-01-24;24/01/2017;4086.875;4086.875;4086.875;4086.875;27
2017-01-25;25/01/2017;4230.625;4230.625;4230.625;4230.625;48
2017-01-26;26/01/2017;4182.5;4182.5;4182.5;4182.5;1
2017-01-27;27/01/2017;4086.25;4086.25;4086.25;4086.25;747
2017-01-30;30/01/2017;4182.5;4182.5;4182.5;4182.5;48
2017-01-31;31/01/2017;4230.625;4230.625;4230.625;4230.625;182
2017-02-01;01/02/2017;4230.625;4230.625;4230.625;4230.625;131
2017-02-02;02/02/2017;4230.625;4230.625;4230.625;4230.625;284
2017-02-03;03/02/2017;4278.75;4278.75;4278.75;4278.75;75
2017-02-06;06/02/2017;4303.125;4303.125;4303.125;4303.125;137
2017-02-07;07/02/2017;4278.75;4278.75;4278.75;4278.75;48
2017-02-08;08/02/2017;4279.375;4279.375;4279.375;4279.375;139
2017-02-09;09/02/2017;4278.75;4278.75;4278.75;4278.75;80
2017-02-10;10/02/2017;4278.75;4278.75;4278.75;4278.75;107
2017-02-13;13/02/2017;4278.75;4278.75;4278.75;4278.75;160
2017-02-14;14/02/2017;4351.25;4351.25;4351.25;4351.25;38
2017-02-15;15/02/2017;4423.125;4423.125;4423.125;4423.125;118
2017-02-16;16/02/2017;4423.125;4423.125;4423.125;4423.125;560
2017-02-17;17/02/2017;4423.125;4423.125;4423.125;4423.125;672
2017-02-20;20/02/2017;4471.25;4471.25;4471.25;4471.25;41
2017-02-21;21/02/2017;4519.375;4519.375;4519.375;4519.375;147
2017-02-22;22/02/2017;4807.5;4807.5;4807.5;4807.5;1054
2017-02-23;23/02/2017;4807.5;4807.5;4807.5;4807.5;56
2017-02-24;24/02/2017;5048.125;5048.125;5048.125;5048.125;662
2017-02-27;27/02/2017;5144.375;5144.375;5144.375;5144.375;1169
2017-02-28;28/02/2017;4807.5;4807.5;4807.5;4807.5;73
2017-03-01;01/03/2017;4807.5;4807.5;4807.5;4807.5;123
2017-03-02;02/03/2017;4807.5;4807.5;4807.5;4807.5;308
2017-03-03;03/03/2017;4711.25;4711.25;4711.25;4711.25;54
2017-03-06;06/03/2017;4783.75;4783.75;4783.75;4783.75;83
2017-03-07;07/03/2017;4711.25;4711.25;4711.25;4711.25;112
2017-03-08;08/03/2017;4615.625;4615.625;4615.625;4615.625;385
2017-03-09;09/03/2017;4663.75;4663.75;4663.75;4663.75;513
2017-03-10;10/03/2017;4567.5;4567.5;4567.5;4567.5;144
2017-03-13;13/03/2017;4519.375;4519.375;4519.375;4519.375;428
2017-03-14;14/03/2017;4567.5;4567.5;4567.5;4567.5;1067
2017-03-15;15/03/2017;4591.25;4591.25;4591.25;4591.25;692
2017-03-16;16/03/2017;4630;4630;4630;4630;628
2017-03-17;17/03/2017;4711.25;4711.25;4711.25;4711.25;283
2017-03-20;20/03/2017;4711.25;4711.25;4711.25;4711.25;1230
2017-03-21;21/03/2017;4760;4760;4760;4760;492
2017-03-22;22/03/2017;5116.875;5116.875;5116.875;5116.875;1782
2017-03-23;23/03/2017;5500.625;5500.625;5500.625;5500.625;753
2017-03-24;24/03/2017;5480.625;5480.625;5480.625;5480.625;678
2017-03-27;27/03/2017;5070;5070;5070;5070;705
2017-03-28;28/03/2017;4711.25;4711.25;4711.25;4711.25;363
2017-03-29;29/03/2017;4568.75;4568.75;4568.75;4568.75;228
2017-03-30;30/03/2017;4566.875;4566.875;4566.875;4566.875;142
2017-03-31;31/03/2017;4663.75;4663.75;4663.75;4663.75;240
2017-04-03;03/04/2017;4567.5;4567.5;4567.5;4567.5;214
2017-04-04;04/04/2017;4663.75;4663.75;4663.75;4663.75;105
2017-04-05;05/04/2017;5013.125;5013.125;5013.125;5013.125;11
2017-04-06;06/04/2017;4639.375;4639.375;4639.375;4639.375;4726
2017-04-07;07/04/2017;4987.5;4987.5;4987.5;4987.5;44
2017-04-10;10/04/2017;4951.875;4951.875;4951.875;4951.875;20
2017-04-11;11/04/2017;4807.5;4807.5;4807.5;4807.5;267
2017-04-12;12/04/2017;4807.5;4807.5;4807.5;4807.5;22
2017-04-13;13/04/2017;4807.5;4807.5;4807.5;4807.5;337
2017-04-14;14/04/2017;4807.5;4807.5;4807.5;4807.5;1744
2017-04-18;18/04/2017;4783.75;4783.75;4783.75;4783.75;52
2017-04-19;19/04/2017;4710.625;4710.625;4710.625;4710.625;48
2017-04-20;20/04/2017;4567.5;4567.5;4567.5;4567.5;168
2017-04-21;21/04/2017;4759.375;4759.375;4759.375;4759.375;20
2017-04-24;24/04/2017;4711.25;4711.25;4711.25;4711.25;62
2017-04-25;25/04/2017;4711.25;4711.25;4711.25;4711.25;158
2017-04-26;26/04/2017;4807.5;4807.5;4807.5;4807.5;267
2017-04-27;27/04/2017;4572.5;4572.5;4572.5;4572.5;78
2017-04-28;28/04/2017;4663.75;4663.75;4663.75;4663.75;3
2017-05-01;01/05/2017;6062.8125;6062.8125;6062.8125;6062.8125;32
2017-05-02;02/05/2017;4663.75;4663.75;4663.75;4663.75;48
2017-05-03;03/05/2017;4807.5;4807.5;4807.5;4807.5;48
2017-05-04;04/05/2017;4759.375;4759.375;4759.375;4759.375;41
2017-05-05;05/05/2017;4711.25;4711.25;4711.25;4711.25;46
2017-05-08;08/05/2017;4711.25;4711.25;4711.25;4711.25;244
2017-05-09;09/05/2017;4663.75;4663.75;4663.75;4663.75;153
2017-05-10;10/05/2017;4711.25;4711.25;4711.25;4711.25;196
2017-05-11;11/05/2017;4807.5;4807.5;4807.5;4807.5;540
2017-05-12;12/05/2017;4712.5;4712.5;4712.5;4712.5;76
2017-05-15;15/05/2017;4711.875;4711.875;4711.875;4711.875;187
2017-05-16;16/05/2017;4711.25;4711.25;4711.25;4711.25;179
2017-05-17;17/05/2017;4471.25;4471.25;4471.25;4471.25;4
2017-05-18;18/05/2017;4471.25;4471.25;4471.25;4471.25;582
2017-05-19;19/05/2017;4471.25;4471.25;4471.25;4471.25;40
2017-05-22;22/05/2017;4471.25;4471.25;4471.25;4471.25;6
2017-05-23;23/05/2017;4471.25;4471.25;4471.25;4471.25;64
2017-05-24;24/05/2017;4471.25;4471.25;4471.25;4471.25;160
2017-05-25;25/05/2017;5812.5;5812.5;5812.5;5812.5;1600
2017-05-26;26/05/2017;4375;4375;4375;4375;59
2017-05-29;29/05/2017;4375;4375;4375;4375;28
2017-05-30;30/05/2017;4326.875;4326.875;4326.875;4326.875;41
2017-05-31;31/05/2017;4321.25;4321.25;4321.25;4321.25;4
2017-06-01;01/06/2017;4303.125;4303.125;4303.125;4303.125;305
2017-06-02;02/06/2017;4303.125;4303.125;4303.125;4303.125;116
2017-06-05;05/06/2017;5593.75;5593.75;5593.75;5593.75;1168
2017-06-06;06/06/2017;4300;4300;4300;4300;25
2017-06-07;07/06/2017;4230.625;4230.625;4230.625;4230.625;89
2017-06-08;08/06/2017;4086.25;4086.25;4086.25;4086.25;64
2017-06-09;09/06/2017;3942.5;3942.5;3942.5;3942.5;761
2017-06-12;12/06/2017;3894.375;3894.375;3894.375;3894.375;22
2017-06-13;13/06/2017;3894.375;3894.375;3894.375;3894.375;192
2017-06-14;14/06/2017;3894.375;3894.375;3894.375;3894.375;236
2017-06-15;15/06/2017;3894.375;3894.375;3894.375;3894.375;35
2017-06-16;16/06/2017;3846.25;3846.25;3846.25;3846.25;60
2017-06-19;19/06/2017;3846.25;3846.25;3846.25;3846.25;497
2017-06-20;20/06/2017;3846.25;3846.25;3846.25;3846.25;160
2017-06-21;21/06/2017;4134.375;4134.375;4134.375;4134.375;38
2017-06-22;22/06/2017;4134.375;4134.375;4134.375;4134.375;384
2017-06-23;23/06/2017;4062.5;4062.5;4062.5;4062.5;504
2017-06-27;27/06/2017;4061.875;4061.875;4061.875;4061.875;32
2017-06-29;29/06/2017;4030;4030;4030;4030;308
2017-06-30;30/06/2017;3728.125;3728.125;3728.125;3728.125;164
2017-07-03;03/07/2017;3718.75;3718.75;3718.75;3718.75;6
2017-07-04;04/07/2017;3750;3750;3750;3750;4
2017-07-06;06/07/2017;3750;3750;3750;3750;3
2017-07-07;07/07/2017;3750;3750;3750;3750;94
2017-07-10;10/07/2017;3750;3750;3750;3750;30
2017-07-11;11/07/2017;3749.375;3749.375;3749.375;3749.375;11
2017-07-13;13/07/2017;3731.25;3731.25;3731.25;3731.25;326
2017-07-17;17/07/2017;3618.75;3618.75;3618.75;3618.75;8
2017-07-18;18/07/2017;3347.5;3347.5;3347.5;3347.5;46
2017-07-19;19/07/2017;3312.5;3312.5;3312.5;3312.5;27
2017-07-20;20/07/2017;3125;3125;3125;3125;8
2017-07-21;21/07/2017;3125;3125;3125;3125;521
2017-07-24;24/07/2017;3125;3125;3125;3125;238
2017-07-25;25/07/2017;3312.5;3312.5;3312.5;3312.5;27
2017-07-26;26/07/2017;3225;3225;3225;3225;208
2017-07-27;27/07/2017;3125;3125;3125;3125;120
2017-07-28;28/07/2017;3062.5;3062.5;3062.5;3062.5;70
2017-07-31;31/07/2017;3125;3125;3125;3125;24
2017-08-01;01/08/2017;3312.5;3312.5;3312.5;3312.5;3
2017-08-02;02/08/2017;3125;3125;3125;3125;57
2017-08-03;03/08/2017;3125.625;3125.625;3125.625;3125.625;17
2017-08-04;04/08/2017;3124.375;3124.375;3124.375;3124.375;88
2017-08-07;07/08/2017;3124.375;3124.375;3124.375;3124.375;880
2017-08-08;08/08/2017;3156.25;3156.25;3156.25;3156.25;188
2017-08-09;09/08/2017;3125;3125;3125;3125;251
2017-08-10;10/08/2017;3187.5;3187.5;3187.5;3187.5;20
2017-08-11;11/08/2017;3125;3125;3125;3125;11
2017-08-14;14/08/2017;3093.75;3093.75;3093.75;3093.75;33
2017-08-15;15/08/2017;3093.75;3093.75;3093.75;3093.75;336
2017-08-16;16/08/2017;3125;3125;3125;3125;134
2017-08-17;17/08/2017;3062.5;3062.5;3062.5;3062.5;17
2017-08-18;18/08/2017;3031.25;3031.25;3031.25;3031.25;27
2017-08-21;21/08/2017;3061.875;3061.875;3061.875;3061.875;8
2017-08-23;23/08/2017;3061.25;3061.25;3061.25;3061.25;28
2017-08-24;24/08/2017;3050;3050;3050;3050;83
2017-08-28;28/08/2017;3031.25;3031.25;3031.25;3031.25;1611
2017-08-29;29/08/2017;3030.625;3030.625;3030.625;3030.625;72
2017-09-04;04/09/2017;2803.75;2803.75;2803.75;2803.75;54
2017-09-05;05/09/2017;2803.75;2803.75;2803.75;2803.75;4
2017-09-06;06/09/2017;2687.5;2687.5;2687.5;2687.5;22
2017-09-07;07/09/2017;2593.75;2593.75;2593.75;2593.75;638
2017-09-08;08/09/2017;2600;2600;2600;2600;220
2017-09-11;11/09/2017;2600;2600;2600;2600;193
2017-09-12;12/09/2017;2625;2625;2625;2625;44
2017-09-13;13/09/2017;2650;2650;2650;2650;142
2017-09-14;14/09/2017;2718.75;2718.75;2718.75;2718.75;174
2017-09-15;15/09/2017;2719.375;2719.375;2719.375;2719.375;62
2017-09-18;18/09/2017;2700;2700;2700;2700;526
2017-09-19;19/09/2017;2718.75;2718.75;2718.75;2718.75;588
2017-09-20;20/09/2017;2700;2700;2700;2700;3
2017-09-21;21/09/2017;2656.25;2656.25;2656.25;2656.25;212
2017-09-22;22/09/2017;2656.25;2656.25;2656.25;2656.25;9001
2017-09-25;25/09/2017;2562.5;2562.5;2562.5;2562.5;65
2017-09-26;26/09/2017;2556.25;2556.25;2556.25;2556.25;38
2017-09-27;27/09/2017;2555.625;2555.625;2555.625;2555.625;214
2017-09-28;28/09/2017;2562.5;2562.5;2562.5;2562.5;1
2017-09-29;29/09/2017;2562.5;2562.5;2562.5;2562.5;41
2017-10-02;02/10/2017;2500;2500;2500;2500;96
2017-10-03;03/10/2017;2500;2500;2500;2500;99
2017-10-04;04/10/2017;2500;2500;2500;2500;102
2017-10-05;05/10/2017;2437.5;2437.5;2437.5;2437.5;230
2017-10-06;06/10/2017;2437.5;2437.5;2437.5;2437.5;24
2017-10-09;09/10/2017;2500;2500;2500;2500;65
2017-10-10;10/10/2017;2500;2500;2500;2500;2771
2017-10-11;11/10/2017;2437.5;2437.5;2437.5;2437.5;19
2017-10-12;12/10/2017;2437.5;2437.5;2437.5;2437.5;35
2017-10-13;13/10/2017;2437.5;2437.5;2437.5;2437.5;816
2017-10-16;16/10/2017;2406.25;2406.25;2406.25;2406.25;54
2017-10-17;17/10/2017;2437.5;2437.5;2437.5;2437.5;268
2017-10-18;18/10/2017;2437.5;2437.5;2437.5;2437.5;115
2017-10-19;19/10/2017;2437.5;2437.5;2437.5;2437.5;897
2017-10-20;20/10/2017;2468.75;2468.75;2468.75;2468.75;1
2017-10-23;23/10/2017;2406.25;2406.25;2406.25;2406.25;108
2017-10-24;24/10/2017;2468.75;2468.75;2468.75;2468.75;24
2017-10-25;25/10/2017;2437.5;2437.5;2437.5;2437.5;153
2017-10-26;26/10/2017;2468.75;2468.75;2468.75;2468.75;36
2017-10-27;27/10/2017;2465.625;2465.625;2465.625;2465.625;214
2017-10-30;30/10/2017;2300;2300;2300;2300;342
2017-10-31;31/10/2017;2375;2375;2375;2375;665
2017-11-01;01/11/2017;2375;2375;2375;2375;665
2017-11-02;02/11/2017;2431.25;2431.25;2431.25;2431.25;1817
2017-11-03;03/11/2017;2406.25;2406.25;2406.25;2406.25;152
2017-11-06;06/11/2017;2375;2375;2375;2375;3854
2017-11-07;07/11/2017;2437.5;2437.5;2437.5;2437.5;480
2017-11-08;08/11/2017;2484.375;2484.375;2484.375;2484.375;1006
2017-11-09;09/11/2017;2496.875;2496.875;2496.875;2496.875;334
2017-11-10;10/11/2017;2500;2500;2500;2500;257
2017-11-13;13/11/2017;2687.5;2687.5;2687.5;2687.5;539
2017-11-14;14/11/2017;2875;2875;2875;2875;1718
2017-11-15;15/11/2017;2875;2875;2875;2875;1718
2017-11-16;16/11/2017;2812.5;2812.5;2812.5;2812.5;4976
2017-11-17;17/11/2017;2812.5;2812.5;2812.5;2812.5;1956
2017-11-20;20/11/2017;2750;2750;2750;2750;1563
2017-11-21;21/11/2017;2750;2750;2750;2750;1251
2017-11-22;22/11/2017;2750;2750;2750;2750;2105
2017-11-23;23/11/2017;2746.875;2746.875;2746.875;2746.875;2380
2017-11-24;24/11/2017;2687.5;2687.5;2687.5;2687.5;2350
2017-11-27;27/11/2017;2687.5;2687.5;2687.5;2687.5;3105
2017-11-28;28/11/2017;2625;2625;2625;2625;3819
2017-11-29;29/11/2017;2437.5;2437.5;2437.5;2437.5;86622
2017-11-30;30/11/2017;2437.5;2437.5;2437.5;2437.5;345
2017-12-01;01/12/2017;2437.5;2437.5;2437.5;2437.5;345
2017-12-04;04/12/2017;2437.5;2437.5;2437.5;2437.5;3862
2017-12-05;05/12/2017;2375;2375;2375;2375;7894
2017-12-06;06/12/2017;2375;2375;2375;2375;320
2017-12-07;07/12/2017;2343.75;2343.75;2343.75;2343.75;907
2017-12-08;08/12/2017;2375;2375;2375;2375;729
2017-12-11;11/12/2017;2343.75;2343.75;2343.75;2343.75;2787
2017-12-12;12/12/2017;2437.5;2437.5;2437.5;2437.5;24472
2017-12-13;13/12/2017;2375;2375;2375;2375;5051
2017-12-14;14/12/2017;2375;2375;2375;2375;1731
2017-12-15;15/12/2017;2437.5;2437.5;2437.5;2437.5;4648
2017-12-18;18/12/2017;2437.5;2437.5;2437.5;2437.5;2392
2017-12-19;19/12/2017;2406.25;2406.25;2406.25;2406.25;1955
2017-12-20;20/12/2017;2375;2375;2375;2375;17228
2017-12-21;21/12/2017;2493.75;2493.75;2493.75;2493.75;731
2017-12-22;22/12/2017;2500;2500;2500;2500;1515
2017-12-25;25/12/2017;2500;2500;2500;2500;1515
2017-12-26;26/12/2017;2687.5;2687.5;2687.5;2687.5;1592
2017-12-27;27/12/2017;2887.5;2887.5;2887.5;2887.5;982
2017-12-28;28/12/2017;3103.125;3103.125;3103.125;3103.125;1217
2017-12-29;29/12/2017;3093.75;3093.75;3093.75;3093.75;1833
2018-01-02;02/01/2018;3059.375;3059.375;3059.375;3059.375;75
2018-01-03;03/01/2018;2875;2875;2875;2875;18104
2018-01-04;04/01/2018;2687.5;2687.5;2687.5;2687.5;4705
2018-01-05;05/01/2018;2687.5;2687.5;2687.5;2687.5;2857
2018-01-08;08/01/2018;2778.125;2778.125;2778.125;2778.125;644
2018-01-09;09/01/2018;2784.375;2784.375;2784.375;2784.375;131
2018-01-10;10/01/2018;2718.75;2718.75;2718.75;2718.75;540
2018-01-11;11/01/2018;2625;2625;2625;2625;1155
2018-01-12;12/01/2018;2746.875;2746.875;2746.875;2746.875;184
2018-01-15;15/01/2018;2812.5;2812.5;2812.5;2812.5;356
2018-01-16;16/01/2018;2875;2875;2875;2875;8356
2018-01-17;17/01/2018;2812.5;2812.5;2812.5;2812.5;968
2018-01-18;18/01/2018;3000;3000;3000;3000;4518
2018-01-19;19/01/2018;3187.5;3187.5;3187.5;3187.5;4148
2018-01-22;22/01/2018;3125;3125;3125;3125;664
2018-01-23;23/01/2018;3000;3000;3000;3000;2440
2018-01-24;24/01/2018;3000;3000;3000;3000;624
2018-01-25;25/01/2018;3062.5;3062.5;3062.5;3062.5;1876
2018-01-26;26/01/2018;3059.375;3059.375;3059.375;3059.375;160
2018-01-29;29/01/2018;2940.625;2940.625;2940.625;2940.625;768
2018-01-30;30/01/2018;2937.5;2937.5;2937.5;2937.5;3526
2018-01-31;31/01/2018;3000;3000;3000;3000;657
2018-02-01;01/02/2018;2925;2925;2925;2925;758
2018-02-02;02/02/2018;3000;3000;3000;3000;795
2018-02-05;05/02/2018;3000;3000;3000;3000;353
2018-02-06;06/02/2018;3000;3000;3000;3000;2448
2018-02-07;07/02/2018;3062.5;3062.5;3062.5;3062.5;174
2018-02-08;08/02/2018;3062.5;3062.5;3062.5;3062.5;1195
2018-02-09;09/02/2018;3125;3125;3125;3125;1004
2018-02-12;12/02/2018;3062.5;3062.5;3062.5;3062.5;488
2018-02-13;13/02/2018;3062.5;3062.5;3062.5;3062.5;504
2018-02-14;14/02/2018;3062.5;3062.5;3062.5;3062.5;931
2018-02-15;15/02/2018;3003.125;3003.125;3003.125;3003.125;7560
2018-02-16;16/02/2018;3125;3125;3125;3125;1553
2018-02-19;19/02/2018;3000;3000;3000;3000;6296
2018-02-20;20/02/2018;3181.25;3181.25;3181.25;3181.25;1427
2018-02-21;21/02/2018;3125;3125;3125;3125;5416
2018-02-22;22/02/2018;3187.5;3187.5;3187.5;3187.5;288
2018-02-23;23/02/2018;3200;3200;3200;3200;590
2018-02-26;26/02/2018;3125;3125;3125;3125;251
2018-02-27;27/02/2018;3200;3200;3200;3200;3521
2018-02-28;28/02/2018;3125;3125;3125;3125;9651
2018-03-01;01/03/2018;3187.5;3187.5;3187.5;3187.5;441
2018-03-02;02/03/2018;3187.5;3187.5;3187.5;3187.5;1108
2018-03-05;05/03/2018;3187.5;3187.5;3187.5;3187.5;3553
2018-03-06;06/03/2018;3187.5;3187.5;3187.5;3187.5;1555
2018-03-07;07/03/2018;3125;3125;3125;3125;4579
2018-03-08;08/03/2018;3093.75;3093.75;3093.75;3093.75;451
2018-03-09;09/03/2018;3125;3125;3125;3125;12846
2018-03-12;12/03/2018;3125;3125;3125;3125;6660
2018-03-13;13/03/2018;3237.5;3237.5;3237.5;3237.5;23441
2018-03-14;14/03/2018;3243.75;3243.75;3243.75;3243.75;5008
2018-03-15;15/03/2018;3125;3125;3125;3125;496
2018-03-16;16/03/2018;3062.5;3062.5;3062.5;3062.5;550
2018-03-19;19/03/2018;3003.125;3003.125;3003.125;3003.125;771
2018-03-20;20/03/2018;3125;3125;3125;3125;16905
2018-03-21;21/03/2018;3125;3125;3125;3125;5502
2018-03-22;22/03/2018;3009.375;3009.375;3009.375;3009.375;4145
2018-03-23;23/03/2018;3062.5;3062.5;3062.5;3062.5;2230
2018-03-26;26/03/2018;3009.375;3009.375;3009.375;3009.375;1755
2018-03-27;27/03/2018;3121.875;3121.875;3121.875;3121.875;595
2018-03-28;28/03/2018;3118.75;3118.75;3118.75;3118.75;2257
2018-03-29;29/03/2018;3062.5;3062.5;3062.5;3062.5;3272
2018-03-30;30/03/2018;3112.5;3112.5;3112.5;3112.5;745
2018-04-02;02/04/2018;3112.5;3112.5;3112.5;3112.5;745
2018-04-03;03/04/2018;3000;3000;3000;3000;3659
2018-04-04;04/04/2018;3000;3000;3000;3000;1177
2018-04-05;05/04/2018;3000;3000;3000;3000;2376
2018-04-06;06/04/2018;2968.75;2968.75;2968.75;2968.75;2361
2018-04-09;09/04/2018;3000;3000;3000;3000;4923
2018-04-10;10/04/2018;3034.375;3034.375;3034.375;3034.375;881
2018-04-11;11/04/2018;3031.25;3031.25;3031.25;3031.25;3774
2018-04-12;12/04/2018;3031.25;3031.25;3031.25;3031.25;5494
2018-04-13;13/04/2018;3093.75;3093.75;3093.75;3093.75;4560
2018-04-16;16/04/2018;3031.25;3031.25;3031.25;3031.25;20782
2018-04-17;17/04/2018;2937.5;2937.5;2937.5;2937.5;334
2018-04-18;18/04/2018;2937.5;2937.5;2937.5;2937.5;508
2018-04-19;19/04/2018;3000;3000;3000;3000;705
2018-04-20;20/04/2018;2996.875;2996.875;2996.875;2996.875;420
2018-04-23;23/04/2018;2909.375;2909.375;2909.375;2909.375;468
2018-04-24;24/04/2018;2875;2875;2875;2875;699
2018-04-25;25/04/2018;2993.75;2993.75;2993.75;2993.75;3619
2018-04-26;26/04/2018;2868.75;2868.75;2868.75;2868.75;33587
2018-04-27;27/04/2018;2875;2875;2875;2875;1702
2018-05-09;09/05/2018;2812.5;2812.5;2812.5;2812.5;4424
2018-05-10;10/05/2018;2812.5;2812.5;2812.5;2812.5;4424
2018-05-11;11/05/2018;2875;2875;2875;2875;30620
2018-05-14;14/05/2018;2687.5;2687.5;2687.5;2687.5;7040
2018-05-15;15/05/2018;2562.5;2562.5;2562.5;2562.5;348
2018-05-16;16/05/2018;2687.5;2687.5;2687.5;2687.5;2123
2018-05-17;17/05/2018;2625;2625;2625;2625;534
2018-05-18;18/05/2018;2625;2625;2625;2625;323
2018-05-21;21/05/2018;2625;2625;2625;2625;323
2018-05-22;22/05/2018;2625;2625;2625;2625;920
2018-05-23;23/05/2018;2806.25;2806.25;2806.25;2806.25;1980
2018-05-24;24/05/2018;2812.5;2812.5;2812.5;2812.5;891
2018-05-25;25/05/2018;2750;2750;2750;2750;4550
2018-05-28;28/05/2018;2750;2750;2750;2750;2659
2018-05-29;29/05/2018;2687.5;2687.5;2687.5;2687.5;5745
2018-05-30;30/05/2018;2609.375;2609.375;2609.375;2609.375;1051
2018-05-31;31/05/2018;2656.25;2656.25;2656.25;2656.25;8566
2018-06-01;01/06/2018;2593.75;2593.75;2593.75;2593.75;478
2018-06-04;04/06/2018;2584.375;2584.375;2584.375;2584.375;246
2018-06-05;05/06/2018;2584.375;2584.375;2584.375;2584.375;2408
2018-06-06;06/06/2018;2584.375;2584.375;2584.375;2584.375;6164
2018-06-07;07/06/2018;2500;2500;2500;2500;160
2018-06-08;08/06/2018;2500;2500;2500;2500;4195
2018-06-11;11/06/2018;2500;2500;2500;2500;4195
2018-06-12;12/06/2018;2584.375;2584.375;2584.375;2584.375;1304
2018-06-13;13/06/2018;2562.5;2562.5;2562.5;2562.5;7187
2018-06-14;14/06/2018;2562.5;2562.5;2562.5;2562.5;7187
2018-06-15;15/06/2018;2593.75;2593.75;2593.75;2593.75;1323
2018-06-18;18/06/2018;2506.25;2506.25;2506.25;2506.25;1155
2018-06-19;19/06/2018;2500;2500;2500;2500;2731
2018-06-20;20/06/2018;2562.5;2562.5;2562.5;2562.5;2548
2018-06-21;21/06/2018;2500;2500;2500;2500;3128
2018-06-28;28/06/2018;2618.75;2618.75;2618.75;2618.75;5296
2018-06-29;29/06/2018;2684.375;2684.375;2684.375;2684.375;9347
2018-07-02;02/07/2018;2656.25;2656.25;2656.25;2656.25;1558
2018-07-03;03/07/2018;2656.25;2656.25;2656.25;2656.25;680
2018-07-04;04/07/2018;2625;2625;2625;2625;1203
2018-07-05;05/07/2018;2687.5;2687.5;2687.5;2687.5;14931
2018-07-06;06/07/2018;2812.5;2812.5;2812.5;2812.5;5654
2018-07-09;09/07/2018;2781.25;2781.25;2781.25;2781.25;18860
2018-07-10;10/07/2018;2812.5;2812.5;2812.5;2812.5;10225
2018-07-11;11/07/2018;2875;2875;2875;2875;1547
2018-07-12;12/07/2018;2718.75;2718.75;2718.75;2718.75;240
2018-07-13;13/07/2018;2750;2750;2750;2750;1011
2018-07-16;16/07/2018;2875;2875;2875;2875;1036
2018-07-17;17/07/2018;2937.5;2937.5;2937.5;2937.5;2011
2018-07-18;18/07/2018;2937.5;2937.5;2937.5;2937.5;2481
2018-07-19;19/07/2018;2781.25;2781.25;2781.25;2781.25;776
2018-07-20;20/07/2018;2875;2875;2875;2875;104
2018-07-23;23/07/2018;2687.5;2687.5;2687.5;2687.5;2267
2018-07-24;24/07/2018;2862.5;2862.5;2862.5;2862.5;3804
2018-07-25;25/07/2018;2934.375;2934.375;2934.375;2934.375;3136
2018-07-26;26/07/2018;2906.25;2906.25;2906.25;2906.25;1084
2018-07-30;30/07/2018;2837.5;2837.5;2837.5;2837.5;2582
2018-07-31;31/07/2018;2843.75;2843.75;2843.75;2843.75;5849
2018-08-01;01/08/2018;2875;2875;2875;2875;1667
2018-08-02;02/08/2018;2809.375;2809.375;2809.375;2809.375;467
2018-08-03;03/08/2018;2809.375;2809.375;2809.375;2809.375;699
2018-08-06;06/08/2018;2809.375;2809.375;2809.375;2809.375;699
2018-08-07;07/08/2018;2809.375;2809.375;2809.375;2809.375;699
2018-08-08;08/08/2018;2625;2625;2625;2625;4502
2018-08-09;09/08/2018;2500;2500;2500;2500;150
2018-08-10;10/08/2018;2562.5;2562.5;2562.5;2562.5;2632
2018-08-13;13/08/2018;2468.75;2468.75;2468.75;2468.75;1825
2018-08-14;14/08/2018;2625;2625;2625;2625;800
2018-08-20;20/08/2018;2468.75;2468.75;2468.75;2468.75;694
2018-08-21;21/08/2018;2468.75;2468.75;2468.75;2468.75;694
2018-08-22;22/08/2018;2625;2625;2625;2625;6569
2018-08-23;23/08/2018;2500;2500;2500;2500;1337
2018-08-24;24/08/2018;2500;2500;2500;2500;166
2018-08-27;27/08/2018;2625;2625;2625;2625;4224
2018-08-28;28/08/2018;2615.625;2615.625;2615.625;2615.625;260
2018-08-29;29/08/2018;2809.375;2809.375;2809.375;2809.375;3249
2018-08-31;31/08/2018;2781.25;2781.25;2781.25;2781.25;6363
2018-09-03;03/09/2018;2656.25;2656.25;2656.25;2656.25;72
2018-09-04;04/09/2018;2562.5;2562.5;2562.5;2562.5;3764
2018-09-05;05/09/2018;2750;2750;2750;2750;29800
2018-09-06;06/09/2018;2562.5;2562.5;2562.5;2562.5;8
2018-09-07;07/09/2018;2437.5;2437.5;2437.5;2437.5;262
2018-09-10;10/09/2018;2468.75;2468.75;2468.75;2468.75;5142
2018-09-11;11/09/2018;2500;2500;2500;2500;2504
2018-09-12;12/09/2018;2500;2500;2500;2500;92
2018-09-13;13/09/2018;2468.75;2468.75;2468.75;2468.75;2920
2018-09-14;14/09/2018;2462.5;2462.5;2462.5;2462.5;1630
2018-09-17;17/09/2018;2462.5;2462.5;2462.5;2462.5;1630
2018-09-18;18/09/2018;2375;2375;2375;2375;438
2018-09-19;19/09/2018;2375;2375;2375;2375;1139
2018-09-20;20/09/2018;2371.875;2371.875;2371.875;2371.875;3777
2018-09-21;21/09/2018;2312.5;2312.5;2312.5;2312.5;241
2018-09-24;24/09/2018;2312.5;2312.5;2312.5;2312.5;660
2018-09-25;25/09/2018;2312.5;2312.5;2312.5;2312.5;684
2018-09-26;26/09/2018;2375;2375;2375;2375;2100
2018-09-27;27/09/2018;2437.5;2437.5;2437.5;2437.5;283
2018-09-28;28/09/2018;2500;2500;2500;2500;3884
2018-10-01;01/10/2018;2468.75;2468.75;2468.75;2468.75;160
2018-10-02;02/10/2018;2403.125;2403.125;2403.125;2403.125;1497
2018-10-03;03/10/2018;2437.5;2437.5;2437.5;2437.5;1422
2018-10-04;04/10/2018;2375;2375;2375;2375;403
2018-10-05;05/10/2018;2246.875;2246.875;2246.875;2246.875;2060
2018-10-08;08/10/2018;2246.875;2246.875;2246.875;2246.875;278
2018-10-09;09/10/2018;2306.25;2306.25;2306.25;2306.25;2366
2018-10-10;10/10/2018;2281.25;2281.25;2281.25;2281.25;270
2018-10-11;11/10/2018;2312.5;2312.5;2312.5;2312.5;1152
2018-10-12;12/10/2018;2306.25;2306.25;2306.25;2306.25;515
2018-10-15;15/10/2018;2250;2250;2250;2250;2640
2018-10-16;16/10/2018;2281.25;2281.25;2281.25;2281.25;15233
2018-10-17;17/10/2018;2437.5;2437.5;2437.5;2437.5;504
2018-10-18;18/10/2018;2312.5;2312.5;2312.5;2312.5;2185
2018-10-19;19/10/2018;2343.75;2343.75;2343.75;2343.75;243128
2018-10-22;22/10/2018;2312.5;2312.5;2312.5;2312.5;6590
2018-10-23;23/10/2018;2425;2425;2425;2425;228
2018-10-24;24/10/2018;2468.75;2468.75;2468.75;2468.75;6300
2018-10-25;25/10/2018;2406.25;2406.25;2406.25;2406.25;1169
2018-10-26;26/10/2018;2375;2375;2375;2375;553
2018-10-29;29/10/2018;2250;2250;2250;2250;2080
2018-10-30;30/10/2018;2375;2375;2375;2375;3908
2018-10-31;31/10/2018;2500;2500;2500;2500;3137
2018-11-01;01/11/2018;2500;2500;2500;2500;3137
2018-11-02;02/11/2018;2375;2375;2375;2375;172
2018-11-05;05/11/2018;2375;2375;2375;2375;627
2018-11-06;06/11/2018;2250;2250;2250;2250;432
2018-11-07;07/11/2018;2187.5;2187.5;2187.5;2187.5;753
2018-11-08;08/11/2018;2181.25;2181.25;2181.25;2181.25;1232
2018-11-09;09/11/2018;2181.25;2181.25;2181.25;2181.25;184
2018-11-12;12/11/2018;2181.25;2181.25;2181.25;2181.25;132
2018-11-13;13/11/2018;2156.25;2156.25;2156.25;2156.25;136
2018-11-14;14/11/2018;2309.375;2309.375;2309.375;2309.375;612
2018-11-15;15/11/2018;2309.375;2309.375;2309.375;2309.375;612
2018-11-16;16/11/2018;2218.75;2218.75;2218.75;2218.75;1012
2018-11-19;19/11/2018;2062.5;2062.5;2062.5;2062.5;1017
2018-11-20;20/11/2018;2062.5;2062.5;2062.5;2062.5;1017
2018-11-21;21/11/2018;2093.75;2093.75;2093.75;2093.75;488
2018-11-22;22/11/2018;2112.5;2112.5;2112.5;2112.5;1288
2018-11-23;23/11/2018;1956.25;1956.25;1956.25;1956.25;96
2018-11-26;26/11/2018;1956.25;1956.25;1956.25;1956.25;267
2018-11-27;27/11/2018;1937.5;1937.5;1937.5;1937.5;665
2018-11-28;28/11/2018;1875;1875;1875;1875;236
2018-11-29;29/11/2018;1812.5;1812.5;1812.5;1812.5;1296
2018-11-30;30/11/2018;1812.5;1812.5;1812.5;1812.5;480
2018-12-03;03/12/2018;1768.75;1768.75;1768.75;1768.75;262
2018-12-04;04/12/2018;1734.375;1734.375;1734.375;1734.375;52
2018-12-05;05/12/2018;1693.75;1693.75;1693.75;1693.75;488
2018-12-06;06/12/2018;1678.125;1678.125;1678.125;1678.125;1152
2018-12-07;07/12/2018;1562.5;1562.5;1562.5;1562.5;1347
2018-12-10;10/12/2018;1562.5;1562.5;1562.5;1562.5;2038
2018-12-11;11/12/2018;1531.25;1531.25;1531.25;1531.25;1243
2018-12-12;12/12/2018;1625;1625;1625;1625;4555
2018-12-13;13/12/2018;1678.125;1678.125;1678.125;1678.125;2937
2018-12-14;14/12/2018;1803.125;1803.125;1803.125;1803.125;2224
2018-12-17;17/12/2018;1937.5;1937.5;1937.5;1937.5;4668
2018-12-18;18/12/2018;2062.5;2062.5;2062.5;2062.5;1132
2018-12-19;19/12/2018;2103.125;2103.125;2103.125;2103.125;968
2018-12-20;20/12/2018;2196.875;2196.875;2196.875;2196.875;3225
2018-12-21;21/12/2018;2312.5;2312.5;2312.5;2312.5;2552
2018-12-24;24/12/2018;2484.375;2484.375;2484.375;2484.375;4585
2018-12-25;25/12/2018;2484.375;2484.375;2484.375;2484.375;4585
2018-12-26;26/12/2018;2500;2500;2500;2500;120
2018-12-27;27/12/2018;2490.625;2490.625;2490.625;2490.625;457
2018-12-28;28/12/2018;2562.5;2562.5;2562.5;2562.5;3632
2018-12-31;31/12/2018;2437.5;2437.5;2437.5;2437.5;840
2019-01-02;02/01/2019;2431.25;2431.25;2431.25;2431.25;169
2019-01-03;03/01/2019;2425;2425;2425;2425;236
2019-01-04;04/01/2019;2425;2425;2425;2425;220
2019-01-07;07/01/2019;2243.75;2243.75;2243.75;2243.75;3268
2019-01-08;08/01/2019;2190.625;2190.625;2190.625;2190.625;5342
2019-01-09;09/01/2019;2193.75;2193.75;2193.75;2193.75;899
2019-01-10;10/01/2019;2193.75;2193.75;2193.75;2193.75;28
2019-01-11;11/01/2019;2240.625;2240.625;2240.625;2240.625;75
2019-01-14;14/01/2019;2240.625;2240.625;2240.625;2240.625;1104
2019-01-15;15/01/2019;2243.75;2243.75;2243.75;2243.75;80
2019-01-16;16/01/2019;2243.75;2343.75;2243.75;2343.75;526
2019-01-17;17/01/2019;2343.75;2343.75;2343.75;2343.75;2443
2019-01-18;18/01/2019;2328.125;2328.125;2328.125;2328.125;1
2019-01-21;21/01/2019;2312.5;2312.5;2312.5;2312.5;536
2019-01-22;22/01/2019;2281.25;2312.5;2281.25;2312.5;636
2019-01-23;23/01/2019;2312.5;2437.5;2312.5;2437.5;1958
2019-01-25;25/01/2019;2375;2375;2375;2375;9
2019-01-28;28/01/2019;2343.75;2343.75;2343.75;2343.75;352
2019-01-29;29/01/2019;2331.25;2331.25;2331.25;2331.25;572
2019-01-30;30/01/2019;2331.25;2331.25;2331.25;2331.25;256
2019-01-31;31/01/2019;2315.625;2437.5;2315.625;2437.5;1289
2019-02-01;01/02/2019;2390.625;2390.625;2371.875;2371.875;272
2019-02-04;04/02/2019;2371.875;2371.875;2371.875;2371.875;524
2019-02-05;05/02/2019;2371.875;2375;2371.875;2375;89
2019-02-06;06/02/2019;2500;2500;2500;2500;132
2019-02-07;07/02/2019;2500;2500;2500;2500;417
2019-02-08;08/02/2019;2406.25;2468.75;2406.25;2468.75;5910
2019-02-11;11/02/2019;2371.875;2371.875;2328.125;2328.125;256
2019-02-12;12/02/2019;2368.75;2368.75;2368.75;2368.75;3104
2019-02-13;13/02/2019;2368.75;2500;2368.75;2500;265
2019-02-14;14/02/2019;2375;2375;2375;2375;329
2019-02-15;15/02/2019;2431.25;2431.25;2431.25;2431.25;1376
2019-02-18;18/02/2019;2406.25;2406.25;2406.25;2406.25;2193
2019-02-19;19/02/2019;2437.5;2500;2437.5;2500;779
2019-02-20;20/02/2019;2437.5;2496.875;2437.5;2496.875;337
2019-02-21;21/02/2019;2496.875;2496.875;2496.875;2496.875;204
2019-02-22;22/02/2019;2493.75;2496.875;2493.75;2496.875;1502
2019-02-25;25/02/2019;2496.875;2496.875;2493.75;2493.75;1787
2019-02-26;26/02/2019;2493.75;2493.75;2406.25;2406.25;81
2019-02-27;27/02/2019;2406.25;2437.5;2406.25;2437.5;1628
2019-02-28;28/02/2019;2434.375;2434.375;2434.375;2434.375;16
2019-03-01;01/03/2019;2406.25;2437.5;2406.25;2437.5;104
2019-03-04;04/03/2019;2437.5;2437.5;2437.5;2437.5;1409
2019-03-05;05/03/2019;2437.5;2550;2437.5;2550;254
2019-03-06;06/03/2019;2468.75;2471.875;2468.75;2471.875;520
2019-03-07;07/03/2019;2471.875;2562.5;2471.875;2562.5;1248
2019-03-08;08/03/2019;2500;2500;2500;2500;968
2019-03-11;11/03/2019;2468.75;2468.75;2465.625;2465.625;1088
2019-03-12;12/03/2019;2437.5;2437.5;2437.5;2437.5;144
2019-03-13;13/03/2019;2437.5;2500;2437.5;2500;712
2019-03-14;14/03/2019;2468.75;2559.375;2468.75;2559.375;286
2019-03-15;15/03/2019;2562.5;2562.5;2437.5;2437.5;398
2019-03-18;18/03/2019;2500;2559.375;2500;2559.375;808
2019-03-19;19/03/2019;2500;2500;2462.5;2462.5;153
2019-03-20;20/03/2019;2437.5;2468.75;2437.5;2468.75;230
2019-03-21;21/03/2019;2500;2628.125;2500;2628.125;2942
2019-03-22;22/03/2019;2656.25;2656.25;2625;2625;1912
2019-03-25;25/03/2019;2625;2625;2581.25;2581.25;625
2019-03-26;26/03/2019;2562.5;2562.5;2559.375;2559.375;880
2019-03-27;27/03/2019;2559.375;2559.375;2559.375;2559.375;417
2019-03-28;28/03/2019;2559.375;2625;2559.375;2625;1648
2019-03-29;29/03/2019;2656.25;2656.25;2625;2625;2892
2019-04-02;02/04/2019;2631.25;2631.25;2631.25;2631.25;12
2019-04-03;03/04/2019;2659.375;2659.375;2625;2625;417
2019-04-04;04/04/2019;2656.25;2656.25;2625;2625;625
2019-04-05;05/04/2019;2562.5;2562.5;2562.5;2562.5;56
2019-04-08;08/04/2019;2556.25;2750;2556.25;2750;1444
2019-04-09;09/04/2019;2750;2750;2625;2625;2336
2019-04-10;10/04/2019;2656.25;2656.25;2593.75;2593.75;1272
2019-04-11;11/04/2019;2593.75;2750;2593.75;2750;91
2019-04-12;12/04/2019;2684.375;2684.375;2625;2625;1243
2019-04-15;15/04/2019;2687.5;2743.75;2687.5;2743.75;603
2019-04-16;16/04/2019;2625;2625;2625;2625;240
2019-04-17;17/04/2019;2628.125;2628.125;2625;2625;854
2019-04-18;18/04/2019;2631.25;2631.25;2625;2625;1545
2019-04-19;19/04/2019;2656.25;2656.25;2625;2625;1028
2019-04-22;22/04/2019;2656.25;2656.25;2625;2625;1028
2019-04-23;23/04/2019;2656.25;2687.5;2656.25;2687.5;1566
2019-04-24;24/04/2019;2687.5;2750;2687.5;2750;1868
2019-04-25;25/04/2019;2746.875;2746.875;2746.875;2746.875;16
2019-04-26;26/04/2019;2746.875;2746.875;2746.875;2746.875;11
2019-04-29;29/04/2019;2750;2796.875;2750;2796.875;700
2019-04-30;30/04/2019;2812.5;2812.5;2812.5;2812.5;13041
2019-05-01;01/05/2019;2812.5;2812.5;2812.5;2812.5;13041
2019-05-02;02/05/2019;2812.5;2821.875;2812.5;2821.875;480
2019-05-03;03/05/2019;2812.5;2821.875;2812.5;2821.875;1081
2019-05-06;06/05/2019;2871.875;2871.875;2871.875;2871.875;1696
2019-05-07;07/05/2019;2871.875;2871.875;2871.875;2871.875;3590
2019-05-08;08/05/2019;2871.875;2871.875;2871.875;2871.875;331
2019-05-09;09/05/2019;2821.875;2821.875;2787.5;2787.5;163
2019-05-10;10/05/2019;2871.875;2871.875;2843.75;2843.75;193
2019-05-13;13/05/2019;2787.5;2806.25;2787.5;2806.25;195
2019-05-14;14/05/2019;2750;2750;2750;2750;1611
2019-05-15;15/05/2019;2656.25;2656.25;2656.25;2656.25;49
2019-05-16;16/05/2019;2687.5;2687.5;2687.5;2687.5;356
2019-05-17;17/05/2019;2656.25;2656.25;2625;2625;59
2019-05-20;20/05/2019;2593.75;2593.75;2500;2500;1486
2019-05-21;21/05/2019;2437.5;2562.5;2437.5;2562.5;555
2019-05-22;22/05/2019;2500;2500;2500;2500;78
2019-05-23;23/05/2019;2428.125;2428.125;2378.125;2378.125;12628
2019-05-24;24/05/2019;2378.125;2378.125;2362.5;2362.5;356
2019-05-27;27/05/2019;2284.375;2284.375;2284.375;2284.375;6121
2019-05-28;28/05/2019;2284.375;2284.375;2284.375;2284.375;2852
2019-05-29;29/05/2019;2312.5;2312.5;2284.375;2284.375;14
2019-05-30;30/05/2019;2312.5;2312.5;2284.375;2284.375;14
2019-05-31;31/05/2019;2284.375;2284.375;2243.75;2243.75;3265
2019-06-03;03/06/2019;2215.625;2215.625;2215.625;2215.625;4790
2019-06-05;05/06/2019;2284.375;2284.375;2212.5;2212.5;80
2019-06-06;06/06/2019;2215.625;2284.375;2215.625;2284.375;292
2019-06-07;07/06/2019;2284.375;2284.375;2281.25;2281.25;115
2019-06-11;11/06/2019;2281.25;2281.25;2218.75;2218.75;68
2019-06-12;12/06/2019;2218.75;2284.375;2218.75;2284.375;856
2019-06-13;13/06/2019;2284.375;2284.375;2187.5;2187.5;243
2019-06-14;14/06/2019;2234.375;2234.375;2187.5;2187.5;1056
2019-06-17;17/06/2019;2187.5;2218.75;2187.5;2218.75;1740
2019-06-18;18/06/2019;2284.375;2284.375;2218.75;2218.75;1440
2019-06-19;19/06/2019;2218.75;2234.375;2218.75;2234.375;548
2019-06-20;20/06/2019;2250;2250;2218.75;2218.75;4576
2019-06-21;21/06/2019;2187.5;2187.5;2187.5;2187.5;1955
2019-06-24;24/06/2019;2184.375;2187.5;2184.375;2187.5;662
2019-06-25;25/06/2019;2184.375;2184.375;2143.75;2143.75;1732
2019-06-26;26/06/2019;2137.5;2184.375;2137.5;2184.375;3323
2019-06-27;27/06/2019;2156.25;2156.25;2156.25;2156.25;481
2019-06-28;28/06/2019;2156.25;2156.25;2137.5;2137.5;755
2019-07-02;02/07/2019;2156.25;2156.25;2156.25;2156.25;4027
2019-07-03;03/07/2019;2156.25;2156.25;2156.25;2156.25;472
2019-07-04;04/07/2019;2156.25;2156.25;2156.25;2156.25;86
2019-07-05;05/07/2019;2153.125;2153.125;2137.5;2137.5;4883
2019-07-08;08/07/2019;2153.125;2153.125;2137.5;2137.5;728
2019-07-09;09/07/2019;2125;2137.5;2125;2137.5;902
2019-07-10;10/07/2019;2156.25;2156.25;2137.5;2137.5;187
2019-07-11;11/07/2019;2137.5;2137.5;2125;2125;156
2019-07-12;12/07/2019;2137.5;2137.5;2137.5;2137.5;44
2019-07-15;15/07/2019;2137.5;2137.5;2137.5;2137.5;872
2019-07-16;16/07/2019;2137.5;2137.5;2112.5;2112.5;336
2019-07-17;17/07/2019;2112.5;2112.5;2093.75;2093.75;160
2019-07-18;18/07/2019;2090.625;2090.625;2075;2075;364
2019-07-19;19/07/2019;2075;2075;2075;2075;144
2019-07-22;22/07/2019;2093.75;2093.75;2093.75;2093.75;96
2019-07-23;23/07/2019;2096.875;2112.5;2096.875;2112.5;1404
2019-07-24;24/07/2019;2112.5;2112.5;2112.5;2112.5;624
2019-07-25;25/07/2019;2112.5;2112.5;2112.5;2112.5;72
2019-07-26;26/07/2019;2153.125;2153.125;2118.75;2118.75;235
2019-07-29;29/07/2019;2125;2187.5;2125;2187.5;3233
2019-07-30;30/07/2019;2187.5;2187.5;2125;2125;251
2019-07-31;31/07/2019;2125;2125;2125;2125;1
2019-08-01;01/08/2019;2187.5;2187.5;2187.5;2187.5;16
2019-08-02;02/08/2019;2187.5;2187.5;2187.5;2187.5;113
2019-08-05;05/08/2019;2187.5;2187.5;2187.5;2187.5;184
2019-08-06;06/08/2019;2187.5;2187.5;2187.5;2187.5;200
2019-08-07;07/08/2019;2187.5;2187.5;2187.5;2187.5;200
2019-08-08;08/08/2019;2187.5;2187.5;2125;2125;948
2019-08-09;09/08/2019;2184.375;2184.375;2125;2125;302
2019-08-12;12/08/2019;2184.375;2184.375;2125;2125;302
2019-08-13;13/08/2019;2125;2181.25;2125;2181.25;422
2019-08-14;14/08/2019;2125;2125;2125;2125;1446
2019-08-15;15/08/2019;2125;2125;2125;2125;1446
2019-08-16;16/08/2019;2121.875;2121.875;2118.75;2118.75;1064
2019-08-19;19/08/2019;2118.75;2125;2118.75;2125;577
2019-08-20;20/08/2019;2125;2125;2125;2125;1452
2019-08-21;21/08/2019;2121.875;2153.125;2121.875;2153.125;388
2019-08-22;22/08/2019;2125;2125;2125;2125;244
2019-08-23;23/08/2019;2121.875;2121.875;2106.25;2106.25;548
2019-08-26;26/08/2019;2096.875;2125;2096.875;2125;3688
2019-08-27;27/08/2019;2125;2187.5;2125;2187.5;635
2019-08-28;28/08/2019;2112.5;2125;2112.5;2125;1248
2019-08-29;29/08/2019;2125;2125;2125;2125;3688
2019-08-30;30/08/2019;2093.75;2125;2093.75;2125;710
2019-09-02;02/09/2019;2118.75;2121.875;2118.75;2121.875;1920
2019-09-03;03/09/2019;2093.75;2093.75;2090.625;2090.625;601
2019-09-04;04/09/2019;2087.5;2090.625;2087.5;2090.625;2443
2019-09-05;05/09/2019;2090.625;2090.625;2090.625;2090.625;409
2019-09-06;06/09/2019;2087.5;2087.5;2075;2075;748
2019-09-09;09/09/2019;2075;2081.25;2075;2081.25;756
2019-09-10;10/09/2019;2059.375;2062.5;2059.375;2062.5;854
2019-09-11;11/09/2019;2034.375;2034.375;2031.25;2031.25;651
2019-09-12;12/09/2019;2062.5;2065.625;2062.5;2065.625;616
2019-09-13;13/09/2019;2062.5;2062.5;2062.5;2062.5;123
2019-09-16;16/09/2019;2062.5;2187.5;2062.5;2187.5;2724
2019-09-17;17/09/2019;2187.5;2187.5;2187.5;2187.5;92
2019-09-18;18/09/2019;2187.5;2187.5;2187.5;2187.5;323
2019-09-19;19/09/2019;2187.5;2187.5;2187.5;2187.5;502
2019-09-20;20/09/2019;2187.5;2187.5;2125;2125;2905
2019-09-23;23/09/2019;2125;2125;2125;2125;160
2019-09-24;24/09/2019;2103.125;2106.25;2103.125;2106.25;19296
2019-09-25;25/09/2019;2093.75;2093.75;2093.75;2093.75;3184
2019-09-26;26/09/2019;2096.875;2096.875;2056.25;2056.25;3078
2019-09-27;27/09/2019;2056.25;2056.25;2003.125;2003.125;1675
2019-09-30;30/09/2019;2018.75;2018.75;2003.125;2003.125;464
2019-10-01;01/10/2019;2003.125;2003.125;2003.125;2003.125;1073
2019-10-02;02/10/2019;2003.125;2003.125;2000;2000;1777
2019-10-03;03/10/2019;2000;2000;2000;2000;568
2019-10-04;04/10/2019;2000;2006.25;2000;2006.25;457
2019-10-07;07/10/2019;2012.5;2012.5;2006.25;2006.25;3745
2019-10-08;08/10/2019;2000;2000;2000;2000;209
2019-10-09;09/10/2019;1968.75;1968.75;1968.75;1968.75;153
2019-10-10;10/10/2019;1968.75;1968.75;1937.5;1937.5;521
2019-10-11;11/10/2019;1937.5;1937.5;1937.5;1937.5;235
2019-10-14;14/10/2019;1943.75;1943.75;1937.5;1937.5;416
2019-10-15;15/10/2019;1937.5;1937.5;1934.375;1934.375;179
2019-10-16;16/10/2019;1903.125;1906.25;1903.125;1906.25;400
2019-10-17;17/10/2019;1931.25;1931.25;1931.25;1931.25;70
2019-10-18;18/10/2019;1906.25;1906.25;1900;1900;243
2019-10-21;21/10/2019;1906.25;1906.25;1903.125;1903.125;905
2019-10-22;22/10/2019;1906.25;1906.25;1878.125;1878.125;8782
2019-10-23;23/10/2019;1881.25;1881.25;1878.125;1878.125;552
2019-10-24;24/10/2019;1878.125;1931.25;1878.125;1931.25;7057
2019-10-25;25/10/2019;1937.5;1937.5;1931.25;1931.25;771
2019-10-28;28/10/2019;1968.75;1968.75;1968.75;1968.75;48
2019-10-29;29/10/2019;1968.75;1968.75;1875;1875;3745
2019-10-30;30/10/2019;1906.25;1906.25;1906.25;1906.25;387
2019-10-31;31/10/2019;1906.25;1906.25;1875;1875;409
2019-11-01;01/11/2019;1906.25;1906.25;1875;1875;409
2019-11-04;04/11/2019;1875;1875;1875;1875;1091
2019-11-05;05/11/2019;1875;1875;1875;1875;176
2019-11-07;07/11/2019;1868.75;1868.75;1868.75;1868.75;3
2019-11-08;08/11/2019;1812.5;1812.5;1750;1750;940
2019-11-11;11/11/2019;1762.5;1762.5;1762.5;1762.5;3259
2019-11-12;12/11/2019;1843.75;1843.75;1843.75;1843.75;40
2019-11-13;13/11/2019;1815.625;1815.625;1809.375;1809.375;448
2019-11-14;14/11/2019;1781.25;1781.25;1756.25;1756.25;1355
2019-11-18;18/11/2019;1762.5;1762.5;1750;1750;1768
2019-11-19;19/11/2019;1756.25;1756.25;1737.5;1737.5;721
2019-11-20;20/11/2019;1737.5;1750;1737.5;1750;2011
2019-11-21;21/11/2019;1750;1750;1718.75;1718.75;2643
2019-11-22;22/11/2019;1750;1750;1746.875;1746.875;1040
2019-11-25;25/11/2019;1721.875;1753.125;1721.875;1753.125;2240
2019-11-26;26/11/2019;1687.5;1687.5;1687.5;1687.5;2464
2019-11-27;27/11/2019;1690.625;1690.625;1687.5;1687.5;2052
2019-11-28;28/11/2019;1750;1750;1750;1750;164
2019-11-29;29/11/2019;1750;1750;1750;1750;496
2019-12-02;02/12/2019;1781.25;1781.25;1756.25;1756.25;425
2019-12-03;03/12/2019;1759.375;1781.25;1759.375;1781.25;585
2019-12-04;04/12/2019;1818.75;1818.75;1818.75;1818.75;16
2019-12-06;06/12/2019;1875;1937.5;1875;1937.5;2515
2019-12-09;09/12/2019;1937.5;1937.5;1937.5;1937.5;7201
2019-12-10;10/12/2019;1937.5;2081.25;1937.5;2081.25;3940
2019-12-11;11/12/2019;2096.875;2096.875;2093.75;2093.75;1188
2019-12-12;12/12/2019;2121.875;2125;2121.875;2125;1408
2019-12-13;13/12/2019;2159.375;2246.875;2159.375;2246.875;208
2019-12-16;16/12/2019;2246.875;2246.875;2187.5;2187.5;163
2019-12-17;17/12/2019;2187.5;2250;2187.5;2250;1076
2019-12-18;18/12/2019;2190.625;2312.5;2190.625;2312.5;633
2019-12-19;19/12/2019;2312.5;2312.5;2250;2250;3492
2019-12-20;20/12/2019;2250;2250;2250;2250;731
2019-12-23;23/12/2019;2196.875;2200;2196.875;2200;14
2019-12-24;24/12/2019;2200;2200;2200;2200;20
2019-12-25;25/12/2019;2200;2200;2200;2200;20
2019-12-26;26/12/2019;2200;2200;2196.875;2196.875;235
2019-12-27;27/12/2019;2193.75;2193.75;2162.5;2162.5;329
2019-12-30;30/12/2019;2159.375;2159.375;2003.125;2003.125;659
2019-12-31;31/12/2019;2003.125;2115.625;2003.125;2115.625;6934
2020-01-01;01/01/2020;2003.125;2115.625;2003.125;2115.625;6934
2020-01-02;02/01/2020;2115.625;2218.75;2115.625;2218.75;3836
2020-01-03;03/01/2020;2187.5;2187.5;2187.5;2187.5;544
2020-01-06;06/01/2020;2218.75;2218.75;2187.5;2187.5;3620
2020-01-07;07/01/2020;2125;2125;2125;2125;48
2020-01-08;08/01/2020;2125;2125;2125;2125;256
2020-01-09;09/01/2020;2118.75;2118.75;2062.5;2062.5;1664
2020-01-10;10/01/2020;2121.875;2121.875;2121.875;2121.875;1
2020-01-13;13/01/2020;2121.875;2121.875;2062.5;2062.5;2912
2020-01-14;14/01/2020;2062.5;2062.5;2003.125;2003.125;214
2020-01-15;15/01/2020;2062.5;2062.5;2059.375;2059.375;1417
2020-01-16;16/01/2020;2062.5;2125;2062.5;2125;1676
2020-01-17;17/01/2020;2125;2125;2125;2125;619
2020-01-20;20/01/2020;2125;2125;2125;2125;668
2020-01-21;21/01/2020;2125;2125;2125;2125;448
2020-01-22;22/01/2020;2128.125;2128.125;2128.125;2128.125;4
2020-01-23;23/01/2020;2187.5;2187.5;2187.5;2187.5;8016
2020-01-24;24/01/2020;2187.5;2190.625;2187.5;2190.625;1849
2020-01-27;27/01/2020;2193.75;2193.75;2187.5;2187.5;1731
2020-01-28;28/01/2020;2181.25;2184.375;2181.25;2184.375;796
2020-01-29;29/01/2020;2184.375;2184.375;2156.25;2156.25;7025
2020-01-30;30/01/2020;2131.25;2218.75;2131.25;2218.75;433
2020-01-31;31/01/2020;2268.75;2268.75;2250;2250;92
2020-02-03;03/02/2020;2253.125;2406.25;2253.125;2406.25;2888
2020-02-04;04/02/2020;2375;2375;2253.125;2253.125;1089
2020-02-05;05/02/2020;2253.125;2253.125;2253.125;2253.125;249
2020-02-06;06/02/2020;2281.25;2281.25;2250;2250;470
2020-02-07;07/02/2020;2253.125;2253.125;2250;2250;968
2020-02-10;10/02/2020;2250;2250;2187.5;2187.5;2640
2020-02-11;11/02/2020;2125;2187.5;2125;2187.5;2656
2020-02-12;12/02/2020;2125;2187.5;2125;2187.5;2656
2020-02-13;13/02/2020;2125;2125;2125;2125;524
2020-02-14;14/02/2020;2125;2128.125;2125;2128.125;1403
2020-02-17;17/02/2020;2128.125;2128.125;2128.125;2128.125;305
2020-02-18;18/02/2020;2125;2125;2125;2125;208
2020-02-19;19/02/2020;2128.125;2128.125;2125;2125;179
2020-02-20;20/02/2020;2125;2125;2125;2125;1320
2020-02-21;21/02/2020;2187.5;2187.5;2187.5;2187.5;51
2020-02-24;24/02/2020;2156.25;2156.25;2128.125;2128.125;1160
2020-02-25;25/02/2020;2128.125;2187.5;2128.125;2187.5;164
2020-02-26;26/02/2020;2181.25;2187.5;2181.25;2187.5;224
2020-02-27;27/02/2020;2125;2187.5;2125;2187.5;937
2020-02-28;28/02/2020;2187.5;2187.5;2187.5;2187.5;9
2020-03-02;02/03/2020;2312.5;2312.5;2312.5;2312.5;689
2020-03-03;03/03/2020;2312.5;2312.5;2312.5;2312.5;118
2020-03-04;04/03/2020;2187.5;2187.5;2159.375;2159.375;57
2020-03-05;05/03/2020;2250;2250;2187.5;2187.5;220
2020-03-06;06/03/2020;2187.5;2187.5;2187.5;2187.5;104
2020-03-09;09/03/2020;2193.75;2193.75;2193.75;2193.75;48
2020-03-10;10/03/2020;2193.75;2193.75;2193.75;2193.75;227
2020-03-11;11/03/2020;2187.5;2225;2187.5;2225;664
2020-03-12;12/03/2020;2250;2250;2225;2225;153
2020-03-13;13/03/2020;2225;2250;2225;2250;483
2020-03-16;16/03/2020;2250;2250;2250;2250;724
2020-03-17;17/03/2020;2250;2300;2250;2300;73
2020-03-18;18/03/2020;2375;2375;2371.875;2371.875;726
2020-03-19;19/03/2020;2375;2375;2375;2375;1616
2020-03-20;20/03/2020;2375;2375;2343.75;2343.75;3683
2020-03-23;23/03/2020;2343.75;2343.75;2312.5;2312.5;1976
2020-03-24;24/03/2020;2250;2343.75;2250;2343.75;1092
2020-03-25;25/03/2020;2343.75;2343.75;2343.75;2343.75;244
2020-03-27;27/03/2020;2325;2325;2325;2325;163
2020-03-30;30/03/2020;2312.5;2312.5;2309.375;2309.375;204
2020-03-31;31/03/2020;2250;2250;2218.75;2218.75;177
2020-04-01;01/04/2020;2187.5;2218.75;2187.5;2218.75;164
2020-04-02;02/04/2020;2250;2250;2184.375;2184.375;558
2020-04-03;03/04/2020;2215.625;2215.625;2187.5;2187.5;462
2020-04-06;06/04/2020;2125;2128.125;2125;2128.125;224
2020-04-07;07/04/2020;2125;2218.75;2125;2218.75;4140
2020-04-08;08/04/2020;2218.75;2218.75;2218.75;2218.75;710
2020-04-09;09/04/2020;2250;2250;2250;2250;1052
2020-04-10;10/04/2020;2253.125;2253.125;2250;2250;609
2020-04-13;13/04/2020;2253.125;2253.125;2250;2250;609
2020-04-14;14/04/2020;2306.25;2312.5;2306.25;2312.5;13201
2020-04-15;15/04/2020;2312.5;2312.5;2312.5;2312.5;8244
2020-04-16;16/04/2020;2312.5;2312.5;2312.5;2312.5;278
2020-04-17;17/04/2020;2337.5;2337.5;2312.5;2312.5;289
2020-04-20;20/04/2020;2337.5;2343.75;2337.5;2343.75;2424
2020-04-21;21/04/2020;2368.75;2368.75;2368.75;2368.75;1360
2020-04-22;22/04/2020;2368.75;2406.25;2368.75;2406.25;7363
2020-04-23;23/04/2020;2406.25;2406.25;2406.25;2406.25;121
2020-04-24;24/04/2020;2406.25;2406.25;2406.25;2406.25;278
2020-04-27;27/04/2020;2406.25;2434.375;2406.25;2434.375;3520
2020-04-28;28/04/2020;2321.875;2375;2321.875;2375;1078
2020-04-29;29/04/2020;2375;2406.25;2375;2406.25;137
2020-04-30;30/04/2020;2406.25;2406.25;2390.625;2390.625;417
2020-05-01;01/05/2020;2406.25;2406.25;2390.625;2390.625;417
2020-05-04;04/05/2020;2406.25;2406.25;2390.625;2390.625;4683
2020-05-05;05/05/2020;2375;2406.25;2375;2406.25;8004
2020-05-06;06/05/2020;2409.375;2409.375;2406.25;2406.25;91
2020-05-07;07/05/2020;2406.25;2406.25;2378.125;2378.125;462
2020-05-08;08/05/2020;2378.125;2406.25;2378.125;2406.25;10129
2020-05-11;11/05/2020;2375;2378.125;2375;2378.125;1307
2020-05-12;12/05/2020;2400;2406.25;2400;2406.25;9488
2020-05-13;13/05/2020;2406.25;2412.5;2406.25;2412.5;2544
2020-05-14;14/05/2020;2421.875;2421.875;2375;2375;1038
2020-05-15;15/05/2020;2375;2375;2375;2375;7059
2020-05-18;18/05/2020;2109.375;2109.375;2109.375;2109.375;16
2020-05-19;19/05/2020;2109.375;2125;2109.375;2125;14
2020-05-22;22/05/2020;2109.375;2125;2109.375;2125;1993
2020-05-25;25/05/2020;2125;2125;2125;2125;1808
2020-05-26;26/05/2020;2125;2187.5;2125;2187.5;72
2020-05-27;27/05/2020;2156.25;2181.25;2156.25;2181.25;1091
2020-05-28;28/05/2020;2159.375;2181.25;2159.375;2181.25;2403
2020-05-29;29/05/2020;2181.25;2187.5;2181.25;2187.5;1414
2020-06-01;01/06/2020;2181.25;2187.5;2181.25;2187.5;1414
2020-06-02;02/06/2020;2156.25;2187.5;2156.25;2187.5;1329
2020-06-03;03/06/2020;2187.5;2187.5;2187.5;2187.5;1792
2020-06-04;04/06/2020;2190.625;2190.625;2187.5;2187.5;1136
2020-06-05;05/06/2020;2187.5;2218.75;2187.5;2218.75;3411
2020-06-08;08/06/2020;2218.75;2218.75;2187.5;2187.5;2240
2020-06-09;09/06/2020;2187.5;2187.5;2187.5;2187.5;160
2020-06-10;10/06/2020;2187.5;2187.5;2125;2125;64
2020-06-12;12/06/2020;2156.25;2187.5;2156.25;2187.5;7492
2020-06-15;15/06/2020;2187.5;2187.5;2062.5;2062.5;950
2020-06-16;16/06/2020;2065.625;2125;2065.625;2125;16192
2020-06-17;17/06/2020;2121.875;2125;2121.875;2125;376
2020-06-18;18/06/2020;2125;2125;2125;2125;62
2020-06-19;19/06/2020;2131.25;2131.25;2131.25;2131.25;64
2020-06-22;22/06/2020;2131.25;2131.25;2131.25;2131.25;9456
2020-06-23;23/06/2020;2187.5;2187.5;2134.375;2134.375;1672
2020-06-24;24/06/2020;2156.25;2156.25;2156.25;2156.25;208
2020-06-25;25/06/2020;2265.625;2265.625;2159.375;2159.375;216
2020-06-26;26/06/2020;2162.5;2162.5;2162.5;2162.5;73
2020-06-29;29/06/2020;2246.875;2321.875;2246.875;2321.875;312
2020-06-30;30/06/2020;2312.5;2325;2312.5;2325;3392
2020-07-01;01/07/2020;2281.25;2309.375;2281.25;2309.375;92
2020-07-02;02/07/2020;2309.375;2325;2309.375;2325;286
2020-07-03;03/07/2020;2312.5;2325;2312.5;2325;1200
2020-07-08;08/07/2020;2187.5;2187.5;2187.5;2187.5;504
2020-07-09;09/07/2020;2312.5;2312.5;2312.5;2312.5;352
2020-07-10;10/07/2020;2243.75;2243.75;2200;2200;1312
2020-07-13;13/07/2020;2231.25;2231.25;2231.25;2231.25;38
2020-07-15;15/07/2020;2231.25;2231.25;2200;2200;105
2020-07-16;16/07/2020;2231.25;2231.25;2134.375;2134.375;996
2020-07-17;17/07/2020;2156.25;2156.25;2131.25;2131.25;864
2020-07-20;20/07/2020;2187.5;2187.5;2134.375;2134.375;696
2020-07-21;21/07/2020;2218.75;2218.75;2187.5;2187.5;32
2020-07-22;22/07/2020;2181.25;2181.25;2181.25;2181.25;14
2020-07-24;24/07/2020;2181.25;2181.25;2181.25;2181.25;4
2020-07-27;27/07/2020;2134.375;2134.375;2125;2125;499
2020-07-28;28/07/2020;2125;2125;2090.625;2090.625;257
2020-07-29;29/07/2020;2062.5;2125;2062.5;2125;3204
2020-07-30;30/07/2020;2125;2125;2125;2125;1168
2020-07-31;31/07/2020;2125;2125;2125;2125;1168
2020-08-03;03/08/2020;2131.25;2131.25;2125;2125;419
2020-08-04;04/08/2020;2125;2125;2125;2125;228
2020-08-05;05/08/2020;2125;2125;2125;2125;1432
2020-08-10;10/08/2020;2131.25;2187.5;2131.25;2187.5;11078
2020-08-11;11/08/2020;2156.25;2187.5;2156.25;2187.5;177
2020-08-12;12/08/2020;2243.75;2250;2243.75;2250;5240
2020-08-13;13/08/2020;2250;2250;2250;2250;208
2020-08-14;14/08/2020;2250;2250;2250;2250;140
2020-08-17;17/08/2020;2250;2256.25;2250;2256.25;112
2020-08-18;18/08/2020;2256.25;2256.25;2250;2250;552
2020-08-21;21/08/2020;2125;2125;2062.5;2062.5;952
2020-08-24;24/08/2020;2125;2125;2125;2125;331
2020-08-25;25/08/2020;2121.875;2121.875;2093.75;2093.75;2918
2020-08-26;26/08/2020;2096.875;2096.875;2096.875;2096.875;480
2020-08-27;27/08/2020;2062.5;2062.5;2062.5;2062.5;1012
2020-08-28;28/08/2020;2103.125;2103.125;2096.875;2096.875;9017
2020-08-31;31/08/2020;2062.5;2096.875;2062.5;2096.875;1328
2020-09-01;01/09/2020;2125;2125;2093.75;2093.75;521
2020-09-02;02/09/2020;2096.875;2096.875;2096.875;2096.875;320
2020-09-03;03/09/2020;2100;2100;2000;2000;140
2020-09-04;04/09/2020;2096.875;2096.875;2096.875;2096.875;1990
2020-09-07;07/09/2020;2100;2100;2100;2100;161
2020-09-08;08/09/2020;2100;2100;2096.875;2096.875;1916
2020-09-09;09/09/2020;2062.5;2096.875;2062.5;2096.875;460
2020-09-10;10/09/2020;2065.625;2065.625;2062.5;2062.5;267
2020-09-11;11/09/2020;2065.625;2093.75;2065.625;2093.75;137
2020-09-14;14/09/2020;2093.75;2093.75;2062.5;2062.5;787
2020-09-15;15/09/2020;2121.875;2121.875;2121.875;2121.875;80
2020-09-16;16/09/2020;2062.5;2121.875;2062.5;2121.875;2356
2020-09-17;17/09/2020;2121.875;2125;2121.875;2125;3608
2020-09-18;18/09/2020;2125;2125;2125;2125;1619
2020-09-21;21/09/2020;2093.75;2093.75;2062.5;2062.5;1731
2020-09-22;22/09/2020;2062.5;2121.875;2062.5;2121.875;473
2020-09-23;23/09/2020;2062.5;2121.875;2062.5;2121.875;473
2020-09-24;24/09/2020;2062.5;2121.875;2062.5;2121.875;473
2020-09-25;25/09/2020;2062.5;2121.875;2062.5;2121.875;473
2020-09-28;28/09/2020;2187.5;2312.5;2187.5;2312.5;3416
2020-09-29;29/09/2020;2140.625;2250;2140.625;2250;104
2020-10-01;01/10/2020;2206.25;2206.25;2156.25;2156.25;7297
2020-10-02;02/10/2020;2187.5;2187.5;2156.25;2156.25;8163
2020-10-05;05/10/2020;2156.25;2156.25;2121.875;2121.875;9664
2020-10-06;06/10/2020;2125;2156.25;2125;2156.25;14544
2020-10-07;07/10/2020;2156.25;2156.25;2156.25;2156.25;3768
2020-10-08;08/10/2020;2156.25;2156.25;2156.25;2156.25;32
2020-10-09;09/10/2020;2150;2150;2128.125;2128.125;184
2020-10-12;12/10/2020;2156.25;2156.25;2156.25;2156.25;884
2020-10-13;13/10/2020;2128.125;2128.125;2125;2125;248
2020-10-14;14/10/2020;2156.25;2156.25;2156.25;2156.25;41
2020-10-16;16/10/2020;2156.25;2156.25;2156.25;2156.25;32
2020-10-19;19/10/2020;2156.25;2187.5;2156.25;2187.5;323
2020-10-20;20/10/2020;2156.25;2156.25;2156.25;2156.25;244
2020-10-22;22/10/2020;2156.25;2156.25;2156.25;2156.25;240
2020-10-23;23/10/2020;2156.25;2156.25;2156.25;2156.25;400
2020-10-26;26/10/2020;2159.375;2159.375;2125;2125;8913
2020-10-27;27/10/2020;2125;2125;2093.75;2093.75;6080
2020-10-28;28/10/2020;2096.875;2125;2096.875;2125;1576
2020-10-29;29/10/2020;2096.875;2125;2096.875;2125;1576
2020-10-30;30/10/2020;2125;2125;2062.5;2062.5;2315
2020-11-02;02/11/2020;2031.25;2031.25;1940.625;1940.625;1195
2020-11-03;03/11/2020;1965.625;1971.875;1965.625;1971.875;752
2020-11-04;04/11/2020;2062.5;2062.5;2062.5;2062.5;16
2020-11-05;05/11/2020;2031.25;2062.5;2031.25;2062.5;112
2020-11-09;09/11/2020;2187.5;2187.5;2187.5;2187.5;16
2020-11-10;10/11/2020;2031.25;2031.25;2031.25;2031.25;2744
2020-11-11;11/11/2020;2062.5;2062.5;2031.25;2031.25;43721
2020-11-12;12/11/2020;2000;2000;2000;2000;832
2020-11-13;13/11/2020;1968.75;1968.75;1940.625;1940.625;26284
2020-11-16;16/11/2020;1943.75;1943.75;1937.5;1937.5;2739
2020-11-17;17/11/2020;1937.5;1937.5;1937.5;1937.5;5070
2020-11-18;18/11/2020;1937.5;1937.5;1915.625;1915.625;969
2020-11-19;19/11/2020;1934.375;1937.5;1934.375;1937.5;9836
2020-11-20;20/11/2020;1987.5;1987.5;1987.5;1987.5;56
2020-11-23;23/11/2020;1987.5;2031.25;1987.5;2031.25;1004
2020-11-24;24/11/2020;2062.5;2062.5;2000;2000;555
2020-11-25;25/11/2020;2000;2000;2000;2000;329
2020-11-26;26/11/2020;2006.25;2062.5;2006.25;2062.5;1841
2020-11-27;27/11/2020;2181.25;2181.25;2181.25;2181.25;272
2020-11-30;30/11/2020;2065.625;2065.625;2065.625;2065.625;48
2020-12-01;01/12/2020;2065.625;2087.5;2065.625;2087.5;1793
2020-12-02;02/12/2020;2062.5;2093.75;2062.5;2093.75;10163
2020-12-03;03/12/2020;2062.5;2062.5;2062.5;2062.5;19683
2020-12-04;04/12/2020;2062.5;2065.625;2062.5;2065.625;3499
2020-12-07;07/12/2020;2062.5;2093.75;2062.5;2093.75;11168
2020-12-08;08/12/2020;2093.75;2096.875;2093.75;2096.875;8008
2020-12-09;09/12/2020;2093.75;2093.75;2062.5;2062.5;3200
2020-12-10;10/12/2020;2065.625;2065.625;2031.25;2031.25;8600
2020-12-11;11/12/2020;2031.25;2031.25;2031.25;2031.25;32
2020-12-14;14/12/2020;2062.5;2062.5;2062.5;2062.5;3200
2020-12-15;15/12/2020;2071.875;2071.875;2062.5;2062.5;6552
2020-12-16;16/12/2020;2062.5;2062.5;2062.5;2062.5;20276
2020-12-17;17/12/2020;2062.5;2062.5;2062.5;2062.5;11852
2020-12-18;18/12/2020;2031.25;2065.625;2031.25;2065.625;496
2020-12-21;21/12/2020;2084.375;2090.625;2084.375;2090.625;148
2020-12-22;22/12/2020;2093.75;2156.25;2093.75;2156.25;5027
2020-12-23;23/12/2020;2162.5;2162.5;2162.5;2162.5;2737
2020-12-24;24/12/2020;2125;2140.625;2125;2140.625;404
2020-12-25;25/12/2020;2125;2140.625;2125;2140.625;404
2020-12-28;28/12/2020;2187.5;2187.5;2156.25;2156.25;11686
2020-12-29;29/12/2020;2156.25;2187.5;2156.25;2187.5;16217
2020-12-30;30/12/2020;2156.25;2156.25;2093.75;2093.75;977
2020-12-31;31/12/2020;2109.375;2187.5;2109.375;2187.5;9628
2021-01-04;04/01/2021;2125;2125;2125;2125;240
2021-01-05;05/01/2021;2121.875;2121.875;2100;2100;603
2021-01-06;06/01/2021;2103.125;2103.125;2103.125;2103.125;403
2021-01-07;07/01/2021;2093.75;2093.75;2090.625;2090.625;1593
2021-01-08;08/01/2021;2090.625;2103.125;2090.625;2103.125;227
2021-01-11;11/01/2021;2093.75;2096.875;2093.75;2096.875;534
2021-01-12;12/01/2021;2096.875;2096.875;2093.75;2093.75;2665
2021-01-13;13/01/2021;2093.75;2093.75;2093.75;2093.75;80
2021-01-14;14/01/2021;2093.75;2096.875;2093.75;2096.875;1499
2021-01-15;15/01/2021;2096.875;2106.25;2096.875;2106.25;1241
2021-01-19;19/01/2021;2125;2187.5;2125;2187.5;9787
2021-01-20;20/01/2021;2187.5;2187.5;2187.5;2187.5;10422
2021-01-21;21/01/2021;2187.5;2187.5;2187.5;2187.5;16035
2021-01-22;22/01/2021;2187.5;2187.5;2187.5;2187.5;803
2021-01-25;25/01/2021;2187.5;2187.5;2187.5;2187.5;64
2021-01-27;27/01/2021;2218.75;2218.75;2218.75;2218.75;30494
2021-01-28;28/01/2021;2218.75;2218.75;2218.75;2218.75;142
2021-01-29;29/01/2021;2243.75;2243.75;2218.75;2218.75;264
2021-02-01;01/02/2021;2218.75;2218.75;2218.75;2218.75;3516
2021-02-02;02/02/2021;2225;2225;2218.75;2218.75;29233
2021-02-03;03/02/2021;2240.625;2243.75;2240.625;2243.75;23112
2021-02-04;04/02/2021;2221.875;2246.875;2221.875;2246.875;3294
2021-02-05;05/02/2021;2246.875;2250;2246.875;2250;1752
2021-02-08;08/02/2021;2246.875;2246.875;2246.875;2246.875;118
2021-02-09;09/02/2021;2246.875;2246.875;2231.25;2231.25;411
2021-02-10;10/02/2021;2228.125;2250;2228.125;2250;164
2021-02-11;11/02/2021;2250;2250;2231.25;2231.25;328
2021-02-12;12/02/2021;2231.25;2250;2231.25;2250;8552
2021-02-15;15/02/2021;2231.25;2250;2231.25;2250;48
2021-02-16;16/02/2021;2246.875;2250;2246.875;2250;11360
2021-02-17;17/02/2021;2250;2250;2234.375;2234.375;8891
2021-02-18;18/02/2021;2250;2250;2250;2250;2769
2021-02-19;19/02/2021;2250;2250;2250;2250;10657
2021-02-22;22/02/2021;2250;2250;2243.75;2243.75;7102
2021-02-23;23/02/2021;2243.75;2250;2243.75;2250;3232
2021-02-24;24/02/2021;2246.875;2250;2246.875;2250;6302
2021-02-25;25/02/2021;2250;2250;2250;2250;5676
2021-02-26;26/02/2021;2250;2375;2250;2375;1748
2021-03-01;01/03/2021;2250;2375;2250;2375;425
2021-03-02;02/03/2021;2312.5;2312.5;2262.5;2262.5;747
2021-03-03;03/03/2021;2284.375;2284.375;2284.375;2284.375;3
2021-03-04;04/03/2021;2375;2375;2368.75;2368.75;148
2021-03-05;05/03/2021;2343.75;2343.75;2337.5;2337.5;27
2021-03-08;08/03/2021;2315.625;2315.625;2315.625;2315.625;2000
2021-03-09;09/03/2021;2331.25;2331.25;2312.5;2312.5;4222
2021-03-10;10/03/2021;2312.5;2312.5;2312.5;2312.5;12267
2021-03-11;11/03/2021;2315.625;2315.625;2312.5;2312.5;16408
2021-03-12;12/03/2021;2312.5;2375;2312.5;2375;5104
2021-03-15;15/03/2021;2312.5;2362.5;2312.5;2362.5;2064
2021-03-16;16/03/2021;2362.5;2362.5;2321.875;2321.875;3240
2021-03-17;17/03/2021;2443.75;2493.75;2443.75;2493.75;5364
2021-03-18;18/03/2021;2440.625;2500;2440.625;2500;5675
2021-03-19;19/03/2021;2500;2500;2500;2500;500
2021-03-22;22/03/2021;2500;2500;2493.75;2493.75;1708
2021-03-23;23/03/2021;2493.75;2493.75;2493.75;2493.75;1025
2021-03-24;24/03/2021;2481.25;2481.25;2437.5;2437.5;2771
2021-03-25;25/03/2021;2437.5;2468.75;2437.5;2468.75;2409
2021-03-26;26/03/2021;2465.625;2468.75;2465.625;2468.75;1552
2021-03-29;29/03/2021;2406.25;2406.25;2406.25;2406.25;5880
2021-03-30;30/03/2021;2406.25;2406.25;2406.25;2406.25;1616
2021-03-31;31/03/2021;2406.25;2406.25;2406.25;2406.25;3755
2021-04-01;01/04/2021;2406.25;2465.625;2406.25;2465.625;12937
2021-04-02;02/04/2021;2465.625;2465.625;2437.5;2437.5;6632
2021-04-05;05/04/2021;2465.625;2465.625;2437.5;2437.5;6632
2021-04-06;06/04/2021;2434.375;2434.375;2375;2375;7652
2021-04-07;07/04/2021;2375;2493.75;2375;2493.75;3377
2021-04-08;08/04/2021;2434.375;2437.5;2434.375;2437.5;83
2021-04-09;09/04/2021;2493.75;2493.75;2437.5;2437.5;11873
2021-04-12;12/04/2021;2437.5;2437.5;2350;2350;1140
2021-04-13;13/04/2021;2359.375;2375;2359.375;2375;336
2021-04-14;14/04/2021;2437.5;2437.5;2437.5;2437.5;222
2021-04-15;15/04/2021;2375;2493.75;2375;2493.75;446
2021-04-16;16/04/2021;2490.625;2490.625;2437.5;2437.5;1128
2021-04-19;19/04/2021;2493.75;2493.75;2493.75;2493.75;464
2021-04-20;20/04/2021;2490.625;2493.75;2490.625;2493.75;174
2021-04-21;21/04/2021;2490.625;2493.75;2490.625;2493.75;1923
2021-04-22;22/04/2021;2468.75;2493.75;2468.75;2493.75;262
2021-04-23;23/04/2021;2493.75;2493.75;2487.5;2487.5;1046
2021-04-26;26/04/2021;2493.75;2493.75;2493.75;2493.75;3019
2021-04-27;27/04/2021;2493.75;2493.75;2493.75;2493.75;156
2021-04-28;28/04/2021;2493.75;2493.75;2490.625;2490.625;969
2021-04-29;29/04/2021;2468.75;2475;2468.75;2475;3435
2021-04-30;30/04/2021;2437.5;2462.5;2437.5;2462.5;2832
2021-05-03;03/05/2021;2475;2475;2475;2475;304
2021-05-04;04/05/2021;2375;2375;2368.75;2368.75;227
2021-05-05;05/05/2021;2312.5;2312.5;2312.5;2312.5;2622
2021-05-06;06/05/2021;2293.75;2309.375;2293.75;2309.375;766
2021-05-07;07/05/2021;2306.25;2306.25;2306.25;2306.25;899
2021-05-10;10/05/2021;2187.5;2187.5;2187.5;2187.5;3555
2021-05-11;11/05/2021;2187.5;2281.25;2187.5;2281.25;424
2021-05-12;12/05/2021;2187.5;2281.25;2187.5;2281.25;424
2021-05-14;14/05/2021;2250;2250;2187.5;2187.5;916
2021-05-17;17/05/2021;2187.5;2250;2187.5;2250;377
2021-05-18;18/05/2021;2203.125;2250;2203.125;2250;248
2021-05-19;19/05/2021;2250;2250;2206.25;2206.25;1272
2021-05-20;20/05/2021;2203.125;2206.25;2203.125;2206.25;2176
2021-05-21;21/05/2021;2206.25;2206.25;2206.25;2206.25;2400
2021-05-24;24/05/2021;2206.25;2206.25;2206.25;2206.25;2400
2021-05-25;25/05/2021;2231.25;2231.25;2206.25;2206.25;876
2021-05-26;26/05/2021;2190.625;2231.25;2190.625;2231.25;408
2021-05-27;27/05/2021;2250;2250;2250;2250;1622
2021-05-28;28/05/2021;2253.125;2262.5;2253.125;2262.5;859
2021-05-31;31/05/2021;2262.5;2281.25;2262.5;2281.25;481
2021-06-01;01/06/2021;2281.25;2281.25;2281.25;2281.25;219
2021-06-02;02/06/2021;2281.25;2281.25;2281.25;2281.25;84
2021-06-03;03/06/2021;2281.25;2281.25;2278.125;2278.125;689
2021-06-04;04/06/2021;2278.125;2278.125;2278.125;2278.125;1068
2021-06-07;07/06/2021;2265.625;2278.125;2265.625;2278.125;1539
2021-06-08;08/06/2021;2265.625;2265.625;2262.5;2262.5;1673
2021-06-09;09/06/2021;2262.5;2278.125;2262.5;2278.125;1595
2021-06-10;10/06/2021;2281.25;2281.25;2250;2250;572
2021-06-11;11/06/2021;2250;2250;2250;2250;1289
2021-06-14;14/06/2021;2250;2275;2250;2275;582
2021-06-15;15/06/2021;2265.625;2265.625;2262.5;2262.5;664
2021-06-16;16/06/2021;2271.875;2271.875;2262.5;2262.5;416
2021-06-17;17/06/2021;2271.875;2271.875;2268.75;2268.75;33
2021-06-18;18/06/2021;2268.75;2271.875;2268.75;2271.875;835
2021-06-21;21/06/2021;2281.25;2281.25;2271.875;2271.875;1763
2021-06-22;22/06/2021;2250;2281.25;2250;2281.25;1968
2021-06-23;23/06/2021;2271.875;2271.875;2271.875;2271.875;222
2021-06-24;24/06/2021;2271.875;2306.25;2271.875;2306.25;2075
2021-06-25;25/06/2021;2450;2450;2434.375;2434.375;272
2021-06-28;28/06/2021;2431.25;2431.25;2425;2425;1052
2021-06-29;29/06/2021;2425;2425;2331.25;2331.25;459
2021-06-30;30/06/2021;2331.25;2418.75;2331.25;2418.75;488
2021-07-01;01/07/2021;2418.75;2418.75;2312.5;2312.5;136
2021-07-02;02/07/2021;2312.5;2312.5;2312.5;2312.5;577
2021-07-05;05/07/2021;2312.5;2312.5;2312.5;2312.5;1636
2021-07-06;06/07/2021;2315.625;2328.125;2315.625;2328.125;1755
2021-07-07;07/07/2021;2328.125;2343.75;2328.125;2343.75;390
2021-07-08;08/07/2021;2328.125;2343.75;2328.125;2343.75;636
2021-07-09;09/07/2021;2343.75;2343.75;2312.5;2312.5;1748
2021-07-12;12/07/2021;2312.5;2312.5;2284.375;2284.375;395
2021-07-13;13/07/2021;2281.25;2368.75;2281.25;2368.75;1379
2021-07-15;15/07/2021;2343.75;2343.75;2284.375;2284.375;184
2021-07-16;16/07/2021;2350;2350;2343.75;2343.75;32
2021-07-19;19/07/2021;2362.5;2368.75;2362.5;2368.75;163
2021-07-20;20/07/2021;2362.5;2368.75;2362.5;2368.75;163
2021-07-21;21/07/2021;2368.75;2368.75;2312.5;2312.5;512
2021-07-22;22/07/2021;2368.75;2368.75;2312.5;2312.5;512
2021-07-23;23/07/2021;2368.75;2368.75;2368.75;2368.75;72
2021-07-26;26/07/2021;2375;2375;2375;2375;88
2021-07-27;27/07/2021;2375;2406.25;2375;2406.25;2923
2021-07-28;28/07/2021;2406.25;2406.25;2406.25;2406.25;704
2021-07-29;29/07/2021;2375;2384.375;2375;2384.375;875
2021-07-30;30/07/2021;2406.25;2406.25;2406.25;2406.25;884
2021-08-02;02/08/2021;2409.375;2409.375;2406.25;2406.25;187
2021-08-03;03/08/2021;2418.75;2418.75;2418.75;2418.75;1267
2021-08-04;04/08/2021;2437.5;2462.5;2437.5;2462.5;913
2021-08-05;05/08/2021;2462.5;2462.5;2418.75;2418.75;8892
2021-08-06;06/08/2021;2418.75;2437.5;2418.75;2437.5;1236
2021-08-09;09/08/2021;2406.25;2437.5;2406.25;2437.5;948
2021-08-10;10/08/2021;2406.25;2406.25;2381.25;2381.25;294
2021-08-11;11/08/2021;2437.5;2437.5;2437.5;2437.5;132
2021-08-12;12/08/2021;2437.5;2437.5;2437.5;2437.5;329
2021-08-13;13/08/2021;2437.5;2437.5;2437.5;2437.5;1691
2021-08-16;16/08/2021;2437.5;2437.5;2434.375;2434.375;366
2021-08-17;17/08/2021;2431.25;2612.5;2431.25;2612.5;32998
2021-08-18;18/08/2021;2593.75;2593.75;2593.75;2593.75;510
2021-08-19;19/08/2021;2590.625;2590.625;2578.125;2578.125;14048
2021-08-20;20/08/2021;2593.75;2612.5;2593.75;2612.5;12904
2021-08-23;23/08/2021;2806.25;2806.25;2625;2625;9598
2021-08-24;24/08/2021;2625;2703.125;2625;2703.125;4244
2021-08-25;25/08/2021;2703.125;2703.125;2687.5;2687.5;3787
2021-08-26;26/08/2021;2703.125;2703.125;2687.5;2687.5;5968
2021-08-27;27/08/2021;2684.375;2684.375;2656.25;2656.25;608
2021-08-30;30/08/2021;2684.375;2687.5;2684.375;2687.5;184
2021-08-31;31/08/2021;2703.125;2703.125;2687.5;2687.5;958
2021-09-01;01/09/2021;2687.5;2687.5;2656.25;2656.25;204
2021-09-02;02/09/2021;2684.375;2684.375;2625;2625;561
2021-09-03;03/09/2021;2625;2625;2625;2625;3960
2021-09-06;06/09/2021;2625;2625;2625;2625;763
2021-09-07;07/09/2021;2687.5;2687.5;2687.5;2687.5;422
2021-09-08;08/09/2021;2718.75;2718.75;2718.75;2718.75;5120
2021-09-09;09/09/2021;2703.125;2703.125;2703.125;2703.125;116
2021-09-10;10/09/2021;2725;2725;2718.75;2718.75;185
2021-09-13;13/09/2021;2718.75;2718.75;2706.25;2706.25;764
2021-09-14;14/09/2021;2718.75;2806.25;2718.75;2806.25;1110
2021-09-15;15/09/2021;2718.75;2781.25;2718.75;2781.25;49
2021-09-16;16/09/2021;2765.625;2765.625;2750;2750;8062
2021-09-17;17/09/2021;2806.25;2806.25;2806.25;2806.25;1326
2021-09-20;20/09/2021;2793.75;2793.75;2765.625;2765.625;1747
2021-09-21;21/09/2021;2906.25;2906.25;2815.625;2815.625;350
2021-09-22;22/09/2021;2937.5;2937.5;2937.5;2937.5;11
2021-09-23;23/09/2021;2937.5;2971.875;2937.5;2971.875;1139
2021-09-24;24/09/2021;2971.875;2971.875;2900;2900;10264
2021-09-27;27/09/2021;2971.875;2975;2971.875;2975;305
2021-09-28;28/09/2021;2821.875;2984.375;2821.875;2984.375;6230
2021-09-29;29/09/2021;3000;3084.375;3000;3084.375;8184
2021-09-30;30/09/2021;3125;3125;3003.125;3003.125;825
2021-10-01;01/10/2021;3003.125;3087.5;3003.125;3087.5;6731
2021-10-04;04/10/2021;3087.5;3087.5;3000;3000;1726
2021-10-05;05/10/2021;3000;3062.5;3000;3062.5;1238
2021-10-06;06/10/2021;3250;3290.625;3250;3290.625;6540
2021-10-07;07/10/2021;3281.25;3290.625;3281.25;3290.625;1126
2021-10-08;08/10/2021;3290.625;3290.625;3281.25;3281.25;1201
2021-10-11;11/10/2021;3281.25;3281.25;3250;3250;1024
2021-10-12;12/10/2021;3250;3250;3184.375;3184.375;1753
2021-10-13;13/10/2021;3187.5;3187.5;3140.625;3140.625;2073
2021-10-14;14/10/2021;3140.625;3187.5;3140.625;3187.5;1664
2021-10-15;15/10/2021;3187.5;3187.5;3187.5;3187.5;771
2021-10-18;18/10/2021;3187.5;3187.5;3187.5;3187.5;771
2021-10-19;19/10/2021;3187.5;3187.5;3062.5;3062.5;2240
2021-10-20;20/10/2021;3181.25;3181.25;3125;3125;699
2021-10-21;21/10/2021;3125;3125;3125;3125;678
2021-10-22;22/10/2021;3125;3125;3062.5;3062.5;1289
2021-10-25;25/10/2021;3062.5;3062.5;2940.625;2940.625;5731
2021-10-26;26/10/2021;3156.25;3156.25;2940.625;2940.625;1576
2021-10-27;27/10/2021;2968.75;3143.75;2968.75;3143.75;196
2021-10-28;28/10/2021;3140.625;3156.25;3140.625;3156.25;260
2021-10-29;29/10/2021;3156.25;3156.25;3125;3125;25995
2021-11-01;01/11/2021;3156.25;3156.25;3125;3125;25995
2021-11-02;02/11/2021;3250;3250;3246.875;3246.875;339
2021-11-03;03/11/2021;3168.75;3187.5;3168.75;3187.5;1268
2021-11-04;04/11/2021;3187.5;3187.5;3187.5;3187.5;1483
2021-11-05;05/11/2021;3187.5;3187.5;3187.5;3187.5;865
2021-11-08;08/11/2021;3187.5;3187.5;3187.5;3187.5;344
2021-11-09;09/11/2021;3184.375;3187.5;3184.375;3187.5;795
2021-11-10;10/11/2021;3187.5;3250;3187.5;3250;260
2021-11-11;11/11/2021;3250;3250;3250;3250;448
2021-11-12;12/11/2021;3187.5;3187.5;3187.5;3187.5;304
2021-11-15;15/11/2021;3187.5;3187.5;3187.5;3187.5;304
2021-11-16;16/11/2021;3187.5;3187.5;3187.5;3187.5;212
2021-11-17;17/11/2021;3246.875;3246.875;3187.5;3187.5;419
2021-11-18;18/11/2021;3187.5;3187.5;3168.75;3168.75;841
2021-11-19;19/11/2021;3168.75;3184.375;3168.75;3184.375;155
2021-11-22;22/11/2021;3184.375;3312.5;3184.375;3312.5;2275
2021-11-23;23/11/2021;3312.5;3312.5;3312.5;3312.5;136
2021-11-24;24/11/2021;3312.5;3331.25;3312.5;3331.25;368
2021-11-25;25/11/2021;3312.5;3331.25;3312.5;3331.25;1371
2021-11-26;26/11/2021;3312.5;3312.5;3312.5;3312.5;235
2021-11-29;29/11/2021;3312.5;3312.5;3312.5;3312.5;1249
2021-11-30;30/11/2021;3318.75;3328.125;3318.75;3328.125;1315
2021-12-01;01/12/2021;3328.125;3328.125;3312.5;3312.5;276
2021-12-02;02/12/2021;3281.25;3312.5;3281.25;3312.5;611
2021-12-03;03/12/2021;3312.5;3331.25;3312.5;3331.25;916
2021-12-06;06/12/2021;3312.5;3312.5;3187.5;3187.5;11000
2021-12-07;07/12/2021;3218.75;3218.75;3218.75;3218.75;16
2021-12-08;08/12/2021;3221.875;3221.875;3200;3200;4382
2021-12-09;09/12/2021;3218.75;3218.75;3218.75;3218.75;686
2021-12-10;10/12/2021;3203.125;3231.25;3203.125;3231.25;2950
2021-12-13;13/12/2021;3225;3225;3218.75;3218.75;390
2021-12-14;14/12/2021;3250;3250;3218.75;3218.75;1262
2021-12-15;15/12/2021;3250;3256.25;3250;3256.25;43
2021-12-16;16/12/2021;3218.75;3256.25;3218.75;3256.25;412
2021-12-17;17/12/2021;3256.25;3256.25;3256.25;3256.25;1118
2021-12-20;20/12/2021;3256.25;3256.25;3253.125;3253.125;686
2021-12-21;21/12/2021;3253.125;3253.125;3250;3250;11126
2021-12-22;22/12/2021;3250;3250;3250;3250;1043
2021-12-23;23/12/2021;3250;3250;3237.5;3237.5;864
2021-12-24;24/12/2021;3237.5;3237.5;3237.5;3237.5;16
2021-12-27;27/12/2021;3218.75;3218.75;3218.75;3218.75;86
2021-12-28;28/12/2021;3237.5;3237.5;3218.75;3218.75;1028
2021-12-29;29/12/2021;3200;3218.75;3200;3218.75;211
2021-12-30;30/12/2021;3218.75;3218.75;3218.75;3218.75;211
2021-12-31;31/12/2021;3187.5;3187.5;3187.5;3187.5;689
2022-01-03;03/01/2022;3218.75;3218.75;3218.75;3218.75;8
2022-01-04;04/01/2022;3218.75;3218.75;3215.625;3215.625;6628
2022-01-05;05/01/2022;3190.625;3190.625;3187.5;3187.5;11792
2022-01-06;06/01/2022;3187.5;3218.75;3187.5;3218.75;680
2022-01-07;07/01/2022;3215.625;3218.75;3215.625;3218.75;700
2022-01-10;10/01/2022;3215.625;3215.625;3140.625;3140.625;166
2022-01-11;11/01/2022;3212.5;3212.5;3187.5;3187.5;11203
2022-01-12;12/01/2022;3187.5;3187.5;3187.5;3187.5;208
2022-01-13;13/01/2022;3187.5;3187.5;3187.5;3187.5;340
2022-01-14;14/01/2022;3156.25;3156.25;3156.25;3156.25;451
2022-01-17;17/01/2022;3006.25;3125;3006.25;3125;1883
2022-01-18;18/01/2022;3118.75;3125;3118.75;3125;1380
2022-01-19;19/01/2022;3100;3125;3100;3125;1136
2022-01-20;20/01/2022;3125;3218.75;3125;3218.75;3361
2022-01-21;21/01/2022;3125;3218.75;3125;3218.75;2200
2022-01-24;24/01/2022;3128.125;3215.625;3128.125;3215.625;121
2022-01-25;25/01/2022;3187.5;3187.5;3175;3175;164
2022-01-26;26/01/2022;3215.625;3215.625;3203.125;3203.125;1200
2022-01-27;27/01/2022;3187.5;3187.5;3187.5;3187.5;198
2022-01-28;28/01/2022;3203.125;3203.125;3203.125;3203.125;216
2022-01-31;31/01/2022;3203.125;3206.25;3203.125;3206.25;320
2022-02-01;01/02/2022;3215.625;3218.75;3215.625;3218.75;1396
2022-02-02;02/02/2022;3206.25;3228.125;3206.25;3228.125;888
2022-02-03;03/02/2022;3218.75;3218.75;3206.25;3206.25;2081
2022-02-04;04/02/2022;3206.25;3250;3206.25;3250;57004
2022-02-07;07/02/2022;3250;3250;3215.625;3215.625;526
2022-02-08;08/02/2022;3250;3250;3215.625;3215.625;10027
2022-02-09;09/02/2022;3215.625;3215.625;3215.625;3215.625;209
2022-02-10;10/02/2022;3215.625;3215.625;3190.625;3190.625;480
2022-02-11;11/02/2022;3306.25;3371.875;3306.25;3371.875;601
2022-02-14;14/02/2022;3371.875;3550;3371.875;3550;1283
2022-02-15;15/02/2022;3546.875;3546.875;3443.75;3443.75;968
2022-02-16;16/02/2022;3443.75;3468.75;3443.75;3468.75;14256
2022-02-17;17/02/2022;3475;3687.5;3475;3687.5;1580
2022-02-18;18/02/2022;3687.5;3687.5;3681.25;3681.25;8998
2022-02-21;21/02/2022;3687.5;3750;3687.5;3750;17926
2022-02-22;22/02/2022;3681.25;3759.375;3681.25;3759.375;14217
2022-02-23;23/02/2022;3750;3750;3746.875;3746.875;913
2022-02-24;24/02/2022;3746.875;3746.875;3740.625;3740.625;286
2022-02-25;25/02/2022;3746.875;3746.875;3746.875;3746.875;3756
2022-02-28;28/02/2022;3746.875;3746.875;3746.875;3746.875;1736
2022-03-01;01/03/2022;3750;3875;3750;3875;2502
2022-03-02;02/03/2022;3750;3790.625;3750;3790.625;4264
2022-03-03;03/03/2022;3756.25;3937.5;3756.25;3937.5;568
2022-03-04;04/03/2022;3937.5;3937.5;3790.625;3790.625;5680
2022-03-07;07/03/2022;3787.5;4000;3787.5;4000;1883
2022-03-08;08/03/2022;3868.75;3903.125;3868.75;3903.125;1656
2022-03-09;09/03/2022;3903.125;3903.125;3903.125;3903.125;9728
2022-03-10;10/03/2022;3903.125;4000;3903.125;4000;1670
2022-03-11;11/03/2022;3993.75;3993.75;3978.125;3978.125;1971
2022-03-14;14/03/2022;4000;4000;3978.125;3978.125;433
2022-03-15;15/03/2022;4000;4000;3965.625;3965.625;1862
2022-03-16;16/03/2022;3937.5;3965.625;3937.5;3965.625;1009
2022-03-17;17/03/2022;3965.625;3965.625;3965.625;3965.625;1084
2022-03-18;18/03/2022;3984.375;4043.75;3984.375;4043.75;10804
2022-03-21;21/03/2022;4003.125;4003.125;3953.125;3953.125;1000
2022-03-22;22/03/2022;3956.25;3962.5;3956.25;3962.5;1843
2022-03-23;23/03/2022;3993.75;4000;3993.75;4000;1556
2022-03-24;24/03/2022;4000;4025;4000;4025;459
2022-03-25;25/03/2022;4031.25;4034.375;4031.25;4034.375;1494
2022-03-28;28/03/2022;4031.25;4062.5;4031.25;4062.5;4880
2022-03-29;29/03/2022;4062.5;4118.75;4062.5;4118.75;548
2022-03-30;30/03/2022;4118.75;4121.875;4118.75;4121.875;1488
2022-03-31;31/03/2022;4125;4125;4121.875;4121.875;3147
2022-04-01;01/04/2022;4121.875;4121.875;4118.75;4118.75;1427
2022-04-04;04/04/2022;4121.875;4121.875;4121.875;4121.875;3582
2022-04-05;05/04/2022;4121.875;4156.25;4121.875;4156.25;3462
2022-04-06;06/04/2022;4125;4187.5;4125;4187.5;864
2022-04-07;07/04/2022;4168.75;4309.375;4168.75;4309.375;3531
2022-04-08;08/04/2022;4218.75;4218.75;4218.75;4218.75;4313
2022-04-11;11/04/2022;4218.75;4218.75;4218.75;4218.75;3200
2022-04-12;12/04/2022;4250;4250;4218.75;4218.75;452
2022-04-13;13/04/2022;4218.75;4250;4218.75;4250;2835
2022-04-14;14/04/2022;4218.75;4500;4218.75;4500;3339
2022-04-15;15/04/2022;4500;4500;4500;4500;660
2022-04-19;19/04/2022;4500;4500;4406.25;4406.25;91
2022-04-20;20/04/2022;4406.25;4406.25;4375;4375;3918
2022-04-21;21/04/2022;4315.625;4315.625;4312.5;4312.5;60
2022-04-22;22/04/2022;4312.5;4371.875;4312.5;4371.875;2144
2022-04-25;25/04/2022;4371.875;4371.875;4359.375;4359.375;259
2022-04-26;26/04/2022;4371.875;4375;4371.875;4375;892
2022-04-27;27/04/2022;4371.875;4371.875;4371.875;4371.875;105
2022-04-28;28/04/2022;4371.875;4371.875;4371.875;4371.875;105
2022-04-29;29/04/2022;4371.875;4371.875;4359.375;4359.375;417
2022-05-02;02/05/2022;4371.875;4371.875;4359.375;4359.375;417
2022-05-03;03/05/2022;4359.375;4359.375;4359.375;4359.375;451
2022-05-04;04/05/2022;4359.375;4359.375;4359.375;4359.375;318
2022-05-05;05/05/2022;4350;4356.25;4350;4356.25;196
2022-05-06;06/05/2022;4343.75;4359.375;4343.75;4359.375;6872
2022-05-09;09/05/2022;4359.375;4359.375;4359.375;4359.375;1102
2022-05-10;10/05/2022;4306.25;4306.25;4300;4300;131
2022-05-11;11/05/2022;4303.125;4359.375;4303.125;4359.375;10803
2022-05-12;12/05/2022;4303.125;4359.375;4303.125;4359.375;10803
2022-05-13;13/05/2022;4346.875;4346.875;4343.75;4343.75;9619
2022-05-16;16/05/2022;4312.5;4312.5;4312.5;4312.5;49185
2022-05-17;17/05/2022;4000;4000;4000;4000;7896
2022-05-18;18/05/2022;3815.625;3937.5;3815.625;3937.5;1475
2022-05-19;19/05/2022;3934.375;3934.375;3875;3875;5339
2022-05-20;20/05/2022;3812.5;3812.5;3809.375;3809.375;782
2022-05-23;23/05/2022;3750;3812.5;3750;3812.5;2585
2022-05-24;24/05/2022;3812.5;3812.5;3656.25;3656.25;1521
2022-05-25;25/05/2022;3656.25;3656.25;3650;3650;2209
2022-05-26;26/05/2022;3656.25;3656.25;3650;3650;2209
2022-05-27;27/05/2022;3621.875;3621.875;3593.75;3593.75;2273
2022-05-30;30/05/2022;3593.75;3862.5;3593.75;3862.5;7115
2022-05-31;31/05/2022;3593.75;4121.875;3593.75;4121.875;2809
2022-06-01;01/06/2022;4125;4125;4118.75;4118.75;184
2022-06-02;02/06/2022;4062.5;4062.5;4062.5;4062.5;15478
2022-06-03;03/06/2022;3812.5;4062.5;3812.5;4062.5;196
2022-06-06;06/06/2022;3812.5;4062.5;3812.5;4062.5;196
2022-06-07;07/06/2022;4062.5;4062.5;3812.5;3812.5;2968
2022-06-08;08/06/2022;3812.5;3812.5;3812.5;3812.5;454
2022-06-09;09/06/2022;4062.5;4062.5;4062.5;4062.5;1792
2022-06-10;10/06/2022;4062.5;4062.5;3815.625;3815.625;8475
2022-06-13;13/06/2022;3815.625;4062.5;3815.625;4062.5;504
2022-06-14;14/06/2022;4062.5;4062.5;4062.5;4062.5;11
2022-06-15;15/06/2022;4031.25;4062.5;4031.25;4062.5;123
2022-06-16;16/06/2022;4062.5;4062.5;4062.5;4062.5;1441
2022-06-17;17/06/2022;4062.5;4062.5;4062.5;4062.5;15073
2022-06-20;20/06/2022;4062.5;4062.5;4062.5;4062.5;25
2022-06-21;21/06/2022;4059.375;4062.5;4059.375;4062.5;80
2022-06-22;22/06/2022;4059.375;4090.625;4059.375;4090.625;11881
2022-06-23;23/06/2022;4062.5;4062.5;4003.125;4003.125;2460
2022-06-24;24/06/2022;4062.5;4062.5;4062.5;4062.5;32
2022-06-27;27/06/2022;4062.5;4062.5;4062.5;4062.5;372
2022-06-28;28/06/2022;4062.5;4062.5;4000;4000;204
2022-06-29;29/06/2022;4056.25;4056.25;3968.75;3968.75;640
2022-06-30;30/06/2022;3968.75;3968.75;3968.75;3968.75;184
2022-07-01;01/07/2022;4003.125;4003.125;4000;4000;664
2022-07-04;04/07/2022;4003.125;4062.5;4003.125;4062.5;11040
2022-07-05;05/07/2022;4059.375;4062.5;4059.375;4062.5;4385
2022-07-06;06/07/2022;4031.25;4031.25;4031.25;4031.25;40
2022-07-07;07/07/2022;4062.5;4062.5;4000;4000;204
2022-07-08;08/07/2022;4000;4000;4000;4000;163
2022-07-11;11/07/2022;4000;4000;4000;4000;1224
2022-07-12;12/07/2022;4000;4000;4000;4000;1233
2022-07-13;13/07/2022;3968.75;3968.75;3875;3875;4515
2022-07-14;14/07/2022;3875;3915.625;3875;3915.625;1380
2022-07-15;15/07/2022;3915.625;3915.625;3915.625;3915.625;849
2022-07-18;18/07/2022;3915.625;3937.5;3915.625;3937.5;2960
2022-07-19;19/07/2022;3753.125;3937.5;3753.125;3937.5;155
2022-07-20;20/07/2022;3875;3937.5;3875;3937.5;192
2022-07-21;21/07/2022;3937.5;3937.5;3937.5;3937.5;75
2022-07-22;22/07/2022;3906.25;3937.5;3906.25;3937.5;113
2022-07-25;25/07/2022;3906.25;3906.25;3906.25;3906.25;760
2022-07-26;26/07/2022;3906.25;3934.375;3906.25;3934.375;217
2022-07-27;27/07/2022;3815.625;3934.375;3815.625;3934.375;132
2022-07-28;28/07/2022;3843.75;3843.75;3843.75;3843.75;8
2022-07-29;29/07/2022;3875;3937.5;3875;3937.5;1476
2022-08-01;01/08/2022;3937.5;3937.5;3937.5;3937.5;217
2022-08-02;02/08/2022;3846.875;3937.5;3846.875;3937.5;3
2022-08-03;03/08/2022;3875;3934.375;3875;3934.375;272
2022-08-04;04/08/2022;3934.375;3934.375;3934.375;3934.375;508
2022-08-05;05/08/2022;3934.375;3934.375;3934.375;3934.375;720
2022-08-08;08/08/2022;3934.375;3934.375;3934.375;3934.375;720
2022-08-09;09/08/2022;3906.25;3906.25;3881.25;3881.25;4502
2022-08-10;10/08/2022;3884.375;3934.375;3884.375;3934.375;3899
2022-08-11;11/08/2022;3881.25;3928.125;3881.25;3928.125;1150
2022-08-12;12/08/2022;3937.5;3937.5;3928.125;3928.125;248
2022-08-15;15/08/2022;3937.5;3937.5;3928.125;3928.125;248
2022-08-16;16/08/2022;3937.5;3937.5;3875;3875;294
2022-08-17;17/08/2022;3875;3875;3875;3875;246
2022-08-18;18/08/2022;3875;3875;3875;3875;641
2022-08-19;19/08/2022;3937.5;3937.5;3934.375;3934.375;1284
2022-08-22;22/08/2022;3875;3875;3875;3875;795
2022-08-23;23/08/2022;3843.75;3875;3843.75;3875;1908
2022-08-24;24/08/2022;3875;3875;3875;3875;86
2022-08-25;25/08/2022;3875;3875;3875;3875;606
2022-08-26;26/08/2022;3875;3934.375;3875;3934.375;244
2022-08-29;29/08/2022;3875;3937.5;3875;3937.5;2760
2022-08-30;30/08/2022;3937.5;3937.5;3934.375;3934.375;1910
2022-08-31;31/08/2022;3934.375;3937.5;3934.375;3937.5;176
2022-09-01;01/09/2022;3934.375;3934.375;3878.125;3878.125;176
2022-09-02;02/09/2022;3881.25;3937.5;3881.25;3937.5;259
2022-09-05;05/09/2022;3906.25;3906.25;3878.125;3878.125;72
2022-09-06;06/09/2022;3881.25;3937.5;3881.25;3937.5;448
2022-09-07;07/09/2022;3937.5;3937.5;3937.5;3937.5;1
2022-09-08;08/09/2022;3906.25;3906.25;3906.25;3906.25;1536
2022-09-09;09/09/2022;3912.5;3912.5;3912.5;3912.5;144
2022-09-12;12/09/2022;3912.5;4062.5;3912.5;4062.5;17204
2022-09-13;13/09/2022;3881.25;4062.5;3881.25;4062.5;652
2022-09-14;14/09/2022;4046.875;4184.375;4046.875;4184.375;137
2022-09-15;15/09/2022;4184.375;4184.375;4125;4125;283
2022-09-16;16/09/2022;4125;4375;4125;4375;3993
2022-09-19;19/09/2022;4375;4375;4375;4375;281
2022-09-20;20/09/2022;4062.5;4062.5;4062.5;4062.5;11720
2022-09-21;21/09/2022;4062.5;4125;4062.5;4125;2475
2022-09-22;22/09/2022;3968.75;4125;3968.75;4125;53905
2022-09-23;23/09/2022;4062.5;4121.875;4062.5;4121.875;364
2022-09-26;26/09/2022;3875;4121.875;3875;4121.875;10000
2022-09-27;27/09/2022;3937.5;4121.875;3937.5;4121.875;9923
2022-09-28;28/09/2022;4118.75;4121.875;4118.75;4121.875;272
2022-09-29;29/09/2022;4121.875;4121.875;4121.875;4121.875;457
2022-09-30;30/09/2022;4000;4281.25;4000;4281.25;3288
2022-10-03;03/10/2022;4281.25;4281.25;4278.125;4278.125;328
2022-10-04;04/10/2022;4184.375;4184.375;4184.375;4184.375;283
2022-10-05;05/10/2022;4156.25;4181.25;4156.25;4181.25;244
2022-10-06;06/10/2022;4062.5;4181.25;4062.5;4181.25;150
2022-10-07;07/10/2022;4181.25;4181.25;3875;3875;385
2022-10-10;10/10/2022;3881.25;4062.5;3881.25;4062.5;344
2022-10-11;11/10/2022;3878.125;3937.5;3878.125;3937.5;480
2022-10-12;12/10/2022;3906.25;3906.25;3881.25;3881.25;555
2022-10-13;13/10/2022;3909.375;3909.375;3909.375;3909.375;20
2022-10-14;14/10/2022;3881.25;3906.25;3881.25;3906.25;302
2022-10-17;17/10/2022;3906.25;3906.25;3690.625;3690.625;4870
2022-10-18;18/10/2022;3750;3906.25;3750;3906.25;3238
2022-10-19;19/10/2022;3625;3906.25;3625;3906.25;1926
2022-10-20;20/10/2022;3875;3875;3875;3875;40
2022-10-21;21/10/2022;3875;3875;3812.5;3812.5;116
2022-10-24;24/10/2022;3781.25;3812.5;3781.25;3812.5;240
2022-10-25;25/10/2022;3812.5;3887.5;3812.5;3887.5;3379
2022-10-26;26/10/2022;3887.5;3887.5;3887.5;3887.5;96
2022-10-27;27/10/2022;3625;3937.5;3625;3937.5;1012
2022-10-28;28/10/2022;3937.5;3937.5;3843.75;3843.75;3224
2022-10-31;31/10/2022;3937.5;3937.5;3843.75;3843.75;3224
2022-11-01;01/11/2022;3843.75;3843.75;3812.5;3812.5;5616
2022-11-02;02/11/2022;3840.625;3840.625;3750;3750;1888
2022-11-03;03/11/2022;3750;3750;3731.25;3731.25;44899
2022-11-04;04/11/2022;3731.25;3937.5;3731.25;3937.5;7137
2022-11-07;07/11/2022;3937.5;3937.5;3843.75;3843.75;224
2022-11-08;08/11/2022;3843.75;3843.75;3781.25;3781.25;360
2022-11-09;09/11/2022;3750;3781.25;3750;3781.25;252
2022-11-10;10/11/2022;3750;3781.25;3750;3781.25;252
2022-11-11;11/11/2022;3812.5;3812.5;3812.5;3812.5;784
2022-11-14;14/11/2022;3875;3875;3875;3875;8
2022-11-15;15/11/2022;3875;3875;3875;3875;8
2022-11-16;16/11/2022;3875;3875;3750;3750;417
2022-11-17;17/11/2022;3653.125;3653.125;3625;3625;2668
2022-11-18;18/11/2022;3621.875;3621.875;3621.875;3621.875;604
2022-11-21;21/11/2022;3578.125;3593.75;3578.125;3593.75;25608
2022-11-22;22/11/2022;3578.125;3578.125;3565.625;3565.625;118
2022-11-23;23/11/2022;3568.75;3568.75;3568.75;3568.75;561
2022-11-24;24/11/2022;3562.5;3612.5;3562.5;3612.5;1142
2022-11-25;25/11/2022;3546.875;3593.75;3546.875;3593.75;76
2022-11-28;28/11/2022;3493.75;3493.75;3493.75;3493.75;8
2022-11-29;29/11/2022;3493.75;3493.75;3493.75;3493.75;304
2022-11-30;30/11/2022;3493.75;3493.75;3493.75;3493.75;304
2022-12-01;01/12/2022;3493.75;3493.75;3493.75;3493.75;304
2022-12-02;02/12/2022;3437.5;3493.75;3437.5;3493.75;153
2022-12-05;05/12/2022;3437.5;3500;3437.5;3500;104
2022-12-06;06/12/2022;3500;3500;3437.5;3437.5;268
2022-12-07;07/12/2022;3559.375;3559.375;3437.5;3437.5;1153
2022-12-08;08/12/2022;3437.5;3437.5;3437.5;3437.5;257
2022-12-09;09/12/2022;3409.375;3437.5;3409.375;3437.5;153
2022-12-12;12/12/2022;3409.375;3559.375;3409.375;3559.375;5030
2022-12-13;13/12/2022;3559.375;3750;3559.375;3750;3788
2022-12-14;14/12/2022;3746.875;3996.875;3746.875;3996.875;5699
2022-12-15;15/12/2022;3700;4184.375;3700;4184.375;2888
2022-12-16;16/12/2022;4093.75;4093.75;4093.75;4093.75;116
2022-12-19;19/12/2022;4031.25;4031.25;3968.75;3968.75;176
2022-12-20;20/12/2022;3906.25;4050;3906.25;4050;4600
2022-12-21;21/12/2022;3750;4000;3750;4000;1008
2022-12-22;22/12/2022;3750;3862.5;3750;3862.5;1593
2022-12-23;23/12/2022;3625;3884.375;3625;3884.375;2961
2022-12-26;26/12/2022;3625;3884.375;3625;3884.375;2961
2022-12-27;27/12/2022;3625;3840.625;3625;3840.625;272
2022-12-28;28/12/2022;3765.625;3765.625;3625;3625;500
2022-12-29;29/12/2022;3621.875;3621.875;3621.875;3621.875;1734
2022-12-30;30/12/2022;3618.75;3618.75;3615.625;3615.625;513
2023-01-02;02/01/2023;3615.625;3615.625;3615.625;3615.625;1
2023-01-03;03/01/2023;3612.5;3612.5;3596.875;3596.875;355
2023-01-04;04/01/2023;3562.5;3596.875;3562.5;3596.875;1059
2023-01-05;05/01/2023;3375;3593.75;3375;3593.75;44
2023-01-06;06/01/2023;3590.625;3590.625;3562.5;3562.5;556
2023-01-09;09/01/2023;3562.5;3562.5;3500;3500;979
2023-01-10;10/01/2023;3575;3575;3562.5;3562.5;102
2023-01-11;11/01/2023;3575;3575;3562.5;3562.5;979
2023-01-12;12/01/2023;3562.5;3575;3562.5;3575;182
2023-01-13;13/01/2023;3575;3575;3575;3575;1088
2023-01-16;16/01/2023;3575;3575;3575;3575;113
2023-01-17;17/01/2023;3571.875;3571.875;3571.875;3571.875;25
2023-01-18;18/01/2023;3575;3575;3562.5;3562.5;1532
2023-01-19;19/01/2023;3562.5;3562.5;3562.5;3562.5;937
2023-01-20;20/01/2023;3571.875;3571.875;3571.875;3571.875;4332
2023-01-23;23/01/2023;3571.875;3571.875;3562.5;3562.5;329
2023-01-24;24/01/2023;3437.5;3437.5;3437.5;3437.5;1905
2023-01-25;25/01/2023;3437.5;3437.5;3437.5;3437.5;308
2023-01-26;26/01/2023;3375;3375;3312.5;3312.5;12868
2023-01-27;27/01/2023;3343.75;3500;3343.75;3500;3251
2023-01-30;30/01/2023;3487.5;3487.5;3343.75;3343.75;3755
2023-01-31;31/01/2023;3375;3375;3343.75;3343.75;4024
2023-02-01;01/02/2023;3343.75;3375;3343.75;3375;2576
2023-02-02;02/02/2023;3343.75;3375;3343.75;3375;1289
2023-02-03;03/02/2023;3346.875;3375;3346.875;3375;289
2023-02-06;06/02/2023;3375;3375;3375;3375;947
2023-02-07;07/02/2023;3346.875;3487.5;3346.875;3487.5;7281
2023-02-08;08/02/2023;3375;3500;3375;3500;6806
2023-02-09;09/02/2023;3571.875;3571.875;3500;3500;622
2023-02-10;10/02/2023;3571.875;3687.5;3571.875;3687.5;192
2023-02-13;13/02/2023;3687.5;3687.5;3625;3625;3296
2023-02-14;14/02/2023;3625;3625;3618.75;3618.75;592
2023-02-15;15/02/2023;3618.75;3618.75;3618.75;3618.75;76
2023-02-16;16/02/2023;3618.75;3687.5;3618.75;3687.5;1211
2023-02-17;17/02/2023;3687.5;3687.5;3687.5;3687.5;160
2023-02-20;20/02/2023;3618.75;3687.5;3618.75;3687.5;5412
2023-02-21;21/02/2023;3593.75;3593.75;3593.75;3593.75;2459
2023-02-22;22/02/2023;3593.75;3593.75;3590.625;3590.625;179
2023-02-23;23/02/2023;3562.5;3593.75;3562.5;3593.75;363
2023-02-24;24/02/2023;3534.375;3587.5;3534.375;3587.5;401
2023-02-27;27/02/2023;3587.5;3587.5;3562.5;3562.5;1384
2023-02-28;28/02/2023;3562.5;3593.75;3562.5;3593.75;5308
2023-03-01;01/03/2023;3590.625;3656.25;3590.625;3656.25;7689
2023-03-02;02/03/2023;3581.25;3687.5;3581.25;3687.5;3148
2023-03-03;03/03/2023;3687.5;3750;3687.5;3750;4209
2023-03-06;06/03/2023;3750;3750;3746.875;3746.875;5699
2023-03-07;07/03/2023;3746.875;3812.5;3746.875;3812.5;4472
2023-03-08;08/03/2023;3809.375;3809.375;3806.25;3806.25;323
2023-03-09;09/03/2023;3806.25;4062.5;3806.25;4062.5;20216
2023-03-10;10/03/2023;3812.5;4025;3812.5;4025;1025
2023-03-13;13/03/2023;3937.5;3937.5;3937.5;3937.5;211
2023-03-14;14/03/2023;3931.25;3934.375;3931.25;3934.375;1150
2023-03-15;15/03/2023;3875;3934.375;3875;3934.375;5022
2023-03-16;16/03/2023;3931.25;3937.5;3931.25;3937.5;4403
2023-03-17;17/03/2023;3875;3925;3875;3925;812
2023-03-20;20/03/2023;3925;3925;3925;3925;507
2023-03-21;21/03/2023;3843.75;3918.75;3843.75;3918.75;768
2023-03-22;22/03/2023;3812.5;3871.875;3812.5;3871.875;3470
2023-03-23;23/03/2023;3796.875;3843.75;3796.875;3843.75;425
2023-03-24;24/03/2023;3753.125;3871.875;3753.125;3871.875;7073
2023-03-27;27/03/2023;3871.875;3871.875;3856.25;3856.25;784
2023-03-28;28/03/2023;3756.25;3859.375;3756.25;3859.375;6889
2023-03-29;29/03/2023;3859.375;3859.375;3812.5;3812.5;1080
2023-03-30;30/03/2023;3812.5;3812.5;3812.5;3812.5;656
2023-03-31;31/03/2023;3812.5;3812.5;3809.375;3809.375;1270
2023-04-03;03/04/2023;3809.375;3809.375;3809.375;3809.375;544
2023-04-04;04/04/2023;3781.25;3809.375;3781.25;3809.375;454
2023-04-05;05/04/2023;3806.25;3812.5;3806.25;3812.5;6267
2023-04-06;06/04/2023;3812.5;3812.5;3806.25;3806.25;508
2023-04-07;07/04/2023;3806.25;3812.5;3806.25;3812.5;171
2023-04-10;10/04/2023;3806.25;3812.5;3806.25;3812.5;171
2023-04-11;11/04/2023;3812.5;3812.5;3809.375;3809.375;259
2023-04-12;12/04/2023;3806.25;3812.5;3806.25;3812.5;668
2023-04-13;13/04/2023;3812.5;3812.5;3800;3800;2777
2023-04-14;14/04/2023;3800;3800;3796.875;3796.875;2510
2023-04-17;17/04/2023;3796.875;3796.875;3790.625;3790.625;14686
2023-04-18;18/04/2023;3796.875;3796.875;3790.625;3790.625;14686
2023-04-19;19/04/2023;3787.5;3787.5;3787.5;3787.5;444
2023-04-20;20/04/2023;3787.5;3787.5;3781.25;3781.25;368
2023-04-21;21/04/2023;3787.5;3787.5;3781.25;3781.25;368
2023-04-24;24/04/2023;3781.25;3781.25;3781.25;3781.25;356
2023-04-25;25/04/2023;3750;3781.25;3750;3781.25;488
2023-04-26;26/04/2023;3778.125;3778.125;3775;3775;1772
2023-04-27;27/04/2023;3750;3750;3731.25;3731.25;15601
2023-04-28;28/04/2023;3731.25;3781.25;3731.25;3781.25;544
2023-05-01;01/05/2023;3731.25;3781.25;3731.25;3781.25;544
2023-05-02;02/05/2023;3781.25;3781.25;3781.25;3781.25;955
2023-05-03;03/05/2023;3781.25;3781.25;3781.25;3781.25;955
2023-05-04;04/05/2023;3750;3750;3750;3750;65121
2023-05-05;05/05/2023;3743.75;3750;3743.75;3750;7907
2023-05-08;08/05/2023;3750;3765.625;3750;3765.625;1521
2023-05-09;09/05/2023;3750;3750;3750;3750;1886
2023-05-10;10/05/2023;3765.625;3765.625;3765.625;3765.625;3177
2023-05-11;11/05/2023;3750;3812.5;3750;3812.5;9833
2023-05-12;12/05/2023;3812.5;3812.5;3812.5;3812.5;7248
2023-05-15;15/05/2023;3812.5;3843.75;3812.5;3843.75;5416
2023-05-16;16/05/2023;3840.625;3840.625;3812.5;3812.5;1808
2023-05-17;17/05/2023;3812.5;3812.5;3812.5;3812.5;11849
2023-05-18;18/05/2023;3812.5;3812.5;3812.5;3812.5;11849
2023-05-19;19/05/2023;3812.5;3812.5;3781.25;3781.25;4868
2023-05-22;22/05/2023;3781.25;3781.25;3781.25;3781.25;3366
2023-05-23;23/05/2023;3403.125;3496.875;3403.125;3496.875;3646
2023-05-24;24/05/2023;3496.875;3496.875;3496.875;3496.875;905
2023-05-25;25/05/2023;3496.875;3496.875;3496.875;3496.875;992
2023-05-26;26/05/2023;3496.875;3625;3496.875;3625;1920
2023-05-29;29/05/2023;3496.875;3625;3496.875;3625;1920
2023-05-30;30/05/2023;3687.5;3687.5;3675;3675;37536
2023-05-31;31/05/2023;3625;3668.75;3625;3668.75;996
2023-06-01;01/06/2023;3668.75;3668.75;3625;3625;35
2023-06-02;02/06/2023;3625;3625;3615.625;3615.625;464
2023-06-05;05/06/2023;3503.125;3621.875;3503.125;3621.875;700
2023-06-06;06/06/2023;3462.5;3562.5;3462.5;3562.5;729
2023-06-07;07/06/2023;3562.5;3621.875;3562.5;3621.875;358
2023-06-08;08/06/2023;3675;3675;3562.5;3562.5;2422
2023-06-09;09/06/2023;3562.5;3615.625;3562.5;3615.625;118
2023-06-12;12/06/2023;3615.625;3615.625;3562.5;3562.5;489
2023-06-13;13/06/2023;3559.375;3593.75;3559.375;3593.75;8675
2023-06-14;14/06/2023;3550;3590.625;3550;3590.625;252
2023-06-15;15/06/2023;3593.75;3665.625;3593.75;3665.625;521
2023-06-16;16/06/2023;3665.625;3671.875;3665.625;3671.875;800
2023-06-19;19/06/2023;3662.5;3665.625;3662.5;3665.625;556
2023-06-20;20/06/2023;3593.75;3665.625;3593.75;3665.625;251
2023-06-21;21/06/2023;3665.625;3671.875;3665.625;3671.875;6545
2023-06-22;22/06/2023;3671.875;3671.875;3665.625;3665.625;316
2023-06-23;23/06/2023;3665.625;3671.875;3665.625;3671.875;193
2023-06-26;26/06/2023;3671.875;3671.875;3665.625;3665.625;1233
2023-06-27;27/06/2023;3665.625;3665.625;3665.625;3665.625;1323
2023-06-28;28/06/2023;3665.625;3665.625;3665.625;3665.625;1323
2023-06-29;29/06/2023;3665.625;3671.875;3665.625;3671.875;755
2023-06-30;30/06/2023;3665.625;3671.875;3665.625;3671.875;185
2023-07-03;03/07/2023;3603.125;3668.75;3603.125;3668.75;371
2023-07-04;04/07/2023;3668.75;3671.875;3668.75;3671.875;1992
2023-07-05;05/07/2023;3578.125;3668.75;3578.125;3668.75;976
2023-07-06;06/07/2023;3668.75;3668.75;3668.75;3668.75;254
2023-07-07;07/07/2023;3671.875;3671.875;3668.75;3668.75;329
2023-07-10;10/07/2023;3671.875;3671.875;3668.75;3668.75;688
2023-07-11;11/07/2023;3668.75;3671.875;3668.75;3671.875;414
2023-07-12;12/07/2023;3668.75;3668.75;3668.75;3668.75;550
2023-07-13;13/07/2023;3668.75;3668.75;3625;3625;2531
2023-07-14;14/07/2023;3631.25;3675;3631.25;3675;32012
2023-07-17;17/07/2023;3631.25;3687.5;3631.25;3687.5;2233
2023-07-18;18/07/2023;3687.5;3750;3687.5;3750;4376
2023-07-19;19/07/2023;3678.125;3687.5;3678.125;3687.5;577
2023-07-20;20/07/2023;3690.625;3693.75;3690.625;3693.75;1412
2023-07-21;21/07/2023;3718.75;3718.75;3703.125;3703.125;5729
2023-07-24;24/07/2023;3687.5;3693.75;3687.5;3693.75;347
2023-07-25;25/07/2023;3693.75;3693.75;3687.5;3687.5;2248
2023-07-26;26/07/2023;3675;3687.5;3675;3687.5;379
2023-07-27;27/07/2023;3684.375;3684.375;3621.875;3621.875;1084
2023-07-28;28/07/2023;3593.75;3621.875;3593.75;3621.875;1235
2023-07-31;31/07/2023;3565.625;3587.5;3565.625;3587.5;18782
2023-08-01;01/08/2023;3562.5;3562.5;3500;3500;1044
2023-08-02;02/08/2023;3500;3500;3434.375;3434.375;5536
2023-08-03;03/08/2023;3237.5;3237.5;3178.125;3178.125;5190
2023-08-04;04/08/2023;2940.625;2940.625;2940.625;2940.625;3467
2023-08-07;07/08/2023;2940.625;2940.625;2940.625;2940.625;3467
2023-08-08;08/08/2023;2721.875;2721.875;2721.875;2721.875;11075
2023-08-09;09/08/2023;2518.75;2878.125;2518.75;2878.125;22454
2023-08-10;10/08/2023;2900;3071.875;2900;3071.875;17848
2023-08-11;11/08/2023;3062.5;3062.5;3046.875;3046.875;2188
2023-08-14;14/08/2023;2943.75;3003.125;2943.75;3003.125;995
2023-08-15;15/08/2023;2943.75;3003.125;2943.75;3003.125;995
2023-08-16;16/08/2023;3000;3031.25;3000;3031.25;2664
2023-08-17;17/08/2023;3031.25;3031.25;2896.875;2896.875;11377
2023-08-18;18/08/2023;2896.875;2896.875;2896.875;2896.875;4108
2023-08-21;21/08/2023;2812.5;2896.875;2812.5;2896.875;4172
2023-08-22;22/08/2023;2896.875;2937.5;2896.875;2937.5;12352
2023-08-23;23/08/2023;2931.25;2965.625;2931.25;2965.625;2507
2023-08-24;24/08/2023;2965.625;2965.625;2925;2925;4275
2023-08-25;25/08/2023;2925;2965.625;2925;2965.625;2440
2023-08-28;28/08/2023;2965.625;2965.625;2937.5;2937.5;5814
2023-08-29;29/08/2023;2909.375;2956.25;2909.375;2956.25;7038
2023-08-30;30/08/2023;2921.875;2940.625;2921.875;2940.625;5808
2023-08-31;31/08/2023;2940.625;2946.875;2940.625;2946.875;7857
2023-09-01;01/09/2023;2956.25;2956.25;2937.5;2937.5;5595
2023-09-04;04/09/2023;2918.75;2956.25;2918.75;2956.25;3278
2023-09-05;05/09/2023;2950;2953.125;2950;2953.125;2651
2023-09-06;06/09/2023;2953.125;2956.25;2953.125;2956.25;3408
2023-09-07;07/09/2023;2956.25;3031.25;2956.25;3031.25;6302
2023-09-08;08/09/2023;3031.25;3062.5;3031.25;3062.5;2401
2023-09-11;11/09/2023;3062.5;3062.5;3062.5;3062.5;4707
2023-09-12;12/09/2023;3062.5;3062.5;3062.5;3062.5;355
2023-09-13;13/09/2023;3046.875;3046.875;3046.875;3046.875;1089
2023-09-14;14/09/2023;2993.75;3046.875;2993.75;3046.875;4009
2023-09-15;15/09/2023;3046.875;3053.125;3046.875;3053.125;6337
2023-09-18;18/09/2023;3053.125;3053.125;3053.125;3053.125;596
2023-09-19;19/09/2023;3053.125;3053.125;3053.125;3053.125;1409
2023-09-20;20/09/2023;3015.625;3015.625;3015.625;3015.625;1179
2023-09-21;21/09/2023;2875;3000;2875;3000;11440
2023-09-22;22/09/2023;3000;3000;3000;3000;571
2023-09-25;25/09/2023;3000;3000;2987.5;2987.5;128
2023-09-26;26/09/2023;2875;3050;2875;3050;3443
2023-09-27;27/09/2023;2875;3050;2875;3050;3443
2023-09-28;28/09/2023;2875;3050;2875;3050;9393
2023-09-29;29/09/2023;2875;3050;2875;3050;9393
2023-10-02;02/10/2023;3062.5;3062.5;3053.125;3053.125;1273
2023-10-03;03/10/2023;2875;2875;2875;2875;10844
2023-10-04;04/10/2023;2878.125;3050;2878.125;3050;454
2023-10-05;05/10/2023;3050;3050;3046.875;3046.875;646
2023-10-06;06/10/2023;3043.75;3043.75;3043.75;3043.75;660
2023-10-09;09/10/2023;2875;2875;2875;2875;7870
2023-10-10;10/10/2023;3037.5;3037.5;3000;3000;3155
2023-10-11;11/10/2023;2884.375;2990.625;2884.375;2990.625;619
2023-10-12;12/10/2023;2937.5;2962.5;2937.5;2962.5;579
2023-10-13;13/10/2023;2925;2925;2921.875;2921.875;1782
2023-10-16;16/10/2023;2875;2875;2875;2875;1998
2023-10-17;17/10/2023;2871.875;2871.875;2871.875;2871.875;13990
2023-10-18;18/10/2023;2659.375;2868.75;2659.375;2868.75;7880
2023-10-19;19/10/2023;2812.5;2812.5;2750;2750;2368
2023-10-20;20/10/2023;2753.125;2753.125;2740.625;2740.625;18516
2023-10-23;23/10/2023;2625;2684.375;2625;2684.375;9216
2023-10-24;24/10/2023;2534.375;2684.375;2534.375;2684.375;4376
2023-10-25;25/10/2023;2681.25;2681.25;2675;2675;416
2023-10-26;26/10/2023;2718.75;2718.75;2696.875;2696.875;660
2023-10-27;27/10/2023;2696.875;2696.875;2696.875;2696.875;771
2023-10-30;30/10/2023;2696.875;2700;2696.875;2700;1187
2023-10-31;31/10/2023;2687.5;2687.5;2687.5;2687.5;612
2023-11-01;01/11/2023;2687.5;2687.5;2687.5;2687.5;612
2023-11-02;02/11/2023;2687.5;2687.5;2675;2675;1601
2023-11-03;03/11/2023;2675;2675;2656.25;2656.25;684
2023-11-06;06/11/2023;2675;2843.75;2675;2843.75;11012
2023-11-07;07/11/2023;2843.75;2843.75;2843.75;2843.75;665
2023-11-08;08/11/2023;2843.75;2843.75;2843.75;2843.75;926
2023-11-09;09/11/2023;2843.75;2843.75;2843.75;2843.75;622
2023-11-10;10/11/2023;2843.75;2843.75;2843.75;2843.75;921
2023-11-13;13/11/2023;2843.75;2843.75;2843.75;2843.75;1092
2023-11-14;14/11/2023;2843.75;2843.75;2843.75;2843.75;862
2023-11-15;15/11/2023;2843.75;2843.75;2843.75;2843.75;862
2023-11-16;16/11/2023;2843.75;2843.75;2840.625;2840.625;641
2023-11-17;17/11/2023;2781.25;2840.625;2781.25;2840.625;582
2023-11-20;20/11/2023;2843.75;2843.75;2843.75;2843.75;2840
2023-11-21;21/11/2023;2843.75;3046.875;2843.75;3046.875;4724
2023-11-22;22/11/2023;2843.75;3043.75;2843.75;3043.75;281
2023-11-23;23/11/2023;3037.5;3037.5;3000;3000;1035
2023-11-24;24/11/2023;3046.875;3215.625;3046.875;3215.625;26630
2023-11-27;27/11/2023;3212.5;3212.5;3162.5;3162.5;286
2023-11-28;28/11/2023;3062.5;3375;3062.5;3375;2340
2023-11-29;29/11/2023;3371.875;3371.875;3362.5;3362.5;16483
2023-11-30;30/11/2023;3362.5;3362.5;3343.75;3343.75;224
2023-12-01;01/12/2023;3371.875;3375;3371.875;3375;3513
2023-12-04;04/12/2023;3375;3562.5;3375;3562.5;6401
2023-12-05;05/12/2023;3500;3559.375;3500;3559.375;1672
2023-12-06;06/12/2023;3559.375;3559.375;3500;3500;18820
2023-12-07;07/12/2023;3475;3475;3437.5;3437.5;472
2023-12-08;08/12/2023;3437.5;3500;3437.5;3500;648
2023-12-11;11/12/2023;3471.875;3471.875;3471.875;3471.875;3152
2023-12-12;12/12/2023;3493.75;3493.75;3493.75;3493.75;430
2023-12-13;13/12/2023;3437.5;3437.5;3437.5;3437.5;336
2023-12-14;14/12/2023;3437.5;3437.5;3406.25;3406.25;1465
2023-12-15;15/12/2023;3375;3406.25;3375;3406.25;808
2023-12-18;18/12/2023;3406.25;3406.25;3387.5;3387.5;3955
2023-12-19;19/12/2023;3387.5;3437.5;3387.5;3437.5;1022
2023-12-20;20/12/2023;3437.5;3437.5;3437.5;3437.5;2705
2023-12-21;21/12/2023;3437.5;3437.5;3437.5;3437.5;5049
2023-12-22;22/12/2023;3434.375;3434.375;3434.375;3434.375;241
2023-12-25;25/12/2023;3434.375;3434.375;3434.375;3434.375;241
2023-12-26;26/12/2023;3437.5;3437.5;3434.375;3434.375;9801
2023-12-27;27/12/2023;3428.125;3428.125;3187.5;3187.5;1649
2023-12-28;28/12/2023;3187.5;3393.75;3187.5;3393.75;3283
2023-12-29;29/12/2023;3371.875;3371.875;3368.75;3368.75;15376
2024-01-01;01/01/2024;3371.875;3371.875;3368.75;3368.75;15376
2024-01-02;02/01/2024;3365.625;3365.625;3362.5;3362.5;33
2024-01-03;03/01/2024;3362.5;3362.5;3359.375;3359.375;129
2024-01-04;04/01/2024;3359.375;3359.375;3359.375;3359.375;104
2024-01-05;05/01/2024;3187.5;3356.25;3187.5;3356.25;747
2024-01-08;08/01/2024;3356.25;3356.25;3356.25;3356.25;651
2024-01-09;09/01/2024;3356.25;3356.25;3343.75;3343.75;102
2024-01-10;10/01/2024;3312.5;3340.625;3312.5;3340.625;508
2024-01-11;11/01/2024;3275;3343.75;3275;3343.75;40
2024-01-12;12/01/2024;3281.25;3325;3281.25;3325;32
2024-01-15;15/01/2024;3325;3325;3309.375;3309.375;428
2024-01-16;16/01/2024;3281.25;3312.5;3281.25;3312.5;353
2024-01-17;17/01/2024;3309.375;3312.5;3309.375;3312.5;337
2024-01-18;18/01/2024;3312.5;3312.5;3312.5;3312.5;507
2024-01-19;19/01/2024;3312.5;3312.5;3312.5;3312.5;104
2024-01-22;22/01/2024;3312.5;3318.75;3312.5;3318.75;16252
2024-01-23;23/01/2024;3309.375;3309.375;3309.375;3309.375;320
2024-01-24;24/01/2024;3281.25;3309.375;3281.25;3309.375;131
2024-01-25;25/01/2024;3309.375;3309.375;3309.375;3309.375;91
2024-01-26;26/01/2024;3146.875;3300;3146.875;3300;620
2024-01-29;29/01/2024;3296.875;3296.875;3187.5;3187.5;144
2024-01-30;30/01/2024;3159.375;3159.375;3125;3125;2449
2024-01-31;31/01/2024;3000;3062.5;3000;3062.5;806
2024-02-01;01/02/2024;3031.25;3031.25;2937.5;2937.5;390
2024-02-02;02/02/2024;2875;2937.5;2875;2937.5;13972
2024-02-05;05/02/2024;2875;2937.5;2875;2937.5;246
2024-02-06;06/02/2024;2937.5;2937.5;2937.5;2937.5;17
2024-02-07;07/02/2024;2934.375;2937.5;2934.375;2937.5;2438
2024-02-08;08/02/2024;2937.5;3000;2937.5;3000;497
2024-02-09;09/02/2024;3000;3062.5;3000;3062.5;859
2024-02-12;12/02/2024;3000;3062.5;3000;3062.5;859
2024-02-13;13/02/2024;3043.75;3062.5;3043.75;3062.5;5337
2024-02-14;14/02/2024;3062.5;3062.5;3062.5;3062.5;1864
2024-02-15;15/02/2024;3062.5;3062.5;3062.5;3062.5;291
2024-02-16;16/02/2024;3056.25;3056.25;3046.875;3046.875;329
2024-02-19;19/02/2024;3059.375;3059.375;3059.375;3059.375;3457
2024-02-20;20/02/2024;3056.25;3056.25;3056.25;3056.25;681
2024-02-21;21/02/2024;3056.25;3056.25;3056.25;3056.25;326
2024-02-22;22/02/2024;3062.5;3187.5;3062.5;3187.5;8180
2024-02-23;23/02/2024;3187.5;3187.5;3187.5;3187.5;3601
2024-02-26;26/02/2024;3187.5;3218.75;3187.5;3218.75;1977
2024-02-27;27/02/2024;3218.75;3243.75;3218.75;3243.75;1590
2024-02-28;28/02/2024;3200;3375;3200;3375;2988
2024-02-29;29/02/2024;3312.5;3312.5;3312.5;3312.5;7377
2024-03-01;01/03/2024;3203.125;3312.5;3203.125;3312.5;1843
2024-03-04;04/03/2024;3312.5;3343.75;3312.5;3343.75;31297
2024-03-05;05/03/2024;3346.875;3437.5;3346.875;3437.5;1278
2024-03-06;06/03/2024;3437.5;3618.75;3437.5;3618.75;2108
2024-03-07;07/03/2024;3625;3625;3609.375;3609.375;7945
2024-03-08;08/03/2024;3609.375;3625;3609.375;3625;2206
2024-03-11;11/03/2024;3612.5;3621.875;3612.5;3621.875;6102
2024-03-12;12/03/2024;3621.875;3621.875;3621.875;3621.875;3265
2024-03-13;13/03/2024;3609.375;3609.375;3593.75;3593.75;1163
2024-03-14;14/03/2024;3565.625;3593.75;3565.625;3593.75;1070
2024-03-15;15/03/2024;3590.625;3609.375;3590.625;3609.375;8985
2024-03-18;18/03/2024;3562.5;3562.5;3562.5;3562.5;3008
2024-03-19;19/03/2024;3559.375;3562.5;3559.375;3562.5;2404
2024-03-20;20/03/2024;3609.375;3618.75;3609.375;3618.75;13724
2024-03-21;21/03/2024;3621.875;3621.875;3621.875;3621.875;972
2024-03-22;22/03/2024;3656.25;3734.375;3656.25;3734.375;3865
2024-03-25;25/03/2024;3734.375;3734.375;3734.375;3734.375;1801
2024-03-26;26/03/2024;3737.5;3743.75;3737.5;3743.75;1862
2024-03-27;27/03/2024;3743.75;3743.75;3737.5;3737.5;496
2024-03-28;28/03/2024;3737.5;3809.375;3737.5;3809.375;2915
2024-03-29;29/03/2024;3809.375;3809.375;3806.25;3806.25;1403
2024-04-01;01/04/2024;3809.375;3809.375;3806.25;3806.25;1403
2024-04-02;02/04/2024;3806.25;3806.25;3806.25;3806.25;1457
2024-04-03;03/04/2024;3806.25;3806.25;3746.875;3746.875;6916
2024-04-04;04/04/2024;3750;3750;3750;3750;3340
2024-04-05;05/04/2024;3781.25;3781.25;3778.125;3778.125;6204
2024-04-08;08/04/2024;3778.125;3809.375;3778.125;3809.375;2075
2024-04-09;09/04/2024;3778.125;3793.75;3778.125;3793.75;1476
2024-04-10;10/04/2024;3778.125;3793.75;3778.125;3793.75;1476
2024-04-11;11/04/2024;3793.75;3793.75;3793.75;3793.75;2577
2024-04-12;12/04/2024;3793.75;3793.75;3793.75;3793.75;2500
2024-04-15;15/04/2024;3753.125;3753.125;3750;3750;16380
2024-04-16;16/04/2024;3796.875;3796.875;3750;3750;6089
2024-04-17;17/04/2024;3750;3787.5;3750;3787.5;8320
2024-04-18;18/04/2024;3787.5;3787.5;3784.375;3784.375;2361
2024-04-19;19/04/2024;3750;3784.375;3750;3784.375;1680
2024-04-22;22/04/2024;3784.375;3784.375;3750;3750;5923
2024-04-23;23/04/2024;3781.25;3781.25;3778.125;3778.125;4937
2024-04-24;24/04/2024;3778.125;3778.125;3756.25;3756.25;2974
2024-04-25;25/04/2024;3756.25;3762.5;3756.25;3762.5;5137
2024-04-26;26/04/2024;3762.5;3762.5;3762.5;3762.5;1396
2024-04-29;29/04/2024;3762.5;3762.5;3750;3750;8684
2024-04-30;30/04/2024;3762.5;3762.5;3743.75;3743.75;1326
2024-05-01;01/05/2024;3762.5;3762.5;3743.75;3743.75;1326
2024-05-02;02/05/2024;3750;3750;3746.875;3746.875;3382
2024-05-03;03/05/2024;3718.75;3743.75;3718.75;3743.75;6992
2024-05-06;06/05/2024;3740.625;3740.625;3687.5;3687.5;1990
2024-05-07;07/05/2024;3703.125;3734.375;3703.125;3734.375;1150
2024-05-08;08/05/2024;3734.375;3734.375;3687.5;3687.5;2411
2024-05-09;09/05/2024;3734.375;3734.375;3687.5;3687.5;2411
2024-05-10;10/05/2024;3681.25;3687.5;3681.25;3687.5;880
2024-05-13;13/05/2024;3687.5;3687.5;3687.5;3687.5;7884
2024-05-14;14/05/2024;3687.5;3687.5;3687.5;3687.5;318
2024-05-15;15/05/2024;3687.5;3687.5;3687.5;3687.5;5945
2024-05-16;16/05/2024;3687.5;3687.5;3600;3600;8723
2024-05-17;17/05/2024;3600;3600;3600;3600;1904
2024-05-20;20/05/2024;3600;3600;3600;3600;1904
2024-05-21;21/05/2024;3600;3600;3575;3575;5176
2024-05-22;22/05/2024;3575;3653.125;3575;3653.125;5523
2024-05-23;23/05/2024;3681.25;3681.25;3596.875;3596.875;7508
2024-05-24;24/05/2024;3678.125;3684.375;3678.125;3684.375;7067
2024-05-27;27/05/2024;3684.375;3684.375;3609.375;3609.375;3729
2024-05-28;28/05/2024;3681.25;3687.5;3681.25;3687.5;7729
2024-05-29;29/05/2024;3437.5;3437.5;3434.375;3434.375;2473
2024-05-30;30/05/2024;3434.375;3434.375;3431.25;3431.25;2016
2024-05-31;31/05/2024;3384.375;3406.25;3384.375;3406.25;5012
2024-06-03;03/06/2024;3393.75;3393.75;3393.75;3393.75;2635
2024-06-04;04/06/2024;3406.25;3406.25;3393.75;3393.75;9100
2024-06-05;05/06/2024;3393.75;3400;3393.75;3400;3348
2024-06-06;06/06/2024;3400;3400;3375;3375;4083
2024-06-07;07/06/2024;3371.875;3371.875;3368.75;3368.75;2864
2024-06-10;10/06/2024;3365.625;3365.625;3362.5;3362.5;20833
2024-06-11;11/06/2024;3362.5;3362.5;3362.5;3362.5;3531
2024-06-12;12/06/2024;3362.5;3362.5;3359.375;3359.375;2459
2024-06-13;13/06/2024;3359.375;3359.375;3328.125;3328.125;4772
2024-06-14;14/06/2024;3328.125;3343.75;3328.125;3343.75;1793
2024-06-18;18/06/2024;3343.75;3343.75;3340.625;3340.625;2347
2024-06-19;19/06/2024;3340.625;3340.625;3312.5;3312.5;5755
2024-06-20;20/06/2024;3312.5;3312.5;3281.25;3281.25;6188
2024-06-21;21/06/2024;3281.25;3281.25;3281.25;3281.25;246
2024-06-24;24/06/2024;3221.875;3281.25;3221.875;3281.25;2500
2024-06-25;25/06/2024;3281.25;3312.5;3281.25;3312.5;6435
2024-06-26;26/06/2024;3281.25;3312.5;3281.25;3312.5;2396
2024-06-27;27/06/2024;3312.5;3312.5;3312.5;3312.5;6224
2024-06-28;28/06/2024;3312.5;3318.75;3312.5;3318.75;16038
2024-07-01;01/07/2024;3318.75;3318.75;3309.375;3309.375;852
2024-07-02;02/07/2024;3309.375;3309.375;3309.375;3309.375;353
2024-07-03;03/07/2024;3306.25;3306.25;3306.25;3306.25;1456
2024-07-04;04/07/2024;3306.25;3306.25;3306.25;3306.25;544
2024-07-05;05/07/2024;3306.25;3306.25;3306.25;3306.25;758
2024-07-08;08/07/2024;3306.25;3306.25;3287.5;3287.5;3374
2024-07-09;09/07/2024;3278.125;3293.75;3278.125;3293.75;454
2024-07-10;10/07/2024;3287.5;3287.5;3287.5;3287.5;1256
2024-07-11;11/07/2024;3281.25;3281.25;3281.25;3281.25;1262
2024-07-12;12/07/2024;3281.25;3281.25;3281.25;3281.25;792
2024-07-15;15/07/2024;3281.25;3281.25;3278.125;3278.125;876
2024-07-16;16/07/2024;3265.625;3265.625;3250;3250;1099
2024-07-17;17/07/2024;3246.875;3246.875;3240.625;3240.625;1020
2024-07-18;18/07/2024;3243.75;3243.75;3243.75;3243.75;412
2024-07-19;19/07/2024;3221.875;3243.75;3221.875;3243.75;675
2024-07-22;22/07/2024;3243.75;3243.75;3243.75;3243.75;648
2024-07-23;23/07/2024;3243.75;3243.75;3231.25;3231.25;457
2024-07-24;24/07/2024;3231.25;3243.75;3231.25;3243.75;169
2024-07-25;25/07/2024;3243.75;3243.75;3231.25;3231.25;2843
2024-07-26;26/07/2024;3231.25;3287.5;3231.25;3287.5;3048
2024-07-29;29/07/2024;3287.5;3287.5;3287.5;3287.5;1380
2024-07-30;30/07/2024;3281.25;3284.375;3281.25;3284.375;4440
2024-07-31;31/07/2024;3284.375;3284.375;3271.875;3271.875;11123
2024-08-01;01/08/2024;3271.875;3271.875;3250;3250;692
2024-08-02;02/08/2024;3268.75;3281.25;3268.75;3281.25;21729
2024-08-05;05/08/2024;3281.25;3371.875;3281.25;3371.875;12460
2024-08-06;06/08/2024;3371.875;3371.875;3371.875;3371.875;6891
2024-08-07;07/08/2024;3371.875;3371.875;3371.875;3371.875;6891
2024-08-08;08/08/2024;3375;3375;3365.625;3365.625;5827
2024-08-09;09/08/2024;3365.625;3365.625;3312.5;3312.5;3795
2024-08-12;12/08/2024;3312.5;3365.625;3312.5;3365.625;4681
2024-08-13;13/08/2024;3365.625;3375;3365.625;3375;12787
2024-08-14;14/08/2024;3375;3375;3375;3375;1972
2024-08-15;15/08/2024;3375;3375;3375;3375;1972
2024-08-16;16/08/2024;3375;3375;3359.375;3359.375;5459
2024-08-19;19/08/2024;3312.5;3359.375;3312.5;3359.375;4307
2024-08-20;20/08/2024;3359.375;3359.375;3353.125;3353.125;2916
2024-08-21;21/08/2024;3328.125;3328.125;3281.25;3281.25;3564
2024-08-22;22/08/2024;3278.125;3281.25;3278.125;3281.25;862
2024-08-23;23/08/2024;3281.25;3281.25;3281.25;3281.25;5100
2024-08-26;26/08/2024;3281.25;3281.25;3268.75;3268.75;3356
2024-08-27;27/08/2024;3268.75;3268.75;3246.875;3246.875;1235
2024-08-28;28/08/2024;3265.625;3265.625;3262.5;3262.5;5035
2024-08-29;29/08/2024;3262.5;3262.5;3250;3250;2556
2024-08-30;30/08/2024;3250;3250;3250;3250;7088
2024-09-02;02/09/2024;3250;3268.75;3250;3268.75;5574
2024-09-03;03/09/2024;3265.625;3265.625;3262.5;3262.5;26105
2024-09-04;04/09/2024;3500;3500;3500;3500;8096
2024-09-05;05/09/2024;3645;3760;3645;3760;16740
2024-09-06;06/09/2024;3995;3995;3850;3850;5583
2024-09-09;09/09/2024;3760;3800;3760;3800;1633
2024-09-10;10/09/2024;3830;3830;3700;3700;1924
2024-09-11;11/09/2024;3700;3700;3670;3670;856
2024-09-12;12/09/2024;3645;3645;3585;3585;1274
2024-09-13;13/09/2024;3550;3550;3400;3400;2447
2024-09-16;16/09/2024;3350;3350;3145;3145;1905
2024-09-17;17/09/2024;3145;3160;3145;3160;754
2024-09-18;18/09/2024;3200;3255;3200;3255;1123
2024-09-19;19/09/2024;3155;3155;3140;3140;1873
2024-09-20;20/09/2024;3100;3140;3100;3140;433
2024-09-23;23/09/2024;3130;3130;3110;3110;1814
2024-09-24;24/09/2024;3110;3120;3110;3120;1659
2024-09-25;25/09/2024;3120;3120;3120;3120;5513
2024-09-26;26/09/2024;3100;3105;3100;3105;3297
2024-09-27;27/09/2024;3120;3140;3120;3140;738
2024-09-30;30/09/2024;3140;3285;3140;3285;4974
2024-10-01;01/10/2024;3485;3485;3350;3350;486
2024-10-02;02/10/2024;3160;3300;3160;3300;1419
2024-10-03;03/10/2024;3300;3350;3300;3350;2239
2024-10-04;04/10/2024;3350;3350;3350;3350;832
2024-10-07;07/10/2024;3350;3350;3350;3350;719
2024-10-08;08/10/2024;3300;3300;3290;3290;544
2024-10-09;09/10/2024;3280;3280;3250;3250;1576
2024-10-10;10/10/2024;3250;3350;3250;3350;1091
2024-10-11;11/10/2024;3250;3300;3250;3300;1811
2024-10-14;14/10/2024;3300;3300;3250;3250;2488
2024-10-15;15/10/2024;3290;3290;3250;3250;2876
2024-10-16;16/10/2024;3200;3300;3200;3300;2493
2024-10-17;17/10/2024;3300;3300;3300;3300;333
2024-10-18;18/10/2024;3300;3300;3300;3300;355
2024-10-21;21/10/2024;3300;3495;3300;3495;3298
2024-10-22;22/10/2024;3255;3300;3255;3300;2117
2024-10-23;23/10/2024;3305;3305;3250;3250;1513
2024-10-24;24/10/2024;3245;3250;3245;3250;2006
2024-10-25;25/10/2024;3010;3015;3010;3015;11945
2024-10-28;28/10/2024;3030;3100;3030;3100;710
2024-10-29;29/10/2024;3100;3115;3100;3115;416
2024-10-30;30/10/2024;3200;3200;3200;3200;235
2024-10-31;31/10/2024;3200;3200;3200;3200;85
2024-11-01;01/11/2024;3200;3200;3200;3200;85
2024-11-04;04/11/2024;3150;3185;3150;3185;1103
2024-11-05;05/11/2024;3185;3185;3180;3180;366
2024-11-06;06/11/2024;3000;3000;3000;3000;2034
2024-11-07;07/11/2024;3000;3000;2995;2995;513
2024-11-08;08/11/2024;3000;3000;2995;2995;1030
2024-11-11;11/11/2024;2990;2990;2990;2990;964
2024-11-12;12/11/2024;3000;3000;2990;2990;620
2024-11-13;13/11/2024;2990;2990;2990;2990;1047
2024-11-14;14/11/2024;2990;2990;2950;2950;60
2024-11-15;15/11/2024;2990;2990;2950;2950;60
2024-11-18;18/11/2024;2950;2950;2940;2940;618
2024-11-19;19/11/2024;2900;2940;2900;2940;1015
2024-11-20;20/11/2024;2940;2940;2900;2900;4379
2024-11-21;21/11/2024;2885;2885;2885;2885;659
2024-11-22;22/11/2024;2885;2885;2800;2800;1676
2024-11-25;25/11/2024;2790;2800;2790;2800;905
2024-11-26;26/11/2024;2800;2800;2745;2745;1703
2024-11-27;27/11/2024;2745;2745;2745;2745;378
2024-11-28;28/11/2024;2745;2745;2720;2720;799
2024-11-29;29/11/2024;2745;2745;2745;2745;1423
2024-12-02;02/12/2024;2740;2740;2720;2720;994
2024-12-03;03/12/2024;2700;2710;2700;2710;945
2024-12-04;04/12/2024;2710;2710;2710;2710;1853
2024-12-05;05/12/2024;2710;2710;2690;2690;805
2024-12-06;06/12/2024;2690;2690;2690;2690;751
2024-12-09;09/12/2024;2690;2690;2650;2650;770
2024-12-10;10/12/2024;2605;2605;2600;2600;2117
2024-12-11;11/12/2024;2650;2650;2600;2600;3465
2024-12-12;12/12/2024;2600;2650;2600;2650;7005
2024-12-13;13/12/2024;2600;2600;2520;2520;681
2024-12-16;16/12/2024;2605;2605;2600;2600;5845
2024-12-17;17/12/2024;2605;2605;2595;2595;5712
2024-12-18;18/12/2024;2560;2605;2560;2605;3551
2024-12-19;19/12/2024;2605;2605;2565;2565;6656
2024-12-20;20/12/2024;2565;2570;2565;2570;569
2024-12-23;23/12/2024;2565;2590;2565;2590;1452
2024-12-24;24/12/2024;2600;2600;2600;2600;979
2024-12-25;25/12/2024;2590;2600;2590;2600;979
2024-12-26;26/12/2024;2600;2600;2600;2600;1869
2024-12-27;27/12/2024;2595;2595;2595;2595;2624
2024-12-30;30/12/2024;2500;2595;2500;2595;1430
2024-12-31;31/12/2024;2595;2595;2575;2575;546
2025-01-01;01/01/2025;2595;2595;2575;2575;546
2025-01-02;02/01/2025;2580;2580;2580;2580;52
2025-01-03;03/01/2025;2590;2590;2590;2590;175
2025-01-06;06/01/2025;2600;2600;2590;2590;510
2025-01-07;07/01/2025;2510;2510;2500;2500;1619
2025-01-08;08/01/2025;2500;2500;2490;2490;1569
2025-01-09;09/01/2025;2500;2500;2500;2500;700
2025-01-10;10/01/2025;2500;2500;2500;2500;162
2025-01-13;13/01/2025;2315;2400;2315;2400;4112
2025-01-14;14/01/2025;2485;2485;2475;2475;287
2025-01-15;15/01/2025;2475;2475;2450;2450;2670
2025-01-16;16/01/2025;2450;2450;2410;2410;428
2025-01-17;17/01/2025;2440;2450;2440;2450;5011
2025-01-20;20/01/2025;2445;2445;2435;2435;281
2025-01-21;21/01/2025;2435;2435;2390;2390;730
2025-01-22;22/01/2025;2395;2395;2385;2385;1668
2025-01-23;23/01/2025;2370;2370;2360;2360;1108
2025-01-24;24/01/2025;2385;2385;2360;2360;229
2025-01-27;27/01/2025;2360;2360;2300;2300;639
2025-01-28;28/01/2025;2290;2290;2200;2200;1680
2025-01-29;29/01/2025;2200;2200;2195;2195;1669
2025-01-30;30/01/2025;2195;2195;2150;2150;2807
2025-01-31;31/01/2025;2150;2295;2150;2295;4678
2025-02-03;03/02/2025;2295;2295;2200;2200;4399
2025-02-04;04/02/2025;2195;2195;2190;2190;1414
2025-02-05;05/02/2025;2190;2200;2190;2200;2765
2025-02-06;06/02/2025;2200;2300;2200;2300;3975
2025-02-07;07/02/2025;2300;2300;2295;2295;2472
2025-02-10;10/02/2025;2300;2350;2300;2350;1569
2025-02-11;11/02/2025;2350;2350;2350;2350;838
2025-02-12;12/02/2025;2350;2365;2350;2365;2756
2025-02-13;13/02/2025;2365;2400;2365;2400;6332
2025-02-14;14/02/2025;2380;2385;2380;2385;2529
2025-02-17;17/02/2025;2450;2450;2440;2440;1034
2025-02-18;18/02/2025;2445;2475;2445;2475;1027
2025-02-19;19/02/2025;2400;2425;2400;2425;12377
2025-02-20;20/02/2025;2480;2500;2480;2500;4062
2025-02-21;21/02/2025;2510;2570;2510;2570;4287
2025-02-24;24/02/2025;2600;2610;2600;2610;639
2025-02-25;25/02/2025;2720;2720;2720;2720;2028
2025-02-26;26/02/2025;2795;2795;2750;2750;1501
2025-02-28;28/02/2025;2850;2850;2800;2800;1243
2025-03-03;03/03/2025;2800;2840;2800;2840;729
2025-03-04;04/03/2025;2890;3050;2890;3050;6062
2025-03-05;05/03/2025;3275;3275;3100;3100;2714
2025-03-06;06/03/2025;3110;3110;3045;3045;1242
2025-03-07;07/03/2025;3000;3000;2900;2900;3986
2025-03-10;10/03/2025;3040;3040;2995;2995;991
2025-03-11;11/03/2025;2995;2995;2995;2995;6792
2025-03-12;12/03/2025;2995;3000;2995;3000;748
2025-03-13;13/03/2025;3000;3040;3000;3040;1167
2025-03-14;14/03/2025;3050;3050;2910;2910;15375
2025-03-17;17/03/2025;2925;2925;2910;2910;56713
2025-03-18;18/03/2025;2950;2950;2915;2915;1949
2025-03-19;19/03/2025;2925;2925;2900;2900;11170
2025-03-20;20/03/2025;2685;2685;2685;2685;1863
2025-03-21;21/03/2025;2600;2675;2600;2675;45519
2025-03-24;24/03/2025;2675;2675;2675;2675;2112
2025-03-25;25/03/2025;2685;2685;2675;2675;1253
2025-03-26;26/03/2025;2685;2795;2685;2795;2399
2025-03-27;27/03/2025;2685;2795;2685;2795;2399
2025-03-28;28/03/2025;2795;2795;2795;2795;4411
2025-03-31;31/03/2025;2795;2795;2795;2795;4411
2025-04-01;01/04/2025;2790;2790;2770;2770;1031
2025-04-02;02/04/2025;2770;2770;2770;2770;131
2025-04-03;03/04/2025;2770;2770;2770;2770;1871
2025-04-04;04/04/2025;2795;2795;2710;2710;591
2025-04-07;07/04/2025;2710;2780;2710;2780;963
2025-04-08;08/04/2025;2780;2780;2780;2780;439
2025-04-09;09/04/2025;2780;2780;2760;2760;806
2025-04-10;10/04/2025;2760;2765;2760;2765;42236
2025-04-11;11/04/2025;2765;2790;2765;2790;2453
2025-04-14;14/04/2025;2785;2785;2785;2785;121
2025-04-15;15/04/2025;2790;2790;2790;2790;1897
2025-04-16;16/04/2025;2790;2790;2790;2790;1879
2025-04-17;17/04/2025;2790;2790;2790;2790;309
2025-04-18;18/04/2025;2790;2790;2775;2775;343
2025-04-21;21/04/2025;2790;2790;2775;2775;343
2025-04-22;22/04/2025;2775;2775;2775;2775;304
2025-04-23;23/04/2025;2775;2775;2775;2775;5053
2025-04-24;24/04/2025;2710;2775;2710;2775;429
2025-04-25;25/04/2025;2705;2790;2705;2790;1522
2025-04-28;28/04/2025;2790;2790;2775;2775;328
2025-04-29;29/04/2025;2775;2795;2775;2795;1769
2025-04-30;30/04/2025;2600;2600;2590;2590;9036
2025-05-01;01/05/2025;2600;2600;2590;2590;9036
2025-05-02;02/05/2025;2600;2600;2550;2550;7465
2025-05-05;05/05/2025;2550;2650;2550;2650;853
2025-05-06;06/05/2025;2650;2650;2600;2600;2575
2025-05-07;07/05/2025;2590;2590;2575;2575;1473
2025-05-08;08/05/2025;2575;2575;2575;2575;282
2025-05-09;09/05/2025;2575;2575;2575;2575;5132
2025-05-12;12/05/2025;2580;2595;2580;2595;244
2025-05-13;13/05/2025;2600;2600;2595;2595;9151
2025-05-14;14/05/2025;2600;2680;2600;2680;3242
2025-05-15;15/05/2025;2680;2680;2600;2600;685
2025-05-16;16/05/2025;2650;2650;2640;2640;12
2025-05-19;19/05/2025;2650;2750;2650;2750;5870
2025-05-20;20/05/2025;2750;2795;2750;2795;295
2025-05-21;21/05/2025;2795;2820;2795;2820;486
2025-05-22;22/05/2025;2820;2820;2800;2800;611
2025-05-23;23/05/2025;2800;2800;2705;2705;752
2025-05-26;26/05/2025;2795;2800;2795;2800;10320
2025-05-27;27/05/2025;2800;2800;2800;2800;805
2025-05-28;28/05/2025;2800;2850;2800;2850;8889
2025-05-29;29/05/2025;2800;2850;2800;2850;8889
2025-05-30;30/05/2025;2450;2600;2450;2600;1329
2025-06-02;02/06/2025;2600;2600;2600;2600;239
2025-06-03;03/06/2025;2595;2595;2590;2590;2622
2025-06-04;04/06/2025;2425;2595;2425;2595;648
2025-06-05;05/06/2025;2600;2600;2595;2595;1381
2025-06-10;10/06/2025;2595;2600;2595;2600;8602
2025-06-11;11/06/2025;2465;2585;2465;2585;950
2025-06-12;12/06/2025;2580;2630;2580;2630;6044
2025-06-13;13/06/2025;2630;2690;2630;2690;2031
2025-06-16;16/06/2025;2690;2710;2690;2710;1939
2025-06-17;17/06/2025;2705;2705;2700;2700;3512
2025-06-18;18/06/2025;2730;2730;2700;2700;280
2025-06-19;19/06/2025;2700;2700;2700;2700;705
2025-06-20;20/06/2025;2700;2700;2695;2695;2368
2025-06-23;23/06/2025;2695;2695;2685;2685;38031
2025-06-24;24/06/2025;2685;2745;2685;2745;34278
2025-06-25;25/06/2025;2745;2745;2695;2695;298
2025-06-26;26/06/2025;2695;2695;2500;2500;4556
2025-06-27;27/06/2025;2500;2650;2500;2650;5308
2025-06-30;30/06/2025;2645;2645;2630;2630;7169
2025-07-01;01/07/2025;2625;2625;2455;2455;5990
2025-07-02;02/07/2025;2405;2405;2405;2405;4333
2025-07-03;03/07/2025;2405;2405;2375;2375;6761
2025-07-04;04/07/2025;2375;2400;2375;2400;17783
2025-07-07;07/07/2025;2450;2540;2450;2540;8092
2025-07-08;08/07/2025;2515;2515;2490;2490;2679
2025-07-09;09/07/2025;2540;2540;2500;2500;9825
2025-07-10;10/07/2025;2520;2585;2520;2585;440
2025-07-11;11/07/2025;2585;2585;2580;2580;327
2025-07-14;14/07/2025;2505;2580;2505;2580;438
2025-07-15;15/07/2025;2580;2580;2545;2545;1237
2025-07-16;16/07/2025;2550;2550;2550;2550;289
2025-07-17;17/07/2025;2550;2550;2545;2545;952
2025-07-18;18/07/2025;2540;2540;2530;2530;1833
2025-07-21;21/07/2025;2530;2530;2450;2450;2897
2025-07-22;22/07/2025;2430;2575;2430;2575;5539
2025-07-23;23/07/2025;2575;2590;2575;2590;34315
2025-07-24;24/07/2025;2425;2575;2425;2575;2663
2025-07-25;25/07/2025;2590;2590;2575;2575;21473
2025-07-28;28/07/2025;2570;2570;2445;2445;6063
2025-07-29;29/07/2025;2450;2500;2450;2500;3107
2025-07-30;30/07/2025;2400;2450;2400;2450;10937
2025-07-31;31/07/2025;2455;2510;2455;2510;25501
2025-08-01;01/08/2025;2510;2510;2455;2455;33282
2025-08-04;04/08/2025;2505;2510;2505;2510;347
2025-08-05;05/08/2025;2510;2510;2500;2500;2913
2025-08-06;06/08/2025;2510;2580;2510;2580;1149
2025-08-07;07/08/2025;2510;2580;2510;2580;1149
2025-08-08;08/08/2025;2600;2600;2510;2510;2534
2025-08-11;11/08/2025;2510;2580;2510;2580;5139
2025-08-12;12/08/2025;2580;2580;2550;2550;891
2025-08-13;13/08/2025;2525;2580;2525;2580;1710
2025-08-14;14/08/2025;2555;2600;2555;2600;1532
2025-08-15;15/08/2025;2555;2600;2555;2600;1532
2025-08-18;18/08/2025;2505;2585;2505;2585;1598
2025-08-19;19/08/2025;2525;2595;2525;2595;470
2025-08-20;20/08/2025;2595;2595;2590;2590;3750
2025-08-21;21/08/2025;2600;2600;2590;2590;1787
2025-08-22;22/08/2025;2595;2595;2595;2595;1290
2025-08-25;25/08/2025;2585;2585;2585;2585;5549
2025-08-26;26/08/2025;2600;2600;2600;2600;5626
2025-08-27;27/08/2025;2600;2600;2600;2600;6486
2025-08-28;28/08/2025;2600;2600;2595;2595;3043
2025-08-29;29/08/2025;2595;2625;2595;2625;25296
2025-09-01;01/09/2025;2625;2630;2625;2630;2183
2025-09-02;02/09/2025;2625;2625;2500;2500;6608
2025-09-03;03/09/2025;2500;2600;2500;2600;5451
2025-09-04;04/09/2025;2500;2600;2500;2600;5451
2025-09-05;05/09/2025;2580;2595;2580;2595;2567
2025-09-08;08/09/2025;2590;2595;2590;2595;915
2025-09-09;09/09/2025;2595;2600;2595;2600;3861
2025-09-10;10/09/2025;2590;2600;2590;2600;4912
2025-09-11;11/09/2025;2600;2600;2595;2595;3558
2025-09-12;12/09/2025;2595;2595;2575;2575;3003
2025-09-15;15/09/2025;2575;2575;2570;2570;2051
2025-09-16;16/09/2025;2560;2560;2535;2535;8178
2025-09-17;17/09/2025;2535;2545;2535;2545;5084
2025-09-18;18/09/2025;2545;2545;2545;2545;2214
2025-09-19;19/09/2025;2545;2545;2520;2520;5803
2025-09-22;22/09/2025;2515;2550;2515;2550;3956
2025-09-23;23/09/2025;2460;2515;2460;2515;10591
2025-09-24;24/09/2025;2515;2515;2500;2500;2237
2025-09-25;25/09/2025;2520;2520;2510;2510;3547
2025-09-26;26/09/2025;2515;2515;2515;2515;1633
2025-09-29;29/09/2025;2515;2515;2505;2505;3438
2025-09-30;30/09/2025;2500;2500;2500;2500;3013
2025-10-01;01/10/2025;2495;2500;2495;2500;2805
2025-10-02;02/10/2025;2500;2500;2500;2500;3589
2025-10-03;03/10/2025;2460;2480;2460;2480;6381
2025-10-06;06/10/2025;2545;2545;2490;2490;4805
2025-10-07;07/10/2025;2500;2545;2500;2545;5008
2025-10-08;08/10/2025;2550;2600;2550;2600;2104
2025-10-09;09/10/2025;2725;2725;2700;2700;2449
2025-10-10;10/10/2025;2725;2725;2700;2700;3837
2025-10-13;13/10/2025;2700;2700;2600;2600;5414
2025-10-14;14/10/2025;2600;2650;2600;2650;16368
2025-10-15;15/10/2025;2600;2600;2600;2600;3214
2025-10-16;16/10/2025;2595;2600;2595;2600;4177
2025-10-17;17/10/2025;2600;2600;2595;2595;2538
2025-10-20;20/10/2025;2500;2530;2500;2530;2958
2025-10-21;21/10/2025;2595;2595;2530;2530;1378
2025-10-22;22/10/2025;2570;2570;2570;2570;2479
2025-10-23;23/10/2025;2570;2595;2570;2595;1149
2025-10-24;24/10/2025;2600;2600;2595;2595;4653
2025-10-27;27/10/2025;2595;2595;2580;2580;1053
2025-10-28;28/10/2025;2600;2600;2580;2580;1765
2025-10-29;29/10/2025;2590;2595;2590;2595;5424
2025-10-30;30/10/2025;2590;2590;2590;2590;3482
2025-10-31;31/10/2025;2580;2595;2580;2595;16642
2025-11-03;03/11/2025;2595;2595;2560;2560;2474
2025-11-04;04/11/2025;2560;2560;2550;2550;1193492
2025-11-05;05/11/2025;2550;2560;2550;2560;1709
2025-11-06;06/11/2025;2555;2560;2555;2560;1544
2025-11-07;07/11/2025;2500;2500;2500;2500;0
2025-11-10;10/11/2025;2510;2545;2510;2545;474
2025-11-11;11/11/2025;2545;2545;2545;2545;1633
2025-11-12;12/11/2025;2550;2550;2545;2545;1054
2025-11-13;13/11/2025;2510;2510;2500;2500;1658
2025-11-14;14/11/2025;2500;2510;2500;2510;2061
2025-11-17;17/11/2025;2510;2530;2510;2530;484
2025-11-18;18/11/2025;2530;2530;2530;2530;1459
2025-11-19;19/11/2025;2530;2530;2530;2530;5852
2025-11-20;20/11/2025;2530;2530;2525;2525;1623
2025-11-21;21/11/2025;2525;2525;2525;2525;231
2025-11-24;24/11/2025;2520;2520;2520;2520;616
2025-11-25;25/11/2025;2505;2505;2500;2500;6865
2025-11-26;26/11/2025;2500;2500;2500;2500;503
2025-11-27;27/11/2025;2500;2500;2495;2495;3742
2025-11-28;28/11/2025;2500;2500;2495;2495;971
2025-12-01;01/12/2025;2500;2500;2500;2500;971
2025-12-02;02/12/2025;2500;2500;2500;2500;3332
2025-12-03;03/12/2025;2500;2500;2500;2500;5479
2025-12-04;04/12/2025;2500;2500;2495;2495;10081
2025-12-05;05/12/2025;2490;2490;2490;2490;2318
2025-12-08;08/12/2025;2495;2500;2495;2500;1895
2025-12-09;09/12/2025;2500;2500;2490;2490;3696
2025-12-10;10/12/2025;2485;2490;2485;2490;4856
2025-12-11;11/12/2025;2490;2490;2480;2480;1867
2025-12-12;12/12/2025;2480;2500;2480;2500;2102
2025-12-15;15/12/2025;2500;2500;2500;2500;657
2025-12-16;16/12/2025;2500;2530;2500;2530;943
2025-12-17;17/12/2025;2530;2620;2530;2620;1229
2025-12-18;18/12/2025;2620;2620;2600;2600;3803
2025-12-19;19/12/2025;2600;2600;2565;2565;5364
2025-12-22;22/12/2025;2600;2600;2600;2600;7543
2025-12-23;23/12/2025;2750;2750;2750;2750;442
2025-12-24;24/12/2025;2545;2545;2545;2545;4127
2025-12-25;25/12/2025;2545;2545;2545;2545;4127
2025-12-26;26/12/2025;2545;2650;2545;2650;1333
2025-12-29;29/12/2025;2475;2635;2475;2635;5119
2025-12-30;30/12/2025;2630;2630;2615;2615;394
2025-12-31;31/12/2025;2615;2615;2610;2610;1476
2026-01-01;01/01/2026;2615;2615;2610;2610;1476
2026-01-02;02/01/2026;2455;2600;2455;2600;1117
2026-01-05;05/01/2026;2595;2595;2590;2590;410
2026-01-06;06/01/2026;2550;2575;2550;2575;1932
2026-01-07;07/01/2026;2500;2550;2500;2550;964
2026-01-08;08/01/2026;2550;2570;2550;2570;586
2026-01-09;09/01/2026;2570;2605;2570;2605;1051
2026-01-12;12/01/2026;2640;2640;2620;2620;765
2026-01-13;13/01/2026;2620;2620;2600;2600;1236
2026-01-14;14/01/2026;2625;2625;2550;2550;1674
2026-01-15;15/01/2026;2560;2560;2550;2550;957
2026-01-16;16/01/2026;2500;2635;2500;2635;821
2026-01-19;19/01/2026;2650;2650;2645;2645;1001
2026-01-20;20/01/2026;2640;2640;2640;2640;984
2026-01-21;21/01/2026;2645;2645;2630;2630;802
2026-01-22;22/01/2026;2600;2600;2600;2600;1312
2026-01-23;23/01/2026;2600;2600;2595;2595;1493
2026-01-26;26/01/2026;2600;2625;2600;2625;3020
2026-01-27;27/01/2026;2625;2625;2600;2600;1117
2026-01-28;28/01/2026;2605;2605;2600;2600;3581
2026-01-29;29/01/2026;2605;2605;2605;2605;869
2026-01-30;30/01/2026;2615;2625;2615;2625;3001
2026-02-02;02/02/2026;2625;2635;2625;2635;4827
2026-02-03;03/02/2026;2625;2625;2625;2625;887
2026-02-04;04/02/2026;2625;2650;2625;2650;739
2026-02-05;05/02/2026;2605;2605;2605;2605;4430
2026-02-06;06/02/2026;2605;2605;2605;2605;5483
2026-02-09;09/02/2026;2600;2600;2600;2600;3263
2026-02-10;10/02/2026;2600;2600;2575;2575;3026
2026-02-11;11/02/2026;2605;2605;2600;2600;934
2026-02-12;12/02/2026;2595;2595;2550;2550;3319
2026-02-13;13/02/2026;2550;2550;2500;2500;4151
2026-02-16;16/02/2026;2550;2550;2545;2545;1626
2026-02-17;17/02/2026;2505;2595;2505;2595;6505
2026-02-18;18/02/2026;2590;2600;2590;2600;5093
2026-02-19;19/02/2026;2600;2600;2600;2600;2791
2026-02-20;20/02/2026;2600;2600;2580;2580;3687
2026-02-23;23/02/2026;2570;2615;2570;2615;4876
2026-02-24;24/02/2026;2615;2690;2615;2690;2888
2026-02-25;25/02/2026;2700;2840;2700;2840;12801
2026-02-26;26/02/2026;2840;2995;2840;2995;24734
2026-02-27;27/02/2026;2995;2995;2910;2910;19456
2026-03-02;02/03/2026;2900;2900;2750;2750;54376
2026-03-03;03/03/2026;2885;2885;2700;2700;8580
2026-03-04;04/03/2026;2800;2800;2720;2720;9401
2026-03-05;05/03/2026;2720;2720;2700;2700;19836
2026-03-06;06/03/2026;2700;2780;2700;2780;28284
2026-03-09;09/03/2026;2785;2975;2785;2975;16405
2026-03-10;10/03/2026;2985;2985;2985;2985;9031
2026-03-11;11/03/2026;2995;2995;2985;2985;6640
2026-03-12;12/03/2026;2985;2985;2950;2950;5783
2026-03-13;13/03/2026;2950;2950;2950;2950;4051
2026-03-16;16/03/2026;2950;2950;2950;2950;4051
2026-03-17;17/03/2026;2730;2730;2730;2730;25606
2026-03-18;18/03/2026;2600;2610;2600;2610;20168
2026-03-19;19/03/2026;2550;2550;2535;2535;11069
2026-03-20;20/03/2026;2550;2550;2535;2535;11069
2026-03-23;23/03/2026;2505;2505;2460;2460;14412
2026-03-24;24/03/2026;2510;2575;2510;2575;5655
2026-03-25;25/03/2026;2610;2610;2610;2610;3950
2026-03-26;26/03/2026;2630;2690;2630;2690;6847
2026-03-27;27/03/2026;2690;2690;2650;2650;7920
2026-03-30;30/03/2026;2700;2700;2635;2635;5456
2026-03-31;31/03/2026;2650;2650;2620;2620;3969
2026-04-01;01/04/2026;2625;2700;2625;2700;7882
2026-04-02;02/04/2026;2700;2700;2660;2660;592
2026-04-03;03/04/2026;2695;2695;2660;2660;3357
2026-04-06;06/04/2026;2695;2695;2660;2660;3357
2026-04-07;07/04/2026;2685;2810;2685;2810;10115
2026-04-08;08/04/2026;2800;2800;2800;2800;27559
2026-04-09;09/04/2026;2810;2810;2800;2800;9701
2026-04-10;10/04/2026;2800;2825;2800;2825;7462
2026-04-13;13/04/2026;2890;2895;2890;2895;8701
2026-04-14;14/04/2026;2900;2900;2830;2830;5755
2026-04-15;15/04/2026;2820;2830;2820;2830;3810
2026-04-16;16/04/2026;2830;3000;2830;3000;45775
2026-04-17;17/04/2026;3000;3200;3000;3200;32890
2026-04-20;20/04/2026;3440;3440;3305;3305;27574
2026-04-21;21/04/2026;3325;3360;3325;3360;20041
2026-04-22;22/04/2026;3365;3500;3365;3500;32917
2026-04-23;23/04/2026;3545;3760;3545;3760;16818
2026-04-24;24/04/2026;3750;3750;3615;3615;6513
2026-04-27;27/04/2026;3600;3600;3415;3415;3271
2026-04-28;28/04/2026;3300;3500;3300;3500;8854
2026-04-29;29/04/2026;3500;3545;3500;3545;2571
2026-04-30;30/04/2026;3600;3660;3600;3660;8197
2026-05-01;01/05/2026;3600;3660;3600;3660;8197
2026-05-04;04/05/2026;3660;3660;3630;3630;9029
2026-05-05;05/05/2026;3625;3625;3500;3500;5746
2026-05-06;06/05/2026;3505;3505;3500;3500;5287
2026-05-07;07/05/2026;3550;3550;3500;3500;9120
2026-05-08;08/05/2026;3500;3500;3485;3485;10423
2026-05-11;11/05/2026;3480;3480;3450;3450;10497
2026-05-12;12/05/2026;3445;3445;3440;3440;5724
2026-05-13;13/05/2026;3445;3445;3395;3395;7385
2026-05-14;14/05/2026;3445;3445;3395;3395;7385
2026-05-15;15/05/2026;3445;3445;3445;3445;9702
2026-05-18;18/05/2026;3450;3490;3450;3490;6300
2026-05-19;19/05/2026;3490;3490;3470;3470;4031
2026-05-20;20/05/2026;3480;3690;3480;3690;29157
2026-05-21;21/05/2026;3690;3700;3690;3700;11543
2026-05-22;22/05/2026;3700;3730;3700;3730;6204
2026-05-25;25/05/2026;3700;3730;3700;3730;6204
2026-05-26;26/05/2026;3750;3750;3740;3740;2678
2026-05-27;27/05/2026;3750;3750;3740;3740;2678
2026-05-28;28/05/2026;3730;3730;3730;3730;3568
2026-05-29;29/05/2026;3740;3740;3730;3730;4089
2026-06-01;01/06/2026;3730;3730;3700;3700;6604
2026-06-02;02/06/2026;3700;3700;3695;3695;4551
2026-06-03;03/06/2026;3700;3740;3700;3740;18073
2026-06-04;04/06/2026;3755;3755;3740;3740;13144
2026-06-05;05/06/2026;3740;3740;3705;3705;24317
2026-06-08;08/06/2026;3705;3705;3700;3700;27802
2026-06-09;09/06/2026;3705;3740;3705;3740;2941
2026-06-10;10/06/2026;3765;3765;3735;3735;22523
2026-06-11;11/06/2026;3735;3735;3700;3700;7083
2026-06-12;12/06/2026;3700;3700;3700;3700;6030
2026-06-15;15/06/2026;3705;3705;3705;3705;5867
2026-06-16;16/06/2026;3715;3715;3705;3705;7893
2026-06-17;17/06/2026;3750;3760;3750;3760;13176
2026-06-18;18/06/2026;3705;3705;3705;3705;5930
2026-06-19;19/06/2026;3710;3760;3710;3760;9156
2026-06-22;22/06/2026;3760;3850;3760;3850;3728
2026-06-23;23/06/2026;3850;3985;3850;3985;26431
2026-06-24;24/06/2026;3990;4180;3990;4180;7334
2026-06-25;25/06/2026;4185;4185;4045;4045;9079
2026-06-26;26/06/2026;4045;4115;4045;4115;4944
2026-06-29;29/06/2026;4115;4185;4115;4185;7983
2026-06-30;30/06/2026;4185;4195;4185;4195;7661
2026-07-01;01/07/2026;4200;4200;4190;4190;5161
2026-07-02;02/07/2026;4190;4200;4190;4200;10864
2026-07-03;03/07/2026;4205;4240;4205;4240;18123
2026-07-06;06/07/2026;4200;4250;4200;4250;10520
2026-07-07;07/07/2026;4250;4250;4120;4120;57617
2026-07-08;08/07/2026;4150;4340;4150;4340;10454
2026-07-09;09/07/2026;4385;4500;4385;4500;7001
2026-07-10;10/07/2026;4500;4790;4500;4790;11023
2026-07-13;13/07/2026;4695;4710;4695;4710;5976
2026-07-14;14/07/2026;4750;4755;4750;4755;12072
2026-07-15;15/07/2026;4760;5110;4760;5110;14419
2026-07-16;16/07/2026;5110;5395;5110;5395;14858
2026-07-17;17/07/2026;5460;5460;5350;5350;6615
2026-07-20;20/07/2026;5350;5385;5350;5385;6468
2026-07-21;21/07/2026;5295;5295;5195;5195;8089
2026-07-22;22/07/2026;5105;5200;5105;5200;15890
2026-07-23;23/07/2026;5190;5345;5190;5345;7542
2026-07-24;24/07/2026;5335;5335;5300;5300;2462
2026-07-27;27/07/2026;5290;5290;5250;5250;7161
2026-07-28;28/07/2026;5205;5400;5205;5400;11322
2026-07-29;29/07/2026;5400;5400;5290;5290;6667
2026-07-30;30/07/2026;5285;5290;5285;5290;2912
2026-07-31;31/07/2026;5290;5290;5290;5290;5875
2026-08-03;03/08/2026;5290;5290;5200;5200;1036
2026-08-04;04/08/2026;5200;5200;5100;5100;2490
2026-08-05;05/08/2026;5100;5100;5075;5075;3151
2026-08-06;06/08/2026;5075;5200;5075;5200;4425
2026-08-07;07/08/2026;5075;5200;5075;5200;4425
2026-08-10;10/08/2026;5205;5205;5200;5200;7924
2026-08-11;11/08/2026;5010;5100;5010;5100;3171
2026-08-12;12/08/2026;5200;5200;5100;5100;7379
2026-08-13;13/08/2026;5190;5190;5100;5100;11481
2026-08-14;14/08/2026;5100;5120;5100;5120;1271
2026-08-17;17/08/2026;5120;5150;5120;5150;4951
2026-08-18;18/08/2026;5150;5150;5150;5150;2411
2026-08-19;19/08/2026;5150;5150;5150;5150;10419
2026-08-20;20/08/2026;5150;5250;5150;5250;9671
2026-08-21;21/08/2026;5200;5280;5200;5280;20169
2026-08-24;24/08/2026;5285;5345;5285;5345;4272
2026-08-25;25/08/2026;5285;5345;5285;5345;4272
2026-08-26;26/08/2026;5345;5355;5345;5355;3103
2026-08-27;27/08/2026;5355;5645;5355;5645;8584
2026-08-28;28/08/2026;5630;5630;5500;5500;5401
