date_iso;date_fr;open;high;low;close;volume
2014-07-11;11/07/2014;47;47;47;47;57868
2014-07-14;14/07/2014;48;48;48;48;244880
2014-07-15;15/07/2014;48;48;48;48;109500
2014-07-16;16/07/2014;48;48;48;48;162211
2014-07-17;17/07/2014;49;49;49;49;21084
2014-07-18;18/07/2014;48;48;48;48;62458
2014-07-21;21/07/2014;48;48;48;48;170615
2014-07-22;22/07/2014;48;48;48;48;127910
2014-07-23;23/07/2014;49;49;49;49;159421
2014-07-25;25/07/2014;48;48;48;48;264416
2014-07-29;29/07/2014;48;48;48;48;12762
2014-07-30;30/07/2014;48;48;48;48;59598
2014-07-31;31/07/2014;48;48;48;48;245006
2014-08-01;01/08/2014;48;48;48;48;149485
2014-08-04;04/08/2014;49;49;49;49;10046586
2014-08-05;05/08/2014;48;48;48;48;44763
2014-08-06;06/08/2014;49;49;49;49;199432
2014-08-07;07/08/2014;49;49;49;49;199432
2014-08-08;08/08/2014;49;49;49;49;2876749
2014-08-11;11/08/2014;50;50;50;50;7293820
2014-08-12;12/08/2014;51;51;51;51;141648
2014-08-13;13/08/2014;50;50;50;50;126383
2014-08-14;14/08/2014;49;49;49;49;230985
2014-08-18;18/08/2014;49;49;49;49;356232
2014-08-19;19/08/2014;49;49;49;49;266037
2014-08-20;20/08/2014;49;49;49;49;58832
2014-08-21;21/08/2014;50;50;50;50;15843
2014-08-22;22/08/2014;50;50;50;50;11388
2014-08-25;25/08/2014;50;50;50;50;1060
2014-08-26;26/08/2014;50;50;50;50;65748
2014-08-27;27/08/2014;49;49;49;49;453831
2014-08-28;28/08/2014;50;50;50;50;5256
2014-08-29;29/08/2014;50;50;50;50;425312
2014-09-01;01/09/2014;50;50;50;50;3640
2014-09-02;02/09/2014;50;50;50;50;266586
2014-09-03;03/09/2014;50;50;50;50;141818
2014-09-04;04/09/2014;51;51;51;51;108297
2014-09-05;05/09/2014;51;51;51;51;84031
2014-09-08;08/09/2014;53;53;53;53;79392
2014-09-09;09/09/2014;53;53;53;53;14044
2014-09-10;10/09/2014;52;52;52;52;36995
2014-09-11;11/09/2014;53;53;53;53;147405
2014-09-12;12/09/2014;52;52;52;52;735077
2014-09-15;15/09/2014;55;55;55;55;27838
2014-09-16;16/09/2014;59;59;59;59;124383
2014-09-17;17/09/2014;61;61;61;61;2173297
2014-09-18;18/09/2014;63;63;63;63;499567
2014-09-19;19/09/2014;64;64;64;64;674668
2014-09-22;22/09/2014;64;64;64;64;3086205
2014-09-23;23/09/2014;63;63;63;63;724250
2014-09-24;24/09/2014;63;63;63;63;1321191
2014-09-25;25/09/2014;63;63;63;63;2247093
2014-09-26;26/09/2014;63;63;63;63;234532
2014-09-29;29/09/2014;62;62;62;62;110309
2014-09-30;30/09/2014;62;62;62;62;422069
2014-10-01;01/10/2014;63;63;63;63;156675
2014-10-02;02/10/2014;62;62;62;62;578446
2014-10-03;03/10/2014;60;60;60;60;403391
2014-10-06;06/10/2014;62;62;62;62;6300
2014-10-07;07/10/2014;61;61;61;61;59581
2014-10-08;08/10/2014;60;60;60;60;13061
2014-10-09;09/10/2014;60;60;60;60;214896
2014-10-10;10/10/2014;59;59;59;59;674730
2014-10-13;13/10/2014;57;57;57;57;14301
2014-10-14;14/10/2014;60;60;60;60;16429
2014-10-15;15/10/2014;57;57;57;57;72000
2014-10-16;16/10/2014;57;57;57;57;5814
2014-10-17;17/10/2014;56;56;56;56;295062
2014-10-20;20/10/2014;53;53;53;53;81147
2014-10-21;21/10/2014;52;52;52;52;224611
2014-10-22;22/10/2014;52;52;52;52;36943
2014-10-23;23/10/2014;53;53;53;53;478354
2014-10-24;24/10/2014;52;52;52;52;232591
2014-10-27;27/10/2014;53;53;53;53;785070
2014-10-28;28/10/2014;52;52;52;52;27320
2014-10-29;29/10/2014;53;53;53;53;455282
2014-10-30;30/10/2014;53;53;53;53;549855
2014-10-31;31/10/2014;54;54;54;54;32000
2014-11-03;03/11/2014;54;54;54;54;79124
2014-11-04;04/11/2014;54;54;54;54;442595
2014-11-05;05/11/2014;54;54;54;54;58484
2014-11-06;06/11/2014;55;55;55;55;936527
2014-11-07;07/11/2014;54;54;54;54;24160
2014-11-10;10/11/2014;54;54;54;54;15862
2014-11-11;11/11/2014;52;52;52;52;160736
2014-11-12;12/11/2014;53;53;53;53;304635
2014-11-13;13/11/2014;53;53;53;53;304635
2014-11-14;14/11/2014;53;53;53;53;34641
2014-11-17;17/11/2014;53;53;53;53;2540
2014-11-18;18/11/2014;52;52;52;52;59220
2014-11-19;19/11/2014;53;53;53;53;87673
2014-11-20;20/11/2014;52;52;52;52;44958
2014-11-21;21/11/2014;52;52;52;52;64960
2014-11-24;24/11/2014;51;51;51;51;55863
2014-11-25;25/11/2014;53;53;53;53;450305
2014-11-26;26/11/2014;51;51;51;51;46526
2014-11-27;27/11/2014;52;52;52;52;8552
2014-11-28;28/11/2014;52;52;52;52;189000
2014-12-01;01/12/2014;52;52;52;52;336531
2014-12-02;02/12/2014;51;51;51;51;611286
2014-12-03;03/12/2014;51;51;51;51;73538
2014-12-04;04/12/2014;49;49;49;49;1052908
2014-12-08;08/12/2014;48;48;48;48;138530
2014-12-09;09/12/2014;50;50;50;50;580204
2014-12-10;10/12/2014;49;49;49;49;1593966
2014-12-11;11/12/2014;49;49;49;49;1409135
2014-12-12;12/12/2014;50;50;50;50;355482
2014-12-15;15/12/2014;50;50;50;50;65590
2014-12-16;16/12/2014;50;50;50;50;44756
2014-12-17;17/12/2014;50;50;50;50;416592
2014-12-18;18/12/2014;49;49;49;49;201217
2014-12-19;19/12/2014;49;49;49;49;39150
2014-12-22;22/12/2014;48;48;48;48;566300
2014-12-23;23/12/2014;48;48;48;48;323213
2014-12-24;24/12/2014;48;48;48;48;978568
2014-12-25;25/12/2014;48;48;48;48;978568
2014-12-26;26/12/2014;48;48;48;48;110090
2014-12-29;29/12/2014;47;47;47;47;184271
2014-12-30;30/12/2014;50;50;50;50;555475
2014-12-31;31/12/2014;50;50;50;50;57898
2015-01-02;02/01/2015;50;50;50;50;11400
2015-01-05;05/01/2015;49;49;49;49;120594
2015-01-06;06/01/2015;49;49;49;49;13950
2015-01-07;07/01/2015;48;48;48;48;48114
2015-01-08;08/01/2015;48;48;48;48;51725
2015-01-09;09/01/2015;49;49;49;49;774747
2015-01-12;12/01/2015;49;49;49;49;33200
2015-01-13;13/01/2015;49;49;49;49;28050
2015-01-14;14/01/2015;50;50;50;50;257560
2015-01-15;15/01/2015;49;49;49;49;14348
2015-01-16;16/01/2015;48;48;48;48;58410
2015-01-19;19/01/2015;48;48;48;48;29800
2015-01-20;20/01/2015;48;48;48;48;200371
2015-01-21;21/01/2015;48;48;48;48;8702
2015-01-22;22/01/2015;48;48;48;48;34676
2015-01-23;23/01/2015;48;48;48;48;212151
2015-01-26;26/01/2015;49;49;49;49;38121
2015-01-27;27/01/2015;48;48;48;48;26800
2015-01-28;28/01/2015;49;49;49;49;35100
2015-01-29;29/01/2015;49;49;49;49;19350
2015-01-30;30/01/2015;49;49;49;49;4307
2015-02-02;02/02/2015;49;49;49;49;146045
2015-02-03;03/02/2015;48;48;48;48;417884
2015-02-04;04/02/2015;49;49;49;49;220985
2015-02-05;05/02/2015;47;47;47;47;1351053
2015-02-06;06/02/2015;47;47;47;47;278379
2015-02-09;09/02/2015;47;47;47;47;278379
2015-02-10;10/02/2015;47;47;47;47;66900
2015-02-11;11/02/2015;48;48;48;48;17357
2015-02-12;12/02/2015;48;48;48;48;17357
2015-02-13;13/02/2015;48;48;48;48;13372
2015-02-16;16/02/2015;47;47;47;47;19131
2015-02-17;17/02/2015;47;47;47;47;8000
2015-02-18;18/02/2015;46;46;46;46;199913
2015-02-19;19/02/2015;47;47;47;47;273129
2015-02-20;20/02/2015;47;47;47;47;10991
2015-02-23;23/02/2015;47;47;47;47;357665
2015-02-24;24/02/2015;47;47;47;47;20999
2015-02-25;25/02/2015;47;47;47;47;475031
2015-02-26;26/02/2015;45;45;45;45;169384
2015-02-27;27/02/2015;47;47;47;47;1046159
2015-03-02;02/03/2015;47;47;47;47;58653
2015-03-03;03/03/2015;47;47;47;47;335718
2015-03-04;04/03/2015;45;45;45;45;533500
2015-03-05;05/03/2015;45;45;45;45;29321
2015-03-06;06/03/2015;46;46;46;46;19041
2015-03-09;09/03/2015;45;45;45;45;28545
2015-03-10;10/03/2015;47;47;47;47;864473
2015-03-11;11/03/2015;47;47;47;47;1142179
2015-03-12;12/03/2015;46;46;46;46;21836
2015-03-13;13/03/2015;46;46;46;46;485492
2015-03-16;16/03/2015;46;46;46;46;71789
2015-03-17;17/03/2015;45;45;45;45;266412
2015-03-18;18/03/2015;45;45;45;45;133860
2015-03-19;19/03/2015;46;46;46;46;212623
2015-03-20;20/03/2015;46;46;46;46;866923
2015-03-23;23/03/2015;46;46;46;46;2408393
2015-03-24;24/03/2015;46;46;46;46;886219
2015-03-25;25/03/2015;47;47;47;47;1585398
2015-03-26;26/03/2015;47;47;47;47;21451
2015-03-27;27/03/2015;47;47;47;47;49020
2015-03-30;30/03/2015;47;47;47;47;287319
2015-03-31;31/03/2015;48;48;48;48;34280
2015-04-01;01/04/2015;49;49;49;49;51191
2015-04-02;02/04/2015;50;50;50;50;3032961
2015-04-03;03/04/2015;50;50;50;50;68850
2015-04-06;06/04/2015;50;50;50;50;68850
2015-04-07;07/04/2015;50;50;50;50;194141
2015-04-08;08/04/2015;50;50;50;50;344100
2015-04-09;09/04/2015;50;50;50;50;93717
2015-04-10;10/04/2015;49;49;49;49;2008130
2015-04-13;13/04/2015;50;50;50;50;195162
2015-04-14;14/04/2015;50;50;50;50;14200
2015-04-15;15/04/2015;50;50;50;50;2967
2015-04-16;16/04/2015;53;53;53;53;338568
2015-04-17;17/04/2015;53;53;53;53;523560
2015-04-20;20/04/2015;53;53;53;53;100678
2015-04-22;22/04/2015;57;57;57;57;436019
2015-04-23;23/04/2015;57;57;57;57;415623
2015-04-24;24/04/2015;57;57;57;57;631523
2015-04-27;27/04/2015;55;55;55;55;169020
2015-04-28;28/04/2015;56;56;56;56;532989
2015-04-30;30/04/2015;55;55;55;55;138661
2015-05-05;05/05/2015;58;58;58;58;2007052
2015-05-06;06/05/2015;57;57;57;57;53786
2015-05-07;07/05/2015;56;56;56;56;50770
2015-05-08;08/05/2015;56;56;56;56;56835
2015-05-13;13/05/2015;57;57;57;57;121400
2015-05-14;14/05/2015;57;57;57;57;121400
2015-05-18;18/05/2015;57;57;57;57;48036
2015-05-19;19/05/2015;56;56;56;56;349292
2015-05-20;20/05/2015;57;57;57;57;651076
2015-05-21;21/05/2015;56;56;56;56;269080
2015-05-22;22/05/2015;57;57;57;57;64234
2015-05-25;25/05/2015;57;57;57;57;64234
2015-05-26;26/05/2015;56;56;56;56;1063321
2015-05-27;27/05/2015;56;56;56;56;96122
2015-05-28;28/05/2015;56;56;56;56;164090
2015-05-29;29/05/2015;56;56;56;56;14950
2015-06-01;01/06/2015;56;56;56;56;276295
2015-06-02;02/06/2015;56;56;56;56;1538170
2015-06-03;03/06/2015;55;55;55;55;26097
2015-06-04;04/06/2015;56;56;56;56;156238
2015-06-05;05/06/2015;55;55;55;55;1121446
2015-06-08;08/06/2015;53;53;53;53;307525
2015-06-09;09/06/2015;56;56;56;56;780218
2015-06-10;10/06/2015;53;53;53;53;35446
2015-06-11;11/06/2015;54;54;54;54;15212
2015-06-12;12/06/2015;54;54;54;54;290821
2015-06-15;15/06/2015;53;53;53;53;193984
2015-06-16;16/06/2015;53;53;53;53;170384
2015-06-17;17/06/2015;55;55;55;55;3582002
2015-06-18;18/06/2015;54;54;54;54;3278122
2015-06-19;19/06/2015;54;54;54;54;680355
2015-06-22;22/06/2015;54;54;54;54;18593
2015-06-23;23/06/2015;54;54;54;54;810984
2015-06-24;24/06/2015;54;54;54;54;2117077
2015-06-25;25/06/2015;54;54;54;54;18435
2015-06-26;26/06/2015;53;53;53;53;54445
2015-06-29;29/06/2015;54;54;54;54;262340
2015-06-30;30/06/2015;55;55;55;55;1973340
2015-07-01;01/07/2015;54;54;54;54;562320
2015-07-02;02/07/2015;54;54;54;54;551323
2015-07-03;03/07/2015;54;54;54;54;129317
2015-07-06;06/07/2015;53;53;53;53;1030067
2015-07-07;07/07/2015;54;54;54;54;2588869
2015-07-08;08/07/2015;56;56;56;56;38511
2015-07-09;09/07/2015;59;59;59;59;2427991
2015-07-10;10/07/2015;60;60;60;60;6316100
2015-07-13;13/07/2015;61;61;61;61;173404
2015-07-14;14/07/2015;61;61;61;61;173404
2015-07-15;15/07/2015;64;64;64;64;2056856
2015-07-17;17/07/2015;65;65;65;65;495927
2015-07-20;20/07/2015;64;64;64;64;2134194
2015-07-21;21/07/2015;65;65;65;65;97843
2015-07-22;22/07/2015;64;64;64;64;736341
2015-07-23;23/07/2015;63;63;63;63;171380
2015-07-29;29/07/2015;55;55;55;55;147187
2015-07-30;30/07/2015;55;55;55;55;600536
2015-07-31;31/07/2015;55;55;55;55;297028
2015-08-03;03/08/2015;56;56;56;56;386512
2015-08-04;04/08/2015;56;56;56;56;62659
2015-08-05;05/08/2015;60;60;60;60;1027855
2015-08-06;06/08/2015;56;56;56;56;6180
2015-08-07;07/08/2015;56;56;56;56;6180
2015-08-10;10/08/2015;58;58;58;58;122400
2015-08-11;11/08/2015;58;58;58;58;187660
2015-08-12;12/08/2015;58;58;58;58;538247
2015-08-13;13/08/2015;59;59;59;59;114907
2015-08-14;14/08/2015;60;60;60;60;111806
2015-08-17;17/08/2015;59;59;59;59;319135
2015-08-18;18/08/2015;58;58;58;58;480399
2015-08-19;19/08/2015;59;59;59;59;152869
2015-08-20;20/08/2015;58;58;58;58;394698
2015-08-21;21/08/2015;58;58;58;58;614726
2015-08-24;24/08/2015;56;56;56;56;226716
2015-08-25;25/08/2015;58;58;58;58;41381
2015-08-26;26/08/2015;56;56;56;56;15103
2015-08-27;27/08/2015;56;56;56;56;197996
2015-08-28;28/08/2015;58;58;58;58;11120
2015-08-31;31/08/2015;58;58;58;58;10591
2015-09-01;01/09/2015;57;57;57;57;27178
2015-09-02;02/09/2015;57;57;57;57;20666
2015-09-03;03/09/2015;56;56;56;56;91877
2015-09-04;04/09/2015;56;56;56;56;38278
2015-09-07;07/09/2015;57;57;57;57;36593
2015-09-08;08/09/2015;56;56;56;56;178375
2015-09-09;09/09/2015;56;56;56;56;65099
2015-09-10;10/09/2015;55;55;55;55;18642
2015-09-11;11/09/2015;54;54;54;54;124205
2015-09-14;14/09/2015;55;55;55;55;28606
2015-09-15;15/09/2015;54;54;54;54;988149
2015-09-16;16/09/2015;55;55;55;55;92845
2015-09-17;17/09/2015;54;54;54;54;56128
2015-09-18;18/09/2015;55;55;55;55;175994
2015-09-21;21/09/2015;54;54;54;54;32280
2015-09-22;22/09/2015;55;55;55;55;191591
2015-09-23;23/09/2015;55;55;55;55;45840
2015-09-24;24/09/2015;55;55;55;55;45840
2015-09-25;25/09/2015;55;55;55;55;55932
2015-09-28;28/09/2015;54;54;54;54;110250
2015-09-29;29/09/2015;54;54;54;54;518505
2015-09-30;30/09/2015;54;54;54;54;111344
2015-10-01;01/10/2015;54;54;54;54;644052
2015-10-02;02/10/2015;54;54;54;54;910187
2015-10-05;05/10/2015;54;54;54;54;731940
2015-10-06;06/10/2015;54;54;54;54;250208
2015-10-07;07/10/2015;54;54;54;54;2946
2015-10-08;08/10/2015;54;54;54;54;3975
2015-10-13;13/10/2015;55;55;55;55;45342
2015-10-14;14/10/2015;55;55;55;55;12600
2015-10-15;15/10/2015;55;55;55;55;2231
2015-10-16;16/10/2015;54;54;54;54;69084
2015-10-19;19/10/2015;54;54;54;54;522945
2015-10-20;20/10/2015;54;54;54;54;93284
2015-10-21;21/10/2015;54;54;54;54;65346
2015-10-22;22/10/2015;55;55;55;55;5005
2015-10-23;23/10/2015;54;54;54;54;102908
2015-10-26;26/10/2015;55;55;55;55;49787
2015-10-27;27/10/2015;54;54;54;54;36098
2015-10-28;28/10/2015;52;52;52;52;58860
2015-11-02;02/11/2015;53;53;53;53;31000
2015-11-03;03/11/2015;52;52;52;52;14932
2015-11-04;04/11/2015;52;52;52;52;269328
2015-11-05;05/11/2015;52;52;52;52;68157
2015-11-06;06/11/2015;51;51;51;51;29025
2015-11-09;09/11/2015;52;52;52;52;126064
2015-11-10;10/11/2015;51;51;51;51;22834
2015-11-11;11/11/2015;52;52;52;52;59225
2015-11-12;12/11/2015;51;51;51;51;43260
2015-11-13;13/11/2015;51;51;51;51;413521
2015-11-16;16/11/2015;51;51;51;51;178336
2015-11-17;17/11/2015;51;51;51;51;397633
2015-11-18;18/11/2015;51;51;51;51;436196
2015-11-19;19/11/2015;50;50;50;50;45781
2015-11-20;20/11/2015;50;50;50;50;1301494
2015-11-23;23/11/2015;49;49;49;49;264587
2015-11-24;24/11/2015;50;50;50;50;9459
2015-11-25;25/11/2015;50;50;50;50;70842
2015-11-26;26/11/2015;50;50;50;50;777738
2015-11-27;27/11/2015;49;49;49;49;13648
2015-11-30;30/11/2015;50;50;50;50;5100
2015-12-01;01/12/2015;49;49;49;49;36666
2015-12-02;02/12/2015;49;49;49;49;18616
2015-12-03;03/12/2015;49;49;49;49;774989
2015-12-04;04/12/2015;49;49;49;49;24706
2015-12-07;07/12/2015;49;49;49;49;15460
2015-12-08;08/12/2015;49;49;49;49;6259
2015-12-09;09/12/2015;48;48;48;48;9609
2015-12-10;10/12/2015;47;47;47;47;250472
2015-12-11;11/12/2015;47;47;47;47;34146
2015-12-14;14/12/2015;47;47;47;47;1271942
2015-12-16;16/12/2015;47;47;47;47;82708
2015-12-17;17/12/2015;47;47;47;47;53007
2015-12-18;18/12/2015;46;46;46;46;711704
2015-12-21;21/12/2015;46;46;46;46;421570
2015-12-22;22/12/2015;47;47;47;47;808150
2015-12-23;23/12/2015;46;46;46;46;1151154
2015-12-24;24/12/2015;46;46;46;46;1151154
2015-12-25;25/12/2015;46;46;46;46;1151154
2015-12-28;28/12/2015;47;47;47;47;23826
2015-12-29;29/12/2015;47;47;47;47;33171
2015-12-30;30/12/2015;47;47;47;47;13072
2015-12-31;31/12/2015;48;48;48;48;13863
2016-01-04;04/01/2016;47;47;47;47;109302
2016-01-05;05/01/2016;47;47;47;47;32764
2016-01-06;06/01/2016;47;47;47;47;15510
2016-01-07;07/01/2016;47;47;47;47;124727
2016-01-08;08/01/2016;47;47;47;47;28320
2016-01-11;11/01/2016;47;47;47;47;451569
2016-01-12;12/01/2016;49;49;49;49;122029
2016-01-14;14/01/2016;50;50;50;50;17307
2016-01-15;15/01/2016;49;49;49;49;142886
2016-01-18;18/01/2016;49;49;49;49;31019
2016-01-20;20/01/2016;49;49;49;49;466072
2016-01-21;21/01/2016;48;48;48;48;158960
2016-01-22;22/01/2016;49;49;49;49;60919
2016-01-25;25/01/2016;46;46;46;46;934031
2016-01-26;26/01/2016;47;47;47;47;61181
2016-01-27;27/01/2016;46;46;46;46;924668
2016-01-28;28/01/2016;46;46;46;46;161628
2016-01-29;29/01/2016;46;46;46;46;355057
2016-02-01;01/02/2016;46;46;46;46;199074
2016-02-02;02/02/2016;46;46;46;46;247900
2016-02-03;03/02/2016;46;46;46;46;129210
2016-02-04;04/02/2016;46;46;46;46;424928
2016-02-05;05/02/2016;45;45;45;45;118375
2016-02-08;08/02/2016;44;44;44;44;342243
2016-02-09;09/02/2016;44;44;44;44;2171711
2016-02-10;10/02/2016;44;44;44;44;59607
2016-02-11;11/02/2016;44;44;44;44;239092
2016-02-12;12/02/2016;44;44;44;44;27667
2016-02-15;15/02/2016;42;42;42;42;164692
2016-02-16;16/02/2016;41;41;41;41;163169
2016-02-17;17/02/2016;40;40;40;40;175238
2016-02-18;18/02/2016;40;40;40;40;2524987
2016-02-19;19/02/2016;40;40;40;40;873474
2016-02-22;22/02/2016;41;41;41;41;346943
2016-02-23;23/02/2016;41;41;41;41;12547340
2016-02-24;24/02/2016;43;43;43;43;83200
2016-02-25;25/02/2016;42;42;42;42;12359670
2016-02-26;26/02/2016;42;42;42;42;3059922
2016-02-29;29/02/2016;42;42;42;42;73003
2016-03-01;01/03/2016;42;42;42;42;127746
2016-03-02;02/03/2016;41;41;41;41;305900
2016-03-03;03/03/2016;41;41;41;41;157960
2016-03-04;04/03/2016;41;41;41;41;506262
2016-03-07;07/03/2016;42;42;42;42;67854
2016-03-08;08/03/2016;41;41;41;41;90229
2016-03-09;09/03/2016;44;44;44;44;49208
2016-03-10;10/03/2016;41;41;41;41;395200
2016-03-11;11/03/2016;41;41;41;41;472000
2016-03-14;14/03/2016;42;42;42;42;352920
2016-03-15;15/03/2016;41;41;41;41;745491
2016-03-16;16/03/2016;38;38;38;38;179752
2016-03-17;17/03/2016;36;36;36;36;42719
2016-03-18;18/03/2016;34;34;34;34;104331
2016-03-21;21/03/2016;34;34;34;34;94761
2016-03-22;22/03/2016;32;32;32;32;354289
2016-03-23;23/03/2016;33;33;33;33;118749
2016-03-24;24/03/2016;32;32;32;32;433666
2016-03-25;25/03/2016;33;33;33;33;285317
2016-03-28;28/03/2016;33;33;33;33;285317
2016-03-29;29/03/2016;35;35;35;35;101226
2016-03-30;30/03/2016;37;37;37;37;37802
2016-03-31;31/03/2016;38;38;38;38;1541605
2016-04-01;01/04/2016;39;39;39;39;341890
2016-04-04;04/04/2016;39;39;39;39;115065
2016-04-05;05/04/2016;38;38;38;38;162186
2016-04-06;06/04/2016;38;38;38;38;424763
2016-04-07;07/04/2016;38;38;38;38;114962
2016-04-08;08/04/2016;38;38;38;38;71020
2016-04-11;11/04/2016;37;37;37;37;219642
2016-04-12;12/04/2016;37;37;37;37;2951258
2016-04-13;13/04/2016;38;38;38;38;57781
2016-04-14;14/04/2016;36;36;36;36;409034
2016-04-15;15/04/2016;36;36;36;36;1044242
2016-04-18;18/04/2016;36;36;36;36;1270117
2016-04-19;19/04/2016;36;36;36;36;228760
2016-04-20;20/04/2016;36;36;36;36;83184
2016-04-21;21/04/2016;37;37;37;37;22060
2016-04-22;22/04/2016;37;37;37;37;43704
2016-04-26;26/04/2016;38;38;38;38;12064971
2016-04-27;27/04/2016;36;36;36;36;105414
2016-04-28;28/04/2016;37;37;37;37;68838
2016-04-29;29/04/2016;37;37;37;37;382499
2016-05-02;02/05/2016;37;37;37;37;382499
2016-05-03;03/05/2016;37;37;37;37;55476
2016-05-04;04/05/2016;36;36;36;36;488940
2016-05-05;05/05/2016;36;36;36;36;488940
2016-05-06;06/05/2016;37;37;37;37;161474
2016-05-09;09/05/2016;37;37;37;37;22331
2016-05-10;10/05/2016;38;38;38;38;18732
2016-05-11;11/05/2016;37;37;37;37;573374
2016-05-16;16/05/2016;37;37;37;37;8661815
2016-05-17;17/05/2016;37;37;37;37;23798
2016-05-18;18/05/2016;39;39;39;39;89188
2016-05-19;19/05/2016;39;39;39;39;15700
2016-05-20;20/05/2016;39;39;39;39;68497
2016-05-23;23/05/2016;37;37;37;37;33597
2016-05-24;24/05/2016;37;37;37;37;366089
2016-05-25;25/05/2016;38;38;38;38;8776770
2016-05-26;26/05/2016;38;38;38;38;49230
2016-05-27;27/05/2016;38;38;38;38;8137
2016-05-30;30/05/2016;39;39;39;39;34369
2016-05-31;31/05/2016;37;37;37;37;18662857
2016-06-01;01/06/2016;38;38;38;38;36517
2016-06-02;02/06/2016;37;37;37;37;126788
2016-06-03;03/06/2016;37;37;37;37;2653310
2016-06-06;06/06/2016;37;37;37;37;35209
2016-06-07;07/06/2016;37;37;37;37;53871
2016-06-08;08/06/2016;37;37;37;37;1396519
2016-06-09;09/06/2016;37;37;37;37;844166
2016-06-10;10/06/2016;37;37;37;37;99085
2016-06-13;13/06/2016;36;36;36;36;50590
2016-06-14;14/06/2016;36;36;36;36;1097863
2016-06-15;15/06/2016;35;35;35;35;1974472
2016-06-16;16/06/2016;35;35;35;35;220074
2016-06-17;17/06/2016;33;33;33;33;383027
2016-06-21;21/06/2016;35;35;35;35;337426
2016-06-22;22/06/2016;33;33;33;33;4940330
2016-06-23;23/06/2016;33;33;33;33;814916
2016-06-24;24/06/2016;33;33;33;33;378010
2016-06-27;27/06/2016;33;33;33;33;200653
2016-06-28;28/06/2016;33;33;33;33;144923
2016-06-29;29/06/2016;32;32;32;32;259403
2016-06-30;30/06/2016;32;32;32;32;103993
2016-07-01;01/07/2016;30;30;30;30;513662
2016-07-04;04/07/2016;30;30;30;30;243905
2016-07-05;05/07/2016;30;30;30;30;171371
2016-07-06;06/07/2016;30;30;30;30;171371
2016-07-07;07/07/2016;31;31;31;31;663377
2016-07-08;08/07/2016;32;32;32;32;107904
2016-07-13;13/07/2016;33;33;33;33;351007
2016-07-14;14/07/2016;33;33;33;33;165771
2016-07-15;15/07/2016;33;33;33;33;18214
2016-07-18;18/07/2016;32;32;32;32;27318
2016-07-19;19/07/2016;32;32;32;32;91800
2016-07-20;20/07/2016;31;31;31;31;666282
2016-07-21;21/07/2016;30;30;30;30;100868
2016-07-22;22/07/2016;30;30;30;30;89313
2016-07-25;25/07/2016;30;30;30;30;60000
2016-07-26;26/07/2016;29;29;29;29;386609
2016-07-27;27/07/2016;28;28;28;28;380694
2016-07-28;28/07/2016;28;28;28;28;61807
2016-07-29;29/07/2016;28;28;28;28;389006
2016-08-01;01/08/2016;28;28;28;28;48310
2016-08-02;02/08/2016;28;28;28;28;593566
2016-08-03;03/08/2016;28;28;28;28;287720
2016-08-04;04/08/2016;28;28;28;28;107050
2016-08-05;05/08/2016;27;27;27;27;140312
2016-08-08;08/08/2016;27;27;27;27;140312
2016-08-09;09/08/2016;26;26;26;26;302999
2016-08-10;10/08/2016;25;25;25;25;639691
2016-08-11;11/08/2016;25;25;25;25;403773
2016-08-12;12/08/2016;24;24;24;24;820773
2016-08-15;15/08/2016;24;24;24;24;820773
2016-08-16;16/08/2016;23;23;23;23;301105
2016-08-17;17/08/2016;22;22;22;22;125673
2016-08-18;18/08/2016;21;21;21;21;803912
2016-08-19;19/08/2016;21;21;21;21;1558655
2016-08-22;22/08/2016;22;22;22;22;83344
2016-08-23;23/08/2016;23;23;23;23;9044788
2016-09-01;01/09/2016;29;29;29;29;586008
2016-09-02;02/09/2016;29;29;29;29;382943
2016-09-05;05/09/2016;30;30;30;30;1377519
2016-09-06;06/09/2016;32;32;32;32;511787
2016-09-07;07/09/2016;34;34;34;34;102655
2016-09-08;08/09/2016;33;33;33;33;101778
2016-09-09;09/09/2016;32;32;32;32;362098
2016-09-12;12/09/2016;32;32;32;32;362098
2016-09-13;13/09/2016;30;30;30;30;122735
2016-09-14;14/09/2016;29;29;29;29;104123
2016-09-15;15/09/2016;30;30;30;30;36102
2016-09-16;16/09/2016;28;28;28;28;154170
2016-09-19;19/09/2016;28;28;28;28;166500
2016-09-20;20/09/2016;28;28;28;28;110967
2016-09-21;21/09/2016;28;28;28;28;103448
2016-09-23;23/09/2016;30;30;30;30;1061250
2016-09-26;26/09/2016;28;28;28;28;98423
2016-09-27;27/09/2016;29;29;29;29;146319
2016-09-28;28/09/2016;28;28;28;28;57049
2016-09-29;29/09/2016;27;27;27;27;507222
2016-09-30;30/09/2016;29;29;29;29;82188
2016-10-03;03/10/2016;28;28;28;28;80861
2016-10-04;04/10/2016;29;29;29;29;8849
2016-10-05;05/10/2016;27;27;27;27;293207
2016-10-06;06/10/2016;27;27;27;27;19140
2016-10-07;07/10/2016;27;27;27;27;77900
2016-10-10;10/10/2016;28;28;28;28;8337
2016-10-11;11/10/2016;27;27;27;27;54271
2016-10-12;12/10/2016;27;27;27;27;157048
2016-10-13;13/10/2016;26;26;26;26;17052
2016-10-14;14/10/2016;27;27;27;27;95891
2016-10-17;17/10/2016;26;26;26;26;28209
2016-10-18;18/10/2016;27;27;27;27;5500
2016-10-19;19/10/2016;25;25;25;25;206777
2016-10-20;20/10/2016;25;25;25;25;38090
2016-10-21;21/10/2016;26;26;26;26;74687
2016-10-24;24/10/2016;26;26;26;26;26109
2016-10-25;25/10/2016;26;26;26;26;9168
2016-10-26;26/10/2016;25;25;25;25;144559
2016-10-27;27/10/2016;26;26;26;26;24859
2016-10-28;28/10/2016;26;26;26;26;147665
2016-10-31;31/10/2016;27;27;27;27;404054
2016-11-01;01/11/2016;27;27;27;27;404054
2016-11-02;02/11/2016;29;29;29;29;728636
2016-11-03;03/11/2016;29;29;29;29;38715
2016-11-04;04/11/2016;28;28;28;28;42350
2016-11-07;07/11/2016;26;26;26;26;40855
2016-11-08;08/11/2016;27;27;27;27;113462
2016-11-09;09/11/2016;29;29;29;29;339014
2016-11-10;10/11/2016;27;27;27;27;71769
2016-11-11;11/11/2016;28;28;28;28;1844
2016-11-14;14/11/2016;28;28;28;28;4445
2016-11-15;15/11/2016;28;28;28;28;4445
2016-11-16;16/11/2016;27;27;27;27;559215
2016-11-17;17/11/2016;26;26;26;26;4293
2016-11-18;18/11/2016;25;25;25;25;141767
2016-11-21;21/11/2016;24;24;24;24;125197
2016-11-22;22/11/2016;25;25;25;25;508260
2016-11-23;23/11/2016;26;26;26;26;15603
2016-11-25;25/11/2016;26;26;26;26;143760
2016-11-29;29/11/2016;26;26;26;26;363039
2016-11-30;30/11/2016;27;27;27;27;1137641
2016-12-01;01/12/2016;26;26;26;26;6800
2016-12-02;02/12/2016;26;26;26;26;68046
2016-12-05;05/12/2016;25;25;25;25;273783
2016-12-06;06/12/2016;26;26;26;26;49975
2016-12-07;07/12/2016;27;27;27;27;901765
2016-12-08;08/12/2016;25;25;25;25;163249
2016-12-09;09/12/2016;26;26;26;26;167486
2016-12-12;12/12/2016;26;26;26;26;167486
2016-12-13;13/12/2016;25;25;25;25;452220
2016-12-14;14/12/2016;26;26;26;26;6400
2016-12-15;15/12/2016;25;25;25;25;120413
2016-12-16;16/12/2016;25;25;25;25;1041750
2016-12-19;19/12/2016;25;25;25;25;301082
2016-12-20;20/12/2016;25;25;25;25;543748
2016-12-21;21/12/2016;25;25;25;25;1231650
2016-12-22;22/12/2016;24;24;24;24;19850
2016-12-23;23/12/2016;24;24;24;24;151470
2016-12-26;26/12/2016;24;24;24;24;151470
2016-12-27;27/12/2016;24;24;24;24;50230
2016-12-28;28/12/2016;25;25;25;25;962850
2016-12-29;29/12/2016;24;24;24;24;99624
2016-12-30;30/12/2016;25;25;25;25;2285133
2017-01-02;02/01/2017;24;24;24;24;82702
2017-01-03;03/01/2017;24;24;24;24;79056
2017-01-04;04/01/2017;24;24;24;24;54700
2017-01-05;05/01/2017;24;24;24;24;340317
2017-01-06;06/01/2017;23;23;23;23;41824
2017-01-09;09/01/2017;24;24;24;24;40100
2017-01-10;10/01/2017;24;24;24;24;105011
2017-01-11;11/01/2017;24;24;24;24;305985
2017-01-12;12/01/2017;24;24;24;24;129540
2017-01-13;13/01/2017;24;24;24;24;74837
2017-01-20;20/01/2017;24;24;24;24;168066
2017-01-23;23/01/2017;24;24;24;24;240331
2017-01-24;24/01/2017;24;24;24;24;2179424
2017-01-25;25/01/2017;24;24;24;24;221537
2017-01-26;26/01/2017;24;24;24;24;6200
2017-01-27;27/01/2017;24;24;24;24;992887
2017-01-30;30/01/2017;24;24;24;24;98790
2017-01-31;31/01/2017;24;24;24;24;18327
2017-02-01;01/02/2017;23;23;23;23;9504
2017-02-02;02/02/2017;23;23;23;23;46938
2017-02-03;03/02/2017;24;24;24;24;7434
2017-02-06;06/02/2017;23;23;23;23;10415
2017-02-07;07/02/2017;24;24;24;24;24414
2017-02-08;08/02/2017;23;23;23;23;144923
2017-02-09;09/02/2017;23;23;23;23;3102682
2017-02-10;10/02/2017;24;24;24;24;129881
2017-02-13;13/02/2017;24;24;24;24;28000
2017-02-14;14/02/2017;24;24;24;24;217449
2017-02-15;15/02/2017;23;23;23;23;7925
2017-02-20;20/02/2017;22;22;22;22;427874
2017-02-21;21/02/2017;22;22;22;22;100464
2017-02-22;22/02/2017;22;22;22;22;97700
2017-02-23;23/02/2017;22;22;22;22;69705
2017-02-24;24/02/2017;22;22;22;22;150491
2017-02-27;27/02/2017;21;21;21;21;99190
2017-02-28;28/02/2017;22;22;22;22;75959
2017-03-01;01/03/2017;23;23;23;23;43711
2017-03-02;02/03/2017;22;22;22;22;41195
2017-03-03;03/03/2017;22;22;22;22;70480
2017-03-06;06/03/2017;22;22;22;22;122866
2017-03-07;07/03/2017;22;22;22;22;43220
2017-03-08;08/03/2017;22;22;22;22;513434
2017-03-09;09/03/2017;21;21;21;21;93444
2017-03-10;10/03/2017;22;22;22;22;38700
2017-03-13;13/03/2017;22;22;22;22;26760
2017-03-14;14/03/2017;22;22;22;22;163206
2017-03-15;15/03/2017;22;22;22;22;16644
2017-03-16;16/03/2017;22;22;22;22;116404
2017-03-17;17/03/2017;22;22;22;22;268475
2017-03-20;20/03/2017;21;21;21;21;65925
2017-03-21;21/03/2017;21;21;21;21;94196
2017-03-22;22/03/2017;21;21;21;21;544957
2017-03-23;23/03/2017;21;21;21;21;657928
2017-03-24;24/03/2017;20;20;20;20;132189
2017-03-27;27/03/2017;20;20;20;20;282018
2017-03-28;28/03/2017;21;21;21;21;154040
2017-03-29;29/03/2017;21;21;21;21;258877
2017-03-30;30/03/2017;20;20;20;20;220696
2017-03-31;31/03/2017;21;21;21;21;95883
2017-04-03;03/04/2017;21;21;21;21;56227
2017-04-04;04/04/2017;21;21;21;21;11580
2017-04-05;05/04/2017;20;20;20;20;27814
2017-04-06;06/04/2017;21;21;21;21;41807
2017-04-07;07/04/2017;20;20;20;20;67135
2017-04-10;10/04/2017;21;21;21;21;1425832
2017-04-11;11/04/2017;21;21;21;21;26045
2017-04-12;12/04/2017;20;20;20;20;62078
2017-04-13;13/04/2017;20;20;20;20;815720
2017-04-14;14/04/2017;20;20;20;20;20750
2017-04-18;18/04/2017;20;20;20;20;414450
2017-04-19;19/04/2017;19;19;19;19;4972624
2017-04-20;20/04/2017;18;18;18;18;109959
2017-04-21;21/04/2017;18;18;18;18;369910
2017-04-24;24/04/2017;19;19;19;19;36500
2017-04-25;25/04/2017;20;20;20;20;402383
2017-04-26;26/04/2017;20;20;20;20;17851
2017-04-27;27/04/2017;20;20;20;20;74492
2017-04-28;28/04/2017;19;19;19;19;352668
2017-05-01;01/05/2017;19;19;19;19;352668
2017-05-02;02/05/2017;18;18;18;18;145239
2017-05-03;03/05/2017;18;18;18;18;14430
2017-05-04;04/05/2017;18;18;18;18;17225023
2017-05-05;05/05/2017;19;19;19;19;201267
2017-05-08;08/05/2017;18;18;18;18;134330
2017-05-09;09/05/2017;18;18;18;18;244739
2017-05-10;10/05/2017;18;18;18;18;180875
2017-05-11;11/05/2017;18;18;18;18;976619
2017-05-12;12/05/2017;18;18;18;18;410051
2017-05-15;15/05/2017;17;17;17;17;601773
2017-05-16;16/05/2017;18;18;18;18;28067
2017-05-17;17/05/2017;18;18;18;18;419677
2017-05-18;18/05/2017;18;18;18;18;358913
2017-05-19;19/05/2017;18;18;18;18;98841
2017-05-22;22/05/2017;18;18;18;18;149258
2017-05-23;23/05/2017;17;17;17;17;1446756
2017-05-24;24/05/2017;18;18;18;18;56020
2017-05-25;25/05/2017;18;18;18;18;56020
2017-05-26;26/05/2017;18;18;18;18;1665087
2017-05-29;29/05/2017;18;18;18;18;57431
2017-05-30;30/05/2017;18;18;18;18;377314
2017-05-31;31/05/2017;19;19;19;19;651877
2017-06-01;01/06/2017;18;18;18;18;452213
2017-06-02;02/06/2017;18;18;18;18;9786
2017-06-05;05/06/2017;18;18;18;18;9786
2017-06-06;06/06/2017;17;17;17;17;1109029
2017-06-07;07/06/2017;18;18;18;18;1004989
2017-06-08;08/06/2017;18;18;18;18;21167742
2017-06-09;09/06/2017;17;17;17;17;11240960
2017-06-12;12/06/2017;18;18;18;18;15890
2017-06-13;13/06/2017;17;17;17;17;263145
2017-06-14;14/06/2017;18;18;18;18;1047042
2017-06-15;15/06/2017;17;17;17;17;221363
2017-06-16;16/06/2017;17;17;17;17;5749
2017-06-19;19/06/2017;17;17;17;17;331039
2017-06-20;20/06/2017;18;18;18;18;4138
2017-06-21;21/06/2017;18;18;18;18;1575717
2017-06-22;22/06/2017;18;18;18;18;1575717
2017-06-27;27/06/2017;18;18;18;18;1016948
2017-06-28;28/06/2017;18;18;18;18;130375
2017-06-29;29/06/2017;17;17;17;17;62620
2017-06-30;30/06/2017;18;18;18;18;381952
2017-07-03;03/07/2017;17;17;17;17;26023
2017-07-04;04/07/2017;17;17;17;17;3000
2017-07-05;05/07/2017;18;18;18;18;247264
2017-07-06;06/07/2017;18;18;18;18;12397
2017-07-07;07/07/2017;18;18;18;18;37560
2017-07-10;10/07/2017;17;17;17;17;16159
2017-07-11;11/07/2017;17;17;17;17;111848
2017-07-12;12/07/2017;17;17;17;17;26260
2017-07-13;13/07/2017;18;18;18;18;26385
2017-07-17;17/07/2017;17;17;17;17;1052
2017-07-18;18/07/2017;17;17;17;17;126512
2017-07-19;19/07/2017;18;18;18;18;5290
2017-07-20;20/07/2017;17;17;17;17;181317
2017-07-21;21/07/2017;18;18;18;18;107560
2017-07-24;24/07/2017;17;17;17;17;5431
2017-07-25;25/07/2017;18;18;18;18;216541
2017-07-26;26/07/2017;17;17;17;17;53466
2017-07-27;27/07/2017;17;17;17;17;19267
2017-07-28;28/07/2017;18;18;18;18;41419
2017-07-31;31/07/2017;18;18;18;18;1693037
2017-08-01;01/08/2017;18;18;18;18;14375
2017-08-02;02/08/2017;18;18;18;18;193193
2017-08-03;03/08/2017;18;18;18;18;54715781
2017-08-04;04/08/2017;18;18;18;18;688698
2017-08-07;07/08/2017;18;18;18;18;688698
2017-08-08;08/08/2017;19;19;19;19;318377
2017-08-09;09/08/2017;18;18;18;18;871179
2017-08-10;10/08/2017;19;19;19;19;652082
2017-08-11;11/08/2017;19;19;19;19;376346
2017-08-14;14/08/2017;20;20;20;20;1371250
2017-08-15;15/08/2017;20;20;20;20;1371250
2017-08-16;16/08/2017;21;21;21;21;177661
2017-08-17;17/08/2017;20;20;20;20;79521
2017-08-18;18/08/2017;21;21;21;21;139600
2017-08-21;21/08/2017;21;21;21;21;186746
2017-08-22;22/08/2017;22;22;22;22;63999
2017-08-23;23/08/2017;23;23;23;23;1331685
2017-08-24;24/08/2017;23;23;23;23;5430750
2017-08-25;25/08/2017;22;22;22;22;510476
2017-08-28;28/08/2017;21;21;21;21;25184
2017-08-29;29/08/2017;21;21;21;21;53344
2017-08-30;30/08/2017;20;20;20;20;642826
2017-08-31;31/08/2017;19;19;19;19;64230
2017-09-01;01/09/2017;19;19;19;19;64230
2017-09-04;04/09/2017;20;20;20;20;106874
2017-09-05;05/09/2017;20;20;20;20;30520
2017-09-06;06/09/2017;19;19;19;19;275374
2017-09-07;07/09/2017;19;19;19;19;12585
2017-09-08;08/09/2017;19;19;19;19;105783
2017-09-11;11/09/2017;20;20;20;20;101369
2017-09-12;12/09/2017;20;20;20;20;37283
2017-09-13;13/09/2017;20;20;20;20;16817
2017-09-14;14/09/2017;20;20;20;20;130646
2017-09-15;15/09/2017;20;20;20;20;46915
2017-09-18;18/09/2017;20;20;20;20;2780
2017-09-19;19/09/2017;20;20;20;20;166965
2017-09-20;20/09/2017;19;19;19;19;86330
2017-09-21;21/09/2017;20;20;20;20;22816
2017-09-22;22/09/2017;19;19;19;19;682
2017-09-25;25/09/2017;20;20;20;20;70429
2017-09-26;26/09/2017;19;19;19;19;3223
2017-09-27;27/09/2017;20;20;20;20;592821
2017-09-28;28/09/2017;19;19;19;19;2947278
2017-09-29;29/09/2017;20;20;20;20;153472
2017-10-02;02/10/2017;19;19;19;19;892974
2017-10-03;03/10/2017;19;19;19;19;54149
2017-10-04;04/10/2017;19;19;19;19;501250
2017-10-05;05/10/2017;19;19;19;19;173250
2017-10-06;06/10/2017;20;20;20;20;708512
2017-10-09;09/10/2017;20;20;20;20;16266
2017-10-10;10/10/2017;20;20;20;20;29434
2017-10-11;11/10/2017;20;20;20;20;53633
2017-10-12;12/10/2017;20;20;20;20;1122246
2017-10-13;13/10/2017;20;20;20;20;35504
2017-10-16;16/10/2017;20;20;20;20;12170
2017-10-17;17/10/2017;20;20;20;20;382853
2017-10-18;18/10/2017;19;19;19;19;166346
2017-10-19;19/10/2017;19;19;19;19;51289
2017-10-20;20/10/2017;19;19;19;19;2000
2017-10-23;23/10/2017;19;19;19;19;111524
2017-10-24;24/10/2017;20;20;20;20;7808
2017-10-25;25/10/2017;19;19;19;19;2681
2017-10-26;26/10/2017;19;19;19;19;638440
2017-10-27;27/10/2017;18;18;18;18;125961
2017-10-30;30/10/2017;19;19;19;19;61295
2017-10-31;31/10/2017;18;18;18;18;149257
2017-11-01;01/11/2017;18;18;18;18;149257
2017-11-06;06/11/2017;18;18;18;18;17029
2017-11-07;07/11/2017;18;18;18;18;17877100
2017-11-08;08/11/2017;18;18;18;18;1000
2017-11-09;09/11/2017;18;18;18;18;51050
2017-11-10;10/11/2017;19;19;19;19;134912
2017-11-13;13/11/2017;20;20;20;20;13000
2017-11-14;14/11/2017;19;19;19;19;335
2017-11-15;15/11/2017;19;19;19;19;335
2017-11-16;16/11/2017;18;18;18;18;2660135
2017-11-17;17/11/2017;18;18;18;18;16542
2017-11-20;20/11/2017;18;18;18;18;666523
2017-11-21;21/11/2017;18;18;18;18;36156
2017-11-22;22/11/2017;18;18;18;18;7812
2017-11-23;23/11/2017;19;19;19;19;71617
2017-11-24;24/11/2017;19;19;19;19;16920
2017-11-27;27/11/2017;18;18;18;18;10825
2017-11-28;28/11/2017;19;19;19;19;8200
2017-11-29;29/11/2017;19;19;19;19;2970
2017-11-30;30/11/2017;19;19;19;19;24834
2017-12-01;01/12/2017;19;19;19;19;24834
2017-12-04;04/12/2017;18;18;18;18;229134
2017-12-05;05/12/2017;18;18;18;18;483801
2017-12-06;06/12/2017;18;18;18;18;2810630
2017-12-07;07/12/2017;18;18;18;18;5091
2017-12-08;08/12/2017;18;18;18;18;68214
2017-12-11;11/12/2017;18;18;18;18;30810
2017-12-12;12/12/2017;18;18;18;18;15268
2017-12-13;13/12/2017;17;17;17;17;21027
2017-12-14;14/12/2017;18;18;18;18;30468
2017-12-19;19/12/2017;18;18;18;18;2356680
2017-12-20;20/12/2017;17;17;17;17;132918
2017-12-21;21/12/2017;18;18;18;18;9000
2017-12-22;22/12/2017;17;17;17;17;23626
2017-12-25;25/12/2017;17;17;17;17;23626
2017-12-26;26/12/2017;17;17;17;17;36882
2017-12-27;27/12/2017;17;17;17;17;65236
2017-12-28;28/12/2017;17;17;17;17;53824
2017-12-29;29/12/2017;17;17;17;17;85379
2018-01-02;02/01/2018;18;18;18;18;101569
2018-01-03;03/01/2018;18;18;18;18;27170
2018-01-04;04/01/2018;19;19;19;19;142740
2018-01-05;05/01/2018;19;19;19;19;119845
2018-01-08;08/01/2018;20;20;20;20;127533
2018-01-09;09/01/2018;19;19;19;19;5300
2018-01-10;10/01/2018;20;20;20;20;122747
2018-01-11;11/01/2018;19;19;19;19;26805
2018-01-12;12/01/2018;19;19;19;19;21700
2018-01-15;15/01/2018;19;19;19;19;102806
2018-01-16;16/01/2018;19;19;19;19;64864
2018-01-17;17/01/2018;19;19;19;19;1427
2018-01-18;18/01/2018;18;18;18;18;160180
2018-01-19;19/01/2018;19;19;19;19;61406
2018-01-22;22/01/2018;19;19;19;19;165451
2018-01-23;23/01/2018;19;19;19;19;8547
2018-01-24;24/01/2018;19;19;19;19;13824
2018-01-25;25/01/2018;20;20;20;20;9699
2018-01-26;26/01/2018;19;19;19;19;7853
2018-01-29;29/01/2018;19;19;19;19;2926
2018-01-30;30/01/2018;19;19;19;19;1045
2018-01-31;31/01/2018;19;19;19;19;33565964
2018-02-01;01/02/2018;19;19;19;19;13385
2018-02-02;02/02/2018;18;18;18;18;9526
2018-02-05;05/02/2018;18;18;18;18;9852
2018-02-06;06/02/2018;18;18;18;18;12000
2018-02-07;07/02/2018;18;18;18;18;25100
2018-02-08;08/02/2018;19;19;19;19;6600
2018-02-09;09/02/2018;18;18;18;18;16439
2018-02-12;12/02/2018;18;18;18;18;44083
2018-02-13;13/02/2018;18;18;18;18;28333
2018-02-14;14/02/2018;18;18;18;18;5133
2018-02-15;15/02/2018;18;18;18;18;35816
2018-02-16;16/02/2018;18;18;18;18;6889
2018-02-19;19/02/2018;18;18;18;18;24583
2018-02-20;20/02/2018;18;18;18;18;4048
2018-02-21;21/02/2018;18;18;18;18;7400
2018-02-22;22/02/2018;19;19;19;19;16026
2018-02-23;23/02/2018;19;19;19;19;15050
2018-02-26;26/02/2018;18;18;18;18;29781
2018-02-27;27/02/2018;18;18;18;18;1500
2018-02-28;28/02/2018;18;18;18;18;9880
2018-03-01;01/03/2018;19;19;19;19;11150
2018-03-02;02/03/2018;18;18;18;18;1439538
2018-03-05;05/03/2018;19;19;19;19;4210
2018-03-07;07/03/2018;19;19;19;19;240
2018-03-08;08/03/2018;18;18;18;18;5903
2018-03-09;09/03/2018;19;19;19;19;271342
2018-03-12;12/03/2018;19;19;19;19;4200
2018-03-13;13/03/2018;18;18;18;18;27103
2018-03-14;14/03/2018;19;19;19;19;20385
2018-03-15;15/03/2018;20;20;20;20;120920
2018-03-16;16/03/2018;19;19;19;19;820069
2018-03-19;19/03/2018;18;18;18;18;328587
2018-03-20;20/03/2018;17;17;17;17;243057
2018-03-21;21/03/2018;17;17;17;17;1472267
2018-03-22;22/03/2018;18;18;18;18;353351
2018-03-23;23/03/2018;19;19;19;19;151080
2018-03-26;26/03/2018;20;20;20;20;727399
2018-03-27;27/03/2018;20;20;20;20;55747
2018-03-28;28/03/2018;19;19;19;19;197331
2018-03-29;29/03/2018;18;18;18;18;12467
2018-03-30;30/03/2018;18;18;18;18;353956
2018-04-02;02/04/2018;18;18;18;18;353956
2018-04-03;03/04/2018;19;19;19;19;55215
2018-04-04;04/04/2018;19;19;19;19;191627
2018-04-05;05/04/2018;19;19;19;19;7439
2018-04-06;06/04/2018;19;19;19;19;211197
2018-04-09;09/04/2018;18;18;18;18;28077
2018-04-10;10/04/2018;18;18;18;18;396226
2018-04-11;11/04/2018;18;18;18;18;898715
2018-04-12;12/04/2018;19;19;19;19;3655
2018-04-13;13/04/2018;19;19;19;19;1800
2018-04-16;16/04/2018;19;19;19;19;2696144
2018-04-17;17/04/2018;18;18;18;18;48276
2018-04-18;18/04/2018;18;18;18;18;1236815
2018-04-19;19/04/2018;18;18;18;18;9432
2018-04-20;20/04/2018;19;19;19;19;15956
2018-04-23;23/04/2018;19;19;19;19;3159422
2018-04-24;24/04/2018;20;20;20;20;1012047
2018-04-25;25/04/2018;21;21;21;21;847369
2018-04-26;26/04/2018;22;22;22;22;27561
2018-04-27;27/04/2018;23;23;23;23;114911
2018-05-09;09/05/2018;23;23;23;23;26350
2018-05-10;10/05/2018;23;23;23;23;26350
2018-05-11;11/05/2018;22;22;22;22;132657
2018-05-14;14/05/2018;23;23;23;23;132183
2018-05-15;15/05/2018;22;22;22;22;421828
2018-05-16;16/05/2018;23;23;23;23;47350
2018-05-17;17/05/2018;22;22;22;22;15546
2018-05-18;18/05/2018;23;23;23;23;91125
2018-05-21;21/05/2018;23;23;23;23;91125
2018-05-22;22/05/2018;22;22;22;22;4986
2018-05-23;23/05/2018;22;22;22;22;163083
2018-05-24;24/05/2018;22;22;22;22;148650
2018-05-25;25/05/2018;23;23;23;23;18393
2018-05-28;28/05/2018;22;22;22;22;57150
2018-05-29;29/05/2018;21;21;21;21;123773
2018-05-30;30/05/2018;21;21;21;21;164663
2018-05-31;31/05/2018;21;21;21;21;16200
2018-06-01;01/06/2018;21;21;21;21;34450
2018-06-04;04/06/2018;21;21;21;21;49375
2018-06-05;05/06/2018;21;21;21;21;13475
2018-06-06;06/06/2018;20;20;20;20;122699
2018-06-07;07/06/2018;20;20;20;20;63058
2018-06-08;08/06/2018;19;19;19;19;10903
2018-06-11;11/06/2018;19;19;19;19;10903
2018-06-12;12/06/2018;20;20;20;20;353278
2018-06-13;13/06/2018;20;20;20;20;48094
2018-06-14;14/06/2018;20;20;20;20;48094
2018-06-15;15/06/2018;20;20;20;20;36120
2018-06-18;18/06/2018;20;20;20;20;181508
2018-06-19;19/06/2018;20;20;20;20;1178935
2018-06-20;20/06/2018;19;19;19;19;11128
2018-06-21;21/06/2018;19;19;19;19;993788
2018-06-28;28/06/2018;20;20;20;20;9240
2018-06-29;29/06/2018;20;20;20;20;82800
2018-07-02;02/07/2018;20;20;20;20;66359
2018-07-03;03/07/2018;21;21;21;21;11733
2018-07-04;04/07/2018;22;22;22;22;83965
2018-07-05;05/07/2018;22;22;22;22;294370
2018-07-06;06/07/2018;21;21;21;21;403560
2018-07-09;09/07/2018;21;21;21;21;35862
2018-07-10;10/07/2018;22;22;22;22;30453
2018-07-11;11/07/2018;21;21;21;21;95886
2018-07-12;12/07/2018;22;22;22;22;50660
2018-07-13;13/07/2018;21;21;21;21;69897
2018-07-16;16/07/2018;22;22;22;22;69933
2018-07-17;17/07/2018;22;22;22;22;67422
2018-07-18;18/07/2018;22;22;22;22;126665
2018-07-19;19/07/2018;23;23;23;23;33206
2018-07-20;20/07/2018;22;22;22;22;30248
2018-07-23;23/07/2018;22;22;22;22;32006
2018-07-24;24/07/2018;22;22;22;22;96814
2018-07-25;25/07/2018;21;21;21;21;33269
2018-07-26;26/07/2018;22;22;22;22;96628
2018-07-30;30/07/2018;22;22;22;22;54267
2018-07-31;31/07/2018;22;22;22;22;82317
2018-08-01;01/08/2018;22;22;22;22;57689
2018-08-02;02/08/2018;22;22;22;22;53604
2018-08-03;03/08/2018;21;21;21;21;24625
2018-08-06;06/08/2018;21;21;21;21;24625
2018-08-07;07/08/2018;21;21;21;21;24625
2018-08-08;08/08/2018;21;21;21;21;883911
2018-08-09;09/08/2018;22;22;22;22;113890
2018-08-10;10/08/2018;22;22;22;22;70436
2018-08-13;13/08/2018;22;22;22;22;132523
2018-08-14;14/08/2018;22;22;22;22;273
2018-08-20;20/08/2018;21;21;21;21;39767
2018-08-21;21/08/2018;21;21;21;21;39767
2018-08-22;22/08/2018;21;21;21;21;100081
2018-08-23;23/08/2018;22;22;22;22;935644
2018-08-24;24/08/2018;22;22;22;22;15325
2018-08-27;27/08/2018;22;22;22;22;404225
2018-08-28;28/08/2018;23;23;23;23;73167
2018-08-29;29/08/2018;22;22;22;22;114690
2018-08-30;30/08/2018;23;23;23;23;95477
2018-08-31;31/08/2018;22;22;22;22;310217
2018-09-03;03/09/2018;22;22;22;22;38787
2018-09-04;04/09/2018;23;23;23;23;63679
2018-09-05;05/09/2018;22;22;22;22;179236
2018-09-06;06/09/2018;22;22;22;22;24837
2018-09-07;07/09/2018;22;22;22;22;40900
2018-09-10;10/09/2018;22;22;22;22;450
2018-09-11;11/09/2018;22;22;22;22;25434
2018-09-12;12/09/2018;22;22;22;22;207386
2018-09-13;13/09/2018;22;22;22;22;8310
2018-09-14;14/09/2018;22;22;22;22;118968
2018-09-17;17/09/2018;22;22;22;22;118968
2018-09-18;18/09/2018;22;22;22;22;114663
2018-09-19;19/09/2018;22;22;22;22;48970
2018-09-20;20/09/2018;22;22;22;22;361223
2018-09-21;21/09/2018;22;22;22;22;106290
2018-09-24;24/09/2018;22;22;22;22;16920
2018-09-25;25/09/2018;22;22;22;22;25240
2018-09-26;26/09/2018;22;22;22;22;130004
2018-09-27;27/09/2018;21;21;21;21;72900
2018-09-28;28/09/2018;22;22;22;22;2000
2018-10-01;01/10/2018;22;22;22;22;98802
2018-10-02;02/10/2018;22;22;22;22;20360
2018-10-03;03/10/2018;22;22;22;22;57510
2018-10-04;04/10/2018;21;21;21;21;10993
2018-10-05;05/10/2018;22;22;22;22;130565
2018-10-08;08/10/2018;21;21;21;21;37733
2018-10-09;09/10/2018;22;22;22;22;15090
2018-10-10;10/10/2018;23;23;23;23;787093
2018-10-11;11/10/2018;22;22;22;22;1270283
2018-10-12;12/10/2018;21;21;21;21;320519
2018-10-15;15/10/2018;22;22;22;22;115045
2018-10-16;16/10/2018;21;21;21;21;682276
2018-10-17;17/10/2018;22;22;22;22;8
2018-10-18;18/10/2018;21;21;21;21;56165
2018-10-19;19/10/2018;21;21;21;21;88799
2018-10-22;22/10/2018;21;21;21;21;79596
2018-10-23;23/10/2018;21;21;21;21;57110
2018-10-24;24/10/2018;20;20;20;20;523440
2018-10-25;25/10/2018;20;20;20;20;82279
2018-10-26;26/10/2018;20;20;20;20;106479
2018-10-29;29/10/2018;19;19;19;19;180938
2018-10-30;30/10/2018;19;19;19;19;1883522
2018-10-31;31/10/2018;19;19;19;19;2850
2018-11-01;01/11/2018;19;19;19;19;2850
2018-11-02;02/11/2018;19;19;19;19;37717
2018-11-05;05/11/2018;19;19;19;19;38600
2018-11-06;06/11/2018;20;20;20;20;386617
2018-11-07;07/11/2018;20;20;20;20;21096
2018-11-08;08/11/2018;20;20;20;20;11272
2018-11-09;09/11/2018;20;20;20;20;40300
2018-11-12;12/11/2018;20;20;20;20;40857
2018-11-13;13/11/2018;19;19;19;19;17048
2018-11-14;14/11/2018;19;19;19;19;41147
2018-11-15;15/11/2018;19;19;19;19;41147
2018-11-16;16/11/2018;20;20;20;20;951349
2018-11-19;19/11/2018;19;19;19;19;88275
2018-11-20;20/11/2018;19;19;19;19;88275
2018-11-21;21/11/2018;19;19;19;19;2042723
2018-11-22;22/11/2018;18;18;18;18;425784
2018-11-23;23/11/2018;18;18;18;18;473650
2018-11-26;26/11/2018;18;18;18;18;138592
2018-11-27;27/11/2018;18;18;18;18;84450
2018-11-28;28/11/2018;18;18;18;18;20250
2018-11-29;29/11/2018;17;17;17;17;160775
2018-11-30;30/11/2018;18;18;18;18;31500
2018-12-03;03/12/2018;18;18;18;18;18514
2018-12-04;04/12/2018;17;17;17;17;50636
2018-12-05;05/12/2018;17;17;17;17;166108
2018-12-06;06/12/2018;17;17;17;17;137337
2018-12-07;07/12/2018;18;18;18;18;100565
2018-12-10;10/12/2018;18;18;18;18;52860
2018-12-11;11/12/2018;18;18;18;18;35049
2018-12-12;12/12/2018;18;18;18;18;63500
2018-12-13;13/12/2018;18;18;18;18;1575193
2018-12-14;14/12/2018;18;18;18;18;117000
2018-12-17;17/12/2018;18;18;18;18;100601
2018-12-18;18/12/2018;18;18;18;18;68810
2018-12-19;19/12/2018;18;18;18;18;24502
2018-12-20;20/12/2018;17;17;17;17;36180
2018-12-21;21/12/2018;18;18;18;18;598904
2018-12-24;24/12/2018;18;18;18;18;60000
2018-12-25;25/12/2018;18;18;18;18;60000
2018-12-26;26/12/2018;18;18;18;18;213690
2018-12-28;28/12/2018;18;18;18;18;102425
2018-12-31;31/12/2018;18;18;18;18;2110
2019-01-02;02/01/2019;17;17;17;17;35281
2019-01-04;04/01/2019;18;18;18;18;3000
2019-01-07;07/01/2019;17;17;17;17;48581
2019-01-08;08/01/2019;17;17;17;17;6329
2019-01-09;09/01/2019;17;17;17;17;729
2019-01-10;10/01/2019;18;18;18;18;203338
2019-01-11;11/01/2019;18;18;18;18;3229
2019-01-14;14/01/2019;17;17;17;17;38320
2019-01-15;15/01/2019;17;17;17;17;40894
2019-01-16;16/01/2019;17;17;17;17;43000
2019-01-17;17/01/2019;17;18;17;18;389732
2019-01-18;18/01/2019;17;18;17;18;3747
2019-01-21;21/01/2019;18;18;18;18;22107
2019-01-23;23/01/2019;17;17;17;17;106000
2019-01-24;24/01/2019;18;18;18;18;44424
2019-01-25;25/01/2019;18;18;18;18;57283
2019-01-28;28/01/2019;19;19;19;19;2488
2019-01-29;29/01/2019;19;19;18;18;43004
2019-01-30;30/01/2019;19;19;18;18;31031
2019-01-31;31/01/2019;19;19;19;19;30783
2019-02-01;01/02/2019;19;19;19;19;8777
2019-02-04;04/02/2019;19;19;19;19;15
2019-02-05;05/02/2019;19;19;19;19;1040
2019-02-06;06/02/2019;18;18;18;18;7506
2019-02-07;07/02/2019;18;18;18;18;817940
2019-02-08;08/02/2019;18;19;18;19;851
2019-02-11;11/02/2019;19;19;19;19;641636
2019-02-12;12/02/2019;19;20;19;20;313774
2019-02-13;13/02/2019;20;20;19;19;62888
2019-02-14;14/02/2019;19;19;19;19;638539
2019-02-15;15/02/2019;19;19;19;19;386923
2019-02-18;18/02/2019;19;19;19;19;234219
2019-02-19;19/02/2019;19;19;19;19;16146
2019-02-20;20/02/2019;19;19;19;19;343857
2019-02-21;21/02/2019;19;19;19;19;161912
2019-02-22;22/02/2019;19;19;19;19;159698
2019-02-25;25/02/2019;19;20;19;20;53558
2019-02-27;27/02/2019;19;19;19;19;55150
2019-02-28;28/02/2019;20;20;20;20;1720
2019-03-04;04/03/2019;19;20;19;20;412800
2019-03-05;05/03/2019;19;19;19;19;1228090
2019-03-06;06/03/2019;19;19;19;19;418257
2019-03-07;07/03/2019;19;19;19;19;53643
2019-03-08;08/03/2019;19;20;19;20;48000
2019-03-11;11/03/2019;19;19;19;19;45000
2019-03-12;12/03/2019;19;19;19;19;72087
2019-03-13;13/03/2019;19;19;19;19;39116
2019-03-14;14/03/2019;20;20;20;20;366685
2019-03-15;15/03/2019;19;19;19;19;100000
2019-03-18;18/03/2019;20;20;20;20;61856
2019-03-19;19/03/2019;20;20;20;20;2237350
2019-03-20;20/03/2019;20;21;20;21;32833
2019-03-21;21/03/2019;20;20;20;20;48536
2019-03-22;22/03/2019;20;20;20;20;450497
2019-03-25;25/03/2019;21;21;21;21;200
2019-03-27;27/03/2019;20;20;20;20;135448
2019-03-28;28/03/2019;20;20;20;20;135233
2019-03-29;29/03/2019;20;20;19;19;758210
2019-04-01;01/04/2019;19;19;18;18;546994
2019-04-02;02/04/2019;18;18;18;18;79256
2019-04-03;03/04/2019;18;18;17;17;14142
2019-04-04;04/04/2019;17;18;17;18;162318
2019-04-05;05/04/2019;19;19;18;18;239957
2019-04-08;08/04/2019;18;18;18;18;8953
2019-04-09;09/04/2019;18;19;18;19;51518
2019-04-10;10/04/2019;18;18;18;18;164773
2019-04-11;11/04/2019;18;18;18;18;3510
2019-04-12;12/04/2019;19;19;19;19;25150
2019-04-15;15/04/2019;19;19;18;18;19540
2019-04-16;16/04/2019;18;19;18;19;338
2019-04-17;17/04/2019;19;19;19;19;3135
2019-04-18;18/04/2019;19;19;19;19;232
2019-04-19;19/04/2019;18;18;18;18;312805
2019-04-22;22/04/2019;18;18;18;18;312805
2019-04-23;23/04/2019;18;19;18;19;101867
2019-04-24;24/04/2019;18;19;18;19;414267
2019-04-25;25/04/2019;19;19;18;18;19167
2019-04-26;26/04/2019;18;19;18;19;656456
2019-04-29;29/04/2019;19;19;18;18;578318
2019-04-30;30/04/2019;18;18;18;18;442544
2019-05-01;01/05/2019;18;18;18;18;442544
2019-05-02;02/05/2019;18;18;18;18;64878
2019-05-03;03/05/2019;18;18;18;18;18240
2019-05-06;06/05/2019;17;18;17;18;9878
2019-05-07;07/05/2019;18;18;17;17;61953
2019-05-08;08/05/2019;18;18;18;18;371119
2019-05-09;09/05/2019;18;18;18;18;239066
2019-05-10;10/05/2019;18;18;18;18;2644
2019-05-13;13/05/2019;18;18;18;18;255318
2019-05-14;14/05/2019;18;18;18;18;26587
2019-05-15;15/05/2019;18;18;18;18;2200
2019-05-16;16/05/2019;18;18;18;18;153938
2019-05-17;17/05/2019;17;17;17;17;82062
2019-05-20;20/05/2019;17;17;17;17;18358
2019-05-21;21/05/2019;18;18;18;18;4763
2019-05-22;22/05/2019;18;18;17;17;277195
2019-05-23;23/05/2019;18;18;17;17;8721
2019-05-24;24/05/2019;17;17;17;17;122886
2019-05-27;27/05/2019;18;18;18;18;160
2019-05-28;28/05/2019;18;18;18;18;235138
2019-05-29;29/05/2019;18;18;18;18;600
2019-05-30;30/05/2019;18;18;18;18;600
2019-05-31;31/05/2019;18;18;18;18;452
2019-06-03;03/06/2019;17;17;17;17;22681
2019-06-05;05/06/2019;17;17;17;17;171820
2019-06-06;06/06/2019;18;18;17;17;39218
2019-06-07;07/06/2019;18;18;18;18;56789
2019-06-11;11/06/2019;17;17;17;17;392146
2019-06-12;12/06/2019;17;17;17;17;1195126
2019-06-13;13/06/2019;17;17;17;17;7312
2019-06-14;14/06/2019;17;18;17;18;4379
2019-06-17;17/06/2019;17;17;17;17;3305
2019-06-18;18/06/2019;17;17;17;17;289152
2019-06-19;19/06/2019;17;17;17;17;63023
2019-06-20;20/06/2019;17;17;17;17;1079515
2019-06-21;21/06/2019;17;17;17;17;108572
2019-06-24;24/06/2019;17;17;17;17;522705
2019-06-25;25/06/2019;17;17;16;16;119717
2019-06-26;26/06/2019;17;17;17;17;26851
2019-06-27;27/06/2019;16;17;16;17;256998
2019-06-28;28/06/2019;17;17;16;16;19148
2019-07-01;01/07/2019;16;17;16;17;34667
2019-07-02;02/07/2019;17;17;17;17;4000
2019-07-03;03/07/2019;17;17;17;17;880
2019-07-04;04/07/2019;16;17;16;17;20370
2019-07-05;05/07/2019;16;17;16;17;49071
2019-07-08;08/07/2019;17;17;17;17;11952
2019-07-09;09/07/2019;17;17;17;17;2763
2019-07-10;10/07/2019;17;17;17;17;4125
2019-07-11;11/07/2019;17;17;17;17;3937
2019-07-12;12/07/2019;17;17;17;17;2483
2019-07-15;15/07/2019;17;17;17;17;38334
2019-07-16;16/07/2019;17;17;17;17;26164
2019-07-17;17/07/2019;18;18;17;17;4518
2019-07-18;18/07/2019;18;18;18;18;15200
2019-07-19;19/07/2019;18;19;18;19;500100
2019-07-22;22/07/2019;18;18;18;18;2576
2019-07-23;23/07/2019;18;18;17;17;10978
2019-07-25;25/07/2019;18;18;17;17;105866
2019-07-26;26/07/2019;18;18;17;17;163210
2019-07-29;29/07/2019;18;18;17;17;6208
2019-07-30;30/07/2019;17;17;17;17;10027
2019-07-31;31/07/2019;18;18;18;18;861548
2019-08-01;01/08/2019;17;17;17;17;1321655
2019-08-02;02/08/2019;17;17;16;16;1147368
2019-08-05;05/08/2019;17;17;16;16;1290652
2019-08-06;06/08/2019;17;17;16;16;1000147
2019-08-07;07/08/2019;17;17;16;16;1000147
2019-08-08;08/08/2019;17;17;16;16;1100117
2019-08-09;09/08/2019;16;17;16;17;144360
2019-08-12;12/08/2019;16;17;16;17;144360
2019-08-13;13/08/2019;17;17;16;16;1884124
2019-08-14;14/08/2019;16;16;16;16;9938
2019-08-15;15/08/2019;16;16;16;16;9938
2019-08-16;16/08/2019;16;16;16;16;130331
2019-08-19;19/08/2019;16;16;16;16;4846867
2019-08-20;20/08/2019;16;16;16;16;670075
2019-08-21;21/08/2019;16;16;16;16;576159
2019-08-22;22/08/2019;16;16;16;16;1638195
2019-08-23;23/08/2019;16;16;16;16;471295
2019-08-26;26/08/2019;16;16;16;16;460376
2019-08-27;27/08/2019;16;16;16;16;160064
2019-08-28;28/08/2019;15;15;15;15;3251550
2019-08-29;29/08/2019;16;16;16;16;166917
2019-08-30;30/08/2019;15;16;15;16;33087
2019-09-02;02/09/2019;16;16;15;15;24620
2019-09-03;03/09/2019;15;16;15;16;197811
2019-09-04;04/09/2019;16;16;16;16;309062
2019-09-05;05/09/2019;16;17;16;17;782880
2019-09-06;06/09/2019;17;17;16;16;110013
2019-09-09;09/09/2019;16;16;16;16;90315
2019-09-10;10/09/2019;15;16;15;16;174681
2019-09-11;11/09/2019;16;16;16;16;317765
2019-09-12;12/09/2019;16;16;15;15;77138
2019-09-13;13/09/2019;15;16;15;16;450
2019-09-16;16/09/2019;15;16;15;16;657890
2019-09-17;17/09/2019;16;16;16;16;121046
2019-09-18;18/09/2019;16;16;15;15;115115
2019-09-19;19/09/2019;16;16;15;15;426221
2019-09-20;20/09/2019;15;16;15;16;23466
2019-09-23;23/09/2019;15;16;15;16;39517
2019-09-24;24/09/2019;15;15;15;15;19741
2019-09-25;25/09/2019;16;16;16;16;3987
2019-09-26;26/09/2019;16;16;15;15;136850
2019-09-27;27/09/2019;15;16;15;16;110045
2019-09-30;30/09/2019;16;16;16;16;4647
2019-10-01;01/10/2019;15;16;15;16;31000
2019-10-02;02/10/2019;16;16;16;16;74651
2019-10-03;03/10/2019;15;16;15;16;20771
2019-10-04;04/10/2019;16;16;16;16;9532
2019-10-07;07/10/2019;15;16;15;16;13595
2019-10-08;08/10/2019;16;16;15;15;15249
2019-10-09;09/10/2019;16;16;15;15;12633
2019-10-10;10/10/2019;15;16;15;16;39727
2019-10-11;11/10/2019;15;16;15;16;12573
2019-10-14;14/10/2019;15;16;15;16;3080
2019-10-15;15/10/2019;15;16;15;16;15563
2019-10-16;16/10/2019;16;16;16;16;339994
2019-10-17;17/10/2019;16;16;15;15;1600
2019-10-18;18/10/2019;15;16;15;16;112916
2019-10-21;21/10/2019;15;16;15;16;11900
2019-10-22;22/10/2019;15;16;15;16;162859
2019-10-23;23/10/2019;16;16;16;16;47305
2019-10-24;24/10/2019;16;16;16;16;1659397
2019-10-25;25/10/2019;15;16;15;16;510
2019-10-28;28/10/2019;16;16;15;15;238980
2019-10-29;29/10/2019;15;15;15;15;15140
2019-10-30;30/10/2019;15;15;15;15;320470
2019-10-31;31/10/2019;15;15;15;15;1200
2019-11-01;01/11/2019;15;15;15;15;1200
2019-11-04;04/11/2019;15;15;14;14;37308
2019-11-05;05/11/2019;14;14;14;14;33753
2019-11-06;06/11/2019;14;15;14;15;305631
2019-11-07;07/11/2019;14;15;14;15;2274
2019-11-08;08/11/2019;15;15;15;15;231648
2019-11-11;11/11/2019;15;15;15;15;1583
2019-11-12;12/11/2019;15;15;15;15;82331
2019-11-13;13/11/2019;15;15;14;14;40570
2019-11-14;14/11/2019;15;15;15;15;3025
2019-11-18;18/11/2019;15;15;15;15;603346
2019-11-19;19/11/2019;15;15;15;15;210409
2019-11-20;20/11/2019;15;15;15;15;285
2019-11-21;21/11/2019;15;15;14;14;10134
2019-11-22;22/11/2019;14;15;14;15;28745
2019-11-25;25/11/2019;15;15;15;15;170
2019-11-26;26/11/2019;15;15;15;15;983
2019-11-27;27/11/2019;14;15;14;15;70930
2019-11-28;28/11/2019;14;14;14;14;2649
2019-11-29;29/11/2019;14;14;14;14;39402
2019-12-02;02/12/2019;14;14;14;14;15188
2019-12-03;03/12/2019;13;13;13;13;26822
2019-12-04;04/12/2019;13;14;13;14;25989
2019-12-05;05/12/2019;14;14;13;13;114022
2019-12-06;06/12/2019;13;14;13;14;11497
2019-12-09;09/12/2019;13;13;13;13;117724
2019-12-10;10/12/2019;13;13;13;13;60792
2019-12-11;11/12/2019;13;14;13;14;197476
2019-12-12;12/12/2019;13;13;13;13;196738
2019-12-13;13/12/2019;13;13;13;13;178007
2019-12-16;16/12/2019;13;13;13;13;7569
2019-12-17;17/12/2019;13;13;13;13;106098
2019-12-18;18/12/2019;13;13;13;13;129366
2019-12-19;19/12/2019;13;13;13;13;21420
2019-12-20;20/12/2019;13;13;13;13;2758
2019-12-23;23/12/2019;13;13;13;13;245108
2019-12-24;24/12/2019;13;14;13;14;78490
2019-12-25;25/12/2019;13;14;13;14;78490
2019-12-26;26/12/2019;14;14;14;14;522486
2019-12-27;27/12/2019;14;14;14;14;25243
2019-12-30;30/12/2019;14;14;14;14;74273
2019-12-31;31/12/2019;14;14;14;14;150
2020-01-01;01/01/2020;14;14;14;14;150
2020-01-02;02/01/2020;14;14;14;14;298
2020-01-03;03/01/2020;14;14;14;14;11900
2020-01-06;06/01/2020;14;14;14;14;675552
2020-01-07;07/01/2020;14;14;13;13;1428452
2020-01-08;08/01/2020;13;14;13;14;213151
2020-01-09;09/01/2020;13;14;13;14;10949
2020-01-10;10/01/2020;14;14;13;13;121631
2020-01-13;13/01/2020;14;14;13;13;141275
2020-01-14;14/01/2020;14;14;13;13;76391
2020-01-15;15/01/2020;13;14;13;14;26778
2020-01-16;16/01/2020;14;14;13;13;860
2020-01-17;17/01/2020;14;14;14;14;8626
2020-01-20;20/01/2020;14;14;14;14;198879
2020-01-21;21/01/2020;14;14;13;13;14500
2020-01-22;22/01/2020;14;14;13;13;26000
2020-01-23;23/01/2020;13;13;13;13;111446
2020-01-24;24/01/2020;14;14;14;14;4823
2020-01-27;27/01/2020;13;13;13;13;1065279
2020-01-28;28/01/2020;13;13;13;13;24205
2020-01-29;29/01/2020;13;13;13;13;9996327
2020-01-30;30/01/2020;13;13;13;13;108489
2020-01-31;31/01/2020;13;13;13;13;444755
2020-02-03;03/02/2020;13;13;13;13;135426
2020-02-04;04/02/2020;13;13;13;13;1647054
2020-02-05;05/02/2020;13;13;13;13;256224
2020-02-06;06/02/2020;13;13;13;13;165163
2020-02-07;07/02/2020;13;13;13;13;55497
2020-02-10;10/02/2020;13;13;13;13;11328
2020-02-11;11/02/2020;13;13;13;13;77619
2020-02-12;12/02/2020;13;13;13;13;77619
2020-02-13;13/02/2020;13;13;13;13;237700
2020-02-14;14/02/2020;13;13;13;13;49500
2020-02-17;17/02/2020;13;13;13;13;190715
2020-02-18;18/02/2020;13;13;13;13;250100
2020-02-19;19/02/2020;13;13;13;13;25160
2020-02-20;20/02/2020;13;13;13;13;10104
2020-02-21;21/02/2020;13;13;13;13;253567
2020-02-24;24/02/2020;13;13;13;13;7250
2020-02-25;25/02/2020;13;13;13;13;12600
2020-02-26;26/02/2020;13;13;13;13;120000
2020-02-27;27/02/2020;13;13;13;13;311000
2020-02-28;28/02/2020;13;13;13;13;4090
2020-03-02;02/03/2020;13;13;13;13;5000
2020-03-03;03/03/2020;13;13;13;13;57643
2020-03-04;04/03/2020;13;13;13;13;10975
2020-03-05;05/03/2020;13;13;13;13;1000
2020-03-06;06/03/2020;13;13;13;13;952467
2020-03-09;09/03/2020;13;13;13;13;4004
2020-03-10;10/03/2020;13;13;13;13;271070
2020-03-12;12/03/2020;13;13;13;13;61753
2020-03-13;13/03/2020;13;13;13;13;105500
2020-03-16;16/03/2020;13;13;13;13;88268
2020-03-17;17/03/2020;13;13;13;13;332617
2020-03-18;18/03/2020;13;13;13;13;9510
2020-03-19;19/03/2020;13;13;13;13;514953
2020-03-23;23/03/2020;13;13;13;13;512
2020-03-24;24/03/2020;13;13;13;13;10790
2020-03-25;25/03/2020;13;13;13;13;277025
2020-03-26;26/03/2020;13;13;13;13;231
2020-03-27;27/03/2020;13;13;13;13;77150
2020-03-30;30/03/2020;13;13;13;13;7500
2020-03-31;31/03/2020;13;13;13;13;69175
2020-04-01;01/04/2020;13;13;13;13;95000
2020-04-02;02/04/2020;13;13;13;13;57
2020-04-03;03/04/2020;13;13;13;13;25976
2020-04-06;06/04/2020;13;13;13;13;186
2020-04-07;07/04/2020;13;13;13;13;1110
2020-04-08;08/04/2020;13;13;13;13;432
2020-04-09;09/04/2020;13;13;13;13;17106
2020-04-10;10/04/2020;13;13;13;13;3810
2020-04-13;13/04/2020;13;13;13;13;3810
2020-04-14;14/04/2020;13;13;13;13;9000
2020-04-15;15/04/2020;13;13;13;13;75064
2020-04-16;16/04/2020;13;13;13;13;4853
2020-04-17;17/04/2020;13;13;13;13;7002
2020-04-20;20/04/2020;13;13;13;13;50000
2020-04-22;22/04/2020;13;13;13;13;204089
2020-04-23;23/04/2020;13;13;13;13;18300
2020-04-24;24/04/2020;13;13;13;13;92030
2020-04-27;27/04/2020;13;13;13;13;500
2020-04-28;28/04/2020;13;13;13;13;300
2020-04-29;29/04/2020;13;13;13;13;22969
2020-04-30;30/04/2020;13;13;13;13;120
2020-05-01;01/05/2020;13;13;13;13;120
2020-05-04;04/05/2020;13;13;13;13;10000
2020-05-05;05/05/2020;13;13;13;13;13300
2020-05-06;06/05/2020;13;13;13;13;6330
2020-05-07;07/05/2020;13;13;13;13;43250
2020-05-08;08/05/2020;13;13;13;13;930
2020-05-12;12/05/2020;13;13;13;13;60880
2020-05-13;13/05/2020;13;13;13;13;635
2020-05-14;14/05/2020;13;13;13;13;8000
2020-05-15;15/05/2020;13;13;13;13;66992
2020-05-19;19/05/2020;13;13;13;13;850
2020-05-22;22/05/2020;13;13;13;13;101438
2020-05-25;25/05/2020;13;13;13;13;990
2020-05-26;26/05/2020;13;13;13;13;9460
2020-05-27;27/05/2020;13;13;13;13;1000
2020-05-28;28/05/2020;13;13;13;13;10000
2020-05-29;29/05/2020;13;13;13;13;13401
2020-06-01;01/06/2020;13;13;13;13;13401
2020-06-02;02/06/2020;13;13;13;13;5025
2020-06-03;03/06/2020;13;13;13;13;10150
2020-06-04;04/06/2020;13;13;13;13;14090
2020-06-05;05/06/2020;13;13;13;13;3500
2020-06-08;08/06/2020;13;13;13;13;3014
2020-06-09;09/06/2020;13;13;13;13;10445
2020-06-10;10/06/2020;13;13;13;13;7738
2020-06-11;11/06/2020;13;13;13;13;2160
2020-06-12;12/06/2020;13;13;13;13;10901
2020-06-15;15/06/2020;13;13;13;13;18076
2020-06-16;16/06/2020;13;13;13;13;3200
2020-06-17;17/06/2020;13;13;13;13;2750
2020-06-18;18/06/2020;13;13;13;13;5100
2020-06-19;19/06/2020;13;13;13;13;11150
2020-06-22;22/06/2020;13;13;13;13;5500
2020-06-23;23/06/2020;13;13;13;13;22223
2020-06-24;24/06/2020;13;13;13;13;1625
2020-06-25;25/06/2020;13;13;13;13;50
2020-06-26;26/06/2020;13;13;13;13;190
2020-06-29;29/06/2020;13;13;13;13;3000
2020-06-30;30/06/2020;13;13;13;13;2652
2020-07-01;01/07/2020;13;13;13;13;11282
2020-07-02;02/07/2020;13;13;13;13;100
2020-07-03;03/07/2020;13;13;13;13;10309
2020-07-06;06/07/2020;13;13;13;13;7000
2020-07-07;07/07/2020;13;13;13;13;8604
2020-07-08;08/07/2020;13;13;13;13;2770
2020-07-10;10/07/2020;13;13;13;13;12272
2020-07-13;13/07/2020;13;13;13;13;1157
2020-07-14;14/07/2020;13;13;13;13;1000
2020-07-15;15/07/2020;13;13;13;13;210
2020-07-17;17/07/2020;13;13;13;13;2800
2020-07-20;20/07/2020;13;13;13;13;1194
2020-07-22;22/07/2020;13;13;13;13;3460
2020-07-24;24/07/2020;13;13;13;13;2030
2020-07-27;27/07/2020;13;13;13;13;6093
2020-07-28;28/07/2020;13;13;13;13;1500
2020-07-29;29/07/2020;13;13;13;13;1300
2020-08-03;03/08/2020;13;13;13;13;20205
2020-08-04;04/08/2020;13;13;13;13;110000
2020-08-05;05/08/2020;13;13;13;13;640
2020-08-06;06/08/2020;13;13;13;13;11006
2020-08-07;07/08/2020;13;13;13;13;11006
2020-08-10;10/08/2020;13;13;13;13;2590
2020-08-12;12/08/2020;13;13;13;13;150500
2020-08-13;13/08/2020;13;13;13;13;6153
2020-08-14;14/08/2020;13;13;13;13;6039
2020-08-18;18/08/2020;13;13;13;13;1678
2020-08-24;24/08/2020;13;13;13;13;5540
2020-08-25;25/08/2020;13;13;13;13;36000
2020-08-26;26/08/2020;13;13;13;13;3800
2020-08-27;27/08/2020;13;13;13;13;974
2020-08-28;28/08/2020;13;13;13;13;5000
2020-09-01;01/09/2020;13;13;13;13;54500
2020-09-02;02/09/2020;13;13;13;13;1000
2020-09-03;03/09/2020;13;13;13;13;222
2020-09-04;04/09/2020;13;13;13;13;6400
2020-09-07;07/09/2020;13;13;13;13;450
2020-09-08;08/09/2020;13;13;13;13;155
2020-09-09;09/09/2020;13;13;13;13;9654
2020-09-11;11/09/2020;13;13;13;13;100
2020-09-15;15/09/2020;13;13;13;13;10
2020-09-16;16/09/2020;13;13;13;13;1530
2020-09-17;17/09/2020;13;13;13;13;320550
2020-09-18;18/09/2020;13;13;13;13;26510
2020-09-21;21/09/2020;13;13;13;13;120
2020-09-30;30/09/2020;13;13;13;13;5942
2020-10-01;01/10/2020;13;13;13;13;150
2020-10-02;02/10/2020;13;13;13;13;5000
2020-10-05;05/10/2020;13;13;13;13;300
2020-10-06;06/10/2020;13;13;13;13;110
2020-10-07;07/10/2020;13;13;13;13;150
2020-10-08;08/10/2020;13;13;13;13;5000
2020-10-12;12/10/2020;13;13;13;13;1978
2020-10-13;13/10/2020;13;13;13;13;2600
2020-10-14;14/10/2020;13;13;13;13;1000
2020-10-16;16/10/2020;13;13;13;13;250
2020-10-20;20/10/2020;13;13;13;13;3115
2020-10-23;23/10/2020;13;13;13;13;800
2020-10-26;26/10/2020;13;13;13;13;1414
2020-10-27;27/10/2020;13;13;13;13;5000
2020-10-28;28/10/2020;13;13;13;13;6405
2020-10-29;29/10/2020;13;13;13;13;6405
2020-10-30;30/10/2020;13;13;13;13;20100
2020-11-02;02/11/2020;13;13;13;13;9176
2020-11-03;03/11/2020;13;13;13;13;5000
2020-11-04;04/11/2020;13;13;13;13;5000
2020-11-05;05/11/2020;13;13;13;13;127449
2020-11-06;06/11/2020;13;13;13;13;6987
2020-11-09;09/11/2020;13;13;13;13;13414
2020-11-10;10/11/2020;13;13;13;13;11570
2020-11-11;11/11/2020;13;13;13;13;650
2020-11-12;12/11/2020;13;13;13;13;8350
2020-11-13;13/11/2020;13;13;13;13;5105
2020-11-16;16/11/2020;13;13;13;13;1400
2020-11-17;17/11/2020;13;13;13;13;2010
2020-11-18;18/11/2020;13;13;13;13;9100
2020-11-19;19/11/2020;13;13;13;13;40179
2020-11-20;20/11/2020;13;13;13;13;1215
2020-11-23;23/11/2020;13;13;13;13;108635
2020-11-24;24/11/2020;13;13;13;13;12475
2020-11-25;25/11/2020;13;13;13;13;4885
2020-11-26;26/11/2020;13;13;13;13;535
2020-11-27;27/11/2020;13;13;13;13;486
2020-11-30;30/11/2020;13;13;13;13;930
2020-12-01;01/12/2020;13;13;13;13;5570
2020-12-03;03/12/2020;13;13;13;13;5105
2020-12-08;08/12/2020;13;13;13;13;203
2020-12-09;09/12/2020;13;13;13;13;87
2020-12-10;10/12/2020;13;13;13;13;605
2020-12-11;11/12/2020;13;13;13;13;3307
2020-12-14;14/12/2020;13;13;13;13;6310
2020-12-15;15/12/2020;13;13;13;13;3513
2020-12-16;16/12/2020;13;13;13;13;1017
2020-12-17;17/12/2020;13;13;13;13;2874
2020-12-18;18/12/2020;13;13;13;13;517
2020-12-21;21/12/2020;13;13;13;13;1715
2020-12-22;22/12/2020;13;13;13;13;10165
2020-12-23;23/12/2020;13;13;13;13;2100
2020-12-24;24/12/2020;13;13;13;13;555
2020-12-25;25/12/2020;13;13;13;13;555
2020-12-28;28/12/2020;13;13;13;13;1000
2020-12-29;29/12/2020;13;13;13;13;7885
2020-12-30;30/12/2020;13;13;13;13;2455
2021-01-04;04/01/2021;13;13;13;13;1400
2021-01-05;05/01/2021;13;13;13;13;23945
2021-01-06;06/01/2021;13;13;13;13;86
2021-01-07;07/01/2021;13;13;13;13;7218
2021-01-08;08/01/2021;13;13;13;13;500
2021-01-11;11/01/2021;13;13;13;13;1120
2021-01-12;12/01/2021;13;13;13;13;1248
2021-01-13;13/01/2021;13;13;13;13;400
2021-01-14;14/01/2021;13;13;13;13;556
2021-01-15;15/01/2021;13;13;13;13;5353
2021-01-18;18/01/2021;13;13;13;13;3385
2021-01-19;19/01/2021;13;13;13;13;18835
2021-01-20;20/01/2021;13;13;13;13;5100
2021-01-21;21/01/2021;13;13;13;13;269486
2021-01-22;22/01/2021;13;13;13;13;135
2021-01-26;26/01/2021;13;13;13;13;8700
2021-01-27;27/01/2021;13;13;13;13;4300
2021-01-28;28/01/2021;13;13;13;13;20013
2021-01-29;29/01/2021;13;13;13;13;37780
2021-02-01;01/02/2021;13;13;13;13;60300
2021-02-02;02/02/2021;13;13;13;13;3908
2021-02-03;03/02/2021;13;13;13;13;131
2021-02-04;04/02/2021;13;13;13;13;1060
2021-02-05;05/02/2021;13;13;13;13;2570
2021-02-08;08/02/2021;13;13;13;13;9400
2021-02-09;09/02/2021;13;13;13;13;10
2021-02-10;10/02/2021;13;13;13;13;370
2021-02-11;11/02/2021;13;13;13;13;975
2021-02-12;12/02/2021;13;13;13;13;8635
2021-02-15;15/02/2021;13;13;13;13;5904
2021-02-16;16/02/2021;13;13;13;13;1185
2021-02-17;17/02/2021;13;13;13;13;7845
2021-02-18;18/02/2021;13;13;13;13;1303
2021-02-19;19/02/2021;13;13;13;13;8445
2021-02-22;22/02/2021;13;13;13;13;5205
2021-02-23;23/02/2021;13;13;13;13;8467
2021-02-24;24/02/2021;13;13;13;13;4140
2021-02-25;25/02/2021;13;13;13;13;99
2021-02-26;26/02/2021;13;13;13;13;225
2021-03-02;02/03/2021;13;13;13;13;14325
2021-03-03;03/03/2021;13;13;13;13;5090
2021-03-04;04/03/2021;13;13;13;13;7600
2021-03-05;05/03/2021;13;13;13;13;32380
2021-03-08;08/03/2021;13;13;13;13;500
2021-03-09;09/03/2021;13;13;13;13;228188
2021-03-10;10/03/2021;13;13;13;13;3845
2021-03-11;11/03/2021;13;13;13;13;33620
2021-03-12;12/03/2021;13;13;13;13;600
2021-03-15;15/03/2021;13;13;13;13;4086
2021-03-16;16/03/2021;13;13;13;13;20750
2021-03-17;17/03/2021;13;13;13;13;2080
2021-03-18;18/03/2021;13;13;13;13;1900
2021-03-19;19/03/2021;13;13;13;13;255
2021-03-22;22/03/2021;13;13;13;13;4500
2021-03-23;23/03/2021;13;13;13;13;21600
2021-03-24;24/03/2021;13;13;13;13;397
2021-03-25;25/03/2021;13;13;13;13;20130
2021-03-26;26/03/2021;13;13;13;13;1531
2021-03-29;29/03/2021;13;13;13;13;755
2021-03-30;30/03/2021;13;13;13;13;400
2021-03-31;31/03/2021;13;13;13;13;12100
2021-04-02;02/04/2021;13;13;13;13;7800
2021-04-05;05/04/2021;13;13;13;13;7800
2021-04-06;06/04/2021;13;13;13;13;2085
2021-04-07;07/04/2021;13;13;13;13;8170
2021-04-09;09/04/2021;13;13;13;13;7600
2021-04-12;12/04/2021;13;13;13;13;2456
2021-04-14;14/04/2021;13;13;13;13;100
2021-04-15;15/04/2021;13;13;13;13;6615
2021-04-16;16/04/2021;13;13;13;13;2500
2021-04-19;19/04/2021;13;13;13;13;2615
2021-04-21;21/04/2021;13;13;13;13;1300
2021-04-22;22/04/2021;13;13;13;13;255326
2021-04-23;23/04/2021;13;13;13;13;226
2021-04-26;26/04/2021;13;13;13;13;1830
2021-04-28;28/04/2021;13;13;13;13;15020
2021-04-29;29/04/2021;13;13;13;13;85100
2021-04-30;30/04/2021;13;13;13;13;16213
2021-05-03;03/05/2021;13;13;13;13;17008
2021-05-04;04/05/2021;13;13;13;13;520
2021-05-05;05/05/2021;13;13;13;13;23768
2021-05-06;06/05/2021;13;13;13;13;12534
2021-05-07;07/05/2021;13;13;13;13;16000
2021-05-10;10/05/2021;13;13;13;13;9915
2021-05-11;11/05/2021;13;13;13;13;3386
2021-05-12;12/05/2021;13;13;13;13;3386
2021-05-14;14/05/2021;13;13;13;13;15000
2021-05-17;17/05/2021;13;13;13;13;10273
2021-05-18;18/05/2021;13;13;13;13;18710
2021-05-19;19/05/2021;13;13;13;13;6675
2021-05-20;20/05/2021;13;13;13;13;26618
2021-05-21;21/05/2021;13;13;13;13;144192
2021-05-24;24/05/2021;13;13;13;13;144192
2021-05-25;25/05/2021;13;13;13;13;52888
2021-05-26;26/05/2021;13;13;13;13;35731
2021-05-27;27/05/2021;13;13;13;13;43814
2021-05-28;28/05/2021;13;13;13;13;1087589
2021-05-31;31/05/2021;13;13;13;13;23798
2021-06-01;01/06/2021;13;13;13;13;38137
2021-06-02;02/06/2021;13;13;13;13;707534
2021-06-03;03/06/2021;13;13;13;13;31768
2021-06-04;04/06/2021;13;13;13;13;11967
2021-06-07;07/06/2021;13;13;13;13;28859
2021-06-08;08/06/2021;13;13;13;13;13660
2021-06-09;09/06/2021;13;13;13;13;42250
2021-06-10;10/06/2021;13;13;13;13;14000
2021-06-11;11/06/2021;13;13;13;13;170
2021-06-14;14/06/2021;13;13;13;13;35050
2021-06-15;15/06/2021;13;13;13;13;8675
2021-06-16;16/06/2021;13;13;13;13;112650
2021-06-17;17/06/2021;13;13;13;13;5340
2021-06-18;18/06/2021;13;13;13;13;2778
2021-06-21;21/06/2021;13;13;13;13;104198
2021-06-22;22/06/2021;13;13;13;13;21277
2021-06-23;23/06/2021;13;13;13;13;1115
2021-06-24;24/06/2021;13;13;13;13;1095
2021-06-28;28/06/2021;13;13;13;13;122183
2021-06-29;29/06/2021;13;13;13;13;43555
2021-06-30;30/06/2021;13;13;13;13;6846
2021-07-01;01/07/2021;13;13;13;13;15744
2021-07-02;02/07/2021;13;13;13;13;101500
2021-07-05;05/07/2021;13;13;13;13;10123
2021-07-06;06/07/2021;13;13;13;13;1257
2021-07-07;07/07/2021;13;13;13;13;10215
2021-07-08;08/07/2021;13;13;13;13;17550
2021-07-09;09/07/2021;13;13;13;13;69064
2021-07-12;12/07/2021;13;13;13;13;5753
2021-07-13;13/07/2021;13;13;13;13;66073
2021-07-14;14/07/2021;13;13;13;13;21318
2021-07-15;15/07/2021;13;13;13;13;30006
2021-07-16;16/07/2021;13;13;13;13;21706
2021-07-19;19/07/2021;13;13;13;13;5467
2021-07-20;20/07/2021;13;13;13;13;5467
2021-07-21;21/07/2021;13;13;13;13;129715
2021-07-22;22/07/2021;13;13;13;13;14988
2021-07-23;23/07/2021;13;13;13;13;10714
2021-07-26;26/07/2021;13;13;13;13;30324
2021-07-27;27/07/2021;13;13;13;13;93697
2021-07-28;28/07/2021;13;13;13;13;56803
2021-07-29;29/07/2021;13;13;13;13;71121
2021-07-30;30/07/2021;13;13;13;13;89284
2021-08-02;02/08/2021;13;13;13;13;18235
2021-08-03;03/08/2021;13;13;13;13;61989
2021-08-04;04/08/2021;13;13;13;13;1082225
2021-08-05;05/08/2021;13;13;13;13;42616
2021-08-06;06/08/2021;13;13;13;13;17910
2021-08-09;09/08/2021;13;13;13;13;61183
2021-08-10;10/08/2021;13;13;13;13;79905
2021-08-11;11/08/2021;13;13;13;13;9389
2021-08-12;12/08/2021;13;13;13;13;9034
2021-08-13;13/08/2021;13;13;13;13;25291
2021-08-16;16/08/2021;13;13;13;13;6865
2021-08-17;17/08/2021;13;13;13;13;14886
2021-08-18;18/08/2021;13;13;13;13;44148
2021-08-19;19/08/2021;13;13;13;13;21278
2021-08-20;20/08/2021;13;13;13;13;72563
2021-08-23;23/08/2021;13;13;13;13;254606
2021-08-24;24/08/2021;13;13;13;13;63543
2021-08-25;25/08/2021;13;13;13;13;127188
2021-08-26;26/08/2021;13;13;13;13;30376
2021-08-27;27/08/2021;13;13;13;13;38085
2021-08-30;30/08/2021;13;13;13;13;132945
2021-08-31;31/08/2021;13;13;13;13;240084
2021-09-01;01/09/2021;13;13;13;13;17432
2021-09-02;02/09/2021;13;13;13;13;32625
2021-09-03;03/09/2021;13;13;13;13;37507
2021-09-06;06/09/2021;13;13;13;13;44632
2021-09-07;07/09/2021;13;13;13;13;106759
2021-09-08;08/09/2021;13;13;13;13;120649
2021-09-09;09/09/2021;13;13;13;13;5596
2021-09-10;10/09/2021;13;13;13;13;126565
2021-09-13;13/09/2021;13;13;13;13;40913
2021-09-14;14/09/2021;13;13;13;13;160603
2021-09-15;15/09/2021;13;13;13;13;17398
2021-09-16;16/09/2021;13;13;13;13;23052
2021-09-17;17/09/2021;13;13;13;13;31809
2021-09-20;20/09/2021;13;13;13;13;146065
2021-09-21;21/09/2021;13;13;13;13;179033
2021-09-22;22/09/2021;13;13;13;13;25490
2021-09-23;23/09/2021;13;13;13;13;378108
2021-09-24;24/09/2021;13;13;13;13;113030
2021-09-27;27/09/2021;13;13;13;13;114626
2021-09-28;28/09/2021;13;13;13;13;144935
2021-09-29;29/09/2021;13;13;13;13;26287
2021-09-30;30/09/2021;13;13;13;13;395917
2021-10-01;01/10/2021;13;13;13;13;30515
2021-10-04;04/10/2021;13;13;13;13;46772
2021-10-05;05/10/2021;13;13;13;13;82011
2021-10-06;06/10/2021;13;13;13;13;24380
2021-10-07;07/10/2021;13;13;13;13;83944
2021-10-08;08/10/2021;13;13;13;13;36592
2021-10-11;11/10/2021;13;13;13;13;146681
2021-10-12;12/10/2021;13;13;13;13;36815
2021-10-13;13/10/2021;13;13;13;13;13100
2021-10-14;14/10/2021;13;13;13;13;317084
2021-10-15;15/10/2021;13;13;13;13;770383
2021-10-18;18/10/2021;13;13;13;13;770383
2021-10-19;19/10/2021;13;13;13;13;186328
2021-10-20;20/10/2021;13;13;13;13;13469
2021-10-21;21/10/2021;13;13;13;13;62280
2021-10-22;22/10/2021;13;13;13;13;1795658
2021-10-25;25/10/2021;13;13;13;13;605442
2021-10-26;26/10/2021;13;13;13;13;18327
2021-10-27;27/10/2021;13;13;13;13;148475
2021-10-28;28/10/2021;13;13;13;13;58300
2021-10-29;29/10/2021;13;13;13;13;414854
2021-11-01;01/11/2021;13;13;13;13;414854
2021-11-02;02/11/2021;13;13;13;13;28142
2021-11-03;03/11/2021;13;13;13;13;471235
2021-11-04;04/11/2021;13;13;13;13;2963448
2021-11-05;05/11/2021;13;13;13;13;156017
2021-11-08;08/11/2021;13;13;13;13;139515
2021-11-09;09/11/2021;13;13;13;13;73919
2021-11-10;10/11/2021;13;13;13;13;65904
2021-11-11;11/11/2021;13;13;13;13;8285
2021-11-12;12/11/2021;13;13;13;13;14820
2021-11-15;15/11/2021;13;13;13;13;14820
2021-11-16;16/11/2021;13;13;13;13;31394
2021-11-17;17/11/2021;13;13;13;13;4515
2021-11-18;18/11/2021;13;13;13;13;85343
2021-11-19;19/11/2021;13;13;13;13;5108
2021-11-22;22/11/2021;13;13;13;13;100732
2021-11-23;23/11/2021;13;13;13;13;11085
2021-11-24;24/11/2021;13;13;13;13;36130
2021-11-25;25/11/2021;13;13;13;13;8135
2021-11-26;26/11/2021;13;13;13;13;6014
2021-11-29;29/11/2021;13;13;13;13;4348
2021-11-30;30/11/2021;13;13;13;13;2285
2021-12-01;01/12/2021;13;13;13;13;329
2021-12-02;02/12/2021;13;13;13;13;3876
2021-12-03;03/12/2021;13;13;13;13;175373
2021-12-06;06/12/2021;13;13;13;13;156899
2021-12-07;07/12/2021;13;13;13;13;34218178
2021-12-08;08/12/2021;13;13;13;13;1754181
2021-12-09;09/12/2021;13;13;13;13;1817232
2021-12-10;10/12/2021;13;13;13;13;324746
2021-12-13;13/12/2021;13;13;13;13;985138
2021-12-14;14/12/2021;13;13;13;13;761205
2021-12-15;15/12/2021;13;13;13;13;1091476
2021-12-16;16/12/2021;13;13;13;13;509621
2021-12-17;17/12/2021;13;13;13;13;6535437
2021-12-20;20/12/2021;13;14;13;14;14879852
2021-12-21;21/12/2021;14;14;14;14;5172484
2021-12-22;22/12/2021;14;14;14;14;2173195
2021-12-23;23/12/2021;14;14;13;13;12655253
2021-12-24;24/12/2021;13;14;13;14;28045922
2021-12-27;27/12/2021;15;15;15;15;870756
2021-12-28;28/12/2021;16;16;16;16;235663
2021-12-29;29/12/2021;17;17;17;17;172394
2021-12-30;30/12/2021;18;18;18;18;4400251
2021-12-31;31/12/2021;19;19;18;18;1300569
2022-01-03;03/01/2022;19;19;19;19;651139
2022-01-04;04/01/2022;19;20;19;20;359688
2022-01-05;05/01/2022;21;21;21;21;3600939
2022-01-06;06/01/2022;22;22;22;22;2190774
2022-01-07;07/01/2022;23;23;23;23;7190563
2022-01-10;10/01/2022;24;24;24;24;836916
2022-01-11;11/01/2022;25;25;25;25;546253
2022-01-12;12/01/2022;26;26;26;26;8663538
2022-01-13;13/01/2022;27;27;25;25;3686170
2022-01-14;14/01/2022;24;24;24;24;303791
2022-01-17;17/01/2022;23;23;23;23;150396
2022-01-18;18/01/2022;22;22;22;22;836923
2022-01-19;19/01/2022;21;21;21;21;176953
2022-01-20;20/01/2022;20;20;20;20;51490
2022-01-21;21/01/2022;19;19;19;19;96033
2022-01-24;24/01/2022;18;18;18;18;169282
2022-01-25;25/01/2022;17;17;17;17;36948
2022-01-26;26/01/2022;16;18;16;18;2876511
2022-01-27;27/01/2022;19;19;19;19;1890789
2022-01-28;28/01/2022;20;20;20;20;1444527
2022-01-31;31/01/2022;21;21;21;21;2096020
2022-02-01;01/02/2022;22;22;22;22;638967
2022-02-02;02/02/2022;22;22;21;21;2249249
2022-02-03;03/02/2022;20;20;20;20;2523500
2022-02-04;04/02/2022;19;19;19;19;1695442
2022-02-07;07/02/2022;18;20;18;20;430860
2022-02-08;08/02/2022;21;21;21;21;1561259
2022-02-09;09/02/2022;22;22;22;22;1367776
2022-02-10;10/02/2022;23;23;22;22;1174552
2022-02-11;11/02/2022;22;22;21;21;438552
2022-02-14;14/02/2022;22;22;21;21;1073094
2022-02-15;15/02/2022;20;20;20;20;1800442
2022-02-16;16/02/2022;20;20;19;19;1541182
2022-02-17;17/02/2022;19;20;19;20;652695
2022-02-18;18/02/2022;20;20;20;20;507051
2022-02-21;21/02/2022;20;20;20;20;147431
2022-02-22;22/02/2022;20;20;20;20;249722
2022-02-23;23/02/2022;20;21;20;21;248019
2022-02-24;24/02/2022;21;21;21;21;171406
2022-02-25;25/02/2022;20;20;20;20;1114676
2022-02-28;28/02/2022;20;20;20;20;380399
2022-03-01;01/03/2022;19;19;19;19;2170186
2022-03-02;02/03/2022;18;18;18;18;1430435
2022-03-03;03/03/2022;17;17;17;17;477926
2022-03-04;04/03/2022;16;16;16;16;1863828
2022-03-07;07/03/2022;15;15;15;15;1060556
2022-03-08;08/03/2022;14;15;14;15;5546915
2022-03-09;09/03/2022;14;15;14;15;4991265
2022-03-10;10/03/2022;15;15;15;15;2917888
2022-03-11;11/03/2022;14;15;14;15;2173934
2022-03-14;14/03/2022;15;15;15;15;584291
2022-03-15;15/03/2022;15;15;15;15;2380943
2022-03-16;16/03/2022;15;15;15;15;2297713
2022-03-17;17/03/2022;14;15;14;15;4731864
2022-03-18;18/03/2022;15;15;15;15;553670
2022-03-21;21/03/2022;15;16;15;16;235507
2022-03-22;22/03/2022;16;17;16;17;1241061
2022-03-23;23/03/2022;17;17;17;17;1122336
2022-03-24;24/03/2022;17;17;17;17;1287777
2022-03-25;25/03/2022;17;18;17;18;142397
2022-03-28;28/03/2022;18;18;18;18;385755
2022-03-29;29/03/2022;17;17;17;17;686587
2022-03-30;30/03/2022;17;18;17;18;76660
2022-03-31;31/03/2022;17;17;17;17;83737
2022-04-01;01/04/2022;17;17;17;17;2254316
2022-04-04;04/04/2022;17;17;17;17;263094
2022-04-05;05/04/2022;16;17;16;17;43577
2022-04-06;06/04/2022;17;17;17;17;63096
2022-04-07;07/04/2022;17;17;17;17;68327
2022-04-08;08/04/2022;17;17;17;17;221460
2022-04-11;11/04/2022;17;17;17;17;929571
2022-04-12;12/04/2022;17;17;17;17;706327
2022-04-13;13/04/2022;17;17;17;17;573031
2022-04-14;14/04/2022;16;17;16;17;25300
2022-04-15;15/04/2022;17;17;17;17;654804
2022-04-19;19/04/2022;17;17;17;17;137892
2022-04-20;20/04/2022;17;17;17;17;29460
2022-04-21;21/04/2022;17;17;17;17;268377
2022-04-22;22/04/2022;17;17;17;17;24134
2022-04-25;25/04/2022;17;17;17;17;828305
2022-04-26;26/04/2022;17;17;17;17;2757307
2022-04-27;27/04/2022;17;17;17;17;296998
2022-04-28;28/04/2022;17;17;17;17;296998
2022-04-29;29/04/2022;17;17;17;17;94343
2022-05-02;02/05/2022;17;17;17;17;94343
2022-05-03;03/05/2022;17;17;16;16;517358
2022-05-04;04/05/2022;16;17;16;17;1696982
2022-05-05;05/05/2022;17;17;17;17;401464
2022-05-06;06/05/2022;16;17;16;17;182196
2022-05-09;09/05/2022;17;17;17;17;813022
2022-05-10;10/05/2022;17;17;16;16;487019
2022-05-11;11/05/2022;17;17;17;17;85577
2022-05-12;12/05/2022;17;17;17;17;69
2022-05-13;13/05/2022;17;17;17;17;113294
2022-05-16;16/05/2022;17;17;17;17;89355
2022-05-17;17/05/2022;16;16;16;16;1584431
2022-05-18;18/05/2022;16;16;16;16;2670049
2022-05-19;19/05/2022;15;16;15;16;184346
2022-05-20;20/05/2022;16;16;16;16;144559
2022-05-23;23/05/2022;16;16;15;15;263302
2022-05-24;24/05/2022;15;16;15;16;52114
2022-05-25;25/05/2022;16;16;16;16;604812
2022-05-26;26/05/2022;16;16;16;16;604812
2022-05-27;27/05/2022;16;16;16;16;388853
2022-05-30;30/05/2022;16;16;16;16;326110
2022-05-31;31/05/2022;16;16;16;16;1901271
2022-06-01;01/06/2022;16;16;16;16;2202023
2022-06-02;02/06/2022;16;16;16;16;55385
2022-06-03;03/06/2022;16;16;16;16;22077
2022-06-06;06/06/2022;16;16;16;16;22077
2022-06-07;07/06/2022;16;16;16;16;137525
2022-06-08;08/06/2022;16;16;16;16;34359
2022-06-09;09/06/2022;16;16;15;15;205204
2022-06-10;10/06/2022;16;16;16;16;90679
2022-06-13;13/06/2022;16;16;16;16;69073
2022-06-14;14/06/2022;16;16;16;16;496997
2022-06-15;15/06/2022;16;16;15;15;943385
2022-06-16;16/06/2022;15;15;15;15;67748
2022-06-17;17/06/2022;16;16;16;16;154144
2022-06-20;20/06/2022;16;16;16;16;294396
2022-06-21;21/06/2022;16;16;16;16;978618
2022-06-22;22/06/2022;16;16;16;16;17285
2022-06-23;23/06/2022;16;16;16;16;332521
2022-06-24;24/06/2022;15;15;15;15;2260824
2022-06-27;27/06/2022;15;15;15;15;644457
2022-06-28;28/06/2022;15;15;15;15;360774
2022-06-29;29/06/2022;16;16;15;15;1359421
2022-06-30;30/06/2022;15;16;15;16;1478876
2022-07-01;01/07/2022;15;16;15;16;14655
2022-07-04;04/07/2022;15;16;15;16;47300
2022-07-05;05/07/2022;16;16;16;16;16491
2022-07-06;06/07/2022;16;16;16;16;153506
2022-07-07;07/07/2022;15;16;15;16;162351
2022-07-08;08/07/2022;16;16;16;16;50984
2022-07-11;11/07/2022;16;16;15;15;11934
2022-07-12;12/07/2022;16;16;16;16;41604
2022-07-13;13/07/2022;16;16;16;16;3428562
2022-07-14;14/07/2022;17;17;17;17;156740
2022-07-15;15/07/2022;17;17;17;17;78579
2022-07-18;18/07/2022;17;18;17;18;1660324
2022-07-19;19/07/2022;18;18;18;18;69185
2022-07-20;20/07/2022;18;18;18;18;30845
2022-07-21;21/07/2022;18;18;18;18;59225
2022-07-22;22/07/2022;18;18;18;18;430216
2022-07-25;25/07/2022;18;18;18;18;271810
2022-07-26;26/07/2022;18;18;18;18;1065670
2022-07-27;27/07/2022;18;19;18;19;397845
2022-07-28;28/07/2022;19;19;19;19;137027
2022-07-29;29/07/2022;19;19;19;19;88782
2022-08-01;01/08/2022;18;19;18;19;2830342
2022-08-02;02/08/2022;19;19;19;19;91229
2022-08-03;03/08/2022;19;19;19;19;139278
2022-08-04;04/08/2022;18;18;18;18;242372
2022-08-05;05/08/2022;18;19;18;19;553633
2022-08-08;08/08/2022;18;19;18;19;553633
2022-08-09;09/08/2022;19;19;19;19;222354
2022-08-10;10/08/2022;19;19;18;18;216790
2022-08-11;11/08/2022;19;19;18;18;72884
2022-08-12;12/08/2022;18;18;18;18;50850
2022-08-15;15/08/2022;18;18;18;18;50850
2022-08-16;16/08/2022;18;18;18;18;158304
2022-08-17;17/08/2022;18;18;17;17;130500
2022-08-18;18/08/2022;17;18;17;18;71345
2022-08-19;19/08/2022;18;18;18;18;237485
2022-08-22;22/08/2022;18;18;18;18;695740
2022-08-23;23/08/2022;18;18;18;18;139231
2022-08-24;24/08/2022;18;18;18;18;73574
2022-08-25;25/08/2022;18;18;18;18;587028
2022-08-26;26/08/2022;19;19;18;18;31514
2022-08-29;29/08/2022;18;19;18;19;114070
2022-08-30;30/08/2022;19;19;19;19;115303
2022-08-31;31/08/2022;19;19;19;19;106576
2022-09-01;01/09/2022;19;19;19;19;1607013
2022-09-02;02/09/2022;19;19;18;18;27460
2022-09-05;05/09/2022;18;18;18;18;229730
2022-09-06;06/09/2022;19;19;19;19;35201
2022-09-07;07/09/2022;19;19;19;19;27874
2022-09-08;08/09/2022;19;19;19;19;260667
2022-09-09;09/09/2022;19;19;19;19;334614
2022-09-12;12/09/2022;19;19;19;19;129839
2022-09-13;13/09/2022;19;19;18;18;131078
2022-09-14;14/09/2022;19;19;19;19;225323
2022-09-15;15/09/2022;19;19;18;18;176224
2022-09-16;16/09/2022;18;19;18;19;700368
2022-09-19;19/09/2022;19;19;19;19;624962
2022-09-20;20/09/2022;19;19;19;19;38434
2022-09-21;21/09/2022;19;19;18;18;111139
2022-09-22;22/09/2022;18;19;18;19;358825
2022-09-23;23/09/2022;19;19;19;19;133714
2022-09-26;26/09/2022;19;19;19;19;106912
2022-09-27;27/09/2022;19;19;19;19;254378
2022-09-28;28/09/2022;18;19;18;19;283179
2022-09-29;29/09/2022;19;19;19;19;16141
2022-09-30;30/09/2022;19;19;19;19;218320
2022-10-03;03/10/2022;19;19;19;19;490183
2022-10-04;04/10/2022;19;19;18;18;125690
2022-10-05;05/10/2022;18;18;18;18;2361095
2022-10-06;06/10/2022;18;18;18;18;61194
2022-10-07;07/10/2022;18;19;18;19;11549
2022-10-10;10/10/2022;18;19;18;19;1549153
2022-10-11;11/10/2022;18;18;18;18;543081
2022-10-12;12/10/2022;18;18;18;18;2233371
2022-10-13;13/10/2022;18;18;18;18;212683
2022-10-14;14/10/2022;18;18;18;18;74351
2022-10-17;17/10/2022;19;19;19;19;154876
2022-10-18;18/10/2022;19;19;19;19;2052735
2022-10-19;19/10/2022;19;19;19;19;473259
2022-10-20;20/10/2022;18;19;18;19;58014
2022-10-21;21/10/2022;19;19;19;19;1111754
2022-10-24;24/10/2022;19;19;19;19;214686
2022-10-25;25/10/2022;18;19;18;19;16489
2022-10-26;26/10/2022;19;19;19;19;29595
2022-10-27;27/10/2022;19;19;19;19;171081
2022-10-28;28/10/2022;19;19;19;19;106300
2022-10-31;31/10/2022;19;19;19;19;106300
2022-11-01;01/11/2022;19;19;19;19;3500
2022-11-02;02/11/2022;19;19;18;18;97834
2022-11-03;03/11/2022;18;19;18;19;84144
2022-11-04;04/11/2022;19;19;19;19;30105
2022-11-07;07/11/2022;19;20;19;20;1497082
2022-11-08;08/11/2022;20;20;20;20;68078
2022-11-09;09/11/2022;19;20;19;20;96144
2022-11-10;10/11/2022;19;20;19;20;33457
2022-11-11;11/11/2022;20;20;20;20;111662
2022-11-14;14/11/2022;20;20;20;20;232853
2022-11-15;15/11/2022;20;20;20;20;232853
2022-11-16;16/11/2022;20;20;20;20;244567
2022-11-17;17/11/2022;19;20;19;20;148077
2022-11-18;18/11/2022;19;19;19;19;44162
2022-11-21;21/11/2022;19;19;19;19;705731
2022-11-22;22/11/2022;19;20;19;20;435995
2022-11-23;23/11/2022;19;20;19;20;576979
2022-11-24;24/11/2022;19;20;19;20;127735
2022-11-25;25/11/2022;19;20;19;20;144745
2022-11-28;28/11/2022;20;20;20;20;21299
2022-11-29;29/11/2022;19;19;19;19;605825
2022-11-30;30/11/2022;19;19;19;19;605825
2022-12-01;01/12/2022;19;19;19;19;605825
2022-12-02;02/12/2022;18;19;18;19;275070
2022-12-05;05/12/2022;18;19;18;19;32335
2022-12-06;06/12/2022;19;19;19;19;85416
2022-12-07;07/12/2022;19;19;19;19;17934
2022-12-08;08/12/2022;19;19;19;19;65037
2022-12-09;09/12/2022;19;19;19;19;499989
2022-12-12;12/12/2022;19;19;19;19;164395
2022-12-13;13/12/2022;18;19;18;19;21028
2022-12-14;14/12/2022;19;19;19;19;65088
2022-12-15;15/12/2022;19;19;19;19;29513
2022-12-16;16/12/2022;19;20;19;20;1431468
2022-12-19;19/12/2022;19;19;19;19;68511
2022-12-20;20/12/2022;18;19;18;19;41130
2022-12-21;21/12/2022;19;19;19;19;39946
2022-12-22;22/12/2022;18;19;18;19;532576
2022-12-23;23/12/2022;19;20;19;20;33280
2022-12-26;26/12/2022;19;20;19;20;33280
2022-12-27;27/12/2022;20;20;20;20;198938
2022-12-28;28/12/2022;20;20;19;19;368390
2022-12-29;29/12/2022;19;19;19;19;2810627
2022-12-30;30/12/2022;19;19;19;19;109511
2023-01-02;02/01/2023;19;19;19;19;104313
2023-01-03;03/01/2023;19;19;19;19;32006
2023-01-04;04/01/2023;19;19;19;19;24663
2023-01-05;05/01/2023;19;20;19;20;665706
2023-01-06;06/01/2023;20;20;19;19;3308801
2023-01-09;09/01/2023;19;19;19;19;1263945
2023-01-10;10/01/2023;18;18;18;18;292716
2023-01-11;11/01/2023;19;19;19;19;12953
2023-01-12;12/01/2023;19;19;19;19;38440
2023-01-13;13/01/2023;19;19;19;19;49382
2023-01-16;16/01/2023;19;19;19;19;52202
2023-01-17;17/01/2023;19;20;19;20;104928
2023-01-18;18/01/2023;20;20;20;20;20245
2023-01-19;19/01/2023;20;20;20;20;56157
2023-01-20;20/01/2023;20;20;20;20;59550
2023-01-23;23/01/2023;20;20;20;20;48297
2023-01-24;24/01/2023;20;20;20;20;15710
2023-01-25;25/01/2023;19;20;19;20;94056
2023-01-26;26/01/2023;20;20;20;20;333023
2023-01-27;27/01/2023;20;20;20;20;16695
2023-01-30;30/01/2023;20;20;20;20;44760
2023-01-31;31/01/2023;20;20;20;20;127128
2023-02-01;01/02/2023;19;20;19;20;45982
2023-02-02;02/02/2023;20;20;20;20;89419
2023-02-03;03/02/2023;20;20;20;20;50500
2023-02-06;06/02/2023;20;20;20;20;30913
2023-02-07;07/02/2023;19;20;19;20;116165
2023-02-08;08/02/2023;20;20;19;19;21750
2023-02-09;09/02/2023;19;20;19;20;1098556
2023-02-10;10/02/2023;20;20;20;20;200466
2023-02-13;13/02/2023;19;20;19;20;100602
2023-02-14;14/02/2023;20;20;20;20;74090
2023-02-15;15/02/2023;19;20;19;20;76706
2023-02-16;16/02/2023;19;20;19;20;1292629
2023-02-17;17/02/2023;20;20;20;20;17228
2023-02-20;20/02/2023;20;20;20;20;551629
2023-02-21;21/02/2023;19;21;19;21;349729
2023-02-22;22/02/2023;20;20;20;20;194789
2023-02-23;23/02/2023;19;20;19;20;264036
2023-02-24;24/02/2023;20;20;20;20;161613
2023-02-27;27/02/2023;20;20;20;20;57737
2023-02-28;28/02/2023;19;20;19;20;52684
2023-03-01;01/03/2023;20;20;20;20;96577
2023-03-02;02/03/2023;20;20;20;20;113959
2023-03-03;03/03/2023;20;20;20;20;334792
2023-03-06;06/03/2023;20;20;20;20;1319402
2023-03-07;07/03/2023;20;20;20;20;13770
2023-03-08;08/03/2023;20;20;20;20;259647
2023-03-09;09/03/2023;20;20;20;20;27362
2023-03-10;10/03/2023;20;20;20;20;49814
2023-03-13;13/03/2023;20;20;20;20;1060145
2023-03-14;14/03/2023;20;20;20;20;1056867
2023-03-15;15/03/2023;20;20;20;20;2821165
2023-03-16;16/03/2023;20;20;20;20;462170
2023-03-17;17/03/2023;20;20;20;20;1153626
2023-03-20;20/03/2023;20;20;20;20;237206
2023-03-21;21/03/2023;20;20;20;20;536535
2023-03-22;22/03/2023;20;20;20;20;195805
2023-03-23;23/03/2023;20;20;20;20;913348
2023-03-24;24/03/2023;20;20;20;20;1281760
2023-03-27;27/03/2023;20;20;20;20;507891
2023-03-28;28/03/2023;20;20;20;20;64350
2023-03-29;29/03/2023;20;20;19;19;1980883
2023-03-30;30/03/2023;19;19;18;18;3672314
2023-03-31;31/03/2023;17;17;17;17;383001
2023-04-03;03/04/2023;16;17;16;17;1895268
2023-04-04;04/04/2023;17;17;17;17;420041
2023-04-05;05/04/2023;17;17;17;17;229937
2023-04-06;06/04/2023;17;17;17;17;445195
2023-04-07;07/04/2023;17;17;16;16;48162
2023-04-10;10/04/2023;17;17;16;16;48162
2023-04-11;11/04/2023;17;17;17;17;1370675
2023-04-12;12/04/2023;17;18;17;18;149381
2023-04-13;13/04/2023;17;18;17;18;2420000
2023-04-14;14/04/2023;18;18;18;18;84932
2023-04-17;17/04/2023;18;18;18;18;562711
2023-04-18;18/04/2023;18;18;18;18;562711
2023-04-19;19/04/2023;18;18;18;18;69382
2023-04-20;20/04/2023;18;18;18;18;2024312
2023-04-21;21/04/2023;18;18;18;18;2024312
2023-04-24;24/04/2023;17;18;17;18;48211
2023-04-25;25/04/2023;17;18;17;18;111273
2023-04-26;26/04/2023;18;18;18;18;35661
2023-04-27;27/04/2023;18;18;18;18;6839
2023-04-28;28/04/2023;17;18;17;18;130986
2023-05-01;01/05/2023;17;18;17;18;130986
2023-05-02;02/05/2023;17;18;17;18;284779
2023-05-03;03/05/2023;17;18;17;18;284779
2023-05-04;04/05/2023;17;18;17;18;558217
2023-05-05;05/05/2023;18;18;18;18;151352
2023-05-08;08/05/2023;18;18;18;18;367347
2023-05-09;09/05/2023;17;18;17;18;713475
2023-05-10;10/05/2023;17;18;17;18;30819
2023-05-11;11/05/2023;18;18;18;18;49459
2023-05-12;12/05/2023;18;18;18;18;82582
2023-05-15;15/05/2023;18;18;18;18;55617
2023-05-16;16/05/2023;17;18;17;18;129486
2023-05-17;17/05/2023;17;18;17;18;501671
2023-05-18;18/05/2023;17;18;17;18;501671
2023-05-19;19/05/2023;18;18;18;18;36020
2023-05-22;22/05/2023;18;18;18;18;56357
2023-05-23;23/05/2023;18;18;18;18;90632
2023-05-24;24/05/2023;18;18;18;18;19948
2023-05-25;25/05/2023;18;18;18;18;245373
2023-05-26;26/05/2023;18;18;18;18;186085
2023-05-29;29/05/2023;18;18;18;18;186085
2023-05-30;30/05/2023;17;18;17;18;87968
2023-05-31;31/05/2023;17;17;17;17;1039178
2023-06-01;01/06/2023;17;17;17;17;368864
2023-06-02;02/06/2023;18;18;18;18;77033
2023-06-05;05/06/2023;18;18;18;18;130089
2023-06-06;06/06/2023;17;18;17;18;164325
2023-06-07;07/06/2023;17;18;17;18;68181
2023-06-08;08/06/2023;18;18;18;18;315690
2023-06-09;09/06/2023;18;18;18;18;28709
2023-06-12;12/06/2023;18;18;18;18;51015
2023-06-13;13/06/2023;17;18;17;18;349062
2023-06-14;14/06/2023;17;18;17;18;560
2023-06-15;15/06/2023;17;18;17;18;165624
2023-06-16;16/06/2023;18;18;18;18;16582
2023-06-19;19/06/2023;18;18;18;18;69144
2023-06-20;20/06/2023;18;18;18;18;78963
2023-06-21;21/06/2023;18;18;18;18;23221
2023-06-22;22/06/2023;18;18;18;18;32333
2023-06-23;23/06/2023;17;17;17;17;1337560
2023-06-26;26/06/2023;16;18;16;18;632010
2023-06-27;27/06/2023;18;18;18;18;24900
2023-06-28;28/06/2023;18;18;18;18;24900
2023-06-29;29/06/2023;18;18;18;18;63852
2023-06-30;30/06/2023;17;18;17;18;905
2023-07-03;03/07/2023;18;18;18;18;109588
2023-07-04;04/07/2023;17;18;17;18;60138
2023-07-05;05/07/2023;18;18;18;18;20100
2023-07-06;06/07/2023;18;18;17;17;49377
2023-07-07;07/07/2023;17;18;17;18;9356
2023-07-10;10/07/2023;17;17;17;17;306768
2023-07-11;11/07/2023;17;18;17;18;308863
2023-07-12;12/07/2023;18;18;18;18;26809
2023-07-13;13/07/2023;17;18;17;18;107324
2023-07-14;14/07/2023;17;18;17;18;307924
2023-07-17;17/07/2023;18;18;18;18;6210
2023-07-18;18/07/2023;18;18;18;18;271869
2023-07-19;19/07/2023;18;18;18;18;28219
2023-07-20;20/07/2023;18;18;18;18;761843
2023-07-21;21/07/2023;17;18;17;18;31650
2023-07-24;24/07/2023;18;18;18;18;135217
2023-07-25;25/07/2023;18;18;18;18;26140
2023-07-26;26/07/2023;18;18;18;18;73613
2023-07-27;27/07/2023;18;18;18;18;38208
2023-07-28;28/07/2023;18;18;18;18;918795
2023-07-31;31/07/2023;18;18;18;18;582628
2023-08-01;01/08/2023;17;18;17;18;324698
2023-08-02;02/08/2023;18;18;18;18;615910
2023-08-03;03/08/2023;18;18;18;18;29532
2023-08-04;04/08/2023;18;18;18;18;178010
2023-08-07;07/08/2023;18;18;18;18;178010
2023-08-08;08/08/2023;18;18;18;18;527049
2023-08-09;09/08/2023;17;17;17;17;214392
2023-08-10;10/08/2023;17;18;17;18;142333
2023-08-11;11/08/2023;17;18;17;18;46962
2023-08-14;14/08/2023;18;18;18;18;8970
2023-08-15;15/08/2023;18;18;18;18;8970
2023-08-16;16/08/2023;18;18;18;18;39839
2023-08-17;17/08/2023;18;18;18;18;364251
2023-08-18;18/08/2023;18;18;18;18;20288
2023-08-21;21/08/2023;18;18;18;18;577908
2023-08-22;22/08/2023;18;18;17;17;312023
2023-08-23;23/08/2023;18;18;18;18;129238
2023-08-24;24/08/2023;18;18;18;18;93912
2023-08-25;25/08/2023;18;18;18;18;67901
2023-08-28;28/08/2023;18;18;17;17;37848
2023-08-29;29/08/2023;17;18;17;18;273955
2023-08-30;30/08/2023;18;18;18;18;33138
2023-08-31;31/08/2023;17;18;17;18;498489
2023-09-01;01/09/2023;18;18;18;18;51213
2023-09-04;04/09/2023;17;18;17;18;463754
2023-09-05;05/09/2023;18;18;18;18;59962
2023-09-06;06/09/2023;18;19;18;19;332758
2023-09-07;07/09/2023;19;19;18;18;442734
2023-09-08;08/09/2023;19;19;19;19;547672
2023-09-11;11/09/2023;18;19;18;19;37073
2023-09-12;12/09/2023;18;19;18;19;65856
2023-09-13;13/09/2023;19;19;19;19;186169
2023-09-14;14/09/2023;19;19;19;19;11455
2023-09-15;15/09/2023;19;19;19;19;87610
2023-09-18;18/09/2023;18;19;18;19;100067
2023-09-19;19/09/2023;19;19;19;19;72644
2023-09-20;20/09/2023;18;19;18;19;63301
2023-09-21;21/09/2023;19;19;19;19;355927
2023-09-22;22/09/2023;19;19;19;19;53327
2023-09-25;25/09/2023;19;19;19;19;28464
2023-09-26;26/09/2023;19;19;19;19;9461
2023-09-27;27/09/2023;19;19;19;19;9461
2023-09-28;28/09/2023;19;19;19;19;155528
2023-09-29;29/09/2023;18;19;18;19;16827
2023-10-02;02/10/2023;19;19;19;19;40826
2023-10-03;03/10/2023;19;19;19;19;297992
2023-10-04;04/10/2023;19;19;19;19;1350008
2023-10-05;05/10/2023;18;19;18;19;161547
2023-10-06;06/10/2023;19;19;19;19;949568
2023-10-09;09/10/2023;19;19;19;19;12008
2023-10-10;10/10/2023;19;19;19;19;20522
2023-10-11;11/10/2023;18;19;18;19;100170
2023-10-12;12/10/2023;18;19;18;19;782117
2023-10-13;13/10/2023;18;19;18;19;162558
2023-10-16;16/10/2023;19;19;19;19;39357
2023-10-17;17/10/2023;19;19;19;19;34021
2023-10-18;18/10/2023;18;19;18;19;61361
2023-10-19;19/10/2023;18;19;18;19;413965
2023-10-20;20/10/2023;18;19;18;19;114750
2023-10-23;23/10/2023;18;18;18;18;98653
2023-10-24;24/10/2023;18;19;18;19;288427
2023-10-25;25/10/2023;18;19;18;19;8484
2023-10-26;26/10/2023;19;19;18;18;95657
2023-10-27;27/10/2023;19;19;18;18;25861
2023-10-30;30/10/2023;18;18;18;18;27131
2023-10-31;31/10/2023;18;18;18;18;25855
2023-11-01;01/11/2023;18;18;18;18;25855
2023-11-02;02/11/2023;18;18;18;18;152984
2023-11-03;03/11/2023;17;18;17;18;59267
2023-11-06;06/11/2023;18;18;18;18;209992
2023-11-07;07/11/2023;18;18;18;18;80895
2023-11-08;08/11/2023;18;18;18;18;764202
2023-11-09;09/11/2023;18;18;18;18;533353
2023-11-10;10/11/2023;19;19;19;19;2392733
2023-11-13;13/11/2023;18;19;18;19;29766
2023-11-14;14/11/2023;19;19;18;18;99581
2023-11-15;15/11/2023;19;19;18;18;99581
2023-11-16;16/11/2023;18;18;18;18;38507
2023-11-17;17/11/2023;18;18;18;18;24263
2023-11-20;20/11/2023;18;18;18;18;86576
2023-11-21;21/11/2023;18;18;18;18;238645
2023-11-22;22/11/2023;18;18;18;18;25353
2023-11-23;23/11/2023;18;18;18;18;40009
2023-11-24;24/11/2023;17;18;17;18;240317
2023-11-27;27/11/2023;18;18;18;18;541636
2023-11-28;28/11/2023;18;18;18;18;459061
2023-11-29;29/11/2023;18;18;18;18;940334
2023-11-30;30/11/2023;18;18;17;17;145805
2023-12-01;01/12/2023;17;18;17;18;437623
2023-12-04;04/12/2023;18;18;18;18;123975
2023-12-05;05/12/2023;18;18;18;18;8196
2023-12-06;06/12/2023;18;18;18;18;101426
2023-12-07;07/12/2023;18;18;18;18;81834
2023-12-08;08/12/2023;18;18;18;18;130184
2023-12-11;11/12/2023;18;18;18;18;24102
2023-12-12;12/12/2023;18;18;18;18;88097
2023-12-13;13/12/2023;18;18;18;18;54716
2023-12-14;14/12/2023;18;18;18;18;326160
2023-12-15;15/12/2023;18;18;18;18;100770
2023-12-18;18/12/2023;18;18;18;18;8336
2023-12-19;19/12/2023;18;18;18;18;1685322
2023-12-20;20/12/2023;17;18;17;18;265324
2023-12-21;21/12/2023;18;18;18;18;22426
2023-12-22;22/12/2023;18;18;18;18;53273
2023-12-25;25/12/2023;18;18;18;18;53273
2023-12-26;26/12/2023;18;18;18;18;16478
2023-12-27;27/12/2023;18;18;18;18;42107
2023-12-28;28/12/2023;18;18;18;18;1481920
2023-12-29;29/12/2023;18;19;18;19;711443
2024-01-01;01/01/2024;18;19;18;19;711443
2024-01-02;02/01/2024;19;19;19;19;37457
2024-01-03;03/01/2024;19;19;19;19;13605
2024-01-04;04/01/2024;18;18;18;18;30465
2024-01-05;05/01/2024;18;18;18;18;210095
2024-01-08;08/01/2024;18;18;18;18;98160
2024-01-09;09/01/2024;18;18;18;18;649
2024-01-10;10/01/2024;17;18;17;18;1121867
2024-01-11;11/01/2024;17;18;17;18;178689
2024-01-12;12/01/2024;18;18;18;18;101821
2024-01-15;15/01/2024;18;18;18;18;74076
2024-01-16;16/01/2024;18;18;18;18;93304
2024-01-17;17/01/2024;18;18;18;18;11482
2024-01-18;18/01/2024;18;18;18;18;19644
2024-01-19;19/01/2024;18;18;18;18;2408662
2024-01-22;22/01/2024;18;18;18;18;3925
2024-01-23;23/01/2024;17;18;17;18;61050
2024-01-24;24/01/2024;17;18;17;18;20879
2024-01-25;25/01/2024;18;18;18;18;1677
2024-01-26;26/01/2024;18;18;18;18;55758
2024-01-29;29/01/2024;18;18;18;18;149765
2024-01-30;30/01/2024;18;18;18;18;2642
2024-01-31;31/01/2024;18;18;18;18;76098
2024-02-01;01/02/2024;18;18;18;18;15841
2024-02-02;02/02/2024;18;18;18;18;35991
2024-02-05;05/02/2024;17;18;17;18;18198
2024-02-06;06/02/2024;18;18;18;18;16365
2024-02-07;07/02/2024;17;18;17;18;551710
2024-02-08;08/02/2024;17;18;17;18;133516
2024-02-09;09/02/2024;17;18;17;18;51505
2024-02-12;12/02/2024;17;18;17;18;51505
2024-02-13;13/02/2024;17;18;17;18;35003
2024-02-14;14/02/2024;18;18;18;18;29869
2024-02-15;15/02/2024;18;18;18;18;16393
2024-02-16;16/02/2024;18;18;18;18;15231
2024-02-19;19/02/2024;18;18;17;17;17630
2024-02-20;20/02/2024;17;18;17;18;205110
2024-02-21;21/02/2024;18;18;18;18;104156
2024-02-22;22/02/2024;18;18;18;18;3000
2024-02-23;23/02/2024;18;18;17;17;1720560
2024-02-26;26/02/2024;18;18;18;18;76869
2024-02-27;27/02/2024;17;18;17;18;198115
2024-02-28;28/02/2024;18;18;18;18;36970
2024-02-29;29/02/2024;18;18;18;18;6295
2024-03-01;01/03/2024;18;18;17;17;32733
2024-03-04;04/03/2024;17;18;17;18;67755
2024-03-05;05/03/2024;17;18;17;18;235473
2024-03-06;06/03/2024;17;18;17;18;1042912
2024-03-07;07/03/2024;18;18;18;18;53802
2024-03-08;08/03/2024;18;18;18;18;418708
2024-03-11;11/03/2024;17;18;17;18;222863
2024-03-12;12/03/2024;17;18;17;18;4766
2024-03-13;13/03/2024;17;18;17;18;920368
2024-03-14;14/03/2024;18;18;18;18;500570
2024-03-15;15/03/2024;18;18;18;18;353
2024-03-18;18/03/2024;17;18;17;18;17431
2024-03-19;19/03/2024;18;18;18;18;213113
2024-03-20;20/03/2024;18;18;18;18;21960
2024-03-21;21/03/2024;18;18;18;18;47999
2024-03-22;22/03/2024;18;18;18;18;8007
2024-03-25;25/03/2024;17;18;17;18;92858
2024-03-26;26/03/2024;18;18;18;18;44467
2024-03-27;27/03/2024;18;18;18;18;329187
2024-03-28;28/03/2024;18;18;18;18;16037
2024-03-29;29/03/2024;18;18;18;18;210750
2024-04-01;01/04/2024;18;18;18;18;210750
2024-04-02;02/04/2024;17;18;17;18;20249
2024-04-03;03/04/2024;18;18;18;18;145684
2024-04-04;04/04/2024;18;18;18;18;92697
2024-04-05;05/04/2024;18;18;18;18;652301
2024-04-08;08/04/2024;18;18;18;18;100922
2024-04-09;09/04/2024;18;18;18;18;10600
2024-04-10;10/04/2024;18;18;18;18;10600
2024-04-11;11/04/2024;18;18;18;18;12230
2024-04-12;12/04/2024;18;18;18;18;24565
2024-04-15;15/04/2024;18;18;18;18;25015
2024-04-16;16/04/2024;18;18;18;18;70065
2024-04-17;17/04/2024;18;18;18;18;94687
2024-04-18;18/04/2024;17;18;17;18;9556
2024-04-19;19/04/2024;18;18;18;18;23441
2024-04-22;22/04/2024;18;18;18;18;177221
2024-04-23;23/04/2024;18;18;18;18;89120
2024-04-24;24/04/2024;18;18;18;18;95791
2024-04-25;25/04/2024;17;18;17;18;183032
2024-04-26;26/04/2024;18;18;18;18;61992
2024-04-29;29/04/2024;18;18;17;17;118955
2024-04-30;30/04/2024;18;18;18;18;25528
2024-05-01;01/05/2024;18;18;18;18;25528
2024-05-02;02/05/2024;18;18;17;17;313055
2024-05-03;03/05/2024;17;17;16;16;258439
2024-05-06;06/05/2024;17;17;17;17;37286
2024-05-07;07/05/2024;17;17;16;16;281839
2024-05-08;08/05/2024;17;17;17;17;24340
2024-05-09;09/05/2024;17;17;17;17;24340
2024-05-10;10/05/2024;17;17;17;17;162224
2024-05-13;13/05/2024;17;17;17;17;195763
2024-05-14;14/05/2024;17;17;17;17;40899
2024-05-15;15/05/2024;17;17;17;17;78581
2024-05-16;16/05/2024;16;16;16;16;30035
2024-05-17;17/05/2024;17;17;17;17;500102
2024-05-20;20/05/2024;17;17;17;17;500102
2024-05-21;21/05/2024;16;16;16;16;844864
2024-05-22;22/05/2024;16;17;16;17;353240
2024-05-23;23/05/2024;17;17;17;17;93228
2024-05-24;24/05/2024;17;17;17;17;582512
2024-05-27;27/05/2024;17;17;17;17;2098835
2024-05-28;28/05/2024;17;17;17;17;14174
2024-05-29;29/05/2024;17;17;17;17;409237
2024-05-30;30/05/2024;17;17;17;17;33787
2024-05-31;31/05/2024;17;17;17;17;849979
2024-06-03;03/06/2024;17;17;17;17;237789
2024-06-04;04/06/2024;16;17;16;17;293010
2024-06-05;05/06/2024;17;17;17;17;388450
2024-06-06;06/06/2024;16;17;16;17;32064
2024-06-07;07/06/2024;17;17;16;16;1144702
2024-06-10;10/06/2024;16;17;16;17;158319
2024-06-11;11/06/2024;17;17;17;17;176215
2024-06-12;12/06/2024;16;17;16;17;101658
2024-06-13;13/06/2024;17;17;17;17;104006
2024-06-14;14/06/2024;17;17;17;17;57508
2024-06-18;18/06/2024;16;17;16;17;125514
2024-06-19;19/06/2024;17;17;17;17;486141
2024-06-20;20/06/2024;16;17;16;17;4806
2024-06-21;21/06/2024;16;17;16;17;22779
2024-06-24;24/06/2024;17;17;17;17;28661
2024-06-25;25/06/2024;17;17;17;17;25581
2024-06-26;26/06/2024;16;17;16;17;113102
2024-06-27;27/06/2024;17;17;17;17;219467
2024-06-28;28/06/2024;17;17;17;17;17415
2024-07-01;01/07/2024;17;17;17;17;15400
2024-07-02;02/07/2024;16;17;16;17;12616
2024-07-03;03/07/2024;17;17;17;17;44549
2024-07-04;04/07/2024;17;17;17;17;52555
2024-07-05;05/07/2024;17;17;16;16;27466
2024-07-08;08/07/2024;16;17;16;17;59523
2024-07-09;09/07/2024;17;17;17;17;95787
2024-07-10;10/07/2024;17;17;17;17;81693
2024-07-11;11/07/2024;17;17;17;17;82477
2024-07-12;12/07/2024;17;17;17;17;1037409
2024-07-15;15/07/2024;16;17;16;17;1525762
2024-07-16;16/07/2024;17;17;17;17;78331
2024-07-17;17/07/2024;17;17;17;17;49793
2024-07-18;18/07/2024;17;17;16;16;316479
2024-07-19;19/07/2024;16;17;16;17;17397
2024-07-22;22/07/2024;17;17;17;17;325138
2024-07-23;23/07/2024;17;17;17;17;75365
2024-07-24;24/07/2024;17;17;17;17;94264
2024-07-25;25/07/2024;17;17;17;17;26154
2024-07-26;26/07/2024;17;17;17;17;52493
2024-07-29;29/07/2024;16;16;16;16;101717
2024-07-30;30/07/2024;16;16;16;16;278925
2024-07-31;31/07/2024;17;17;17;17;34166
2024-08-01;01/08/2024;17;17;16;16;35246
2024-08-02;02/08/2024;17;17;17;17;251832
2024-08-05;05/08/2024;17;17;17;17;43895
2024-08-06;06/08/2024;17;17;17;17;623934
2024-08-07;07/08/2024;17;17;17;17;623934
2024-08-08;08/08/2024;17;17;17;17;153444
2024-08-09;09/08/2024;17;17;17;17;1098026
2024-08-12;12/08/2024;16;16;16;16;617887
2024-08-13;13/08/2024;17;17;17;17;209209
2024-08-14;14/08/2024;16;17;16;17;45013
2024-08-15;15/08/2024;16;17;16;17;45013
2024-08-16;16/08/2024;16;17;16;17;572047
2024-08-19;19/08/2024;17;17;17;17;176181
2024-08-20;20/08/2024;16;17;16;17;275120
2024-08-21;21/08/2024;17;17;17;17;40335
2024-08-22;22/08/2024;17;17;17;17;37080
2024-08-23;23/08/2024;16;17;16;17;128000
2024-08-26;26/08/2024;17;17;16;16;168478
2024-08-27;27/08/2024;16;17;16;17;234782
2024-08-28;28/08/2024;16;17;16;17;182678
2024-08-29;29/08/2024;17;17;16;16;1099399
2024-08-30;30/08/2024;15;17;15;17;1340587
2024-09-02;02/09/2024;17;17;17;17;92686
2024-09-03;03/09/2024;17;17;17;17;212103
2024-09-04;04/09/2024;16;17;16;17;273638
2024-09-05;05/09/2024;17;17;17;17;8229
2024-09-06;06/09/2024;16;17;16;17;122440
2024-09-09;09/09/2024;17;17;16;16;269896
2024-09-10;10/09/2024;16;17;16;17;1253651
2024-09-11;11/09/2024;17;17;16;16;46507
2024-09-12;12/09/2024;16;17;16;17;487988
2024-09-13;13/09/2024;17;17;17;17;47561
2024-09-16;16/09/2024;16;17;16;17;201358
2024-09-17;17/09/2024;17;17;17;17;18847
2024-09-18;18/09/2024;16;17;16;17;467037
2024-09-19;19/09/2024;17;17;17;17;115890
2024-09-20;20/09/2024;17;17;17;17;26070
2024-09-23;23/09/2024;17;17;17;17;531416
2024-09-24;24/09/2024;17;17;16;16;321467
2024-09-25;25/09/2024;17;17;17;17;51815
2024-09-26;26/09/2024;17;17;17;17;94324
2024-09-27;27/09/2024;16;17;16;17;321841
2024-09-30;30/09/2024;16;16;16;16;193868
2024-10-01;01/10/2024;16;17;16;17;1349946
2024-10-02;02/10/2024;17;17;17;17;113201
2024-10-03;03/10/2024;17;17;17;17;28142
2024-10-04;04/10/2024;16;16;16;16;777579
2024-10-07;07/10/2024;16;17;16;17;197848
2024-10-08;08/10/2024;17;17;17;17;60127
2024-10-09;09/10/2024;17;17;17;17;37177
2024-10-10;10/10/2024;16;17;16;17;600164
2024-10-11;11/10/2024;16;17;16;17;594015
2024-10-14;14/10/2024;17;17;16;16;89533
2024-10-15;15/10/2024;15;16;15;16;685590
2024-10-16;16/10/2024;15;16;15;16;401912
2024-10-17;17/10/2024;16;16;16;16;87387
2024-10-18;18/10/2024;16;16;16;16;91992
2024-10-21;21/10/2024;16;16;16;16;557728
2024-10-22;22/10/2024;16;16;16;16;232026
2024-10-23;23/10/2024;16;16;16;16;238652
2024-10-24;24/10/2024;16;16;16;16;61305
2024-10-25;25/10/2024;16;16;16;16;142470
2024-10-28;28/10/2024;15;16;15;16;1569083
2024-10-29;29/10/2024;16;16;16;16;1373835
2024-10-30;30/10/2024;16;16;16;16;62231
2024-10-31;31/10/2024;16;16;16;16;12063
2024-11-01;01/11/2024;16;16;16;16;12063
2024-11-04;04/11/2024;15;16;15;16;401272
2024-11-05;05/11/2024;16;16;16;16;187958
2024-11-06;06/11/2024;16;16;16;16;43929
2024-11-07;07/11/2024;15;16;15;16;1014107
2024-11-08;08/11/2024;16;16;16;16;468395
2024-11-11;11/11/2024;16;16;16;16;38537
2024-11-12;12/11/2024;16;16;15;15;315383
2024-11-13;13/11/2024;16;16;16;16;101013
2024-11-14;14/11/2024;16;16;15;15;243305
2024-11-15;15/11/2024;16;16;15;15;243305
2024-11-18;18/11/2024;16;16;16;16;1562154
2024-11-19;19/11/2024;16;16;16;16;131601
2024-11-20;20/11/2024;16;16;16;16;33574
2024-11-21;21/11/2024;16;16;16;16;72225
2024-11-22;22/11/2024;16;16;16;16;46513
2024-11-25;25/11/2024;16;16;16;16;104807
2024-11-26;26/11/2024;16;16;16;16;11087
2024-11-27;27/11/2024;15;16;15;16;76836
2024-11-28;28/11/2024;16;16;16;16;132006
2024-11-29;29/11/2024;16;16;16;16;40065
2024-12-02;02/12/2024;16;16;16;16;36700
2024-12-03;03/12/2024;16;16;16;16;51955
2024-12-04;04/12/2024;16;16;16;16;17064
2024-12-05;05/12/2024;15;16;15;16;24012
2024-12-06;06/12/2024;16;16;16;16;105537
2024-12-09;09/12/2024;15;16;15;16;15118
2024-12-10;10/12/2024;16;16;16;16;4166937
2024-12-11;11/12/2024;16;16;16;16;30403
2024-12-12;12/12/2024;16;16;16;16;226368
2024-12-13;13/12/2024;15;16;15;16;601132
2024-12-16;16/12/2024;16;16;16;16;52062
2024-12-17;17/12/2024;16;16;16;16;55053
2024-12-18;18/12/2024;16;16;16;16;70389
2024-12-19;19/12/2024;16;16;16;16;81501
2024-12-20;20/12/2024;16;16;16;16;20221
2024-12-23;23/12/2024;16;16;16;16;38757
2024-12-24;24/12/2024;16;16;16;16;36629
2024-12-25;25/12/2024;16;16;16;16;36629
2024-12-26;26/12/2024;16;16;16;16;504739
2024-12-27;27/12/2024;16;16;16;16;65776
2024-12-30;30/12/2024;16;16;16;16;544106
2024-12-31;31/12/2024;16;16;16;16;519956
2025-01-01;01/01/2025;16;16;16;16;519956
2025-01-02;02/01/2025;16;16;16;16;13321
2025-01-03;03/01/2025;16;16;16;16;46477
2025-01-06;06/01/2025;16;16;16;16;243412
2025-01-07;07/01/2025;15;15;15;15;1829353
2025-01-08;08/01/2025;15;16;15;16;2291313
2025-01-09;09/01/2025;16;16;16;16;103093
2025-01-10;10/01/2025;16;16;16;16;48447
2025-01-13;13/01/2025;15;16;15;16;40696
2025-01-14;14/01/2025;16;16;16;16;16674
2025-01-15;15/01/2025;16;16;16;16;317844
2025-01-16;16/01/2025;15;16;15;16;20629
2025-01-17;17/01/2025;15;16;15;16;61033
2025-01-20;20/01/2025;16;16;16;16;22815
2025-01-21;21/01/2025;16;16;16;16;77753
2025-01-22;22/01/2025;15;16;15;16;244053
2025-01-23;23/01/2025;16;16;16;16;736389
2025-01-24;24/01/2025;15;16;15;16;168769
2025-01-27;27/01/2025;16;16;15;15;129522
2025-01-28;28/01/2025;15;16;15;16;116125
2025-01-29;29/01/2025;15;16;15;16;1900990
2025-01-30;30/01/2025;16;16;15;15;145277
2025-01-31;31/01/2025;15;15;15;15;404642
2025-02-03;03/02/2025;16;16;15;15;165882
2025-02-04;04/02/2025;15;16;15;16;144581
2025-02-05;05/02/2025;16;16;16;16;120443
2025-02-06;06/02/2025;16;16;15;15;1249004
2025-02-07;07/02/2025;16;16;15;15;1528698
2025-02-10;10/02/2025;15;15;15;15;457592
2025-02-11;11/02/2025;15;16;15;16;167798
2025-02-12;12/02/2025;16;16;16;16;67218
2025-02-13;13/02/2025;16;16;15;15;1301644
2025-02-14;14/02/2025;16;16;15;15;1889777
2025-02-17;17/02/2025;16;16;16;16;44954
2025-02-18;18/02/2025;15;16;15;16;374613
2025-02-19;19/02/2025;16;16;15;15;54344
2025-02-20;20/02/2025;15;16;15;16;1127237
2025-02-21;21/02/2025;15;16;15;16;112048
2025-02-24;24/02/2025;16;16;16;16;227242
2025-02-25;25/02/2025;15;16;15;16;67494
2025-02-26;26/02/2025;16;16;16;16;137690
2025-02-28;28/02/2025;15;16;15;16;19081
2025-03-03;03/03/2025;16;16;15;15;1950225
2025-03-04;04/03/2025;15;16;15;16;66063
2025-03-05;05/03/2025;16;16;16;16;1530686
2025-03-06;06/03/2025;16;16;16;16;363720
2025-03-07;07/03/2025;16;16;15;15;43435
2025-03-10;10/03/2025;15;16;15;16;1221760
2025-03-11;11/03/2025;16;16;16;16;1122147
2025-03-12;12/03/2025;16;16;16;16;106841
2025-03-13;13/03/2025;15;16;15;16;1037724
2025-03-14;14/03/2025;16;16;16;16;539702
2025-03-17;17/03/2025;15;16;15;16;12408019
2025-03-18;18/03/2025;16;16;15;15;27476
2025-03-19;19/03/2025;16;16;16;16;2316288
2025-03-20;20/03/2025;16;16;15;15;1030064
2025-03-21;21/03/2025;15;16;15;16;823605
2025-03-24;24/03/2025;16;16;15;15;1073157
2025-03-25;25/03/2025;15;16;15;16;322993
2025-03-26;26/03/2025;16;16;16;16;320748
2025-03-27;27/03/2025;16;16;16;16;320748
2025-03-28;28/03/2025;16;16;16;16;2811539
2025-03-31;31/03/2025;16;16;16;16;2811539
2025-04-01;01/04/2025;15;15;15;15;1302102
2025-04-02;02/04/2025;14;15;14;15;3417692
2025-04-03;03/04/2025;15;15;15;15;466446
2025-04-04;04/04/2025;15;15;15;15;115601
2025-04-07;07/04/2025;15;15;15;15;352297
2025-04-08;08/04/2025;14;15;14;15;156409
2025-04-09;09/04/2025;15;15;15;15;612812
2025-04-10;10/04/2025;14;15;14;15;111419
2025-04-11;11/04/2025;15;15;14;14;179720
2025-04-14;14/04/2025;14;15;14;15;285840
2025-04-15;15/04/2025;15;15;15;15;79079
2025-04-16;16/04/2025;15;15;14;14;49778
2025-04-17;17/04/2025;15;15;15;15;153475
2025-04-18;18/04/2025;15;15;15;15;32944
2025-04-21;21/04/2025;15;15;15;15;32944
2025-04-22;22/04/2025;15;15;15;15;158370
2025-04-23;23/04/2025;16;16;15;15;272890
2025-04-24;24/04/2025;15;16;15;16;277636
2025-04-25;25/04/2025;16;16;16;16;44673
2025-04-28;28/04/2025;15;16;15;16;46279
2025-04-29;29/04/2025;16;16;15;15;59076
2025-04-30;30/04/2025;16;16;16;16;14038
2025-05-01;01/05/2025;16;16;16;16;14038
2025-05-02;02/05/2025;15;16;15;16;68578
2025-05-05;05/05/2025;16;16;15;15;71284
2025-05-06;06/05/2025;15;16;15;16;91891
2025-05-07;07/05/2025;16;16;16;16;30717
2025-05-08;08/05/2025;16;16;16;16;431426
2025-05-09;09/05/2025;16;16;16;16;32890
2025-05-12;12/05/2025;16;16;16;16;41535
2025-05-13;13/05/2025;16;16;15;15;176753
2025-05-14;14/05/2025;16;16;16;16;43394
2025-05-15;15/05/2025;15;16;15;16;175992
2025-05-16;16/05/2025;16;16;16;16;156296
2025-05-19;19/05/2025;16;16;16;16;130647
2025-05-20;20/05/2025;15;16;15;16;760393
2025-05-21;21/05/2025;15;15;15;15;489044
2025-05-22;22/05/2025;16;16;16;16;2447534
2025-05-23;23/05/2025;16;17;16;17;1542311
2025-05-26;26/05/2025;16;17;16;17;6082488
2025-05-27;27/05/2025;17;18;17;18;6613099
2025-05-28;28/05/2025;18;18;17;17;194132
2025-05-29;29/05/2025;18;18;17;17;194132
2025-05-30;30/05/2025;16;18;16;18;4505872
2025-06-02;02/06/2025;18;18;18;18;718728
2025-06-03;03/06/2025;18;18;18;18;456618
2025-06-04;04/06/2025;18;18;18;18;1980405
2025-06-05;05/06/2025;18;18;18;18;28286
2025-06-10;10/06/2025;18;18;18;18;269566
2025-06-11;11/06/2025;17;17;17;17;613388
2025-06-12;12/06/2025;17;17;17;17;224817
2025-06-13;13/06/2025;17;18;17;18;172158
2025-06-16;16/06/2025;18;18;17;17;424534
2025-06-17;17/06/2025;18;18;18;18;620498
2025-06-18;18/06/2025;18;18;17;17;56871
2025-06-19;19/06/2025;18;18;18;18;397630
2025-06-20;20/06/2025;18;18;18;18;1230672
2025-06-23;23/06/2025;18;18;18;18;882856
2025-06-24;24/06/2025;18;18;18;18;1291453
2025-06-25;25/06/2025;18;18;18;18;448866
2025-06-26;26/06/2025;18;18;18;18;46136
2025-06-27;27/06/2025;18;18;17;17;115302
2025-06-30;30/06/2025;17;18;17;18;651356
2025-07-01;01/07/2025;17;18;17;18;215899
2025-07-02;02/07/2025;18;18;17;17;496571
2025-07-03;03/07/2025;17;17;17;17;244398
2025-07-04;04/07/2025;17;17;17;17;112282
2025-07-07;07/07/2025;17;17;17;17;95681
2025-07-08;08/07/2025;16;17;16;17;129946
2025-07-09;09/07/2025;16;16;16;16;52859
2025-07-10;10/07/2025;17;17;16;16;71431
2025-07-11;11/07/2025;17;17;16;16;38063
2025-07-14;14/07/2025;17;17;16;16;4708900
2025-07-15;15/07/2025;16;16;16;16;95409
2025-07-16;16/07/2025;17;17;17;17;41860
2025-07-17;17/07/2025;17;17;16;16;1185254
2025-07-18;18/07/2025;16;16;16;16;167270
2025-07-21;21/07/2025;17;17;17;17;102873
2025-07-22;22/07/2025;17;17;16;16;1000833
2025-07-23;23/07/2025;16;16;16;16;293197
2025-07-24;24/07/2025;16;16;16;16;231265
2025-07-25;25/07/2025;16;16;16;16;37714
2025-07-28;28/07/2025;15;16;15;16;144696
2025-07-29;29/07/2025;16;16;16;16;11322613
2025-07-30;30/07/2025;16;16;16;16;4081682
2025-07-31;31/07/2025;16;16;16;16;635808
2025-08-01;01/08/2025;16;16;16;16;1347110
2025-08-04;04/08/2025;16;16;16;16;1025858
2025-08-05;05/08/2025;16;16;15;15;1246774
2025-08-06;06/08/2025;16;16;16;16;590441
2025-08-07;07/08/2025;16;16;16;16;590441
2025-08-08;08/08/2025;16;16;16;16;558374
2025-08-11;11/08/2025;16;16;15;15;1372889
2025-08-12;12/08/2025;16;16;16;16;622385
2025-08-13;13/08/2025;17;17;17;17;177363
2025-08-14;14/08/2025;17;17;16;16;401036
2025-08-15;15/08/2025;17;17;16;16;401036
2025-08-18;18/08/2025;16;17;16;17;217165
2025-08-19;19/08/2025;17;17;17;17;425720
2025-08-20;20/08/2025;17;17;17;17;392053
2025-08-21;21/08/2025;17;17;17;17;2463521
2025-08-22;22/08/2025;17;17;17;17;956072
2025-08-25;25/08/2025;16;16;16;16;340701
2025-08-26;26/08/2025;16;17;16;17;765264
2025-08-27;27/08/2025;17;17;17;17;651367
2025-08-28;28/08/2025;17;17;17;17;205082
2025-08-29;29/08/2025;17;17;17;17;52894
2025-09-01;01/09/2025;17;17;16;16;816690
2025-09-02;02/09/2025;17;17;17;17;298372
2025-09-03;03/09/2025;16;17;16;17;64702
2025-09-04;04/09/2025;16;17;16;17;64702
2025-09-05;05/09/2025;17;17;17;17;466229
2025-09-08;08/09/2025;17;17;17;17;333892
2025-09-09;09/09/2025;17;17;17;17;302765
2025-09-10;10/09/2025;17;18;17;18;295896
2025-09-11;11/09/2025;18;18;18;18;102368
2025-09-12;12/09/2025;17;17;17;17;222046
2025-09-15;15/09/2025;17;18;17;18;681854
2025-09-16;16/09/2025;18;18;18;18;342046
2025-09-17;17/09/2025;18;18;17;17;337084
2025-09-18;18/09/2025;17;18;17;18;430501
2025-09-19;19/09/2025;18;18;18;18;432734
2025-09-22;22/09/2025;18;18;18;18;446574
2025-09-23;23/09/2025;18;18;18;18;90580
2025-09-24;24/09/2025;18;18;18;18;194589
2025-09-25;25/09/2025;17;18;17;18;422577
2025-09-26;26/09/2025;18;18;18;18;122414
2025-09-29;29/09/2025;18;18;18;18;1358720
2025-09-30;30/09/2025;18;18;18;18;433575
2025-10-01;01/10/2025;17;18;17;18;98101
2025-10-02;02/10/2025;18;18;18;18;115698
2025-10-03;03/10/2025;18;18;18;18;2046220
2025-10-06;06/10/2025;18;19;18;19;1770738
2025-10-07;07/10/2025;19;19;19;19;1060851
2025-10-08;08/10/2025;19;19;19;19;630643
2025-10-09;09/10/2025;19;20;19;20;575066
2025-10-10;10/10/2025;20;20;19;19;399871
2025-10-13;13/10/2025;19;19;19;19;466897
2025-10-14;14/10/2025;19;20;19;20;605912
2025-10-15;15/10/2025;20;20;20;20;1695260
2025-10-16;16/10/2025;20;20;20;20;10001512
2025-10-17;17/10/2025;20;21;20;21;895923
2025-10-20;20/10/2025;21;21;21;21;683492
2025-10-21;21/10/2025;21;21;21;21;3682889
2025-10-22;22/10/2025;21;21;21;21;525149
2025-10-23;23/10/2025;21;21;21;21;924975
2025-10-24;24/10/2025;21;22;21;22;524726
2025-10-27;27/10/2025;22;22;22;22;376391
2025-10-28;28/10/2025;22;22;21;21;3832459
2025-10-29;29/10/2025;22;22;22;22;1593999
2025-10-30;30/10/2025;22;22;22;22;519076
2025-10-31;31/10/2025;22;22;22;22;656938
2025-11-03;03/11/2025;22;22;22;22;441472
2025-11-04;04/11/2025;22;23;22;23;973591
2025-11-05;05/11/2025;23;23;23;23;2431763
2025-11-06;06/11/2025;23;24;23;24;282339
2025-11-07;07/11/2025;24;24;24;24;0
2025-11-10;10/11/2025;24;24;23;23;465551
2025-11-11;11/11/2025;23;23;23;23;437158
2025-11-12;12/11/2025;23;23;23;23;1204339
2025-11-13;13/11/2025;23;23;22;22;448393
2025-11-14;14/11/2025;22;22;22;22;199429
2025-11-17;17/11/2025;23;23;23;23;137594
2025-11-18;18/11/2025;23;24;23;24;295409
2025-11-19;19/11/2025;24;24;24;24;149463
2025-11-20;20/11/2025;24;24;24;24;138118
2025-11-21;21/11/2025;23;24;23;24;946885
2025-11-24;24/11/2025;23;24;23;24;223304
2025-11-25;25/11/2025;23;23;23;23;1959815
2025-11-26;26/11/2025;22;23;22;23;844219
2025-11-27;27/11/2025;23;23;23;23;184136
2025-11-28;28/11/2025;22;23;22;23;3261595
2025-12-01;01/12/2025;22;22;22;22;302285
2025-12-02;02/12/2025;22;22;22;22;331122
2025-12-03;03/12/2025;22;22;22;22;144387
2025-12-04;04/12/2025;22;22;22;22;178564
2025-12-05;05/12/2025;22;22;22;22;1663324
2025-12-08;08/12/2025;22;22;22;22;259204
2025-12-09;09/12/2025;22;22;21;21;184078
2025-12-10;10/12/2025;21;21;21;21;2034257
2025-12-11;11/12/2025;21;22;21;22;119573
2025-12-12;12/12/2025;22;22;22;22;246169
2025-12-15;15/12/2025;22;22;22;22;679321
2025-12-16;16/12/2025;22;23;22;23;189913
2025-12-17;17/12/2025;23;23;23;23;86637
2025-12-18;18/12/2025;22;23;22;23;124009
2025-12-19;19/12/2025;23;23;23;23;98865
2025-12-22;22/12/2025;23;23;23;23;289142
2025-12-23;23/12/2025;23;23;23;23;177638
2025-12-24;24/12/2025;23;23;23;23;37949
2025-12-25;25/12/2025;23;23;23;23;37949
2025-12-26;26/12/2025;23;23;22;22;154254
2025-12-29;29/12/2025;22;23;22;23;436722
2025-12-30;30/12/2025;23;23;23;23;284598
2025-12-31;31/12/2025;23;23;23;23;102648
2026-01-01;01/01/2026;23;23;23;23;102648
2026-01-02;02/01/2026;23;23;23;23;89496
2026-01-05;05/01/2026;23;23;22;22;600533
2026-01-06;06/01/2026;22;22;22;22;273645
2026-01-07;07/01/2026;22;22;22;22;209123
2026-01-08;08/01/2026;22;23;22;23;67681
2026-01-09;09/01/2026;23;23;22;22;251493
2026-01-12;12/01/2026;23;23;22;22;134028
2026-01-13;13/01/2026;22;23;22;23;180741
2026-01-14;14/01/2026;23;23;22;22;99777
2026-01-15;15/01/2026;22;23;22;23;447179
2026-01-16;16/01/2026;23;23;23;23;276865
2026-01-19;19/01/2026;23;23;22;22;409888
2026-01-20;20/01/2026;23;23;23;23;248961
2026-01-21;21/01/2026;23;23;22;22;1315805
2026-01-22;22/01/2026;23;23;23;23;7433179
2026-01-23;23/01/2026;24;24;24;24;2092853
2026-01-26;26/01/2026;24;24;23;23;669539
2026-01-27;27/01/2026;24;24;23;23;434124
2026-01-28;28/01/2026;24;24;24;24;344535
2026-01-29;29/01/2026;24;24;23;23;3382131
2026-01-30;30/01/2026;24;24;24;24;9748199
2026-02-02;02/02/2026;24;24;24;24;2935897
2026-02-03;03/02/2026;24;24;23;23;1689443
2026-02-04;04/02/2026;24;24;24;24;393399
2026-02-05;05/02/2026;25;25;24;24;3011442
2026-02-06;06/02/2026;24;24;24;24;735876
2026-02-09;09/02/2026;24;25;24;25;4018645
2026-02-10;10/02/2026;25;25;25;25;4966487
2026-02-11;11/02/2026;26;26;26;26;3437607
2026-02-12;12/02/2026;27;27;27;27;1343183
2026-02-13;13/02/2026;28;29;28;29;1594093
2026-02-16;16/02/2026;30;31;30;31;5316440
2026-02-17;17/02/2026;33;33;33;33;5509378
2026-02-18;18/02/2026;33;34;33;34;5056684
2026-02-19;19/02/2026;34;34;33;33;1581095
2026-02-20;20/02/2026;34;34;34;34;2662254
2026-02-23;23/02/2026;34;34;32;32;1623156
2026-02-24;24/02/2026;33;33;32;32;1965223
2026-02-25;25/02/2026;32;32;31;31;1991556
2026-02-26;26/02/2026;31;31;31;31;2199196
2026-02-27;27/02/2026;31;31;31;31;2049372
2026-03-02;02/03/2026;31;32;31;32;1927931
2026-03-03;03/03/2026;32;33;32;33;1094044
2026-03-04;04/03/2026;33;33;31;31;1008508
2026-03-05;05/03/2026;32;32;32;32;1255765
2026-03-06;06/03/2026;32;32;32;32;576600
2026-03-09;09/03/2026;32;32;32;32;954853
2026-03-10;10/03/2026;32;32;32;32;538111
2026-03-11;11/03/2026;31;32;31;32;1462181
2026-03-12;12/03/2026;32;32;32;32;956923
2026-03-13;13/03/2026;32;32;32;32;880922
2026-03-16;16/03/2026;32;32;32;32;880922
2026-03-17;17/03/2026;32;32;32;32;460741
2026-03-18;18/03/2026;32;32;32;32;582860
2026-03-19;19/03/2026;32;32;32;32;2468429
2026-03-20;20/03/2026;32;32;32;32;2468429
2026-03-23;23/03/2026;32;32;32;32;978577
2026-03-24;24/03/2026;32;32;32;32;316858
2026-03-25;25/03/2026;32;32;32;32;477023
2026-03-26;26/03/2026;32;32;32;32;284362
2026-03-27;27/03/2026;32;32;32;32;1903336
2026-03-30;30/03/2026;32;32;32;32;616672
2026-03-31;31/03/2026;32;33;32;33;372810
2026-04-01;01/04/2026;33;33;33;33;320243
2026-04-02;02/04/2026;33;33;33;33;206064
2026-04-03;03/04/2026;33;34;33;34;278356
2026-04-06;06/04/2026;33;34;33;34;278356
2026-04-07;07/04/2026;34;34;34;34;806618
2026-04-08;08/04/2026;34;34;34;34;245729
2026-04-09;09/04/2026;34;34;34;34;360718
2026-04-10;10/04/2026;34;34;34;34;756768
2026-04-13;13/04/2026;34;34;34;34;382722
2026-04-14;14/04/2026;32;32;32;32;1179604
2026-04-15;15/04/2026;30;30;30;30;1169560
2026-04-16;16/04/2026;28;28;28;28;2353342
2026-04-17;17/04/2026;26;26;26;26;3753668
2026-04-20;20/04/2026;25;27;25;27;2798037
2026-04-21;21/04/2026;29;29;29;29;418463
2026-04-22;22/04/2026;29;30;29;30;1328064
2026-04-23;23/04/2026;30;30;30;30;1070454
2026-04-24;24/04/2026;30;30;29;29;1018483
2026-04-27;27/04/2026;29;29;29;29;356903
2026-04-28;28/04/2026;29;29;29;29;606172
2026-04-29;29/04/2026;29;29;29;29;350980
2026-04-30;30/04/2026;30;30;29;29;329063
2026-05-01;01/05/2026;30;30;29;29;329063
2026-05-04;04/05/2026;29;30;29;30;537422
2026-05-05;05/05/2026;30;30;29;29;985945
2026-05-06;06/05/2026;29;29;29;29;316849
2026-05-07;07/05/2026;29;30;29;30;1737782
2026-05-08;08/05/2026;29;30;29;30;535809
2026-05-11;11/05/2026;28;30;28;30;1133788
2026-05-12;12/05/2026;30;30;30;30;331249
2026-05-13;13/05/2026;30;30;30;30;265017
2026-05-14;14/05/2026;30;30;30;30;265017
2026-05-15;15/05/2026;29;29;29;29;457607
2026-05-18;18/05/2026;29;30;29;30;926325
2026-05-19;19/05/2026;29;30;29;30;212957
2026-05-20;20/05/2026;30;30;30;30;345110
2026-05-21;21/05/2026;29;29;29;29;813280
2026-05-22;22/05/2026;29;30;29;30;683100
2026-05-25;25/05/2026;29;30;29;30;683100
2026-05-26;26/05/2026;29;29;29;29;409392
2026-05-27;27/05/2026;29;29;29;29;409392
2026-05-28;28/05/2026;29;30;29;30;820889
2026-05-29;29/05/2026;30;30;30;30;663118
2026-06-01;01/06/2026;30;30;30;30;1039312
2026-06-02;02/06/2026;29;30;29;30;500579
2026-06-03;03/06/2026;30;31;30;31;688847
2026-06-04;04/06/2026;31;32;31;32;348888
2026-06-05;05/06/2026;32;32;31;31;425356
2026-06-08;08/06/2026;30;33;30;33;853586
2026-06-09;09/06/2026;31;33;31;33;552955
2026-06-10;10/06/2026;32;32;32;32;529090
2026-06-11;11/06/2026;32;33;32;33;658868
2026-06-12;12/06/2026;33;33;32;32;411535
2026-06-15;15/06/2026;32;32;32;32;300778
2026-06-16;16/06/2026;32;33;32;33;184865
2026-06-17;17/06/2026;33;33;32;32;685244
2026-06-18;18/06/2026;32;34;32;34;1284180
2026-06-19;19/06/2026;34;34;34;34;1123589
2026-06-22;22/06/2026;35;35;35;35;3722814
