date_iso;date_fr;open;high;low;close;volume
2014-07-11;11/07/2014;18000;18000;18000;18000;1405
2014-07-14;14/07/2014;17505;17505;17505;17505;475
2014-07-15;15/07/2014;18800;18800;18800;18800;67
2014-07-16;16/07/2014;18800;18800;18800;18800;203
2014-07-17;17/07/2014;18500;18500;18500;18500;5510
2014-07-18;18/07/2014;18400;18400;18400;18400;50
2014-07-21;21/07/2014;18800;18800;18800;18800;23193
2014-07-22;22/07/2014;18700;18700;18700;18700;9694
2014-07-23;23/07/2014;18500;18500;18500;18500;82
2014-07-25;25/07/2014;18500;18500;18500;18500;56
2014-07-29;29/07/2014;18505;18505;18505;18505;336
2014-07-30;30/07/2014;18700;18700;18700;18700;1852
2014-07-31;31/07/2014;18800;18800;18800;18800;114
2014-08-01;01/08/2014;18700;18700;18700;18700;2504
2014-08-04;04/08/2014;18695;18695;18695;18695;144
2014-08-05;05/08/2014;18600;18600;18600;18600;56
2014-08-06;06/08/2014;18695;18695;18695;18695;211
2014-08-07;07/08/2014;18695;18695;18695;18695;211
2014-08-08;08/08/2014;19000;19000;19000;19000;18100
2014-08-11;11/08/2014;18600;18600;18600;18600;347
2014-08-12;12/08/2014;18605;18605;18605;18605;1100
2014-08-13;13/08/2014;19000;19000;19000;19000;156
2014-08-14;14/08/2014;18800;18800;18800;18800;323
2014-08-18;18/08/2014;18800;18800;18800;18800;875
2014-08-19;19/08/2014;18800;18800;18800;18800;155
2014-08-20;20/08/2014;18800;18800;18800;18800;163
2014-08-21;21/08/2014;18800;18800;18800;18800;387
2014-08-22;22/08/2014;18600;18600;18600;18600;478
2014-08-25;25/08/2014;18900;18900;18900;18900;28
2014-08-26;26/08/2014;18650;18650;18650;18650;2942
2014-08-27;27/08/2014;18500;18500;18500;18500;699
2014-08-28;28/08/2014;18005;18005;18005;18005;2032
2014-08-29;29/08/2014;18000;18000;18000;18000;255
2014-09-01;01/09/2014;18000;18000;18000;18000;519
2014-09-02;02/09/2014;18000;18000;18000;18000;44
2014-09-03;03/09/2014;17995;17995;17995;17995;70
2014-09-04;04/09/2014;18000;18000;18000;18000;365
2014-09-05;05/09/2014;17650;17650;17650;17650;109
2014-09-08;08/09/2014;17655;17655;17655;17655;63
2014-09-09;09/09/2014;17500;17500;17500;17500;1216
2014-09-10;10/09/2014;17600;17600;17600;17600;33
2014-09-11;11/09/2014;17300;17300;17300;17300;1689
2014-09-12;12/09/2014;17300;17300;17300;17300;41
2014-09-15;15/09/2014;17210;17210;17210;17210;171
2014-09-16;16/09/2014;17495;17495;17495;17495;91
2014-09-17;17/09/2014;17500;17500;17500;17500;3131
2014-09-18;18/09/2014;17165;17165;17165;17165;90
2014-09-19;19/09/2014;17500;17500;17500;17500;17
2014-09-22;22/09/2014;17500;17500;17500;17500;10243
2014-09-23;23/09/2014;17500;17500;17500;17500;4148
2014-09-24;24/09/2014;17300;17300;17300;17300;809
2014-09-25;25/09/2014;17200;17200;17200;17200;87
2014-09-26;26/09/2014;17150;17150;17150;17150;1001
2014-09-29;29/09/2014;17300;17300;17300;17300;108
2014-09-30;30/09/2014;17500;17500;17500;17500;4048
2014-10-01;01/10/2014;17305;17305;17305;17305;442
2014-10-02;02/10/2014;17500;17500;17500;17500;1068
2014-10-03;03/10/2014;17500;17500;17500;17500;14
2014-10-06;06/10/2014;17400;17400;17400;17400;115
2014-10-07;07/10/2014;17450;17450;17450;17450;43
2014-10-08;08/10/2014;17450;17450;17450;17450;56
2014-10-09;09/10/2014;17205;17205;17205;17205;176
2014-10-10;10/10/2014;17350;17350;17350;17350;22
2014-10-13;13/10/2014;17450;17450;17450;17450;45
2014-10-14;14/10/2014;17200;17200;17200;17200;76
2014-10-15;15/10/2014;17200;17200;17200;17200;1012
2014-10-16;16/10/2014;17200;17200;17200;17200;31
2014-10-17;17/10/2014;17000;17000;17000;17000;2366
2014-10-20;20/10/2014;16995;16995;16995;16995;45
2014-10-22;22/10/2014;16005;16005;16005;16005;122
2014-10-23;23/10/2014;15685;15685;15685;15685;165
2014-10-27;27/10/2014;15350;15350;15350;15350;475
2014-10-28;28/10/2014;15000;15000;15000;15000;5053
2014-10-29;29/10/2014;15100;15100;15100;15100;1100
2014-10-30;30/10/2014;14995;14995;14995;14995;4561
2014-10-31;31/10/2014;15000;15000;15000;15000;8047
2014-11-03;03/11/2014;15010;15010;15010;15010;7265
2014-11-04;04/11/2014;16135;16135;16135;16135;5
2014-11-05;05/11/2014;15900;15900;15900;15900;42
2014-11-06;06/11/2014;16120;16120;16120;16120;152
2014-11-07;07/11/2014;16120;16120;16120;16120;46
2014-11-10;10/11/2014;16120;16120;16120;16120;202
2014-11-11;11/11/2014;16120;16120;16120;16120;35
2014-11-12;12/11/2014;16120;16120;16120;16120;20
2014-11-13;13/11/2014;16120;16120;16120;16120;20
2014-11-14;14/11/2014;17340;17340;17340;17340;10373
2014-11-17;17/11/2014;18500;18500;18500;18500;3536
2014-11-21;21/11/2014;17500;17500;17500;17500;9
2014-11-24;24/11/2014;17500;17500;17500;17500;4
2014-11-25;25/11/2014;17200;17200;17200;17200;4
2014-11-26;26/11/2014;17000;17000;17000;17000;105
2014-11-27;27/11/2014;17000;17000;17000;17000;54
2014-11-28;28/11/2014;17000;17000;17000;17000;25
2014-12-02;02/12/2014;16900;16900;16900;16900;140
2014-12-03;03/12/2014;16900;16900;16900;16900;54
2014-12-04;04/12/2014;16600;16600;16600;16600;205
2014-12-08;08/12/2014;16900;16900;16900;16900;466
2014-12-09;09/12/2014;17195;17195;17195;17195;71
2014-12-10;10/12/2014;17150;17150;17150;17150;121
2014-12-11;11/12/2014;17500;17500;17500;17500;981
2014-12-12;12/12/2014;17490;17490;17490;17490;32
2014-12-15;15/12/2014;17500;17500;17500;17500;113
2014-12-16;16/12/2014;17300;17300;17300;17300;35
2014-12-17;17/12/2014;17295;17295;17295;17295;32
2014-12-18;18/12/2014;17295;17295;17295;17295;5417
2014-12-19;19/12/2014;17000;17000;17000;17000;45
2014-12-22;22/12/2014;16995;16995;16995;16995;53
2014-12-23;23/12/2014;16995;16995;16995;16995;10
2014-12-24;24/12/2014;16990;16990;16990;16990;16
2014-12-25;25/12/2014;16990;16990;16990;16990;16
2014-12-26;26/12/2014;16950;16950;16950;16950;83
2014-12-29;29/12/2014;16950;16950;16950;16950;613
2014-12-30;30/12/2014;16950;16950;16950;16950;10
2014-12-31;31/12/2014;16950;16950;16950;16950;41
2015-01-02;02/01/2015;16900;16900;16900;16900;46
2015-01-05;05/01/2015;16900;16900;16900;16900;38
2015-01-06;06/01/2015;16500;16500;16500;16500;712
2015-01-07;07/01/2015;16400;16400;16400;16400;92
2015-01-08;08/01/2015;16850;16850;16850;16850;629
2015-01-09;09/01/2015;16850;16850;16850;16850;19
2015-01-12;12/01/2015;16550;16550;16550;16550;22
2015-01-13;13/01/2015;16850;16850;16850;16850;183
2015-01-14;14/01/2015;17000;17000;17000;17000;224
2015-01-15;15/01/2015;17500;17500;17500;17500;45
2015-01-16;16/01/2015;18800;18800;18800;18800;1271
2015-01-19;19/01/2015;17390;17390;17390;17390;660
2015-01-20;20/01/2015;18690;18690;18690;18690;715
2015-01-21;21/01/2015;17600;17600;17600;17600;82
2015-01-22;22/01/2015;18900;18900;18900;18900;769
2015-01-23;23/01/2015;18600;18600;18600;18600;2034
2015-01-26;26/01/2015;18750;18750;18750;18750;425
2015-01-27;27/01/2015;18500;18500;18500;18500;5
2015-01-28;28/01/2015;19000;19000;19000;19000;630
2015-01-29;29/01/2015;18500;18500;18500;18500;22
2015-01-30;30/01/2015;18700;18700;18700;18700;130
2015-02-02;02/02/2015;18700;18700;18700;18700;25
2015-02-03;03/02/2015;18500;18500;18500;18500;252
2015-02-04;04/02/2015;19000;19000;19000;19000;29
2015-02-05;05/02/2015;18000;18000;18000;18000;316
2015-02-06;06/02/2015;19350;19350;19350;19350;150
2015-02-09;09/02/2015;19350;19350;19350;19350;150
2015-02-10;10/02/2015;18500;18500;18500;18500;143
2015-02-11;11/02/2015;19000;19000;19000;19000;199
2015-02-12;12/02/2015;19000;19000;19000;19000;199
2015-02-13;13/02/2015;18500;18500;18500;18500;133
2015-02-16;16/02/2015;18300;18300;18300;18300;394
2015-02-17;17/02/2015;18305;18305;18305;18305;150
2015-02-18;18/02/2015;18400;18400;18400;18400;584
2015-02-19;19/02/2015;17600;17600;17600;17600;308
2015-02-20;20/02/2015;17615;17615;17615;17615;9
2015-02-23;23/02/2015;18000;18000;18000;18000;23
2015-02-24;24/02/2015;18000;18000;18000;18000;826
2015-02-25;25/02/2015;18400;18400;18400;18400;44
2015-02-26;26/02/2015;18000;18000;18000;18000;697
2015-02-27;27/02/2015;18000;18000;18000;18000;175
2015-03-02;02/03/2015;18000;18000;18000;18000;74
2015-03-03;03/03/2015;18000;18000;18000;18000;218
2015-03-04;04/03/2015;18000;18000;18000;18000;114
2015-03-05;05/03/2015;18000;18000;18000;18000;122
2015-03-06;06/03/2015;18000;18000;18000;18000;508
2015-03-09;09/03/2015;18000;18000;18000;18000;333
2015-03-10;10/03/2015;18005;18005;18005;18005;952
2015-03-11;11/03/2015;18015;18015;18015;18015;310
2015-03-12;12/03/2015;18200;18200;18200;18200;598
2015-03-13;13/03/2015;18200;18200;18200;18200;2
2015-03-16;16/03/2015;18200;18200;18200;18200;572
2015-03-17;17/03/2015;18200;18200;18200;18200;348
2015-03-18;18/03/2015;18200;18200;18200;18200;20
2015-03-19;19/03/2015;18000;18000;18000;18000;168
2015-03-20;20/03/2015;18300;18300;18300;18300;365
2015-03-23;23/03/2015;18000;18000;18000;18000;93
2015-03-24;24/03/2015;18000;18000;18000;18000;10
2015-03-25;25/03/2015;17605;17605;17605;17605;1085
2015-03-26;26/03/2015;17700;17700;17700;17700;170
2015-03-27;27/03/2015;17700;17700;17700;17700;87
2015-03-30;30/03/2015;17700;17700;17700;17700;75
2015-03-31;31/03/2015;18000;18000;18000;18000;58
2015-04-01;01/04/2015;17890;17890;17890;17890;18
2015-04-02;02/04/2015;17000;17000;17000;17000;593
2015-04-03;03/04/2015;18200;18200;18200;18200;229
2015-04-06;06/04/2015;18200;18200;18200;18200;229
2015-04-07;07/04/2015;18000;18000;18000;18000;1624
2015-04-08;08/04/2015;18000;18000;18000;18000;125
2015-04-09;09/04/2015;17900;17900;17900;17900;210
2015-04-10;10/04/2015;17895;17895;17895;17895;8
2015-04-13;13/04/2015;17800;17800;17800;17800;65
2015-04-14;14/04/2015;17800;17800;17800;17800;18
2015-04-15;15/04/2015;18400;18400;18400;18400;37
2015-04-16;16/04/2015;18000;18000;18000;18000;2030
2015-04-17;17/04/2015;18000;18000;18000;18000;1509
2015-04-20;20/04/2015;17950;17950;17950;17950;2000
2015-04-22;22/04/2015;17950;17950;17950;17950;44
2015-04-23;23/04/2015;17950;17950;17950;17950;24
2015-04-24;24/04/2015;18000;18000;18000;18000;2607
2015-04-27;27/04/2015;18000;18000;18000;18000;2141
2015-04-28;28/04/2015;17995;17995;17995;17995;229
2015-04-30;30/04/2015;18000;18000;18000;18000;83
2015-05-05;05/05/2015;19000;19000;19000;19000;5
2015-05-06;06/05/2015;17995;17995;17995;17995;87
2015-05-07;07/05/2015;17900;17900;17900;17900;2361
2015-05-08;08/05/2015;17950;17950;17950;17950;3019
2015-05-13;13/05/2015;17950;17950;17950;17950;26
2015-05-14;14/05/2015;17950;17950;17950;17950;26
2015-05-18;18/05/2015;17600;17600;17600;17600;100
2015-05-19;19/05/2015;17000;17000;17000;17000;118
2015-05-20;20/05/2015;16700;16700;16700;16700;154
2015-05-21;21/05/2015;17500;17500;17500;17500;61
2015-05-22;22/05/2015;16700;16700;16700;16700;50
2015-05-25;25/05/2015;16700;16700;16700;16700;50
2015-05-26;26/05/2015;16700;16700;16700;16700;971
2015-05-27;27/05/2015;17500;17500;17500;17500;1089
2015-05-28;28/05/2015;17500;17500;17500;17500;645
2015-05-29;29/05/2015;17500;17500;17500;17500;16
2015-06-01;01/06/2015;17000;17000;17000;17000;7928
2015-06-02;02/06/2015;17300;17300;17300;17300;20
2015-06-03;03/06/2015;17300;17300;17300;17300;2933
2015-06-04;04/06/2015;17400;17400;17400;17400;3296
2015-06-05;05/06/2015;17200;17200;17200;17200;57
2015-06-08;08/06/2015;17250;17250;17250;17250;174
2015-06-09;09/06/2015;17200;17200;17200;17200;231
2015-06-10;10/06/2015;17000;17000;17000;17000;2008
2015-06-11;11/06/2015;17200;17200;17200;17200;2
2015-06-12;12/06/2015;17000;17000;17000;17000;234
2015-06-15;15/06/2015;17000;17000;17000;17000;97
2015-06-16;16/06/2015;16400;16400;16400;16400;117
2015-06-17;17/06/2015;16300;16300;16300;16300;10368
2015-06-18;18/06/2015;17000;17000;17000;17000;67
2015-06-19;19/06/2015;16950;16950;16950;16950;525
2015-06-23;23/06/2015;15680;15680;15680;15680;95
2015-06-24;24/06/2015;16000;16000;16000;16000;50
2015-06-25;25/06/2015;16000;16000;16000;16000;28
2015-06-26;26/06/2015;16000;16000;16000;16000;115
2015-06-29;29/06/2015;16500;16500;16500;16500;71
2015-06-30;30/06/2015;16500;16500;16500;16500;116
2015-07-01;01/07/2015;16495;16495;16495;16495;142
2015-07-02;02/07/2015;16485;16485;16485;16485;180
2015-07-03;03/07/2015;16485;16485;16485;16485;4029
2015-07-06;06/07/2015;16000;16000;16000;16000;767
2015-07-07;07/07/2015;16300;16300;16300;16300;203
2015-07-08;08/07/2015;16100;16100;16100;16100;68
2015-07-09;09/07/2015;16300;16300;16300;16300;40391
2015-07-10;10/07/2015;16000;16000;16000;16000;331
2015-07-13;13/07/2015;15615;15615;15615;15615;100
2015-07-14;14/07/2015;15615;15615;15615;15615;100
2015-07-15;15/07/2015;14805;14805;14805;14805;64143
2015-07-17;17/07/2015;14810;14810;14810;14810;8238
2015-07-20;20/07/2015;14810;14810;14810;14810;4539
2015-07-21;21/07/2015;15920;15920;15920;15920;90
2015-07-22;22/07/2015;14800;14800;14800;14800;37581
2015-07-23;23/07/2015;14500;14500;14500;14500;220
2015-07-29;29/07/2015;14515;14515;14515;14515;117
2015-07-30;30/07/2015;14995;14995;14995;14995;26
2015-07-31;31/07/2015;14500;14500;14500;14500;1506
2015-08-03;03/08/2015;14600;14600;14600;14600;1941
2015-08-04;04/08/2015;14600;14600;14600;14600;34
2015-08-05;05/08/2015;14000;14000;14000;14000;2160
2015-08-06;06/08/2015;14700;14700;14700;14700;40160
2015-08-07;07/08/2015;14700;14700;14700;14700;40160
2015-08-10;10/08/2015;15000;15000;15000;15000;444
2015-08-11;11/08/2015;15900;15900;15900;15900;3005
2015-08-12;12/08/2015;15500;15500;15500;15500;45050
2015-08-13;13/08/2015;15500;15500;15500;15500;24040
2015-08-14;14/08/2015;15700;15700;15700;15700;1
2015-08-17;17/08/2015;16400;16400;16400;16400;1615
2015-08-18;18/08/2015;16395;16395;16395;16395;21
2015-08-19;19/08/2015;16000;16000;16000;16000;848
2015-08-20;20/08/2015;16300;16300;16300;16300;2705
2015-08-24;24/08/2015;16000;16000;16000;16000;1031
2015-08-25;25/08/2015;15800;15800;15800;15800;152
2015-08-26;26/08/2015;16000;16000;16000;16000;3710
2015-08-27;27/08/2015;15500;15500;15500;15500;1
2015-08-28;28/08/2015;15500;15500;15500;15500;10
2015-08-31;31/08/2015;15200;15200;15200;15200;299
2015-09-01;01/09/2015;15000;15000;15000;15000;8476
2015-09-02;02/09/2015;15000;15000;15000;15000;23
2015-09-03;03/09/2015;14500;14500;14500;14500;139
2015-09-04;04/09/2015;14505;14505;14505;14505;141
2015-09-07;07/09/2015;14850;14850;14850;14850;1
2015-09-08;08/09/2015;15000;15000;15000;15000;92
2015-09-09;09/09/2015;14995;14995;14995;14995;609
2015-09-11;11/09/2015;14700;14700;14700;14700;150
2015-09-14;14/09/2015;14995;14995;14995;14995;42
2015-09-15;15/09/2015;14850;14850;14850;14850;205
2015-09-16;16/09/2015;14500;14500;14500;14500;125
2015-09-17;17/09/2015;14500;14500;14500;14500;63
2015-09-18;18/09/2015;14500;14500;14500;14500;48
2015-09-21;21/09/2015;14500;14500;14500;14500;9
2015-09-22;22/09/2015;14700;14700;14700;14700;109
2015-09-23;23/09/2015;14500;14500;14500;14500;6014
2015-09-24;24/09/2015;14500;14500;14500;14500;6014
2015-09-25;25/09/2015;14450;14450;14450;14450;172
2015-09-28;28/09/2015;14450;14450;14450;14450;27
2015-09-29;29/09/2015;14000;14000;14000;14000;388
2015-09-30;30/09/2015;14495;14495;14495;14495;11
2015-10-01;01/10/2015;14500;14500;14500;14500;13400
2015-10-02;02/10/2015;14495;14495;14495;14495;23
2015-10-05;05/10/2015;14500;14500;14500;14500;27
2015-10-06;06/10/2015;15500;15500;15500;15500;569
2015-10-07;07/10/2015;15000;15000;15000;15000;530
2015-10-08;08/10/2015;14500;14500;14500;14500;52
2015-10-13;13/10/2015;15300;15300;15300;15300;15
2015-10-14;14/10/2015;15250;15250;15250;15250;15023
2015-10-15;15/10/2015;15000;15000;15000;15000;26
2015-10-16;16/10/2015;15000;15000;15000;15000;17
2015-10-19;19/10/2015;15000;15000;15000;15000;149
2015-10-21;21/10/2015;15280;15280;15280;15280;373
2015-10-22;22/10/2015;15195;15195;15195;15195;576
2015-10-23;23/10/2015;15000;15000;15000;15000;30
2015-10-26;26/10/2015;15000;15000;15000;15000;100
2015-10-27;27/10/2015;15000;15000;15000;15000;106
2015-10-28;28/10/2015;15000;15000;15000;15000;234
2015-11-02;02/11/2015;14000;14000;14000;14000;112
2015-11-03;03/11/2015;14000;14000;14000;14000;48
2015-11-04;04/11/2015;14000;14000;14000;14000;134
2015-11-05;05/11/2015;14000;14000;14000;14000;208
2015-11-06;06/11/2015;14000;14000;14000;14000;5
2015-11-09;09/11/2015;13500;13500;13500;13500;78
2015-11-10;10/11/2015;14000;14000;14000;14000;522
2015-11-11;11/11/2015;13500;13500;13500;13500;1969
2015-11-13;13/11/2015;13500;13500;13500;13500;4
2015-11-16;16/11/2015;13010;13010;13010;13010;510
2015-11-17;17/11/2015;13500;13500;13500;13500;520
2015-11-18;18/11/2015;12990;12990;12990;12990;565
2015-11-19;19/11/2015;12950;12950;12950;12950;873
2015-11-20;20/11/2015;12900;12900;12900;12900;2001
2015-11-23;23/11/2015;12900;12900;12900;12900;22
2015-11-24;24/11/2015;12745;12745;12745;12745;216
2015-11-25;25/11/2015;12100;12100;12100;12100;1058
2015-11-26;26/11/2015;12500;12500;12500;12500;20
2015-11-27;27/11/2015;12035;12035;12035;12035;90
2015-11-30;30/11/2015;12035;12035;12035;12035;10
2015-12-01;01/12/2015;11500;11500;11500;11500;36
2015-12-02;02/12/2015;11400;11400;11400;11400;65
2015-12-03;03/12/2015;11400;11400;11400;11400;231
2015-12-04;04/12/2015;11350;11350;11350;11350;31
2015-12-07;07/12/2015;11000;11000;11000;11000;3249
2015-12-08;08/12/2015;10995;10995;10995;10995;121
2015-12-09;09/12/2015;10995;10995;10995;10995;234
2015-12-10;10/12/2015;10500;10500;10500;10500;72
2015-12-11;11/12/2015;10500;10500;10500;10500;304
2015-12-14;14/12/2015;10000;10000;10000;10000;1587
2015-12-16;16/12/2015;10000;10000;10000;10000;17
2015-12-17;17/12/2015;10000;10000;10000;10000;117
2015-12-18;18/12/2015;9990;9990;9990;9990;225
2015-12-21;21/12/2015;9995;9995;9995;9995;3
2015-12-22;22/12/2015;9500;9500;9500;9500;26
2015-12-23;23/12/2015;9505;9505;9505;9505;158
2015-12-24;24/12/2015;9505;9505;9505;9505;158
2015-12-25;25/12/2015;9505;9505;9505;9505;158
2015-12-28;28/12/2015;9995;9995;9995;9995;17
2015-12-29;29/12/2015;10445;10445;10445;10445;718
2015-12-30;30/12/2015;11225;11225;11225;11225;10
2015-12-31;31/12/2015;12000;12000;12000;12000;128
2016-01-04;04/01/2016;11100;11100;11100;11100;20
2016-01-05;05/01/2016;11200;11200;11200;11200;283
2016-01-06;06/01/2016;11100;11100;11100;11100;52
2016-01-07;07/01/2016;10505;10505;10505;10505;176
2016-01-08;08/01/2016;11000;11000;11000;11000;103
2016-01-11;11/01/2016;11000;11000;11000;11000;264
2016-01-12;12/01/2016;10500;10500;10500;10500;148
2016-01-14;14/01/2016;10500;10500;10500;10500;20101
2016-01-15;15/01/2016;10000;10000;10000;10000;97
2016-01-18;18/01/2016;10000;10000;10000;10000;223
2016-01-19;19/01/2016;10000;10000;10000;10000;65
2016-01-20;20/01/2016;10500;10500;10500;10500;380
2016-01-21;21/01/2016;10500;10500;10500;10500;123
2016-01-22;22/01/2016;10500;10500;10500;10500;19299
2016-01-25;25/01/2016;10495;10495;10495;10495;71
2016-01-26;26/01/2016;10400;10400;10400;10400;119
2016-01-27;27/01/2016;10400;10400;10400;10400;109
2016-01-28;28/01/2016;10500;10500;10500;10500;1451
2016-02-01;01/02/2016;10600;10600;10600;10600;82
2016-02-02;02/02/2016;10500;10500;10500;10500;472
2016-02-03;03/02/2016;10500;10500;10500;10500;32
2016-02-04;04/02/2016;10400;10400;10400;10400;41
2016-02-05;05/02/2016;10500;10500;10500;10500;37
2016-02-08;08/02/2016;10400;10400;10400;10400;474
2016-02-09;09/02/2016;10500;10500;10500;10500;24
2016-02-10;10/02/2016;10405;10405;10405;10405;487
2016-02-11;11/02/2016;10225;10225;10225;10225;67
2016-02-12;12/02/2016;10225;10225;10225;10225;18
2016-02-15;15/02/2016;9500;9500;9500;9500;5084
2016-02-16;16/02/2016;10000;10000;10000;10000;543
2016-02-17;17/02/2016;10000;10000;10000;10000;127
2016-02-18;18/02/2016;10000;10000;10000;10000;115
2016-02-19;19/02/2016;9790;9790;9790;9790;867
2016-02-22;22/02/2016;9445;9445;9445;9445;1118
2016-02-23;23/02/2016;9440;9440;9440;9440;20290
2016-02-24;24/02/2016;10000;10000;10000;10000;1903
2016-02-25;25/02/2016;10400;10400;10400;10400;93172
2016-02-26;26/02/2016;10500;10500;10500;10500;418
2016-02-29;29/02/2016;10000;10000;10000;10000;82
2016-03-01;01/03/2016;10000;10000;10000;10000;31
2016-03-02;02/03/2016;9990;9990;9990;9990;330
2016-03-03;03/03/2016;10000;10000;10000;10000;220
2016-03-04;04/03/2016;9990;9990;9990;9990;2711
2016-03-07;07/03/2016;9500;9500;9500;9500;349
2016-03-08;08/03/2016;10000;10000;10000;10000;232
2016-03-09;09/03/2016;9250;9250;9250;9250;268
2016-03-10;10/03/2016;9940;9940;9940;9940;38
2016-03-11;11/03/2016;9600;9600;9600;9600;299
2016-03-14;14/03/2016;9500;9500;9500;9500;157
2016-03-15;15/03/2016;9500;9500;9500;9500;181
2016-03-16;16/03/2016;9600;9600;9600;9600;5
2016-03-17;17/03/2016;9605;9605;9605;9605;135
2016-03-18;18/03/2016;9600;9600;9600;9600;341
2016-03-21;21/03/2016;9600;9600;9600;9600;40
2016-03-22;22/03/2016;9550;9550;9550;9550;48
2016-03-23;23/03/2016;9550;9550;9550;9550;112
2016-03-25;25/03/2016;9550;9550;9550;9550;194
2016-03-28;28/03/2016;9550;9550;9550;9550;194
2016-03-29;29/03/2016;9650;9650;9650;9650;19
2016-03-30;30/03/2016;9500;9500;9500;9500;941
2016-03-31;31/03/2016;9500;9500;9500;9500;183
2016-04-01;01/04/2016;9500;9500;9500;9500;474
2016-04-04;04/04/2016;9300;9300;9300;9300;82
2016-04-05;05/04/2016;9600;9600;9600;9600;120
2016-04-06;06/04/2016;9305;9305;9305;9305;283
2016-04-07;07/04/2016;9600;9600;9600;9600;115
2016-04-08;08/04/2016;9500;9500;9500;9500;4
2016-04-11;11/04/2016;9600;9600;9600;9600;125
2016-04-12;12/04/2016;9600;9600;9600;9600;10
2016-04-13;13/04/2016;9700;9700;9700;9700;3032
2016-04-14;14/04/2016;9800;9800;9800;9800;25
2016-04-15;15/04/2016;9800;9800;9800;9800;21
2016-04-18;18/04/2016;9800;9800;9800;9800;104
2016-04-19;19/04/2016;10200;10200;10200;10200;122
2016-04-20;20/04/2016;10000;10000;10000;10000;15
2016-04-21;21/04/2016;9900;9900;9900;9900;577
2016-04-22;22/04/2016;9995;9995;9995;9995;514
2016-04-26;26/04/2016;9900;9900;9900;9900;47244
2016-04-27;27/04/2016;10500;10500;10500;10500;249
2016-04-28;28/04/2016;10500;10500;10500;10500;53
2016-04-29;29/04/2016;10600;10600;10600;10600;71
2016-05-02;02/05/2016;10600;10600;10600;10600;71
2016-05-03;03/05/2016;11395;11395;11395;11395;2
2016-05-04;04/05/2016;12245;12245;12245;12245;728
2016-05-05;05/05/2016;12245;12245;12245;12245;728
2016-05-06;06/05/2016;12300;12300;12300;12300;73
2016-05-09;09/05/2016;13220;13220;13220;13220;1327
2016-05-10;10/05/2016;12765;12765;12765;12765;275
2016-05-11;11/05/2016;13000;13000;13000;13000;823
2016-05-16;16/05/2016;12500;12500;12500;12500;120
2016-05-17;17/05/2016;12200;12200;12200;12200;436
2016-05-18;18/05/2016;12200;12200;12200;12200;154
2016-05-19;19/05/2016;12000;12000;12000;12000;292
2016-05-20;20/05/2016;11945;11945;11945;11945;110
2016-05-23;23/05/2016;11500;11500;11500;11500;500
2016-05-24;24/05/2016;11385;11385;11385;11385;9
2016-05-25;25/05/2016;10600;10600;10600;10600;430
2016-05-26;26/05/2016;10200;10200;10200;10200;278
2016-05-27;27/05/2016;10350;10350;10350;10350;53731
2016-05-30;30/05/2016;10350;10350;10350;10350;8709
2016-05-31;31/05/2016;10600;10600;10600;10600;164
2016-06-01;01/06/2016;10600;10600;10600;10600;76
2016-06-02;02/06/2016;10600;10600;10600;10600;81
2016-06-03;03/06/2016;10450;10450;10450;10450;69
2016-06-06;06/06/2016;10000;10000;10000;10000;96
2016-06-07;07/06/2016;10300;10300;10300;10300;150
2016-06-08;08/06/2016;10300;10300;10300;10300;287
2016-06-09;09/06/2016;10000;10000;10000;10000;305
2016-06-10;10/06/2016;10250;10250;10250;10250;108
2016-06-13;13/06/2016;10300;10300;10300;10300;49
2016-06-14;14/06/2016;10000;10000;10000;10000;32
2016-06-15;15/06/2016;10000;10000;10000;10000;3004
2016-06-16;16/06/2016;10000;10000;10000;10000;222
2016-06-17;17/06/2016;10000;10000;10000;10000;234
2016-06-21;21/06/2016;9500;9500;9500;9500;176
2016-06-22;22/06/2016;9500;9500;9500;9500;141
2016-06-23;23/06/2016;9475;9475;9475;9475;25
2016-06-24;24/06/2016;8800;8800;8800;8800;1602
2016-06-27;27/06/2016;8500;8500;8500;8500;2030
2016-06-28;28/06/2016;8500;8500;8500;8500;4417
2016-06-29;29/06/2016;9125;9125;9125;9125;1631
2016-06-30;30/06/2016;9805;9805;9805;9805;1643
2016-07-01;01/07/2016;10540;10540;10540;10540;1185
2016-07-04;04/07/2016;11330;11330;11330;11330;39076
2016-07-05;05/07/2016;11500;11500;11500;11500;20326
2016-07-06;06/07/2016;11500;11500;11500;11500;20326
2016-07-07;07/07/2016;11000;11000;11000;11000;264
2016-07-08;08/07/2016;10400;10400;10400;10400;785
2016-07-13;13/07/2016;9500;9500;9500;9500;573
2016-07-14;14/07/2016;9500;9500;9500;9500;538
2016-07-15;15/07/2016;9550;9550;9550;9550;52
2016-07-18;18/07/2016;9600;9600;9600;9600;31546
2016-07-19;19/07/2016;9995;9995;9995;9995;136
2016-07-20;20/07/2016;10000;10000;10000;10000;31718
2016-07-21;21/07/2016;10000;10000;10000;10000;19
2016-07-22;22/07/2016;10000;10000;10000;10000;49
2016-07-25;25/07/2016;9990;9990;9990;9990;108
2016-07-26;26/07/2016;9700;9700;9700;9700;125
2016-07-27;27/07/2016;10000;10000;10000;10000;197
2016-07-28;28/07/2016;10000;10000;10000;10000;6633
2016-07-29;29/07/2016;10750;10750;10750;10750;25164
2016-08-01;01/08/2016;11500;11500;11500;11500;18
2016-08-02;02/08/2016;11495;11495;11495;11495;115
2016-08-03;03/08/2016;11000;11000;11000;11000;56
2016-08-04;04/08/2016;11000;11000;11000;11000;153
2016-08-05;05/08/2016;11400;11400;11400;11400;115
2016-08-08;08/08/2016;11400;11400;11400;11400;115
2016-08-09;09/08/2016;11105;11105;11105;11105;145
2016-08-10;10/08/2016;11000;11000;11000;11000;475
2016-08-11;11/08/2016;10900;10900;10900;10900;245
2016-08-12;12/08/2016;10100;10100;10100;10100;170
2016-08-15;15/08/2016;10100;10100;10100;10100;170
2016-08-16;16/08/2016;10005;10005;10005;10005;398
2016-08-17;17/08/2016;10110;10110;10110;10110;77
2016-08-18;18/08/2016;10500;10500;10500;10500;72
2016-08-19;19/08/2016;10500;10500;10500;10500;3603
2016-08-22;22/08/2016;10100;10100;10100;10100;72
2016-08-23;23/08/2016;9900;9900;9900;9900;30075
2016-09-01;01/09/2016;10200;10200;10200;10200;77
2016-09-02;02/09/2016;10200;10200;10200;10200;203
2016-09-05;05/09/2016;10000;10000;10000;10000;194
2016-09-06;06/09/2016;10000;10000;10000;10000;30
2016-09-07;07/09/2016;10100;10100;10100;10100;171
2016-09-08;08/09/2016;10855;10855;10855;10855;742
2016-09-09;09/09/2016;11500;11500;11500;11500;701
2016-09-12;12/09/2016;11500;11500;11500;11500;701
2016-09-13;13/09/2016;11800;11800;11800;11800;706
2016-09-14;14/09/2016;11015;11015;11015;11015;629
2016-09-15;15/09/2016;11840;11840;11840;11840;426
2016-09-16;16/09/2016;11500;11500;11500;11500;3618
2016-09-19;19/09/2016;11010;11010;11010;11010;937
2016-09-20;20/09/2016;11000;11000;11000;11000;1828
2016-09-21;21/09/2016;11050;11050;11050;11050;3
2016-09-23;23/09/2016;11800;11800;11800;11800;57
2016-09-26;26/09/2016;11100;11100;11100;11100;126
2016-09-27;27/09/2016;11795;11795;11795;11795;34
2016-09-28;28/09/2016;12500;12500;12500;12500;4670
2016-09-30;30/09/2016;12500;12500;12500;12500;11943
2016-10-03;03/10/2016;12495;12495;12495;12495;15
2016-10-05;05/10/2016;12500;12500;12500;12500;4507
2016-10-06;06/10/2016;12000;12000;12000;12000;28
2016-10-07;07/10/2016;12300;12300;12300;12300;44430
2016-10-10;10/10/2016;12500;12500;12500;12500;227
2016-10-11;11/10/2016;13400;13400;13400;13400;235
2016-10-12;12/10/2016;13395;13395;13395;13395;30
2016-10-13;13/10/2016;12500;12500;12500;12500;126
2016-10-14;14/10/2016;12550;12550;12550;12550;317
2016-10-17;17/10/2016;12500;12500;12500;12500;3260
2016-10-18;18/10/2016;12750;12750;12750;12750;1179
2016-10-19;19/10/2016;12500;12500;12500;12500;234
2016-10-20;20/10/2016;12050;12050;12050;12050;240
2016-10-21;21/10/2016;12050;12050;12050;12050;24
2016-10-24;24/10/2016;12500;12500;12500;12500;851
2016-10-25;25/10/2016;12515;12515;12515;12515;16417
2016-10-26;26/10/2016;12510;12510;12510;12510;249
2016-10-27;27/10/2016;12510;12510;12510;12510;99
2016-10-28;28/10/2016;12515;12515;12515;12515;768
2016-10-31;31/10/2016;12200;12200;12200;12200;3
2016-11-01;01/11/2016;12200;12200;12200;12200;3
2016-11-02;02/11/2016;12000;12000;12000;12000;237
2016-11-03;03/11/2016;12300;12300;12300;12300;621
2016-11-04;04/11/2016;12000;12000;12000;12000;24580
2016-11-07;07/11/2016;12000;12000;12000;12000;270
2016-11-08;08/11/2016;12005;12005;12005;12005;23
2016-11-10;10/11/2016;12750;12750;12750;12750;24950
2016-11-11;11/11/2016;13295;13295;13295;13295;124
2016-11-14;14/11/2016;13200;13200;13200;13200;86
2016-11-15;15/11/2016;13200;13200;13200;13200;86
2016-11-16;16/11/2016;12210;12210;12210;12210;316
2016-11-17;17/11/2016;13000;13000;13000;13000;738
2016-11-18;18/11/2016;12800;12800;12800;12800;19223
2016-11-21;21/11/2016;13000;13000;13000;13000;721
2016-11-22;22/11/2016;12500;12500;12500;12500;281
2016-11-23;23/11/2016;12100;12100;12100;12100;200
2016-11-29;29/11/2016;12980;12980;12980;12980;102
2016-11-30;30/11/2016;12800;12800;12800;12800;100
2016-12-01;01/12/2016;12750;12750;12750;12750;18
2016-12-02;02/12/2016;12990;12990;12990;12990;156
2016-12-05;05/12/2016;12500;12500;12500;12500;2
2016-12-06;06/12/2016;12900;12900;12900;12900;1213
2016-12-07;07/12/2016;12795;12795;12795;12795;28
2016-12-08;08/12/2016;12100;12100;12100;12100;13924
2016-12-09;09/12/2016;12100;12100;12100;12100;48
2016-12-12;12/12/2016;12100;12100;12100;12100;48
2016-12-13;13/12/2016;12990;12990;12990;12990;20110
2016-12-14;14/12/2016;12900;12900;12900;12900;5
2016-12-15;15/12/2016;12500;12500;12500;12500;405
2016-12-16;16/12/2016;13300;13300;13300;13300;2266
2016-12-19;19/12/2016;12550;12550;12550;12550;37
2016-12-20;20/12/2016;13200;13200;13200;13200;55
2016-12-21;21/12/2016;13200;13200;13200;13200;42
2016-12-22;22/12/2016;13000;13000;13000;13000;3
2016-12-23;23/12/2016;13000;13000;13000;13000;290
2016-12-26;26/12/2016;13000;13000;13000;13000;290
2016-12-27;27/12/2016;13500;13500;13500;13500;356
2016-12-28;28/12/2016;13000;13000;13000;13000;513
2016-12-29;29/12/2016;13495;13495;13495;13495;670
2016-12-30;30/12/2016;14000;14000;14000;14000;3909
2017-01-02;02/01/2017;13000;13000;13000;13000;33
2017-01-03;03/01/2017;13000;13000;13000;13000;50
2017-01-04;04/01/2017;13000;13000;13000;13000;794
2017-01-05;05/01/2017;13000;13000;13000;13000;8
2017-01-06;06/01/2017;13000;13000;13000;13000;142
2017-01-09;09/01/2017;12950;12950;12950;12950;132
2017-01-10;10/01/2017;13100;13100;13100;13100;6
2017-01-11;11/01/2017;12950;12950;12950;12950;51
2017-01-12;12/01/2017;12950;12950;12950;12950;55
2017-01-13;13/01/2017;12950;12950;12950;12950;7595
2017-01-20;20/01/2017;11550;11550;11550;11550;582
2017-01-23;23/01/2017;11260;11260;11260;11260;22
2017-01-24;24/01/2017;11605;11605;11605;11605;1112
2017-01-25;25/01/2017;11500;11500;11500;11500;294
2017-01-26;26/01/2017;11505;11505;11505;11505;128
2017-01-27;27/01/2017;11600;11600;11600;11600;47
2017-01-30;30/01/2017;11700;11700;11700;11700;232
2017-01-31;31/01/2017;12475;12475;12475;12475;5
2017-02-01;01/02/2017;12975;12975;12975;12975;5317
2017-02-02;02/02/2017;12500;12500;12500;12500;58
2017-02-06;06/02/2017;12975;12975;12975;12975;119
2017-02-07;07/02/2017;12800;12800;12800;12800;117
2017-02-08;08/02/2017;12475;12475;12475;12475;23
2017-02-09;09/02/2017;12800;12800;12800;12800;121
2017-02-10;10/02/2017;13000;13000;13000;13000;635
2017-02-13;13/02/2017;12950;12950;12950;12950;7
2017-02-14;14/02/2017;12950;12950;12950;12950;14
2017-02-15;15/02/2017;12900;12900;12900;12900;1
2017-02-20;20/02/2017;12900;12900;12900;12900;992
2017-02-21;21/02/2017;12975;12975;12975;12975;1948
2017-02-22;22/02/2017;12975;12975;12975;12975;67
2017-02-23;23/02/2017;13500;13500;13500;13500;616
2017-02-24;24/02/2017;13500;13500;13500;13500;85
2017-02-27;27/02/2017;13500;13500;13500;13500;768
2017-02-28;28/02/2017;14000;14000;14000;14000;14
2017-03-02;02/03/2017;13000;13000;13000;13000;2221
2017-03-03;03/03/2017;13005;13005;13005;13005;271
2017-03-06;06/03/2017;13005;13005;13005;13005;470
2017-03-07;07/03/2017;13005;13005;13005;13005;1049
2017-03-08;08/03/2017;13005;13005;13005;13005;88
2017-03-09;09/03/2017;13005;13005;13005;13005;1451
2017-03-10;10/03/2017;13005;13005;13005;13005;25
2017-03-13;13/03/2017;13000;13000;13000;13000;66
2017-03-14;14/03/2017;13100;13100;13100;13100;383
2017-03-15;15/03/2017;12950;12950;12950;12950;18
2017-03-16;16/03/2017;13000;13000;13000;13000;40
2017-03-17;17/03/2017;13000;13000;13000;13000;163
2017-03-20;20/03/2017;13005;13005;13005;13005;491
2017-03-21;21/03/2017;12950;12950;12950;12950;30
2017-03-22;22/03/2017;13095;13095;13095;13095;14
2017-03-23;23/03/2017;13000;13000;13000;13000;582
2017-03-24;24/03/2017;13005;13005;13005;13005;1171
2017-03-27;27/03/2017;13005;13005;13005;13005;72
2017-03-28;28/03/2017;12800;12800;12800;12800;314
2017-03-29;29/03/2017;12000;12000;12000;12000;562
2017-03-30;30/03/2017;12900;12900;12900;12900;5377
2017-03-31;31/03/2017;13100;13100;13100;13100;559
2017-04-03;03/04/2017;12950;12950;12950;12950;505
2017-04-04;04/04/2017;13000;13000;13000;13000;16
2017-04-05;05/04/2017;13000;13000;13000;13000;285
2017-04-06;06/04/2017;13000;13000;13000;13000;1210
2017-04-07;07/04/2017;13000;13000;13000;13000;77
2017-04-10;10/04/2017;12905;12905;12905;12905;87
2017-04-11;11/04/2017;12900;12900;12900;12900;250
2017-04-12;12/04/2017;13000;13000;13000;13000;2
2017-04-14;14/04/2017;12500;12500;12500;12500;38
2017-04-18;18/04/2017;12500;12500;12500;12500;11
2017-04-19;19/04/2017;13000;13000;13000;13000;2071
2017-04-20;20/04/2017;13300;13300;13300;13300;12503
2017-04-21;21/04/2017;13505;13505;13505;13505;45
2017-04-24;24/04/2017;13505;13505;13505;13505;487
2017-04-25;25/04/2017;13900;13900;13900;13900;632
2017-04-26;26/04/2017;14450;14450;14450;14450;2693
2017-04-27;27/04/2017;14500;14500;14500;14500;99
2017-04-28;28/04/2017;14495;14495;14495;14495;64
2017-05-01;01/05/2017;14495;14495;14495;14495;64
2017-05-02;02/05/2017;14500;14500;14500;14500;72
2017-05-03;03/05/2017;14495;14495;14495;14495;80
2017-05-04;04/05/2017;14000;14000;14000;14000;87
2017-05-05;05/05/2017;13000;13000;13000;13000;130
2017-05-08;08/05/2017;13975;13975;13975;13975;3807
2017-05-09;09/05/2017;13895;13895;13895;13895;648
2017-05-10;10/05/2017;13900;13900;13900;13900;290
2017-05-11;11/05/2017;14395;14395;14395;14395;1287
2017-05-12;12/05/2017;14395;14395;14395;14395;469
2017-05-15;15/05/2017;14400;14400;14400;14400;43
2017-05-16;16/05/2017;14395;14395;14395;14395;41
2017-05-17;17/05/2017;14400;14400;14400;14400;171
2017-05-18;18/05/2017;14000;14000;14000;14000;561
2017-05-19;19/05/2017;13000;13000;13000;13000;320
2017-05-22;22/05/2017;13000;13000;13000;13000;82
2017-05-23;23/05/2017;12950;12950;12950;12950;157
2017-05-24;24/05/2017;12800;12800;12800;12800;54
2017-05-25;25/05/2017;12800;12800;12800;12800;54
2017-05-26;26/05/2017;12800;12800;12800;12800;529
2017-05-29;29/05/2017;12500;12500;12500;12500;160
2017-05-30;30/05/2017;12495;12495;12495;12495;120
2017-05-31;31/05/2017;12100;12100;12100;12100;211
2017-06-01;01/06/2017;12000;12000;12000;12000;629
2017-06-02;02/06/2017;11995;11995;11995;11995;324
2017-06-05;05/06/2017;11995;11995;11995;11995;324
2017-06-06;06/06/2017;12000;12000;12000;12000;53
2017-06-07;07/06/2017;12500;12500;12500;12500;190
2017-06-08;08/06/2017;12495;12495;12495;12495;6
2017-06-09;09/06/2017;12000;12000;12000;12000;105
2017-06-12;12/06/2017;11150;11150;11150;11150;86
2017-06-13;13/06/2017;11000;11000;11000;11000;102
2017-06-14;14/06/2017;11000;11000;11000;11000;310
2017-06-15;15/06/2017;11495;11495;11495;11495;200
2017-06-16;16/06/2017;11500;11500;11500;11500;96
2017-06-19;19/06/2017;11500;11500;11500;11500;100
2017-06-20;20/06/2017;11500;11500;11500;11500;12
2017-06-21;21/06/2017;11500;11500;11500;11500;20
2017-06-22;22/06/2017;11500;11500;11500;11500;20
2017-06-27;27/06/2017;11500;11500;11500;11500;75
2017-06-28;28/06/2017;11000;11000;11000;11000;151
2017-06-29;29/06/2017;11500;11500;11500;11500;30
2017-06-30;30/06/2017;11000;11000;11000;11000;71
2017-07-03;03/07/2017;10500;10500;10500;10500;75
2017-07-04;04/07/2017;11000;11000;11000;11000;101
2017-07-05;05/07/2017;11600;11600;11600;11600;118
2017-07-06;06/07/2017;11000;11000;11000;11000;137
2017-07-07;07/07/2017;11000;11000;11000;11000;50
2017-07-10;10/07/2017;11500;11500;11500;11500;244
2017-07-11;11/07/2017;11600;11600;11600;11600;202
2017-07-12;12/07/2017;11000;11000;11000;11000;35
2017-07-13;13/07/2017;11100;11100;11100;11100;45
2017-07-17;17/07/2017;11500;11500;11500;11500;2195
2017-07-18;18/07/2017;11500;11500;11500;11500;45
2017-07-19;19/07/2017;11500;11500;11500;11500;260
2017-07-20;20/07/2017;11000;11000;11000;11000;95
2017-07-21;21/07/2017;10500;10500;10500;10500;96
2017-07-25;25/07/2017;11285;11285;11285;11285;5675
2017-07-26;26/07/2017;11500;11500;11500;11500;57
2017-07-27;27/07/2017;10640;10640;10640;10640;53961
2017-07-28;28/07/2017;11435;11435;11435;11435;90
2017-07-31;31/07/2017;10850;10850;10850;10850;5
2017-08-01;01/08/2017;10825;10825;10825;10825;36
2017-08-02;02/08/2017;11500;11500;11500;11500;1145
2017-08-03;03/08/2017;11000;11000;11000;11000;25
2017-08-08;08/08/2017;11500;11500;11500;11500;1422
2017-08-09;09/08/2017;11500;11500;11500;11500;1063
2017-08-10;10/08/2017;11500;11500;11500;11500;5
2017-08-11;11/08/2017;11500;11500;11500;11500;20
2017-08-16;16/08/2017;11500;11500;11500;11500;508
2017-08-17;17/08/2017;10640;10640;10640;10640;131
2017-08-18;18/08/2017;11400;11400;11400;11400;20
2017-08-21;21/08/2017;10545;10545;10545;10545;369
2017-08-22;22/08/2017;10500;10500;10500;10500;85
2017-08-23;23/08/2017;10100;10100;10100;10100;121
2017-08-24;24/08/2017;10200;10200;10200;10200;110
2017-08-25;25/08/2017;10200;10200;10200;10200;19
2017-08-28;28/08/2017;10200;10200;10200;10200;28
2017-08-29;29/08/2017;10150;10150;10150;10150;1192
2017-08-30;30/08/2017;10100;10100;10100;10100;69
2017-09-04;04/09/2017;10100;10100;10100;10100;55
2017-09-05;05/09/2017;10495;10495;10495;10495;10
2017-09-06;06/09/2017;10100;10100;10100;10100;98
2017-09-07;07/09/2017;10000;10000;10000;10000;24
2017-09-08;08/09/2017;10400;10400;10400;10400;6029
2017-09-11;11/09/2017;10450;10450;10450;10450;1
2017-09-12;12/09/2017;10000;10000;10000;10000;172
2017-09-13;13/09/2017;10100;10100;10100;10100;43
2017-09-14;14/09/2017;10000;10000;10000;10000;145
2017-09-15;15/09/2017;10000;10000;10000;10000;25
2017-09-18;18/09/2017;10100;10100;10100;10100;15
2017-09-19;19/09/2017;9345;9345;9345;9345;7
2017-09-20;20/09/2017;10000;10000;10000;10000;207
2017-09-21;21/09/2017;10000;10000;10000;10000;384
2017-09-22;22/09/2017;9400;9400;9400;9400;28
2017-09-25;25/09/2017;8695;8695;8695;8695;224
2017-09-26;26/09/2017;9340;9340;9340;9340;5
2017-09-27;27/09/2017;8420;8420;8420;8420;72
2017-09-28;28/09/2017;8000;8000;8000;8000;226
2017-09-29;29/09/2017;8210;8210;8210;8210;128
2017-10-02;02/10/2017;8500;8500;8500;8500;181
2017-10-03;03/10/2017;8500;8500;8500;8500;55
2017-10-04;04/10/2017;8400;8400;8400;8400;59
2017-10-05;05/10/2017;8500;8500;8500;8500;55
2017-10-06;06/10/2017;8670;8670;8670;8670;318
2017-10-09;09/10/2017;8800;8800;8800;8800;1
2017-10-10;10/10/2017;8800;8800;8800;8800;183
2017-10-11;11/10/2017;8900;8900;8900;8900;185
2017-10-12;12/10/2017;8900;8900;8900;8900;163
2017-10-13;13/10/2017;8905;8905;8905;8905;1305
2017-10-16;16/10/2017;8900;8900;8900;8900;66
2017-10-17;17/10/2017;8900;8900;8900;8900;464
2017-10-18;18/10/2017;8895;8895;8895;8895;193
2017-10-19;19/10/2017;8500;8500;8500;8500;165
2017-10-20;20/10/2017;8500;8500;8500;8500;115
2017-10-23;23/10/2017;8400;8400;8400;8400;130
2017-10-24;24/10/2017;8400;8400;8400;8400;40
2017-10-25;25/10/2017;8100;8100;8100;8100;47
2017-10-26;26/10/2017;8500;8500;8500;8500;3838
2017-10-27;27/10/2017;8305;8305;8305;8305;80
2017-10-30;30/10/2017;8470;8470;8470;8470;33
2017-10-31;31/10/2017;9000;9000;9000;9000;139
2017-11-01;01/11/2017;9000;9000;9000;9000;139
2017-11-06;06/11/2017;4300;4300;4300;4300;2336
2017-11-07;07/11/2017;4185;4185;4185;4185;20
2017-11-08;08/11/2017;4175;4175;4175;4175;134
2017-11-09;09/11/2017;4175;4175;4175;4175;1275
2017-11-10;10/11/2017;4450;4450;4450;4450;252
2017-11-13;13/11/2017;4120;4120;4120;4120;3706
2017-11-14;14/11/2017;4100;4100;4100;4100;13
2017-11-15;15/11/2017;4100;4100;4100;4100;13
2017-11-16;16/11/2017;3995;3995;3995;3995;1337
2017-11-17;17/11/2017;3850;3850;3850;3850;102
2017-11-21;21/11/2017;3950;3950;3950;3950;67
2017-11-22;22/11/2017;3900;3900;3900;3900;65
2017-11-23;23/11/2017;3900;3900;3900;3900;25
2017-11-24;24/11/2017;3700;3700;3700;3700;22015
2017-11-27;27/11/2017;3900;3900;3900;3900;5106
2017-11-28;28/11/2017;4000;4000;4000;4000;100
2017-11-29;29/11/2017;3900;3900;3900;3900;122
2017-11-30;30/11/2017;4000;4000;4000;4000;2624
2017-12-01;01/12/2017;4000;4000;4000;4000;2624
2017-12-04;04/12/2017;4175;4175;4175;4175;625
2017-12-06;06/12/2017;4175;4175;4175;4175;394
2017-12-07;07/12/2017;4100;4100;4100;4100;58
2017-12-08;08/12/2017;4180;4180;4180;4180;95
2017-12-12;12/12/2017;4100;4100;4100;4100;593
2017-12-13;13/12/2017;4405;4405;4405;4405;41
2017-12-14;14/12/2017;4405;4405;4405;4405;47
2017-12-15;15/12/2017;4735;4735;4735;4735;6
2017-12-18;18/12/2017;5000;5000;5000;5000;184
2017-12-19;19/12/2017;5250;5250;5250;5250;525
2017-12-20;20/12/2017;5500;5500;5500;5500;618
2017-12-21;21/12/2017;5500;5500;5500;5500;502
2017-12-22;22/12/2017;5590;5590;5590;5590;126
2017-12-25;25/12/2017;5590;5590;5590;5590;126
2017-12-26;26/12/2017;5550;5550;5550;5550;374
2017-12-27;27/12/2017;5550;5550;5550;5550;275
2017-12-28;28/12/2017;5550;5550;5550;5550;197
2017-12-29;29/12/2017;5500;5500;5500;5500;38
2018-01-02;02/01/2018;5300;5300;5300;5300;150
2018-01-03;03/01/2018;5400;5400;5400;5400;254
2018-01-04;04/01/2018;5500;5500;5500;5500;12844
2018-01-05;05/01/2018;5600;5600;5600;5600;2179
2018-01-08;08/01/2018;5600;5600;5600;5600;59
2018-01-09;09/01/2018;5600;5600;5600;5600;2091
2018-01-10;10/01/2018;5610;5610;5610;5610;65
2018-01-11;11/01/2018;5800;5800;5800;5800;50
2018-01-12;12/01/2018;5795;5795;5795;5795;214
2018-01-15;15/01/2018;5715;5715;5715;5715;665
2018-01-16;16/01/2018;5800;5800;5800;5800;329
2018-01-17;17/01/2018;5800;5800;5800;5800;393
2018-01-18;18/01/2018;5800;5800;5800;5800;59
2018-01-19;19/01/2018;5750;5750;5750;5750;483
2018-01-22;22/01/2018;5600;5600;5600;5600;121
2018-01-24;24/01/2018;5650;5650;5650;5650;10003
2018-01-25;25/01/2018;5795;5795;5795;5795;100
2018-01-26;26/01/2018;5795;5795;5795;5795;220
2018-01-29;29/01/2018;5750;5750;5750;5750;271
2018-01-30;30/01/2018;5500;5500;5500;5500;55
2018-01-31;31/01/2018;5090;5090;5090;5090;67
2018-02-01;01/02/2018;5470;5470;5470;5470;425
2018-02-02;02/02/2018;5600;5600;5600;5600;7639
2018-02-06;06/02/2018;5700;5700;5700;5700;225
2018-02-07;07/02/2018;5800;5800;5800;5800;165
2018-02-08;08/02/2018;5800;5800;5800;5800;85
2018-02-09;09/02/2018;5805;5805;5805;5805;223
2018-02-12;12/02/2018;5800;5800;5800;5800;272
2018-02-13;13/02/2018;5850;5850;5850;5850;127
2018-02-14;14/02/2018;5850;5850;5850;5850;839
2018-02-15;15/02/2018;5810;5810;5810;5810;423
2018-02-16;16/02/2018;5900;5900;5900;5900;2218
2018-02-19;19/02/2018;5910;5910;5910;5910;25
2018-02-20;20/02/2018;6000;6000;6000;6000;351
2018-02-21;21/02/2018;5910;5910;5910;5910;56
2018-02-22;22/02/2018;6000;6000;6000;6000;73
2018-02-23;23/02/2018;6450;6450;6450;6450;31
2018-02-26;26/02/2018;6930;6930;6930;6930;235
2018-02-27;27/02/2018;7300;7300;7300;7300;2314
2018-02-28;28/02/2018;7490;7490;7490;7490;3901
2018-03-01;01/03/2018;7000;7000;7000;7000;143
2018-03-02;02/03/2018;7140;7140;7140;7140;1420
2018-03-05;05/03/2018;6605;6605;6605;6605;34
2018-03-06;06/03/2018;6180;6180;6180;6180;568
2018-03-07;07/03/2018;6500;6500;6500;6500;1516
2018-03-08;08/03/2018;6250;6250;6250;6250;573
2018-03-09;09/03/2018;6500;6500;6500;6500;206
2018-03-12;12/03/2018;6900;6900;6900;6900;710
2018-03-13;13/03/2018;7255;7255;7255;7255;4298
2018-03-14;14/03/2018;7400;7400;7400;7400;3350
2018-03-15;15/03/2018;7500;7500;7500;7500;1732
2018-03-16;16/03/2018;7500;7500;7500;7500;860
2018-03-19;19/03/2018;7495;7495;7495;7495;868
2018-03-20;20/03/2018;7400;7400;7400;7400;1478
2018-03-21;21/03/2018;7300;7300;7300;7300;242
2018-03-22;22/03/2018;7300;7300;7300;7300;54
2018-03-27;27/03/2018;7300;7300;7300;7300;572
2018-03-28;28/03/2018;7400;7400;7400;7400;2930
2018-03-29;29/03/2018;7275;7275;7275;7275;2025
2018-03-30;30/03/2018;7400;7400;7400;7400;1020
2018-04-02;02/04/2018;7400;7400;7400;7400;1020
2018-04-03;03/04/2018;7400;7400;7400;7400;270
2018-04-04;04/04/2018;7500;7500;7500;7500;2970
2018-04-05;05/04/2018;7250;7250;7250;7250;325
2018-04-09;09/04/2018;7245;7245;7245;7245;103
2018-04-10;10/04/2018;7200;7200;7200;7200;685
2018-04-11;11/04/2018;7200;7200;7200;7200;3105
2018-04-12;12/04/2018;6660;6660;6660;6660;331
2018-04-13;13/04/2018;6165;6165;6165;6165;115
2018-04-16;16/04/2018;6000;6000;6000;6000;1048
2018-04-17;17/04/2018;5900;5900;5900;5900;690
2018-04-18;18/04/2018;6340;6340;6340;6340;3134
2018-04-19;19/04/2018;5865;5865;5865;5865;265
2018-04-20;20/04/2018;5840;5840;5840;5840;393
2018-04-23;23/04/2018;6200;6200;6200;6200;1345
2018-04-24;24/04/2018;6650;6650;6650;6650;3055
2018-04-25;25/04/2018;6400;6400;6400;6400;1405
2018-04-26;26/04/2018;6000;6000;6000;6000;135
2018-05-09;09/05/2018;5600;5600;5600;5600;18
2018-05-10;10/05/2018;5600;5600;5600;5600;18
2018-05-11;11/05/2018;5490;5490;5490;5490;35
2018-05-14;14/05/2018;5450;5450;5450;5450;224
2018-05-15;15/05/2018;5395;5395;5395;5395;10
2018-05-16;16/05/2018;5345;5345;5345;5345;3
2018-05-18;18/05/2018;5100;5100;5100;5100;20
2018-05-21;21/05/2018;5100;5100;5100;5100;20
2018-05-22;22/05/2018;5090;5090;5090;5090;166
2018-05-23;23/05/2018;5095;5095;5095;5095;2
2018-05-24;24/05/2018;4995;4995;4995;4995;300
2018-05-28;28/05/2018;5000;5000;5000;5000;137
2018-05-29;29/05/2018;4980;4980;4980;4980;1
2018-05-30;30/05/2018;4895;4895;4895;4895;7
2018-05-31;31/05/2018;4970;4970;4970;4970;58
2018-06-01;01/06/2018;4950;4950;4950;4950;100
2018-06-04;04/06/2018;4895;4895;4895;4895;62
2018-06-05;05/06/2018;4800;4800;4800;4800;16
2018-06-06;06/06/2018;4800;4800;4800;4800;199
2018-06-08;08/06/2018;4500;4500;4500;4500;43
2018-06-11;11/06/2018;4500;4500;4500;4500;43
2018-06-12;12/06/2018;4300;4300;4300;4300;26
2018-06-13;13/06/2018;3980;3980;3980;3980;156
2018-06-14;14/06/2018;3980;3980;3980;3980;156
2018-06-15;15/06/2018;3685;3685;3685;3685;129
2018-06-18;18/06/2018;3410;3410;3410;3410;425
2018-06-19;19/06/2018;3400;3400;3400;3400;233
2018-06-20;20/06/2018;3655;3655;3655;3655;317
2018-06-21;21/06/2018;3600;3600;3600;3600;180
2018-06-28;28/06/2018;3295;3295;3295;3295;561
2018-06-29;29/06/2018;3200;3200;3200;3200;616
2018-07-02;02/07/2018;3150;3150;3150;3150;3880
2018-07-03;03/07/2018;3385;3385;3385;3385;64096
2018-07-04;04/07/2018;3400;3400;3400;3400;234
2018-07-05;05/07/2018;3350;3350;3350;3350;355
2018-07-06;06/07/2018;3190;3190;3190;3190;705
2018-07-09;09/07/2018;3300;3300;3300;3300;103
2018-07-10;10/07/2018;3245;3245;3245;3245;696
2018-07-11;11/07/2018;3250;3250;3250;3250;378
2018-07-12;12/07/2018;3210;3210;3210;3210;400
2018-07-13;13/07/2018;3350;3350;3350;3350;289
2018-07-16;16/07/2018;3300;3300;3300;3300;65
2018-07-17;17/07/2018;3300;3300;3300;3300;165
2018-07-18;18/07/2018;3200;3200;3200;3200;144
2018-07-19;19/07/2018;3200;3200;3200;3200;13417
2018-07-20;20/07/2018;3200;3200;3200;3200;408
2018-07-23;23/07/2018;3250;3250;3250;3250;30
2018-07-24;24/07/2018;3400;3400;3400;3400;36
2018-07-25;25/07/2018;3200;3200;3200;3200;50
2018-07-26;26/07/2018;3210;3210;3210;3210;442
2018-07-30;30/07/2018;3150;3150;3150;3150;400
2018-07-31;31/07/2018;3200;3200;3200;3200;632
2018-08-01;01/08/2018;3100;3100;3100;3100;429
2018-08-02;02/08/2018;3100;3100;3100;3100;20
2018-08-03;03/08/2018;3200;3200;3200;3200;10
2018-08-06;06/08/2018;3200;3200;3200;3200;10
2018-08-07;07/08/2018;3200;3200;3200;3200;10
2018-08-08;08/08/2018;3295;3295;3295;3295;107
2018-08-09;09/08/2018;3250;3250;3250;3250;474
2018-08-10;10/08/2018;3210;3210;3210;3210;21
2018-08-13;13/08/2018;3185;3185;3185;3185;259
2018-08-14;14/08/2018;3190;3190;3190;3190;262
2018-08-22;22/08/2018;3300;3300;3300;3300;202
2018-08-23;23/08/2018;3500;3500;3500;3500;180
2018-08-24;24/08/2018;3400;3400;3400;3400;222
2018-08-27;27/08/2018;3250;3250;3250;3250;222
2018-08-28;28/08/2018;3350;3350;3350;3350;12
2018-08-29;29/08/2018;3350;3350;3350;3350;135
2018-08-30;30/08/2018;3250;3250;3250;3250;20
2018-08-31;31/08/2018;3200;3200;3200;3200;466
2018-09-03;03/09/2018;3240;3240;3240;3240;176
2018-09-04;04/09/2018;3180;3180;3180;3180;140
2018-09-05;05/09/2018;3200;3200;3200;3200;69
2018-09-06;06/09/2018;3200;3200;3200;3200;13389
2018-09-07;07/09/2018;3105;3105;3105;3105;69
2018-09-10;10/09/2018;3105;3105;3105;3105;55
2018-09-11;11/09/2018;3240;3240;3240;3240;164
2018-09-12;12/09/2018;3200;3200;3200;3200;1740
2018-09-13;13/09/2018;3300;3300;3300;3300;334
2018-09-14;14/09/2018;3300;3300;3300;3300;116
2018-09-17;17/09/2018;3300;3300;3300;3300;116
2018-09-18;18/09/2018;3300;3300;3300;3300;2625
2018-09-19;19/09/2018;3350;3350;3350;3350;1060
2018-09-20;20/09/2018;3240;3240;3240;3240;50
2018-09-25;25/09/2018;3200;3200;3200;3200;109
2018-09-27;27/09/2018;3145;3145;3145;3145;174
2018-09-28;28/09/2018;3145;3145;3145;3145;50
2018-10-01;01/10/2018;3100;3100;3100;3100;3
2018-10-02;02/10/2018;3080;3080;3080;3080;30
2018-10-03;03/10/2018;3050;3050;3050;3050;46
2018-10-05;05/10/2018;3000;3000;3000;3000;99
2018-10-08;08/10/2018;2800;2800;2800;2800;80
2018-10-10;10/10/2018;2710;2710;2710;2710;3086
2018-10-11;11/10/2018;2800;2800;2800;2800;70
2018-10-12;12/10/2018;2710;2710;2710;2710;642
2018-10-15;15/10/2018;2695;2695;2695;2695;50
2018-10-16;16/10/2018;2590;2590;2590;2590;100
2018-10-17;17/10/2018;2650;2650;2650;2650;50
2018-10-18;18/10/2018;2505;2505;2505;2505;200
2018-10-19;19/10/2018;2500;2500;2500;2500;60
2018-10-22;22/10/2018;2500;2500;2500;2500;2
2018-10-23;23/10/2018;2455;2455;2455;2455;7
2018-10-24;24/10/2018;2290;2290;2290;2290;3514
2018-10-25;25/10/2018;2290;2290;2290;2290;106
2018-10-26;26/10/2018;2290;2290;2290;2290;38
2018-10-29;29/10/2018;2200;2200;2200;2200;85
2018-10-30;30/10/2018;2200;2200;2200;2200;5
2018-10-31;31/10/2018;2280;2280;2280;2280;102
2018-11-01;01/11/2018;2280;2280;2280;2280;102
2018-11-02;02/11/2018;2280;2280;2280;2280;50
2018-11-05;05/11/2018;2280;2280;2280;2280;315
2018-11-06;06/11/2018;2200;2200;2200;2200;31
2018-11-07;07/11/2018;2200;2200;2200;2200;6
2018-11-08;08/11/2018;2090;2090;2090;2090;223
2018-11-12;12/11/2018;2090;2090;2090;2090;15
2018-11-13;13/11/2018;1950;1950;1950;1950;29
2018-11-14;14/11/2018;1900;1900;1900;1900;138
2018-11-15;15/11/2018;1900;1900;1900;1900;138
2018-11-16;16/11/2018;2040;2040;2040;2040;591
2018-11-19;19/11/2018;2000;2000;2000;2000;22
2018-11-20;20/11/2018;2000;2000;2000;2000;22
2018-11-21;21/11/2018;1900;1900;1900;1900;50
2018-11-22;22/11/2018;1900;1900;1900;1900;130
2018-11-23;23/11/2018;2000;2000;2000;2000;1073
2018-11-26;26/11/2018;1850;1850;1850;1850;100
2018-11-27;27/11/2018;1985;1985;1985;1985;624
2018-11-29;29/11/2018;1950;1950;1950;1950;3144
2018-12-03;03/12/2018;1945;1945;1945;1945;16
2018-12-04;04/12/2018;1945;1945;1945;1945;10
2018-12-05;05/12/2018;1945;1945;1945;1945;10
2018-12-06;06/12/2018;2045;2045;2045;2045;449
2018-12-07;07/12/2018;2040;2040;2040;2040;10
2018-12-10;10/12/2018;2185;2185;2185;2185;755
2018-12-11;11/12/2018;2190;2190;2190;2190;72
2018-12-12;12/12/2018;2150;2150;2150;2150;71
2018-12-13;13/12/2018;2090;2090;2090;2090;32
2018-12-14;14/12/2018;2090;2090;2090;2090;31
2018-12-17;17/12/2018;2100;2100;2100;2100;340
2018-12-18;18/12/2018;2100;2100;2100;2100;1712
2018-12-19;19/12/2018;2050;2050;2050;2050;9
2018-12-20;20/12/2018;2050;2050;2050;2050;10
2018-12-21;21/12/2018;2000;2000;2000;2000;60
2018-12-24;24/12/2018;1900;1900;1900;1900;71
2018-12-25;25/12/2018;1900;1900;1900;1900;71
2018-12-26;26/12/2018;1900;1900;1900;1900;125
2018-12-28;28/12/2018;2000;2000;2000;2000;196
2018-12-31;31/12/2018;1900;1900;1900;1900;130
2019-01-02;02/01/2019;1850;1850;1850;1850;115
2019-01-03;03/01/2019;1800;1800;1800;1800;624
2019-01-04;04/01/2019;1935;1935;1935;1935;130
2019-01-07;07/01/2019;1850;1850;1850;1850;557
2019-01-08;08/01/2019;1895;1895;1895;1895;356
2019-01-09;09/01/2019;1895;1895;1895;1895;140
2019-01-10;10/01/2019;1885;1885;1885;1885;420
2019-01-14;14/01/2019;1805;1805;1805;1805;35
2019-01-15;15/01/2019;1805;1805;1805;1805;146
2019-01-16;16/01/2019;1745;1745;1720;1720;89
2019-01-17;17/01/2019;1800;1830;1800;1830;5901
2019-01-18;18/01/2019;1830;1830;1830;1830;87
2019-01-21;21/01/2019;1850;1850;1850;1850;20
2019-01-22;22/01/2019;1820;1820;1745;1745;100
2019-01-23;23/01/2019;1800;1800;1800;1800;20
2019-01-24;24/01/2019;1795;1795;1795;1795;20
2019-01-25;25/01/2019;1775;1785;1775;1785;126
2019-01-28;28/01/2019;1785;1830;1785;1830;152
2019-01-30;30/01/2019;1825;1825;1825;1825;66
2019-01-31;31/01/2019;1750;1750;1750;1750;44
2019-02-01;01/02/2019;1750;1750;1690;1690;547
2019-02-04;04/02/2019;1620;1620;1620;1620;57
2019-02-05;05/02/2019;1500;1500;1500;1500;20
2019-02-06;06/02/2019;1530;1530;1500;1500;519
2019-02-07;07/02/2019;1600;1600;1560;1560;334
2019-02-11;11/02/2019;1565;1565;1565;1565;10
2019-02-12;12/02/2019;1580;1580;1580;1580;30
2019-02-13;13/02/2019;1600;1600;1580;1580;82
2019-02-14;14/02/2019;1600;1600;1600;1600;510
2019-02-15;15/02/2019;1600;1600;1600;1600;29
2019-02-18;18/02/2019;1580;1580;1565;1565;100
2019-02-19;19/02/2019;1565;1595;1565;1595;245
2019-02-20;20/02/2019;1600;1600;1565;1565;650
2019-02-21;21/02/2019;1595;1595;1595;1595;8
2019-02-22;22/02/2019;1595;1595;1595;1595;12
2019-02-26;26/02/2019;1600;1600;1600;1600;176
2019-02-27;27/02/2019;1570;1600;1570;1600;3151
2019-02-28;28/02/2019;1600;1600;1600;1600;110
2019-03-04;04/03/2019;1600;1600;1600;1600;46
2019-03-05;05/03/2019;1600;1600;1600;1600;14
2019-03-06;06/03/2019;1600;1600;1600;1600;257
2019-03-07;07/03/2019;1550;1600;1550;1600;401
2019-03-11;11/03/2019;1550;1600;1550;1600;10
2019-03-12;12/03/2019;1600;1600;1600;1600;31
2019-03-13;13/03/2019;1595;1595;1595;1595;50
2019-03-14;14/03/2019;1590;1600;1590;1600;2156
2019-03-18;18/03/2019;1600;1600;1600;1600;1
2019-03-19;19/03/2019;1600;1600;1600;1600;333
2019-03-20;20/03/2019;1600;1600;1600;1600;235
2019-03-22;22/03/2019;1600;1600;1595;1595;31
2019-03-25;25/03/2019;1600;1600;1595;1595;31
2019-03-26;26/03/2019;1590;1590;1550;1550;502
2019-03-27;27/03/2019;1500;1500;1500;1500;200
2019-03-28;28/03/2019;1500;1500;1500;1500;664
2019-03-29;29/03/2019;1500;1500;1500;1500;405
2019-04-01;01/04/2019;1500;1500;1500;1500;86
2019-04-02;02/04/2019;1500;1500;1480;1480;19
2019-04-04;04/04/2019;1480;1490;1480;1490;42
2019-04-05;05/04/2019;1480;1480;1480;1480;1360
2019-04-08;08/04/2019;1400;1450;1400;1450;948
2019-04-09;09/04/2019;1445;1445;1445;1445;134
2019-04-10;10/04/2019;1450;1450;1450;1450;209
2019-04-11;11/04/2019;1450;1450;1400;1400;326
2019-04-15;15/04/2019;1480;1480;1480;1480;16
2019-04-16;16/04/2019;1475;1475;1475;1475;400
2019-04-17;17/04/2019;1470;1470;1370;1370;222
2019-04-18;18/04/2019;1300;1300;1300;1300;360
2019-04-19;19/04/2019;1300;1300;1300;1300;25
2019-04-22;22/04/2019;1300;1300;1300;1300;25
2019-04-23;23/04/2019;1300;1300;1300;1300;5
2019-04-24;24/04/2019;1275;1275;1205;1205;291
2019-04-25;25/04/2019;1200;1200;1200;1200;102
2019-04-26;26/04/2019;1200;1250;1200;1250;3784
2019-04-29;29/04/2019;1240;1240;1200;1200;6178
2019-04-30;30/04/2019;1200;1250;1200;1250;26
2019-05-01;01/05/2019;1200;1250;1200;1250;26
2019-05-02;02/05/2019;1200;1300;1200;1300;505
2019-05-03;03/05/2019;1300;1300;1300;1300;195
2019-05-06;06/05/2019;1300;1300;1300;1300;65
2019-05-07;07/05/2019;1300;1300;1300;1300;6433
2019-05-08;08/05/2019;1300;1300;1300;1300;1649
2019-05-09;09/05/2019;1300;1350;1300;1350;1859
2019-05-10;10/05/2019;1400;1440;1400;1440;410
2019-05-13;13/05/2019;1410;1435;1410;1435;743
2019-05-14;14/05/2019;1415;1415;1330;1330;2078
2019-05-15;15/05/2019;1330;1330;1305;1305;755
2019-05-16;16/05/2019;1305;1310;1305;1310;3413
2019-05-17;17/05/2019;1310;1310;1300;1300;2201
2019-05-20;20/05/2019;1300;1300;1285;1285;1170
2019-05-21;21/05/2019;1275;1275;1275;1275;30
2019-05-22;22/05/2019;1275;1275;1250;1250;188
2019-05-23;23/05/2019;1260;1260;1250;1250;1688
2019-05-24;24/05/2019;1250;1250;1250;1250;230
2019-05-27;27/05/2019;1245;1250;1245;1250;110
2019-05-28;28/05/2019;1245;1245;1245;1245;27252
2019-05-29;29/05/2019;1245;1245;1245;1245;2450
2019-05-30;30/05/2019;1245;1245;1245;1245;2450
2019-05-31;31/05/2019;1245;1245;1245;1245;73
2019-06-03;03/06/2019;1245;1245;1235;1235;299
2019-06-05;05/06/2019;1245;1245;1245;1245;1088
2019-06-06;06/06/2019;1205;1205;1200;1200;791
2019-06-07;07/06/2019;1200;1250;1200;1250;117
2019-06-11;11/06/2019;1200;1200;1200;1200;406
2019-06-12;12/06/2019;1230;1230;1200;1200;272
2019-06-13;13/06/2019;1220;1220;1220;1220;1234
2019-06-14;14/06/2019;1180;1180;1180;1180;1332
2019-06-17;17/06/2019;1180;1180;1180;1180;882
2019-06-18;18/06/2019;1185;1185;1180;1180;4384
2019-06-19;19/06/2019;1200;1200;1200;1200;65
2019-06-20;20/06/2019;1180;1180;1180;1180;275
2019-06-21;21/06/2019;1175;1175;1150;1150;43
2019-06-24;24/06/2019;1150;1150;1150;1150;840
2019-06-25;25/06/2019;1175;1175;1175;1175;200
2019-06-26;26/06/2019;1170;1170;1170;1170;2
2019-06-27;27/06/2019;1170;1170;1150;1150;89
2019-06-28;28/06/2019;1150;1150;1145;1145;158
2019-07-01;01/07/2019;1130;1130;1100;1100;176
2019-07-02;02/07/2019;1095;1095;1020;1020;50
2019-07-03;03/07/2019;1000;1020;1000;1020;504
2019-07-04;04/07/2019;1005;1005;1000;1000;143
2019-07-05;05/07/2019;980;990;980;990;4356
2019-07-08;08/07/2019;1040;1040;1000;1000;30
2019-07-09;09/07/2019;1000;1000;950;950;3819
2019-07-10;10/07/2019;950;950;950;950;35
2019-07-11;11/07/2019;950;950;950;950;1390
2019-07-12;12/07/2019;950;950;950;950;87
2019-07-15;15/07/2019;950;950;900;900;2750
2019-07-16;16/07/2019;900;900;900;900;612
2019-07-17;17/07/2019;905;905;900;900;242
2019-07-18;18/07/2019;910;910;900;900;320
2019-07-19;19/07/2019;900;910;900;910;167
2019-07-22;22/07/2019;910;915;910;915;891
2019-07-23;23/07/2019;900;900;900;900;35
2019-07-24;24/07/2019;900;900;900;900;41
2019-07-25;25/07/2019;900;900;900;900;83
2019-07-26;26/07/2019;900;905;900;905;147
2019-07-29;29/07/2019;950;950;950;950;204
2019-07-30;30/07/2019;980;980;980;980;27
2019-07-31;31/07/2019;1000;1005;1000;1005;220
2019-08-02;02/08/2019;1080;1080;1080;1080;14
2019-08-05;05/08/2019;1150;1150;1150;1150;1
2019-08-06;06/08/2019;1155;1155;1155;1155;150
2019-08-07;07/08/2019;1155;1155;1155;1155;150
2019-08-08;08/08/2019;1150;1150;1100;1100;69
2019-08-09;09/08/2019;1100;1100;1090;1090;319
2019-08-12;12/08/2019;1100;1100;1090;1090;319
2019-08-13;13/08/2019;1090;1095;1090;1095;46
2019-08-14;14/08/2019;1100;1100;1090;1090;416
2019-08-15;15/08/2019;1100;1100;1090;1090;416
2019-08-16;16/08/2019;1090;1090;1080;1080;133
2019-08-19;19/08/2019;1050;1050;1050;1050;98
2019-08-20;20/08/2019;1045;1045;1000;1000;314
2019-08-21;21/08/2019;995;995;950;950;353
2019-08-22;22/08/2019;950;950;950;950;266
2019-08-23;23/08/2019;950;950;950;950;132
2019-08-26;26/08/2019;955;955;950;950;105
2019-08-27;27/08/2019;900;900;900;900;33
2019-08-28;28/08/2019;950;950;950;950;862
2019-08-30;30/08/2019;1000;1000;1000;1000;10
2019-09-02;02/09/2019;965;965;955;955;24
2019-09-03;03/09/2019;955;955;950;950;167
2019-09-04;04/09/2019;950;950;950;950;53
2019-09-05;05/09/2019;945;945;945;945;20
2019-09-09;09/09/2019;945;970;945;970;1225
2019-09-10;10/09/2019;950;950;950;950;50
2019-09-11;11/09/2019;970;970;970;970;26
2019-09-12;12/09/2019;980;980;950;950;39448
2019-09-13;13/09/2019;950;995;950;995;410
2019-09-16;16/09/2019;990;1000;990;1000;40610
2019-09-17;17/09/2019;1000;1000;995;995;4274
2019-09-19;19/09/2019;925;930;925;930;373
2019-09-20;20/09/2019;930;930;930;930;9
2019-09-23;23/09/2019;930;930;905;905;75
2019-09-24;24/09/2019;905;930;905;930;74
2019-09-25;25/09/2019;970;985;970;985;200
2019-09-27;27/09/2019;950;950;950;950;395
2019-10-01;01/10/2019;960;965;960;965;213
2019-10-02;02/10/2019;970;1035;970;1035;38863
2019-10-03;03/10/2019;965;965;965;965;6851
2019-10-04;04/10/2019;950;950;950;950;19
2019-10-07;07/10/2019;950;950;950;950;126
2019-10-08;08/10/2019;990;1020;990;1020;291
2019-10-09;09/10/2019;950;950;950;950;157
2019-10-10;10/10/2019;950;950;950;950;7323
2019-10-14;14/10/2019;950;950;950;950;670
2019-10-15;15/10/2019;950;950;950;950;1350
2019-10-16;16/10/2019;940;945;940;945;80
2019-10-17;17/10/2019;940;950;940;950;30
2019-10-18;18/10/2019;935;935;935;935;160
2019-10-22;22/10/2019;930;930;930;930;100
2019-10-23;23/10/2019;930;930;930;930;156
2019-10-24;24/10/2019;950;950;930;930;63
2019-10-28;28/10/2019;950;950;950;950;50
2019-10-31;31/10/2019;950;950;920;920;1153
2019-11-01;01/11/2019;950;950;920;920;1153
2019-11-04;04/11/2019;980;985;980;985;389
2019-11-05;05/11/2019;980;980;930;930;101
2019-11-06;06/11/2019;900;900;900;900;47
2019-11-07;07/11/2019;885;890;885;890;15
2019-11-08;08/11/2019;890;900;890;900;66295
2019-11-12;12/11/2019;900;900;900;900;36
2019-11-13;13/11/2019;900;965;900;965;84
2019-11-18;18/11/2019;995;995;970;970;251
2019-11-19;19/11/2019;970;970;900;900;781
2019-11-20;20/11/2019;910;910;910;910;58
2019-11-21;21/11/2019;900;900;900;900;592
2019-11-22;22/11/2019;910;910;900;900;578
2019-11-25;25/11/2019;900;900;900;900;393
2019-11-27;27/11/2019;910;910;910;910;15
2019-11-28;28/11/2019;965;965;900;900;1235
2019-11-29;29/11/2019;910;910;900;900;125
2019-12-02;02/12/2019;900;900;900;900;86
2019-12-03;03/12/2019;900;965;900;965;315
2019-12-04;04/12/2019;905;905;900;900;574
2019-12-05;05/12/2019;900;900;900;900;139
2019-12-06;06/12/2019;905;965;905;965;500
2019-12-09;09/12/2019;965;970;965;970;12687
2019-12-10;10/12/2019;1000;1000;995;995;175
2019-12-12;12/12/2019;995;995;995;995;30
2019-12-13;13/12/2019;1000;1065;1000;1065;15326
2019-12-16;16/12/2019;1065;1140;1065;1140;15554
2019-12-17;17/12/2019;1140;1190;1140;1190;105
2019-12-18;18/12/2019;1190;1190;1190;1190;150
2019-12-19;19/12/2019;1185;1190;1185;1190;67
2019-12-20;20/12/2019;1190;1190;1190;1190;31761
2019-12-23;23/12/2019;1200;1275;1200;1275;976
2019-12-24;24/12/2019;1275;1370;1275;1370;1901
2019-12-25;25/12/2019;1275;1370;1275;1370;1901
2019-12-26;26/12/2019;1470;1470;1470;1470;3007
2019-12-27;27/12/2019;1580;1580;1580;1580;2636
2019-12-30;30/12/2019;1695;1695;1695;1695;1490
2019-12-31;31/12/2019;1820;1820;1820;1820;8877
2020-01-01;01/01/2020;1820;1820;1820;1820;8877
2020-01-02;02/01/2020;1700;1700;1690;1690;315
2020-01-03;03/01/2020;1585;1585;1565;1565;1706
2020-01-06;06/01/2020;1450;1675;1450;1675;9781
2020-01-07;07/01/2020;1670;1675;1670;1675;460
2020-01-09;09/01/2020;1620;1700;1620;1700;518
2020-01-10;10/01/2020;1825;1825;1825;1825;471
2020-01-13;13/01/2020;1800;1960;1800;1960;598
2020-01-14;14/01/2020;1925;1960;1925;1960;3331
2020-01-15;15/01/2020;1960;2000;1960;2000;2207
2020-01-16;16/01/2020;2000;2000;2000;2000;669
2020-01-17;17/01/2020;2015;2080;2015;2080;107
2020-01-20;20/01/2020;2000;2000;2000;2000;2
2020-01-21;21/01/2020;2100;2150;2100;2150;1072
2020-01-22;22/01/2020;2100;2150;2100;2150;585
2020-01-23;23/01/2020;1990;1990;1990;1990;3
2020-01-24;24/01/2020;2000;2000;2000;2000;551
2020-01-27;27/01/2020;2010;2015;2010;2015;768
2020-01-28;28/01/2020;2015;2015;2000;2000;17
2020-01-29;29/01/2020;2000;2150;2000;2150;1351
2020-01-30;30/01/2020;2200;2310;2200;2310;2240
2020-01-31;31/01/2020;2300;2320;2300;2320;2342
2020-02-03;03/02/2020;2320;2450;2320;2450;10381
2020-02-05;05/02/2020;2300;2310;2300;2310;10
2020-02-06;06/02/2020;2300;2300;2300;2300;65
2020-02-07;07/02/2020;2285;2285;2285;2285;100
2020-02-10;10/02/2020;2280;2280;2280;2280;7
2020-02-11;11/02/2020;2250;2250;2250;2250;10
2020-02-12;12/02/2020;2250;2250;2250;2250;10
2020-02-13;13/02/2020;2200;2200;2200;2200;10000
2020-02-14;14/02/2020;2190;2190;2190;2190;57
2020-02-17;17/02/2020;2030;2030;2030;2030;10
2020-02-18;18/02/2020;1950;1950;1880;1880;128
2020-02-21;21/02/2020;1850;1850;1850;1850;5
2020-02-26;26/02/2020;1715;1790;1715;1790;3
2020-03-02;02/03/2020;1700;1700;1700;1700;1
2020-03-03;03/03/2020;1695;1695;1695;1695;100
2020-03-04;04/03/2020;1570;1650;1570;1650;46
2020-03-06;06/03/2020;1620;1620;1530;1530;113
2020-03-09;09/03/2020;1495;1495;1495;1495;8
2020-03-10;10/03/2020;1500;1500;1500;1500;40
2020-03-11;11/03/2020;1480;1480;1480;1480;258
2020-03-13;13/03/2020;1480;1495;1480;1495;215
2020-03-18;18/03/2020;1495;1495;1400;1400;13
2020-03-19;19/03/2020;1420;1420;1380;1380;14
2020-03-20;20/03/2020;1385;1385;1350;1350;125
2020-03-23;23/03/2020;1300;1300;1300;1300;100
2020-03-24;24/03/2020;1295;1295;1295;1295;1
2020-03-25;25/03/2020;1250;1250;1250;1250;6
2020-03-26;26/03/2020;1250;1250;1245;1245;83
2020-03-30;30/03/2020;1200;1200;1200;1200;180
2020-03-31;31/03/2020;1200;1200;1195;1195;12
2020-04-01;01/04/2020;1200;1200;1110;1110;6
2020-04-03;03/04/2020;1050;1050;1050;1050;111
2020-04-06;06/04/2020;1000;1000;1000;1000;6
2020-04-07;07/04/2020;1020;1020;1020;1020;345
2020-04-08;08/04/2020;1000;1000;1000;1000;145
2020-04-09;09/04/2020;1020;1020;1000;1000;505
2020-04-14;14/04/2020;930;930;925;925;5
2020-04-15;15/04/2020;905;925;905;925;128
2020-04-17;17/04/2020;950;950;950;950;420
2020-04-20;20/04/2020;950;950;950;950;304
2020-04-21;21/04/2020;1000;1000;1000;1000;45
2020-04-22;22/04/2020;955;955;955;955;10
2020-04-24;24/04/2020;1000;1000;1000;1000;2
2020-04-27;27/04/2020;1000;1000;1000;1000;69
2020-04-29;29/04/2020;1075;1075;1075;1075;14
2020-04-30;30/04/2020;1100;1100;1100;1100;2
2020-05-01;01/05/2020;1100;1100;1100;1100;2
2020-05-05;05/05/2020;1150;1180;1150;1180;82
2020-05-06;06/05/2020;1245;1245;1245;1245;3
2020-05-07;07/05/2020;1245;1245;1180;1180;772
2020-05-08;08/05/2020;1190;1190;1180;1180;271
2020-05-13;13/05/2020;1200;1200;1180;1180;144
2020-05-14;14/05/2020;1200;1200;1200;1200;10
2020-05-15;15/05/2020;1200;1200;1200;1200;105
2020-05-18;18/05/2020;1200;1200;1200;1200;20
2020-05-19;19/05/2020;1195;1195;1195;1195;10
2020-05-22;22/05/2020;1150;1150;1150;1150;850
2020-05-26;26/05/2020;1150;1150;1150;1150;113
2020-05-27;27/05/2020;1120;1180;1120;1180;20
2020-06-02;02/06/2020;1180;1180;1180;1180;70
2020-06-03;03/06/2020;1180;1180;1180;1180;19
2020-06-04;04/06/2020;1180;1180;1180;1180;12
2020-06-05;05/06/2020;1180;1180;1180;1180;3517
2020-06-10;10/06/2020;1180;1180;1180;1180;24
2020-06-12;12/06/2020;1185;1185;1180;1180;600
2020-06-16;16/06/2020;1180;1180;1180;1180;10
2020-06-17;17/06/2020;1200;1200;1200;1200;190
2020-06-19;19/06/2020;1250;1250;1250;1250;20
2020-06-22;22/06/2020;1265;1265;1250;1250;116
2020-06-23;23/06/2020;1250;1250;1245;1245;36
2020-06-24;24/06/2020;1245;1245;1245;1245;48
2020-06-29;29/06/2020;1240;1240;1240;1240;10
2020-06-30;30/06/2020;1235;1245;1235;1245;490
2020-07-02;02/07/2020;1245;1245;1245;1245;56
2020-07-03;03/07/2020;1155;1245;1155;1245;531
2020-07-08;08/07/2020;1245;1245;1245;1245;10
2020-07-09;09/07/2020;1180;1180;1180;1180;40
2020-07-10;10/07/2020;1175;1175;1175;1175;12
2020-07-13;13/07/2020;1200;1200;1200;1200;80
2020-07-14;14/07/2020;1200;1200;1200;1200;85
2020-07-15;15/07/2020;1155;1155;1155;1155;45
2020-07-16;16/07/2020;1075;1155;1075;1155;43
2020-07-17;17/07/2020;1100;1100;1100;1100;35
2020-07-20;20/07/2020;1100;1100;1100;1100;2
2020-07-21;21/07/2020;1100;1100;1100;1100;11
2020-07-22;22/07/2020;1160;1160;1155;1155;1406
2020-07-23;23/07/2020;1155;1155;1100;1100;274
2020-07-24;24/07/2020;1110;1110;1100;1100;55
2020-07-27;27/07/2020;1110;1110;1105;1105;32
2020-07-28;28/07/2020;1160;1160;1160;1160;110
2020-07-29;29/07/2020;1100;1100;1100;1100;39
2020-07-30;30/07/2020;1160;1160;1160;1160;200
2020-07-31;31/07/2020;1160;1160;1160;1160;200
2020-08-03;03/08/2020;1100;1100;1100;1100;72
2020-08-05;05/08/2020;1180;1180;1180;1180;20
2020-08-11;11/08/2020;1180;1180;1180;1180;2
2020-08-13;13/08/2020;1180;1180;1180;1180;241
2020-08-17;17/08/2020;1175;1175;1100;1100;20
2020-08-18;18/08/2020;1100;1100;1100;1100;231
2020-08-21;21/08/2020;1100;1105;1100;1105;5398
2020-08-24;24/08/2020;1125;1125;1125;1125;25
2020-08-25;25/08/2020;1100;1100;1100;1100;2139
2020-08-26;26/08/2020;1125;1125;1125;1125;25
2020-08-27;27/08/2020;1200;1200;1200;1200;4200
2020-08-28;28/08/2020;1210;1210;1200;1200;2139
2020-09-01;01/09/2020;1200;1205;1200;1205;300
2020-09-02;02/09/2020;1295;1295;1295;1295;55
2020-09-03;03/09/2020;1250;1250;1220;1220;373
2020-09-04;04/09/2020;1220;1225;1220;1225;258
2020-09-07;07/09/2020;1225;1225;1225;1225;10
2020-09-08;08/09/2020;1230;1230;1230;1230;2
2020-09-10;10/09/2020;1225;1225;1225;1225;44
2020-09-11;11/09/2020;1225;1225;1225;1225;20
2020-09-15;15/09/2020;1250;1250;1250;1250;185
2020-09-17;17/09/2020;1250;1250;1250;1250;10
2020-09-18;18/09/2020;1255;1300;1255;1300;31
2020-09-21;21/09/2020;1300;1300;1300;1300;40
2020-09-22;22/09/2020;1255;1255;1255;1255;57
2020-09-23;23/09/2020;1255;1255;1255;1255;57
2020-09-24;24/09/2020;1255;1255;1255;1255;57
2020-09-25;25/09/2020;1255;1255;1255;1255;57
2020-09-28;28/09/2020;1255;1255;1255;1255;26
2020-09-29;29/09/2020;1255;1255;1255;1255;420
2020-10-01;01/10/2020;1260;1260;1260;1260;302
2020-10-02;02/10/2020;1260;1260;1260;1260;8
2020-10-06;06/10/2020;1260;1260;1255;1255;720
2020-10-07;07/10/2020;1260;1260;1260;1260;10
2020-10-09;09/10/2020;1260;1260;1250;1250;203
2020-10-12;12/10/2020;1250;1250;1250;1250;17
2020-10-13;13/10/2020;1250;1250;1250;1250;38
2020-10-15;15/10/2020;1250;1250;1250;1250;124
2020-10-19;19/10/2020;1340;1340;1340;1340;10
2020-10-21;21/10/2020;1250;1250;1250;1250;101
2020-10-23;23/10/2020;1260;1260;1260;1260;6
2020-10-26;26/10/2020;1260;1350;1260;1350;270
2020-10-27;27/10/2020;1400;1400;1400;1400;184822
2020-10-28;28/10/2020;1450;1455;1450;1455;150
2020-10-29;29/10/2020;1450;1455;1450;1455;150
2020-10-30;30/10/2020;1455;1460;1455;1460;18
2020-11-02;02/11/2020;1500;1500;1500;1500;25
2020-11-04;04/11/2020;1510;1510;1510;1510;9
2020-11-05;05/11/2020;1550;1550;1550;1550;5
2020-11-06;06/11/2020;1550;1550;1550;1550;190
2020-11-09;09/11/2020;1600;1610;1600;1610;65
2020-11-10;10/11/2020;1610;1610;1600;1600;481
2020-11-11;11/11/2020;1600;1605;1600;1605;1882
2020-11-12;12/11/2020;1600;1645;1600;1645;901
2020-11-13;13/11/2020;1645;1645;1645;1645;11663
2020-11-17;17/11/2020;1600;1600;1600;1600;482
2020-11-18;18/11/2020;1510;1610;1510;1610;237
2020-11-19;19/11/2020;1600;1645;1600;1645;2602
2020-11-23;23/11/2020;1600;1650;1600;1650;9036
2020-11-26;26/11/2020;1620;1620;1620;1620;16
2020-11-27;27/11/2020;1600;1600;1600;1600;234
2020-11-30;30/11/2020;1600;1600;1600;1600;30
2020-12-01;01/12/2020;1600;1600;1600;1600;58
2020-12-02;02/12/2020;1600;1650;1600;1650;11521
2020-12-04;04/12/2020;1625;1650;1625;1650;125
2020-12-07;07/12/2020;1530;1530;1530;1530;5
2020-12-08;08/12/2020;1640;1640;1640;1640;120
2020-12-09;09/12/2020;1640;1750;1640;1750;353
2020-12-10;10/12/2020;1740;1800;1740;1800;736
2020-12-11;11/12/2020;1790;1800;1790;1800;982
2020-12-14;14/12/2020;1800;1805;1800;1805;205
2020-12-15;15/12/2020;1810;1890;1810;1890;301
2020-12-16;16/12/2020;2000;2030;2000;2030;885
2020-12-17;17/12/2020;2030;2100;2030;2100;2294
2020-12-18;18/12/2020;2050;2250;2050;2250;3393
2020-12-21;21/12/2020;2250;2300;2250;2300;755
2020-12-22;22/12/2020;2300;2300;2300;2300;279
2020-12-23;23/12/2020;2270;2270;2245;2245;9
2020-12-24;24/12/2020;2200;2200;2200;2200;3
2020-12-25;25/12/2020;2200;2200;2200;2200;3
2020-12-29;29/12/2020;2200;2200;2200;2200;4135
2020-12-30;30/12/2020;2200;2200;2200;2200;2863
2020-12-31;31/12/2020;2250;2250;2250;2250;2500
2021-01-04;04/01/2021;2200;2200;2200;2200;648
2021-01-06;06/01/2021;2200;2200;2200;2200;91874
2021-01-07;07/01/2021;2205;2250;2205;2250;618
2021-01-08;08/01/2021;2260;2260;2250;2250;54
2021-01-11;11/01/2021;2250;2250;2250;2250;218
2021-01-12;12/01/2021;2205;2300;2205;2300;1367
2021-01-13;13/01/2021;2245;2350;2245;2350;1218
2021-01-14;14/01/2021;2305;2305;2305;2305;92
2021-01-15;15/01/2021;2305;2475;2305;2475;788
2021-01-18;18/01/2021;2350;2500;2350;2500;1132
2021-01-19;19/01/2021;2505;2505;2500;2500;200
2021-01-20;20/01/2021;2505;2685;2505;2685;100
2021-01-21;21/01/2021;2500;2885;2500;2885;20217
2021-01-22;22/01/2021;3100;3100;3000;3000;3076
2021-01-25;25/01/2021;3000;3150;3000;3150;1296
2021-01-26;26/01/2021;3150;3150;3150;3150;35
2021-01-27;27/01/2021;3100;3100;3100;3100;2926
2021-01-28;28/01/2021;3100;3105;3100;3105;339
2021-01-29;29/01/2021;3150;3150;3150;3150;10
2021-02-01;01/02/2021;3150;3200;3150;3200;191
2021-02-02;02/02/2021;3200;3200;3200;3200;189
2021-02-03;03/02/2021;3350;3350;3350;3350;1
2021-02-04;04/02/2021;3325;3325;3325;3325;87
2021-02-05;05/02/2021;3325;3325;3325;3325;8
2021-02-08;08/02/2021;3150;3500;3150;3500;2001
2021-02-09;09/02/2021;3445;3710;3445;3710;837
2021-02-10;10/02/2021;3650;3650;3650;3650;25
2021-02-11;11/02/2021;3400;3900;3400;3900;1352
2021-02-12;12/02/2021;3620;3620;3620;3620;3
2021-02-15;15/02/2021;3600;3600;3600;3600;1
2021-02-16;16/02/2021;3550;3550;3550;3550;135
2021-02-17;17/02/2021;3500;3500;3500;3500;28
2021-02-18;18/02/2021;3500;3500;3400;3400;222
2021-02-19;19/02/2021;3250;3250;3250;3250;20
2021-02-22;22/02/2021;3250;3250;3250;3250;210
2021-02-23;23/02/2021;3025;3025;3025;3025;2
2021-02-24;24/02/2021;2995;3250;2995;3250;919
2021-03-02;02/03/2021;3245;3245;3245;3245;5
2021-03-03;03/03/2021;3245;3245;3245;3245;5
2021-03-04;04/03/2021;3245;3245;3195;3195;93
2021-03-05;05/03/2021;3005;3005;3005;3005;12
2021-03-08;08/03/2021;3000;3000;3000;3000;54
2021-03-09;09/03/2021;3000;3150;3000;3150;1396
2021-03-10;10/03/2021;3150;3150;3150;3150;206
2021-03-11;11/03/2021;3160;3200;3160;3200;357
2021-03-12;12/03/2021;3200;3400;3200;3400;103
2021-03-15;15/03/2021;3200;3250;3200;3250;19034
2021-03-16;16/03/2021;3245;3400;3245;3400;663
2021-03-17;17/03/2021;3400;3450;3400;3450;8
2021-03-18;18/03/2021;3425;3425;3200;3200;176
2021-03-19;19/03/2021;3200;3400;3200;3400;52
2021-03-22;22/03/2021;3200;3200;3200;3200;200
2021-03-23;23/03/2021;3350;3350;3210;3210;876
2021-03-24;24/03/2021;3210;3400;3210;3400;209
2021-03-25;25/03/2021;3150;3150;3150;3150;263
2021-03-26;26/03/2021;3385;3385;3385;3385;3
2021-03-29;29/03/2021;3350;3350;3350;3350;100
2021-03-30;30/03/2021;3150;3150;3150;3150;227
2021-03-31;31/03/2021;3150;3150;3000;3000;297
2021-04-01;01/04/2021;3200;3200;3200;3200;2
2021-04-02;02/04/2021;3100;3100;3000;3000;33
2021-04-05;05/04/2021;3100;3100;3000;3000;33
2021-04-06;06/04/2021;3200;3200;3050;3050;8
2021-04-07;07/04/2021;3000;3000;3000;3000;114
2021-04-08;08/04/2021;3000;3200;3000;3200;220
2021-04-12;12/04/2021;3000;3000;3000;3000;30
2021-04-13;13/04/2021;3100;3105;3100;3105;90
2021-04-14;14/04/2021;3000;3140;3000;3140;46
2021-04-15;15/04/2021;3140;3140;3140;3140;21
2021-04-16;16/04/2021;3200;3200;3200;3200;6
2021-04-19;19/04/2021;3200;3200;3200;3200;71
2021-04-20;20/04/2021;3200;3200;3200;3200;462
2021-04-21;21/04/2021;3200;3350;3200;3350;184
2021-04-22;22/04/2021;3350;3400;3350;3400;293
2021-04-23;23/04/2021;3400;3600;3400;3600;108
2021-04-26;26/04/2021;3605;3870;3605;3870;201
2021-04-27;27/04/2021;4000;4000;3875;3875;1677
2021-04-28;28/04/2021;3800;3800;3800;3800;855
2021-04-29;29/04/2021;3995;4050;3995;4050;456
2021-04-30;30/04/2021;4050;4050;4050;4050;457
2021-05-03;03/05/2021;4350;4350;4350;4350;1401
2021-05-04;04/05/2021;4675;4675;4675;4675;124
2021-05-05;05/05/2021;4410;4410;4395;4395;889
2021-05-06;06/05/2021;4070;4070;4070;4070;4426
2021-05-07;07/05/2021;3765;3765;3765;3765;1584
2021-05-10;10/05/2021;3485;3485;3485;3485;516
2021-05-11;11/05/2021;3225;3225;3225;3225;982
2021-05-12;12/05/2021;3225;3225;3225;3225;982
2021-05-14;14/05/2021;3400;3465;3400;3465;126
2021-05-17;17/05/2021;3505;3535;3505;3535;104
2021-05-18;18/05/2021;3750;3800;3750;3800;12
2021-05-19;19/05/2021;4070;4070;4070;4070;2014
2021-05-20;20/05/2021;3970;4100;3970;4100;1362
2021-05-21;21/05/2021;4150;4350;4150;4350;91
2021-05-24;24/05/2021;4150;4350;4150;4350;91
2021-05-25;25/05/2021;4100;4100;4100;4100;253
2021-05-26;26/05/2021;4010;4010;3925;3925;1647
2021-05-27;27/05/2021;3925;3925;3920;3920;803
2021-05-28;28/05/2021;3950;4000;3950;4000;719
2021-05-31;31/05/2021;3950;4000;3950;4000;258
2021-06-01;01/06/2021;3990;3990;3990;3990;56
2021-06-02;02/06/2021;3980;3990;3980;3990;407
2021-06-03;03/06/2021;3990;4000;3990;4000;49
2021-06-04;04/06/2021;3990;4000;3990;4000;520
2021-06-07;07/06/2021;4000;4000;4000;4000;326
2021-06-08;08/06/2021;4000;4000;4000;4000;46
2021-06-09;09/06/2021;4000;4100;4000;4100;501
2021-06-10;10/06/2021;4230;4230;4200;4200;229
2021-06-11;11/06/2021;4230;4295;4230;4295;1141
2021-06-14;14/06/2021;4250;4390;4250;4390;55
2021-06-15;15/06/2021;4385;4385;4215;4215;20
2021-06-16;16/06/2021;4300;4300;4300;4300;140
2021-06-17;17/06/2021;4350;4375;4350;4375;30
2021-06-18;18/06/2021;4370;4370;4260;4260;162
2021-06-21;21/06/2021;4370;4370;4365;4365;407
2021-06-22;22/06/2021;4350;4375;4350;4375;192
2021-06-23;23/06/2021;4355;4380;4355;4380;138
2021-06-24;24/06/2021;4350;4350;4350;4350;45
2021-06-25;25/06/2021;4395;4395;4395;4395;1
2021-06-28;28/06/2021;4200;4350;4200;4350;47
2021-06-29;29/06/2021;4300;4350;4300;4350;28
2021-07-01;01/07/2021;4350;4410;4350;4410;280
2021-07-02;02/07/2021;4300;4300;4255;4255;655
2021-07-05;05/07/2021;4280;4280;4215;4215;47
2021-07-06;06/07/2021;4210;4215;4210;4215;30
2021-07-07;07/07/2021;4255;4300;4255;4300;121
2021-07-08;08/07/2021;4255;4300;4255;4300;279
2021-07-09;09/07/2021;4300;4300;4300;4300;4
2021-07-12;12/07/2021;4300;4300;4210;4210;35
2021-07-13;13/07/2021;4210;4295;4210;4295;36
2021-07-14;14/07/2021;4290;4290;4250;4250;225
2021-07-15;15/07/2021;4250;4250;4250;4250;913
2021-07-16;16/07/2021;4290;4300;4290;4300;304
2021-07-19;19/07/2021;4350;4350;4310;4310;240
2021-07-20;20/07/2021;4350;4350;4310;4310;240
2021-07-21;21/07/2021;4355;4410;4355;4410;559
2021-07-22;22/07/2021;4355;4400;4355;4400;103
2021-07-23;23/07/2021;4100;4400;4100;4400;170
2021-07-26;26/07/2021;4395;4395;4395;4395;47
2021-07-27;27/07/2021;4395;4395;4395;4395;265
2021-07-29;29/07/2021;4395;4400;4395;4400;1011
2021-07-30;30/07/2021;4315;4395;4315;4395;17
2021-08-02;02/08/2021;4110;4395;4110;4395;5
2021-08-03;03/08/2021;4310;4310;4300;4300;87
2021-08-04;04/08/2021;4300;4300;4205;4205;373
2021-08-05;05/08/2021;4240;4240;4240;4240;2
2021-08-06;06/08/2021;4240;4245;4240;4245;101
2021-08-09;09/08/2021;4245;4245;4155;4155;1529
2021-08-10;10/08/2021;4105;4155;4105;4155;125
2021-08-11;11/08/2021;4155;4155;4100;4100;1138
2021-08-12;12/08/2021;4100;4100;4100;4100;6
2021-08-13;13/08/2021;4350;4350;4350;4350;4
2021-08-16;16/08/2021;4350;4350;4350;4350;210
2021-08-17;17/08/2021;4400;4400;4370;4370;49
2021-08-18;18/08/2021;4370;4370;4370;4370;89
2021-08-19;19/08/2021;4350;4400;4350;4400;201
2021-08-20;20/08/2021;4400;4400;4400;4400;234
2021-08-23;23/08/2021;4400;4400;4355;4355;647
2021-08-24;24/08/2021;4395;4400;4395;4400;2530
2021-08-25;25/08/2021;4620;4620;4015;4015;2492
2021-08-26;26/08/2021;4205;4315;4205;4315;1266
2021-08-27;27/08/2021;4355;4635;4355;4635;53
2021-08-30;30/08/2021;4720;4980;4720;4980;295
2021-08-31;31/08/2021;5345;5345;5290;5290;848
2021-09-01;01/09/2021;5235;5235;5230;5230;55
2021-09-02;02/09/2021;5225;5225;5190;5190;14
2021-09-03;03/09/2021;5000;5000;5000;5000;405
2021-09-06;06/09/2021;4995;4995;4635;4635;139
2021-09-07;07/09/2021;4635;4635;4320;4320;708
2021-09-08;08/09/2021;4350;4360;4350;4360;425
2021-09-09;09/09/2021;4600;4600;4380;4380;183
2021-09-10;10/09/2021;4400;4405;4400;4405;27
2021-09-13;13/09/2021;4410;4735;4410;4735;2
2021-09-14;14/09/2021;4800;4800;4730;4730;1179
2021-09-15;15/09/2021;4995;4995;4995;4995;21
2021-09-16;16/09/2021;4900;4900;4900;4900;141
2021-09-17;17/09/2021;4900;4900;4900;4900;51
2021-09-20;20/09/2021;4900;4900;4825;4825;1886
2021-09-21;21/09/2021;4995;4995;4850;4850;616
2021-09-22;22/09/2021;4875;4900;4875;4900;188
2021-09-23;23/09/2021;5265;5265;5265;5265;15500
2021-09-24;24/09/2021;5655;5655;5655;5655;10815
2021-09-27;27/09/2021;6000;6000;6000;6000;2152
2021-09-28;28/09/2021;6000;6000;5800;5800;1041
2021-09-29;29/09/2021;5800;5800;5800;5800;1332
2021-09-30;30/09/2021;5685;5685;5370;5370;1607
2021-10-01;01/10/2021;5770;5770;5500;5500;329
2021-10-04;04/10/2021;5795;5910;5795;5910;96
2021-10-05;05/10/2021;5605;5795;5605;5795;330
2021-10-06;06/10/2021;6000;6225;6000;6225;3020
2021-10-07;07/10/2021;6200;6200;6200;6200;309
2021-10-08;08/10/2021;6200;6200;6200;6200;372
2021-10-11;11/10/2021;6200;6200;6005;6005;68
2021-10-12;12/10/2021;6000;6000;6000;6000;1390
2021-10-13;13/10/2021;5800;6215;5800;6215;2355
2021-10-14;14/10/2021;5800;6200;5800;6200;3130
2021-10-15;15/10/2021;6200;6200;6195;6195;144
2021-10-18;18/10/2021;6200;6200;6195;6195;144
2021-10-19;19/10/2021;6190;6190;5740;5740;224
2021-10-20;20/10/2021;5755;5800;5755;5800;529
2021-10-21;21/10/2021;6235;6235;6235;6235;9909
2021-10-22;22/10/2021;6700;6700;6700;6700;3630
2021-10-25;25/10/2021;6800;6800;6800;6800;403
2021-10-26;26/10/2021;6800;6950;6800;6950;286
2021-10-27;27/10/2021;6950;6950;6940;6940;638
2021-10-28;28/10/2021;6845;6845;6600;6600;626
2021-10-29;29/10/2021;6895;6895;6550;6550;1344
2021-11-01;01/11/2021;6895;6895;6550;6550;1344
2021-11-02;02/11/2021;6735;6740;6735;6740;333
2021-11-03;03/11/2021;6600;6650;6600;6650;246
2021-11-04;04/11/2021;6690;6690;6575;6575;1500
2021-11-05;05/11/2021;6575;6690;6575;6690;528
2021-11-08;08/11/2021;6610;6610;6510;6510;1273
2021-11-09;09/11/2021;6550;6550;6515;6515;420
2021-11-10;10/11/2021;6510;6660;6510;6660;1030
2021-11-11;11/11/2021;6680;6680;6660;6660;93
2021-11-12;12/11/2021;6660;6700;6660;6700;221
2021-11-15;15/11/2021;6660;6700;6660;6700;221
2021-11-16;16/11/2021;6700;6700;6700;6700;81
2021-11-17;17/11/2021;6540;6670;6540;6670;180
2021-11-18;18/11/2021;6660;6660;6550;6550;811
2021-11-19;19/11/2021;6550;6560;6550;6560;239
2021-11-22;22/11/2021;6600;6600;6600;6600;21
2021-11-23;23/11/2021;6700;6700;6600;6600;47
2021-11-24;24/11/2021;6560;6600;6560;6600;4309
2021-11-25;25/11/2021;6600;6600;6600;6600;5578
2021-11-26;26/11/2021;6565;6600;6565;6600;6116
2021-11-29;29/11/2021;6670;6680;6670;6680;15157
2021-11-30;30/11/2021;6890;6890;6890;6890;71
2021-12-01;01/12/2021;6890;6950;6890;6950;6032
2021-12-02;02/12/2021;7000;7000;7000;7000;1006
2021-12-03;03/12/2021;7000;7000;6995;6995;64
2021-12-06;06/12/2021;6985;6985;6900;6900;663
2021-12-07;07/12/2021;6805;6805;6505;6505;2072
2021-12-08;08/12/2021;6500;6700;6500;6700;538
2021-12-09;09/12/2021;6690;6690;6560;6560;766
2021-12-10;10/12/2021;6690;6700;6690;6700;286
2021-12-13;13/12/2021;6700;6700;6700;6700;997
2021-12-14;14/12/2021;6585;6700;6585;6700;1353
2021-12-15;15/12/2021;6700;6700;6700;6700;1437
2021-12-16;16/12/2021;6700;6700;6595;6595;2472
2021-12-17;17/12/2021;6590;6600;6590;6600;50245
2021-12-20;20/12/2021;6605;6700;6605;6700;204
2021-12-21;21/12/2021;6690;6690;6610;6610;256
2021-12-22;22/12/2021;6610;6750;6610;6750;507
2021-12-23;23/12/2021;6700;6750;6700;6750;350
2021-12-24;24/12/2021;6705;6800;6705;6800;30
2021-12-27;27/12/2021;6700;6900;6700;6900;19
2021-12-28;28/12/2021;6900;7000;6900;7000;8591
2021-12-29;29/12/2021;7000;7000;6755;6755;553
2021-12-30;30/12/2021;6755;6800;6755;6800;401
2021-12-31;31/12/2021;6800;6990;6800;6990;127
2022-01-03;03/01/2022;6900;6900;6800;6800;32
2022-01-04;04/01/2022;6990;6990;6730;6730;186
2022-01-05;05/01/2022;6730;6750;6730;6750;599
2022-01-06;06/01/2022;6750;6750;6750;6750;27
2022-01-07;07/01/2022;6800;6990;6800;6990;43
2022-01-11;11/01/2022;6800;6990;6800;6990;1310
2022-01-12;12/01/2022;6900;6900;6850;6850;651
2022-01-13;13/01/2022;6910;6990;6910;6990;56
2022-01-17;17/01/2022;6990;7100;6990;7100;829
2022-01-18;18/01/2022;7100;7100;7095;7095;42986
2022-01-19;19/01/2022;7110;7110;7110;7110;547
2022-01-20;20/01/2022;7250;7250;7100;7100;1185
2022-01-21;21/01/2022;7295;7295;7100;7100;370
2022-01-24;24/01/2022;7100;7100;6755;6755;983
2022-01-25;25/01/2022;6715;6800;6715;6800;3619
2022-01-26;26/01/2022;6850;6855;6850;6855;100
2022-01-27;27/01/2022;6900;6910;6900;6910;1081
2022-01-28;28/01/2022;7000;7300;7000;7300;560
2022-01-31;31/01/2022;7300;7300;7000;7000;7275
2022-02-01;01/02/2022;7300;7300;7055;7055;2181
2022-02-02;02/02/2022;7055;7105;7055;7105;1283
2022-02-03;03/02/2022;7100;7115;7100;7115;569
2022-02-04;04/02/2022;7200;7200;7130;7130;749
2022-02-07;07/02/2022;7200;7255;7200;7255;926
2022-02-08;08/02/2022;7260;7350;7260;7350;25197
2022-02-09;09/02/2022;7510;7510;7415;7415;41424
2022-02-10;10/02/2022;7505;7560;7505;7560;34059
2022-02-11;11/02/2022;7600;7655;7600;7655;2953
2022-02-14;14/02/2022;7810;7810;7810;7810;32204
2022-02-15;15/02/2022;7810;8080;7810;8080;1087
2022-02-16;16/02/2022;8685;8685;8685;8685;28485
2022-02-17;17/02/2022;9335;9335;9330;9330;10825
2022-02-18;18/02/2022;9335;9440;9335;9440;2780
2022-02-21;21/02/2022;9440;9440;9435;9435;3280
2022-02-22;22/02/2022;8905;9420;8905;9420;748
2022-02-23;23/02/2022;9295;9295;8900;8900;1310
2022-02-24;24/02/2022;8905;9200;8905;9200;14445
2022-02-25;25/02/2022;9000;9100;9000;9100;654
2022-02-28;28/02/2022;9010;9100;9010;9100;2366
2022-03-01;01/03/2022;9005;9200;9005;9200;1207
2022-03-02;02/03/2022;9430;9440;9430;9440;6124
2022-03-03;03/03/2022;9495;9595;9495;9595;2999
2022-03-04;04/03/2022;9595;9600;9595;9600;5558
2022-03-07;07/03/2022;9600;9600;9600;9600;2448
2022-03-08;08/03/2022;9600;9600;9600;9600;1289
2022-03-09;09/03/2022;9630;9630;9580;9580;1466
2022-03-10;10/03/2022;9555;9555;9495;9495;426
2022-03-11;11/03/2022;9490;9490;9400;9400;178
2022-03-14;14/03/2022;9400;9495;9400;9495;113
2022-03-15;15/03/2022;9495;9495;8900;8900;2117
2022-03-16;16/03/2022;9000;9395;9000;9395;797
2022-03-17;17/03/2022;9380;9395;9380;9395;601
2022-03-18;18/03/2022;9410;9495;9410;9495;2031
2022-03-21;21/03/2022;9450;9450;9310;9310;726
2022-03-22;22/03/2022;9310;9450;9310;9450;1015
2022-03-23;23/03/2022;9445;9600;9445;9600;2654
2022-03-24;24/03/2022;9600;9600;9600;9600;65
2022-03-25;25/03/2022;9595;9600;9595;9600;722
2022-03-28;28/03/2022;9600;9600;9500;9500;975
2022-03-29;29/03/2022;9500;9500;9415;9415;1684
2022-03-30;30/03/2022;9415;9415;9410;9410;238
2022-03-31;31/03/2022;9410;9410;9300;9300;8070
2022-04-01;01/04/2022;9250;9400;9250;9400;1690
2022-04-04;04/04/2022;9400;9400;9030;9030;3651
2022-04-05;05/04/2022;9090;9350;9090;9350;589
2022-04-06;06/04/2022;9350;9350;9250;9250;2229
2022-04-07;07/04/2022;9250;9250;9250;9250;808
2022-04-08;08/04/2022;9250;9250;9250;9250;2067
2022-04-11;11/04/2022;9225;9225;9160;9160;16340
2022-04-12;12/04/2022;9225;9250;9225;9250;300
2022-04-13;13/04/2022;9250;9400;9250;9400;424
2022-04-14;14/04/2022;9300;9500;9300;9500;149
2022-04-15;15/04/2022;9505;9505;9400;9400;1366
2022-04-19;19/04/2022;9700;9700;9490;9490;7299
2022-04-20;20/04/2022;9600;9600;9600;9600;8112
2022-04-21;21/04/2022;9610;9715;9610;9715;10750
2022-04-22;22/04/2022;10000;10000;9805;9805;1325
2022-04-25;25/04/2022;9815;10300;9815;10300;1126
2022-04-26;26/04/2022;10500;10500;10490;10490;1310
2022-04-27;27/04/2022;11275;11275;11275;11275;96220
2022-04-28;28/04/2022;11275;11275;11275;11275;96220
2022-04-29;29/04/2022;12120;12120;12100;12100;18149
2022-05-02;02/05/2022;12120;12120;12100;12100;18149
2022-05-03;03/05/2022;12280;12800;12280;12800;3364
2022-05-04;04/05/2022;13550;13550;13100;13100;11776
2022-05-05;05/05/2022;13095;13095;12995;12995;4011
2022-05-06;06/05/2022;12865;12865;12800;12800;16637
2022-05-09;09/05/2022;12800;12990;12800;12990;2450
2022-05-10;10/05/2022;12985;12985;12975;12975;12704
2022-05-11;11/05/2022;12990;12990;12990;12990;9728
2022-05-12;12/05/2022;13000;13000;13000;13000;103
2022-05-13;13/05/2022;13100;13100;13000;13000;914
2022-05-16;16/05/2022;13000;13000;12995;12995;12227
2022-05-17;17/05/2022;13000;13000;12950;12950;3406
2022-05-18;18/05/2022;12995;13000;12995;13000;1994
2022-05-19;19/05/2022;13000;13000;12985;12985;32487
2022-05-20;20/05/2022;12900;12900;12810;12810;18912
2022-05-23;23/05/2022;12800;12800;12700;12700;3320
2022-05-24;24/05/2022;12560;12700;12560;12700;2706
2022-05-25;25/05/2022;12700;12700;12700;12700;1151
2022-05-26;26/05/2022;12700;12700;12700;12700;1151
2022-05-27;27/05/2022;12690;12695;12690;12695;1327
2022-05-30;30/05/2022;12700;12700;12680;12680;666
2022-05-31;31/05/2022;12675;12795;12675;12795;947
2022-06-01;01/06/2022;12770;12770;12700;12700;20681
2022-06-02;02/06/2022;12690;12700;12690;12700;12946
2022-06-03;03/06/2022;12710;12775;12710;12775;416
2022-06-06;06/06/2022;12710;12775;12710;12775;416
2022-06-07;07/06/2022;12780;12780;12700;12700;2784
2022-06-08;08/06/2022;12775;12775;12695;12695;15166
2022-06-09;09/06/2022;12695;12695;12695;12695;992
2022-06-10;10/06/2022;12700;12700;12690;12690;1460
2022-06-13;13/06/2022;12690;12690;12690;12690;1756
2022-06-14;14/06/2022;12700;12700;12700;12700;1254
2022-06-15;15/06/2022;12700;12800;12700;12800;7303
2022-06-16;16/06/2022;12800;12800;12800;12800;5654
2022-06-17;17/06/2022;12810;12850;12810;12850;1003
2022-06-20;20/06/2022;12800;12800;12800;12800;3595
2022-06-21;21/06/2022;12800;12800;12800;12800;2004
2022-06-22;22/06/2022;12850;12850;12750;12750;580
2022-06-23;23/06/2022;12750;12750;12500;12500;16768
2022-06-24;24/06/2022;12510;12510;12500;12500;772
2022-06-27;27/06/2022;12500;12500;12500;12500;13736
2022-06-28;28/06/2022;12405;12515;12405;12515;17966
2022-06-29;29/06/2022;12645;12645;12500;12500;4350
2022-06-30;30/06/2022;12500;12625;12500;12625;828
2022-07-01;01/07/2022;12625;12625;12625;12625;70
2022-07-04;04/07/2022;12625;12625;12625;12625;520
2022-07-05;05/07/2022;12455;12455;12305;12305;2462
2022-07-06;06/07/2022;12205;12205;12000;12000;4463
2022-07-07;07/07/2022;12000;12000;12000;12000;495
2022-07-08;08/07/2022;12100;12100;12100;12100;191
2022-07-11;11/07/2022;12195;12195;12100;12100;21802
2022-07-12;12/07/2022;12195;12195;12195;12195;22657
2022-07-13;13/07/2022;12200;12200;12100;12100;11688
2022-07-14;14/07/2022;12200;12200;12005;12005;4096
2022-07-15;15/07/2022;12195;12195;12195;12195;2720
2022-07-18;18/07/2022;12005;12100;12005;12100;1382
2022-07-19;19/07/2022;12200;12200;12150;12150;3444
2022-07-20;20/07/2022;12150;12150;12150;12150;3507
2022-07-21;21/07/2022;12225;12225;12200;12200;667
2022-07-22;22/07/2022;12200;12200;12200;12200;4830
2022-07-25;25/07/2022;12200;12350;12200;12350;6172
2022-07-26;26/07/2022;12395;12395;12300;12300;4520
2022-07-27;27/07/2022;12390;12390;12300;12300;2830
2022-07-28;28/07/2022;12400;12400;12400;12400;41099
2022-07-29;29/07/2022;12010;12400;12010;12400;4803
2022-08-01;01/08/2022;12055;12055;12000;12000;5095
2022-08-02;02/08/2022;12015;12400;12015;12400;6513
2022-08-03;03/08/2022;12015;12015;11985;11985;7757
2022-08-04;04/08/2022;12300;12300;12295;12295;1266
2022-08-05;05/08/2022;12300;12300;12300;12300;3520
2022-08-08;08/08/2022;12300;12300;12300;12300;3520
2022-08-09;09/08/2022;12295;12295;12005;12005;5325
2022-08-10;10/08/2022;12200;12200;12005;12005;3719
2022-08-11;11/08/2022;12200;12200;12100;12100;7980
2022-08-12;12/08/2022;12005;12300;12005;12300;5231
2022-08-15;15/08/2022;12005;12300;12005;12300;5231
2022-08-16;16/08/2022;12100;12100;12100;12100;7050
2022-08-17;17/08/2022;12300;12300;12000;12000;3217
2022-08-18;18/08/2022;12200;12200;12100;12100;49924
2022-08-19;19/08/2022;12000;12000;12000;12000;4987
2022-08-22;22/08/2022;12000;12000;12000;12000;2782
2022-08-23;23/08/2022;12000;12000;12000;12000;6348
2022-08-24;24/08/2022;12050;12050;12000;12000;4403
2022-08-25;25/08/2022;12000;12000;12000;12000;3566
2022-08-26;26/08/2022;12000;12000;11985;11985;3292
2022-08-29;29/08/2022;10750;11495;10750;11495;2481
2022-08-30;30/08/2022;11500;11500;11200;11200;3015
2022-08-31;31/08/2022;11255;11255;11110;11110;2519
2022-09-01;01/09/2022;11115;11115;11095;11095;9940
2022-09-02;02/09/2022;11095;11095;10765;10765;2492
2022-09-05;05/09/2022;10805;11000;10805;11000;244
2022-09-06;06/09/2022;11000;11000;10965;10965;2805
2022-09-07;07/09/2022;10975;10995;10975;10995;984
2022-09-08;08/09/2022;11000;11000;10850;10850;3558
2022-09-09;09/09/2022;10975;10975;10700;10700;52827
2022-09-12;12/09/2022;10700;10700;10600;10600;2194
2022-09-13;13/09/2022;10700;10700;10610;10610;1354
2022-09-14;14/09/2022;10760;10760;10600;10600;24874
2022-09-15;15/09/2022;10600;10600;10500;10500;7048
2022-09-16;16/09/2022;10505;10600;10505;10600;6309
2022-09-19;19/09/2022;10600;10760;10600;10760;1678
2022-09-20;20/09/2022;10760;10760;10760;10760;2027
2022-09-21;21/09/2022;10700;10765;10700;10765;742
2022-09-22;22/09/2022;10765;10765;10755;10755;366
2022-09-23;23/09/2022;10755;10755;10500;10500;10201
2022-09-26;26/09/2022;10500;10500;10500;10500;1418
2022-09-27;27/09/2022;10400;10400;10200;10200;8528
2022-09-28;28/09/2022;10200;10200;9800;9800;38774
2022-09-29;29/09/2022;9800;10500;9800;10500;94497
2022-09-30;30/09/2022;10600;10995;10600;10995;28171
2022-10-03;03/10/2022;10995;10995;10175;10175;5812
2022-10-04;04/10/2022;10200;10200;10000;10000;4239
2022-10-05;05/10/2022;10200;10200;10100;10100;7172
2022-10-06;06/10/2022;10120;10120;9910;9910;5560
2022-10-07;07/10/2022;10295;10295;10000;10000;1002
2022-10-10;10/10/2022;10195;10200;10195;10200;540
2022-10-11;11/10/2022;10200;10200;10000;10000;6408
2022-10-12;12/10/2022;10200;10200;10000;10000;5220
2022-10-13;13/10/2022;10000;10000;9990;9990;672
2022-10-14;14/10/2022;9960;9960;9790;9790;11097
2022-10-17;17/10/2022;9790;9790;9640;9640;16050
2022-10-18;18/10/2022;9640;9640;9550;9550;2132
2022-10-19;19/10/2022;10265;10265;10265;10265;68335
2022-10-20;20/10/2022;10300;11030;10300;11030;11845
2022-10-21;21/10/2022;11190;11190;10995;10995;2031
2022-10-24;24/10/2022;10995;11000;10995;11000;4596
2022-10-25;25/10/2022;10950;10950;10940;10940;10255
2022-10-26;26/10/2022;10950;10950;10900;10900;4471
2022-10-27;27/10/2022;10900;10900;10890;10890;165
2022-10-28;28/10/2022;10845;10895;10845;10895;5308
2022-10-31;31/10/2022;10845;10895;10845;10895;5308
2022-11-02;02/11/2022;10895;10895;10745;10745;2563
2022-11-03;03/11/2022;10750;10750;10600;10600;22861
2022-11-04;04/11/2022;10500;10500;10290;10290;23979
2022-11-07;07/11/2022;10295;10295;10285;10285;25560
2022-11-08;08/11/2022;10285;10285;10230;10230;292
2022-11-09;09/11/2022;10200;10200;9800;9800;4370
2022-11-10;10/11/2022;9805;9805;9800;9800;13970
2022-11-11;11/11/2022;9900;9900;9845;9845;1349
2022-11-14;14/11/2022;9845;9845;9800;9800;5001
2022-11-15;15/11/2022;9845;9845;9800;9800;5001
2022-11-16;16/11/2022;9800;9800;9750;9750;7652
2022-11-17;17/11/2022;9600;9750;9600;9750;4806
2022-11-18;18/11/2022;9825;9830;9825;9830;904
2022-11-21;21/11/2022;9750;9795;9750;9795;1132
2022-11-22;22/11/2022;9830;9830;9820;9820;916
2022-11-23;23/11/2022;9820;9820;9800;9800;2199
2022-11-24;24/11/2022;9820;9820;9800;9800;2608
2022-11-25;25/11/2022;9785;9785;9750;9750;3955
2022-11-28;28/11/2022;9680;9800;9680;9800;2529
2022-11-29;29/11/2022;9725;9725;9700;9700;4554
2022-11-30;30/11/2022;9725;9725;9700;9700;4554
2022-12-01;01/12/2022;9725;9725;9700;9700;4554
2022-12-02;02/12/2022;9575;9750;9575;9750;1190
2022-12-05;05/12/2022;9515;9750;9515;9750;2279
2022-12-06;06/12/2022;9750;9885;9750;9885;1294
2022-12-07;07/12/2022;9800;9885;9800;9885;5409
2022-12-08;08/12/2022;9850;9885;9850;9885;184
2022-12-09;09/12/2022;9880;9885;9880;9885;11325
2022-12-12;12/12/2022;9880;10625;9880;10625;6637
2022-12-13;13/12/2022;10795;10795;10560;10560;45138
2022-12-14;14/12/2022;9995;10700;9995;10700;27150
2022-12-15;15/12/2022;9905;10700;9905;10700;1219
2022-12-16;16/12/2022;10690;10690;10500;10500;441
2022-12-19;19/12/2022;10495;10495;10400;10400;1122
2022-12-20;20/12/2022;10100;10400;10100;10400;72
2022-12-21;21/12/2022;10105;10105;10000;10000;73251
2022-12-22;22/12/2022;10000;10370;10000;10370;6643
2022-12-23;23/12/2022;10380;10385;10380;10385;791
2022-12-26;26/12/2022;10380;10385;10380;10385;791
2022-12-27;27/12/2022;10005;10375;10005;10375;933
2022-12-28;28/12/2022;10375;10375;10375;10375;2096
2022-12-29;29/12/2022;10370;10380;10370;10380;3482
2022-12-30;30/12/2022;10360;10385;10360;10385;29445
2023-01-02;02/01/2023;10000;10400;10000;10400;11691
2023-01-03;03/01/2023;10300;10300;10200;10200;11671
2023-01-04;04/01/2023;10200;10200;10000;10000;24943
2023-01-05;05/01/2023;9800;9995;9800;9995;16042
2023-01-06;06/01/2023;10000;10000;9800;9800;823
2023-01-09;09/01/2023;9810;9810;9805;9805;1532
2023-01-10;10/01/2023;9795;9880;9795;9880;2441
2023-01-11;11/01/2023;9880;9880;9880;9880;10027
2023-01-12;12/01/2023;9880;9995;9880;9995;2414
2023-01-13;13/01/2023;9995;9995;9970;9970;3829
2023-01-16;16/01/2023;9900;9990;9900;9990;4784
2023-01-17;17/01/2023;9920;9990;9920;9990;1364
2023-01-18;18/01/2023;9900;9990;9900;9990;3712
2023-01-19;19/01/2023;9990;9990;9990;9990;580
2023-01-20;20/01/2023;9990;9990;9980;9980;1948
2023-01-23;23/01/2023;9980;9980;9975;9975;5336
2023-01-24;24/01/2023;9975;9975;9600;9600;3371
2023-01-25;25/01/2023;9895;9895;9695;9695;4968
2023-01-26;26/01/2023;9695;9975;9695;9975;756
2023-01-27;27/01/2023;9975;9995;9975;9995;2146
2023-01-30;30/01/2023;10000;10095;10000;10095;1013
2023-01-31;31/01/2023;10000;10000;10000;10000;1694
2023-02-01;01/02/2023;9800;9995;9800;9995;526
2023-02-02;02/02/2023;10000;10095;10000;10095;1338
2023-02-03;03/02/2023;10000;10050;10000;10050;1266
2023-02-06;06/02/2023;9995;10050;9995;10050;688
2023-02-07;07/02/2023;10050;10095;10050;10095;4905
2023-02-08;08/02/2023;10010;10100;10010;10100;13088
2023-02-09;09/02/2023;10100;10145;10100;10145;1921
2023-02-10;10/02/2023;10145;10300;10145;10300;4877
2023-02-13;13/02/2023;10300;10695;10300;10695;924
2023-02-14;14/02/2023;10695;10850;10695;10850;1351
2023-02-15;15/02/2023;10700;10905;10700;10905;6451
2023-02-16;16/02/2023;10905;10990;10905;10990;1195
2023-02-17;17/02/2023;11095;11095;11085;11085;9434
2023-02-20;20/02/2023;11095;11095;11080;11080;2892
2023-02-21;21/02/2023;11075;11075;11070;11070;96104
2023-02-22;22/02/2023;11065;11065;11065;11065;2055
2023-02-23;23/02/2023;11070;11070;11065;11065;2333
2023-02-24;24/02/2023;11000;11060;11000;11060;762
2023-02-27;27/02/2023;11000;11000;11000;11000;1175
2023-02-28;28/02/2023;11000;11000;11000;11000;2892
2023-03-01;01/03/2023;11000;11000;10955;10955;1283
2023-03-02;02/03/2023;10950;10955;10950;10955;1880
2023-03-03;03/03/2023;10950;10950;10950;10950;1875
2023-03-06;06/03/2023;10950;10950;10950;10950;2841
2023-03-07;07/03/2023;10950;10950;10945;10945;711
2023-03-08;08/03/2023;10945;10945;10940;10940;2501
2023-03-09;09/03/2023;10940;10940;10900;10900;10676
2023-03-10;10/03/2023;10895;10895;10875;10875;15848
2023-03-13;13/03/2023;10875;10875;10875;10875;1252
2023-03-14;14/03/2023;10875;10950;10875;10950;2222
2023-03-15;15/03/2023;10950;10950;10950;10950;735
2023-03-16;16/03/2023;10950;10950;10950;10950;2191
2023-03-17;17/03/2023;10950;10960;10950;10960;1373
2023-03-20;20/03/2023;10950;10950;10950;10950;1626
2023-03-21;21/03/2023;10910;10950;10910;10950;359
2023-03-22;22/03/2023;10950;10950;10945;10945;7871
2023-03-23;23/03/2023;10900;10900;10900;10900;327
2023-03-24;24/03/2023;10850;10945;10850;10945;3171
2023-03-27;27/03/2023;10945;10945;10940;10940;463
2023-03-28;28/03/2023;10905;10945;10905;10945;501
2023-03-29;29/03/2023;10945;10995;10945;10995;1050
2023-03-30;30/03/2023;10995;10995;10985;10985;796
2023-03-31;31/03/2023;10950;10980;10950;10980;1988
2023-04-03;03/04/2023;10950;10950;10945;10945;2048
2023-04-04;04/04/2023;10900;10945;10900;10945;1149
2023-04-05;05/04/2023;10945;10945;10945;10945;3423
2023-04-06;06/04/2023;10945;10965;10945;10965;1728
2023-04-07;07/04/2023;10965;10965;10950;10950;332
2023-04-10;10/04/2023;10965;10965;10950;10950;332
2023-04-11;11/04/2023;10970;10970;10945;10945;409
2023-04-12;12/04/2023;10945;10945;10945;10945;348
2023-04-13;13/04/2023;10945;10945;10900;10900;880
2023-04-14;14/04/2023;10900;11000;10900;11000;1235
2023-04-17;17/04/2023;11000;11000;10995;10995;561
2023-04-18;18/04/2023;11000;11000;10995;10995;561
2023-04-19;19/04/2023;10945;10950;10945;10950;6082
2023-04-20;20/04/2023;10940;10990;10940;10990;2539
2023-04-21;21/04/2023;10940;10990;10940;10990;2539
2023-04-24;24/04/2023;11000;11000;10990;10990;213
2023-04-25;25/04/2023;11000;11000;10980;10980;1571
2023-04-26;26/04/2023;10160;10160;10160;10160;7328
2023-04-27;27/04/2023;9400;9800;9400;9800;11225
2023-04-28;28/04/2023;9800;10000;9800;10000;2946
2023-05-01;01/05/2023;9800;10000;9800;10000;2946
2023-05-02;02/05/2023;9905;9905;9810;9810;2366
2023-05-03;03/05/2023;9905;9905;9810;9810;2366
2023-05-04;04/05/2023;9900;9900;9900;9900;674
2023-05-05;05/05/2023;9850;9850;9800;9800;2616
2023-05-08;08/05/2023;9850;9850;9830;9830;2773
2023-05-09;09/05/2023;9805;9805;9600;9600;6362
2023-05-10;10/05/2023;9900;9900;9600;9600;13017
2023-05-11;11/05/2023;9650;9650;9600;9600;4342
2023-05-12;12/05/2023;9790;9790;9780;9780;1546
2023-05-15;15/05/2023;9600;9900;9600;9900;14466
2023-05-16;16/05/2023;9900;9900;9900;9900;651
2023-05-17;17/05/2023;9900;9900;9895;9895;1074
2023-05-18;18/05/2023;9900;9900;9895;9895;1074
2023-05-19;19/05/2023;9900;9900;9890;9890;463
2023-05-22;22/05/2023;9800;9850;9800;9850;860
2023-05-23;23/05/2023;9880;9880;9850;9850;1080
2023-05-24;24/05/2023;9850;9850;9780;9780;1329
2023-05-25;25/05/2023;9780;9780;9750;9750;823
2023-05-26;26/05/2023;9785;9790;9785;9790;1419
2023-05-29;29/05/2023;9785;9790;9785;9790;1419
2023-05-30;30/05/2023;9790;9790;9790;9790;1374
2023-05-31;31/05/2023;9790;9790;9790;9790;430
2023-06-01;01/06/2023;9795;9800;9795;9800;711
2023-06-02;02/06/2023;9800;9800;9800;9800;2207
2023-06-05;05/06/2023;9800;9800;9795;9795;701
2023-06-06;06/06/2023;9795;9800;9795;9800;1316
2023-06-07;07/06/2023;9800;9800;9795;9795;902
2023-06-08;08/06/2023;9795;9795;9755;9755;484
2023-06-09;09/06/2023;9760;9760;9700;9700;10632
2023-06-12;12/06/2023;9705;9705;9700;9700;2606
2023-06-13;13/06/2023;9750;9750;9745;9745;1513
2023-06-14;14/06/2023;9745;9745;9745;9745;807
2023-06-15;15/06/2023;9700;9700;9605;9605;6272
2023-06-16;16/06/2023;9610;9700;9610;9700;9810
2023-06-19;19/06/2023;9685;9900;9685;9900;3802
2023-06-20;20/06/2023;9700;9850;9700;9850;4393
2023-06-21;21/06/2023;9850;9900;9850;9900;27781
2023-06-22;22/06/2023;9700;9900;9700;9900;1861
2023-06-23;23/06/2023;9895;9895;9750;9750;3625
2023-06-26;26/06/2023;9900;9900;9895;9895;3361
2023-06-27;27/06/2023;9890;9895;9890;9895;8672
2023-06-28;28/06/2023;9890;9895;9890;9895;8672
2023-06-29;29/06/2023;10090;10090;10000;10000;5156
2023-06-30;30/06/2023;10000;10600;10000;10600;3736
2023-07-03;03/07/2023;10020;10350;10020;10350;20155
2023-07-04;04/07/2023;10350;10350;10320;10320;5945
2023-07-05;05/07/2023;10310;10310;10200;10200;452
2023-07-06;06/07/2023;10200;10200;10200;10200;3201
2023-07-07;07/07/2023;10200;10250;10200;10250;5119
2023-07-10;10/07/2023;10225;10225;10200;10200;3692
2023-07-11;11/07/2023;10200;10200;10190;10190;7442
2023-07-12;12/07/2023;10195;10195;10180;10180;5812
2023-07-13;13/07/2023;10180;10180;10000;10000;11400
2023-07-14;14/07/2023;10165;10165;9980;9980;14411
2023-07-17;17/07/2023;9035;9035;9000;9000;7190
2023-07-18;18/07/2023;8900;8900;8890;8890;3933
2023-07-19;19/07/2023;8800;8875;8800;8875;3078
2023-07-20;20/07/2023;8885;8885;8800;8800;20193
2023-07-21;21/07/2023;8800;8800;8700;8700;2143
2023-07-24;24/07/2023;8700;8700;8600;8600;4180
2023-07-25;25/07/2023;8600;8600;8500;8500;6474
2023-07-26;26/07/2023;8550;8550;8490;8490;8117
2023-07-27;27/07/2023;8475;8475;8400;8400;1551
2023-07-28;28/07/2023;8385;8385;8345;8345;884
2023-07-31;31/07/2023;8205;8205;8095;8095;1141
2023-08-01;01/08/2023;8000;8040;8000;8040;2142
2023-08-02;02/08/2023;7995;8000;7995;8000;3679
2023-08-03;03/08/2023;8000;8000;8000;8000;2160
2023-08-04;04/08/2023;8035;8040;8035;8040;2645
2023-08-07;07/08/2023;8035;8040;8035;8040;2645
2023-08-08;08/08/2023;8090;8090;7995;7995;1389
2023-08-09;09/08/2023;7950;8000;7950;8000;1525
2023-08-10;10/08/2023;8000;8000;7995;7995;954
2023-08-11;11/08/2023;7995;7995;7995;7995;1947
2023-08-14;14/08/2023;7995;7995;7995;7995;792
2023-08-15;15/08/2023;7995;7995;7995;7995;792
2023-08-16;16/08/2023;7995;8000;7995;8000;488
2023-08-17;17/08/2023;7995;7995;7995;7995;2199
2023-08-18;18/08/2023;8000;8000;8000;8000;1538
2023-08-21;21/08/2023;7950;8000;7950;8000;1794
2023-08-22;22/08/2023;8000;8000;8000;8000;1755
2023-08-23;23/08/2023;8000;8000;7900;7900;4472
2023-08-24;24/08/2023;7950;7950;7900;7900;8370
2023-08-25;25/08/2023;7900;7900;7900;7900;10113
2023-08-28;28/08/2023;7950;7950;7900;7900;3072
2023-08-29;29/08/2023;7950;7950;7910;7910;405
2023-08-30;30/08/2023;7850;7995;7850;7995;301
2023-08-31;31/08/2023;7995;7995;7945;7945;562
2023-09-01;01/09/2023;7945;7945;7945;7945;423
2023-09-04;04/09/2023;7950;7950;7945;7945;1282
2023-09-05;05/09/2023;7940;7945;7940;7945;2255
2023-09-06;06/09/2023;7940;7940;7920;7920;636
2023-09-07;07/09/2023;7800;7935;7800;7935;3451
2023-09-08;08/09/2023;7925;7925;7850;7850;822
2023-09-11;11/09/2023;7850;7850;7800;7800;1933
2023-09-12;12/09/2023;7805;7805;7800;7800;1444
2023-09-13;13/09/2023;7800;7800;7780;7780;2196
2023-09-14;14/09/2023;7780;7780;7700;7700;1551
2023-09-15;15/09/2023;7650;7695;7650;7695;4692
2023-09-18;18/09/2023;7695;7700;7695;7700;3918
2023-09-19;19/09/2023;7690;7700;7690;7700;843
2023-09-20;20/09/2023;7650;7700;7650;7700;5715
2023-09-21;21/09/2023;7770;7770;7705;7705;2151
2023-09-22;22/09/2023;7710;7710;7700;7700;489
2023-09-25;25/09/2023;7700;7700;7700;7700;4702
2023-09-26;26/09/2023;7700;7700;7700;7700;2619
2023-09-27;27/09/2023;7700;7700;7700;7700;2619
2023-09-28;28/09/2023;7700;7700;7700;7700;922
2023-09-29;29/09/2023;7700;7700;7600;7600;1059
2023-10-02;02/10/2023;7650;7650;7565;7565;699
2023-10-03;03/10/2023;7550;7600;7550;7600;2530
2023-10-04;04/10/2023;7550;7550;7490;7490;980
2023-10-05;05/10/2023;7490;7490;6930;6930;1929
2023-10-06;06/10/2023;6930;7195;6930;7195;911
2023-10-09;09/10/2023;7250;7250;7200;7200;2777
2023-10-10;10/10/2023;7245;7340;7245;7340;945
2023-10-11;11/10/2023;7150;7690;7150;7690;1191
2023-10-12;12/10/2023;7690;7695;7690;7695;906
2023-10-13;13/10/2023;7695;7695;7690;7690;462
2023-10-16;16/10/2023;7500;7600;7500;7600;508
2023-10-17;17/10/2023;7595;7645;7595;7645;3131
2023-10-18;18/10/2023;7645;7645;7450;7450;449
2023-10-19;19/10/2023;7645;7645;7495;7495;230
2023-10-20;20/10/2023;7495;7495;7400;7400;358
2023-10-23;23/10/2023;7345;7345;7315;7315;1007
2023-10-24;24/10/2023;7315;7315;7295;7295;2329
2023-10-25;25/10/2023;7200;7250;7200;7250;2945
2023-10-26;26/10/2023;7200;7200;7100;7100;4031
2023-10-27;27/10/2023;7005;7005;7000;7000;1715
2023-10-30;30/10/2023;6960;6960;6900;6900;10073
2023-10-31;31/10/2023;6900;6900;6900;6900;1203
2023-11-01;01/11/2023;6900;6900;6900;6900;1203
2023-11-02;02/11/2023;6950;6950;6875;6875;513
2023-11-03;03/11/2023;6895;6895;6800;6800;464
2023-11-06;06/11/2023;6800;6960;6800;6960;3586
2023-11-07;07/11/2023;6950;6950;6950;6950;1210
2023-11-08;08/11/2023;6500;6900;6500;6900;2920
2023-11-09;09/11/2023;6900;6900;6895;6895;773
2023-11-10;10/11/2023;6600;6895;6600;6895;347
2023-11-13;13/11/2023;6890;6890;6885;6885;470
2023-11-14;14/11/2023;6880;6880;6880;6880;230
2023-11-15;15/11/2023;6880;6880;6880;6880;230
2023-11-16;16/11/2023;6600;6600;6590;6590;1211
2023-11-17;17/11/2023;6450;6875;6450;6875;883
2023-11-20;20/11/2023;6600;6600;6500;6500;692
2023-11-21;21/11/2023;6500;6850;6500;6850;7652
2023-11-22;22/11/2023;6500;6850;6500;6850;659
2023-11-23;23/11/2023;6835;6835;6825;6825;5071
2023-11-24;24/11/2023;6370;6820;6370;6820;288
2023-11-27;27/11/2023;6500;6800;6500;6800;714
2023-11-28;28/11/2023;6500;6500;6415;6415;1528
2023-11-29;29/11/2023;6415;6800;6415;6800;1392
2023-11-30;30/11/2023;6800;6800;6800;6800;692
2023-12-01;01/12/2023;6500;6500;6500;6500;2312
2023-12-04;04/12/2023;6450;6500;6450;6500;1304
2023-12-05;05/12/2023;6500;6500;6400;6400;763
2023-12-06;06/12/2023;6250;6800;6250;6800;405
2023-12-07;07/12/2023;6300;6400;6300;6400;519
2023-12-08;08/12/2023;6400;6795;6400;6795;321
2023-12-11;11/12/2023;6795;6795;6795;6795;2273
2023-12-12;12/12/2023;6790;6790;6790;6790;410
2023-12-13;13/12/2023;6790;6790;6790;6790;264
2023-12-14;14/12/2023;6790;6790;6790;6790;115
2023-12-15;15/12/2023;6785;6785;6775;6775;209
2023-12-18;18/12/2023;6780;6780;6500;6500;1104
2023-12-19;19/12/2023;6700;6780;6700;6780;797
2023-12-20;20/12/2023;6775;6775;6725;6725;683
2023-12-21;21/12/2023;6725;6725;6720;6720;673
2023-12-22;22/12/2023;6700;6725;6700;6725;435
2023-12-25;25/12/2023;6700;6725;6700;6725;435
2023-12-26;26/12/2023;6720;6720;6710;6710;209
2023-12-27;27/12/2023;6700;6725;6700;6725;535
2023-12-28;28/12/2023;6780;6780;6710;6710;138
2023-12-29;29/12/2023;6710;6750;6710;6750;1933
2024-01-01;01/01/2024;6710;6750;6710;6750;1933
2024-01-02;02/01/2024;6750;6990;6750;6990;607
2024-01-03;03/01/2024;6990;6990;6990;6990;1371
2024-01-04;04/01/2024;6750;6990;6750;6990;4464
2024-01-05;05/01/2024;6985;6985;6960;6960;947
2024-01-08;08/01/2024;6910;6910;6900;6900;422
2024-01-09;09/01/2024;6900;6900;6890;6890;417
2024-01-10;10/01/2024;6890;6900;6890;6900;256
2024-01-11;11/01/2024;6650;6895;6650;6895;427
2024-01-12;12/01/2024;6890;6890;6885;6885;6150
2024-01-15;15/01/2024;6660;6875;6660;6875;307
2024-01-16;16/01/2024;6875;6875;6865;6865;2874
2024-01-17;17/01/2024;6865;6865;6700;6700;96
2024-01-18;18/01/2024;6700;6750;6700;6750;835
2024-01-19;19/01/2024;6660;6700;6660;6700;84
2024-01-22;22/01/2024;6700;6700;6700;6700;210
2024-01-23;23/01/2024;6700;6700;6660;6660;402
2024-01-24;24/01/2024;6700;6800;6700;6800;314
2024-01-25;25/01/2024;6790;6790;6785;6785;194
2024-01-26;26/01/2024;6785;6790;6785;6790;214
2024-01-29;29/01/2024;6600;6600;6600;6600;182
2024-01-30;30/01/2024;6505;6790;6505;6790;150
2024-01-31;31/01/2024;6780;6790;6780;6790;63
2024-02-01;01/02/2024;6790;6790;6790;6790;614
2024-02-02;02/02/2024;6600;6790;6600;6790;185
2024-02-05;05/02/2024;6790;6790;6780;6780;265
2024-02-06;06/02/2024;6775;6790;6775;6790;395
2024-02-07;07/02/2024;6790;6790;6750;6750;9189
2024-02-08;08/02/2024;6750;6800;6750;6800;162
2024-02-09;09/02/2024;6750;6800;6750;6800;1092
2024-02-12;12/02/2024;6750;6800;6750;6800;1092
2024-02-13;13/02/2024;6550;6800;6550;6800;171
2024-02-14;14/02/2024;6700;6795;6700;6795;100
2024-02-15;15/02/2024;6600;6790;6600;6790;2377
2024-02-16;16/02/2024;6785;6785;6785;6785;297
2024-02-19;19/02/2024;6790;6790;6775;6775;708
2024-02-20;20/02/2024;6775;6775;6770;6770;907
2024-02-21;21/02/2024;6770;6780;6770;6780;524
2024-02-22;22/02/2024;6770;6780;6770;6780;518
2024-02-23;23/02/2024;6300;6900;6300;6900;6760
2024-02-26;26/02/2024;6790;6800;6790;6800;332
2024-02-27;27/02/2024;6320;6795;6320;6795;463
2024-02-28;28/02/2024;6750;6775;6750;6775;15546
2024-02-29;29/02/2024;6700;6780;6700;6780;714
2024-03-01;01/03/2024;6775;6775;6770;6770;117
2024-03-04;04/03/2024;6750;6750;6750;6750;8619
2024-03-05;05/03/2024;6750;6750;6745;6745;370
2024-03-06;06/03/2024;6740;6740;6560;6560;1074
2024-03-07;07/03/2024;6560;6705;6560;6705;74
2024-03-08;08/03/2024;6700;6700;6695;6695;152
2024-03-11;11/03/2024;6695;6700;6695;6700;2229
2024-03-12;12/03/2024;6700;6700;6695;6695;1429
2024-03-13;13/03/2024;6700;6700;6695;6695;555
2024-03-14;14/03/2024;6695;6700;6695;6700;4069
2024-03-15;15/03/2024;6745;6770;6745;6770;4587
2024-03-18;18/03/2024;6770;7000;6770;7000;6038
2024-03-19;19/03/2024;6990;6990;6985;6985;67
2024-03-20;20/03/2024;6985;7000;6985;7000;1344
2024-03-21;21/03/2024;7000;7000;7000;7000;741
2024-03-22;22/03/2024;7000;7000;7000;7000;283
2024-03-25;25/03/2024;6995;7000;6995;7000;454
2024-03-26;26/03/2024;6950;7000;6950;7000;3580
2024-03-27;27/03/2024;7000;7000;7000;7000;89
2024-03-28;28/03/2024;6995;7000;6995;7000;100
2024-03-29;29/03/2024;6995;6995;6995;6995;4041
2024-04-01;01/04/2024;6995;6995;6995;6995;4041
2024-04-02;02/04/2024;6995;7000;6995;7000;7241
2024-04-03;03/04/2024;7000;7525;7000;7525;1514
2024-04-04;04/04/2024;7525;8000;7525;8000;1015
2024-04-05;05/04/2024;7400;7400;7400;7400;769
2024-04-08;08/04/2024;7000;7400;7000;7400;3341
2024-04-09;09/04/2024;7400;7400;7400;7400;717
2024-04-10;10/04/2024;7400;7400;7400;7400;717
2024-04-11;11/04/2024;7400;7400;7400;7400;175
2024-04-12;12/04/2024;7400;7400;7400;7400;202
2024-04-15;15/04/2024;7400;7400;7400;7400;961
2024-04-16;16/04/2024;7280;7400;7280;7400;35
2024-04-17;17/04/2024;7300;7400;7300;7400;628
2024-04-18;18/04/2024;7390;7390;7390;7390;731
2024-04-19;19/04/2024;7380;7380;7350;7350;73
2024-04-22;22/04/2024;7300;7385;7300;7385;429
2024-04-23;23/04/2024;7390;7390;7385;7385;318
2024-04-24;24/04/2024;7385;7385;7385;7385;2118
2024-04-25;25/04/2024;7385;7385;7385;7385;326
2024-04-26;26/04/2024;7385;7385;7385;7385;1499
2024-04-29;29/04/2024;6840;7250;6840;7250;200
2024-04-30;30/04/2024;7240;7240;7240;7240;1421
2024-05-01;01/05/2024;7240;7240;7240;7240;1421
2024-05-02;02/05/2024;6800;6800;6700;6700;981
2024-05-03;03/05/2024;6655;6655;6200;6200;1850
2024-05-06;06/05/2024;5735;5735;5735;5735;2264
2024-05-07;07/05/2024;5305;6000;5305;6000;6361
2024-05-08;08/05/2024;6450;6450;6410;6410;1209
2024-05-09;09/05/2024;6450;6450;6410;6410;1209
2024-05-10;10/05/2024;6400;6400;6365;6365;538
2024-05-13;13/05/2024;6200;6350;6200;6350;1028
2024-05-14;14/05/2024;6340;6350;6340;6350;1770
2024-05-15;15/05/2024;6350;6350;6340;6340;753
2024-05-16;16/05/2024;6300;6300;6300;6300;714
2024-05-17;17/05/2024;6300;6300;6295;6295;2229
2024-05-20;20/05/2024;6300;6300;6295;6295;2229
2024-05-21;21/05/2024;6300;6300;6295;6295;614
2024-05-22;22/05/2024;6295;6295;6295;6295;4173
2024-05-23;23/05/2024;6295;6295;6000;6000;1459
2024-05-24;24/05/2024;6250;6250;6250;6250;6799
2024-05-27;27/05/2024;6245;6245;6000;6000;1312
2024-05-28;28/05/2024;6000;6000;6000;6000;11673
2024-05-29;29/05/2024;6000;6090;6000;6090;7260
2024-05-30;30/05/2024;6090;6090;5900;5900;7989
2024-05-31;31/05/2024;5900;6000;5900;6000;5611
2024-06-03;03/06/2024;5900;5900;5900;5900;1502
2024-06-04;04/06/2024;5900;5900;5900;5900;2144
2024-06-05;05/06/2024;5900;5900;5900;5900;1307
2024-06-06;06/06/2024;5900;5900;5900;5900;944
2024-06-07;07/06/2024;5900;5900;5895;5895;3405
2024-06-10;10/06/2024;5895;5895;5895;5895;1810
2024-06-11;11/06/2024;5895;5895;5885;5885;694
2024-06-12;12/06/2024;5885;5885;5885;5885;3193
2024-06-13;13/06/2024;5790;5795;5790;5795;1128
2024-06-14;14/06/2024;5885;5885;5875;5875;1223
2024-06-18;18/06/2024;5875;5890;5875;5890;12622
2024-06-19;19/06/2024;5890;5890;5890;5890;595
2024-06-20;20/06/2024;5885;5885;5880;5880;4338
2024-06-21;21/06/2024;5880;5990;5880;5990;1528
2024-06-24;24/06/2024;5990;5990;5990;5990;3355
2024-06-25;25/06/2024;5985;6200;5985;6200;11513
2024-06-26;26/06/2024;6195;6220;6195;6220;3709
2024-06-27;27/06/2024;6200;6200;6195;6195;819
2024-06-28;28/06/2024;6190;6250;6190;6250;937
2024-07-01;01/07/2024;6195;6215;6195;6215;2275
2024-07-02;02/07/2024;6100;6245;6100;6245;479
2024-07-03;03/07/2024;6245;6245;6220;6220;4500
2024-07-04;04/07/2024;6220;6220;6220;6220;971
2024-07-05;05/07/2024;6230;6230;6220;6220;2636
2024-07-08;08/07/2024;6220;6220;6220;6220;3710
2024-07-09;09/07/2024;6215;6215;6210;6210;1005
2024-07-10;10/07/2024;6210;6210;6155;6155;1324
2024-07-11;11/07/2024;6190;6190;6185;6185;2761
2024-07-12;12/07/2024;6160;6180;6160;6180;1493
2024-07-15;15/07/2024;6180;6180;5800;5800;5892
2024-07-16;16/07/2024;5800;6150;5800;6150;16283
2024-07-17;17/07/2024;6180;6180;6150;6150;3050
2024-07-18;18/07/2024;6100;6100;6090;6090;1152
2024-07-19;19/07/2024;6090;6090;6090;6090;1015
2024-07-22;22/07/2024;6080;6080;6000;6000;6098
2024-07-23;23/07/2024;6000;6000;6000;6000;2280
2024-07-24;24/07/2024;5600;5780;5600;5780;1866
2024-07-25;25/07/2024;5770;5770;5750;5750;463
2024-07-26;26/07/2024;5750;5895;5750;5895;693
2024-07-29;29/07/2024;5780;5780;5740;5740;874
2024-07-30;30/07/2024;5700;5700;5700;5700;6480
2024-07-31;31/07/2024;5690;5690;5600;5600;1321
2024-08-01;01/08/2024;5580;5580;5540;5540;1158
2024-08-02;02/08/2024;5590;5590;5440;5440;2015
2024-08-05;05/08/2024;5490;5490;5340;5340;4681
2024-08-06;06/08/2024;5300;5300;5285;5285;2122
2024-08-07;07/08/2024;5300;5300;5285;5285;2122
2024-08-08;08/08/2024;5280;5280;5275;5275;3076
2024-08-09;09/08/2024;5285;5285;5260;5260;4009
2024-08-12;12/08/2024;5235;5260;5235;5260;3829
2024-08-13;13/08/2024;5250;5250;4870;4870;7113
2024-08-14;14/08/2024;4865;4865;4835;4835;5808
2024-08-15;15/08/2024;4865;4865;4835;4835;5808
2024-08-16;16/08/2024;4830;4830;4830;4830;20503
2024-08-19;19/08/2024;4810;4810;4800;4800;10528
2024-08-20;20/08/2024;4830;5160;4830;5160;660
2024-08-21;21/08/2024;4865;5000;4865;5000;2607
2024-08-22;22/08/2024;5240;5240;5000;5000;3277
2024-08-23;23/08/2024;5200;5200;5000;5000;3836
2024-08-26;26/08/2024;5000;5100;5000;5100;144
2024-08-27;27/08/2024;5050;5050;5000;5000;4245
2024-08-28;28/08/2024;5080;5080;4980;4980;9878
2024-08-29;29/08/2024;4800;4800;4800;4800;5471
2024-08-30;30/08/2024;5000;5000;4980;4980;8088
2024-09-02;02/09/2024;4805;5000;4805;5000;2147
2024-09-03;03/09/2024;5000;5000;4880;4880;8215
2024-09-04;04/09/2024;4895;4895;4890;4890;8186
2024-09-05;05/09/2024;4900;5000;4900;5000;7350
2024-09-06;06/09/2024;5000;5000;5000;5000;1780
2024-09-09;09/09/2024;5005;5005;5000;5000;2816
2024-09-10;10/09/2024;4990;4990;4950;4950;4785
2024-09-11;11/09/2024;4805;4925;4805;4925;6491
2024-09-12;12/09/2024;4925;4925;4920;4920;198
2024-09-13;13/09/2024;4920;4920;4800;4800;7616
2024-09-16;16/09/2024;4795;4800;4795;4800;3198
2024-09-17;17/09/2024;4800;4800;4760;4760;1903
2024-09-18;18/09/2024;4750;4795;4750;4795;11972
2024-09-19;19/09/2024;4795;4995;4795;4995;1244
2024-09-20;20/09/2024;4980;4980;4980;4980;174
2024-09-23;23/09/2024;4990;4990;4700;4700;20342
2024-09-24;24/09/2024;4710;4800;4710;4800;5676
2024-09-25;25/09/2024;4800;4800;4620;4620;3433
2024-09-26;26/09/2024;4700;4935;4700;4935;890
2024-09-27;27/09/2024;4925;4925;4910;4910;1298
2024-09-30;30/09/2024;4910;4910;4810;4810;3669
2024-10-01;01/10/2024;4765;4770;4765;4770;4023
2024-10-02;02/10/2024;4775;4780;4775;4780;645
2024-10-03;03/10/2024;4880;4880;4780;4780;3641
2024-10-04;04/10/2024;4780;4780;4700;4700;2599
2024-10-07;07/10/2024;4780;4780;4780;4780;9609
2024-10-08;08/10/2024;4700;4700;4700;4700;13122
2024-10-09;09/10/2024;4700;4750;4700;4750;775
2024-10-10;10/10/2024;4750;4800;4750;4800;2593
2024-10-11;11/10/2024;4800;4800;4800;4800;5400
2024-10-14;14/10/2024;4800;4800;4700;4700;3522
2024-10-15;15/10/2024;4790;4790;4700;4700;5590
2024-10-16;16/10/2024;4645;4700;4645;4700;2328
2024-10-17;17/10/2024;4700;4700;4690;4690;709
2024-10-18;18/10/2024;4700;4700;4690;4690;1178
2024-10-21;21/10/2024;4690;4690;4675;4675;7996
2024-10-22;22/10/2024;4690;4690;4580;4580;6207
2024-10-23;23/10/2024;4585;4600;4585;4600;4008
2024-10-24;24/10/2024;4550;4675;4550;4675;1411
2024-10-25;25/10/2024;4650;4650;4560;4560;9131
2024-10-28;28/10/2024;4650;4680;4650;4680;367
2024-10-29;29/10/2024;4680;4680;4550;4550;2213
2024-10-30;30/10/2024;4650;4695;4650;4695;1080
2024-10-31;31/10/2024;4690;4695;4690;4695;705
2024-11-01;01/11/2024;4690;4695;4690;4695;705
2024-11-04;04/11/2024;4695;4695;4650;4650;6382
2024-11-05;05/11/2024;4685;4685;4500;4500;5257
2024-11-06;06/11/2024;4500;4680;4500;4680;666
2024-11-07;07/11/2024;4680;4680;4550;4550;3577
2024-11-08;08/11/2024;4600;4600;4550;4550;8432
2024-11-11;11/11/2024;4600;4600;4550;4550;5535
2024-11-12;12/11/2024;4550;4550;4550;4550;5331
2024-11-13;13/11/2024;4550;4550;4550;4550;12870
2024-11-14;14/11/2024;4500;4525;4500;4525;2568
2024-11-15;15/11/2024;4500;4525;4500;4525;2568
2024-11-18;18/11/2024;4550;4550;4525;4525;10848
2024-11-19;19/11/2024;4600;4600;4525;4525;5846
2024-11-20;20/11/2024;4525;4525;4525;4525;1227
2024-11-21;21/11/2024;4520;4520;4500;4500;5453
2024-11-22;22/11/2024;4525;4525;4525;4525;5636
2024-11-25;25/11/2024;4500;4500;4500;4500;5054
2024-11-26;26/11/2024;4500;4500;4500;4500;2204
2024-11-27;27/11/2024;4510;4550;4510;4550;366
2024-11-28;28/11/2024;4610;4640;4610;4640;315
2024-11-29;29/11/2024;4610;4695;4610;4695;1070
2024-12-02;02/12/2024;4690;4690;4525;4525;14910
2024-12-03;03/12/2024;4530;4530;4525;4525;4199
2024-12-04;04/12/2024;4525;4695;4525;4695;691
2024-12-05;05/12/2024;4700;4700;4525;4525;5435
2024-12-06;06/12/2024;4525;4525;4520;4520;3398
2024-12-09;09/12/2024;4520;4520;4520;4520;4567
2024-12-10;10/12/2024;4525;4525;4525;4525;5384
2024-12-11;11/12/2024;4505;4505;4495;4495;6599
2024-12-12;12/12/2024;4495;4500;4495;4500;1658
2024-12-13;13/12/2024;4500;4500;4495;4495;1017
2024-12-16;16/12/2024;4500;4500;4500;4500;641
2024-12-17;17/12/2024;4500;4500;4500;4500;6953
2024-12-18;18/12/2024;4505;4505;4500;4500;27601
2024-12-19;19/12/2024;4505;4505;4495;4495;5515
2024-12-20;20/12/2024;4500;4655;4500;4655;963
2024-12-23;23/12/2024;4655;4655;4640;4640;1218
2024-12-24;24/12/2024;4600;4600;4600;4600;145
2024-12-25;25/12/2024;4620;4620;4600;4600;145
2024-12-26;26/12/2024;4600;4600;4600;4600;1707
2024-12-27;27/12/2024;4620;4620;4620;4620;2208
2024-12-30;30/12/2024;4620;4780;4620;4780;7928
2024-12-31;31/12/2024;4790;5000;4790;5000;2811
2025-01-01;01/01/2025;4790;5000;4790;5000;2811
2025-01-02;02/01/2025;5000;5000;5000;5000;3182
2025-01-03;03/01/2025;4995;4995;4990;4990;3510
2025-01-06;06/01/2025;5000;5265;5000;5265;2740
2025-01-07;07/01/2025;5265;5265;4900;4900;23695
2025-01-08;08/01/2025;5000;5000;4900;4900;9637
2025-01-09;09/01/2025;4925;4925;4800;4800;4224
2025-01-10;10/01/2025;4800;4995;4800;4995;43919
2025-01-13;13/01/2025;5000;5000;4990;4990;6522
2025-01-14;14/01/2025;4990;4990;4800;4800;18796
2025-01-15;15/01/2025;4990;4990;4800;4800;34583
2025-01-16;16/01/2025;4990;4990;4800;4800;2961
2025-01-17;17/01/2025;4900;4900;4800;4800;4476
2025-01-20;20/01/2025;4900;4900;4500;4500;26141
2025-01-21;21/01/2025;4790;4790;4500;4500;26048
2025-01-22;22/01/2025;4505;4505;4500;4500;9925
2025-01-23;23/01/2025;4500;4500;4500;4500;6101
2025-01-24;24/01/2025;4500;4500;4500;4500;7006
2025-01-27;27/01/2025;4500;4665;4500;4665;4859
2025-01-28;28/01/2025;4655;4655;4500;4500;5253
2025-01-29;29/01/2025;4645;4645;4500;4500;5203
2025-01-30;30/01/2025;4500;4500;4500;4500;3865
2025-01-31;31/01/2025;4500;4650;4500;4650;3920
2025-02-03;03/02/2025;4650;4850;4650;4850;966
2025-02-04;04/02/2025;4845;4940;4845;4940;2151
2025-02-05;05/02/2025;4950;5000;4950;5000;900
2025-02-06;06/02/2025;5000;5220;5000;5220;3221
2025-02-07;07/02/2025;5225;5475;5225;5475;3070
2025-02-10;10/02/2025;5475;5475;5370;5370;2477
2025-02-11;11/02/2025;5375;5375;5360;5360;2007
2025-02-12;12/02/2025;5360;5370;5360;5370;3882
2025-02-13;13/02/2025;5395;5395;5375;5375;2960
2025-02-14;14/02/2025;5395;5395;5390;5390;4777
2025-02-17;17/02/2025;5375;5500;5375;5500;3017
2025-02-18;18/02/2025;5500;5690;5500;5690;5586
2025-02-19;19/02/2025;5690;5915;5690;5915;4297
2025-02-20;20/02/2025;5915;6085;5915;6085;3189
2025-02-21;21/02/2025;6100;6100;6085;6085;5638
2025-02-24;24/02/2025;6085;6085;6080;6080;3032
2025-02-25;25/02/2025;6080;6080;6075;6075;1759
2025-02-26;26/02/2025;6075;6075;6075;6075;2086
2025-02-28;28/02/2025;6085;6100;6085;6100;1168
2025-03-03;03/03/2025;6080;6200;6080;6200;3127
2025-03-04;04/03/2025;6140;6200;6140;6200;1848
2025-03-05;05/03/2025;6195;6195;6195;6195;2334
2025-03-06;06/03/2025;6100;6100;6085;6085;2167
2025-03-07;07/03/2025;6070;6090;6070;6090;5240
2025-03-10;10/03/2025;6100;6150;6100;6150;1665
2025-03-11;11/03/2025;6150;6150;6100;6100;2649
2025-03-12;12/03/2025;6100;6150;6100;6150;2082
2025-03-13;13/03/2025;6150;6200;6150;6200;7021
2025-03-14;14/03/2025;6200;6320;6200;6320;1873
2025-03-17;17/03/2025;6325;6490;6325;6490;11753
2025-03-18;18/03/2025;6490;6490;6490;6490;1844
2025-03-19;19/03/2025;6490;6490;6490;6490;8234
2025-03-20;20/03/2025;6450;6450;6400;6400;5462
2025-03-21;21/03/2025;6400;6400;6400;6400;11909
2025-03-24;24/03/2025;6400;6400;6395;6395;1530
2025-03-25;25/03/2025;6400;6400;6395;6395;2473
2025-03-26;26/03/2025;6350;6350;6340;6340;2582
2025-03-27;27/03/2025;6350;6350;6340;6340;2582
2025-03-28;28/03/2025;6340;6400;6340;6400;7297
2025-03-31;31/03/2025;6340;6400;6340;6400;7297
2025-04-01;01/04/2025;6400;6400;6350;6350;1298
2025-04-02;02/04/2025;6300;6300;6085;6085;14825
2025-04-03;03/04/2025;6090;6170;6090;6170;6435
2025-04-04;04/04/2025;6100;6100;6100;6100;1226
2025-04-07;07/04/2025;6050;6050;5950;5950;2160
2025-04-08;08/04/2025;5945;5945;5505;5505;13576
2025-04-09;09/04/2025;5500;5500;5095;5095;7538
2025-04-10;10/04/2025;5095;5200;5095;5200;4398
2025-04-11;11/04/2025;5215;5400;5215;5400;6248
2025-04-14;14/04/2025;5805;5805;5650;5650;10137
2025-04-15;15/04/2025;5700;6000;5700;6000;4111
2025-04-16;16/04/2025;6000;6000;5985;5985;2005
2025-04-17;17/04/2025;5980;5980;5900;5900;1833
2025-04-18;18/04/2025;5460;5745;5460;5745;4636
2025-04-21;21/04/2025;5460;5745;5460;5745;4636
2025-04-22;22/04/2025;6175;6175;6150;6150;25684
2025-04-23;23/04/2025;6170;6170;6035;6035;37832
2025-04-24;24/04/2025;6035;6035;6000;6000;7518
2025-04-25;25/04/2025;6000;6085;6000;6085;9514
2025-04-28;28/04/2025;6095;6250;6095;6250;9171
2025-04-29;29/04/2025;6195;6200;6195;6200;18174
2025-04-30;30/04/2025;6300;6300;6300;6300;7136
2025-05-01;01/05/2025;6300;6300;6300;6300;7136
2025-05-02;02/05/2025;6300;6340;6300;6340;8814
2025-05-05;05/05/2025;6395;6395;6350;6350;1281
2025-05-06;06/05/2025;6345;6400;6345;6400;8192
2025-05-07;07/05/2025;6490;6490;6405;6405;1952
2025-05-08;08/05/2025;6405;6425;6405;6425;12353
2025-05-09;09/05/2025;6485;6500;6485;6500;3943
2025-05-12;12/05/2025;6500;6550;6500;6550;2907
2025-05-13;13/05/2025;6550;6700;6550;6700;2495
2025-05-14;14/05/2025;6695;6800;6695;6800;4415
2025-05-15;15/05/2025;6800;6800;6800;6800;1812
2025-05-16;16/05/2025;6800;6985;6800;6985;4007
2025-05-19;19/05/2025;6985;6985;6985;6985;36796
2025-05-20;20/05/2025;6980;6980;6900;6900;2326
2025-05-21;21/05/2025;6900;6900;6800;6800;3439
2025-05-22;22/05/2025;6800;6900;6800;6900;2412
2025-05-23;23/05/2025;6990;6990;6990;6990;1431
2025-05-26;26/05/2025;6470;6945;6470;6945;12417
2025-05-27;27/05/2025;6950;6950;6900;6900;8758
2025-05-28;28/05/2025;6950;6950;6910;6910;8111
2025-05-29;29/05/2025;6950;6950;6910;6910;8111
2025-05-30;30/05/2025;6900;6995;6900;6995;4623
2025-06-02;02/06/2025;6995;6995;6800;6800;5067
2025-06-03;03/06/2025;6700;6800;6700;6800;11011
2025-06-04;04/06/2025;6500;6740;6500;6740;11291
2025-06-05;05/06/2025;6750;6750;6550;6550;3463
2025-06-10;10/06/2025;6600;6985;6600;6985;14651
2025-06-11;11/06/2025;6990;7280;6990;7280;22453
2025-06-12;12/06/2025;7280;7450;7280;7450;13815
2025-06-13;13/06/2025;7480;7885;7480;7885;24360
2025-06-16;16/06/2025;7880;7880;7820;7820;14614
2025-06-17;17/06/2025;7820;7820;7820;7820;13696
2025-06-18;18/06/2025;7820;7900;7820;7900;7381
2025-06-19;19/06/2025;7950;8000;7950;8000;21143
2025-06-20;20/06/2025;8100;8100;7920;7920;18597
2025-06-23;23/06/2025;8000;8000;7990;7990;11433
2025-06-24;24/06/2025;7990;7990;7990;7990;10440
2025-06-25;25/06/2025;7985;7985;7885;7885;3386
2025-06-26;26/06/2025;7880;7880;7800;7800;2072
2025-06-27;27/06/2025;7800;8000;7800;8000;15148
2025-06-30;30/06/2025;8000;8380;8000;8380;7836
2025-07-01;01/07/2025;8500;8500;8150;8150;30292
2025-07-02;02/07/2025;8200;8350;8200;8350;8147
2025-07-03;03/07/2025;8300;8300;8290;8290;3345
2025-07-04;04/07/2025;8325;8400;8325;8400;6530
2025-07-07;07/07/2025;8350;8350;8350;8350;15272
2025-07-08;08/07/2025;8350;8350;8300;8300;14850
2025-07-09;09/07/2025;8300;8350;8300;8350;4715
2025-07-10;10/07/2025;8360;8360;8300;8300;4017
2025-07-11;11/07/2025;8300;8310;8300;8310;2693
2025-07-14;14/07/2025;8300;8300;8250;8250;7275
2025-07-15;15/07/2025;8250;8250;8250;8250;3723
2025-07-16;16/07/2025;8250;8300;8250;8300;6083
2025-07-17;17/07/2025;8250;8250;8200;8200;5092
2025-07-18;18/07/2025;8200;8250;8200;8250;1507
2025-07-21;21/07/2025;8300;8495;8300;8495;9449
2025-07-22;22/07/2025;8475;8475;8450;8450;1293
2025-07-23;23/07/2025;8500;8500;8480;8480;14458
2025-07-24;24/07/2025;8485;8500;8485;8500;3242
2025-07-25;25/07/2025;8475;8550;8475;8550;533
2025-07-28;28/07/2025;8500;8500;8500;8500;3155
2025-07-29;29/07/2025;8500;8500;8420;8420;4591
2025-07-30;30/07/2025;8450;8450;8450;8450;2694
2025-07-31;31/07/2025;8450;8450;8450;8450;2471
2025-08-01;01/08/2025;8450;8530;8450;8530;4578
2025-08-04;04/08/2025;8530;8530;8460;8460;474
2025-08-05;05/08/2025;8470;8535;8470;8535;4955
2025-08-06;06/08/2025;8535;8590;8535;8590;1606
2025-08-07;07/08/2025;8535;8590;8535;8590;1606
2025-08-08;08/08/2025;8590;8590;8590;8590;1594
2025-08-11;11/08/2025;8595;8650;8595;8650;1979
2025-08-12;12/08/2025;8655;8945;8655;8945;2506
2025-08-13;13/08/2025;8950;8985;8950;8985;2642
2025-08-14;14/08/2025;8990;8990;8985;8985;2143
2025-08-15;15/08/2025;8990;8990;8985;8985;2143
2025-08-18;18/08/2025;8985;8985;8980;8980;3407
2025-08-19;19/08/2025;8995;8995;8995;8995;943
2025-08-20;20/08/2025;9000;9140;9000;9140;6767
2025-08-21;21/08/2025;9145;9200;9145;9200;4235
2025-08-22;22/08/2025;9200;9210;9200;9210;2013
2025-08-25;25/08/2025;9200;9200;9095;9095;3553
2025-08-26;26/08/2025;9100;9100;9090;9090;3360
2025-08-27;27/08/2025;9090;9090;8850;8850;5420
2025-08-28;28/08/2025;8845;8845;8740;8740;3050
2025-08-29;29/08/2025;8750;8815;8750;8815;2037
2025-09-01;01/09/2025;8815;9000;8815;9000;4588
2025-09-02;02/09/2025;9005;9005;9000;9000;4694
2025-09-03;03/09/2025;8950;9000;8950;9000;1406
2025-09-04;04/09/2025;8950;9000;8950;9000;1406
2025-09-05;05/09/2025;9000;9000;9000;9000;4993
2025-09-08;08/09/2025;8820;8820;8700;8700;7018
2025-09-09;09/09/2025;8700;8700;8500;8500;4638
2025-09-10;10/09/2025;8500;8600;8500;8600;7327
2025-09-11;11/09/2025;8600;8600;8600;8600;3486
2025-09-12;12/09/2025;8600;8800;8600;8800;2672
2025-09-15;15/09/2025;8800;9000;8800;9000;2358
2025-09-16;16/09/2025;9000;9100;9000;9100;2740
2025-09-17;17/09/2025;9100;9100;9100;9100;5611
2025-09-18;18/09/2025;9100;9100;9100;9100;2037
2025-09-19;19/09/2025;9100;9100;9000;9000;1384
2025-09-22;22/09/2025;9000;9100;9000;9100;4754
2025-09-23;23/09/2025;9095;9095;9000;9000;1107
2025-09-24;24/09/2025;9000;9015;9000;9015;1490
2025-09-25;25/09/2025;9000;9245;9000;9245;5424
2025-09-26;26/09/2025;9200;9250;9200;9250;1801
2025-09-29;29/09/2025;9250;9250;9200;9200;1061
2025-09-30;30/09/2025;9155;9155;9150;9150;4651
2025-10-01;01/10/2025;9105;9145;9105;9145;959
2025-10-02;02/10/2025;9145;9200;9145;9200;2383
2025-10-03;03/10/2025;9195;9200;9195;9200;24719
2025-10-06;06/10/2025;9250;9500;9250;9500;5897
2025-10-07;07/10/2025;9600;9650;9600;9650;2629
2025-10-08;08/10/2025;9675;9675;9645;9645;2674
2025-10-09;09/10/2025;9655;9655;9655;9655;2312
2025-10-10;10/10/2025;9655;9655;9515;9515;2890
2025-10-13;13/10/2025;9645;9645;9400;9400;4059
2025-10-14;14/10/2025;9400;9585;9400;9585;3105
2025-10-15;15/10/2025;9695;9695;9690;9690;5829
2025-10-16;16/10/2025;9715;9715;9700;9700;4838
2025-10-17;17/10/2025;9890;9890;9300;9300;36238
2025-10-20;20/10/2025;9300;9300;9115;9115;9016
2025-10-21;21/10/2025;9000;9000;8900;8900;7026
2025-10-22;22/10/2025;9000;9000;8895;8895;6344
2025-10-23;23/10/2025;8895;8895;8805;8805;11000
2025-10-24;24/10/2025;8800;8900;8800;8900;4715
2025-10-27;27/10/2025;8900;9000;8900;9000;10841
2025-10-28;28/10/2025;9000;9080;9000;9080;12833
2025-10-29;29/10/2025;9565;9565;9260;9260;25658
2025-10-30;30/10/2025;9100;9100;8570;8570;27719
2025-10-31;31/10/2025;7930;8350;7930;8350;9605
2025-11-03;03/11/2025;7750;7750;7725;7725;1986
2025-11-04;04/11/2025;7150;7150;7150;7150;4838
2025-11-05;05/11/2025;6620;6990;6620;6990;9967
2025-11-06;06/11/2025;7000;7500;7000;7500;10540
2025-11-07;07/11/2025;8060;8060;8060;8060;0
2025-11-10;10/11/2025;8200;8450;8200;8450;4299
2025-11-11;11/11/2025;8450;8450;8350;8350;4067
2025-11-12;12/11/2025;8350;8350;8200;8200;4951
2025-11-13;13/11/2025;8200;8200;8150;8150;12856
2025-11-14;14/11/2025;7865;7950;7865;7950;2241
2025-11-17;17/11/2025;7950;8150;7950;8150;8871
2025-11-18;18/11/2025;8000;8090;8000;8090;4767
2025-11-19;19/11/2025;8100;8100;8090;8090;1415
2025-11-20;20/11/2025;8090;8090;8005;8005;1537
2025-11-21;21/11/2025;8100;8100;8095;8095;2941
2025-11-24;24/11/2025;8095;8100;8095;8100;4238
2025-11-25;25/11/2025;8100;8190;8100;8190;5305
2025-11-26;26/11/2025;8180;8180;8120;8120;1758
2025-11-27;27/11/2025;8120;8120;7995;7995;2493
2025-11-28;28/11/2025;8000;8000;7950;7950;795
2025-12-01;01/12/2025;7945;8000;7945;8000;7486
2025-12-02;02/12/2025;8000;8010;8000;8010;2810
2025-12-03;03/12/2025;8075;8120;8075;8120;5436
2025-12-04;04/12/2025;8000;8000;7995;7995;762
2025-12-05;05/12/2025;7995;8100;7995;8100;3839
2025-12-08;08/12/2025;8000;8100;8000;8100;2692
2025-12-09;09/12/2025;8100;8100;8095;8095;1114
2025-12-10;10/12/2025;7990;8000;7990;8000;14937
2025-12-11;11/12/2025;8045;8045;8000;8000;462
2025-12-12;12/12/2025;7995;7995;7995;7995;522
2025-12-15;15/12/2025;7995;8000;7995;8000;1517
2025-12-16;16/12/2025;7605;8000;7605;8000;6557
2025-12-17;17/12/2025;8000;8000;8000;8000;8781
2025-12-18;18/12/2025;8000;8000;8000;8000;7264
2025-12-19;19/12/2025;8010;8010;7950;7950;651
2025-12-22;22/12/2025;7975;8000;7975;8000;5443
2025-12-23;23/12/2025;8000;8095;8000;8095;4427
2025-12-24;24/12/2025;7705;7945;7705;7945;535
2025-12-25;25/12/2025;7705;7945;7705;7945;535
2025-12-26;26/12/2025;8095;8095;8000;8000;14287
2025-12-29;29/12/2025;7795;8050;7795;8050;5751
2025-12-30;30/12/2025;8050;8105;8050;8105;10413
2025-12-31;31/12/2025;8095;8100;8095;8100;4628
2026-01-01;01/01/2026;8095;8100;8095;8100;4628
2026-01-02;02/01/2026;8100;8100;8000;8000;221
2026-01-05;05/01/2026;8000;8000;7990;7990;1687
2026-01-06;06/01/2026;7995;7995;7950;7950;1432
2026-01-07;07/01/2026;7960;7960;7950;7950;699
2026-01-08;08/01/2026;7945;7945;7940;7940;401
2026-01-09;09/01/2026;7940;7960;7940;7960;1404
2026-01-12;12/01/2026;7950;7950;7910;7910;565
2026-01-13;13/01/2026;7545;7850;7545;7850;845
2026-01-14;14/01/2026;7860;7900;7860;7900;2447
2026-01-15;15/01/2026;7920;7920;7895;7895;2167
2026-01-16;16/01/2026;7950;7950;7860;7860;879
2026-01-19;19/01/2026;7860;8000;7860;8000;3539
2026-01-20;20/01/2026;8000;8000;7860;7860;3000
2026-01-21;21/01/2026;7860;7995;7860;7995;4558
2026-01-22;22/01/2026;7985;8340;7985;8340;6695
2026-01-23;23/01/2026;8340;8340;8335;8335;11214
2026-01-26;26/01/2026;8300;8300;8300;8300;5338
2026-01-27;27/01/2026;8300;8300;8200;8200;3434
2026-01-28;28/01/2026;8290;8290;8200;8200;6540
2026-01-29;29/01/2026;8205;8295;8205;8295;1886
2026-01-30;30/01/2026;8285;8285;8205;8205;961
2026-02-02;02/02/2026;8200;8300;8200;8300;5552
2026-02-03;03/02/2026;8300;8300;8230;8230;921
2026-02-04;04/02/2026;8230;8235;8230;8235;972
2026-02-05;05/02/2026;8300;8320;8300;8320;1773
2026-02-06;06/02/2026;8320;8450;8320;8450;5429
2026-02-09;09/02/2026;8435;8505;8435;8505;2285
2026-02-10;10/02/2026;8505;8900;8505;8900;12591
2026-02-11;11/02/2026;8900;8950;8900;8950;4855
2026-02-12;12/02/2026;9000;9000;8950;8950;4496
2026-02-13;13/02/2026;9000;9000;9000;9000;15717
2026-02-16;16/02/2026;9000;9000;9000;9000;6535
2026-02-17;17/02/2026;9000;9000;8995;8995;3046
2026-02-18;18/02/2026;9000;9000;9000;9000;6605
2026-02-19;19/02/2026;9000;9005;9000;9005;6161
2026-02-20;20/02/2026;9005;9005;9005;9005;1769
2026-02-23;23/02/2026;9005;9005;9005;9005;4587
2026-02-24;24/02/2026;9000;9000;9000;9000;1394
2026-02-25;25/02/2026;9000;9000;9000;9000;6706
2026-02-26;26/02/2026;9000;9000;9000;9000;992
2026-02-27;27/02/2026;9000;9050;9000;9050;2337
2026-03-02;02/03/2026;9050;9100;9050;9100;671
2026-03-03;03/03/2026;9200;9200;9200;9200;619
2026-03-04;04/03/2026;9200;9350;9200;9350;5565
2026-03-05;05/03/2026;9350;9350;9200;9200;1598
2026-03-06;06/03/2026;9200;9200;9100;9100;2268
2026-03-09;09/03/2026;9105;9300;9105;9300;4142
2026-03-10;10/03/2026;9500;9500;9405;9405;1016
2026-03-11;11/03/2026;9410;9410;9410;9410;1687
2026-03-12;12/03/2026;9420;9500;9420;9500;8364
2026-03-13;13/03/2026;9500;9500;9450;9450;1155
2026-03-16;16/03/2026;9500;9500;9450;9450;1155
2026-03-17;17/03/2026;9435;9440;9435;9440;10014
2026-03-18;18/03/2026;9440;9440;9305;9305;2709
2026-03-19;19/03/2026;9305;9350;9305;9350;1863
2026-03-20;20/03/2026;9305;9350;9305;9350;1863
2026-03-23;23/03/2026;9350;9400;9350;9400;3629
2026-03-24;24/03/2026;8695;8695;8695;8695;2140
2026-03-25;25/03/2026;8045;8045;8045;8045;2512
2026-03-26;26/03/2026;7475;8000;7475;8000;6673
2026-03-27;27/03/2026;8000;8200;8000;8200;1693
2026-03-30;30/03/2026;8105;8105;8050;8050;5130
2026-03-31;31/03/2026;8200;8200;8100;8100;2031
2026-04-01;01/04/2026;8100;8100;8080;8080;1562
2026-04-02;02/04/2026;8080;8150;8080;8150;900
2026-04-03;03/04/2026;8150;8150;8150;8150;352
2026-04-06;06/04/2026;8150;8150;8150;8150;352
2026-04-07;07/04/2026;8150;8200;8150;8200;1394
2026-04-08;08/04/2026;8200;8200;8200;8200;993
2026-04-09;09/04/2026;8200;8700;8200;8700;2451
2026-04-10;10/04/2026;8700;8700;8600;8600;379
2026-04-13;13/04/2026;8500;8500;8500;8500;577
2026-04-14;14/04/2026;8395;8395;8300;8300;5425
2026-04-15;15/04/2026;8195;8195;8035;8035;937
2026-04-16;16/04/2026;8035;8100;8035;8100;1624
2026-04-17;17/04/2026;8100;8100;8100;8100;641
2026-04-20;20/04/2026;8100;8100;8060;8060;645
2026-04-21;21/04/2026;8100;8100;8060;8060;657
2026-04-22;22/04/2026;8100;8100;8060;8060;1696
2026-04-23;23/04/2026;8060;8060;7990;7990;658
2026-04-24;24/04/2026;8000;8000;7700;7700;2906
2026-04-27;27/04/2026;7900;7900;7900;7900;1736
2026-04-28;28/04/2026;8000;8000;7800;7800;1251
2026-04-29;29/04/2026;7800;7900;7800;7900;1173
2026-04-30;30/04/2026;7350;7350;7310;7310;3082
2026-05-01;01/05/2026;7350;7350;7310;7310;3082
2026-05-04;04/05/2026;6765;7000;6765;7000;10015
2026-05-05;05/05/2026;6995;7310;6995;7310;3213
2026-05-06;06/05/2026;7800;7800;7800;7800;7714
2026-05-07;07/05/2026;7795;7900;7795;7900;1823
2026-05-08;08/05/2026;7900;7900;7800;7800;1399
2026-05-11;11/05/2026;7800;7800;7800;7800;3623
2026-05-12;12/05/2026;7700;7850;7700;7850;1639
2026-05-13;13/05/2026;7650;7800;7650;7800;765
2026-05-14;14/05/2026;7650;7800;7650;7800;765
2026-05-15;15/05/2026;7800;7800;7700;7700;1940
2026-05-18;18/05/2026;7700;7700;7700;7700;1652
2026-05-19;19/05/2026;7700;7700;7690;7690;953
2026-05-20;20/05/2026;7690;7690;7690;7690;1527
2026-05-21;21/05/2026;7690;7700;7690;7700;1690
2026-05-22;22/05/2026;7700;7700;7680;7680;423
2026-05-25;25/05/2026;7700;7700;7680;7680;423
2026-05-26;26/05/2026;7680;7800;7680;7800;2077
2026-05-27;27/05/2026;7680;7800;7680;7800;2077
2026-05-28;28/05/2026;7800;7995;7800;7995;2720
2026-05-29;29/05/2026;7995;7995;7975;7975;776
2026-06-01;01/06/2026;7975;7975;7975;7975;833
2026-06-02;02/06/2026;8000;8000;8000;8000;15731
2026-06-03;03/06/2026;8000;8300;8000;8300;2807
2026-06-04;04/06/2026;8300;8300;7680;7680;7327
2026-06-05;05/06/2026;7740;8255;7740;8255;52326
2026-06-08;08/06/2026;8300;8495;8300;8495;890
2026-06-09;09/06/2026;8490;8685;8490;8685;6964
2026-06-10;10/06/2026;8685;8690;8685;8690;4038
2026-06-11;11/06/2026;8695;8695;8685;8685;2406
2026-06-12;12/06/2026;8685;8780;8685;8780;3880
2026-06-15;15/06/2026;8780;8780;8775;8775;2427
2026-06-16;16/06/2026;8780;8780;8775;8775;4303
2026-06-17;17/06/2026;8775;8775;8625;8625;1051
2026-06-18;18/06/2026;8755;8755;8650;8650;825
2026-06-19;19/06/2026;8650;8680;8650;8680;636
2026-06-22;22/06/2026;8705;8735;8705;8735;1900
2026-06-23;23/06/2026;8740;8740;8740;8740;1388
2026-06-24;24/06/2026;8745;8745;8740;8740;4895
2026-06-25;25/06/2026;8730;8740;8730;8740;1911
2026-06-26;26/06/2026;8795;8800;8795;8800;635
2026-06-29;29/06/2026;8740;8740;8700;8700;14296
2026-06-30;30/06/2026;8600;8700;8600;8700;9896
2026-07-01;01/07/2026;8600;8730;8600;8730;7989
2026-07-02;02/07/2026;8720;8720;8665;8665;2240
2026-07-03;03/07/2026;8650;8835;8650;8835;7689
2026-07-06;06/07/2026;8825;8850;8825;8850;3942
2026-07-07;07/07/2026;8850;8850;8840;8840;4227
2026-07-08;08/07/2026;8840;8840;8840;8840;5673
2026-07-09;09/07/2026;8835;8835;8800;8800;2951
2026-07-10;10/07/2026;8800;8820;8800;8820;16881
2026-07-13;13/07/2026;8820;8820;8770;8770;2050
2026-07-14;14/07/2026;8550;8550;8500;8500;4520
2026-07-15;15/07/2026;8650;8700;8650;8700;10056
2026-07-16;16/07/2026;8700;8700;8665;8665;2120
2026-07-17;17/07/2026;8600;8690;8600;8690;587
2026-07-20;20/07/2026;8600;8680;8600;8680;1914
