date_iso;date_fr;open;high;low;close;volume
2006-07-17;17/07/2006;470;470;470;470;200
2006-07-20;20/07/2006;470;470;470;470;10
2006-07-24;24/07/2006;470;470;470;470;10
2006-07-31;31/07/2006;465;465;465;465;47
2006-08-01;01/08/2006;465;465;465;465;69
2006-08-02;02/08/2006;470;470;470;470;23
2006-08-04;04/08/2006;435;435;435;435;90
2006-08-09;09/08/2006;450;450;450;450;60
2006-08-10;10/08/2006;451;451;451;451;46
2006-08-14;14/08/2006;465;465;465;465;21
2006-08-17;17/08/2006;465;465;465;465;60
2006-08-23;23/08/2006;500;500;500;500;154
2006-08-29;29/08/2006;500;500;500;500;154
2006-09-08;08/09/2006;500;500;500;500;120
2006-09-11;11/09/2006;500;500;500;500;20
2006-09-14;14/09/2006;500;500;500;500;32
2006-09-15;15/09/2006;500;500;500;500;62
2006-09-19;19/09/2006;500;500;500;500;3
2006-09-21;21/09/2006;500;500;500;500;694
2006-09-25;25/09/2006;500;500;500;500;10
2006-10-09;09/10/2006;500;500;500;500;20
2006-10-13;13/10/2006;500;500;500;500;11
2006-10-16;16/10/2006;500;500;500;500;80
2006-10-18;18/10/2006;500;500;500;500;110
2006-10-20;20/10/2006;500;500;500;500;25
2006-10-24;24/10/2006;500;500;500;500;50
2006-10-25;25/10/2006;500;500;500;500;55
2006-10-30;30/10/2006;490;490;490;490;17
2006-10-31;31/10/2006;490;490;490;490;10
2006-11-02;02/11/2006;500;500;500;500;50
2006-11-03;03/11/2006;499;499;499;499;10
2006-11-13;13/11/2006;498;498;498;498;20
2006-11-20;20/11/2006;498;498;498;498;400
2006-11-22;22/11/2006;498;498;498;498;10
2006-11-23;23/11/2006;500;500;500;500;50
2006-11-24;24/11/2006;500;500;500;500;131
2006-11-28;28/11/2006;500;500;500;500;25
2006-11-30;30/11/2006;538;538;538;538;15
2006-12-01;01/12/2006;500;500;500;500;395
2006-12-04;04/12/2006;500;500;500;500;18
2006-12-05;05/12/2006;500;500;500;500;20
2006-12-14;14/12/2006;498;498;498;498;248
2006-12-15;15/12/2006;498;498;498;498;83
2006-12-18;18/12/2006;463;463;463;463;500
2006-12-21;21/12/2006;463;463;463;463;29
2006-12-27;27/12/2006;463;463;463;463;17
2006-12-28;28/12/2006;463;463;463;463;80
2007-01-18;18/01/2007;463;463;463;463;30
2007-01-25;25/01/2007;463;463;463;463;1
2007-02-06;06/02/2007;463;463;463;463;60
2007-02-12;12/02/2007;463;463;463;463;35
2007-02-13;13/02/2007;463;463;463;463;28
2007-02-16;16/02/2007;463;463;463;463;132
2007-02-27;27/02/2007;470;470;470;470;21
2007-03-05;05/03/2007;471;471;471;471;23
2007-03-06;06/03/2007;471;471;471;471;32
2007-03-07;07/03/2007;471;471;471;471;5
2007-03-08;08/03/2007;475;475;475;475;50
2007-03-15;15/03/2007;475;475;475;475;30
2007-03-26;26/03/2007;475;475;475;475;97
2007-04-13;13/04/2007;475;475;475;475;10
2007-04-17;17/04/2007;475;475;475;475;250
2007-05-07;07/05/2007;500;500;500;500;9
2007-05-11;11/05/2007;500;500;500;500;100
2007-05-24;24/05/2007;550;550;550;550;39
2007-05-30;30/05/2007;580;580;580;580;10
2007-06-19;19/06/2007;624;624;624;624;60
2007-06-20;20/06/2007;670;670;670;670;20
2007-06-21;21/06/2007;700;700;700;700;20
2007-06-22;22/06/2007;750;750;750;750;95
2007-06-25;25/06/2007;800;800;800;800;30
2007-06-26;26/06/2007;800;800;800;800;59
2007-06-27;27/06/2007;800;800;800;800;16
2007-07-02;02/07/2007;800;800;800;800;369
2007-07-03;03/07/2007;800;800;800;800;323
2007-07-04;04/07/2007;860;860;860;860;44
2007-07-06;06/07/2007;800;800;800;800;692
2007-07-09;09/07/2007;800;800;800;800;201
2007-07-10;10/07/2007;800;800;800;800;222
2007-07-11;11/07/2007;800;800;800;800;5
2007-07-12;12/07/2007;800;800;800;800;137
2007-07-13;13/07/2007;750;750;750;750;15
2007-07-16;16/07/2007;710;710;710;710;300
2007-07-18;18/07/2007;710;710;710;710;63
2007-07-19;19/07/2007;711;711;711;711;368
2007-07-20;20/07/2007;750;750;750;750;150
2007-07-23;23/07/2007;750;750;750;750;290
2007-07-24;24/07/2007;750;750;750;750;132
2007-07-31;31/07/2007;750;750;750;750;180
2007-08-09;09/08/2007;760;760;760;760;20
2007-08-14;14/08/2007;381;381;381;381;110
2007-08-17;17/08/2007;762;762;762;762;100
2007-08-20;20/08/2007;765;765;765;765;300
2007-08-21;21/08/2007;766;766;766;766;115
2007-08-22;22/08/2007;823;823;823;823;30
2007-08-23;23/08/2007;823;823;823;823;10
2007-08-24;24/08/2007;830;830;830;830;10
2007-08-27;27/08/2007;831;831;831;831;43
2007-08-29;29/08/2007;850;850;850;850;10
2007-09-03;03/09/2007;921;921;921;921;200
2007-09-04;04/09/2007;927;927;927;927;55
2007-09-05;05/09/2007;914;914;914;914;100
2007-09-06;06/09/2007;966;966;966;966;100
2007-09-10;10/09/2007;966;966;966;966;335
2007-09-11;11/09/2007;966;966;966;966;39
2007-09-13;13/09/2007;967;967;967;967;20
2007-09-17;17/09/2007;970;970;970;970;105
2007-09-18;18/09/2007;970;970;970;970;65
2007-09-19;19/09/2007;971;971;971;971;120
2007-09-21;21/09/2007;1100;1100;1100;1100;50
2007-09-24;24/09/2007;1100;1100;1100;1100;27
2007-09-25;25/09/2007;1100;1100;1100;1100;10
2007-09-27;27/09/2007;1050;1050;1050;1050;107
2007-09-28;28/09/2007;1030;1030;1030;1030;28
2007-10-01;01/10/2007;1030;1030;1030;1030;70
2007-10-03;03/10/2007;1030;1030;1030;1030;10
2007-10-04;04/10/2007;1030;1030;1030;1030;51
2007-10-05;05/10/2007;1030;1030;1030;1030;8
2007-10-08;08/10/2007;1030;1030;1030;1030;41
2007-10-10;10/10/2007;1030;1030;1030;1030;29
2007-10-11;11/10/2007;1030;1030;1030;1030;48
2007-10-15;15/10/2007;1030;1030;1030;1030;12
2007-10-16;16/10/2007;1030;1030;1030;1030;284
2007-10-19;19/10/2007;999;999;999;999;30
2007-10-22;22/10/2007;999;999;999;999;15
2007-10-24;24/10/2007;990;990;990;990;25
2007-10-26;26/10/2007;900;900;900;900;18
2007-10-30;30/10/2007;850;850;850;850;45
2007-10-31;31/10/2007;850;850;850;850;100
2007-11-02;02/11/2007;800;800;800;800;27
2007-11-05;05/11/2007;820;820;820;820;455
2007-11-06;06/11/2007;800;800;800;800;20
2007-11-07;07/11/2007;800;800;800;800;5
2007-11-08;08/11/2007;800;800;800;800;3
2007-11-12;12/11/2007;800;800;800;800;2
2007-11-13;13/11/2007;750;750;750;750;18
2007-11-14;14/11/2007;750;750;750;750;75
2007-11-16;16/11/2007;751;751;751;751;299
2007-11-19;19/11/2007;800;800;800;800;20
2007-11-20;20/11/2007;800;800;800;800;10
2007-11-21;21/11/2007;800;800;800;800;12
2007-11-26;26/11/2007;800;800;800;800;405
2007-11-27;27/11/2007;800;800;800;800;128
2007-11-28;28/11/2007;800;800;800;800;114
2007-11-29;29/11/2007;800;800;800;800;11
2007-12-03;03/12/2007;850;850;850;850;64
2007-12-04;04/12/2007;800;800;800;800;115
2007-12-05;05/12/2007;800;800;800;800;34
2007-12-07;07/12/2007;800;800;800;800;4
2007-12-14;14/12/2007;841;841;841;841;20
2007-12-17;17/12/2007;840;840;840;840;46
2007-12-20;20/12/2007;840;840;840;840;30
2007-12-24;24/12/2007;820;820;820;820;67
2007-12-26;26/12/2007;820;820;820;820;40
2007-12-27;27/12/2007;820;820;820;820;275
2007-12-28;28/12/2007;800;800;800;800;22
2007-12-31;31/12/2007;800;800;800;800;25
2008-01-02;02/01/2008;800;800;800;800;21
2008-01-04;04/01/2008;800;800;800;800;39
2008-01-07;07/01/2008;800;800;800;800;82
2008-01-08;08/01/2008;800;800;800;800;8
2008-01-11;11/01/2008;801;801;801;801;30
2008-01-15;15/01/2008;800;800;800;800;103
2008-01-17;17/01/2008;801;801;801;801;10
2008-01-18;18/01/2008;801;801;801;801;75
2008-01-21;21/01/2008;801;801;801;801;20
2008-01-22;22/01/2008;810;810;810;810;21
2008-01-23;23/01/2008;811;811;811;811;29
2008-01-25;25/01/2008;811;811;811;811;17
2008-02-04;04/02/2008;811;811;811;811;32
2008-02-05;05/02/2008;811;811;811;811;5
2008-02-19;19/02/2008;811;811;811;811;50
2008-02-20;20/02/2008;813;813;813;813;50
2008-02-21;21/02/2008;820;820;820;820;50
2008-02-28;28/02/2008;1000;1000;1000;1000;33
2008-02-29;29/02/2008;999;999;999;999;38
2008-03-03;03/03/2008;925;925;925;925;459
2008-03-04;04/03/2008;925;925;925;925;95
2008-03-06;06/03/2008;920;920;920;920;20
2008-03-07;07/03/2008;920;920;920;920;20
2008-03-11;11/03/2008;920;920;920;920;25
2008-03-12;12/03/2008;920;920;920;920;165
2008-03-13;13/03/2008;920;920;920;920;10
2008-03-17;17/03/2008;920;920;920;920;20
2008-03-18;18/03/2008;920;920;920;920;4
2008-04-02;02/04/2008;950;950;950;950;151
2008-04-10;10/04/2008;1050;1050;1050;1050;23
2008-04-11;11/04/2008;1120;1120;1120;1120;73
2008-04-14;14/04/2008;1120;1120;1120;1120;170
2008-04-15;15/04/2008;1120;1120;1120;1120;17
2008-04-17;17/04/2008;1120;1120;1120;1120;20
2008-04-18;18/04/2008;1120;1120;1120;1120;80
2008-04-23;23/04/2008;1120;1120;1120;1120;22
2008-04-25;25/04/2008;1120;1120;1120;1120;190
2008-04-28;28/04/2008;1120;1120;1120;1120;37
2008-04-30;30/04/2008;1100;1100;1100;1100;29
2008-05-05;05/05/2008;1125;1125;1125;1125;104
2008-05-07;07/05/2008;1125;1125;1125;1125;219
2008-05-13;13/05/2008;1125;1125;1125;1125;309
2008-05-15;15/05/2008;1125;1125;1125;1125;15
2008-05-16;16/05/2008;1125;1125;1125;1125;16
2008-05-19;19/05/2008;1125;1125;1125;1125;205
2008-05-20;20/05/2008;1125;1125;1125;1125;26
2008-05-21;21/05/2008;1125;1125;1125;1125;17
2008-06-03;03/06/2008;1150;1150;1150;1150;37
2008-06-09;09/06/2008;1200;1200;1200;1200;95
2008-06-10;10/06/2008;1220;1220;1220;1220;54
2008-06-11;11/06/2008;1220;1220;1220;1220;71
2008-06-13;13/06/2008;1220;1220;1220;1220;100
2008-06-16;16/06/2008;1220;1220;1220;1220;10
2008-06-17;17/06/2008;1129;1129;1129;1129;230
2008-06-18;18/06/2008;1100;1100;1100;1100;235
2008-06-19;19/06/2008;1103;1103;1103;1103;256
2008-06-20;20/06/2008;1104;1104;1104;1104;100
2008-06-23;23/06/2008;1104;1104;1104;1104;80
2008-06-25;25/06/2008;1160;1160;1160;1160;15
2008-06-26;26/06/2008;1200;1200;1200;1200;15
2008-07-01;01/07/2008;1220;1220;1220;1220;30
2008-07-04;04/07/2008;1220;1220;1220;1220;3
2008-07-07;07/07/2008;1221;1221;1221;1221;331
2008-07-10;10/07/2008;1100;1100;1100;1100;95
2008-07-11;11/07/2008;1100;1100;1100;1100;60
2008-07-14;14/07/2008;1090;1090;1090;1090;20
2008-07-15;15/07/2008;1100;1100;1100;1100;60
2008-07-17;17/07/2008;1100;1100;1100;1100;107
2008-07-21;21/07/2008;1100;1100;1100;1100;335
2008-07-23;23/07/2008;1099;1099;1099;1099;320
2008-07-24;24/07/2008;1099;1099;1099;1099;10
2008-07-25;25/07/2008;1100;1100;1100;1100;65
2008-07-28;28/07/2008;1099;1099;1099;1099;31
2008-07-29;29/07/2008;1090;1090;1090;1090;206
2008-07-30;30/07/2008;1100;1100;1100;1100;423
2008-07-31;31/07/2008;1100;1100;1100;1100;298
2008-08-01;01/08/2008;1090;1090;1090;1090;27
2008-08-04;04/08/2008;1090;1090;1090;1090;14
2008-08-06;06/08/2008;1090;1090;1090;1090;60
2008-08-08;08/08/2008;1080;1080;1080;1080;24
2008-08-11;11/08/2008;1081;1081;1081;1081;45
2008-08-12;12/08/2008;1081;1081;1081;1081;15
2008-08-13;13/08/2008;1100;1100;1100;1100;561
2008-08-14;14/08/2008;1100;1100;1100;1100;610
2008-08-18;18/08/2008;1150;1150;1150;1150;11
2008-08-19;19/08/2008;1160;1160;1160;1160;77
2008-08-20;20/08/2008;1160;1160;1160;1160;51
2008-08-22;22/08/2008;1162;1162;1162;1162;20
2008-08-26;26/08/2008;1171;1171;1171;1171;50
2008-08-29;29/08/2008;1200;1200;1200;1200;36
2008-09-01;01/09/2008;1201;1201;1201;1201;302
2008-09-02;02/09/2008;1200;1200;1200;1200;682
2008-09-05;05/09/2008;1160;1160;1160;1160;79
2008-09-08;08/09/2008;1160;1160;1160;1160;12
2008-09-09;09/09/2008;1160;1160;1160;1160;9
2008-09-10;10/09/2008;1160;1160;1160;1160;80
2008-09-11;11/09/2008;1160;1160;1160;1160;44
2008-09-12;12/09/2008;1150;1150;1150;1150;80
2008-09-16;16/09/2008;1150;1150;1150;1150;37
2008-09-17;17/09/2008;1150;1150;1150;1150;18
2008-09-19;19/09/2008;1149;1149;1149;1149;10
2008-09-22;22/09/2008;1100;1100;1100;1100;60
2008-09-23;23/09/2008;1100;1100;1100;1100;30
2008-09-24;24/09/2008;1100;1100;1100;1100;88
2008-09-25;25/09/2008;1100;1100;1100;1100;3
2008-09-26;26/09/2008;1100;1100;1100;1100;40
2008-10-01;01/10/2008;1100;1100;1100;1100;10
2008-10-02;02/10/2008;1100;1100;1100;1100;281
2008-10-06;06/10/2008;1050;1050;1050;1050;225
2008-10-07;07/10/2008;1050;1050;1050;1050;11
2008-10-09;09/10/2008;1001;1001;1001;1001;100
2008-10-10;10/10/2008;1000;1000;1000;1000;17
2008-10-13;13/10/2008;1001;1001;1001;1001;21
2008-10-15;15/10/2008;1000;1000;1000;1000;25
2008-10-16;16/10/2008;1000;1000;1000;1000;1
2008-10-17;17/10/2008;1000;1000;1000;1000;20
2008-10-20;20/10/2008;1000;1000;1000;1000;20
2008-10-21;21/10/2008;1001;1001;1001;1001;27
2008-10-22;22/10/2008;1001;1001;1001;1001;10
2008-10-23;23/10/2008;1001;1001;1001;1001;1
2008-10-27;27/10/2008;1001;1001;1001;1001;1
2008-10-28;28/10/2008;1000;1000;1000;1000;61
2008-10-30;30/10/2008;1000;1000;1000;1000;14
2008-10-31;31/10/2008;1000;1000;1000;1000;15
2008-11-04;04/11/2008;1000;1000;1000;1000;3
2008-11-05;05/11/2008;1000;1000;1000;1000;15
2008-11-06;06/11/2008;1000;1000;1000;1000;2
2008-11-11;11/11/2008;950;950;950;950;102
2008-11-12;12/11/2008;950;950;950;950;2
2008-11-13;13/11/2008;950;950;950;950;9
2008-11-18;18/11/2008;950;950;950;950;20
2008-11-21;21/11/2008;950;950;950;950;10
2008-11-24;24/11/2008;950;950;950;950;5
2008-11-25;25/11/2008;900;900;900;900;15
2008-11-27;27/11/2008;910;910;910;910;10
2008-11-28;28/11/2008;910;910;910;910;24
2008-12-02;02/12/2008;910;910;910;910;20
2008-12-05;05/12/2008;842;842;842;842;220
2008-12-09;09/12/2008;851;851;851;851;60
2008-12-10;10/12/2008;851;851;851;851;64
2008-12-11;11/12/2008;851;851;851;851;50
2008-12-15;15/12/2008;851;851;851;851;25
2008-12-22;22/12/2008;851;851;851;851;6
2008-12-24;24/12/2008;851;851;851;851;19
2008-12-26;26/12/2008;851;851;851;851;5
2008-12-30;30/12/2008;801;801;801;801;9
2008-12-31;31/12/2008;800;800;800;800;40
2009-01-02;02/01/2009;800;800;800;800;10
2009-01-07;07/01/2009;750;750;750;750;50
2009-01-09;09/01/2009;700;700;700;700;67
2009-01-12;12/01/2009;690;690;690;690;306
2009-01-13;13/01/2009;690;690;690;690;10
2009-01-15;15/01/2009;640;640;640;640;160
2009-01-19;19/01/2009;640;640;640;640;262
2009-01-20;20/01/2009;640;640;640;640;178
2009-01-21;21/01/2009;640;640;640;640;3
2009-01-22;22/01/2009;640;640;640;640;12
2009-01-23;23/01/2009;644;644;644;644;10
2009-01-26;26/01/2009;644;644;644;644;5
2009-02-02;02/02/2009;650;650;650;650;21
2009-02-03;03/02/2009;650;650;650;650;78
2009-02-04;04/02/2009;650;650;650;650;4
2009-02-05;05/02/2009;650;650;650;650;317
2009-02-06;06/02/2009;650;650;650;650;20
2009-02-10;10/02/2009;650;650;650;650;42
2009-02-12;12/02/2009;650;650;650;650;9
2009-02-13;13/02/2009;650;650;650;650;2
2009-03-04;04/03/2009;680;680;680;680;20
2009-03-05;05/03/2009;680;680;680;680;4
2009-03-10;10/03/2009;700;700;700;700;54
2009-03-11;11/03/2009;700;700;700;700;1
2009-03-13;13/03/2009;701;701;701;701;26
2009-03-17;17/03/2009;715;715;715;715;51
2009-03-19;19/03/2009;715;715;715;715;20
2009-03-23;23/03/2009;715;715;715;715;21
2009-03-24;24/03/2009;700;700;700;700;65
2009-03-27;27/03/2009;700;700;700;700;28
2009-03-30;30/03/2009;700;700;700;700;38
2009-03-31;31/03/2009;700;700;700;700;42
2009-04-02;02/04/2009;700;700;700;700;23
2009-04-06;06/04/2009;700;700;700;700;3
2009-04-14;14/04/2009;701;701;701;701;34
2009-04-17;17/04/2009;701;701;701;701;115
2009-04-21;21/04/2009;701;701;701;701;17
2009-04-22;22/04/2009;701;701;701;701;5
2009-04-28;28/04/2009;700;700;700;700;13
2009-04-29;29/04/2009;700;700;700;700;90
2009-05-18;18/05/2009;700;700;700;700;5
2009-05-19;19/05/2009;700;700;700;700;1
2009-05-28;28/05/2009;753;753;753;753;31
2009-06-09;09/06/2009;760;760;760;760;13
2009-06-11;11/06/2009;817;817;817;817;26
2009-06-16;16/06/2009;819;819;819;819;10
2009-06-17;17/06/2009;880;880;880;880;15
2009-07-03;03/07/2009;1050;1050;1050;1050;33
2009-07-07;07/07/2009;1100;1100;1100;1100;25
2009-07-08;08/07/2009;1040;1040;1040;1040;95
2009-07-09;09/07/2009;1040;1040;1040;1040;2
2009-07-13;13/07/2009;970;970;970;970;69
2009-07-14;14/07/2009;950;950;950;950;42
2009-07-16;16/07/2009;950;950;950;950;10
2009-07-21;21/07/2009;900;900;900;900;20
2009-07-22;22/07/2009;450;450;450;450;1007
2009-07-23;23/07/2009;940;940;940;940;10
2009-07-27;27/07/2009;880;880;880;880;10
2009-07-28;28/07/2009;880;880;880;880;5
2009-07-29;29/07/2009;880;880;880;880;100
2009-08-04;04/08/2009;880;880;880;880;211
2009-08-11;11/08/2009;880;880;880;880;6
2009-08-12;12/08/2009;880;880;880;880;7
2009-08-14;14/08/2009;875;875;875;875;20
2009-08-19;19/08/2009;875;875;875;875;14
2009-08-25;25/08/2009;870;870;870;870;25
2009-08-27;27/08/2009;870;870;870;870;50
2009-08-28;28/08/2009;870;870;870;870;12
2009-08-31;31/08/2009;870;870;870;870;3
2009-09-01;01/09/2009;870;870;870;870;48
2009-09-02;02/09/2009;870;870;870;870;52
2009-09-03;03/09/2009;870;870;870;870;30
2009-09-08;08/09/2009;870;870;870;870;50
2009-09-09;09/09/2009;870;870;870;870;1
2009-09-10;10/09/2009;870;870;870;870;13
2009-09-11;11/09/2009;870;870;870;870;115
2009-09-14;14/09/2009;870;870;870;870;25
2009-09-18;18/09/2009;930;930;930;930;14
2009-09-21;21/09/2009;930;930;930;930;10
2009-09-22;22/09/2009;930;930;930;930;60
2009-09-23;23/09/2009;930;930;930;930;24
2009-09-25;25/09/2009;900;900;900;900;15
2009-09-28;28/09/2009;900;900;900;900;55
2009-09-30;30/09/2009;855;855;855;855;188
2009-10-01;01/10/2009;844;844;844;844;273
2009-10-02;02/10/2009;844;844;844;844;50
2009-10-05;05/10/2009;844;844;844;844;59
2009-10-07;07/10/2009;830;830;830;830;18
2009-10-08;08/10/2009;800;800;800;800;393
2009-10-12;12/10/2009;820;820;820;820;9
2009-10-13;13/10/2009;820;820;820;820;330
2009-10-14;14/10/2009;820;820;820;820;145
2009-10-15;15/10/2009;820;820;820;820;16
2009-10-16;16/10/2009;820;820;820;820;830
2009-10-19;19/10/2009;821;821;821;821;10
2009-10-21;21/10/2009;821;821;821;821;28
2009-10-22;22/10/2009;821;821;821;821;17
2009-10-23;23/10/2009;821;821;821;821;51
2009-10-26;26/10/2009;820;820;820;820;100
2009-10-27;27/10/2009;820;820;820;820;420
2009-10-28;28/10/2009;820;820;820;820;121
2009-11-02;02/11/2009;820;820;820;820;500
2009-11-04;04/11/2009;820;820;820;820;737
2009-11-05;05/11/2009;820;820;820;820;97
2009-11-10;10/11/2009;820;820;820;820;16
2009-11-13;13/11/2009;820;820;820;820;122
2009-11-16;16/11/2009;820;820;820;820;10
2009-11-17;17/11/2009;840;840;840;840;53
2009-11-18;18/11/2009;840;840;840;840;10
2009-11-19;19/11/2009;861;861;861;861;150
2009-11-23;23/11/2009;920;920;920;920;368
2009-11-24;24/11/2009;920;920;920;920;86
2009-11-25;25/11/2009;960;960;960;960;9
2009-11-26;26/11/2009;960;960;960;960;19
2009-11-30;30/11/2009;1032;1032;1032;1032;23
2009-12-01;01/12/2009;1032;1032;1032;1032;15
2009-12-02;02/12/2009;1000;1000;1000;1000;87
2009-12-03;03/12/2009;925;925;925;925;9
2009-12-09;09/12/2009;900;900;900;900;20
2009-12-10;10/12/2009;900;900;900;900;10
2009-12-11;11/12/2009;900;900;900;900;197
2009-12-15;15/12/2009;900;900;900;900;353
2009-12-16;16/12/2009;900;900;900;900;396
2009-12-17;17/12/2009;900;900;900;900;200
2009-12-18;18/12/2009;968;968;968;968;10
2009-12-21;21/12/2009;968;968;968;968;46
2009-12-22;22/12/2009;968;968;968;968;16
2009-12-24;24/12/2009;1040;1040;1040;1040;714
2009-12-29;29/12/2009;1030;1030;1030;1030;18
2009-12-30;30/12/2009;1030;1030;1030;1030;4
2009-12-31;31/12/2009;1000;1000;1000;1000;15
2010-01-05;05/01/2010;920;920;920;920;70
2010-01-06;06/01/2010;920;920;920;920;10
2010-01-07;07/01/2010;920;920;920;920;19
2010-01-15;15/01/2010;1000;1000;1000;1000;63
2010-01-18;18/01/2010;990;990;990;990;35
2010-01-19;19/01/2010;1050;1050;1050;1050;30
2010-01-21;21/01/2010;1000;1000;1000;1000;95
2010-01-22;22/01/2010;1001;1001;1001;1001;90
2010-01-25;25/01/2010;1000;1000;1000;1000;290
2010-01-27;27/01/2010;1000;1000;1000;1000;20
2010-01-28;28/01/2010;1000;1000;1000;1000;88
2010-01-29;29/01/2010;953;953;953;953;69
2010-02-01;01/02/2010;1000;1000;1000;1000;126
2010-02-02;02/02/2010;1000;1000;1000;1000;55
2010-02-03;03/02/2010;1000;1000;1000;1000;20
2010-02-04;04/02/2010;1000;1000;1000;1000;25
2010-02-05;05/02/2010;1000;1000;1000;1000;20
2010-02-08;08/02/2010;1000;1000;1000;1000;42
2010-02-09;09/02/2010;1000;1000;1000;1000;104
2010-02-11;11/02/2010;972;972;972;972;165
2010-02-12;12/02/2010;950;950;950;950;50
2010-02-17;17/02/2010;960;960;960;960;37
2010-02-18;18/02/2010;950;950;950;950;250
2010-02-19;19/02/2010;952;952;952;952;22
2010-02-23;23/02/2010;981;981;981;981;40
2010-02-25;25/02/2010;1000;1000;1000;1000;10
2010-03-01;01/03/2010;1000;1000;1000;1000;15
2010-03-02;02/03/2010;990;990;990;990;10
2010-03-03;03/03/2010;990;990;990;990;40
2010-03-08;08/03/2010;950;950;950;950;200
2010-03-09;09/03/2010;950;950;950;950;307
2010-03-12;12/03/2010;1000;1000;1000;1000;55
2010-03-15;15/03/2010;1000;1000;1000;1000;25
2010-03-16;16/03/2010;1000;1000;1000;1000;70
2010-03-17;17/03/2010;1000;1000;1000;1000;9
2010-03-18;18/03/2010;1000;1000;1000;1000;16
2010-03-19;19/03/2010;1000;1000;1000;1000;50
2010-03-22;22/03/2010;1000;1000;1000;1000;14
2010-03-24;24/03/2010;981;981;981;981;52
2010-03-25;25/03/2010;1000;1000;1000;1000;187
2010-03-26;26/03/2010;1000;1000;1000;1000;20
2010-03-29;29/03/2010;1001;1001;1001;1001;80
2010-03-30;30/03/2010;999;999;999;999;53
2010-04-01;01/04/2010;999;999;999;999;10
2010-04-02;02/04/2010;999;999;999;999;8
2010-04-06;06/04/2010;1000;1000;1000;1000;248
2010-04-07;07/04/2010;1000;1000;1000;1000;62
2010-04-14;14/04/2010;1050;1050;1050;1050;50
2010-04-15;15/04/2010;1000;1000;1000;1000;223
2010-04-19;19/04/2010;1001;1001;1001;1001;79
2010-04-20;20/04/2010;1003;1003;1003;1003;15
2010-04-21;21/04/2010;1004;1004;1004;1004;76
2010-04-22;22/04/2010;1010;1010;1010;1010;38
2010-04-23;23/04/2010;1010;1010;1010;1010;20
2010-04-26;26/04/2010;1003;1003;1003;1003;442
2010-04-27;27/04/2010;1003;1003;1003;1003;100
2010-04-28;28/04/2010;1030;1030;1030;1030;58
2010-04-29;29/04/2010;1050;1050;1050;1050;100
2010-04-30;30/04/2010;1050;1050;1050;1050;74
2010-05-03;03/05/2010;1050;1050;1050;1050;67
2010-05-04;04/05/2010;1050;1050;1050;1050;31
2010-05-06;06/05/2010;1051;1051;1051;1051;15
2010-05-07;07/05/2010;1053;1053;1053;1053;200
2010-05-10;10/05/2010;1053;1053;1053;1053;5
2010-05-11;11/05/2010;1100;1100;1100;1100;30
2010-05-12;12/05/2010;1100;1100;1100;1100;11
2010-05-14;14/05/2010;1100;1100;1100;1100;10
2010-05-17;17/05/2010;1100;1100;1100;1100;30
2010-05-18;18/05/2010;1098;1098;1098;1098;203
2010-05-21;21/05/2010;1050;1050;1050;1050;10
2010-05-27;27/05/2010;1000;1000;1000;1000;43
2010-05-28;28/05/2010;1000;1000;1000;1000;2
2010-06-01;01/06/2010;958;958;958;958;10
2010-06-02;02/06/2010;958;958;958;958;2
2010-06-03;03/06/2010;958;958;958;958;128
2010-06-04;04/06/2010;950;950;950;950;15
2010-06-07;07/06/2010;950;950;950;950;3
2010-06-09;09/06/2010;940;940;940;940;77
2010-06-11;11/06/2010;940;940;940;940;1
2010-06-14;14/06/2010;880;880;880;880;8
2010-06-15;15/06/2010;870;870;870;870;145
2010-06-17;17/06/2010;850;850;850;850;262
2010-06-18;18/06/2010;861;861;861;861;233
2010-06-21;21/06/2010;870;870;870;870;11
2010-06-22;22/06/2010;900;900;900;900;60
2010-06-23;23/06/2010;901;901;901;901;10
2010-06-24;24/06/2010;950;950;950;950;271
2010-06-25;25/06/2010;990;990;990;990;49
2010-06-28;28/06/2010;990;990;990;990;96
2010-07-01;01/07/2010;981;981;981;981;110
2010-07-05;05/07/2010;989;989;989;989;50
2010-07-06;06/07/2010;980;980;980;980;23
2010-07-07;07/07/2010;989;989;989;989;115
2010-07-09;09/07/2010;989;989;989;989;15
2010-07-14;14/07/2010;950;950;950;950;25
2010-07-16;16/07/2010;950;950;950;950;25
2010-07-19;19/07/2010;990;990;990;990;298
2010-07-23;23/07/2010;900;900;900;900;45
2010-07-27;27/07/2010;850;850;850;850;60
2010-07-30;30/07/2010;850;850;850;850;506
2010-08-02;02/08/2010;850;850;850;850;31
2010-08-03;03/08/2010;850;850;850;850;59
2010-08-04;04/08/2010;900;900;900;900;18
2010-08-05;05/08/2010;850;850;850;850;14
2010-08-11;11/08/2010;900;900;900;900;260
2010-08-12;12/08/2010;900;900;900;900;40
2010-08-13;13/08/2010;900;900;900;900;2
2010-08-16;16/08/2010;900;900;900;900;2
2010-08-17;17/08/2010;850;850;850;850;50
2010-08-18;18/08/2010;900;900;900;900;16
2010-08-19;19/08/2010;900;900;900;900;69
2010-08-20;20/08/2010;900;900;900;900;26
2010-08-23;23/08/2010;850;850;850;850;24
2010-08-26;26/08/2010;900;900;900;900;44
2010-08-27;27/08/2010;850;850;850;850;50
2010-08-30;30/08/2010;850;850;850;850;71
2010-08-31;31/08/2010;801;801;801;801;122
2010-09-01;01/09/2010;801;801;801;801;631
2010-09-02;02/09/2010;850;850;850;850;24
2010-09-03;03/09/2010;850;850;850;850;38
2010-09-07;07/09/2010;850;850;850;850;11
2010-09-13;13/09/2010;900;900;900;900;43
2010-09-14;14/09/2010;850;850;850;850;50
2010-09-15;15/09/2010;901;901;901;901;69
2010-09-16;16/09/2010;890;890;890;890;50
2010-09-17;17/09/2010;890;890;890;890;219
2010-09-20;20/09/2010;890;890;890;890;120
2010-09-21;21/09/2010;850;850;850;850;17
2010-09-22;22/09/2010;850;850;850;850;8
2010-09-28;28/09/2010;890;890;890;890;21
2010-09-29;29/09/2010;850;850;850;850;149
2010-09-30;30/09/2010;890;890;890;890;30
2010-10-01;01/10/2010;890;890;890;890;20
2010-10-04;04/10/2010;898;898;898;898;171
2010-10-05;05/10/2010;900;900;900;900;20
2010-10-08;08/10/2010;1000;1000;1000;1000;159
2010-10-11;11/10/2010;950;950;950;950;22
2010-10-15;15/10/2010;960;960;960;960;15
2010-10-18;18/10/2010;960;960;960;960;60
2010-10-19;19/10/2010;960;960;960;960;15
2010-10-25;25/10/2010;950;950;950;950;10
2010-11-02;02/11/2010;890;890;890;890;12
2010-11-03;03/11/2010;890;890;890;890;8
2010-11-05;05/11/2010;900;900;900;900;62
2010-11-08;08/11/2010;900;900;900;900;35
2010-11-09;09/11/2010;900;900;900;900;30
2010-11-11;11/11/2010;900;900;900;900;40
2010-11-12;12/11/2010;900;900;900;900;27
2010-11-17;17/11/2010;900;900;900;900;9
2010-11-18;18/11/2010;900;900;900;900;16
2010-11-19;19/11/2010;900;900;900;900;60
2010-11-23;23/11/2010;850;850;850;850;106
2010-11-24;24/11/2010;850;850;850;850;110
2010-11-25;25/11/2010;850;850;850;850;2
2010-11-26;26/11/2010;800;800;800;800;250
2010-11-29;29/11/2010;800;800;800;800;3
2010-11-30;30/11/2010;801;801;801;801;35
2010-12-06;06/12/2010;800;800;800;800;132
2010-12-07;07/12/2010;801;801;801;801;10
2010-12-08;08/12/2010;801;801;801;801;386
2010-12-09;09/12/2010;801;801;801;801;3
2010-12-10;10/12/2010;810;810;810;810;24
2010-12-15;15/12/2010;936;936;936;936;288
2010-12-21;21/12/2010;936;936;936;936;5
2010-12-24;24/12/2010;936;936;936;936;160
2010-12-30;30/12/2010;811;811;811;811;10
2010-12-31;31/12/2010;811;811;811;811;10
2011-01-04;04/01/2011;811;811;811;811;272
2011-01-05;05/01/2011;811;811;811;811;68
2011-01-07;07/01/2011;811;811;811;811;303
2011-01-14;14/01/2011;860;860;860;860;10
2011-01-17;17/01/2011;870;870;870;870;30
2011-01-18;18/01/2011;900;900;900;900;21
2011-01-19;19/01/2011;900;900;900;900;38
2011-01-20;20/01/2011;833;833;833;833;20
2011-01-25;25/01/2011;860;860;860;860;12
2011-01-31;31/01/2011;870;870;870;870;12
2011-02-02;02/02/2011;870;870;870;870;10
2011-02-07;07/02/2011;850;850;850;850;18
2011-02-08;08/02/2011;840;840;840;840;9
2011-02-10;10/02/2011;800;800;800;800;82
2011-02-11;11/02/2011;800;800;800;800;11
2011-03-01;01/03/2011;840;840;840;840;20
2011-03-29;29/03/2011;800;800;800;800;20
2011-05-04;04/05/2011;800;800;800;800;5
2011-05-05;05/05/2011;800;800;800;800;10
2011-05-06;06/05/2011;800;800;800;800;10
2011-05-19;19/05/2011;740;740;740;740;10
2011-05-24;24/05/2011;700;700;700;700;50
2011-05-25;25/05/2011;700;700;700;700;62
2011-05-26;26/05/2011;700;700;700;700;391
2011-05-27;27/05/2011;700;700;700;700;186
2011-05-30;30/05/2011;700;700;700;700;149
2011-05-31;31/05/2011;715;715;715;715;59
2011-06-08;08/06/2011;715;715;715;715;44
2011-06-09;09/06/2011;722;722;722;722;80
2011-06-14;14/06/2011;724;724;724;724;10
2011-06-17;17/06/2011;724;724;724;724;35
2011-06-22;22/06/2011;724;724;724;724;30
2011-06-27;27/06/2011;724;724;724;724;45
2011-06-29;29/06/2011;750;750;750;750;48
2011-07-04;04/07/2011;800;800;800;800;60
2011-07-05;05/07/2011;860;860;860;860;54
2011-07-07;07/07/2011;900;900;900;900;19
2011-07-08;08/07/2011;900;900;900;900;72
2011-07-12;12/07/2011;900;900;900;900;27
2011-07-13;13/07/2011;900;900;900;900;60
2011-07-14;14/07/2011;900;900;900;900;82
2011-07-15;15/07/2011;900;900;900;900;8
2011-07-18;18/07/2011;900;900;900;900;15
2011-07-19;19/07/2011;900;900;900;900;1
2011-07-20;20/07/2011;900;900;900;900;2
2011-07-22;22/07/2011;850;850;850;850;20
2011-07-25;25/07/2011;850;850;850;850;12
2011-07-26;26/07/2011;850;850;850;850;50
2011-07-28;28/07/2011;850;850;850;850;249
2011-07-29;29/07/2011;850;850;850;850;92
2011-08-02;02/08/2011;850;850;850;850;398
2011-08-04;04/08/2011;825;825;825;825;150
2011-08-05;05/08/2011;825;825;825;825;3
2011-08-09;09/08/2011;825;825;825;825;18
2011-08-10;10/08/2011;825;825;825;825;34
2011-08-11;11/08/2011;825;825;825;825;30
2011-08-16;16/08/2011;825;825;825;825;2
2011-08-19;19/08/2011;825;825;825;825;10
2011-08-22;22/08/2011;800;800;800;800;11
2011-08-24;24/08/2011;750;750;750;750;60
2011-08-26;26/08/2011;800;800;800;800;106
2011-08-29;29/08/2011;800;800;800;800;24
2011-08-31;31/08/2011;800;800;800;800;11
2011-09-01;01/09/2011;800;800;800;800;25
2011-09-06;06/09/2011;800;800;800;800;13
2011-09-07;07/09/2011;800;800;800;800;13
2011-09-08;08/09/2011;800;800;800;800;50
2011-09-15;15/09/2011;750;750;750;750;40
2011-09-16;16/09/2011;750;750;750;750;180
2011-09-19;19/09/2011;800;800;800;800;35
2011-09-20;20/09/2011;750;750;750;750;59
2011-09-22;22/09/2011;730;730;730;730;15
2011-10-04;04/10/2011;750;750;750;750;26
2011-10-05;05/10/2011;751;751;751;751;118
2011-10-06;06/10/2011;760;760;760;760;90
2011-10-07;07/10/2011;800;800;800;800;209
2011-10-10;10/10/2011;750;750;750;750;15
2011-10-11;11/10/2011;750;750;750;750;3
2011-10-12;12/10/2011;750;750;750;750;10
2011-10-13;13/10/2011;800;800;800;800;200
2011-10-14;14/10/2011;800;800;800;800;5
2011-10-17;17/10/2011;750;750;750;750;222
2011-10-25;25/10/2011;800;800;800;800;161
2011-10-28;28/10/2011;800;800;800;800;50
2011-10-31;31/10/2011;750;750;750;750;100
2011-11-04;04/11/2011;751;751;751;751;10
2011-11-08;08/11/2011;750;750;750;750;101
2011-11-10;10/11/2011;740;740;740;740;27
2011-11-11;11/11/2011;775;775;775;775;12
2011-11-21;21/11/2011;730;730;730;730;20
2011-11-22;22/11/2011;720;720;720;720;23
2011-12-06;06/12/2011;701;701;701;701;29
2011-12-07;07/12/2011;701;701;701;701;58
2011-12-08;08/12/2011;700;700;700;700;25
2011-12-09;09/12/2011;700;700;700;700;10
2011-12-12;12/12/2011;700;700;700;700;50
2011-12-13;13/12/2011;700;700;700;700;22
2011-12-15;15/12/2011;700;700;700;700;30
2011-12-16;16/12/2011;700;700;700;700;56
2011-12-22;22/12/2011;700;700;700;700;84
2011-12-23;23/12/2011;670;670;670;670;10
2011-12-28;28/12/2011;671;671;671;671;12
2012-01-03;03/01/2012;699;699;699;699;40
2012-01-05;05/01/2012;700;700;700;700;10
2012-01-06;06/01/2012;680;680;680;680;26
2012-01-10;10/01/2012;670;670;670;670;8
2012-01-18;18/01/2012;720;720;720;720;150
2012-01-19;19/01/2012;670;670;670;670;14
2012-01-23;23/01/2012;720;720;720;720;99
2012-01-24;24/01/2012;720;720;720;720;148
2012-01-25;25/01/2012;720;720;720;720;1
2012-01-27;27/01/2012;720;720;720;720;1201
2012-01-30;30/01/2012;720;720;720;720;903
2012-02-03;03/02/2012;720;720;720;720;30
2012-02-06;06/02/2012;720;720;720;720;10
2012-02-07;07/02/2012;720;720;720;720;30
2012-02-08;08/02/2012;720;720;720;720;75
2012-02-14;14/02/2012;720;720;720;720;17
2012-02-15;15/02/2012;720;720;720;720;35
2012-02-16;16/02/2012;720;720;720;720;6
2012-02-17;17/02/2012;719;719;719;719;40
2012-02-23;23/02/2012;700;700;700;700;40
2012-02-24;24/02/2012;720;720;720;720;59
2012-02-27;27/02/2012;700;700;700;700;49
2012-02-28;28/02/2012;700;700;700;700;5
2012-02-29;29/02/2012;700;700;700;700;8
2012-03-01;01/03/2012;700;700;700;700;5
2012-03-02;02/03/2012;700;700;700;700;13
2012-03-05;05/03/2012;670;670;670;670;53
2012-03-06;06/03/2012;649;649;649;649;143
2012-03-07;07/03/2012;649;649;649;649;70
2012-03-08;08/03/2012;620;620;620;620;19
2012-03-09;09/03/2012;650;650;650;650;117
2012-03-12;12/03/2012;650;650;650;650;177
2012-03-13;13/03/2012;650;650;650;650;44
2012-03-14;14/03/2012;650;650;650;650;6
2012-03-15;15/03/2012;650;650;650;650;50
2012-03-16;16/03/2012;650;650;650;650;70
2012-03-19;19/03/2012;650;650;650;650;36
2012-03-20;20/03/2012;650;650;650;650;15
2012-03-21;21/03/2012;650;650;650;650;10
2012-03-26;26/03/2012;650;650;650;650;42
2012-03-27;27/03/2012;665;665;665;665;225
2012-03-28;28/03/2012;675;675;675;675;14
2012-03-29;29/03/2012;690;690;690;690;185
2012-03-30;30/03/2012;740;740;740;740;53
2012-04-02;02/04/2012;790;790;790;790;40
2012-04-03;03/04/2012;849;849;849;849;39
2012-04-04;04/04/2012;849;849;849;849;16
2012-04-05;05/04/2012;820;820;820;820;89
2012-04-06;06/04/2012;825;825;825;825;12
2012-04-10;10/04/2012;820;820;820;820;40
2012-04-11;11/04/2012;826;826;826;826;995
2012-04-12;12/04/2012;826;826;826;826;59
2012-04-13;13/04/2012;831;831;831;831;117
2012-04-16;16/04/2012;820;820;820;820;1117
2012-04-18;18/04/2012;750;750;750;750;583
2012-04-19;19/04/2012;750;750;750;750;502
2012-04-20;20/04/2012;740;740;740;740;32
2012-04-23;23/04/2012;730;730;730;730;23
2012-04-24;24/04/2012;730;730;730;730;21
2012-04-25;25/04/2012;700;700;700;700;52
2012-04-26;26/04/2012;690;690;690;690;63
2012-04-30;30/04/2012;690;690;690;690;80
2012-05-03;03/05/2012;680;680;680;680;25
2012-05-04;04/05/2012;680;680;680;680;39
2012-05-07;07/05/2012;680;680;680;680;16
2012-05-21;21/05/2012;695;695;695;695;120
2012-05-22;22/05/2012;680;680;680;680;8
2012-05-23;23/05/2012;680;680;680;680;5
2012-05-24;24/05/2012;680;680;680;680;5
2012-05-25;25/05/2012;680;680;680;680;20
2012-05-31;31/05/2012;680;680;680;680;46
2012-06-04;04/06/2012;680;680;680;680;85
2012-06-05;05/06/2012;690;690;690;690;70
2012-06-06;06/06/2012;690;690;690;690;571
2012-06-12;12/06/2012;700;700;700;700;30
2012-06-13;13/06/2012;753;753;753;753;170
2012-06-14;14/06/2012;809;809;809;809;10
2012-06-15;15/06/2012;809;809;809;809;65
2012-06-19;19/06/2012;809;809;809;809;5
2012-06-20;20/06/2012;809;809;809;809;15
2012-06-21;21/06/2012;800;800;800;800;37
2012-06-22;22/06/2012;800;800;800;800;30
2012-06-26;26/06/2012;750;750;750;750;10
2012-06-27;27/06/2012;694;694;694;694;109
2012-06-28;28/06/2012;700;700;700;700;20
2012-06-29;29/06/2012;740;740;740;740;28
2012-07-02;02/07/2012;740;740;740;740;269
2012-07-03;03/07/2012;740;740;740;740;74
2012-07-05;05/07/2012;740;740;740;740;75
2012-07-06;06/07/2012;740;740;740;740;175
2012-07-09;09/07/2012;740;740;740;740;25
2012-07-10;10/07/2012;740;740;740;740;12
2012-07-11;11/07/2012;740;740;740;740;18
2012-07-13;13/07/2012;740;740;740;740;2
2012-07-18;18/07/2012;740;740;740;740;13
2012-07-20;20/07/2012;740;740;740;740;9
2012-07-24;24/07/2012;740;740;740;740;55
2012-07-25;25/07/2012;740;740;740;740;20
2012-07-27;27/07/2012;740;740;740;740;5
2012-07-30;30/07/2012;700;700;700;700;17
2012-08-01;01/08/2012;700;700;700;700;105
2012-08-09;09/08/2012;701;701;701;701;20
2012-08-10;10/08/2012;720;720;720;720;30
2012-08-14;14/08/2012;720;720;720;720;50
2012-08-16;16/08/2012;720;720;720;720;20
2012-08-28;28/08/2012;720;720;720;720;25
2012-08-29;29/08/2012;720;720;720;720;9
2012-08-30;30/08/2012;720;720;720;720;11
2012-08-31;31/08/2012;720;720;720;720;155
2012-09-04;04/09/2012;721;721;721;721;50
2012-09-05;05/09/2012;725;725;725;725;8
2012-09-06;06/09/2012;725;725;725;725;31
2012-09-07;07/09/2012;735;735;735;735;149
2012-09-10;10/09/2012;721;721;721;721;40
2012-09-11;11/09/2012;722;722;722;722;50
2012-09-12;12/09/2012;730;730;730;730;10
2012-09-13;13/09/2012;730;730;730;730;121
2012-09-21;21/09/2012;780;780;780;780;20
2012-09-24;24/09/2012;800;800;800;800;18
2012-09-25;25/09/2012;800;800;800;800;19
2012-09-27;27/09/2012;740;740;740;740;150
2012-09-28;28/09/2012;740;740;740;740;18
2012-10-01;01/10/2012;740;740;740;740;5
2012-10-02;02/10/2012;740;740;740;740;1
2012-10-03;03/10/2012;740;740;740;740;5
2012-10-04;04/10/2012;740;740;740;740;180
2012-10-08;08/10/2012;750;750;750;750;57
2012-10-09;09/10/2012;700;700;700;700;45
2012-10-10;10/10/2012;700;700;700;700;6
2012-10-11;11/10/2012;700;700;700;700;55
2012-10-18;18/10/2012;750;750;750;750;25
2012-10-19;19/10/2012;800;800;800;800;57
2012-10-23;23/10/2012;800;800;800;800;9
2012-10-24;24/10/2012;800;800;800;800;97
2012-10-25;25/10/2012;860;860;860;860;1287
2012-10-29;29/10/2012;925;925;925;925;973
2012-10-30;30/10/2012;900;900;900;900;3533
2012-10-31;31/10/2012;905;905;905;905;806
2012-11-02;02/11/2012;905;905;905;905;534
2012-11-05;05/11/2012;973;973;973;973;46
2012-11-06;06/11/2012;980;980;980;980;900
2012-11-07;07/11/2012;1000;1000;1000;1000;193
2012-11-08;08/11/2012;1075;1075;1075;1075;266
2012-11-09;09/11/2012;1100;1100;1100;1100;263
2012-11-12;12/11/2012;1100;1100;1100;1100;66
2012-11-13;13/11/2012;1050;1050;1050;1050;34
2012-11-14;14/11/2012;1051;1051;1051;1051;275
2012-11-16;16/11/2012;1080;1080;1080;1080;491
2012-11-19;19/11/2012;1050;1050;1050;1050;353
2012-11-20;20/11/2012;1050;1050;1050;1050;20
2012-11-21;21/11/2012;1000;1000;1000;1000;55
2012-11-23;23/11/2012;1000;1000;1000;1000;10
2012-11-26;26/11/2012;1050;1050;1050;1050;35
2012-11-27;27/11/2012;1050;1050;1050;1050;79
2012-11-30;30/11/2012;1000;1000;1000;1000;134
2012-12-04;04/12/2012;1000;1000;1000;1000;109
2012-12-05;05/12/2012;1000;1000;1000;1000;63
2012-12-06;06/12/2012;995;995;995;995;252
2012-12-11;11/12/2012;950;950;950;950;16
2012-12-12;12/12/2012;950;950;950;950;55
2012-12-13;13/12/2012;995;995;995;995;81
2012-12-14;14/12/2012;950;950;950;950;44
2012-12-17;17/12/2012;950;950;950;950;35
2012-12-18;18/12/2012;950;950;950;950;75
2012-12-19;19/12/2012;950;950;950;950;44
2012-12-24;24/12/2012;950;950;950;950;7
2012-12-27;27/12/2012;900;900;900;900;109
2012-12-28;28/12/2012;900;900;900;900;10
2012-12-31;31/12/2012;900;900;900;900;53
2013-01-02;02/01/2013;900;900;900;900;116
2013-01-03;03/01/2013;900;900;900;900;90
2013-01-04;04/01/2013;900;900;900;900;94
2013-01-07;07/01/2013;900;900;900;900;68
2013-01-08;08/01/2013;833;833;833;833;109
2013-01-09;09/01/2013;800;800;800;800;86
2013-01-10;10/01/2013;860;860;860;860;45
2013-01-11;11/01/2013;870;870;870;870;154
2013-01-14;14/01/2013;900;900;900;900;112
2013-01-15;15/01/2013;968;968;968;968;98
2013-01-16;16/01/2013;920;920;920;920;239
2013-01-17;17/01/2013;900;900;900;900;56
2013-01-18;18/01/2013;900;900;900;900;50
2013-01-23;23/01/2013;968;968;968;968;13
2013-01-25;25/01/2013;1040;1040;1040;1040;19
2013-01-28;28/01/2013;1000;1000;1000;1000;117
2013-01-29;29/01/2013;1000;1000;1000;1000;49
2013-01-31;31/01/2013;950;950;950;950;1000
2013-02-01;01/02/2013;1000;1000;1000;1000;25
2013-02-06;06/02/2013;1000;1000;1000;1000;1
2013-02-07;07/02/2013;1075;1075;1075;1075;29
2013-02-08;08/02/2013;1100;1100;1100;1100;125
2013-02-11;11/02/2013;1070;1070;1070;1070;60
2013-02-12;12/02/2013;1099;1099;1099;1099;10
2013-02-14;14/02/2013;1090;1090;1090;1090;39
2013-02-18;18/02/2013;1010;1010;1010;1010;31
2013-02-19;19/02/2013;1010;1010;1010;1010;25
2013-02-20;20/02/2013;1050;1050;1050;1050;143
2013-02-21;21/02/2013;1100;1100;1100;1100;71
2013-02-25;25/02/2013;1100;1100;1100;1100;22
2013-02-26;26/02/2013;1070;1070;1070;1070;117
2013-02-27;27/02/2013;1100;1100;1100;1100;88
2013-02-28;28/02/2013;1150;1150;1150;1150;60
2013-03-01;01/03/2013;1100;1100;1100;1100;53
2013-03-04;04/03/2013;1060;1060;1060;1060;12
2013-03-05;05/03/2013;1100;1100;1100;1100;51
2013-03-07;07/03/2013;1150;1150;1150;1150;156
2013-03-08;08/03/2013;1130;1130;1130;1130;40
2013-03-11;11/03/2013;1100;1100;1100;1100;120
2013-03-12;12/03/2013;1100;1100;1100;1100;82
2013-03-13;13/03/2013;1065;1065;1065;1065;10
2013-03-15;15/03/2013;1065;1065;1065;1065;50
2013-03-19;19/03/2013;1140;1140;1140;1140;20
2013-03-21;21/03/2013;1065;1065;1065;1065;8
2013-03-22;22/03/2013;1060;1060;1060;1060;32
2013-03-25;25/03/2013;1060;1060;1060;1060;203
2013-03-26;26/03/2013;1060;1060;1060;1060;279
2013-03-27;27/03/2013;1060;1060;1060;1060;80
2013-03-28;28/03/2013;1060;1060;1060;1060;109
2013-03-29;29/03/2013;1062;1062;1062;1062;330
2013-04-02;02/04/2013;1061;1061;1061;1061;100
2013-04-03;03/04/2013;1061;1061;1061;1061;200
2013-04-04;04/04/2013;1061;1061;1061;1061;88
2013-04-05;05/04/2013;1060;1060;1060;1060;164
2013-04-08;08/04/2013;1000;1000;1000;1000;445
2013-04-09;09/04/2013;1040;1040;1040;1040;91
2013-04-15;15/04/2013;1080;1080;1080;1080;94
2013-04-24;24/04/2013;1080;1080;1080;1080;19
2013-04-26;26/04/2013;1090;1090;1090;1090;108
2013-04-29;29/04/2013;1090;1090;1090;1090;30
2013-04-30;30/04/2013;1090;1090;1090;1090;25
2013-05-06;06/05/2013;1172;1172;1172;1172;45
2013-05-07;07/05/2013;1172;1172;1172;1172;92
2013-05-08;08/05/2013;1200;1200;1200;1200;123
2013-05-10;10/05/2013;1190;1190;1190;1190;77
2013-05-14;14/05/2013;1190;1190;1190;1190;63
2013-05-15;15/05/2013;1120;1120;1120;1120;30
2013-05-17;17/05/2013;1204;1204;1204;1204;146
2013-05-21;21/05/2013;1200;1200;1200;1200;47
2013-05-22;22/05/2013;1200;1200;1200;1200;393
2013-05-23;23/05/2013;1210;1210;1210;1210;580
2013-05-24;24/05/2013;1300;1300;1300;1300;40
2013-05-27;27/05/2013;1398;1398;1398;1398;778
2013-05-28;28/05/2013;1395;1395;1395;1395;155
2013-05-29;29/05/2013;1490;1490;1490;1490;316
2013-05-30;30/05/2013;1490;1490;1490;1490;46
2013-05-31;31/05/2013;1490;1490;1490;1490;25
2013-06-06;06/06/2013;1378;1378;1378;1378;34
2013-06-07;07/06/2013;1378;1378;1378;1378;83
2013-06-10;10/06/2013;1301;1301;1301;1301;15
2013-06-11;11/06/2013;1301;1301;1301;1301;5
2013-06-12;12/06/2013;1300;1300;1300;1300;48
2013-06-13;13/06/2013;1300;1300;1300;1300;5
2013-06-14;14/06/2013;1300;1300;1300;1300;1
2013-06-18;18/06/2013;1275;1275;1275;1275;36
2013-06-19;19/06/2013;1300;1300;1300;1300;169
2013-06-20;20/06/2013;1300;1300;1300;1300;30
2013-06-21;21/06/2013;1300;1300;1300;1300;134
2013-06-24;24/06/2013;1300;1300;1300;1300;36
2013-06-25;25/06/2013;1300;1300;1300;1300;33
2013-06-27;27/06/2013;1300;1300;1300;1300;35
2013-07-02;02/07/2013;1203;1203;1203;1203;60
2013-07-04;04/07/2013;1205;1205;1205;1205;60
2013-07-05;05/07/2013;1205;1205;1205;1205;111
2013-07-08;08/07/2013;1200;1200;1200;1200;25
2013-07-09;09/07/2013;1200;1200;1200;1200;115
2013-07-10;10/07/2013;1200;1200;1200;1200;16
2013-07-11;11/07/2013;1200;1200;1200;1200;199
2013-07-12;12/07/2013;1290;1290;1290;1290;389
2013-07-15;15/07/2013;1201;1201;1201;1201;40
2013-07-16;16/07/2013;1202;1202;1202;1202;25
2013-07-18;18/07/2013;1202;1202;1202;1202;56
2013-07-19;19/07/2013;1290;1290;1290;1290;37
2013-07-22;22/07/2013;1250;1250;1250;1250;181
2013-07-23;23/07/2013;1250;1250;1250;1250;18
2013-07-25;25/07/2013;1200;1200;1200;1200;228
2013-07-29;29/07/2013;1200;1200;1200;1200;2
2013-07-30;30/07/2013;1200;1200;1200;1200;62
2013-07-31;31/07/2013;1200;1200;1200;1200;40
2013-08-02;02/08/2013;1201;1201;1201;1201;18
2013-08-05;05/08/2013;1201;1201;1201;1201;13
2013-08-06;06/08/2013;1201;1201;1201;1201;77
2013-08-09;09/08/2013;1250;1250;1250;1250;58
2013-08-13;13/08/2013;1200;1200;1200;1200;71
2013-08-14;14/08/2013;1200;1200;1200;1200;114
2013-08-16;16/08/2013;1200;1200;1200;1200;213
2013-08-19;19/08/2013;1220;1220;1220;1220;120
2013-08-20;20/08/2013;1219;1219;1219;1219;61
2013-08-21;21/08/2013;1200;1200;1200;1200;59
2013-08-22;22/08/2013;1220;1220;1220;1220;12
2013-08-23;23/08/2013;1200;1200;1200;1200;225
2013-08-26;26/08/2013;1220;1220;1220;1220;40
2013-08-27;27/08/2013;1221;1221;1221;1221;20
2013-08-28;28/08/2013;1200;1200;1200;1200;80
2013-08-29;29/08/2013;1250;1250;1250;1250;10
2013-09-02;02/09/2013;1251;1251;1251;1251;52
2013-09-03;03/09/2013;1251;1251;1251;1251;19
2013-09-05;05/09/2013;1251;1251;1251;1251;12
2013-09-06;06/09/2013;1253;1253;1253;1253;50
2013-09-10;10/09/2013;1300;1300;1300;1300;110
2013-09-11;11/09/2013;1300;1300;1300;1300;76
2013-09-12;12/09/2013;1300;1300;1300;1300;30
2013-09-13;13/09/2013;1300;1300;1300;1300;51
2013-09-16;16/09/2013;1300;1300;1300;1300;117
2013-09-17;17/09/2013;1251;1251;1251;1251;30
2013-09-18;18/09/2013;1250;1250;1250;1250;25
2013-09-19;19/09/2013;1250;1250;1250;1250;359
2013-09-23;23/09/2013;1251;1251;1251;1251;143
2013-09-24;24/09/2013;1251;1251;1251;1251;71
2013-09-25;25/09/2013;1299;1299;1299;1299;53
2013-09-26;26/09/2013;1270;1270;1270;1270;92
2013-09-27;27/09/2013;1270;1270;1270;1270;1
2013-09-30;30/09/2013;1299;1299;1299;1299;18
2013-10-01;01/10/2013;1270;1270;1270;1270;3
2013-10-03;03/10/2013;1299;1299;1299;1299;60
2013-10-04;04/10/2013;1299;1299;1299;1299;8
2013-10-07;07/10/2013;1300;1300;1300;1300;200
2013-10-08;08/10/2013;1300;1300;1300;1300;1
2013-10-09;09/10/2013;1300;1300;1300;1300;25
2013-10-10;10/10/2013;1300;1300;1300;1300;45
2013-10-14;14/10/2013;1290;1290;1290;1290;84
2013-10-16;16/10/2013;1270;1270;1270;1270;34
2013-10-17;17/10/2013;1300;1300;1300;1300;30
2013-10-18;18/10/2013;1261;1261;1261;1261;33
2013-10-21;21/10/2013;1270;1270;1270;1270;34
2013-10-22;22/10/2013;1270;1270;1270;1270;52
2013-10-24;24/10/2013;1350;1350;1350;1350;12
2013-10-25;25/10/2013;1301;1301;1301;1301;48
2013-10-28;28/10/2013;1350;1350;1350;1350;14
2013-10-29;29/10/2013;1302;1302;1302;1302;24
2013-10-30;30/10/2013;1310;1310;1310;1310;3
2013-10-31;31/10/2013;1310;1310;1310;1310;92
2013-11-04;04/11/2013;1300;1300;1300;1300;36
2013-11-05;05/11/2013;1285;1285;1285;1285;26
2013-11-06;06/11/2013;1251;1251;1251;1251;18
2013-11-07;07/11/2013;1245;1245;1245;1245;51
2013-11-08;08/11/2013;1245;1245;1245;1245;11
2013-11-11;11/11/2013;1300;1300;1300;1300;707
2013-11-12;12/11/2013;1300;1300;1300;1300;2044
2013-11-13;13/11/2013;1301;1301;1301;1301;152
2013-11-18;18/11/2013;1301;1301;1301;1301;205
2013-11-19;19/11/2013;1301;1301;1301;1301;20
2013-11-20;20/11/2013;1301;1301;1301;1301;18
2013-11-21;21/11/2013;1301;1301;1301;1301;14
2013-11-25;25/11/2013;1310;1310;1310;1310;2
2013-11-27;27/11/2013;1300;1300;1300;1300;1390
2013-11-28;28/11/2013;1300;1300;1300;1300;430
2013-11-29;29/11/2013;1300;1300;1300;1300;3
2013-12-02;02/12/2013;1300;1300;1300;1300;123
2013-12-03;03/12/2013;1300;1300;1300;1300;47
2013-12-04;04/12/2013;1300;1300;1300;1300;54
2013-12-05;05/12/2013;1280;1280;1280;1280;797
2013-12-06;06/12/2013;1300;1300;1300;1300;6
2013-12-09;09/12/2013;1300;1300;1300;1300;42
2013-12-10;10/12/2013;1290;1290;1290;1290;27
2013-12-11;11/12/2013;1380;1380;1380;1380;52
2013-12-12;12/12/2013;1484;1484;1484;1484;195
2013-12-13;13/12/2013;1595;1595;1595;1595;6
2013-12-16;16/12/2013;1595;1595;1595;1595;100
2013-12-17;17/12/2013;1595;1595;1595;1595;33
2013-12-19;19/12/2013;1600;1600;1600;1600;28
2013-12-20;20/12/2013;1600;1600;1600;1600;67
2013-12-30;30/12/2013;1595;1595;1595;1595;13
2013-12-31;31/12/2013;1595;1595;1595;1595;25
2014-01-03;03/01/2014;1595;1595;1595;1595;8
2014-01-07;07/01/2014;1700;1700;1700;1700;93
2014-01-08;08/01/2014;1700;1700;1700;1700;3
2014-01-09;09/01/2014;1700;1700;1700;1700;485
2014-01-10;10/01/2014;1700;1700;1700;1700;1029
2014-01-14;14/01/2014;1800;1800;1800;1800;217
2014-01-16;16/01/2014;1800;1800;1800;1800;40
2014-01-17;17/01/2014;1828;1828;1828;1828;28
2014-01-20;20/01/2014;1850;1850;1850;1850;14
2014-01-21;21/01/2014;1989;1989;1989;1989;27
2014-01-22;22/01/2014;1989;1989;1989;1989;65
2014-01-23;23/01/2014;1989;1989;1989;1989;25
2014-01-24;24/01/2014;2100;2100;2100;2100;5
2014-01-27;27/01/2014;2000;2000;2000;2000;15
2014-01-28;28/01/2014;2000;2000;2000;2000;55
2014-01-29;29/01/2014;2100;2100;2100;2100;87
2014-01-31;31/01/2014;2050;2050;2050;2050;2
2014-02-03;03/02/2014;2000;2000;2000;2000;93
2014-02-05;05/02/2014;2050;2050;2050;2050;58
2014-02-07;07/02/2014;2100;2100;2100;2100;55
2014-02-10;10/02/2014;2100;2100;2100;2100;10
2014-02-11;11/02/2014;2100;2100;2100;2100;45
2014-02-12;12/02/2014;2100;2100;2100;2100;44
2014-02-14;14/02/2014;2142;2142;2142;2142;30
2014-02-17;17/02/2014;2050;2050;2050;2050;226
2014-02-18;18/02/2014;2100;2100;2100;2100;44
2014-02-19;19/02/2014;2150;2150;2150;2150;17
2014-02-20;20/02/2014;2192;2192;2192;2192;70
2014-02-21;21/02/2014;2150;2150;2150;2150;12
2014-02-24;24/02/2014;2150;2150;2150;2150;51
2014-02-25;25/02/2014;2145;2145;2145;2145;5
2014-02-26;26/02/2014;2100;2100;2100;2100;25
2014-03-03;03/03/2014;2100;2100;2100;2100;27
2014-03-04;04/03/2014;2100;2100;2100;2100;18
2014-03-05;05/03/2014;2100;2100;2100;2100;44
2014-03-06;06/03/2014;2100;2100;2100;2100;30
2014-03-10;10/03/2014;2100;2100;2100;2100;12
2014-03-11;11/03/2014;2050;2050;2050;2050;16
2014-03-14;14/03/2014;2050;2050;2050;2050;35
2014-03-17;17/03/2014;2050;2050;2050;2050;10
2014-03-18;18/03/2014;2050;2050;2050;2050;55
2014-03-19;19/03/2014;2050;2050;2050;2050;25
2014-03-20;20/03/2014;2050;2050;2050;2050;9
2014-03-24;24/03/2014;2050;2050;2050;2050;260
2014-03-26;26/03/2014;2000;2000;2000;2000;27
2014-03-27;27/03/2014;2000;2000;2000;2000;40
2014-03-28;28/03/2014;2000;2000;2000;2000;35
2014-03-31;31/03/2014;1999;1999;1999;1999;15
2014-04-01;01/04/2014;2000;2000;2000;2000;40
2014-04-03;03/04/2014;1950;1950;1950;1950;5
2014-04-04;04/04/2014;1955;1955;1955;1955;15
2014-04-07;07/04/2014;1900;1900;1900;1900;4
2014-04-08;08/04/2014;1950;1950;1950;1950;218
2014-04-11;11/04/2014;1950;1950;1950;1950;102
2014-04-14;14/04/2014;1950;1950;1950;1950;17
2014-04-15;15/04/2014;1950;1950;1950;1950;5
2014-04-16;16/04/2014;1910;1910;1910;1910;10
2014-04-17;17/04/2014;1910;1910;1910;1910;10
2014-04-22;22/04/2014;1945;1945;1945;1945;5
2014-04-23;23/04/2014;1900;1900;1900;1900;2
2014-04-24;24/04/2014;1900;1900;1900;1900;8
2014-04-25;25/04/2014;1900;1900;1900;1900;64
2014-04-28;28/04/2014;1900;1900;1900;1900;20
2014-04-29;29/04/2014;1850;1850;1850;1850;40
2014-04-30;30/04/2014;1850;1850;1850;1850;25
2014-05-02;02/05/2014;1820;1820;1820;1820;17
2014-05-06;06/05/2014;1700;1700;1700;1700;52
2014-05-07;07/05/2014;1700;1700;1700;1700;33
2014-05-08;08/05/2014;1700;1700;1700;1700;56
2014-05-09;09/05/2014;1700;1700;1700;1700;7
2014-05-12;12/05/2014;1700;1700;1700;1700;1
2014-05-13;13/05/2014;1650;1650;1650;1650;10
2014-05-14;14/05/2014;1641;1641;1641;1641;39
2014-05-15;15/05/2014;1700;1700;1700;1700;15
2014-05-16;16/05/2014;1700;1700;1700;1700;1
2014-05-19;19/05/2014;1650;1650;1650;1650;10
2014-05-20;20/05/2014;1700;1700;1700;1700;25
2014-05-21;21/05/2014;1690;1690;1690;1690;45
2014-05-23;23/05/2014;1689;1689;1689;1689;42
2014-05-27;27/05/2014;1688;1688;1688;1688;127
2014-05-28;28/05/2014;1689;1689;1689;1689;25
2014-05-30;30/05/2014;1689;1689;1689;1689;138
2014-06-02;02/06/2014;1689;1689;1689;1689;2
2014-06-03;03/06/2014;1680;1680;1680;1680;14
2014-06-04;04/06/2014;1680;1680;1680;1680;15
2014-06-05;05/06/2014;1670;1670;1670;1670;102
2014-06-06;06/06/2014;1670;1670;1670;1670;1
2014-06-10;10/06/2014;1670;1670;1670;1670;33
2014-06-11;11/06/2014;1750;1750;1750;1750;706
2014-06-12;12/06/2014;1800;1800;1800;1800;13
2014-06-13;13/06/2014;1800;1800;1800;1800;50
2014-06-16;16/06/2014;1935;1935;1935;1935;4
2014-06-17;17/06/2014;1950;1950;1950;1950;16
2014-06-18;18/06/2014;1804;1804;1804;1804;144
2014-06-19;19/06/2014;1804;1804;1804;1804;87
2014-06-20;20/06/2014;1804;1804;1804;1804;30
2014-06-23;23/06/2014;1850;1850;1850;1850;5
2014-06-24;24/06/2014;1900;1900;1900;1900;28
2014-06-25;25/06/2014;1950;1950;1950;1950;113
2014-06-26;26/06/2014;1950;1950;1950;1950;2
2014-06-30;30/06/2014;1950;1950;1950;1950;156
2014-07-01;01/07/2014;1950;1950;1950;1950;50
2014-07-04;04/07/2014;1880;1880;1880;1880;13
2014-07-07;07/07/2014;1780;1780;1780;1780;10
2014-07-08;08/07/2014;1845;1845;1845;1845;22
2014-07-09;09/07/2014;1845;1845;1845;1845;1
2014-07-10;10/07/2014;1840;1840;1840;1840;10
2014-07-15;15/07/2014;1780;1780;1780;1780;35
2014-07-16;16/07/2014;1800;1800;1800;1800;54
2014-07-17;17/07/2014;1800;1800;1800;1800;36
2014-07-18;18/07/2014;1800;1800;1800;1800;8
2014-07-21;21/07/2014;1799;1799;1799;1799;7
2014-07-22;22/07/2014;1780;1780;1780;1780;6
2014-07-25;25/07/2014;1740;1740;1740;1740;21
2014-07-29;29/07/2014;1610;1610;1610;1610;103
2014-07-30;30/07/2014;1600;1600;1600;1600;25
2014-07-31;31/07/2014;1600;1600;1600;1600;85
2014-08-01;01/08/2014;1600;1600;1600;1600;420
2014-08-04;04/08/2014;1601;1601;1601;1601;88
2014-08-08;08/08/2014;1650;1650;1650;1650;15
2014-08-11;11/08/2014;1650;1650;1650;1650;60
2014-08-13;13/08/2014;1735;1735;1735;1735;57
2014-08-14;14/08/2014;1735;1735;1735;1735;4
2014-08-18;18/08/2014;1780;1780;1780;1780;400
2014-08-19;19/08/2014;1750;1750;1750;1750;230
2014-08-20;20/08/2014;1781;1781;1781;1781;15
2014-08-21;21/08/2014;1780;1780;1780;1780;120
2014-08-25;25/08/2014;1900;1900;1900;1900;28
2014-08-26;26/08/2014;1950;1950;1950;1950;518
2014-08-27;27/08/2014;1950;1950;1950;1950;3513
2014-08-28;28/08/2014;1950;1950;1950;1950;5
2014-08-29;29/08/2014;1950;1950;1950;1950;22
2014-09-01;01/09/2014;1900;1900;1900;1900;19
2014-09-02;02/09/2014;1900;1900;1900;1900;138
2014-09-03;03/09/2014;1900;1900;1900;1900;38
2014-09-04;04/09/2014;1850;1850;1850;1850;50
2014-09-05;05/09/2014;1890;1890;1890;1890;68
2014-09-08;08/09/2014;1800;1800;1800;1800;20
2014-09-09;09/09/2014;1781;1781;1781;1781;24
2014-09-10;10/09/2014;1800;1800;1800;1800;26
2014-09-11;11/09/2014;1700;1700;1700;1700;46
2014-09-12;12/09/2014;1750;1750;1750;1750;200
2014-09-15;15/09/2014;1750;1750;1750;1750;52
2014-09-16;16/09/2014;1750;1750;1750;1750;59
2014-09-17;17/09/2014;1750;1750;1750;1750;100
2014-09-18;18/09/2014;1800;1800;1800;1800;207
2014-09-19;19/09/2014;1800;1800;1800;1800;35
2014-09-22;22/09/2014;1801;1801;1801;1801;140
2014-09-23;23/09/2014;1900;1900;1900;1900;15
2014-09-24;24/09/2014;1850;1850;1850;1850;45
2014-09-25;25/09/2014;1810;1810;1810;1810;170
2014-09-26;26/09/2014;1900;1900;1900;1900;20
2014-09-29;29/09/2014;1800;1800;1800;1800;15
2014-09-30;30/09/2014;1800;1800;1800;1800;5
2014-10-01;01/10/2014;1815;1815;1815;1815;10
2014-10-02;02/10/2014;1800;1800;1800;1800;201
2014-10-03;03/10/2014;1800;1800;1800;1800;226
2014-10-06;06/10/2014;1800;1800;1800;1800;16
2014-10-08;08/10/2014;1836;1836;1836;1836;14
2014-10-09;09/10/2014;1800;1800;1800;1800;118
2014-10-10;10/10/2014;1760;1760;1760;1760;44
2014-10-13;13/10/2014;1730;1730;1730;1730;22
2014-10-15;15/10/2014;1700;1700;1700;1700;73
2014-10-17;17/10/2014;1700;1700;1700;1700;95
2014-10-21;21/10/2014;1700;1700;1700;1700;10
2014-10-22;22/10/2014;1690;1690;1690;1690;8
2014-10-23;23/10/2014;1564;1564;1564;1564;8
2014-10-27;27/10/2014;1565;1565;1565;1565;100
2014-10-29;29/10/2014;1565;1565;1565;1565;48
2014-10-30;30/10/2014;1565;1565;1565;1565;73
2014-10-31;31/10/2014;1565;1565;1565;1565;50
2014-11-03;03/11/2014;1565;1565;1565;1565;10
2014-11-04;04/11/2014;1682;1682;1682;1682;257
2014-11-07;07/11/2014;1680;1680;1680;1680;5
2014-11-11;11/11/2014;1700;1700;1700;1700;32
2014-11-12;12/11/2014;1700;1700;1700;1700;20
2014-11-13;13/11/2014;1750;1750;1750;1750;101
2014-11-14;14/11/2014;1750;1750;1750;1750;12
2014-11-18;18/11/2014;1740;1740;1740;1740;12
2014-11-20;20/11/2014;1750;1750;1750;1750;81
2014-11-21;21/11/2014;1830;1830;1830;1830;20
2014-11-26;26/11/2014;1755;1755;1755;1755;25
2014-11-27;27/11/2014;1750;1750;1750;1750;36
2014-11-28;28/11/2014;1751;1751;1751;1751;62
2014-12-01;01/12/2014;1751;1751;1751;1751;30
2014-12-02;02/12/2014;1751;1751;1751;1751;65
2014-12-03;03/12/2014;1752;1752;1752;1752;29
2014-12-04;04/12/2014;1752;1752;1752;1752;22
2014-12-09;09/12/2014;1760;1760;1760;1760;124
2014-12-10;10/12/2014;1760;1760;1760;1760;6
2014-12-11;11/12/2014;1760;1760;1760;1760;50
2014-12-12;12/12/2014;1760;1760;1760;1760;70
2014-12-15;15/12/2014;1760;1760;1760;1760;45
2014-12-16;16/12/2014;1750;1750;1750;1750;1
2014-12-17;17/12/2014;1760;1760;1760;1760;13
2014-12-18;18/12/2014;1750;1750;1750;1750;83
2014-12-22;22/12/2014;1700;1700;1700;1700;32
2014-12-23;23/12/2014;1700;1700;1700;1700;5
2014-12-24;24/12/2014;1701;1701;1701;1701;2
2014-12-25;25/12/2014;1701;1701;1701;1701;20
2014-12-26;26/12/2014;1760;1760;1760;1760;6
2014-12-30;30/12/2014;1700;1700;1700;1700;26
2015-01-02;02/01/2015;1700;1700;1700;1700;11
2015-01-06;06/01/2015;1666;1666;1666;1666;5
2015-01-07;07/01/2015;1700;1700;1700;1700;70
2015-01-08;08/01/2015;1670;1670;1670;1670;569
2015-01-09;09/01/2015;1670;1670;1670;1670;168
2015-01-12;12/01/2015;1675;1675;1675;1675;15
2015-01-13;13/01/2015;1676;1676;1676;1676;217
2015-01-14;14/01/2015;1800;1800;1800;1800;3
2015-01-15;15/01/2015;1935;1935;1935;1935;193
2015-01-16;16/01/2015;2080;2080;2080;2080;27
2015-01-19;19/01/2015;2111;2111;2111;2111;421
2015-01-20;20/01/2015;2080;2080;2080;2080;14
2015-01-22;22/01/2015;2000;2000;2000;2000;42
2015-01-23;23/01/2015;2000;2000;2000;2000;22
2015-01-26;26/01/2015;1950;1950;1950;1950;33
2015-01-27;27/01/2015;1960;1960;1960;1960;124
2015-01-28;28/01/2015;2079;2079;2079;2079;463
2015-01-29;29/01/2015;2235;2235;2235;2235;305
2015-01-30;30/01/2015;2400;2400;2400;2400;493
2015-02-02;02/02/2015;2500;2500;2500;2500;237
2015-02-03;03/02/2015;2500;2500;2500;2500;86
2015-02-04;04/02/2015;2500;2500;2500;2500;350
2015-02-06;06/02/2015;2445;2445;2445;2445;867
2015-02-09;09/02/2015;2445;2445;2445;2445;8670
2015-02-10;10/02/2015;2450;2450;2450;2450;131
2015-02-12;12/02/2015;2450;2450;2450;2450;479
2015-02-13;13/02/2015;2450;2450;2450;2450;21
2015-02-16;16/02/2015;2400;2400;2400;2400;51
2015-02-17;17/02/2015;2440;2440;2440;2440;33
2015-02-18;18/02/2015;2440;2440;2440;2440;4
2015-02-19;19/02/2015;2400;2400;2400;2400;64
2015-02-20;20/02/2015;2400;2400;2400;2400;6
2015-02-23;23/02/2015;2300;2300;2300;2300;108
2015-02-24;24/02/2015;2300;2300;2300;2300;43
2015-02-25;25/02/2015;2450;2450;2450;2450;92
2015-02-26;26/02/2015;2634;2634;2634;2634;170
2015-02-27;27/02/2015;2600;2600;2600;2600;10
2015-03-02;02/03/2015;2451;2451;2451;2451;42
2015-03-03;03/03/2015;2451;2451;2451;2451;53
2015-03-04;04/03/2015;2450;2450;2450;2450;22
2015-03-05;05/03/2015;2450;2450;2450;2450;13
2015-03-06;06/03/2015;2450;2450;2450;2450;84
2015-03-11;11/03/2015;2630;2630;2630;2630;5
2015-03-12;12/03/2015;2440;2440;2440;2440;15
2015-03-13;13/03/2015;2351;2351;2351;2351;3168
2015-03-16;16/03/2015;2350;2350;2350;2350;129
2015-03-17;17/03/2015;2350;2350;2350;2350;27
2015-03-18;18/03/2015;2350;2350;2350;2350;13
2015-03-19;19/03/2015;2400;2400;2400;2400;8
2015-03-20;20/03/2015;2350;2350;2350;2350;26
2015-03-24;24/03/2015;2299;2299;2299;2299;25
2015-03-25;25/03/2015;2250;2250;2250;2250;53
2015-03-26;26/03/2015;2250;2250;2250;2250;13
2015-03-27;27/03/2015;2289;2289;2289;2289;39
2015-03-30;30/03/2015;2300;2300;2300;2300;218
2015-03-31;31/03/2015;2293;2293;2293;2293;15
2015-04-01;01/04/2015;2290;2290;2290;2290;77
2015-04-02;02/04/2015;2280;2280;2280;2280;160
2015-04-03;03/04/2015;2280;2280;2280;2280;51
2015-04-06;06/04/2015;2280;2280;2280;2280;510
2015-04-07;07/04/2015;2280;2280;2280;2280;92
2015-04-08;08/04/2015;2280;2280;2280;2280;6
2015-04-09;09/04/2015;2270;2270;2270;2270;120
2015-04-10;10/04/2015;2265;2265;2265;2265;38
2015-04-13;13/04/2015;2268;2268;2268;2268;56
2015-04-14;14/04/2015;2265;2265;2265;2265;1769
2015-04-15;15/04/2015;2300;2300;2300;2300;20
2015-04-16;16/04/2015;2300;2300;2300;2300;42
2015-04-21;21/04/2015;2316;2316;2316;2316;15
2015-04-23;23/04/2015;2320;2320;2320;2320;15
2015-04-24;24/04/2015;2350;2350;2350;2350;100
2015-04-27;27/04/2015;2350;2350;2350;2350;247
2015-04-29;29/04/2015;2350;2350;2350;2350;39
2015-04-30;30/04/2015;2350;2350;2350;2350;20
2015-05-05;05/05/2015;2350;2350;2350;2350;10
2015-05-06;06/05/2015;2350;2350;2350;2350;39
2015-05-07;07/05/2015;2350;2350;2350;2350;184
2015-05-11;11/05/2015;2305;2305;2305;2305;21
2015-05-12;12/05/2015;2270;2270;2270;2270;50
2015-05-13;13/05/2015;2280;2280;2280;2280;50
2015-05-14;14/05/2015;2280;2280;2280;2280;500
2015-05-15;15/05/2015;2293;2293;2293;2293;243
2015-05-18;18/05/2015;2290;2290;2290;2290;39
2015-05-19;19/05/2015;2270;2270;2270;2270;65
2015-05-20;20/05/2015;2263;2263;2263;2263;3
2015-05-26;26/05/2015;2250;2250;2250;2250;82
2015-05-27;27/05/2015;2082;2082;2082;2082;42
2015-05-28;28/05/2015;2080;2080;2080;2080;27
2015-05-29;29/05/2015;2000;2000;2000;2000;64
2015-06-01;01/06/2015;1950;1950;1950;1950;3
2015-06-02;02/06/2015;1950;1950;1950;1950;105
2015-06-04;04/06/2015;1940;1940;1940;1940;50
2015-06-05;05/06/2015;1900;1900;1900;1900;10
2015-06-10;10/06/2015;1900;1900;1900;1900;50
2015-06-11;11/06/2015;1900;1900;1900;1900;34
2015-06-12;12/06/2015;1900;1900;1900;1900;50
2015-06-15;15/06/2015;1940;1940;1940;1940;58
2015-06-16;16/06/2015;1940;1940;1940;1940;113
2015-06-17;17/06/2015;1940;1940;1940;1940;1
2015-06-18;18/06/2015;1900;1900;1900;1900;753
2015-06-19;19/06/2015;1760;1760;1760;1760;764
2015-06-22;22/06/2015;1760;1760;1760;1760;5
2015-06-23;23/06/2015;1760;1760;1760;1760;25
2015-06-24;24/06/2015;1760;1760;1760;1760;50
2015-06-25;25/06/2015;1760;1760;1760;1760;7
2015-06-26;26/06/2015;1760;1760;1760;1760;17
2015-06-29;29/06/2015;1850;1850;1850;1850;107
2015-06-30;30/06/2015;1901;1901;1901;1901;27
2015-07-01;01/07/2015;1930;1930;1930;1930;167
2015-07-02;02/07/2015;1930;1930;1930;1930;25
2015-07-03;03/07/2015;1930;1930;1930;1930;55
2015-07-06;06/07/2015;1930;1930;1930;1930;32
2015-07-07;07/07/2015;1900;1900;1900;1900;522
2015-07-08;08/07/2015;1900;1900;1900;1900;85
2015-07-09;09/07/2015;1900;1900;1900;1900;8
2015-07-10;10/07/2015;1911;1911;1911;1911;37
2015-07-13;13/07/2015;1911;1911;1911;1911;139
2015-07-14;14/07/2015;1911;1911;1911;1911;1390
2015-07-16;16/07/2015;2040;2040;2040;2040;260
2015-07-17;17/07/2015;2040;2040;2040;2040;2600
2015-07-20;20/07/2015;2000;2000;2000;2000;90
2015-07-21;21/07/2015;2001;2001;2001;2001;55
2015-07-22;22/07/2015;2010;2010;2010;2010;35
2015-07-23;23/07/2015;2000;2000;2000;2000;12
2015-07-24;24/07/2015;2000;2000;2000;2000;11
2015-07-27;27/07/2015;2028;2028;2028;2028;25
2015-07-28;28/07/2015;2150;2150;2150;2150;10
2015-07-29;29/07/2015;2028;2028;2028;2028;137
2015-07-30;30/07/2015;2100;2100;2100;2100;34
2015-07-31;31/07/2015;2258;2258;2258;2258;13
2015-08-03;03/08/2015;2300;2300;2300;2300;51
2015-08-04;04/08/2015;2310;2310;2310;2310;96
2015-08-05;05/08/2015;2300;2300;2300;2300;43
2015-08-06;06/08/2015;2280;2280;2280;2280;129
2015-08-07;07/08/2015;2280;2280;2280;2280;1290
2015-08-10;10/08/2015;2280;2280;2280;2280;5505
2015-08-12;12/08/2015;2200;2200;2200;2200;4
2015-08-13;13/08/2015;2100;2100;2100;2100;22
2015-08-14;14/08/2015;2050;2050;2050;2050;6
2015-08-17;17/08/2015;2050;2050;2050;2050;7
2015-08-19;19/08/2015;2050;2050;2050;2050;27
2015-08-20;20/08/2015;2050;2050;2050;2050;100
2015-08-21;21/08/2015;2050;2050;2050;2050;131
2015-08-24;24/08/2015;2001;2001;2001;2001;69
2015-08-25;25/08/2015;2050;2050;2050;2050;177
2015-08-26;26/08/2015;2050;2050;2050;2050;113
2015-08-27;27/08/2015;1920;1920;1920;1920;877
2015-08-31;31/08/2015;2000;2000;2000;2000;113
2015-09-01;01/09/2015;2000;2000;2000;2000;71
2015-09-02;02/09/2015;2050;2050;2050;2050;91
2015-09-03;03/09/2015;2050;2050;2050;2050;222
2015-09-04;04/09/2015;2050;2050;2050;2050;20
2015-09-07;07/09/2015;2050;2050;2050;2050;102
2015-09-08;08/09/2015;2050;2050;2050;2050;20
2015-09-09;09/09/2015;2050;2050;2050;2050;60
2015-09-10;10/09/2015;2050;2050;2050;2050;65
2015-09-14;14/09/2015;2160;2160;2160;2160;76
2015-09-15;15/09/2015;2050;2050;2050;2050;9
2015-09-16;16/09/2015;2160;2160;2160;2160;34
2015-09-17;17/09/2015;2150;2150;2150;2150;3
2015-09-22;22/09/2015;2150;2150;2150;2150;4
2015-09-23;23/09/2015;2050;2050;2050;2050;12
2015-09-24;24/09/2015;2050;2050;2050;2050;120
2015-09-25;25/09/2015;2050;2050;2050;2050;10
2015-09-28;28/09/2015;1950;1950;1950;1950;127
2015-09-29;29/09/2015;2050;2050;2050;2050;10
2015-09-30;30/09/2015;2050;2050;2050;2050;195
2015-10-01;01/10/2015;2050;2050;2050;2050;10
2015-10-02;02/10/2015;2050;2050;2050;2050;27
2015-10-05;05/10/2015;2050;2050;2050;2050;214
2015-10-06;06/10/2015;2100;2100;2100;2100;28
2015-10-07;07/10/2015;2100;2100;2100;2100;50
2015-10-09;09/10/2015;2100;2100;2100;2100;113
2015-10-12;12/10/2015;2100;2100;2100;2100;20
2015-10-13;13/10/2015;2050;2050;2050;2050;149
2015-10-14;14/10/2015;2100;2100;2100;2100;140
2015-10-16;16/10/2015;2100;2100;2100;2100;316
2015-10-19;19/10/2015;2100;2100;2100;2100;10
2015-10-21;21/10/2015;2200;2200;2200;2200;117
2015-10-22;22/10/2015;2190;2190;2190;2190;70
2015-10-23;23/10/2015;2200;2200;2200;2200;9
2015-10-26;26/10/2015;2200;2200;2200;2200;3
2015-10-27;27/10/2015;2035;2035;2035;2035;6
2015-10-28;28/10/2015;2035;2035;2035;2035;1
2015-10-29;29/10/2015;2010;2010;2010;2010;111
2015-11-02;02/11/2015;1940;1940;1940;1940;9
2015-11-03;03/11/2015;1960;1960;1960;1960;60
2015-11-04;04/11/2015;1940;1940;1940;1940;55
2015-11-06;06/11/2015;2000;2000;2000;2000;84
2015-11-09;09/11/2015;2000;2000;2000;2000;16
2015-11-10;10/11/2015;2000;2000;2000;2000;24
2015-11-11;11/11/2015;2000;2000;2000;2000;5
2015-11-12;12/11/2015;2000;2000;2000;2000;2
2015-11-13;13/11/2015;1940;1940;1940;1940;100
2015-11-16;16/11/2015;2000;2000;2000;2000;50
2015-11-17;17/11/2015;2000;2000;2000;2000;101
2015-11-18;18/11/2015;2000;2000;2000;2000;3
2015-11-19;19/11/2015;2000;2000;2000;2000;92
2015-11-20;20/11/2015;2000;2000;2000;2000;72
2015-11-23;23/11/2015;2000;2000;2000;2000;5
2015-11-24;24/11/2015;2000;2000;2000;2000;2
2015-11-25;25/11/2015;2050;2050;2050;2050;8
2015-11-27;27/11/2015;2200;2200;2200;2200;17
2015-11-30;30/11/2015;2100;2100;2100;2100;4
2015-12-01;01/12/2015;2050;2050;2050;2050;144
2015-12-02;02/12/2015;2000;2000;2000;2000;127
2015-12-03;03/12/2015;2100;2100;2100;2100;2
2015-12-04;04/12/2015;2000;2000;2000;2000;5
2015-12-07;07/12/2015;1950;1950;1950;1950;14
2015-12-08;08/12/2015;2000;2000;2000;2000;14
2015-12-09;09/12/2015;1950;1950;1950;1950;5
2015-12-10;10/12/2015;1940;1940;1940;1940;40
2015-12-11;11/12/2015;2000;2000;2000;2000;483
2015-12-14;14/12/2015;1950;1950;1950;1950;17
2015-12-15;15/12/2015;1940;1940;1940;1940;540
2015-12-16;16/12/2015;1940;1940;1940;1940;124
2015-12-18;18/12/2015;1940;1940;1940;1940;2
2015-12-21;21/12/2015;1940;1940;1940;1940;51
2015-12-22;22/12/2015;1950;1950;1950;1950;50
2015-12-23;23/12/2015;1940;1940;1940;1940;433
2015-12-24;24/12/2015;1940;1940;1940;1940;4330
2015-12-25;25/12/2015;1940;1940;1940;1940;4330
2015-12-28;28/12/2015;1950;1950;1950;1950;17
2015-12-29;29/12/2015;1950;1950;1950;1950;107
2015-12-30;30/12/2015;2000;2000;2000;2000;10
2016-01-04;04/01/2016;1950;1950;1950;1950;32
2016-01-05;05/01/2016;1950;1950;1950;1950;130
2016-01-06;06/01/2016;1950;1950;1950;1950;10
2016-01-07;07/01/2016;1951;1951;1951;1951;4
2016-01-08;08/01/2016;1950;1950;1950;1950;9
2016-01-11;11/01/2016;1950;1950;1950;1950;5
2016-01-14;14/01/2016;1950;1950;1950;1950;53
2016-01-15;15/01/2016;1950;1950;1950;1950;3
2016-01-18;18/01/2016;2000;2000;2000;2000;1615
2016-01-19;19/01/2016;1940;1940;1940;1940;2
2016-01-20;20/01/2016;2000;2000;2000;2000;20
2016-01-21;21/01/2016;2000;2000;2000;2000;55
2016-01-22;22/01/2016;2000;2000;2000;2000;9
2016-01-25;25/01/2016;2000;2000;2000;2000;3
2016-01-26;26/01/2016;2000;2000;2000;2000;595
2016-01-27;27/01/2016;2000;2000;2000;2000;8
2016-01-28;28/01/2016;2001;2001;2001;2001;55
2016-02-01;01/02/2016;2001;2001;2001;2001;2
2016-02-02;02/02/2016;2000;2000;2000;2000;275
2016-02-03;03/02/2016;2000;2000;2000;2000;187
2016-02-04;04/02/2016;2000;2000;2000;2000;853
2016-02-05;05/02/2016;1999;1999;1999;1999;49
2016-02-08;08/02/2016;2000;2000;2000;2000;6
2016-02-09;09/02/2016;2000;2000;2000;2000;19
2016-02-10;10/02/2016;2000;2000;2000;2000;32
2016-02-11;11/02/2016;2000;2000;2000;2000;51
2016-02-12;12/02/2016;1965;1965;1965;1965;3
2016-02-15;15/02/2016;2000;2000;2000;2000;5
2016-02-16;16/02/2016;2000;2000;2000;2000;373
2016-02-17;17/02/2016;2001;2001;2001;2001;8
2016-02-18;18/02/2016;2001;2001;2001;2001;51
2016-02-19;19/02/2016;2001;2001;2001;2001;5
2016-02-22;22/02/2016;2001;2001;2001;2001;25
2016-02-23;23/02/2016;2000;2000;2000;2000;50
2016-02-25;25/02/2016;2001;2001;2001;2001;13
2016-02-26;26/02/2016;2020;2020;2020;2020;389
2016-03-01;01/03/2016;2010;2010;2010;2010;8
2016-03-02;02/03/2016;2001;2001;2001;2001;39
2016-03-03;03/03/2016;2100;2100;2100;2100;35
2016-03-04;04/03/2016;2061;2061;2061;2061;20
2016-03-07;07/03/2016;2030;2030;2030;2030;2090
2016-03-08;08/03/2016;2010;2010;2010;2010;34
2016-03-09;09/03/2016;2000;2000;2000;2000;10
2016-03-10;10/03/2016;1990;1990;1990;1990;57
2016-03-11;11/03/2016;1900;1900;1900;1900;164
2016-03-14;14/03/2016;1950;1950;1950;1950;118
2016-03-15;15/03/2016;1920;1920;1920;1920;301
2016-03-16;16/03/2016;1920;1920;1920;1920;20
2016-03-17;17/03/2016;1920;1920;1920;1920;40
2016-03-18;18/03/2016;1920;1920;1920;1920;20
2016-03-22;22/03/2016;1922;1922;1922;1922;7
2016-03-23;23/03/2016;1922;1922;1922;1922;20
2016-03-24;24/03/2016;1950;1950;1950;1950;6
2016-03-25;25/03/2016;2000;2000;2000;2000;7
2016-03-28;28/03/2016;2000;2000;2000;2000;70
2016-03-29;29/03/2016;2000;2000;2000;2000;2
2016-03-30;30/03/2016;1960;1960;1960;1960;77
2016-03-31;31/03/2016;2000;2000;2000;2000;293
2016-04-01;01/04/2016;2010;2010;2010;2010;34
2016-04-04;04/04/2016;2100;2100;2100;2100;61
2016-04-05;05/04/2016;2112;2112;2112;2112;15
2016-04-06;06/04/2016;2112;2112;2112;2112;302
2016-04-07;07/04/2016;2101;2101;2101;2101;8
2016-04-08;08/04/2016;2100;2100;2100;2100;9
2016-04-11;11/04/2016;2056;2056;2056;2056;42
2016-04-12;12/04/2016;2051;2051;2051;2051;158
2016-04-13;13/04/2016;2100;2100;2100;2100;31
2016-04-14;14/04/2016;2112;2112;2112;2112;38
2016-04-15;15/04/2016;2113;2113;2113;2113;10
2016-04-18;18/04/2016;2250;2250;2250;2250;62
2016-04-19;19/04/2016;2100;2100;2100;2100;2062
2016-04-21;21/04/2016;2100;2100;2100;2100;115
2016-04-22;22/04/2016;2010;2010;2010;2010;101
2016-04-25;25/04/2016;1950;1950;1950;1950;28
2016-04-26;26/04/2016;2000;2000;2000;2000;1012
2016-04-28;28/04/2016;2100;2100;2100;2100;538
2016-04-29;29/04/2016;2100;2100;2100;2100;362
2016-05-02;02/05/2016;2100;2100;2100;2100;3620
2016-05-03;03/05/2016;2200;2200;2200;2200;51
2016-05-04;04/05/2016;2190;2190;2190;2190;204
2016-05-05;05/05/2016;2190;2190;2190;2190;2040
2016-05-06;06/05/2016;2100;2100;2100;2100;17
2016-05-10;10/05/2016;2049;2049;2049;2049;11
2016-05-12;12/05/2016;1902;1902;1902;1902;98
2016-05-13;13/05/2016;1901;1901;1901;1901;23
2016-05-16;16/05/2016;1901;1901;1901;1901;230
2016-05-17;17/05/2016;1900;1900;1900;1900;170
2016-05-18;18/05/2016;1920;1920;1920;1920;18
2016-05-19;19/05/2016;1920;1920;1920;1920;119
2016-05-20;20/05/2016;1920;1920;1920;1920;2
2016-05-23;23/05/2016;1930;1930;1930;1930;7
2016-05-24;24/05/2016;2000;2000;2000;2000;331
2016-05-25;25/05/2016;2000;2000;2000;2000;3
2016-05-26;26/05/2016;1950;1950;1950;1950;1
2016-05-27;27/05/2016;1900;1900;1900;1900;14
2016-05-30;30/05/2016;1900;1900;1900;1900;7
2016-06-01;01/06/2016;1900;1900;1900;1900;25
2016-06-03;03/06/2016;1900;1900;1900;1900;18
2016-06-06;06/06/2016;1805;1805;1805;1805;229
2016-06-08;08/06/2016;1900;1900;1900;1900;30
2016-06-10;10/06/2016;1900;1900;1900;1900;81
2016-06-14;14/06/2016;2000;2000;2000;2000;16
2016-06-15;15/06/2016;1960;1960;1960;1960;10
2016-06-16;16/06/2016;1960;1960;1960;1960;53
2016-06-17;17/06/2016;2000;2000;2000;2000;72
2016-06-20;20/06/2016;1950;1950;1950;1950;15
2016-06-21;21/06/2016;1950;1950;1950;1950;22
2016-06-22;22/06/2016;1820;1820;1820;1820;40
2016-06-23;23/06/2016;1822;1822;1822;1822;5
2016-06-24;24/06/2016;1822;1822;1822;1822;22
2016-06-27;27/06/2016;1825;1825;1825;1825;265
2016-06-28;28/06/2016;1900;1900;1900;1900;883
2016-06-29;29/06/2016;1900;1900;1900;1900;15
2016-07-01;01/07/2016;1835;1835;1835;1835;70
2016-07-04;04/07/2016;1850;1850;1850;1850;23
2016-07-05;05/07/2016;1850;1850;1850;1850;8
2016-07-06;06/07/2016;1850;1850;1850;1850;80
2016-07-07;07/07/2016;1870;1870;1870;1870;176
2016-07-08;08/07/2016;1851;1851;1851;1851;181
2016-07-11;11/07/2016;1850;1850;1850;1850;174
2016-07-12;12/07/2016;1831;1831;1831;1831;232
2016-07-13;13/07/2016;1851;1851;1851;1851;94
2016-07-14;14/07/2016;1831;1831;1831;1831;31
2016-07-15;15/07/2016;1849;1849;1849;1849;11
2016-07-18;18/07/2016;1831;1831;1831;1831;112
2016-07-19;19/07/2016;1835;1835;1835;1835;22
2016-07-20;20/07/2016;1851;1851;1851;1851;518
2016-07-21;21/07/2016;1836;1836;1836;1836;20
2016-07-22;22/07/2016;1831;1831;1831;1831;110
2016-07-25;25/07/2016;1832;1832;1832;1832;77
2016-07-26;26/07/2016;1831;1831;1831;1831;33
2016-07-27;27/07/2016;1831;1831;1831;1831;15
2016-07-28;28/07/2016;1832;1832;1832;1832;11
2016-07-29;29/07/2016;1832;1832;1832;1832;20
2016-08-01;01/08/2016;1832;1832;1832;1832;143
2016-08-02;02/08/2016;1849;1849;1849;1849;7
2016-08-05;05/08/2016;1945;1945;1945;1945;150
2016-08-08;08/08/2016;1945;1945;1945;1945;1500
2016-08-09;09/08/2016;1945;1945;1945;1945;5
2016-08-10;10/08/2016;1900;1900;1900;1900;3
2016-08-11;11/08/2016;1845;1845;1845;1845;28
2016-08-12;12/08/2016;1830;1830;1830;1830;29
2016-08-15;15/08/2016;1830;1830;1830;1830;290
2016-08-16;16/08/2016;1830;1830;1830;1830;304
2016-08-17;17/08/2016;1830;1830;1830;1830;13
2016-08-18;18/08/2016;1800;1800;1800;1800;507
2016-08-26;26/08/2016;1800;1800;1800;1800;5
2016-08-29;29/08/2016;1800;1800;1800;1800;10
2016-08-30;30/08/2016;1705;1705;1705;1705;215
2016-09-01;01/09/2016;1700;1700;1700;1700;503
2016-09-02;02/09/2016;1680;1680;1680;1680;11
2016-09-05;05/09/2016;1680;1680;1680;1680;427
2016-09-06;06/09/2016;1650;1650;1650;1650;100
2016-09-07;07/09/2016;1650;1650;1650;1650;6588
2016-09-08;08/09/2016;1650;1650;1650;1650;510
2016-09-09;09/09/2016;1650;1650;1650;1650;441
2016-09-12;12/09/2016;1650;1650;1650;1650;4410
2016-09-13;13/09/2016;1650;1650;1650;1650;29
2016-09-14;14/09/2016;1610;1610;1610;1610;571
2016-09-15;15/09/2016;1610;1610;1610;1610;94
2016-09-16;16/09/2016;1610;1610;1610;1610;444
2016-09-20;20/09/2016;1612;1612;1612;1612;148
2016-09-21;21/09/2016;1640;1640;1640;1640;28
2016-09-22;22/09/2016;1611;1611;1611;1611;524
2016-09-23;23/09/2016;1613;1613;1613;1613;10
2016-09-26;26/09/2016;1620;1620;1620;1620;78
2016-09-27;27/09/2016;1620;1620;1620;1620;106
2016-09-28;28/09/2016;1620;1620;1620;1620;610
2016-09-29;29/09/2016;1620;1620;1620;1620;21
2016-10-05;05/10/2016;1600;1600;1600;1600;25
2016-10-06;06/10/2016;1600;1600;1600;1600;5
2016-10-07;07/10/2016;1600;1600;1600;1600;61
2016-10-10;10/10/2016;1520;1520;1520;1520;176
2016-10-11;11/10/2016;1500;1500;1500;1500;3
2016-10-12;12/10/2016;1388;1388;1388;1388;179
2016-10-13;13/10/2016;1400;1400;1400;1400;1488
2016-10-14;14/10/2016;1388;1388;1388;1388;10
2016-10-17;17/10/2016;1400;1400;1400;1400;287
2016-10-18;18/10/2016;1400;1400;1400;1400;47
2016-10-19;19/10/2016;1401;1401;1401;1401;55
2016-10-20;20/10/2016;1506;1506;1506;1506;10
2016-10-21;21/10/2016;1506;1506;1506;1506;10
2016-10-24;24/10/2016;1400;1400;1400;1400;30
2016-10-25;25/10/2016;1480;1480;1480;1480;895
2016-10-27;27/10/2016;1480;1480;1480;1480;31
2016-10-28;28/10/2016;1480;1480;1480;1480;8
2016-10-31;31/10/2016;1480;1480;1480;1480;113
2016-11-01;01/11/2016;1480;1480;1480;1480;1130
2016-11-02;02/11/2016;1480;1480;1480;1480;74
2016-11-04;04/11/2016;1480;1480;1480;1480;99
2016-11-07;07/11/2016;1480;1480;1480;1480;34
2016-11-08;08/11/2016;1400;1400;1400;1400;24
2016-11-09;09/11/2016;1400;1400;1400;1400;7
2016-11-10;10/11/2016;1450;1450;1450;1450;30
2016-11-11;11/11/2016;1450;1450;1450;1450;28
2016-11-14;14/11/2016;1342;1342;1342;1342;10
2016-11-15;15/11/2016;1341.5;1341.5;1341.5;1341.5;100
2016-11-16;16/11/2016;1342;1342;1342;1342;35
2016-11-18;18/11/2016;1250;1250;1250;1250;25
2016-11-21;21/11/2016;1342;1342;1342;1342;4
2016-11-22;22/11/2016;1250;1250;1250;1250;75
2016-11-23;23/11/2016;1200;1200;1200;1200;62
2016-11-24;24/11/2016;1200;1200;1200;1200;10
2016-11-25;25/11/2016;1200;1200;1200;1200;69
2016-11-28;28/11/2016;1190;1190;1190;1190;15
2016-11-29;29/11/2016;1190;1190;1190;1190;10
2016-11-30;30/11/2016;1188;1188;1188;1188;72
2016-12-01;01/12/2016;1101;1101;1101;1101;1847
2016-12-02;02/12/2016;1105;1105;1105;1105;25
2016-12-05;05/12/2016;1110;1110;1110;1110;107
2016-12-06;06/12/2016;1105;1105;1105;1105;199
2016-12-07;07/12/2016;1106;1106;1106;1106;143
2016-12-08;08/12/2016;1105;1105;1105;1105;77
2016-12-13;13/12/2016;1110;1110;1110;1110;18
2016-12-14;14/12/2016;1100;1100;1100;1100;3
2016-12-15;15/12/2016;1100;1100;1100;1100;370
2016-12-16;16/12/2016;1090;1090;1090;1090;19
2016-12-21;21/12/2016;1100;1100;1100;1100;103
2016-12-22;22/12/2016;1099;1099;1099;1099;103
2016-12-23;23/12/2016;1099;1099;1099;1099;14
2016-12-26;26/12/2016;1099;1099;1099;1099;140
2016-12-27;27/12/2016;1099;1099;1099;1099;5
2016-12-28;28/12/2016;1099;1099;1099;1099;25
2016-12-29;29/12/2016;1090;1090;1090;1090;110
2016-12-30;30/12/2016;1100;1100;1100;1100;115
2017-01-02;02/01/2017;1090;1090;1090;1090;55
2017-01-03;03/01/2017;1090;1090;1090;1090;66
2017-01-04;04/01/2017;1100;1100;1100;1100;350
2017-01-05;05/01/2017;1090;1090;1090;1090;46
2017-01-06;06/01/2017;1080;1080;1080;1080;200
2017-01-09;09/01/2017;1080;1080;1080;1080;88
2017-01-10;10/01/2017;1081;1081;1081;1081;77
2017-01-11;11/01/2017;1081;1081;1081;1081;3
2017-01-12;12/01/2017;1110;1110;1110;1110;6
2017-01-16;16/01/2017;1111;1111;1111;1111;4
2017-01-17;17/01/2017;1120;1120;1120;1120;73
2017-01-19;19/01/2017;1130;1130;1130;1130;32
2017-01-20;20/01/2017;1110;1110;1110;1110;10
2017-01-23;23/01/2017;1193;1193;1193;1193;33
2017-01-24;24/01/2017;1150;1150;1150;1150;135
2017-01-25;25/01/2017;1100;1100;1100;1100;50
2017-01-26;26/01/2017;1150;1150;1150;1150;39
2017-01-27;27/01/2017;1150;1150;1150;1150;187
2017-01-30;30/01/2017;1100;1100;1100;1100;2
2017-01-31;31/01/2017;1100;1100;1100;1100;23
2017-02-01;01/02/2017;1150;1150;1150;1150;32
2017-02-02;02/02/2017;1150;1150;1150;1150;20
2017-02-03;03/02/2017;1100;1100;1100;1100;34
2017-02-07;07/02/2017;1018;1018;1018;1018;22
2017-02-08;08/02/2017;1030;1030;1030;1030;12
2017-02-09;09/02/2017;1000;1000;1000;1000;137
2017-02-10;10/02/2017;1001;1001;1001;1001;21
2017-02-13;13/02/2017;1050;1050;1050;1050;58
2017-02-14;14/02/2017;1100;1100;1100;1100;146
2017-02-15;15/02/2017;1100;1100;1100;1100;441
2017-02-16;16/02/2017;1120;1120;1120;1120;5
2017-02-17;17/02/2017;1100;1100;1100;1100;55
2017-02-20;20/02/2017;1100;1100;1100;1100;236
2017-02-21;21/02/2017;1100;1100;1100;1100;44
2017-02-22;22/02/2017;1100;1100;1100;1100;82
2017-02-23;23/02/2017;1080;1080;1080;1080;106
2017-02-24;24/02/2017;1100;1100;1100;1100;117
2017-02-27;27/02/2017;1100;1100;1100;1100;25
2017-02-28;28/02/2017;1100;1100;1100;1100;10
2017-03-01;01/03/2017;1100;1100;1100;1100;1
2017-03-02;02/03/2017;1060;1060;1060;1060;10
2017-03-03;03/03/2017;1100;1100;1100;1100;25
2017-03-06;06/03/2017;1063;1063;1063;1063;90
2017-03-07;07/03/2017;1050;1050;1050;1050;100
2017-03-08;08/03/2017;1020;1020;1020;1020;17
2017-03-09;09/03/2017;950;950;950;950;373
2017-03-10;10/03/2017;1000;1000;1000;1000;98
2017-03-13;13/03/2017;998;998;998;998;110
2017-03-14;14/03/2017;990;990;990;990;10
2017-03-15;15/03/2017;995;995;995;995;12
2017-03-16;16/03/2017;921;921;921;921;730
2017-03-17;17/03/2017;880;880;880;880;325
2017-03-21;21/03/2017;900;900;900;900;46
2017-03-22;22/03/2017;879;879;879;879;9
2017-03-23;23/03/2017;814;814;814;814;233
2017-03-24;24/03/2017;800;800;800;800;156
2017-03-27;27/03/2017;790;790;790;790;1157
2017-03-28;28/03/2017;789;789;789;789;27
2017-03-29;29/03/2017;747;747;747;747;246
2017-03-30;30/03/2017;747;747;747;747;36
2017-03-31;31/03/2017;699;699;699;699;22
2017-04-03;03/04/2017;660;660;660;660;1139
2017-04-04;04/04/2017;660;660;660;660;693
2017-04-05;05/04/2017;650;650;650;650;197
2017-04-06;06/04/2017;660;660;660;660;202
2017-04-07;07/04/2017;660;660;660;660;79
2017-04-10;10/04/2017;611;611;611;611;130
2017-04-11;11/04/2017;650;650;650;650;4
2017-04-12;12/04/2017;610;610;610;610;156
2017-04-13;13/04/2017;565;565;565;565;174
2017-04-14;14/04/2017;600;600;600;600;10
2017-04-18;18/04/2017;600;600;600;600;21
2017-04-19;19/04/2017;600;600;600;600;325
2017-04-20;20/04/2017;600;600;600;600;210
2017-04-21;21/04/2017;600;600;600;600;80
2017-04-24;24/04/2017;600;600;600;600;56
2017-04-25;25/04/2017;600;600;600;600;111
2017-04-26;26/04/2017;575;575;575;575;245
2017-04-27;27/04/2017;575;575;575;575;207
2017-04-28;28/04/2017;600;600;600;600;305
2017-05-01;01/05/2017;600;600;600;600;3050
2017-05-02;02/05/2017;600;600;600;600;450
2017-05-03;03/05/2017;600;600;600;600;394
2017-05-04;04/05/2017;605;605;605;605;526
2017-05-05;05/05/2017;605;605;605;605;52
2017-05-08;08/05/2017;605;605;605;605;8
2017-05-09;09/05/2017;606;606;606;606;238
2017-05-10;10/05/2017;600;600;600;600;147
2017-05-11;11/05/2017;606;606;606;606;66
2017-05-15;15/05/2017;610;610;610;610;45
2017-05-17;17/05/2017;620;620;620;620;252
2017-05-18;18/05/2017;620;620;620;620;10
2017-05-22;22/05/2017;650;650;650;650;68
2017-05-23;23/05/2017;650;650;650;650;205
2017-05-24;24/05/2017;651;651;651;651;9
2017-05-25;25/05/2017;650.5;650.5;650.5;650.5;90
2017-05-26;26/05/2017;699;699;699;699;265
2017-05-29;29/05/2017;700;700;700;700;116
2017-05-30;30/05/2017;752;752;752;752;70
2017-05-31;31/05/2017;808;808;808;808;13
2017-06-01;01/06/2017;800;800;800;800;41
2017-06-02;02/06/2017;800;800;800;800;376
2017-06-05;05/06/2017;800;800;800;800;3760
2017-06-06;06/06/2017;800;800;800;800;15
2017-06-07;07/06/2017;850;850;850;850;92
2017-06-08;08/06/2017;860;860;860;860;32
2017-06-09;09/06/2017;860;860;860;860;75
2017-06-12;12/06/2017;859;859;859;859;24
2017-06-13;13/06/2017;800;800;800;800;61
2017-06-14;14/06/2017;800;800;800;800;23
2017-06-15;15/06/2017;800;800;800;800;75
2017-06-16;16/06/2017;850;850;850;850;160
2017-06-19;19/06/2017;850;850;850;850;142
2017-06-20;20/06/2017;859;859;859;859;145
2017-06-21;21/06/2017;859;859;859;859;20
2017-06-22;22/06/2017;859;859;859;859;200
2017-06-23;23/06/2017;820;820;820;820;9
2017-06-27;27/06/2017;855;855;855;855;16
2017-06-28;28/06/2017;791;791;791;791;69
2017-06-29;29/06/2017;768;768;768;768;47
2017-06-30;30/06/2017;780;780;780;780;34
2017-07-03;03/07/2017;795;795;795;795;6
2017-07-04;04/07/2017;800;800;800;800;10
2017-07-05;05/07/2017;800;800;800;800;5
2017-07-06;06/07/2017;820;820;820;820;175
2017-07-10;10/07/2017;880;880;880;880;170
2017-07-11;11/07/2017;820;820;820;820;20
2017-07-12;12/07/2017;800;800;800;800;36
2017-07-13;13/07/2017;800;800;800;800;58
2017-07-14;14/07/2017;760;760;760;760;94
2017-07-17;17/07/2017;800;800;800;800;80
2017-07-19;19/07/2017;800;800;800;800;80
2017-07-20;20/07/2017;800;800;800;800;82
2017-07-21;21/07/2017;760;760;760;760;6
2017-07-24;24/07/2017;760;760;760;760;40
2017-07-25;25/07/2017;760;760;760;760;93
2017-07-26;26/07/2017;800;800;800;800;32
2017-07-28;28/07/2017;790;790;790;790;3
2017-07-31;31/07/2017;800;800;800;800;51
2017-08-01;01/08/2017;790;790;790;790;31
2017-08-02;02/08/2017;790;790;790;790;40
2017-08-03;03/08/2017;790;790;790;790;8
2017-08-04;04/08/2017;760;760;760;760;1
2017-08-07;07/08/2017;760;760;760;760;10
2017-08-09;09/08/2017;750;750;750;750;26
2017-08-10;10/08/2017;750;750;750;750;9
2017-08-11;11/08/2017;770;770;770;770;42
2017-08-16;16/08/2017;800;800;800;800;75
2017-08-17;17/08/2017;740;740;740;740;40
2017-08-21;21/08/2017;685;685;685;685;39
2017-08-22;22/08/2017;634;634;634;634;11
2017-08-23;23/08/2017;634;634;634;634;2
2017-08-24;24/08/2017;600;600;600;600;11
2017-08-25;25/08/2017;600;600;600;600;1
2017-08-28;28/08/2017;600;600;600;600;12
2017-08-29;29/08/2017;600;600;600;600;57
2017-08-30;30/08/2017;630;630;630;630;65
2017-08-31;31/08/2017;630;630;630;630;10
2017-09-01;01/09/2017;630;630;630;630;100
2017-09-04;04/09/2017;600;600;600;600;14
2017-09-05;05/09/2017;600;600;600;600;82
2017-09-06;06/09/2017;580;580;580;580;37
2017-09-07;07/09/2017;600;600;600;600;22
2017-09-08;08/09/2017;630;630;630;630;6
2017-09-11;11/09/2017;630;630;630;630;18
2017-09-12;12/09/2017;630;630;630;630;9
2017-09-13;13/09/2017;630;630;630;630;35
2017-09-14;14/09/2017;630;630;630;630;3
2017-09-15;15/09/2017;600;600;600;600;163
2017-09-18;18/09/2017;620;620;620;620;35
2017-09-19;19/09/2017;620;620;620;620;280
2017-09-20;20/09/2017;625;625;625;625;68
2017-09-21;21/09/2017;631;631;631;631;85
2017-09-22;22/09/2017;631;631;631;631;380
2017-09-26;26/09/2017;678;678;678;678;9
2017-09-28;28/09/2017;615;615;615;615;7
2017-09-29;29/09/2017;615;615;615;615;7
2017-10-02;02/10/2017;650;650;650;650;10
2017-10-03;03/10/2017;615;615;615;615;6
2017-10-04;04/10/2017;590;590;590;590;9
2017-10-05;05/10/2017;590;590;590;590;34
2017-10-06;06/10/2017;600;600;600;600;72
2017-10-09;09/10/2017;600;600;600;600;14
2017-10-10;10/10/2017;600;600;600;600;33
2017-10-11;11/10/2017;590;590;590;590;50
2017-10-12;12/10/2017;590;590;590;590;18
2017-10-16;16/10/2017;600;600;600;600;98
2017-10-17;17/10/2017;590;590;590;590;59
2017-10-18;18/10/2017;570;570;570;570;213
2017-10-20;20/10/2017;571;571;571;571;225
2017-10-24;24/10/2017;571;571;571;571;2
2017-10-25;25/10/2017;571;571;571;571;7
2017-10-27;27/10/2017;600;600;600;600;4
2017-10-30;30/10/2017;645;645;645;645;23
2017-10-31;31/10/2017;600;600;600;600;143
2017-11-01;01/11/2017;600;600;600;600;1430
2017-11-02;02/11/2017;580;580;580;580;374
2017-11-03;03/11/2017;540;540;540;540;60
2017-11-06;06/11/2017;570;570;570;570;60
2017-11-07;07/11/2017;540;540;540;540;67
2017-11-08;08/11/2017;540;540;540;540;38
2017-11-09;09/11/2017;500;500;500;500;5
2017-11-10;10/11/2017;463;463;463;463;10
2017-11-13;13/11/2017;465;465;465;465;129
2017-11-14;14/11/2017;442;442;442;442;407
2017-11-15;15/11/2017;442;442;442;442;4070
2017-11-16;16/11/2017;442;442;442;442;316
2017-11-17;17/11/2017;421;421;421;421;17
2017-11-20;20/11/2017;420;420;420;420;558
2017-11-21;21/11/2017;420;420;420;420;19
2017-11-22;22/11/2017;420;420;420;420;95
2017-11-23;23/11/2017;420;420;420;420;5
2017-11-27;27/11/2017;420;420;420;420;13
2017-11-28;28/11/2017;430;430;430;430;10
2017-11-29;29/11/2017;430;430;430;430;3
2017-12-04;04/12/2017;430;430;430;430;7
2017-12-05;05/12/2017;430;430;430;430;2
2017-12-06;06/12/2017;420;420;420;420;6
2017-12-07;07/12/2017;425;425;425;425;15
2017-12-08;08/12/2017;420;420;420;420;287
2017-12-11;11/12/2017;411;411;411;411;7
2017-12-12;12/12/2017;430;430;430;430;351
2017-12-13;13/12/2017;430;430;430;430;60
2017-12-14;14/12/2017;430;430;430;430;11
2017-12-15;15/12/2017;430;430;430;430;16
2017-12-20;20/12/2017;430;430;430;430;3
2017-12-22;22/12/2017;430;430;430;430;77
2017-12-25;25/12/2017;430;430;430;430;77
2017-12-26;26/12/2017;430;430;430;430;1333
2017-12-27;27/12/2017;410;410;410;410;258
2017-12-28;28/12/2017;420;420;420;420;1442
2017-12-29;29/12/2017;400;400;400;400;100
2018-01-02;02/01/2018;420;420;420;420;310
2018-01-03;03/01/2018;420;420;420;420;472
2018-01-04;04/01/2018;415;415;415;415;688
2018-01-05;05/01/2018;410;410;410;410;305
2018-01-08;08/01/2018;410;410;410;410;1073
2018-01-09;09/01/2018;410;410;410;410;242
2018-01-10;10/01/2018;410;410;410;410;1493
2018-01-11;11/01/2018;410;410;410;410;134
2018-01-12;12/01/2018;420;420;420;420;367
2018-01-16;16/01/2018;420;420;420;420;1200
2018-01-17;17/01/2018;420;420;420;420;2544
2018-01-18;18/01/2018;420;420;420;420;367
2018-01-19;19/01/2018;400;400;400;400;1984
2018-01-22;22/01/2018;420;420;420;420;16
2018-01-23;23/01/2018;420;420;420;420;564
2018-01-24;24/01/2018;430;430;430;430;1000
2018-01-25;25/01/2018;430;430;430;430;674
2018-01-26;26/01/2018;460;460;460;460;137
2018-01-29;29/01/2018;430;430;430;430;1142
2018-01-30;30/01/2018;430;430;430;430;170
2018-01-31;31/01/2018;430;430;430;430;200
2018-02-01;01/02/2018;425;425;425;425;509
2018-02-02;02/02/2018;455;455;455;455;208
2018-02-05;05/02/2018;455;455;455;455;354
2018-02-06;06/02/2018;455;455;455;455;280
2018-02-07;07/02/2018;455;455;455;455;170
2018-02-08;08/02/2018;435;435;435;435;1108
2018-02-09;09/02/2018;430;430;430;430;559
2018-02-12;12/02/2018;430;430;430;430;190
2018-02-13;13/02/2018;450;450;450;450;270
2018-02-14;14/02/2018;450;450;450;450;400
2018-02-15;15/02/2018;445;445;445;445;427
2018-02-16;16/02/2018;425;425;425;425;1470
2018-02-19;19/02/2018;440;440;440;440;1090
2018-02-20;20/02/2018;430;430;430;430;215
2018-02-21;21/02/2018;440;440;440;440;102
2018-02-22;22/02/2018;440;440;440;440;10
2018-02-23;23/02/2018;440;440;440;440;25
2018-02-26;26/02/2018;440;440;440;440;627
2018-02-27;27/02/2018;455;455;455;455;448
2018-02-28;28/02/2018;455;455;455;455;150
2018-03-01;01/03/2018;455;455;455;455;2517
2018-03-02;02/03/2018;455;455;455;455;1026
2018-03-05;05/03/2018;485;485;485;485;130
2018-03-06;06/03/2018;520;520;520;520;311
2018-03-07;07/03/2018;550;550;550;550;350
2018-03-08;08/03/2018;590;590;590;590;160
2018-03-09;09/03/2018;555;555;555;555;3719
2018-03-12;12/03/2018;545;545;545;545;4424
2018-03-13;13/03/2018;550;550;550;550;3036
2018-03-14;14/03/2018;585;585;585;585;361
2018-03-15;15/03/2018;600;600;600;600;2021
2018-03-16;16/03/2018;640;640;640;640;758
2018-03-19;19/03/2018;660;660;660;660;105
2018-03-20;20/03/2018;645;645;645;645;467
2018-03-21;21/03/2018;645;645;645;645;339
2018-03-22;22/03/2018;660;660;660;660;455
2018-03-23;23/03/2018;705;705;705;705;1619
2018-03-26;26/03/2018;700;700;700;700;271
2018-03-27;27/03/2018;700;700;700;700;160
2018-03-28;28/03/2018;700;700;700;700;800
2018-03-29;29/03/2018;695;695;695;695;2
2018-03-30;30/03/2018;650;650;650;650;805
2018-04-02;02/04/2018;650;650;650;650;805
2018-04-03;03/04/2018;695;695;695;695;305
2018-04-04;04/04/2018;695;695;695;695;750
2018-04-05;05/04/2018;645;645;645;645;150
2018-04-06;06/04/2018;690;690;690;690;60
2018-04-09;09/04/2018;640;640;640;640;457
2018-04-10;10/04/2018;630;630;630;630;425
2018-04-11;11/04/2018;630;630;630;630;1442
2018-04-13;13/04/2018;620;620;620;620;394
2018-04-16;16/04/2018;620;620;620;620;140
2018-04-17;17/04/2018;600;600;600;600;1180
2018-04-18;18/04/2018;595;595;595;595;340
2018-04-19;19/04/2018;570;570;570;570;146
2018-04-20;20/04/2018;530;530;530;530;50
2018-04-23;23/04/2018;530;530;530;530;222
2018-04-24;24/04/2018;555;555;555;555;217
2018-04-25;25/04/2018;545;545;545;545;105
2018-04-26;26/04/2018;535;535;535;535;189
2018-04-27;27/04/2018;525;525;525;525;1650
2018-05-09;09/05/2018;420;420;420;420;520
2018-05-10;10/05/2018;420;420;420;420;520
2018-05-11;11/05/2018;420;420;420;420;2945
2018-05-14;14/05/2018;400;400;400;400;1090
2018-05-15;15/05/2018;430;430;430;430;4055
2018-05-16;16/05/2018;450;450;450;450;1805
2018-05-17;17/05/2018;430;430;430;430;303
2018-05-18;18/05/2018;400;400;400;400;397
2018-05-21;21/05/2018;400;400;400;400;397
2018-05-22;22/05/2018;395;395;395;395;2200
2018-05-23;23/05/2018;400;400;400;400;1517
2018-05-24;24/05/2018;425;425;425;425;730
2018-05-25;25/05/2018;450;450;450;450;1280
2018-05-28;28/05/2018;450;450;450;450;10
2018-05-29;29/05/2018;450;450;450;450;95
2018-05-30;30/05/2018;460;460;460;460;7
2018-05-31;31/05/2018;440;440;440;440;340
2018-06-01;01/06/2018;450;450;450;450;50
2018-06-04;04/06/2018;425;425;425;425;255
2018-06-05;05/06/2018;400;400;400;400;2466
2018-06-06;06/06/2018;415;415;415;415;10194
2018-06-07;07/06/2018;410;410;410;410;5117
2018-06-08;08/06/2018;415;415;415;415;1074
2018-06-11;11/06/2018;415;415;415;415;1074
2018-06-12;12/06/2018;385;385;385;385;710
2018-06-13;13/06/2018;370;370;370;370;1365
2018-06-14;14/06/2018;370;370;370;370;1365
2018-06-15;15/06/2018;375;375;375;375;6245
2018-06-18;18/06/2018;350;350;350;350;1155
2018-06-19;19/06/2018;375;375;375;375;1192
2018-06-20;20/06/2018;350;350;350;350;3490
2018-06-21;21/06/2018;350;350;350;350;550
2018-06-28;28/06/2018;360;360;360;360;3740
2018-06-29;29/06/2018;350;350;350;350;3065
2018-07-02;02/07/2018;350;350;350;350;2170
2018-07-03;03/07/2018;350;350;350;350;16039
2018-07-04;04/07/2018;375;375;375;375;11360
2018-07-05;05/07/2018;400;400;400;400;130
2018-07-06;06/07/2018;410;410;410;410;396
2018-07-09;09/07/2018;435;435;435;435;2134
2018-07-10;10/07/2018;450;450;450;450;110
2018-07-11;11/07/2018;480;480;480;480;1377
2018-07-12;12/07/2018;490;490;490;490;4500
2018-07-13;13/07/2018;475;475;475;475;2674
2018-07-16;16/07/2018;485;485;485;485;3130
2018-07-17;17/07/2018;480;480;480;480;274
2018-07-18;18/07/2018;485;485;485;485;168
2018-07-19;19/07/2018;490;490;490;490;179
2018-07-20;20/07/2018;490;490;490;490;334
2018-07-23;23/07/2018;490;490;490;490;11662
2018-07-24;24/07/2018;480;480;480;480;2073
2018-07-25;25/07/2018;480;480;480;480;10
2018-07-26;26/07/2018;485;485;485;485;1850
2018-07-31;31/07/2018;480;480;480;480;21383
2018-08-02;02/08/2018;475;475;475;475;72
2018-08-03;03/08/2018;495;495;495;495;14757
2018-08-06;06/08/2018;495;495;495;495;14757
2018-08-07;07/08/2018;495;495;495;495;14757
2018-08-08;08/08/2018;475;475;475;475;208
2018-08-09;09/08/2018;475;475;475;475;6772
2018-08-10;10/08/2018;470;470;470;470;30
2018-08-13;13/08/2018;495;495;495;495;600
2018-08-22;22/08/2018;500;500;500;500;659
2018-08-23;23/08/2018;475;475;475;475;118
2018-08-24;24/08/2018;475;475;475;475;50
2018-08-27;27/08/2018;500;500;500;500;415
2018-08-28;28/08/2018;490;490;490;490;270
2018-08-29;29/08/2018;490;490;490;490;1510
2018-08-30;30/08/2018;490;490;490;490;210
2018-08-31;31/08/2018;490;490;490;490;10
2018-09-03;03/09/2018;490;490;490;490;510
2018-09-04;04/09/2018;490;490;490;490;114
2018-09-05;05/09/2018;480;480;480;480;50
2018-09-06;06/09/2018;470;470;470;470;36
2018-09-10;10/09/2018;470;470;470;470;80
2018-09-11;11/09/2018;470;470;470;470;3408
2018-09-12;12/09/2018;470;470;470;470;700
2018-09-13;13/09/2018;470;470;470;470;210
2018-09-18;18/09/2018;470;470;470;470;19
2018-09-20;20/09/2018;470;470;470;470;1761
2018-09-24;24/09/2018;470;470;470;470;50
2018-09-25;25/09/2018;465;465;465;465;95
2018-09-26;26/09/2018;455;455;455;455;12
2018-09-27;27/09/2018;470;470;470;470;1060
2018-09-28;28/09/2018;470;470;470;470;20
2018-10-01;01/10/2018;470;470;470;470;250
2018-10-02;02/10/2018;475;475;475;475;5
2018-10-03;03/10/2018;465;465;465;465;270
2018-10-05;05/10/2018;465;465;465;465;201
2018-10-08;08/10/2018;465;465;465;465;40
2018-10-09;09/10/2018;470;470;470;470;4755
2018-10-11;11/10/2018;480;480;480;480;80
2018-10-12;12/10/2018;470;470;470;470;2021
2018-10-16;16/10/2018;440;440;440;440;60
2018-10-17;17/10/2018;465;465;465;465;40
2018-10-18;18/10/2018;465;465;465;465;50
2018-10-19;19/10/2018;450;450;450;450;20
2018-10-22;22/10/2018;470;470;470;470;412
2018-10-23;23/10/2018;440;440;440;440;25008
2018-10-24;24/10/2018;445;445;445;445;100
2018-10-25;25/10/2018;470;470;470;470;5242
2018-10-29;29/10/2018;450;450;450;450;80
2018-10-30;30/10/2018;450;450;450;450;200
2018-10-31;31/10/2018;450;450;450;450;4
2018-11-01;01/11/2018;450;450;450;450;4
2018-11-05;05/11/2018;445;445;445;445;203
2018-11-06;06/11/2018;440;440;440;440;980
2018-11-07;07/11/2018;440;440;440;440;36
2018-11-08;08/11/2018;470;470;470;470;4000
2018-11-09;09/11/2018;470;470;470;470;298
2018-11-12;12/11/2018;470;470;470;470;250
2018-11-13;13/11/2018;470;470;470;470;1921
2018-11-14;14/11/2018;470;470;470;470;1069
2018-11-15;15/11/2018;470;470;470;470;1069
2018-11-16;16/11/2018;465;465;465;465;78
2018-11-19;19/11/2018;465;465;465;465;108
2018-11-20;20/11/2018;465;465;465;465;108
2018-11-21;21/11/2018;450;450;450;450;3
2018-11-23;23/11/2018;450;450;450;450;460
2018-11-27;27/11/2018;450;450;450;450;10
2018-11-29;29/11/2018;450;450;450;450;98
2018-11-30;30/11/2018;450;450;450;450;4
2018-12-03;03/12/2018;445;445;445;445;3
2018-12-04;04/12/2018;415;415;415;415;8
2018-12-05;05/12/2018;400;400;400;400;29
2018-12-06;06/12/2018;400;400;400;400;50
2018-12-07;07/12/2018;430;430;430;430;6
2018-12-10;10/12/2018;440;440;440;440;51
2018-12-11;11/12/2018;465;465;465;465;73
2018-12-14;14/12/2018;465;465;465;465;122
2018-12-17;17/12/2018;460;460;460;460;100
2018-12-18;18/12/2018;460;460;460;460;711
2018-12-19;19/12/2018;460;460;460;460;290
2018-12-20;20/12/2018;465;465;465;465;1240
2018-12-24;24/12/2018;465;465;465;465;202
2018-12-25;25/12/2018;465;465;465;465;202
2018-12-26;26/12/2018;495;495;495;495;925
2018-12-27;27/12/2018;500;500;500;500;1200
2018-12-28;28/12/2018;500;500;500;500;200
2018-12-31;31/12/2018;535;535;535;535;2210
2019-01-02;02/01/2019;525;525;525;525;4
2019-01-03;03/01/2019;500;500;500;500;113
2019-01-04;04/01/2019;500;500;500;500;10
2019-01-08;08/01/2019;500;500;500;500;35
2019-01-09;09/01/2019;490;490;490;490;20
2019-01-11;11/01/2019;490;490;490;490;2
2019-01-15;15/01/2019;500;500;500;500;600
2019-01-16;16/01/2019;490;490;490;490;10
2019-01-17;17/01/2019;495;495;495;495;50
2019-01-18;18/01/2019;495;495;495;495;36
2019-01-21;21/01/2019;490;490;490;490;289
2019-01-23;23/01/2019;490;490;490;490;45
2019-01-24;24/01/2019;490;490;490;490;254
2019-01-25;25/01/2019;490;490;490;490;10
2019-01-29;29/01/2019;490;490;490;490;100
2019-01-30;30/01/2019;500;500;500;500;2
2019-01-31;31/01/2019;500;505;500;505;1001
2019-02-04;04/02/2019;505;505;505;505;10
2019-02-05;05/02/2019;505;505;505;505;50
2019-02-07;07/02/2019;500;500;500;500;29
2019-02-11;11/02/2019;490;490;485;485;20
2019-02-12;12/02/2019;450;450;450;450;310
2019-02-18;18/02/2019;445;445;445;445;115
2019-02-19;19/02/2019;440;440;440;440;1
2019-02-20;20/02/2019;430;430;430;430;395
2019-02-21;21/02/2019;425;425;425;425;25
2019-02-22;22/02/2019;400;400;400;400;1000
2019-02-25;25/02/2019;400;400;400;400;750
2019-02-26;26/02/2019;400;400;400;400;233
2019-02-27;27/02/2019;400;400;400;400;49
2019-02-28;28/02/2019;395;395;395;395;40
2019-03-01;01/03/2019;400;400;400;400;35
2019-03-04;04/03/2019;400;400;395;395;562
2019-03-05;05/03/2019;385;385;385;385;53
2019-03-06;06/03/2019;370;410;370;410;2327
2019-03-07;07/03/2019;410;410;410;410;510
2019-03-08;08/03/2019;410;410;410;410;556
2019-03-11;11/03/2019;440;440;440;440;39
2019-03-12;12/03/2019;440;465;440;465;186
2019-03-13;13/03/2019;495;495;490;490;284
2019-03-14;14/03/2019;490;490;490;490;322
2019-03-15;15/03/2019;490;490;490;490;125
2019-03-18;18/03/2019;490;490;490;490;100
2019-03-19;19/03/2019;490;490;490;490;11
2019-03-21;21/03/2019;485;485;485;485;50
2019-03-22;22/03/2019;450;450;450;450;1
2019-03-26;26/03/2019;420;420;420;420;55
2019-03-28;28/03/2019;400;415;400;415;140
2019-03-29;29/03/2019;400;400;400;400;119
2019-04-01;01/04/2019;400;400;400;400;158
2019-04-03;03/04/2019;410;410;410;410;421
2019-04-04;04/04/2019;410;430;410;430;1154
2019-04-05;05/04/2019;450;450;430;430;7620
2019-04-08;08/04/2019;430;430;430;430;1307
2019-04-09;09/04/2019;415;425;415;425;65
2019-04-10;10/04/2019;415;415;415;415;57
2019-04-11;11/04/2019;415;415;415;415;144
2019-04-12;12/04/2019;415;415;385;385;70
2019-04-15;15/04/2019;385;385;385;385;204
2019-04-17;17/04/2019;410;410;410;410;129
2019-04-18;18/04/2019;410;410;410;410;5
2019-04-19;19/04/2019;410;410;410;410;27
2019-04-22;22/04/2019;410;410;410;410;27
2019-04-23;23/04/2019;410;410;410;410;34
2019-04-24;24/04/2019;410;410;410;410;604
2019-04-25;25/04/2019;410;410;410;410;20
2019-04-26;26/04/2019;410;430;410;430;1765
2019-04-29;29/04/2019;430;430;430;430;20
2019-04-30;30/04/2019;430;430;430;430;193
2019-05-01;01/05/2019;430;430;430;430;193
2019-05-02;02/05/2019;450;450;430;430;1005
2019-05-03;03/05/2019;450;450;450;450;169
2019-05-06;06/05/2019;430;445;430;445;669
2019-05-07;07/05/2019;445;450;445;450;1800
2019-05-10;10/05/2019;420;420;420;420;21
2019-05-13;13/05/2019;400;405;400;405;5640
2019-05-14;14/05/2019;400;400;400;400;200
2019-05-15;15/05/2019;390;390;380;380;183
2019-05-16;16/05/2019;380;380;380;380;785
2019-05-17;17/05/2019;390;390;390;390;6
2019-05-20;20/05/2019;380;380;380;380;402
2019-05-21;21/05/2019;380;400;380;400;732
2019-05-22;22/05/2019;390;390;380;380;2000
2019-05-23;23/05/2019;405;405;405;405;1
2019-05-24;24/05/2019;400;400;400;400;10094
2019-05-28;28/05/2019;400;420;400;420;21
2019-05-31;31/05/2019;415;420;415;420;429
2019-06-03;03/06/2019;425;425;425;425;332
2019-06-05;05/06/2019;425;425;425;425;554
2019-06-06;06/06/2019;425;425;425;425;11
2019-06-07;07/06/2019;425;425;425;425;400
2019-06-11;11/06/2019;425;430;425;430;74
2019-06-12;12/06/2019;425;425;425;425;144
2019-06-17;17/06/2019;425;425;425;425;260
2019-06-19;19/06/2019;430;430;430;430;30
2019-06-20;20/06/2019;425;425;425;425;50
2019-06-21;21/06/2019;425;425;425;425;8
2019-06-24;24/06/2019;425;425;425;425;876
2019-06-27;27/06/2019;420;420;410;410;53
2019-06-28;28/06/2019;410;410;410;410;15
2019-07-02;02/07/2019;400;400;400;400;2
2019-07-03;03/07/2019;400;400;400;400;500
2019-07-04;04/07/2019;395;395;395;395;75
2019-07-10;10/07/2019;390;390;390;390;14
2019-07-15;15/07/2019;375;375;375;375;19
2019-07-16;16/07/2019;350;375;350;375;522
2019-07-18;18/07/2019;360;360;350;350;1562
2019-07-22;22/07/2019;350;350;350;350;1
2019-07-25;25/07/2019;375;375;375;375;538
2019-07-26;26/07/2019;350;350;350;350;373
2019-07-29;29/07/2019;325;330;325;330;2814
2019-07-30;30/07/2019;350;350;350;350;30
2019-07-31;31/07/2019;375;375;375;375;736
2019-08-01;01/08/2019;375;375;375;375;10
2019-08-08;08/08/2019;375;375;375;375;22
2019-08-09;09/08/2019;375;375;375;375;750
2019-08-12;12/08/2019;375;375;375;375;750
2019-08-13;13/08/2019;370;390;370;390;38
2019-08-14;14/08/2019;375;375;375;375;255
2019-08-15;15/08/2019;375;375;375;375;255
2019-08-16;16/08/2019;350;365;350;365;252
2019-08-19;19/08/2019;350;350;345;345;550
2019-08-20;20/08/2019;320;350;320;350;1308
2019-08-21;21/08/2019;370;370;370;370;3
2019-08-22;22/08/2019;370;370;370;370;3
2019-08-23;23/08/2019;370;370;370;370;8
2019-08-28;28/08/2019;370;370;365;365;12
2019-09-02;02/09/2019;360;360;360;360;280
2019-09-03;03/09/2019;350;350;350;350;1000
2019-09-11;11/09/2019;325;325;325;325;1057
2019-09-12;12/09/2019;325;325;325;325;214
2019-09-13;13/09/2019;305;305;305;305;20
2019-09-16;16/09/2019;305;305;300;300;566
2019-09-17;17/09/2019;305;305;305;305;810
2019-09-18;18/09/2019;305;325;305;325;1045
2019-09-19;19/09/2019;345;345;310;310;368
2019-09-20;20/09/2019;310;315;310;315;1402
2019-09-25;25/09/2019;315;315;315;315;180
2019-09-26;26/09/2019;310;310;310;310;800
2019-09-27;27/09/2019;310;310;310;310;1245
2019-10-01;01/10/2019;310;310;310;310;374
2019-10-07;07/10/2019;305;305;305;305;100
2019-10-08;08/10/2019;300;300;300;300;270
2019-10-10;10/10/2019;300;300;300;300;380
2019-10-14;14/10/2019;300;300;300;300;4000
2019-10-15;15/10/2019;300;300;300;300;30
2019-10-16;16/10/2019;300;300;300;300;45
2019-10-17;17/10/2019;315;315;315;315;60
2019-10-18;18/10/2019;315;315;300;300;1742
2019-10-22;22/10/2019;305;315;305;315;5
2019-10-24;24/10/2019;300;300;300;300;70
2019-10-25;25/10/2019;300;300;300;300;462
2019-10-28;28/10/2019;300;300;300;300;400
2019-10-30;30/10/2019;300;300;300;300;23
2019-11-04;04/11/2019;300;300;290;290;552
2019-11-05;05/11/2019;290;290;290;290;50
2019-11-07;07/11/2019;290;290;290;290;2
2019-11-08;08/11/2019;300;300;300;300;321
2019-11-11;11/11/2019;300;300;290;290;70
2019-11-12;12/11/2019;290;290;290;290;160
2019-11-13;13/11/2019;290;290;290;290;3
2019-11-18;18/11/2019;290;290;290;290;10
2019-11-19;19/11/2019;270;270;270;270;1540
2019-11-20;20/11/2019;270;270;270;270;650
2019-11-21;21/11/2019;260;260;260;260;500
2019-11-25;25/11/2019;260;260;250;250;857
2019-11-26;26/11/2019;250;250;250;250;4
2019-11-27;27/11/2019;250;250;250;250;5835
2019-11-28;28/11/2019;245;245;245;245;586
2019-12-02;02/12/2019;250;250;250;250;1579
2019-12-03;03/12/2019;245;250;245;250;80
2019-12-04;04/12/2019;245;245;245;245;5
2019-12-05;05/12/2019;245;245;230;230;255
2019-12-06;06/12/2019;225;225;215;215;232
2019-12-09;09/12/2019;225;225;205;205;470
2019-12-10;10/12/2019;205;220;205;220;1429
2019-12-11;11/12/2019;210;215;210;215;1200
2019-12-12;12/12/2019;215;215;200;200;306
2019-12-17;17/12/2019;200;205;200;205;207
2019-12-18;18/12/2019;205;205;200;200;500
2019-12-19;19/12/2019;210;210;210;210;7
2019-12-20;20/12/2019;200;200;200;200;500
2019-12-23;23/12/2019;200;200;200;200;1000
2019-12-27;27/12/2019;185;185;185;185;346
2019-12-30;30/12/2019;185;185;180;180;173
2019-12-31;31/12/2019;185;185;185;185;77
2020-01-01;01/01/2020;185;185;185;185;77
2020-01-03;03/01/2020;190;195;190;195;7
2020-01-06;06/01/2020;195;200;195;200;884
2020-01-08;08/01/2020;215;215;215;215;100
2020-01-09;09/01/2020;230;230;225;225;425
2020-01-10;10/01/2020;225;225;225;225;387
2020-01-13;13/01/2020;225;225;225;225;176
2020-01-14;14/01/2020;230;230;225;225;608
2020-01-15;15/01/2020;230;230;225;225;767
2020-01-16;16/01/2020;230;230;210;210;7184
2020-01-17;17/01/2020;210;210;210;210;301
2020-01-20;20/01/2020;210;210;210;210;407
2020-01-21;21/01/2020;225;225;225;225;284
2020-01-22;22/01/2020;225;225;225;225;30
2020-01-23;23/01/2020;240;240;240;240;2
2020-01-24;24/01/2020;255;255;255;255;50
2020-01-27;27/01/2020;240;245;240;245;324
2020-01-28;28/01/2020;245;245;245;245;300
2020-01-29;29/01/2020;245;245;240;240;146
2020-01-30;30/01/2020;240;240;240;240;797
2020-01-31;31/01/2020;240;240;240;240;142
2020-02-03;03/02/2020;235;235;235;235;630
2020-02-04;04/02/2020;235;235;235;235;901
2020-02-05;05/02/2020;230;230;230;230;1207
2020-02-06;06/02/2020;240;240;240;240;5
2020-02-07;07/02/2020;230;230;230;230;225
2020-02-10;10/02/2020;240;240;230;230;44
2020-02-11;11/02/2020;240;240;240;240;170
2020-02-12;12/02/2020;240;240;240;240;170
2020-02-17;17/02/2020;230;230;230;230;520
2020-02-20;20/02/2020;230;230;230;230;187
2020-02-28;28/02/2020;230;230;230;230;145
2020-03-02;02/03/2020;230;230;230;230;75
2020-03-03;03/03/2020;235;235;230;230;151
2020-03-04;04/03/2020;230;230;225;225;185
2020-03-05;05/03/2020;225;225;225;225;58
2020-03-06;06/03/2020;225;225;225;225;4
2020-03-09;09/03/2020;210;210;210;210;200
2020-03-10;10/03/2020;210;210;210;210;504
2020-03-11;11/03/2020;210;210;210;210;462
2020-03-12;12/03/2020;210;210;210;210;5
2020-03-13;13/03/2020;200;200;200;200;650
2020-03-16;16/03/2020;200;200;200;200;969
2020-03-17;17/03/2020;210;210;210;210;489
2020-03-18;18/03/2020;210;225;210;225;89
2020-03-19;19/03/2020;230;230;210;210;386
2020-03-23;23/03/2020;210;210;210;210;525
2020-03-24;24/03/2020;215;215;210;210;1723
2020-03-25;25/03/2020;215;215;215;215;412
2020-03-26;26/03/2020;220;220;220;220;25
2020-03-30;30/03/2020;220;220;220;220;970
2020-03-31;31/03/2020;220;235;220;235;293
2020-04-01;01/04/2020;235;240;235;240;2410
2020-04-02;02/04/2020;250;250;240;240;114
2020-04-03;03/04/2020;240;240;225;225;320
2020-04-06;06/04/2020;240;240;240;240;305
2020-04-07;07/04/2020;240;240;240;240;225
2020-04-08;08/04/2020;245;245;240;240;215
2020-04-09;09/04/2020;240;250;240;250;221
2020-04-10;10/04/2020;250;250;250;250;530
2020-04-13;13/04/2020;250;250;250;250;530
2020-04-14;14/04/2020;265;265;265;265;1005
2020-04-16;16/04/2020;270;275;270;275;135
2020-04-20;20/04/2020;280;285;280;285;225
2020-04-21;21/04/2020;285;285;285;285;328
2020-04-22;22/04/2020;285;285;285;285;500
2020-04-24;24/04/2020;285;285;285;285;15
2020-04-28;28/04/2020;280;280;280;280;40
2020-04-29;29/04/2020;275;275;265;265;2025
2020-05-04;04/05/2020;250;250;250;250;139
2020-05-05;05/05/2020;235;235;235;235;70
2020-05-07;07/05/2020;225;225;225;225;450
2020-05-08;08/05/2020;215;215;210;210;354
2020-05-11;11/05/2020;205;205;195;195;1975
2020-05-12;12/05/2020;195;195;195;195;391
2020-05-15;15/05/2020;200;200;200;200;9
2020-05-19;19/05/2020;205;205;205;205;300
2020-05-26;26/05/2020;200;200;200;200;100
2020-05-29;29/05/2020;210;210;210;210;2
2020-06-01;01/06/2020;210;210;210;210;2
2020-06-02;02/06/2020;200;200;200;200;1150
2020-06-03;03/06/2020;200;200;200;200;1000
2020-06-04;04/06/2020;200;200;200;200;1638
2020-06-08;08/06/2020;210;210;200;200;2480
2020-06-09;09/06/2020;215;215;215;215;1
2020-06-10;10/06/2020;230;230;230;230;1
2020-06-11;11/06/2020;245;245;245;245;1
2020-06-12;12/06/2020;250;250;245;245;28
2020-06-15;15/06/2020;245;245;245;245;60
2020-06-16;16/06/2020;245;245;240;240;60
2020-06-17;17/06/2020;245;245;240;240;973
2020-06-18;18/06/2020;240;240;240;240;2938
2020-06-19;19/06/2020;240;240;240;240;932
2020-06-22;22/06/2020;240;240;240;240;3071
2020-06-23;23/06/2020;245;245;245;245;1374
2020-06-24;24/06/2020;250;250;250;250;367
2020-06-25;25/06/2020;250;250;250;250;601
2020-06-26;26/06/2020;250;250;250;250;3388
2020-06-29;29/06/2020;235;235;235;235;43
2020-06-30;30/06/2020;250;250;235;235;201
2020-07-01;01/07/2020;235;235;235;235;1
2020-07-03;03/07/2020;235;235;235;235;1
2020-07-06;06/07/2020;235;235;220;220;59
2020-07-07;07/07/2020;225;225;220;220;98
2020-07-08;08/07/2020;220;220;220;220;302
2020-07-13;13/07/2020;210;210;210;210;1
2020-07-15;15/07/2020;215;215;210;210;18949
2020-07-16;16/07/2020;210;210;210;210;1200
2020-07-17;17/07/2020;195;195;195;195;28
2020-07-20;20/07/2020;200;200;200;200;801
2020-07-21;21/07/2020;215;215;215;215;2
2020-07-23;23/07/2020;230;230;230;230;5
2020-07-24;24/07/2020;245;245;245;245;41
2020-07-27;27/07/2020;230;230;230;230;40
2020-07-28;28/07/2020;215;215;215;215;72
2020-07-29;29/07/2020;220;220;220;220;120
2020-07-30;30/07/2020;225;225;225;225;15
2020-07-31;31/07/2020;225;225;225;225;15
2020-08-03;03/08/2020;225;225;220;220;140
2020-08-04;04/08/2020;220;220;220;220;2743
2020-08-05;05/08/2020;210;210;210;210;49
2020-08-10;10/08/2020;200;200;200;200;35
2020-08-11;11/08/2020;215;215;215;215;1
2020-08-12;12/08/2020;220;220;215;215;81
2020-08-13;13/08/2020;215;215;200;200;300
2020-08-18;18/08/2020;200;200;200;200;230
2020-08-21;21/08/2020;210;210;210;210;3080
2020-08-25;25/08/2020;210;210;210;210;5
2020-08-26;26/08/2020;195;195;195;195;100
2020-08-28;28/08/2020;185;185;185;185;1807
2020-08-31;31/08/2020;175;175;175;175;2393
2020-09-02;02/09/2020;165;165;165;165;137
2020-09-04;04/09/2020;175;175;175;175;1200
2020-09-07;07/09/2020;165;175;165;175;333
2020-09-08;08/09/2020;175;175;175;175;212
2020-09-10;10/09/2020;175;175;175;175;35
2020-09-14;14/09/2020;185;185;185;185;10
2020-09-15;15/09/2020;185;185;185;185;171
2020-09-17;17/09/2020;180;180;180;180;2
2020-09-18;18/09/2020;180;185;180;185;508
2020-09-21;21/09/2020;180;195;180;195;601
2020-09-29;29/09/2020;195;205;195;205;12
2020-10-02;02/10/2020;210;210;210;210;190
2020-10-05;05/10/2020;210;210;210;210;6
2020-10-06;06/10/2020;210;210;210;210;207
2020-10-07;07/10/2020;210;210;210;210;85
2020-10-08;08/10/2020;210;225;210;225;517
2020-10-09;09/10/2020;225;225;225;225;200
2020-10-12;12/10/2020;220;220;220;220;776
2020-10-14;14/10/2020;220;220;220;220;1
2020-10-15;15/10/2020;220;220;220;220;10
2020-10-19;19/10/2020;215;215;215;215;60
2020-10-20;20/10/2020;215;215;215;215;44
2020-10-22;22/10/2020;210;210;210;210;167
2020-10-23;23/10/2020;195;195;195;195;200
2020-10-26;26/10/2020;195;195;195;195;107
2020-10-27;27/10/2020;195;195;195;195;48
2020-10-28;28/10/2020;185;185;185;185;75
2020-10-29;29/10/2020;185;185;185;185;75
2020-10-30;30/10/2020;185;185;185;185;153
2020-11-03;03/11/2020;185;185;185;185;101
2020-11-04;04/11/2020;185;185;185;185;1167
2020-11-05;05/11/2020;185;185;185;185;301
2020-11-09;09/11/2020;175;175;175;175;637
2020-11-11;11/11/2020;175;175;175;175;94
2020-11-12;12/11/2020;175;175;175;175;506
2020-11-13;13/11/2020;175;175;175;175;150
2020-11-19;19/11/2020;185;185;185;185;1
2020-11-20;20/11/2020;195;195;195;195;4
2020-11-23;23/11/2020;205;205;205;205;1
2020-11-24;24/11/2020;195;195;195;195;50
2020-11-25;25/11/2020;205;205;205;205;6
2020-11-27;27/11/2020;200;200;200;200;83
2020-11-30;30/11/2020;200;200;200;200;17
2020-12-01;01/12/2020;200;205;200;205;14943
2020-12-02;02/12/2020;190;190;190;190;60
2020-12-15;15/12/2020;195;195;195;195;15
2020-12-16;16/12/2020;200;200;200;200;5514
2020-12-17;17/12/2020;200;200;200;200;154
2020-12-18;18/12/2020;200;200;200;200;66011
2020-12-23;23/12/2020;215;215;215;215;3
2020-12-24;24/12/2020;200;200;200;200;453
2020-12-25;25/12/2020;200;200;200;200;453
2020-12-28;28/12/2020;200;200;185;185;693
2020-12-29;29/12/2020;185;195;185;195;3404
2020-12-30;30/12/2020;195;195;195;195;25
2020-12-31;31/12/2020;185;185;185;185;15
2021-01-05;05/01/2021;185;185;185;185;840
2021-01-06;06/01/2021;180;185;180;185;2336
2021-01-07;07/01/2021;190;190;190;190;100
2021-01-11;11/01/2021;200;200;200;200;35
2021-01-12;12/01/2021;200;200;200;200;1
2021-01-13;13/01/2021;200;200;200;200;1464
2021-01-14;14/01/2021;200;200;200;200;52
2021-01-18;18/01/2021;200;200;200;200;245
2021-01-19;19/01/2021;200;200;200;200;15
2021-01-20;20/01/2021;200;200;200;200;135
2021-01-21;21/01/2021;195;195;195;195;165
2021-01-22;22/01/2021;195;200;195;200;580
2021-01-26;26/01/2021;200;200;200;200;2528
2021-01-27;27/01/2021;200;200;200;200;3086
2021-01-28;28/01/2021;200;200;200;200;605
2021-01-29;29/01/2021;205;205;205;205;200
2021-02-01;01/02/2021;215;215;215;215;30
2021-02-02;02/02/2021;215;215;205;205;746
2021-02-03;03/02/2021;205;205;205;205;2821
2021-02-04;04/02/2021;205;205;205;205;326
2021-02-05;05/02/2021;205;205;205;205;100
2021-02-08;08/02/2021;205;205;205;205;45
2021-02-09;09/02/2021;200;200;200;200;250
2021-02-10;10/02/2021;205;205;205;205;10
2021-02-11;11/02/2021;205;205;200;200;78
2021-02-12;12/02/2021;205;205;205;205;30
2021-02-15;15/02/2021;205;205;200;200;146
2021-02-16;16/02/2021;200;200;200;200;1926
2021-02-17;17/02/2021;205;205;205;205;1
2021-02-18;18/02/2021;205;205;200;200;289
2021-02-19;19/02/2021;205;205;205;205;100
2021-02-22;22/02/2021;200;200;200;200;200
2021-02-24;24/02/2021;200;205;200;205;40
2021-02-26;26/02/2021;205;205;205;205;1
2021-03-02;02/03/2021;205;205;205;205;230
2021-03-03;03/03/2021;200;200;200;200;200
2021-03-04;04/03/2021;200;200;200;200;140
2021-03-05;05/03/2021;205;205;205;205;500
2021-03-09;09/03/2021;205;205;205;205;12
2021-03-10;10/03/2021;200;200;200;200;40
2021-03-11;11/03/2021;205;205;205;205;58
2021-03-12;12/03/2021;210;210;210;210;40
2021-03-15;15/03/2021;210;210;210;210;15
2021-03-16;16/03/2021;210;210;210;210;65
2021-03-17;17/03/2021;210;210;210;210;10
2021-03-18;18/03/2021;210;210;210;210;26
2021-03-19;19/03/2021;205;210;205;210;478
2021-03-22;22/03/2021;210;210;210;210;839
2021-03-24;24/03/2021;210;210;210;210;235
2021-03-26;26/03/2021;210;210;210;210;300
2021-03-31;31/03/2021;210;210;210;210;170
2021-04-01;01/04/2021;210;210;210;210;110
2021-04-06;06/04/2021;210;210;210;210;100
2021-04-07;07/04/2021;210;210;210;210;281
2021-04-08;08/04/2021;215;215;210;210;7
2021-04-09;09/04/2021;210;210;210;210;15
2021-04-12;12/04/2021;210;210;210;210;719
2021-04-13;13/04/2021;210;210;210;210;52
2021-04-14;14/04/2021;210;210;210;210;18
2021-04-15;15/04/2021;210;210;205;205;202
2021-04-16;16/04/2021;205;205;200;200;7655
2021-04-19;19/04/2021;200;200;200;200;10
2021-04-20;20/04/2021;200;200;200;200;100
2021-04-22;22/04/2021;200;200;200;200;1383
2021-04-23;23/04/2021;200;200;200;200;250
2021-04-26;26/04/2021;200;215;200;215;1785
2021-04-27;27/04/2021;210;220;210;220;407
2021-04-28;28/04/2021;210;220;210;220;1228
2021-04-29;29/04/2021;220;220;220;220;1100
2021-04-30;30/04/2021;220;220;215;215;104
2021-05-03;03/05/2021;215;215;215;215;637
2021-05-04;04/05/2021;220;220;220;220;3
2021-05-05;05/05/2021;220;220;220;220;135
2021-05-07;07/05/2021;235;235;220;220;251
2021-05-10;10/05/2021;235;235;235;235;104
2021-05-11;11/05/2021;250;250;250;250;149
2021-05-12;12/05/2021;250;250;250;250;149
2021-05-14;14/05/2021;265;265;265;265;5
2021-05-17;17/05/2021;265;280;265;280;66
2021-05-18;18/05/2021;260;300;260;300;885
2021-05-19;19/05/2021;300;320;300;320;3184
2021-05-20;20/05/2021;340;340;340;340;360
2021-05-21;21/05/2021;345;365;345;365;83
2021-05-24;24/05/2021;345;365;345;365;83
2021-05-25;25/05/2021;365;390;365;390;1183
2021-05-26;26/05/2021;390;390;390;390;860
2021-05-27;27/05/2021;390;410;390;410;1655
2021-05-28;28/05/2021;435;435;435;435;440
2021-05-31;31/05/2021;440;440;435;435;516
2021-06-01;01/06/2021;435;435;435;435;114
2021-06-02;02/06/2021;435;435;425;425;287
2021-06-03;03/06/2021;395;395;395;395;749
2021-06-04;04/06/2021;390;390;370;370;4109
2021-06-07;07/06/2021;365;365;345;345;1115
2021-06-08;08/06/2021;320;320;320;320;696
2021-06-09;09/06/2021;320;325;320;325;1617
2021-06-10;10/06/2021;325;335;325;335;152
2021-06-11;11/06/2021;335;345;335;345;1383
2021-06-14;14/06/2021;360;370;360;370;1201
2021-06-15;15/06/2021;370;370;370;370;821
2021-06-16;16/06/2021;370;370;370;370;717
2021-06-18;18/06/2021;350;395;350;395;9032
2021-06-21;21/06/2021;420;420;420;420;252
2021-06-22;22/06/2021;435;450;435;450;1312
2021-06-23;23/06/2021;480;480;480;480;10420
2021-06-24;24/06/2021;480;480;480;480;371
2021-06-25;25/06/2021;480;480;470;470;240
2021-06-28;28/06/2021;450;450;435;435;251
2021-06-29;29/06/2021;435;435;410;410;422
2021-06-30;30/06/2021;380;410;380;410;520
2021-07-01;01/07/2021;390;420;390;420;3455
2021-07-02;02/07/2021;435;450;435;450;903
2021-07-05;05/07/2021;450;450;435;435;498
2021-07-06;06/07/2021;435;435;435;435;50
2021-07-07;07/07/2021;450;450;435;435;123
2021-07-08;08/07/2021;440;440;435;435;78
2021-07-09;09/07/2021;450;450;425;425;202
2021-07-12;12/07/2021;425;455;425;455;997
2021-07-13;13/07/2021;470;470;470;470;155
2021-07-14;14/07/2021;455;470;455;470;21
2021-07-15;15/07/2021;470;470;470;470;1070
2021-07-16;16/07/2021;470;470;470;470;328
2021-07-19;19/07/2021;465;465;465;465;137
2021-07-20;20/07/2021;465;465;465;465;137
2021-07-21;21/07/2021;465;465;465;465;379
2021-07-22;22/07/2021;465;465;465;465;758
2021-07-23;23/07/2021;465;465;465;465;137
2021-07-26;26/07/2021;465;465;465;465;152
2021-07-27;27/07/2021;465;470;465;470;1044
2021-07-28;28/07/2021;470;470;465;465;4149
2021-07-29;29/07/2021;470;470;465;465;136
2021-07-30;30/07/2021;465;465;450;450;1587
2021-08-02;02/08/2021;450;465;450;465;413
2021-08-03;03/08/2021;450;450;445;445;49
2021-08-04;04/08/2021;425;445;425;445;1355
2021-08-05;05/08/2021;465;465;465;465;356
2021-08-09;09/08/2021;465;465;465;465;285
2021-08-10;10/08/2021;460;460;450;450;115
2021-08-11;11/08/2021;455;455;450;450;596
2021-08-12;12/08/2021;435;455;435;455;72
2021-08-13;13/08/2021;455;460;455;460;240
2021-08-16;16/08/2021;460;460;450;450;150
2021-08-17;17/08/2021;460;460;450;450;97
2021-08-18;18/08/2021;455;455;455;455;95
2021-08-19;19/08/2021;455;455;450;450;530
2021-08-20;20/08/2021;460;460;455;455;513
2021-08-23;23/08/2021;460;460;455;455;508
2021-08-24;24/08/2021;455;455;455;455;771
2021-08-25;25/08/2021;455;455;455;455;452
2021-08-26;26/08/2021;465;465;465;465;315
2021-08-27;27/08/2021;465;465;460;460;1046
2021-08-30;30/08/2021;460;465;460;465;4
2021-08-31;31/08/2021;460;460;460;460;170
2021-09-01;01/09/2021;465;465;460;460;30
2021-09-03;03/09/2021;460;460;460;460;1384
2021-09-06;06/09/2021;455;455;455;455;558
2021-09-07;07/09/2021;455;455;455;455;1191
2021-09-08;08/09/2021;455;455;450;450;351
2021-09-09;09/09/2021;455;455;455;455;100
2021-09-10;10/09/2021;450;455;450;455;686
2021-09-13;13/09/2021;455;455;455;455;260
2021-09-14;14/09/2021;455;455;455;455;50
2021-09-15;15/09/2021;455;455;455;455;35
2021-09-16;16/09/2021;455;455;455;455;78
2021-09-20;20/09/2021;460;460;460;460;5868
2021-09-21;21/09/2021;460;460;460;460;646
2021-09-22;22/09/2021;465;465;460;460;747
2021-09-23;23/09/2021;470;490;470;490;3135
2021-09-24;24/09/2021;500;500;500;500;5148
2021-09-27;27/09/2021;535;535;535;535;51
2021-09-28;28/09/2021;575;575;545;545;6889
2021-09-29;29/09/2021;570;585;570;585;268
2021-09-30;30/09/2021;585;625;585;625;1263
2021-10-01;01/10/2021;625;670;625;670;345
2021-10-04;04/10/2021;670;670;665;665;1011
2021-10-05;05/10/2021;665;665;660;660;492
2021-10-06;06/10/2021;660;660;650;650;219
2021-10-07;07/10/2021;650;650;615;615;785
2021-10-08;08/10/2021;600;615;600;615;1185
2021-10-11;11/10/2021;610;610;610;610;1300
2021-10-12;12/10/2021;610;610;600;600;1258
2021-10-13;13/10/2021;600;645;600;645;2602
2021-10-14;14/10/2021;645;645;645;645;12
2021-10-15;15/10/2021;645;645;635;635;176
2021-10-18;18/10/2021;645;645;635;635;176
2021-10-19;19/10/2021;615;635;615;635;644
2021-10-20;20/10/2021;615;615;615;615;110
2021-10-21;21/10/2021;615;635;615;635;867
2021-10-22;22/10/2021;640;640;610;610;214
2021-10-25;25/10/2021;600;600;600;600;250
2021-10-26;26/10/2021;600;630;600;630;522
2021-10-27;27/10/2021;615;615;615;615;50
2021-10-28;28/10/2021;600;620;600;620;64
2021-10-29;29/10/2021;620;620;615;615;296
2021-11-01;01/11/2021;620;620;615;615;296
2021-11-02;02/11/2021;600;610;600;610;3202
2021-11-03;03/11/2021;615;615;600;600;119
2021-11-04;04/11/2021;605;605;605;605;310
2021-11-05;05/11/2021;615;615;615;615;265
2021-11-08;08/11/2021;610;610;600;600;2087
2021-11-09;09/11/2021;615;615;615;615;2392
2021-11-10;10/11/2021;615;615;610;610;827
2021-11-11;11/11/2021;610;610;610;610;1418
2021-11-12;12/11/2021;605;615;605;615;135
2021-11-15;15/11/2021;605;615;605;615;135
2021-11-16;16/11/2021;605;605;605;605;1302
2021-11-17;17/11/2021;605;615;605;615;1914
2021-11-18;18/11/2021;605;605;605;605;705
2021-11-19;19/11/2021;605;605;600;600;788
2021-11-22;22/11/2021;600;600;600;600;4
2021-11-23;23/11/2021;615;615;615;615;1836
2021-11-24;24/11/2021;615;615;615;615;5635
2021-11-25;25/11/2021;615;615;615;615;679
2021-11-26;26/11/2021;615;615;610;610;443
2021-11-29;29/11/2021;605;605;605;605;257
2021-11-30;30/11/2021;600;600;600;600;150
2021-12-01;01/12/2021;600;600;600;600;51
2021-12-02;02/12/2021;580;595;580;595;547
2021-12-03;03/12/2021;580;610;580;610;179
2021-12-06;06/12/2021;600;615;600;615;1868
2021-12-07;07/12/2021;600;600;600;600;3146
2021-12-08;08/12/2021;600;600;595;595;1472
2021-12-09;09/12/2021;595;595;595;595;93
2021-12-10;10/12/2021;590;590;580;580;140
2021-12-13;13/12/2021;585;585;585;585;100
2021-12-14;14/12/2021;585;585;585;585;68
2021-12-15;15/12/2021;580;580;580;580;103
2021-12-16;16/12/2021;580;580;580;580;80
2021-12-17;17/12/2021;580;580;580;580;145
2021-12-20;20/12/2021;585;620;585;620;75278
2021-12-21;21/12/2021;600;665;600;665;12933
2021-12-22;22/12/2021;665;710;665;710;2163
2021-12-23;23/12/2021;710;760;710;760;1196
2021-12-24;24/12/2021;750;815;750;815;139
2021-12-27;27/12/2021;815;875;815;875;840
2021-12-28;28/12/2021;810;900;810;900;6313
2021-12-29;29/12/2021;840;840;835;835;474
2021-12-30;30/12/2021;850;850;835;835;77977
2021-12-31;31/12/2021;835;895;835;895;3516
2022-01-03;03/01/2022;895;960;895;960;1289
2022-01-04;04/01/2022;895;950;895;950;2281
2022-01-05;05/01/2022;900;900;900;900;395
2022-01-06;06/01/2022;875;875;875;875;1290
2022-01-07;07/01/2022;835;880;835;880;355
2022-01-10;10/01/2022;880;880;835;835;55
2022-01-11;11/01/2022;835;835;775;775;2276
2022-01-12;12/01/2022;775;830;775;830;302
2022-01-13;13/01/2022;830;880;830;880;202
2022-01-14;14/01/2022;830;830;830;830;612
2022-01-17;17/01/2022;815;815;815;815;150
2022-01-18;18/01/2022;830;830;780;780;147
2022-01-19;19/01/2022;780;815;780;815;198
2022-01-20;20/01/2022;815;875;815;875;1639
2022-01-21;21/01/2022;850;875;850;875;510
2022-01-24;24/01/2022;875;875;875;875;645
2022-01-25;25/01/2022;875;875;875;875;764
2022-01-26;26/01/2022;875;875;875;875;371
2022-01-27;27/01/2022;875;875;875;875;298
2022-01-28;28/01/2022;875;925;875;925;286
2022-01-31;31/01/2022;925;925;875;875;428
2022-02-01;01/02/2022;875;875;875;875;230
2022-02-02;02/02/2022;875;900;875;900;941
2022-02-03;03/02/2022;875;900;875;900;401
2022-02-07;07/02/2022;835;900;835;900;1730
2022-02-08;08/02/2022;900;900;835;835;359
2022-02-09;09/02/2022;840;840;775;775;2846
2022-02-10;10/02/2022;775;775;720;720;83356
2022-02-11;11/02/2022;770;770;770;770;8838
2022-02-14;14/02/2022;825;825;825;825;228
2022-02-15;15/02/2022;885;885;875;875;84996
2022-02-16;16/02/2022;875;940;875;940;8116
2022-02-17;17/02/2022;940;940;940;940;1667
2022-02-18;18/02/2022;940;1000;940;1000;79766
2022-02-21;21/02/2022;960;960;925;925;8242
2022-02-22;22/02/2022;900;900;860;860;485
2022-02-23;23/02/2022;850;850;800;800;1549
2022-02-24;24/02/2022;860;860;740;740;2408
2022-02-25;25/02/2022;740;740;695;695;2675
2022-02-28;28/02/2022;745;745;700;700;4378
2022-03-01;01/03/2022;750;750;750;750;71493
2022-03-02;02/03/2022;805;805;805;805;759
2022-03-03;03/03/2022;865;865;860;860;9103
2022-03-04;04/03/2022;865;920;865;920;3967
2022-03-07;07/03/2022;910;910;855;855;63505
2022-03-08;08/03/2022;850;850;850;850;1571
2022-03-09;09/03/2022;850;850;840;840;11074
2022-03-10;10/03/2022;860;860;840;840;4515
2022-03-11;11/03/2022;835;835;835;835;993
2022-03-14;14/03/2022;840;850;840;850;871
2022-03-15;15/03/2022;850;850;790;790;530
2022-03-16;16/03/2022;790;790;790;790;214
2022-03-17;17/03/2022;750;770;750;770;1161
2022-03-18;18/03/2022;760;805;760;805;1447
2022-03-21;21/03/2022;805;805;805;805;164
2022-03-22;22/03/2022;805;805;800;800;530
2022-03-23;23/03/2022;800;800;795;795;1673
2022-03-24;24/03/2022;795;795;795;795;380
2022-03-25;25/03/2022;770;795;770;795;208
2022-03-28;28/03/2022;795;850;795;850;758
2022-03-29;29/03/2022;845;845;840;840;332
2022-03-30;30/03/2022;840;840;835;835;110
2022-03-31;31/03/2022;835;890;835;890;9694
2022-04-01;01/04/2022;890;890;840;840;1138
2022-04-04;04/04/2022;840;840;840;840;1035
2022-04-05;05/04/2022;835;835;835;835;487
2022-04-06;06/04/2022;800;800;800;800;9262
2022-04-07;07/04/2022;800;800;800;800;1070
2022-04-08;08/04/2022;845;845;840;840;741
2022-04-11;11/04/2022;845;845;830;830;877
2022-04-12;12/04/2022;830;830;830;830;106
2022-04-13;13/04/2022;825;825;825;825;27
2022-04-14;14/04/2022;825;825;825;825;652
2022-04-15;15/04/2022;825;825;825;825;50
2022-04-19;19/04/2022;825;825;820;820;112
2022-04-20;20/04/2022;815;815;775;775;274
2022-04-21;21/04/2022;775;775;770;770;3456
2022-04-22;22/04/2022;770;810;770;810;1187
2022-04-25;25/04/2022;800;825;800;825;13566
2022-04-26;26/04/2022;885;885;875;875;2682
2022-04-27;27/04/2022;850;850;840;840;1990
2022-04-28;28/04/2022;850;850;840;840;1990
2022-04-29;29/04/2022;840;840;840;840;100
2022-05-02;02/05/2022;840;840;840;840;100
2022-05-03;03/05/2022;830;830;830;830;1485
2022-05-04;04/05/2022;830;830;825;825;3530
2022-05-05;05/05/2022;825;825;825;825;1876
2022-05-06;06/05/2022;825;885;825;885;3817
2022-05-09;09/05/2022;885;885;880;880;706
2022-05-10;10/05/2022;880;880;830;830;362
2022-05-11;11/05/2022;885;885;830;830;1887
2022-05-12;12/05/2022;885;885;830;830;1887
2022-05-13;13/05/2022;825;880;825;880;227
2022-05-16;16/05/2022;830;830;830;830;1030
2022-05-17;17/05/2022;830;850;830;850;173
2022-05-18;18/05/2022;830;830;825;825;217
2022-05-19;19/05/2022;825;825;825;825;180
2022-05-20;20/05/2022;825;825;825;825;1513
2022-05-23;23/05/2022;850;850;845;845;327
2022-05-24;24/05/2022;845;845;825;825;882
2022-05-25;25/05/2022;845;845;825;825;882
2022-05-27;27/05/2022;825;825;825;825;1203
2022-05-30;30/05/2022;825;870;825;870;545
2022-05-31;31/05/2022;825;825;825;825;910
2022-06-01;01/06/2022;825;825;825;825;1360
2022-06-02;02/06/2022;825;865;825;865;539
2022-06-03;03/06/2022;860;860;855;855;103
2022-06-06;06/06/2022;860;860;855;855;103
2022-06-07;07/06/2022;850;850;825;825;456
2022-06-08;08/06/2022;825;825;825;825;1165
2022-06-09;09/06/2022;825;825;825;825;1008
2022-06-10;10/06/2022;825;825;825;825;2247
2022-06-13;13/06/2022;825;850;825;850;103
2022-06-14;14/06/2022;845;850;845;850;1417
2022-06-15;15/06/2022;850;850;825;825;292
2022-06-16;16/06/2022;845;845;845;845;1
2022-06-17;17/06/2022;845;850;845;850;392
2022-06-20;20/06/2022;850;850;845;845;650
2022-06-21;21/06/2022;845;845;845;845;7
2022-06-22;22/06/2022;845;845;845;845;100
2022-06-23;23/06/2022;845;845;825;825;500
2022-06-24;24/06/2022;845;845;845;845;10
2022-06-27;27/06/2022;850;850;850;850;520
2022-06-28;28/06/2022;830;830;830;830;470
2022-06-29;29/06/2022;830;850;830;850;225
2022-06-30;30/06/2022;850;850;850;850;16
2022-07-01;01/07/2022;850;850;850;850;20
2022-07-04;04/07/2022;850;850;850;850;4
2022-07-05;05/07/2022;850;850;850;850;14
2022-07-06;06/07/2022;835;835;835;835;50
2022-07-07;07/07/2022;850;850;850;850;110
2022-07-08;08/07/2022;850;850;835;835;101
2022-07-11;11/07/2022;835;835;835;835;106
2022-07-12;12/07/2022;835;835;835;835;335
2022-07-13;13/07/2022;835;835;830;830;125
2022-07-14;14/07/2022;830;835;830;835;213
2022-07-15;15/07/2022;830;835;830;835;213
2022-07-18;18/07/2022;830;835;830;835;1256
2022-07-19;19/07/2022;830;830;830;830;238
2022-07-20;20/07/2022;830;830;825;825;309
2022-07-21;21/07/2022;830;830;825;825;2015
2022-07-22;22/07/2022;825;845;825;845;25
2022-07-25;25/07/2022;840;840;825;825;1099
2022-07-26;26/07/2022;825;825;825;825;110
2022-07-27;27/07/2022;825;830;825;830;381
2022-07-28;28/07/2022;830;830;830;830;318
2022-07-29;29/07/2022;825;830;825;830;258
2022-08-01;01/08/2022;830;840;830;840;87
2022-08-02;02/08/2022;840;840;835;835;27
2022-08-03;03/08/2022;835;835;825;825;929
2022-08-04;04/08/2022;840;840;840;840;39
2022-08-05;05/08/2022;840;840;840;840;85
2022-08-08;08/08/2022;840;840;840;840;85
2022-08-09;09/08/2022;835;840;835;840;143
2022-08-10;10/08/2022;835;835;835;835;16
2022-08-11;11/08/2022;835;835;825;825;1096
2022-08-12;12/08/2022;825;825;825;825;72
2022-08-15;15/08/2022;825;825;825;825;72
2022-08-16;16/08/2022;820;820;810;810;330
2022-08-17;17/08/2022;810;810;810;810;1140
2022-08-18;18/08/2022;810;830;810;830;4181
2022-08-19;19/08/2022;810;830;810;830;4181
2022-08-22;22/08/2022;825;825;825;825;53
2022-08-23;23/08/2022;815;815;815;815;5
2022-08-24;24/08/2022;815;815;815;815;5
2022-08-25;25/08/2022;820;820;810;810;1041
2022-08-26;26/08/2022;810;810;810;810;56
2022-08-29;29/08/2022;810;810;810;810;45
2022-08-30;30/08/2022;790;790;750;750;1373
2022-08-31;31/08/2022;750;750;750;750;1044
2022-09-01;01/09/2022;750;800;750;800;1727
2022-09-02;02/09/2022;750;750;750;750;50
2022-09-05;05/09/2022;780;780;780;780;57
2022-09-06;06/09/2022;750;755;750;755;460
2022-09-07;07/09/2022;755;755;755;755;100
2022-09-08;08/09/2022;780;780;780;780;659
2022-09-09;09/09/2022;765;770;765;770;345
2022-09-12;12/09/2022;770;770;730;730;796
2022-09-13;13/09/2022;765;765;730;730;43
2022-09-14;14/09/2022;750;750;680;680;408
2022-09-15;15/09/2022;680;730;680;730;214
2022-09-16;16/09/2022;770;770;770;770;226
2022-09-19;19/09/2022;770;770;750;750;1156
2022-09-20;20/09/2022;750;750;750;750;126
2022-09-21;21/09/2022;745;745;695;695;755
2022-09-22;22/09/2022;695;745;695;745;72035
2022-09-23;23/09/2022;750;800;750;800;6163
2022-09-26;26/09/2022;740;850;740;850;5237
2022-09-27;27/09/2022;850;910;850;910;3445
2022-09-28;28/09/2022;900;975;900;975;7660
2022-09-29;29/09/2022;975;975;910;910;788
2022-09-30;30/09/2022;845;845;845;845;577
2022-10-03;03/10/2022;845;845;840;840;837
2022-10-04;04/10/2022;790;835;790;835;351
2022-10-05;05/10/2022;835;895;835;895;2345
2022-10-06;06/10/2022;895;895;895;895;2659
2022-10-07;07/10/2022;835;895;835;895;18
2022-10-10;10/10/2022;835;895;835;895;266
2022-10-11;11/10/2022;895;950;895;950;8935
2022-10-12;12/10/2022;945;945;930;930;284
2022-10-13;13/10/2022;880;880;865;865;1072
2022-10-14;14/10/2022;865;865;865;865;103
2022-10-17;17/10/2022;860;860;860;860;313
2022-10-18;18/10/2022;850;850;840;840;105
2022-10-19;19/10/2022;840;840;840;840;65
2022-10-20;20/10/2022;845;845;845;845;3710
2022-10-21;21/10/2022;860;860;860;860;100
2022-10-24;24/10/2022;835;835;820;820;219
2022-10-25;25/10/2022;860;860;860;860;1
2022-10-26;26/10/2022;800;800;800;800;243
2022-10-27;27/10/2022;860;860;860;860;46
2022-10-28;28/10/2022;860;860;800;800;103
2022-10-31;31/10/2022;860;860;800;800;103
2022-11-02;02/11/2022;855;855;840;840;63
2022-11-03;03/11/2022;835;860;835;860;3226
2022-11-04;04/11/2022;800;800;800;800;1190
2022-11-07;07/11/2022;800;800;800;800;1190
2022-11-08;08/11/2022;800;800;800;800;88
2022-11-09;09/11/2022;800;800;800;800;308
2022-11-10;10/11/2022;800;800;800;800;21
2022-11-11;11/11/2022;795;795;795;795;7
2022-11-14;14/11/2022;795;800;795;800;169
2022-11-15;15/11/2022;795;800;795;800;169
2022-11-16;16/11/2022;800;860;800;860;722
2022-11-17;17/11/2022;800;860;800;860;16
2022-11-18;18/11/2022;800;860;800;860;16
2022-11-21;21/11/2022;860;860;860;860;10
2022-11-22;22/11/2022;860;860;860;860;30
2022-11-23;23/11/2022;800;800;800;800;119
2022-11-24;24/11/2022;800;800;800;800;116
2022-11-25;25/11/2022;785;785;785;785;221
2022-11-28;28/11/2022;785;785;785;785;8
2022-11-29;29/11/2022;745;745;745;745;278
2022-11-30;30/11/2022;745;745;745;745;278
2022-12-01;01/12/2022;745;745;745;745;278
2022-12-02;02/12/2022;700;700;700;700;494
2022-12-05;05/12/2022;700;700;700;700;728
2022-12-06;06/12/2022;750;750;750;750;20
2022-12-07;07/12/2022;750;750;750;750;20
2022-12-08;08/12/2022;740;740;740;740;15
2022-12-09;09/12/2022;760;760;740;740;23
2022-12-12;12/12/2022;730;730;730;730;12
2022-12-13;13/12/2022;720;720;720;720;98
2022-12-14;14/12/2022;720;720;700;700;221
2022-12-15;15/12/2022;700;700;700;700;1162
2022-12-16;16/12/2022;695;695;695;695;841
2022-12-19;19/12/2022;695;695;690;690;486
2022-12-20;20/12/2022;690;690;650;650;115
2022-12-21;21/12/2022;690;690;650;650;115
2022-12-22;22/12/2022;655;695;655;695;3915
2022-12-23;23/12/2022;695;695;695;695;135
2022-12-26;26/12/2022;695;695;695;695;135
2022-12-27;27/12/2022;695;715;695;715;428
2022-12-28;28/12/2022;695;715;695;715;428
2022-12-29;29/12/2022;715;715;675;675;566
2022-12-30;30/12/2022;680;680;675;675;429
2023-01-02;02/01/2023;675;675;675;675;40
2023-01-03;03/01/2023;625;675;625;675;1765
2023-01-04;04/01/2023;675;675;625;625;2231
2023-01-05;05/01/2023;625;625;625;625;109
2023-01-06;06/01/2023;670;670;625;625;22
2023-01-09;09/01/2023;625;670;625;670;175
2023-01-10;10/01/2023;670;670;620;620;2148
2023-01-11;11/01/2023;620;665;620;665;3383
2023-01-12;12/01/2023;665;665;665;665;338
2023-01-13;13/01/2023;660;660;620;620;1488
2023-01-16;16/01/2023;620;620;620;620;12265
2023-01-17;17/01/2023;620;620;620;620;3262
2023-01-18;18/01/2023;610;620;610;620;252
2023-01-19;19/01/2023;665;665;660;660;44
2023-01-20;20/01/2023;660;700;660;700;745
2023-01-23;23/01/2023;650;715;650;715;660
2023-01-24;24/01/2023;695;715;695;715;170
2023-01-25;25/01/2023;695;715;695;715;170
2023-01-26;26/01/2023;715;715;710;710;120
2023-01-27;27/01/2023;710;710;710;710;715
2023-01-30;30/01/2023;710;710;710;710;715
2023-01-31;31/01/2023;700;710;700;710;1066
2023-02-01;01/02/2023;700;700;700;700;101
2023-02-02;02/02/2023;700;700;700;700;10
2023-02-03;03/02/2023;700;720;700;720;3326
2023-02-06;06/02/2023;750;750;750;750;10
2023-02-07;07/02/2023;740;740;740;740;162
2023-02-08;08/02/2023;740;740;740;740;612
2023-02-09;09/02/2023;735;735;735;735;17
2023-02-10;10/02/2023;725;735;725;735;753
2023-02-13;13/02/2023;740;740;730;730;29
2023-02-14;14/02/2023;680;730;680;730;3079
2023-02-15;15/02/2023;730;730;730;730;310
2023-02-16;16/02/2023;730;730;730;730;66
2023-02-17;17/02/2023;730;730;730;730;20
2023-02-20;20/02/2023;730;730;720;720;180
2023-02-21;21/02/2023;670;720;670;720;21
2023-02-22;22/02/2023;720;720;720;720;554
2023-02-23;23/02/2023;720;720;720;720;554
2023-02-24;24/02/2023;715;715;710;710;135
2023-02-27;27/02/2023;715;715;710;710;135
2023-02-28;28/02/2023;700;700;700;700;51
2023-03-01;01/03/2023;655;700;655;700;634
2023-03-02;02/03/2023;655;700;655;700;634
2023-03-03;03/03/2023;700;700;700;700;60
2023-03-06;06/03/2023;650;710;650;710;6708
2023-03-07;07/03/2023;650;710;650;710;6708
2023-03-08;08/03/2023;700;700;700;700;107
2023-03-09;09/03/2023;695;695;690;690;821
2023-03-10;10/03/2023;695;695;690;690;821
2023-03-13;13/03/2023;685;685;680;680;602
2023-03-14;14/03/2023;675;675;670;670;73
2023-03-15;15/03/2023;620;665;620;665;2214
2023-03-16;16/03/2023;645;645;645;645;226
2023-03-17;17/03/2023;645;645;640;640;1011
2023-03-20;20/03/2023;635;640;635;640;901
2023-03-21;21/03/2023;600;640;600;640;818
2023-03-22;22/03/2023;640;640;640;640;1352
2023-03-23;23/03/2023;635;635;635;635;230
2023-03-24;24/03/2023;625;635;625;635;55
2023-03-27;27/03/2023;615;635;615;635;226
2023-03-28;28/03/2023;635;635;635;635;384
2023-03-29;29/03/2023;620;635;620;635;613
2023-03-30;30/03/2023;600;605;600;605;650
2023-03-31;31/03/2023;610;625;610;625;4002
2023-04-03;03/04/2023;625;635;625;635;260
2023-04-04;04/04/2023;625;630;625;630;829
2023-04-05;05/04/2023;635;635;635;635;24
2023-04-06;06/04/2023;635;635;630;630;51
2023-04-07;07/04/2023;635;635;630;630;51
2023-04-11;11/04/2023;630;630;630;630;306
2023-04-12;12/04/2023;630;630;630;630;306
2023-04-13;13/04/2023;630;630;630;630;100
2023-04-14;14/04/2023;625;625;625;625;198
2023-04-17;17/04/2023;605;625;605;625;493
2023-04-18;18/04/2023;605;625;605;625;493
2023-04-19;19/04/2023;605;625;605;625;3
2023-04-20;20/04/2023;605;625;605;625;290
2023-04-21;21/04/2023;605;625;605;625;290
2023-04-24;24/04/2023;625;625;625;625;7
2023-04-25;25/04/2023;605;620;605;620;707
2023-04-26;26/04/2023;620;630;620;630;7197
2023-04-27;27/04/2023;630;630;630;630;2012
2023-04-28;28/04/2023;625;630;625;630;132
2023-05-01;01/05/2023;625;630;625;630;132
2023-05-02;02/05/2023;600;630;600;630;945
2023-05-03;03/05/2023;600;630;600;630;945
2023-05-04;04/05/2023;600;600;600;600;3278
2023-05-05;05/05/2023;600;620;600;620;5910
2023-05-08;08/05/2023;615;615;610;610;210
2023-05-09;09/05/2023;610;610;600;600;512
2023-05-10;10/05/2023;590;610;590;610;258
2023-05-11;11/05/2023;610;610;600;600;288
2023-05-12;12/05/2023;600;605;600;605;212
2023-05-15;15/05/2023;605;605;600;600;10
2023-05-16;16/05/2023;600;605;600;605;84
2023-05-17;17/05/2023;605;605;565;565;205
2023-05-18;18/05/2023;605;605;565;565;205
2023-05-19;19/05/2023;550;550;550;550;75
2023-05-22;22/05/2023;565;565;565;565;93
2023-05-23;23/05/2023;600;600;600;600;32
2023-05-24;24/05/2023;565;600;565;600;392
2023-05-25;25/05/2023;600;600;600;600;140
2023-05-26;26/05/2023;605;605;600;600;120
2023-05-29;29/05/2023;605;605;600;600;120
2023-05-30;30/05/2023;600;600;600;600;106
2023-05-31;31/05/2023;600;600;600;600;10
2023-06-01;01/06/2023;600;600;590;590;397
2023-06-02;02/06/2023;550;600;550;600;1549
2023-06-05;05/06/2023;600;605;600;605;60
2023-06-06;06/06/2023;600;605;600;605;46
2023-06-07;07/06/2023;605;605;600;600;9351
2023-06-08;08/06/2023;600;600;600;600;143
2023-06-09;09/06/2023;605;605;600;600;43
2023-06-12;12/06/2023;600;600;600;600;17
2023-06-13;13/06/2023;600;600;600;600;2
2023-06-14;14/06/2023;600;600;600;600;2
2023-06-15;15/06/2023;600;600;600;600;87
2023-06-16;16/06/2023;600;600;600;600;2
2023-06-19;19/06/2023;600;600;600;600;53
2023-06-20;20/06/2023;600;600;600;600;1
2023-06-21;21/06/2023;600;600;600;600;193
2023-06-22;22/06/2023;600;600;600;600;3
2023-06-23;23/06/2023;600;600;600;600;219
2023-06-26;26/06/2023;600;600;600;600;219
2023-06-27;27/06/2023;585;585;585;585;80
2023-06-28;28/06/2023;585;585;585;585;80
2023-06-29;29/06/2023;585;585;585;585;95
2023-06-30;30/06/2023;600;600;600;600;400
2023-07-03;03/07/2023;585;585;580;580;855
2023-07-04;04/07/2023;550;580;550;580;252
2023-07-05;05/07/2023;580;580;580;580;50
2023-07-06;06/07/2023;580;580;580;580;189
2023-07-07;07/07/2023;570;575;570;575;530
2023-07-10;10/07/2023;580;580;570;570;487
2023-07-11;11/07/2023;555;560;555;560;128
2023-07-12;12/07/2023;555;560;555;560;128
2023-07-13;13/07/2023;570;575;570;575;209
2023-07-14;14/07/2023;575;575;550;550;1028
2023-07-17;17/07/2023;550;570;550;570;357
2023-07-18;18/07/2023;570;570;550;550;79
2023-07-19;19/07/2023;550;570;550;570;51
2023-07-20;20/07/2023;570;570;570;570;130
2023-07-21;21/07/2023;570;580;570;580;451
2023-07-24;24/07/2023;580;580;580;580;156
2023-07-25;25/07/2023;580;580;550;550;112
2023-07-26;26/07/2023;570;570;570;570;145
2023-07-27;27/07/2023;570;570;570;570;135
2023-07-28;28/07/2023;570;570;570;570;98
2023-07-31;31/07/2023;570;570;570;570;1555
2023-08-01;01/08/2023;570;570;545;545;58
2023-08-02;02/08/2023;545;545;545;545;416
2023-08-03;03/08/2023;545;560;545;560;212
2023-08-04;04/08/2023;560;560;560;560;91
2023-08-07;07/08/2023;560;560;560;560;91
2023-08-08;08/08/2023;560;560;560;560;32
2023-08-09;09/08/2023;560;560;560;560;69
2023-08-10;10/08/2023;560;560;560;560;165
2023-08-11;11/08/2023;560;560;520;520;150
2023-08-14;14/08/2023;550;550;550;550;535
2023-08-15;15/08/2023;550;550;550;550;535
2023-08-16;16/08/2023;560;560;560;560;300
2023-08-17;17/08/2023;560;560;560;560;435
2023-08-18;18/08/2023;560;560;550;550;381
2023-08-21;21/08/2023;550;550;550;550;495
2023-08-22;22/08/2023;550;550;550;550;33
2023-08-23;23/08/2023;560;560;560;560;2
2023-08-24;24/08/2023;550;550;550;550;425
2023-08-25;25/08/2023;550;550;550;550;411
2023-08-28;28/08/2023;550;550;550;550;1114
2023-08-29;29/08/2023;550;550;550;550;51
2023-08-30;30/08/2023;550;550;550;550;13
2023-08-31;31/08/2023;550;550;550;550;111
2023-09-01;01/09/2023;510;550;510;550;230
2023-09-04;04/09/2023;510;515;510;515;1550
2023-09-05;05/09/2023;550;550;515;515;198
2023-09-06;06/09/2023;515;515;515;515;690
2023-09-07;07/09/2023;515;515;515;515;1758
2023-09-08;08/09/2023;515;515;515;515;1758
2023-09-11;11/09/2023;515;515;515;515;127
2023-09-12;12/09/2023;515;525;515;525;147
2023-09-13;13/09/2023;525;525;525;525;205
2023-09-14;14/09/2023;525;525;525;525;120
2023-09-15;15/09/2023;525;525;525;525;276
2023-09-18;18/09/2023;550;550;515;515;207
2023-09-19;19/09/2023;525;525;525;525;10
2023-09-20;20/09/2023;545;545;515;515;319
2023-09-21;21/09/2023;515;525;515;525;340
2023-09-22;22/09/2023;545;545;545;545;10
2023-09-25;25/09/2023;545;545;545;545;903
2023-09-26;26/09/2023;545;545;505;505;306
2023-09-27;27/09/2023;545;545;505;505;306
2023-09-28;28/09/2023;500;505;500;505;514
2023-09-29;29/09/2023;500;500;500;500;834
2023-10-02;02/10/2023;500;535;500;535;283
2023-10-03;03/10/2023;535;535;495;495;474
2023-10-04;04/10/2023;500;525;500;525;104
2023-10-05;05/10/2023;530;530;530;530;193
2023-10-06;06/10/2023;530;530;530;530;564
2023-10-09;09/10/2023;495;495;495;495;15
2023-10-10;10/10/2023;510;510;510;510;333
2023-10-11;11/10/2023;495;530;495;530;80
2023-10-12;12/10/2023;530;565;530;565;7761
2023-10-13;13/10/2023;550;565;550;565;35
2023-10-16;16/10/2023;560;560;560;560;20
2023-10-17;17/10/2023;555;555;525;525;147
2023-10-18;18/10/2023;555;555;555;555;1191
2023-10-19;19/10/2023;555;595;555;595;1516
2023-10-20;20/10/2023;595;635;595;635;5114
2023-10-23;23/10/2023;635;635;595;595;125
2023-10-24;24/10/2023;615;615;615;615;229
2023-10-25;25/10/2023;615;615;615;615;53
2023-10-26;26/10/2023;615;615;615;615;10
2023-10-27;27/10/2023;600;615;600;615;996
2023-10-30;30/10/2023;605;605;605;605;200
2023-10-31;31/10/2023;615;615;600;600;350
2023-11-01;01/11/2023;615;615;600;600;350
2023-11-02;02/11/2023;600;600;555;555;107
2023-11-03;03/11/2023;555;555;555;555;7
2023-11-06;06/11/2023;515;595;515;595;548
2023-11-07;07/11/2023;595;600;595;600;83
2023-11-09;09/11/2023;595;595;595;595;100
2023-11-13;13/11/2023;590;595;590;595;3
2023-11-14;14/11/2023;585;620;585;620;61812
2023-11-15;15/11/2023;585;620;585;620;61812
2023-11-16;16/11/2023;595;665;595;665;4496
2023-11-17;17/11/2023;665;680;665;680;6972
2023-11-20;20/11/2023;680;720;680;720;3334
2023-11-21;21/11/2023;680;750;680;750;5543
2023-11-22;22/11/2023;725;800;725;800;1137
2023-11-23;23/11/2023;795;840;795;840;1060
2023-11-24;24/11/2023;800;900;800;900;2216
2023-11-27;27/11/2023;840;895;840;895;96240
2023-11-28;28/11/2023;855;890;855;890;1340
2023-11-29;29/11/2023;855;885;855;885;377
2023-11-30;30/11/2023;820;820;820;820;922
2023-12-01;01/12/2023;820;820;820;820;6
2023-12-04;04/12/2023;760;790;760;790;122
2023-12-05;05/12/2023;750;750;750;750;752
2023-12-06;06/12/2023;700;700;700;700;485
2023-12-07;07/12/2023;695;695;695;695;541
2023-12-08;08/12/2023;695;720;695;720;3534
2023-12-11;11/12/2023;750;750;750;750;69840
2023-12-12;12/12/2023;755;755;755;755;1870
2023-12-13;13/12/2023;755;755;755;755;1080
2023-12-14;14/12/2023;755;810;755;810;864
2023-12-15;15/12/2023;755;850;755;850;1714
2023-12-19;19/12/2023;845;850;845;850;83620
2023-12-22;22/12/2023;790;790;790;790;1
2023-12-25;25/12/2023;790;790;790;790;1
2023-12-26;26/12/2023;840;840;840;840;2
2023-12-27;27/12/2023;800;840;800;840;135
2023-12-28;28/12/2023;840;840;830;830;20530
2023-12-29;29/12/2023;790;830;790;830;192
2024-01-01;01/01/2024;790;830;790;830;192
2024-01-02;02/01/2024;830;830;830;830;14
2024-01-03;03/01/2024;820;820;820;820;162
2024-01-04;04/01/2024;825;825;825;825;68008
2024-01-05;05/01/2024;765;830;765;830;12
2024-01-08;08/01/2024;825;830;825;830;17644
2024-01-09;09/01/2024;830;845;830;845;177
2024-01-10;10/01/2024;845;845;845;845;141
2024-01-11;11/01/2024;785;830;785;830;87
2024-01-12;12/01/2024;825;825;825;825;30
2024-01-15;15/01/2024;825;825;825;825;230
2024-01-16;16/01/2024;770;820;770;820;105
2024-01-17;17/01/2024;760;820;760;820;6568
2024-01-18;18/01/2024;820;825;820;825;179
2024-01-19;19/01/2024;825;825;825;825;150
2024-01-22;22/01/2024;825;825;825;825;105
2024-01-24;24/01/2024;820;820;820;820;20
2024-01-25;25/01/2024;760;820;760;820;715
2024-01-26;26/01/2024;820;820;820;820;20
2024-01-29;29/01/2024;760;820;760;820;1891
2024-01-30;30/01/2024;810;820;810;820;513
2024-01-31;31/01/2024;820;820;820;820;8
2024-02-01;01/02/2024;810;820;810;820;620
2024-02-02;02/02/2024;820;820;815;815;74
2024-02-05;05/02/2024;760;820;760;820;2354
2024-02-06;06/02/2024;815;820;815;820;361
2024-02-07;07/02/2024;805;815;805;815;1493
2024-02-09;09/02/2024;815;815;815;815;20
2024-02-12;12/02/2024;815;815;815;815;20
2024-02-13;13/02/2024;810;820;810;820;179
2024-02-14;14/02/2024;820;820;820;820;10
2024-02-16;16/02/2024;800;820;800;820;861
2024-02-19;19/02/2024;815;815;815;815;28
2024-02-20;20/02/2024;815;815;815;815;27
2024-02-21;21/02/2024;810;815;810;815;150
2024-02-22;22/02/2024;815;815;815;815;10
2024-02-23;23/02/2024;815;815;815;815;192
2024-02-26;26/02/2024;815;815;815;815;60
2024-02-27;27/02/2024;815;815;815;815;50
2024-02-28;28/02/2024;815;815;815;815;50
2024-03-01;01/03/2024;760;815;760;815;901
2024-03-05;05/03/2024;800;800;800;800;10
2024-03-06;06/03/2024;800;800;800;800;35
2024-03-07;07/03/2024;800;800;800;800;33
2024-03-08;08/03/2024;795;800;795;800;67
2024-03-11;11/03/2024;755;800;755;800;152
2024-03-12;12/03/2024;790;800;790;800;478
2024-03-13;13/03/2024;800;800;800;800;69
2024-03-14;14/03/2024;800;800;800;800;5
2024-03-18;18/03/2024;800;800;800;800;300
2024-03-19;19/03/2024;755;800;755;800;356
2024-03-21;21/03/2024;795;795;790;790;608
2024-03-22;22/03/2024;790;790;790;790;39
2024-03-26;26/03/2024;780;785;780;785;473
2024-03-28;28/03/2024;780;810;780;810;1842
2024-03-29;29/03/2024;805;805;805;805;136
2024-04-01;01/04/2024;805;805;805;805;136
2024-04-02;02/04/2024;800;800;800;800;122
2024-04-03;03/04/2024;800;800;800;800;6
2024-04-04;04/04/2024;800;800;800;800;130
2024-04-05;05/04/2024;800;800;800;800;130
2024-04-08;08/04/2024;800;800;800;800;5142
2024-04-09;09/04/2024;740;800;740;800;56
2024-04-10;10/04/2024;740;800;740;800;56
2024-04-11;11/04/2024;800;800;800;800;5
2024-04-12;12/04/2024;800;800;800;800;264
2024-04-15;15/04/2024;750;800;750;800;33
2024-04-16;16/04/2024;800;800;800;800;73
2024-04-17;17/04/2024;750;800;750;800;341
2024-04-18;18/04/2024;750;800;750;800;341
2024-04-19;19/04/2024;740;800;740;800;142
2024-04-22;22/04/2024;800;800;800;800;1
2024-04-23;23/04/2024;800;800;800;800;102
2024-04-24;24/04/2024;750;800;750;800;102
2024-04-25;25/04/2024;800;800;800;800;21
2024-04-26;26/04/2024;800;800;800;800;21
2024-04-29;29/04/2024;740;750;740;750;9
2024-04-30;30/04/2024;740;740;740;740;7
2024-05-01;01/05/2024;740;740;740;740;7
2024-05-02;02/05/2024;740;740;740;740;109
2024-05-03;03/05/2024;740;740;685;685;21
2024-05-06;06/05/2024;685;685;685;685;75
2024-05-07;07/05/2024;675;675;675;675;50
2024-05-08;08/05/2024;650;650;650;650;100
2024-05-09;09/05/2024;650;650;650;650;100
2024-05-10;10/05/2024;675;675;675;675;144
2024-05-13;13/05/2024;675;675;675;675;144
2024-05-14;14/05/2024;675;700;675;700;266
2024-05-15;15/05/2024;700;700;700;700;143
2024-05-16;16/05/2024;650;650;650;650;151
2024-05-17;17/05/2024;650;650;650;650;597
2024-05-20;20/05/2024;650;650;650;650;597
2024-05-21;21/05/2024;650;650;650;650;401
2024-05-22;22/05/2024;605;605;605;605;8
2024-05-23;23/05/2024;605;605;605;605;22
2024-05-24;24/05/2024;645;645;605;605;155
2024-05-27;27/05/2024;650;650;650;650;486
2024-05-28;28/05/2024;650;650;650;650;486
2024-05-29;29/05/2024;650;650;605;605;27
2024-05-30;30/05/2024;600;645;600;645;90
2024-05-31;31/05/2024;645;645;645;645;154
2024-06-03;03/06/2024;600;600;600;600;114
2024-06-04;04/06/2024;600;640;600;640;963
2024-06-05;05/06/2024;640;640;595;595;191
2024-06-06;06/06/2024;555;580;555;580;312
2024-06-07;07/06/2024;580;580;580;580;206
2024-06-10;10/06/2024;580;580;575;575;18
2024-06-11;11/06/2024;575;575;575;575;26
2024-06-12;12/06/2024;575;575;575;575;1204
2024-06-13;13/06/2024;575;575;575;575;853
2024-06-14;14/06/2024;575;575;575;575;105
2024-06-18;18/06/2024;570;570;560;560;590
2024-06-19;19/06/2024;560;560;525;525;1116
2024-06-20;20/06/2024;550;550;500;500;23062
2024-06-21;21/06/2024;500;500;500;500;1474
2024-06-24;24/06/2024;500;500;490;490;104
2024-06-25;25/06/2024;500;500;455;455;1334
2024-06-26;26/06/2024;480;480;480;480;177
2024-06-27;27/06/2024;500;500;500;500;373
2024-06-28;28/06/2024;500;500;500;500;1125
2024-07-01;01/07/2024;500;500;500;500;51
2024-07-02;02/07/2024;500;500;500;500;11
2024-07-03;03/07/2024;500;500;495;495;26
2024-07-04;04/07/2024;495;495;490;490;730
2024-07-05;05/07/2024;490;490;490;490;139
2024-07-08;08/07/2024;490;490;465;465;259
2024-07-09;09/07/2024;490;490;490;490;788
2024-07-10;10/07/2024;490;490;490;490;1218
2024-07-11;11/07/2024;490;490;490;490;103
2024-07-12;12/07/2024;490;490;490;490;812
2024-07-15;15/07/2024;490;490;490;490;67
2024-07-16;16/07/2024;490;490;490;490;4952
2024-07-17;17/07/2024;490;500;490;500;462
2024-07-18;18/07/2024;500;500;500;500;33071
2024-07-19;19/07/2024;500;500;470;470;11081
2024-07-22;22/07/2024;470;495;470;495;33362
2024-07-23;23/07/2024;495;495;490;490;24357
2024-07-24;24/07/2024;490;495;490;495;1621
2024-07-25;25/07/2024;495;500;495;500;2439
2024-07-26;26/07/2024;510;510;495;495;1602
2024-07-29;29/07/2024;495;495;495;495;1023
2024-07-30;30/07/2024;495;510;495;510;5875
2024-07-31;31/07/2024;510;545;510;545;454
2024-08-01;01/08/2024;545;575;545;575;1052
2024-08-02;02/08/2024;575;575;575;575;20756
2024-08-05;05/08/2024;575;575;565;565;509
2024-08-06;06/08/2024;570;570;565;565;52
2024-08-07;07/08/2024;570;570;565;565;52
2024-08-08;08/08/2024;570;570;570;570;3211
2024-08-09;09/08/2024;550;560;550;560;378
2024-08-12;12/08/2024;555;570;555;570;196
2024-08-13;13/08/2024;570;605;570;605;1655
2024-08-14;14/08/2024;650;650;650;650;163
2024-08-15;15/08/2024;650;650;650;650;163
2024-08-16;16/08/2024;655;695;655;695;1143
2024-08-19;19/08/2024;720;720;645;645;8097
2024-08-20;20/08/2024;600;600;600;600;1591
2024-08-21;21/08/2024;590;600;590;600;17458
2024-08-22;22/08/2024;600;600;600;600;53
2024-08-23;23/08/2024;645;645;640;640;282
2024-08-26;26/08/2024;640;640;640;640;102
2024-08-27;27/08/2024;600;670;600;670;193
2024-08-28;28/08/2024;660;660;660;660;144
2024-08-29;29/08/2024;660;700;660;700;766
2024-08-30;30/08/2024;690;690;650;650;295
2024-09-02;02/09/2024;650;650;650;650;363
2024-09-03;03/09/2024;650;650;625;625;1677
2024-09-04;04/09/2024;650;650;645;645;1021
2024-09-05;05/09/2024;625;640;625;640;206
2024-09-06;06/09/2024;640;640;595;595;520
2024-09-09;09/09/2024;590;590;585;585;920
2024-09-10;10/09/2024;595;595;595;595;333
2024-09-11;11/09/2024;555;595;555;595;11772
2024-09-12;12/09/2024;595;595;555;555;2996
2024-09-13;13/09/2024;555;555;555;555;1407
2024-09-16;16/09/2024;565;565;565;565;490
2024-09-17;17/09/2024;555;565;555;565;6195
2024-09-18;18/09/2024;565;565;525;525;4891
2024-09-19;19/09/2024;525;555;525;555;24168
2024-09-20;20/09/2024;555;555;555;555;2930
2024-09-23;23/09/2024;555;555;555;555;832
2024-09-24;24/09/2024;560;560;560;560;2981
2024-09-25;25/09/2024;555;555;520;520;923
2024-09-26;26/09/2024;520;520;500;500;2264
2024-09-27;27/09/2024;505;535;505;535;3107
2024-09-30;30/09/2024;555;555;535;535;10648
2024-10-01;01/10/2024;560;560;525;525;2301
2024-10-02;02/10/2024;535;535;520;520;2781
2024-10-03;03/10/2024;520;540;520;540;15791
2024-10-04;04/10/2024;540;540;535;535;6933
2024-10-07;07/10/2024;535;535;500;500;5244
2024-10-08;08/10/2024;535;535;500;500;1191
2024-10-09;09/10/2024;505;505;500;500;6082
2024-10-10;10/10/2024;530;530;475;475;1876
2024-10-11;11/10/2024;475;505;475;505;4084
2024-10-14;14/10/2024;510;510;505;505;3181
2024-10-15;15/10/2024;505;520;505;520;1305
2024-10-16;16/10/2024;520;520;510;510;981
2024-10-17;17/10/2024;510;525;510;525;358
2024-10-18;18/10/2024;525;525;525;525;2532
2024-10-21;21/10/2024;525;525;525;525;10686
2024-10-22;22/10/2024;495;525;495;525;2192
2024-10-23;23/10/2024;525;525;525;525;152
2024-10-24;24/10/2024;525;530;525;530;977
2024-10-25;25/10/2024;530;530;520;520;389
2024-10-28;28/10/2024;520;520;520;520;66
2024-10-29;29/10/2024;520;520;520;520;857
2024-10-30;30/10/2024;520;520;520;520;17
2024-10-31;31/10/2024;520;520;520;520;24
2024-11-01;01/11/2024;520;520;520;520;24
2024-11-04;04/11/2024;520;520;520;520;5180
2024-11-05;05/11/2024;500;535;500;535;2536
2024-11-06;06/11/2024;535;535;530;530;866
2024-11-07;07/11/2024;525;525;520;520;1627
2024-11-08;08/11/2024;520;520;520;520;263
2024-11-11;11/11/2024;490;490;485;485;7783
2024-11-12;12/11/2024;490;500;490;500;794
2024-11-13;13/11/2024;520;520;500;500;986
2024-11-14;14/11/2024;500;500;500;500;1109
2024-11-15;15/11/2024;500;500;500;500;1109
2024-11-18;18/11/2024;500;500;495;495;2472
2024-11-19;19/11/2024;485;510;485;510;2327
2024-11-20;20/11/2024;495;510;495;510;5044
2024-11-21;21/11/2024;495;510;495;510;588
2024-11-22;22/11/2024;510;510;510;510;117
2024-11-25;25/11/2024;510;510;510;510;66
2024-11-26;26/11/2024;510;510;510;510;7
2024-11-27;27/11/2024;510;510;510;510;5
2024-11-28;28/11/2024;510;510;510;510;193
2024-11-29;29/11/2024;510;515;510;515;492
2024-12-02;02/12/2024;515;515;495;495;294
2024-12-03;03/12/2024;530;530;500;500;2151
2024-12-04;04/12/2024;495;510;495;510;940
2024-12-05;05/12/2024;530;530;500;500;2375
2024-12-06;06/12/2024;500;515;500;515;778
2024-12-09;09/12/2024;515;515;510;510;1423
2024-12-10;10/12/2024;515;515;510;510;267
2024-12-11;11/12/2024;515;515;510;510;41
2024-12-12;12/12/2024;510;510;510;510;28
2024-12-13;13/12/2024;510;510;500;500;254
2024-12-16;16/12/2024;520;520;500;500;332
2024-12-17;17/12/2024;520;520;515;515;464
2024-12-18;18/12/2024;520;520;515;515;512
2024-12-19;19/12/2024;520;520;510;510;4763
2024-12-20;20/12/2024;510;510;510;510;51
2024-12-23;23/12/2024;515;515;500;500;589
2024-12-26;26/12/2024;485;485;485;485;84
2024-12-27;27/12/2024;510;510;510;510;21
2024-12-30;30/12/2024;500;500;475;475;331
2024-12-31;31/12/2024;500;500;500;500;141
2025-01-01;01/01/2025;500;500;500;500;141
2025-01-02;02/01/2025;500;500;500;500;48
2025-01-03;03/01/2025;495;495;495;495;90
2025-01-06;06/01/2025;495;495;495;495;216
2025-01-07;07/01/2025;495;510;495;510;171
2025-01-08;08/01/2025;495;510;495;510;27
2025-01-09;09/01/2025;510;510;510;510;145
2025-01-10;10/01/2025;500;510;500;510;76
2025-01-13;13/01/2025;510;510;500;500;102
2025-01-14;14/01/2025;500;500;500;500;131
2025-01-15;15/01/2025;495;495;475;475;145
2025-01-16;16/01/2025;500;500;450;450;4633
2025-01-17;17/01/2025;450;475;450;475;829
2025-01-20;20/01/2025;475;495;475;495;115
2025-01-21;21/01/2025;495;495;485;485;145
2025-01-22;22/01/2025;485;485;450;450;27
2025-01-23;23/01/2025;455;455;455;455;91
2025-01-24;24/01/2025;485;485;480;480;197
2025-01-27;27/01/2025;485;485;480;480;171
2025-01-28;28/01/2025;495;495;475;475;61
2025-01-29;29/01/2025;450;485;450;485;163
2025-01-30;30/01/2025;485;485;480;480;634
2025-01-31;31/01/2025;480;480;480;480;81
2025-02-03;03/02/2025;495;495;490;490;617
2025-02-04;04/02/2025;490;490;480;480;401
2025-02-05;05/02/2025;490;490;485;485;144
2025-02-06;06/02/2025;490;490;455;455;920
2025-02-07;07/02/2025;460;485;460;485;142
2025-02-10;10/02/2025;485;490;485;490;811
2025-02-11;11/02/2025;490;490;490;490;624
2025-02-12;12/02/2025;490;495;490;495;53
2025-02-13;13/02/2025;495;495;490;490;130
2025-02-14;14/02/2025;490;490;490;490;430
2025-02-17;17/02/2025;490;490;490;490;199
2025-02-18;18/02/2025;490;490;490;490;3734
2025-02-19;19/02/2025;460;490;460;490;171
2025-02-20;20/02/2025;490;495;490;495;356
2025-02-21;21/02/2025;495;500;495;500;1841
2025-02-24;24/02/2025;500;500;500;500;196
2025-02-25;25/02/2025;500;500;500;500;683
2025-02-26;26/02/2025;500;500;500;500;3649
2025-02-28;28/02/2025;510;510;510;510;85
2025-03-03;03/03/2025;510;510;510;510;328
2025-03-04;04/03/2025;510;510;510;510;262
2025-03-05;05/03/2025;505;505;505;505;834
2025-03-06;06/03/2025;500;500;500;500;222
2025-03-07;07/03/2025;495;500;495;500;1373
2025-03-10;10/03/2025;500;500;500;500;255
2025-03-11;11/03/2025;500;500;495;495;290
2025-03-12;12/03/2025;495;510;495;510;782
2025-03-13;13/03/2025;520;520;500;500;1018
2025-03-14;14/03/2025;500;505;500;505;4329
2025-03-17;17/03/2025;510;510;505;505;4974
2025-03-18;18/03/2025;505;505;505;505;17364
2025-03-19;19/03/2025;490;505;490;505;6762
2025-03-20;20/03/2025;505;505;475;475;5821
2025-03-21;21/03/2025;475;510;475;510;3192
2025-03-24;24/03/2025;510;510;510;510;175
2025-03-25;25/03/2025;510;510;510;510;156
2025-03-26;26/03/2025;510;510;500;500;4328
2025-03-27;27/03/2025;510;510;500;500;4328
2025-03-28;28/03/2025;510;510;510;510;503
2025-03-31;31/03/2025;510;510;510;510;503
2025-04-01;01/04/2025;505;505;500;500;1207
2025-04-02;02/04/2025;500;505;500;505;2581
2025-04-03;03/04/2025;505;505;500;500;331
2025-04-04;04/04/2025;510;510;500;500;1127
2025-04-07;07/04/2025;500;505;500;505;13
2025-04-08;08/04/2025;500;500;500;500;1576
2025-04-09;09/04/2025;500;505;500;505;20746
2025-04-10;10/04/2025;500;500;495;495;17925
2025-04-11;11/04/2025;495;495;495;495;1978
2025-04-14;14/04/2025;500;500;460;460;2228
2025-04-15;15/04/2025;465;465;460;460;10770
2025-04-16;16/04/2025;465;465;465;465;25853
2025-04-17;17/04/2025;470;470;470;470;3672
2025-04-18;18/04/2025;505;505;465;465;1091
2025-04-21;21/04/2025;505;505;465;465;1091
2025-04-22;22/04/2025;465;495;465;495;3090
2025-04-23;23/04/2025;495;505;495;505;5861
2025-04-24;24/04/2025;505;505;505;505;317
2025-04-25;25/04/2025;505;505;505;505;204
2025-04-28;28/04/2025;480;505;480;505;55
2025-04-29;29/04/2025;490;505;490;505;8543
2025-04-30;30/04/2025;505;505;500;500;164
2025-05-01;01/05/2025;505;505;500;500;164
2025-05-02;02/05/2025;500;505;500;505;788
2025-05-05;05/05/2025;505;505;505;505;50
2025-05-06;06/05/2025;505;505;505;505;3940
2025-05-07;07/05/2025;520;540;520;540;17552
2025-05-08;08/05/2025;515;575;515;575;1746
2025-05-09;09/05/2025;570;595;570;595;1248
2025-05-12;12/05/2025;595;595;585;585;5743
2025-05-13;13/05/2025;565;565;560;560;14885
2025-05-14;14/05/2025;545;545;535;535;4699
2025-05-15;15/05/2025;535;535;535;535;1557
2025-05-16;16/05/2025;535;535;530;530;512
2025-05-19;19/05/2025;530;550;530;550;955
2025-05-20;20/05/2025;550;550;550;550;853
2025-05-21;21/05/2025;520;520;520;520;822
2025-05-22;22/05/2025;520;520;510;510;971
2025-05-23;23/05/2025;515;520;515;520;2343
2025-05-26;26/05/2025;515;515;515;515;646
2025-05-27;27/05/2025;515;520;515;520;3961
2025-05-28;28/05/2025;520;545;520;545;31571
2025-05-29;29/05/2025;520;545;520;545;31571
2025-05-30;30/05/2025;545;545;545;545;893
2025-06-02;02/06/2025;530;550;530;550;618
2025-06-03;03/06/2025;545;545;535;535;764
2025-06-04;04/06/2025;545;545;530;530;875
2025-06-05;05/06/2025;520;535;520;535;222
2025-06-10;10/06/2025;525;565;525;565;4992
2025-06-11;11/06/2025;565;565;555;555;1314
2025-06-12;12/06/2025;550;550;550;550;197
2025-06-13;13/06/2025;550;550;510;510;5362
2025-06-16;16/06/2025;515;545;515;545;1896
2025-06-17;17/06/2025;545;545;505;505;2876
2025-06-18;18/06/2025;540;540;540;540;1005
2025-06-19;19/06/2025;545;550;545;550;1580
2025-06-20;20/06/2025;545;545;545;545;732
2025-06-23;23/06/2025;545;545;540;540;3202
2025-06-24;24/06/2025;540;540;540;540;426
2025-06-25;25/06/2025;540;540;535;535;1711
2025-06-26;26/06/2025;545;545;535;535;461
2025-06-27;27/06/2025;540;540;535;535;438
2025-06-30;30/06/2025;535;535;535;535;2796
2025-07-01;01/07/2025;535;535;525;525;265
2025-07-02;02/07/2025;540;540;530;530;328
2025-07-03;03/07/2025;540;540;530;530;318
2025-07-04;04/07/2025;540;540;530;530;173
2025-07-07;07/07/2025;530;530;530;530;1407
2025-07-08;08/07/2025;535;535;530;530;261
2025-07-09;09/07/2025;530;530;530;530;118
2025-07-10;10/07/2025;530;530;525;525;229
2025-07-11;11/07/2025;525;525;525;525;19251
2025-07-14;14/07/2025;525;525;510;510;688
2025-07-15;15/07/2025;520;520;510;510;1989
2025-07-16;16/07/2025;515;530;515;530;4619
2025-07-17;17/07/2025;530;530;525;525;961
2025-07-18;18/07/2025;520;520;510;510;399
2025-07-21;21/07/2025;530;530;525;525;303
2025-07-22;22/07/2025;530;530;510;510;761
2025-07-23;23/07/2025;525;525;520;520;124
2025-07-24;24/07/2025;520;520;510;510;1156
2025-07-25;25/07/2025;520;525;520;525;1985
2025-07-28;28/07/2025;525;525;525;525;1569
2025-07-29;29/07/2025;505;525;505;525;478
2025-07-30;30/07/2025;525;525;525;525;722
2025-07-31;31/07/2025;505;510;505;510;6312
2025-08-01;01/08/2025;525;525;520;520;242
2025-08-04;04/08/2025;520;525;520;525;426
2025-08-05;05/08/2025;525;550;525;550;1738
2025-08-06;06/08/2025;545;545;540;540;222
2025-08-07;07/08/2025;545;545;540;540;222
2025-08-08;08/08/2025;540;540;540;540;113
2025-08-11;11/08/2025;540;550;540;550;945
2025-08-12;12/08/2025;550;550;545;545;568
2025-08-13;13/08/2025;550;550;545;545;15562
2025-08-14;14/08/2025;545;545;545;545;370
2025-08-15;15/08/2025;545;545;545;545;370
2025-08-18;18/08/2025;545;545;540;540;3689
2025-08-19;19/08/2025;545;550;545;550;3146
2025-08-20;20/08/2025;550;590;550;590;1767
2025-08-21;21/08/2025;590;590;590;590;6652
2025-08-22;22/08/2025;590;590;590;590;2556
2025-08-25;25/08/2025;590;595;590;595;1670
2025-08-26;26/08/2025;590;590;585;585;949
2025-08-27;27/08/2025;585;585;575;575;2797
2025-08-28;28/08/2025;585;595;585;595;3113
2025-08-29;29/08/2025;595;600;595;600;5348
2025-09-01;01/09/2025;600;600;600;600;5170
2025-09-02;02/09/2025;600;600;595;595;1173
2025-09-03;03/09/2025;595;595;585;585;3852
2025-09-04;04/09/2025;595;595;585;585;3852
2025-09-05;05/09/2025;590;600;590;600;18574
2025-09-08;08/09/2025;600;600;600;600;4068
2025-09-09;09/09/2025;590;625;590;625;6201
2025-09-10;10/09/2025;625;670;625;670;3818
2025-09-11;11/09/2025;715;715;705;705;2772
2025-09-12;12/09/2025;700;700;695;695;2377
2025-09-15;15/09/2025;700;700;695;695;1781
2025-09-16;16/09/2025;695;695;695;695;11131
2025-09-17;17/09/2025;690;695;690;695;1386
2025-09-18;18/09/2025;690;695;690;695;1117
2025-09-19;19/09/2025;695;695;685;685;1628
2025-09-22;22/09/2025;695;695;690;690;1351
2025-09-23;23/09/2025;690;690;685;685;4167
2025-09-24;24/09/2025;685;685;685;685;10528
2025-09-25;25/09/2025;685;700;685;700;6582
2025-09-26;26/09/2025;700;700;690;690;9219
2025-09-29;29/09/2025;690;690;680;680;11169
2025-09-30;30/09/2025;680;680;680;680;2523
2025-10-01;01/10/2025;690;690;680;680;10497
2025-10-02;02/10/2025;680;680;630;630;12844
2025-10-03;03/10/2025;625;630;625;630;8884
2025-10-06;06/10/2025;650;665;650;665;12629
2025-10-07;07/10/2025;670;670;670;670;5540
2025-10-08;08/10/2025;670;670;665;665;11777
2025-10-09;09/10/2025;665;675;665;675;3267
2025-10-10;10/10/2025;675;675;670;670;2298
2025-10-13;13/10/2025;675;675;655;655;6383
2025-10-14;14/10/2025;670;680;670;680;16294
2025-10-15;15/10/2025;700;715;700;715;15733
2025-10-16;16/10/2025;720;720;690;690;10469
2025-10-17;17/10/2025;715;715;700;700;4025
2025-10-20;20/10/2025;700;715;700;715;4073
2025-10-21;21/10/2025;715;715;670;670;4981
2025-10-22;22/10/2025;710;710;680;680;32309
2025-10-23;23/10/2025;675;710;675;710;5518
2025-10-24;24/10/2025;710;710;670;670;14636
2025-10-27;27/10/2025;710;710;705;705;1824
2025-10-28;28/10/2025;700;710;700;710;6934
2025-10-29;29/10/2025;710;710;710;710;23117
2025-10-30;30/10/2025;710;710;700;700;18697
2025-10-31;31/10/2025;700;700;700;700;5019
2025-11-03;03/11/2025;695;695;690;690;1250
2025-11-04;04/11/2025;690;690;680;680;5522
2025-11-05;05/11/2025;690;690;680;680;2007
2025-11-06;06/11/2025;700;700;695;695;2814
2025-11-07;07/11/2025;695;695;695;695;0
2025-11-10;10/11/2025;715;715;700;700;5078
2025-11-11;11/11/2025;700;705;700;705;515
2025-11-12;12/11/2025;705;705;700;700;1799
2025-11-13;13/11/2025;700;700;685;685;22943
2025-11-14;14/11/2025;700;700;695;695;3776
2025-11-17;17/11/2025;695;700;695;700;1839
2025-11-18;18/11/2025;700;700;685;685;788
2025-11-19;19/11/2025;685;700;685;700;1734
2025-11-20;20/11/2025;700;700;695;695;681
2025-11-21;21/11/2025;695;695;690;690;1107
2025-11-24;24/11/2025;685;695;685;695;4578
2025-11-25;25/11/2025;680;700;680;700;3607
2025-11-26;26/11/2025;700;700;695;695;2952
2025-11-27;27/11/2025;700;720;700;720;5601
2025-11-28;28/11/2025;720;720;715;715;3076
2025-12-01;01/12/2025;665;665;665;665;10877
2025-12-02;02/12/2025;665;700;665;700;16510
2025-12-03;03/12/2025;700;705;700;705;3029
2025-12-04;04/12/2025;700;705;700;705;10144
2025-12-05;05/12/2025;705;755;705;755;50981
2025-12-08;08/12/2025;810;810;810;810;2459
2025-12-09;09/12/2025;870;870;870;870;1191
2025-12-10;10/12/2025;935;935;935;935;3233
2025-12-11;11/12/2025;1005;1005;1005;1005;6010
2025-12-12;12/12/2025;1080;1080;1080;1080;3408
2025-12-15;15/12/2025;1160;1160;1160;1160;42373
2025-12-16;16/12/2025;1245;1245;1245;1245;5283
2025-12-17;17/12/2025;1335;1335;1335;1335;1073
2025-12-18;18/12/2025;1435;1435;1435;1435;4680
2025-12-19;19/12/2025;1540;1540;1540;1540;5495
2025-12-22;22/12/2025;1655;1655;1655;1655;1951
2025-12-23;23/12/2025;1660;1775;1660;1775;86341
2025-12-24;24/12/2025;1805;1805;1775;1775;22277
2025-12-25;25/12/2025;1805;1805;1775;1775;22277
2025-12-26;26/12/2025;1780;1780;1720;1720;41200
2025-12-29;29/12/2025;1680;1680;1600;1600;14051
2025-12-30;30/12/2025;1485;1500;1485;1500;37047
2025-12-31;31/12/2025;1505;1580;1505;1580;11592
2026-01-01;01/01/2026;1505;1580;1505;1580;11592
2026-01-02;02/01/2026;1695;1695;1680;1680;10948
2026-01-05;05/01/2026;1700;1715;1700;1715;8529
2026-01-06;06/01/2026;1700;1700;1695;1695;6255
2026-01-07;07/01/2026;1700;1700;1665;1665;13220
2026-01-08;08/01/2026;1665;1665;1600;1600;4725
2026-01-09;09/01/2026;1670;1670;1660;1660;1782
2026-01-12;12/01/2026;1660;1660;1650;1650;1996
2026-01-13;13/01/2026;1670;1670;1670;1670;660
2026-01-14;14/01/2026;1675;1685;1675;1685;6478
2026-01-15;15/01/2026;1690;1695;1690;1695;4357
2026-01-16;16/01/2026;1685;1700;1685;1700;9648
2026-01-19;19/01/2026;1700;1700;1700;1700;8753
2026-01-20;20/01/2026;1700;1700;1695;1695;2467
2026-01-21;21/01/2026;1695;1710;1695;1710;24319
2026-01-22;22/01/2026;1700;1710;1700;1710;10071
2026-01-23;23/01/2026;1720;1750;1720;1750;1478
2026-01-26;26/01/2026;1730;1800;1730;1800;16099
2026-01-27;27/01/2026;1800;1800;1800;1800;7930
2026-01-28;28/01/2026;1815;1935;1815;1935;3874
2026-01-29;29/01/2026;2000;2050;2000;2050;13523
2026-01-30;30/01/2026;2200;2200;2150;2150;8184
2026-02-02;02/02/2026;2150;2150;2050;2050;7964
2026-02-03;03/02/2026;2050;2100;2050;2100;5491
2026-02-04;04/02/2026;2100;2120;2100;2120;4701
2026-02-05;05/02/2026;2125;2150;2125;2150;8970
2026-02-06;06/02/2026;2150;2310;2150;2310;16767
2026-02-09;09/02/2026;2480;2480;2480;2480;17410
2026-02-10;10/02/2026;2480;2665;2480;2665;11987
2026-02-11;11/02/2026;2850;2850;2850;2850;10556
2026-02-12;12/02/2026;2850;2850;2640;2640;8185
2026-02-13;13/02/2026;2445;2445;2445;2445;8337
2026-02-16;16/02/2026;2290;2550;2290;2550;25804
2026-02-17;17/02/2026;2570;2740;2570;2740;7148
2026-02-18;18/02/2026;2740;2740;2695;2695;7149
2026-02-19;19/02/2026;2690;2695;2690;2695;8945
2026-02-20;20/02/2026;2720;2790;2720;2790;8253
2026-02-23;23/02/2026;2790;2850;2790;2850;18542
2026-02-24;24/02/2026;2850;2950;2850;2950;3830
2026-02-25;25/02/2026;2945;3000;2945;3000;4636
2026-02-26;26/02/2026;2995;3000;2995;3000;13127
2026-02-27;27/02/2026;3010;3010;3000;3000;14177
2026-03-02;02/03/2026;2995;2995;2900;2900;15368
2026-03-03;03/03/2026;2900;2900;2685;2685;36289
2026-03-04;04/03/2026;2500;2500;2500;2500;27960
2026-03-05;05/03/2026;2525;2685;2525;2685;24845
2026-03-06;06/03/2026;2650;2800;2650;2800;16941
2026-03-09;09/03/2026;2800;2840;2800;2840;4677
2026-03-10;10/03/2026;2840;2840;2835;2835;1631
2026-03-11;11/03/2026;2835;2835;2710;2710;2302
2026-03-12;12/03/2026;2700;2700;2620;2620;18763
2026-03-13;13/03/2026;2620;2650;2620;2650;6275
2026-03-16;16/03/2026;2620;2650;2620;2650;6275
2026-03-17;17/03/2026;2650;2695;2650;2695;5832
2026-03-18;18/03/2026;2695;2695;2690;2690;2260
2026-03-19;19/03/2026;2655;2675;2655;2675;3696
2026-03-20;20/03/2026;2655;2675;2655;2675;3696
2026-03-23;23/03/2026;2670;2675;2670;2675;1826
2026-03-24;24/03/2026;2700;2775;2700;2775;4633
2026-03-25;25/03/2026;2775;2835;2775;2835;3708
2026-03-26;26/03/2026;2830;2830;2800;2800;3490
2026-03-27;27/03/2026;2800;2995;2800;2995;20624
2026-03-30;30/03/2026;2995;2995;2975;2975;4432
2026-03-31;31/03/2026;2975;2975;2950;2950;4727
2026-04-01;01/04/2026;2950;2950;2920;2920;2322
2026-04-02;02/04/2026;2920;2930;2920;2930;2937
2026-04-03;03/04/2026;2935;2940;2935;2940;747
2026-04-06;06/04/2026;2935;2940;2935;2940;747
2026-04-07;07/04/2026;2930;2935;2930;2935;3480
2026-04-08;08/04/2026;2935;2935;2935;2935;866
2026-04-09;09/04/2026;2935;3005;2935;3005;8414
2026-04-10;10/04/2026;3005;3060;3005;3060;14544
2026-04-13;13/04/2026;3080;3215;3080;3215;3388
2026-04-14;14/04/2026;3215;3215;3160;3160;3365
2026-04-15;15/04/2026;3160;3160;2925;2925;6359
2026-04-16;16/04/2026;2800;2800;2800;2800;9421
2026-04-17;17/04/2026;2750;2750;2700;2700;3270
2026-04-20;20/04/2026;2700;2700;2695;2695;4506
2026-04-21;21/04/2026;2695;2695;2695;2695;4529
2026-04-22;22/04/2026;2700;2700;2700;2700;1187
2026-04-23;23/04/2026;2700;2760;2700;2760;2527
2026-04-24;24/04/2026;2765;2800;2765;2800;2534
2026-04-27;27/04/2026;2810;2810;2810;2810;1454
2026-04-28;28/04/2026;2775;2775;2760;2760;1136
2026-04-29;29/04/2026;2765;2765;2765;2765;2119
2026-04-30;30/04/2026;2750;2785;2750;2785;1017
2026-05-01;01/05/2026;2750;2785;2750;2785;1017
2026-05-04;04/05/2026;2780;2780;2775;2775;3324
2026-05-05;05/05/2026;2775;2775;2720;2720;2266
2026-05-06;06/05/2026;2700;2810;2700;2810;13395
2026-05-07;07/05/2026;2810;2850;2810;2850;10754
2026-05-08;08/05/2026;2845;2845;2845;2845;2079
2026-05-11;11/05/2026;2800;2855;2800;2855;8733
2026-05-12;12/05/2026;2865;2865;2860;2860;4743
2026-05-13;13/05/2026;2860;2860;2860;2860;4274
2026-05-14;14/05/2026;2860;2860;2860;2860;4274
2026-05-15;15/05/2026;2860;2860;2850;2850;3423
2026-05-18;18/05/2026;2845;2845;2845;2845;1138
2026-05-19;19/05/2026;2800;2850;2800;2850;1778
2026-05-20;20/05/2026;2850;2860;2850;2860;5040
2026-05-21;21/05/2026;2895;2895;2855;2855;2109
2026-05-22;22/05/2026;2855;2855;2855;2855;735
2026-05-25;25/05/2026;2855;2855;2855;2855;735
2026-05-26;26/05/2026;2900;2900;2875;2875;1098
2026-05-27;27/05/2026;2900;2900;2875;2875;1098
2026-05-28;28/05/2026;2875;2875;2875;2875;1109
2026-05-29;29/05/2026;2875;2875;2875;2875;4323
2026-06-01;01/06/2026;2875;2875;2860;2860;1696
2026-06-02;02/06/2026;2855;2855;2845;2845;1572
2026-06-03;03/06/2026;2700;2700;2685;2685;6639
2026-06-04;04/06/2026;2695;2820;2695;2820;21546
2026-06-05;05/06/2026;2800;2830;2800;2830;1856
2026-06-08;08/06/2026;2870;2870;2840;2840;2193
2026-06-09;09/06/2026;2840;2845;2840;2845;1185
2026-06-10;10/06/2026;2665;2840;2665;2840;10409
2026-06-11;11/06/2026;2840;2840;2835;2835;691
2026-06-12;12/06/2026;2835;2835;2830;2830;2645
2026-06-15;15/06/2026;2815;2815;2800;2800;9571
2026-06-16;16/06/2026;2800;2800;2795;2795;2314
2026-06-17;17/06/2026;2790;2795;2790;2795;3492
2026-06-18;18/06/2026;2795;2795;2795;2795;3406
2026-06-19;19/06/2026;2770;2770;2640;2640;24152
2026-06-22;22/06/2026;2445;2445;2445;2445;11613
2026-06-23;23/06/2026;2305;2625;2305;2625;25768
2026-06-24;24/06/2026;2790;2790;2730;2730;4008
2026-06-25;25/06/2026;2730;2730;2650;2650;5894
2026-06-26;26/06/2026;2640;2640;2625;2625;2305
2026-06-29;29/06/2026;2600;2600;2575;2575;8096
2026-06-30;30/06/2026;2575;2575;2500;2500;6817
2026-07-01;01/07/2026;2500;2500;2500;2500;1288
