date_iso;date_fr;open;high;low;close;volume
2006-08-31;31/08/2006;11000.00000011;11000.00000011;11000.00000011;11000.00000011;130
2006-09-14;14/09/2006;11030.0000001103;11030.0000001103;11030.0000001103;11030.0000001103;130
2006-10-03;03/10/2006;11030.0000001103;11030.0000001103;11030.0000001103;11030.0000001103;140
2006-10-18;18/10/2006;11035.800000110357;11035.800000110357;11035.800000110357;11035.800000110357;120
2006-11-23;23/11/2006;11035.800000110357;11035.800000110357;11035.800000110357;11035.800000110357;30
2006-11-28;28/11/2006;11036.000000110358;11036.000000110358;11036.000000110358;11036.000000110358;290
2006-12-04;04/12/2006;11036.000000110358;11036.000000110358;11036.000000110358;11036.000000110358;10
2006-12-07;07/12/2006;11036.000000110358;11036.000000110358;11036.000000110358;11036.000000110358;20
2006-12-08;08/12/2006;11036.000000110358;11036.000000110358;11036.000000110358;11036.000000110358;0
2006-12-19;19/12/2006;11036.000000110358;11036.000000110358;11036.000000110358;11036.000000110358;0
2006-12-26;26/12/2006;11036.000000110358;11036.000000110358;11036.000000110358;11036.000000110358;30
2007-01-26;26/01/2007;11036.000000110358;11036.000000110358;11036.000000110358;11036.000000110358;30
2007-02-14;14/02/2007;11036.000000110358;11036.000000110358;11036.000000110358;11036.000000110358;10
2007-03-01;01/03/2007;11036.300000110363;11036.300000110363;11036.300000110363;11036.300000110363;80
2007-03-22;22/03/2007;13710.000000137099;13710.000000137099;13710.000000137099;13710.000000137099;80
2007-03-23;23/03/2007;13710.000000137099;13710.000000137099;13710.000000137099;13710.000000137099;40
2007-04-10;10/04/2007;13710.000000137099;13710.000000137099;13710.000000137099;13710.000000137099;60
2007-04-20;20/04/2007;11750.0000001175;11750.0000001175;11750.0000001175;11750.0000001175;370
2007-05-15;15/05/2007;6600.000000066;6600.000000066;6600.000000066;6600.000000066;70
2007-05-21;21/05/2007;6855.0000000685495;6855.0000000685495;6855.0000000685495;6855.0000000685495;210
2007-06-11;11/06/2007;9191.300000091913;9191.300000091913;9191.300000091913;9191.300000091913;70
2007-06-12;12/06/2007;9200.000000091999;9200.000000091999;9200.000000091999;9200.000000091999;290
2007-06-14;14/06/2007;10631.800000106317;10631.800000106317;10631.800000106317;10631.800000106317;90
2007-06-21;21/06/2007;11300.500000113005;11300.500000113005;11300.500000113005;11300.500000113005;70
2007-06-22;22/06/2007;11400.000000114;11400.000000114;11400.000000114;11400.000000114;90
2007-06-25;25/06/2007;11450.000000114498;11450.000000114498;11450.000000114498;11450.000000114498;110
2007-06-26;26/06/2007;11500.000000115;11500.000000115;11500.000000115;11500.000000115;290
2007-06-29;29/06/2007;12250.0000001225;12250.0000001225;12250.0000001225;12250.0000001225;90
2007-07-02;02/07/2007;12500.000000125;12500.000000125;12500.000000125;12500.000000125;200
2007-07-03;03/07/2007;12500.000000125;12500.000000125;12500.000000125;12500.000000125;350
2007-07-10;10/07/2007;13000.300000130002;13000.300000130002;13000.300000130002;13000.300000130002;70
2007-07-16;16/07/2007;13500.500000135004;13500.500000135004;13500.500000135004;13500.500000135004;150
2007-07-24;24/07/2007;13500.500000135004;13500.500000135004;13500.500000135004;13500.500000135004;140
2007-07-31;31/07/2007;13500.500000135004;13500.500000135004;13500.500000135004;13500.500000135004;50
2007-08-01;01/08/2007;13550.300000135501;13550.300000135501;13550.300000135501;13550.300000135501;210
2007-08-02;02/08/2007;13600.300000136001;13600.300000136001;13600.300000136001;13600.300000136001;190
2007-08-10;10/08/2007;13650.500000136506;13650.500000136506;13650.500000136506;13650.500000136506;210
2007-08-13;13/08/2007;14674.30000014674;14674.30000014674;14674.30000014674;14674.30000014674;140
2007-08-16;16/08/2007;14674.30000014674;14674.30000014674;14674.30000014674;14674.30000014674;90
2007-08-17;17/08/2007;14000.300000140001;14000.300000140001;14000.300000140001;14000.300000140001;190
2007-08-20;20/08/2007;14650.000000146498;14650.000000146498;14650.000000146498;14650.000000146498;210
2007-08-22;22/08/2007;14750.000000147502;14750.000000147502;14750.000000147502;14750.000000147502;70
2007-08-23;23/08/2007;15000.000000149998;15000.000000149998;15000.000000149998;15000.000000149998;170
2007-08-24;24/08/2007;15000.000000149998;15000.000000149998;15000.000000149998;15000.000000149998;50
2007-08-27;27/08/2007;15000.000000149998;15000.000000149998;15000.000000149998;15000.000000149998;100
2007-08-29;29/08/2007;15375.00000015375;15375.00000015375;15375.00000015375;15375.00000015375;190
2007-08-30;30/08/2007;16000.000000159998;16000.000000159998;16000.000000159998;16000.000000159998;70
2007-08-31;31/08/2007;17000.00000017;17000.00000017;17000.00000017;17000.00000017;170
2007-09-03;03/09/2007;17250.0000001725;17250.0000001725;17250.0000001725;17250.0000001725;260
2007-09-06;06/09/2007;17250.0000001725;17250.0000001725;17250.0000001725;17250.0000001725;190
2007-09-07;07/09/2007;18500.000000185;18500.000000185;18500.000000185;18500.000000185;180
2007-09-11;11/09/2007;18500.000000185;18500.000000185;18500.000000185;18500.000000185;190
2007-09-17;17/09/2007;18500.000000185;18500.000000185;18500.000000185;18500.000000185;30
2007-09-20;20/09/2007;18500.000000185;18500.000000185;18500.000000185;18500.000000185;10
2007-09-21;21/09/2007;18500.000000185;18500.000000185;18500.000000185;18500.000000185;40
2007-09-25;25/09/2007;18500.000000185;18500.000000185;18500.000000185;18500.000000185;20
2007-09-26;26/09/2007;18500.000000185;18500.000000185;18500.000000185;18500.000000185;30
2007-09-27;27/09/2007;18500.000000185;18500.000000185;18500.000000185;18500.000000185;120
2007-10-01;01/10/2007;18500.000000185;18500.000000185;18500.000000185;18500.000000185;480
2007-10-02;02/10/2007;18500.000000185;18500.000000185;18500.000000185;18500.000000185;10
2007-10-10;10/10/2007;18500.000000185;18500.000000185;18500.000000185;18500.000000185;40
2007-10-15;15/10/2007;18500.000000185;18500.000000185;18500.000000185;18500.000000185;110
2007-10-16;16/10/2007;18500.000000185;18500.000000185;18500.000000185;18500.000000185;320
2007-10-17;17/10/2007;18500.000000185;18500.000000185;18500.000000185;18500.000000185;170
2007-10-18;18/10/2007;18500.000000185;18500.000000185;18500.000000185;18500.000000185;50
2007-10-22;22/10/2007;18500.000000185;18500.000000185;18500.000000185;18500.000000185;40
2007-10-25;25/10/2007;18499.800000184998;18499.800000184998;18499.800000184998;18499.800000184998;100
2007-10-29;29/10/2007;18500.000000185;18500.000000185;18500.000000185;18500.000000185;120
2007-10-30;30/10/2007;18500.000000185;18500.000000185;18500.000000185;18500.000000185;90
2007-10-31;31/10/2007;18500.000000185;18500.000000185;18500.000000185;18500.000000185;370
2007-11-02;02/11/2007;18500.000000185;18500.000000185;18500.000000185;18500.000000185;20
2007-11-05;05/11/2007;18500.000000185;18500.000000185;18500.000000185;18500.000000185;140
2007-11-06;06/11/2007;18500.000000185;18500.000000185;18500.000000185;18500.000000185;40
2007-11-08;08/11/2007;18500.000000185;18500.000000185;18500.000000185;18500.000000185;20
2007-11-09;09/11/2007;18500.000000185;18500.000000185;18500.000000185;18500.000000185;140
2007-11-13;13/11/2007;18450.000000184496;18450.000000184496;18450.000000184496;18450.000000184496;870
2007-11-16;16/11/2007;18450.000000184496;18450.000000184496;18450.000000184496;18450.000000184496;0
2007-11-19;19/11/2007;18500.000000185;18500.000000185;18500.000000185;18500.000000185;260
2007-11-20;20/11/2007;18500.000000185;18500.000000185;18500.000000185;18500.000000185;170
2007-11-22;22/11/2007;18500.000000185;18500.000000185;18500.000000185;18500.000000185;20
2007-11-23;23/11/2007;18500.000000185;18500.000000185;18500.000000185;18500.000000185;54040
2007-11-26;26/11/2007;18500.000000185;18500.000000185;18500.000000185;18500.000000185;10
2007-12-04;04/12/2007;18500.000000185;18500.000000185;18500.000000185;18500.000000185;140
2007-12-05;05/12/2007;18500.000000185;18500.000000185;18500.000000185;18500.000000185;40
2007-12-14;14/12/2007;18500.000000185;18500.000000185;18500.000000185;18500.000000185;5210
2007-12-20;20/12/2007;18500.000000185;18500.000000185;18500.000000185;18500.000000185;50
2007-12-21;21/12/2007;18495.000000184948;18495.000000184948;18495.000000184948;18495.000000184948;440
2007-12-24;24/12/2007;18500.000000185;18500.000000185;18500.000000185;18500.000000185;630
2008-01-03;03/01/2008;18450.000000184496;18450.000000184496;18450.000000184496;18450.000000184496;190
2008-01-08;08/01/2008;18500.000000185;18500.000000185;18500.000000185;18500.000000185;110
2008-01-10;10/01/2008;18500.000000185;18500.000000185;18500.000000185;18500.000000185;20
2008-01-14;14/01/2008;18500.000000185;18500.000000185;18500.000000185;18500.000000185;10
2008-01-15;15/01/2008;18500.000000185;18500.000000185;18500.000000185;18500.000000185;400
2008-01-18;18/01/2008;18450.000000184496;18450.000000184496;18450.000000184496;18450.000000184496;90
2008-01-23;23/01/2008;18450.000000184496;18450.000000184496;18450.000000184496;18450.000000184496;0
2008-01-28;28/01/2008;18450.000000184496;18450.000000184496;18450.000000184496;18450.000000184496;1110
2008-01-30;30/01/2008;18450.000000184496;18450.000000184496;18450.000000184496;18450.000000184496;60
2008-02-04;04/02/2008;18450.000000184496;18450.000000184496;18450.000000184496;18450.000000184496;20
2008-02-05;05/02/2008;18450.000000184496;18450.000000184496;18450.000000184496;18450.000000184496;20
2008-02-07;07/02/2008;18450.000000184496;18450.000000184496;18450.000000184496;18450.000000184496;90
2008-02-12;12/02/2008;18450.000000184496;18450.000000184496;18450.000000184496;18450.000000184496;40
2008-02-13;13/02/2008;18500.000000185;18500.000000185;18500.000000185;18500.000000185;150
2008-02-14;14/02/2008;18500.000000185;18500.000000185;18500.000000185;18500.000000185;10
2008-02-18;18/02/2008;18449.500000184493;18449.500000184493;18449.500000184493;18449.500000184493;2770
2008-02-19;19/02/2008;18450.000000184496;18450.000000184496;18450.000000184496;18450.000000184496;1990
2008-02-20;20/02/2008;18450.000000184496;18450.000000184496;18450.000000184496;18450.000000184496;410
2008-02-21;21/02/2008;18450.000000184496;18450.000000184496;18450.000000184496;18450.000000184496;390
2008-03-06;06/03/2008;18500.000000185;18500.000000185;18500.000000185;18500.000000185;510
2008-03-10;10/03/2008;18500.000000185;18500.000000185;18500.000000185;18500.000000185;10
2008-03-19;19/03/2008;18500.000000185;18500.000000185;18500.000000185;18500.000000185;0
2008-03-21;21/03/2008;18500.000000185;18500.000000185;18500.000000185;18500.000000185;10
2008-03-25;25/03/2008;18500.000000185;18500.000000185;18500.000000185;18500.000000185;40
2008-03-26;26/03/2008;18500.000000185;18500.000000185;18500.000000185;18500.000000185;390
2008-04-02;02/04/2008;18550.0000001855;18550.0000001855;18550.0000001855;18550.0000001855;90
2008-04-04;04/04/2008;18550.0000001855;18550.0000001855;18550.0000001855;18550.0000001855;120
2008-04-07;07/04/2008;18550.0000001855;18550.0000001855;18550.0000001855;18550.0000001855;40
2008-04-08;08/04/2008;18550.0000001855;18550.0000001855;18550.0000001855;18550.0000001855;90
2008-04-17;17/04/2008;18500.000000185;18500.000000185;18500.000000185;18500.000000185;660
2008-05-09;09/05/2008;18250.0000001825;18250.0000001825;18250.0000001825;18250.0000001825;150
2008-05-14;14/05/2008;17000.00000017;17000.00000017;17000.00000017;17000.00000017;140
2008-05-16;16/05/2008;15750.000000157499;15750.000000157499;15750.000000157499;15750.000000157499;140
2008-05-21;21/05/2008;13999.800000139998;13999.800000139998;13999.800000139998;13999.800000139998;70
2008-05-22;22/05/2008;13500.000000134998;13500.000000134998;13500.000000134998;13500.000000134998;90
2008-05-28;28/05/2008;12487.500000124874;12487.500000124874;12487.500000124874;12487.500000124874;290
2008-05-29;29/05/2008;12500.000000125;12500.000000125;12500.000000125;12500.000000125;210
2008-05-30;30/05/2008;12100.000000121;12100.000000121;12100.000000121;12100.000000121;240
2008-06-03;03/06/2008;11500.000000115;11500.000000115;11500.000000115;11500.000000115;140
2008-06-04;04/06/2008;11500.000000115;11500.000000115;11500.000000115;11500.000000115;4960
2008-06-06;06/06/2008;11500.000000115;11500.000000115;11500.000000115;11500.000000115;1490
2008-06-12;12/06/2008;11500.000000115;11500.000000115;11500.000000115;11500.000000115;30
2008-06-16;16/06/2008;11500.000000115;11500.000000115;11500.000000115;11500.000000115;10
2008-06-25;25/06/2008;11530.000000115298;11530.000000115298;11530.000000115298;11530.000000115298;220
2008-06-27;27/06/2008;11530.000000115298;11530.000000115298;11530.000000115298;11530.000000115298;90
2008-07-04;04/07/2008;11625.00000011625;11625.00000011625;11625.00000011625;11625.00000011625;210
2008-07-16;16/07/2008;12500.300000125;12500.300000125;12500.300000125;12500.300000125;190
2008-07-29;29/07/2008;13300.300000133002;13300.300000133002;13300.300000133002;13300.300000133002;80
2008-07-31;31/07/2008;13500.000000134998;13500.000000134998;13500.000000134998;13500.000000134998;310
2008-08-04;04/08/2008;13750.3000001375;13750.3000001375;13750.3000001375;13750.3000001375;90
2008-08-12;12/08/2008;14250.500000142503;14250.500000142503;14250.500000142503;14250.500000142503;90
2008-08-29;29/08/2008;15025.300000150251;15025.300000150251;15025.300000150251;15025.300000150251;110
2008-09-05;05/09/2008;15000.000000149998;15000.000000149998;15000.000000149998;15000.000000149998;190
2008-09-12;12/09/2008;14750.000000147502;14750.000000147502;14750.000000147502;14750.000000147502;150
2008-09-15;15/09/2008;14750.000000147502;14750.000000147502;14750.000000147502;14750.000000147502;40
2008-09-18;18/09/2008;14750.000000147502;14750.000000147502;14750.000000147502;14750.000000147502;90
2008-09-22;22/09/2008;14750.000000147502;14750.000000147502;14750.000000147502;14750.000000147502;1710
2008-10-02;02/10/2008;14750.000000147502;14750.000000147502;14750.000000147502;14750.000000147502;70
2008-10-07;07/10/2008;14750.000000147502;14750.000000147502;14750.000000147502;14750.000000147502;100
2008-10-08;08/10/2008;14750.000000147502;14750.000000147502;14750.000000147502;14750.000000147502;120
2008-10-10;10/10/2008;14500.000000144999;14500.000000144999;14500.000000144999;14500.000000144999;90
2008-11-04;04/11/2008;14449.800000144498;14449.800000144498;14449.800000144498;14449.800000144498;70
2008-11-25;25/11/2008;14445.000000144448;14445.000000144448;14445.000000144448;14445.000000144448;2490
2008-11-26;26/11/2008;14445.000000144448;14445.000000144448;14445.000000144448;14445.000000144448;1490
2008-11-27;27/11/2008;14375.00000014375;14375.00000014375;14375.00000014375;14375.00000014375;90
2009-01-02;02/01/2009;12299.800000122998;12299.800000122998;12299.800000122998;12299.800000122998;2250
2009-01-28;28/01/2009;12249.500000122494;12249.500000122494;12249.500000122494;12249.500000122494;240
2009-02-09;09/02/2009;12249.000000122489;12249.000000122489;12249.000000122489;12249.000000122489;70
2009-02-19;19/02/2009;12249.000000122489;12249.000000122489;12249.000000122489;12249.000000122489;0
2009-06-11;11/06/2009;10772.800000107727;10772.800000107727;10772.800000107727;10772.800000107727;130
2009-07-01;01/07/2009;10750.000000107499;10750.000000107499;10750.000000107499;10750.000000107499;440
2009-07-06;06/07/2009;10750.000000107499;10750.000000107499;10750.000000107499;10750.000000107499;10
2009-09-08;08/09/2009;9943.800000099438;9943.800000099438;9943.800000099438;9943.800000099438;120
2009-10-02;02/10/2009;9700.000000097;9700.000000097;9700.000000097;9700.000000097;90
2009-10-23;23/10/2009;9449.300000094492;9449.300000094492;9449.300000094492;9449.300000094492;160
2009-11-02;02/11/2009;9325.00000009325;9325.00000009325;9325.00000009325;9325.00000009325;170
2010-01-06;06/01/2010;7979.00000007979;7979.00000007979;7979.00000007979;7979.00000007979;190
2010-01-08;08/01/2010;7500.000000074999;7500.000000074999;7500.000000074999;7500.000000074999;2930
2010-01-11;11/01/2010;7500.000000074999;7500.000000074999;7500.000000074999;7500.000000074999;640
2010-01-12;12/01/2010;7500.000000074999;7500.000000074999;7500.000000074999;7500.000000074999;490
2010-01-13;13/01/2010;7500.000000074999;7500.000000074999;7500.000000074999;7500.000000074999;90
2010-01-18;18/01/2010;7500.000000074999;7500.000000074999;7500.000000074999;7500.000000074999;360
2010-01-20;20/01/2010;7500.000000074999;7500.000000074999;7500.000000074999;7500.000000074999;320
2010-02-10;10/02/2010;7550.0000000755;7550.0000000755;7550.0000000755;7550.0000000755;110
2010-02-12;12/02/2010;7550.0000000755;7550.0000000755;7550.0000000755;7550.0000000755;200
2010-02-15;15/02/2010;7550.0000000755;7550.0000000755;7550.0000000755;7550.0000000755;120
2010-02-16;16/02/2010;7550.0000000755;7550.0000000755;7550.0000000755;7550.0000000755;70
2010-03-02;02/03/2010;7550.0000000755;7550.0000000755;7550.0000000755;7550.0000000755;90
2010-03-09;09/03/2010;7550.0000000755;7550.0000000755;7550.0000000755;7550.0000000755;420
2010-03-11;11/03/2010;7550.0000000755;7550.0000000755;7550.0000000755;7550.0000000755;360
2010-03-16;16/03/2010;7550.0000000755;7550.0000000755;7550.0000000755;7550.0000000755;340
2010-03-17;17/03/2010;7550.0000000755;7550.0000000755;7550.0000000755;7550.0000000755;5080
2010-03-24;24/03/2010;7547.500000075475;7547.500000075475;7547.500000075475;7547.500000075475;150
2010-03-25;25/03/2010;7499.800000074998;7499.800000074998;7499.800000074998;7499.800000074998;90
2010-04-02;02/04/2010;7499.800000074998;7499.800000074998;7499.800000074998;7499.800000074998;130
2010-04-06;06/04/2010;7499.800000074998;7499.800000074998;7499.800000074998;7499.800000074998;40
2010-04-08;08/04/2010;7500.000000074999;7500.000000074999;7500.000000074999;7500.000000074999;270
2010-04-19;19/04/2010;7458.00000007458;7458.00000007458;7458.00000007458;7458.00000007458;70
2010-04-21;21/04/2010;8000.000000079999;8000.000000079999;8000.000000079999;8000.000000079999;490
2010-04-22;22/04/2010;8000.000000079999;8000.000000079999;8000.000000079999;8000.000000079999;190
2010-05-05;05/05/2010;8000.000000079999;8000.000000079999;8000.000000079999;8000.000000079999;10
2010-06-03;03/06/2010;7900.000000079;7900.000000079;7900.000000079;7900.000000079;2680
2010-06-04;04/06/2010;7900.000000079;7900.000000079;7900.000000079;7900.000000079;20
2010-06-08;08/06/2010;8000.000000079999;8000.000000079999;8000.000000079999;8000.000000079999;90
2010-06-09;09/06/2010;8000.000000079999;8000.000000079999;8000.000000079999;8000.000000079999;210
2010-06-11;11/06/2010;8000.000000079999;8000.000000079999;8000.000000079999;8000.000000079999;90
2010-06-22;22/06/2010;8000.000000079999;8000.000000079999;8000.000000079999;8000.000000079999;40
2010-06-23;23/06/2010;8000.000000079999;8000.000000079999;8000.000000079999;8000.000000079999;2670
2010-06-29;29/06/2010;8000.000000079999;8000.000000079999;8000.000000079999;8000.000000079999;430
2010-06-30;30/06/2010;8000.000000079999;8000.000000079999;8000.000000079999;8000.000000079999;950
2010-07-06;06/07/2010;8000.000000079999;8000.000000079999;8000.000000079999;8000.000000079999;40
2010-07-14;14/07/2010;8000.000000079999;8000.000000079999;8000.000000079999;8000.000000079999;90
2010-07-22;22/07/2010;7741.500000077414;7741.500000077414;7741.500000077414;7741.500000077414;360
2010-07-26;26/07/2010;7741.500000077414;7741.500000077414;7741.500000077414;7741.500000077414;2510
2010-07-27;27/07/2010;7741.500000077414;7741.500000077414;7741.500000077414;7741.500000077414;390
2010-07-29;29/07/2010;7741.500000077414;7741.500000077414;7741.500000077414;7741.500000077414;190
2010-07-30;30/07/2010;7741.500000077414;7741.500000077414;7741.500000077414;7741.500000077414;190
2010-08-09;09/08/2010;7741.500000077414;7741.500000077414;7741.500000077414;7741.500000077414;590
2010-08-10;10/08/2010;7741.500000077414;7741.500000077414;7741.500000077414;7741.500000077414;90
2010-08-11;11/08/2010;7741.500000077414;7741.500000077414;7741.500000077414;7741.500000077414;60
2010-08-17;17/08/2010;7680.800000076808;7680.800000076808;7680.800000076808;7680.800000076808;820
2010-08-18;18/08/2010;7680.800000076808;7680.800000076808;7680.800000076808;7680.800000076808;930
2010-08-19;19/08/2010;7680.800000076808;7680.800000076808;7680.800000076808;7680.800000076808;910
2010-08-20;20/08/2010;7680.800000076808;7680.800000076808;7680.800000076808;7680.800000076808;10
2010-08-24;24/08/2010;7680.800000076808;7680.800000076808;7680.800000076808;7680.800000076808;50
2010-08-25;25/08/2010;7680.800000076808;7680.800000076808;7680.800000076808;7680.800000076808;930
2010-08-26;26/08/2010;7680.800000076808;7680.800000076808;7680.800000076808;7680.800000076808;90
2010-08-27;27/08/2010;7680.800000076808;7680.800000076808;7680.800000076808;7680.800000076808;0
2010-09-03;03/09/2010;7680.800000076808;7680.800000076808;7680.800000076808;7680.800000076808;90
2010-09-16;16/09/2010;7741.500000077414;7741.500000077414;7741.500000077414;7741.500000077414;80
2010-09-17;17/09/2010;7741.500000077414;7741.500000077414;7741.500000077414;7741.500000077414;0
2010-09-20;20/09/2010;7750.000000077501;7750.000000077501;7750.000000077501;7750.000000077501;540
2010-09-22;22/09/2010;7800.000000078;7800.000000078;7800.000000078;7800.000000078;520
2010-09-24;24/09/2010;8000.000000079999;8000.000000079999;8000.000000079999;8000.000000079999;90
2010-09-27;27/09/2010;8250.000000082498;8250.000000082498;8250.000000082498;8250.000000082498;180
2010-09-29;29/09/2010;7899.3000000789925;7899.3000000789925;7899.3000000789925;7899.3000000789925;110
2010-10-04;04/10/2010;8118.500000081183;8118.500000081183;8118.500000081183;8118.500000081183;100
2010-10-08;08/10/2010;8118.500000081183;8118.500000081183;8118.500000081183;8118.500000081183;190
2010-10-11;11/10/2010;8118.500000081183;8118.500000081183;8118.500000081183;8118.500000081183;90
2010-10-12;12/10/2010;8118.500000081183;8118.500000081183;8118.500000081183;8118.500000081183;90
2010-10-18;18/10/2010;8727.300000087273;8727.300000087273;8727.300000087273;8727.300000087273;90
2010-10-19;19/10/2010;9381.800000093817;9381.800000093817;9381.800000093817;9381.800000093817;200
2010-10-22;22/10/2010;10085.300000100853;10085.300000100853;10085.300000100853;10085.300000100853;90
2010-11-03;03/11/2010;10085.300000100853;10085.300000100853;10085.300000100853;10085.300000100853;10
2010-11-08;08/11/2010;10085.300000100853;10085.300000100853;10085.300000100853;10085.300000100853;0
2010-11-09;09/11/2010;9973.500000099735;9973.500000099735;9973.500000099735;9973.500000099735;80
2010-11-10;10/11/2010;9973.500000099735;9973.500000099735;9973.500000099735;9973.500000099735;590
2010-11-11;11/11/2010;9973.500000099735;9973.500000099735;9973.500000099735;9973.500000099735;100
2010-11-19;19/11/2010;9973.500000099735;9973.500000099735;9973.500000099735;9973.500000099735;20
2010-11-22;22/11/2010;9973.500000099735;9973.500000099735;9973.500000099735;9973.500000099735;10
2010-11-24;24/11/2010;9973.500000099735;9973.500000099735;9973.500000099735;9973.500000099735;40
2010-12-02;02/12/2010;9990.000000099899;9990.000000099899;9990.000000099899;9990.000000099899;430
2010-12-14;14/12/2010;9990.000000099899;9990.000000099899;9990.000000099899;9990.000000099899;90
2010-12-28;28/12/2010;9990.000000099899;9990.000000099899;9990.000000099899;9990.000000099899;20
2011-05-06;06/05/2011;8750.000000087499;8750.000000087499;8750.000000087499;8750.000000087499;7920
2011-05-11;11/05/2011;8650.0000000865;8650.0000000865;8650.0000000865;8650.0000000865;190
2011-05-12;12/05/2011;8001.300000080012;8001.300000080012;8001.300000080012;8001.300000080012;130
2011-05-17;17/05/2011;8001.500000080014;8001.500000080014;8001.500000080014;8001.500000080014;190
2011-05-18;18/05/2011;8001.500000080014;8001.500000080014;8001.500000080014;8001.500000080014;460
2011-05-20;20/05/2011;8500.000000085;8500.000000085;8500.000000085;8500.000000085;520
2011-05-24;24/05/2011;8500.000000085;8500.000000085;8500.000000085;8500.000000085;40
2011-05-25;25/05/2011;8500.000000085;8500.000000085;8500.000000085;8500.000000085;30
2011-05-27;27/05/2011;8500.000000085;8500.000000085;8500.000000085;8500.000000085;90
2011-06-01;01/06/2011;8500.000000085;8500.000000085;8500.000000085;8500.000000085;180
2011-06-03;03/06/2011;8785.300000087853;8785.300000087853;8785.300000087853;8785.300000087853;1150
2011-06-07;07/06/2011;9444.000000094438;9444.000000094438;9444.000000094438;9444.000000094438;110
2011-06-10;10/06/2011;8798.300000087982;8798.300000087982;8798.300000087982;8798.300000087982;70
2011-06-15;15/06/2011;8798.300000087982;8798.300000087982;8798.300000087982;8798.300000087982;20
2011-07-01;01/07/2011;8798.300000087982;8798.300000087982;8798.300000087982;8798.300000087982;40
2011-07-08;08/07/2011;8150.300000081503;8150.300000081503;8150.300000081503;8150.300000081503;390
2011-08-04;04/08/2011;8400.000000084;8400.000000084;8400.000000084;8400.000000084;70
2011-08-05;05/08/2011;8400.000000084;8400.000000084;8400.000000084;8400.000000084;10
2011-08-09;09/08/2011;8400.000000084;8400.000000084;8400.000000084;8400.000000084;10
2011-08-17;17/08/2011;8430.0000000843;8430.0000000843;8430.0000000843;8430.0000000843;190
2011-09-02;02/09/2011;8500.000000085;8500.000000085;8500.000000085;8500.000000085;70
2011-09-08;08/09/2011;8500.000000085;8500.000000085;8500.000000085;8500.000000085;30
2011-09-14;14/09/2011;8600.000000085998;8600.000000085998;8600.000000085998;8600.000000085998;150
2011-09-19;19/09/2011;8600.000000085998;8600.000000085998;8600.000000085998;8600.000000085998;0
2011-10-10;10/10/2011;8500.000000085;8500.000000085;8500.000000085;8500.000000085;180
2011-10-12;12/10/2011;8500.000000085;8500.000000085;8500.000000085;8500.000000085;0
2011-10-20;20/10/2011;7900.3000000790025;7900.3000000790025;7900.3000000790025;7900.3000000790025;560
2011-11-03;03/11/2011;8000.000000079999;8000.000000079999;8000.000000079999;8000.000000079999;120
2011-11-17;17/11/2011;8100.000000080999;8100.000000080999;8100.000000080999;8100.000000080999;70
2011-11-21;21/11/2011;8100.000000080999;8100.000000080999;8100.000000080999;8100.000000080999;0
2011-12-08;08/12/2011;8100.000000080999;8100.000000080999;8100.000000080999;8100.000000080999;80
2011-12-12;12/12/2011;8125.000000081251;8125.000000081251;8125.000000081251;8125.000000081251;90
2011-12-13;13/12/2011;8150.0000000815;8150.0000000815;8150.0000000815;8150.0000000815;320
2011-12-19;19/12/2011;8150.0000000815;8150.0000000815;8150.0000000815;8150.0000000815;970
2011-12-29;29/12/2011;8150.0000000815;8150.0000000815;8150.0000000815;8150.0000000815;30
2012-01-09;09/01/2012;8150.0000000815;8150.0000000815;8150.0000000815;8150.0000000815;10
2012-01-11;11/01/2012;8200.300000082003;8200.300000082003;8200.300000082003;8200.300000082003;990
2012-01-26;26/01/2012;8500.000000085;8500.000000085;8500.000000085;8500.000000085;70
2012-01-30;30/01/2012;8500.000000085;8500.000000085;8500.000000085;8500.000000085;30
2012-02-07;07/02/2012;8500.000000085;8500.000000085;8500.000000085;8500.000000085;90
2012-02-08;08/02/2012;8500.000000085;8500.000000085;8500.000000085;8500.000000085;100
2012-02-14;14/02/2012;8585.000000085849;8585.000000085849;8585.000000085849;8585.000000085849;90
2012-02-15;15/02/2012;8585.000000085849;8585.000000085849;8585.000000085849;8585.000000085849;30
2012-02-17;17/02/2012;8585.000000085849;8585.000000085849;8585.000000085849;8585.000000085849;140
2012-02-27;27/02/2012;8615.00000008615;8615.00000008615;8615.00000008615;8615.00000008615;150
2012-03-15;15/03/2012;9261.00000009261;9261.00000009261;9261.00000009261;9261.00000009261;90
2012-03-19;19/03/2012;9261.00000009261;9261.00000009261;9261.00000009261;9261.00000009261;140
2012-03-20;20/03/2012;9261.00000009261;9261.00000009261;9261.00000009261;9261.00000009261;340
2012-03-21;21/03/2012;9261.00000009261;9261.00000009261;9261.00000009261;9261.00000009261;10
2012-04-06;06/04/2012;9300.000000093;9300.000000093;9300.000000093;9300.000000093;220
2012-04-10;10/04/2012;9300.000000093;9300.000000093;9300.000000093;9300.000000093;20
2012-04-17;17/04/2012;9300.000000093;9300.000000093;9300.000000093;9300.000000093;20
2012-06-01;01/06/2012;9325.00000009325;9325.00000009325;9325.00000009325;9325.00000009325;170
2012-06-15;15/06/2012;9325.00000009325;9325.00000009325;9325.00000009325;9325.00000009325;10
2012-06-25;25/06/2012;9325.00000009325;9325.00000009325;9325.00000009325;9325.00000009325;130
2012-07-06;06/07/2012;9400.000000094;9400.000000094;9400.000000094;9400.000000094;90
2012-07-10;10/07/2012;9400.000000094;9400.000000094;9400.000000094;9400.000000094;90
2012-07-11;11/07/2012;9400.000000094;9400.000000094;9400.000000094;9400.000000094;290
2012-08-03;03/08/2012;9462.500000094624;9462.500000094624;9462.500000094624;9462.500000094624;150
2012-08-08;08/08/2012;9460.000000094598;9460.000000094598;9460.000000094598;9460.000000094598;90
2012-08-13;13/08/2012;9460.000000094598;9460.000000094598;9460.000000094598;9460.000000094598;240
2012-08-14;14/08/2012;10150.0000001015;10150.0000001015;10150.0000001015;10150.0000001015;510
2012-08-17;17/08/2012;9562.000000095619;9562.000000095619;9562.000000095619;9562.000000095619;220
2012-08-27;27/08/2012;9596.000000095959;9596.000000095959;9596.000000095959;9596.000000095959;320
2012-08-29;29/08/2012;9611.00000009611;9611.00000009611;9611.00000009611;9611.00000009611;150
2012-09-28;28/09/2012;9775.000000097749;9775.000000097749;9775.000000097749;9775.000000097749;80
2012-10-03;03/10/2012;9775.000000097749;9775.000000097749;9775.000000097749;9775.000000097749;10
2012-10-12;12/10/2012;10000.000000099999;10000.000000099999;10000.000000099999;10000.000000099999;240
2012-10-15;15/10/2012;10750.000000107499;10750.000000107499;10750.000000107499;10750.000000107499;240
2012-10-19;19/10/2012;10750.000000107499;10750.000000107499;10750.000000107499;10750.000000107499;290
2012-10-25;25/10/2012;9943.800000099438;9943.800000099438;9943.800000099438;9943.800000099438;460
2012-10-31;31/10/2012;9943.800000099438;9943.800000099438;9943.800000099438;9943.800000099438;240
2012-11-02;02/11/2012;9943.800000099438;9943.800000099438;9943.800000099438;9943.800000099438;560
2012-11-06;06/11/2012;9943.800000099438;9943.800000099438;9943.800000099438;9943.800000099438;590
2012-11-08;08/11/2012;9943.800000099438;9943.800000099438;9943.800000099438;9943.800000099438;50
2012-11-14;14/11/2012;10689.500000106895;10689.500000106895;10689.500000106895;10689.500000106895;70
2012-11-16;16/11/2012;11491.00000011491;11491.00000011491;11491.00000011491;11491.00000011491;70
2012-11-20;20/11/2012;12350.0000001235;12350.0000001235;12350.0000001235;12350.0000001235;390
2012-11-28;28/11/2012;11425.00000011425;11425.00000011425;11425.00000011425;11425.00000011425;180
2012-11-30;30/11/2012;11381.800000113817;11381.800000113817;11381.800000113817;11381.800000113817;160
2012-12-05;05/12/2012;11385.800000113859;11385.800000113859;11385.800000113859;11385.800000113859;170
2012-12-07;07/12/2012;11400.000000114;11400.000000114;11400.000000114;11400.000000114;2890
2012-12-12;12/12/2012;11500.000000115;11500.000000115;11500.000000115;11500.000000115;190
2012-12-13;13/12/2012;11500.000000115;11500.000000115;11500.000000115;11500.000000115;10
2012-12-17;17/12/2012;11500.000000115;11500.000000115;11500.000000115;11500.000000115;40
2012-12-20;20/12/2012;11500.000000115;11500.000000115;11500.000000115;11500.000000115;150
2013-01-07;07/01/2013;11553.500000115533;11553.500000115533;11553.500000115533;11553.500000115533;90
2013-01-09;09/01/2013;11553.500000115533;11553.500000115533;11553.500000115533;11553.500000115533;50
2013-01-11;11/01/2013;12250.0000001225;12250.0000001225;12250.0000001225;12250.0000001225;80
2013-01-18;18/01/2013;12250.0000001225;12250.0000001225;12250.0000001225;12250.0000001225;600
2013-01-25;25/01/2013;12250.0000001225;12250.0000001225;12250.0000001225;12250.0000001225;40
2013-01-30;30/01/2013;12250.0000001225;12250.0000001225;12250.0000001225;12250.0000001225;0
2013-01-31;31/01/2013;12250.0000001225;12250.0000001225;12250.0000001225;12250.0000001225;90
2013-02-05;05/02/2013;12250.0000001225;12250.0000001225;12250.0000001225;12250.0000001225;10
2013-02-11;11/02/2013;12255.000000122549;12255.000000122549;12255.000000122549;12255.000000122549;100
2013-02-26;26/02/2013;12500.000000125;12500.000000125;12500.000000125;12500.000000125;90
2013-02-27;27/02/2013;12500.000000125;12500.000000125;12500.000000125;12500.000000125;20
2013-03-07;07/03/2013;12500.000000125;12500.000000125;12500.000000125;12500.000000125;30
2013-03-13;13/03/2013;12500.000000125;12500.000000125;12500.000000125;12500.000000125;1050
2013-03-15;15/03/2013;12500.000000125;12500.000000125;12500.000000125;12500.000000125;1590
2013-03-21;21/03/2013;12511.800000125118;12511.800000125118;12511.800000125118;12511.800000125118;90
2013-04-05;05/04/2013;12750.0000001275;12750.0000001275;12750.0000001275;12750.0000001275;110
2013-04-19;19/04/2013;13000.000000129998;13000.000000129998;13000.000000129998;13000.000000129998;150
2013-04-22;22/04/2013;13000.000000129998;13000.000000129998;13000.000000129998;13000.000000129998;310
2013-04-29;29/04/2013;12950.000000129501;12950.000000129501;12950.000000129501;12950.000000129501;990
2013-05-03;03/05/2013;13050.000000130498;13050.000000130498;13050.000000130498;13050.000000130498;80
2013-05-07;07/05/2013;13050.000000130498;13050.000000130498;13050.000000130498;13050.000000130498;180
2013-05-17;17/05/2013;13250.0000001325;13250.0000001325;13250.0000001325;13250.0000001325;160
2013-05-21;21/05/2013;13300.000000132999;13300.000000132999;13300.000000132999;13300.000000132999;70
2013-05-22;22/05/2013;13300.000000132999;13300.000000132999;13300.000000132999;13300.000000132999;10
2013-05-23;23/05/2013;13300.000000132999;13300.000000132999;13300.000000132999;13300.000000132999;50
2013-05-28;28/05/2013;14000.00000014;14000.00000014;14000.00000014;14000.00000014;90
2013-05-29;29/05/2013;14000.00000014;14000.00000014;14000.00000014;14000.00000014;70
2013-06-06;06/06/2013;13451.000000134509;13451.000000134509;13451.000000134509;13451.000000134509;190
2013-06-07;07/06/2013;13451.000000134509;13451.000000134509;13451.000000134509;13451.000000134509;120
2013-06-10;10/06/2013;13451.000000134509;13451.000000134509;13451.000000134509;13451.000000134509;50
2013-06-11;11/06/2013;13451.000000134509;13451.000000134509;13451.000000134509;13451.000000134509;20
2013-06-24;24/06/2013;14250.000000142498;14250.000000142498;14250.000000142498;14250.000000142498;120
2013-06-26;26/06/2013;14250.000000142498;14250.000000142498;14250.000000142498;14250.000000142498;270
2013-06-27;27/06/2013;14250.000000142498;14250.000000142498;14250.000000142498;14250.000000142498;40
2013-07-08;08/07/2013;14350.0000001435;14350.0000001435;14350.0000001435;14350.0000001435;130
2013-07-10;10/07/2013;14350.0000001435;14350.0000001435;14350.0000001435;14350.0000001435;320
2013-07-11;11/07/2013;14350.0000001435;14350.0000001435;14350.0000001435;14350.0000001435;90
2013-07-19;19/07/2013;14350.0000001435;14350.0000001435;14350.0000001435;14350.0000001435;50
2013-07-25;25/07/2013;14350.0000001435;14350.0000001435;14350.0000001435;14350.0000001435;50
2013-07-29;29/07/2013;14350.300000143503;14350.300000143503;14350.300000143503;14350.300000143503;620
2013-08-02;02/08/2013;14350.0000001435;14350.0000001435;14350.0000001435;14350.0000001435;80
2013-08-19;19/08/2013;14350.0000001435;14350.0000001435;14350.0000001435;14350.0000001435;310
2013-08-20;20/08/2013;14350.0000001435;14350.0000001435;14350.0000001435;14350.0000001435;50
2013-08-26;26/08/2013;14600.000000146;14600.000000146;14600.000000146;14600.000000146;440
2013-09-02;02/09/2013;15695.000000156952;15695.000000156952;15695.000000156952;15695.000000156952;80
2013-09-03;03/09/2013;16850.0000001685;16850.0000001685;16850.0000001685;16850.0000001685;90
2013-09-04;04/09/2013;16850.0000001685;16850.0000001685;16850.0000001685;16850.0000001685;30
2013-09-05;05/09/2013;16850.0000001685;16850.0000001685;16850.0000001685;16850.0000001685;130
2013-09-09;09/09/2013;16850.0000001685;16850.0000001685;16850.0000001685;16850.0000001685;90
2013-09-10;10/09/2013;16850.0000001685;16850.0000001685;16850.0000001685;16850.0000001685;20
2013-09-19;19/09/2013;16850.0000001685;16850.0000001685;16850.0000001685;16850.0000001685;20
2013-09-23;23/09/2013;16850.300000168503;16850.300000168503;16850.300000168503;16850.300000168503;290
2013-09-24;24/09/2013;18100.000000180997;18100.000000180997;18100.000000180997;18100.000000180997;3820
2013-09-25;25/09/2013;18113.800000181138;18113.800000181138;18113.800000181138;18113.800000181138;300
2013-09-27;27/09/2013;18113.800000181138;18113.800000181138;18113.800000181138;18113.800000181138;340
2013-09-30;30/09/2013;18113.800000181138;18113.800000181138;18113.800000181138;18113.800000181138;210
2013-10-02;02/10/2013;18114.00000018114;18114.00000018114;18114.00000018114;18114.00000018114;140
2013-10-09;09/10/2013;18125.30000018125;18125.30000018125;18125.30000018125;18125.30000018125;120
2013-10-11;11/10/2013;19000.000000189997;19000.000000189997;19000.000000189997;19000.000000189997;90
2013-10-16;16/10/2013;19050.0000001905;19050.0000001905;19050.0000001905;19050.0000001905;0
2013-10-17;17/10/2013;19000.30000019;19000.30000019;19000.30000019;19000.30000019;10
2013-10-18;18/10/2013;19000.30000019;19000.30000019;19000.30000019;19000.30000019;30
2013-10-21;21/10/2013;19000.000000189997;19000.000000189997;19000.000000189997;19000.000000189997;440
2013-10-24;24/10/2013;19050.300000190502;19050.300000190502;19050.300000190502;19050.300000190502;30
2013-10-25;25/10/2013;19050.300000190502;19050.300000190502;19050.300000190502;19050.300000190502;570
2013-10-28;28/10/2013;19050.800000190506;19050.800000190506;19050.800000190506;19050.800000190506;30
2013-10-31;31/10/2013;19051.000000190506;19051.000000190506;19051.000000190506;19051.000000190506;60
2013-11-04;04/11/2013;19051.000000190506;19051.000000190506;19051.000000190506;19051.000000190506;2860
2013-11-05;05/11/2013;19051.30000019051;19051.30000019051;19051.30000019051;19051.30000019051;140
2013-11-07;07/11/2013;19051.30000019051;19051.30000019051;19051.30000019051;19051.30000019051;60
2013-11-13;13/11/2013;19500.000000195;19500.000000195;19500.000000195;19500.000000195;170
2013-11-18;18/11/2013;19500.000000195;19500.000000195;19500.000000195;19500.000000195;40
2013-11-19;19/11/2013;19550.000000195498;19550.000000195498;19550.000000195498;19550.000000195498;40
2013-11-20;20/11/2013;20000.000000199998;20000.000000199998;20000.000000199998;20000.000000199998;990
2013-11-21;21/11/2013;19800.300000198004;19800.300000198004;19800.300000198004;19800.300000198004;310
2013-11-25;25/11/2013;19800.300000198004;19800.300000198004;19800.300000198004;19800.300000198004;50
2013-11-26;26/11/2013;19800.300000198004;19800.300000198004;19800.300000198004;19800.300000198004;30
2013-11-29;29/11/2013;19999.800000199997;19999.800000199997;19999.800000199997;19999.800000199997;190
2013-12-02;02/12/2013;20000.000000199998;20000.000000199998;20000.000000199998;20000.000000199998;140
2013-12-06;06/12/2013;20000.000000199998;20000.000000199998;20000.000000199998;20000.000000199998;100
2013-12-09;09/12/2013;20000.000000199998;20000.000000199998;20000.000000199998;20000.000000199998;60
2013-12-11;11/12/2013;20000.000000199998;20000.000000199998;20000.000000199998;20000.000000199998;390
2013-12-16;16/12/2013;20000.000000199998;20000.000000199998;20000.000000199998;20000.000000199998;50
2013-12-17;17/12/2013;20000.000000199998;20000.000000199998;20000.000000199998;20000.000000199998;10
2013-12-18;18/12/2013;20000.000000199998;20000.000000199998;20000.000000199998;20000.000000199998;40
2013-12-24;24/12/2013;20000.000000199998;20000.000000199998;20000.000000199998;20000.000000199998;0
2013-12-31;31/12/2013;20000.000000199998;20000.000000199998;20000.000000199998;20000.000000199998;180
2014-01-08;08/01/2014;20000.000000199998;20000.000000199998;20000.000000199998;20000.000000199998;430
2014-01-09;09/01/2014;20000.000000199998;20000.000000199998;20000.000000199998;20000.000000199998;150
2014-01-10;10/01/2014;20000.000000199998;20000.000000199998;20000.000000199998;20000.000000199998;50
2014-01-15;15/01/2014;20050.000000200496;20050.000000200496;20050.000000200496;20050.000000200496;20
2014-01-16;16/01/2014;20050.000000200496;20050.000000200496;20050.000000200496;20050.000000200496;0
2014-01-24;24/01/2014;20250.000000202497;20250.000000202497;20250.000000202497;20250.000000202497;530
2014-01-27;27/01/2014;20105.00000020105;20105.00000020105;20105.00000020105;20105.00000020105;0
2014-01-31;31/01/2014;20250.000000202497;20250.000000202497;20250.000000202497;20250.000000202497;70
2014-02-04;04/02/2014;20500.000000205;20500.000000205;20500.000000205;20500.000000205;50
2014-02-06;06/02/2014;20000.000000199998;20000.000000199998;20000.000000199998;20000.000000199998;80
2014-02-07;07/02/2014;20250.000000202497;20250.000000202497;20250.000000202497;20250.000000202497;10
2014-02-17;17/02/2014;20500.300000205003;20500.300000205003;20500.300000205003;20500.300000205003;290
2014-02-19;19/02/2014;20750.0000002075;20750.0000002075;20750.0000002075;20750.0000002075;40
2014-02-24;24/02/2014;20800.500000208;20800.500000208;20800.500000208;20800.500000208;60
2014-02-28;28/02/2014;21000.500000210006;21000.500000210006;21000.500000210006;21000.500000210006;150
2014-03-04;04/03/2014;22575.500000225755;22575.500000225755;22575.500000225755;22575.500000225755;40
2014-03-05;05/03/2014;22050.000000220498;22050.000000220498;22050.000000220498;22050.000000220498;210
2014-03-07;07/03/2014;22050.000000220498;22050.000000220498;22050.000000220498;22050.000000220498;20
2014-03-19;19/03/2014;22050.000000220498;22050.000000220498;22050.000000220498;22050.000000220498;120
2014-03-20;20/03/2014;21750.0000002175;21750.0000002175;21750.0000002175;21750.0000002175;100
2014-03-21;21/03/2014;21750.0000002175;21750.0000002175;21750.0000002175;21750.0000002175;30
2014-03-25;25/03/2014;23350.000000233496;23350.000000233496;23350.000000233496;23350.000000233496;90
2014-03-27;27/03/2014;22000.00000022;22000.00000022;22000.00000022;22000.00000022;4000
2014-03-28;28/03/2014;23350.000000233496;23350.000000233496;23350.000000233496;23350.000000233496;50
2014-03-31;31/03/2014;22883.00000022883;22883.00000022883;22883.00000022883;22883.00000022883;40
2014-04-03;03/04/2014;24500.000000245;24500.000000245;24500.000000245;24500.000000245;90
2014-04-10;10/04/2014;24500.000000245;24500.000000245;24500.000000245;24500.000000245;60
2014-04-15;15/04/2014;24500.300000245003;24500.300000245003;24500.300000245003;24500.300000245003;220
2014-04-17;17/04/2014;24500.000000245;24500.000000245;24500.000000245;24500.000000245;10
2014-04-22;22/04/2014;25000.00000025;25000.00000025;25000.00000025;25000.00000025;40
2014-04-28;28/04/2014;24999.800000249998;24999.800000249998;24999.800000249998;24999.800000249998;30
2014-05-02;02/05/2014;24949.8000002495;24949.8000002495;24949.8000002495;24949.8000002495;0
2014-05-07;07/05/2014;24899.800000248993;24899.800000248993;24899.800000248993;24899.800000248993;0
2014-05-15;15/05/2014;23500.000000235;23500.000000235;23500.000000235;23500.000000235;50
2014-05-16;16/05/2014;24750.0000002475;24750.0000002475;24750.0000002475;24750.0000002475;660
2014-05-22;22/05/2014;24950.000000249496;24950.000000249496;24950.000000249496;24950.000000249496;100
2014-05-27;27/05/2014;25000.00000025;25000.00000025;25000.00000025;25000.00000025;20
2014-05-30;30/05/2014;25000.00000025;25000.00000025;25000.00000025;25000.00000025;480
2014-06-03;03/06/2014;24500.000000245;24500.000000245;24500.000000245;24500.000000245;6870
2014-06-12;12/06/2014;24525.00000024525;24525.00000024525;24525.00000024525;24525.00000024525;50
2014-06-19;19/06/2014;24525.00000024525;24525.00000024525;24525.00000024525;24525.00000024525;70
2014-06-20;20/06/2014;24525.00000024525;24525.00000024525;24525.00000024525;24525.00000024525;10
2014-06-23;23/06/2014;24525.00000024525;24525.00000024525;24525.00000024525;24525.00000024525;10
2014-06-25;25/06/2014;24500.000000245;24500.000000245;24500.000000245;24500.000000245;2240
2014-06-26;26/06/2014;24500.000000245;24500.000000245;24500.000000245;24500.000000245;1740
2014-07-08;08/07/2014;23000.00000023;23000.00000023;23000.00000023;23000.00000023;80
2014-07-09;09/07/2014;23000.00000023;23000.00000023;23000.00000023;23000.00000023;190
2014-07-10;10/07/2014;23500.000000235;23500.000000235;23500.000000235;23500.000000235;2330
2014-07-15;15/07/2014;23500.000000235;23500.000000235;23500.000000235;23500.000000235;440
2014-07-18;18/07/2014;23000.00000023;23000.00000023;23000.00000023;23000.00000023;190
2014-07-21;21/07/2014;23500.000000235;23500.000000235;23500.000000235;23500.000000235;980
2014-07-25;25/07/2014;23030.0000002303;23030.0000002303;23030.0000002303;23030.0000002303;490
2014-07-30;30/07/2014;23976.000000239757;23976.000000239757;23976.000000239757;23976.000000239757;0
2014-07-31;31/07/2014;23750.000000237498;23750.000000237498;23750.000000237498;23750.000000237498;0
2014-08-04;04/08/2014;23750.000000237498;23750.000000237498;23750.000000237498;23750.000000237498;10710
2014-08-05;05/08/2014;23950.0000002395;23950.0000002395;23950.0000002395;23950.0000002395;110
2014-08-06;06/08/2014;23750.000000237498;23750.000000237498;23750.000000237498;23750.000000237498;0
2014-08-07;07/08/2014;47500.000000474996;47500.000000474996;47500.000000474996;47500.000000474996;0
2014-08-08;08/08/2014;23950.0000002395;23950.0000002395;23950.0000002395;23950.0000002395;5130
2014-08-11;11/08/2014;23950.0000002395;23950.0000002395;23950.0000002395;23950.0000002395;30
2014-08-12;12/08/2014;23950.0000002395;23950.0000002395;23950.0000002395;23950.0000002395;1320
2014-08-14;14/08/2014;23950.0000002395;23950.0000002395;23950.0000002395;23950.0000002395;60
2014-08-26;26/08/2014;23900.000000239;23900.000000239;23900.000000239;23900.000000239;40
2014-08-27;27/08/2014;23750.000000237498;23750.000000237498;23750.000000237498;23750.000000237498;90
2014-08-28;28/08/2014;23500.000000235;23500.000000235;23500.000000235;23500.000000235;290
2014-09-01;01/09/2014;23500.000000235;23500.000000235;23500.000000235;23500.000000235;40
2014-09-05;05/09/2014;24500.000000245;24500.000000245;24500.000000245;24500.000000245;610
2014-09-09;09/09/2014;24250.000000242497;24250.000000242497;24250.000000242497;24250.000000242497;40
2014-09-10;10/09/2014;23950.0000002395;23950.0000002395;23950.0000002395;23950.0000002395;100
2014-09-11;11/09/2014;24350.0000002435;24350.0000002435;24350.0000002435;24350.0000002435;640
2014-09-12;12/09/2014;24350.0000002435;24350.0000002435;24350.0000002435;24350.0000002435;640
2014-09-15;15/09/2014;24375.00000024375;24375.00000024375;24375.00000024375;24375.00000024375;10
2014-09-16;16/09/2014;24375.00000024375;24375.00000024375;24375.00000024375;24375.00000024375;80
2014-09-19;19/09/2014;24375.00000024375;24375.00000024375;24375.00000024375;24375.00000024375;290
2014-09-22;22/09/2014;24500.000000245;24500.000000245;24500.000000245;24500.000000245;650
2014-09-26;26/09/2014;24499.800000244995;24499.800000244995;24499.800000244995;24499.800000244995;0
2014-09-30;30/09/2014;24500.000000245;24500.000000245;24500.000000245;24500.000000245;10
2014-10-02;02/10/2014;23750.000000237498;23750.000000237498;23750.000000237498;23750.000000237498;520
2014-10-06;06/10/2014;23750.000000237498;23750.000000237498;23750.000000237498;23750.000000237498;30
2014-10-13;13/10/2014;23500.000000235;23500.000000235;23500.000000235;23500.000000235;20
2014-10-15;15/10/2014;23500.000000235;23500.000000235;23500.000000235;23500.000000235;100
2014-10-16;16/10/2014;23500.000000235;23500.000000235;23500.000000235;23500.000000235;100
2014-10-17;17/10/2014;23250.0000002325;23250.0000002325;23250.0000002325;23250.0000002325;50
2014-10-20;20/10/2014;23000.00000023;23000.00000023;23000.00000023;23000.00000023;30
2014-10-23;23/10/2014;22825.000000228247;22825.000000228247;22825.000000228247;22825.000000228247;30
2014-10-24;24/10/2014;22650.000000226497;22650.000000226497;22650.000000226497;22650.000000226497;0
2014-10-30;30/10/2014;22250.0000002225;22250.0000002225;22250.0000002225;22250.0000002225;0
2014-10-31;31/10/2014;20581.30000020581;20581.30000020581;20581.30000020581;20581.30000020581;40
2014-11-03;03/11/2014;19037.80000019038;19037.80000019038;19037.80000019038;19037.80000019038;0
2014-11-04;04/11/2014;17750.000000177497;17750.000000177497;17750.000000177497;17750.000000177497;50
2014-11-05;05/11/2014;16418.800000164185;16418.800000164185;16418.800000164185;16418.800000164185;2800
2014-11-06;06/11/2014;16418.800000164185;16418.800000164185;16418.800000164185;16418.800000164185;50
2014-11-07;07/11/2014;16418.800000164185;16418.800000164185;16418.800000164185;16418.800000164185;1730
2014-11-10;10/11/2014;17000.00000017;17000.00000017;17000.00000017;17000.00000017;20
2014-11-11;11/11/2014;17000.00000017;17000.00000017;17000.00000017;17000.00000017;470
2014-11-12;12/11/2014;17250.0000001725;17250.0000001725;17250.0000001725;17250.0000001725;780
2014-11-13;13/11/2014;17250.0000001725;17250.0000001725;17250.0000001725;17250.0000001725;2000
2014-11-14;14/11/2014;17350.000000173495;17350.000000173495;17350.000000173495;17350.000000173495;30
2014-11-18;18/11/2014;17250.0000001725;17250.0000001725;17250.0000001725;17250.0000001725;40
2014-11-19;19/11/2014;17750.000000177497;17750.000000177497;17750.000000177497;17750.000000177497;2910
2014-11-24;24/11/2014;19080.000000190797;19080.000000190797;19080.000000190797;19080.000000190797;0
2014-11-27;27/11/2014;20500.000000205;20500.000000205;20500.000000205;20500.000000205;10
2014-12-01;01/12/2014;20500.000000205;20500.000000205;20500.000000205;20500.000000205;30
2014-12-03;03/12/2014;20500.000000205;20500.000000205;20500.000000205;20500.000000205;90
2014-12-04;04/12/2014;20500.000000205;20500.000000205;20500.000000205;20500.000000205;10
2014-12-05;05/12/2014;20500.000000205;20500.000000205;20500.000000205;20500.000000205;50
2014-12-15;15/12/2014;20000.000000199998;20000.000000199998;20000.000000199998;20000.000000199998;90
2014-12-16;16/12/2014;20000.000000199998;20000.000000199998;20000.000000199998;20000.000000199998;0
2014-12-18;18/12/2014;20000.000000199998;20000.000000199998;20000.000000199998;20000.000000199998;1850
2014-12-19;19/12/2014;20000.000000199998;20000.000000199998;20000.000000199998;20000.000000199998;4990
2014-12-22;22/12/2014;20000.000000199998;20000.000000199998;20000.000000199998;20000.000000199998;0
2014-12-23;23/12/2014;19999.800000199997;19999.800000199997;19999.800000199997;19999.800000199997;0
2014-12-24;24/12/2014;20000.000000199998;20000.000000199998;20000.000000199998;20000.000000199998;20
2014-12-25;25/12/2014;40000.000000399996;40000.000000399996;40000.000000399996;40000.000000399996;20
2014-12-26;26/12/2014;20000.000000199998;20000.000000199998;20000.000000199998;20000.000000199998;50
2014-12-29;29/12/2014;20000.000000199998;20000.000000199998;20000.000000199998;20000.000000199998;230
2014-12-30;30/12/2014;20000.000000199998;20000.000000199998;20000.000000199998;20000.000000199998;190
2014-12-31;31/12/2014;20000.000000199998;20000.000000199998;20000.000000199998;20000.000000199998;450
2015-01-02;02/01/2015;20000.000000199998;20000.000000199998;20000.000000199998;20000.000000199998;890
2015-01-05;05/01/2015;20000.000000199998;20000.000000199998;20000.000000199998;20000.000000199998;550
2015-01-06;06/01/2015;20000.000000199998;20000.000000199998;20000.000000199998;20000.000000199998;50
2015-01-07;07/01/2015;20000.000000199998;20000.000000199998;20000.000000199998;20000.000000199998;240
2015-01-08;08/01/2015;20000.000000199998;20000.000000199998;20000.000000199998;20000.000000199998;30
2015-01-09;09/01/2015;20000.000000199998;20000.000000199998;20000.000000199998;20000.000000199998;310
2015-01-13;13/01/2015;19000.000000189997;19000.000000189997;19000.000000189997;19000.000000189997;20
2015-01-14;14/01/2015;18600.000000186;18600.000000186;18600.000000186;18600.000000186;170
2015-01-15;15/01/2015;18999.00000018999;18999.00000018999;18999.00000018999;18999.00000018999;60
2015-01-16;16/01/2015;19000.000000189997;19000.000000189997;19000.000000189997;19000.000000189997;950
2015-01-19;19/01/2015;19000.000000189997;19000.000000189997;19000.000000189997;19000.000000189997;790
2015-01-20;20/01/2015;19000.000000189997;19000.000000189997;19000.000000189997;19000.000000189997;30
2015-01-21;21/01/2015;19000.000000189997;19000.000000189997;19000.000000189997;19000.000000189997;10
2015-01-22;22/01/2015;19000.000000189997;19000.000000189997;19000.000000189997;19000.000000189997;2630
2015-01-23;23/01/2015;19299.500000192995;19299.500000192995;19299.500000192995;19299.500000192995;360
2015-01-26;26/01/2015;19299.500000192995;19299.500000192995;19299.500000192995;19299.500000192995;50
2015-01-27;27/01/2015;19299.500000192995;19299.500000192995;19299.500000192995;19299.500000192995;10
2015-01-29;29/01/2015;19299.500000192995;19299.500000192995;19299.500000192995;19299.500000192995;40
2015-01-30;30/01/2015;19100.000000191;19100.000000191;19100.000000191;19100.000000191;240
2015-02-02;02/02/2015;19100.000000191;19100.000000191;19100.000000191;19100.000000191;3080
2015-02-03;03/02/2015;19500.000000195;19500.000000195;19500.000000195;19500.000000195;2040
2015-02-05;05/02/2015;19200.000000191998;19200.000000191998;19200.000000191998;19200.000000191998;20
2015-02-06;06/02/2015;19700.000000197;19700.000000197;19700.000000197;19700.000000197;1090
2015-02-09;09/02/2015;19700.000000197;19700.000000197;19700.000000197;19700.000000197;1090
2015-02-13;13/02/2015;19700.000000197;19700.000000197;19700.000000197;19700.000000197;210
2015-02-16;16/02/2015;19700.000000197;19700.000000197;19700.000000197;19700.000000197;1490
2015-02-17;17/02/2015;19700.000000197;19700.000000197;19700.000000197;19700.000000197;20
2015-02-18;18/02/2015;19500.000000195;19500.000000195;19500.000000195;19500.000000195;50
2015-02-20;20/02/2015;19500.000000195;19500.000000195;19500.000000195;19500.000000195;60
2015-02-23;23/02/2015;19500.000000195;19500.000000195;19500.000000195;19500.000000195;490
2015-02-25;25/02/2015;20000.000000199998;20000.000000199998;20000.000000199998;20000.000000199998;1270
2015-02-26;26/02/2015;20000.000000199998;20000.000000199998;20000.000000199998;20000.000000199998;990
2015-03-02;02/03/2015;20000.000000199998;20000.000000199998;20000.000000199998;20000.000000199998;0
2015-03-03;03/03/2015;20000.000000199998;20000.000000199998;20000.000000199998;20000.000000199998;40
2015-03-04;04/03/2015;19000.000000189997;19000.000000189997;19000.000000189997;19000.000000189997;450
2015-03-05;05/03/2015;19000.000000189997;19000.000000189997;19000.000000189997;19000.000000189997;310
2015-03-06;06/03/2015;19260.0000001926;19260.0000001926;19260.0000001926;19260.0000001926;4820
2015-03-11;11/03/2015;19200.000000191998;19200.000000191998;19200.000000191998;19200.000000191998;50
2015-03-18;18/03/2015;19000.000000189997;19000.000000189997;19000.000000189997;19000.000000189997;16990
2015-03-19;19/03/2015;18500.000000185;18500.000000185;18500.000000185;18500.000000185;60
2015-03-20;20/03/2015;19000.000000189997;19000.000000189997;19000.000000189997;19000.000000189997;210
2015-03-25;25/03/2015;18800.000000188;18800.000000188;18800.000000188;18800.000000188;0
2015-03-26;26/03/2015;18800.000000188;18800.000000188;18800.000000188;18800.000000188;110
2015-03-27;27/03/2015;18500.000000185;18500.000000185;18500.000000185;18500.000000185;80
2015-03-30;30/03/2015;18000.00000018;18000.00000018;18000.00000018;18000.00000018;260
2015-03-31;31/03/2015;16650.0000001665;16650.0000001665;16650.0000001665;16650.0000001665;1930
2015-04-02;02/04/2015;16650.0000001665;16650.0000001665;16650.0000001665;16650.0000001665;100
2015-04-07;07/04/2015;16700.000000167;16700.000000167;16700.000000167;16700.000000167;60
2015-04-09;09/04/2015;17500.000000174998;17500.000000174998;17500.000000174998;17500.000000174998;130
2015-04-13;13/04/2015;17898.500000178985;17898.500000178985;17898.500000178985;17898.500000178985;390
2015-04-14;14/04/2015;18000.00000018;18000.00000018;18000.00000018;18000.00000018;20
2015-04-15;15/04/2015;19200.000000191998;19200.000000191998;19200.000000191998;19200.000000191998;60
2015-04-17;17/04/2015;19000.000000189997;19000.000000189997;19000.000000189997;19000.000000189997;10
2015-04-20;20/04/2015;19000.500000190004;19000.500000190004;19000.500000190004;19000.500000190004;140
2015-04-21;21/04/2015;19000.000000189997;19000.000000189997;19000.000000189997;19000.000000189997;120
2015-04-28;28/04/2015;18500.000000185;18500.000000185;18500.000000185;18500.000000185;210
2015-05-05;05/05/2015;19299.000000192987;19299.000000192987;19299.000000192987;19299.000000192987;40
2015-05-06;06/05/2015;19299.000000192987;19299.000000192987;19299.000000192987;19299.000000192987;100
2015-05-07;07/05/2015;18500.000000185;18500.000000185;18500.000000185;18500.000000185;80
2015-05-20;20/05/2015;18500.000000185;18500.000000185;18500.000000185;18500.000000185;110
2015-05-21;21/05/2015;18000.00000018;18000.00000018;18000.00000018;18000.00000018;60
2015-05-22;22/05/2015;18500.000000185;18500.000000185;18500.000000185;18500.000000185;8510
2015-05-25;25/05/2015;18500.000000185;18500.000000185;18500.000000185;18500.000000185;8510
2015-05-27;27/05/2015;18550.0000001855;18550.0000001855;18550.0000001855;18550.0000001855;20
2015-05-28;28/05/2015;18550.0000001855;18550.0000001855;18550.0000001855;18550.0000001855;20
2015-06-05;05/06/2015;18550.0000001855;18550.0000001855;18550.0000001855;18550.0000001855;120
2015-06-08;08/06/2015;18600.000000186;18600.000000186;18600.000000186;18600.000000186;260
2015-06-11;11/06/2015;19800.000000198;19800.000000198;19800.000000198;19800.000000198;60
2015-06-16;16/06/2015;19395.000000193948;19395.000000193948;19395.000000193948;19395.000000193948;50
2015-06-18;18/06/2015;18500.000000185;18500.000000185;18500.000000185;18500.000000185;0
2015-06-19;19/06/2015;18500.000000185;18500.000000185;18500.000000185;18500.000000185;30
2015-06-22;22/06/2015;18500.000000185;18500.000000185;18500.000000185;18500.000000185;240
2015-06-23;23/06/2015;18499.000000184988;18499.000000184988;18499.000000184988;18499.000000184988;590
2015-06-24;24/06/2015;18000.00000018;18000.00000018;18000.00000018;18000.00000018;1990
2015-06-25;25/06/2015;18000.00000018;18000.00000018;18000.00000018;18000.00000018;840
2015-06-26;26/06/2015;17850.0000001785;17850.0000001785;17850.0000001785;17850.0000001785;40
2015-06-30;30/06/2015;17850.0000001785;17850.0000001785;17850.0000001785;17850.0000001785;1990
2015-07-02;02/07/2015;17800.000000178;17800.000000178;17800.000000178;17800.000000178;1320
2015-07-06;06/07/2015;17800.000000178;17800.000000178;17800.000000178;17800.000000178;1130
2015-07-09;09/07/2015;17850.0000001785;17850.0000001785;17850.0000001785;17850.0000001785;20
2015-07-13;13/07/2015;17800.000000178;17800.000000178;17800.000000178;17800.000000178;260
2015-07-14;14/07/2015;17800.000000178;17800.000000178;17800.000000178;17800.000000178;260
2015-07-15;15/07/2015;17500.000000174998;17500.000000174998;17500.000000174998;17500.000000174998;440
2015-07-16;16/07/2015;17500.000000174998;17500.000000174998;17500.000000174998;17500.000000174998;900
2015-07-17;17/07/2015;17500.000000174998;17500.000000174998;17500.000000174998;17500.000000174998;900
2015-07-20;20/07/2015;17500.000000174998;17500.000000174998;17500.000000174998;17500.000000174998;2380
2015-07-22;22/07/2015;17500.000000174998;17500.000000174998;17500.000000174998;17500.000000174998;2670
2015-07-23;23/07/2015;17450.0000001745;17450.0000001745;17450.0000001745;17450.0000001745;70
2015-07-24;24/07/2015;17200.000000171996;17200.000000171996;17200.000000171996;17200.000000171996;210
2015-07-27;27/07/2015;17100.000000171;17100.000000171;17100.000000171;17100.000000171;1480
2015-07-28;28/07/2015;17000.00000017;17000.00000017;17000.00000017;17000.00000017;510
2015-07-30;30/07/2015;17000.00000017;17000.00000017;17000.00000017;17000.00000017;3170
2015-07-31;31/07/2015;17000.00000017;17000.00000017;17000.00000017;17000.00000017;940
2015-08-03;03/08/2015;16800.000000168;16800.000000168;16800.000000168;16800.000000168;100
2015-08-04;04/08/2015;16900.000000169;16900.000000169;16900.000000169;16900.000000169;390
2015-08-06;06/08/2015;17000.00000017;17000.00000017;17000.00000017;17000.00000017;720
2015-08-07;07/08/2015;17000.00000017;17000.00000017;17000.00000017;17000.00000017;720
2015-08-10;10/08/2015;17000.00000017;17000.00000017;17000.00000017;17000.00000017;180
2015-08-11;11/08/2015;17000.00000017;17000.00000017;17000.00000017;17000.00000017;930
2015-08-12;12/08/2015;17000.00000017;17000.00000017;17000.00000017;17000.00000017;700
2015-08-13;13/08/2015;17000.00000017;17000.00000017;17000.00000017;17000.00000017;1320
2015-08-14;14/08/2015;17000.00000017;17000.00000017;17000.00000017;17000.00000017;1020
2015-08-17;17/08/2015;17000.00000017;17000.00000017;17000.00000017;17000.00000017;1070
2015-08-18;18/08/2015;17000.00000017;17000.00000017;17000.00000017;17000.00000017;0
2015-08-19;19/08/2015;17000.00000017;17000.00000017;17000.00000017;17000.00000017;1530
2015-08-20;20/08/2015;17000.00000017;17000.00000017;17000.00000017;17000.00000017;6180
2015-08-21;21/08/2015;16900.000000169;16900.000000169;16900.000000169;16900.000000169;50
2015-08-26;26/08/2015;16899.500000168995;16899.500000168995;16899.500000168995;16899.500000168995;100
2015-08-27;27/08/2015;16800.000000168;16800.000000168;16800.000000168;16800.000000168;1750
2015-08-31;31/08/2015;16800.000000168;16800.000000168;16800.000000168;16800.000000168;0
2015-09-01;01/09/2015;17000.00000017;17000.00000017;17000.00000017;17000.00000017;190
2015-09-02;02/09/2015;16999.500000169992;16999.500000169992;16999.500000169992;16999.500000169992;0
2015-09-03;03/09/2015;17000.00000017;17000.00000017;17000.00000017;17000.00000017;6320
2015-09-07;07/09/2015;17000.00000017;17000.00000017;17000.00000017;17000.00000017;920
2015-09-08;08/09/2015;16800.000000168;16800.000000168;16800.000000168;16800.000000168;350
2015-09-09;09/09/2015;17000.00000017;17000.00000017;17000.00000017;17000.00000017;740
2015-09-10;10/09/2015;17000.00000017;17000.00000017;17000.00000017;17000.00000017;60
2015-09-11;11/09/2015;16900.000000169;16900.000000169;16900.000000169;16900.000000169;850
2015-09-14;14/09/2015;17000.00000017;17000.00000017;17000.00000017;17000.00000017;220
2015-09-15;15/09/2015;16900.000000169;16900.000000169;16900.000000169;16900.000000169;100
2015-09-16;16/09/2015;16900.000000169;16900.000000169;16900.000000169;16900.000000169;10
2015-09-17;17/09/2015;16900.000000169;16900.000000169;16900.000000169;16900.000000169;210
2015-09-18;18/09/2015;17000.00000017;17000.00000017;17000.00000017;17000.00000017;2280
2015-09-22;22/09/2015;17000.00000017;17000.00000017;17000.00000017;17000.00000017;2480
2015-09-23;23/09/2015;16999.500000169992;16999.500000169992;16999.500000169992;16999.500000169992;2390
2015-09-24;24/09/2015;16999.500000169992;16999.500000169992;16999.500000169992;16999.500000169992;2390
2015-09-25;25/09/2015;16999.500000169992;16999.500000169992;16999.500000169992;16999.500000169992;30
2015-09-28;28/09/2015;16999.00000016999;16999.00000016999;16999.00000016999;16999.00000016999;2560
2015-09-29;29/09/2015;16900.000000169;16900.000000169;16900.000000169;16900.000000169;140
2015-09-30;30/09/2015;16800.000000168;16800.000000168;16800.000000168;16800.000000168;1300
2015-10-01;01/10/2015;16899.000000168988;16899.000000168988;16899.000000168988;16899.000000168988;5530
2015-10-02;02/10/2015;16850.0000001685;16850.0000001685;16850.0000001685;16850.0000001685;5430
2015-10-05;05/10/2015;17000.00000017;17000.00000017;17000.00000017;17000.00000017;6590
2015-10-06;06/10/2015;17000.00000017;17000.00000017;17000.00000017;17000.00000017;1470
2015-10-07;07/10/2015;16850.0000001685;16850.0000001685;16850.0000001685;16850.0000001685;1470
2015-10-08;08/10/2015;16850.0000001685;16850.0000001685;16850.0000001685;16850.0000001685;2700
2015-10-09;09/10/2015;16800.000000168;16800.000000168;16800.000000168;16800.000000168;90
2015-10-12;12/10/2015;16850.0000001685;16850.0000001685;16850.0000001685;16850.0000001685;4880
2015-10-14;14/10/2015;16800.000000168;16800.000000168;16800.000000168;16800.000000168;7530
2015-10-19;19/10/2015;16400.000000164;16400.000000164;16400.000000164;16400.000000164;80
2015-10-20;20/10/2015;16410.0000001641;16410.0000001641;16410.0000001641;16410.0000001641;4190
2015-10-22;22/10/2015;16700.000000167;16700.000000167;16700.000000167;16700.000000167;90
2015-10-23;23/10/2015;16800.000000168;16800.000000168;16800.000000168;16800.000000168;100
2015-10-28;28/10/2015;16500.500000165004;16500.500000165004;16500.500000165004;16500.500000165004;0
2015-10-29;29/10/2015;16550.0000001655;16550.0000001655;16550.0000001655;16550.0000001655;5790
2015-10-30;30/10/2015;16800.000000168;16800.000000168;16800.000000168;16800.000000168;300
2015-11-02;02/11/2015;16800.000000168;16800.000000168;16800.000000168;16800.000000168;330
2015-11-03;03/11/2015;17500.000000174998;17500.000000174998;17500.000000174998;17500.000000174998;160
2015-11-04;04/11/2015;18000.00000018;18000.00000018;18000.00000018;18000.00000018;140
2015-11-05;05/11/2015;18500.000000185;18500.000000185;18500.000000185;18500.000000185;620
2015-11-06;06/11/2015;18360.000000183598;18360.000000183598;18360.000000183598;18360.000000183598;10
2015-11-11;11/11/2015;18360.000000183598;18360.000000183598;18360.000000183598;18360.000000183598;280
2015-11-12;12/11/2015;18360.000000183598;18360.000000183598;18360.000000183598;18360.000000183598;110
2015-11-13;13/11/2015;18100.000000180997;18100.000000180997;18100.000000180997;18100.000000180997;190
2015-11-17;17/11/2015;18200.000000182;18200.000000182;18200.000000182;18200.000000182;310
2015-11-18;18/11/2015;19000.000000189997;19000.000000189997;19000.000000189997;19000.000000189997;210
2015-11-19;19/11/2015;19000.000000189997;19000.000000189997;19000.000000189997;19000.000000189997;20
2015-11-23;23/11/2015;19000.000000189997;19000.000000189997;19000.000000189997;19000.000000189997;490
2015-11-26;26/11/2015;19000.000000189997;19000.000000189997;19000.000000189997;19000.000000189997;30
2015-11-27;27/11/2015;20400.000000203996;20400.000000203996;20400.000000203996;20400.000000203996;30
2015-12-02;02/12/2015;20500.000000205;20500.000000205;20500.000000205;20500.000000205;20
2015-12-03;03/12/2015;19999.500000199994;19999.500000199994;19999.500000199994;19999.500000199994;190
2015-12-04;04/12/2015;20000.000000199998;20000.000000199998;20000.000000199998;20000.000000199998;20
2015-12-07;07/12/2015;20000.000000199998;20000.000000199998;20000.000000199998;20000.000000199998;210
2015-12-09;09/12/2015;19000.000000189997;19000.000000189997;19000.000000189997;19000.000000189997;30
2015-12-10;10/12/2015;19000.000000189997;19000.000000189997;19000.000000189997;19000.000000189997;3010
2015-12-11;11/12/2015;17950.000000179498;17950.000000179498;17950.000000179498;17950.000000179498;40
2015-12-14;14/12/2015;18999.500000189997;18999.500000189997;18999.500000189997;18999.500000189997;60
2015-12-15;15/12/2015;18999.500000189997;18999.500000189997;18999.500000189997;18999.500000189997;30
2015-12-17;17/12/2015;18900.000000188997;18900.000000188997;18900.000000188997;18900.000000188997;80
2015-12-21;21/12/2015;18899.500000188993;18899.500000188993;18899.500000188993;18899.500000188993;590
2015-12-22;22/12/2015;17950.000000179498;17950.000000179498;17950.000000179498;17950.000000179498;30
2015-12-23;23/12/2015;18000.00000018;18000.00000018;18000.00000018;18000.00000018;0
2015-12-24;24/12/2015;18000.00000018;18000.00000018;18000.00000018;18000.00000018;0
2015-12-25;25/12/2015;18000.00000018;18000.00000018;18000.00000018;18000.00000018;0
2015-12-28;28/12/2015;18000.00000018;18000.00000018;18000.00000018;18000.00000018;50
2015-12-29;29/12/2015;19000.000000189997;19000.000000189997;19000.000000189997;19000.000000189997;240
2015-12-30;30/12/2015;19000.000000189997;19000.000000189997;19000.000000189997;19000.000000189997;0
2015-12-31;31/12/2015;18999.500000189997;18999.500000189997;18999.500000189997;18999.500000189997;40
2016-01-05;05/01/2016;18999.500000189997;18999.500000189997;18999.500000189997;18999.500000189997;10
2016-01-06;06/01/2016;18000.00000018;18000.00000018;18000.00000018;18000.00000018;370
2016-01-07;07/01/2016;17550.0000001755;17550.0000001755;17550.0000001755;17550.0000001755;230
2016-01-11;11/01/2016;17601.00000017601;17601.00000017601;17601.00000017601;17601.00000017601;50
2016-01-12;12/01/2016;17500.000000174998;17500.000000174998;17500.000000174998;17500.000000174998;4360
2016-01-13;13/01/2016;17500.000000174998;17500.000000174998;17500.000000174998;17500.000000174998;50
2016-01-14;14/01/2016;17500.000000174998;17500.000000174998;17500.000000174998;17500.000000174998;60
2016-01-15;15/01/2016;17500.000000174998;17500.000000174998;17500.000000174998;17500.000000174998;720
2016-01-18;18/01/2016;17500.000000174998;17500.000000174998;17500.000000174998;17500.000000174998;19800
2016-01-19;19/01/2016;17150.0000001715;17150.0000001715;17150.0000001715;17150.0000001715;6540
2016-01-20;20/01/2016;17200.000000171996;17200.000000171996;17200.000000171996;17200.000000171996;0
2016-01-21;21/01/2016;17000.00000017;17000.00000017;17000.00000017;17000.00000017;40
2016-01-22;22/01/2016;17000.00000017;17000.00000017;17000.00000017;17000.00000017;10
2016-01-26;26/01/2016;17100.000000171;17100.000000171;17100.000000171;17100.000000171;50
2016-01-27;27/01/2016;17215.00000017215;17215.00000017215;17215.00000017215;17215.00000017215;14560
2016-01-29;29/01/2016;17301.500000173015;17301.500000173015;17301.500000173015;17301.500000173015;40
2016-02-01;01/02/2016;17501.00000017501;17501.00000017501;17501.00000017501;17501.00000017501;50
2016-02-02;02/02/2016;17600.500000176;17600.500000176;17600.500000176;17600.500000176;1130
2016-02-03;03/02/2016;17600.500000176;17600.500000176;17600.500000176;17600.500000176;1050
2016-02-05;05/02/2016;18920.500000189204;18920.500000189204;18920.500000189204;18920.500000189204;650
2016-02-08;08/02/2016;18900.000000188997;18900.000000188997;18900.000000188997;18900.000000188997;170
2016-02-09;09/02/2016;18920.500000189204;18920.500000189204;18920.500000189204;18920.500000189204;1630
2016-02-10;10/02/2016;18900.000000188997;18900.000000188997;18900.000000188997;18900.000000188997;520
2016-02-12;12/02/2016;18900.000000188997;18900.000000188997;18900.000000188997;18900.000000188997;210
2016-02-15;15/02/2016;18900.000000188997;18900.000000188997;18900.000000188997;18900.000000188997;70
2016-02-16;16/02/2016;19790.0000001979;19790.0000001979;19790.0000001979;19790.0000001979;390
2016-02-17;17/02/2016;18900.000000188997;18900.000000188997;18900.000000188997;18900.000000188997;990
2016-02-19;19/02/2016;18800.000000188;18800.000000188;18800.000000188;18800.000000188;1150
2016-02-23;23/02/2016;18000.00000018;18000.00000018;18000.00000018;18000.00000018;4090
2016-02-24;24/02/2016;18000.00000018;18000.00000018;18000.00000018;18000.00000018;440
2016-02-25;25/02/2016;18000.00000018;18000.00000018;18000.00000018;18000.00000018;180
2016-02-26;26/02/2016;17990.000000179898;17990.000000179898;17990.000000179898;17990.000000179898;140
2016-02-29;29/02/2016;17510.0000001751;17510.0000001751;17510.0000001751;17510.0000001751;360
2016-03-03;03/03/2016;17800.000000178;17800.000000178;17800.000000178;17800.000000178;90
2016-03-07;07/03/2016;18500.500000185002;18500.500000185002;18500.500000185002;18500.500000185002;130
2016-03-09;09/03/2016;18501.00000018501;18501.00000018501;18501.00000018501;18501.00000018501;280
2016-03-10;10/03/2016;19888.000000198877;19888.000000198877;19888.000000198877;19888.000000198877;180
2016-03-11;11/03/2016;20000.000000199998;20000.000000199998;20000.000000199998;20000.000000199998;870
2016-03-15;15/03/2016;18500.000000185;18500.000000185;18500.000000185;18500.000000185;100
2016-03-16;16/03/2016;18500.500000185002;18500.500000185002;18500.500000185002;18500.500000185002;150
2016-03-17;17/03/2016;18500.500000185002;18500.500000185002;18500.500000185002;18500.500000185002;0
2016-03-18;18/03/2016;18510.000000185097;18510.000000185097;18510.000000185097;18510.000000185097;30
2016-03-21;21/03/2016;19500.000000195;19500.000000195;19500.000000195;19500.000000195;90
2016-03-22;22/03/2016;19500.000000195;19500.000000195;19500.000000195;19500.000000195;190
2016-03-23;23/03/2016;20124.500000201246;20124.500000201246;20124.500000201246;20124.500000201246;90
2016-03-24;24/03/2016;20100.000000201;20100.000000201;20100.000000201;20100.000000201;190
2016-03-25;25/03/2016;20100.000000201;20100.000000201;20100.000000201;20100.000000201;30
2016-03-28;28/03/2016;20100.000000201;20100.000000201;20100.000000201;20100.000000201;30
2016-03-29;29/03/2016;20500.000000205;20500.000000205;20500.000000205;20500.000000205;2540
2016-03-30;30/03/2016;20100.000000201;20100.000000201;20100.000000201;20100.000000201;650
2016-03-31;31/03/2016;20500.000000205;20500.000000205;20500.000000205;20500.000000205;140
2016-04-01;01/04/2016;20500.000000205;20500.000000205;20500.000000205;20500.000000205;220
2016-04-04;04/04/2016;20501.500000205015;20501.500000205015;20501.500000205015;20501.500000205015;10
2016-04-05;05/04/2016;20500.000000205;20500.000000205;20500.000000205;20500.000000205;370
2016-04-07;07/04/2016;21000.00000021;21000.00000021;21000.00000021;21000.00000021;60
2016-04-08;08/04/2016;20500.500000205004;20500.500000205004;20500.500000205004;20500.500000205004;210
2016-04-11;11/04/2016;20500.000000205;20500.000000205;20500.000000205;20500.000000205;30
2016-04-12;12/04/2016;21000.00000021;21000.00000021;21000.00000021;21000.00000021;510
2016-04-13;13/04/2016;21400.000000213997;21400.000000213997;21400.000000213997;21400.000000213997;270
2016-04-14;14/04/2016;21900.000000219;21900.000000219;21900.000000219;21900.000000219;510
2016-04-15;15/04/2016;21500.000000214997;21500.000000214997;21500.000000214997;21500.000000214997;250
2016-04-18;18/04/2016;20500.000000205;20500.000000205;20500.000000205;20500.000000205;60
2016-04-20;20/04/2016;20500.500000205004;20500.500000205004;20500.500000205004;20500.500000205004;10
2016-04-21;21/04/2016;20502.00000020502;20502.00000020502;20502.00000020502;20502.00000020502;300
2016-04-25;25/04/2016;21500.000000214997;21500.000000214997;21500.000000214997;21500.000000214997;390
2016-04-26;26/04/2016;21000.00000021;21000.00000021;21000.00000021;21000.00000021;40
2016-04-29;29/04/2016;21499.000000214986;21499.000000214986;21499.000000214986;21499.000000214986;2510
2016-05-02;02/05/2016;21499.000000214986;21499.000000214986;21499.000000214986;21499.000000214986;2510
2016-05-03;03/05/2016;21500.000000214997;21500.000000214997;21500.000000214997;21500.000000214997;390
2016-05-04;04/05/2016;21500.000000214997;21500.000000214997;21500.000000214997;21500.000000214997;110
2016-05-05;05/05/2016;21500.000000214997;21500.000000214997;21500.000000214997;21500.000000214997;110
2016-05-06;06/05/2016;21499.000000214986;21499.000000214986;21499.000000214986;21499.000000214986;200
2016-05-09;09/05/2016;21400.000000213997;21400.000000213997;21400.000000213997;21400.000000213997;460
2016-05-10;10/05/2016;21000.00000021;21000.00000021;21000.00000021;21000.00000021;1330
2016-05-11;11/05/2016;21000.00000021;21000.00000021;21000.00000021;21000.00000021;190
2016-05-12;12/05/2016;21000.00000021;21000.00000021;21000.00000021;21000.00000021;90
2016-05-13;13/05/2016;21000.00000021;21000.00000021;21000.00000021;21000.00000021;660
2016-05-16;16/05/2016;21000.00000021;21000.00000021;21000.00000021;21000.00000021;660
2016-05-17;17/05/2016;21500.000000214997;21500.000000214997;21500.000000214997;21500.000000214997;20
2016-05-18;18/05/2016;21100.000000210995;21100.000000210995;21100.000000210995;21100.000000210995;90
2016-05-19;19/05/2016;21000.00000021;21000.00000021;21000.00000021;21000.00000021;40
2016-05-20;20/05/2016;21490.000000214895;21490.000000214895;21490.000000214895;21490.000000214895;40
2016-05-23;23/05/2016;21000.00000021;21000.00000021;21000.00000021;21000.00000021;10
2016-05-24;24/05/2016;21000.00000021;21000.00000021;21000.00000021;21000.00000021;250
2016-05-25;25/05/2016;21000.00000021;21000.00000021;21000.00000021;21000.00000021;120
2016-05-26;26/05/2016;19500.000000195;19500.000000195;19500.000000195;19500.000000195;60
2016-05-27;27/05/2016;20500.000000205;20500.000000205;20500.000000205;20500.000000205;90
2016-05-30;30/05/2016;19600.000000195996;19600.000000195996;19600.000000195996;19600.000000195996;50
2016-05-31;31/05/2016;19600.000000195996;19600.000000195996;19600.000000195996;19600.000000195996;1220
2016-06-01;01/06/2016;19500.000000195;19500.000000195;19500.000000195;19500.000000195;350
2016-06-06;06/06/2016;19500.000000195;19500.000000195;19500.000000195;19500.000000195;1020
2016-06-07;07/06/2016;19500.000000195;19500.000000195;19500.000000195;19500.000000195;990
2016-06-08;08/06/2016;19500.000000195;19500.000000195;19500.000000195;19500.000000195;0
2016-06-09;09/06/2016;19500.000000195;19500.000000195;19500.000000195;19500.000000195;250
2016-06-10;10/06/2016;20350.000000203498;20350.000000203498;20350.000000203498;20350.000000203498;70
2016-06-13;13/06/2016;19773.000000197728;19773.000000197728;19773.000000197728;19773.000000197728;0
2016-06-15;15/06/2016;19500.000000195;19500.000000195;19500.000000195;19500.000000195;60
2016-06-17;17/06/2016;19500.000000195;19500.000000195;19500.000000195;19500.000000195;140
2016-06-20;20/06/2016;19501.000000195007;19501.000000195007;19501.000000195007;19501.000000195007;110
2016-06-21;21/06/2016;20350.000000203498;20350.000000203498;20350.000000203498;20350.000000203498;10
2016-06-22;22/06/2016;20350.000000203498;20350.000000203498;20350.000000203498;20350.000000203498;300
2016-06-23;23/06/2016;19501.000000195007;19501.000000195007;19501.000000195007;19501.000000195007;100
2016-06-24;24/06/2016;20350.000000203498;20350.000000203498;20350.000000203498;20350.000000203498;410
2016-06-27;27/06/2016;20350.000000203498;20350.000000203498;20350.000000203498;20350.000000203498;0
2016-06-28;28/06/2016;19501.000000195007;19501.000000195007;19501.000000195007;19501.000000195007;70
2016-06-29;29/06/2016;19501.000000195007;19501.000000195007;19501.000000195007;19501.000000195007;290
2016-06-30;30/06/2016;20300.000000203;20300.000000203;20300.000000203;20300.000000203;300
2016-07-07;07/07/2016;20000.000000199998;20000.000000199998;20000.000000199998;20000.000000199998;1500
2016-07-08;08/07/2016;20000.000000199998;20000.000000199998;20000.000000199998;20000.000000199998;750
2016-07-11;11/07/2016;19500.500000195003;19500.500000195003;19500.500000195003;19500.500000195003;290
2016-07-12;12/07/2016;18101.000000181008;18101.000000181008;18101.000000181008;18101.000000181008;5300
2016-07-13;13/07/2016;18300.000000182998;18300.000000182998;18300.000000182998;18300.000000182998;110
2016-07-14;14/07/2016;18300.000000182998;18300.000000182998;18300.000000182998;18300.000000182998;710
2016-07-15;15/07/2016;19500.000000195;19500.000000195;19500.000000195;19500.000000195;40
2016-07-19;19/07/2016;20000.000000199998;20000.000000199998;20000.000000199998;20000.000000199998;60
2016-07-20;20/07/2016;18500.500000185002;18500.500000185002;18500.500000185002;18500.500000185002;10
2016-07-21;21/07/2016;18700.000000187;18700.000000187;18700.000000187;18700.000000187;150
2016-07-22;22/07/2016;20000.000000199998;20000.000000199998;20000.000000199998;20000.000000199998;70
2016-07-25;25/07/2016;20000.000000199998;20000.000000199998;20000.000000199998;20000.000000199998;40
2016-07-26;26/07/2016;20000.000000199998;20000.000000199998;20000.000000199998;20000.000000199998;0
2016-07-27;27/07/2016;20000.000000199998;20000.000000199998;20000.000000199998;20000.000000199998;40
2016-07-28;28/07/2016;19900.000000198997;19900.000000198997;19900.000000198997;19900.000000198997;50
2016-08-02;02/08/2016;19000.000000189997;19000.000000189997;19000.000000189997;19000.000000189997;20
2016-08-03;03/08/2016;18630.0000001863;18630.0000001863;18630.0000001863;18630.0000001863;0
2016-08-04;04/08/2016;18630.0000001863;18630.0000001863;18630.0000001863;18630.0000001863;360
2016-08-05;05/08/2016;19900.000000198997;19900.000000198997;19900.000000198997;19900.000000198997;260
2016-08-08;08/08/2016;19900.000000198997;19900.000000198997;19900.000000198997;19900.000000198997;260
2016-08-11;11/08/2016;18630.0000001863;18630.0000001863;18630.0000001863;18630.0000001863;610
2016-08-12;12/08/2016;19900.000000198997;19900.000000198997;19900.000000198997;19900.000000198997;50
2016-08-15;15/08/2016;19900.000000198997;19900.000000198997;19900.000000198997;19900.000000198997;50
2016-08-17;17/08/2016;18630.0000001863;18630.0000001863;18630.0000001863;18630.0000001863;50
2016-08-18;18/08/2016;18630.0000001863;18630.0000001863;18630.0000001863;18630.0000001863;30
2016-08-19;19/08/2016;19900.000000198997;19900.000000198997;19900.000000198997;19900.000000198997;90
2016-08-22;22/08/2016;19900.000000198997;19900.000000198997;19900.000000198997;19900.000000198997;50
2016-08-24;24/08/2016;18700.000000187;18700.000000187;18700.000000187;18700.000000187;210
2016-08-25;25/08/2016;18630.0000001863;18630.0000001863;18630.0000001863;18630.0000001863;30
2016-08-26;26/08/2016;18630.0000001863;18630.0000001863;18630.0000001863;18630.0000001863;50
2016-08-29;29/08/2016;18800.000000188;18800.000000188;18800.000000188;18800.000000188;1120
2016-08-30;30/08/2016;18800.000000188;18800.000000188;18800.000000188;18800.000000188;1040
2016-08-31;31/08/2016;18800.500000188003;18800.500000188003;18800.500000188003;18800.500000188003;60
2016-09-01;01/09/2016;18800.500000188003;18800.500000188003;18800.500000188003;18800.500000188003;30
2016-09-02;02/09/2016;19500.000000195;19500.000000195;19500.000000195;19500.000000195;120
2016-09-05;05/09/2016;18800.500000188003;18800.500000188003;18800.500000188003;18800.500000188003;200
2016-09-06;06/09/2016;18800.500000188003;18800.500000188003;18800.500000188003;18800.500000188003;40
2016-09-08;08/09/2016;18800.500000188003;18800.500000188003;18800.500000188003;18800.500000188003;10
2016-09-13;13/09/2016;18800.500000188003;18800.500000188003;18800.500000188003;18800.500000188003;110
2016-09-14;14/09/2016;18800.500000188003;18800.500000188003;18800.500000188003;18800.500000188003;2200
2016-09-16;16/09/2016;18800.000000188;18800.000000188;18800.000000188;18800.000000188;9040
2016-09-20;20/09/2016;18500.000000185;18500.000000185;18500.000000185;18500.000000185;80
2016-09-21;21/09/2016;18800.000000188;18800.000000188;18800.000000188;18800.000000188;40
2016-09-22;22/09/2016;18800.000000188;18800.000000188;18800.000000188;18800.000000188;210
2016-09-23;23/09/2016;18800.500000188003;18800.500000188003;18800.500000188003;18800.500000188003;9850
2016-09-27;27/09/2016;17500.000000174998;17500.000000174998;17500.000000174998;17500.000000174998;140
2016-09-28;28/09/2016;17500.000000174998;17500.000000174998;17500.000000174998;17500.000000174998;40
2016-09-29;29/09/2016;17500.000000174998;17500.000000174998;17500.000000174998;17500.000000174998;230
2016-09-30;30/09/2016;18800.000000188;18800.000000188;18800.000000188;18800.000000188;290
2016-10-04;04/10/2016;18799.500000187993;18799.500000187993;18799.500000187993;18799.500000187993;50
2016-10-07;07/10/2016;18000.00000018;18000.00000018;18000.00000018;18000.00000018;180
2016-10-10;10/10/2016;17999.500000179993;17999.500000179993;17999.500000179993;17999.500000179993;50
2016-10-11;11/10/2016;17000.00000017;17000.00000017;17000.00000017;17000.00000017;140
2016-10-12;12/10/2016;17000.00000017;17000.00000017;17000.00000017;17000.00000017;990
2016-10-13;13/10/2016;17000.00000017;17000.00000017;17000.00000017;17000.00000017;1710
2016-10-14;14/10/2016;17999.00000017999;17999.00000017999;17999.00000017999;17999.00000017999;250
2016-10-17;17/10/2016;17999.00000017999;17999.00000017999;17999.00000017999;17999.00000017999;40
2016-10-18;18/10/2016;17000.00000017;17000.00000017;17000.00000017;17000.00000017;600
2016-10-19;19/10/2016;17000.00000017;17000.00000017;17000.00000017;17000.00000017;0
2016-10-20;20/10/2016;18000.00000018;18000.00000018;18000.00000018;18000.00000018;80
2016-10-24;24/10/2016;17450.0000001745;17450.0000001745;17450.0000001745;17450.0000001745;40
2016-10-25;25/10/2016;17449.500000174496;17449.500000174496;17449.500000174496;17449.500000174496;20
2016-10-31;31/10/2016;17000.00000017;17000.00000017;17000.00000017;17000.00000017;10
2016-11-01;01/11/2016;17000.00000017;17000.00000017;17000.00000017;17000.00000017;10
2016-11-02;02/11/2016;17500.000000174998;17500.000000174998;17500.000000174998;17500.000000174998;1000
2016-11-03;03/11/2016;17100.000000171;17100.000000171;17100.000000171;17100.000000171;10
2016-11-08;08/11/2016;17100.000000171;17100.000000171;17100.000000171;17100.000000171;0
2016-11-09;09/11/2016;17200.000000171996;17200.000000171996;17200.000000171996;17200.000000171996;1390
2016-11-10;10/11/2016;17000.00000017;17000.00000017;17000.00000017;17000.00000017;390
2016-11-11;11/11/2016;17000.00000017;17000.00000017;17000.00000017;17000.00000017;10
2016-11-14;14/11/2016;16000.000000159998;16000.000000159998;16000.000000159998;16000.000000159998;70
2016-11-15;15/11/2016;16000.000000159998;16000.000000159998;16000.000000159998;16000.000000159998;70
2016-11-16;16/11/2016;16400.000000164;16400.000000164;16400.000000164;16400.000000164;1220
2016-11-18;18/11/2016;17000.00000017;17000.00000017;17000.00000017;17000.00000017;0
2016-11-22;22/11/2016;16000.000000159998;16000.000000159998;16000.000000159998;16000.000000159998;390
2016-11-23;23/11/2016;16200.000000161997;16200.000000161997;16200.000000161997;16200.000000161997;2460
2016-11-24;24/11/2016;16150.000000161497;16150.000000161497;16150.000000161497;16150.000000161497;2040
2016-11-25;25/11/2016;16000.000000159998;16000.000000159998;16000.000000159998;16000.000000159998;170
2016-11-28;28/11/2016;16100.000000160999;16100.000000160999;16100.000000160999;16100.000000160999;190
2016-11-29;29/11/2016;16000.000000159998;16000.000000159998;16000.000000159998;16000.000000159998;30
2016-11-30;30/11/2016;16000.000000159998;16000.000000159998;16000.000000159998;16000.000000159998;40
2016-12-02;02/12/2016;16000.000000159998;16000.000000159998;16000.000000159998;16000.000000159998;110
2016-12-05;05/12/2016;16050.000000160499;16050.000000160499;16050.000000160499;16050.000000160499;40
2016-12-06;06/12/2016;16050.000000160499;16050.000000160499;16050.000000160499;16050.000000160499;130
2016-12-07;07/12/2016;16050.000000160499;16050.000000160499;16050.000000160499;16050.000000160499;820
2016-12-08;08/12/2016;16050.000000160499;16050.000000160499;16050.000000160499;16050.000000160499;100
2016-12-09;09/12/2016;16900.000000169;16900.000000169;16900.000000169;16900.000000169;490
2016-12-12;12/12/2016;16900.000000169;16900.000000169;16900.000000169;16900.000000169;490
2016-12-13;13/12/2016;16150.000000161497;16150.000000161497;16150.000000161497;16150.000000161497;30
2016-12-14;14/12/2016;16500.000000164997;16500.000000164997;16500.000000164997;16500.000000164997;250
2016-12-15;15/12/2016;16500.000000164997;16500.000000164997;16500.000000164997;16500.000000164997;20
2016-12-16;16/12/2016;16500.000000164997;16500.000000164997;16500.000000164997;16500.000000164997;0
2016-12-19;19/12/2016;16500.000000164997;16500.000000164997;16500.000000164997;16500.000000164997;1100
2016-12-20;20/12/2016;16500.000000164997;16500.000000164997;16500.000000164997;16500.000000164997;1040
2016-12-21;21/12/2016;16500.000000164997;16500.000000164997;16500.000000164997;16500.000000164997;2670
2016-12-22;22/12/2016;16500.000000164997;16500.000000164997;16500.000000164997;16500.000000164997;90
2016-12-23;23/12/2016;16500.000000164997;16500.000000164997;16500.000000164997;16500.000000164997;2570
2016-12-26;26/12/2016;16500.000000164997;16500.000000164997;16500.000000164997;16500.000000164997;2570
2016-12-27;27/12/2016;16500.000000164997;16500.000000164997;16500.000000164997;16500.000000164997;0
2016-12-29;29/12/2016;16550.0000001655;16550.0000001655;16550.0000001655;16550.0000001655;210
2016-12-30;30/12/2016;17737.500000177373;17737.500000177373;17737.500000177373;17737.500000177373;40
2017-01-06;06/01/2017;16500.000000164997;16500.000000164997;16500.000000164997;16500.000000164997;40
2017-01-09;09/01/2017;16500.000000164997;16500.000000164997;16500.000000164997;16500.000000164997;0
2017-01-10;10/01/2017;16500.000000164997;16500.000000164997;16500.000000164997;16500.000000164997;90
2017-01-11;11/01/2017;16500.000000164997;16500.000000164997;16500.000000164997;16500.000000164997;640
2017-01-16;16/01/2017;16500.000000164997;16500.000000164997;16500.000000164997;16500.000000164997;90
2017-01-17;17/01/2017;16500.000000164997;16500.000000164997;16500.000000164997;16500.000000164997;650
2017-01-24;24/01/2017;16500.000000164997;16500.000000164997;16500.000000164997;16500.000000164997;330
2017-01-25;25/01/2017;16500.000000164997;16500.000000164997;16500.000000164997;16500.000000164997;60
2017-01-26;26/01/2017;16500.000000164997;16500.000000164997;16500.000000164997;16500.000000164997;580
2017-01-27;27/01/2017;16500.000000164997;16500.000000164997;16500.000000164997;16500.000000164997;30
2017-01-30;30/01/2017;16500.500000165004;16500.500000165004;16500.500000165004;16500.500000165004;1110
2017-02-01;01/02/2017;16500.000000164997;16500.000000164997;16500.000000164997;16500.000000164997;1700
2017-02-03;03/02/2017;16500.500000165004;16500.500000165004;16500.500000165004;16500.500000165004;470
2017-02-06;06/02/2017;16500.000000164997;16500.000000164997;16500.000000164997;16500.000000164997;0
2017-02-07;07/02/2017;16500.000000164997;16500.000000164997;16500.000000164997;16500.000000164997;90
2017-02-13;13/02/2017;16550.0000001655;16550.0000001655;16550.0000001655;16550.0000001655;40
2017-02-20;20/02/2017;16550.0000001655;16550.0000001655;16550.0000001655;16550.0000001655;210
2017-02-21;21/02/2017;16550.0000001655;16550.0000001655;16550.0000001655;16550.0000001655;260
2017-02-22;22/02/2017;16550.0000001655;16550.0000001655;16550.0000001655;16550.0000001655;1520
2017-02-23;23/02/2017;16550.500000165503;16550.500000165503;16550.500000165503;16550.500000165503;2440
2017-02-24;24/02/2017;16550.500000165503;16550.500000165503;16550.500000165503;16550.500000165503;20
2017-02-28;28/02/2017;16500.000000164997;16500.000000164997;16500.000000164997;16500.000000164997;26690
2017-03-01;01/03/2017;16500.000000164997;16500.000000164997;16500.000000164997;16500.000000164997;6730
2017-03-02;02/03/2017;16500.000000164997;16500.000000164997;16500.000000164997;16500.000000164997;1000
2017-03-07;07/03/2017;16500.000000164997;16500.000000164997;16500.000000164997;16500.000000164997;80
2017-03-08;08/03/2017;15262.500000152624;15262.500000152624;15262.500000152624;15262.500000152624;0
2017-03-10;10/03/2017;16200.000000161997;16200.000000161997;16200.000000161997;16200.000000161997;10
2017-03-13;13/03/2017;16500.000000164997;16500.000000164997;16500.000000164997;16500.000000164997;290
2017-03-14;14/03/2017;15500.000000155002;15500.000000155002;15500.000000155002;15500.000000155002;40
2017-03-16;16/03/2017;16500.000000164997;16500.000000164997;16500.000000164997;16500.000000164997;0
2017-03-17;17/03/2017;16500.000000164997;16500.000000164997;16500.000000164997;16500.000000164997;10
2017-03-20;20/03/2017;16500.000000164997;16500.000000164997;16500.000000164997;16500.000000164997;150
2017-03-21;21/03/2017;16500.000000164997;16500.000000164997;16500.000000164997;16500.000000164997;590
2017-03-22;22/03/2017;16500.000000164997;16500.000000164997;16500.000000164997;16500.000000164997;90
2017-03-23;23/03/2017;16500.000000164997;16500.000000164997;16500.000000164997;16500.000000164997;3810
2017-03-27;27/03/2017;16500.000000164997;16500.000000164997;16500.000000164997;16500.000000164997;990
2017-03-28;28/03/2017;16500.000000164997;16500.000000164997;16500.000000164997;16500.000000164997;4040
2017-03-29;29/03/2017;16500.000000164997;16500.000000164997;16500.000000164997;16500.000000164997;1290
2017-03-31;31/03/2017;16500.000000164997;16500.000000164997;16500.000000164997;16500.000000164997;190
2017-04-04;04/04/2017;16500.000000164997;16500.000000164997;16500.000000164997;16500.000000164997;0
2017-04-10;10/04/2017;16500.000000164997;16500.000000164997;16500.000000164997;16500.000000164997;3050
2017-04-11;11/04/2017;16500.000000164997;16500.000000164997;16500.000000164997;16500.000000164997;810
2017-04-12;12/04/2017;16500.000000164997;16500.000000164997;16500.000000164997;16500.000000164997;70
2017-04-13;13/04/2017;15500.000000155002;15500.000000155002;15500.000000155002;15500.000000155002;20
2017-04-18;18/04/2017;14337.500000143375;14337.500000143375;14337.500000143375;14337.500000143375;120
2017-04-19;19/04/2017;14600.000000146;14600.000000146;14600.000000146;14600.000000146;910
2017-04-20;20/04/2017;14700.000000146998;14700.000000146998;14700.000000146998;14700.000000146998;1020
2017-04-25;25/04/2017;15802.500000158025;15802.500000158025;15802.500000158025;15802.500000158025;230
2017-04-26;26/04/2017;16000.000000159998;16000.000000159998;16000.000000159998;16000.000000159998;520
2017-04-27;27/04/2017;15999.00000015999;15999.00000015999;15999.00000015999;15999.00000015999;0
2017-04-28;28/04/2017;15000.500000150005;15000.500000150005;15000.500000150005;15000.500000150005;0
2017-05-01;01/05/2017;15000.500000150005;15000.500000150005;15000.500000150005;15000.500000150005;0
2017-05-02;02/05/2017;16125.500000161255;16125.500000161255;16125.500000161255;16125.500000161255;0
2017-05-03;03/05/2017;16150.000000161497;16150.000000161497;16150.000000161497;16150.000000161497;10
2017-05-05;05/05/2017;16800.000000168;16800.000000168;16800.000000168;16800.000000168;40710
2017-05-08;08/05/2017;16200.000000161997;16200.000000161997;16200.000000161997;16200.000000161997;180
2017-05-11;11/05/2017;16500.000000164997;16500.000000164997;16500.000000164997;16500.000000164997;120
2017-05-12;12/05/2017;16500.000000164997;16500.000000164997;16500.000000164997;16500.000000164997;0
2017-05-15;15/05/2017;16100.000000160999;16100.000000160999;16100.000000160999;16100.000000160999;70
2017-05-16;16/05/2017;16100.000000160999;16100.000000160999;16100.000000160999;16100.000000160999;820
2017-05-17;17/05/2017;16100.000000160999;16100.000000160999;16100.000000160999;16100.000000160999;30
2017-05-18;18/05/2017;16800.000000168;16800.000000168;16800.000000168;16800.000000168;64760
2017-05-19;19/05/2017;16800.000000168;16800.000000168;16800.000000168;16800.000000168;9990
2017-05-22;22/05/2017;16100.000000160999;16100.000000160999;16100.000000160999;16100.000000160999;120
2017-05-26;26/05/2017;16300.500000163005;16300.500000163005;16300.500000163005;16300.500000163005;3160
2017-05-30;30/05/2017;16300.000000163;16300.000000163;16300.000000163;16300.000000163;590
2017-05-31;31/05/2017;16500.000000164997;16500.000000164997;16500.000000164997;16500.000000164997;330
2017-06-01;01/06/2017;16200.000000161997;16200.000000161997;16200.000000161997;16200.000000161997;180
2017-06-02;02/06/2017;16000.000000159998;16000.000000159998;16000.000000159998;16000.000000159998;120
2017-06-05;05/06/2017;16000.000000159998;16000.000000159998;16000.000000159998;16000.000000159998;120
2017-06-07;07/06/2017;16000.000000159998;16000.000000159998;16000.000000159998;16000.000000159998;50
2017-06-09;09/06/2017;16000.000000159998;16000.000000159998;16000.000000159998;16000.000000159998;310
2017-06-13;13/06/2017;16000.000000159998;16000.000000159998;16000.000000159998;16000.000000159998;160
2017-06-14;14/06/2017;15860.000000158598;15860.000000158598;15860.000000158598;15860.000000158598;190
2017-06-16;16/06/2017;15800.000000158;15800.000000158;15800.000000158;15800.000000158;0
2017-06-23;23/06/2017;15800.000000158;15800.000000158;15800.000000158;15800.000000158;720
2017-06-28;28/06/2017;15000.000000149998;15000.000000149998;15000.000000149998;15000.000000149998;230
2017-06-29;29/06/2017;15000.000000149998;15000.000000149998;15000.000000149998;15000.000000149998;1320
2017-06-30;30/06/2017;13875.000000138749;13875.000000138749;13875.000000138749;13875.000000138749;450
2017-07-05;05/07/2017;13000.000000129998;13000.000000129998;13000.000000129998;13000.000000129998;260
2017-07-06;06/07/2017;13000.000000129998;13000.000000129998;13000.000000129998;13000.000000129998;90
2017-07-07;07/07/2017;13975.000000139747;13975.000000139747;13975.000000139747;13975.000000139747;600
2017-07-10;10/07/2017;13875.000000138749;13875.000000138749;13875.000000138749;13875.000000138749;540
2017-07-11;11/07/2017;13875.000000138749;13875.000000138749;13875.000000138749;13875.000000138749;650
2017-07-12;12/07/2017;13900.000000138996;13900.000000138996;13900.000000138996;13900.000000138996;10
2017-07-13;13/07/2017;14000.00000014;14000.00000014;14000.00000014;14000.00000014;10
2017-07-14;14/07/2017;13900.000000138996;13900.000000138996;13900.000000138996;13900.000000138996;30
2017-07-17;17/07/2017;13900.000000138996;13900.000000138996;13900.000000138996;13900.000000138996;130
2017-07-19;19/07/2017;13900.000000138996;13900.000000138996;13900.000000138996;13900.000000138996;30
2017-07-21;21/07/2017;13900.000000138996;13900.000000138996;13900.000000138996;13900.000000138996;50
2017-07-24;24/07/2017;13955.500000139553;13955.500000139553;13955.500000139553;13955.500000139553;20
2017-07-25;25/07/2017;13900.000000138996;13900.000000138996;13900.000000138996;13900.000000138996;50
2017-07-27;27/07/2017;14000.00000014;14000.00000014;14000.00000014;14000.00000014;440
2017-07-28;28/07/2017;14000.00000014;14000.00000014;14000.00000014;14000.00000014;30
2017-08-02;02/08/2017;14000.00000014;14000.00000014;14000.00000014;14000.00000014;790
2017-08-04;04/08/2017;14000.500000140004;14000.500000140004;14000.500000140004;14000.500000140004;60
2017-08-07;07/08/2017;14000.500000140004;14000.500000140004;14000.500000140004;14000.500000140004;60
2017-08-08;08/08/2017;14000.00000014;14000.00000014;14000.00000014;14000.00000014;4200
2017-08-09;09/08/2017;14000.00000014;14000.00000014;14000.00000014;14000.00000014;240
2017-08-11;11/08/2017;14000.00000014;14000.00000014;14000.00000014;14000.00000014;30
2017-08-16;16/08/2017;14000.00000014;14000.00000014;14000.00000014;14000.00000014;14380
2017-08-17;17/08/2017;14000.500000140004;14000.500000140004;14000.500000140004;14000.500000140004;20
2017-08-18;18/08/2017;14000.00000014;14000.00000014;14000.00000014;14000.00000014;700
2017-08-21;21/08/2017;14000.00000014;14000.00000014;14000.00000014;14000.00000014;300
2017-08-23;23/08/2017;14000.00000014;14000.00000014;14000.00000014;14000.00000014;90
2017-08-24;24/08/2017;14000.500000140004;14000.500000140004;14000.500000140004;14000.500000140004;860
2017-08-25;25/08/2017;14500.000000144999;14500.000000144999;14500.000000144999;14500.000000144999;190
2017-08-29;29/08/2017;13500.000000134998;13500.000000134998;13500.000000134998;13500.000000134998;10
2017-08-30;30/08/2017;14000.00000014;14000.00000014;14000.00000014;14000.00000014;50
2017-09-06;06/09/2017;15000.000000149998;15000.000000149998;15000.000000149998;15000.000000149998;30
2017-09-08;08/09/2017;14000.00000014;14000.00000014;14000.00000014;14000.00000014;20
2017-09-11;11/09/2017;14500.000000144999;14500.000000144999;14500.000000144999;14500.000000144999;140
2017-09-14;14/09/2017;14500.000000144999;14500.000000144999;14500.000000144999;14500.000000144999;290
2017-09-15;15/09/2017;14500.000000144999;14500.000000144999;14500.000000144999;14500.000000144999;90
2017-09-18;18/09/2017;14530.000000145297;14530.000000145297;14530.000000145297;14530.000000145297;10
2017-09-19;19/09/2017;14500.000000144999;14500.000000144999;14500.000000144999;14500.000000144999;290
2017-09-20;20/09/2017;14500.000000144999;14500.000000144999;14500.000000144999;14500.000000144999;140
2017-09-21;21/09/2017;14500.000000144999;14500.000000144999;14500.000000144999;14500.000000144999;310
2017-09-25;25/09/2017;14000.00000014;14000.00000014;14000.00000014;14000.00000014;60
2017-09-26;26/09/2017;14000.00000014;14000.00000014;14000.00000014;14000.00000014;30
2017-09-27;27/09/2017;14400.000000144;14400.000000144;14400.000000144;14400.000000144;1170
2017-10-02;02/10/2017;14500.000000144999;14500.000000144999;14500.000000144999;14500.000000144999;300
2017-10-03;03/10/2017;14700.000000146998;14700.000000146998;14700.000000146998;14700.000000146998;60
2017-10-05;05/10/2017;14406.000000144059;14406.000000144059;14406.000000144059;14406.000000144059;10
2017-10-09;09/10/2017;14000.00000014;14000.00000014;14000.00000014;14000.00000014;360
2017-10-11;11/10/2017;14500.000000144999;14500.000000144999;14500.000000144999;14500.000000144999;400
2017-10-12;12/10/2017;15000.000000149998;15000.000000149998;15000.000000149998;15000.000000149998;510
2017-10-13;13/10/2017;14500.000000144999;14500.000000144999;14500.000000144999;14500.000000144999;7960
2017-10-16;16/10/2017;14100.000000140999;14100.000000140999;14100.000000140999;14100.000000140999;20
2017-10-17;17/10/2017;15000.000000149998;15000.000000149998;15000.000000149998;15000.000000149998;290
2017-10-19;19/10/2017;16000.000000159998;16000.000000159998;16000.000000159998;16000.000000159998;490
2017-10-20;20/10/2017;15500.000000155002;15500.000000155002;15500.000000155002;15500.000000155002;30
2017-10-23;23/10/2017;15000.000000149998;15000.000000149998;15000.000000149998;15000.000000149998;270
2017-10-24;24/10/2017;14500.000000144999;14500.000000144999;14500.000000144999;14500.000000144999;2690
2017-10-26;26/10/2017;14500.000000144999;14500.000000144999;14500.000000144999;14500.000000144999;360
2017-10-27;27/10/2017;14500.000000144999;14500.000000144999;14500.000000144999;14500.000000144999;710
2017-10-31;31/10/2017;14500.000000144999;14500.000000144999;14500.000000144999;14500.000000144999;340
2017-11-01;01/11/2017;14500.000000144999;14500.000000144999;14500.000000144999;14500.000000144999;340
2017-11-02;02/11/2017;15000.000000149998;15000.000000149998;15000.000000149998;15000.000000149998;8990
2017-11-06;06/11/2017;14000.00000014;14000.00000014;14000.00000014;14000.00000014;2890
2017-11-07;07/11/2017;15000.000000149998;15000.000000149998;15000.000000149998;15000.000000149998;110
2017-11-08;08/11/2017;14000.00000014;14000.00000014;14000.00000014;14000.00000014;370
2017-11-10;10/11/2017;14000.00000014;14000.00000014;14000.00000014;14000.00000014;10
2017-11-16;16/11/2017;13500.000000134998;13500.000000134998;13500.000000134998;13500.000000134998;11700
2017-11-20;20/11/2017;12500.000000125;12500.000000125;12500.000000125;12500.000000125;1130
2017-11-22;22/11/2017;12800.000000128;12800.000000128;12800.000000128;12800.000000128;0
2017-11-23;23/11/2017;12500.000000125;12500.000000125;12500.000000125;12500.000000125;230
2017-11-24;24/11/2017;12500.000000125;12500.000000125;12500.000000125;12500.000000125;740
2017-11-28;28/11/2017;12500.000000125;12500.000000125;12500.000000125;12500.000000125;3120
2017-11-29;29/11/2017;12500.000000125;12500.000000125;12500.000000125;12500.000000125;3390
2017-12-04;04/12/2017;13000.000000129998;13000.000000129998;13000.000000129998;13000.000000129998;30
2017-12-05;05/12/2017;12500.000000125;12500.000000125;12500.000000125;12500.000000125;7150
2017-12-06;06/12/2017;12510.0000001251;12510.0000001251;12510.0000001251;12510.0000001251;40
2017-12-07;07/12/2017;12500.000000125;12500.000000125;12500.000000125;12500.000000125;1290
2017-12-08;08/12/2017;12500.000000125;12500.000000125;12500.000000125;12500.000000125;4210
2017-12-12;12/12/2017;12500.000000125;12500.000000125;12500.000000125;12500.000000125;4190
2017-12-13;13/12/2017;12500.000000125;12500.000000125;12500.000000125;12500.000000125;390
2017-12-20;20/12/2017;12500.000000125;12500.000000125;12500.000000125;12500.000000125;630
2017-12-27;27/12/2017;12500.000000125;12500.000000125;12500.000000125;12500.000000125;5000
2018-01-03;03/01/2018;12500.000000125;12500.000000125;12500.000000125;12500.000000125;0
2018-01-04;04/01/2018;12400.000000123999;12400.000000123999;12400.000000123999;12400.000000123999;5020
2018-01-11;11/01/2018;12300.000000122998;12300.000000122998;12300.000000122998;12300.000000122998;30
2018-01-16;16/01/2018;12300.000000122998;12300.000000122998;12300.000000122998;12300.000000122998;110
2018-01-17;17/01/2018;12300.000000122998;12300.000000122998;12300.000000122998;12300.000000122998;70
2018-01-18;18/01/2018;12300.000000122998;12300.000000122998;12300.000000122998;12300.000000122998;40
2018-01-19;19/01/2018;12300.000000122998;12300.000000122998;12300.000000122998;12300.000000122998;490
2018-01-23;23/01/2018;12300.000000122998;12300.000000122998;12300.000000122998;12300.000000122998;40
2018-01-24;24/01/2018;12300.000000122998;12300.000000122998;12300.000000122998;12300.000000122998;150
2018-01-25;25/01/2018;12300.000000122998;12300.000000122998;12300.000000122998;12300.000000122998;110
2018-01-26;26/01/2018;12300.000000122998;12300.000000122998;12300.000000122998;12300.000000122998;40
2018-01-29;29/01/2018;12000.000000119999;12000.000000119999;12000.000000119999;12000.000000119999;1990
2018-01-30;30/01/2018;12000.000000119999;12000.000000119999;12000.000000119999;12000.000000119999;30
2018-02-01;01/02/2018;11760.0000001176;11760.0000001176;11760.0000001176;11760.0000001176;370
2018-02-05;05/02/2018;11899.500000118995;11899.500000118995;11899.500000118995;11899.500000118995;17200
2018-02-06;06/02/2018;11900.000000118998;11900.000000118998;11900.000000118998;11900.000000118998;10
2018-02-07;07/02/2018;11760.0000001176;11760.0000001176;11760.0000001176;11760.0000001176;40
2018-02-08;08/02/2018;11760.0000001176;11760.0000001176;11760.0000001176;11760.0000001176;70
2018-02-12;12/02/2018;11760.0000001176;11760.0000001176;11760.0000001176;11760.0000001176;40
2018-02-14;14/02/2018;11761.00000011761;11761.00000011761;11761.00000011761;11761.00000011761;10
2018-02-15;15/02/2018;11700.000000117;11700.000000117;11700.000000117;11700.000000117;1500
2018-02-16;16/02/2018;11700.000000117;11700.000000117;11700.000000117;11700.000000117;10
2018-02-19;19/02/2018;11700.000000117;11700.000000117;11700.000000117;11700.000000117;16320
2018-02-20;20/02/2018;11750.0000001175;11750.0000001175;11750.0000001175;11750.0000001175;300
2018-02-22;22/02/2018;11750.0000001175;11750.0000001175;11750.0000001175;11750.0000001175;20
2018-02-23;23/02/2018;11750.0000001175;11750.0000001175;11750.0000001175;11750.0000001175;250
2018-02-26;26/02/2018;11750.0000001175;11750.0000001175;11750.0000001175;11750.0000001175;3000
2018-02-27;27/02/2018;11750.0000001175;11750.0000001175;11750.0000001175;11750.0000001175;1050
2018-03-01;01/03/2018;11000.00000011;11000.00000011;11000.00000011;11000.00000011;0
2018-03-02;02/03/2018;11700.000000117;11700.000000117;11700.000000117;11700.000000117;3430
2018-03-05;05/03/2018;11700.000000117;11700.000000117;11700.000000117;11700.000000117;0
2018-03-06;06/03/2018;11900.000000118998;11900.000000118998;11900.000000118998;11900.000000118998;10
2018-03-08;08/03/2018;11750.0000001175;11750.0000001175;11750.0000001175;11750.0000001175;140
2018-03-12;12/03/2018;11750.0000001175;11750.0000001175;11750.0000001175;11750.0000001175;40
2018-03-14;14/03/2018;11800.000000118;11800.000000118;11800.000000118;11800.000000118;30
2018-03-15;15/03/2018;11800.000000118;11800.000000118;11800.000000118;11800.000000118;170
2018-03-16;16/03/2018;12685.000000126847;12685.000000126847;12685.000000126847;12685.000000126847;0
2018-03-19;19/03/2018;11800.500000118005;11800.500000118005;11800.500000118005;11800.500000118005;30
2018-03-21;21/03/2018;11750.0000001175;11750.0000001175;11750.0000001175;11750.0000001175;900
2018-03-22;22/03/2018;11900.000000118998;11900.000000118998;11900.000000118998;11900.000000118998;130
2018-03-27;27/03/2018;12000.000000119999;12000.000000119999;12000.000000119999;12000.000000119999;60
2018-03-28;28/03/2018;12000.000000119999;12000.000000119999;12000.000000119999;12000.000000119999;20
2018-04-05;05/04/2018;11500.000000115;11500.000000115;11500.000000115;11500.000000115;10
2018-04-06;06/04/2018;10700.000000106998;10700.000000106998;10700.000000106998;10700.000000106998;30
2018-04-09;09/04/2018;11300.000000113;11300.000000113;11300.000000113;11300.000000113;10
2018-04-10;10/04/2018;11250.000000112499;11250.000000112499;11250.000000112499;11250.000000112499;0
2018-04-11;11/04/2018;11300.000000113;11300.000000113;11300.000000113;11300.000000113;240
2018-04-13;13/04/2018;11250.000000112499;11250.000000112499;11250.000000112499;11250.000000112499;40
2018-04-18;18/04/2018;10500.000000105;10500.000000105;10500.000000105;10500.000000105;10
2018-04-19;19/04/2018;10500.000000105;10500.000000105;10500.000000105;10500.000000105;90
2018-04-20;20/04/2018;9712.500000097123;9712.500000097123;9712.500000097123;9712.500000097123;150
2018-04-23;23/04/2018;9750.0000000975;9750.0000000975;9750.0000000975;9750.0000000975;20
2018-04-24;24/04/2018;9906.500000099064;9906.500000099064;9906.500000099064;9906.500000099064;90
2018-04-27;27/04/2018;9708.500000097085;9708.500000097085;9708.500000097085;9708.500000097085;140
2018-05-09;09/05/2018;7700.000000076999;7700.000000076999;7700.000000076999;7700.000000076999;0
2018-05-10;10/05/2018;7700.000000076999;7700.000000076999;7700.000000076999;7700.000000076999;0
2018-05-11;11/05/2018;7700.000000076999;7700.000000076999;7700.000000076999;7700.000000076999;4770
2018-05-14;14/05/2018;7700.000000076999;7700.000000076999;7700.000000076999;7700.000000076999;10090
2018-05-16;16/05/2018;7700.000000076999;7700.000000076999;7700.000000076999;7700.000000076999;3070
2018-05-17;17/05/2018;7700.000000076999;7700.000000076999;7700.000000076999;7700.000000076999;760
2018-05-18;18/05/2018;8000.000000079999;8000.000000079999;8000.000000079999;8000.000000079999;7530
2018-05-21;21/05/2018;8000.000000079999;8000.000000079999;8000.000000079999;8000.000000079999;7530
2018-05-23;23/05/2018;7700.000000076999;7700.000000076999;7700.000000076999;7700.000000076999;1600
2018-05-24;24/05/2018;7700.000000076999;7700.000000076999;7700.000000076999;7700.000000076999;0
2018-05-29;29/05/2018;7800.000000078;7800.000000078;7800.000000078;7800.000000078;40
2018-05-30;30/05/2018;7610.500000076105;7610.500000076105;7610.500000076105;7610.500000076105;430
2018-06-04;04/06/2018;7500.000000074999;7500.000000074999;7500.000000074999;7500.000000074999;0
2018-06-05;05/06/2018;7499.500000074995;7499.500000074995;7499.500000074995;7499.500000074995;90
2018-06-06;06/06/2018;7150.000000071499;7150.000000071499;7150.000000071499;7150.000000071499;100
2018-06-07;07/06/2018;7150.000000071499;7150.000000071499;7150.000000071499;7150.000000071499;80
2018-06-08;08/06/2018;7150.000000071499;7150.000000071499;7150.000000071499;7150.000000071499;0
2018-06-11;11/06/2018;7150.000000071499;7150.000000071499;7150.000000071499;7150.000000071499;0
2018-06-12;12/06/2018;7400.000000073999;7400.000000073999;7400.000000073999;7400.000000073999;110
2018-06-13;13/06/2018;7400.000000073999;7400.000000073999;7400.000000073999;7400.000000073999;0
2018-06-14;14/06/2018;7400.000000073999;7400.000000073999;7400.000000073999;7400.000000073999;0
2018-06-15;15/06/2018;6900.000000069;6900.000000069;6900.000000069;6900.000000069;10450
2018-06-20;20/06/2018;7000.00000007;7000.00000007;7000.00000007;7000.00000007;20
2018-06-21;21/06/2018;6990.0000000699;6990.0000000699;6990.0000000699;6990.0000000699;0
2018-06-28;28/06/2018;7400.000000073999;7400.000000073999;7400.000000073999;7400.000000073999;0
2018-06-29;29/06/2018;7400.000000073999;7400.000000073999;7400.000000073999;7400.000000073999;10
2018-07-02;02/07/2018;7400.000000073999;7400.000000073999;7400.000000073999;7400.000000073999;420
2018-07-04;04/07/2018;7400.000000073999;7400.000000073999;7400.000000073999;7400.000000073999;30
2018-07-09;09/07/2018;7300.000000073;7300.000000073;7300.000000073;7300.000000073;0
2018-07-10;10/07/2018;7250.0000000724995;7250.0000000724995;7250.0000000724995;7250.0000000724995;160
2018-07-12;12/07/2018;7250.0000000724995;7250.0000000724995;7250.0000000724995;7250.0000000724995;90
2018-07-13;13/07/2018;7000.00000007;7000.00000007;7000.00000007;7000.00000007;60
2018-07-16;16/07/2018;6500.000000064999;6500.000000064999;6500.000000064999;6500.000000064999;10
2018-07-17;17/07/2018;6500.000000064999;6500.000000064999;6500.000000064999;6500.000000064999;90
2018-07-18;18/07/2018;6210.000000062099;6210.000000062099;6210.000000062099;6210.000000062099;730
2018-07-19;19/07/2018;6200.000000061999;6200.000000061999;6200.000000061999;6200.000000061999;150
2018-07-20;20/07/2018;6100.000000061;6100.000000061;6100.000000061;6100.000000061;120
2018-07-23;23/07/2018;6100.000000061;6100.000000061;6100.000000061;6100.000000061;90
2018-07-24;24/07/2018;6010.000000060099;6010.000000060099;6010.000000060099;6010.000000060099;40
2018-07-25;25/07/2018;6100.000000061;6100.000000061;6100.000000061;6100.000000061;40
2018-07-26;26/07/2018;6000.000000059999;6000.000000059999;6000.000000059999;6000.000000059999;220
2018-07-30;30/07/2018;6200.000000061999;6200.000000061999;6200.000000061999;6200.000000061999;450
2018-08-01;01/08/2018;6200.000000061999;6200.000000061999;6200.000000061999;6200.000000061999;210
2018-08-02;02/08/2018;6076.00000006076;6076.00000006076;6076.00000006076;6076.00000006076;20
2018-08-08;08/08/2018;6190.0000000619;6190.0000000619;6190.0000000619;6190.0000000619;120
2018-08-09;09/08/2018;6066.500000060665;6066.500000060665;6066.500000060665;6066.500000060665;240
2018-08-13;13/08/2018;6066.500000060665;6066.500000060665;6066.500000060665;6066.500000060665;50
2018-08-14;14/08/2018;6010.000000060099;6010.000000060099;6010.000000060099;6010.000000060099;60
2018-08-20;20/08/2018;6000.000000059999;6000.000000059999;6000.000000059999;6000.000000059999;40
2018-08-21;21/08/2018;6000.000000059999;6000.000000059999;6000.000000059999;6000.000000059999;40
2018-08-23;23/08/2018;6000.500000060005;6000.500000060005;6000.500000060005;6000.500000060005;70
2018-08-24;24/08/2018;6200.000000061999;6200.000000061999;6200.000000061999;6200.000000061999;20
2018-08-27;27/08/2018;6050.0000000605;6050.0000000605;6050.0000000605;6050.0000000605;1730
2018-08-28;28/08/2018;6050.0000000605;6050.0000000605;6050.0000000605;6050.0000000605;290
2018-08-29;29/08/2018;6050.0000000605;6050.0000000605;6050.0000000605;6050.0000000605;1750
2018-08-30;30/08/2018;6200.000000061999;6200.000000061999;6200.000000061999;6200.000000061999;170
2018-08-31;31/08/2018;6200.000000061999;6200.000000061999;6200.000000061999;6200.000000061999;190
2018-09-04;04/09/2018;6200.000000061999;6200.000000061999;6200.000000061999;6200.000000061999;40
2018-09-05;05/09/2018;6200.000000061999;6200.000000061999;6200.000000061999;6200.000000061999;190
2018-09-06;06/09/2018;6200.000000061999;6200.000000061999;6200.000000061999;6200.000000061999;20
2018-09-10;10/09/2018;6200.000000061999;6200.000000061999;6200.000000061999;6200.000000061999;190
2018-09-14;14/09/2018;6050.0000000605;6050.0000000605;6050.0000000605;6050.0000000605;140
2018-09-17;17/09/2018;6050.0000000605;6050.0000000605;6050.0000000605;6050.0000000605;140
2018-09-18;18/09/2018;6050.0000000605;6050.0000000605;6050.0000000605;6050.0000000605;30
2018-09-19;19/09/2018;6050.0000000605;6050.0000000605;6050.0000000605;6050.0000000605;70
2018-09-21;21/09/2018;6050.0000000605;6050.0000000605;6050.0000000605;6050.0000000605;0
2018-09-26;26/09/2018;6000.000000059999;6000.000000059999;6000.000000059999;6000.000000059999;0
2018-09-28;28/09/2018;5900.500000059004;5900.500000059004;5900.500000059004;5900.500000059004;10
2018-10-01;01/10/2018;6010.000000060099;6010.000000060099;6010.000000060099;6010.000000060099;10
2018-10-02;02/10/2018;5880.0000000588;5880.0000000588;5880.0000000588;5880.0000000588;3240
2018-10-03;03/10/2018;5880.0000000588;5880.0000000588;5880.0000000588;5880.0000000588;10
2018-10-04;04/10/2018;5880.0000000588;5880.0000000588;5880.0000000588;5880.0000000588;130
2018-10-05;05/10/2018;5880.0000000588;5880.0000000588;5880.0000000588;5880.0000000588;0
2018-10-10;10/10/2018;5810.0000000581;5810.0000000581;5810.0000000581;5810.0000000581;90
2018-10-15;15/10/2018;5800.000000057999;5800.000000057999;5800.000000057999;5800.000000057999;10
2018-10-17;17/10/2018;5800.000000057999;5800.000000057999;5800.000000057999;5800.000000057999;20
2018-10-19;19/10/2018;5760.000000057599;5760.000000057599;5760.000000057599;5760.000000057599;240
2018-10-23;23/10/2018;5760.000000057599;5760.000000057599;5760.000000057599;5760.000000057599;30
2018-11-02;02/11/2018;5700.000000057;5700.000000057;5700.000000057;5700.000000057;140
2018-11-06;06/11/2018;5700.000000057;5700.000000057;5700.000000057;5700.000000057;2200
2018-11-07;07/11/2018;5690.0000000569;5690.0000000569;5690.0000000569;5690.0000000569;190
2018-11-08;08/11/2018;5690.0000000569;5690.0000000569;5690.0000000569;5690.0000000569;190
2018-11-12;12/11/2018;5690.0000000569;5690.0000000569;5690.0000000569;5690.0000000569;140
2018-11-13;13/11/2018;5600.000000056;5600.000000056;5600.000000056;5600.000000056;100
2018-11-14;14/11/2018;5699.500000056994;5699.500000056994;5699.500000056994;5699.500000056994;70
2018-11-15;15/11/2018;5699.500000056994;5699.500000056994;5699.500000056994;5699.500000056994;70
2018-11-19;19/11/2018;5600.000000056;5600.000000056;5600.000000056;5600.000000056;550
2018-11-20;20/11/2018;5600.000000056;5600.000000056;5600.000000056;5600.000000056;550
2018-11-21;21/11/2018;5760.000000057599;5760.000000057599;5760.000000057599;5760.000000057599;290
2018-12-04;04/12/2018;5600.000000056;5600.000000056;5600.000000056;5600.000000056;70
2018-12-10;10/12/2018;5600.000000056;5600.000000056;5600.000000056;5600.000000056;60
2018-12-20;20/12/2018;5600.000000056;5600.000000056;5600.000000056;5600.000000056;70
2019-01-02;02/01/2019;5760.000000057599;5760.000000057599;5760.000000057599;5760.000000057599;230
2019-01-03;03/01/2019;5750.0000000575;5750.0000000575;5750.0000000575;5750.0000000575;0
2019-01-04;04/01/2019;5879.500000058794;5879.500000058794;5879.500000058794;5879.500000058794;10
2019-01-07;07/01/2019;5880.0000000588;5880.0000000588;5880.0000000588;5880.0000000588;40
2019-01-11;11/01/2019;5870.0000000587;5870.0000000587;5870.0000000587;5870.0000000587;50
2019-01-14;14/01/2019;5880.0000000588;5880.0000000588;5880.0000000588;5880.0000000588;90
2019-01-15;15/01/2019;5800.000000057999;5800.000000057999;5800.000000057999;5800.000000057999;44350
2019-01-16;16/01/2019;5800.000000057999;5800.000000057999;5800.000000057999;5800.000000057999;3430
2019-01-24;24/01/2019;5700.000000057;5700.000000057;5700.000000057;5700.000000057;40
2019-01-29;29/01/2019;5700.000000057;5700.000000057;5700.000000057;5700.000000057;50
2019-01-30;30/01/2019;5800.000000057999;5800.000000057999;5700.000000057;5700.000000057;70
2019-02-05;05/02/2019;5300.500000053004;5300.500000053004;5300.500000053004;5300.500000053004;0
2019-02-07;07/02/2019;5199.500000051995;5199.500000051995;5199.500000051995;5199.500000051995;290
2019-02-08;08/02/2019;5195.000000051949;5195.000000051949;5195.000000051949;5195.000000051949;20
2019-02-12;12/02/2019;5195.000000051949;5195.000000051949;5195.000000051949;5195.000000051949;90
2019-02-13;13/02/2019;5195.000000051949;5195.000000051949;5195.000000051949;5195.000000051949;0
2019-02-14;14/02/2019;5100.000000050999;5100.000000050999;5100.000000050999;5100.000000050999;0
2019-02-15;15/02/2019;5100.000000050999;5100.000000050999;5100.000000050999;5100.000000050999;0
2019-02-18;18/02/2019;5000.500000050005;5000.500000050005;5000.0000000499995;5000.0000000499995;170
2019-02-20;20/02/2019;5000.0000000499995;5000.0000000499995;5000.0000000499995;5000.0000000499995;20
2019-02-25;25/02/2019;4900.000000048999;4900.000000048999;4900.000000048999;4900.000000048999;90
2019-02-26;26/02/2019;4550.0000000455;4550.0000000455;4550.0000000455;4550.0000000455;20
2019-02-27;27/02/2019;4550.0000000455;4550.0000000455;4550.0000000455;4550.0000000455;80
2019-02-28;28/02/2019;4550.0000000455;4550.0000000455;4550.0000000455;4550.0000000455;40
2019-03-06;06/03/2019;4210.0000000421;4210.0000000421;4210.0000000421;4210.0000000421;170
2019-03-07;07/03/2019;4210.0000000421;4210.0000000421;4210.0000000421;4210.0000000421;90
2019-03-12;12/03/2019;4200.000000042;4200.000000042;4200.000000042;4200.000000042;40
2019-03-14;14/03/2019;4190.0000000419;4190.0000000419;4190.0000000419;4190.0000000419;90
2019-03-15;15/03/2019;4190.0000000419;4190.0000000419;4190.0000000419;4190.0000000419;10
2019-03-21;21/03/2019;4190.0000000419;4190.0000000419;4190.0000000419;4190.0000000419;0
2019-03-26;26/03/2019;4100.000000041;4100.000000041;4000.0000000399996;4000.0000000399996;20
2019-03-27;27/03/2019;3700.0000000369996;4000.0000000399996;3700.0000000369996;4000.0000000399996;60
2019-03-28;28/03/2019;3700.0000000369996;4000.0000000399996;3700.0000000369996;4000.0000000399996;200
2019-03-29;29/03/2019;4000.0000000399996;4000.0000000399996;4000.0000000399996;4000.0000000399996;110
2019-04-03;03/04/2019;3700.0000000369996;3700.0000000369996;3700.0000000369996;3700.0000000369996;10
2019-04-04;04/04/2019;3700.0000000369996;3700.0000000369996;3700.0000000369996;3700.0000000369996;40
2019-04-09;09/04/2019;3700.0000000369996;3700.0000000369996;3700.0000000369996;3700.0000000369996;100
2019-04-11;11/04/2019;3460.0000000345995;3460.0000000345995;3450.500000034505;3450.500000034505;50
2019-04-15;15/04/2019;3200.000000032;3700.0000000369996;3200.000000032;3700.0000000369996;2800
2019-04-17;17/04/2019;3425.00000003425;3425.00000003425;3425.00000003425;3425.00000003425;90
2019-04-24;24/04/2019;3681.500000036815;3681.500000036815;3681.500000036815;3681.500000036815;20
2019-04-25;25/04/2019;3700.0000000369996;3700.0000000369996;3700.0000000369996;3700.0000000369996;70
2019-04-30;30/04/2019;3700.0000000369996;3700.0000000369996;3700.0000000369996;3700.0000000369996;10
2019-05-01;01/05/2019;3700.0000000369996;3700.0000000369996;3700.0000000369996;3700.0000000369996;10
2019-05-02;02/05/2019;3700.0000000369996;3700.0000000369996;3700.0000000369996;3700.0000000369996;10
2019-05-07;07/05/2019;3700.0000000369996;3700.0000000369996;3700.0000000369996;3700.0000000369996;70
2019-05-09;09/05/2019;3700.0000000369996;3700.0000000369996;3700.0000000369996;3700.0000000369996;50
2019-05-13;13/05/2019;3699.5000000369955;3700.0000000369996;3699.5000000369955;3700.0000000369996;130
2019-05-15;15/05/2019;3700.0000000369996;3700.0000000369996;3700.0000000369996;3700.0000000369996;40
2019-05-16;16/05/2019;3700.0000000369996;3700.0000000369996;3681.500000036815;3681.500000036815;50
2019-05-20;20/05/2019;3425.00000003425;3425.00000003425;3425.00000003425;3425.00000003425;0
2019-05-21;21/05/2019;3200.000000032;3200.000000032;3170.0000000317;3170.0000000317;2120
2019-05-22;22/05/2019;3170.0000000317;3170.0000000317;3170.0000000317;3170.0000000317;1330
2019-05-27;27/05/2019;3170.0000000317;3170.0000000317;3170.0000000317;3170.0000000317;20
2019-05-28;28/05/2019;3170.0000000317;3170.0000000317;3170.0000000317;3170.0000000317;50
2019-05-31;31/05/2019;3170.0000000317;3170.0000000317;3170.0000000317;3170.0000000317;490
2019-06-03;03/06/2019;3050.0000000305;3050.0000000305;3050.0000000305;3050.0000000305;10
2019-06-05;05/06/2019;3170.0000000317;3170.0000000317;3170.0000000317;3170.0000000317;10
2019-06-06;06/06/2019;3170.0000000317;3170.0000000317;3170.0000000317;3170.0000000317;50
2019-06-11;11/06/2019;3170.0000000317;3170.0000000317;3170.0000000317;3170.0000000317;10
2019-06-12;12/06/2019;3011.5000000301147;3011.5000000301147;3011.5000000301147;3011.5000000301147;10790
2019-06-14;14/06/2019;3071.5000000307145;3071.5000000307145;3071.5000000307145;3071.5000000307145;70
2019-06-17;17/06/2019;2990.0000000298996;2990.0000000298996;2990.0000000298996;2990.0000000298996;50
2019-06-19;19/06/2019;2950.0000000295;2950.0000000295;2950.0000000295;2950.0000000295;5530
2019-06-20;20/06/2019;2950.0000000295;2950.0000000295;2950.0000000295;2950.0000000295;4210
2019-06-21;21/06/2019;3000.0000000299997;3000.0000000299997;3000.0000000299997;3000.0000000299997;10
2019-06-24;24/06/2019;3200.000000032;3200.000000032;3200.000000032;3200.000000032;140
2019-06-25;25/06/2019;3000.0000000299997;3000.0000000299997;3000.0000000299997;3000.0000000299997;2820
2019-06-27;27/06/2019;3000.5000000300047;3200.000000032;3000.5000000300047;3200.000000032;50
2019-06-28;28/06/2019;3225.00000003225;3225.00000003225;3225.00000003225;3225.00000003225;710
2019-07-09;09/07/2019;3466.500000034665;3466.500000034665;3466.500000034665;3466.500000034665;50
2019-07-10;10/07/2019;3466.00000003466;3466.00000003466;3466.00000003466;3466.00000003466;140
2019-07-15;15/07/2019;3400.0000000339996;3400.0000000339996;3400.0000000339996;3400.0000000339996;100
2019-07-16;16/07/2019;3400.0000000339996;3400.0000000339996;3400.0000000339996;3400.0000000339996;0
2019-07-17;17/07/2019;3400.0000000339996;3400.0000000339996;3400.0000000339996;3400.0000000339996;20
2019-07-18;18/07/2019;3399.5000000339946;3400.0000000339996;3399.5000000339946;3400.0000000339996;290
2019-07-19;19/07/2019;3300.000000033;3300.000000033;3225.00000003225;3225.00000003225;170
2019-07-22;22/07/2019;3225.00000003225;3225.00000003225;3225.00000003225;3225.00000003225;420
2019-07-24;24/07/2019;3250.0000000324994;3250.0000000324994;3225.00000003225;3225.00000003225;380
2019-07-25;25/07/2019;3225.00000003225;3225.00000003225;3225.00000003225;3225.00000003225;20
2019-07-26;26/07/2019;3400.0000000339996;3400.0000000339996;3400.0000000339996;3400.0000000339996;20
2019-07-30;30/07/2019;3400.0000000339996;3466.00000003466;3400.0000000339996;3466.00000003466;140
2019-08-02;02/08/2019;3460.0000000345995;3466.00000003466;3460.0000000345995;3466.00000003466;260
2019-08-06;06/08/2019;3500.000000035;3500.000000035;3500.000000035;3500.000000035;24990
2019-08-07;07/08/2019;3500.000000035;3500.000000035;3500.000000035;3500.000000035;24990
2019-08-19;19/08/2019;3762.500000037625;3762.500000037625;3762.500000037625;3762.500000037625;10
2019-08-21;21/08/2019;3780.0000000378;3780.0000000378;3780.0000000378;3780.0000000378;0
2019-08-22;22/08/2019;4063.500000040635;4063.500000040635;4063.500000040635;4063.500000040635;10
2019-08-28;28/08/2019;4000.0000000399996;4368.000000043679;4000.0000000399996;4368.000000043679;220
2019-08-29;29/08/2019;4300.000000042999;4300.000000042999;4300.000000042999;4300.000000042999;50
2019-08-30;30/08/2019;4300.000000042999;4300.000000042999;4300.000000042999;4300.000000042999;0
2019-09-04;04/09/2019;4100.000000041;4100.000000041;4100.000000041;4100.000000041;20
2019-09-06;06/09/2019;4040.5000000404048;4100.000000041;4040.5000000404048;4100.000000041;3040
2019-09-10;10/09/2019;4100.000000041;4100.000000041;4000.0000000399996;4000.0000000399996;190
2019-09-12;12/09/2019;3780.0000000378;4100.000000041;3780.0000000378;4100.000000041;15440
2019-09-17;17/09/2019;4000.0000000399996;4000.0000000399996;4000.0000000399996;4000.0000000399996;0
2019-09-18;18/09/2019;3800.000000038;3800.000000038;3800.000000038;3800.000000038;110
2019-09-23;23/09/2019;3762.500000037625;3800.000000038;3762.500000037625;3800.000000038;560
2019-10-03;03/10/2019;4085.00000004085;4085.00000004085;4010.0000000401;4010.0000000401;14120
2019-10-08;08/10/2019;4310.500000043105;4310.500000043105;4310.500000043105;4310.500000043105;0
2019-10-10;10/10/2019;4310.500000043105;4310.500000043105;4310.500000043105;4310.500000043105;20
2019-10-11;11/10/2019;4310.500000043105;4310.500000043105;4310.500000043105;4310.500000043105;240
2019-10-14;14/10/2019;4010.0000000401;4010.0000000401;4010.0000000401;4010.0000000401;110
2019-10-15;15/10/2019;3800.000000038;3800.000000038;3800.000000038;3800.000000038;0
2019-10-16;16/10/2019;3885.00000003885;3885.00000003885;3885.00000003885;3885.00000003885;250
2019-10-23;23/10/2019;4176.000000041759;4176.000000041759;4176.000000041759;4176.000000041759;50
2019-10-24;24/10/2019;4176.000000041759;4176.000000041759;4176.000000041759;4176.000000041759;0
2019-10-25;25/10/2019;4176.000000041759;4176.000000041759;4176.000000041759;4176.000000041759;20
2019-10-28;28/10/2019;4176.000000041759;4176.000000041759;4176.000000041759;4176.000000041759;1520
2019-10-29;29/10/2019;4176.000000041759;4176.000000041759;4176.000000041759;4176.000000041759;70
2019-11-08;08/11/2019;4489.00000004489;4489.00000004489;4489.00000004489;4489.00000004489;10
2019-11-11;11/11/2019;4489.00000004489;4489.00000004489;4489.00000004489;4489.00000004489;0
2019-11-14;14/11/2019;4489.00000004489;4489.00000004489;4489.00000004489;4489.00000004489;90
2019-11-18;18/11/2019;4400.0000000439995;4489.00000004489;4400.0000000439995;4489.00000004489;50
2019-11-19;19/11/2019;4489.00000004489;4489.00000004489;4488.5000000448845;4488.5000000448845;90
2019-11-22;22/11/2019;4484.5000000448445;4489.00000004489;4484.5000000448445;4489.00000004489;2840
2019-11-25;25/11/2019;4205.00000004205;4205.00000004205;4205.00000004205;4205.00000004205;90
2019-11-26;26/11/2019;4520.0000000452;4520.0000000452;4520.0000000452;4520.0000000452;40
2019-12-02;02/12/2019;4520.0000000452;4520.0000000452;4520.0000000452;4520.0000000452;90
2019-12-04;04/12/2019;4520.0000000452;4520.0000000452;4520.0000000452;4520.0000000452;10
2019-12-05;05/12/2019;4300.000000042999;4300.000000042999;4300.000000042999;4300.000000042999;10
2019-12-06;06/12/2019;4220.0000000422;4220.0000000422;4220.0000000422;4220.0000000422;150
2019-12-09;09/12/2019;4519.500000045195;4519.500000045195;4519.500000045195;4519.500000045195;20
2019-12-19;19/12/2019;4480.0000000448;4480.0000000448;4480.0000000448;4480.0000000448;4090
2019-12-27;27/12/2019;4500.000000045;4500.000000045;4500.000000045;4500.000000045;40
2019-12-30;30/12/2019;4500.000000045;4500.000000045;4500.000000045;4500.000000045;0
2020-01-06;06/01/2020;4300.000000042999;4300.000000042999;4300.000000042999;4300.000000042999;20
2020-01-10;10/01/2020;4220.0000000422;4220.0000000422;4220.0000000422;4220.0000000422;0
2020-01-13;13/01/2020;4220.0000000422;4220.0000000422;4220.0000000422;4220.0000000422;0
2020-01-15;15/01/2020;4220.0000000422;4220.0000000422;4220.0000000422;4220.0000000422;120
2020-01-20;20/01/2020;4300.000000042999;4300.000000042999;4300.000000042999;4300.000000042999;40
2020-01-22;22/01/2020;4250.0000000425;4250.0000000425;4250.0000000425;4250.0000000425;40
2020-01-23;23/01/2020;4300.000000042999;4300.000000042999;4100.000000041;4100.000000041;120
2020-01-27;27/01/2020;4249.00000004249;4250.0000000425;4249.00000004249;4250.0000000425;980
2020-01-29;29/01/2020;4250.0000000425;4250.0000000425;4250.0000000425;4250.0000000425;40
2020-01-30;30/01/2020;4270.500000042704;4270.500000042704;4270.500000042704;4270.500000042704;40
2020-01-31;31/01/2020;4270.0000000427;4270.0000000427;4270.0000000427;4270.0000000427;40
2020-02-07;07/02/2020;4519.500000045195;4519.500000045195;4519.500000045195;4519.500000045195;0
2020-02-10;10/02/2020;4519.500000045195;4519.500000045195;4519.500000045195;4519.500000045195;100
2020-02-11;11/02/2020;4520.0000000452;4520.0000000452;4520.0000000452;4520.0000000452;0
2020-02-12;12/02/2020;4520.0000000452;4520.0000000452;4520.0000000452;4520.0000000452;0
2020-02-13;13/02/2020;4270.0000000427;4519.500000045195;4270.0000000427;4519.500000045195;120
2020-02-21;21/02/2020;4510.000000045099;4510.000000045099;4510.000000045099;4510.000000045099;80
2020-02-27;27/02/2020;4550.0000000455;4550.0000000455;4510.000000045099;4510.000000045099;30
2020-03-04;04/03/2020;4550.0000000455;4550.0000000455;4550.0000000455;4550.0000000455;10
2020-03-09;09/03/2020;4550.0000000455;4550.0000000455;4550.0000000455;4550.0000000455;30
2020-03-12;12/03/2020;4575.000000045749;4575.000000045749;4510.000000045099;4510.000000045099;260
2020-03-13;13/03/2020;4510.000000045099;4510.000000045099;4510.000000045099;4510.000000045099;100
2020-03-16;16/03/2020;4510.000000045099;4510.000000045099;4510.000000045099;4510.000000045099;90
2020-03-17;17/03/2020;4509.500000045095;4509.500000045095;4509.500000045095;4509.500000045095;10
2020-03-19;19/03/2020;4505.00000004505;4505.00000004505;4505.00000004505;4505.00000004505;30
2020-03-20;20/03/2020;4250.0000000425;4505.00000004505;4250.0000000425;4505.00000004505;7770
2020-03-31;31/03/2020;4510.000000045099;4510.000000045099;4510.000000045099;4510.000000045099;190
2020-04-07;07/04/2020;4400.0000000439995;4400.0000000439995;4400.0000000439995;4400.0000000439995;0
2020-04-10;10/04/2020;4500.000000045;4500.000000045;4500.000000045;4500.000000045;340
2020-04-13;13/04/2020;4500.000000045;4500.000000045;4500.000000045;4500.000000045;340
2020-04-20;20/04/2020;4500.000000045;4500.000000045;4500.000000045;4500.000000045;30
2020-04-23;23/04/2020;4500.000000045;4500.000000045;4500.000000045;4500.000000045;0
2020-04-29;29/04/2020;4837.500000048375;4837.500000048375;4500.000000045;4500.000000045;120
2020-05-11;11/05/2020;4500.000000045;4500.000000045;4500.000000045;4500.000000045;30
2020-05-12;12/05/2020;4500.000000045;4500.000000045;4500.000000045;4500.000000045;130
2020-05-13;13/05/2020;4500.000000045;4500.000000045;4500.000000045;4500.000000045;960
2020-05-14;14/05/2020;4500.000000045;4500.000000045;4500.000000045;4500.000000045;21090
2020-05-15;15/05/2020;4500.000000045;4500.000000045;4500.000000045;4500.000000045;1990
2020-05-26;26/05/2020;4500.000000045;4500.000000045;4500.000000045;4500.000000045;10
2020-05-28;28/05/2020;4500.000000045;4500.000000045;4500.000000045;4500.000000045;0
2020-06-02;02/06/2020;4500.000000045;4500.000000045;4500.000000045;4500.000000045;20
2020-06-05;05/06/2020;4500.000000045;4500.000000045;4500.000000045;4500.000000045;40
2020-06-09;09/06/2020;4500.000000045;4500.000000045;4500.000000045;4500.000000045;150
2020-06-10;10/06/2020;4500.000000045;4500.000000045;4500.000000045;4500.000000045;190
2020-06-17;17/06/2020;4501.5000000450145;4501.5000000450145;4501.5000000450145;4501.5000000450145;6990
2020-06-19;19/06/2020;4550.0000000455;4550.0000000455;4550.0000000455;4550.0000000455;10
2020-06-25;25/06/2020;4550.0000000455;4550.0000000455;4500.000000045;4500.000000045;3220
2020-06-30;30/06/2020;4550.0000000455;4550.0000000455;4550.0000000455;4550.0000000455;40
2020-07-01;01/07/2020;4550.0000000455;4550.0000000455;4550.0000000455;4550.0000000455;88030
2020-07-10;10/07/2020;4550.0000000455;4550.0000000455;4550.0000000455;4550.0000000455;130
2020-07-15;15/07/2020;4550.0000000455;4550.0000000455;4550.0000000455;4550.0000000455;1990
2020-08-12;12/08/2020;4550.0000000455;4550.0000000455;4550.0000000455;4550.0000000455;1250
2020-08-17;17/08/2020;4550.0000000455;4550.0000000455;4550.0000000455;4550.0000000455;100
2020-08-31;31/08/2020;4550.0000000455;4550.0000000455;4550.0000000455;4550.0000000455;10
2020-09-02;02/09/2020;4550.0000000455;4550.0000000455;4550.0000000455;4550.0000000455;130
2020-09-09;09/09/2020;4550.0000000455;4550.0000000455;4550.0000000455;4550.0000000455;30
2020-09-15;15/09/2020;4549.500000045495;4549.500000045495;4549.500000045495;4549.500000045495;0
2020-09-16;16/09/2020;4549.000000045489;4600.0000000459995;4549.000000045489;4600.0000000459995;1340
2020-09-17;17/09/2020;4600.0000000459995;4600.0000000459995;4600.0000000459995;4600.0000000459995;0
2020-09-28;28/09/2020;4700.000000047;4700.000000047;4700.000000047;4700.000000047;2160
2020-09-30;30/09/2020;4600.0000000459995;4600.0000000459995;4600.0000000459995;4600.0000000459995;10
2020-10-05;05/10/2020;4600.0000000459995;4600.0000000459995;4600.0000000459995;4600.0000000459995;10
2020-10-08;08/10/2020;4600.0000000459995;4600.0000000459995;4600.0000000459995;4600.0000000459995;50
2020-10-09;09/10/2020;4260.0000000426;4260.0000000426;4260.0000000426;4260.0000000426;60
2020-10-12;12/10/2020;4260.0000000426;4260.0000000426;4260.0000000426;4260.0000000426;60
2020-10-22;22/10/2020;4300.000000042999;4300.000000042999;4250.0000000425;4250.0000000425;4470
2020-10-26;26/10/2020;4500.000000045;4500.000000045;4500.000000045;4500.000000045;5090
2020-11-09;09/11/2020;4500.000000045;4500.000000045;4500.000000045;4500.000000045;120
2020-11-13;13/11/2020;4500.000000045;4500.000000045;4175.00000004175;4175.00000004175;360
2020-11-18;18/11/2020;4488.00000004488;4488.00000004488;4488.00000004488;4488.00000004488;870
2020-11-23;23/11/2020;4824.500000048245;4824.500000048245;4824.500000048245;4824.500000048245;20
2020-11-24;24/11/2020;4824.500000048245;4824.500000048245;4824.500000048245;4824.500000048245;100
2020-12-11;11/12/2020;5000.0000000499995;5000.0000000499995;5000.0000000499995;5000.0000000499995;230
2020-12-21;21/12/2020;5000.500000050005;5000.500000050005;5000.500000050005;5000.500000050005;20
2020-12-23;23/12/2020;5010.0000000500995;5010.0000000500995;5000.0000000499995;5000.0000000499995;4070
2020-12-29;29/12/2020;5090.0000000509;5090.0000000509;5090.0000000509;5090.0000000509;10
2021-01-07;07/01/2021;5100.000000050999;5100.000000050999;5100.000000050999;5100.000000050999;100
2021-01-12;12/01/2021;5100.000000050999;5100.500000051005;5100.000000050999;5100.500000051005;2020
2021-01-18;18/01/2021;5100.000000050999;5100.000000050999;5100.000000050999;5100.000000050999;4990
2021-01-26;26/01/2021;5150.0000000515;5150.0000000515;5150.0000000515;5150.0000000515;1590
2021-01-27;27/01/2021;5200.000000051999;5200.000000051999;5200.000000051999;5200.000000051999;10
2021-01-28;28/01/2021;5200.000000051999;5200.000000051999;5200.000000051999;5200.000000051999;120
2021-02-02;02/02/2021;5580.000000055799;5580.000000055799;5580.000000055799;5580.000000055799;0
2021-02-04;04/02/2021;5300.000000053;5300.000000053;5300.000000053;5300.000000053;90
2021-02-10;10/02/2021;5600.000000056;5600.000000056;5300.000000053;5300.000000053;30
2021-02-11;11/02/2021;5301.00000005301;5301.00000005301;5301.00000005301;5301.00000005301;20
2021-02-17;17/02/2021;5301.00000005301;5301.00000005301;5301.00000005301;5301.00000005301;90
2021-03-02;02/03/2021;5301.00000005301;5301.00000005301;5301.00000005301;5301.00000005301;10
2021-03-03;03/03/2021;5301.00000005301;5301.00000005301;5301.00000005301;5301.00000005301;0
2021-03-04;04/03/2021;5301.00000005301;5301.00000005301;5301.00000005301;5301.00000005301;0
2021-03-09;09/03/2021;5301.00000005301;5301.00000005301;5301.00000005301;5301.00000005301;40
2021-03-10;10/03/2021;5301.00000005301;5301.00000005301;5301.00000005301;5301.00000005301;40
2021-03-15;15/03/2021;5301.00000005301;5301.00000005301;5301.00000005301;5301.00000005301;0
2021-03-18;18/03/2021;5300.000000053;5300.000000053;5300.000000053;5300.000000053;90
2021-03-19;19/03/2021;5300.000000053;5300.000000053;5300.000000053;5300.000000053;40
2021-03-26;26/03/2021;5300.000000053;5300.000000053;5300.000000053;5300.000000053;10
2021-03-31;31/03/2021;5600.000000056;5600.000000056;5600.000000056;5600.000000056;10
2021-04-15;15/04/2021;5800.000000057999;5800.000000057999;5700.000000057;5700.000000057;140
2021-04-16;16/04/2021;5700.000000057;5700.000000057;5700.000000057;5700.000000057;2240
2021-04-19;19/04/2021;6127.5000000612745;6127.5000000612745;6127.5000000612745;6127.5000000612745;40
2021-04-21;21/04/2021;6200.000000061999;6200.000000061999;6200.000000061999;6200.000000061999;0
2021-04-22;22/04/2021;6200.000000061999;6200.000000061999;6200.000000061999;6200.000000061999;450
2021-04-28;28/04/2021;6200.000000061999;6200.000000061999;6200.000000061999;6200.000000061999;20
2021-05-03;03/05/2021;6200.000000061999;6200.000000061999;6200.000000061999;6200.000000061999;60
2021-05-05;05/05/2021;6200.000000061999;6600.000000066;6200.000000061999;6600.000000066;490
2021-05-06;06/05/2021;6601.00000006601;6601.00000006601;6601.00000006601;6601.00000006601;40
2021-05-07;07/05/2021;7096.00000007096;7096.00000007096;7096.00000007096;7096.00000007096;140
2021-05-10;10/05/2021;7096.00000007096;7096.00000007096;7096.00000007096;7096.00000007096;10
2021-05-11;11/05/2021;7096.00000007096;7096.00000007096;7096.00000007096;7096.00000007096;10
2021-05-12;12/05/2021;7096.00000007096;7096.00000007096;7096.00000007096;7096.00000007096;10
2021-05-14;14/05/2021;7050.0000000704995;7100.000000070999;7050.0000000704995;7100.000000070999;110
2021-05-18;18/05/2021;7100.000000070999;7200.000000072;7100.000000070999;7200.000000072;4800
2021-05-19;19/05/2021;7200.000000072;7200.500000072005;7200.000000072;7200.500000072005;2190
2021-05-20;20/05/2021;7250.500000072505;7250.500000072505;7250.500000072505;7250.500000072505;20
2021-05-21;21/05/2021;7400.500000074006;7400.500000074006;7400.500000074006;7400.500000074006;140
2021-05-24;24/05/2021;7400.500000074006;7400.500000074006;7400.500000074006;7400.500000074006;140
2021-05-25;25/05/2021;7100.000000070999;7100.000000070999;7100.000000070999;7100.000000070999;390
2021-05-26;26/05/2021;7100.000000070999;7100.000000070999;7100.000000070999;7100.000000070999;370
2021-05-31;31/05/2021;7200.000000072;7200.000000072;7200.000000072;7200.000000072;0
2021-06-01;01/06/2021;7200.000000072;7200.000000072;7200.000000072;7200.000000072;40
2021-06-02;02/06/2021;7200.500000072005;7200.500000072005;7200.000000072;7200.000000072;990
2021-06-08;08/06/2021;7201.00000007201;7201.00000007201;7201.00000007201;7201.00000007201;30
2021-06-09;09/06/2021;7200.000000072;7200.000000072;7200.000000072;7200.000000072;250
2021-06-11;11/06/2021;7205.500000072056;7205.500000072056;7205.500000072056;7205.500000072056;30
2021-06-16;16/06/2021;7400.000000073999;7400.000000073999;7400.000000073999;7400.000000073999;0
2021-06-18;18/06/2021;7400.000000073999;7400.000000073999;7400.000000073999;7400.000000073999;10
2021-06-21;21/06/2021;7400.000000073999;7400.000000073999;7400.000000073999;7400.000000073999;40
2021-06-22;22/06/2021;7400.000000073999;7400.000000073999;7400.000000073999;7400.000000073999;30
2021-06-23;23/06/2021;7400.500000074006;7400.500000074006;7400.500000074006;7400.500000074006;30
2021-06-24;24/06/2021;7400.500000074006;7400.500000074006;7400.500000074006;7400.500000074006;30
2021-06-29;29/06/2021;7401.500000074014;7401.500000074014;7401.500000074014;7401.500000074014;0
2021-07-02;02/07/2021;7956.00000007956;7956.00000007956;7956.00000007956;7956.00000007956;40
2021-07-05;05/07/2021;7956.00000007956;7956.00000007956;7956.00000007956;7956.00000007956;20
2021-07-06;06/07/2021;7400.000000073999;8552.500000085525;7400.000000073999;8552.500000085525;250
2021-07-07;07/07/2021;9193.500000091935;9193.500000091935;9193.500000091935;9193.500000091935;10
2021-07-12;12/07/2021;9190.000000091899;9190.000000091899;9190.000000091899;9190.000000091899;1010
2021-07-13;13/07/2021;9180.000000091799;9180.000000091799;9180.000000091799;9180.000000091799;190
2021-07-14;14/07/2021;9170.000000091699;9180.000000091799;9170.000000091699;9180.000000091799;640
2021-07-15;15/07/2021;9180.500000091804;9180.500000091804;9180.000000091799;9180.000000091799;150
2021-07-16;16/07/2021;8700.000000087;9170.000000091699;8700.000000087;9170.000000091699;10
2021-07-19;19/07/2021;9180.000000091799;9180.000000091799;9180.000000091799;9180.000000091799;190
2021-07-20;20/07/2021;9180.000000091799;9180.000000091799;9180.000000091799;9180.000000091799;190
2021-07-22;22/07/2021;9170.000000091699;9170.000000091699;9170.000000091699;9170.000000091699;70
2021-07-23;23/07/2021;9170.000000091699;9180.000000091799;9170.000000091699;9180.000000091799;1680
2021-07-27;27/07/2021;9180.500000091804;9180.500000091804;9180.500000091804;9180.500000091804;70
2021-08-03;03/08/2021;8239.00000008239;8239.00000008239;8239.00000008239;8239.00000008239;10
2021-08-04;04/08/2021;8856.500000088565;8856.500000088565;8856.500000088565;8856.500000088565;0
2021-08-09;09/08/2021;9520.500000095204;9520.500000095204;9520.500000095204;9520.500000095204;10
2021-08-10;10/08/2021;9710.500000097105;9800.000000097998;9710.500000097105;9800.000000097998;70
2021-08-11;11/08/2021;10535.000000105349;10535.000000105349;10535.000000105349;10535.000000105349;40
2021-08-12;12/08/2021;11325.000000113248;11325.000000113248;11325.000000113248;11325.000000113248;190
2021-08-16;16/08/2021;12170.0000001217;12170.0000001217;12170.0000001217;12170.0000001217;10
2021-08-18;18/08/2021;13082.500000130824;13082.500000130824;13082.500000130824;13082.500000130824;180
2021-08-19;19/08/2021;14063.500000140633;14063.500000140633;14063.500000140633;14063.500000140633;50
2021-08-20;20/08/2021;14063.500000140633;15118.000000151176;14063.500000140633;15118.000000151176;550
2021-08-23;23/08/2021;16251.500000162516;16251.500000162516;14000.00000014;14000.00000014;810
2021-08-24;24/08/2021;14100.000000140999;14100.000000140999;12950.500000129503;12950.500000129503;780
2021-08-25;25/08/2021;12950.500000129503;12950.500000129503;12174.00000012174;12174.00000012174;310
2021-08-26;26/08/2021;12185.000000121849;12185.000000121849;12170.0000001217;12170.0000001217;170
2021-08-31;31/08/2021;11300.000000113;11350.0000001135;11300.000000113;11350.0000001135;300
2021-09-01;01/09/2021;11345.500000113454;11345.500000113454;11345.500000113454;11345.500000113454;30
2021-09-02;02/09/2021;11340.0000001134;11340.0000001134;10495.00000010495;10495.00000010495;260
2021-09-06;06/09/2021;10490.0000001049;10490.0000001049;9710.0000000971;9710.0000000971;720
2021-09-07;07/09/2021;10438.000000104379;10438.000000104379;9500.500000095006;9500.500000095006;80
2021-09-08;08/09/2021;9500.000000094999;9500.000000094999;9500.000000094999;9500.000000094999;48850
2021-09-10;10/09/2021;10000.000000099999;10212.500000102124;10000.000000099999;10212.500000102124;40
2021-09-13;13/09/2021;10300.000000103;10416.500000104164;10300.000000103;10416.500000104164;370
2021-09-15;15/09/2021;10600.000000106;10600.000000106;9860.0000000986;9860.0000000986;80
2021-09-16;16/09/2021;9851.00000009851;9851.00000009851;9851.00000009851;9851.00000009851;110
2021-09-21;21/09/2021;10500.000000105;10500.000000105;10500.000000105;10500.000000105;90
2021-09-22;22/09/2021;10500.000000105;10500.000000105;10200.000000101998;10200.000000101998;1020
2021-09-23;23/09/2021;10200.000000101998;10200.000000101998;10200.000000101998;10200.000000101998;20
2021-09-24;24/09/2021;10400.000000103999;10400.000000103999;9851.00000009851;9851.00000009851;30
2021-10-01;01/10/2021;9900.000000099;9900.000000099;9900.000000099;9900.000000099;140
2021-10-04;04/10/2021;10200.000000101998;10200.000000101998;10200.000000101998;10200.000000101998;140
2021-10-11;11/10/2021;9855.500000098555;10150.0000001015;9855.500000098555;10150.0000001015;70
2021-10-12;12/10/2021;10000.000000099999;10000.500000100004;10000.000000099999;10000.500000100004;3160
2021-10-13;13/10/2021;10100.000000101;10100.000000101;10100.000000101;10100.000000101;10
2021-10-15;15/10/2021;10100.000000101;10100.000000101;10000.500000100004;10000.500000100004;950
2021-10-18;18/10/2021;10100.000000101;10100.000000101;10000.500000100004;10000.500000100004;950
2021-10-20;20/10/2021;10200.000000101998;10200.000000101998;10200.000000101998;10200.000000101998;310
2021-10-21;21/10/2021;10200.000000101998;10200.000000101998;10200.000000101998;10200.000000101998;150
2021-10-22;22/10/2021;10200.000000101998;10200.000000101998;10200.000000101998;10200.000000101998;150
2021-10-25;25/10/2021;10965.000000109649;10965.000000109649;10965.000000109649;10965.000000109649;50
2021-10-26;26/10/2021;11787.000000117869;11787.000000117869;11787.000000117869;11787.000000117869;140
2021-10-27;27/10/2021;12022.500000120224;12671.000000126709;12022.500000120224;12671.000000126709;380
2021-10-28;28/10/2021;13621.00000013621;13621.00000013621;13621.00000013621;13621.00000013621;200
2021-10-29;29/10/2021;13621.00000013621;13621.00000013621;13621.00000013621;13621.00000013621;0
2021-11-01;01/11/2021;13621.00000013621;13621.00000013621;13621.00000013621;13621.00000013621;0
2021-11-02;02/11/2021;12600.000000126;12600.000000126;12600.000000126;12600.000000126;30
2021-11-03;03/11/2021;12599.500000125994;12600.000000126;12599.500000125994;12600.000000126;20
2021-11-04;04/11/2021;12600.000000126;12600.000000126;12600.000000126;12600.000000126;12120
2021-11-05;05/11/2021;12000.000000119999;12600.000000126;12000.000000119999;12600.000000126;160
2021-11-09;09/11/2021;12600.500000126005;12600.500000126005;12600.500000126005;12600.500000126005;450
2021-11-10;10/11/2021;13500.000000134998;13500.000000134998;13500.000000134998;13500.000000134998;50
2021-11-11;11/11/2021;12600.500000126005;12600.500000126005;12600.000000126;12600.000000126;80
2021-11-12;12/11/2021;12600.000000126;12600.000000126;12600.000000126;12600.000000126;460
2021-11-15;15/11/2021;12600.000000126;12600.000000126;12600.000000126;12600.000000126;460
2021-11-17;17/11/2021;12600.000000126;12600.000000126;12600.000000126;12600.000000126;440
2021-11-18;18/11/2021;13400.000000134;13400.000000134;13400.000000134;13400.000000134;0
2021-11-19;19/11/2021;12600.000000126;14000.00000014;12600.000000126;14000.00000014;5190
2021-11-22;22/11/2021;14980.000000149797;14980.000000149797;14980.000000149797;14980.000000149797;4590
2021-11-23;23/11/2021;13900.000000138996;13900.000000138996;13900.000000138996;13900.000000138996;150
2021-11-24;24/11/2021;14000.00000014;14000.00000014;12910.0000001291;12910.0000001291;90
2021-11-25;25/11/2021;13000.500000130003;13000.500000130003;13000.500000130003;13000.500000130003;0
2021-11-29;29/11/2021;13500.000000134998;13500.000000134998;13500.000000134998;13500.000000134998;0
2021-12-01;01/12/2021;13700.000000137;13700.000000137;13500.500000135004;13500.500000135004;70
2021-12-02;02/12/2021;13502.500000135024;13502.500000135024;13502.500000135024;13502.500000135024;300
2021-12-06;06/12/2021;13500.000000134998;13500.500000135004;13500.000000134998;13500.500000135004;110
2021-12-07;07/12/2021;14200.000000141998;14510.0000001451;14200.000000141998;14510.0000001451;20
2021-12-08;08/12/2021;14520.000000145199;14520.000000145199;14520.000000145199;14520.000000145199;60
2021-12-09;09/12/2021;14520.000000145199;14520.000000145199;14520.000000145199;14520.000000145199;130
2021-12-13;13/12/2021;14550.0000001455;14550.0000001455;14520.000000145199;14520.000000145199;60
2021-12-14;14/12/2021;14550.0000001455;14550.0000001455;14520.000000145199;14520.000000145199;90
2021-12-15;15/12/2021;14520.000000145199;14600.000000146;14520.000000145199;14600.000000146;1410
2021-12-16;16/12/2021;14600.000000146;14600.000000146;14600.000000146;14600.000000146;180
2021-12-20;20/12/2021;14500.000000144999;14600.000000146;14500.000000144999;14600.000000146;430
2021-12-22;22/12/2021;14600.000000146;14600.000000146;14600.000000146;14600.000000146;50
2021-12-23;23/12/2021;14700.000000146998;14700.000000146998;14700.000000146998;14700.000000146998;0
2021-12-24;24/12/2021;14700.000000146998;14700.000000146998;14700.000000146998;14700.000000146998;30
2021-12-27;27/12/2021;14700.000000146998;14700.000000146998;14700.000000146998;14700.000000146998;10
2021-12-28;28/12/2021;14700.000000146998;14700.000000146998;14700.000000146998;14700.000000146998;20
2021-12-29;29/12/2021;14600.000000146;14990.0000001499;14600.000000146;14990.0000001499;190
2021-12-30;30/12/2021;14500.500000145004;15600.000000156;14500.500000145004;15600.000000156;1290
2022-01-03;03/01/2022;14430.0000001443;14430.0000001443;14430.0000001443;14430.0000001443;0
2022-01-04;04/01/2022;13400.000000134;14400.000000144;13400.000000134;14400.000000144;60
2022-01-05;05/01/2022;14400.000000144;14500.000000144999;14400.000000144;14500.000000144999;250
2022-01-07;07/01/2022;15000.000000149998;15000.000000149998;15000.000000149998;15000.000000149998;160
2022-01-10;10/01/2022;15000.000000149998;15400.000000153997;15000.000000149998;15400.000000153997;400
2022-01-11;11/01/2022;15400.000000153997;15400.000000153997;15400.000000153997;15400.000000153997;280
2022-01-14;14/01/2022;15400.000000153997;15400.000000153997;15400.000000153997;15400.000000153997;1000
2022-01-17;17/01/2022;15490.0000001549;15600.000000156;15490.0000001549;15600.000000156;340
2022-01-19;19/01/2022;15600.000000156;15600.000000156;15600.000000156;15600.000000156;80
2022-01-20;20/01/2022;15600.000000156;15700.000000156997;15600.000000156;15700.000000156997;90
2022-01-21;21/01/2022;15700.000000156997;15700.000000156997;15700.000000156997;15700.000000156997;210
2022-01-24;24/01/2022;15799.500000157994;15799.500000157994;15799.500000157994;15799.500000157994;0
2022-01-25;25/01/2022;15700.000000156997;15700.000000156997;15700.000000156997;15700.000000156997;10
2022-01-26;26/01/2022;15798.00000015798;15798.00000015798;15798.00000015798;15798.00000015798;50
2022-01-27;27/01/2022;15798.00000015798;15798.00000015798;15798.00000015798;15798.00000015798;30
2022-01-28;28/01/2022;15798.00000015798;15798.00000015798;15725.000000157252;15725.000000157252;170
2022-01-31;31/01/2022;15700.000000156997;16500.000000164997;15700.000000156997;16500.000000164997;600
2022-02-01;01/02/2022;16450.0000001645;16500.000000164997;16450.0000001645;16500.000000164997;240
2022-02-02;02/02/2022;16499.500000164993;16500.000000164997;16499.500000164993;16500.000000164997;700
2022-02-03;03/02/2022;16600.000000165997;16700.000000167;16600.000000165997;16700.000000167;510
2022-02-04;04/02/2022;16600.000000165997;16600.000000165997;16500.000000164997;16500.000000164997;1430
2022-02-07;07/02/2022;16500.000000164997;16500.000000164997;16500.000000164997;16500.000000164997;50
2022-02-09;09/02/2022;16500.000000164997;16500.000000164997;16500.000000164997;16500.000000164997;10
2022-02-10;10/02/2022;16500.000000164997;16600.000000165997;16500.000000164997;16600.000000165997;290
2022-02-11;11/02/2022;16600.000000165997;16600.000000165997;16600.000000165997;16600.000000165997;30
2022-02-14;14/02/2022;16500.000000164997;16500.000000164997;16500.000000164997;16500.000000164997;1190
2022-02-15;15/02/2022;16500.000000164997;16500.000000164997;16300.000000163;16300.000000163;190
2022-02-16;16/02/2022;16500.000000164997;16500.000000164997;16500.000000164997;16500.000000164997;990
2022-02-21;21/02/2022;16000.000000159998;16000.000000159998;16000.000000159998;16000.000000159998;610
2022-02-22;22/02/2022;16000.000000159998;16770.0000001677;16000.000000159998;16770.0000001677;710
2022-02-24;24/02/2022;16699.500000166994;16699.500000166994;16699.500000166994;16699.500000166994;390
2022-02-28;28/02/2022;16700.000000167;16800.000000168;16700.000000167;16800.000000168;770
2022-03-01;01/03/2022;16800.000000168;16800.000000168;16800.000000168;16800.000000168;0
2022-03-03;03/03/2022;15550.000000155498;16700.000000167;15550.000000155498;16700.000000167;190
2022-03-04;04/03/2022;16500.000000164997;16500.000000164997;16500.000000164997;16500.000000164997;690
2022-03-07;07/03/2022;16500.000000164997;16500.000000164997;16500.000000164997;16500.000000164997;490
2022-03-08;08/03/2022;15800.000000158;15800.000000158;15800.000000158;15800.000000158;10
2022-03-09;09/03/2022;16600.000000165997;16600.000000165997;16600.000000165997;16600.000000165997;0
2022-03-14;14/03/2022;16600.000000165997;16600.000000165997;16600.000000165997;16600.000000165997;490
2022-03-15;15/03/2022;16635.00000016635;16635.00000016635;15800.000000158;15800.000000158;1060
2022-03-16;16/03/2022;15800.000000158;16499.500000164993;15800.000000158;16499.500000164993;30
2022-03-17;17/03/2022;16490.0000001649;16490.0000001649;16490.0000001649;16490.0000001649;20
2022-03-18;18/03/2022;15800.000000158;15800.000000158;15800.000000158;15800.000000158;1010
2022-03-21;21/03/2022;16000.000000159998;16000.000000159998;15800.000000158;15800.000000158;1340
2022-03-22;22/03/2022;15500.000000155002;16400.000000164;15500.000000155002;16400.000000164;390
2022-03-23;23/03/2022;15700.000000156997;15700.000000156997;15700.000000156997;15700.000000156997;1040
2022-03-25;25/03/2022;15700.000000156997;15700.000000156997;15700.000000156997;15700.000000156997;680
2022-03-28;28/03/2022;16400.000000164;16400.000000164;15700.000000156997;15700.000000156997;380
2022-03-29;29/03/2022;16400.000000164;16400.000000164;15700.000000156997;15700.000000156997;380
2022-03-30;30/03/2022;15700.000000156997;16400.000000164;15700.000000156997;16400.000000164;140
2022-03-31;31/03/2022;15700.000000156997;16400.000000164;15700.000000156997;16400.000000164;140
2022-04-01;01/04/2022;15500.000000155002;15500.000000155002;15500.000000155002;15500.000000155002;90
2022-04-04;04/04/2022;15500.000000155002;15500.000000155002;15500.000000155002;15500.000000155002;90
2022-04-05;05/04/2022;15500.000000155002;15500.000000155002;15500.000000155002;15500.000000155002;90
2022-04-06;06/04/2022;15500.000000155002;15500.000000155002;15500.000000155002;15500.000000155002;0
2022-04-07;07/04/2022;15500.000000155002;15500.000000155002;15500.000000155002;15500.000000155002;0
2022-04-11;11/04/2022;16350.0000001635;16350.0000001635;16100.000000160999;16100.000000160999;100
2022-04-12;12/04/2022;15000.000000149998;15600.000000156;15000.000000149998;15600.000000156;410
2022-04-13;13/04/2022;15650.0000001565;15650.0000001565;15600.000000156;15600.000000156;110
2022-04-14;14/04/2022;15650.0000001565;15650.0000001565;15600.000000156;15600.000000156;110
2022-04-19;19/04/2022;16400.000000164;16400.000000164;16400.000000164;16400.000000164;0
2022-04-20;20/04/2022;16400.000000164;16400.000000164;16400.000000164;16400.000000164;0
2022-04-22;22/04/2022;15500.000000155002;15500.000000155002;15500.000000155002;15500.000000155002;1750
2022-04-25;25/04/2022;16300.000000163;16300.000000163;16300.000000163;16300.000000163;30
2022-04-26;26/04/2022;16300.000000163;16300.000000163;16300.000000163;16300.000000163;30
2022-04-27;27/04/2022;15974.00000015974;15974.00000015974;15974.00000015974;15974.00000015974;0
2022-04-28;28/04/2022;15974.00000015974;15974.00000015974;15974.00000015974;15974.00000015974;0
2022-04-29;29/04/2022;15500.000000155002;15500.000000155002;15500.000000155002;15500.000000155002;2100
2022-05-02;02/05/2022;15500.000000155002;15500.000000155002;15500.000000155002;15500.000000155002;2100
2022-05-03;03/05/2022;15500.000000155002;15500.000000155002;15500.000000155002;15500.000000155002;20
2022-05-04;04/05/2022;15500.000000155002;15500.000000155002;15500.000000155002;15500.000000155002;20
2022-05-05;05/05/2022;15200.000000152;15200.000000152;15200.000000152;15200.000000152;1110
2022-05-06;06/05/2022;15000.000000149998;15000.000000149998;15000.000000149998;15000.000000149998;230
2022-05-09;09/05/2022;14999.500000149992;14999.500000149992;14999.500000149992;14999.500000149992;20
2022-05-10;10/05/2022;14999.500000149992;14999.500000149992;14999.500000149992;14999.500000149992;20
2022-05-11;11/05/2022;14500.000000144999;14500.000000144999;14500.000000144999;14500.000000144999;26950
2022-05-12;12/05/2022;14500.000000144999;14500.000000144999;14500.000000144999;14500.000000144999;26950
2022-05-17;17/05/2022;14000.00000014;14000.00000014;13950.0000001395;13950.0000001395;300
2022-05-18;18/05/2022;13399.500000133994;13399.500000133994;13399.500000133994;13399.500000133994;90
2022-05-19;19/05/2022;13399.500000133994;13399.500000133994;13399.500000133994;13399.500000133994;30
2022-05-20;20/05/2022;13399.500000133994;13399.500000133994;12395.00000012395;12395.00000012395;100
2022-05-23;23/05/2022;11465.500000114655;11500.000000115;11465.500000114655;11500.000000115;30
2022-05-24;24/05/2022;11465.500000114655;11500.000000115;11465.500000114655;11500.000000115;460
2022-05-25;25/05/2022;11465.500000114655;11500.000000115;11465.500000114655;11500.000000115;460
2022-05-27;27/05/2022;11550.000000115499;11550.000000115499;11550.000000115499;11550.000000115499;20
2022-05-30;30/05/2022;11550.000000115499;12416.00000012416;11550.000000115499;12416.00000012416;30
2022-05-31;31/05/2022;11550.000000115499;12416.00000012416;11550.000000115499;12416.00000012416;30
2022-06-01;01/06/2022;12850.000000128497;12850.000000128497;12850.000000128497;12850.000000128497;40
2022-06-02;02/06/2022;12850.000000128497;12900.000000129;12850.000000128497;12900.000000129;120
2022-06-03;03/06/2022;12000.000000119999;12000.000000119999;12000.000000119999;12000.000000119999;100
2022-06-06;06/06/2022;12000.000000119999;12000.000000119999;12000.000000119999;12000.000000119999;100
2022-06-07;07/06/2022;12900.000000129;12900.000000129;12900.000000129;12900.000000129;50
2022-06-08;08/06/2022;12900.000000129;12900.000000129;12900.000000129;12900.000000129;50
2022-06-09;09/06/2022;13500.000000134998;13500.000000134998;13500.000000134998;13500.000000134998;40
2022-06-10;10/06/2022;13500.000000134998;13500.000000134998;13500.000000134998;13500.000000134998;10
2022-06-13;13/06/2022;13500.000000134998;14500.000000144999;13500.000000134998;14500.000000144999;10
2022-06-14;14/06/2022;15587.500000155875;15587.500000155875;15587.500000155875;15587.500000155875;20
2022-06-15;15/06/2022;15587.500000155875;15587.500000155875;15587.500000155875;15587.500000155875;20
2022-06-22;22/06/2022;15587.00000015587;15587.00000015587;15587.00000015587;15587.00000015587;0
2022-06-23;23/06/2022;15587.00000015587;15587.00000015587;15587.00000015587;15587.00000015587;0
2022-06-24;24/06/2022;14999.500000149992;15000.000000149998;14999.500000149992;15000.000000149998;15480
2022-06-27;27/06/2022;14999.500000149992;15000.000000149998;14999.500000149992;15000.000000149998;15480
2022-06-29;29/06/2022;14900.000000149;15000.000000149998;14900.000000149;15000.000000149998;60
2022-06-30;30/06/2022;14900.000000149;15000.000000149998;14900.000000149;15000.000000149998;60
2022-07-07;07/07/2022;15000.000000149998;15000.000000149998;15000.000000149998;15000.000000149998;100
2022-07-08;08/07/2022;15000.000000149998;15000.000000149998;14500.000000144999;14500.000000144999;60
2022-07-11;11/07/2022;15000.000000149998;15000.000000149998;15000.000000149998;15000.000000149998;90
2022-07-12;12/07/2022;15000.000000149998;15000.000000149998;15000.000000149998;15000.000000149998;90
2022-07-13;13/07/2022;15000.000000149998;15000.000000149998;15000.000000149998;15000.000000149998;190
2022-07-14;14/07/2022;15000.500000150005;15000.500000150005;15000.000000149998;15000.000000149998;200
2022-07-15;15/07/2022;15000.000000149998;15000.000000149998;15000.000000149998;15000.000000149998;430
2022-07-18;18/07/2022;15000.000000149998;15000.000000149998;15000.000000149998;15000.000000149998;430
2022-07-19;19/07/2022;14900.000000149;14900.000000149;14900.000000149;14900.000000149;40
2022-07-20;20/07/2022;14500.000000144999;14500.000000144999;14500.000000144999;14500.000000144999;160
2022-07-21;21/07/2022;14500.000000144999;14500.000000144999;14500.000000144999;14500.000000144999;30
2022-07-22;22/07/2022;14500.000000144999;14500.000000144999;14500.000000144999;14500.000000144999;80
2022-07-25;25/07/2022;14500.000000144999;14500.000000144999;14500.000000144999;14500.000000144999;80
2022-07-27;27/07/2022;14500.000000144999;14500.000000144999;14500.000000144999;14500.000000144999;1000
2022-07-28;28/07/2022;14500.000000144999;14500.000000144999;14500.000000144999;14500.000000144999;20
2022-07-29;29/07/2022;13412.500000134121;13412.500000134121;13412.500000134121;13412.500000134121;20
2022-08-01;01/08/2022;13500.000000134998;13500.000000134998;13500.000000134998;13500.000000134998;1090
2022-08-02;02/08/2022;13500.000000134998;13500.000000134998;13500.000000134998;13500.000000134998;0
2022-08-03;03/08/2022;13500.000000134998;13500.000000134998;13500.000000134998;13500.000000134998;0
2022-08-04;04/08/2022;13500.000000134998;13500.000000134998;13500.000000134998;13500.000000134998;140
2022-08-05;05/08/2022;13500.000000134998;13500.000000134998;13500.000000134998;13500.000000134998;10
2022-08-08;08/08/2022;13500.000000134998;13500.000000134998;13500.000000134998;13500.000000134998;10
2022-08-09;09/08/2022;13500.000000134998;13500.000000134998;13500.000000134998;13500.000000134998;0
2022-08-10;10/08/2022;13500.000000134998;13500.000000134998;13500.000000134998;13500.000000134998;0
2022-08-18;18/08/2022;12200.000000122;12200.000000122;12113.000000121128;12113.000000121128;70
2022-08-19;19/08/2022;12200.000000122;12200.000000122;12100.000000121;12100.000000121;120
2022-08-22;22/08/2022;11205.00000011205;11205.00000011205;11205.00000011205;11205.00000011205;100
2022-08-23;23/08/2022;11205.500000112053;11205.500000112053;11205.00000011205;11205.00000011205;30
2022-08-24;24/08/2022;11205.500000112053;11205.500000112053;11205.00000011205;11205.00000011205;30
2022-08-25;25/08/2022;11220.000000112199;11220.000000112199;11220.000000112199;11220.000000112199;0
2022-08-26;26/08/2022;11200.000000112;11200.500000112004;11200.000000112;11200.500000112004;120
2022-08-29;29/08/2022;10365.00000010365;10365.00000010365;10360.500000103604;10360.500000103604;1190
2022-08-30;30/08/2022;10365.00000010365;10365.00000010365;10000.000000099999;10000.000000099999;200
2022-08-31;31/08/2022;10000.500000100004;10750.000000107499;10000.500000100004;10750.000000107499;30
2022-09-01;01/09/2022;11500.000000115;11500.000000115;10000.000000099999;10000.000000099999;680
2022-09-02;02/09/2022;10750.000000107499;10750.000000107499;10750.000000107499;10750.000000107499;10
2022-09-05;05/09/2022;10750.000000107499;10750.000000107499;10750.000000107499;10750.000000107499;10
2022-09-06;06/09/2022;11556.00000011556;11556.00000011556;11556.00000011556;11556.00000011556;0
2022-09-07;07/09/2022;12420.000000124199;12420.000000124199;12420.000000124199;12420.000000124199;20
2022-09-08;08/09/2022;12420.000000124199;12420.000000124199;11550.000000115499;11550.000000115499;270
2022-09-09;09/09/2022;11556.00000011556;11556.00000011556;11556.00000011556;11556.00000011556;20
2022-09-12;12/09/2022;11556.00000011556;11556.00000011556;11556.00000011556;11556.00000011556;20
2022-09-13;13/09/2022;11500.000000115;12000.000000119999;11500.000000115;12000.000000119999;170
2022-09-14;14/09/2022;12000.000000119999;12000.000000119999;12000.000000119999;12000.000000119999;0
2022-09-15;15/09/2022;12000.000000119999;12000.000000119999;12000.000000119999;12000.000000119999;40
2022-09-16;16/09/2022;12000.000000119999;12000.000000119999;12000.000000119999;12000.000000119999;40
2022-09-19;19/09/2022;12000.000000119999;12000.000000119999;12000.000000119999;12000.000000119999;30
2022-09-20;20/09/2022;12000.000000119999;12000.000000119999;12000.000000119999;12000.000000119999;30
2022-09-21;21/09/2022;11950.0000001195;11950.0000001195;11950.0000001195;11950.0000001195;10
2022-09-22;22/09/2022;12000.000000119999;12000.000000119999;11950.0000001195;11950.0000001195;100
2022-09-23;23/09/2022;11900.000000118998;11900.000000118998;11900.000000118998;11900.000000118998;0
2022-09-26;26/09/2022;11900.000000118998;11900.000000118998;11900.000000118998;11900.000000118998;0
2022-09-27;27/09/2022;11060.000000110598;11200.000000112;11060.000000110598;11200.000000112;210
2022-09-28;28/09/2022;11060.000000110598;11200.000000112;11060.000000110598;11200.000000112;210
2022-09-29;29/09/2022;11200.000000112;11200.000000112;11200.000000112;11200.000000112;0
2022-09-30;30/09/2022;11200.000000112;11200.000000112;10675.500000106755;10675.500000106755;130
2022-10-03;03/10/2022;10000.000000099999;10675.500000106755;10000.000000099999;10675.500000106755;490
2022-10-04;04/10/2022;10675.500000106755;10675.500000106755;10515.000000105149;10515.000000105149;150
2022-10-05;05/10/2022;10520.0000001052;10520.0000001052;10305.00000010305;10305.00000010305;230
2022-10-06;06/10/2022;10520.0000001052;10520.0000001052;10305.00000010305;10305.00000010305;230
2022-10-07;07/10/2022;10305.00000010305;10500.000000105;10305.00000010305;10500.000000105;50
2022-10-10;10/10/2022;10305.00000010305;10500.000000105;10305.00000010305;10500.000000105;50
2022-10-12;12/10/2022;11000.00000011;11000.00000011;10015.00000010015;10015.00000010015;360
2022-10-13;13/10/2022;11000.00000011;11000.00000011;10015.00000010015;10015.00000010015;360
2022-10-17;17/10/2022;10500.500000105003;10500.500000105003;10500.500000105003;10500.500000105003;50
2022-10-18;18/10/2022;10500.500000105003;10500.500000105003;10500.500000105003;10500.500000105003;30
2022-10-19;19/10/2022;11288.00000011288;11288.00000011288;10000.000000099999;10000.000000099999;400
2022-10-20;20/10/2022;11288.00000011288;11288.00000011288;10000.000000099999;10000.000000099999;400
2022-10-26;26/10/2022;10750.000000107499;10750.000000107499;10750.000000107499;10750.000000107499;10
2022-10-27;27/10/2022;11555.000000115548;11555.000000115548;11550.000000115499;11550.000000115499;10
2022-10-28;28/10/2022;11555.000000115548;11555.000000115548;11550.000000115499;11550.000000115499;10
2022-11-02;02/11/2022;11549.500000115495;11549.500000115495;11499.500000114993;11499.500000114993;30
2022-11-03;03/11/2022;11549.500000115495;11549.500000115495;11499.500000114993;11499.500000114993;30
2022-11-04;04/11/2022;10640.0000001064;10640.0000001064;10640.0000001064;10640.0000001064;40
2022-11-07;07/11/2022;9850.0000000985;9850.0000000985;9842.000000098418;9842.000000098418;320
2022-11-08;08/11/2022;9105.00000009105;9105.00000009105;9105.00000009105;9105.00000009105;100
2022-11-09;09/11/2022;8425.00000008425;8425.00000008425;8422.500000084225;8422.500000084225;580
2022-11-10;10/11/2022;8422.500000084225;8500.000000085;8422.500000084225;8500.000000085;560
2022-11-11;11/11/2022;8500.000000085;8600.000000085998;8500.000000085;8600.000000085998;190
2022-11-14;14/11/2022;8422.00000008422;8422.00000008422;8000.000000079999;8000.000000079999;240
2022-11-15;15/11/2022;8422.00000008422;8422.00000008422;8000.000000079999;8000.000000079999;240
2022-11-16;16/11/2022;8422.00000008422;8422.500000084225;8422.00000008422;8422.500000084225;20
2022-11-17;17/11/2022;8422.500000084225;8422.500000084225;8422.00000008422;8422.00000008422;50
2022-11-18;18/11/2022;8422.500000084225;8422.500000084225;8422.00000008422;8422.00000008422;50
2022-11-21;21/11/2022;9000.00000009;9000.00000009;9000.00000009;9000.00000009;40
2022-11-22;22/11/2022;9000.00000009;9000.00000009;9000.00000009;9000.00000009;120
2022-11-23;23/11/2022;9000.00000009;9000.00000009;9000.00000009;9000.00000009;0
2022-11-24;24/11/2022;8800.000000087999;8800.000000087999;8800.000000087999;8800.000000087999;220
2022-11-25;25/11/2022;8800.000000087999;8800.000000087999;8400.000000084;8400.000000084;400
2022-11-28;28/11/2022;8800.000000087999;8800.000000087999;8800.000000087999;8800.000000087999;1010
2022-11-29;29/11/2022;8800.000000087999;8800.000000087999;8800.000000087999;8800.000000087999;10
2022-11-30;30/11/2022;8800.000000087999;8800.000000087999;8800.000000087999;8800.000000087999;10
2022-12-01;01/12/2022;8800.000000087999;8800.000000087999;8800.000000087999;8800.000000087999;10
2022-12-02;02/12/2022;8500.000000085;8500.000000085;8500.000000085;8500.000000085;50
2022-12-05;05/12/2022;9000.00000009;9000.00000009;9000.00000009;9000.00000009;50
2022-12-06;06/12/2022;9000.00000009;9000.00000009;9000.00000009;9000.00000009;50
2022-12-07;07/12/2022;8712.000000087119;8900.000000089;8712.000000087119;8900.000000089;3630
2022-12-08;08/12/2022;8712.000000087119;8900.000000089;8712.000000087119;8900.000000089;3630
2022-12-09;09/12/2022;8500.000000085;9000.00000009;8500.000000085;9000.00000009;430
2022-12-12;12/12/2022;8400.000000084;8400.000000084;8400.000000084;8400.000000084;30
2022-12-13;13/12/2022;8400.000000084;8400.000000084;8400.000000084;8400.000000084;30
2022-12-19;19/12/2022;8600.000000085998;8600.000000085998;8600.000000085998;8600.000000085998;30
2022-12-20;20/12/2022;8600.000000085998;8600.000000085998;8600.000000085998;8600.000000085998;30
2022-12-21;21/12/2022;9000.00000009;9000.00000009;9000.00000009;9000.00000009;0
2022-12-22;22/12/2022;9000.00000009;9000.00000009;9000.00000009;9000.00000009;0
2022-12-23;23/12/2022;8400.000000084;8400.000000084;8325.00000008325;8325.00000008325;190
2022-12-26;26/12/2022;8400.000000084;8400.000000084;8325.00000008325;8325.00000008325;190
2022-12-27;27/12/2022;8400.000000084;8400.000000084;8325.00000008325;8325.00000008325;190
2022-12-30;30/12/2022;8325.00000008325;8325.00000008325;8325.00000008325;8325.00000008325;190
2023-01-02;02/01/2023;8325.00000008325;8325.00000008325;8325.00000008325;8325.00000008325;0
2023-01-03;03/01/2023;8325.00000008325;8325.00000008325;8325.00000008325;8325.00000008325;0
2023-01-04;04/01/2023;8400.000000084;8400.000000084;8400.000000084;8400.000000084;80
2023-01-05;05/01/2023;8400.000000084;8400.000000084;8400.000000084;8400.000000084;80
2023-01-09;09/01/2023;8450.0000000845;8450.0000000845;8400.000000084;8400.000000084;20
2023-01-10;10/01/2023;8399.500000083995;8399.500000083995;8350.0000000835;8350.0000000835;200
2023-01-11;11/01/2023;8399.500000083995;8399.500000083995;8350.0000000835;8350.0000000835;200
2023-01-12;12/01/2023;8350.0000000835;8350.0000000835;8350.0000000835;8350.0000000835;20
2023-01-13;13/01/2023;8400.000000084;8400.000000084;8400.000000084;8400.000000084;0
2023-01-16;16/01/2023;8400.000000084;8400.000000084;8400.000000084;8400.000000084;0
2023-01-17;17/01/2023;8300.000000082999;8300.000000082999;8200.000000082;8200.000000082;40
2023-01-18;18/01/2023;8300.000000082999;8300.000000082999;8200.000000082;8200.000000082;40
2023-01-19;19/01/2023;7585.00000007585;7585.00000007585;7585.00000007585;7585.00000007585;10
2023-01-20;20/01/2023;7585.00000007585;7585.00000007585;7585.00000007585;7585.00000007585;60
2023-01-23;23/01/2023;7585.00000007585;7585.00000007585;7585.00000007585;7585.00000007585;30
2023-01-24;24/01/2023;7585.00000007585;7585.00000007585;7585.00000007585;7585.00000007585;30
2023-01-25;25/01/2023;7585.00000007585;7585.00000007585;7585.00000007585;7585.00000007585;2190
2023-01-26;26/01/2023;7585.00000007585;7585.00000007585;7585.00000007585;7585.00000007585;2190
2023-01-27;27/01/2023;7585.00000007585;7585.00000007585;7585.00000007585;7585.00000007585;0
2023-01-30;30/01/2023;7586.500000075865;7586.500000075865;7586.500000075865;7586.500000075865;0
2023-01-31;31/01/2023;7586.500000075865;7586.500000075865;7586.500000075865;7586.500000075865;0
2023-02-07;07/02/2023;8155.000000081551;8155.000000081551;8155.000000081551;8155.000000081551;0
2023-02-08;08/02/2023;8155.000000081551;8155.000000081551;8155.000000081551;8155.000000081551;0
2023-02-09;09/02/2023;8500.000000085;8500.000000085;8500.000000085;8500.000000085;10
2023-02-10;10/02/2023;8500.000000085;8500.000000085;8500.000000085;8500.000000085;10
2023-02-13;13/02/2023;8500.000000085;8500.000000085;8500.000000085;8500.000000085;0
2023-02-14;14/02/2023;7900.000000079;7900.000000079;7900.000000079;7900.000000079;10
2023-02-15;15/02/2023;8000.000000079999;8000.000000079999;7900.000000079;7900.000000079;10
2023-02-16;16/02/2023;8000.000000079999;8000.000000079999;7900.000000079;7900.000000079;10
2023-02-17;17/02/2023;7800.000000078;7800.000000078;7800.000000078;7800.000000078;40
2023-02-20;20/02/2023;7800.000000078;7800.000000078;7800.000000078;7800.000000078;40
2023-02-21;21/02/2023;8000.000000079999;8000.000000079999;8000.000000079999;8000.000000079999;40
2023-02-22;22/02/2023;8000.000000079999;8000.000000079999;8000.000000079999;8000.000000079999;40
2023-02-23;23/02/2023;8000.000000079999;8000.000000079999;8000.000000079999;8000.000000079999;170
2023-02-24;24/02/2023;8000.000000079999;8000.000000079999;8000.000000079999;8000.000000079999;50
2023-02-27;27/02/2023;8000.000000079999;8000.000000079999;8000.000000079999;8000.000000079999;970
2023-02-28;28/02/2023;8000.000000079999;8000.000000079999;8000.000000079999;8000.000000079999;100
2023-03-01;01/03/2023;8000.000000079999;8000.000000079999;8000.000000079999;8000.000000079999;100
2023-03-02;02/03/2023;8000.000000079999;8000.000000079999;8000.000000079999;8000.000000079999;100
2023-03-03;03/03/2023;8000.000000079999;8000.000000079999;8000.000000079999;8000.000000079999;100
2023-03-08;08/03/2023;8000.000000079999;8000.000000079999;8000.000000079999;8000.000000079999;10
2023-03-09;09/03/2023;8000.000000079999;8000.000000079999;8000.000000079999;8000.000000079999;10
2023-03-10;10/03/2023;8000.000000079999;8000.000000079999;8000.000000079999;8000.000000079999;10
2023-03-13;13/03/2023;8000.500000080005;8000.500000080005;8000.000000079999;8000.000000079999;110
2023-03-14;14/03/2023;8000.000000079999;8000.000000079999;8000.000000079999;8000.000000079999;0
2023-03-15;15/03/2023;8000.000000079999;8000.000000079999;8000.000000079999;8000.000000079999;0
2023-03-20;20/03/2023;8000.000000079999;8000.000000079999;8000.000000079999;8000.000000079999;20
2023-03-21;21/03/2023;8000.000000079999;8000.000000079999;8000.000000079999;8000.000000079999;30
2023-03-22;22/03/2023;8000.000000079999;8000.000000079999;8000.000000079999;8000.000000079999;30
2023-03-27;27/03/2023;7800.000000078;8000.000000079999;7800.000000078;8000.000000079999;1680
2023-03-28;28/03/2023;8000.000000079999;8000.000000079999;8000.000000079999;8000.000000079999;4340
2023-03-29;29/03/2023;8000.000000079999;8000.000000079999;8000.000000079999;8000.000000079999;4340
2023-03-30;30/03/2023;8000.000000079999;8000.000000079999;8000.000000079999;8000.000000079999;20
2023-03-31;31/03/2023;8000.000000079999;8000.000000079999;8000.000000079999;8000.000000079999;0
2023-04-03;03/04/2023;8000.000000079999;8000.000000079999;8000.000000079999;8000.000000079999;0
2023-04-04;04/04/2023;8000.000000079999;8600.000000085998;8000.000000079999;8600.000000085998;20
2023-04-05;05/04/2023;8595.000000085949;8600.000000085998;8595.000000085949;8600.000000085998;50
2023-04-06;06/04/2023;8595.000000085949;8600.000000085998;8595.000000085949;8600.000000085998;50
2023-04-11;11/04/2023;8600.000000085998;8600.000000085998;8600.000000085998;8600.000000085998;10
2023-04-12;12/04/2023;8700.000000087;8700.000000087;8600.000000085998;8600.000000085998;90
2023-04-13;13/04/2023;8600.000000085998;8600.000000085998;8600.000000085998;8600.000000085998;140
2023-04-14;14/04/2023;8600.000000085998;8600.000000085998;8600.000000085998;8600.000000085998;2330
2023-04-17;17/04/2023;8600.000000085998;8600.000000085998;8600.000000085998;8600.000000085998;2330
2023-04-20;20/04/2023;8000.000000079999;8000.000000079999;8000.000000079999;8000.000000079999;0
2023-04-21;21/04/2023;8000.000000079999;8000.000000079999;8000.000000079999;8000.000000079999;0
2023-04-24;24/04/2023;7590.0000000759;7590.0000000759;7590.0000000759;7590.0000000759;20
2023-04-25;25/04/2023;7021.00000007021;7021.00000007021;7021.00000007021;7021.00000007021;390
2023-04-26;26/04/2023;7021.00000007021;7021.00000007021;7021.00000007021;7021.00000007021;390
2023-05-04;04/05/2023;7500.000000074999;7500.000000074999;7500.000000074999;7500.000000074999;0
2023-05-05;05/05/2023;7590.0000000759;8062.500000080625;7590.0000000759;8062.500000080625;10
2023-05-08;08/05/2023;8599.500000085995;8599.500000085995;8599.500000085995;8599.500000085995;0
2023-05-09;09/05/2023;8600.000000085998;8600.000000085998;8600.000000085998;8600.000000085998;70
2023-05-10;10/05/2023;8600.000000085998;8600.000000085998;8600.000000085998;8600.000000085998;70
2023-05-11;11/05/2023;8600.000000085998;8600.000000085998;8600.000000085998;8600.000000085998;0
2023-05-12;12/05/2023;8600.000000085998;8600.000000085998;8600.000000085998;8600.000000085998;0
2023-05-22;22/05/2023;8000.000000079999;8000.000000079999;7955.00000007955;7955.00000007955;30
2023-05-23;23/05/2023;8000.000000079999;8000.000000079999;7955.00000007955;7955.00000007955;30
2023-05-25;25/05/2023;7950.0000000795;7950.0000000795;7500.000000074999;7500.000000074999;50
2023-05-26;26/05/2023;7500.000000074999;7500.000000074999;7500.000000074999;7500.000000074999;40
2023-05-29;29/05/2023;7500.000000074999;7500.000000074999;7500.000000074999;7500.000000074999;40
2023-05-30;30/05/2023;7500.000000074999;7500.000000074999;7500.000000074999;7500.000000074999;20
2023-05-31;31/05/2023;7600.000000076;7900.000000079;7600.000000076;7900.000000079;110
2023-06-01;01/06/2023;7307.500000073075;7307.500000073075;7307.500000073075;7307.500000073075;20
2023-06-02;02/06/2023;7021.00000007021;7021.00000007021;6760.000000067599;6760.000000067599;220
2023-06-05;05/06/2023;6253.0000000625305;6253.0000000625305;6253.0000000625305;6253.0000000625305;110
2023-06-06;06/06/2023;5785.000000057849;6253.0000000625305;5785.000000057849;6253.0000000625305;300
2023-06-07;07/06/2023;6253.0000000625305;6253.0000000625305;6253.0000000625305;6253.0000000625305;20
2023-06-08;08/06/2023;6000.000000059999;6253.0000000625305;6000.000000059999;6253.0000000625305;250
2023-06-09;09/06/2023;6253.500000062535;6253.500000062535;6253.500000062535;6253.500000062535;290
2023-06-12;12/06/2023;6253.500000062535;6253.500000062535;6253.500000062535;6253.500000062535;290
2023-06-13;13/06/2023;5600.000000056;6400.000000064;5600.000000056;6400.000000064;30
2023-06-14;14/06/2023;6200.000000061999;6400.000000064;6200.000000061999;6400.000000064;180
2023-06-15;15/06/2023;6250.0000000625;6400.000000064;6250.0000000625;6400.000000064;120
2023-06-16;16/06/2023;6880.0000000688;6880.0000000688;6880.0000000688;6880.0000000688;0
2023-06-19;19/06/2023;7307.500000073075;7307.500000073075;7307.500000073075;7307.500000073075;20
2023-06-20;20/06/2023;7307.500000073075;7307.500000073075;7307.500000073075;7307.500000073075;100
2023-06-21;21/06/2023;7307.00000007307;7307.00000007307;7307.00000007307;7307.00000007307;40
2023-06-22;22/06/2023;7307.00000007307;7307.00000007307;7307.00000007307;7307.00000007307;0
2023-06-23;23/06/2023;7307.00000007307;7307.00000007307;7307.00000007307;7307.00000007307;0
2023-06-26;26/06/2023;7307.500000073075;7307.500000073075;7307.500000073075;7307.500000073075;40
2023-06-27;27/06/2023;7307.500000073075;7307.500000073075;7307.500000073075;7307.500000073075;40
2023-06-30;30/06/2023;7307.500000073075;7307.500000073075;7307.500000073075;7307.500000073075;90
2023-07-03;03/07/2023;7307.500000073075;7307.500000073075;7307.500000073075;7307.500000073075;90
2023-07-04;04/07/2023;6759.500000067594;7307.500000073075;6759.500000067594;7307.500000073075;10
2023-07-05;05/07/2023;7000.00000007;7400.000000073999;7000.00000007;7400.000000073999;60
2023-07-06;06/07/2023;6900.000000069;7400.000000073999;6900.000000069;7400.000000073999;50
2023-07-07;07/07/2023;7400.000000073999;7400.000000073999;7400.000000073999;7400.000000073999;10
2023-07-10;10/07/2023;7400.000000073999;7400.000000073999;7400.000000073999;7400.000000073999;0
2023-07-11;11/07/2023;7400.000000073999;7400.000000073999;7400.000000073999;7400.000000073999;20
2023-07-12;12/07/2023;7400.000000073999;7400.000000073999;7400.000000073999;7400.000000073999;20
2023-07-18;18/07/2023;7000.00000007;7400.000000073999;7000.00000007;7400.000000073999;70
2023-07-19;19/07/2023;7000.00000007;7400.000000073999;7000.00000007;7400.000000073999;70
2023-07-20;20/07/2023;6845.0000000684495;6845.0000000684495;6845.0000000684495;6845.0000000684495;0
2023-07-21;21/07/2023;6845.0000000684495;6845.0000000684495;6845.0000000684495;6845.0000000684495;50
2023-07-24;24/07/2023;7350.000000073499;7350.000000073499;7350.000000073499;7350.000000073499;100
2023-07-25;25/07/2023;7350.000000073499;7400.000000073999;7350.000000073499;7400.000000073999;30
2023-07-26;26/07/2023;7350.000000073499;7400.000000073999;7350.000000073499;7400.000000073999;30
2023-07-27;27/07/2023;7400.000000073999;7400.000000073999;7400.000000073999;7400.000000073999;20
2023-07-28;28/07/2023;7400.000000073999;7400.000000073999;7400.000000073999;7400.000000073999;20
2023-07-31;31/07/2023;7400.000000073999;7400.000000073999;7400.000000073999;7400.000000073999;40
2023-08-01;01/08/2023;7400.000000073999;7400.000000073999;7400.000000073999;7400.000000073999;70
2023-08-02;02/08/2023;7400.000000073999;7400.000000073999;7400.000000073999;7400.000000073999;0
2023-08-03;03/08/2023;7300.000000073;7400.000000073999;7300.000000073;7400.000000073999;70
2023-08-04;04/08/2023;7400.000000073999;7400.000000073999;7400.000000073999;7400.000000073999;5670
2023-08-07;07/08/2023;7400.000000073999;7400.000000073999;7400.000000073999;7400.000000073999;5670
2023-08-08;08/08/2023;7400.000000073999;7400.000000073999;7400.000000073999;7400.000000073999;0
2023-08-09;09/08/2023;7845.500000078454;7845.500000078454;7845.500000078454;7845.500000078454;0
2023-08-10;10/08/2023;7500.000000074999;7845.500000078454;7500.000000074999;7845.500000078454;420
2023-08-11;11/08/2023;7845.500000078454;7845.500000078454;7845.500000078454;7845.500000078454;20
2023-08-14;14/08/2023;7845.500000078454;7845.500000078454;7845.500000078454;7845.500000078454;20
2023-08-16;16/08/2023;7401.000000074009;7845.500000078454;7401.000000074009;7845.500000078454;100
2023-08-17;17/08/2023;7401.000000074009;7845.500000078454;7401.000000074009;7845.500000078454;100
2023-08-18;18/08/2023;7845.500000078454;7845.500000078454;7845.500000078454;7845.500000078454;40
2023-08-21;21/08/2023;7845.500000078454;7845.500000078454;7845.500000078454;7845.500000078454;40
2023-08-22;22/08/2023;8433.500000084334;8433.500000084334;8433.00000008433;8433.00000008433;110
2023-08-23;23/08/2023;8400.000000084;8432.00000008432;8400.000000084;8432.00000008432;30
2023-08-24;24/08/2023;8432.00000008432;8432.00000008432;7845.500000078454;7845.500000078454;20
2023-08-25;25/08/2023;8433.00000008433;8433.00000008433;7850.0000000784985;7850.0000000784985;10
2023-08-28;28/08/2023;8433.00000008433;8433.00000008433;7850.0000000784985;7850.0000000784985;10
2023-08-29;29/08/2023;8000.000000079999;8000.000000079999;8000.000000079999;8000.000000079999;0
2023-08-30;30/08/2023;8400.000000084;8400.000000084;8400.000000084;8400.000000084;10
2023-08-31;31/08/2023;8400.000000084;8599.500000085995;8400.000000084;8599.500000085995;60
2023-09-01;01/09/2023;8599.500000085995;8599.500000085995;8599.500000085995;8599.500000085995;10
2023-09-04;04/09/2023;8500.000000085;8500.000000085;8400.000000084;8400.000000084;80
2023-09-05;05/09/2023;9030.000000090298;9030.000000090298;9030.000000090298;9030.000000090298;90
2023-09-06;06/09/2023;9030.000000090298;9030.000000090298;9030.000000090298;9030.000000090298;90
2023-09-08;08/09/2023;9000.00000009;9000.00000009;9000.00000009;9000.00000009;0
2023-09-11;11/09/2023;9000.00000009;9000.00000009;9000.00000009;9000.00000009;0
2023-09-12;12/09/2023;9000.00000009;9000.00000009;9000.00000009;9000.00000009;40
2023-09-13;13/09/2023;9000.00000009;9030.000000090298;9000.00000009;9030.000000090298;40
2023-09-14;14/09/2023;8500.000000085;8500.000000085;8500.000000085;8500.000000085;10
2023-09-15;15/09/2023;9030.000000090298;9030.000000090298;9030.000000090298;9030.000000090298;0
2023-09-18;18/09/2023;9030.000000090298;9030.000000090298;9030.000000090298;9030.000000090298;0
2023-09-20;20/09/2023;9030.000000090298;9030.000000090298;9030.000000090298;9030.000000090298;10
2023-09-21;21/09/2023;9030.000000090298;9030.000000090298;9030.000000090298;9030.000000090298;10
2023-09-22;22/09/2023;9020.000000090198;9020.000000090198;9020.000000090198;9020.000000090198;10
2023-09-25;25/09/2023;9015.00000009015;9015.00000009015;9015.00000009015;9015.00000009015;0
2023-09-26;26/09/2023;8999.000000089989;8999.000000089989;8999.000000089989;8999.000000089989;10
2023-09-27;27/09/2023;8999.000000089989;8999.000000089989;8999.000000089989;8999.000000089989;10
2023-09-28;28/09/2023;8500.000000085;8500.000000085;8500.000000085;8500.000000085;190
2023-09-29;29/09/2023;9000.00000009;9000.00000009;9000.00000009;9000.00000009;0
2023-10-02;02/10/2023;8999.000000089989;8999.000000089989;8999.000000089989;8999.000000089989;10
2023-10-03;03/10/2023;9020.000000090198;9020.000000090198;8324.500000083244;8324.500000083244;40
2023-10-04;04/10/2023;8500.000000085;8500.000000085;7850.0000000784985;7850.0000000784985;70
2023-10-05;05/10/2023;7800.000000078;7800.000000078;7790.000000077899;7790.000000077899;40
2023-10-06;06/10/2023;7790.000000077899;8374.00000008374;7790.000000077899;8374.00000008374;130
2023-10-09;09/10/2023;8380.0000000838;8380.0000000838;8374.00000008374;8374.00000008374;90
2023-10-10;10/10/2023;8374.00000008374;8374.00000008374;8374.00000008374;8374.00000008374;30
2023-10-11;11/10/2023;8374.00000008374;9000.00000009;8374.00000008374;9000.00000009;10
2023-10-12;12/10/2023;8990.000000089898;8990.000000089898;8990.000000089898;8990.000000089898;70
2023-10-13;13/10/2023;8990.000000089898;8990.000000089898;8990.000000089898;8990.000000089898;0
2023-10-16;16/10/2023;8990.000000089898;8990.000000089898;8990.000000089898;8990.000000089898;0
2023-10-17;17/10/2023;8990.000000089898;9000.00000009;8990.000000089898;9000.00000009;990
2023-10-18;18/10/2023;8990.000000089898;9000.00000009;8990.000000089898;9000.00000009;990
2023-10-19;19/10/2023;8800.000000087999;8800.000000087999;8800.000000087999;8800.000000087999;10
2023-10-20;20/10/2023;8330.000000083299;8900.000000089;8330.000000083299;8900.000000089;470
2023-10-23;23/10/2023;8500.000000085;8500.000000085;8500.000000085;8500.000000085;20
2023-10-24;24/10/2023;8900.000000089;8900.000000089;8900.000000089;8900.000000089;0
2023-10-25;25/10/2023;9000.00000009;9000.00000009;9000.00000009;9000.00000009;990
2023-10-26;26/10/2023;8500.000000085;8500.000000085;8500.000000085;8500.000000085;0
2023-10-27;27/10/2023;8500.000000085;8500.000000085;8500.000000085;8500.000000085;30
2023-10-30;30/10/2023;8900.000000089;9000.00000009;8900.000000089;9000.00000009;1380
2023-10-31;31/10/2023;9000.00000009;9000.00000009;9000.00000009;9000.00000009;90
2023-11-01;01/11/2023;9000.00000009;9000.00000009;9000.00000009;9000.00000009;90
2023-11-02;02/11/2023;9000.00000009;9000.00000009;8980.0000000898;8980.0000000898;110
2023-11-06;06/11/2023;8969.000000089689;9000.00000009;8969.000000089689;9000.00000009;590
2023-11-07;07/11/2023;9000.00000009;9000.00000009;9000.00000009;9000.00000009;10
2023-11-08;08/11/2023;9000.00000009;9000.00000009;9000.00000009;9000.00000009;0
2023-11-09;09/11/2023;9000.00000009;9000.00000009;9000.00000009;9000.00000009;40
2023-11-10;10/11/2023;9000.00000009;9000.00000009;8500.000000085;8500.000000085;7130
2023-11-16;16/11/2023;8500.000000085;8950.0000000895;8500.000000085;8950.0000000895;50
2023-11-17;17/11/2023;8950.0000000895;8950.0000000895;8950.0000000895;8950.0000000895;0
2023-11-20;20/11/2023;8990.000000089898;9000.00000009;8990.000000089898;9000.00000009;90
2023-11-21;21/11/2023;8950.0000000895;9000.00000009;8950.0000000895;9000.00000009;200
2023-11-22;22/11/2023;8325.00000008325;9000.00000009;8325.00000008325;9000.00000009;890
2023-11-24;24/11/2023;9000.00000009;9000.00000009;9000.00000009;9000.00000009;20
2023-12-01;01/12/2023;8999.000000089989;8999.000000089989;8999.000000089989;8999.000000089989;10
2023-12-05;05/12/2023;8995.000000089949;8999.000000089989;8995.000000089949;8999.000000089989;30
2023-12-06;06/12/2023;9000.00000009;9000.00000009;9000.00000009;9000.00000009;240
2023-12-08;08/12/2023;9000.00000009;9000.00000009;9000.00000009;9000.00000009;20
2023-12-14;14/12/2023;8820.0000000882;9000.00000009;8820.0000000882;9000.00000009;30
2023-12-15;15/12/2023;9000.00000009;9000.00000009;9000.00000009;9000.00000009;40
2023-12-18;18/12/2023;8900.000000089;8900.000000089;8900.000000089;8900.000000089;0
2023-12-19;19/12/2023;8900.000000089;8900.000000089;8500.000000085;8500.000000085;7150
2023-12-20;20/12/2023;7900.000000079;8990.000000089898;7900.000000079;8990.000000089898;90
2023-12-22;22/12/2023;9000.00000009;9000.00000009;9000.00000009;9000.00000009;0
2023-12-25;25/12/2023;9000.00000009;9000.00000009;9000.00000009;9000.00000009;0
2023-12-26;26/12/2023;8330.000000083299;8849.500000088494;8330.000000083299;8849.500000088494;20
2023-12-27;27/12/2023;8850.0000000885;8850.0000000885;8850.0000000885;8850.0000000885;0
2023-12-28;28/12/2023;8330.000000083299;8700.000000087;8330.000000083299;8700.000000087;120
2024-01-02;02/01/2024;8700.000000087;9000.00000009;8700.000000087;9000.00000009;10
2024-01-04;04/01/2024;8950.0000000895;8950.0000000895;8950.0000000895;8950.0000000895;40
2024-01-11;11/01/2024;8800.000000087999;8800.000000087999;8800.000000087999;8800.000000087999;1590
2024-01-12;12/01/2024;8800.000000087999;8950.0000000895;8800.000000087999;8950.0000000895;100
2024-01-15;15/01/2024;8950.0000000895;8950.0000000895;8800.000000087999;8800.000000087999;120
2024-01-16;16/01/2024;8950.0000000895;8950.0000000895;8950.0000000895;8950.0000000895;30
2024-01-19;19/01/2024;8950.0000000895;8950.0000000895;8805.00000008805;8805.00000008805;130
2024-01-23;23/01/2024;8895.00000008895;8895.00000008895;8895.00000008895;8895.00000008895;40
2024-01-25;25/01/2024;8893.500000088934;8894.000000088938;8893.500000088934;8894.000000088938;10
2024-02-09;09/02/2024;8227.00000008227;8850.0000000885;8227.00000008227;8850.0000000885;280
2024-02-12;12/02/2024;8227.00000008227;8850.0000000885;8227.00000008227;8850.0000000885;280
2024-02-13;13/02/2024;8849.500000088494;8849.500000088494;8849.500000088494;8849.500000088494;0
2024-02-14;14/02/2024;8850.0000000885;8850.0000000885;8850.0000000885;8850.0000000885;60
2024-02-15;15/02/2024;8200.000000082;8894.000000088938;8200.000000082;8894.000000088938;50
2024-02-16;16/02/2024;8850.0000000885;8850.0000000885;8850.0000000885;8850.0000000885;0
2024-02-19;19/02/2024;8850.0000000885;8850.0000000885;8850.0000000885;8850.0000000885;10
2024-02-26;26/02/2024;8250.000000082498;8700.000000087;8250.000000082498;8700.000000087;110
2024-02-27;27/02/2024;8700.000000087;8700.000000087;8600.000000085998;8600.000000085998;100
2024-02-28;28/02/2024;8600.000000085998;8700.000000087;8600.000000085998;8700.000000087;110
2024-02-29;29/02/2024;8700.000000087;8800.000000087999;8700.000000087;8800.000000087999;40
2024-03-01;01/03/2024;8800.000000087999;8800.000000087999;8800.000000087999;8800.000000087999;10
2024-03-14;14/03/2024;8699.500000086995;8700.000000087;8699.500000086995;8700.000000087;10
2024-03-15;15/03/2024;8700.000000087;8700.000000087;8700.000000087;8700.000000087;190
2024-03-21;21/03/2024;8300.000000082999;8300.000000082999;8300.000000082999;8300.000000082999;90
2024-03-22;22/03/2024;8300.000000082999;8300.000000082999;8300.000000082999;8300.000000082999;360
2024-03-25;25/03/2024;8320.0000000832;8700.000000087;8320.0000000832;8700.000000087;80
2024-03-26;26/03/2024;8700.000000087;8700.000000087;8700.000000087;8700.000000087;0
2024-03-27;27/03/2024;8700.000000087;8700.000000087;8325.00000008325;8325.00000008325;620
2024-03-28;28/03/2024;8325.00000008325;8325.00000008325;8325.00000008325;8325.00000008325;10
2024-06-03;03/06/2024;8325.00000008325;8325.00000008325;8325.00000008325;8325.00000008325;0
2024-09-12;12/09/2024;8510.0000000851;8659.00000008659;8510.0000000851;8659.00000008659;110
2024-09-13;13/09/2024;9250.0000000925;9250.0000000925;8659.00000008659;8659.00000008659;420
2024-09-16;16/09/2024;8659.00000008659;8659.00000008659;8650.0000000865;8650.0000000865;700
2024-09-17;17/09/2024;8650.0000000865;8659.00000008659;8650.0000000865;8659.00000008659;190
2024-09-18;18/09/2024;8659.00000008659;8659.00000008659;8650.0000000865;8650.0000000865;170
2024-09-19;19/09/2024;8659.00000008659;8659.00000008659;8659.00000008659;8659.00000008659;450
2024-09-20;20/09/2024;8659.00000008659;9307.500000093074;8659.00000008659;9307.500000093074;790
2024-09-23;23/09/2024;9308.000000093078;9308.000000093078;9308.000000093078;9308.000000093078;760
2024-09-24;24/09/2024;9500.000000094999;9500.000000094999;9500.000000094999;9500.000000094999;130
2024-09-25;25/09/2024;9500.000000094999;9500.000000094999;9500.000000094999;9500.000000094999;160
2024-09-26;26/09/2024;9500.000000094999;9500.000000094999;9500.000000094999;9500.000000094999;370
2024-09-27;27/09/2024;9500.000000094999;10212.500000102124;9500.000000094999;10212.500000102124;70
2024-09-30;30/09/2024;10975;10975;10975;10975;125
2024-10-01;01/10/2024;11795;11795;11795;11795;3357
2024-10-02;02/10/2024;12675;12675;12005;12005;5938
2024-10-03;03/10/2024;12500;12905;12500;12905;4023
2024-10-04;04/10/2024;13870;13870;13505;13505;2002
2024-10-07;07/10/2024;14510;14510;14495;14495;1601
2024-10-08;08/10/2024;15510;15510;15505;15505;525
2024-10-09;09/10/2024;16665;16665;16600;16600;5455
2024-10-10;10/10/2024;17805;17805;17100;17100;5659
2024-10-11;11/10/2024;17845;18200;17845;18200;940
2024-10-14;14/10/2024;18190;18190;17000;17000;1391
2024-10-15;15/10/2024;16700;16700;15725;15725;951
2024-10-16;16/10/2024;14550;14995;14550;14995;3096
2024-10-17;17/10/2024;14995;14995;14590;14590;335
2024-10-18;18/10/2024;14500;14500;14000;14000;950
2024-10-21;21/10/2024;15000;15000;15000;15000;461
2024-10-22;22/10/2024;15000;16125;15000;16125;187
2024-10-23;23/10/2024;16125;16500;16125;16500;307
2024-10-24;24/10/2024;16500;16500;16500;16500;993
2024-10-25;25/10/2024;16500;16500;16500;16500;230
2024-10-28;28/10/2024;16495;16500;16495;16500;413
2024-10-29;29/10/2024;15500;15550;15500;15550;159
2024-10-30;30/10/2024;15500;15500;15500;15500;207
2024-10-31;31/10/2024;15500;15500;15500;15500;15
2024-11-01;01/11/2024;15500;15500;15500;15500;15
2024-11-04;04/11/2024;15395;15395;15395;15395;155
2024-11-05;05/11/2024;15395;15395;15050;15050;119
2024-11-06;06/11/2024;15295;15295;15000;15000;216
2024-11-07;07/11/2024;14995;14995;14495;14495;299
2024-11-08;08/11/2024;14495;14495;14200;14200;71
2024-11-11;11/11/2024;13995;13995;13200;13200;591
2024-11-12;12/11/2024;13195;13195;12210;12210;410
2024-11-13;13/11/2024;12000;12200;12000;12200;382
2024-11-14;14/11/2024;12200;12200;11700;11700;404
2024-11-15;15/11/2024;12200;12200;11700;11700;404
2024-11-18;18/11/2024;11700;11900;11700;11900;686
2024-11-19;19/11/2024;11900;12580;11900;12580;238
2024-11-20;20/11/2024;13520;13520;12950;12950;1082
2024-11-21;21/11/2024;13920;13920;13920;13920;141
2024-11-22;22/11/2024;14195;14960;14195;14960;273
2024-11-25;25/11/2024;14990;14990;14895;14895;199
2024-11-26;26/11/2024;14895;14895;14895;14895;92
2024-11-27;27/11/2024;14895;14895;14000;14000;136
2024-11-28;28/11/2024;14750;14750;13205;13205;267
2024-11-29;29/11/2024;13205;13255;13205;13255;105
2024-12-02;02/12/2024;14245;14245;14000;14000;79
2024-12-03;03/12/2024;14245;14990;14245;14990;167
2024-12-04;04/12/2024;14990;15050;14990;15050;176
2024-12-05;05/12/2024;14990;14990;13950;13950;10
2024-12-06;06/12/2024;14995;14995;14995;14995;31
2024-12-09;09/12/2024;14995;14995;14970;14970;24
2024-12-10;10/12/2024;14970;14970;14970;14970;77
2024-12-11;11/12/2024;14965;14965;14850;14850;303
2024-12-12;12/12/2024;13900;13900;13900;13900;87
2024-12-13;13/12/2024;13905;13905;13000;13000;131
2024-12-16;16/12/2024;13900;13900;13900;13900;10
2024-12-17;17/12/2024;13900;13900;13100;13100;516
2024-12-18;18/12/2024;13900;13900;13900;13900;133
2024-12-19;19/12/2024;13150;14000;13150;14000;499
2024-12-20;20/12/2024;14000;14000;14000;14000;4217
2024-12-23;23/12/2024;14000;14000;14000;14000;22
2024-12-24;24/12/2024;14000;14000;14000;14000;852
2024-12-25;25/12/2024;14000;14000;14000;14000;852
2024-12-26;26/12/2024;13900;13900;13900;13900;130
2024-12-27;27/12/2024;12860;12860;12860;12860;302
2024-12-30;30/12/2024;12900;12900;12900;12900;39
2024-12-31;31/12/2024;12955;12955;12950;12950;28
2025-01-01;01/01/2025;12955;12955;12950;12950;28
2025-01-02;02/01/2025;13000;13000;13000;13000;6
2025-01-03;03/01/2025;13920;13920;12950;12950;174
2025-01-06;06/01/2025;13910;13910;13900;13900;18
2025-01-07;07/01/2025;13900;13900;13700;13700;1122
2025-01-08;08/01/2025;14000;14000;13990;13990;91
2025-01-09;09/01/2025;13990;13990;13990;13990;72
2025-01-10;10/01/2025;13950;13950;13950;13950;4
2025-01-13;13/01/2025;13950;13950;13950;13950;87
2025-01-14;14/01/2025;13950;13950;13950;13950;87
2025-01-15;15/01/2025;13950;13950;13900;13900;58
2025-01-16;16/01/2025;13950;13950;13700;13700;284
2025-01-17;17/01/2025;13700;13700;13430;13430;113
2025-01-20;20/01/2025;13900;13950;13900;13950;310
2025-01-21;21/01/2025;13950;13950;13900;13900;21
2025-01-22;22/01/2025;13900;13900;12865;12865;395
2025-01-23;23/01/2025;12900;13500;12900;13500;60
2025-01-24;24/01/2025;13950;13950;12905;12905;205
2025-01-27;27/01/2025;13000;13000;13000;13000;90
2025-01-28;28/01/2025;13000;13945;13000;13945;237
2025-01-29;29/01/2025;13940;13940;13935;13935;46
2025-01-30;30/01/2025;13000;13005;13000;13005;126
2025-01-31;31/01/2025;13005;13500;13005;13500;43
2025-02-03;03/02/2025;13005;13800;13005;13800;100
2025-02-04;04/02/2025;13800;13900;13800;13900;152
2025-02-05;05/02/2025;13900;13900;13900;13900;98
2025-02-06;06/02/2025;13900;13900;13900;13900;93
2025-02-07;07/02/2025;13950;13950;13900;13900;48
2025-02-10;10/02/2025;13800;13900;13800;13900;111
2025-02-11;11/02/2025;14000;14000;13100;13100;166
2025-02-12;12/02/2025;14005;14005;14005;14005;124
2025-02-13;13/02/2025;14005;14005;14005;14005;21
2025-02-14;14/02/2025;14000;14000;14000;14000;24
2025-02-17;17/02/2025;14945;14945;14935;14935;29
2025-02-18;18/02/2025;14935;14935;14900;14900;129
2025-02-19;19/02/2025;14800;15000;14800;15000;120
2025-02-20;20/02/2025;14900;14900;14100;14100;51
2025-02-21;21/02/2025;15000;15000;14995;14995;320
2025-02-24;24/02/2025;15000;15000;15000;15000;102
2025-02-25;25/02/2025;14900;15000;14900;15000;123
2025-02-26;26/02/2025;14700;14700;14105;14105;33
2025-02-28;28/02/2025;14995;15000;14995;15000;154
2025-03-03;03/03/2025;15000;15000;14995;14995;39
2025-03-04;04/03/2025;15000;15000;14995;14995;37
2025-03-05;05/03/2025;14800;14800;14800;14800;13
2025-03-06;06/03/2025;14900;14900;14800;14800;19
2025-03-07;07/03/2025;14850;14850;14850;14850;855
2025-03-10;10/03/2025;14850;14850;14800;14800;74
2025-03-11;11/03/2025;14850;14850;14700;14700;891
2025-03-12;12/03/2025;14005;14700;14005;14700;16
2025-03-13;13/03/2025;14010;14010;14010;14010;440
2025-03-14;14/03/2025;14800;14800;14800;14800;19
2025-03-17;17/03/2025;14800;14800;14800;14800;1
2025-03-18;18/03/2025;14600;14600;14600;14600;61
2025-03-19;19/03/2025;14010;14600;14010;14600;216
2025-03-20;20/03/2025;14595;14595;14500;14500;109
2025-03-21;21/03/2025;14100;14500;14100;14500;27
2025-03-24;24/03/2025;14300;14500;14300;14500;60
2025-03-25;25/03/2025;14500;14500;14500;14500;29
2025-03-26;26/03/2025;14495;14495;14495;14495;72
2025-03-27;27/03/2025;14495;14495;14495;14495;72
2025-03-28;28/03/2025;14495;14495;14400;14400;56
2025-03-31;31/03/2025;14495;14495;14400;14400;56
2025-04-01;01/04/2025;14200;14500;14200;14500;914
2025-04-02;02/04/2025;14500;14500;13950;13950;153
2025-04-03;03/04/2025;14000;14495;14000;14495;62
2025-04-04;04/04/2025;14495;14495;14400;14400;29
2025-04-07;07/04/2025;14400;14400;14200;14200;27
2025-04-08;08/04/2025;14400;14500;14400;14500;320
2025-04-09;09/04/2025;14500;14500;14500;14500;12
2025-04-10;10/04/2025;14500;14500;14495;14495;56
2025-04-11;11/04/2025;14400;14400;14400;14400;15
2025-04-14;14/04/2025;14400;14400;13995;13995;35
2025-04-15;15/04/2025;14000;14000;13500;13500;53
2025-04-16;16/04/2025;14200;14200;14200;14200;231
2025-04-17;17/04/2025;14100;14195;14100;14195;161
2025-04-18;18/04/2025;14195;14195;14195;14195;231
2025-04-21;21/04/2025;14195;14195;14195;14195;231
2025-04-22;22/04/2025;14200;14200;14000;14000;145
2025-04-23;23/04/2025;14000;14000;14000;14000;192
2025-04-24;24/04/2025;12955;14000;12955;14000;185
2025-04-25;25/04/2025;14000;14000;14000;14000;27
2025-04-28;28/04/2025;14000;14000;13950;13950;32
2025-04-29;29/04/2025;13945;13945;13800;13800;66
2025-04-30;30/04/2025;13800;13800;13800;13800;1
2025-05-01;01/05/2025;13800;13800;13800;13800;1
2025-05-02;02/05/2025;13850;13850;13800;13800;19
2025-05-05;05/05/2025;13940;13945;13940;13945;168
2025-05-06;06/05/2025;13945;14000;13945;14000;80
2025-05-07;07/05/2025;13945;14500;13945;14500;1883
2025-05-08;08/05/2025;14800;14800;14800;14800;54
2025-05-09;09/05/2025;14800;14995;14800;14995;56
2025-05-12;12/05/2025;14995;14995;14995;14995;9
2025-05-13;13/05/2025;13875;14995;13875;14995;438
2025-05-14;14/05/2025;13885;14900;13885;14900;172
2025-05-15;15/05/2025;13885;14995;13885;14995;120
2025-05-16;16/05/2025;15000;15000;15000;15000;141
2025-05-19;19/05/2025;15000;15000;15000;15000;250
2025-05-20;20/05/2025;16000;16000;16000;16000;210
2025-05-21;21/05/2025;16005;17200;16005;17200;1791
2025-05-22;22/05/2025;17200;17200;17195;17195;35
2025-05-23;23/05/2025;17195;17195;17000;17000;489
2025-05-26;26/05/2025;15750;15750;15750;15750;209
2025-05-27;27/05/2025;15750;16900;15750;16900;85
2025-05-28;28/05/2025;16850;16900;16850;16900;1956
2025-05-29;29/05/2025;16850;16900;16850;16900;1956
2025-05-30;30/05/2025;16900;16900;16900;16900;33
2025-06-02;02/06/2025;16900;16900;16900;16900;52
2025-06-03;03/06/2025;16795;16900;16795;16900;450
2025-06-04;04/06/2025;16900;16900;16900;16900;35
2025-06-05;05/06/2025;16900;16900;16205;16205;38
2025-06-10;10/06/2025;15750;15765;15750;15765;122
2025-06-11;11/06/2025;15765;15805;15765;15805;55
2025-06-12;12/06/2025;15810;16975;15810;16975;49
2025-06-13;13/06/2025;16975;16975;16300;16300;92
2025-06-16;16/06/2025;16300;16975;16300;16975;56
2025-06-17;17/06/2025;16975;17200;16975;17200;1605
2025-06-18;18/06/2025;18490;18490;18480;18480;423
2025-06-19;19/06/2025;18480;18480;18400;18400;1781
2025-06-20;20/06/2025;18400;18400;18375;18375;22
2025-06-23;23/06/2025;18375;18375;18040;18040;49
2025-06-24;24/06/2025;18375;18375;18040;18040;8
2025-06-25;25/06/2025;18400;18400;18000;18000;110
2025-06-26;26/06/2025;19200;19200;16800;16800;8201
2025-06-27;27/06/2025;18000;18000;16815;16815;34
2025-06-30;30/06/2025;16815;16820;16815;16820;11
2025-07-01;01/07/2025;16900;16900;16820;16820;144
2025-07-02;02/07/2025;16820;17290;16820;17290;34
2025-07-03;03/07/2025;17290;17975;17290;17975;183
2025-07-04;04/07/2025;18000;19320;18000;19320;90
2025-07-07;07/07/2025;19320;19320;19315;19315;27
2025-07-08;08/07/2025;19310;19310;17870;17870;72
2025-07-09;09/07/2025;17870;17870;17000;17000;75
2025-07-10;10/07/2025;17870;17870;17000;17000;112
2025-07-11;11/07/2025;17870;18275;17870;18275;82
2025-07-14;14/07/2025;19195;19320;19195;19320;231
2025-07-15;15/07/2025;19320;19320;19000;19000;1448
2025-07-16;16/07/2025;19000;19000;18950;18950;260
2025-07-17;17/07/2025;19000;19000;18300;18300;351
2025-07-18;18/07/2025;18350;18400;18350;18400;40
2025-07-21;21/07/2025;18400;18400;18300;18300;35279
2025-07-22;22/07/2025;18300;18300;18300;18300;203
2025-07-23;23/07/2025;18300;19000;18300;19000;96
2025-07-24;24/07/2025;19000;19320;19000;19320;74
2025-07-25;25/07/2025;19000;19000;18600;18600;33
2025-07-28;28/07/2025;18600;18600;18500;18500;142
2025-07-29;29/07/2025;19000;19000;19000;19000;25
2025-07-30;30/07/2025;18950;19000;18950;19000;133
2025-07-31;31/07/2025;18990;18990;18600;18600;152
2025-08-01;01/08/2025;18005;18450;18005;18450;272
2025-08-04;04/08/2025;17500;18500;17500;18500;303
2025-08-05;05/08/2025;18000;18595;18000;18595;92
2025-08-06;06/08/2025;18600;18600;18600;18600;94
2025-08-07;07/08/2025;18600;18600;18600;18600;94
2025-08-08;08/08/2025;18600;18600;18600;18600;59
2025-08-11;11/08/2025;18700;18700;18000;18000;1046
2025-08-12;12/08/2025;18000;18000;17645;17645;165
2025-08-13;13/08/2025;18000;18000;18000;18000;104
2025-08-14;14/08/2025;17650;17650;17645;17645;90
2025-08-15;15/08/2025;17650;17650;17645;17645;90
2025-08-18;18/08/2025;18595;18595;17660;17660;25
2025-08-19;19/08/2025;18595;18595;18595;18595;177
2025-08-20;20/08/2025;17650;17655;17650;17655;78
2025-08-21;21/08/2025;18500;18500;18000;18000;9036
2025-08-22;22/08/2025;18500;18690;18500;18690;118
2025-08-25;25/08/2025;18685;18685;18500;18500;408
2025-08-26;26/08/2025;18745;18745;18745;18745;55
2025-08-27;27/08/2025;18745;18745;18745;18745;8
2025-08-28;28/08/2025;18735;18735;18730;18730;48
2025-08-29;29/08/2025;18745;18745;18740;18740;104
2025-09-01;01/09/2025;18740;18740;18700;18700;8
2025-09-02;02/09/2025;18700;18700;18700;18700;15
2025-09-03;03/09/2025;18690;18690;18680;18680;260
2025-09-04;04/09/2025;18690;18690;18680;18680;260
2025-09-05;05/09/2025;18680;18690;18680;18690;157
2025-09-08;08/09/2025;18690;18690;18600;18600;25
2025-09-09;09/09/2025;18600;18685;18600;18685;75
2025-09-10;10/09/2025;18600;18600;18600;18600;83
2025-09-11;11/09/2025;18600;18650;18600;18650;120
2025-09-12;12/09/2025;18600;18600;18530;18530;70
2025-09-15;15/09/2025;18670;18670;18670;18670;7
2025-09-16;16/09/2025;18670;18670;18665;18665;61
2025-09-17;17/09/2025;18665;18665;18665;18665;27
2025-09-18;18/09/2025;18665;18665;18665;18665;209
2025-09-19;19/09/2025;18665;18675;18665;18675;115
2025-09-22;22/09/2025;18675;18675;18675;18675;569
2025-09-23;23/09/2025;18675;18675;18575;18575;36
2025-09-24;24/09/2025;18575;18575;18000;18000;102
2025-09-25;25/09/2025;18000;18100;18000;18100;86
2025-09-26;26/09/2025;18200;18450;18200;18450;133
2025-09-29;29/09/2025;18100;18100;18100;18100;210
2025-09-30;30/09/2025;18450;18450;18000;18000;417
2025-10-01;01/10/2025;18000;18000;18000;18000;32
2025-10-02;02/10/2025;18000;18000;17505;17505;47
2025-10-03;03/10/2025;17800;17800;17800;17800;52
2025-10-06;06/10/2025;17800;18500;17800;18500;298
2025-10-07;07/10/2025;18500;18550;18500;18550;45
2025-10-08;08/10/2025;18550;18550;18550;18550;35
2025-10-09;09/10/2025;18550;19215;18550;19215;233
2025-10-10;10/10/2025;19295;19295;18500;18500;64
2025-10-13;13/10/2025;19300;19300;17800;17800;145
2025-10-14;14/10/2025;17810;17850;17810;17850;41173
2025-10-15;15/10/2025;19180;19185;19180;19185;265
2025-10-16;16/10/2025;19355;19355;19185;19185;161
2025-10-17;17/10/2025;17800;19500;17800;19500;917
2025-10-20;20/10/2025;19500;19500;19450;19450;58
2025-10-21;21/10/2025;19500;19500;18000;18000;213
2025-10-22;22/10/2025;18000;18005;18000;18005;63
2025-10-23;23/10/2025;19300;19300;18005;18005;102
2025-10-24;24/10/2025;19000;19000;18010;18010;100
2025-10-27;27/10/2025;17800;18500;17800;18500;409
2025-10-28;28/10/2025;19000;19000;18500;18500;66
2025-10-29;29/10/2025;19885;19885;19885;19885;79
2025-10-30;30/10/2025;21375;21375;21375;21375;97
2025-10-31;31/10/2025;22975;22975;22975;22975;20973
2025-11-03;03/11/2025;24695;24695;24695;24695;352
2025-11-04;04/11/2025;24675;25000;24675;25000;731
2025-11-05;05/11/2025;25000;25000;24995;24995;123
2025-11-06;06/11/2025;24990;24990;24000;24000;346
2025-11-07;07/11/2025;24500;24500;24500;24500;0
2025-11-10;10/11/2025;24500;25000;24500;25000;665
2025-11-11;11/11/2025;25000;25000;24700;24700;444
2025-11-12;12/11/2025;24700;24900;24700;24900;311
2025-11-13;13/11/2025;24500;24995;24500;24995;255
2025-11-14;14/11/2025;24900;24995;24900;24995;161
2025-11-17;17/11/2025;24900;25005;24900;25005;340
2025-11-18;18/11/2025;25245;26850;25245;26850;84
2025-11-19;19/11/2025;28860;28860;28860;28860;939
2025-11-20;20/11/2025;28500;28500;28500;28500;569
2025-11-21;21/11/2025;28500;28500;27005;27005;229
2025-11-24;24/11/2025;27005;28000;27005;28000;127
2025-11-25;25/11/2025;28000;28000;27010;27010;398
2025-11-26;26/11/2025;28000;28000;28000;28000;9813
2025-11-27;27/11/2025;27995;27995;27500;27500;532
2025-11-28;28/11/2025;27995;27995;27100;27100;146
2025-12-01;01/12/2025;27500;28000;27500;28000;109
2025-12-02;02/12/2025;28000;28000;28000;28000;678
2025-12-03;03/12/2025;27995;28000;27995;28000;184
2025-12-04;04/12/2025;28000;28000;28000;28000;894
2025-12-05;05/12/2025;28500;28500;28000;28000;954
2025-12-08;08/12/2025;28000;28100;28000;28100;400
2025-12-09;09/12/2025;28100;28200;28100;28200;291
2025-12-10;10/12/2025;28100;28100;28005;28005;808
2025-12-11;11/12/2025;28200;28200;26125;26125;1109
2025-12-12;12/12/2025;27900;27900;26700;26700;656
2025-12-15;15/12/2025;28000;28700;28000;28700;218
2025-12-16;16/12/2025;28150;28860;28150;28860;162
2025-12-17;17/12/2025;28860;28860;28850;28850;298
2025-12-18;18/12/2025;28900;28900;28800;28800;156
2025-12-19;19/12/2025;28800;28800;28800;28800;148
2025-12-22;22/12/2025;29990;29990;28800;28800;262
2025-12-23;23/12/2025;29980;29980;28800;28800;219
2025-12-24;24/12/2025;29980;29980;28010;28010;136
2025-12-25;25/12/2025;29980;29980;28010;28010;136
2025-12-26;26/12/2025;29980;29980;28975;28975;40
2025-12-29;29/12/2025;28975;28975;28595;28595;188
2025-12-30;30/12/2025;28595;28595;28500;28500;212
2025-12-31;31/12/2025;28900;28900;28900;28900;79
2026-01-01;01/01/2026;28900;28900;28900;28900;79
2026-01-02;02/01/2026;28500;28500;28500;28500;157
2026-01-05;05/01/2026;26800;28800;26800;28800;324
2026-01-06;06/01/2026;28800;28800;27505;27505;99
2026-01-07;07/01/2026;28780;28780;27500;27500;528
2026-01-08;08/01/2026;27500;28850;27500;28850;437
2026-01-09;09/01/2026;28860;28860;27600;27600;76
2026-01-12;12/01/2026;28850;29450;28850;29450;39
2026-01-13;13/01/2026;29400;29400;28865;28865;742
2026-01-14;14/01/2026;29400;29400;29295;29295;210
2026-01-15;15/01/2026;29000;29000;27620;27620;171
2026-01-16;16/01/2026;29000;29300;29000;29300;103
2026-01-19;19/01/2026;29295;29300;29295;29300;342
2026-01-20;20/01/2026;29300;29300;27770;27770;83
2026-01-21;21/01/2026;28990;28990;28300;28300;407
2026-01-22;22/01/2026;28310;28310;28300;28300;543
2026-01-23;23/01/2026;28500;28500;28295;28295;750
2026-01-26;26/01/2026;28000;28295;28000;28295;342
2026-01-27;27/01/2026;28295;28295;28200;28200;3923
2026-01-28;28/01/2026;28500;28500;28000;28000;1000
2026-01-29;29/01/2026;28500;28500;28000;28000;4309
2026-01-30;30/01/2026;29000;29000;28000;28000;1866
2026-02-02;02/02/2026;27855;28000;27855;28000;2385
2026-02-03;03/02/2026;28000;28000;27990;27990;688
2026-02-04;04/02/2026;28800;28800;28000;28000;279
2026-02-05;05/02/2026;29000;29000;28000;28000;934
2026-02-06;06/02/2026;28800;28855;28800;28855;312
2026-02-09;09/02/2026;28865;28865;28865;28865;663
2026-02-10;10/02/2026;28920;30100;28920;30100;324
2026-02-11;11/02/2026;30000;30000;30000;30000;982
2026-02-12;12/02/2026;30000;30650;30000;30650;245
2026-02-13;13/02/2026;30650;31020;30650;31020;152
2026-02-16;16/02/2026;31020;31030;31020;31030;237
2026-02-17;17/02/2026;32495;32495;32495;32495;869
2026-02-18;18/02/2026;32505;34000;32505;34000;209
2026-02-19;19/02/2026;34000;34000;33065;33065;645
2026-02-20;20/02/2026;35540;35540;35540;35540;217
2026-02-23;23/02/2026;36000;36000;35540;35540;664
2026-02-24;24/02/2026;36455;36455;35540;35540;206
2026-02-25;25/02/2026;35600;38205;35600;38205;638
2026-02-26;26/02/2026;39995;41000;39995;41000;1003
2026-02-27;27/02/2026;44075;44075;44075;44075;279
2026-03-02;02/03/2026;44075;44505;44075;44505;682
2026-03-03;03/03/2026;44600;44600;44150;44150;1534
2026-03-04;04/03/2026;44050;44050;40840;40840;1778
2026-03-05;05/03/2026;40000;40000;38500;38500;814
2026-03-06;06/03/2026;38200;38200;35705;35705;1078
2026-03-09;09/03/2026;35750;38380;35750;38380;333
2026-03-10;10/03/2026;39050;39050;39015;39015;572
2026-03-11;11/03/2026;40700;40700;39500;39500;620
2026-03-12;12/03/2026;38790;39500;38790;39500;216
2026-03-13;13/03/2026;39500;39510;39500;39510;183
2026-03-16;16/03/2026;39500;39510;39500;39510;183
2026-03-17;17/03/2026;39510;39510;39505;39505;366
2026-03-18;18/03/2026;39505;39505;39000;39000;297
2026-03-19;19/03/2026;39000;39200;39000;39200;185
2026-03-20;20/03/2026;39000;39200;39000;39200;185
2026-03-23;23/03/2026;40000;40000;38920;38920;274
2026-03-24;24/03/2026;39100;39100;39000;39000;218
2026-03-25;25/03/2026;39000;39000;38950;38950;86
2026-03-26;26/03/2026;38950;39000;38950;39000;52
2026-03-27;27/03/2026;38900;38900;38800;38800;138
2026-03-30;30/03/2026;38920;38920;38700;38700;977
2026-03-31;31/03/2026;38700;39000;38700;39000;2047
2026-04-01;01/04/2026;39100;39100;39000;39000;170
2026-04-02;02/04/2026;39000;39000;38850;38850;62
2026-04-03;03/04/2026;38900;38900;38900;38900;37
2026-04-06;06/04/2026;38900;38900;38900;38900;37
2026-04-07;07/04/2026;38950;38950;38000;38000;488
2026-04-08;08/04/2026;38500;38500;37500;37500;152
2026-04-09;09/04/2026;37500;37500;37500;37500;218
2026-04-10;10/04/2026;37200;37200;37200;37200;193
2026-04-13;13/04/2026;38000;38000;37200;37200;398
2026-04-14;14/04/2026;38500;38500;38395;38395;67
2026-04-15;15/04/2026;38395;39000;38395;39000;563
2026-04-16;16/04/2026;39985;39985;39985;39985;49
2026-04-17;17/04/2026;39895;39895;39800;39800;73
2026-04-20;20/04/2026;39700;39700;39190;39190;103
2026-04-21;21/04/2026;39190;39190;38500;38500;44
2026-04-22;22/04/2026;38500;38500;38000;38000;162
2026-04-23;23/04/2026;38000;39455;38000;39455;461
2026-04-24;24/04/2026;39000;39000;37500;37500;114
2026-04-27;27/04/2026;38500;38500;38000;38000;83
2026-04-28;28/04/2026;38000;38000;37000;37000;188
2026-04-29;29/04/2026;37100;37100;37000;37000;166
2026-04-30;30/04/2026;37000;37000;35540;35540;107
2026-05-01;01/05/2026;37000;37000;35540;35540;107
2026-05-04;04/05/2026;36000;37400;36000;37400;146
2026-05-05;05/05/2026;37000;37050;37000;37050;188
2026-05-06;06/05/2026;37400;37500;37400;37500;72
2026-05-07;07/05/2026;37500;37500;37500;37500;154
2026-05-08;08/05/2026;37500;37500;37500;37500;118
2026-05-11;11/05/2026;38000;38000;37900;37900;72
2026-05-12;12/05/2026;37900;37900;37500;37500;453
2026-05-13;13/05/2026;38000;38000;37995;37995;68
2026-05-14;14/05/2026;38000;38000;37995;37995;68
2026-05-15;15/05/2026;38000;38000;37900;37900;148
2026-05-18;18/05/2026;37900;37900;37900;37900;245
2026-05-19;19/05/2026;37895;37895;37505;37505;121
2026-05-20;20/05/2026;37800;37800;37800;37800;1771
2026-05-21;21/05/2026;37945;37945;37945;37945;5027
2026-05-22;22/05/2026;37945;37945;37945;37945;458
2026-05-25;25/05/2026;37945;37945;37945;37945;458
2026-05-26;26/05/2026;37950;38010;37950;38010;251
2026-05-27;27/05/2026;37950;38010;37950;38010;251
2026-05-28;28/05/2026;38900;38945;38900;38945;108
2026-05-29;29/05/2026;39000;39000;38500;38500;473
2026-06-01;01/06/2026;40295;40295;38000;38000;476
2026-06-02;02/06/2026;38000;39300;38000;39300;967
2026-06-03;03/06/2026;38005;39000;38005;39000;207
2026-06-04;04/06/2026;39300;39300;38980;38980;209
2026-06-05;05/06/2026;38900;38900;38500;38500;253
2026-06-08;08/06/2026;38500;38500;38020;38020;244
2026-06-09;09/06/2026;38015;38015;37005;37005;2379
2026-06-10;10/06/2026;38020;38020;38010;38010;214
2026-06-11;11/06/2026;39485;39485;38500;38500;779
2026-06-12;12/06/2026;39490;39490;39000;39000;238
2026-06-15;15/06/2026;38995;38995;38900;38900;224
2026-06-16;16/06/2026;38900;39000;38900;39000;80
2026-06-17;17/06/2026;39000;39000;39000;39000;1748
2026-06-18;18/06/2026;39000;39000;39000;39000;380
2026-06-19;19/06/2026;39000;39000;38800;38800;479
2026-06-22;22/06/2026;39000;39000;38900;38900;7622
2026-06-23;23/06/2026;38800;38800;38100;38100;458
2026-06-24;24/06/2026;38100;38495;38100;38495;326
2026-06-25;25/06/2026;38495;38500;38495;38500;274
2026-06-26;26/06/2026;38600;38600;38350;38350;263
2026-06-29;29/06/2026;38350;38795;38350;38795;367
2026-06-30;30/06/2026;39000;39000;38950;38950;207
2026-07-01;01/07/2026;38950;38950;38900;38900;951
2026-07-02;02/07/2026;38800;39000;38800;39000;769
2026-07-03;03/07/2026;39100;39200;39100;39200;88
2026-07-06;06/07/2026;39200;39900;39200;39900;572
2026-07-07;07/07/2026;39900;41500;39900;41500;539
2026-07-08;08/07/2026;41000;41000;39900;39900;130
2026-07-09;09/07/2026;41500;41500;40100;40100;21062
2026-07-10;10/07/2026;40100;40100;39910;39910;89
2026-07-13;13/07/2026;40000;40000;39100;39100;166
2026-07-14;14/07/2026;41500;41500;39105;39105;153
2026-07-15;15/07/2026;39105;39900;39105;39900;1268
2026-07-16;16/07/2026;39900;39900;39115;39115;188
2026-07-17;17/07/2026;40995;40995;39155;39155;148
2026-07-20;20/07/2026;40900;40900;39005;39005;343
2026-07-21;21/07/2026;39155;39155;38995;38995;1171
2026-07-22;22/07/2026;39100;39100;38995;38995;8608
2026-07-23;23/07/2026;38900;41095;38900;41095;179
