date_iso;date_fr;open;high;low;close;volume
2006-07-10;10/07/2006;8500;8500;8500;8500;1315
2006-07-11;11/07/2006;8500;8500;8500;8500;1700
2006-07-12;12/07/2006;8000;8000;8000;8000;771
2006-07-13;13/07/2006;8000;8000;8000;8000;1441
2006-07-14;14/07/2006;8200;8200;8200;8200;3418
2006-07-17;17/07/2006;8500;8500;8500;8500;1244
2006-07-18;18/07/2006;8500;8500;8500;8500;2353
2006-07-19;19/07/2006;8500;8500;8500;8500;347
2006-07-20;20/07/2006;8500;8500;8500;8500;724
2006-07-21;21/07/2006;8500;8500;8500;8500;1307
2006-07-24;24/07/2006;8500;8500;8500;8500;571
2006-07-25;25/07/2006;8500;8500;8500;8500;639
2006-07-26;26/07/2006;8500;8500;8500;8500;471
2006-07-27;27/07/2006;8500;8500;8500;8500;663
2006-07-28;28/07/2006;8500;8500;8500;8500;294
2006-07-31;31/07/2006;8500;8500;8500;8500;276
2006-08-01;01/08/2006;8500;8500;8500;8500;360
2006-08-02;02/08/2006;8500;8500;8500;8500;91
2006-08-03;03/08/2006;8500;8500;8500;8500;455
2006-08-04;04/08/2006;8500;8500;8500;8500;8372
2006-08-08;08/08/2006;8500;8500;8500;8500;110
2006-08-09;09/08/2006;8500;8500;8500;8500;331
2006-08-10;10/08/2006;8500;8500;8500;8500;739
2006-08-11;11/08/2006;8500;8500;8500;8500;216
2006-08-14;14/08/2006;8500;8500;8500;8500;123
2006-08-16;16/08/2006;8500;8500;8500;8500;1234
2006-08-17;17/08/2006;8450;8450;8450;8450;732
2006-08-18;18/08/2006;8500;8500;8500;8500;6990
2006-08-21;21/08/2006;8500;8500;8500;8500;2181
2006-08-22;22/08/2006;8500;8500;8500;8500;29
2006-08-23;23/08/2006;8500;8500;8500;8500;1697
2006-08-24;24/08/2006;8500;8500;8500;8500;274
2006-08-25;25/08/2006;9050;9050;9050;9050;176388
2006-08-28;28/08/2006;9050;9050;9050;9050;961
2006-08-29;29/08/2006;9050;9050;9050;9050;707
2006-08-30;30/08/2006;9050;9050;9050;9050;35
2006-08-31;31/08/2006;9050;9050;9050;9050;1169
2006-09-01;01/09/2006;9000;9000;9000;9000;169
2006-09-04;04/09/2006;9000;9000;9000;9000;17000
2006-09-05;05/09/2006;9000;9000;9000;9000;423
2006-09-06;06/09/2006;8900;8900;8900;8900;394
2006-09-07;07/09/2006;8900;8900;8900;8900;150
2006-09-08;08/09/2006;8900;8900;8900;8900;349
2006-09-11;11/09/2006;8900;8900;8900;8900;509
2006-09-12;12/09/2006;8850;8850;8850;8850;515
2006-09-13;13/09/2006;8850;8850;8850;8850;207
2006-09-14;14/09/2006;8850;8850;8850;8850;260
2006-09-15;15/09/2006;8850;8850;8850;8850;993
2006-09-18;18/09/2006;8850;8850;8850;8850;350
2006-09-19;19/09/2006;8800;8800;8800;8800;307
2006-09-20;20/09/2006;8800;8800;8800;8800;167
2006-09-21;21/09/2006;8800;8800;8800;8800;11097
2006-09-22;22/09/2006;8800;8800;8800;8800;1212
2006-09-25;25/09/2006;8800;8800;8800;8800;263
2006-09-26;26/09/2006;8800;8800;8800;8800;272
2006-09-27;27/09/2006;8800;8800;8800;8800;794
2006-09-28;28/09/2006;8800;8800;8800;8800;552
2006-09-29;29/09/2006;8800;8800;8800;8800;623
2006-10-02;02/10/2006;8800;8800;8800;8800;165
2006-10-04;04/10/2006;8800;8800;8800;8800;745
2006-10-06;06/10/2006;8800;8800;8800;8800;2503
2006-10-09;09/10/2006;8800;8800;8800;8800;2530
2006-10-10;10/10/2006;8800;8800;8800;8800;1248
2006-10-12;12/10/2006;8800;8800;8800;8800;678
2006-10-13;13/10/2006;9000;9000;9000;9000;1077
2006-10-16;16/10/2006;9200;9200;9200;9200;4409
2006-10-17;17/10/2006;8851;8851;8851;8851;231
2006-10-18;18/10/2006;9000;9000;9000;9000;77
2006-10-20;20/10/2006;9000;9000;9000;9000;898
2006-10-24;24/10/2006;9000;9000;9000;9000;11
2006-10-25;25/10/2006;9000;9000;9000;9000;126
2006-10-26;26/10/2006;8900;8900;8900;8900;1251
2006-10-27;27/10/2006;9000;9000;9000;9000;1426
2006-10-30;30/10/2006;9000;9000;9000;9000;324
2006-10-31;31/10/2006;8900;8900;8900;8900;434
2006-11-02;02/11/2006;8900;8900;8900;8900;3
2006-11-03;03/11/2006;9000;9000;9000;9000;2655
2006-11-06;06/11/2006;9000;9000;9000;9000;389
2006-11-07;07/11/2006;9000;9000;9000;9000;373
2006-11-08;08/11/2006;9050;9050;9050;9050;308
2006-11-09;09/11/2006;8900;8900;8900;8900;861
2006-11-10;10/11/2006;9050;9050;9050;9050;523
2006-11-13;13/11/2006;9000;9000;9000;9000;2499
2006-11-14;14/11/2006;9050;9050;9050;9050;415
2006-11-16;16/11/2006;9050;9050;9050;9050;440
2006-11-17;17/11/2006;9200;9200;9200;9200;495
2006-11-20;20/11/2006;9200;9200;9200;9200;340
2006-11-21;21/11/2006;9205;9205;9205;9205;675
2006-11-22;22/11/2006;9205;9205;9205;9205;1274
2006-11-23;23/11/2006;9230;9230;9230;9230;905
2006-11-24;24/11/2006;9110;9110;9110;9110;555
2006-11-27;27/11/2006;9150;9150;9150;9150;391
2006-11-28;28/11/2006;9150;9150;9150;9150;932
2006-11-29;29/11/2006;9160;9160;9160;9160;513
2006-11-30;30/11/2006;9210;9210;9210;9210;118
2006-12-01;01/12/2006;9200;9200;9200;9200;260
2006-12-04;04/12/2006;9150;9150;9150;9150;101
2006-12-05;05/12/2006;9210;9210;9210;9210;420
2006-12-06;06/12/2006;9200;9200;9200;9200;183
2006-12-07;07/12/2006;9200;9200;9200;9200;390
2006-12-08;08/12/2006;9200;9200;9200;9200;313
2006-12-11;11/12/2006;9200;9200;9200;9200;157
2006-12-12;12/12/2006;9200;9200;9200;9200;221
2006-12-13;13/12/2006;9200;9200;9200;9200;1402
2006-12-14;14/12/2006;9150;9150;9150;9150;347
2006-12-15;15/12/2006;9200;9200;9200;9200;35
2006-12-18;18/12/2006;9150;9150;9150;9150;145
2006-12-19;19/12/2006;9150;9150;9150;9150;82
2006-12-20;20/12/2006;9150;9150;9150;9150;47
2006-12-21;21/12/2006;9150;9150;9150;9150;229
2006-12-22;22/12/2006;9150;9150;9150;9150;697
2006-12-26;26/12/2006;9150;9150;9150;9150;1903
2006-12-27;27/12/2006;9300;9300;9300;9300;6897
2006-12-28;28/12/2006;9150;9150;9150;9150;107
2006-12-29;29/12/2006;9100;9100;9100;9100;10
2007-01-02;02/01/2007;9100;9100;9100;9100;100
2007-01-03;03/01/2007;9100;9100;9100;9100;85
2007-01-04;04/01/2007;9100;9100;9100;9100;294
2007-01-05;05/01/2007;9100;9100;9100;9100;14
2007-01-10;10/01/2007;9100;9100;9100;9100;1135
2007-01-11;11/01/2007;9100;9100;9100;9100;4720
2007-01-12;12/01/2007;9101;9101;9101;9101;86
2007-01-16;16/01/2007;9100;9100;9100;9100;8
2007-01-17;17/01/2007;9150;9150;9150;9150;669
2007-01-18;18/01/2007;9150;9150;9150;9150;460
2007-01-19;19/01/2007;9200;9200;9200;9200;6601
2007-01-22;22/01/2007;9150;9150;9150;9150;688
2007-01-23;23/01/2007;9200;9200;9200;9200;1307
2007-01-24;24/01/2007;9150;9150;9150;9150;140
2007-01-25;25/01/2007;9150;9150;9150;9150;37
2007-01-26;26/01/2007;9050;9050;9050;9050;94
2007-01-29;29/01/2007;9200;9200;9200;9200;213
2007-01-31;31/01/2007;9200;9200;9200;9200;233
2007-02-01;01/02/2007;9200;9200;9200;9200;150
2007-02-02;02/02/2007;9200;9200;9200;9200;417
2007-02-05;05/02/2007;9202;9202;9202;9202;761
2007-02-06;06/02/2007;9202;9202;9202;9202;1198
2007-02-07;07/02/2007;9211;9211;9211;9211;449
2007-02-08;08/02/2007;9215;9215;9215;9215;60
2007-02-09;09/02/2007;9225;9225;9225;9225;220
2007-02-12;12/02/2007;9400;9400;9400;9400;404
2007-02-13;13/02/2007;9430;9430;9430;9430;455
2007-02-14;14/02/2007;9432;9432;9432;9432;1312
2007-02-15;15/02/2007;9460;9460;9460;9460;645
2007-02-16;16/02/2007;9800;9800;9800;9800;570
2007-02-19;19/02/2007;9805;9805;9805;9805;891
2007-02-20;20/02/2007;9820;9820;9820;9820;612
2007-02-21;21/02/2007;9820;9820;9820;9820;60
2007-02-22;22/02/2007;10000;10000;10000;10000;531
2007-02-23;23/02/2007;10001;10001;10001;10001;733
2007-02-26;26/02/2007;10025;10025;10025;10025;389
2007-02-27;27/02/2007;10040;10040;10040;10040;431
2007-02-28;28/02/2007;10042;10042;10042;10042;268
2007-03-01;01/03/2007;10042;10042;10042;10042;651
2007-03-02;02/03/2007;10040;10040;10040;10040;46
2007-03-07;07/03/2007;10000;10000;10000;10000;116
2007-03-08;08/03/2007;10000;10000;10000;10000;228
2007-03-09;09/03/2007;9800;9800;9800;9800;100
2007-03-12;12/03/2007;10000;10000;10000;10000;570
2007-03-13;13/03/2007;9900;9900;9900;9900;530
2007-03-14;14/03/2007;10000;10000;10000;10000;257
2007-03-15;15/03/2007;10000;10000;10000;10000;609
2007-03-16;16/03/2007;10020;10020;10020;10020;135
2007-03-19;19/03/2007;10100;10100;10100;10100;752
2007-03-20;20/03/2007;10100;10100;10100;10100;315
2007-03-21;21/03/2007;10100;10100;10100;10100;262
2007-03-22;22/03/2007;10100;10100;10100;10100;245
2007-03-23;23/03/2007;10500;10500;10500;10500;25
2007-03-26;26/03/2007;10100;10100;10100;10100;172
2007-03-27;27/03/2007;10100;10100;10100;10100;160
2007-03-28;28/03/2007;10100;10100;10100;10100;88
2007-03-30;30/03/2007;10000;10000;10000;10000;113
2007-04-02;02/04/2007;9900;9900;9900;9900;1283
2007-04-03;03/04/2007;10000;10000;10000;10000;1544
2007-04-04;04/04/2007;10001;10001;10001;10001;1276
2007-04-05;05/04/2007;10100;10100;10100;10100;85
2007-04-06;06/04/2007;10100;10100;10100;10100;99
2007-04-10;10/04/2007;10100;10100;10100;10100;70
2007-04-11;11/04/2007;10000;10000;10000;10000;192
2007-04-12;12/04/2007;10000;10000;10000;10000;1759
2007-04-13;13/04/2007;10100;10100;10100;10100;454
2007-04-16;16/04/2007;10101;10101;10101;10101;17
2007-04-17;17/04/2007;10140;10140;10140;10140;208
2007-04-18;18/04/2007;10156;10156;10156;10156;136
2007-04-19;19/04/2007;10200;10200;10200;10200;824
2007-04-20;20/04/2007;10200;10200;10200;10200;26
2007-04-23;23/04/2007;10200;10200;10200;10200;115
2007-04-24;24/04/2007;10200;10200;10200;10200;18894
2007-04-25;25/04/2007;10200;10200;10200;10200;667
2007-04-26;26/04/2007;10111;10111;10111;10111;50
2007-04-30;30/04/2007;10000;10000;10000;10000;55
2007-05-02;02/05/2007;10000;10000;10000;10000;1030
2007-05-03;03/05/2007;9900;9900;9900;9900;34
2007-05-04;04/05/2007;10000;10000;10000;10000;700
2007-05-07;07/05/2007;10000;10000;10000;10000;500
2007-05-08;08/05/2007;9900;9900;9900;9900;250
2007-05-09;09/05/2007;10000;10000;10000;10000;2317
2007-05-10;10/05/2007;10000;10000;10000;10000;2224
2007-05-11;11/05/2007;10000;10000;10000;10000;466
2007-05-14;14/05/2007;10000;10000;10000;10000;477
2007-05-15;15/05/2007;10000;10000;10000;10000;94
2007-05-16;16/05/2007;10000;10000;10000;10000;1066
2007-05-18;18/05/2007;10100;10100;10100;10100;20
2007-05-21;21/05/2007;10100;10100;10100;10100;339
2007-05-22;22/05/2007;10101;10101;10101;10101;552
2007-05-23;23/05/2007;10200;10200;10200;10200;461
2007-05-24;24/05/2007;10225;10225;10225;10225;533
2007-05-25;25/05/2007;10500;10500;10500;10500;622
2007-05-29;29/05/2007;10500;10500;10500;10500;3
2007-05-30;30/05/2007;10500;10500;10500;10500;887
2007-05-31;31/05/2007;10800;10800;10800;10800;100
2007-06-01;01/06/2007;11500;11500;11500;11500;373
2007-06-04;04/06/2007;11500;11500;11500;11500;35
2007-06-05;05/06/2007;11500;11500;11500;11500;676
2007-06-06;06/06/2007;11500;11500;11500;11500;1113
2007-06-07;07/06/2007;11500;11500;11500;11500;568
2007-06-08;08/06/2007;11500;11500;11500;11500;4
2007-06-11;11/06/2007;11500;11500;11500;11500;769
2007-06-12;12/06/2007;11500;11500;11500;11500;16233
2007-06-13;13/06/2007;11500;11500;11500;11500;7097
2007-06-14;14/06/2007;11500;11500;11500;11500;2806
2007-06-15;15/06/2007;11501;11501;11501;11501;760
2007-06-18;18/06/2007;11510;11510;11510;11510;91
2007-06-19;19/06/2007;11511;11511;11511;11511;391
2007-06-20;20/06/2007;11601;11601;11601;11601;275
2007-06-21;21/06/2007;11620;11620;11620;11620;551
2007-06-22;22/06/2007;11621;11621;11621;11621;262
2007-06-25;25/06/2007;11750;11750;11750;11750;433
2007-06-26;26/06/2007;11850;11850;11850;11850;169
2007-06-27;27/06/2007;12000;12000;12000;12000;762
2007-06-28;28/06/2007;12000;12000;12000;12000;31504
2007-06-29;29/06/2007;12200;12200;12200;12200;582
2007-07-02;02/07/2007;12000;12000;12000;12000;420
2007-07-03;03/07/2007;12200;12200;12200;12200;381
2007-07-04;04/07/2007;12200;12200;12200;12200;663
2007-07-05;05/07/2007;12200;12200;12200;12200;309
2007-07-06;06/07/2007;12200;12200;12200;12200;1155
2007-07-09;09/07/2007;12200;12200;12200;12200;474
2007-07-10;10/07/2007;12200;12200;12200;12200;336
2007-07-11;11/07/2007;12200;12200;12200;12200;165
2007-07-12;12/07/2007;12200;12200;12200;12200;320
2007-07-13;13/07/2007;12200;12200;12200;12200;637
2007-07-16;16/07/2007;12200;12200;12200;12200;115
2007-07-17;17/07/2007;12250;12250;12250;12250;565
2007-07-18;18/07/2007;12251;12251;12251;12251;1042
2007-07-19;19/07/2007;12500;12500;12500;12500;721
2007-07-20;20/07/2007;12500;12500;12500;12500;3813
2007-07-23;23/07/2007;12600;12600;12600;12600;32
2007-07-24;24/07/2007;13000;13000;13000;13000;2372
2007-07-25;25/07/2007;13500;13500;13500;13500;88
2007-07-26;26/07/2007;13500;13500;13500;13500;137
2007-07-27;27/07/2007;13500;13500;13500;13500;45
2007-07-31;31/07/2007;14000;14000;14000;14000;243
2007-08-01;01/08/2007;14000;14000;14000;14000;574
2007-08-02;02/08/2007;14000;14000;14000;14000;221
2007-08-03;03/08/2007;14000;14000;14000;14000;932
2007-08-08;08/08/2007;14000;14000;14000;14000;819
2007-08-09;09/08/2007;14000;14000;14000;14000;103
2007-08-10;10/08/2007;14000;14000;14000;14000;313
2007-08-13;13/08/2007;14000;14000;14000;14000;285
2007-08-14;14/08/2007;15000;15000;15000;15000;339
2007-08-16;16/08/2007;15000;15000;15000;15000;180
2007-08-17;17/08/2007;15000;15000;15000;15000;3220
2007-08-20;20/08/2007;15000;15000;15000;15000;5129
2007-08-21;21/08/2007;15300;15300;15300;15300;6490
2007-08-22;22/08/2007;15400;15400;15400;15400;1532
2007-08-23;23/08/2007;15502;15502;15502;15502;434
2007-08-24;24/08/2007;15500;15500;15500;15500;40597
2007-08-27;27/08/2007;16125;16125;16125;16125;7000
2007-08-28;28/08/2007;16000;16000;16000;16000;967
2007-08-29;29/08/2007;16000;16000;16000;16000;989
2007-08-30;30/08/2007;16000;16000;16000;16000;11
2007-08-31;31/08/2007;16500;16500;16500;16500;1005
2007-09-03;03/09/2007;16500;16500;16500;16500;296
2007-09-04;04/09/2007;16500;16500;16500;16500;94
2007-09-05;05/09/2007;16500;16500;16500;16500;11
2007-09-06;06/09/2007;16500;16500;16500;16500;105
2007-09-07;07/09/2007;16500;16500;16500;16500;18
2007-09-10;10/09/2007;16500;16500;16500;16500;77
2007-09-11;11/09/2007;16400;16400;16400;16400;24
2007-09-12;12/09/2007;16400;16400;16400;16400;124
2007-09-13;13/09/2007;16200;16200;16200;16200;124
2007-09-14;14/09/2007;16200;16200;16200;16200;31
2007-09-17;17/09/2007;16200;16200;16200;16200;1602
2007-09-18;18/09/2007;16150;16150;16150;16150;52
2007-09-19;19/09/2007;16150;16150;16150;16150;183
2007-09-21;21/09/2007;16150;16150;16150;16150;62
2007-09-24;24/09/2007;16050;16050;16050;16050;100
2007-09-26;26/09/2007;15900;15900;15900;15900;8
2007-09-27;27/09/2007;15500;15500;15500;15500;29
2007-09-28;28/09/2007;15900;15900;15900;15900;1752
2007-10-01;01/10/2007;15900;15900;15900;15900;541
2007-10-02;02/10/2007;15850;15850;15850;15850;14
2007-10-03;03/10/2007;15800;15800;15800;15800;2000
2007-10-04;04/10/2007;15800;15800;15800;15800;600
2007-10-05;05/10/2007;15800;15800;15800;15800;332
2007-10-08;08/10/2007;15900;15900;15900;15900;2484
2007-10-10;10/10/2007;15900;15900;15900;15900;4585
2007-10-11;11/10/2007;16000;16000;16000;16000;3508
2007-10-15;15/10/2007;16200;16200;16200;16200;4015
2007-10-16;16/10/2007;16500;16500;16500;16500;4337
2007-10-17;17/10/2007;16600;16600;16600;16600;1921
2007-10-18;18/10/2007;17000;17000;17000;17000;2821
2007-10-19;19/10/2007;17500;17500;17500;17500;253
2007-10-22;22/10/2007;17200;17200;17200;17200;434
2007-10-23;23/10/2007;17200;17200;17200;17200;1183
2007-10-24;24/10/2007;17200;17200;17200;17200;505
2007-10-25;25/10/2007;17200;17200;17200;17200;1014
2007-10-26;26/10/2007;17200;17200;17200;17200;419
2007-10-29;29/10/2007;17200;17200;17200;17200;445
2007-10-30;30/10/2007;17200;17200;17200;17200;1768
2007-10-31;31/10/2007;17200;17200;17200;17200;1016
2007-11-02;02/11/2007;17200;17200;17200;17200;725
2007-11-05;05/11/2007;17200;17200;17200;17200;15
2007-11-06;06/11/2007;17199;17199;17199;17199;115
2007-11-07;07/11/2007;17200;17200;17200;17200;1012
2007-11-08;08/11/2007;17200;17200;17200;17200;76
2007-11-09;09/11/2007;17200;17200;17200;17200;26
2007-11-13;13/11/2007;17200;17200;17200;17200;181
2007-11-14;14/11/2007;17200;17200;17200;17200;69
2007-11-16;16/11/2007;17200;17200;17200;17200;995
2007-11-19;19/11/2007;17495;17495;17495;17495;4600
2007-11-20;20/11/2007;17500;17500;17500;17500;536
2007-11-21;21/11/2007;17200;17200;17200;17200;206
2007-11-22;22/11/2007;17480;17480;17480;17480;10
2007-11-23;23/11/2007;17480;17480;17480;17480;10
2007-11-26;26/11/2007;17200;17200;17200;17200;1160
2007-11-27;27/11/2007;17500;17500;17500;17500;4000
2007-11-29;29/11/2007;17201;17201;17201;17201;75
2007-11-30;30/11/2007;17200;17200;17200;17200;63
2007-12-03;03/12/2007;17500;17500;17500;17500;17
2007-12-04;04/12/2007;17500;17500;17500;17500;4000
2007-12-05;05/12/2007;17500;17500;17500;17500;10004
2007-12-06;06/12/2007;17500;17500;17500;17500;1558
2007-12-07;07/12/2007;17500;17500;17500;17500;1322
2007-12-10;10/12/2007;17500;17500;17500;17500;39
2007-12-11;11/12/2007;17500;17500;17500;17500;317
2007-12-12;12/12/2007;17200;17200;17200;17200;94
2007-12-13;13/12/2007;17500;17500;17500;17500;229
2007-12-14;14/12/2007;17500;17500;17500;17500;309
2007-12-17;17/12/2007;17500;17500;17500;17500;15
2007-12-18;18/12/2007;17000;17000;17000;17000;10
2007-12-20;20/12/2007;17500;17500;17500;17500;50
2007-12-21;21/12/2007;17250;17250;17250;17250;9977
2007-12-24;24/12/2007;17500;17500;17500;17500;9800
2007-12-26;26/12/2007;17500;17500;17500;17500;74
2007-12-27;27/12/2007;17500;17500;17500;17500;4300
2007-12-28;28/12/2007;17500;17500;17500;17500;999
2007-12-31;31/12/2007;17500;17500;17500;17500;306
2008-01-02;02/01/2008;17600;17600;17600;17600;34
2008-01-03;03/01/2008;17600;17600;17600;17600;337
2008-01-04;04/01/2008;17600;17600;17600;17600;612
2008-01-07;07/01/2008;17700;17700;17700;17700;1270
2008-01-08;08/01/2008;17700;17700;17700;17700;36
2008-01-09;09/01/2008;17700;17700;17700;17700;43
2008-01-10;10/01/2008;17700;17700;17700;17700;52
2008-01-11;11/01/2008;18000;18000;18000;18000;220
2008-01-14;14/01/2008;18000;18000;18000;18000;16
2008-01-15;15/01/2008;18000;18000;18000;18000;1055
2008-01-16;16/01/2008;18000;18000;18000;18000;25
2008-01-17;17/01/2008;18000;18000;18000;18000;1052
2008-01-18;18/01/2008;18500;18500;18500;18500;105
2008-01-21;21/01/2008;18500;18500;18500;18500;15
2008-01-22;22/01/2008;18500;18500;18500;18500;48
2008-01-23;23/01/2008;18500;18500;18500;18500;16
2008-01-24;24/01/2008;19500;19500;19500;19500;410
2008-01-25;25/01/2008;19500;19500;19500;19500;51
2008-01-28;28/01/2008;19500;19500;19500;19500;28
2008-01-29;29/01/2008;19500;19500;19500;19500;27
2008-01-30;30/01/2008;19500;19500;19500;19500;516
2008-01-31;31/01/2008;19500;19500;19500;19500;10
2008-02-01;01/02/2008;19490;19490;19490;19490;231
2008-02-04;04/02/2008;19350;19350;19350;19350;249
2008-02-05;05/02/2008;19555;19555;19555;19555;244
2008-02-06;06/02/2008;19901;19901;19901;19901;102
2008-02-07;07/02/2008;19980;19980;19980;19980;70
2008-02-08;08/02/2008;19950;19950;19950;19950;22
2008-02-12;12/02/2008;18500;18500;18500;18500;15000
2008-02-13;13/02/2008;19800;19800;19800;19800;246
2008-02-14;14/02/2008;19500;19500;19500;19500;1342
2008-02-15;15/02/2008;18500;18500;18500;18500;23516
2008-02-18;18/02/2008;19600;19600;19600;19600;3600
2008-02-20;20/02/2008;19500;19500;19500;19500;107
2008-02-21;21/02/2008;19500;19500;19500;19500;22
2008-02-22;22/02/2008;19499;19499;19499;19499;1010
2008-02-27;27/02/2008;19000;19000;19000;19000;483
2008-02-28;28/02/2008;19400;19400;19400;19400;652
2008-02-29;29/02/2008;19400;19400;19400;19400;9
2008-03-03;03/03/2008;19000;19000;19000;19000;444
2008-03-04;04/03/2008;19000;19000;19000;19000;102
2008-03-05;05/03/2008;19000;19000;19000;19000;53
2008-03-06;06/03/2008;19000;19000;19000;19000;2
2008-03-07;07/03/2008;19000;19000;19000;19000;145
2008-03-10;10/03/2008;19000;19000;19000;19000;95
2008-03-11;11/03/2008;19000;19000;19000;19000;42
2008-03-12;12/03/2008;19000;19000;19000;19000;122
2008-03-13;13/03/2008;19000;19000;19000;19000;20
2008-03-14;14/03/2008;19000;19000;19000;19000;64
2008-03-17;17/03/2008;19000;19000;19000;19000;26
2008-03-18;18/03/2008;19000;19000;19000;19000;13
2008-03-19;19/03/2008;19000;19000;19000;19000;501
2008-03-21;21/03/2008;19000;19000;19000;19000;389
2008-03-25;25/03/2008;19000;19000;19000;19000;466
2008-03-26;26/03/2008;18200;18200;18200;18200;160
2008-03-28;28/03/2008;18200;18200;18200;18200;55
2008-03-31;31/03/2008;18200;18200;18200;18200;125
2008-04-01;01/04/2008;18190;18190;18190;18190;106
2008-04-02;02/04/2008;18200;18200;18200;18200;2140
2008-04-03;03/04/2008;18100;18100;18100;18100;227
2008-04-04;04/04/2008;18200;18200;18200;18200;600
2008-04-07;07/04/2008;18200;18200;18200;18200;136
2008-04-08;08/04/2008;18200;18200;18200;18200;33
2008-04-09;09/04/2008;18200;18200;18200;18200;161
2008-04-10;10/04/2008;18200;18200;18200;18200;2475
2008-04-11;11/04/2008;18500;18500;18500;18500;802
2008-04-14;14/04/2008;18900;18900;18900;18900;380
2008-04-15;15/04/2008;18900;18900;18900;18900;181
2008-04-16;16/04/2008;18900;18900;18900;18900;4
2008-04-17;17/04/2008;18900;18900;18900;18900;95
2008-04-18;18/04/2008;18900;18900;18900;18900;23
2008-04-21;21/04/2008;18900;18900;18900;18900;11
2008-04-22;22/04/2008;18900;18900;18900;18900;105
2008-04-23;23/04/2008;18900;18900;18900;18900;181
2008-04-24;24/04/2008;18900;18900;18900;18900;230
2008-04-25;25/04/2008;18900;18900;18900;18900;2247
2008-04-28;28/04/2008;19000;19000;19000;19000;97
2008-04-29;29/04/2008;18900;18900;18900;18900;493
2008-04-30;30/04/2008;18500;18500;18500;18500;240
2008-05-02;02/05/2008;18500;18500;18500;18500;361
2008-05-05;05/05/2008;18500;18500;18500;18500;8
2008-05-06;06/05/2008;18500;18500;18500;18500;373
2008-05-07;07/05/2008;18500;18500;18500;18500;40
2008-05-08;08/05/2008;18500;18500;18500;18500;4014
2008-05-09;09/05/2008;18500;18500;18500;18500;730
2008-05-13;13/05/2008;18400;18400;18400;18400;748
2008-05-14;14/05/2008;18400;18400;18400;18400;137
2008-05-15;15/05/2008;18400;18400;18400;18400;499
2008-05-16;16/05/2008;18400;18400;18400;18400;75
2008-05-19;19/05/2008;18400;18400;18400;18400;63
2008-05-20;20/05/2008;18100;18100;18100;18100;39
2008-05-21;21/05/2008;18200;18200;18200;18200;700
2008-05-22;22/05/2008;18100;18100;18100;18100;363
2008-05-23;23/05/2008;17899;17899;17899;17899;1222
2008-05-27;27/05/2008;18000;18000;18000;18000;2450
2008-05-28;28/05/2008;18000;18000;18000;18000;2301
2008-05-29;29/05/2008;18000;18000;18000;18000;709
2008-05-30;30/05/2008;18000;18000;18000;18000;806
2008-06-02;02/06/2008;18000;18000;18000;18000;680
2008-06-03;03/06/2008;18000;18000;18000;18000;1396
2008-06-04;04/06/2008;18000;18000;18000;18000;592
2008-06-05;05/06/2008;18000;18000;18000;18000;75003
2008-06-06;06/06/2008;18000;18000;18000;18000;1174
2008-06-10;10/06/2008;18000;18000;18000;18000;277
2008-06-11;11/06/2008;18000;18000;18000;18000;4321
2008-06-12;12/06/2008;18000;18000;18000;18000;130
2008-06-13;13/06/2008;18000;18000;18000;18000;1155
2008-06-16;16/06/2008;18000;18000;18000;18000;525
2008-06-17;17/06/2008;18000;18000;18000;18000;266
2008-06-18;18/06/2008;18000;18000;18000;18000;224
2008-06-19;19/06/2008;18000;18000;18000;18000;13575
2008-06-20;20/06/2008;18000;18000;18000;18000;1240
2008-06-23;23/06/2008;18000;18000;18000;18000;656
2008-06-24;24/06/2008;18000;18000;18000;18000;80
2008-06-25;25/06/2008;18000;18000;18000;18000;5705
2008-06-26;26/06/2008;18000;18000;18000;18000;363
2008-06-27;27/06/2008;18000;18000;18000;18000;230
2008-06-30;30/06/2008;18000;18000;18000;18000;200
2008-07-01;01/07/2008;18000;18000;18000;18000;175
2008-07-02;02/07/2008;18000;18000;18000;18000;343
2008-07-03;03/07/2008;18000;18000;18000;18000;508
2008-07-04;04/07/2008;18000;18000;18000;18000;308
2008-07-07;07/07/2008;17900;17900;17900;17900;140
2008-07-08;08/07/2008;17900;17900;17900;17900;14
2008-07-09;09/07/2008;18000;18000;18000;18000;994
2008-07-10;10/07/2008;18000;18000;18000;18000;362
2008-07-11;11/07/2008;18000;18000;18000;18000;353
2008-07-14;14/07/2008;18000;18000;18000;18000;785
2008-07-15;15/07/2008;18000;18000;18000;18000;290
2008-07-17;17/07/2008;17800;17800;17800;17800;85
2008-07-18;18/07/2008;17800;17800;17800;17800;103
2008-07-21;21/07/2008;17800;17800;17800;17800;519
2008-07-22;22/07/2008;17800;17800;17800;17800;169
2008-07-23;23/07/2008;18500;18500;18500;18500;43000
2008-07-24;24/07/2008;18000;18000;18000;18000;596
2008-07-25;25/07/2008;17800;17800;17800;17800;72
2008-07-28;28/07/2008;17800;17800;17800;17800;118
2008-07-30;30/07/2008;17800;17800;17800;17800;508
2008-07-31;31/07/2008;17800;17800;17800;17800;151
2008-08-01;01/08/2008;17800;17800;17800;17800;568
2008-08-04;04/08/2008;17800;17800;17800;17800;339
2008-08-05;05/08/2008;17800;17800;17800;17800;70
2008-08-06;06/08/2008;17800;17800;17800;17800;3520
2008-08-08;08/08/2008;17800;17800;17800;17800;760
2008-08-11;11/08/2008;17800;17800;17800;17800;61
2008-08-12;12/08/2008;17800;17800;17800;17800;313
2008-08-13;13/08/2008;17800;17800;17800;17800;260
2008-08-14;14/08/2008;17700;17700;17700;17700;127
2008-08-18;18/08/2008;17700;17700;17700;17700;220
2008-08-19;19/08/2008;17700;17700;17700;17700;320
2008-08-20;20/08/2008;17700;17700;17700;17700;1461
2008-08-21;21/08/2008;17600;17600;17600;17600;82
2008-08-22;22/08/2008;17600;17600;17600;17600;542
2008-08-25;25/08/2008;17500;17500;17500;17500;563
2008-08-26;26/08/2008;17500;17500;17500;17500;192
2008-08-27;27/08/2008;17500;17500;17500;17500;1610
2008-08-28;28/08/2008;17500;17500;17500;17500;1108
2008-08-29;29/08/2008;17400;17400;17400;17400;515
2008-09-04;04/09/2008;17000;17000;17000;17000;1502
2008-09-05;05/09/2008;16200;16200;16200;16200;4534
2008-09-09;09/09/2008;15000;15000;15000;15000;14
2008-09-10;10/09/2008;14900;14900;14900;14900;5000
2008-09-11;11/09/2008;14000;14000;14000;14000;379
2008-09-12;12/09/2008;14000;14000;14000;14000;3996
2008-09-15;15/09/2008;14000;14000;14000;14000;2305
2008-09-16;16/09/2008;14000;14000;14000;14000;1507
2008-09-17;17/09/2008;14000;14000;14000;14000;1824
2008-09-18;18/09/2008;14000;14000;14000;14000;1505
2008-09-19;19/09/2008;14000;14000;14000;14000;3569
2008-09-22;22/09/2008;14000;14000;14000;14000;3027
2008-09-23;23/09/2008;14000;14000;14000;14000;2548
2008-09-24;24/09/2008;14000;14000;14000;14000;1286
2008-09-25;25/09/2008;14000;14000;14000;14000;93
2008-09-26;26/09/2008;14000;14000;14000;14000;395
2008-09-29;29/09/2008;14000;14000;14000;14000;867
2008-10-01;01/10/2008;14000;14000;14000;14000;1813
2008-10-02;02/10/2008;14000;14000;14000;14000;556
2008-10-03;03/10/2008;14000;14000;14000;14000;1650
2008-10-06;06/10/2008;14000;14000;14000;14000;932
2008-10-07;07/10/2008;14000;14000;14000;14000;2669
2008-10-08;08/10/2008;14000;14000;14000;14000;2604
2008-10-09;09/10/2008;14000;14000;14000;14000;1056
2008-10-10;10/10/2008;14000;14000;14000;14000;2555
2008-10-13;13/10/2008;14000;14000;14000;14000;3047
2008-10-14;14/10/2008;13995;13995;13995;13995;1000
2008-10-15;15/10/2008;13950;13950;13950;13950;148
2008-10-16;16/10/2008;13950;13950;13950;13950;2300
2008-10-21;21/10/2008;13900;13900;13900;13900;2500
2008-10-22;22/10/2008;13900;13900;13900;13900;3004
2008-10-23;23/10/2008;13700;13700;13700;13700;342
2008-10-24;24/10/2008;13481;13481;13481;13481;2828
2008-10-27;27/10/2008;13400;13400;13400;13400;3006
2008-10-29;29/10/2008;12800;12800;12800;12800;17
2008-10-31;31/10/2008;12500;12500;12500;12500;47
2008-11-03;03/11/2008;12000;12000;12000;12000;37
2008-11-04;04/11/2008;12000;12000;12000;12000;10
2008-11-07;07/11/2008;11500;11500;11500;11500;9
2008-11-10;10/11/2008;11400;11400;11400;11400;651
2008-11-11;11/11/2008;10545;10545;10545;10545;153
2008-11-12;12/11/2008;10500;10500;10500;10500;235
2008-11-13;13/11/2008;10500;10500;10500;10500;172
2008-11-14;14/11/2008;10300;10300;10300;10300;275
2008-11-17;17/11/2008;10000;10000;10000;10000;360
2008-11-18;18/11/2008;10000;10000;10000;10000;199
2008-11-19;19/11/2008;10000;10000;10000;10000;399
2008-11-20;20/11/2008;10000;10000;10000;10000;1235
2008-11-21;21/11/2008;9950;9950;9950;9950;5239
2008-11-24;24/11/2008;10000;10000;10000;10000;3569
2008-11-25;25/11/2008;10000;10000;10000;10000;196276
2008-11-26;26/11/2008;10000;10000;10000;10000;450
2008-11-27;27/11/2008;10500;10500;10500;10500;688
2008-11-28;28/11/2008;10500;10500;10500;10500;468
2008-12-01;01/12/2008;11288;11288;11288;11288;125
2008-12-02;02/12/2008;12000;12000;12000;12000;2670
2008-12-04;04/12/2008;13868;13868;13868;13868;517
2008-12-05;05/12/2008;14000;14000;14000;14000;1249
2008-12-09;09/12/2008;13950;13950;13950;13950;22
2008-12-10;10/12/2008;14000;14000;14000;14000;265
2008-12-11;11/12/2008;14000;14000;14000;14000;662
2008-12-12;12/12/2008;14000;14000;14000;14000;237
2008-12-15;15/12/2008;13700;13700;13700;13700;9
2008-12-16;16/12/2008;13000;13000;13000;13000;1087
2008-12-17;17/12/2008;13700;13700;13700;13700;2600
2008-12-18;18/12/2008;13000;13000;13000;13000;433
2008-12-19;19/12/2008;13000;13000;13000;13000;112
2008-12-22;22/12/2008;13000;13000;13000;13000;250
2008-12-23;23/12/2008;13000;13000;13000;13000;17
2008-12-24;24/12/2008;13000;13000;13000;13000;126
2008-12-26;26/12/2008;13000;13000;13000;13000;142
2008-12-29;29/12/2008;13000;13000;13000;13000;1360
2008-12-30;30/12/2008;13000;13000;13000;13000;180
2008-12-31;31/12/2008;13000;13000;13000;13000;733
2009-01-02;02/01/2009;13000;13000;13000;13000;200
2009-01-05;05/01/2009;13000;13000;13000;13000;115
2009-01-06;06/01/2009;13000;13000;13000;13000;316
2009-01-07;07/01/2009;13000;13000;13000;13000;1600
2009-01-08;08/01/2009;13000;13000;13000;13000;3400
2009-01-09;09/01/2009;12800;12800;12800;12800;47
2009-01-12;12/01/2009;12500;12500;12500;12500;130
2009-01-13;13/01/2009;12790;12790;12790;12790;203
2009-01-14;14/01/2009;12790;12790;12790;12790;500
2009-01-15;15/01/2009;12790;12790;12790;12790;120
2009-01-16;16/01/2009;12790;12790;12790;12790;755
2009-01-19;19/01/2009;12790;12790;12790;12790;410
2009-01-20;20/01/2009;12700;12700;12700;12700;317
2009-01-21;21/01/2009;12700;12700;12700;12700;150
2009-01-22;22/01/2009;12700;12700;12700;12700;212
2009-01-23;23/01/2009;12700;12700;12700;12700;400
2009-01-26;26/01/2009;12700;12700;12700;12700;314
2009-01-27;27/01/2009;12700;12700;12700;12700;420
2009-01-28;28/01/2009;12700;12700;12700;12700;810
2009-01-29;29/01/2009;12700;12700;12700;12700;405
2009-01-30;30/01/2009;12700;12700;12700;12700;691
2009-02-02;02/02/2009;12700;12700;12700;12700;801
2009-02-03;03/02/2009;12600;12600;12600;12600;1600
2009-02-04;04/02/2009;12500;12500;12500;12500;237
2009-02-05;05/02/2009;12500;12500;12500;12500;1006
2009-02-06;06/02/2009;12500;12500;12500;12500;2278
2009-02-09;09/02/2009;12500;12500;12500;12500;1279
2009-02-10;10/02/2009;12400;12400;12400;12400;702
2009-02-11;11/02/2009;12400;12400;12400;12400;3716
2009-02-12;12/02/2009;12400;12400;12400;12400;686
2009-02-13;13/02/2009;12390;12390;12390;12390;155
2009-02-16;16/02/2009;12400;12400;12400;12400;400
2009-02-17;17/02/2009;12400;12400;12400;12400;536
2009-02-18;18/02/2009;12400;12400;12400;12400;1286
2009-02-19;19/02/2009;12400;12400;12400;12400;1320
2009-02-20;20/02/2009;12400;12400;12400;12400;1285
2009-02-23;23/02/2009;12390;12390;12390;12390;1022
2009-02-24;24/02/2009;12300;12300;12300;12300;30
2009-02-25;25/02/2009;12300;12300;12300;12300;163
2009-02-26;26/02/2009;12300;12300;12300;12300;397
2009-02-27;27/02/2009;12200;12200;12200;12200;1849
2009-03-02;02/03/2009;12200;12200;12200;12200;107
2009-03-03;03/03/2009;12300;12300;12300;12300;731
2009-03-04;04/03/2009;12200;12200;12200;12200;50
2009-03-05;05/03/2009;12200;12200;12200;12200;651
2009-03-06;06/03/2009;12200;12200;12200;12200;241
2009-03-10;10/03/2009;12200;12200;12200;12200;1253
2009-03-11;11/03/2009;12200;12200;12200;12200;1460
2009-03-12;12/03/2009;11950;11950;11950;11950;465
2009-03-13;13/03/2009;11950;11950;11950;11950;272
2009-03-16;16/03/2009;11900;11900;11900;11900;344
2009-03-17;17/03/2009;11900;11900;11900;11900;996
2009-03-18;18/03/2009;11950;11950;11950;11950;1052
2009-03-19;19/03/2009;11950;11950;11950;11950;595
2009-03-20;20/03/2009;11950;11950;11950;11950;405
2009-03-23;23/03/2009;11950;11950;11950;11950;1169
2009-03-24;24/03/2009;11930;11930;11930;11930;1360
2009-03-25;25/03/2009;11930;11930;11930;11930;2142
2009-03-26;26/03/2009;11930;11930;11930;11930;1835
2009-03-27;27/03/2009;11930;11930;11930;11930;3122
2009-03-30;30/03/2009;11920;11920;11920;11920;3661
2009-03-31;31/03/2009;11900;11900;11900;11900;50
2009-04-01;01/04/2009;11950;11950;11950;11950;3685
2009-04-02;02/04/2009;11848;11848;11848;11848;374
2009-04-03;03/04/2009;11800;11800;11800;11800;414
2009-04-06;06/04/2009;11800;11800;11800;11800;1521
2009-04-07;07/04/2009;11800;11800;11800;11800;6808
2009-04-08;08/04/2009;11500;11500;11500;11500;435
2009-04-09;09/04/2009;11000;11000;11000;11000;1417
2009-04-10;10/04/2009;11600;11600;11600;11600;1286
2009-04-14;14/04/2009;11800;11800;11800;11800;9931
2009-04-15;15/04/2009;11800;11800;11800;11800;5635
2009-04-16;16/04/2009;11698;11698;11698;11698;243
2009-04-17;17/04/2009;11500;11500;11500;11500;16
2009-04-20;20/04/2009;11500;11500;11500;11500;99
2009-04-21;21/04/2009;11499;11499;11499;11499;1164
2009-04-22;22/04/2009;11500;11500;11500;11500;8535
2009-04-23;23/04/2009;11500;11500;11500;11500;878
2009-04-24;24/04/2009;11500;11500;11500;11500;2000
2009-04-27;27/04/2009;11800;11800;11800;11800;75
2009-04-28;28/04/2009;11200;11200;11200;11200;262
2009-04-29;29/04/2009;11200;11200;11200;11200;705
2009-05-04;04/05/2009;11200;11200;11200;11200;605
2009-05-05;05/05/2009;11200;11200;11200;11200;474
2009-05-06;06/05/2009;11000;11000;11000;11000;4271
2009-05-07;07/05/2009;11000;11000;11000;11000;253
2009-05-08;08/05/2009;11000;11000;11000;11000;64
2009-05-11;11/05/2009;11000;11000;11000;11000;1277
2009-05-12;12/05/2009;10500;10500;10500;10500;592
2009-05-13;13/05/2009;10500;10500;10500;10500;1184
2009-05-14;14/05/2009;10500;10500;10500;10500;3990
2009-05-15;15/05/2009;10500;10500;10500;10500;805
2009-05-18;18/05/2009;10500;10500;10500;10500;1526
2009-05-19;19/05/2009;10500;10500;10500;10500;750
2009-05-20;20/05/2009;10500;10500;10500;10500;2220
2009-05-22;22/05/2009;10500;10500;10500;10500;272
2009-05-25;25/05/2009;10500;10500;10500;10500;250
2009-05-26;26/05/2009;10500;10500;10500;10500;374
2009-05-27;27/05/2009;10500;10500;10500;10500;4659
2009-05-28;28/05/2009;10500;10500;10500;10500;1946
2009-05-29;29/05/2009;10600;10600;10600;10600;500
2009-06-02;02/06/2009;10600;10600;10600;10600;150
2009-06-03;03/06/2009;10600;10600;10600;10600;468
2009-06-04;04/06/2009;10600;10600;10600;10600;423
2009-06-05;05/06/2009;10500;10500;10500;10500;682
2009-06-08;08/06/2009;10500;10500;10500;10500;244
2009-06-09;09/06/2009;10500;10500;10500;10500;198
2009-06-10;10/06/2009;10500;10500;10500;10500;360
2009-06-11;11/06/2009;10500;10500;10500;10500;730
2009-06-12;12/06/2009;10500;10500;10500;10500;220
2009-06-15;15/06/2009;10600;10600;10600;10600;325
2009-06-16;16/06/2009;10500;10500;10500;10500;309
2009-06-17;17/06/2009;10500;10500;10500;10500;269
2009-06-18;18/06/2009;10600;10600;10600;10600;567
2009-06-19;19/06/2009;10600;10600;10600;10600;684
2009-06-22;22/06/2009;10600;10600;10600;10600;104
2009-06-23;23/06/2009;10600;10600;10600;10600;227
2009-06-24;24/06/2009;10600;10600;10600;10600;427
2009-06-25;25/06/2009;11000;11000;11000;11000;3707
2009-06-26;26/06/2009;10700;10700;10700;10700;656
2009-06-29;29/06/2009;10600;10600;10600;10600;250
2009-06-30;30/06/2009;10600;10600;10600;10600;83
2009-07-01;01/07/2009;10600;10600;10600;10600;146
2009-07-02;02/07/2009;10700;10700;10700;10700;374
2009-07-03;03/07/2009;10612;10612;10612;10612;438
2009-07-06;06/07/2009;10700;10700;10700;10700;129
2009-07-07;07/07/2009;10720;10720;10720;10720;453
2009-07-08;08/07/2009;10790;10790;10790;10790;250
2009-07-09;09/07/2009;10750;10750;10750;10750;499
2009-07-10;10/07/2009;10700;10700;10700;10700;206
2009-07-13;13/07/2009;10700;10700;10700;10700;266
2009-07-14;14/07/2009;10700;10700;10700;10700;560
2009-07-15;15/07/2009;10750;10750;10750;10750;545
2009-07-16;16/07/2009;11000;11000;11000;11000;340
2009-07-17;17/07/2009;11000;11000;11000;11000;420
2009-07-20;20/07/2009;11000;11000;11000;11000;413
2009-07-21;21/07/2009;11000;11000;11000;11000;249
2009-07-22;22/07/2009;11000;11000;11000;11000;767
2009-07-23;23/07/2009;11000;11000;11000;11000;516
2009-07-24;24/07/2009;11000;11000;11000;11000;3984
2009-07-27;27/07/2009;11000;11000;11000;11000;9005
2009-07-28;28/07/2009;11000;11000;11000;11000;520
2009-07-29;29/07/2009;11500;11500;11500;11500;295
2009-07-30;30/07/2009;11500;11500;11500;11500;270
2009-07-31;31/07/2009;11000;11000;11000;11000;659
2009-08-03;03/08/2009;11000;11000;11000;11000;844
2009-08-04;04/08/2009;11500;11500;11500;11500;280
2009-08-05;05/08/2009;11000;11000;11000;11000;339
2009-08-06;06/08/2009;11001;11001;11001;11001;6972
2009-08-10;10/08/2009;11001;11001;11001;11001;712
2009-08-11;11/08/2009;11010;11010;11010;11010;171
2009-08-12;12/08/2009;11010;11010;11010;11010;488
2009-08-13;13/08/2009;11000;11000;11000;11000;9965
2009-08-14;14/08/2009;11000;11000;11000;11000;220
2009-08-17;17/08/2009;11000;11000;11000;11000;365
2009-08-18;18/08/2009;11200;11200;11200;11200;5295
2009-08-19;19/08/2009;11201;11201;11201;11201;294
2009-08-20;20/08/2009;11305;11305;11305;11305;129
2009-08-21;21/08/2009;11010;11010;11010;11010;152
2009-08-24;24/08/2009;11300;11300;11300;11300;99
2009-08-25;25/08/2009;11300;11300;11300;11300;392
2009-08-26;26/08/2009;11500;11500;11500;11500;61023
2009-08-27;27/08/2009;11500;11500;11500;11500;16925
2009-08-28;28/08/2009;11500;11500;11500;11500;244
2009-08-31;31/08/2009;11500;11500;11500;11500;45
2009-09-01;01/09/2009;11510;11510;11510;11510;324
2009-09-02;02/09/2009;12000;12000;12000;12000;689
2009-09-03;03/09/2009;12000;12000;12000;12000;781
2009-09-04;04/09/2009;12000;12000;12000;12000;977
2009-09-07;07/09/2009;12000;12000;12000;12000;2724
2009-09-08;08/09/2009;12000;12000;12000;12000;87
2009-09-09;09/09/2009;12000;12000;12000;12000;5219
2009-09-10;10/09/2009;12000;12000;12000;12000;135
2009-09-11;11/09/2009;12000;12000;12000;12000;887
2009-09-14;14/09/2009;12000;12000;12000;12000;152
2009-09-15;15/09/2009;12000;12000;12000;12000;1474
2009-09-16;16/09/2009;12000;12000;12000;12000;66
2009-09-18;18/09/2009;12000;12000;12000;12000;662
2009-09-21;21/09/2009;12000;12000;12000;12000;62
2009-09-22;22/09/2009;12000;12000;12000;12000;224
2009-09-23;23/09/2009;12000;12000;12000;12000;322
2009-09-24;24/09/2009;12000;12000;12000;12000;210
2009-09-25;25/09/2009;12000;12000;12000;12000;200
2009-09-29;29/09/2009;11950;11950;11950;11950;760
2009-09-30;30/09/2009;12000;12000;12000;12000;447
2009-10-01;01/10/2009;11900;11900;11900;11900;976
2009-10-02;02/10/2009;12000;12000;12000;12000;400
2009-10-05;05/10/2009;12000;12000;12000;12000;7279
2009-10-06;06/10/2009;12000;12000;12000;12000;758
2009-10-07;07/10/2009;12000;12000;12000;12000;16
2009-10-08;08/10/2009;12000;12000;12000;12000;338
2009-10-09;09/10/2009;12000;12000;12000;12000;555
2009-10-12;12/10/2009;12000;12000;12000;12000;2610
2009-10-13;13/10/2009;12000;12000;12000;12000;18826
2009-10-14;14/10/2009;12500;12500;12500;12500;230
2009-10-15;15/10/2009;12000;12000;12000;12000;1670
2009-10-16;16/10/2009;12000;12000;12000;12000;177
2009-10-19;19/10/2009;12000;12000;12000;12000;6550
2009-10-20;20/10/2009;12000;12000;12000;12000;99
2009-10-22;22/10/2009;12000;12000;12000;12000;3441
2009-10-23;23/10/2009;12000;12000;12000;12000;72
2009-10-26;26/10/2009;11990;11990;11990;11990;210
2009-10-27;27/10/2009;12000;12000;12000;12000;203
2009-10-28;28/10/2009;12000;12000;12000;12000;138
2009-10-29;29/10/2009;12000;12000;12000;12000;455
2009-10-30;30/10/2009;12000;12000;12000;12000;183
2009-11-02;02/11/2009;12000;12000;12000;12000;445
2009-11-03;03/11/2009;12000;12000;12000;12000;323
2009-11-04;04/11/2009;11950;11950;11950;11950;1028
2009-11-05;05/11/2009;12000;12000;12000;12000;523
2009-11-06;06/11/2009;12000;12000;12000;12000;275
2009-11-09;09/11/2009;12000;12000;12000;12000;494
2009-11-10;10/11/2009;11900;11900;11900;11900;67
2009-11-11;11/11/2009;11900;11900;11900;11900;236
2009-11-12;12/11/2009;11900;11900;11900;11900;2822
2009-11-13;13/11/2009;11900;11900;11900;11900;884
2009-11-17;17/11/2009;11900;11900;11900;11900;10
2009-11-18;18/11/2009;11900;11900;11900;11900;51
2009-11-19;19/11/2009;11900;11900;11900;11900;170
2009-11-20;20/11/2009;11900;11900;11900;11900;435
2009-11-23;23/11/2009;11900;11900;11900;11900;414
2009-11-24;24/11/2009;11900;11900;11900;11900;238
2009-11-25;25/11/2009;11900;11900;11900;11900;339
2009-11-26;26/11/2009;11900;11900;11900;11900;80
2009-11-30;30/11/2009;11900;11900;11900;11900;54
2009-12-01;01/12/2009;11900;11900;11900;11900;116
2009-12-03;03/12/2009;11900;11900;11900;11900;475
2009-12-04;04/12/2009;11900;11900;11900;11900;95
2009-12-07;07/12/2009;11900;11900;11900;11900;940
2009-12-08;08/12/2009;11900;11900;11900;11900;2343
2009-12-09;09/12/2009;11900;11900;11900;11900;254
2009-12-11;11/12/2009;11900;11900;11900;11900;301
2009-12-14;14/12/2009;11900;11900;11900;11900;243
2009-12-15;15/12/2009;11900;11900;11900;11900;2351
2009-12-16;16/12/2009;12000;12000;12000;12000;460
2009-12-17;17/12/2009;12000;12000;12000;12000;190
2009-12-18;18/12/2009;12000;12000;12000;12000;6
2009-12-21;21/12/2009;12000;12000;12000;12000;219
2009-12-22;22/12/2009;12000;12000;12000;12000;355
2009-12-23;23/12/2009;12000;12000;12000;12000;346
2009-12-24;24/12/2009;11989;11989;11989;11989;21
2009-12-28;28/12/2009;12000;12000;12000;12000;25
2009-12-29;29/12/2009;12000;12000;12000;12000;160
2009-12-30;30/12/2009;11900;11900;11900;11900;99
2009-12-31;31/12/2009;12000;12000;12000;12000;1025
2010-01-04;04/01/2010;12500;12500;12500;12500;130
2010-01-05;05/01/2010;12500;12500;12500;12500;130
2010-01-06;06/01/2010;12500;12500;12500;12500;98
2010-01-07;07/01/2010;12000;12000;12000;12000;10
2010-01-08;08/01/2010;12400;12400;12400;12400;123
2010-01-11;11/01/2010;12500;12500;12500;12500;431
2010-01-12;12/01/2010;12500;12500;12500;12500;203
2010-01-13;13/01/2010;12500;12500;12500;12500;50
2010-01-14;14/01/2010;12500;12500;12500;12500;42
2010-01-15;15/01/2010;12500;12500;12500;12500;10
2010-01-18;18/01/2010;12500;12500;12500;12500;418
2010-01-19;19/01/2010;12300;12300;12300;12300;69
2010-01-20;20/01/2010;12400;12400;12400;12400;132
2010-01-21;21/01/2010;12400;12400;12400;12400;956
2010-01-22;22/01/2010;12400;12400;12400;12400;86
2010-01-25;25/01/2010;12400;12400;12400;12400;519
2010-01-26;26/01/2010;12400;12400;12400;12400;85
2010-01-27;27/01/2010;12000;12000;12000;12000;10223
2010-01-28;28/01/2010;12001;12001;12001;12001;20
2010-01-29;29/01/2010;12400;12400;12400;12400;61
2010-02-01;01/02/2010;12400;12400;12400;12400;170
2010-02-03;03/02/2010;12400;12400;12400;12400;903
2010-02-04;04/02/2010;12500;12500;12500;12500;130
2010-02-05;05/02/2010;12500;12500;12500;12500;50
2010-02-08;08/02/2010;12500;12500;12500;12500;524
2010-02-09;09/02/2010;12500;12500;12500;12500;127
2010-02-10;10/02/2010;12500;12500;12500;12500;155
2010-02-11;11/02/2010;12501;12501;12501;12501;463
2010-02-12;12/02/2010;12502;12502;12502;12502;431
2010-02-15;15/02/2010;13000;13000;13000;13000;70
2010-02-16;16/02/2010;12600;12600;12600;12600;568
2010-02-17;17/02/2010;12602;12602;12602;12602;202
2010-02-18;18/02/2010;13000;13000;13000;13000;20
2010-02-19;19/02/2010;13000;13000;13000;13000;82
2010-02-22;22/02/2010;13200;13200;13200;13200;2825
2010-02-23;23/02/2010;13500;13500;13500;13500;8776
2010-02-24;24/02/2010;13500;13500;13500;13500;186
2010-02-25;25/02/2010;13500;13500;13500;13500;242
2010-03-01;01/03/2010;13500;13500;13500;13500;20191
2010-03-02;02/03/2010;13400;13400;13400;13400;4521
2010-03-03;03/03/2010;13500;13500;13500;13500;500
2010-03-04;04/03/2010;13000;13000;13000;13000;27
2010-03-05;05/03/2010;13500;13500;13500;13500;251
2010-03-08;08/03/2010;13500;13500;13500;13500;304
2010-03-09;09/03/2010;14000;14000;14000;14000;1080
2010-03-10;10/03/2010;14000;14000;14000;14000;75
2010-03-11;11/03/2010;14000;14000;14000;14000;546
2010-03-12;12/03/2010;14000;14000;14000;14000;51
2010-03-15;15/03/2010;14000;14000;14000;14000;10
2010-03-16;16/03/2010;14000;14000;14000;14000;88
2010-03-17;17/03/2010;14000;14000;14000;14000;57
2010-03-18;18/03/2010;14000;14000;14000;14000;296
2010-03-19;19/03/2010;14000;14000;14000;14000;85
2010-03-22;22/03/2010;14000;14000;14000;14000;21
2010-03-23;23/03/2010;14000;14000;14000;14000;465
2010-03-24;24/03/2010;14000;14000;14000;14000;112
2010-03-25;25/03/2010;14000;14000;14000;14000;470
2010-03-26;26/03/2010;14000;14000;14000;14000;20
2010-03-29;29/03/2010;14000;14000;14000;14000;207
2010-03-30;30/03/2010;14000;14000;14000;14000;300
2010-03-31;31/03/2010;14000;14000;14000;14000;30
2010-04-01;01/04/2010;14000;14000;14000;14000;710
2010-04-02;02/04/2010;14000;14000;14000;14000;230
2010-04-06;06/04/2010;14000;14000;14000;14000;914
2010-04-07;07/04/2010;14500;14500;14500;14500;100
2010-04-08;08/04/2010;14500;14500;14500;14500;191
2010-04-09;09/04/2010;14500;14500;14500;14500;40
2010-04-12;12/04/2010;14500;14500;14500;14500;10252
2010-04-13;13/04/2010;14500;14500;14500;14500;141
2010-04-14;14/04/2010;14500;14500;14500;14500;10
2010-04-15;15/04/2010;14500;14500;14500;14500;1035
2010-04-16;16/04/2010;14500;14500;14500;14500;661
2010-04-19;19/04/2010;14900;14900;14900;14900;138
2010-04-20;20/04/2010;15000;15000;15000;15000;187
2010-04-21;21/04/2010;15000;15000;15000;15000;33235
2010-04-22;22/04/2010;15000;15000;15000;15000;85
2010-04-23;23/04/2010;15000;15000;15000;15000;5328
2010-04-26;26/04/2010;15000;15000;15000;15000;292
2010-04-28;28/04/2010;14400;14400;14400;14400;25
2010-04-29;29/04/2010;14000;14000;14000;14000;45
2010-04-30;30/04/2010;13800;13800;13800;13800;228
2010-05-03;03/05/2010;13500;13500;13500;13500;4533
2010-05-04;04/05/2010;13500;13500;13500;13500;3101
2010-05-05;05/05/2010;13500;13500;13500;13500;2513
2010-05-06;06/05/2010;13500;13500;13500;13500;231
2010-05-07;07/05/2010;13500;13500;13500;13500;1440
2010-05-10;10/05/2010;13500;13500;13500;13500;186
2010-05-11;11/05/2010;13500;13500;13500;13500;466
2010-05-12;12/05/2010;13500;13500;13500;13500;264
2010-05-14;14/05/2010;13500;13500;13500;13500;139
2010-05-17;17/05/2010;13500;13500;13500;13500;1253
2010-05-18;18/05/2010;13500;13500;13500;13500;273
2010-05-19;19/05/2010;13500;13500;13500;13500;98
2010-05-20;20/05/2010;13500;13500;13500;13500;7346
2010-05-21;21/05/2010;13500;13500;13500;13500;30
2010-05-25;25/05/2010;13500;13500;13500;13500;1702
2010-05-26;26/05/2010;13500;13500;13500;13500;1412
2010-05-27;27/05/2010;13500;13500;13500;13500;637
2010-05-28;28/05/2010;13500;13500;13500;13500;98
2010-05-31;31/05/2010;14000;14000;14000;14000;40
2010-06-01;01/06/2010;14000;14000;14000;14000;126
2010-06-02;02/06/2010;14000;14000;14000;14000;160
2010-06-03;03/06/2010;14000;14000;14000;14000;134
2010-06-04;04/06/2010;14000;14000;14000;14000;250
2010-06-07;07/06/2010;13800;13800;13800;13800;20
2010-06-08;08/06/2010;13800;13800;13800;13800;325
2010-06-09;09/06/2010;13500;13500;13500;13500;357
2010-06-10;10/06/2010;13500;13500;13500;13500;757
2010-06-11;11/06/2010;13500;13500;13500;13500;206
2010-06-14;14/06/2010;13500;13500;13500;13500;773
2010-06-15;15/06/2010;13650;13650;13650;13650;1055
2010-06-16;16/06/2010;13650;13650;13650;13650;1505
2010-06-17;17/06/2010;13650;13650;13650;13650;1000
2010-06-21;21/06/2010;13650;13650;13650;13650;2568
2010-06-22;22/06/2010;13400;13400;13400;13400;80
2010-06-23;23/06/2010;13400;13400;13400;13400;50
2010-06-24;24/06/2010;13400;13400;13400;13400;19
2010-06-25;25/06/2010;13500;13500;13500;13500;702
2010-06-29;29/06/2010;13500;13500;13500;13500;236
2010-06-30;30/06/2010;13500;13500;13500;13500;1700
2010-07-01;01/07/2010;13500;13500;13500;13500;26855
2010-07-02;02/07/2010;13500;13500;13500;13500;1120
2010-07-05;05/07/2010;13500;13500;13500;13500;161
2010-07-06;06/07/2010;13500;13500;13500;13500;230
2010-07-07;07/07/2010;13500;13500;13500;13500;215
2010-07-08;08/07/2010;13500;13500;13500;13500;150
2010-07-09;09/07/2010;13500;13500;13500;13500;10150
2010-07-12;12/07/2010;13400;13400;13400;13400;32
2010-07-13;13/07/2010;13500;13500;13500;13500;330
2010-07-14;14/07/2010;13500;13500;13500;13500;390
2010-07-15;15/07/2010;13500;13500;13500;13500;250
2010-07-16;16/07/2010;13500;13500;13500;13500;423
2010-07-19;19/07/2010;13500;13500;13500;13500;1597
2010-07-20;20/07/2010;13500;13500;13500;13500;1100
2010-07-21;21/07/2010;13500;13500;13500;13500;350
2010-07-22;22/07/2010;13400;13400;13400;13400;31
2010-07-23;23/07/2010;13400;13400;13400;13400;2
2010-07-26;26/07/2010;13400;13400;13400;13400;421
2010-07-27;27/07/2010;13400;13400;13400;13400;122
2010-07-28;28/07/2010;13400;13400;13400;13400;300
2010-07-29;29/07/2010;13400;13400;13400;13400;3692
2010-07-30;30/07/2010;13400;13400;13400;13400;30
2010-08-02;02/08/2010;13400;13400;13400;13400;130
2010-08-03;03/08/2010;13400;13400;13400;13400;1781
2010-08-04;04/08/2010;13400;13400;13400;13400;60
2010-08-05;05/08/2010;13400;13400;13400;13400;200
2010-08-06;06/08/2010;13400;13400;13400;13400;200
2010-08-09;09/08/2010;13400;13400;13400;13400;120
2010-08-10;10/08/2010;13400;13400;13400;13400;190
2010-08-11;11/08/2010;13400;13400;13400;13400;253
2010-08-12;12/08/2010;13400;13400;13400;13400;100
2010-08-13;13/08/2010;13400;13400;13400;13400;2763
2010-08-16;16/08/2010;13500;13500;13500;13500;310
2010-08-17;17/08/2010;13400;13400;13400;13400;360
2010-08-18;18/08/2010;13300;13300;13300;13300;181
2010-08-19;19/08/2010;13400;13400;13400;13400;294
2010-08-20;20/08/2010;13400;13400;13400;13400;106
2010-08-23;23/08/2010;13400;13400;13400;13400;140
2010-08-24;24/08/2010;13400;13400;13400;13400;276
2010-08-25;25/08/2010;13400;13400;13400;13400;385
2010-08-26;26/08/2010;13300;13300;13300;13300;17
2010-08-27;27/08/2010;13300;13300;13300;13300;40
2010-08-30;30/08/2010;13390;13390;13390;13390;400
2010-08-31;31/08/2010;13300;13300;13300;13300;850
2010-09-01;01/09/2010;13300;13300;13300;13300;568
2010-09-02;02/09/2010;13300;13300;13300;13300;5430
2010-09-03;03/09/2010;13300;13300;13300;13300;135
2010-09-07;07/09/2010;13300;13300;13300;13300;591
2010-09-08;08/09/2010;13300;13300;13300;13300;3547
2010-09-09;09/09/2010;13400;13400;13400;13400;322
2010-09-13;13/09/2010;13400;13400;13400;13400;300
2010-09-14;14/09/2010;13400;13400;13400;13400;110
2010-09-15;15/09/2010;13300;13300;13300;13300;4031
2010-09-16;16/09/2010;13400;13400;13400;13400;439
2010-09-17;17/09/2010;13400;13400;13400;13400;400
2010-09-20;20/09/2010;13400;13400;13400;13400;330
2010-09-21;21/09/2010;13400;13400;13400;13400;678
2010-09-22;22/09/2010;13500;13500;13500;13500;70
2010-09-23;23/09/2010;13500;13500;13500;13500;8
2010-09-24;24/09/2010;13500;13500;13500;13500;330
2010-09-27;27/09/2010;14000;14000;14000;14000;220
2010-09-28;28/09/2010;13500;13500;13500;13500;1000
2010-09-29;29/09/2010;14000;14000;14000;14000;13128
2010-09-30;30/09/2010;14000;14000;14000;14000;331
2010-10-01;01/10/2010;14000;14000;14000;14000;216
2010-10-04;04/10/2010;14000;14000;14000;14000;170
2010-10-05;05/10/2010;14000;14000;14000;14000;230
2010-10-06;06/10/2010;13800;13800;13800;13800;3115
2010-10-07;07/10/2010;13800;13800;13800;13800;1885
2010-10-08;08/10/2010;13800;13800;13800;13800;462
2010-10-11;11/10/2010;13800;13800;13800;13800;100
2010-10-12;12/10/2010;13800;13800;13800;13800;6670
2010-10-13;13/10/2010;13800;13800;13800;13800;2464
2010-10-14;14/10/2010;14000;14000;14000;14000;300
2010-10-15;15/10/2010;14000;14000;14000;14000;141
2010-10-18;18/10/2010;14000;14000;14000;14000;160
2010-10-19;19/10/2010;13943;13943;13943;13943;253
2010-10-20;20/10/2010;14000;14000;14000;14000;2050
2010-10-21;21/10/2010;14000;14000;14000;14000;114
2010-10-22;22/10/2010;14000;14000;14000;14000;1000
2010-10-25;25/10/2010;14000;14000;14000;14000;16
2010-10-26;26/10/2010;14000;14000;14000;14000;125
2010-10-27;27/10/2010;14000;14000;14000;14000;413
2010-10-28;28/10/2010;14000;14000;14000;14000;123
2010-10-29;29/10/2010;14500;14500;14500;14500;5142
2010-11-02;02/11/2010;14500;14500;14500;14500;2334
2010-11-03;03/11/2010;14500;14500;14500;14500;2300
2010-11-04;04/11/2010;15000;15000;15000;15000;5000
2010-11-05;05/11/2010;15000;15000;15000;15000;200
2010-11-08;08/11/2010;15000;15000;15000;15000;170
2010-11-09;09/11/2010;15000;15000;15000;15000;235
2010-11-10;10/11/2010;15000;15000;15000;15000;5010
2010-11-11;11/11/2010;15000;15000;15000;15000;5021
2010-11-12;12/11/2010;15000;15000;15000;15000;167
2010-11-17;17/11/2010;15000;15000;15000;15000;230
2010-11-18;18/11/2010;15000;15000;15000;15000;10
2010-11-19;19/11/2010;15000;15000;15000;15000;56
2010-11-22;22/11/2010;15000;15000;15000;15000;143
2010-11-23;23/11/2010;15000;15000;15000;15000;1942
2010-11-24;24/11/2010;15000;15000;15000;15000;41
2010-11-25;25/11/2010;15000;15000;15000;15000;15
2010-11-26;26/11/2010;15000;15000;15000;15000;277
2010-11-29;29/11/2010;15000;15000;15000;15000;216
2010-11-30;30/11/2010;15000;15000;15000;15000;2413
2010-12-01;01/12/2010;15000;15000;15000;15000;110
2010-12-02;02/12/2010;15000;15000;15000;15000;434
2010-12-03;03/12/2010;15001;15001;15001;15001;119
2010-12-06;06/12/2010;15003;15003;15003;15003;320
2010-12-07;07/12/2010;15000;15000;15000;15000;1284
2010-12-08;08/12/2010;15000;15000;15000;15000;531
2010-12-09;09/12/2010;15003;15003;15003;15003;186
2010-12-10;10/12/2010;15010;15010;15010;15010;191
2010-12-13;13/12/2010;15010;15010;15010;15010;99
2010-12-14;14/12/2010;15010;15010;15010;15010;324
2010-12-15;15/12/2010;15030;15030;15030;15030;137
2010-12-16;16/12/2010;15050;15050;15050;15050;1846
2010-12-20;20/12/2010;15050;15050;15050;15050;52
2010-12-21;21/12/2010;15200;15200;15200;15200;1700
2010-12-22;22/12/2010;15200;15200;15200;15200;259
2010-12-23;23/12/2010;15200;15200;15200;15200;1840
2010-12-24;24/12/2010;15215;15215;15215;15215;55
2010-12-27;27/12/2010;15220;15220;15220;15220;87
2010-12-28;28/12/2010;15220;15220;15220;15220;37201
2010-12-29;29/12/2010;15300;15300;15300;15300;68
2010-12-30;30/12/2010;15400;15400;15400;15400;100
2010-12-31;31/12/2010;15400;15400;15400;15400;208
2011-01-03;03/01/2011;15450;15450;15450;15450;103
2011-01-04;04/01/2011;15500;15500;15500;15500;566
2011-01-05;05/01/2011;15610;15610;15610;15610;181
2011-01-06;06/01/2011;16100;16100;16100;16100;246
2011-01-07;07/01/2011;17308;17308;17308;17308;677
2011-01-10;10/01/2011;18606;18606;18606;18606;3578
2011-01-11;11/01/2011;18606;18606;18606;18606;1915
2011-01-14;14/01/2011;18000;18000;18000;18000;53
2011-01-17;17/01/2011;17720;17720;17720;17720;111
2011-01-18;18/01/2011;17500;17500;17500;17500;216
2011-01-19;19/01/2011;17345;17345;17345;17345;194
2011-01-20;20/01/2011;17000;17000;17000;17000;197
2011-01-21;21/01/2011;16937;16937;16937;16937;467
2011-01-24;24/01/2011;17000;17000;17000;17000;311
2011-01-25;25/01/2011;17000;17000;17000;17000;350
2011-01-26;26/01/2011;17000;17000;17000;17000;360
2011-01-27;27/01/2011;17000;17000;17000;17000;350
2011-01-28;28/01/2011;16500;16500;16500;16500;214
2011-01-31;31/01/2011;16400;16400;16400;16400;557
2011-02-01;01/02/2011;15170;15170;15170;15170;317
2011-02-02;02/02/2011;15000;15000;15000;15000;1423
2011-02-03;03/02/2011;15000;15000;15000;15000;448
2011-02-04;04/02/2011;15500;15500;15500;15500;374
2011-02-07;07/02/2011;16000;16000;16000;16000;8000
2011-02-08;08/02/2011;16000;16000;16000;16000;67
2011-02-10;10/02/2011;16000;16000;16000;16000;31
2011-02-11;11/02/2011;16000;16000;16000;16000;388
2011-03-01;01/03/2011;16000;16000;16000;16000;31
2011-03-02;02/03/2011;16000;16000;16000;16000;167
2011-03-03;03/03/2011;16000;16000;16000;16000;192
2011-03-04;04/03/2011;16000;16000;16000;16000;475
2011-03-07;07/03/2011;16500;16500;16500;16500;82
2011-03-08;08/03/2011;16500;16500;16500;16500;72
2011-03-09;09/03/2011;16500;16500;16500;16500;18
2011-03-10;10/03/2011;16500;16500;16500;16500;110
2011-03-11;11/03/2011;16500;16500;16500;16500;66
2011-03-14;14/03/2011;16500;16500;16500;16500;6
2011-03-15;15/03/2011;16500;16500;16500;16500;142
2011-03-16;16/03/2011;16500;16500;16500;16500;137
2011-03-17;17/03/2011;16500;16500;16500;16500;2
2011-03-18;18/03/2011;16500;16500;16500;16500;207
2011-03-21;21/03/2011;16500;16500;16500;16500;60
2011-03-22;22/03/2011;16500;16500;16500;16500;45
2011-03-23;23/03/2011;16500;16500;16500;16500;65
2011-03-25;25/03/2011;16500;16500;16500;16500;104
2011-03-28;28/03/2011;16500;16500;16500;16500;11
2011-03-29;29/03/2011;16500;16500;16500;16500;65
2011-03-30;30/03/2011;16500;16500;16500;16500;80
2011-03-31;31/03/2011;16500;16500;16500;16500;768
2011-04-01;01/04/2011;16500;16500;16500;16500;15
2011-04-04;04/04/2011;16500;16500;16500;16500;113
2011-04-06;06/04/2011;16500;16500;16500;16500;67
2011-04-07;07/04/2011;16500;16500;16500;16500;82
2011-04-08;08/04/2011;16500;16500;16500;16500;252
2011-04-11;11/04/2011;16500;16500;16500;16500;75
2011-04-12;12/04/2011;16500;16500;16500;16500;52
2011-04-13;13/04/2011;16500;16500;16500;16500;120
2011-04-14;14/04/2011;16500;16500;16500;16500;125
2011-04-15;15/04/2011;16500;16500;16500;16500;100
2011-04-18;18/04/2011;16500;16500;16500;16500;80
2011-04-19;19/04/2011;16500;16500;16500;16500;155
2011-04-20;20/04/2011;16500;16500;16500;16500;191
2011-04-21;21/04/2011;16500;16500;16500;16500;126
2011-04-22;22/04/2011;16500;16500;16500;16500;103
2011-04-26;26/04/2011;16383;16383;16383;16383;10
2011-04-27;27/04/2011;16383;16383;16383;16383;140
2011-04-28;28/04/2011;16383;16383;16383;16383;27
2011-04-29;29/04/2011;16300;16300;16300;16300;230
2011-05-03;03/05/2011;16300;16300;16300;16300;627
2011-05-06;06/05/2011;15500;15500;15500;15500;4001
2011-05-09;09/05/2011;15500;15500;15500;15500;53
2011-05-10;10/05/2011;15400;15400;15400;15400;193
2011-05-11;11/05/2011;15400;15400;15400;15400;321
2011-05-12;12/05/2011;15400;15400;15400;15400;192
2011-05-16;16/05/2011;15400;15400;15400;15400;59
2011-05-17;17/05/2011;15400;15400;15400;15400;94
2011-05-18;18/05/2011;15400;15400;15400;15400;10
2011-05-19;19/05/2011;15400;15400;15400;15400;58
2011-05-20;20/05/2011;15400;15400;15400;15400;4850
2011-05-23;23/05/2011;14245;14245;14245;14245;82
2011-05-24;24/05/2011;15313;15313;15313;15313;810
2011-05-25;25/05/2011;15313;15313;15313;15313;143
2011-05-26;26/05/2011;15313;15313;15313;15313;37
2011-05-27;27/05/2011;15313;15313;15313;15313;20
2011-05-30;30/05/2011;15313;15313;15313;15313;175
2011-05-31;31/05/2011;15313;15313;15313;15313;970
2011-06-01;01/06/2011;15300;15300;15300;15300;106
2011-06-06;06/06/2011;15300;15300;15300;15300;7445
2011-06-07;07/06/2011;15200;15200;15200;15200;1000
2011-06-08;08/06/2011;15000;15000;15000;15000;540
2011-06-09;09/06/2011;15000;15000;15000;15000;60
2011-06-10;10/06/2011;15000;15000;15000;15000;150
2011-06-14;14/06/2011;14900;14900;14900;14900;60
2011-06-15;15/06/2011;14900;14900;14900;14900;219
2011-06-16;16/06/2011;14900;14900;14900;14900;321
2011-06-17;17/06/2011;14900;14900;14900;14900;400
2011-06-20;20/06/2011;14900;14900;14900;14900;292
2011-06-21;21/06/2011;14000;14000;14000;14000;10000
2011-06-22;22/06/2011;13900;13900;13900;13900;37
2011-06-23;23/06/2011;14000;14000;14000;14000;993
2011-06-24;24/06/2011;14000;14000;14000;14000;158
2011-06-27;27/06/2011;14500;14500;14500;14500;212
2011-06-28;28/06/2011;14000;14000;14000;14000;675
2011-06-29;29/06/2011;13648;13648;13648;13648;273
2011-06-30;30/06/2011;14500;14500;14500;14500;470
2011-07-01;01/07/2011;14500;14500;14500;14500;441
2011-07-04;04/07/2011;14500;14500;14500;14500;262
2011-07-05;05/07/2011;14500;14500;14500;14500;188
2011-07-06;06/07/2011;14500;14500;14500;14500;177
2011-07-07;07/07/2011;14500;14500;14500;14500;397
2011-07-08;08/07/2011;14500;14500;14500;14500;150
2011-07-11;11/07/2011;14000;14000;14000;14000;1718
2011-07-12;12/07/2011;14500;14500;14500;14500;135
2011-07-13;13/07/2011;14500;14500;14500;14500;100
2011-07-14;14/07/2011;14500;14500;14500;14500;110
2011-07-15;15/07/2011;14500;14500;14500;14500;237
2011-07-18;18/07/2011;14500;14500;14500;14500;4
2011-07-19;19/07/2011;14500;14500;14500;14500;85
2011-07-20;20/07/2011;14200;14200;14200;14200;401
2011-07-21;21/07/2011;14500;14500;14500;14500;452
2011-07-22;22/07/2011;14450;14450;14450;14450;383
2011-07-25;25/07/2011;14500;14500;14500;14500;405
2011-07-26;26/07/2011;14500;14500;14500;14500;155
2011-07-27;27/07/2011;14500;14500;14500;14500;451
2011-07-28;28/07/2011;14450;14450;14450;14450;117
2011-07-29;29/07/2011;14200;14200;14200;14200;21
2011-08-01;01/08/2011;14000;14000;14000;14000;1243
2011-08-02;02/08/2011;14000;14000;14000;14000;42
2011-08-03;03/08/2011;14000;14000;14000;14000;3555
2011-08-04;04/08/2011;14000;14000;14000;14000;27
2011-08-05;05/08/2011;14000;14000;14000;14000;142
2011-08-09;09/08/2011;14000;14000;14000;14000;730
2011-08-10;10/08/2011;14000;14000;14000;14000;1621
2011-08-11;11/08/2011;14000;14000;14000;14000;37
2011-08-12;12/08/2011;14000;14000;14000;14000;606
2011-08-16;16/08/2011;14000;14000;14000;14000;781
2011-08-17;17/08/2011;13950;13950;13950;13950;792
2011-08-18;18/08/2011;13500;13500;13500;13500;62
2011-08-19;19/08/2011;13400;13400;13400;13400;110
2011-08-22;22/08/2011;13000;13000;13000;13000;625
2011-08-23;23/08/2011;12500;12500;12500;12500;345
2011-08-24;24/08/2011;13000;13000;13000;13000;210
2011-08-25;25/08/2011;13000;13000;13000;13000;186
2011-08-26;26/08/2011;12900;12900;12900;12900;3950
2011-08-29;29/08/2011;12900;12900;12900;12900;127
2011-08-31;31/08/2011;12900;12900;12900;12900;457
2011-09-01;01/09/2011;12900;12900;12900;12900;195
2011-09-02;02/09/2011;12800;12800;12800;12800;1268
2011-09-05;05/09/2011;12900;12900;12900;12900;923
2011-09-06;06/09/2011;12200;12200;12200;12200;11291
2011-09-07;07/09/2011;12000;12000;12000;12000;10768
2011-09-08;08/09/2011;12500;12500;12500;12500;80
2011-09-09;09/09/2011;12500;12500;12500;12500;1418
2011-09-12;12/09/2011;12200;12200;12200;12200;582
2011-09-13;13/09/2011;12500;12500;12500;12500;593
2011-09-14;14/09/2011;12450;12450;12450;12450;1925
2011-09-15;15/09/2011;12500;12500;12500;12500;745
2011-09-16;16/09/2011;12500;12500;12500;12500;2835
2011-09-19;19/09/2011;12500;12500;12500;12500;2505
2011-09-20;20/09/2011;12300;12300;12300;12300;7663
2011-09-21;21/09/2011;12000;12000;12000;12000;1768
2011-09-22;22/09/2011;12200;12200;12200;12200;4801
2011-09-23;23/09/2011;12200;12200;12200;12200;2313
2011-09-26;26/09/2011;12200;12200;12200;12200;204
2011-09-27;27/09/2011;12210;12210;12210;12210;76
2011-09-28;28/09/2011;12300;12300;12300;12300;205
2011-09-29;29/09/2011;12300;12300;12300;12300;87
2011-09-30;30/09/2011;12200;12200;12200;12200;3519
2011-10-03;03/10/2011;12200;12200;12200;12200;168
2011-10-04;04/10/2011;12100;12100;12100;12100;766
2011-10-05;05/10/2011;12200;12200;12200;12200;80
2011-10-06;06/10/2011;12400;12400;12400;12400;260
2011-10-07;07/10/2011;12400;12400;12400;12400;31
2011-10-10;10/10/2011;12500;12500;12500;12500;102
2011-10-11;11/10/2011;12300;12300;12300;12300;153
2011-10-12;12/10/2011;12500;12500;12500;12500;252
2011-10-13;13/10/2011;12500;12500;12500;12500;1104
2011-10-14;14/10/2011;12300;12300;12300;12300;490
2011-10-17;17/10/2011;12300;12300;12300;12300;1097
2011-10-18;18/10/2011;12500;12500;12500;12500;500
2011-10-19;19/10/2011;12500;12500;12500;12500;502
2011-10-20;20/10/2011;12500;12500;12500;12500;1300
2011-10-21;21/10/2011;12400;12400;12400;12400;998
2011-10-24;24/10/2011;12400;12400;12400;12400;808
2011-10-25;25/10/2011;12300;12300;12300;12300;1687
2011-10-26;26/10/2011;12300;12300;12300;12300;200
2011-10-27;27/10/2011;12400;12400;12400;12400;1384
2011-10-28;28/10/2011;12400;12400;12400;12400;675
2011-10-31;31/10/2011;12400;12400;12400;12400;502
2011-11-02;02/11/2011;12400;12400;12400;12400;535
2011-11-03;03/11/2011;12400;12400;12400;12400;713
2011-11-04;04/11/2011;12500;12500;12500;12500;900
2011-11-08;08/11/2011;12600;12600;12600;12600;700
2011-11-09;09/11/2011;12600;12600;12600;12600;650
2011-11-10;10/11/2011;13000;13000;13000;13000;570
2011-11-11;11/11/2011;13000;13000;13000;13000;519
2011-11-14;14/11/2011;13000;13000;13000;13000;950
2011-11-16;16/11/2011;12900;12900;12900;12900;600
2011-11-17;17/11/2011;12500;12500;12500;12500;70
2011-11-18;18/11/2011;12900;12900;12900;12900;1255
2011-11-21;21/11/2011;12900;12900;12900;12900;885
2011-11-22;22/11/2011;12700;12700;12700;12700;1008
2011-11-23;23/11/2011;12700;12700;12700;12700;1152
2011-11-24;24/11/2011;12700;12700;12700;12700;821
2011-11-25;25/11/2011;12700;12700;12700;12700;2032
2011-11-28;28/11/2011;12700;12700;12700;12700;1020
2011-11-29;29/11/2011;12600;12600;12600;12600;1439
2011-11-30;30/11/2011;12600;12600;12600;12600;1235
2011-12-01;01/12/2011;12600;12600;12600;12600;1710
2011-12-02;02/12/2011;12540;12540;12540;12540;800
2011-12-05;05/12/2011;12500;12500;12500;12500;1158
2011-12-06;06/12/2011;12500;12500;12500;12500;1206
2011-12-07;07/12/2011;12300;12300;12300;12300;967
2011-12-08;08/12/2011;12100;12100;12100;12100;810
2011-12-09;09/12/2011;12000;12000;12000;12000;2641
2011-12-12;12/12/2011;12001;12001;12001;12001;149
2011-12-13;13/12/2011;12000;12000;12000;12000;2239
2011-12-14;14/12/2011;12000;12000;12000;12000;2697
2011-12-15;15/12/2011;12000;12000;12000;12000;711
2011-12-16;16/12/2011;12000;12000;12000;12000;3453
2011-12-19;19/12/2011;12000;12000;12000;12000;2502
2011-12-20;20/12/2011;12000;12000;12000;12000;9232
2011-12-21;21/12/2011;11900;11900;11900;11900;57
2011-12-22;22/12/2011;12000;12000;12000;12000;2055
2011-12-23;23/12/2011;12000;12000;12000;12000;2210
2011-12-27;27/12/2011;11100;11100;11100;11100;20023
2011-12-28;28/12/2011;11100;11100;11100;11100;15747
2011-12-29;29/12/2011;11933;11933;11933;11933;13124
2011-12-30;30/12/2011;12000;12000;12000;12000;45008
2012-01-03;03/01/2012;12001;12001;12001;12001;1691
2012-01-04;04/01/2012;12000;12000;12000;12000;2153
2012-01-05;05/01/2012;12000;12000;12000;12000;1791
2012-01-06;06/01/2012;12500;12500;12500;12500;1007
2012-01-09;09/01/2012;12500;12500;12500;12500;359
2012-01-10;10/01/2012;12500;12500;12500;12500;258
2012-01-11;11/01/2012;12500;12500;12500;12500;327
2012-01-12;12/01/2012;12500;12500;12500;12500;600
2012-01-13;13/01/2012;12500;12500;12500;12500;3200
2012-01-16;16/01/2012;12490;12490;12490;12490;13
2012-01-17;17/01/2012;12400;12400;12400;12400;5000
2012-01-18;18/01/2012;12490;12490;12490;12490;5005
2012-01-19;19/01/2012;12480;12480;12480;12480;85
2012-01-20;20/01/2012;12400;12400;12400;12400;3984
2012-01-23;23/01/2012;12300;12300;12300;12300;201
2012-01-24;24/01/2012;12200;12200;12200;12200;154
2012-01-25;25/01/2012;12000;12000;12000;12000;1567
2012-01-26;26/01/2012;12000;12000;12000;12000;587
2012-01-27;27/01/2012;12001;12001;12001;12001;124
2012-01-30;30/01/2012;12000;12000;12000;12000;1719
2012-01-31;31/01/2012;12000;12000;12000;12000;495
2012-02-01;01/02/2012;12000;12000;12000;12000;148
2012-02-02;02/02/2012;12000;12000;12000;12000;2853
2012-02-03;03/02/2012;12400;12400;12400;12400;151
2012-02-06;06/02/2012;12400;12400;12400;12400;235
2012-02-07;07/02/2012;12400;12400;12400;12400;400
2012-02-08;08/02/2012;12400;12400;12400;12400;287
2012-02-09;09/02/2012;12400;12400;12400;12400;3709
2012-02-10;10/02/2012;12405;12405;12405;12405;177
2012-02-14;14/02/2012;12400;12400;12400;12400;162
2012-02-15;15/02/2012;12400;12400;12400;12400;753
2012-02-16;16/02/2012;12400;12400;12400;12400;2086
2012-02-17;17/02/2012;12500;12500;12500;12500;382
2012-02-20;20/02/2012;12500;12500;12500;12500;215
2012-02-21;21/02/2012;12500;12500;12500;12500;95
2012-02-22;22/02/2012;12500;12500;12500;12500;154
2012-02-23;23/02/2012;12501;12501;12501;12501;125
2012-02-24;24/02/2012;12600;12600;12600;12600;565
2012-02-27;27/02/2012;12600;12600;12600;12600;1708
2012-02-28;28/02/2012;12600;12600;12600;12600;325
2012-02-29;29/02/2012;12600;12600;12600;12600;287
2012-03-01;01/03/2012;12600;12600;12600;12600;493
2012-03-02;02/03/2012;12600;12600;12600;12600;525
2012-03-05;05/03/2012;12600;12600;12600;12600;2005
2012-03-06;06/03/2012;12600;12600;12600;12600;881
2012-03-07;07/03/2012;12600;12600;12600;12600;720
2012-03-08;08/03/2012;12600;12600;12600;12600;3714
2012-03-09;09/03/2012;12595;12595;12595;12595;346
2012-03-12;12/03/2012;12595;12595;12595;12595;167
2012-03-13;13/03/2012;12595;12595;12595;12595;250
2012-03-14;14/03/2012;12590;12590;12590;12590;713
2012-03-15;15/03/2012;12595;12595;12595;12595;341
2012-03-16;16/03/2012;12601;12601;12601;12601;18
2012-03-19;19/03/2012;12601;12601;12601;12601;1373
2012-03-20;20/03/2012;12610;12610;12610;12610;1219
2012-03-21;21/03/2012;12601;12601;12601;12601;1471
2012-03-22;22/03/2012;12601;12601;12601;12601;673
2012-03-23;23/03/2012;12601;12601;12601;12601;311
2012-03-26;26/03/2012;12601;12601;12601;12601;1277
2012-03-27;27/03/2012;12601;12601;12601;12601;335
2012-03-28;28/03/2012;12650;12650;12650;12650;2029
2012-03-29;29/03/2012;12650;12650;12650;12650;24
2012-03-30;30/03/2012;12700;12700;12700;12700;304
2012-04-02;02/04/2012;13000;13000;13000;13000;1559
2012-04-03;03/04/2012;12800;12800;12800;12800;676
2012-04-04;04/04/2012;12800;12800;12800;12800;758
2012-04-05;05/04/2012;12800;12800;12800;12800;3856
2012-04-06;06/04/2012;13001;13001;13001;13001;11
2012-04-10;10/04/2012;12900;12900;12900;12900;254
2012-04-11;11/04/2012;12800;12800;12800;12800;216
2012-04-12;12/04/2012;12600;12600;12600;12600;425
2012-04-13;13/04/2012;12600;12600;12600;12600;314
2012-04-16;16/04/2012;12600;12600;12600;12600;1677
2012-04-17;17/04/2012;12600;12600;12600;12600;508
2012-04-18;18/04/2012;12600;12600;12600;12600;196
2012-04-19;19/04/2012;12600;12600;12600;12600;1687
2012-04-20;20/04/2012;12700;12700;12700;12700;154
2012-04-23;23/04/2012;12600;12600;12600;12600;1679
2012-04-24;24/04/2012;12590;12590;12590;12590;666
2012-04-25;25/04/2012;12500;12500;12500;12500;359
2012-04-26;26/04/2012;12500;12500;12500;12500;204
2012-04-27;27/04/2012;12500;12500;12500;12500;491
2012-05-02;02/05/2012;10500;10500;10500;10500;10
2012-05-04;04/05/2012;11300;11300;11300;11300;329
2012-05-07;07/05/2012;11200;11200;11200;11200;2112
2012-05-08;08/05/2012;11200;11200;11200;11200;1172
2012-05-09;09/05/2012;11200;11200;11200;11200;2487
2012-05-10;10/05/2012;11300;11300;11300;11300;3068
2012-05-11;11/05/2012;11300;11300;11300;11300;4758
2012-05-14;14/05/2012;11300;11300;11300;11300;129
2012-05-15;15/05/2012;11300;11300;11300;11300;713
2012-05-16;16/05/2012;11300;11300;11300;11300;4012
2012-05-18;18/05/2012;11300;11300;11300;11300;413
2012-05-21;21/05/2012;11300;11300;11300;11300;886
2012-05-22;22/05/2012;11300;11300;11300;11300;870
2012-05-23;23/05/2012;11300;11300;11300;11300;757
2012-05-24;24/05/2012;11300;11300;11300;11300;1124
2012-05-25;25/05/2012;11300;11300;11300;11300;384
2012-05-29;29/05/2012;11300;11300;11300;11300;14319
2012-05-30;30/05/2012;11400;11400;11400;11400;3070
2012-05-31;31/05/2012;11400;11400;11400;11400;1364
2012-06-01;01/06/2012;11300;11300;11300;11300;1025
2012-06-04;04/06/2012;11400;11400;11400;11400;305
2012-06-05;05/06/2012;11400;11400;11400;11400;1031
2012-06-06;06/06/2012;11400;11400;11400;11400;296
2012-06-07;07/06/2012;11400;11400;11400;11400;578
2012-06-08;08/06/2012;11300;11300;11300;11300;879
2012-06-11;11/06/2012;11399;11399;11399;11399;1335
2012-06-12;12/06/2012;11350;11350;11350;11350;1348
2012-06-13;13/06/2012;11300;11300;11300;11300;325
2012-06-14;14/06/2012;11350;11350;11350;11350;194
2012-06-15;15/06/2012;11300;11300;11300;11300;4548
2012-06-18;18/06/2012;11300;11300;11300;11300;230
2012-06-19;19/06/2012;11290;11290;11290;11290;170
2012-06-20;20/06/2012;11300;11300;11300;11300;1826
2012-06-21;21/06/2012;11300;11300;11300;11300;1606
2012-06-22;22/06/2012;11300;11300;11300;11300;111
2012-06-25;25/06/2012;11400;11400;11400;11400;800
2012-06-26;26/06/2012;11400;11400;11400;11400;1324
2012-06-27;27/06/2012;11400;11400;11400;11400;868
2012-06-28;28/06/2012;11300;11300;11300;11300;276
2012-06-29;29/06/2012;11400;11400;11400;11400;615
2012-07-02;02/07/2012;11400;11400;11400;11400;530
2012-07-03;03/07/2012;11400;11400;11400;11400;501
2012-07-04;04/07/2012;11400;11400;11400;11400;266
2012-07-05;05/07/2012;11400;11400;11400;11400;75
2012-07-06;06/07/2012;11400;11400;11400;11400;109
2012-07-09;09/07/2012;11400;11400;11400;11400;242
2012-07-10;10/07/2012;11300;11300;11300;11300;1776
2012-07-11;11/07/2012;11300;11300;11300;11300;2166
2012-07-12;12/07/2012;11300;11300;11300;11300;644
2012-07-13;13/07/2012;11300;11300;11300;11300;352
2012-07-16;16/07/2012;11300;11300;11300;11300;396
2012-07-17;17/07/2012;11300;11300;11300;11300;5438
2012-07-18;18/07/2012;11305;11305;11305;11305;93
2012-07-19;19/07/2012;11402;11402;11402;11402;68
2012-07-20;20/07/2012;11450;11450;11450;11450;3000
2012-07-23;23/07/2012;11700;11700;11700;11700;637
2012-07-24;24/07/2012;11400;11400;11400;11400;763
2012-07-25;25/07/2012;11300;11300;11300;11300;1891
2012-07-26;26/07/2012;11300;11300;11300;11300;2255
2012-07-27;27/07/2012;11350;11350;11350;11350;100
2012-07-30;30/07/2012;11320;11320;11320;11320;695
2012-07-31;31/07/2012;11300;11300;11300;11300;328
2012-08-01;01/08/2012;11301;11301;11301;11301;490
2012-08-02;02/08/2012;11341;11341;11341;11341;176
2012-08-03;03/08/2012;11400;11400;11400;11400;776
2012-08-08;08/08/2012;11400;11400;11400;11400;3039
2012-08-09;09/08/2012;11400;11400;11400;11400;1963
2012-08-10;10/08/2012;11500;11500;11500;11500;64
2012-08-13;13/08/2012;11500;11500;11500;11500;1350
2012-08-14;14/08/2012;11500;11500;11500;11500;755
2012-08-16;16/08/2012;11500;11500;11500;11500;598
2012-08-17;17/08/2012;11500;11500;11500;11500;419
2012-08-21;21/08/2012;11500;11500;11500;11500;1117
2012-08-22;22/08/2012;11500;11500;11500;11500;141
2012-08-23;23/08/2012;11500;11500;11500;11500;610
2012-08-24;24/08/2012;11500;11500;11500;11500;155
2012-08-27;27/08/2012;11500;11500;11500;11500;2557
2012-08-28;28/08/2012;11500;11500;11500;11500;432
2012-08-29;29/08/2012;11500;11500;11500;11500;392
2012-08-30;30/08/2012;11500;11500;11500;11500;902
2012-08-31;31/08/2012;11500;11500;11500;11500;379
2012-09-03;03/09/2012;11501;11501;11501;11501;367
2012-09-04;04/09/2012;11500;11500;11500;11500;1439
2012-09-05;05/09/2012;11500;11500;11500;11500;4266
2012-09-06;06/09/2012;11500;11500;11500;11500;1871
2012-09-07;07/09/2012;11500;11500;11500;11500;1504
2012-09-10;10/09/2012;11500;11500;11500;11500;1661
2012-09-11;11/09/2012;11500;11500;11500;11500;1347
2012-09-12;12/09/2012;11500;11500;11500;11500;431
2012-09-13;13/09/2012;11500;11500;11500;11500;347
2012-09-14;14/09/2012;11500;11500;11500;11500;179
2012-09-17;17/09/2012;11500;11500;11500;11500;2123
2012-09-18;18/09/2012;11500;11500;11500;11500;2058
2012-09-19;19/09/2012;11500;11500;11500;11500;2522
2012-09-20;20/09/2012;11500;11500;11500;11500;867
2012-09-21;21/09/2012;11500;11500;11500;11500;550
2012-09-24;24/09/2012;11500;11500;11500;11500;474
2012-09-25;25/09/2012;11500;11500;11500;11500;190
2012-09-26;26/09/2012;11500;11500;11500;11500;612
2012-09-27;27/09/2012;11500;11500;11500;11500;592
2012-09-28;28/09/2012;11500;11500;11500;11500;481
2012-10-01;01/10/2012;10638;10638;10638;10638;232
2012-10-02;02/10/2012;11435;11435;11435;11435;184
2012-10-03;03/10/2012;11500;11500;11500;11500;2075
2012-10-04;04/10/2012;11500;11500;11500;11500;10252
2012-10-05;05/10/2012;11500;11500;11500;11500;1642
2012-10-08;08/10/2012;11500;11500;11500;11500;2068
2012-10-09;09/10/2012;11700;11700;11700;11700;804
2012-10-10;10/10/2012;11590;11590;11590;11590;512
2012-10-11;11/10/2012;11700;11700;11700;11700;601
2012-10-12;12/10/2012;11700;11700;11700;11700;5476
2012-10-15;15/10/2012;11700;11700;11700;11700;572
2012-10-16;16/10/2012;11700;11700;11700;11700;699
2012-10-17;17/10/2012;11800;11800;11800;11800;382
2012-10-18;18/10/2012;11800;11800;11800;11800;517
2012-10-19;19/10/2012;11800;11800;11800;11800;832
2012-10-22;22/10/2012;11800;11800;11800;11800;1083
2012-10-23;23/10/2012;11800;11800;11800;11800;1299
2012-10-24;24/10/2012;11700;11700;11700;11700;3069
2012-10-25;25/10/2012;11700;11700;11700;11700;1589
2012-10-29;29/10/2012;11700;11700;11700;11700;10428
2012-10-30;30/10/2012;12000;12000;12000;12000;195
2012-10-31;31/10/2012;12000;12000;12000;12000;318
2012-11-02;02/11/2012;12000;12000;12000;12000;9952
2012-11-05;05/11/2012;12000;12000;12000;12000;1343
2012-11-06;06/11/2012;12000;12000;12000;12000;4226
2012-11-07;07/11/2012;12110;12110;12110;12110;113
2012-11-08;08/11/2012;12100;12100;12100;12100;356
2012-11-09;09/11/2012;12501;12501;12501;12501;252
2012-11-12;12/11/2012;13439;13439;13439;13439;402
2012-11-13;13/11/2012;14400;14400;14400;14400;601
2012-11-14;14/11/2012;14400;14400;14400;14400;2090
2012-11-16;16/11/2012;14000;14000;14000;14000;488
2012-11-19;19/11/2012;14000;14000;14000;14000;642
2012-11-20;20/11/2012;14000;14000;14000;14000;5795
2012-11-21;21/11/2012;14000;14000;14000;14000;7120
2012-11-22;22/11/2012;14000;14000;14000;14000;576
2012-11-23;23/11/2012;14000;14000;14000;14000;4872
2012-11-26;26/11/2012;14000;14000;14000;14000;5906
2012-11-27;27/11/2012;14000;14000;14000;14000;3085
2012-11-28;28/11/2012;14000;14000;14000;14000;6517
2012-11-29;29/11/2012;14020;14020;14020;14020;5023
2012-11-30;30/11/2012;14400;14400;14400;14400;8587
2012-12-03;03/12/2012;15000;15000;15000;15000;13410
2012-12-04;04/12/2012;15000;15000;15000;15000;14696
2012-12-05;05/12/2012;15000;15000;15000;15000;81868
2012-12-06;06/12/2012;15000;15000;15000;15000;22868
2012-12-07;07/12/2012;15000;15000;15000;15000;43838
2012-12-10;10/12/2012;15000;15000;15000;15000;87798
2012-12-11;11/12/2012;15000;15000;15000;15000;47349
2012-12-12;12/12/2012;15000;15000;15000;15000;6454
2012-12-13;13/12/2012;15000;15000;15000;15000;28907
2012-12-14;14/12/2012;15000;15000;15000;15000;32497
2012-12-17;17/12/2012;15000;15000;15000;15000;18496
2012-12-18;18/12/2012;15000;15000;15000;15000;5905
2012-12-19;19/12/2012;15000;15000;15000;15000;3334
2012-12-20;20/12/2012;14800;14800;14800;14800;18475
2012-12-21;21/12/2012;14900;14900;14900;14900;3418
2012-12-24;24/12/2012;14995;14995;14995;14995;3221
2012-12-26;26/12/2012;14800;14800;14800;14800;58860
2012-12-27;27/12/2012;14800;14800;14800;14800;6031
2012-12-28;28/12/2012;14750;14750;14750;14750;115119
2012-12-31;31/12/2012;14500;14500;14500;14500;5291
2013-01-02;02/01/2013;14000;14000;14000;14000;4790
2013-01-03;03/01/2013;14500;14500;14500;14500;864
2013-01-04;04/01/2013;14750;14750;14750;14750;78859
2013-01-07;07/01/2013;14850;14850;14850;14850;3209
2013-01-08;08/01/2013;14800;14800;14800;14800;12983
2013-01-09;09/01/2013;14800;14800;14800;14800;3140
2013-01-10;10/01/2013;15000;15000;15000;15000;54233
2013-01-11;11/01/2013;15000;15000;15000;15000;36346
2013-01-14;14/01/2013;15000;15000;15000;15000;2542
2013-01-15;15/01/2013;15500;15500;15500;15500;2161
2013-01-16;16/01/2013;15500;15500;15500;15500;37765
2013-01-17;17/01/2013;16000;16000;16000;16000;3778
2013-01-18;18/01/2013;16000;16000;16000;16000;11371
2013-01-21;21/01/2013;15995;15995;15995;15995;1463
2013-01-22;22/01/2013;15990;15990;15990;15990;5331
2013-01-23;23/01/2013;15990;15990;15990;15990;2637
2013-01-25;25/01/2013;16000;16000;16000;16000;18889
2013-01-28;28/01/2013;16000;16000;16000;16000;6029
2013-01-29;29/01/2013;16000;16000;16000;16000;10282
2013-01-30;30/01/2013;16000;16000;16000;16000;2381
2013-01-31;31/01/2013;15990;15990;15990;15990;3250
2013-02-01;01/02/2013;16000;16000;16000;16000;9780
2013-02-04;04/02/2013;16050;16050;16050;16050;642
2013-02-05;05/02/2013;16500;16500;16500;16500;3449
2013-02-06;06/02/2013;17005;17005;17005;17005;761
2013-02-07;07/02/2013;17005;17005;17005;17005;27731
2013-02-08;08/02/2013;17005;17005;17005;17005;47647
2013-02-11;11/02/2013;17000;17000;17000;17000;1758
2013-02-12;12/02/2013;16500;16500;16500;16500;3701
2013-02-13;13/02/2013;16500;16500;16500;16500;10186
2013-02-14;14/02/2013;16500;16500;16500;16500;13661
2013-02-15;15/02/2013;16500;16500;16500;16500;6672
2013-02-18;18/02/2013;16500;16500;16500;16500;19786
2013-02-19;19/02/2013;16500;16500;16500;16500;5339
2013-02-20;20/02/2013;16495;16495;16495;16495;23787
2013-02-21;21/02/2013;16300;16300;16300;16300;25071
2013-02-22;22/02/2013;16500;16500;16500;16500;19235
2013-02-25;25/02/2013;16500;16500;16500;16500;18389
2013-02-26;26/02/2013;16500;16500;16500;16500;8318
2013-02-27;27/02/2013;16000;16000;16000;16000;1693
2013-02-28;28/02/2013;16500;16500;16500;16500;6713
2013-03-01;01/03/2013;16495;16495;16495;16495;921
2013-03-04;04/03/2013;16000;16000;16000;16000;83258
2013-03-05;05/03/2013;16000;16000;16000;16000;24702
2013-03-06;06/03/2013;16000;16000;16000;16000;24297
2013-03-07;07/03/2013;16000;16000;16000;16000;38815
2013-03-08;08/03/2013;16000;16000;16000;16000;31014
2013-03-11;11/03/2013;16000;16000;16000;16000;111978
2013-03-12;12/03/2013;16000;16000;16000;16000;78100
2013-03-13;13/03/2013;16000;16000;16000;16000;7209
2013-03-14;14/03/2013;16000;16000;16000;16000;3131
2013-03-15;15/03/2013;15995;15995;15995;15995;3234
2013-03-18;18/03/2013;16000;16000;16000;16000;810322
2013-03-19;19/03/2013;16000;16000;16000;16000;14099
2013-03-20;20/03/2013;16000;16000;16000;16000;107778
2013-03-21;21/03/2013;16000;16000;16000;16000;55130
2013-03-22;22/03/2013;16000;16000;16000;16000;5727
2013-03-25;25/03/2013;16000;16000;16000;16000;28523
2013-03-26;26/03/2013;16000;16000;16000;16000;127598
2013-03-27;27/03/2013;16000;16000;16000;16000;852
2013-03-28;28/03/2013;16000;16000;16000;16000;56976
2013-03-29;29/03/2013;16000;16000;16000;16000;5577
2013-04-02;02/04/2013;16000;16000;16000;16000;49823
2013-04-03;03/04/2013;16000;16000;16000;16000;10981
2013-04-04;04/04/2013;16000;16000;16000;16000;2834
2013-04-05;05/04/2013;16000;16000;16000;16000;24345
2013-04-08;08/04/2013;16000;16000;16000;16000;7829
2013-04-09;09/04/2013;16050;16050;16050;16050;344
2013-04-10;10/04/2013;16000;16000;16000;16000;48812
2013-04-11;11/04/2013;16000;16000;16000;16000;135633
2013-04-12;12/04/2013;16050;16050;16050;16050;5349
2013-04-15;15/04/2013;16100;16100;16100;16100;14691
2013-04-16;16/04/2013;16200;16200;16200;16200;7250
2013-04-17;17/04/2013;16200;16200;16200;16200;39549
2013-04-18;18/04/2013;16200;16200;16200;16200;26224
2013-04-19;19/04/2013;16200;16200;16200;16200;27744
2013-04-22;22/04/2013;17415;17415;17415;17415;8842
2013-04-23;23/04/2013;17500;17500;17500;17500;136817
2013-04-24;24/04/2013;17500;17500;17500;17500;65491
2013-04-25;25/04/2013;17200;17200;17200;17200;3176
2013-04-26;26/04/2013;17000;17000;17000;17000;2362404
2013-04-29;29/04/2013;15900;15900;15900;15900;1415
2013-04-30;30/04/2013;15900;15900;15900;15900;6680
2013-05-02;02/05/2013;16000;16000;16000;16000;926
2013-05-03;03/05/2013;16500;16500;16500;16500;2255
2013-05-06;06/05/2013;16000;16000;16000;16000;1272
2013-05-07;07/05/2013;16000;16000;16000;16000;5954
2013-05-08;08/05/2013;16000;16000;16000;16000;1449
2013-05-10;10/05/2013;16500;16500;16500;16500;4241
2013-05-13;13/05/2013;16500;16500;16500;16500;25704
2013-05-14;14/05/2013;16500;16500;16500;16500;8262
2013-05-15;15/05/2013;16500;16500;16500;16500;7008
2013-05-16;16/05/2013;16600;16600;16600;16600;899
2013-05-17;17/05/2013;17000;17000;17000;17000;76116
2013-05-21;21/05/2013;17000;17000;17000;17000;1950
2013-05-22;22/05/2013;17000;17000;17000;17000;9468
2013-05-23;23/05/2013;17000;17000;17000;17000;19803
2013-05-24;24/05/2013;17155;17155;17155;17155;1212
2013-05-27;27/05/2013;17500;17500;17500;17500;3006
2013-05-28;28/05/2013;18000;18000;18000;18000;7278
2013-05-29;29/05/2013;19000;19000;19000;19000;45724
2013-05-30;30/05/2013;19000;19000;19000;19000;9468
2013-05-31;31/05/2013;19000;19000;19000;19000;4569
2013-06-03;03/06/2013;19000;19000;19000;19000;149351
2013-06-04;04/06/2013;19000;19000;19000;19000;22642
2013-06-05;05/06/2013;19000;19000;19000;19000;5045
2013-06-06;06/06/2013;19000;19000;19000;19000;47521
2013-06-07;07/06/2013;19000;19000;19000;19000;4609
2013-06-10;10/06/2013;19010;19010;19010;19010;4183
2013-06-11;11/06/2013;19100;19100;19100;19100;16954
2013-06-12;12/06/2013;19200;19200;19200;19200;5788
2013-06-13;13/06/2013;19200;19200;19200;19200;6985
2013-06-14;14/06/2013;19100;19100;19100;19100;19216
2013-06-17;17/06/2013;19000;19000;19000;19000;23549
2013-06-18;18/06/2013;19000;19000;19000;19000;3964
2013-06-19;19/06/2013;19200;19200;19200;19200;825
2013-06-20;20/06/2013;19005;19005;19005;19005;8225
2013-06-21;21/06/2013;19000;19000;19000;19000;9531
2013-06-24;24/06/2013;19000;19000;19000;19000;5429
2013-06-25;25/06/2013;19000;19000;19000;19000;61962
2013-06-26;26/06/2013;19000;19000;19000;19000;94788
2013-06-27;27/06/2013;19000;19000;19000;19000;272
2013-06-28;28/06/2013;19000;19000;19000;19000;47219
2013-07-01;01/07/2013;19000;19000;19000;19000;1477
2013-07-02;02/07/2013;19000;19000;19000;19000;952
2013-07-03;03/07/2013;19000;19000;19000;19000;825
2013-07-04;04/07/2013;19000;19000;19000;19000;14943
2013-07-05;05/07/2013;19000;19000;19000;19000;1688
2013-07-08;08/07/2013;19000;19000;19000;19000;12586
2013-07-09;09/07/2013;18000;18000;18000;18000;2510
2013-07-10;10/07/2013;19000;19000;19000;19000;3398
2013-07-11;11/07/2013;19000;19000;19000;19000;5738
2013-07-12;12/07/2013;19000;19000;19000;19000;1684
2013-07-15;15/07/2013;18500;18500;18500;18500;3409
2013-07-16;16/07/2013;18025;18025;18025;18025;852
2013-07-17;17/07/2013;18200;18200;18200;18200;3675
2013-07-18;18/07/2013;18500;18500;18500;18500;3315
2013-07-19;19/07/2013;18900;18900;18900;18900;5425
2013-07-22;22/07/2013;18900;18900;18900;18900;8234
2013-07-23;23/07/2013;18900;18900;18900;18900;26483
2013-07-24;24/07/2013;18900;18900;18900;18900;28394
2013-07-25;25/07/2013;18900;18900;18900;18900;25714
2013-07-26;26/07/2013;18705;18705;18705;18705;1339
2013-07-29;29/07/2013;18705;18705;18705;18705;1528
2013-07-30;30/07/2013;18900;18900;18900;18900;41358
2013-07-31;31/07/2013;18900;18900;18900;18900;40265
2013-08-01;01/08/2013;18900;18900;18900;18900;5938
2013-08-02;02/08/2013;18700;18700;18700;18700;887
2013-08-05;05/08/2013;18550;18550;18550;18550;1024
2013-08-06;06/08/2013;18550;18550;18550;18550;15059
2013-08-09;09/08/2013;18545;18545;18545;18545;22421
2013-08-12;12/08/2013;18500;18500;18500;18500;20490
2013-08-13;13/08/2013;18500;18500;18500;18500;37622
2013-08-14;14/08/2013;18505;18505;18505;18505;483
2013-08-16;16/08/2013;18500;18500;18500;18500;11368
2013-08-19;19/08/2013;18600;18600;18600;18600;4108
2013-08-20;20/08/2013;18610;18610;18610;18610;828
2013-08-21;21/08/2013;18600;18600;18600;18600;8289
2013-08-22;22/08/2013;18500;18500;18500;18500;4413
2013-08-23;23/08/2013;18500;18500;18500;18500;1866
2013-08-26;26/08/2013;18000;18000;18000;18000;654
2013-08-27;27/08/2013;18005;18005;18005;18005;2534
2013-08-28;28/08/2013;18000;18000;18000;18000;4680
2013-08-29;29/08/2013;18000;18000;18000;18000;680
2013-08-30;30/08/2013;18000;18000;18000;18000;5473
2013-09-02;02/09/2013;18005;18005;18005;18005;755
2013-09-03;03/09/2013;18000;18000;18000;18000;11501
2013-09-04;04/09/2013;18000;18000;18000;18000;14284
2013-09-05;05/09/2013;18000;18000;18000;18000;659
2013-09-06;06/09/2013;18000;18000;18000;18000;1548
2013-09-09;09/09/2013;18000;18000;18000;18000;1008
2013-09-10;10/09/2013;18000;18000;18000;18000;7619
2013-09-11;11/09/2013;18500;18500;18500;18500;1283
2013-09-12;12/09/2013;18500;18500;18500;18500;1748
2013-09-13;13/09/2013;18500;18500;18500;18500;2588
2013-09-16;16/09/2013;18500;18500;18500;18500;724
2013-09-17;17/09/2013;18000;18000;18000;18000;2587
2013-09-18;18/09/2013;18250;18250;18250;18250;7477
2013-09-19;19/09/2013;18200;18200;18200;18200;899
2013-09-20;20/09/2013;18000;18000;18000;18000;8124
2013-09-23;23/09/2013;18000;18000;18000;18000;581
2013-09-24;24/09/2013;18500;18500;18500;18500;56041
2013-09-25;25/09/2013;18100;18100;18100;18100;1885
2013-09-26;26/09/2013;18500;18500;18500;18500;14806
2013-09-27;27/09/2013;18500;18500;18500;18500;2528
2013-09-30;30/09/2013;18500;18500;18500;18500;2895
2013-10-01;01/10/2013;18500;18500;18500;18500;66067
2013-10-02;02/10/2013;18500;18500;18500;18500;62159
2013-10-03;03/10/2013;18250;18250;18250;18250;693
2013-10-04;04/10/2013;18450;18450;18450;18450;7209
2013-10-07;07/10/2013;18450;18450;18450;18450;30125
2013-10-08;08/10/2013;18450;18450;18450;18450;11290
2013-10-09;09/10/2013;18450;18450;18450;18450;192
2013-10-10;10/10/2013;18495;18495;18495;18495;2175
2013-10-11;11/10/2013;18495;18495;18495;18495;574
2013-10-14;14/10/2013;18500;18500;18500;18500;36479
2013-10-16;16/10/2013;18355;18355;18355;18355;558
2013-10-17;17/10/2013;18255;18255;18255;18255;819
2013-10-18;18/10/2013;18350;18350;18350;18350;23898
2013-10-21;21/10/2013;18350;18350;18350;18350;300
2013-10-22;22/10/2013;18250;18250;18250;18250;878
2013-10-23;23/10/2013;18355;18355;18355;18355;5319
2013-10-24;24/10/2013;18500;18500;18500;18500;3648
2013-10-25;25/10/2013;18500;18500;18500;18500;126168
2013-10-28;28/10/2013;18500;18500;18500;18500;527
2013-10-29;29/10/2013;18500;18500;18500;18500;4131
2013-10-30;30/10/2013;18525;18525;18525;18525;936
2013-10-31;31/10/2013;18615;18615;18615;18615;10054
2013-11-04;04/11/2013;18800;18800;18800;18800;2423
2013-11-05;05/11/2013;19500;19500;19500;19500;2959
2013-11-06;06/11/2013;19000;19000;19000;19000;3475
2013-11-07;07/11/2013;19100;19100;19100;19100;914
2013-11-08;08/11/2013;19400;19400;19400;19400;2354
2013-11-11;11/11/2013;19010;19010;19010;19010;837
2013-11-12;12/11/2013;19000;19000;19000;19000;1717
2013-11-13;13/11/2013;19100;19100;19100;19100;25624
2013-11-14;14/11/2013;19200;19200;19200;19200;32
2013-11-18;18/11/2013;19180;19180;19180;19180;8979
2013-11-19;19/11/2013;19300;19300;19300;19300;27645
2013-11-20;20/11/2013;19400;19400;19400;19400;2711
2013-11-21;21/11/2013;19400;19400;19400;19400;1587
2013-11-22;22/11/2013;19895;19895;19895;19895;20146
2013-11-25;25/11/2013;19800;19800;19800;19800;1680
2013-11-26;26/11/2013;19700;19700;19700;19700;32225
2013-11-27;27/11/2013;19300;19300;19300;19300;2191
2013-11-28;28/11/2013;19500;19500;19500;19500;26507
2013-11-29;29/11/2013;19500;19500;19500;19500;2126
2013-12-02;02/12/2013;19500;19500;19500;19500;5162
2013-12-03;03/12/2013;19600;19600;19600;19600;3358
2013-12-04;04/12/2013;19600;19600;19600;19600;3538
2013-12-05;05/12/2013;19600;19600;19600;19600;3258
2013-12-06;06/12/2013;19550;19550;19550;19550;1344
2013-12-09;09/12/2013;19600;19600;19600;19600;5481
2013-12-10;10/12/2013;19650;19650;19650;19650;22922
2013-12-11;11/12/2013;19800;19800;19800;19800;1399
2013-12-12;12/12/2013;19620;19620;19620;19620;1457
2013-12-13;13/12/2013;19800;19800;19800;19800;1298
2013-12-16;16/12/2013;19700;19700;19700;19700;34587
2013-12-17;17/12/2013;20000;20000;20000;20000;4009
2013-12-18;18/12/2013;19990;19990;19990;19990;6805
2013-12-19;19/12/2013;19870;19870;19870;19870;776
2013-12-20;20/12/2013;19950;19950;19950;19950;5971
2013-12-23;23/12/2013;19800;19800;19800;19800;129777
2013-12-24;24/12/2013;19950;19950;19950;19950;3477
2013-12-26;26/12/2013;19950;19950;19950;19950;5153
2013-12-27;27/12/2013;20005;20005;20005;20005;2714
2013-12-30;30/12/2013;20100;20100;20100;20100;320
2013-12-31;31/12/2013;20050;20050;20050;20050;1331
2014-01-02;02/01/2014;20050;20050;20050;20050;5405
2014-01-03;03/01/2014;20100;20100;20100;20100;864
2014-01-06;06/01/2014;20100;20100;20100;20100;1516
2014-01-07;07/01/2014;20500;20500;20500;20500;4186
2014-01-08;08/01/2014;20500;20500;20500;20500;1383
2014-01-09;09/01/2014;20300;20300;20300;20300;1708
2014-01-10;10/01/2014;20500;20500;20500;20500;20067
2014-01-14;14/01/2014;20500;20500;20500;20500;837
2014-01-15;15/01/2014;21005;21005;21005;21005;4433
2014-01-16;16/01/2014;21500;21500;21500;21500;5667
2014-01-17;17/01/2014;22000;22000;22000;22000;8792
2014-01-20;20/01/2014;22965;22965;22965;22965;54180
2014-01-21;21/01/2014;22965;22965;22965;22965;58782
2014-01-22;22/01/2014;23100;23100;23100;23100;82364
2014-01-23;23/01/2014;23100;23100;23100;23100;19423
2014-01-24;24/01/2014;23500;23500;23500;23500;24939
2014-01-27;27/01/2014;23800;23800;23800;23800;42982
2014-01-28;28/01/2014;24600;24600;24600;24600;28096
2014-01-29;29/01/2014;24600;24600;24600;24600;11535
2014-01-30;30/01/2014;24500;24500;24500;24500;5072
2014-01-31;31/01/2014;24000;24000;24000;24000;44051
2014-02-03;03/02/2014;23900;23900;23900;23900;708
2014-02-04;04/02/2014;23600;23600;23600;23600;677
2014-02-05;05/02/2014;24000;24000;24000;24000;1873
2014-02-06;06/02/2014;23800;23800;23800;23800;11929
2014-02-07;07/02/2014;23800;23800;23800;23800;11874
2014-02-10;10/02/2014;23450;23450;23450;23450;3479
2014-02-11;11/02/2014;23790;23790;23790;23790;11749
2014-02-12;12/02/2014;23770;23770;23770;23770;8556
2014-02-13;13/02/2014;23400;23400;23400;23400;6079
2014-02-14;14/02/2014;23400;23400;23400;23400;338
2014-02-17;17/02/2014;23395;23395;23395;23395;2236
2014-02-18;18/02/2014;23000;23000;23000;23000;11163
2014-02-19;19/02/2014;23350;23350;23350;23350;6160
2014-02-20;20/02/2014;23350;23350;23350;23350;937
2014-02-21;21/02/2014;23350;23350;23350;23350;5624
2014-02-24;24/02/2014;23000;23000;23000;23000;889
2014-02-25;25/02/2014;22100;22100;22100;22100;2716
2014-02-26;26/02/2014;21600;21600;21600;21600;8308
2014-02-27;27/02/2014;22000;22000;22000;22000;4521
2014-02-28;28/02/2014;22800;22800;22800;22800;784
2014-03-03;03/03/2014;23350;23350;23350;23350;37773
2014-03-04;04/03/2014;23000;23000;23000;23000;15130
2014-03-05;05/03/2014;22995;22995;22995;22995;3108
2014-03-06;06/03/2014;23250;23250;23250;23250;8051
2014-03-07;07/03/2014;23500;23500;23500;23500;15864
2014-03-10;10/03/2014;23500;23500;23500;23500;64372
2014-03-11;11/03/2014;23500;23500;23500;23500;4773
2014-03-12;12/03/2014;23495;23495;23495;23495;5400
2014-03-13;13/03/2014;22100;22100;22100;22100;385
2014-03-14;14/03/2014;23250;23250;23250;23250;913
2014-03-17;17/03/2014;23250;23250;23250;23250;1484
2014-03-18;18/03/2014;23010;23010;23010;23010;15472
2014-03-19;19/03/2014;23005;23005;23005;23005;5189
2014-03-20;20/03/2014;23200;23200;23200;23200;363
2014-03-21;21/03/2014;23000;23000;23000;23000;2120
2014-03-24;24/03/2014;23000;23000;23000;23000;616
2014-03-25;25/03/2014;23000;23000;23000;23000;9710
2014-03-26;26/03/2014;22800;22800;22800;22800;1757
2014-03-27;27/03/2014;23000;23000;23000;23000;5924
2014-03-28;28/03/2014;23000;23000;23000;23000;4237
2014-03-31;31/03/2014;22900;22900;22900;22900;1437
2014-04-01;01/04/2014;22895;22895;22895;22895;355
2014-04-02;02/04/2014;22900;22900;22900;22900;4926
2014-04-03;03/04/2014;23000;23000;23000;23000;926
2014-04-04;04/04/2014;23000;23000;23000;23000;11283
2014-04-07;07/04/2014;23000;23000;23000;23000;1277
2014-04-08;08/04/2014;23000;23000;23000;23000;18401
2014-04-09;09/04/2014;22755;22755;22755;22755;7844
2014-04-10;10/04/2014;22500;22500;22500;22500;2719
2014-04-11;11/04/2014;22500;22500;22500;22500;13179
2014-04-14;14/04/2014;22500;22500;22500;22500;2206
2014-04-15;15/04/2014;22275;22275;22275;22275;1830
2014-04-16;16/04/2014;22275;22275;22275;22275;1158
2014-04-17;17/04/2014;22200;22200;22200;22200;2149
2014-04-18;18/04/2014;22300;22300;22300;22300;662
2014-04-22;22/04/2014;22300;22300;22300;22300;1257
2014-04-23;23/04/2014;22300;22300;22300;22300;1994
2014-04-24;24/04/2014;22300;22300;22300;22300;1628
2014-04-25;25/04/2014;22500;22500;22500;22500;6899
2014-04-28;28/04/2014;22500;22500;22500;22500;2144
2014-04-29;29/04/2014;22500;22500;22500;22500;2062
2014-04-30;30/04/2014;22490;22490;22490;22490;294
2014-05-02;02/05/2014;21000;21000;21000;21000;238325
2014-05-05;05/05/2014;20105;20105;20105;20105;1293
2014-05-06;06/05/2014;19400;19400;19400;19400;817
2014-05-07;07/05/2014;19505;19505;19505;19505;1035
2014-05-08;08/05/2014;20900;20900;20900;20900;3239
2014-05-09;09/05/2014;21000;21000;21000;21000;4695
2014-05-12;12/05/2014;21000;21000;21000;21000;74195
2014-05-13;13/05/2014;21295;21295;21295;21295;2985
2014-05-14;14/05/2014;21000;21000;21000;21000;50259
2014-05-15;15/05/2014;21000;21000;21000;21000;14184
2014-05-16;16/05/2014;21005;21005;21005;21005;1761
2014-05-19;19/05/2014;21100;21100;21100;21100;7548
2014-05-20;20/05/2014;21100;21100;21100;21100;1097
2014-05-21;21/05/2014;21100;21100;21100;21100;2901
2014-05-22;22/05/2014;21300;21300;21300;21300;642
2014-05-23;23/05/2014;21310;21310;21310;21310;1187
2014-05-26;26/05/2014;21300;21300;21300;21300;2877
2014-05-27;27/05/2014;21305;21305;21305;21305;922
2014-05-28;28/05/2014;21310;21310;21310;21310;864
2014-05-30;30/05/2014;21450;21450;21450;21450;900
2014-06-02;02/06/2014;21550;21550;21550;21550;1145
2014-06-03;03/06/2014;21320;21320;21320;21320;1855
2014-06-04;04/06/2014;21350;21350;21350;21350;10121
2014-06-05;05/06/2014;21600;21600;21600;21600;2497
2014-06-06;06/06/2014;21620;21620;21620;21620;1250
2014-06-10;10/06/2014;21610;21610;21610;21610;2171
2014-06-11;11/06/2014;21615;21615;21615;21615;8224
2014-06-12;12/06/2014;21615;21615;21615;21615;944
2014-06-13;13/06/2014;21645;21645;21645;21645;896
2014-06-16;16/06/2014;21700;21700;21700;21700;11994
2014-06-17;17/06/2014;21645;21645;21645;21645;736
2014-06-18;18/06/2014;21700;21700;21700;21700;2647
2014-06-19;19/06/2014;21900;21900;21900;21900;38126
2014-06-20;20/06/2014;21900;21900;21900;21900;2139
2014-06-23;23/06/2014;21900;21900;21900;21900;3249
2014-06-24;24/06/2014;21900;21900;21900;21900;2301
2014-06-25;25/06/2014;21900;21900;21900;21900;1979
2014-06-26;26/06/2014;21760;21760;21760;21760;3881
2014-06-27;27/06/2014;21700;21700;21700;21700;18344
2014-06-30;30/06/2014;21995;21995;21995;21995;17186
2014-07-01;01/07/2014;21900;21900;21900;21900;2199
2014-07-02;02/07/2014;21900;21900;21900;21900;1995
2014-07-03;03/07/2014;21700;21700;21700;21700;770
2014-07-04;04/07/2014;21995;21995;21995;21995;3406
2014-07-07;07/07/2014;21900;21900;21900;21900;1729
2014-07-08;08/07/2014;22500;22500;22500;22500;28982
2014-07-09;09/07/2014;22395;22395;22395;22395;78075
2014-07-10;10/07/2014;22395;22395;22395;22395;12661
2014-07-11;11/07/2014;22500;22500;22500;22500;12491
2014-07-14;14/07/2014;22600;22600;22600;22600;4048
2014-07-15;15/07/2014;22500;22500;22500;22500;16382
2014-07-16;16/07/2014;22500;22500;22500;22500;24774
2014-07-17;17/07/2014;22500;22500;22500;22500;11957
2014-07-18;18/07/2014;22500;22500;22500;22500;61867
2014-07-21;21/07/2014;22500;22500;22500;22500;2482
2014-07-22;22/07/2014;22500;22500;22500;22500;1157
2014-07-23;23/07/2014;22550;22550;22550;22550;5847
2014-07-25;25/07/2014;22550;22550;22550;22550;1664
2014-07-29;29/07/2014;22510;22510;22510;22510;2753
2014-07-30;30/07/2014;22720;22720;22720;22720;1886
2014-07-31;31/07/2014;22700;22700;22700;22700;5835
2014-08-01;01/08/2014;22800;22800;22800;22800;3623
2014-08-04;04/08/2014;23000;23000;23000;23000;976
2014-08-05;05/08/2014;23500;23500;23500;23500;1648
2014-08-06;06/08/2014;23500;23500;23500;23500;6228
2014-08-07;07/08/2014;23500;23500;23500;23500;6228
2014-08-08;08/08/2014;23500;23500;23500;23500;661
2014-08-11;11/08/2014;24000;24000;24000;24000;1652
2014-08-12;12/08/2014;24000;24000;24000;24000;36368
2014-08-13;13/08/2014;24000;24000;24000;24000;2258
2014-08-14;14/08/2014;24000;24000;24000;24000;5782
2014-08-18;18/08/2014;23750;23750;23750;23750;7038
2014-08-19;19/08/2014;23750;23750;23750;23750;5253
2014-08-20;20/08/2014;23700;23700;23700;23700;5861
2014-08-21;21/08/2014;23800;23800;23800;23800;3563
2014-08-22;22/08/2014;23995;23995;23995;23995;1891
2014-08-25;25/08/2014;24000;24000;24000;24000;2775
2014-08-26;26/08/2014;24000;24000;24000;24000;18467
2014-08-27;27/08/2014;24000;24000;24000;24000;7193
2014-08-28;28/08/2014;24000;24000;24000;24000;762
2014-08-29;29/08/2014;23905;23905;23905;23905;5870
2014-09-01;01/09/2014;23905;23905;23905;23905;4960
2014-09-02;02/09/2014;23915;23915;23915;23915;294
2014-09-03;03/09/2014;23900;23900;23900;23900;5924
2014-09-04;04/09/2014;23800;23800;23800;23800;5392
2014-09-05;05/09/2014;23950;23950;23950;23950;1650
2014-09-08;08/09/2014;23800;23800;23800;23800;4648
2014-09-09;09/09/2014;23800;23800;23800;23800;998
2014-09-10;10/09/2014;23800;23800;23800;23800;138
2014-09-11;11/09/2014;23600;23600;23600;23600;6229
2014-09-12;12/09/2014;23750;23750;23750;23750;2056
2014-09-15;15/09/2014;23800;23800;23800;23800;2424
2014-09-16;16/09/2014;23700;23700;23700;23700;1904
2014-09-17;17/09/2014;23700;23700;23700;23700;17317
2014-09-18;18/09/2014;23005;23005;23005;23005;465
2014-09-19;19/09/2014;23500;23500;23500;23500;3930
2014-09-22;22/09/2014;23690;23690;23690;23690;10927
2014-09-23;23/09/2014;23800;23800;23800;23800;3707
2014-09-24;24/09/2014;23600;23600;23600;23600;1780
2014-09-25;25/09/2014;23450;23450;23450;23450;10244
2014-09-26;26/09/2014;23450;23450;23450;23450;1134
2014-09-29;29/09/2014;23200;23200;23200;23200;9809
2014-09-30;30/09/2014;23005;23005;23005;23005;2526
2014-10-01;01/10/2014;22995;22995;22995;22995;2785
2014-10-02;02/10/2014;23005;23005;23005;23005;4106
2014-10-03;03/10/2014;23200;23200;23200;23200;762
2014-10-06;06/10/2014;23500;23500;23500;23500;26128
2014-10-07;07/10/2014;23300;23300;23300;23300;681
2014-10-08;08/10/2014;23200;23200;23200;23200;835
2014-10-09;09/10/2014;23200;23200;23200;23200;14565
2014-10-10;10/10/2014;23300;23300;23300;23300;2449
2014-10-13;13/10/2014;23200;23200;23200;23200;3274
2014-10-14;14/10/2014;23200;23200;23200;23200;12502
2014-10-15;15/10/2014;23000;23000;23000;23000;24106
2014-10-16;16/10/2014;23000;23000;23000;23000;1698
2014-10-17;17/10/2014;22505;22505;22505;22505;800
2014-10-20;20/10/2014;22495;22495;22495;22495;2453
2014-10-21;21/10/2014;22300;22300;22300;22300;7030
2014-10-22;22/10/2014;22300;22300;22300;22300;2206
2014-10-23;23/10/2014;22105;22105;22105;22105;2819
2014-10-24;24/10/2014;22380;22380;22380;22380;23030
2014-10-27;27/10/2014;22385;22385;22385;22385;10636
2014-10-28;28/10/2014;22250;22250;22250;22250;30931
2014-10-29;29/10/2014;22200;22200;22200;22200;12036
2014-10-30;30/10/2014;22200;22200;22200;22200;50535
2014-10-31;31/10/2014;22150;22150;22150;22150;898
2014-11-03;03/11/2014;22150;22150;22150;22150;21175
2014-11-04;04/11/2014;22150;22150;22150;22150;3033
2014-11-05;05/11/2014;22000;22000;22000;22000;13364
2014-11-06;06/11/2014;22000;22000;22000;22000;6079
2014-11-07;07/11/2014;21900;21900;21900;21900;13931
2014-11-10;10/11/2014;21905;21905;21905;21905;9197
2014-11-11;11/11/2014;21900;21900;21900;21900;5223
2014-11-12;12/11/2014;22000;22000;22000;22000;992
2014-11-13;13/11/2014;20350;20350;20350;20350;23677
2014-11-14;14/11/2014;21875;21875;21875;21875;15
2014-11-17;17/11/2014;21880;21880;21880;21880;381628
2014-11-18;18/11/2014;21500;21500;21500;21500;74307
2014-11-19;19/11/2014;21500;21500;21500;21500;18287
2014-11-20;20/11/2014;21750;21750;21750;21750;287
2014-11-21;21/11/2014;22000;22000;22000;22000;113715
2014-11-24;24/11/2014;22000;22000;22000;22000;3147
2014-11-25;25/11/2014;22900;22900;22900;22900;618
2014-11-26;26/11/2014;22900;22900;22900;22900;683
2014-11-27;27/11/2014;22750;22750;22750;22750;1044
2014-11-28;28/11/2014;22700;22700;22700;22700;136
2014-12-01;01/12/2014;22610;22610;22610;22610;1655
2014-12-02;02/12/2014;22800;22800;22800;22800;2378
2014-12-03;03/12/2014;22600;22600;22600;22600;2736
2014-12-04;04/12/2014;22700;22700;22700;22700;241
2014-12-05;05/12/2014;22600;22600;22600;22600;17253
2014-12-08;08/12/2014;22500;22500;22500;22500;6512
2014-12-09;09/12/2014;22400;22400;22400;22400;4633
2014-12-10;10/12/2014;22400;22400;22400;22400;1625
2014-12-11;11/12/2014;22410;22410;22410;22410;873
2014-12-12;12/12/2014;22445;22445;22445;22445;12005
2014-12-15;15/12/2014;22350;22350;22350;22350;1871
2014-12-16;16/12/2014;22000;22000;22000;22000;19144
2014-12-17;17/12/2014;22000;22000;22000;22000;18092
2014-12-18;18/12/2014;22015;22015;22015;22015;100140
2014-12-19;19/12/2014;22000;22000;22000;22000;3771
2014-12-22;22/12/2014;22000;22000;22000;22000;22512
2014-12-23;23/12/2014;22005;22005;22005;22005;99508
2014-12-24;24/12/2014;22000;22000;22000;22000;21725
2014-12-25;25/12/2014;22000;22000;22000;22000;21725
2014-12-26;26/12/2014;22300;22300;22300;22300;2608
2014-12-29;29/12/2014;22300;22300;22300;22300;19728
2014-12-30;30/12/2014;22800;22800;22800;22800;4226
2014-12-31;31/12/2014;22800;22800;22800;22800;14874
2015-01-02;02/01/2015;22600;22600;22600;22600;1969
2015-01-05;05/01/2015;22700;22700;22700;22700;4186
2015-01-06;06/01/2015;22690;22690;22690;22690;1107
2015-01-07;07/01/2015;22635;22635;22635;22635;36291
2015-01-08;08/01/2015;22800;22800;22800;22800;22599
2015-01-09;09/01/2015;22905;22905;22905;22905;8456
2015-01-12;12/01/2015;22905;22905;22905;22905;3266
2015-01-13;13/01/2015;22800;22800;22800;22800;18605
2015-01-14;14/01/2015;22750;22750;22750;22750;1261
2015-01-15;15/01/2015;22700;22700;22700;22700;1180
2015-01-16;16/01/2015;22750;22750;22750;22750;2299
2015-01-19;19/01/2015;22800;22800;22800;22800;1767
2015-01-20;20/01/2015;22750;22750;22750;22750;763
2015-01-21;21/01/2015;22600;22600;22600;22600;13555
2015-01-22;22/01/2015;22700;22700;22700;22700;1766
2015-01-23;23/01/2015;22700;22700;22700;22700;923
2015-01-26;26/01/2015;22700;22700;22700;22700;6629
2015-01-27;27/01/2015;22800;22800;22800;22800;1351
2015-01-28;28/01/2015;23995;23995;23995;23995;2299
2015-01-29;29/01/2015;22900;22900;22900;22900;10574
2015-01-30;30/01/2015;23200;23200;23200;23200;2861
2015-02-02;02/02/2015;23000;23000;23000;23000;5380
2015-02-03;03/02/2015;23005;23005;23005;23005;11954
2015-02-04;04/02/2015;23995;23995;23995;23995;2739
2015-02-05;05/02/2015;23500;23500;23500;23500;325
2015-02-06;06/02/2015;23500;23500;23500;23500;299
2015-02-09;09/02/2015;23500;23500;23500;23500;299
2015-02-10;10/02/2015;23700;23700;23700;23700;1141
2015-02-11;11/02/2015;23700;23700;23700;23700;3384
2015-02-12;12/02/2015;23780;23780;23780;23780;3665
2015-02-13;13/02/2015;23750;23750;23750;23750;2330
2015-02-16;16/02/2015;23750;23750;23750;23750;33349
2015-02-17;17/02/2015;23800;23800;23800;23800;704
2015-02-18;18/02/2015;23900;23900;23900;23900;642
2015-02-19;19/02/2015;24000;24000;24000;24000;2025
2015-02-20;20/02/2015;24500;24500;24500;24500;11438
2015-02-23;23/02/2015;24500;24500;24500;24500;30732
2015-02-24;24/02/2015;24500;24500;24500;24500;15001
2015-02-25;25/02/2015;24600;24600;24600;24600;15102
2015-02-26;26/02/2015;25000;25000;25000;25000;56271
2015-02-27;27/02/2015;24800;24800;24800;24800;2390
2015-03-02;02/03/2015;24900;24900;24900;24900;1330
2015-03-03;03/03/2015;24900;24900;24900;24900;6697
2015-03-04;04/03/2015;24800;24800;24800;24800;2693
2015-03-05;05/03/2015;24800;24800;24800;24800;1212
2015-03-06;06/03/2015;24790;24790;24790;24790;16748
2015-03-09;09/03/2015;25000;25000;25000;25000;27378
2015-03-10;10/03/2015;24900;24900;24900;24900;2014
2015-03-11;11/03/2015;24805;24805;24805;24805;9380
2015-03-12;12/03/2015;24805;24805;24805;24805;6917
2015-03-13;13/03/2015;24900;24900;24900;24900;16928
2015-03-16;16/03/2015;24900;24900;24900;24900;4640
2015-03-17;17/03/2015;24800;24800;24800;24800;17276
2015-03-18;18/03/2015;24995;24995;24995;24995;226
2015-03-19;19/03/2015;24900;24900;24900;24900;8493
2015-03-20;20/03/2015;24995;24995;24995;24995;735
2015-03-23;23/03/2015;25000;25000;25000;25000;11925
2015-03-24;24/03/2015;24900;24900;24900;24900;910
2015-03-25;25/03/2015;25000;25000;25000;25000;5155
2015-03-26;26/03/2015;24800;24800;24800;24800;316
2015-03-27;27/03/2015;24760;24760;24760;24760;1254
2015-03-30;30/03/2015;24600;24600;24600;24600;1711
2015-03-31;31/03/2015;24250;24250;24250;24250;7433
2015-04-01;01/04/2015;23055;23055;23055;23055;15048
2015-04-02;02/04/2015;23990;23990;23990;23990;897
2015-04-03;03/04/2015;24000;24000;24000;24000;1192
2015-04-06;06/04/2015;24000;24000;24000;24000;1192
2015-04-07;07/04/2015;24000;24000;24000;24000;10201
2015-04-08;08/04/2015;24000;24000;24000;24000;314
2015-04-09;09/04/2015;24025;24025;24025;24025;5378
2015-04-10;10/04/2015;24100;24100;24100;24100;572
2015-04-13;13/04/2015;24105;24105;24105;24105;983
2015-04-14;14/04/2015;24105;24105;24105;24105;1351
2015-04-15;15/04/2015;24500;24500;24500;24500;72105
2015-04-16;16/04/2015;24500;24500;24500;24500;4995
2015-04-17;17/04/2015;24500;24500;24500;24500;7812
2015-04-20;20/04/2015;24500;24500;24500;24500;249
2015-04-21;21/04/2015;24305;24305;24305;24305;875
2015-04-22;22/04/2015;24000;24000;24000;24000;16249
2015-04-23;23/04/2015;24205;24205;24205;24205;1179
2015-04-24;24/04/2015;24500;24500;24500;24500;60969
2015-04-27;27/04/2015;24500;24500;24500;24500;9932
2015-04-28;28/04/2015;24315;24315;24315;24315;1311
2015-04-29;29/04/2015;24300;24300;24300;24300;3404
2015-04-30;30/04/2015;24000;24000;24000;24000;502728
2015-05-04;04/05/2015;23300;23300;23300;23300;391
2015-05-05;05/05/2015;23000;23000;23000;23000;6757
2015-05-06;06/05/2015;23800;23800;23800;23800;6994
2015-05-07;07/05/2015;23000;23000;23000;23000;1665
2015-05-08;08/05/2015;23050;23050;23050;23050;3362
2015-05-11;11/05/2015;23500;23500;23500;23500;7472
2015-05-12;12/05/2015;23500;23500;23500;23500;18106
2015-05-13;13/05/2015;23505;23505;23505;23505;2513
2015-05-14;14/05/2015;23505;23505;23505;23505;2513
2015-05-15;15/05/2015;23600;23600;23600;23600;4608
2015-05-18;18/05/2015;23600;23600;23600;23600;3938
2015-05-19;19/05/2015;23600;23600;23600;23600;7372
2015-05-20;20/05/2015;23650;23650;23650;23650;1705
2015-05-21;21/05/2015;23600;23600;23600;23600;586
2015-05-22;22/05/2015;23670;23670;23670;23670;1276
2015-05-25;25/05/2015;23670;23670;23670;23670;1276
2015-05-26;26/05/2015;23600;23600;23600;23600;19340
2015-05-27;27/05/2015;23600;23600;23600;23600;6220
2015-05-28;28/05/2015;23600;23600;23600;23600;14626
2015-05-29;29/05/2015;23645;23645;23645;23645;1483
2015-06-01;01/06/2015;23700;23700;23700;23700;3572
2015-06-02;02/06/2015;24000;24000;24000;24000;14480
2015-06-03;03/06/2015;24200;24200;24200;24200;9276
2015-06-04;04/06/2015;24200;24200;24200;24200;20900
2015-06-05;05/06/2015;24800;24800;24800;24800;4518
2015-06-08;08/06/2015;24200;24200;24200;24200;2481
2015-06-09;09/06/2015;24200;24200;24200;24200;36546
2015-06-10;10/06/2015;24150;24150;24150;24150;1517
2015-06-11;11/06/2015;24005;24005;24005;24005;1520
2015-06-12;12/06/2015;24000;24000;24000;24000;5564
2015-06-15;15/06/2015;24000;24000;24000;24000;1025
2015-06-16;16/06/2015;23500;23500;23500;23500;3429
2015-06-17;17/06/2015;23760;23760;23760;23760;5396
2015-06-18;18/06/2015;23760;23760;23760;23760;3697
2015-06-19;19/06/2015;23500;23500;23500;23500;6127
2015-06-22;22/06/2015;23500;23500;23500;23500;7271
2015-06-23;23/06/2015;23350;23350;23350;23350;1677
2015-06-24;24/06/2015;23595;23595;23595;23595;15587
2015-06-25;25/06/2015;23700;23700;23700;23700;6797
2015-06-26;26/06/2015;23700;23700;23700;23700;1290
2015-06-29;29/06/2015;24000;24000;24000;24000;5289
2015-06-30;30/06/2015;24000;24000;24000;24000;899
2015-07-01;01/07/2015;24000;24000;24000;24000;3444
2015-07-02;02/07/2015;24000;24000;24000;24000;18586
2015-07-03;03/07/2015;23950;23950;23950;23950;3597
2015-07-06;06/07/2015;24300;24300;24300;24300;25296
2015-07-07;07/07/2015;24800;24800;24800;24800;6109
2015-07-08;08/07/2015;24315;24315;24315;24315;6638
2015-07-09;09/07/2015;24795;24795;24795;24795;7847
2015-07-10;10/07/2015;24300;24300;24300;24300;8687
2015-07-13;13/07/2015;24360;24360;24360;24360;838
2015-07-14;14/07/2015;24360;24360;24360;24360;838
2015-07-15;15/07/2015;24505;24505;24505;24505;32069
2015-07-16;16/07/2015;25005;25005;25005;25005;64655
2015-07-17;17/07/2015;25005;25005;25005;25005;64655
2015-07-20;20/07/2015;25000;25000;25000;25000;2520
2015-07-21;21/07/2015;25000;25000;25000;25000;16881
2015-07-22;22/07/2015;25100;25100;25100;25100;4505
2015-07-23;23/07/2015;25500;25500;25500;25500;4160
2015-07-24;24/07/2015;26800;26800;26800;26800;13954
2015-07-27;27/07/2015;28810;28810;28810;28810;28238
2015-07-28;28/07/2015;28250;28250;28250;28250;86139
2015-07-29;29/07/2015;28000;28000;28000;28000;22592
2015-07-30;30/07/2015;28000;28000;28000;28000;26830
2015-07-31;31/07/2015;28000;28000;28000;28000;13392
2015-08-03;03/08/2015;27600;27600;27600;27600;1240
2015-08-04;04/08/2015;27605;27605;27605;27605;22140
2015-08-05;05/08/2015;27600;27600;27600;27600;2360
2015-08-06;06/08/2015;27300;27300;27300;27300;13864
2015-08-07;07/08/2015;27300;27300;27300;27300;13864
2015-08-10;10/08/2015;27500;27500;27500;27500;3716
2015-08-11;11/08/2015;27400;27400;27400;27400;1574
2015-08-12;12/08/2015;27000;27000;27000;27000;4607
2015-08-13;13/08/2015;27000;27000;27000;27000;35986
2015-08-14;14/08/2015;27000;27000;27000;27000;17976
2015-08-17;17/08/2015;27000;27000;27000;27000;13076
2015-08-18;18/08/2015;26500;26500;26500;26500;57389
2015-08-19;19/08/2015;26505;26505;26505;26505;1548
2015-08-20;20/08/2015;26500;26500;26500;26500;21716
2015-08-21;21/08/2015;26000;26000;26000;26000;59887
2015-08-24;24/08/2015;25605;25605;25605;25605;56621
2015-08-25;25/08/2015;25200;25200;25200;25200;35837
2015-08-26;26/08/2015;25200;25200;25200;25200;19352
2015-08-27;27/08/2015;25600;25600;25600;25600;11169
2015-08-28;28/08/2015;25720;25720;25720;25720;282
2015-08-31;31/08/2015;25500;25500;25500;25500;1822
2015-09-01;01/09/2015;25200;25200;25200;25200;35844
2015-09-02;02/09/2015;25000;25000;25000;25000;46526
2015-09-03;03/09/2015;24805;24805;24805;24805;1059
2015-09-04;04/09/2015;24995;24995;24995;24995;5619
2015-09-07;07/09/2015;24825;24825;24825;24825;4090
2015-09-08;08/09/2015;25000;25000;25000;25000;15917
2015-09-09;09/09/2015;25000;25000;25000;25000;27109
2015-09-10;10/09/2015;24995;24995;24995;24995;3516
2015-09-11;11/09/2015;25000;25000;25000;25000;26355
2015-09-14;14/09/2015;24995;24995;24995;24995;32795
2015-09-15;15/09/2015;25000;25000;25000;25000;21307
2015-09-16;16/09/2015;25160;25160;25160;25160;32326
2015-09-17;17/09/2015;25400;25400;25400;25400;495
2015-09-18;18/09/2015;25550;25550;25550;25550;10919
2015-09-21;21/09/2015;25550;25550;25550;25550;2601
2015-09-22;22/09/2015;25550;25550;25550;25550;2668
2015-09-23;23/09/2015;26000;26000;26000;26000;5541
2015-09-24;24/09/2015;26000;26000;26000;26000;5541
2015-09-25;25/09/2015;25700;25700;25700;25700;49604
2015-09-28;28/09/2015;25950;25950;25950;25950;53617
2015-09-29;29/09/2015;25800;25800;25800;25800;15116
2015-09-30;30/09/2015;25900;25900;25900;25900;2681
2015-10-01;01/10/2015;25950;25950;25950;25950;15801
2015-10-02;02/10/2015;26400;26400;26400;26400;2512
2015-10-05;05/10/2015;26500;26500;26500;26500;4070
2015-10-06;06/10/2015;26400;26400;26400;26400;1270
2015-10-07;07/10/2015;26400;26400;26400;26400;14665
2015-10-08;08/10/2015;26250;26250;26250;26250;11311
2015-10-09;09/10/2015;26400;26400;26400;26400;1416
2015-10-12;12/10/2015;26060;26060;26060;26060;10933
2015-10-13;13/10/2015;26060;26060;26060;26060;2346
2015-10-14;14/10/2015;26000;26000;26000;26000;7771
2015-10-15;15/10/2015;26400;26400;26400;26400;25568
2015-10-16;16/10/2015;26315;26315;26315;26315;32657
2015-10-19;19/10/2015;26300;26300;26300;26300;14426
2015-10-20;20/10/2015;26150;26150;26150;26150;11227
2015-10-21;21/10/2015;26250;26250;26250;26250;4714
2015-10-22;22/10/2015;26500;26500;26500;26500;7292
2015-10-23;23/10/2015;26010;26010;26010;26010;7652
2015-10-26;26/10/2015;26100;26100;26100;26100;1625
2015-10-27;27/10/2015;26010;26010;26010;26010;18221
2015-10-28;28/10/2015;26150;26150;26150;26150;26166
2015-10-29;29/10/2015;26105;26105;26105;26105;3416
2015-10-30;30/10/2015;26010;26010;26010;26010;20553
2015-11-02;02/11/2015;26000;26000;26000;26000;16821
2015-11-03;03/11/2015;26000;26000;26000;26000;15636
2015-11-04;04/11/2015;26050;26050;26050;26050;1347
2015-11-05;05/11/2015;26000;26000;26000;26000;15746
2015-11-06;06/11/2015;26100;26100;26100;26100;17497
2015-11-09;09/11/2015;26110;26110;26110;26110;943
2015-11-10;10/11/2015;26130;26130;26130;26130;3717
2015-11-11;11/11/2015;26200;26200;26200;26200;13321
2015-11-12;12/11/2015;26150;26150;26150;26150;24772
2015-11-13;13/11/2015;26150;26150;26150;26150;9191
2015-11-16;16/11/2015;26155;26155;26155;26155;534
2015-11-17;17/11/2015;26155;26155;26155;26155;1216
2015-11-18;18/11/2015;26150;26150;26150;26150;1397
2015-11-19;19/11/2015;26200;26200;26200;26200;1983
2015-11-20;20/11/2015;28000;28000;28000;28000;43692
2015-11-23;23/11/2015;27000;27000;27000;27000;832
2015-11-24;24/11/2015;26500;26500;26500;26500;69213
2015-11-25;25/11/2015;26600;26600;26600;26600;9619
2015-11-26;26/11/2015;26500;26500;26500;26500;2092
2015-11-27;27/11/2015;26500;26500;26500;26500;17298
2015-11-30;30/11/2015;26500;26500;26500;26500;164572
2015-12-01;01/12/2015;26550;26550;26550;26550;5239
2015-12-02;02/12/2015;26395;26395;26395;26395;10279
2015-12-03;03/12/2015;26600;26600;26600;26600;9668
2015-12-04;04/12/2015;26600;26600;26600;26600;11117
2015-12-07;07/12/2015;26500;26500;26500;26500;25084
2015-12-08;08/12/2015;26650;26650;26650;26650;19763
2015-12-09;09/12/2015;26300;26300;26300;26300;11286
2015-12-10;10/12/2015;26100;26100;26100;26100;22219
2015-12-11;11/12/2015;26095;26095;26095;26095;10511
2015-12-14;14/12/2015;26000;26000;26000;26000;3736
2015-12-15;15/12/2015;25800;25800;25800;25800;4223
2015-12-16;16/12/2015;25800;25800;25800;25800;2042
2015-12-17;17/12/2015;25500;25500;25500;25500;4867
2015-12-18;18/12/2015;25100;25100;25100;25100;12442
2015-12-21;21/12/2015;25800;25800;25800;25800;37532
2015-12-22;22/12/2015;25400;25400;25400;25400;1404
2015-12-23;23/12/2015;25000;25000;25000;25000;44184
2015-12-24;24/12/2015;25000;25000;25000;25000;44184
2015-12-25;25/12/2015;25000;25000;25000;25000;44184
2015-12-28;28/12/2015;25500;25500;25500;25500;22091
2015-12-29;29/12/2015;25100;25100;25100;25100;63745
2015-12-30;30/12/2015;26000;26000;26000;26000;3237
2015-12-31;31/12/2015;25000;25000;25000;25000;19422
2016-01-04;04/01/2016;25600;25600;25600;25600;577
2016-01-05;05/01/2016;25600;25600;25600;25600;3056
2016-01-06;06/01/2016;25400;25400;25400;25400;59021
2016-01-07;07/01/2016;25450;25450;25450;25450;31068
2016-01-08;08/01/2016;25000;25000;25000;25000;68973
2016-01-11;11/01/2016;25100;25100;25100;25100;2462
2016-01-12;12/01/2016;25200;25200;25200;25200;1044
2016-01-13;13/01/2016;25100;25100;25100;25100;6638
2016-01-14;14/01/2016;24900;24900;24900;24900;34733
2016-01-15;15/01/2016;24850;24850;24850;24850;61647
2016-01-18;18/01/2016;24845;24845;24845;24845;11899
2016-01-19;19/01/2016;24700;24700;24700;24700;1732
2016-01-20;20/01/2016;24300;24300;24300;24300;13431
2016-01-21;21/01/2016;24000;24000;24000;24000;18951
2016-01-22;22/01/2016;24200;24200;24200;24200;6793
2016-01-25;25/01/2016;23755;23755;23755;23755;24630
2016-01-26;26/01/2016;23995;23995;23995;23995;21217
2016-01-27;27/01/2016;23995;23995;23995;23995;5975
2016-01-28;28/01/2016;23900;23900;23900;23900;8887
2016-01-29;29/01/2016;23695;23695;23695;23695;5563
2016-02-01;01/02/2016;23500;23500;23500;23500;20420
2016-02-02;02/02/2016;23500;23500;23500;23500;58448
2016-02-03;03/02/2016;23800;23800;23800;23800;47321
2016-02-04;04/02/2016;23950;23950;23950;23950;24076
2016-02-05;05/02/2016;23805;23805;23805;23805;6599
2016-02-08;08/02/2016;23600;23600;23600;23600;10241
2016-02-09;09/02/2016;23600;23600;23600;23600;16109
2016-02-10;10/02/2016;23550;23550;23550;23550;12526
2016-02-11;11/02/2016;23550;23550;23550;23550;787
2016-02-12;12/02/2016;23500;23500;23500;23500;35741
2016-02-15;15/02/2016;23550;23550;23550;23550;39780
2016-02-16;16/02/2016;24000;24000;24000;24000;9209
2016-02-17;17/02/2016;25000;25000;25000;25000;6136
2016-02-18;18/02/2016;25500;25500;25500;25500;1634
2016-02-19;19/02/2016;25000;25000;25000;25000;33366
2016-02-22;22/02/2016;25300;25300;25300;25300;6427
2016-02-23;23/02/2016;25855;25855;25855;25855;6546
2016-02-24;24/02/2016;25560;25560;25560;25560;3049
2016-02-25;25/02/2016;25800;25800;25800;25800;30405
2016-02-26;26/02/2016;25500;25500;25500;25500;14540
2016-02-29;29/02/2016;24800;24800;24800;24800;32637
2016-03-01;01/03/2016;25000;25000;25000;25000;8186
2016-03-02;02/03/2016;24500;24500;24500;24500;35041
2016-03-03;03/03/2016;24850;24850;24850;24850;10320
2016-03-04;04/03/2016;24615;24615;24615;24615;817
2016-03-07;07/03/2016;24700;24700;24700;24700;11580
2016-03-08;08/03/2016;24700;24700;24700;24700;16813
2016-03-09;09/03/2016;24600;24600;24600;24600;12247
2016-03-10;10/03/2016;24395;24395;24395;24395;21550
2016-03-11;11/03/2016;24000;24000;24000;24000;28430
2016-03-14;14/03/2016;23900;23900;23900;23900;15181
2016-03-15;15/03/2016;23515;23515;23515;23515;6419
2016-03-16;16/03/2016;23600;23600;23600;23600;30488
2016-03-17;17/03/2016;24000;24000;24000;24000;5353
2016-03-18;18/03/2016;23605;23605;23605;23605;19987
2016-03-21;21/03/2016;24500;24500;24500;24500;16642
2016-03-22;22/03/2016;24700;24700;24700;24700;2911
2016-03-23;23/03/2016;25000;25000;25000;25000;7235
2016-03-24;24/03/2016;24950;24950;24950;24950;5295
2016-03-25;25/03/2016;25000;25000;25000;25000;1341
2016-03-28;28/03/2016;25000;25000;25000;25000;1341
2016-03-29;29/03/2016;25000;25000;25000;25000;4858
2016-03-30;30/03/2016;24900;24900;24900;24900;23329
2016-03-31;31/03/2016;24500;24500;24500;24500;19532
2016-04-01;01/04/2016;24700;24700;24700;24700;24421
2016-04-04;04/04/2016;24700;24700;24700;24700;4156
2016-04-05;05/04/2016;24600;24600;24600;24600;19013
2016-04-06;06/04/2016;24675;24675;24675;24675;4990
2016-04-07;07/04/2016;24700;24700;24700;24700;6420
2016-04-08;08/04/2016;25020;25020;25020;25020;2437
2016-04-11;11/04/2016;24995;24995;24995;24995;7003
2016-04-12;12/04/2016;25000;25000;25000;25000;9168
2016-04-13;13/04/2016;25000;25000;25000;25000;16946
2016-04-14;14/04/2016;25200;25200;25200;25200;2842
2016-04-15;15/04/2016;25400;25400;25400;25400;2925
2016-04-18;18/04/2016;25310;25310;25310;25310;6890
2016-04-19;19/04/2016;25205;25205;25205;25205;5432
2016-04-20;20/04/2016;25300;25300;25300;25300;11661
2016-04-21;21/04/2016;25650;25650;25650;25650;12615
2016-04-22;22/04/2016;26000;26000;26000;26000;17567
2016-04-25;25/04/2016;25800;25800;25800;25800;7935
2016-04-26;26/04/2016;25800;25800;25800;25800;16588
2016-04-27;27/04/2016;25655;25655;25655;25655;36969
2016-04-28;28/04/2016;25800;25800;25800;25800;3523
2016-04-29;29/04/2016;25795;25795;25795;25795;8009
2016-05-02;02/05/2016;25795;25795;25795;25795;8009
2016-05-03;03/05/2016;25700;25700;25700;25700;23207
2016-05-04;04/05/2016;25700;25700;25700;25700;344276
2016-05-05;05/05/2016;25700;25700;25700;25700;1230
2016-05-06;06/05/2016;24005;24005;24005;24005;6040
2016-05-09;09/05/2016;23600;23600;23600;23600;13406
2016-05-10;10/05/2016;23700;23700;23700;23700;14855
2016-05-11;11/05/2016;23700;23700;23700;23700;5404
2016-05-12;12/05/2016;23800;23800;23800;23800;20016
2016-05-13;13/05/2016;23900;23900;23900;23900;7402
2016-05-16;16/05/2016;23900;23900;23900;23900;7402
2016-05-17;17/05/2016;23900;23900;23900;23900;8794
2016-05-18;18/05/2016;24000;24000;24000;24000;7777
2016-05-19;19/05/2016;24000;24000;24000;24000;2179
2016-05-20;20/05/2016;23905;23905;23905;23905;16092
2016-05-23;23/05/2016;23790;23790;23790;23790;3726
2016-05-24;24/05/2016;23900;23900;23900;23900;7276
2016-05-25;25/05/2016;23000;23000;23000;23000;100395
2016-05-26;26/05/2016;23500;23500;23500;23500;52585
2016-05-27;27/05/2016;23495;23495;23495;23495;677
2016-05-30;30/05/2016;23100;23100;23100;23100;667
2016-05-31;31/05/2016;23180;23180;23180;23180;12978
2016-06-01;01/06/2016;23400;23400;23400;23400;27824
2016-06-02;02/06/2016;23000;23000;23000;23000;40126
2016-06-03;03/06/2016;23000;23000;23000;23000;95275
2016-06-06;06/06/2016;23000;23000;23000;23000;28969
2016-06-07;07/06/2016;23000;23000;23000;23000;8835
2016-06-08;08/06/2016;22610;22610;22610;22610;1101
2016-06-09;09/06/2016;23000;23000;23000;23000;45809
2016-06-10;10/06/2016;23000;23000;23000;23000;1623
2016-06-13;13/06/2016;22905;22905;22905;22905;22265
2016-06-14;14/06/2016;23100;23100;23100;23100;1378
2016-06-15;15/06/2016;24000;24000;24000;24000;802
2016-06-16;16/06/2016;24000;24000;24000;24000;1360
2016-06-17;17/06/2016;23995;23995;23995;23995;13771
2016-06-20;20/06/2016;23900;23900;23900;23900;10599
2016-06-21;21/06/2016;23700;23700;23700;23700;2958
2016-06-22;22/06/2016;23500;23500;23500;23500;2577
2016-06-23;23/06/2016;23250;23250;23250;23250;7333
2016-06-24;24/06/2016;22995;22995;22995;22995;61466
2016-06-27;27/06/2016;23000;23000;23000;23000;7500
2016-06-28;28/06/2016;22995;22995;22995;22995;2536
2016-06-29;29/06/2016;22955;22955;22955;22955;39838
2016-06-30;30/06/2016;22900;22900;22900;22900;14271
2016-07-01;01/07/2016;23000;23000;23000;23000;3002
2016-07-04;04/07/2016;22850;22850;22850;22850;76585
2016-07-05;05/07/2016;22800;22800;22800;22800;34811
2016-07-06;06/07/2016;22800;22800;22800;22800;34811
2016-07-07;07/07/2016;23000;23000;23000;23000;98927
2016-07-08;08/07/2016;22600;22600;22600;22600;1553
2016-07-11;11/07/2016;22900;22900;22900;22900;3323
2016-07-12;12/07/2016;22610;22610;22610;22610;29019
2016-07-13;13/07/2016;22610;22610;22610;22610;42976
2016-07-14;14/07/2016;22715;22715;22715;22715;25075
2016-07-15;15/07/2016;22750;22750;22750;22750;19580
2016-07-18;18/07/2016;22000;22000;22000;22000;2254
2016-07-19;19/07/2016;22700;22700;22700;22700;6114
2016-07-20;20/07/2016;22695;22695;22695;22695;1487
2016-07-21;21/07/2016;23000;23000;23000;23000;5872
2016-07-22;22/07/2016;23000;23000;23000;23000;3508
2016-07-25;25/07/2016;22900;22900;22900;22900;2865
2016-07-26;26/07/2016;22800;22800;22800;22800;6759
2016-07-27;27/07/2016;22800;22800;22800;22800;12567
2016-07-28;28/07/2016;22800;22800;22800;22800;7674
2016-07-29;29/07/2016;22805;22805;22805;22805;933
2016-08-01;01/08/2016;22850;22850;22850;22850;19171
2016-08-02;02/08/2016;22850;22850;22850;22850;1746
2016-08-03;03/08/2016;23000;23000;23000;23000;471
2016-08-04;04/08/2016;22860;22860;22860;22860;6137
2016-08-05;05/08/2016;22800;22800;22800;22800;2729
2016-08-08;08/08/2016;22800;22800;22800;22800;2729
2016-08-09;09/08/2016;22865;22865;22865;22865;5523
2016-08-10;10/08/2016;22855;22855;22855;22855;2137
2016-08-11;11/08/2016;22900;22900;22900;22900;7879
2016-08-12;12/08/2016;22900;22900;22900;22900;867
2016-08-15;15/08/2016;22900;22900;22900;22900;867
2016-08-16;16/08/2016;22860;22860;22860;22860;6252
2016-08-17;17/08/2016;22810;22810;22810;22810;1881
2016-08-18;18/08/2016;22815;22815;22815;22815;3139
2016-08-19;19/08/2016;22810;22810;22810;22810;1840
2016-08-22;22/08/2016;22830;22830;22830;22830;3021
2016-08-23;23/08/2016;22850;22850;22850;22850;9396
2016-08-24;24/08/2016;22830;22830;22830;22830;28827
2016-08-25;25/08/2016;22900;22900;22900;22900;3852
2016-08-26;26/08/2016;22850;22850;22850;22850;3865
2016-08-29;29/08/2016;22900;22900;22900;22900;3608
2016-08-30;30/08/2016;22700;22700;22700;22700;748
2016-08-31;31/08/2016;22750;22750;22750;22750;1586
2016-09-01;01/09/2016;22810;22810;22810;22810;2848
2016-09-02;02/09/2016;22950;22950;22950;22950;23023
2016-09-05;05/09/2016;22860;22860;22860;22860;5689
2016-09-06;06/09/2016;22865;22865;22865;22865;3105
2016-09-07;07/09/2016;24000;24000;24000;24000;2944
2016-09-08;08/09/2016;22955;22955;22955;22955;134
2016-09-09;09/09/2016;23000;23000;23000;23000;7577
2016-09-12;12/09/2016;23000;23000;23000;23000;7577
2016-09-13;13/09/2016;22900;22900;22900;22900;1572
2016-09-14;14/09/2016;22900;22900;22900;22900;2033
2016-09-15;15/09/2016;22975;22975;22975;22975;6046
2016-09-16;16/09/2016;23000;23000;23000;23000;1814
2016-09-19;19/09/2016;22800;22800;22800;22800;17945
2016-09-20;20/09/2016;22990;22990;22990;22990;6661
2016-09-21;21/09/2016;22800;22800;22800;22800;15350
2016-09-22;22/09/2016;22900;22900;22900;22900;2839
2016-09-23;23/09/2016;22900;22900;22900;22900;1322
2016-09-26;26/09/2016;22870;22870;22870;22870;2486
2016-09-27;27/09/2016;22810;22810;22810;22810;14312
2016-09-28;28/09/2016;22500;22500;22500;22500;1424
2016-09-29;29/09/2016;22800;22800;22800;22800;17171
2016-09-30;30/09/2016;22700;22700;22700;22700;1786
2016-10-03;03/10/2016;22600;22600;22600;22600;7155
2016-10-04;04/10/2016;22800;22800;22800;22800;2629
2016-10-05;05/10/2016;22900;22900;22900;22900;4099
2016-10-06;06/10/2016;23000;23000;23000;23000;5069
2016-10-07;07/10/2016;23200;23200;23200;23200;8727
2016-10-10;10/10/2016;23000;23000;23000;23000;25653
2016-10-11;11/10/2016;22795;22795;22795;22795;880
2016-10-12;12/10/2016;22600;22600;22600;22600;6398
2016-10-13;13/10/2016;22500;22500;22500;22500;2419
2016-10-14;14/10/2016;22450;22450;22450;22450;2170
2016-10-17;17/10/2016;22445;22445;22445;22445;2466
2016-10-18;18/10/2016;21500;21500;21500;21500;818
2016-10-19;19/10/2016;22390;22390;22390;22390;1367
2016-10-20;20/10/2016;22200;22200;22200;22200;1077
2016-10-21;21/10/2016;22360;22360;22360;22360;1589
2016-10-24;24/10/2016;22620;22620;22620;22620;9536
2016-10-25;25/10/2016;23000;23000;23000;23000;98547
2016-10-26;26/10/2016;23005;23005;23005;23005;40664
2016-10-27;27/10/2016;23000;23000;23000;23000;2582
2016-10-28;28/10/2016;23005;23005;23005;23005;2998
2016-10-31;31/10/2016;23000;23000;23000;23000;4111
2016-11-01;01/11/2016;23000;23000;23000;23000;4111
2016-11-02;02/11/2016;23100;23100;23100;23100;8671
2016-11-03;03/11/2016;23215;23215;23215;23215;3530
2016-11-04;04/11/2016;23315;23315;23315;23315;38895
2016-11-07;07/11/2016;23600;23600;23600;23600;6486
2016-11-08;08/11/2016;24995;24995;24995;24995;22023
2016-11-09;09/11/2016;24500;24500;24500;24500;1863
2016-11-10;10/11/2016;24560;24560;24560;24560;9533
2016-11-11;11/11/2016;24990;24990;24990;24990;7675
2016-11-14;14/11/2016;24150;24150;24150;24150;58350
2016-11-15;15/11/2016;24150;24150;24150;24150;58350
2016-11-16;16/11/2016;24500;24500;24500;24500;15975
2016-11-17;17/11/2016;24500;24500;24500;24500;37311
2016-11-18;18/11/2016;24500;24500;24500;24500;41433
2016-11-21;21/11/2016;24500;24500;24500;24500;46210
2016-11-22;22/11/2016;24505;24505;24505;24505;2108
2016-11-23;23/11/2016;24600;24600;24600;24600;2647
2016-11-24;24/11/2016;24450;24450;24450;24450;1366
2016-11-25;25/11/2016;24400;24400;24400;24400;6670
2016-11-28;28/11/2016;24200;24200;24200;24200;2053
2016-11-29;29/11/2016;24050;24050;24050;24050;1942
2016-11-30;30/11/2016;24000;24000;24000;24000;19700
2016-12-01;01/12/2016;24000;24000;24000;24000;3542
2016-12-02;02/12/2016;24005;24005;24005;24005;22818
2016-12-05;05/12/2016;24000;24000;24000;24000;49534
2016-12-06;06/12/2016;24300;24300;24300;24300;52128
2016-12-07;07/12/2016;24400;24400;24400;24400;5204
2016-12-08;08/12/2016;24005;24005;24005;24005;24360
2016-12-09;09/12/2016;24000;24000;24000;24000;3319
2016-12-12;12/12/2016;24000;24000;24000;24000;3319
2016-12-13;13/12/2016;24350;24350;24350;24350;2364
2016-12-14;14/12/2016;24505;24505;24505;24505;7563
2016-12-15;15/12/2016;24230;24230;24230;24230;870
2016-12-16;16/12/2016;24000;24000;24000;24000;4037
2016-12-19;19/12/2016;23510;23510;23510;23510;6657
2016-12-20;20/12/2016;23000;23000;23000;23000;2137
2016-12-21;21/12/2016;24725;24725;24725;24725;7591
2016-12-22;22/12/2016;23900;23900;23900;23900;928
2016-12-23;23/12/2016;24000;24000;24000;24000;3834
2016-12-26;26/12/2016;24000;24000;24000;24000;3834
2016-12-27;27/12/2016;24700;24700;24700;24700;750
2016-12-28;28/12/2016;24750;24750;24750;24750;3307
2016-12-29;29/12/2016;24195;24195;24195;24195;745
2016-12-30;30/12/2016;25000;25000;25000;25000;6160
2017-01-02;02/01/2017;24495;24495;24495;24495;2390
2017-01-03;03/01/2017;24100;24100;24100;24100;20393
2017-01-04;04/01/2017;24100;24100;24100;24100;1069
2017-01-05;05/01/2017;24300;24300;24300;24300;23579
2017-01-06;06/01/2017;24000;24000;24000;24000;539
2017-01-09;09/01/2017;24100;24100;24100;24100;2382
2017-01-10;10/01/2017;24050;24050;24050;24050;614
2017-01-11;11/01/2017;24495;24495;24495;24495;1735
2017-01-12;12/01/2017;24495;24495;24495;24495;587
2017-01-13;13/01/2017;24300;24300;24300;24300;96
2017-01-16;16/01/2017;24200;24200;24200;24200;713
2017-01-17;17/01/2017;24500;24500;24500;24500;24933
2017-01-18;18/01/2017;24300;24300;24300;24300;481
2017-01-19;19/01/2017;24500;24500;24500;24500;11221
2017-01-20;20/01/2017;24500;24500;24500;24500;5828
2017-01-23;23/01/2017;24300;24300;24300;24300;52379
2017-01-24;24/01/2017;24000;24000;24000;24000;1223
2017-01-25;25/01/2017;24000;24000;24000;24000;22650
2017-01-26;26/01/2017;24000;24000;24000;24000;3884
2017-01-27;27/01/2017;24010;24010;24010;24010;703
2017-01-30;30/01/2017;24010;24010;24010;24010;13621
2017-01-31;31/01/2017;24125;24125;24125;24125;34302
2017-02-01;01/02/2017;24105;24105;24105;24105;573
2017-02-02;02/02/2017;24500;24500;24500;24500;16204
2017-02-03;03/02/2017;24500;24500;24500;24500;19513
2017-02-06;06/02/2017;24580;24580;24580;24580;2354
2017-02-07;07/02/2017;24900;24900;24900;24900;67345
2017-02-08;08/02/2017;25000;25000;25000;25000;7794
2017-02-09;09/02/2017;24900;24900;24900;24900;945
2017-02-10;10/02/2017;25000;25000;25000;25000;3394
2017-02-13;13/02/2017;25000;25000;25000;25000;16069
2017-02-14;14/02/2017;25000;25000;25000;25000;962
2017-02-15;15/02/2017;25000;25000;25000;25000;4196
2017-02-16;16/02/2017;25005;25005;25005;25005;22008
2017-02-17;17/02/2017;25100;25100;25100;25100;13880
2017-02-20;20/02/2017;25250;25250;25250;25250;1207
2017-02-21;21/02/2017;25000;25000;25000;25000;72148
2017-02-22;22/02/2017;25160;25160;25160;25160;25940
2017-02-23;23/02/2017;25135;25135;25135;25135;4609
2017-02-24;24/02/2017;25125;25125;25125;25125;1393
2017-02-27;27/02/2017;25155;25155;25155;25155;7836
2017-02-28;28/02/2017;25155;25155;25155;25155;42668
2017-03-01;01/03/2017;25065;25065;25065;25065;3675
2017-03-02;02/03/2017;25150;25150;25150;25150;18041
2017-03-03;03/03/2017;25125;25125;25125;25125;8314
2017-03-06;06/03/2017;25025;25025;25025;25025;371
2017-03-07;07/03/2017;25000;25000;25000;25000;20160
2017-03-08;08/03/2017;25005;25005;25005;25005;29402
2017-03-09;09/03/2017;25005;25005;25005;25005;1715
2017-03-10;10/03/2017;25000;25000;25000;25000;4060
2017-03-13;13/03/2017;24950;24950;24950;24950;310
2017-03-14;14/03/2017;24950;24950;24950;24950;24205
2017-03-15;15/03/2017;25000;25000;25000;25000;1833
2017-03-16;16/03/2017;25000;25000;25000;25000;5743
2017-03-17;17/03/2017;25200;25200;25200;25200;10566
2017-03-20;20/03/2017;25000;25000;25000;25000;1325
2017-03-21;21/03/2017;25000;25000;25000;25000;9944
2017-03-22;22/03/2017;25000;25000;25000;25000;126623
2017-03-23;23/03/2017;25000;25000;25000;25000;1083
2017-03-24;24/03/2017;25000;25000;25000;25000;4408
2017-03-27;27/03/2017;25000;25000;25000;25000;8509
2017-03-28;28/03/2017;24200;24200;24200;24200;1143
2017-03-29;29/03/2017;25000;25000;25000;25000;874
2017-03-30;30/03/2017;25000;25000;25000;25000;15309
2017-03-31;31/03/2017;25000;25000;25000;25000;348
2017-04-03;03/04/2017;25000;25000;25000;25000;41432
2017-04-04;04/04/2017;24800;24800;24800;24800;781
2017-04-05;05/04/2017;24800;24800;24800;24800;1434
2017-04-06;06/04/2017;24005;24005;24005;24005;66828
2017-04-07;07/04/2017;24500;24500;24500;24500;63589
2017-04-10;10/04/2017;24500;24500;24500;24500;2350
2017-04-11;11/04/2017;24110;24110;24110;24110;337
2017-04-12;12/04/2017;23850;23850;23850;23850;37207
2017-04-13;13/04/2017;24000;24000;24000;24000;4729
2017-04-14;14/04/2017;24300;24300;24300;24300;66
2017-04-18;18/04/2017;24450;24450;24450;24450;1710
2017-04-19;19/04/2017;24200;24200;24200;24200;2533
2017-04-20;20/04/2017;24000;24000;24000;24000;1647
2017-04-21;21/04/2017;23525;23525;23525;23525;6122
2017-04-24;24/04/2017;23505;23505;23505;23505;51542
2017-04-25;25/04/2017;24000;24000;24000;24000;25844
2017-04-26;26/04/2017;24000;24000;24000;24000;52280
2017-04-27;27/04/2017;24500;24500;24500;24500;17597
2017-04-28;28/04/2017;24000;24000;24000;24000;556
2017-05-01;01/05/2017;24000;24000;24000;24000;556
2017-05-02;02/05/2017;24010;24010;24010;24010;2669
2017-05-03;03/05/2017;24010;24010;24010;24010;348
2017-05-04;04/05/2017;24000;24000;24000;24000;10728
2017-05-05;05/05/2017;24100;24100;24100;24100;468
2017-05-08;08/05/2017;24000;24000;24000;24000;172506
2017-05-09;09/05/2017;24100;24100;24100;24100;558
2017-05-10;10/05/2017;24000;24000;24000;24000;292
2017-05-11;11/05/2017;22500;22500;22500;22500;1465
2017-05-12;12/05/2017;23500;23500;23500;23500;1544
2017-05-15;15/05/2017;22500;22500;22500;22500;2584
2017-05-16;16/05/2017;23000;23000;23000;23000;315293
2017-05-17;17/05/2017;24000;24000;24000;24000;65550
2017-05-18;18/05/2017;23000;23000;23000;23000;20044
2017-05-19;19/05/2017;23000;23000;23000;23000;14993
2017-05-22;22/05/2017;22800;22800;22800;22800;40537
2017-05-23;23/05/2017;23000;23000;23000;23000;3028
2017-05-24;24/05/2017;24500;24500;24500;24500;65177
2017-05-25;25/05/2017;24500;24500;24500;24500;65177
2017-05-26;26/05/2017;23000;23000;23000;23000;26198
2017-05-29;29/05/2017;23100;23100;23100;23100;1139
2017-05-30;30/05/2017;22900;22900;22900;22900;55974
2017-05-31;31/05/2017;24500;24500;24500;24500;4274
2017-06-01;01/06/2017;24000;24000;24000;24000;183
2017-06-02;02/06/2017;23100;23100;23100;23100;669
2017-06-05;05/06/2017;23100;23100;23100;23100;669
2017-06-06;06/06/2017;23500;23500;23500;23500;1809
2017-06-07;07/06/2017;24500;24500;24500;24500;13108
2017-06-08;08/06/2017;24245;24245;24245;24245;172201
2017-06-09;09/06/2017;23100;23100;23100;23100;1195
2017-06-12;12/06/2017;23250;23250;23250;23250;1591
2017-06-13;13/06/2017;23800;23800;23800;23800;10407
2017-06-14;14/06/2017;23500;23500;23500;23500;13518
2017-06-15;15/06/2017;23455;23455;23455;23455;55875
2017-06-16;16/06/2017;23500;23500;23500;23500;6154
2017-06-19;19/06/2017;23500;23500;23500;23500;138358
2017-06-20;20/06/2017;24000;24000;24000;24000;3638
2017-06-21;21/06/2017;24000;24000;24000;24000;4364
2017-06-22;22/06/2017;24000;24000;24000;24000;4364
2017-06-23;23/06/2017;23110;23110;23110;23110;528
2017-06-27;27/06/2017;23400;23400;23400;23400;1728
2017-06-28;28/06/2017;24000;24000;24000;24000;14025
2017-06-29;29/06/2017;23200;23200;23200;23200;1597
2017-06-30;30/06/2017;24000;24000;24000;24000;33998
2017-07-03;03/07/2017;23505;23505;23505;23505;1353
2017-07-04;04/07/2017;23505;23505;23505;23505;5712
2017-07-05;05/07/2017;24000;24000;24000;24000;1664
2017-07-06;06/07/2017;24000;24000;24000;24000;7314
2017-07-07;07/07/2017;24000;24000;24000;24000;80983
2017-07-10;10/07/2017;23500;23500;23500;23500;2218
2017-07-11;11/07/2017;23505;23505;23505;23505;16633
2017-07-12;12/07/2017;23505;23505;23505;23505;2558
2017-07-13;13/07/2017;23510;23510;23510;23510;1295
2017-07-14;14/07/2017;24000;24000;24000;24000;2978
2017-07-17;17/07/2017;23505;23505;23505;23505;1500
2017-07-18;18/07/2017;23600;23600;23600;23600;2163
2017-07-19;19/07/2017;24000;24000;24000;24000;18642
2017-07-20;20/07/2017;24500;24500;24500;24500;23772
2017-07-21;21/07/2017;24000;24000;24000;24000;353
2017-07-24;24/07/2017;23550;23550;23550;23550;1740
2017-07-25;25/07/2017;23600;23600;23600;23600;4130
2017-07-26;26/07/2017;23605;23605;23605;23605;79012
2017-07-27;27/07/2017;23800;23800;23800;23800;5376
2017-07-28;28/07/2017;23800;23800;23800;23800;4253
2017-07-31;31/07/2017;23505;23505;23505;23505;26472
2017-08-01;01/08/2017;24000;24000;24000;24000;25845
2017-08-02;02/08/2017;24000;24000;24000;24000;802
2017-08-03;03/08/2017;24000;24000;24000;24000;23102
2017-08-04;04/08/2017;24100;24100;24100;24100;54200
2017-08-07;07/08/2017;24100;24100;24100;24100;54200
2017-08-08;08/08/2017;24100;24100;24100;24100;24685
2017-08-09;09/08/2017;24500;24500;24500;24500;8282
2017-08-10;10/08/2017;24000;24000;24000;24000;2734
2017-08-11;11/08/2017;24100;24100;24100;24100;9400
2017-08-14;14/08/2017;24500;24500;24500;24500;4567
2017-08-15;15/08/2017;24500;24500;24500;24500;4567
2017-08-16;16/08/2017;24000;24000;24000;24000;12075
2017-08-17;17/08/2017;23805;23805;23805;23805;13314
2017-08-18;18/08/2017;23505;23505;23505;23505;50004
2017-08-21;21/08/2017;23505;23505;23505;23505;8830
2017-08-22;22/08/2017;23515;23515;23515;23515;6770
2017-08-23;23/08/2017;23520;23520;23520;23520;1086
2017-08-24;24/08/2017;23600;23600;23600;23600;3220
2017-08-25;25/08/2017;23520;23520;23520;23520;21762
2017-08-28;28/08/2017;23700;23700;23700;23700;1322
2017-08-29;29/08/2017;24000;24000;24000;24000;8168
2017-08-30;30/08/2017;24195;24195;24195;24195;342
2017-08-31;31/08/2017;23700;23700;23700;23700;23005
2017-09-01;01/09/2017;23700;23700;23700;23700;21253
2017-09-04;04/09/2017;24000;24000;24000;24000;10567
2017-09-05;05/09/2017;24000;24000;24000;24000;13681
2017-09-06;06/09/2017;24000;24000;24000;24000;22246
2017-09-07;07/09/2017;24000;24000;24000;24000;21326
2017-09-08;08/09/2017;23820;23820;23820;23820;668
2017-09-11;11/09/2017;23900;23900;23900;23900;4193
2017-09-12;12/09/2017;23900;23900;23900;23900;8309
2017-09-13;13/09/2017;23900;23900;23900;23900;13916
2017-09-14;14/09/2017;23800;23800;23800;23800;36425
2017-09-15;15/09/2017;23650;23650;23650;23650;33866
2017-09-18;18/09/2017;23355;23355;23355;23355;3247
2017-09-19;19/09/2017;23450;23450;23450;23450;10050
2017-09-20;20/09/2017;23360;23360;23360;23360;3869
2017-09-21;21/09/2017;23500;23500;23500;23500;8048
2017-09-22;22/09/2017;23450;23450;23450;23450;4766
2017-09-25;25/09/2017;23450;23450;23450;23450;1914
2017-09-26;26/09/2017;23300;23300;23300;23300;35598
2017-09-27;27/09/2017;23350;23350;23350;23350;13788
2017-09-28;28/09/2017;23450;23450;23450;23450;25728
2017-09-29;29/09/2017;23450;23450;23450;23450;13987
2017-10-02;02/10/2017;23295;23295;23295;23295;15703
2017-10-03;03/10/2017;23200;23200;23200;23200;5611
2017-10-04;04/10/2017;23000;23000;23000;23000;23012
2017-10-05;05/10/2017;23100;23100;23100;23100;357
2017-10-06;06/10/2017;23400;23400;23400;23400;21760
2017-10-09;09/10/2017;23200;23200;23200;23200;583
2017-10-10;10/10/2017;23300;23300;23300;23300;1893
2017-10-11;11/10/2017;23350;23350;23350;23350;9445
2017-10-12;12/10/2017;23350;23350;23350;23350;50951
2017-10-13;13/10/2017;23300;23300;23300;23300;511
2017-10-16;16/10/2017;23010;23010;23010;23010;9482
2017-10-17;17/10/2017;23300;23300;23300;23300;1554
2017-10-18;18/10/2017;23100;23100;23100;23100;3430
2017-10-19;19/10/2017;23300;23300;23300;23300;1848
2017-10-20;20/10/2017;23100;23100;23100;23100;7704
2017-10-23;23/10/2017;23100;23100;23100;23100;5160
2017-10-24;24/10/2017;23000;23000;23000;23000;3103
2017-10-25;25/10/2017;22995;22995;22995;22995;24151
2017-10-26;26/10/2017;23000;23000;23000;23000;1350
2017-10-27;27/10/2017;23000;23000;23000;23000;8263
2017-10-30;30/10/2017;22995;22995;22995;22995;79
2017-10-31;31/10/2017;23000;23000;23000;23000;7961
2017-11-01;01/11/2017;23000;23000;23000;23000;7961
2017-11-02;02/11/2017;23000;23000;23000;23000;4955
2017-11-03;03/11/2017;23000;23000;23000;23000;10457
2017-11-06;06/11/2017;22905;22905;22905;22905;5529
2017-11-07;07/11/2017;23000;23000;23000;23000;76818
2017-11-08;08/11/2017;23000;23000;23000;23000;10653
2017-11-09;09/11/2017;22905;22905;22905;22905;26561
2017-11-10;10/11/2017;22900;22900;22900;22900;570
2017-11-13;13/11/2017;22900;22900;22900;22900;442
2017-11-14;14/11/2017;22800;22800;22800;22800;52524
2017-11-15;15/11/2017;22800;22800;22800;22800;52524
2017-11-16;16/11/2017;22800;22800;22800;22800;4276
2017-11-17;17/11/2017;22700;22700;22700;22700;1152
2017-11-20;20/11/2017;22100;22100;22100;22100;4290
2017-11-21;21/11/2017;22000;22000;22000;22000;3918
2017-11-22;22/11/2017;22995;22995;22995;22995;56832
2017-11-23;23/11/2017;22500;22500;22500;22500;358
2017-11-24;24/11/2017;22300;22300;22300;22300;1267
2017-11-27;27/11/2017;22200;22200;22200;22200;2242
2017-11-28;28/11/2017;22500;22500;22500;22500;18778
2017-11-29;29/11/2017;22505;22505;22505;22505;2626
2017-11-30;30/11/2017;22900;22900;22900;22900;32356
2017-12-01;01/12/2017;22900;22900;22900;22900;32356
2017-12-04;04/12/2017;22800;22800;22800;22800;33448
2017-12-05;05/12/2017;22800;22800;22800;22800;35988
2017-12-06;06/12/2017;22900;22900;22900;22900;1372
2017-12-07;07/12/2017;22900;22900;22900;22900;16470
2017-12-08;08/12/2017;22900;22900;22900;22900;25968
2017-12-11;11/12/2017;22595;22595;22595;22595;1071
2017-12-12;12/12/2017;22600;22600;22600;22600;5223
2017-12-13;13/12/2017;22500;22500;22500;22500;4557
2017-12-14;14/12/2017;21070;21070;21070;21070;4443
2017-12-15;15/12/2017;22000;22000;22000;22000;1012
2017-12-18;18/12/2017;21950;21950;21950;21950;11245
2017-12-19;19/12/2017;22000;22000;22000;22000;2910
2017-12-20;20/12/2017;22000;22000;22000;22000;14166
2017-12-21;21/12/2017;22000;22000;22000;22000;1522
2017-12-22;22/12/2017;22400;22400;22400;22400;3447
2017-12-25;25/12/2017;22400;22400;22400;22400;3447
2017-12-26;26/12/2017;22000;22000;22000;22000;48403
2017-12-27;27/12/2017;22000;22000;22000;22000;16699
2017-12-28;28/12/2017;22600;22600;22600;22600;886
2017-12-29;29/12/2017;23500;23500;23500;23500;27835
2018-01-02;02/01/2018;23000;23000;23000;23000;104
2018-01-03;03/01/2018;22700;22700;22700;22700;199
2018-01-04;04/01/2018;22500;22500;22500;22500;2597
2018-01-05;05/01/2018;22400;22400;22400;22400;947
2018-01-08;08/01/2018;22250;22250;22250;22250;860
2018-01-09;09/01/2018;22500;22500;22500;22500;24805
2018-01-10;10/01/2018;22500;22500;22500;22500;5649
2018-01-11;11/01/2018;22500;22500;22500;22500;121693
2018-01-12;12/01/2018;22505;22505;22505;22505;301
2018-01-15;15/01/2018;22500;22500;22500;22500;601
2018-01-16;16/01/2018;22350;22350;22350;22350;1024
2018-01-17;17/01/2018;22500;22500;22500;22500;1667
2018-01-18;18/01/2018;22500;22500;22500;22500;1191
2018-01-19;19/01/2018;22510;22510;22510;22510;3462
2018-01-22;22/01/2018;22500;22500;22500;22500;2723
2018-01-23;23/01/2018;22500;22500;22500;22500;26631
2018-01-24;24/01/2018;22500;22500;22500;22500;64439
2018-01-25;25/01/2018;22500;22500;22500;22500;65064
2018-01-26;26/01/2018;22495;22495;22495;22495;630
2018-01-29;29/01/2018;22490;22490;22490;22490;2052
2018-01-30;30/01/2018;22505;22505;22505;22505;33898
2018-01-31;31/01/2018;22505;22505;22505;22505;21944
2018-02-01;01/02/2018;22900;22900;22900;22900;84880
2018-02-02;02/02/2018;22600;22600;22600;22600;376
2018-02-05;05/02/2018;22400;22400;22400;22400;3014
2018-02-06;06/02/2018;22250;22250;22250;22250;8732
2018-02-07;07/02/2018;22400;22400;22400;22400;168
2018-02-08;08/02/2018;22360;22360;22360;22360;1458
2018-02-09;09/02/2018;22360;22360;22360;22360;1342
2018-02-12;12/02/2018;22380;22380;22380;22380;1468
2018-02-13;13/02/2018;22250;22250;22250;22250;1230
2018-02-14;14/02/2018;22400;22400;22400;22400;54883
2018-02-15;15/02/2018;22400;22400;22400;22400;1005
2018-02-16;16/02/2018;22250;22250;22250;22250;6485
2018-02-19;19/02/2018;22250;22250;22250;22250;1537
2018-02-20;20/02/2018;22250;22250;22250;22250;3529
2018-02-21;21/02/2018;22000;22000;22000;22000;3916
2018-02-22;22/02/2018;21900;21900;21900;21900;3174
2018-02-23;23/02/2018;21700;21700;21700;21700;2218
2018-02-26;26/02/2018;21695;21695;21695;21695;1632
2018-02-27;27/02/2018;21500;21500;21500;21500;48577
2018-02-28;28/02/2018;21500;21500;21500;21500;1000
2018-03-01;01/03/2018;21500;21500;21500;21500;3028
2018-03-02;02/03/2018;21500;21500;21500;21500;1638
2018-03-05;05/03/2018;21500;21500;21500;21500;28562
2018-03-06;06/03/2018;21500;21500;21500;21500;34403
2018-03-07;07/03/2018;21605;21605;21605;21605;22196
2018-03-08;08/03/2018;21520;21520;21520;21520;25241
2018-03-09;09/03/2018;22250;22250;22250;22250;891
2018-03-12;12/03/2018;21995;21995;21995;21995;19206
2018-03-13;13/03/2018;22010;22010;22010;22010;7666
2018-03-14;14/03/2018;22100;22100;22100;22100;3690
2018-03-15;15/03/2018;22500;22500;22500;22500;16732
2018-03-16;16/03/2018;22505;22505;22505;22505;22570
2018-03-19;19/03/2018;22600;22600;22600;22600;1093
2018-03-20;20/03/2018;22700;22700;22700;22700;3335
2018-03-21;21/03/2018;22800;22800;22800;22800;17588
2018-03-22;22/03/2018;22800;22800;22800;22800;2292
2018-03-23;23/03/2018;23000;23000;23000;23000;4659
2018-03-26;26/03/2018;23200;23200;23200;23200;61875
2018-03-27;27/03/2018;23645;23645;23645;23645;13910
2018-03-28;28/03/2018;23300;23300;23300;23300;2276
2018-03-29;29/03/2018;23050;23050;23050;23050;2224
2018-03-30;30/03/2018;23100;23100;23100;23100;1960
2018-04-02;02/04/2018;23100;23100;23100;23100;1960
2018-04-03;03/04/2018;22800;22800;22800;22800;1655
2018-04-04;04/04/2018;22800;22800;22800;22800;26012
2018-04-05;05/04/2018;22800;22800;22800;22800;8120
2018-04-06;06/04/2018;22810;22810;22810;22810;1164
2018-04-09;09/04/2018;23000;23000;23000;23000;1932
2018-04-10;10/04/2018;23010;23010;23010;23010;469
2018-04-11;11/04/2018;23300;23300;23300;23300;17307
2018-04-12;12/04/2018;23200;23200;23200;23200;14619
2018-04-13;13/04/2018;23200;23200;23200;23200;31920
2018-04-16;16/04/2018;23200;23200;23200;23200;1302
2018-04-17;17/04/2018;23210;23210;23210;23210;9190
2018-04-18;18/04/2018;23200;23200;23200;23200;1534
2018-04-19;19/04/2018;23300;23300;23300;23300;203
2018-04-20;20/04/2018;23450;23450;23450;23450;1015
2018-04-23;23/04/2018;23400;23400;23400;23400;6055
2018-04-24;24/04/2018;23250;23250;23250;23250;5145
2018-04-25;25/04/2018;23450;23450;23450;23450;3570
2018-04-26;26/04/2018;23510;23510;23510;23510;3415
2018-04-27;27/04/2018;23520;23520;23520;23520;631
2018-05-09;09/05/2018;23600;23600;23600;23600;1807
2018-05-10;10/05/2018;23600;23600;23600;23600;1807
2018-05-11;11/05/2018;23750;23750;23750;23750;28651
2018-05-14;14/05/2018;23750;23750;23750;23750;2307
2018-05-15;15/05/2018;23750;23750;23750;23750;44900
2018-05-16;16/05/2018;23995;23995;23995;23995;3365
2018-05-17;17/05/2018;23600;23600;23600;23600;1449
2018-05-18;18/05/2018;23000;23000;23000;23000;13694
2018-05-21;21/05/2018;23000;23000;23000;23000;13694
2018-05-22;22/05/2018;22500;22500;22500;22500;4971
2018-05-23;23/05/2018;22105;22105;22105;22105;2635
2018-05-24;24/05/2018;22300;22300;22300;22300;3466
2018-05-25;25/05/2018;22295;22295;22295;22295;5900
2018-05-28;28/05/2018;22200;22200;22200;22200;3582
2018-05-29;29/05/2018;22200;22200;22200;22200;3240
2018-05-30;30/05/2018;22275;22275;22275;22275;4189
2018-05-31;31/05/2018;22300;22300;22300;22300;1541
2018-06-01;01/06/2018;22400;22400;22400;22400;4004
2018-06-04;04/06/2018;22500;22500;22500;22500;20834
2018-06-05;05/06/2018;22600;22600;22600;22600;4723
2018-06-06;06/06/2018;22600;22600;22600;22600;2022
2018-06-07;07/06/2018;22900;22900;22900;22900;12373
2018-06-08;08/06/2018;22900;22900;22900;22900;4489
2018-06-11;11/06/2018;22900;22900;22900;22900;4489
2018-06-12;12/06/2018;23000;23000;23000;23000;20254
2018-06-13;13/06/2018;23000;23000;23000;23000;3555
2018-06-14;14/06/2018;23000;23000;23000;23000;3555
2018-06-15;15/06/2018;23000;23000;23000;23000;44099
2018-06-18;18/06/2018;23000;23000;23000;23000;1423
2018-06-19;19/06/2018;23000;23000;23000;23000;18051
2018-06-20;20/06/2018;23000;23000;23000;23000;940
2018-06-21;21/06/2018;22990;22990;22990;22990;321
2018-06-28;28/06/2018;22300;22300;22300;22300;27421
2018-06-29;29/06/2018;22300;22300;22300;22300;130
2018-07-02;02/07/2018;22300;22300;22300;22300;2159
2018-07-03;03/07/2018;22450;22450;22450;22450;5077
2018-07-04;04/07/2018;22400;22400;22400;22400;5681
2018-07-05;05/07/2018;22395;22395;22395;22395;945
2018-07-06;06/07/2018;22350;22350;22350;22350;35560
2018-07-09;09/07/2018;22300;22300;22300;22300;2136
2018-07-10;10/07/2018;22250;22250;22250;22250;25826
2018-07-11;11/07/2018;22100;22100;22100;22100;5542
2018-07-12;12/07/2018;22100;22100;22100;22100;2977
2018-07-13;13/07/2018;22045;22045;22045;22045;255
2018-07-16;16/07/2018;22100;22100;22100;22100;6627
2018-07-17;17/07/2018;21995;21995;21995;21995;9629
2018-07-18;18/07/2018;22100;22100;22100;22100;2770
2018-07-19;19/07/2018;21900;21900;21900;21900;4299
2018-07-20;20/07/2018;21750;21750;21750;21750;2142
2018-07-23;23/07/2018;21510;21510;21510;21510;21154
2018-07-24;24/07/2018;21600;21600;21600;21600;4841
2018-07-25;25/07/2018;21505;21505;21505;21505;3663
2018-07-26;26/07/2018;21550;21550;21550;21550;17562
2018-07-30;30/07/2018;21500;21500;21500;21500;16149
2018-07-31;31/07/2018;21500;21500;21500;21500;2923
2018-08-01;01/08/2018;21350;21350;21350;21350;49070
2018-08-02;02/08/2018;21360;21360;21360;21360;9133
2018-08-03;03/08/2018;21365;21365;21365;21365;4224
2018-08-06;06/08/2018;21365;21365;21365;21365;4224
2018-08-07;07/08/2018;21365;21365;21365;21365;4224
2018-08-08;08/08/2018;21405;21405;21405;21405;3329
2018-08-09;09/08/2018;21385;21385;21385;21385;846
2018-08-10;10/08/2018;21380;21380;21380;21380;1944
2018-08-13;13/08/2018;21380;21380;21380;21380;2257
2018-08-14;14/08/2018;21380;21380;21380;21380;3330
2018-08-20;20/08/2018;21350;21350;21350;21350;25270
2018-08-21;21/08/2018;21350;21350;21350;21350;25270
2018-08-22;22/08/2018;21305;21305;21305;21305;19553
2018-08-23;23/08/2018;21290;21290;21290;21290;14631
2018-08-24;24/08/2018;21300;21300;21300;21300;4648
2018-08-27;27/08/2018;21310;21310;21310;21310;778
2018-08-28;28/08/2018;21315;21315;21315;21315;5382
2018-08-29;29/08/2018;21300;21300;21300;21300;9156
2018-08-30;30/08/2018;21300;21300;21300;21300;3374
2018-08-31;31/08/2018;21295;21295;21295;21295;2433
2018-09-03;03/09/2018;21250;21250;21250;21250;566
2018-09-04;04/09/2018;21255;21255;21255;21255;37158
2018-09-05;05/09/2018;21000;21000;21000;21000;3092
2018-09-06;06/09/2018;21100;21100;21100;21100;977
2018-09-07;07/09/2018;21000;21000;21000;21000;14044
2018-09-10;10/09/2018;20995;20995;20995;20995;765
2018-09-11;11/09/2018;20700;20700;20700;20700;1471
2018-09-12;12/09/2018;20500;20500;20500;20500;6404
2018-09-13;13/09/2018;20400;20400;20400;20400;24676
2018-09-14;14/09/2018;20495;20495;20495;20495;79894
2018-09-17;17/09/2018;20495;20495;20495;20495;79894
2018-09-18;18/09/2018;20200;20200;20200;20200;1424
2018-09-19;19/09/2018;20000;20000;20000;20000;553
2018-09-20;20/09/2018;20000;20000;20000;20000;4371
2018-09-21;21/09/2018;20000;20000;20000;20000;20359
2018-09-24;24/09/2018;20000;20000;20000;20000;355
2018-09-25;25/09/2018;20000;20000;20000;20000;19292
2018-09-26;26/09/2018;20000;20000;20000;20000;10982
2018-09-27;27/09/2018;20100;20100;20100;20100;1504
2018-09-28;28/09/2018;20105;20105;20105;20105;2985
2018-10-01;01/10/2018;20100;20100;20100;20100;1439
2018-10-02;02/10/2018;20000;20000;20000;20000;2900
2018-10-03;03/10/2018;20000;20000;20000;20000;4204
2018-10-04;04/10/2018;20000;20000;20000;20000;10894
2018-10-05;05/10/2018;20000;20000;20000;20000;10561
2018-10-08;08/10/2018;20000;20000;20000;20000;9457
2018-10-09;09/10/2018;19990;19990;19990;19990;48609
2018-10-10;10/10/2018;19950;19950;19950;19950;9586
2018-10-11;11/10/2018;19895;19895;19895;19895;439
2018-10-12;12/10/2018;19945;19945;19945;19945;2132
2018-10-15;15/10/2018;19950;19950;19950;19950;1342
2018-10-16;16/10/2018;19490;19490;19490;19490;5308
2018-10-17;17/10/2018;19450;19450;19450;19450;2970
2018-10-18;18/10/2018;19500;19500;19500;19500;3660
2018-10-19;19/10/2018;19495;19495;19495;19495;951
2018-10-22;22/10/2018;19495;19495;19495;19495;823
2018-10-23;23/10/2018;19000;19000;19000;19000;21096
2018-10-24;24/10/2018;18990;18990;18990;18990;503
2018-10-25;25/10/2018;18990;18990;18990;18990;1040
2018-10-26;26/10/2018;18990;18990;18990;18990;22920
2018-10-29;29/10/2018;18990;18990;18990;18990;13972
2018-10-30;30/10/2018;18700;18700;18700;18700;19351
2018-10-31;31/10/2018;19000;19000;19000;19000;3487
2018-11-01;01/11/2018;19000;19000;19000;19000;3487
2018-11-02;02/11/2018;19000;19000;19000;19000;14376
2018-11-05;05/11/2018;19000;19000;19000;19000;7756
2018-11-06;06/11/2018;18950;18950;18950;18950;22049
2018-11-07;07/11/2018;18950;18950;18950;18950;76405
2018-11-08;08/11/2018;18700;18700;18700;18700;44565
2018-11-09;09/11/2018;18700;18700;18700;18700;342
2018-11-12;12/11/2018;18500;18500;18500;18500;1654
2018-11-13;13/11/2018;18700;18700;18700;18700;8281
2018-11-14;14/11/2018;18700;18700;18700;18700;8205
2018-11-15;15/11/2018;18700;18700;18700;18700;8205
2018-11-16;16/11/2018;18500;18500;18500;18500;8956
2018-11-19;19/11/2018;18500;18500;18500;18500;1894
2018-11-20;20/11/2018;18500;18500;18500;18500;1894
2018-11-21;21/11/2018;18300;18300;18300;18300;1768
2018-11-22;22/11/2018;18500;18500;18500;18500;26769
2018-11-23;23/11/2018;18395;18395;18395;18395;1515
2018-11-26;26/11/2018;18000;18000;18000;18000;2027
2018-11-27;27/11/2018;17950;17950;17950;17950;1067
2018-11-28;28/11/2018;18000;18000;18000;18000;1868
2018-11-29;29/11/2018;17800;17800;17800;17800;12593
2018-11-30;30/11/2018;18000;18000;18000;18000;1165
2018-12-03;03/12/2018;17800;17800;17800;17800;9899
2018-12-04;04/12/2018;17800;17800;17800;17800;1841
2018-12-05;05/12/2018;17790;17790;17790;17790;136195
2018-12-06;06/12/2018;17800;17800;17800;17800;2281
2018-12-07;07/12/2018;17790;17790;17790;17790;1503
2018-12-10;10/12/2018;17700;17700;17700;17700;20539
2018-12-11;11/12/2018;17650;17650;17650;17650;10233
2018-12-12;12/12/2018;17500;17500;17500;17500;17120
2018-12-13;13/12/2018;17390;17390;17390;17390;3236
2018-12-14;14/12/2018;17345;17345;17345;17345;35019
2018-12-17;17/12/2018;17195;17195;17195;17195;19955
2018-12-18;18/12/2018;17000;17000;17000;17000;1786
2018-12-19;19/12/2018;16000;16000;16000;16000;5108
2018-12-20;20/12/2018;15500;15500;15500;15500;3164
2018-12-21;21/12/2018;16000;16000;16000;16000;8601
2018-12-24;24/12/2018;16000;16000;16000;16000;5826
2018-12-25;25/12/2018;16000;16000;16000;16000;5826
2018-12-26;26/12/2018;16500;16500;16500;16500;39177
2018-12-27;27/12/2018;17000;17000;17000;17000;25844
2018-12-28;28/12/2018;17000;17000;17000;17000;54424
2018-12-31;31/12/2018;16000;16000;16000;16000;34964
2019-01-02;02/01/2019;16000;16000;16000;16000;77923
2019-01-03;03/01/2019;17000;17000;17000;17000;2187
2019-01-04;04/01/2019;17000;17000;17000;17000;626
2019-01-07;07/01/2019;16990;16990;16990;16990;3971
2019-01-08;08/01/2019;16990;16990;16990;16990;15603
2019-01-09;09/01/2019;17000;17000;17000;17000;3731
2019-01-10;10/01/2019;17000;17000;17000;17000;29904
2019-01-11;11/01/2019;17000;17000;17000;17000;1260
2019-01-14;14/01/2019;16995;16995;16995;16995;34389
2019-01-15;15/01/2019;16900;16900;16900;16900;9155
2019-01-16;16/01/2019;16995;16995;16980;16980;2131
2019-01-17;17/01/2019;16980;16980;16975;16975;13471
2019-01-18;18/01/2019;16975;16975;16975;16975;4781
2019-01-21;21/01/2019;16995;16995;16975;16975;1702
2019-01-22;22/01/2019;16970;16970;16895;16895;51378
2019-01-23;23/01/2019;16700;16800;16700;16800;28392
2019-01-24;24/01/2019;16800;16800;16800;16800;4342
2019-01-25;25/01/2019;17000;17000;17000;17000;853
2019-01-28;28/01/2019;17000;17000;16800;16800;1487
2019-01-29;29/01/2019;16895;16895;16800;16800;1155
2019-01-30;30/01/2019;16900;16900;16800;16800;4469
2019-01-31;31/01/2019;16800;16800;16700;16700;49763
2019-02-01;01/02/2019;16700;16700;16550;16550;2010
2019-02-04;04/02/2019;16695;16695;16495;16495;4329
2019-02-05;05/02/2019;16595;16595;16450;16450;1872
2019-02-06;06/02/2019;16400;16700;16400;16700;23320
2019-02-07;07/02/2019;16800;17490;16800;17490;2427
2019-02-08;08/02/2019;17490;17490;16850;16850;21823
2019-02-11;11/02/2019;17000;17000;17000;17000;51284
2019-02-12;12/02/2019;17000;17000;17000;17000;1920
2019-02-13;13/02/2019;16980;17000;16980;17000;28760
2019-02-14;14/02/2019;17000;17000;17000;17000;5091
2019-02-15;15/02/2019;17000;17000;17000;17000;5049
2019-02-18;18/02/2019;17000;17100;17000;17100;13517
2019-02-19;19/02/2019;17000;17100;17000;17100;2352
2019-02-20;20/02/2019;17095;17100;17095;17100;299
2019-02-21;21/02/2019;17105;17105;17100;17100;4506
2019-02-22;22/02/2019;17115;17300;17115;17300;912
2019-02-25;25/02/2019;17315;17315;17315;17315;1463
2019-02-26;26/02/2019;17500;18500;17500;18500;1067
2019-02-27;27/02/2019;18510;18950;18510;18950;6469
2019-02-28;28/02/2019;19000;20300;19000;20300;22911
2019-03-01;01/03/2019;20320;20320;20000;20000;4118
2019-03-04;04/03/2019;20000;20000;19990;19990;9407
2019-03-05;05/03/2019;19990;19990;19900;19900;3485
2019-03-06;06/03/2019;19900;19900;19600;19600;1314
2019-03-07;07/03/2019;19600;19600;19500;19500;3512
2019-03-08;08/03/2019;19495;19500;19495;19500;20699
2019-03-11;11/03/2019;19400;19495;19400;19495;3305
2019-03-12;12/03/2019;19495;19550;19495;19550;23894
2019-03-13;13/03/2019;19550;19550;19545;19545;1788
2019-03-14;14/03/2019;19545;19550;19545;19550;1417
2019-03-15;15/03/2019;19565;19600;19565;19600;7439
2019-03-18;18/03/2019;19600;19600;19550;19550;20373
2019-03-19;19/03/2019;19550;19600;19550;19600;47620
2019-03-20;20/03/2019;19600;20000;19600;20000;3192
2019-03-21;21/03/2019;20000;20000;19995;19995;449
2019-03-22;22/03/2019;19995;19995;19900;19900;731
2019-03-25;25/03/2019;19800;19800;19700;19700;2135
2019-03-26;26/03/2019;19800;19800;19600;19600;1302
2019-03-27;27/03/2019;19610;19750;19610;19750;1311
2019-03-28;28/03/2019;19745;19745;19675;19675;557
2019-03-29;29/03/2019;19650;19650;19600;19600;9528
2019-04-01;01/04/2019;19400;19550;19400;19550;1361
2019-04-02;02/04/2019;19500;19500;19500;19500;12953
2019-04-03;03/04/2019;19500;19500;19500;19500;1490
2019-04-04;04/04/2019;19500;19725;19500;19725;1690
2019-04-05;05/04/2019;19725;19725;19700;19700;661
2019-04-08;08/04/2019;19720;19720;19700;19700;2057
2019-04-09;09/04/2019;19690;19700;19690;19700;1704
2019-04-10;10/04/2019;19500;19650;19500;19650;2669
2019-04-11;11/04/2019;19600;19600;19450;19450;995
2019-04-12;12/04/2019;19450;19450;19295;19295;315
2019-04-15;15/04/2019;19400;19400;19000;19000;2789
2019-04-16;16/04/2019;19000;19005;19000;19005;5638
2019-04-17;17/04/2019;19005;19480;19005;19480;5999
2019-04-18;18/04/2019;19020;19300;19020;19300;9887
2019-04-19;19/04/2019;19300;19300;19300;19300;34
2019-04-22;22/04/2019;19300;19300;19300;19300;34
2019-04-23;23/04/2019;19300;19300;19300;19300;1196
2019-04-24;24/04/2019;19300;19300;19300;19300;1234
2019-04-25;25/04/2019;19300;19350;19300;19350;19385
2019-04-26;26/04/2019;19300;19350;19300;19350;845
2019-04-29;29/04/2019;19300;19350;19300;19350;2249
2019-04-30;30/04/2019;19340;19340;19300;19300;751
2019-05-01;01/05/2019;19340;19340;19300;19300;751
2019-05-02;02/05/2019;19295;19295;19205;19205;3524
2019-05-03;03/05/2019;19000;19000;18995;18995;73985
2019-05-06;06/05/2019;18990;18990;18605;18605;1376
2019-05-07;07/05/2019;18605;19500;18605;19500;16650
2019-05-08;08/05/2019;19400;19400;19000;19000;8135
2019-05-09;09/05/2019;19000;19000;18990;18990;605
2019-05-10;10/05/2019;17490;17490;17490;17490;7495
2019-05-13;13/05/2019;17400;17400;17200;17200;2327
2019-05-14;14/05/2019;17200;17200;17200;17200;865
2019-05-15;15/05/2019;17100;17100;17100;17100;31480
2019-05-16;16/05/2019;17200;17200;17010;17010;4457
2019-05-17;17/05/2019;17195;17195;17005;17005;4763
2019-05-20;20/05/2019;17005;17005;17000;17000;7273
2019-05-21;21/05/2019;17000;17000;17000;17000;5762
2019-05-22;22/05/2019;17000;17000;16990;16990;17923
2019-05-23;23/05/2019;17000;17000;17000;17000;19292
2019-05-24;24/05/2019;17010;17010;17000;17000;28193
2019-05-27;27/05/2019;16995;16995;16990;16990;8871
2019-05-28;28/05/2019;16990;16990;16950;16950;3177
2019-05-29;29/05/2019;16990;17000;16990;17000;3799
2019-05-30;30/05/2019;16990;17000;16990;17000;3799
2019-05-31;31/05/2019;16995;16995;16995;16995;8809
2019-06-03;03/06/2019;16990;16990;16990;16990;2674
2019-06-05;05/06/2019;16995;16995;16995;16995;13896
2019-06-06;06/06/2019;16990;16995;16990;16995;20041
2019-06-07;07/06/2019;16990;16995;16990;16995;195
2019-06-11;11/06/2019;16990;16990;16985;16985;1279
2019-06-12;12/06/2019;16985;16985;16980;16980;2711
2019-06-13;13/06/2019;16980;16980;16895;16895;46522
2019-06-14;14/06/2019;16895;16895;16865;16865;5191
2019-06-17;17/06/2019;16845;16845;16775;16775;7664
2019-06-18;18/06/2019;16775;16775;16775;16775;5428
2019-06-19;19/06/2019;16775;16775;16775;16775;4203
2019-06-20;20/06/2019;16775;16775;16700;16700;627
2019-06-21;21/06/2019;16700;16700;16695;16695;4653
2019-06-24;24/06/2019;16695;16695;16405;16405;4727
2019-06-25;25/06/2019;16405;16500;16405;16500;3519
2019-06-26;26/06/2019;16500;16500;16500;16500;18719
2019-06-27;27/06/2019;16495;16695;16495;16695;1830
2019-06-28;28/06/2019;16500;16500;16500;16500;57494
2019-07-01;01/07/2019;16600;16600;16500;16500;48547
2019-07-02;02/07/2019;16505;16505;16500;16500;4145
2019-07-03;03/07/2019;16500;16500;16500;16500;1451
2019-07-04;04/07/2019;16500;16680;16500;16680;4435
2019-07-05;05/07/2019;16495;16500;16495;16500;14609
2019-07-08;08/07/2019;16460;16460;16450;16450;3151
2019-07-09;09/07/2019;16500;16500;16500;16500;2711
2019-07-10;10/07/2019;16450;16500;16450;16500;1725
2019-07-11;11/07/2019;16500;16500;16455;16455;2007
2019-07-12;12/07/2019;16460;16465;16460;16465;27495
2019-07-15;15/07/2019;16465;16480;16465;16480;10772
2019-07-16;16/07/2019;16480;16490;16480;16490;39651
2019-07-17;17/07/2019;16500;16500;16490;16490;1292
2019-07-18;18/07/2019;16490;16495;16490;16495;33106
2019-07-19;19/07/2019;16495;16690;16495;16690;3322
2019-07-22;22/07/2019;16500;16690;16500;16690;11957
2019-07-23;23/07/2019;16500;16600;16500;16600;1423
2019-07-24;24/07/2019;16600;16600;16600;16600;1017
2019-07-25;25/07/2019;16600;16600;16600;16600;9190
2019-07-26;26/07/2019;16600;16605;16600;16605;4142
2019-07-29;29/07/2019;16600;16605;16600;16605;2802
2019-07-30;30/07/2019;16605;16700;16605;16700;20465
2019-07-31;31/07/2019;16700;16995;16700;16995;1054
2019-08-01;01/08/2019;16995;16995;16995;16995;1390
2019-08-02;02/08/2019;16995;17000;16995;17000;8233
2019-08-05;05/08/2019;17000;17000;17000;17000;674
2019-08-06;06/08/2019;17000;17000;17000;17000;36322
2019-08-07;07/08/2019;17000;17000;17000;17000;36322
2019-08-08;08/08/2019;17000;17000;17000;17000;75249
2019-08-09;09/08/2019;17000;17000;17000;17000;622
2019-08-12;12/08/2019;17000;17000;17000;17000;622
2019-08-13;13/08/2019;17000;17000;16900;16900;40012
2019-08-14;14/08/2019;16995;17000;16995;17000;1695
2019-08-15;15/08/2019;16995;17000;16995;17000;1695
2019-08-16;16/08/2019;16995;16995;16950;16950;1988
2019-08-19;19/08/2019;16950;16950;16900;16900;616
2019-08-20;20/08/2019;16900;16900;16600;16600;5137
2019-08-21;21/08/2019;16600;16600;16600;16600;2223
2019-08-22;22/08/2019;16600;16600;16595;16595;8673
2019-08-23;23/08/2019;16595;16595;16580;16580;1271
2019-08-26;26/08/2019;16600;16600;16600;16600;3389
2019-08-27;27/08/2019;16695;16695;16500;16500;7519
2019-08-28;28/08/2019;16495;16500;16495;16500;8275
2019-08-29;29/08/2019;16500;16500;16450;16450;860
2019-08-30;30/08/2019;16445;16445;16395;16395;405
2019-09-02;02/09/2019;16355;16355;16110;16110;1328
2019-09-03;03/09/2019;16100;16200;16100;16200;6487
2019-09-04;04/09/2019;16195;16200;16195;16200;1238
2019-09-05;05/09/2019;16200;16200;16200;16200;2748
2019-09-06;06/09/2019;16200;16200;16100;16100;9172
2019-09-09;09/09/2019;16100;16100;16000;16000;25580
2019-09-10;10/09/2019;16000;16000;15850;15850;666
2019-09-11;11/09/2019;16000;16000;15550;15550;4639
2019-09-12;12/09/2019;15550;15550;15500;15500;44566
2019-09-13;13/09/2019;15550;15550;15500;15500;6408
2019-09-16;16/09/2019;15500;15500;15475;15475;39380
2019-09-17;17/09/2019;15495;15495;15440;15440;3140
2019-09-18;18/09/2019;15440;15440;15395;15395;1123
2019-09-19;19/09/2019;15395;15395;15295;15295;4051
2019-09-20;20/09/2019;15150;15200;15150;15200;14943
2019-09-23;23/09/2019;15200;15200;15200;15200;105758
2019-09-24;24/09/2019;15190;15195;15190;15195;1188
2019-09-25;25/09/2019;15190;15190;15185;15185;16700
2019-09-26;26/09/2019;15200;15200;15155;15155;3578
2019-09-27;27/09/2019;15155;15190;15155;15190;5769
2019-09-30;30/09/2019;15155;15155;15005;15005;7566
2019-10-01;01/10/2019;15010;15010;15005;15005;25745
2019-10-02;02/10/2019;15010;15010;14820;14820;30490
2019-10-03;03/10/2019;14820;15000;14820;15000;5395
2019-10-04;04/10/2019;15000;15000;14995;14995;606
2019-10-07;07/10/2019;14955;14955;14950;14950;662
2019-10-08;08/10/2019;14925;14925;14800;14800;14291
2019-10-09;09/10/2019;14800;14800;14700;14700;3720
2019-10-10;10/10/2019;14700;14705;14700;14705;516
2019-10-11;11/10/2019;14710;14710;14705;14705;1936
2019-10-14;14/10/2019;14800;14800;14795;14795;2043
2019-10-15;15/10/2019;14800;14900;14800;14900;375
2019-10-16;16/10/2019;14900;15000;14900;15000;51368
2019-10-17;17/10/2019;15000;15000;14910;14910;4843
2019-10-18;18/10/2019;15000;15000;15000;15000;24758
2019-10-21;21/10/2019;15095;15095;15000;15000;40650
2019-10-22;22/10/2019;15000;15000;15000;15000;4177
2019-10-23;23/10/2019;15000;15000;15000;15000;113426
2019-10-24;24/10/2019;15000;15000;15000;15000;8399
2019-10-25;25/10/2019;15000;15000;14960;14960;2188
2019-10-28;28/10/2019;15000;15000;14970;14970;2638
2019-10-29;29/10/2019;14990;15000;14990;15000;1301
2019-10-30;30/10/2019;14970;15000;14970;15000;2829
2019-10-31;31/10/2019;14995;14995;14995;14995;64
2019-11-01;01/11/2019;14995;14995;14995;14995;64
2019-11-04;04/11/2019;15000;15000;14990;14990;8029
2019-11-05;05/11/2019;14990;14990;14980;14980;64986
2019-11-06;06/11/2019;14980;14980;14980;14980;4787
2019-11-07;07/11/2019;14945;14980;14945;14980;683
2019-11-08;08/11/2019;14980;14980;14980;14980;12995
2019-11-11;11/11/2019;14990;14990;14700;14700;15454
2019-11-12;12/11/2019;14700;14805;14700;14805;32848
2019-11-13;13/11/2019;14800;14800;14800;14800;1224
2019-11-14;14/11/2019;14800;14800;14750;14750;10818
2019-11-18;18/11/2019;14900;14900;14800;14800;3399
2019-11-19;19/11/2019;14750;14800;14750;14800;22964
2019-11-20;20/11/2019;14800;14800;14790;14790;45972
2019-11-21;21/11/2019;14790;14795;14790;14795;14452
2019-11-22;22/11/2019;14795;14795;14795;14795;5930
2019-11-25;25/11/2019;14790;14790;14790;14790;1605
2019-11-26;26/11/2019;14790;14790;14750;14750;1349
2019-11-27;27/11/2019;14745;14745;14745;14745;979
2019-11-28;28/11/2019;14745;14745;14700;14700;23700
2019-11-29;29/11/2019;14700;14700;14695;14695;499
2019-12-02;02/12/2019;14610;14690;14610;14690;20899
2019-12-03;03/12/2019;14605;14680;14605;14680;13885
2019-12-04;04/12/2019;14650;14650;14490;14490;1550
2019-12-05;05/12/2019;14490;14500;14490;14500;747
2019-12-06;06/12/2019;14490;14490;14485;14485;3400
2019-12-09;09/12/2019;14485;14485;14390;14390;551
2019-12-10;10/12/2019;14370;14370;14000;14000;2575
2019-12-11;11/12/2019;14295;14295;14100;14100;13881
2019-12-12;12/12/2019;14000;14000;14000;14000;9511
2019-12-13;13/12/2019;13900;14000;13900;14000;2696
2019-12-16;16/12/2019;14000;14000;14000;14000;1304
2019-12-17;17/12/2019;14000;14000;14000;14000;21377
2019-12-18;18/12/2019;13995;13995;13995;13995;11037
2019-12-19;19/12/2019;13995;14000;13995;14000;8265
2019-12-20;20/12/2019;14000;14090;14000;14090;9091
2019-12-23;23/12/2019;14010;14990;14010;14990;1927
2019-12-24;24/12/2019;14700;16000;14700;16000;7188
2019-12-25;25/12/2019;14700;16000;14700;16000;7188
2019-12-26;26/12/2019;16000;16000;16000;16000;4492
2019-12-27;27/12/2019;16000;17000;16000;17000;21458
2019-12-30;30/12/2019;16985;16985;16900;16900;25866
2019-12-31;31/12/2019;16495;16995;16495;16995;23869
2020-01-01;01/01/2020;16495;16995;16495;16995;23869
2020-01-02;02/01/2020;16500;16900;16500;16900;497
2020-01-03;03/01/2020;16500;16800;16500;16800;26
2020-01-06;06/01/2020;16695;16695;16500;16500;222
2020-01-07;07/01/2020;16005;16005;16000;16000;831
2020-01-08;08/01/2020;16000;16000;15000;15000;2846
2020-01-09;09/01/2020;15000;15500;15000;15500;24709
2020-01-10;10/01/2020;15010;15500;15010;15500;18647
2020-01-13;13/01/2020;15020;15500;15020;15500;69461
2020-01-14;14/01/2020;15500;15500;15500;15500;34530
2020-01-15;15/01/2020;15500;15535;15500;15535;191
2020-01-16;16/01/2020;15600;15650;15600;15650;17
2020-01-17;17/01/2020;15650;16000;15650;16000;1019
2020-01-20;20/01/2020;16000;16000;16000;16000;5973
2020-01-21;21/01/2020;16000;16000;16000;16000;1608
2020-01-22;22/01/2020;16000;16000;15800;15800;4918
2020-01-23;23/01/2020;15800;15800;15800;15800;1151
2020-01-24;24/01/2020;15800;15800;15800;15800;5580
2020-01-27;27/01/2020;15710;15710;15700;15700;10591
2020-01-28;28/01/2020;15650;15650;15600;15600;39444
2020-01-29;29/01/2020;15600;15600;15600;15600;27246
2020-01-30;30/01/2020;15550;15600;15550;15600;2472
2020-01-31;31/01/2020;15550;15550;15550;15550;2672
2020-02-03;03/02/2020;15500;15550;15500;15550;3604
2020-02-04;04/02/2020;15405;15500;15405;15500;1460
2020-02-05;05/02/2020;15500;15500;15405;15405;2990
2020-02-06;06/02/2020;15410;15410;15110;15110;4020
2020-02-07;07/02/2020;15105;15105;15000;15000;20848
2020-02-10;10/02/2020;15000;15000;14500;14500;1153
2020-02-11;11/02/2020;14705;15000;14705;15000;4335
2020-02-12;12/02/2020;14705;15000;14705;15000;4335
2020-02-13;13/02/2020;14600;14600;14600;14600;6320
2020-02-14;14/02/2020;14600;14600;14600;14600;1073
2020-02-17;17/02/2020;14600;14995;14600;14995;14302
2020-02-18;18/02/2020;14975;14995;14975;14995;1413
2020-02-19;19/02/2020;14800;14800;14600;14600;3041
2020-02-20;20/02/2020;14705;14705;14600;14600;2105
2020-02-21;21/02/2020;14605;14605;14600;14600;2227
2020-02-24;24/02/2020;14500;14700;14500;14700;1746
2020-02-25;25/02/2020;14600;14600;14500;14500;20560
2020-02-26;26/02/2020;14700;14700;14600;14600;3306
2020-02-27;27/02/2020;15000;15000;15000;15000;52309
2020-02-28;28/02/2020;15000;15000;14995;14995;1417
2020-03-02;02/03/2020;14800;15500;14800;15500;771
2020-03-03;03/03/2020;15000;15000;15000;15000;1767
2020-03-04;04/03/2020;15000;15000;14800;14800;4813
2020-03-05;05/03/2020;14805;14805;14720;14720;2118
2020-03-06;06/03/2020;14920;14920;14720;14720;778
2020-03-09;09/03/2020;14720;14720;14600;14600;5257
2020-03-10;10/03/2020;14600;14700;14600;14700;2910
2020-03-11;11/03/2020;14600;14600;14500;14500;12477
2020-03-12;12/03/2020;14500;14500;14500;14500;14319
2020-03-13;13/03/2020;14500;14500;14500;14500;1767
2020-03-16;16/03/2020;14500;14500;14300;14300;7414
2020-03-17;17/03/2020;14285;14285;14090;14090;5346
2020-03-18;18/03/2020;14000;14000;13990;13990;3120
2020-03-19;19/03/2020;13950;13950;13500;13500;77727
2020-03-20;20/03/2020;13895;13895;13500;13500;30545
2020-03-23;23/03/2020;13500;13500;13125;13125;63154
2020-03-24;24/03/2020;13205;13245;13205;13245;1783
2020-03-25;25/03/2020;13215;13225;13215;13225;3225
2020-03-26;26/03/2020;13200;13200;13000;13000;4595
2020-03-27;27/03/2020;13125;13125;12995;12995;4091
2020-03-30;30/03/2020;12995;12995;12995;12995;5695
2020-03-31;31/03/2020;12995;12995;12995;12995;7364
2020-04-01;01/04/2020;12985;12985;12970;12970;5100
2020-04-02;02/04/2020;12970;12970;12970;12970;5419
2020-04-03;03/04/2020;13000;13000;13000;13000;34807
2020-04-06;06/04/2020;13000;13000;13000;13000;10341
2020-04-07;07/04/2020;12995;13000;12995;13000;20061
2020-04-08;08/04/2020;12995;13000;12995;13000;86940
2020-04-09;09/04/2020;13000;13000;13000;13000;19505
2020-04-10;10/04/2020;13050;13050;13000;13000;4300
2020-04-13;13/04/2020;13050;13050;13000;13000;4300
2020-04-14;14/04/2020;13000;13000;13000;13000;28815
2020-04-15;15/04/2020;13000;13000;13000;13000;12949
2020-04-16;16/04/2020;13000;13000;13000;13000;80165
2020-04-17;17/04/2020;13000;13000;13000;13000;62188
2020-04-20;20/04/2020;13100;13100;13000;13000;7058
2020-04-21;21/04/2020;13005;13100;13005;13100;43492
2020-04-22;22/04/2020;13200;13200;13200;13200;3156
2020-04-23;23/04/2020;13300;14190;13300;14190;1271
2020-04-24;24/04/2020;14500;14500;14400;14400;32575
2020-04-27;27/04/2020;14200;14400;14200;14400;19910
2020-04-28;28/04/2020;14495;14495;14400;14400;5700
2020-04-29;29/04/2020;14395;14395;13895;13895;3535
2020-04-30;30/04/2020;14000;14000;13900;13900;2002
2020-05-01;01/05/2020;14000;14000;13900;13900;2002
2020-05-04;04/05/2020;14175;14175;13895;13895;11752
2020-05-05;05/05/2020;14000;14000;13900;13900;11117
2020-05-06;06/05/2020;13900;13900;13900;13900;4455
2020-05-07;07/05/2020;13890;13890;13885;13885;1181
2020-05-08;08/05/2020;13885;13900;13885;13900;5969
2020-05-11;11/05/2020;13900;13910;13900;13910;5689
2020-05-12;12/05/2020;13995;14000;13995;14000;2575
2020-05-13;13/05/2020;14100;14225;14100;14225;11558
2020-05-14;14/05/2020;14300;14300;14215;14215;17558
2020-05-15;15/05/2020;14215;14250;14215;14250;1933
2020-05-18;18/05/2020;12995;12995;12500;12500;1410
2020-05-19;19/05/2020;12500;12505;12500;12505;1175
2020-05-22;22/05/2020;12955;12955;12895;12895;3176
2020-05-25;25/05/2020;12900;12900;12900;12900;884
2020-05-26;26/05/2020;12750;12895;12750;12895;285
2020-05-27;27/05/2020;12895;13395;12895;13395;8329
2020-05-28;28/05/2020;13390;13390;13300;13300;1885
2020-05-29;29/05/2020;13200;13485;13200;13485;25126
2020-06-01;01/06/2020;13200;13485;13200;13485;25126
2020-06-02;02/06/2020;13500;14000;13500;14000;31418
2020-06-03;03/06/2020;13995;13995;13510;13510;1105
2020-06-04;04/06/2020;13700;14000;13700;14000;8835
2020-06-05;05/06/2020;14000;14000;13995;13995;4748
2020-06-08;08/06/2020;13985;13995;13985;13995;5727
2020-06-09;09/06/2020;13990;13995;13990;13995;3134
2020-06-10;10/06/2020;13995;13995;13980;13980;4797
2020-06-11;11/06/2020;13990;13990;13510;13510;5088
2020-06-12;12/06/2020;13890;13890;13500;13500;38313
2020-06-15;15/06/2020;13500;13500;13000;13000;2956
2020-06-16;16/06/2020;13000;13000;13000;13000;2812
2020-06-17;17/06/2020;12985;12985;12880;12880;10253
2020-06-18;18/06/2020;12880;12880;12880;12880;9220
2020-06-19;19/06/2020;12900;12995;12900;12995;94637
2020-06-22;22/06/2020;12990;12990;12990;12990;986
2020-06-23;23/06/2020;12995;12995;12995;12995;18645
2020-06-24;24/06/2020;12985;12985;12985;12985;1774
2020-06-25;25/06/2020;12955;12955;12900;12900;3212
2020-06-26;26/06/2020;12975;12990;12975;12990;5160
2020-06-29;29/06/2020;12985;12985;12985;12985;1285
2020-06-30;30/06/2020;12985;12990;12985;12990;1522
2020-07-01;01/07/2020;12985;12995;12985;12995;4916
2020-07-02;02/07/2020;12990;12990;12900;12900;3499
2020-07-03;03/07/2020;13100;13100;12900;12900;4240
2020-07-06;06/07/2020;12900;12900;12890;12890;2150
2020-07-07;07/07/2020;12885;12885;12800;12800;511
2020-07-08;08/07/2020;12845;12845;12500;12500;20246
2020-07-09;09/07/2020;12500;12500;12500;12500;7296
2020-07-10;10/07/2020;12500;12500;12500;12500;1176
2020-07-13;13/07/2020;12500;12500;12500;12500;1331
2020-07-14;14/07/2020;12500;12500;12500;12500;3518
2020-07-15;15/07/2020;12500;12500;12500;12500;7545
2020-07-16;16/07/2020;12400;12400;12400;12400;1755
2020-07-17;17/07/2020;12400;12490;12400;12490;4959
2020-07-20;20/07/2020;12490;12490;12450;12450;3180
2020-07-21;21/07/2020;12405;12405;12345;12345;18009
2020-07-22;22/07/2020;12320;12320;12200;12200;29106
2020-07-23;23/07/2020;12200;12200;12190;12190;1990
2020-07-24;24/07/2020;12190;12190;12190;12190;8031
2020-07-27;27/07/2020;12200;12200;12185;12185;2417
2020-07-28;28/07/2020;12095;12095;11995;11995;14703
2020-07-29;29/07/2020;11500;11950;11500;11950;113948
2020-07-30;30/07/2020;11950;12000;11950;12000;3307
2020-07-31;31/07/2020;11950;12000;11950;12000;3307
2020-08-03;03/08/2020;12000;12000;11875;11875;1551
2020-08-04;04/08/2020;11850;12500;11850;12500;7849
2020-08-05;05/08/2020;12295;12885;12295;12885;17072
2020-08-06;06/08/2020;12880;12880;12880;12880;2498
2020-08-07;07/08/2020;12880;12880;12880;12880;2498
2020-08-10;10/08/2020;12500;12500;12495;12495;1736
2020-08-11;11/08/2020;12495;12875;12495;12875;4550
2020-08-12;12/08/2020;12495;12800;12495;12800;3076
2020-08-13;13/08/2020;12790;12790;12790;12790;6468
2020-08-14;14/08/2020;12700;12800;12700;12800;2566
2020-08-17;17/08/2020;12500;12745;12500;12745;8840
2020-08-18;18/08/2020;12745;12745;12745;12745;3477
2020-08-21;21/08/2020;12700;12700;12650;12650;119
2020-08-24;24/08/2020;12500;12595;12500;12595;8140
2020-08-25;25/08/2020;12495;12600;12495;12600;9177
2020-08-26;26/08/2020;12590;12595;12590;12595;2413
2020-08-27;27/08/2020;12590;12590;12450;12450;22566
2020-08-28;28/08/2020;12450;12450;12450;12450;13480
2020-08-31;31/08/2020;12495;12495;12490;12490;1110
2020-09-01;01/09/2020;12490;12490;12440;12440;5114
2020-09-02;02/09/2020;12400;12400;12300;12300;2961
2020-09-03;03/09/2020;12445;12445;12400;12400;767
2020-09-04;04/09/2020;12400;12440;12400;12440;457
2020-09-07;07/09/2020;12400;12400;12400;12400;2720
2020-09-08;08/09/2020;12395;12395;12200;12200;7108
2020-09-09;09/09/2020;12200;12200;12200;12200;529
2020-09-10;10/09/2020;12100;12400;12100;12400;1342
2020-09-11;11/09/2020;12250;12250;12150;12150;3693
2020-09-14;14/09/2020;12200;12390;12200;12390;694
2020-09-15;15/09/2020;12000;12000;12000;12000;7891
2020-09-16;16/09/2020;12000;12000;11850;11850;15142
2020-09-17;17/09/2020;11890;11900;11890;11900;8678
2020-09-18;18/09/2020;11900;11900;11895;11895;3092
2020-09-21;21/09/2020;11890;11890;11800;11800;5229
2020-09-22;22/09/2020;11800;11800;11785;11785;5072
2020-09-23;23/09/2020;11800;11800;11785;11785;5072
2020-09-24;24/09/2020;11800;11800;11785;11785;5072
2020-09-25;25/09/2020;11800;11800;11785;11785;5072
2020-09-28;28/09/2020;11695;11695;11600;11600;18918
2020-09-29;29/09/2020;11600;11600;11600;11600;13934
2020-09-30;30/09/2020;11500;11600;11500;11600;3414
2020-10-01;01/10/2020;11500;11600;11500;11600;3636
2020-10-02;02/10/2020;11600;11600;11500;11500;5756
2020-10-05;05/10/2020;11500;11500;11500;11500;1749
2020-10-06;06/10/2020;11500;11500;11495;11495;707
2020-10-07;07/10/2020;11495;11495;11490;11490;6529
2020-10-08;08/10/2020;11495;11495;11490;11490;3841
2020-10-09;09/10/2020;11490;11490;11450;11450;517
2020-10-12;12/10/2020;11400;11435;11400;11435;4520
2020-10-13;13/10/2020;11400;11400;11350;11350;24633
2020-10-14;14/10/2020;11350;11350;11300;11300;16611
2020-10-15;15/10/2020;11205;11205;11195;11195;7874
2020-10-16;16/10/2020;11200;11200;11185;11185;10543
2020-10-19;19/10/2020;11180;11180;11150;11150;9418
2020-10-20;20/10/2020;11200;11200;10985;10985;13091
2020-10-21;21/10/2020;10985;10985;10985;10985;40532
2020-10-22;22/10/2020;10995;11000;10995;11000;32582
2020-10-23;23/10/2020;10985;10985;10985;10985;2109
2020-10-26;26/10/2020;10900;10900;10500;10500;152304
2020-10-27;27/10/2020;10900;10900;10850;10850;2333
2020-10-28;28/10/2020;10850;10950;10850;10950;1513
2020-10-29;29/10/2020;10850;10950;10850;10950;1513
2020-10-30;30/10/2020;10950;11500;10950;11500;2942
2020-11-02;02/11/2020;11495;12000;11495;12000;442
2020-11-03;03/11/2020;12000;12000;11500;11500;7103
2020-11-04;04/11/2020;11500;11500;11500;11500;54432
2020-11-05;05/11/2020;12000;12000;11600;11600;875
2020-11-06;06/11/2020;11500;11500;11500;11500;2096
2020-11-09;09/11/2020;11500;11500;11400;11400;3791
2020-11-10;10/11/2020;11500;11500;11500;11500;49840
2020-11-11;11/11/2020;11500;11500;11500;11500;1658
2020-11-12;12/11/2020;11300;11450;11300;11450;1111
2020-11-13;13/11/2020;11440;11490;11440;11490;1309
2020-11-16;16/11/2020;11490;11490;11400;11400;39399
2020-11-17;17/11/2020;11490;11490;11400;11400;14454
2020-11-18;18/11/2020;11400;11400;11400;11400;2708
2020-11-19;19/11/2020;11400;11400;11385;11385;9044
2020-11-20;20/11/2020;11300;11450;11300;11450;15087
2020-11-23;23/11/2020;11385;11400;11385;11400;4820
2020-11-24;24/11/2020;11300;11300;11265;11265;26438
2020-11-25;25/11/2020;11300;11300;11275;11275;2311
2020-11-26;26/11/2020;11265;11265;11160;11160;2492
2020-11-27;27/11/2020;11100;11300;11100;11300;6476
2020-11-30;30/11/2020;11250;11250;11200;11200;26422
2020-12-01;01/12/2020;11100;11200;11100;11200;3844
2020-12-02;02/12/2020;11230;11230;11200;11200;1100
2020-12-03;03/12/2020;11200;11200;11200;11200;20007
2020-12-04;04/12/2020;11200;11400;11200;11400;37322
2020-12-07;07/12/2020;11395;11500;11395;11500;4757
2020-12-08;08/12/2020;11500;11650;11500;11650;5920
2020-12-09;09/12/2020;11500;11500;11250;11250;86428
2020-12-10;10/12/2020;11495;11500;11495;11500;32672
2020-12-11;11/12/2020;11400;11500;11400;11500;1467
2020-12-14;14/12/2020;11500;11500;11450;11450;139468
2020-12-15;15/12/2020;11450;12000;11450;12000;46812
2020-12-16;16/12/2020;11995;12900;11995;12900;3205
2020-12-17;17/12/2020;13000;13865;13000;13865;423086
2020-12-18;18/12/2020;13200;13700;13200;13700;182233
2020-12-21;21/12/2020;13300;13845;13300;13845;6702
2020-12-22;22/12/2020;13790;13795;13790;13795;16102
2020-12-23;23/12/2020;13500;13500;13000;13000;1099
2020-12-24;24/12/2020;13190;13190;13000;13000;7417
2020-12-25;25/12/2020;13190;13190;13000;13000;7417
2020-12-28;28/12/2020;13000;13695;13000;13695;10922
2020-12-29;29/12/2020;13450;13500;13450;13500;17153
2020-12-30;30/12/2020;13100;13500;13100;13500;33409
2020-12-31;31/12/2020;13495;13500;13495;13500;65366
2021-01-04;04/01/2021;13100;13100;13000;13000;829
2021-01-05;05/01/2021;12500;13250;12500;13250;4767
2021-01-06;06/01/2021;12995;12995;12500;12500;145
2021-01-07;07/01/2021;12495;12700;12495;12700;2340
2021-01-08;08/01/2021;12695;12700;12695;12700;3597
2021-01-11;11/01/2021;12495;12500;12495;12500;7888
2021-01-12;12/01/2021;12500;12500;12500;12500;2095
2021-01-13;13/01/2021;12400;12495;12400;12495;12109
2021-01-14;14/01/2021;12495;12495;12000;12000;29122
2021-01-15;15/01/2021;12000;12000;11895;11895;37267
2021-01-18;18/01/2021;11890;11890;11750;11750;20889
2021-01-19;19/01/2021;11750;11750;11495;11495;23651
2021-01-20;20/01/2021;11495;11500;11495;11500;4781
2021-01-21;21/01/2021;11485;11485;11485;11485;33452
2021-01-22;22/01/2021;11485;11500;11485;11500;3417
2021-01-25;25/01/2021;11500;11500;11495;11495;15372
2021-01-26;26/01/2021;11495;11500;11495;11500;766
2021-01-27;27/01/2021;11500;11500;11500;11500;13455
2021-01-28;28/01/2021;11500;11500;11490;11490;1285
2021-01-29;29/01/2021;11490;11490;11000;11000;93927
2021-02-01;01/02/2021;11105;11200;11105;11200;51350
2021-02-02;02/02/2021;11205;11250;11205;11250;26176
2021-02-03;03/02/2021;11300;11500;11300;11500;55212
2021-02-04;04/02/2021;11500;11500;11490;11490;857
2021-02-05;05/02/2021;11500;11500;11290;11290;163189
2021-02-08;08/02/2021;11295;11295;11200;11200;7221
2021-02-09;09/02/2021;11200;11200;11195;11195;1563
2021-02-10;10/02/2021;11195;11200;11195;11200;2177
2021-02-11;11/02/2021;11200;11420;11200;11420;9125
2021-02-12;12/02/2021;11200;11200;11200;11200;7028
2021-02-15;15/02/2021;11200;11200;11200;11200;8452
2021-02-16;16/02/2021;11200;11200;11200;11200;13578
2021-02-17;17/02/2021;11300;11300;11300;11300;5787
2021-02-18;18/02/2021;11300;11300;11300;11300;45794
2021-02-19;19/02/2021;11270;11290;11270;11290;24718
2021-02-22;22/02/2021;11500;11500;11305;11305;15850
2021-02-23;23/02/2021;11305;11500;11305;11500;973
2021-02-24;24/02/2021;11550;11650;11550;11650;3935
2021-02-25;25/02/2021;11670;11890;11670;11890;5500
2021-02-26;26/02/2021;11905;12775;11905;12775;8285
2021-03-01;01/03/2021;12805;13000;12805;13000;5273
2021-03-02;02/03/2021;12980;13000;12980;13000;45764
2021-03-03;03/03/2021;12950;12995;12950;12995;16063
2021-03-04;04/03/2021;12990;12990;12935;12935;4574
2021-03-05;05/03/2021;12900;12900;12875;12875;2590
2021-03-08;08/03/2021;12875;12875;12600;12600;2362
2021-03-09;09/03/2021;12500;12590;12500;12590;2153
2021-03-10;10/03/2021;12500;12500;12400;12400;627
2021-03-11;11/03/2021;12400;12500;12400;12500;1139
2021-03-12;12/03/2021;12350;12350;12200;12200;1285
2021-03-15;15/03/2021;12200;12300;12200;12300;1831
2021-03-16;16/03/2021;12300;12305;12300;12305;897
2021-03-17;17/03/2021;12310;12350;12310;12350;772
2021-03-18;18/03/2021;12350;12500;12350;12500;695
2021-03-19;19/03/2021;12730;13000;12730;13000;1830
2021-03-22;22/03/2021;12995;12995;12985;12985;1188
2021-03-23;23/03/2021;12900;12900;12500;12500;119099
2021-03-24;24/03/2021;12500;12500;12500;12500;1440
2021-03-25;25/03/2021;12500;12500;12355;12355;51958
2021-03-26;26/03/2021;12350;12500;12350;12500;1828
2021-03-29;29/03/2021;12450;12500;12450;12500;29365
2021-03-30;30/03/2021;12500;12505;12500;12505;69
2021-03-31;31/03/2021;12520;12900;12520;12900;5792
2021-04-01;01/04/2021;12750;12800;12750;12800;1535
2021-04-02;02/04/2021;12795;12795;12795;12795;735
2021-04-05;05/04/2021;12795;12795;12795;12795;735
2021-04-06;06/04/2021;12775;12900;12775;12900;5145
2021-04-07;07/04/2021;12905;12905;12900;12900;5705
2021-04-08;08/04/2021;12985;12985;12985;12985;5256
2021-04-09;09/04/2021;12985;12995;12985;12995;7444
2021-04-12;12/04/2021;12710;12900;12710;12900;15584
2021-04-13;13/04/2021;12905;13000;12905;13000;8664
2021-04-14;14/04/2021;13000;13215;13000;13215;36741
2021-04-15;15/04/2021;13400;13500;13400;13500;36506
2021-04-16;16/04/2021;13500;13690;13500;13690;69562
2021-04-19;19/04/2021;13690;13710;13690;13710;14376
2021-04-20;20/04/2021;13715;14000;13715;14000;91836
2021-04-21;21/04/2021;13990;13990;13985;13985;14441
2021-04-22;22/04/2021;13900;13900;13890;13890;5219
2021-04-23;23/04/2021;13890;13890;13795;13795;1916
2021-04-26;26/04/2021;13500;13560;13500;13560;1264
2021-04-27;27/04/2021;13560;13600;13560;13600;919
2021-04-28;28/04/2021;13650;13700;13650;13700;1634
2021-04-29;29/04/2021;13700;13845;13700;13845;1268
2021-04-30;30/04/2021;13695;13845;13695;13845;8340
2021-05-03;03/05/2021;13840;13840;13805;13805;50420
2021-05-04;04/05/2021;13805;14000;13805;14000;123426
2021-05-05;05/05/2021;14000;14000;14000;14000;36892
2021-05-06;06/05/2021;14000;14195;14000;14195;9491
2021-05-07;07/05/2021;14195;14500;14195;14500;55666
2021-05-10;10/05/2021;14500;14505;14500;14505;6402
2021-05-11;11/05/2021;14500;14955;14500;14955;58533
2021-05-12;12/05/2021;14500;14955;14500;14955;58533
2021-05-14;14/05/2021;13500;13500;13500;13500;27339
2021-05-17;17/05/2021;13395;13600;13395;13600;18478
2021-05-18;18/05/2021;13450;13500;13450;13500;19999
2021-05-19;19/05/2021;13500;13500;13500;13500;2478
2021-05-20;20/05/2021;13500;13600;13500;13600;18449
2021-05-21;21/05/2021;13600;14000;13600;14000;14540
2021-05-24;24/05/2021;13600;14000;13600;14000;14540
2021-05-25;25/05/2021;14030;14150;14030;14150;5717
2021-05-26;26/05/2021;14105;14500;14105;14500;52076
2021-05-27;27/05/2021;14500;14500;14400;14400;5839
2021-05-28;28/05/2021;14350;14350;14300;14300;5386
2021-05-31;31/05/2021;14175;14175;13800;13800;1587
2021-06-01;01/06/2021;13800;13800;13790;13790;5040
2021-06-02;02/06/2021;13520;13575;13520;13575;4395
2021-06-03;03/06/2021;13570;13575;13570;13575;3758
2021-06-04;04/06/2021;13555;13555;13500;13500;9848
2021-06-07;07/06/2021;13495;13545;13495;13545;1405
2021-06-08;08/06/2021;13545;13545;13545;13545;2581
2021-06-09;09/06/2021;13500;13575;13500;13575;21034
2021-06-10;10/06/2021;13580;13580;13580;13580;8506
2021-06-11;11/06/2021;13600;13610;13600;13610;1144
2021-06-14;14/06/2021;13700;13800;13700;13800;708
2021-06-15;15/06/2021;13810;13855;13810;13855;816
2021-06-16;16/06/2021;13865;13900;13865;13900;3619
2021-06-17;17/06/2021;13905;13905;13865;13865;1928
2021-06-18;18/06/2021;13865;13900;13865;13900;633
2021-06-21;21/06/2021;13865;13865;13715;13715;4042
2021-06-22;22/06/2021;13800;13850;13800;13850;13874
2021-06-23;23/06/2021;13850;13850;13575;13575;5961
2021-06-24;24/06/2021;13580;13580;13570;13570;2719
2021-06-25;25/06/2021;13570;13840;13570;13840;3647
2021-06-28;28/06/2021;13840;13840;13840;13840;3483
2021-06-29;29/06/2021;13790;13790;13500;13500;9969
2021-06-30;30/06/2021;13500;13500;13500;13500;9505
2021-07-01;01/07/2021;13400;13400;13400;13400;1296
2021-07-02;02/07/2021;13495;13500;13495;13500;33979
2021-07-05;05/07/2021;13500;13500;13500;13500;690
2021-07-06;06/07/2021;13500;13500;13400;13400;55045
2021-07-07;07/07/2021;13405;13405;13300;13300;14796
2021-07-08;08/07/2021;13105;13300;13105;13300;21529
2021-07-09;09/07/2021;13300;13500;13300;13500;139617
2021-07-12;12/07/2021;13500;13500;13305;13305;299
2021-07-13;13/07/2021;13500;13500;13305;13305;662
2021-07-14;14/07/2021;13305;13400;13305;13400;315
2021-07-15;15/07/2021;13400;13400;13400;13400;260
2021-07-16;16/07/2021;13495;13495;13400;13400;2632
2021-07-19;19/07/2021;13500;14000;13500;14000;5930
2021-07-20;20/07/2021;13500;14000;13500;14000;5930
2021-07-21;21/07/2021;14000;14200;14000;14200;13397
2021-07-22;22/07/2021;14205;14290;14205;14290;853
2021-07-23;23/07/2021;14210;14275;14210;14275;24074
2021-07-26;26/07/2021;14200;14200;14200;14200;776
2021-07-27;27/07/2021;14270;14285;14270;14285;3233
2021-07-28;28/07/2021;14280;14280;14275;14275;1965
2021-07-29;29/07/2021;14275;14275;14275;14275;5096
2021-07-30;30/07/2021;14275;14280;14275;14280;751
2021-08-02;02/08/2021;14270;14270;14250;14250;3819
2021-08-03;03/08/2021;14250;14250;14040;14040;2241
2021-08-04;04/08/2021;14040;14060;14040;14060;1265
2021-08-05;05/08/2021;14240;14280;14240;14280;1623
2021-08-06;06/08/2021;14280;14285;14280;14285;6642
2021-08-09;09/08/2021;14275;14275;14250;14250;1741
2021-08-10;10/08/2021;14040;14040;14000;14000;3839
2021-08-11;11/08/2021;14000;14000;14000;14000;1315
2021-08-12;12/08/2021;14000;14000;14000;14000;6212
2021-08-13;13/08/2021;14000;14000;14000;14000;602
2021-08-16;16/08/2021;14000;14000;13995;13995;903
2021-08-17;17/08/2021;13995;14000;13995;14000;10739
2021-08-18;18/08/2021;14000;14005;14000;14005;2659
2021-08-19;19/08/2021;14010;14240;14010;14240;6497
2021-08-20;20/08/2021;14005;14005;14000;14000;2495
2021-08-23;23/08/2021;14000;14000;14000;14000;2062
2021-08-24;24/08/2021;14000;14000;13900;13900;4403
2021-08-25;25/08/2021;13900;13900;13800;13800;12632
2021-08-26;26/08/2021;13800;13800;13700;13700;1730
2021-08-27;27/08/2021;13700;13795;13700;13795;14805
2021-08-30;30/08/2021;13795;13795;13700;13700;6457
2021-08-31;31/08/2021;13690;13700;13690;13700;1629
2021-09-01;01/09/2021;13620;13680;13620;13680;853
2021-09-02;02/09/2021;13685;13700;13685;13700;11522
2021-09-03;03/09/2021;13700;13700;13700;13700;833
2021-09-06;06/09/2021;13700;13700;13700;13700;1951
2021-09-07;07/09/2021;13700;13700;13650;13650;5106
2021-09-08;08/09/2021;13700;13700;13695;13695;53166
2021-09-09;09/09/2021;13695;13695;13690;13690;2292
2021-09-10;10/09/2021;13690;13690;13690;13690;1841
2021-09-13;13/09/2021;13670;13670;13650;13650;1559
2021-09-14;14/09/2021;13650;13650;13500;13500;63850
2021-09-15;15/09/2021;13600;13600;13500;13500;36330
2021-09-16;16/09/2021;13500;13500;13500;13500;5528
2021-09-17;17/09/2021;13600;13600;13600;13600;1416
2021-09-20;20/09/2021;13585;13600;13585;13600;79701
2021-09-21;21/09/2021;13505;13600;13505;13600;7886
2021-09-22;22/09/2021;13600;13600;13600;13600;2178
2021-09-23;23/09/2021;13650;14000;13650;14000;3259
2021-09-24;24/09/2021;13900;13900;13500;13500;61888
2021-09-27;27/09/2021;13600;13600;13500;13500;29957
2021-09-28;28/09/2021;13900;13900;13500;13500;6197
2021-09-29;29/09/2021;13500;13500;13500;13500;8041
2021-09-30;30/09/2021;13500;13500;13500;13500;8709
2021-10-01;01/10/2021;13500;13700;13500;13700;130452
2021-10-04;04/10/2021;13695;13695;13500;13500;4156
2021-10-05;05/10/2021;13505;13700;13505;13700;3772
2021-10-06;06/10/2021;13700;13725;13700;13725;2772
2021-10-07;07/10/2021;13800;13800;13700;13700;3745
2021-10-08;08/10/2021;13800;13800;13795;13795;1641
2021-10-11;11/10/2021;13795;13795;13795;13795;5196
2021-10-12;12/10/2021;13795;14000;13795;14000;35958
2021-10-13;13/10/2021;14100;14100;14100;14100;11904
2021-10-14;14/10/2021;14100;14100;14015;14015;821
2021-10-15;15/10/2021;14085;14085;14000;14000;8888
2021-10-18;18/10/2021;14085;14085;14000;14000;8888
2021-10-19;19/10/2021;14010;14010;14000;14000;5506
2021-10-20;20/10/2021;14005;14005;14005;14005;3188
2021-10-21;21/10/2021;14010;14010;14005;14005;1297
2021-10-22;22/10/2021;14005;14005;13995;13995;9408
2021-10-25;25/10/2021;14000;14000;13900;13900;7909
2021-10-26;26/10/2021;13990;14010;13990;14010;6440
2021-10-27;27/10/2021;14000;14005;14000;14005;1473
2021-10-28;28/10/2021;14000;14000;13995;13995;3057
2021-10-29;29/10/2021;14000;14100;14000;14100;23393
2021-11-01;01/11/2021;14000;14100;14000;14100;23393
2021-11-02;02/11/2021;14100;14100;14100;14100;59343
2021-11-03;03/11/2021;14100;14100;14005;14005;7024
2021-11-04;04/11/2021;14100;14100;14000;14000;8910
2021-11-05;05/11/2021;13800;13990;13800;13990;2376
2021-11-08;08/11/2021;13950;13950;13805;13805;867
2021-11-09;09/11/2021;13900;13975;13900;13975;1725
2021-11-10;10/11/2021;13950;14000;13950;14000;1402
2021-11-11;11/11/2021;13975;14090;13975;14090;4971
2021-11-12;12/11/2021;14000;14000;14000;14000;880
2021-11-15;15/11/2021;14000;14000;14000;14000;880
2021-11-16;16/11/2021;14000;14000;14000;14000;15411
2021-11-17;17/11/2021;14000;14000;13900;13900;33013
2021-11-18;18/11/2021;14000;14000;13900;13900;17916
2021-11-19;19/11/2021;13885;13885;13875;13875;20528
2021-11-22;22/11/2021;13875;13875;13875;13875;35718
2021-11-23;23/11/2021;13895;13895;13800;13800;4037
2021-11-24;24/11/2021;13900;13900;13700;13700;12947
2021-11-25;25/11/2021;13745;13745;13695;13695;2739
2021-11-26;26/11/2021;13700;13700;13700;13700;21579
2021-11-29;29/11/2021;13700;13705;13700;13705;29978
2021-11-30;30/11/2021;13750;13980;13750;13980;12450
2021-12-01;01/12/2021;13900;13970;13900;13970;2314
2021-12-02;02/12/2021;13970;13980;13970;13980;1923
2021-12-03;03/12/2021;13950;13950;13900;13900;22279
2021-12-06;06/12/2021;13950;13950;13900;13900;44463
2021-12-07;07/12/2021;13900;13900;13900;13900;3898
2021-12-08;08/12/2021;13900;13900;13850;13850;2073
2021-12-09;09/12/2021;13850;13900;13850;13900;516
2021-12-10;10/12/2021;13900;13900;13750;13750;4962
2021-12-13;13/12/2021;13660;13660;13550;13550;24150
2021-12-14;14/12/2021;13560;13800;13560;13800;27623
2021-12-15;15/12/2021;13525;13525;13500;13500;4063
2021-12-16;16/12/2021;13500;13500;13500;13500;39707
2021-12-17;17/12/2021;13500;13500;13500;13500;47754
2021-12-20;20/12/2021;13500;13590;13500;13590;1155
2021-12-21;21/12/2021;13595;13700;13595;13700;4959
2021-12-22;22/12/2021;13760;13980;13760;13980;26207
2021-12-23;23/12/2021;13845;14000;13845;14000;8373
2021-12-24;24/12/2021;14000;14000;13980;13980;2013
2021-12-27;27/12/2021;13980;13980;13900;13900;16247
2021-12-28;28/12/2021;13800;13900;13800;13900;2830
2021-12-29;29/12/2021;13900;13990;13900;13990;13438
2021-12-30;30/12/2021;13800;13980;13800;13980;1852
2021-12-31;31/12/2021;13970;13975;13970;13975;8971
2022-01-03;03/01/2022;13975;13975;13950;13950;502
2022-01-04;04/01/2022;13945;13945;13945;13945;18708
2022-01-05;05/01/2022;13945;13950;13945;13950;18521
2022-01-06;06/01/2022;13990;13990;13985;13985;7095
2022-01-07;07/01/2022;13985;13985;13950;13950;21964
2022-01-10;10/01/2022;14000;14000;13990;13990;3808
2022-01-11;11/01/2022;13990;13990;13990;13990;3223
2022-01-12;12/01/2022;13990;13990;13900;13900;785
2022-01-13;13/01/2022;13900;13900;13900;13900;1020
2022-01-14;14/01/2022;13980;13980;13970;13970;354
2022-01-17;17/01/2022;13910;13910;13900;13900;4774
2022-01-18;18/01/2022;13905;13990;13905;13990;16540
2022-01-19;19/01/2022;13950;13990;13950;13990;9335
2022-01-20;20/01/2022;13990;13990;13940;13940;12709
2022-01-21;21/01/2022;13950;13990;13950;13990;28712
2022-01-24;24/01/2022;13985;13985;13900;13900;11354
2022-01-25;25/01/2022;13975;13975;13950;13950;4683
2022-01-26;26/01/2022;13975;13975;13905;13905;5160
2022-01-27;27/01/2022;13950;13975;13950;13975;2706
2022-01-28;28/01/2022;13915;13915;13900;13900;17649
2022-01-31;31/01/2022;13900;13975;13900;13975;4488
2022-02-01;01/02/2022;13910;14000;13910;14000;1687
2022-02-02;02/02/2022;14000;14000;13980;13980;851
2022-02-03;03/02/2022;14000;14045;14000;14045;29571
2022-02-04;04/02/2022;14010;14100;14010;14100;51517
2022-02-07;07/02/2022;14100;14100;14100;14100;5633
2022-02-08;08/02/2022;14110;14110;14100;14100;5702
2022-02-09;09/02/2022;14100;14150;14100;14150;10263
2022-02-10;10/02/2022;14150;14250;14150;14250;10596
2022-02-11;11/02/2022;14200;14300;14200;14300;1672
2022-02-14;14/02/2022;14400;14585;14400;14585;38459
2022-02-15;15/02/2022;14585;14585;14585;14585;2027
2022-02-16;16/02/2022;14500;14585;14500;14585;3419
2022-02-17;17/02/2022;14585;14600;14585;14600;1218
2022-02-18;18/02/2022;14500;14675;14500;14675;805
2022-02-21;21/02/2022;14675;14675;14650;14650;2206
2022-02-22;22/02/2022;14650;14650;14650;14650;7452
2022-02-23;23/02/2022;14605;14990;14605;14990;17445
2022-02-24;24/02/2022;14990;14990;14990;14990;5145
2022-02-25;25/02/2022;15520;16110;15520;16110;9904
2022-02-28;28/02/2022;16590;16590;16495;16495;50700
2022-03-01;01/03/2022;16500;16500;16400;16400;5859
2022-03-02;02/03/2022;16500;16500;16200;16200;10691
2022-03-03;03/03/2022;16200;16210;16200;16210;4410
2022-03-04;04/03/2022;16300;16300;16000;16000;49777
2022-03-07;07/03/2022;16000;16000;15900;15900;6254
2022-03-08;08/03/2022;15900;15900;15200;15200;2722
2022-03-09;09/03/2022;15800;15800;15740;15740;1023
2022-03-10;10/03/2022;15740;15740;15500;15500;961
2022-03-11;11/03/2022;15600;15600;15600;15600;280
2022-03-14;14/03/2022;15590;15590;15510;15510;2301
2022-03-15;15/03/2022;15510;15520;15510;15520;1817
2022-03-16;16/03/2022;15540;15595;15540;15595;2347
2022-03-17;17/03/2022;15560;15595;15560;15595;1408
2022-03-18;18/03/2022;15595;15595;15500;15500;31332
2022-03-21;21/03/2022;15500;15500;15500;15500;735
2022-03-22;22/03/2022;15500;15590;15500;15590;9986
2022-03-23;23/03/2022;15505;15505;15500;15500;2646
2022-03-24;24/03/2022;15500;15595;15500;15595;4034
2022-03-25;25/03/2022;15595;15900;15595;15900;13128
2022-03-28;28/03/2022;15895;15895;15505;15505;2107
2022-03-29;29/03/2022;15515;15600;15515;15600;33932
2022-03-30;30/03/2022;15600;15895;15600;15895;516
2022-03-31;31/03/2022;15700;15800;15700;15800;10671
2022-04-01;01/04/2022;15700;15700;15650;15650;5542
2022-04-04;04/04/2022;15655;15775;15655;15775;126
2022-04-05;05/04/2022;15775;15775;15750;15750;25792
2022-04-06;06/04/2022;15800;15800;15800;15800;7436
2022-04-07;07/04/2022;15800;15900;15800;15900;1265
2022-04-08;08/04/2022;15900;15900;15900;15900;1164
2022-04-11;11/04/2022;15895;15895;15800;15800;4252
2022-04-12;12/04/2022;15800;15800;15800;15800;6561
2022-04-13;13/04/2022;15800;15850;15800;15850;5409
2022-04-14;14/04/2022;15855;15900;15855;15900;16957
2022-04-15;15/04/2022;15995;15995;15900;15900;791
2022-04-19;19/04/2022;15900;15900;15900;15900;31217
2022-04-20;20/04/2022;15900;15990;15900;15990;32322
2022-04-21;21/04/2022;15995;15995;15995;15995;35859
2022-04-22;22/04/2022;16000;16000;15995;15995;9525
2022-04-25;25/04/2022;15995;15995;15990;15990;4228
2022-04-26;26/04/2022;15990;15990;15990;15990;2520
2022-04-27;27/04/2022;15990;15990;15915;15915;5431
2022-04-28;28/04/2022;15990;15990;15915;15915;5431
2022-04-29;29/04/2022;15950;15950;15950;15950;6743
2022-05-02;02/05/2022;15950;15950;15950;15950;6743
2022-05-03;03/05/2022;15985;15985;15945;15945;1429
2022-05-04;04/05/2022;15945;15975;15945;15975;8574
2022-05-05;05/05/2022;15975;16000;15975;16000;47176
2022-05-06;06/05/2022;16000;16000;16000;16000;28383
2022-05-09;09/05/2022;16100;16100;16000;16000;10588
2022-05-10;10/05/2022;16000;16000;16000;16000;10314
2022-05-11;11/05/2022;16000;16000;16000;16000;1835
2022-05-12;12/05/2022;15995;15995;15995;15995;114
2022-05-13;13/05/2022;15985;16430;15985;16430;86136
2022-05-16;16/05/2022;15995;15995;15565;15565;249
2022-05-17;17/05/2022;15500;15500;15000;15000;3211
2022-05-18;18/05/2022;15000;15000;14725;14725;610
2022-05-19;19/05/2022;14790;14790;14720;14720;1833
2022-05-20;20/05/2022;14690;14690;14500;14500;6944
2022-05-23;23/05/2022;14500;14500;14500;14500;14784
2022-05-24;24/05/2022;14500;14510;14500;14510;36015
2022-05-25;25/05/2022;14555;14600;14555;14600;35571
2022-05-26;26/05/2022;14555;14600;14555;14600;35571
2022-05-27;27/05/2022;14595;14600;14595;14600;2856
2022-05-30;30/05/2022;14600;14650;14600;14650;5560
2022-05-31;31/05/2022;14600;14750;14600;14750;2996
2022-06-01;01/06/2022;14895;14895;14650;14650;18668
2022-06-02;02/06/2022;14650;14650;14650;14650;6441
2022-06-03;03/06/2022;14600;14600;14560;14560;1438
2022-06-06;06/06/2022;14600;14600;14560;14560;1438
2022-06-07;07/06/2022;14650;14650;14600;14600;11887
2022-06-08;08/06/2022;14600;14610;14600;14610;14867
2022-06-09;09/06/2022;14650;14650;14605;14605;2419
2022-06-10;10/06/2022;14600;14750;14600;14750;2281
2022-06-13;13/06/2022;14750;14750;14700;14700;2611
2022-06-14;14/06/2022;14610;14700;14610;14700;8191
2022-06-15;15/06/2022;14700;14700;14605;14605;1844
2022-06-16;16/06/2022;14620;14700;14620;14700;1020
2022-06-17;17/06/2022;14605;14605;14600;14600;1233
2022-06-20;20/06/2022;14650;14650;14500;14500;14771
2022-06-21;21/06/2022;14500;14600;14500;14600;6325
2022-06-22;22/06/2022;14600;14600;14495;14495;6800
2022-06-23;23/06/2022;14500;14600;14500;14600;1805
2022-06-24;24/06/2022;14600;14600;14495;14495;2830
2022-06-27;27/06/2022;14495;14495;14495;14495;24762
2022-06-28;28/06/2022;14500;14500;14500;14500;12500
2022-06-29;29/06/2022;14500;14500;14490;14490;13842
2022-06-30;30/06/2022;14485;14490;14485;14490;685
2022-07-01;01/07/2022;14480;14480;14480;14480;761
2022-07-04;04/07/2022;14395;14395;14300;14300;202
2022-07-05;05/07/2022;14200;14490;14200;14490;2178
2022-07-06;06/07/2022;14485;14485;14400;14400;909
2022-07-07;07/07/2022;14450;14450;14395;14395;1139
2022-07-08;08/07/2022;14400;14485;14400;14485;8434
2022-07-11;11/07/2022;14485;14490;14485;14490;617
2022-07-12;12/07/2022;14485;14490;14485;14490;671
2022-07-13;13/07/2022;14485;14485;14450;14450;5409
2022-07-14;14/07/2022;14400;14450;14400;14450;5214
2022-07-15;15/07/2022;14450;14490;14450;14490;762
2022-07-18;18/07/2022;14490;14650;14490;14650;2629
2022-07-19;19/07/2022;14700;14700;14450;14450;11491
2022-07-20;20/07/2022;14450;14450;14445;14445;8901
2022-07-21;21/07/2022;14450;14500;14450;14500;1068
2022-07-22;22/07/2022;14505;14505;14445;14445;35926
2022-07-25;25/07/2022;14445;14990;14445;14990;11931
2022-07-26;26/07/2022;14990;14990;14900;14900;4517
2022-07-27;27/07/2022;14990;14990;14895;14895;1921
2022-07-28;28/07/2022;14940;14940;14895;14895;2096
2022-07-29;29/07/2022;14895;14895;14890;14890;7626
2022-08-01;01/08/2022;14700;14700;14600;14600;4258
2022-08-02;02/08/2022;14600;14600;14600;14600;2343
2022-08-03;03/08/2022;14690;14700;14690;14700;3585
2022-08-04;04/08/2022;14750;14795;14750;14795;33403
2022-08-05;05/08/2022;14795;14800;14795;14800;9605
2022-08-08;08/08/2022;14795;14800;14795;14800;9605
2022-08-09;09/08/2022;14800;14800;14800;14800;3692
2022-08-10;10/08/2022;14890;14890;14875;14875;1470
2022-08-11;11/08/2022;14875;14875;14875;14875;27265
2022-08-12;12/08/2022;14800;14800;14800;14800;1911
2022-08-15;15/08/2022;14800;14800;14800;14800;1911
2022-08-16;16/08/2022;14800;14870;14800;14870;12750
2022-08-17;17/08/2022;14700;14870;14700;14870;2210
2022-08-18;18/08/2022;14870;14870;14800;14800;2513
2022-08-19;19/08/2022;14870;14870;14800;14800;6656
2022-08-22;22/08/2022;14800;14800;14800;14800;1444
2022-08-23;23/08/2022;14800;14800;14700;14700;2935
2022-08-24;24/08/2022;14700;14790;14700;14790;6491
2022-08-25;25/08/2022;14700;14790;14700;14790;4238
2022-08-26;26/08/2022;14700;14785;14700;14785;1368
2022-08-29;29/08/2022;14785;14800;14785;14800;2673
2022-08-30;30/08/2022;14715;14795;14715;14795;8504
2022-08-31;31/08/2022;14750;14795;14750;14795;13441
2022-09-01;01/09/2022;14795;14795;14790;14790;2428
2022-09-02;02/09/2022;14790;14790;14785;14785;19357
2022-09-05;05/09/2022;14795;14795;14750;14750;6125
2022-09-06;06/09/2022;14750;14750;14700;14700;40227
2022-09-07;07/09/2022;14740;14740;14610;14610;36600
2022-09-08;08/09/2022;14715;14715;14700;14700;5204
2022-09-09;09/09/2022;14700;14700;14610;14610;2173
2022-09-12;12/09/2022;14610;14610;14500;14500;1700
2022-09-13;13/09/2022;14550;14550;14500;14500;10112
2022-09-14;14/09/2022;14500;14600;14500;14600;3991
2022-09-15;15/09/2022;14605;14605;14600;14600;54581
2022-09-16;16/09/2022;14610;14620;14610;14620;1285
2022-09-19;19/09/2022;14620;14800;14620;14800;8334
2022-09-20;20/09/2022;14740;14755;14740;14755;5289
2022-09-21;21/09/2022;14750;14755;14750;14755;647
2022-09-22;22/09/2022;14750;14750;14750;14750;4871
2022-09-23;23/09/2022;14750;14750;14750;14750;2029
2022-09-26;26/09/2022;14750;14750;14750;14750;4367
2022-09-27;27/09/2022;14740;14740;14600;14600;49723
2022-09-28;28/09/2022;14600;14600;14600;14600;23504
2022-09-29;29/09/2022;14600;14600;14595;14595;6960
2022-09-30;30/09/2022;14595;14595;14500;14500;7873
2022-10-03;03/10/2022;14500;14500;14500;14500;6777
2022-10-04;04/10/2022;14500;14750;14500;14750;2331
2022-10-05;05/10/2022;14750;14750;14510;14510;3433
2022-10-06;06/10/2022;14515;14700;14515;14700;2011
2022-10-07;07/10/2022;14730;14750;14730;14750;8144
2022-10-10;10/10/2022;14515;14700;14515;14700;12384
2022-10-11;11/10/2022;14900;14900;14700;14700;17347
2022-10-12;12/10/2022;14795;14795;14600;14600;7630
2022-10-13;13/10/2022;14600;14600;14500;14500;16867
2022-10-14;14/10/2022;14500;14500;14450;14450;6827
2022-10-17;17/10/2022;14510;14680;14510;14680;996
2022-10-18;18/10/2022;14670;14670;14600;14600;2660
2022-10-19;19/10/2022;14600;14600;14500;14500;4256
2022-10-20;20/10/2022;14500;14500;14450;14450;5070
2022-10-21;21/10/2022;14450;14450;14440;14440;4783
2022-10-24;24/10/2022;14435;14440;14435;14440;3182
2022-10-25;25/10/2022;14500;14500;14400;14400;38500
2022-10-26;26/10/2022;14395;14400;14395;14400;9921
2022-10-27;27/10/2022;14400;14400;14400;14400;19992
2022-10-28;28/10/2022;14400;14400;14400;14400;31835
2022-10-31;31/10/2022;14400;14400;14400;14400;31835
2022-11-01;01/11/2022;14440;14440;14400;14400;11323
2022-11-02;02/11/2022;14425;14985;14425;14985;22987
2022-11-03;03/11/2022;14985;14985;14795;14795;218
2022-11-04;04/11/2022;14795;14800;14795;14800;31328
2022-11-07;07/11/2022;14375;14800;14375;14800;817
2022-11-08;08/11/2022;14800;14800;14500;14500;3811
2022-11-09;09/11/2022;14450;14450;14400;14400;25340
2022-11-10;10/11/2022;14400;14400;14400;14400;15874
2022-11-11;11/11/2022;14400;14500;14400;14500;35151
2022-11-14;14/11/2022;14500;14500;14500;14500;901
2022-11-15;15/11/2022;14500;14500;14500;14500;901
2022-11-16;16/11/2022;14500;14500;14500;14500;20500
2022-11-17;17/11/2022;14500;14500;14500;14500;3096
2022-11-18;18/11/2022;14500;14500;14495;14495;9223
2022-11-21;21/11/2022;14480;14480;14400;14400;946
2022-11-22;22/11/2022;14395;14400;14395;14400;4797
2022-11-23;23/11/2022;14400;14400;14300;14300;2544
2022-11-24;24/11/2022;14300;14350;14300;14350;3845
2022-11-25;25/11/2022;14400;14790;14400;14790;11989
2022-11-28;28/11/2022;14405;14800;14405;14800;11543
2022-11-29;29/11/2022;14695;14695;14695;14695;545
2022-11-30;30/11/2022;14695;14695;14695;14695;545
2022-12-01;01/12/2022;14695;14695;14695;14695;545
2022-12-02;02/12/2022;14600;14700;14600;14700;819
2022-12-05;05/12/2022;14600;14650;14600;14650;755
2022-12-06;06/12/2022;14600;14645;14600;14645;7536
2022-12-07;07/12/2022;14600;14650;14600;14650;8876
2022-12-08;08/12/2022;14645;14645;14600;14600;13840
2022-12-09;09/12/2022;14600;14600;14600;14600;1117
2022-12-12;12/12/2022;14600;14600;14500;14500;13854
2022-12-13;13/12/2022;14500;14500;14490;14490;45147
2022-12-14;14/12/2022;14490;14490;14300;14300;734
2022-12-15;15/12/2022;14300;14600;14300;14600;5581
2022-12-16;16/12/2022;14595;14600;14595;14600;815
2022-12-19;19/12/2022;14590;14600;14590;14600;932
2022-12-20;20/12/2022;14500;14600;14500;14600;3466
2022-12-21;21/12/2022;14600;14800;14600;14800;1442
2022-12-22;22/12/2022;14600;15395;14600;15395;17425
2022-12-23;23/12/2022;15000;15600;15000;15600;7626
2022-12-26;26/12/2022;15000;15600;15000;15600;7626
2022-12-27;27/12/2022;15400;15500;15400;15500;15542
2022-12-28;28/12/2022;15400;15450;15400;15450;9580
2022-12-29;29/12/2022;15395;15450;15395;15450;16423
2022-12-30;30/12/2022;15435;15435;15200;15200;27609
2023-01-02;02/01/2023;15195;15395;15195;15395;13037
2023-01-03;03/01/2023;15390;15390;15375;15375;242
2023-01-04;04/01/2023;15295;15295;15280;15280;14371
2023-01-05;05/01/2023;15265;15265;15160;15160;3489
2023-01-06;06/01/2023;15100;15100;15000;15000;813
2023-01-09;09/01/2023;14990;15000;14990;15000;8148
2023-01-10;10/01/2023;14600;14800;14600;14800;24572
2023-01-11;11/01/2023;15000;15000;14800;14800;769
2023-01-12;12/01/2023;14795;15000;14795;15000;2585
2023-01-13;13/01/2023;14990;14990;14900;14900;10938
2023-01-16;16/01/2023;14895;14900;14895;14900;4032
2023-01-17;17/01/2023;14850;14850;14840;14840;2962
2023-01-18;18/01/2023;14800;14900;14800;14900;953
2023-01-19;19/01/2023;14780;14800;14780;14800;12539
2023-01-20;20/01/2023;14900;14900;14850;14850;26471
2023-01-23;23/01/2023;14895;15000;14895;15000;11817
2023-01-24;24/01/2023;15000;15200;15000;15200;14636
2023-01-25;25/01/2023;15100;15200;15100;15200;32697
2023-01-26;26/01/2023;15200;15200;15200;15200;805
2023-01-27;27/01/2023;15200;15200;15200;15200;1703
2023-01-30;30/01/2023;15100;15195;15100;15195;2572
2023-01-31;31/01/2023;15195;15195;15195;15195;42237
2023-02-01;01/02/2023;15200;15200;15195;15195;6053
2023-02-02;02/02/2023;15190;15190;15190;15190;18404
2023-02-03;03/02/2023;15100;15190;15100;15190;3465
2023-02-06;06/02/2023;15180;15190;15180;15190;3337
2023-02-07;07/02/2023;15180;15180;15145;15145;21823
2023-02-08;08/02/2023;15145;15145;15125;15125;27679
2023-02-09;09/02/2023;15100;15150;15100;15150;40952
2023-02-10;10/02/2023;15150;15200;15150;15200;11986
2023-02-13;13/02/2023;15200;15250;15200;15250;1767
2023-02-14;14/02/2023;15275;15300;15275;15300;10529
2023-02-15;15/02/2023;15400;15400;15305;15305;7023
2023-02-16;16/02/2023;15350;15350;15300;15300;22423
2023-02-17;17/02/2023;15400;15400;15300;15300;18325
2023-02-20;20/02/2023;15305;15395;15305;15395;4011
2023-02-21;21/02/2023;15395;15400;15395;15400;6237
2023-02-22;22/02/2023;15400;15440;15400;15440;4015
2023-02-23;23/02/2023;15440;15440;15400;15400;71763
2023-02-24;24/02/2023;15500;15690;15500;15690;22593
2023-02-27;27/02/2023;15700;15945;15700;15945;47984
2023-02-28;28/02/2023;16000;16395;16000;16395;7024
2023-03-01;01/03/2023;16395;16395;16300;16300;1104
2023-03-02;02/03/2023;16300;16300;16195;16195;3886
2023-03-03;03/03/2023;16000;16195;16000;16195;21694
2023-03-06;06/03/2023;16190;16200;16190;16200;45310
2023-03-07;07/03/2023;16100;16100;16100;16100;24265
2023-03-08;08/03/2023;16100;16100;16050;16050;7823
2023-03-09;09/03/2023;16050;16050;16000;16000;13533
2023-03-10;10/03/2023;16100;16100;16100;16100;2075
2023-03-13;13/03/2023;16090;16100;16090;16100;5776
2023-03-14;14/03/2023;16095;16095;16095;16095;1790
2023-03-15;15/03/2023;16000;16095;16000;16095;5728
2023-03-16;16/03/2023;15905;16000;15905;16000;879
2023-03-17;17/03/2023;15900;16000;15900;16000;19201
2023-03-20;20/03/2023;16000;16000;15895;15895;8098
2023-03-21;21/03/2023;15605;15790;15605;15790;369
2023-03-22;22/03/2023;15800;15900;15800;15900;15124
2023-03-23;23/03/2023;15900;15900;15800;15800;7744
2023-03-24;24/03/2023;15745;15745;15700;15700;839
2023-03-27;27/03/2023;15700;15700;15700;15700;2876
2023-03-28;28/03/2023;15800;15800;15790;15790;7570
2023-03-29;29/03/2023;15790;15845;15790;15845;10166
2023-03-30;30/03/2023;15800;15800;15800;15800;49149
2023-03-31;31/03/2023;15835;15835;15800;15800;6222
2023-04-03;03/04/2023;15795;15795;15785;15785;945
2023-04-04;04/04/2023;15700;15780;15700;15780;2495
2023-04-05;05/04/2023;15780;15780;15775;15775;7191
2023-04-06;06/04/2023;15800;15800;15800;15800;8849
2023-04-07;07/04/2023;15800;15840;15800;15840;7050
2023-04-10;10/04/2023;15800;15840;15800;15840;7050
2023-04-11;11/04/2023;15800;15800;15800;15800;2854
2023-04-12;12/04/2023;15800;15800;15800;15800;12851
2023-04-13;13/04/2023;15800;15800;15710;15710;3821
2023-04-14;14/04/2023;15710;15800;15710;15800;5889
2023-04-17;17/04/2023;15800;15800;15800;15800;2854
2023-04-18;18/04/2023;15800;15800;15800;15800;2854
2023-04-19;19/04/2023;15800;15800;15800;15800;2141
2023-04-20;20/04/2023;15800;15900;15800;15900;3868
2023-04-21;21/04/2023;15800;15900;15800;15900;3868
2023-04-24;24/04/2023;15950;15985;15950;15985;16178
2023-04-25;25/04/2023;16000;16000;16000;16000;6896
2023-04-26;26/04/2023;16000;16000;16000;16000;46115
2023-04-27;27/04/2023;15990;15990;15990;15990;2072
2023-04-28;28/04/2023;15985;15990;15985;15990;2595
2023-05-01;01/05/2023;15985;15990;15985;15990;2595
2023-05-02;02/05/2023;15990;15990;15985;15985;1147
2023-05-03;03/05/2023;15990;15990;15985;15985;1147
2023-05-04;04/05/2023;16000;16000;15995;15995;11239
2023-05-05;05/05/2023;16000;16000;15980;15980;7868
2023-05-08;08/05/2023;16000;16000;15990;15990;10054
2023-05-09;09/05/2023;15990;15990;15990;15990;4170
2023-05-10;10/05/2023;16000;16000;16000;16000;6798
2023-05-11;11/05/2023;16000;16300;16000;16300;67063
2023-05-12;12/05/2023;16295;16495;16295;16495;17568
2023-05-15;15/05/2023;15985;15985;15000;15000;2067
2023-05-16;16/05/2023;14995;15000;14995;15000;710
2023-05-17;17/05/2023;14510;15000;14510;15000;1183
2023-05-18;18/05/2023;14510;15000;14510;15000;1183
2023-05-19;19/05/2023;14900;14900;14800;14800;4489
2023-05-22;22/05/2023;14800;14900;14800;14900;28170
2023-05-23;23/05/2023;14900;14900;14900;14900;18751
2023-05-24;24/05/2023;14900;14950;14900;14950;2038
2023-05-25;25/05/2023;14900;15000;14900;15000;15323
2023-05-26;26/05/2023;15000;15000;15000;15000;1410
2023-05-29;29/05/2023;15000;15000;15000;15000;1410
2023-05-30;30/05/2023;14995;15000;14995;15000;11654
2023-05-31;31/05/2023;14975;15000;14975;15000;5277
2023-06-01;01/06/2023;14995;14995;14990;14990;855
2023-06-02;02/06/2023;14990;14990;14990;14990;1018
2023-06-05;05/06/2023;14900;14995;14900;14995;1190
2023-06-06;06/06/2023;14805;14995;14805;14995;3599
2023-06-07;07/06/2023;14995;14995;14990;14990;1163
2023-06-08;08/06/2023;14985;14995;14985;14995;32868
2023-06-09;09/06/2023;14990;15400;14990;15400;38607
2023-06-12;12/06/2023;15400;15400;15150;15150;3236
2023-06-13;13/06/2023;15300;15300;15150;15150;7149
2023-06-14;14/06/2023;15100;15100;15000;15000;5411
2023-06-15;15/06/2023;15000;15100;15000;15100;1945
2023-06-16;16/06/2023;15100;15100;15100;15100;31526
2023-06-19;19/06/2023;15100;15150;15100;15150;3383
2023-06-20;20/06/2023;15150;15150;15150;15150;7821
2023-06-21;21/06/2023;15200;15200;15200;15200;25340
2023-06-22;22/06/2023;15200;15285;15200;15285;3493
2023-06-23;23/06/2023;15285;15285;15285;15285;584
2023-06-26;26/06/2023;15290;15300;15290;15300;10721
2023-06-27;27/06/2023;15300;15395;15300;15395;1617
2023-06-28;28/06/2023;15300;15395;15300;15395;1617
2023-06-29;29/06/2023;15390;15390;15300;15300;1161
2023-06-30;30/06/2023;15325;15400;15325;15400;9686
2023-07-03;03/07/2023;15370;15400;15370;15400;8860
2023-07-04;04/07/2023;15395;15400;15395;15400;2119
2023-07-05;05/07/2023;15400;15400;15400;15400;1710
2023-07-06;06/07/2023;15400;15500;15400;15500;2074
2023-07-07;07/07/2023;15500;15600;15500;15600;11433
2023-07-10;10/07/2023;15600;15700;15600;15700;14563
2023-07-11;11/07/2023;15700;15700;15600;15600;1827
2023-07-12;12/07/2023;15530;15700;15530;15700;2702
2023-07-13;13/07/2023;15625;15690;15625;15690;3161
2023-07-14;14/07/2023;15690;15690;15675;15675;12792
2023-07-17;17/07/2023;15675;15680;15675;15680;1867
2023-07-18;18/07/2023;15695;15695;15690;15690;864
2023-07-19;19/07/2023;15695;15695;15680;15680;4276
2023-07-20;20/07/2023;15700;16000;15700;16000;14125
2023-07-21;21/07/2023;15995;16200;15995;16200;15246
2023-07-24;24/07/2023;16100;16100;16100;16100;4821
2023-07-25;25/07/2023;16100;16350;16100;16350;8383
2023-07-26;26/07/2023;16345;16500;16345;16500;13019
2023-07-27;27/07/2023;16500;16830;16500;16830;4198
2023-07-28;28/07/2023;16800;16985;16800;16985;10354
2023-07-31;31/07/2023;16950;16985;16950;16985;7105
2023-08-01;01/08/2023;16830;16985;16830;16985;1152
2023-08-02;02/08/2023;16900;16900;16800;16800;1861
2023-08-03;03/08/2023;16730;16730;16450;16450;7961
2023-08-04;04/08/2023;16440;16500;16440;16500;9587
2023-08-07;07/08/2023;16440;16500;16440;16500;9587
2023-08-08;08/08/2023;16495;16495;16450;16450;13523
2023-08-09;09/08/2023;16305;16700;16305;16700;9733
2023-08-10;10/08/2023;16700;16700;16700;16700;5150
2023-08-11;11/08/2023;16700;16700;16700;16700;12447
2023-08-14;14/08/2023;16700;16700;16600;16600;5850
2023-08-15;15/08/2023;16700;16700;16600;16600;5850
2023-08-16;16/08/2023;16785;16785;16785;16785;2154
2023-08-17;17/08/2023;16785;16785;16400;16400;20245
2023-08-18;18/08/2023;16440;16440;16400;16400;31888
2023-08-21;21/08/2023;16395;16395;16300;16300;4159
2023-08-22;22/08/2023;16350;16350;16000;16000;58650
2023-08-23;23/08/2023;16000;16395;16000;16395;4966
2023-08-24;24/08/2023;16350;16350;16305;16305;5376
2023-08-25;25/08/2023;16305;16310;16305;16310;3639
2023-08-28;28/08/2023;16300;16300;16300;16300;625
2023-08-29;29/08/2023;16000;16300;16000;16300;6581
2023-08-30;30/08/2023;16300;16300;16300;16300;1340
2023-08-31;31/08/2023;16300;16350;16300;16350;4502
2023-09-01;01/09/2023;16350;16675;16350;16675;3511
2023-09-04;04/09/2023;16500;16500;16490;16490;1756
2023-09-05;05/09/2023;16650;16700;16650;16700;3466
2023-09-06;06/09/2023;16700;16700;16700;16700;3628
2023-09-07;07/09/2023;16500;16700;16500;16700;8546
2023-09-08;08/09/2023;16700;16700;16600;16600;4600
2023-09-11;11/09/2023;16500;16645;16500;16645;3207
2023-09-12;12/09/2023;16500;16700;16500;16700;3129
2023-09-13;13/09/2023;16500;16700;16500;16700;763
2023-09-14;14/09/2023;16700;16850;16700;16850;5876
2023-09-15;15/09/2023;16700;16700;16700;16700;22496
2023-09-18;18/09/2023;16600;16700;16600;16700;1512
2023-09-19;19/09/2023;16500;16700;16500;16700;1608
2023-09-20;20/09/2023;16700;16700;16700;16700;3162
2023-09-21;21/09/2023;16600;16600;16500;16500;5252
2023-09-22;22/09/2023;16500;16600;16500;16600;7811
2023-09-25;25/09/2023;16590;16590;16500;16500;1548
2023-09-26;26/09/2023;16500;16500;16400;16400;10478
2023-09-27;27/09/2023;16500;16500;16400;16400;10478
2023-09-28;28/09/2023;16400;16400;16400;16400;8392
2023-09-29;29/09/2023;16300;16400;16300;16400;8543
2023-10-02;02/10/2023;16295;16300;16295;16300;6876
2023-10-03;03/10/2023;16280;16300;16280;16300;2050
2023-10-04;04/10/2023;16295;16295;16200;16200;9464
2023-10-05;05/10/2023;16200;16300;16200;16300;36591
2023-10-06;06/10/2023;16295;16400;16295;16400;5146
2023-10-09;09/10/2023;16400;16400;16300;16300;2582
2023-10-10;10/10/2023;16200;16300;16200;16300;4671
2023-10-11;11/10/2023;16300;16300;16300;16300;7369
2023-10-12;12/10/2023;16300;16300;16300;16300;3307
2023-10-13;13/10/2023;16300;16300;16300;16300;3373
2023-10-16;16/10/2023;16400;16400;16300;16300;3358
2023-10-17;17/10/2023;16300;16300;16300;16300;5369
2023-10-18;18/10/2023;16250;16300;16250;16300;3023
2023-10-19;19/10/2023;16400;16400;16400;16400;2222
2023-10-20;20/10/2023;16400;16400;16300;16300;37719
2023-10-23;23/10/2023;16300;16300;16300;16300;3492
2023-10-24;24/10/2023;16300;16300;16300;16300;1739
2023-10-25;25/10/2023;16300;16300;16300;16300;3085
2023-10-26;26/10/2023;16265;16845;16265;16845;13038
2023-10-27;27/10/2023;16800;16800;16500;16500;17971
2023-10-30;30/10/2023;16300;16300;16300;16300;12415
2023-10-31;31/10/2023;16305;16950;16305;16950;1183
2023-11-01;01/11/2023;16305;16950;16305;16950;1183
2023-11-02;02/11/2023;16950;16950;16950;16950;32543
2023-11-03;03/11/2023;17000;17000;17000;17000;3981
2023-11-06;06/11/2023;16955;16990;16955;16990;7254
2023-11-07;07/11/2023;16990;16990;16990;16990;2151
2023-11-08;08/11/2023;16980;16990;16980;16990;5447
2023-11-09;09/11/2023;16990;17100;16990;17100;4474
2023-11-10;10/11/2023;17100;17100;17100;17100;10519
2023-11-13;13/11/2023;17100;17100;17000;17000;6984
2023-11-14;14/11/2023;17000;17000;17000;17000;5616
2023-11-15;15/11/2023;17000;17000;17000;17000;5616
2023-11-16;16/11/2023;17000;17150;17000;17150;6770
2023-11-17;17/11/2023;17095;17150;17095;17150;12984
2023-11-20;20/11/2023;17160;17160;17090;17090;2497
2023-11-21;21/11/2023;17090;17195;17090;17195;4780
2023-11-22;22/11/2023;17000;17245;17000;17245;1327
2023-11-23;23/11/2023;17000;17295;17000;17295;5091
2023-11-24;24/11/2023;17200;17295;17200;17295;679
2023-11-27;27/11/2023;17000;17295;17000;17295;6984
2023-11-28;28/11/2023;17295;17295;17200;17200;4133
2023-11-29;29/11/2023;17200;17200;17200;17200;2034
2023-11-30;30/11/2023;17195;17200;17195;17200;9378
2023-12-01;01/12/2023;17000;17200;17000;17200;2890
2023-12-04;04/12/2023;17000;17100;17000;17100;6366
2023-12-05;05/12/2023;16900;17000;16900;17000;7800
2023-12-06;06/12/2023;17000;17000;17000;17000;1393
2023-12-07;07/12/2023;17000;17000;17000;17000;16563
2023-12-08;08/12/2023;17000;17000;17000;17000;1098
2023-12-11;11/12/2023;17000;17000;17000;17000;11125
2023-12-12;12/12/2023;17245;17245;17245;17245;4573
2023-12-13;13/12/2023;17240;17240;17240;17240;6759
2023-12-14;14/12/2023;17240;17240;17200;17200;2038
2023-12-15;15/12/2023;17000;17000;17000;17000;2073
2023-12-18;18/12/2023;17000;17000;16900;16900;8700
2023-12-19;19/12/2023;16900;16900;16900;16900;5166
2023-12-20;20/12/2023;16895;16900;16895;16900;23197
2023-12-21;21/12/2023;16895;16900;16895;16900;4039
2023-12-22;22/12/2023;16900;17490;16900;17490;8937
2023-12-25;25/12/2023;16900;17490;16900;17490;8937
2023-12-26;26/12/2023;17445;17795;17445;17795;35210
2023-12-27;27/12/2023;17795;17985;17795;17985;9028
2023-12-28;28/12/2023;17900;18000;17900;18000;25725
2023-12-29;29/12/2023;17240;17980;17240;17980;22726
2024-01-01;01/01/2024;17240;17980;17240;17980;22726
2024-01-02;02/01/2024;17790;17980;17790;17980;2129
2024-01-03;03/01/2024;17940;18000;17940;18000;3358
2024-01-04;04/01/2024;17990;17995;17990;17995;5300
2024-01-05;05/01/2024;17500;17995;17500;17995;9611
2024-01-08;08/01/2024;17995;17995;17995;17995;38594
2024-01-09;09/01/2024;17000;17500;17000;17500;10678
2024-01-10;10/01/2024;17000;17500;17000;17500;11199
2024-01-11;11/01/2024;17400;17400;17000;17000;2576
2024-01-12;12/01/2024;17300;17300;17000;17000;10195
2024-01-15;15/01/2024;17340;17340;17300;17300;2091
2024-01-16;16/01/2024;17295;17350;17295;17350;14652
2024-01-17;17/01/2024;17300;17395;17300;17395;19063
2024-01-18;18/01/2024;17000;17400;17000;17400;5337
2024-01-19;19/01/2024;17395;17395;17000;17000;9212
2024-01-22;22/01/2024;17100;17200;17100;17200;5056
2024-01-23;23/01/2024;17000;17000;17000;17000;1491
2024-01-24;24/01/2024;17000;17000;17000;17000;4757
2024-01-25;25/01/2024;17000;17340;17000;17340;2709
2024-01-26;26/01/2024;17340;17340;17000;17000;5070
2024-01-29;29/01/2024;17000;17000;17000;17000;1962
2024-01-30;30/01/2024;17000;17000;17000;17000;6797
2024-01-31;31/01/2024;17000;17000;17000;17000;1937
2024-02-01;01/02/2024;16950;17000;16950;17000;7295
2024-02-02;02/02/2024;17200;17200;17000;17000;17947
2024-02-05;05/02/2024;17000;17000;17000;17000;13005
2024-02-06;06/02/2024;17190;17190;17000;17000;22019
2024-02-07;07/02/2024;17000;17000;17000;17000;8777
2024-02-08;08/02/2024;17000;17200;17000;17200;5009
2024-02-09;09/02/2024;17400;17400;17200;17200;447
2024-02-12;12/02/2024;17400;17400;17200;17200;447
2024-02-13;13/02/2024;17000;17000;17000;17000;14043
2024-02-14;14/02/2024;17000;17000;17000;17000;6801
2024-02-15;15/02/2024;17000;17200;17000;17200;35634
2024-02-16;16/02/2024;17200;17200;17200;17200;1017
2024-02-19;19/02/2024;17180;17200;17180;17200;10069
2024-02-20;20/02/2024;17195;17390;17195;17390;21762
2024-02-21;21/02/2024;17390;17390;17390;17390;1238
2024-02-22;22/02/2024;17390;17500;17390;17500;7131
2024-02-23;23/02/2024;17500;17850;17500;17850;2388
2024-02-26;26/02/2024;17890;17900;17890;17900;2270
2024-02-27;27/02/2024;17900;17900;17900;17900;7065
2024-02-28;28/02/2024;17890;17895;17890;17895;2052
2024-02-29;29/02/2024;17890;17890;17890;17890;11883
2024-03-01;01/03/2024;17890;17900;17890;17900;21244
2024-03-04;04/03/2024;17900;17900;17900;17900;5348
2024-03-05;05/03/2024;17900;17900;17890;17890;856
2024-03-06;06/03/2024;17880;17895;17880;17895;2212
2024-03-07;07/03/2024;17895;17900;17895;17900;5940
2024-03-08;08/03/2024;17900;17900;17900;17900;1077
2024-03-11;11/03/2024;17900;17900;17900;17900;1594
2024-03-12;12/03/2024;17895;17895;17850;17850;24821
2024-03-13;13/03/2024;17850;17895;17850;17895;9920
2024-03-14;14/03/2024;17780;17895;17780;17895;668
2024-03-15;15/03/2024;17895;17895;17810;17810;9023
2024-03-18;18/03/2024;17810;17890;17810;17890;2557
2024-03-19;19/03/2024;17890;17890;17885;17885;2248
2024-03-20;20/03/2024;17850;17885;17850;17885;1834
2024-03-21;21/03/2024;17885;17895;17885;17895;2735
2024-03-22;22/03/2024;17895;17900;17895;17900;2359
2024-03-25;25/03/2024;17900;17900;17900;17900;4031
2024-03-26;26/03/2024;17900;17900;17900;17900;97815
2024-03-27;27/03/2024;17900;17900;17900;17900;15004
2024-03-28;28/03/2024;17900;17900;17900;17900;4177
2024-03-29;29/03/2024;17900;17900;17900;17900;2539
2024-04-01;01/04/2024;17900;17900;17900;17900;2539
2024-04-02;02/04/2024;17850;17900;17850;17900;38863
2024-04-03;03/04/2024;17900;17900;17900;17900;2322
2024-04-04;04/04/2024;17895;17895;17890;17890;15536
2024-04-05;05/04/2024;17895;17895;17890;17890;10399
2024-04-08;08/04/2024;17895;18000;17895;18000;6703
2024-04-09;09/04/2024;19350;19350;19000;19000;629
2024-04-10;10/04/2024;19350;19350;19000;19000;629
2024-04-11;11/04/2024;19000;19000;19000;19000;2661
2024-04-12;12/04/2024;19000;19000;19000;19000;1447
2024-04-15;15/04/2024;19000;19000;19000;19000;1269
2024-04-16;16/04/2024;19000;19000;19000;19000;394
2024-04-17;17/04/2024;19000;19000;19000;19000;1565
2024-04-18;18/04/2024;19000;19000;19000;19000;6158
2024-04-19;19/04/2024;19000;19000;19000;19000;1567
2024-04-22;22/04/2024;18995;19000;18995;19000;12822
2024-04-23;23/04/2024;19000;19000;19000;19000;18337
2024-04-24;24/04/2024;18995;18995;18550;18550;4365
2024-04-25;25/04/2024;18995;19000;18995;19000;582
2024-04-26;26/04/2024;19000;19000;19000;19000;22788
2024-04-29;29/04/2024;19000;19000;19000;19000;14603
2024-04-30;30/04/2024;19000;19200;19000;19200;11932
2024-05-01;01/05/2024;19000;19200;19000;19200;11932
2024-05-02;02/05/2024;19005;19200;19005;19200;1077
2024-05-03;03/05/2024;19200;19300;19200;19300;1342
2024-05-06;06/05/2024;19300;19300;19300;19300;1807
2024-05-07;07/05/2024;19300;19300;19300;19300;3835
2024-05-08;08/05/2024;19305;19500;19305;19500;3093
2024-05-09;09/05/2024;19305;19500;19305;19500;3093
2024-05-10;10/05/2024;19500;19500;19500;19500;3257
2024-05-13;13/05/2024;19500;19500;19500;19500;11921
2024-05-14;14/05/2024;19490;19500;19490;19500;12825
2024-05-15;15/05/2024;19250;19250;18995;18995;26890
2024-05-16;16/05/2024;18005;18485;18005;18485;4193
2024-05-17;17/05/2024;18390;18390;18380;18380;3285
2024-05-20;20/05/2024;18390;18390;18380;18380;3285
2024-05-21;21/05/2024;18050;18350;18050;18350;3764
2024-05-22;22/05/2024;18350;18500;18350;18500;31374
2024-05-23;23/05/2024;18500;18700;18500;18700;10584
2024-05-24;24/05/2024;18700;19000;18700;19000;70155
2024-05-27;27/05/2024;19000;19000;19000;19000;7210
2024-05-28;28/05/2024;19000;19200;19000;19200;4526
2024-05-29;29/05/2024;19200;19200;19195;19195;1949
2024-05-30;30/05/2024;19000;19000;19000;19000;5132
2024-05-31;31/05/2024;19000;19200;19000;19200;46386
2024-06-03;03/06/2024;19200;19200;19200;19200;2520
2024-06-04;04/06/2024;19200;19300;19200;19300;3748
2024-06-05;05/06/2024;19200;19300;19200;19300;1325
2024-06-06;06/06/2024;19200;19200;19100;19100;1361
2024-06-07;07/06/2024;19100;19200;19100;19200;3139
2024-06-10;10/06/2024;19195;19195;19000;19000;1097
2024-06-11;11/06/2024;19010;19100;19010;19100;2191
2024-06-12;12/06/2024;19100;19200;19100;19200;61491
2024-06-13;13/06/2024;19100;19250;19100;19250;4624
2024-06-14;14/06/2024;19250;19330;19250;19330;1694
2024-06-18;18/06/2024;19320;19320;19300;19300;887
2024-06-19;19/06/2024;19200;19400;19200;19400;7294
2024-06-20;20/06/2024;19400;19445;19400;19445;2729
2024-06-21;21/06/2024;19500;19500;19500;19500;53023
2024-06-24;24/06/2024;19490;19490;19430;19430;1216
2024-06-25;25/06/2024;19430;19430;19420;19420;4183
2024-06-26;26/06/2024;19400;19400;19305;19305;1953
2024-06-27;27/06/2024;19300;19300;19250;19250;4161
2024-06-28;28/06/2024;19250;19380;19250;19380;36293
2024-07-01;01/07/2024;19300;19300;19205;19205;3817
2024-07-02;02/07/2024;19380;19400;19380;19400;17280
2024-07-03;03/07/2024;19300;19300;19300;19300;1978
2024-07-04;04/07/2024;19300;19400;19300;19400;81794
2024-07-05;05/07/2024;19400;19400;19395;19395;1368
2024-07-08;08/07/2024;19310;19500;19310;19500;3169
2024-07-09;09/07/2024;19410;19695;19410;19695;4653
2024-07-10;10/07/2024;19700;19750;19700;19750;3521
2024-07-11;11/07/2024;19750;19800;19750;19800;4327
2024-07-12;12/07/2024;19800;19800;19700;19700;1168
2024-07-15;15/07/2024;19800;19900;19800;19900;726
2024-07-16;16/07/2024;19900;19990;19900;19990;1956
2024-07-17;17/07/2024;20000;20000;20000;20000;3244
2024-07-18;18/07/2024;20000;20200;20000;20200;35605
2024-07-19;19/07/2024;20250;20505;20250;20505;28025
2024-07-22;22/07/2024;20510;20510;20500;20500;5606
2024-07-23;23/07/2024;20500;20500;20310;20310;4199
2024-07-24;24/07/2024;20400;20400;20370;20370;2703
2024-07-25;25/07/2024;20370;20400;20370;20400;4854
2024-07-26;26/07/2024;20370;20500;20370;20500;1229
2024-07-29;29/07/2024;20600;20700;20600;20700;4447
2024-07-30;30/07/2024;20700;20700;20690;20690;1412
2024-07-31;31/07/2024;20695;20700;20695;20700;8267
2024-08-01;01/08/2024;20700;20700;20600;20600;11003
2024-08-02;02/08/2024;20700;20700;20600;20600;25180
2024-08-05;05/08/2024;20615;20700;20615;20700;5427
2024-08-06;06/08/2024;20700;20700;20700;20700;2676
2024-08-07;07/08/2024;20700;20700;20700;20700;2676
2024-08-08;08/08/2024;20995;20995;20990;20990;11164
2024-08-09;09/08/2024;21045;22000;21045;22000;3269
2024-08-12;12/08/2024;22000;22000;22000;22000;29507
2024-08-13;13/08/2024;22000;22005;22000;22005;11938
2024-08-14;14/08/2024;22000;22000;22000;22000;11772
2024-08-15;15/08/2024;22000;22000;22000;22000;11772
2024-08-16;16/08/2024;22000;22000;22000;22000;9618
2024-08-19;19/08/2024;22000;22115;22000;22115;8116
2024-08-20;20/08/2024;22000;22115;22000;22115;3850
2024-08-21;21/08/2024;22115;22250;22115;22250;15899
2024-08-22;22/08/2024;22250;22250;22250;22250;1818
2024-08-23;23/08/2024;22250;22495;22250;22495;1579
2024-08-26;26/08/2024;22490;22500;22490;22500;1544
2024-08-27;27/08/2024;22500;22500;22450;22450;4129
2024-08-28;28/08/2024;22500;22500;22450;22450;4499
2024-08-29;29/08/2024;22305;22500;22305;22500;9309
2024-08-30;30/08/2024;22500;22500;22500;22500;80571
2024-09-02;02/09/2024;22600;22680;22600;22680;1317
2024-09-03;03/09/2024;22655;23000;22655;23000;771
2024-09-04;04/09/2024;23000;23000;22730;22730;9842
2024-09-05;05/09/2024;22800;22865;22800;22865;11947
2024-09-06;06/09/2024;23000;23000;22950;22950;5098
2024-09-09;09/09/2024;22950;22950;22850;22850;6940
2024-09-10;10/09/2024;23000;23000;23000;23000;1499
2024-09-11;11/09/2024;23000;23005;23000;23005;4115
2024-09-12;12/09/2024;23005;23500;23005;23500;25442
2024-09-13;13/09/2024;23505;24000;23505;24000;9009
2024-09-16;16/09/2024;23835;24000;23835;24000;3518
2024-09-17;17/09/2024;24130;24130;24000;24000;364
2024-09-18;18/09/2024;24100;24100;24000;24000;18683
2024-09-19;19/09/2024;24000;24000;24000;24000;11011
2024-09-20;20/09/2024;24000;24000;24000;24000;42433
2024-09-23;23/09/2024;24000;24000;24000;24000;2706
2024-09-24;24/09/2024;24000;24000;23900;23900;4197
2024-09-25;25/09/2024;24000;24000;24000;24000;3337
2024-09-26;26/09/2024;23500;23900;23500;23900;1144
2024-09-27;27/09/2024;23800;23995;23800;23995;23134
2024-09-30;30/09/2024;23990;23990;23200;23200;1662
2024-10-01;01/10/2024;23200;23200;23200;23200;43652
2024-10-02;02/10/2024;23200;23220;23200;23220;98284
2024-10-03;03/10/2024;23220;23500;23220;23500;119112
2024-10-04;04/10/2024;23355;23600;23355;23600;50900
2024-10-07;07/10/2024;23500;23510;23500;23510;1305
2024-10-08;08/10/2024;23500;23845;23500;23845;21099
2024-10-09;09/10/2024;23800;23800;23700;23700;3099
2024-10-10;10/10/2024;23700;23800;23700;23800;66387
2024-10-11;11/10/2024;23700;23700;23600;23600;5953
2024-10-14;14/10/2024;23600;23600;23350;23350;5340
2024-10-15;15/10/2024;23300;23300;23000;23000;32845
2024-10-16;16/10/2024;22900;22900;22900;22900;16699
2024-10-17;17/10/2024;23000;23000;23000;23000;16756
2024-10-18;18/10/2024;23000;23000;23000;23000;1142
2024-10-21;21/10/2024;23000;23000;22955;22955;4047
2024-10-22;22/10/2024;23000;23195;23000;23195;943
2024-10-23;23/10/2024;23010;23290;23010;23290;107464
2024-10-24;24/10/2024;23290;23500;23290;23500;8312
2024-10-25;25/10/2024;23500;23500;23500;23500;5275
2024-10-28;28/10/2024;23500;23505;23500;23505;2741
2024-10-29;29/10/2024;23510;23525;23510;23525;1127
2024-10-30;30/10/2024;23530;23560;23530;23560;3864
2024-10-31;31/10/2024;23750;23750;23700;23700;29162
2024-11-01;01/11/2024;23750;23750;23700;23700;29162
2024-11-04;04/11/2024;23555;23600;23555;23600;6140
2024-11-05;05/11/2024;23750;23750;23600;23600;33486
2024-11-06;06/11/2024;23600;23600;23600;23600;6477
2024-11-07;07/11/2024;23600;23600;23600;23600;7172
2024-11-08;08/11/2024;23690;23705;23690;23705;1937
2024-11-11;11/11/2024;23710;23710;23700;23700;15516
2024-11-12;12/11/2024;23680;23750;23680;23750;22352
2024-11-13;13/11/2024;23700;23850;23700;23850;18996
2024-11-14;14/11/2024;23850;23850;23800;23800;1531
2024-11-15;15/11/2024;23850;23850;23800;23800;1531
2024-11-18;18/11/2024;23750;23750;23705;23705;11043
2024-11-19;19/11/2024;23700;23705;23700;23705;5450
2024-11-20;20/11/2024;23700;23700;23700;23700;6964
2024-11-21;21/11/2024;23700;23700;23650;23650;14914
2024-11-22;22/11/2024;23700;23800;23700;23800;2792
2024-11-25;25/11/2024;23750;23750;23700;23700;10791
2024-11-26;26/11/2024;23700;23700;23650;23650;6364
2024-11-27;27/11/2024;23700;23700;23650;23650;1398
2024-11-28;28/11/2024;23700;23700;23700;23700;3457
2024-11-29;29/11/2024;23650;23750;23650;23750;8391
2024-12-02;02/12/2024;23750;23750;23680;23680;3873
2024-12-03;03/12/2024;23700;23700;23695;23695;11323
2024-12-04;04/12/2024;23695;23725;23695;23725;94582
2024-12-05;05/12/2024;23700;23850;23700;23850;6306
2024-12-06;06/12/2024;23850;23850;23850;23850;2149
2024-12-09;09/12/2024;23850;23900;23850;23900;3029
2024-12-10;10/12/2024;23900;23900;23900;23900;6631
2024-12-11;11/12/2024;23850;24000;23850;24000;37366
2024-12-12;12/12/2024;24000;24000;23750;23750;7730
2024-12-13;13/12/2024;23900;24000;23900;24000;2341
2024-12-16;16/12/2024;23900;23900;23900;23900;4572
2024-12-17;17/12/2024;23900;23900;23895;23895;1644
2024-12-18;18/12/2024;23895;24000;23895;24000;13496
2024-12-19;19/12/2024;24000;24000;23800;23800;10524
2024-12-20;20/12/2024;23800;24000;23800;24000;4090
2024-12-23;23/12/2024;24000;24000;24000;24000;2338
2024-12-24;24/12/2024;24000;24000;24000;24000;1681
2024-12-25;25/12/2024;23900;24000;23900;24000;1681
2024-12-26;26/12/2024;23900;23900;23900;23900;1975
2024-12-27;27/12/2024;23850;23850;23850;23850;2130
2024-12-30;30/12/2024;23850;23850;23800;23800;7264
2024-12-31;31/12/2024;23790;24000;23790;24000;21957
2025-01-01;01/01/2025;23790;24000;23790;24000;21957
2025-01-02;02/01/2025;23850;23850;23800;23800;473
2025-01-03;03/01/2025;23810;24000;23810;24000;588
2025-01-06;06/01/2025;23900;23900;23900;23900;1067
2025-01-07;07/01/2025;23850;23850;23800;23800;4096
2025-01-08;08/01/2025;23840;23840;23800;23800;6037
2025-01-09;09/01/2025;23800;23850;23800;23850;1708
2025-01-10;10/01/2025;23850;23900;23850;23900;860
2025-01-13;13/01/2025;23820;23900;23820;23900;2284
2025-01-14;14/01/2025;23900;23900;23800;23800;1757
2025-01-15;15/01/2025;23800;23850;23800;23850;3071
2025-01-16;16/01/2025;23850;24000;23850;24000;4508
2025-01-17;17/01/2025;24300;24495;24300;24495;1145
2025-01-20;20/01/2025;24100;24100;24000;24000;1279
2025-01-21;21/01/2025;24050;24050;24000;24000;3116
2025-01-22;22/01/2025;24000;24100;24000;24100;1385
2025-01-23;23/01/2025;24100;24100;24100;24100;631
2025-01-24;24/01/2025;24100;24205;24100;24205;1940
2025-01-27;27/01/2025;24250;24500;24250;24500;4707
2025-01-28;28/01/2025;24300;25000;24300;25000;1447
2025-01-29;29/01/2025;24550;25000;24550;25000;3030
2025-01-30;30/01/2025;24700;24700;24500;24500;4225
2025-01-31;31/01/2025;24500;24990;24500;24990;709
2025-02-03;03/02/2025;24990;24990;24855;24855;796
2025-02-04;04/02/2025;25000;25000;25000;25000;12299
2025-02-05;05/02/2025;24900;25000;24900;25000;4302
2025-02-06;06/02/2025;26000;26000;25500;25500;670
2025-02-07;07/02/2025;25200;25500;25200;25500;4085
2025-02-10;10/02/2025;25500;25500;25130;25130;1096
2025-02-11;11/02/2025;25200;25400;25200;25400;905
2025-02-12;12/02/2025;25495;25500;25495;25500;1786
2025-02-13;13/02/2025;25400;25495;25400;25495;5964
2025-02-14;14/02/2025;25495;25500;25495;25500;8608
2025-02-17;17/02/2025;25300;25300;25000;25000;2440
2025-02-18;18/02/2025;25400;25500;25400;25500;4683
2025-02-19;19/02/2025;25500;25500;25500;25500;42331
2025-02-20;20/02/2025;25990;25990;25950;25950;2076
2025-02-21;21/02/2025;26300;26425;26300;26425;22531
2025-02-24;24/02/2025;26300;26500;26300;26500;4717
2025-02-25;25/02/2025;26400;26400;26000;26000;1735
2025-02-26;26/02/2025;26000;26000;25795;25795;2694
2025-02-28;28/02/2025;25800;25800;25760;25760;1272
2025-03-03;03/03/2025;25760;25800;25760;25800;2290
2025-03-04;04/03/2025;25650;25650;25595;25595;6026
2025-03-05;05/03/2025;25595;25600;25595;25600;1078
2025-03-06;06/03/2025;25500;25600;25500;25600;35218
2025-03-07;07/03/2025;25600;25600;25600;25600;25817
2025-03-10;10/03/2025;25500;25500;25500;25500;36568
2025-03-11;11/03/2025;25495;25500;25495;25500;3013
2025-03-12;12/03/2025;25250;25450;25250;25450;1011
2025-03-13;13/03/2025;25500;25500;25000;25000;9552
2025-03-14;14/03/2025;25500;25500;25000;25000;2922
2025-03-17;17/03/2025;25400;25400;25400;25400;12973
2025-03-18;18/03/2025;25400;25400;25400;25400;906
2025-03-19;19/03/2025;25395;25395;25300;25300;15720
2025-03-20;20/03/2025;25250;25250;25250;25250;3743
2025-03-21;21/03/2025;25240;25240;25200;25200;8225
2025-03-24;24/03/2025;25100;25400;25100;25400;12948
2025-03-25;25/03/2025;25395;25395;24950;24950;5770
2025-03-26;26/03/2025;24805;25100;24805;25100;1395
2025-03-27;27/03/2025;24805;25100;24805;25100;1395
2025-03-28;28/03/2025;25000;25000;25000;25000;5826
2025-03-31;31/03/2025;25000;25000;25000;25000;5826
2025-04-01;01/04/2025;25190;25200;25190;25200;1119
2025-04-02;02/04/2025;25200;25300;25200;25300;3818
2025-04-03;03/04/2025;25300;25300;25100;25100;3064
2025-04-04;04/04/2025;25390;25390;25305;25305;195
2025-04-07;07/04/2025;25300;25300;25100;25100;1009
2025-04-08;08/04/2025;25200;25200;25200;25200;6860
2025-04-09;09/04/2025;25150;25150;25150;25150;18375
2025-04-10;10/04/2025;25190;25190;25100;25100;1288
2025-04-11;11/04/2025;25120;25120;25000;25000;1606
2025-04-14;14/04/2025;25000;25000;24990;24990;2956
2025-04-15;15/04/2025;24950;24950;24935;24935;3844
2025-04-16;16/04/2025;24895;24895;24890;24890;2298
2025-04-17;17/04/2025;24890;24895;24890;24895;5381
2025-04-18;18/04/2025;24695;24695;24000;24000;8517
2025-04-21;21/04/2025;24695;24695;24000;24000;8517
2025-04-22;22/04/2025;24500;24500;24000;24000;26210
2025-04-23;23/04/2025;24935;24935;24900;24900;1803
2025-04-24;24/04/2025;24900;24900;24500;24500;1507
2025-04-25;25/04/2025;24500;24850;24500;24850;554
2025-04-28;28/04/2025;24900;24900;24900;24900;736
2025-04-29;29/04/2025;24900;24990;24900;24990;4274
2025-04-30;30/04/2025;24990;25100;24990;25100;976
2025-05-01;01/05/2025;24990;25100;24990;25100;976
2025-05-02;02/05/2025;25500;25895;25500;25895;1237
2025-05-05;05/05/2025;25605;26000;25605;26000;1720
2025-05-06;06/05/2025;26390;26500;26390;26500;46754
2025-05-07;07/05/2025;26110;26500;26110;26500;1335
2025-05-08;08/05/2025;26500;26500;26485;26485;6583
2025-05-09;09/05/2025;26485;26600;26485;26600;17574
2025-05-12;12/05/2025;26600;26700;26600;26700;7446
2025-05-13;13/05/2025;26605;26700;26605;26700;5931
2025-05-14;14/05/2025;26550;26750;26550;26750;5857
2025-05-15;15/05/2025;26750;26750;26750;26750;2233
2025-05-16;16/05/2025;26700;26700;26600;26600;2450
2025-05-19;19/05/2025;26600;26600;26600;26600;69455
2025-05-20;20/05/2025;26450;26495;26450;26495;22722
2025-05-21;21/05/2025;26000;26000;25950;25950;6546
2025-05-22;22/05/2025;25555;25555;25200;25200;1553
2025-05-23;23/05/2025;25200;25200;25095;25095;1466
2025-05-26;26/05/2025;25100;25100;24500;24500;6042
2025-05-27;27/05/2025;24950;24950;24945;24945;3668
2025-05-28;28/05/2025;24945;24945;24900;24900;4484
2025-05-29;29/05/2025;24945;24945;24900;24900;4484
2025-05-30;30/05/2025;24900;25000;24900;25000;27955
2025-06-02;02/06/2025;25005;25005;25000;25000;21488
2025-06-03;03/06/2025;25600;25600;25000;25000;4662
2025-06-04;04/06/2025;25000;25000;25000;25000;73169
2025-06-05;05/06/2025;25000;25000;25000;25000;5889
2025-06-10;10/06/2025;25000;25000;25000;25000;19045
2025-06-11;11/06/2025;25005;25005;25000;25000;35662
2025-06-12;12/06/2025;25010;25010;25000;25000;19553
2025-06-13;13/06/2025;25000;25000;24900;24900;21005
2025-06-16;16/06/2025;25000;25000;24900;24900;4109
2025-06-17;17/06/2025;24905;25480;24905;25480;11366
2025-06-18;18/06/2025;25450;25500;25450;25500;7392
2025-06-19;19/06/2025;25400;25615;25400;25615;7861
2025-06-20;20/06/2025;26400;26400;25950;25950;21043
2025-06-23;23/06/2025;25505;25505;25500;25500;3791
2025-06-24;24/06/2025;25300;25500;25300;25500;6952
2025-06-25;25/06/2025;25005;25500;25005;25500;25845
2025-06-26;26/06/2025;26000;26000;26000;26000;221
2025-06-27;27/06/2025;25500;25500;24900;24900;5736
2025-06-30;30/06/2025;25500;25800;25500;25800;5641
2025-07-01;01/07/2025;25795;25795;25200;25200;2828
2025-07-02;02/07/2025;25010;25080;25010;25080;4814
2025-07-03;03/07/2025;25080;25980;25080;25980;22987
2025-07-04;04/07/2025;25200;25975;25200;25975;4554
2025-07-07;07/07/2025;25000;25500;25000;25500;972
2025-07-08;08/07/2025;25050;25100;25050;25100;1653
2025-07-09;09/07/2025;25100;25100;25000;25000;2357
2025-07-10;10/07/2025;25050;26000;25050;26000;3253
2025-07-11;11/07/2025;25100;25500;25100;25500;1518
2025-07-14;14/07/2025;25500;25500;25105;25105;1489
2025-07-15;15/07/2025;25105;25200;25105;25200;1755
2025-07-16;16/07/2025;25200;25500;25200;25500;25217
2025-07-17;17/07/2025;25200;25200;25200;25200;11808
2025-07-18;18/07/2025;25100;25400;25100;25400;1039
2025-07-21;21/07/2025;25100;25350;25100;25350;5275
2025-07-22;22/07/2025;25000;25100;25000;25100;6157
2025-07-23;23/07/2025;25100;25100;25100;25100;5134
2025-07-24;24/07/2025;25100;25100;25000;25000;19407
2025-07-25;25/07/2025;25000;25990;25000;25990;7002
2025-07-28;28/07/2025;25990;25990;25000;25000;24282
2025-07-29;29/07/2025;25000;25350;25000;25350;6987
2025-07-30;30/07/2025;25100;25100;25000;25000;3545
2025-07-31;31/07/2025;25000;25000;25000;25000;3170
2025-08-01;01/08/2025;25000;25000;25000;25000;2095
2025-08-04;04/08/2025;25000;25000;25000;25000;4688
2025-08-05;05/08/2025;25000;25000;24650;24650;1688
2025-08-06;06/08/2025;24650;25000;24650;25000;4579
2025-08-07;07/08/2025;24650;25000;24650;25000;4579
2025-08-08;08/08/2025;24650;24995;24650;24995;43684
2025-08-11;11/08/2025;24750;24900;24750;24900;23776
2025-08-12;12/08/2025;24850;24900;24850;24900;26863
2025-08-13;13/08/2025;24890;24900;24890;24900;1112
2025-08-14;14/08/2025;24890;24900;24890;24900;9189
2025-08-15;15/08/2025;24890;24900;24890;24900;9189
2025-08-18;18/08/2025;25000;25000;24850;24850;5123
2025-08-19;19/08/2025;25000;25000;24850;24850;6779
2025-08-20;20/08/2025;24850;24850;24840;24840;1894
2025-08-21;21/08/2025;24800;24800;24795;24795;3883
2025-08-22;22/08/2025;24795;24795;24700;24700;11210
2025-08-25;25/08/2025;24700;24800;24700;24800;26010
2025-08-26;26/08/2025;24900;25020;24900;25020;7389
2025-08-27;27/08/2025;25085;25085;25000;25000;4068
2025-08-28;28/08/2025;25000;25000;25000;25000;1585
2025-08-29;29/08/2025;25000;25000;25000;25000;4308
2025-09-01;01/09/2025;25000;25000;24950;24950;2470
2025-09-02;02/09/2025;25000;25000;24950;24950;1633
2025-09-03;03/09/2025;25000;25100;25000;25100;6577
2025-09-04;04/09/2025;25000;25100;25000;25100;6577
2025-09-05;05/09/2025;25000;25500;25000;25500;6363
2025-09-08;08/09/2025;25495;25500;25495;25500;1075
2025-09-09;09/09/2025;25500;25500;25410;25410;2558
2025-09-10;10/09/2025;25500;25800;25500;25800;2132
2025-09-11;11/09/2025;25800;25800;25800;25800;2353
2025-09-12;12/09/2025;25800;25895;25800;25895;5909
2025-09-15;15/09/2025;25805;25805;25800;25800;3060
2025-09-16;16/09/2025;25925;25925;25900;25900;8508
2025-09-17;17/09/2025;25800;25900;25800;25900;4958
2025-09-18;18/09/2025;25820;25820;25790;25790;1589
2025-09-19;19/09/2025;25925;25925;25925;25925;4771
2025-09-22;22/09/2025;25800;25915;25800;25915;5125
2025-09-23;23/09/2025;25925;25990;25925;25990;5301
2025-09-24;24/09/2025;25900;25900;25900;25900;2059
2025-09-25;25/09/2025;25900;25900;25900;25900;3795
2025-09-26;26/09/2025;25995;25995;25505;25505;2839
2025-09-29;29/09/2025;25850;25850;25605;25605;2644
2025-09-30;30/09/2025;25700;25700;25605;25605;2007
2025-10-01;01/10/2025;25795;25795;25700;25700;1336
2025-10-02;02/10/2025;25700;25895;25700;25895;3480
2025-10-03;03/10/2025;25890;25895;25890;25895;1664
2025-10-06;06/10/2025;25895;26000;25895;26000;11435
2025-10-07;07/10/2025;25900;26000;25900;26000;7572
2025-10-08;08/10/2025;26000;26100;26000;26100;50564
2025-10-09;09/10/2025;26100;26100;26000;26000;8529
2025-10-10;10/10/2025;25995;26000;25995;26000;2900
2025-10-13;13/10/2025;26000;26000;25950;25950;14821
2025-10-14;14/10/2025;26000;26000;25950;25950;3978
2025-10-15;15/10/2025;25990;26500;25990;26500;23708
2025-10-16;16/10/2025;26300;26300;26000;26000;8209
2025-10-17;17/10/2025;26200;26200;26000;26000;3184
2025-10-20;20/10/2025;26300;26350;26300;26350;5742
2025-10-21;21/10/2025;26150;26200;26150;26200;21759
2025-10-22;22/10/2025;26300;26490;26300;26490;7950
2025-10-23;23/10/2025;26500;26695;26500;26695;8588
2025-10-24;24/10/2025;26695;26700;26695;26700;5885
2025-10-27;27/10/2025;26600;26600;26500;26500;4052
2025-10-28;28/10/2025;26500;26500;26500;26500;7909
2025-10-29;29/10/2025;26500;26500;26350;26350;10883
2025-10-30;30/10/2025;26350;26350;26200;26200;2502
2025-10-31;31/10/2025;26200;26200;26105;26105;2923
2025-11-03;03/11/2025;26105;26105;26100;26100;33115
2025-11-04;04/11/2025;26095;26100;26095;26100;43257
2025-11-05;05/11/2025;26100;26100;26000;26000;2579
2025-11-06;06/11/2025;26000;26000;25990;25990;2598
2025-11-07;07/11/2025;26000;26000;26000;26000;0
2025-11-10;10/11/2025;25990;25990;25900;25900;7040
2025-11-11;11/11/2025;25900;25900;25600;25600;54748
2025-11-12;12/11/2025;25900;25900;25455;25455;10311
2025-11-13;13/11/2025;25500;26000;25500;26000;2779
2025-11-14;14/11/2025;25600;25600;25500;25500;21842
2025-11-17;17/11/2025;25000;25500;25000;25500;3322
2025-11-18;18/11/2025;25100;25100;25000;25000;10562
2025-11-19;19/11/2025;25500;25500;25400;25400;29111
2025-11-20;20/11/2025;25500;25500;25500;25500;2061
2025-11-21;21/11/2025;25500;25500;25100;25100;2246
2025-11-24;24/11/2025;25000;25150;25000;25150;13475
2025-11-25;25/11/2025;25300;25400;25300;25400;11633
2025-11-26;26/11/2025;25500;25600;25500;25600;21639
2025-11-27;27/11/2025;25450;25450;25425;25425;1062
2025-11-28;28/11/2025;25425;25600;25425;25600;1665
2025-12-01;01/12/2025;25600;26000;25600;26000;3923
2025-12-02;02/12/2025;26000;26000;25950;25950;2138
2025-12-03;03/12/2025;25515;25950;25515;25950;3189
2025-12-04;04/12/2025;25950;25950;25700;25700;45643
2025-12-05;05/12/2025;25800;25800;25800;25800;20922
2025-12-08;08/12/2025;25515;25515;25500;25500;6256
2025-12-09;09/12/2025;25505;25505;25500;25500;3002
2025-12-10;10/12/2025;25500;25500;25500;25500;2812
2025-12-11;11/12/2025;25500;25500;25000;25000;8044
2025-12-12;12/12/2025;25600;25600;25500;25500;1119
2025-12-15;15/12/2025;25600;25600;25105;25105;1747
2025-12-16;16/12/2025;25105;25200;25105;25200;5893
2025-12-17;17/12/2025;25200;25200;25200;25200;5682
2025-12-18;18/12/2025;25200;25200;25005;25005;20321
2025-12-19;19/12/2025;25010;25100;25010;25100;119059
2025-12-22;22/12/2025;25000;25000;25000;25000;5518
2025-12-23;23/12/2025;25090;25090;25000;25000;2653
2025-12-24;24/12/2025;25000;25000;24900;24900;3047
2025-12-25;25/12/2025;25000;25000;24900;24900;3047
2025-12-26;26/12/2025;24895;24900;24895;24900;64785
2025-12-29;29/12/2025;24800;24800;24800;24800;17598
2025-12-30;30/12/2025;24800;24800;24400;24400;8279
2025-12-31;31/12/2025;24400;26120;24400;26120;12627
2026-01-01;01/01/2026;24400;26120;24400;26120;12627
2026-01-02;02/01/2026;24600;25995;24600;25995;2383
2026-01-05;05/01/2026;25980;25980;24995;24995;3073
2026-01-06;06/01/2026;25000;25500;25000;25500;2947
2026-01-07;07/01/2026;25500;25500;25500;25500;1387
2026-01-08;08/01/2026;25500;25500;25500;25500;1555
2026-01-09;09/01/2026;25450;25500;25450;25500;2619
2026-01-12;12/01/2026;25995;25995;25500;25500;2574
2026-01-13;13/01/2026;25500;25500;25405;25405;1470
2026-01-14;14/01/2026;25500;25500;25500;25500;3047
2026-01-15;15/01/2026;25500;25500;25500;25500;9957
2026-01-16;16/01/2026;25500;25500;25500;25500;10446
2026-01-19;19/01/2026;25500;25500;25500;25500;1977
2026-01-20;20/01/2026;25495;25500;25495;25500;2011
2026-01-21;21/01/2026;25500;25500;25500;25500;3853
2026-01-22;22/01/2026;25500;25500;25495;25495;3700
2026-01-23;23/01/2026;25500;25500;25500;25500;5530
2026-01-26;26/01/2026;25500;25500;25500;25500;4133
2026-01-27;27/01/2026;25500;25500;25500;25500;10319
2026-01-28;28/01/2026;25500;25505;25500;25505;11352
2026-01-29;29/01/2026;26000;26005;26000;26005;1789
2026-01-30;30/01/2026;27160;27160;26950;26950;1797
2026-02-02;02/02/2026;26900;26900;26900;26900;2297
2026-02-03;03/02/2026;26950;26950;26900;26900;1565
2026-02-04;04/02/2026;26890;26900;26890;26900;2814
2026-02-05;05/02/2026;26900;26950;26900;26950;2442
2026-02-06;06/02/2026;26950;27000;26950;27000;2023
2026-02-09;09/02/2026;27000;27145;27000;27145;1763
2026-02-10;10/02/2026;27150;27150;27140;27140;6192
2026-02-11;11/02/2026;27135;27295;27135;27295;2963
2026-02-12;12/02/2026;27000;27285;27000;27285;3326
2026-02-13;13/02/2026;27295;27985;27295;27985;8995
2026-02-16;16/02/2026;27985;27985;27875;27875;2342
2026-02-17;17/02/2026;27875;27995;27875;27995;6841
2026-02-18;18/02/2026;27950;28100;27950;28100;13795
2026-02-19;19/02/2026;28500;28500;28200;28200;11376
2026-02-20;20/02/2026;28250;29000;28250;29000;7282
2026-02-23;23/02/2026;29000;29200;29000;29200;12142
2026-02-24;24/02/2026;29000;29000;28800;28800;3206
2026-02-25;25/02/2026;28700;29200;28700;29200;10964
2026-02-26;26/02/2026;29150;29200;29150;29200;6915
2026-02-27;27/02/2026;29000;29300;29000;29300;16082
2026-03-02;02/03/2026;29300;29300;29010;29010;8297
2026-03-03;03/03/2026;29200;29250;29200;29250;27046
2026-03-04;04/03/2026;29200;29200;28200;28200;10054
2026-03-05;05/03/2026;29200;29200;28700;28700;3933
2026-03-06;06/03/2026;29000;29000;28950;28950;28571
2026-03-09;09/03/2026;28950;29000;28950;29000;12684
2026-03-10;10/03/2026;29000;29000;29000;29000;17574
2026-03-11;11/03/2026;29100;29100;28800;28800;6979
2026-03-12;12/03/2026;29000;29000;29000;29000;12780
2026-03-13;13/03/2026;28800;28985;28800;28985;5704
2026-03-16;16/03/2026;28800;28985;28800;28985;5704
2026-03-17;17/03/2026;28900;28995;28900;28995;13330
2026-03-18;18/03/2026;29000;29000;28995;28995;2221
2026-03-19;19/03/2026;28995;28995;28800;28800;3365
2026-03-20;20/03/2026;28995;28995;28800;28800;3365
2026-03-23;23/03/2026;28550;28550;28200;28200;16961
2026-03-24;24/03/2026;28500;28500;28205;28205;4303
2026-03-25;25/03/2026;28205;28205;28005;28005;5456
2026-03-26;26/03/2026;28005;28425;28005;28425;1233
2026-03-27;27/03/2026;28400;28400;28400;28400;7988
2026-03-30;30/03/2026;28400;28425;28400;28425;4872
2026-03-31;31/03/2026;28425;29000;28425;29000;3397
2026-04-01;01/04/2026;28990;29000;28990;29000;1291
2026-04-02;02/04/2026;29000;29000;28900;28900;2101
2026-04-03;03/04/2026;28900;29000;28900;29000;526
2026-04-06;06/04/2026;28900;29000;28900;29000;526
2026-04-07;07/04/2026;29000;29000;29000;29000;2263
2026-04-08;08/04/2026;29000;29000;28800;28800;8598
2026-04-09;09/04/2026;28800;28800;28795;28795;3476
2026-04-10;10/04/2026;28800;28800;28800;28800;49298
2026-04-13;13/04/2026;28800;28800;28800;28800;2934
2026-04-14;14/04/2026;28800;28800;28000;28000;57899
2026-04-15;15/04/2026;28495;28500;28495;28500;19792
2026-04-16;16/04/2026;28800;28800;27500;27500;6225
2026-04-17;17/04/2026;28495;28495;28495;28495;1367
2026-04-20;20/04/2026;28500;28500;28400;28400;2611
2026-04-21;21/04/2026;28400;28500;28400;28500;8984
2026-04-22;22/04/2026;28500;28500;28500;28500;14307
2026-04-23;23/04/2026;29000;29000;28500;28500;4421
2026-04-24;24/04/2026;28500;28500;28500;28500;2367
2026-04-27;27/04/2026;29000;29000;28500;28500;6725
2026-04-28;28/04/2026;28500;28500;28400;28400;6428
2026-04-29;29/04/2026;28695;28700;28695;28700;12315
2026-04-30;30/04/2026;28700;28700;28700;28700;5534
2026-05-01;01/05/2026;28700;28700;28700;28700;5534
2026-05-04;04/05/2026;28700;29000;28700;29000;3627
2026-05-05;05/05/2026;29000;29000;28900;28900;11179
2026-05-06;06/05/2026;28900;28900;28900;28900;9322
2026-05-07;07/05/2026;28900;28900;28900;28900;9737
2026-05-08;08/05/2026;28900;28900;28900;28900;3362
2026-05-11;11/05/2026;28900;29000;28900;29000;16538
2026-05-12;12/05/2026;29000;29000;28910;28910;12483
2026-05-13;13/05/2026;28950;28950;28950;28950;5261
2026-05-14;14/05/2026;28950;28950;28950;28950;5261
2026-05-15;15/05/2026;28950;28950;28900;28900;19775
2026-05-18;18/05/2026;28850;28850;28800;28800;14844
2026-05-19;19/05/2026;28850;28850;28850;28850;6591
2026-05-20;20/05/2026;28850;28850;28850;28850;9571
2026-05-21;21/05/2026;28850;28900;28850;28900;8016
2026-05-22;22/05/2026;28800;28800;28500;28500;2514
2026-05-25;25/05/2026;28800;28800;28500;28500;2514
2026-05-26;26/05/2026;28400;28450;28400;28450;1415
2026-05-27;27/05/2026;28400;28450;28400;28450;1415
2026-05-28;28/05/2026;28450;28450;28200;28200;14603
2026-05-29;29/05/2026;28200;28450;28200;28450;7613
2026-06-01;01/06/2026;28400;28400;28400;28400;4741
2026-06-02;02/06/2026;28400;28400;28300;28300;6603
2026-06-03;03/06/2026;28350;30000;28350;30000;12185
2026-06-04;04/06/2026;29995;29995;29490;29490;2830
2026-06-05;05/06/2026;29485;29485;28500;28500;11752
2026-06-08;08/06/2026;28505;28505;28500;28500;4966
2026-06-09;09/06/2026;28495;28495;28420;28420;7867
2026-06-10;10/06/2026;28400;28400;28250;28250;5058
2026-06-11;11/06/2026;28290;28400;28290;28400;4338
2026-06-12;12/06/2026;28400;28400;28400;28400;5490
2026-06-15;15/06/2026;28400;28400;28400;28400;19827
2026-06-16;16/06/2026;28400;28400;28205;28205;7434
2026-06-17;17/06/2026;28275;28275;28200;28200;15431
2026-06-18;18/06/2026;28150;28150;28000;28000;8608
2026-06-19;19/06/2026;28190;28190;28150;28150;21619
2026-06-22;22/06/2026;28300;28450;28300;28450;2392
2026-06-23;23/06/2026;29000;29000;28505;28505;4703
