date_iso;date_fr;open;high;low;close;volume
2006-07-10;10/07/2006;1270;1270;1270;1270;2
2006-07-11;11/07/2006;1350;1350;1350;1350;10
2006-07-12;12/07/2006;1291;1291;1291;1291;12
2006-07-17;17/07/2006;1270;1270;1270;1270;300
2006-07-19;19/07/2006;1300;1300;1300;1300;9
2006-07-21;21/07/2006;1300;1300;1300;1300;142
2006-07-24;24/07/2006;1300;1300;1300;1300;78
2006-07-25;25/07/2006;1300;1300;1300;1300;178
2006-07-27;27/07/2006;1300;1300;1300;1300;106
2006-08-01;01/08/2006;1300;1300;1300;1300;75
2006-08-03;03/08/2006;1300;1300;1300;1300;10
2006-08-04;04/08/2006;1301;1301;1301;1301;138
2006-08-08;08/08/2006;1301;1301;1301;1301;10
2006-08-10;10/08/2006;1301;1301;1301;1301;163
2006-08-17;17/08/2006;1301;1301;1301;1301;20
2006-08-22;22/08/2006;1301;1301;1301;1301;19
2006-08-30;30/08/2006;1400;1400;1400;1400;8
2006-09-05;05/09/2006;1400;1400;1400;1400;272
2006-09-08;08/09/2006;1400;1400;1400;1400;2
2006-09-11;11/09/2006;1400;1400;1400;1400;70
2006-09-13;13/09/2006;1400;1400;1400;1400;22
2006-09-18;18/09/2006;1400;1400;1400;1400;18
2006-09-19;19/09/2006;1400;1400;1400;1400;2
2006-09-20;20/09/2006;1350;1350;1350;1350;86
2006-09-25;25/09/2006;1350;1350;1350;1350;25
2006-09-29;29/09/2006;1350;1350;1350;1350;8
2006-10-13;13/10/2006;1250;1250;1250;1250;20
2006-10-16;16/10/2006;1250;1250;1250;1250;4
2006-10-20;20/10/2006;1250;1250;1250;1250;13
2006-10-24;24/10/2006;1250;1250;1250;1250;10
2006-10-26;26/10/2006;1250;1250;1250;1250;3
2006-10-27;27/10/2006;1250;1250;1250;1250;10
2006-10-31;31/10/2006;1251;1251;1251;1251;10
2006-11-02;02/11/2006;1250;1250;1250;1250;8
2006-11-03;03/11/2006;1251;1251;1251;1251;26
2006-11-08;08/11/2006;1251;1251;1251;1251;1
2006-11-09;09/11/2006;1251;1251;1251;1251;17
2006-11-13;13/11/2006;1340;1340;1340;1340;13
2006-11-20;20/11/2006;1340;1340;1340;1340;22
2006-11-21;21/11/2006;1340;1340;1340;1340;5
2006-11-24;24/11/2006;1340;1340;1340;1340;21
2006-11-27;27/11/2006;1251;1251;1251;1251;70
2006-11-28;28/11/2006;1250;1250;1250;1250;27
2006-12-05;05/12/2006;1250;1250;1250;1250;9
2006-12-06;06/12/2006;1250;1250;1250;1250;9
2006-12-07;07/12/2006;1250;1250;1250;1250;1
2006-12-08;08/12/2006;1250;1250;1250;1250;20
2006-12-11;11/12/2006;1250;1250;1250;1250;7
2006-12-12;12/12/2006;1250;1250;1250;1250;46
2006-12-26;26/12/2006;1250;1250;1250;1250;5
2006-12-29;29/12/2006;1200;1200;1200;1200;148
2007-01-02;02/01/2007;1200;1200;1200;1200;80
2007-01-03;03/01/2007;1201;1201;1201;1201;123
2007-01-04;04/01/2007;1252;1252;1252;1252;164
2007-01-10;10/01/2007;1251;1251;1251;1251;101
2007-01-18;18/01/2007;1251;1251;1251;1251;12
2007-01-19;19/01/2007;1251;1251;1251;1251;16
2007-01-29;29/01/2007;1300;1300;1300;1300;110
2007-01-30;30/01/2007;1300;1300;1300;1300;65
2007-02-02;02/02/2007;1350;1350;1350;1350;35
2007-02-05;05/02/2007;1350;1350;1350;1350;66
2007-02-07;07/02/2007;1500;1500;1500;1500;4000
2007-02-08;08/02/2007;1500;1500;1500;1500;8
2007-02-09;09/02/2007;1500;1500;1500;1500;85
2007-02-12;12/02/2007;1500;1500;1500;1500;80
2007-02-13;13/02/2007;1450;1450;1450;1450;80
2007-02-14;14/02/2007;1450;1450;1450;1450;44
2007-02-16;16/02/2007;1450;1450;1450;1450;9
2007-02-19;19/02/2007;1450;1450;1450;1450;62
2007-02-20;20/02/2007;1450;1450;1450;1450;1
2007-02-22;22/02/2007;1450;1450;1450;1450;51
2007-02-26;26/02/2007;1450;1450;1450;1450;67
2007-02-28;28/02/2007;1460;1460;1460;1460;36
2007-03-01;01/03/2007;1460;1460;1460;1460;32
2007-03-05;05/03/2007;1461;1461;1461;1461;15
2007-03-06;06/03/2007;1481;1481;1481;1481;35
2007-03-07;07/03/2007;1550;1550;1550;1550;10
2007-03-12;12/03/2007;1400;1400;1400;1400;1715
2007-03-14;14/03/2007;1500;1500;1500;1500;91
2007-03-15;15/03/2007;1450;1450;1450;1450;300
2007-03-19;19/03/2007;1501;1501;1501;1501;2264
2007-03-22;22/03/2007;1510;1510;1510;1510;50
2007-03-26;26/03/2007;1550;1550;1550;1550;50
2007-03-27;27/03/2007;1600;1600;1600;1600;21
2007-03-28;28/03/2007;1720;1720;1720;1720;35
2007-03-29;29/03/2007;1720;1720;1720;1720;30
2007-04-02;02/04/2007;1840;1840;1840;1840;50
2007-04-11;11/04/2007;1840;1840;1840;1840;127
2007-04-12;12/04/2007;1840;1840;1840;1840;442
2007-04-13;13/04/2007;1850;1850;1850;1850;111
2007-04-16;16/04/2007;1950;1950;1950;1950;100
2007-04-17;17/04/2007;1950;1950;1950;1950;228
2007-04-18;18/04/2007;2000;2000;2000;2000;92
2007-04-19;19/04/2007;2015;2015;2015;2015;548
2007-04-20;20/04/2007;2015;2015;2015;2015;16
2007-04-24;24/04/2007;2160;2160;2160;2160;20
2007-04-25;25/04/2007;2300;2300;2300;2300;50
2007-04-26;26/04/2007;2300;2300;2300;2300;151
2007-04-27;27/04/2007;2300;2300;2300;2300;80
2007-04-30;30/04/2007;2290;2290;2290;2290;36
2007-05-02;02/05/2007;2290;2290;2290;2290;20
2007-05-03;03/05/2007;2291;2291;2291;2291;205
2007-05-04;04/05/2007;2291;2291;2291;2291;50
2007-05-07;07/05/2007;2291;2291;2291;2291;22
2007-05-08;08/05/2007;2291;2291;2291;2291;26
2007-05-09;09/05/2007;2291;2291;2291;2291;271
2007-05-10;10/05/2007;2291;2291;2291;2291;22
2007-05-14;14/05/2007;2291;2291;2291;2291;7
2007-05-15;15/05/2007;2292;2292;2292;2292;10
2007-05-16;16/05/2007;2292;2292;2292;2292;10
2007-05-18;18/05/2007;2300;2300;2300;2300;188
2007-05-21;21/05/2007;2300;2300;2300;2300;20
2007-05-23;23/05/2007;2350;2350;2350;2350;78
2007-05-24;24/05/2007;2350;2350;2350;2350;25
2007-05-25;25/05/2007;2350;2350;2350;2350;8
2007-05-31;31/05/2007;2400;2400;2400;2400;13
2007-06-01;01/06/2007;2550;2550;2550;2550;50
2007-06-05;05/06/2007;2670;2670;2670;2670;304
2007-06-06;06/06/2007;2670;2670;2670;2670;46
2007-06-07;07/06/2007;2670;2670;2670;2670;36
2007-06-11;11/06/2007;2670;2670;2670;2670;10
2007-06-15;15/06/2007;2471;2471;2471;2471;48
2007-06-18;18/06/2007;2471;2471;2471;2471;12
2007-06-19;19/06/2007;2471;2471;2471;2471;88
2007-06-20;20/06/2007;2501;2501;2501;2501;25
2007-06-21;21/06/2007;2500;2500;2500;2500;43
2007-06-22;22/06/2007;2500;2500;2500;2500;13
2007-06-25;25/06/2007;2500;2500;2500;2500;79
2007-06-26;26/06/2007;2500;2500;2500;2500;10
2007-06-27;27/06/2007;2670;2670;2670;2670;28
2007-07-02;02/07/2007;2670;2670;2670;2670;200
2007-07-03;03/07/2007;2670;2670;2670;2670;100
2007-07-04;04/07/2007;2670;2670;2670;2670;100
2007-07-05;05/07/2007;2670;2670;2670;2670;129
2007-07-06;06/07/2007;2670;2670;2670;2670;285
2007-07-09;09/07/2007;2670;2670;2670;2670;675
2007-07-10;10/07/2007;2670;2670;2670;2670;298
2007-07-11;11/07/2007;2670;2670;2670;2670;20
2007-07-16;16/07/2007;2300;2300;2300;2300;185
2007-07-17;17/07/2007;2292;2292;2292;2292;127
2007-07-18;18/07/2007;2250;2250;2250;2250;50
2007-07-19;19/07/2007;2251;2251;2251;2251;158
2007-07-20;20/07/2007;2251;2251;2251;2251;133
2007-07-24;24/07/2007;2310;2310;2310;2310;30
2007-07-25;25/07/2007;2310;2310;2310;2310;100
2007-07-26;26/07/2007;2483;2483;2483;2483;200
2007-07-27;27/07/2007;2485;2485;2485;2485;12
2007-07-31;31/07/2007;2500;2500;2500;2500;200
2007-08-01;01/08/2007;2500;2500;2500;2500;200
2007-08-02;02/08/2007;2500;2500;2500;2500;350
2007-08-03;03/08/2007;2500;2500;2500;2500;50
2007-08-08;08/08/2007;2500;2500;2500;2500;234
2007-08-09;09/08/2007;2550;2550;2550;2550;100
2007-08-10;10/08/2007;2551;2551;2551;2551;85
2007-08-13;13/08/2007;2551;2551;2551;2551;12
2007-08-16;16/08/2007;2800;2800;2800;2800;30
2007-08-17;17/08/2007;3001;3001;3001;3001;33
2007-08-20;20/08/2007;3100;3100;3100;3100;25
2007-08-21;21/08/2007;3100;3100;3100;3100;603
2007-08-22;22/08/2007;3001;3001;3001;3001;78
2007-08-23;23/08/2007;3001;3001;3001;3001;225
2007-08-24;24/08/2007;3001;3001;3001;3001;110
2007-08-27;27/08/2007;3090;3090;3090;3090;90
2007-08-28;28/08/2007;3100;3100;3100;3100;25
2007-08-29;29/08/2007;3100;3100;3100;3100;122
2007-08-30;30/08/2007;3000;3000;3000;3000;73
2007-08-31;31/08/2007;3000;3000;3000;3000;120
2007-09-03;03/09/2007;3000;3000;3000;3000;424
2007-09-04;04/09/2007;3000;3000;3000;3000;136
2007-09-05;05/09/2007;3000;3000;3000;3000;17
2007-09-06;06/09/2007;3000;3000;3000;3000;120
2007-09-10;10/09/2007;3000;3000;3000;3000;10
2007-09-13;13/09/2007;3000;3000;3000;3000;15
2007-09-14;14/09/2007;3000;3000;3000;3000;20
2007-09-17;17/09/2007;3000;3000;3000;3000;2
2007-09-19;19/09/2007;2900;2900;2900;2900;11
2007-09-20;20/09/2007;2900;2900;2900;2900;67
2007-09-24;24/09/2007;2900;2900;2900;2900;55
2007-09-25;25/09/2007;2900;2900;2900;2900;50
2007-09-26;26/09/2007;2900;2900;2900;2900;5
2007-09-27;27/09/2007;2800;2800;2800;2800;166
2007-09-28;28/09/2007;2800;2800;2800;2800;5
2007-10-01;01/10/2007;2800;2800;2800;2800;50
2007-10-11;11/10/2007;2800;2800;2800;2800;21122
2007-10-16;16/10/2007;2800;2800;2800;2800;200
2007-10-17;17/10/2007;2820;2820;2820;2820;38
2007-10-18;18/10/2007;2821;2821;2821;2821;10
2007-10-22;22/10/2007;3032;3032;3032;3032;21
2007-10-23;23/10/2007;3090;3090;3090;3090;10
2007-10-24;24/10/2007;3200;3200;3200;3200;487
2007-10-31;31/10/2007;3200;3200;3200;3200;45
2007-11-02;02/11/2007;3000;3000;3000;3000;30
2007-11-06;06/11/2007;3200;3200;3200;3200;300
2007-11-09;09/11/2007;3000;3000;3000;3000;186
2007-11-20;20/11/2007;3000;3000;3000;3000;11
2007-11-22;22/11/2007;3000;3000;3000;3000;25
2007-11-26;26/11/2007;2900;2900;2900;2900;51
2007-11-27;27/11/2007;2850;2850;2850;2850;134
2007-11-28;28/11/2007;2851;2851;2851;2851;110
2007-11-30;30/11/2007;2900;2900;2900;2900;52
2007-12-03;03/12/2007;2900;2900;2900;2900;56
2007-12-04;04/12/2007;2900;2900;2900;2900;53
2007-12-10;10/12/2007;2900;2900;2900;2900;227
2007-12-11;11/12/2007;2900;2900;2900;2900;250
2007-12-12;12/12/2007;2894;2894;2894;2894;225
2007-12-13;13/12/2007;2896;2896;2896;2896;58
2007-12-17;17/12/2007;2910;2910;2910;2910;58
2007-12-18;18/12/2007;2921;2921;2921;2921;18
2007-12-21;21/12/2007;2921;2921;2921;2921;82
2007-12-26;26/12/2007;2920;2920;2920;2920;117
2007-12-27;27/12/2007;2920;2920;2920;2920;552
2007-12-28;28/12/2007;2920;2920;2920;2920;133
2007-12-31;31/12/2007;2920;2920;2920;2920;150
2008-01-04;04/01/2008;2901;2901;2901;2901;206
2008-01-07;07/01/2008;2900;2900;2900;2900;130
2008-01-08;08/01/2008;2900;2900;2900;2900;38
2008-01-10;10/01/2008;2900;2900;2900;2900;5
2008-01-11;11/01/2008;2899;2899;2899;2899;200
2008-01-14;14/01/2008;2899;2899;2899;2899;1000
2008-01-15;15/01/2008;2899;2899;2899;2899;31
2008-01-16;16/01/2008;2897;2897;2897;2897;16
2008-01-17;17/01/2008;2805;2805;2805;2805;253
2008-01-18;18/01/2008;2805;2805;2805;2805;166
2008-01-21;21/01/2008;2805;2805;2805;2805;40
2008-01-22;22/01/2008;2805;2805;2805;2805;58
2008-01-23;23/01/2008;2805;2805;2805;2805;20
2008-01-24;24/01/2008;2805;2805;2805;2805;47
2008-01-25;25/01/2008;2805;2805;2805;2805;115
2008-01-28;28/01/2008;2805;2805;2805;2805;400
2008-01-29;29/01/2008;2805;2805;2805;2805;34
2008-01-30;30/01/2008;2805;2805;2805;2805;3
2008-01-31;31/01/2008;2805;2805;2805;2805;45
2008-02-01;01/02/2008;2805;2805;2805;2805;2800
2008-02-04;04/02/2008;2806;2806;2806;2806;175
2008-02-07;07/02/2008;2806;2806;2806;2806;400
2008-02-08;08/02/2008;3000;3000;3000;3000;103
2008-02-14;14/02/2008;3095;3095;3095;3095;28
2008-02-15;15/02/2008;3095;3095;3095;3095;11746
2008-02-18;18/02/2008;3000;3000;3000;3000;12
2008-02-19;19/02/2008;3000;3000;3000;3000;2487
2008-02-20;20/02/2008;3100;3100;3100;3100;163
2008-02-21;21/02/2008;3101;3101;3101;3101;8495
2008-02-22;22/02/2008;3101;3101;3101;3101;1198
2008-02-25;25/02/2008;3101;3101;3101;3101;117
2008-02-28;28/02/2008;3300;3300;3300;3300;64
2008-03-03;03/03/2008;3300;3300;3300;3300;13
2008-03-06;06/03/2008;3300;3300;3300;3300;84
2008-03-07;07/03/2008;3150;3150;3150;3150;9420
2008-03-10;10/03/2008;3300;3300;3300;3300;41
2008-03-12;12/03/2008;3350;3350;3350;3350;33
2008-03-14;14/03/2008;3350;3350;3350;3350;80
2008-03-17;17/03/2008;3350;3350;3350;3350;24
2008-03-18;18/03/2008;3350;3350;3350;3350;199
2008-03-19;19/03/2008;3350;3350;3350;3350;10
2008-03-21;21/03/2008;3350;3350;3350;3350;15
2008-03-25;25/03/2008;3350;3350;3350;3350;1
2008-03-28;28/03/2008;3400;3400;3400;3400;42
2008-04-01;01/04/2008;3451;3451;3451;3451;29
2008-04-02;02/04/2008;3500;3500;3500;3500;41
2008-04-03;03/04/2008;3501;3501;3501;3501;8
2008-04-04;04/04/2008;3520;3520;3520;3520;22
2008-04-07;07/04/2008;3600;3600;3600;3600;18
2008-04-08;08/04/2008;3800;3800;3800;3800;82
2008-04-09;09/04/2008;3900;3900;3900;3900;25
2008-04-10;10/04/2008;3900;3900;3900;3900;39
2008-04-11;11/04/2008;3800;3800;3800;3800;27
2008-04-14;14/04/2008;3800;3800;3800;3800;10
2008-04-16;16/04/2008;3750;3750;3750;3750;15
2008-04-18;18/04/2008;3800;3800;3800;3800;33
2008-04-22;22/04/2008;3800;3800;3800;3800;225
2008-04-23;23/04/2008;4000;4000;4000;4000;75
2008-04-24;24/04/2008;4000;4000;4000;4000;146
2008-04-25;25/04/2008;3999;3999;3999;3999;59
2008-04-28;28/04/2008;4000;4000;4000;4000;56
2008-04-29;29/04/2008;4000;4000;4000;4000;22
2008-04-30;30/04/2008;3800;3800;3800;3800;11
2008-05-02;02/05/2008;3810;3810;3810;3810;39
2008-05-05;05/05/2008;4000;4000;4000;4000;180
2008-05-07;07/05/2008;4000;4000;4000;4000;159
2008-05-08;08/05/2008;4000;4000;4000;4000;600
2008-05-09;09/05/2008;4000;4000;4000;4000;113
2008-05-13;13/05/2008;3999;3999;3999;3999;87
2008-05-14;14/05/2008;4000;4000;4000;4000;47
2008-05-15;15/05/2008;4000;4000;4000;4000;405
2008-05-16;16/05/2008;4000;4000;4000;4000;49
2008-05-19;19/05/2008;4000;4000;4000;4000;58
2008-05-20;20/05/2008;4000;4000;4000;4000;350
2008-05-21;21/05/2008;4000;4000;4000;4000;131
2008-05-22;22/05/2008;4000;4000;4000;4000;41
2008-05-23;23/05/2008;4001;4001;4001;4001;362
2008-05-27;27/05/2008;4100;4100;4100;4100;176
2008-05-30;30/05/2008;4180;4180;4180;4180;9
2008-06-02;02/06/2008;4180;4180;4180;4180;96
2008-06-04;04/06/2008;4000;4000;4000;4000;142
2008-06-09;09/06/2008;4001;4001;4001;4001;18
2008-06-11;11/06/2008;4005;4005;4005;4005;46
2008-06-13;13/06/2008;4006;4006;4006;4006;115
2008-06-18;18/06/2008;4006;4006;4006;4006;10
2008-06-19;19/06/2008;4008;4008;4008;4008;200
2008-06-23;23/06/2008;4181;4181;4181;4181;245
2008-06-26;26/06/2008;4490;4490;4490;4490;40
2008-06-27;27/06/2008;4491;4491;4491;4491;55
2008-07-01;01/07/2008;4510;4510;4510;4510;22
2008-07-02;02/07/2008;4620;4620;4620;4620;402
2008-07-03;03/07/2008;4960;4960;4960;4960;746
2008-07-04;04/07/2008;5000;5000;5000;5000;497
2008-07-07;07/07/2008;5000;5000;5000;5000;674
2008-07-08;08/07/2008;5051;5051;5051;5051;153
2008-07-09;09/07/2008;5100;5100;5100;5100;228
2008-07-15;15/07/2008;5100;5100;5100;5100;62
2008-07-16;16/07/2008;5100;5100;5100;5100;129
2008-07-18;18/07/2008;5100;5100;5100;5100;59
2008-07-21;21/07/2008;5100;5100;5100;5100;24
2008-07-22;22/07/2008;5099;5099;5099;5099;10
2008-07-23;23/07/2008;5100;5100;5100;5100;40
2008-07-30;30/07/2008;5100;5100;5100;5100;80
2008-07-31;31/07/2008;4990;4990;4990;4990;44
2008-08-01;01/08/2008;4990;4990;4990;4990;6
2008-08-04;04/08/2008;4900;4900;4900;4900;62
2008-08-05;05/08/2008;4899;4899;4899;4899;25
2008-08-08;08/08/2008;4899;4899;4899;4899;45
2008-08-11;11/08/2008;4899;4899;4899;4899;59
2008-08-12;12/08/2008;4800;4800;4800;4800;15
2008-08-13;13/08/2008;4790;4790;4790;4790;84
2008-08-14;14/08/2008;4784;4784;4784;4784;26
2008-08-18;18/08/2008;4784;4784;4784;4784;12
2008-08-19;19/08/2008;4750;4750;4750;4750;87
2008-08-20;20/08/2008;4700;4700;4700;4700;21
2008-08-21;21/08/2008;4599;4599;4599;4599;14
2008-08-22;22/08/2008;4300;4300;4300;4300;125
2008-08-25;25/08/2008;3978;3978;3978;3978;206
2008-08-26;26/08/2008;3978;3978;3978;3978;152
2008-08-27;27/08/2008;3978;3978;3978;3978;279
2008-08-28;28/08/2008;3978;3978;3978;3978;244
2008-08-29;29/08/2008;3978;3978;3978;3978;580
2008-09-01;01/09/2008;3979;3979;3979;3979;713
2008-09-03;03/09/2008;3979;3979;3979;3979;404
2008-09-04;04/09/2008;4100;4100;4100;4100;70
2008-09-05;05/09/2008;4400;4400;4400;4400;15
2008-09-08;08/09/2008;4700;4700;4700;4700;57
2008-09-09;09/09/2008;4700;4700;4700;4700;15
2008-09-10;10/09/2008;4700;4700;4700;4700;2
2008-09-11;11/09/2008;4800;4800;4800;4800;273
2008-09-12;12/09/2008;4900;4900;4900;4900;18
2008-09-15;15/09/2008;4900;4900;4900;4900;300
2008-09-16;16/09/2008;5000;5000;5000;5000;263
2008-09-17;17/09/2008;5100;5100;5100;5100;16
2008-09-18;18/09/2008;5100;5100;5100;5100;123
2008-09-19;19/09/2008;5050;5050;5050;5050;222
2008-09-22;22/09/2008;4800;4800;4800;4800;11
2008-09-25;25/09/2008;4600;4600;4600;4600;14
2008-09-26;26/09/2008;4599;4599;4599;4599;111
2008-09-29;29/09/2008;4599;4599;4599;4599;41
2008-10-01;01/10/2008;4599;4599;4599;4599;6
2008-10-02;02/10/2008;4599;4599;4599;4599;167
2008-10-03;03/10/2008;4590;4590;4590;4590;10
2008-10-06;06/10/2008;4490;4490;4490;4490;201
2008-10-07;07/10/2008;4490;4490;4490;4490;6
2008-10-08;08/10/2008;4490;4490;4490;4490;20
2008-10-09;09/10/2008;4450;4450;4450;4450;17
2008-10-10;10/10/2008;4450;4450;4450;4450;7
2008-10-13;13/10/2008;4400;4400;4400;4400;21
2008-10-15;15/10/2008;4400;4400;4400;4400;10
2008-10-16;16/10/2008;4300;4300;4300;4300;20
2008-10-17;17/10/2008;4300;4300;4300;4300;4
2008-10-22;22/10/2008;4300;4300;4300;4300;1
2008-10-23;23/10/2008;4095;4095;4095;4095;175
2008-10-24;24/10/2008;3800;3800;3800;3800;51
2008-10-27;27/10/2008;3800;3800;3800;3800;1
2008-10-29;29/10/2008;3775;3775;3775;3775;49
2008-10-30;30/10/2008;3492;3492;3492;3492;18
2008-10-31;31/10/2008;3492;3492;3492;3492;9
2008-11-07;07/11/2008;3231;3231;3231;3231;19
2008-11-10;10/11/2008;3231;3231;3231;3231;157
2008-11-11;11/11/2008;3300;3300;3300;3300;174
2008-11-13;13/11/2008;2989;2989;2989;2989;173
2008-11-14;14/11/2008;3000;3000;3000;3000;374
2008-11-17;17/11/2008;3225;3225;3225;3225;449
2008-11-18;18/11/2008;3400;3400;3400;3400;183
2008-11-19;19/11/2008;3400;3400;3400;3400;577
2008-11-20;20/11/2008;3400;3400;3400;3400;124
2008-11-21;21/11/2008;3500;3500;3500;3500;72
2008-11-24;24/11/2008;3600;3600;3600;3600;100
2008-11-25;25/11/2008;3600;3600;3600;3600;29
2008-11-26;26/11/2008;3420;3420;3420;3420;170
2008-11-28;28/11/2008;3400;3400;3400;3400;47
2008-12-02;02/12/2008;2910;2910;2910;2910;85
2008-12-03;03/12/2008;2900;2900;2900;2900;23
2008-12-04;04/12/2008;2900;2900;2900;2900;204
2008-12-05;05/12/2008;2898;2898;2898;2898;147
2008-12-09;09/12/2008;2700;2700;2700;2700;21
2008-12-10;10/12/2008;2700;2700;2700;2700;106
2008-12-12;12/12/2008;2311;2311;2311;2311;575
2008-12-15;15/12/2008;2200;2200;2200;2200;120
2008-12-16;16/12/2008;2200;2200;2200;2200;317
2008-12-17;17/12/2008;2365;2365;2365;2365;81
2008-12-22;22/12/2008;2937;2937;2937;2937;391
2008-12-23;23/12/2008;3157;3157;3157;3157;65
2008-12-24;24/12/2008;3100;3100;3100;3100;160
2008-12-29;29/12/2008;2868;2868;2868;2868;51
2008-12-30;30/12/2008;3083;3083;3083;3083;57
2008-12-31;31/12/2008;3314;3314;3314;3314;1735
2009-01-02;02/01/2009;3314;3314;3314;3314;14
2009-01-05;05/01/2009;3314;3314;3314;3314;28
2009-01-06;06/01/2009;3065;3065;3065;3065;9
2009-01-07;07/01/2009;3065;3065;3065;3065;61
2009-01-08;08/01/2009;3040;3040;3040;3040;72
2009-01-09;09/01/2009;3040;3040;3040;3040;2
2009-01-12;12/01/2009;3040;3040;3040;3040;3
2009-01-13;13/01/2009;3040;3040;3040;3040;7
2009-01-14;14/01/2009;3040;3040;3040;3040;10
2009-01-15;15/01/2009;3035;3035;3035;3035;16
2009-01-16;16/01/2009;3263;3263;3263;3263;341
2009-01-19;19/01/2009;3250;3250;3250;3250;29
2009-01-20;20/01/2009;3250;3250;3250;3250;22
2009-01-21;21/01/2009;3250;3250;3250;3250;719
2009-01-22;22/01/2009;3230;3230;3230;3230;50
2009-01-23;23/01/2009;3239;3239;3239;3239;10
2009-01-28;28/01/2009;3000;3000;3000;3000;10
2009-01-29;29/01/2009;2999;2999;2999;2999;44
2009-02-02;02/02/2009;2999;2999;2999;2999;20
2009-02-03;03/02/2009;2999;2999;2999;2999;3
2009-02-04;04/02/2009;2999;2999;2999;2999;22
2009-02-05;05/02/2009;2900;2900;2900;2900;50
2009-02-06;06/02/2009;2800;2800;2800;2800;14
2009-02-09;09/02/2009;2800;2800;2800;2800;25
2009-02-10;10/02/2009;2800;2800;2800;2800;59
2009-02-11;11/02/2009;2700;2700;2700;2700;10
2009-02-12;12/02/2009;2650;2650;2650;2650;21
2009-02-16;16/02/2009;2650;2650;2650;2650;24
2009-02-19;19/02/2009;2600;2600;2600;2600;8
2009-02-20;20/02/2009;2405;2405;2405;2405;510
2009-02-23;23/02/2009;2390;2390;2390;2390;172
2009-02-24;24/02/2009;2300;2300;2300;2300;58
2009-02-25;25/02/2009;2245;2245;2245;2245;69
2009-02-26;26/02/2009;2220;2220;2220;2220;560
2009-02-27;27/02/2009;2200;2200;2200;2200;45
2009-03-02;02/03/2009;2150;2150;2150;2150;65
2009-03-03;03/03/2009;2160;2160;2160;2160;191
2009-03-04;04/03/2009;2150;2150;2150;2150;14
2009-03-05;05/03/2009;2300;2300;2300;2300;7797
2009-03-06;06/03/2009;2150;2150;2150;2150;164
2009-03-10;10/03/2009;2150;2150;2150;2150;120
2009-03-11;11/03/2009;2150;2150;2150;2150;40
2009-03-12;12/03/2009;2150;2150;2150;2150;150
2009-03-13;13/03/2009;2150;2150;2150;2150;110
2009-03-18;18/03/2009;2050;2050;2050;2050;23
2009-03-19;19/03/2009;1990;1990;1990;1990;66
2009-03-20;20/03/2009;1898;1898;1898;1898;13
2009-03-23;23/03/2009;1897;1897;1897;1897;9
2009-03-24;24/03/2009;1898;1898;1898;1898;9
2009-03-25;25/03/2009;1800;1800;1800;1800;814
2009-03-26;26/03/2009;1750;1750;1750;1750;33
2009-03-27;27/03/2009;1750;1750;1750;1750;20
2009-03-30;30/03/2009;1800;1800;1800;1800;37
2009-03-31;31/03/2009;1800;1800;1800;1800;460
2009-04-01;01/04/2009;1800;1800;1800;1800;220
2009-04-02;02/04/2009;1760;1760;1760;1760;20
2009-04-03;03/04/2009;1800;1800;1800;1800;250
2009-04-06;06/04/2009;1800;1800;1800;1800;26
2009-04-07;07/04/2009;1800;1800;1800;1800;53
2009-04-08;08/04/2009;1800;1800;1800;1800;10
2009-04-09;09/04/2009;1700;1700;1700;1700;42
2009-04-14;14/04/2009;1700;1700;1700;1700;18
2009-04-15;15/04/2009;1699;1699;1699;1699;112
2009-04-17;17/04/2009;1699;1699;1699;1699;18
2009-04-21;21/04/2009;1700;1700;1700;1700;384
2009-04-23;23/04/2009;1700;1700;1700;1700;86
2009-04-24;24/04/2009;1700;1700;1700;1700;30
2009-04-29;29/04/2009;1700;1700;1700;1700;60
2009-04-30;30/04/2009;1699;1699;1699;1699;65
2009-05-05;05/05/2009;1572;1572;1572;1572;10
2009-05-08;08/05/2009;1572;1572;1572;1572;14
2009-05-11;11/05/2009;1500;1500;1500;1500;11
2009-05-12;12/05/2009;1500;1500;1500;1500;25
2009-05-13;13/05/2009;1499;1499;1499;1499;27
2009-05-15;15/05/2009;1498;1498;1498;1498;45
2009-05-18;18/05/2009;1498;1498;1498;1498;62
2009-05-19;19/05/2009;1498;1498;1498;1498;25
2009-05-20;20/05/2009;1498;1498;1498;1498;60
2009-05-22;22/05/2009;1498;1498;1498;1498;5
2009-05-25;25/05/2009;1390;1390;1390;1390;52
2009-05-26;26/05/2009;1300;1300;1300;1300;249
2009-05-27;27/05/2009;1300;1300;1300;1300;93
2009-05-28;28/05/2009;1300;1300;1300;1300;213
2009-05-29;29/05/2009;1301;1301;1301;1301;578
2009-06-02;02/06/2009;1301;1301;1301;1301;5
2009-06-08;08/06/2009;1401;1401;1401;1401;17
2009-06-09;09/06/2009;1450;1450;1450;1450;86
2009-06-10;10/06/2009;1452;1452;1452;1452;120
2009-06-11;11/06/2009;1500;1500;1500;1500;62
2009-06-12;12/06/2009;1510;1510;1510;1510;182
2009-06-17;17/06/2009;1623;1623;1623;1623;10
2009-06-19;19/06/2009;1870;1870;1870;1870;15
2009-06-22;22/06/2009;2010;2010;2010;2010;8
2009-06-23;23/06/2009;2100;2100;2100;2100;595
2009-06-24;24/06/2009;2250;2250;2250;2250;289
2009-06-25;25/06/2009;2400;2400;2400;2400;100
2009-06-26;26/06/2009;2580;2580;2580;2580;300
2009-06-29;29/06/2009;2600;2600;2600;2600;50
2009-06-30;30/06/2009;2700;2700;2700;2700;346
2009-07-01;01/07/2009;2700;2700;2700;2700;4
2009-07-02;02/07/2009;2669;2669;2669;2669;33
2009-07-06;06/07/2009;2499;2499;2499;2499;25
2009-07-07;07/07/2009;2312;2312;2312;2312;58
2009-07-10;10/07/2009;2200;2200;2200;2200;158
2009-07-13;13/07/2009;2035;2035;2035;2035;87
2009-07-14;14/07/2009;2000;2000;2000;2000;247
2009-07-15;15/07/2009;2000;2000;2000;2000;305
2009-07-20;20/07/2009;2000;2000;2000;2000;217
2009-07-21;21/07/2009;2002;2002;2002;2002;36
2009-07-22;22/07/2009;2100;2100;2100;2100;210
2009-07-23;23/07/2009;2018;2018;2018;2018;10
2009-07-29;29/07/2009;1900;1900;1900;1900;95
2009-07-30;30/07/2009;1980;1980;1980;1980;68
2009-07-31;31/07/2009;1980;1980;1980;1980;315
2009-08-03;03/08/2009;1980;1980;1980;1980;30
2009-08-04;04/08/2009;1980;1980;1980;1980;9
2009-08-05;05/08/2009;1980;1980;1980;1980;112
2009-08-06;06/08/2009;2010;2010;2010;2010;44
2009-08-11;11/08/2009;2000;2000;2000;2000;75
2009-08-12;12/08/2009;2000;2000;2000;2000;23
2009-08-13;13/08/2009;2000;2000;2000;2000;5
2009-08-14;14/08/2009;1900;1900;1900;1900;60
2009-08-17;17/08/2009;1900;1900;1900;1900;30
2009-08-19;19/08/2009;1898;1898;1898;1898;170
2009-08-20;20/08/2009;1898;1898;1898;1898;267
2009-08-21;21/08/2009;1898;1898;1898;1898;63
2009-08-25;25/08/2009;1898;1898;1898;1898;6
2009-08-26;26/08/2009;1950;1950;1950;1950;37
2009-08-27;27/08/2009;2000;2000;2000;2000;210
2009-08-28;28/08/2009;2000;2000;2000;2000;182
2009-08-31;31/08/2009;1898;1898;1898;1898;45
2009-09-01;01/09/2009;1880;1880;1880;1880;22
2009-09-02;02/09/2009;1880;1880;1880;1880;4
2009-09-03;03/09/2009;1880;1880;1880;1880;15
2009-09-04;04/09/2009;1850;1850;1850;1850;141
2009-09-08;08/09/2009;1800;1800;1800;1800;50
2009-09-09;09/09/2009;1800;1800;1800;1800;227
2009-09-10;10/09/2009;1800;1800;1800;1800;167
2009-09-11;11/09/2009;1699;1699;1699;1699;50
2009-09-14;14/09/2009;1598;1598;1598;1598;85
2009-09-16;16/09/2009;1590;1590;1590;1590;61
2009-09-21;21/09/2009;1520;1520;1520;1520;8
2009-09-22;22/09/2009;1510;1510;1510;1510;61
2009-09-23;23/09/2009;1510;1510;1510;1510;42
2009-09-24;24/09/2009;1510;1510;1510;1510;775
2009-09-25;25/09/2009;1500;1500;1500;1500;1100
2009-09-28;28/09/2009;1500;1500;1500;1500;89
2009-09-29;29/09/2009;1550;1550;1550;1550;100
2009-10-05;05/10/2009;1551;1551;1551;1551;151
2009-10-06;06/10/2009;1600;1600;1600;1600;108
2009-10-07;07/10/2009;1600;1600;1600;1600;207
2009-10-09;09/10/2009;1600;1600;1600;1600;21
2009-10-12;12/10/2009;1600;1600;1600;1600;22
2009-10-13;13/10/2009;1600;1600;1600;1600;5
2009-10-16;16/10/2009;1700;1700;1700;1700;27
2009-10-20;20/10/2009;1700;1700;1700;1700;27
2009-10-21;21/10/2009;1700;1700;1700;1700;122
2009-10-26;26/10/2009;1700;1700;1700;1700;32
2009-10-27;27/10/2009;1700;1700;1700;1700;53
2009-10-28;28/10/2009;1700;1700;1700;1700;10
2009-11-03;03/11/2009;1600;1600;1600;1600;37
2009-11-04;04/11/2009;1600;1600;1600;1600;24
2009-11-05;05/11/2009;1600;1600;1600;1600;46
2009-11-06;06/11/2009;1600;1600;1600;1600;13
2009-11-09;09/11/2009;1600;1600;1600;1600;50
2009-11-10;10/11/2009;1500;1500;1500;1500;579
2009-11-11;11/11/2009;1500;1500;1500;1500;119
2009-11-12;12/11/2009;1600;1600;1600;1600;30
2009-11-13;13/11/2009;1600;1600;1600;1600;13
2009-11-17;17/11/2009;1621;1621;1621;1621;364
2009-11-18;18/11/2009;1715;1715;1715;1715;600
2009-11-19;19/11/2009;1720;1720;1720;1720;100
2009-11-20;20/11/2009;1800;1800;1800;1800;200
2009-11-23;23/11/2009;1800;1800;1800;1800;50
2009-11-24;24/11/2009;1800;1800;1800;1800;121
2009-11-25;25/11/2009;1800;1800;1800;1800;4
2009-11-26;26/11/2009;1800;1800;1800;1800;19
2009-11-30;30/11/2009;1800;1800;1800;1800;5
2009-12-01;01/12/2009;1800;1800;1800;1800;36
2009-12-04;04/12/2009;1800;1800;1800;1800;34
2009-12-08;08/12/2009;1900;1900;1900;1900;1000
2009-12-17;17/12/2009;1800;1800;1800;1800;8
2009-12-18;18/12/2009;1800;1800;1800;1800;50
2009-12-23;23/12/2009;1890;1890;1890;1890;85
2009-12-24;24/12/2009;1890;1890;1890;1890;40
2009-12-29;29/12/2009;1890;1890;1890;1890;4
2009-12-31;31/12/2009;1800;1800;1800;1800;78
2010-01-08;08/01/2010;1800;1800;1800;1800;145
2010-01-11;11/01/2010;1800;1800;1800;1800;10
2010-01-13;13/01/2010;1794;1794;1794;1794;36
2010-01-18;18/01/2010;1540;1540;1540;1540;75
2010-01-19;19/01/2010;1540;1540;1540;1540;282
2010-01-20;20/01/2010;1540;1540;1540;1540;445
2010-01-21;21/01/2010;1541;1541;1541;1541;22
2010-01-22;22/01/2010;1540;1540;1540;1540;612
2010-01-26;26/01/2010;1540;1540;1540;1540;91
2010-01-27;27/01/2010;1540;1540;1540;1540;5
2010-01-29;29/01/2010;1540;1540;1540;1540;31
2010-02-01;01/02/2010;1540;1540;1540;1540;127
2010-02-02;02/02/2010;1450;1450;1450;1450;85
2010-02-03;03/02/2010;1541;1541;1541;1541;68
2010-02-04;04/02/2010;1541;1541;1541;1541;27
2010-02-05;05/02/2010;1541;1541;1541;1541;328
2010-02-09;09/02/2010;1541;1541;1541;1541;101
2010-02-10;10/02/2010;1541;1541;1541;1541;72
2010-02-11;11/02/2010;1541;1541;1541;1541;2
2010-02-15;15/02/2010;1550;1550;1550;1550;17
2010-02-16;16/02/2010;1535;1535;1535;1535;92
2010-02-17;17/02/2010;1550;1550;1550;1550;50
2010-02-18;18/02/2010;1550;1550;1550;1550;248
2010-02-19;19/02/2010;1550;1550;1550;1550;367
2010-02-22;22/02/2010;1550;1550;1550;1550;1201
2010-02-23;23/02/2010;1551;1551;1551;1551;88
2010-02-24;24/02/2010;1551;1551;1551;1551;167
2010-02-25;25/02/2010;1551;1551;1551;1551;65
2010-03-01;01/03/2010;1551;1551;1551;1551;100
2010-03-02;02/03/2010;1551;1551;1551;1551;45
2010-03-03;03/03/2010;1551;1551;1551;1551;50
2010-03-04;04/03/2010;1551;1551;1551;1551;10
2010-03-05;05/03/2010;1551;1551;1551;1551;115
2010-03-08;08/03/2010;1600;1600;1600;1600;34
2010-03-09;09/03/2010;1600;1600;1600;1600;10
2010-03-10;10/03/2010;1600;1600;1600;1600;5035
2010-03-15;15/03/2010;1720;1720;1720;1720;10
2010-03-16;16/03/2010;1794;1794;1794;1794;329
2010-03-17;17/03/2010;1794;1794;1794;1794;213
2010-03-18;18/03/2010;1794;1794;1794;1794;156
2010-03-19;19/03/2010;1795;1795;1795;1795;1673
2010-03-22;22/03/2010;1795;1795;1795;1795;1773
2010-03-23;23/03/2010;1795;1795;1795;1795;120
2010-03-24;24/03/2010;1795;1795;1795;1795;10
2010-03-25;25/03/2010;1794;1794;1794;1794;110
2010-03-26;26/03/2010;1794;1794;1794;1794;24480
2010-03-30;30/03/2010;1794;1794;1794;1794;3
2010-04-01;01/04/2010;1794;1794;1794;1794;20
2010-04-02;02/04/2010;1794;1794;1794;1794;70
2010-04-06;06/04/2010;1795;1795;1795;1795;14
2010-04-07;07/04/2010;1795;1795;1795;1795;371
2010-04-08;08/04/2010;1802;1802;1802;1802;18
2010-04-09;09/04/2010;1810;1810;1810;1810;25
2010-04-12;12/04/2010;1810;1810;1810;1810;588
2010-04-13;13/04/2010;1810;1810;1810;1810;3542
2010-04-14;14/04/2010;1810;1810;1810;1810;2805
2010-04-15;15/04/2010;1810;1810;1810;1810;32
2010-04-19;19/04/2010;1800;1800;1800;1800;92
2010-04-20;20/04/2010;1805;1805;1805;1805;58
2010-04-21;21/04/2010;1805;1805;1805;1805;137
2010-04-22;22/04/2010;1810;1810;1810;1810;347
2010-04-23;23/04/2010;1800;1800;1800;1800;135
2010-04-26;26/04/2010;1794;1794;1794;1794;2874
2010-04-27;27/04/2010;1794;1794;1794;1794;71
2010-04-28;28/04/2010;1794;1794;1794;1794;2431
2010-04-29;29/04/2010;1800;1800;1800;1800;71
2010-05-03;03/05/2010;1800;1800;1800;1800;2135
2010-05-04;04/05/2010;1800;1800;1800;1800;125
2010-05-05;05/05/2010;1800;1800;1800;1800;717
2010-05-06;06/05/2010;1800;1800;1800;1800;25
2010-05-07;07/05/2010;1800;1800;1800;1800;137
2010-05-10;10/05/2010;1800;1800;1800;1800;139
2010-05-11;11/05/2010;1800;1800;1800;1800;48
2010-05-12;12/05/2010;1800;1800;1800;1800;69
2010-05-14;14/05/2010;1800;1800;1800;1800;80
2010-05-17;17/05/2010;1800;1800;1800;1800;651
2010-05-18;18/05/2010;1800;1800;1800;1800;149
2010-05-19;19/05/2010;1800;1800;1800;1800;818
2010-05-21;21/05/2010;1850;1850;1850;1850;78
2010-05-25;25/05/2010;1850;1850;1850;1850;10
2010-05-27;27/05/2010;1851;1851;1851;1851;31
2010-05-28;28/05/2010;1851;1851;1851;1851;58
2010-06-01;01/06/2010;1990;1990;1990;1990;9
2010-06-02;02/06/2010;2000;2000;2000;2000;165
2010-06-03;03/06/2010;2149;2149;2149;2149;250
2010-06-04;04/06/2010;2149;2149;2149;2149;52
2010-06-07;07/06/2010;1988;1988;1988;1988;9
2010-06-08;08/06/2010;2137;2137;2137;2137;4413
2010-06-10;10/06/2010;2101;2101;2101;2101;113
2010-06-11;11/06/2010;2150;2150;2150;2150;70
2010-06-14;14/06/2010;2150;2150;2150;2150;80
2010-06-15;15/06/2010;2311;2311;2311;2311;40
2010-06-16;16/06/2010;2290;2290;2290;2290;44
2010-06-17;17/06/2010;2290;2290;2290;2290;67
2010-06-18;18/06/2010;2320;2320;2320;2320;80
2010-06-21;21/06/2010;2320;2320;2320;2320;210
2010-06-22;22/06/2010;2320;2320;2320;2320;116
2010-06-24;24/06/2010;2319;2319;2319;2319;110
2010-06-25;25/06/2010;2200;2200;2200;2200;84
2010-06-28;28/06/2010;2320;2320;2320;2320;409
2010-06-29;29/06/2010;2350;2350;2350;2350;159
2010-06-30;30/06/2010;2300;2300;2300;2300;143
2010-07-02;02/07/2010;2350;2350;2350;2350;160
2010-07-05;05/07/2010;2350;2350;2350;2350;68
2010-07-06;06/07/2010;2370;2370;2370;2370;52
2010-07-07;07/07/2010;2400;2400;2400;2400;242
2010-07-09;09/07/2010;2400;2400;2400;2400;40
2010-07-12;12/07/2010;2400;2400;2400;2400;94
2010-07-14;14/07/2010;2395;2395;2395;2395;104
2010-07-15;15/07/2010;2405;2405;2405;2405;97
2010-07-16;16/07/2010;2500;2500;2500;2500;24
2010-07-19;19/07/2010;2501;2501;2501;2501;108
2010-07-20;20/07/2010;2501;2501;2501;2501;55
2010-07-21;21/07/2010;2510;2510;2510;2510;45
2010-07-23;23/07/2010;2510;2510;2510;2510;60
2010-07-27;27/07/2010;2420;2420;2420;2420;31
2010-07-29;29/07/2010;2421;2421;2421;2421;64
2010-07-30;30/07/2010;2500;2500;2500;2500;140
2010-08-02;02/08/2010;2500;2500;2500;2500;395
2010-08-03;03/08/2010;2500;2500;2500;2500;78
2010-08-04;04/08/2010;2502;2502;2502;2502;8
2010-08-05;05/08/2010;2500;2500;2500;2500;291
2010-08-06;06/08/2010;2531;2531;2531;2531;68
2010-08-09;09/08/2010;2660;2660;2660;2660;18
2010-08-10;10/08/2010;2750;2750;2750;2750;29
2010-08-11;11/08/2010;2750;2750;2750;2750;165
2010-08-12;12/08/2010;2760;2760;2760;2760;1324
2010-08-13;13/08/2010;2771;2771;2771;2771;41
2010-08-16;16/08/2010;2790;2790;2790;2790;128
2010-08-17;17/08/2010;2800;2800;2800;2800;70
2010-08-18;18/08/2010;2800;2800;2800;2800;426
2010-08-19;19/08/2010;2600;2600;2600;2600;132
2010-08-20;20/08/2010;2520;2520;2520;2520;423
2010-08-23;23/08/2010;2350;2350;2350;2350;228
2010-08-24;24/08/2010;2350;2350;2350;2350;413
2010-08-26;26/08/2010;2510;2510;2510;2510;51
2010-08-30;30/08/2010;2900;2900;2900;2900;164
2010-09-02;02/09/2010;3300;3300;3300;3300;176
2010-09-03;03/09/2010;3300;3300;3300;3300;485
2010-09-07;07/09/2010;3053;3053;3053;3053;429
2010-09-08;08/09/2010;3053;3053;3053;3053;90
2010-09-09;09/09/2010;3020;3020;3020;3020;84
2010-09-13;13/09/2010;3000;3000;3000;3000;210
2010-09-15;15/09/2010;2900;2900;2900;2900;564
2010-09-16;16/09/2010;2900;2900;2900;2900;147
2010-09-17;17/09/2010;2900;2900;2900;2900;5
2010-09-20;20/09/2010;2850;2850;2850;2850;172
2010-09-21;21/09/2010;2700;2700;2700;2700;60
2010-09-22;22/09/2010;2800;2800;2800;2800;150
2010-09-23;23/09/2010;2800;2800;2800;2800;282
2010-09-24;24/09/2010;2751;2751;2751;2751;20
2010-09-27;27/09/2010;2700;2700;2700;2700;3038
2010-09-28;28/09/2010;2710;2710;2710;2710;225
2010-09-29;29/09/2010;2711;2711;2711;2711;10
2010-10-01;01/10/2010;2711;2711;2711;2711;18
2010-10-04;04/10/2010;2900;2900;2900;2900;10
2010-10-05;05/10/2010;3000;3000;3000;3000;250
2010-10-06;06/10/2010;2800;2800;2800;2800;190
2010-10-07;07/10/2010;2800;2800;2800;2800;351
2010-10-08;08/10/2010;2800;2800;2800;2800;392
2010-10-11;11/10/2010;2750;2750;2750;2750;70
2010-10-12;12/10/2010;2760;2760;2760;2760;88
2010-10-13;13/10/2010;2800;2800;2800;2800;23
2010-10-14;14/10/2010;2802;2802;2802;2802;26
2010-10-15;15/10/2010;2951;2951;2951;2951;8
2010-10-18;18/10/2010;2940;2940;2940;2940;53
2010-10-19;19/10/2010;2800;2800;2800;2800;206
2010-10-20;20/10/2010;2900;2900;2900;2900;8
2010-10-21;21/10/2010;2940;2940;2940;2940;10
2010-10-22;22/10/2010;2950;2950;2950;2950;80
2010-10-25;25/10/2010;2850;2850;2850;2850;88
2010-10-26;26/10/2010;2850;2850;2850;2850;6
2010-10-28;28/10/2010;2940;2940;2940;2940;277
2010-10-29;29/10/2010;3150;3150;3150;3150;932
2010-11-02;02/11/2010;3200;3200;3200;3200;20
2010-11-03;03/11/2010;3210;3210;3210;3210;55
2010-11-04;04/11/2010;3200;3200;3200;3200;99
2010-11-05;05/11/2010;3399;3399;3399;3399;156
2010-11-08;08/11/2010;3399;3399;3399;3399;23
2010-11-09;09/11/2010;3398;3398;3398;3398;18
2010-11-10;10/11/2010;3144;3144;3144;3144;18
2010-11-11;11/11/2010;3370;3370;3370;3370;228
2010-11-12;12/11/2010;3120;3120;3120;3120;35
2010-11-17;17/11/2010;3140;3140;3140;3140;65
2010-11-18;18/11/2010;3140;3140;3140;3140;73
2010-11-19;19/11/2010;3140;3140;3140;3140;72
2010-11-22;22/11/2010;3140;3140;3140;3140;150
2010-11-23;23/11/2010;3140;3140;3140;3140;357
2010-11-24;24/11/2010;3140;3140;3140;3140;135
2010-11-26;26/11/2010;3140;3140;3140;3140;15
2010-11-29;29/11/2010;3140;3140;3140;3140;80
2010-11-30;30/11/2010;3010;3010;3010;3010;50
2010-12-01;01/12/2010;3010;3010;3010;3010;112
2010-12-02;02/12/2010;3010;3010;3010;3010;1
2010-12-06;06/12/2010;3010;3010;3010;3010;90
2010-12-08;08/12/2010;3000;3000;3000;3000;53
2010-12-10;10/12/2010;2800;2800;2800;2800;45
2010-12-13;13/12/2010;2800;2800;2800;2800;214
2010-12-15;15/12/2010;2800;2800;2800;2800;443
2010-12-16;16/12/2010;3000;3000;3000;3000;30
2010-12-17;17/12/2010;2800;2800;2800;2800;25
2010-12-20;20/12/2010;3000;3000;3000;3000;143
2010-12-21;21/12/2010;3000;3000;3000;3000;15
2010-12-23;23/12/2010;3000;3000;3000;3000;48
2010-12-24;24/12/2010;3000;3000;3000;3000;25
2010-12-27;27/12/2010;3000;3000;3000;3000;55
2010-12-28;28/12/2010;2949;2949;2949;2949;69
2010-12-29;29/12/2010;2900;2900;2900;2900;170
2010-12-30;30/12/2010;2800;2800;2800;2800;108
2010-12-31;31/12/2010;2800;2800;2800;2800;40
2011-01-03;03/01/2011;2800;2800;2800;2800;74
2011-01-04;04/01/2011;2811;2811;2811;2811;230
2011-01-05;05/01/2011;2811;2811;2811;2811;10
2011-01-06;06/01/2011;2900;2900;2900;2900;10
2011-01-07;07/01/2011;2901;2901;2901;2901;999
2011-01-10;10/01/2011;2901;2901;2901;2901;46
2011-01-11;11/01/2011;2911;2911;2911;2911;222
2011-01-12;12/01/2011;2911;2911;2911;2911;122
2011-01-13;13/01/2011;2917;2917;2917;2917;45
2011-01-14;14/01/2011;3050;3050;3050;3050;82
2011-01-17;17/01/2011;3130;3130;3130;3130;169
2011-01-18;18/01/2011;3135;3135;3135;3135;195
2011-01-19;19/01/2011;3101;3101;3101;3101;36
2011-01-20;20/01/2011;3100;3100;3100;3100;20
2011-01-21;21/01/2011;3151;3151;3151;3151;63
2011-01-24;24/01/2011;3151;3151;3151;3151;45
2011-01-26;26/01/2011;3290;3290;3290;3290;57
2011-01-31;31/01/2011;3120;3120;3120;3120;35
2011-02-01;01/02/2011;3150;3150;3150;3150;72
2011-02-02;02/02/2011;3150;3150;3150;3150;1158
2011-02-03;03/02/2011;3150;3150;3150;3150;813
2011-02-07;07/02/2011;3150;3150;3150;3150;28
2011-02-08;08/02/2011;3150;3150;3150;3150;54
2011-02-10;10/02/2011;3150;3150;3150;3150;344
2011-02-11;11/02/2011;3000;3000;3000;3000;81
2011-05-06;06/05/2011;3000;3000;3000;3000;9
2011-05-09;09/05/2011;3001;3001;3001;3001;209
2011-05-10;10/05/2011;3000;3000;3000;3000;30
2011-05-11;11/05/2011;3000;3000;3000;3000;500
2011-05-12;12/05/2011;3000;3000;3000;3000;232
2011-05-20;20/05/2011;2800;2800;2800;2800;59
2011-06-01;01/06/2011;4000;4000;4000;4000;136
2011-06-03;03/06/2011;4200;4200;4200;4200;48
2011-06-06;06/06/2011;4000;4000;4000;4000;464
2011-06-10;10/06/2011;4400;4400;4400;4400;1609
2011-06-14;14/06/2011;4550;4550;4550;4550;641
2011-06-15;15/06/2011;4605;4605;4605;4605;1034
2011-06-16;16/06/2011;4880;4880;4880;4880;634
2011-06-17;17/06/2011;4514;4514;4514;4514;507
2011-06-20;20/06/2011;4500;4500;4500;4500;109
2011-06-21;21/06/2011;4500;4500;4500;4500;632
2011-06-22;22/06/2011;4600;4600;4600;4600;1109
2011-06-24;24/06/2011;3485;3485;3485;3485;10
2011-06-27;27/06/2011;3300;3300;3300;3300;210
2011-06-28;28/06/2011;3400;3400;3400;3400;66
2011-06-29;29/06/2011;3450;3450;3450;3450;168
2011-06-30;30/06/2011;3450;3450;3450;3450;7
2011-07-01;01/07/2011;3440;3440;3440;3440;353
2011-07-04;04/07/2011;3400;3400;3400;3400;105
2011-07-05;05/07/2011;3300;3300;3300;3300;794
2011-07-06;06/07/2011;3300;3300;3300;3300;862
2011-07-07;07/07/2011;3200;3200;3200;3200;25
2011-07-08;08/07/2011;3300;3300;3300;3300;628
2011-07-11;11/07/2011;3440;3440;3440;3440;9
2011-07-12;12/07/2011;3451;3451;3451;3451;84
2011-07-13;13/07/2011;3500;3500;3500;3500;23
2011-07-14;14/07/2011;3500;3500;3500;3500;56
2011-07-18;18/07/2011;3510;3510;3510;3510;1432
2011-07-20;20/07/2011;3500;3500;3500;3500;111
2011-07-21;21/07/2011;3510;3510;3510;3510;682
2011-07-25;25/07/2011;3570;3570;3570;3570;8
2011-07-26;26/07/2011;3773;3773;3773;3773;10
2011-07-27;27/07/2011;4000;4000;4000;4000;40
2011-07-28;28/07/2011;4000;4000;4000;4000;52
2011-07-29;29/07/2011;3999;3999;3999;3999;20
2011-08-02;02/08/2011;3950;3950;3950;3950;252
2011-08-04;04/08/2011;4000;4000;4000;4000;5744
2011-08-05;05/08/2011;4000;4000;4000;4000;1300
2011-08-10;10/08/2011;3750;3750;3750;3750;30
2011-08-11;11/08/2011;3750;3750;3750;3750;652
2011-08-12;12/08/2011;3750;3750;3750;3750;201
2011-08-17;17/08/2011;3600;3600;3600;3600;286
2011-08-19;19/08/2011;3600;3600;3600;3600;39
2011-08-22;22/08/2011;3600;3600;3600;3600;163
2011-08-23;23/08/2011;3600;3600;3600;3600;36
2011-08-24;24/08/2011;3631;3631;3631;3631;65
2011-08-25;25/08/2011;3631;3631;3631;3631;32
2011-08-26;26/08/2011;3650;3650;3650;3650;597
2011-08-29;29/08/2011;3651;3651;3651;3651;20
2011-08-31;31/08/2011;3700;3700;3700;3700;302
2011-09-01;01/09/2011;3720;3720;3720;3720;80
2011-09-02;02/09/2011;3810;3810;3810;3810;10
2011-09-05;05/09/2011;3805;3805;3805;3805;20
2011-09-06;06/09/2011;3700;3700;3700;3700;10788
2011-09-07;07/09/2011;3700;3700;3700;3700;2468
2011-09-08;08/09/2011;3700;3700;3700;3700;6856
2011-09-09;09/09/2011;3710;3710;3710;3710;718
2011-09-12;12/09/2011;3900;3900;3900;3900;14
2011-09-14;14/09/2011;3901;3901;3901;3901;110
2011-09-15;15/09/2011;3900;3900;3900;3900;63
2011-09-19;19/09/2011;3900;3900;3900;3900;34
2011-09-20;20/09/2011;3900;3900;3900;3900;5
2011-09-21;21/09/2011;3880;3880;3880;3880;11
2011-09-22;22/09/2011;3880;3880;3880;3880;8
2011-09-23;23/09/2011;3800;3800;3800;3800;65
2011-09-26;26/09/2011;4000;4000;4000;4000;394
2011-09-27;27/09/2011;3990;3990;3990;3990;105
2011-09-28;28/09/2011;3990;3990;3990;3990;80
2011-09-29;29/09/2011;3800;3800;3800;3800;74
2011-09-30;30/09/2011;3900;3900;3900;3900;221
2011-10-03;03/10/2011;3850;3850;3850;3850;114
2011-10-04;04/10/2011;4000;4000;4000;4000;322
2011-10-05;05/10/2011;4000;4000;4000;4000;340
2011-10-07;07/10/2011;4200;4200;4200;4200;310
2011-10-10;10/10/2011;4200;4200;4200;4200;548
2011-10-11;11/10/2011;4050;4050;4050;4050;266
2011-10-12;12/10/2011;4050;4050;4050;4050;186
2011-10-13;13/10/2011;4200;4200;4200;4200;251
2011-10-14;14/10/2011;4211;4211;4211;4211;966
2011-10-17;17/10/2011;4250;4250;4250;4250;71
2011-10-18;18/10/2011;4500;4500;4500;4500;46
2011-10-19;19/10/2011;4800;4800;4800;4800;10
2011-10-20;20/10/2011;4550;4550;4550;4550;87
2011-10-21;21/10/2011;4550;4550;4550;4550;29
2011-10-24;24/10/2011;4560;4560;4560;4560;84
2011-10-25;25/10/2011;4600;4600;4600;4600;86
2011-10-26;26/10/2011;4801;4801;4801;4801;1067
2011-10-27;27/10/2011;5000;5000;5000;5000;47
2011-10-28;28/10/2011;5000;5000;5000;5000;119
2011-10-31;31/10/2011;5000;5000;5000;5000;56
2011-11-02;02/11/2011;5300;5300;5300;5300;2132
2011-11-03;03/11/2011;5300;5300;5300;5300;1527
2011-11-04;04/11/2011;5301;5301;5301;5301;177
2011-11-08;08/11/2011;5650;5650;5650;5650;3249
2011-11-09;09/11/2011;5950;5950;5950;5950;831
2011-11-10;10/11/2011;5504;5504;5504;5504;2170
2011-11-11;11/11/2011;5300;5300;5300;5300;1923
2011-11-16;16/11/2011;4900;4900;4900;4900;385
2011-11-17;17/11/2011;4600;4600;4600;4600;44
2011-11-18;18/11/2011;4945;4945;4945;4945;51
2011-11-22;22/11/2011;5700;5700;5700;5700;566
2011-11-23;23/11/2011;5750;5750;5750;5750;875
2011-11-24;24/11/2011;5745;5745;5745;5745;1231
2011-11-25;25/11/2011;5500;5500;5500;5500;1125
2011-11-28;28/11/2011;5450;5450;5450;5450;45
2011-11-29;29/11/2011;5300;5300;5300;5300;95
2011-11-30;30/11/2011;5000;5000;5000;5000;373
2011-12-01;01/12/2011;5006;5006;5006;5006;25
2011-12-02;02/12/2011;5200;5200;5200;5200;193
2011-12-05;05/12/2011;5500;5500;5500;5500;234
2011-12-06;06/12/2011;5500;5500;5500;5500;125
2011-12-09;09/12/2011;5200;5200;5200;5200;40
2011-12-12;12/12/2011;5400;5400;5400;5400;62
2011-12-13;13/12/2011;5201;5201;5201;5201;78
2011-12-14;14/12/2011;5200;5200;5200;5200;380
2011-12-15;15/12/2011;5256;5256;5256;5256;69
2011-12-16;16/12/2011;5350;5350;5350;5350;10
2011-12-19;19/12/2011;5350;5350;5350;5350;132
2011-12-21;21/12/2011;5400;5400;5400;5400;193
2011-12-22;22/12/2011;5400;5400;5400;5400;70
2011-12-23;23/12/2011;5500;5500;5500;5500;25
2011-12-27;27/12/2011;5500;5500;5500;5500;308
2011-12-28;28/12/2011;5500;5500;5500;5500;91
2011-12-29;29/12/2011;5501;5501;5501;5501;57
2011-12-30;30/12/2011;5600;5600;5600;5600;212
2012-01-03;03/01/2012;5501;5501;5501;5501;29
2012-01-04;04/01/2012;5599;5599;5599;5599;40
2012-01-05;05/01/2012;5600;5600;5600;5600;69
2012-01-09;09/01/2012;5600;5600;5600;5600;31
2012-01-10;10/01/2012;5200;5200;5200;5200;279
2012-01-12;12/01/2012;5500;5500;5500;5500;12
2012-01-13;13/01/2012;5600;5600;5600;5600;50
2012-01-16;16/01/2012;5400;5400;5400;5400;22
2012-01-17;17/01/2012;5600;5600;5600;5600;30
2012-01-18;18/01/2012;5500;5500;5500;5500;301
2012-01-19;19/01/2012;5500;5500;5500;5500;40
2012-01-20;20/01/2012;5600;5600;5600;5600;17
2012-01-24;24/01/2012;5600;5600;5600;5600;60
2012-01-25;25/01/2012;5600;5600;5600;5600;3
2012-01-26;26/01/2012;5600;5600;5600;5600;144
2012-01-27;27/01/2012;5600;5600;5600;5600;3000
2012-01-30;30/01/2012;5800;5800;5800;5800;10
2012-01-31;31/01/2012;5800;5800;5800;5800;4
2012-02-01;01/02/2012;5650;5650;5650;5650;38
2012-02-02;02/02/2012;5800;5800;5800;5800;110
2012-02-03;03/02/2012;5800;5800;5800;5800;66
2012-02-06;06/02/2012;5800;5800;5800;5800;10
2012-02-07;07/02/2012;5650;5650;5650;5650;10
2012-02-08;08/02/2012;5650;5650;5650;5650;33
2012-02-09;09/02/2012;5650;5650;5650;5650;3
2012-02-10;10/02/2012;5800;5800;5800;5800;116
2012-02-15;15/02/2012;5800;5800;5800;5800;56
2012-02-16;16/02/2012;5820;5820;5820;5820;1540
2012-02-17;17/02/2012;5820;5820;5820;5820;872
2012-02-20;20/02/2012;5870;5870;5870;5870;109
2012-02-21;21/02/2012;6000;6000;6000;6000;95
2012-02-22;22/02/2012;6100;6100;6100;6100;288
2012-02-23;23/02/2012;6300;6300;6300;6300;31
2012-02-24;24/02/2012;6400;6400;6400;6400;284
2012-02-27;27/02/2012;6501;6501;6501;6501;534
2012-02-28;28/02/2012;6600;6600;6600;6600;375
2012-02-29;29/02/2012;6750;6750;6750;6750;9
2012-03-01;01/03/2012;6900;6900;6900;6900;111
2012-03-02;02/03/2012;7000;7000;7000;7000;720
2012-03-05;05/03/2012;7000;7000;7000;7000;1134
2012-03-06;06/03/2012;7500;7500;7500;7500;1004
2012-03-07;07/03/2012;7000;7000;7000;7000;97
2012-03-08;08/03/2012;7000;7000;7000;7000;319
2012-03-09;09/03/2012;7400;7400;7400;7400;109
2012-03-12;12/03/2012;7650;7650;7650;7650;75
2012-03-13;13/03/2012;7503;7503;7503;7503;320
2012-03-14;14/03/2012;7500;7500;7500;7500;54
2012-03-15;15/03/2012;7650;7650;7650;7650;145
2012-03-16;16/03/2012;7700;7700;7700;7700;208
2012-03-19;19/03/2012;7920;7920;7920;7920;38
2012-03-20;20/03/2012;7940;7940;7940;7940;29
2012-03-21;21/03/2012;7900;7900;7900;7900;119
2012-03-26;26/03/2012;8000;8000;8000;8000;187
2012-03-27;27/03/2012;7990;7990;7990;7990;205
2012-03-28;28/03/2012;7850;7850;7850;7850;271
2012-03-29;29/03/2012;7850;7850;7850;7850;72
2012-03-30;30/03/2012;7850;7850;7850;7850;156
2012-04-02;02/04/2012;7800;7800;7800;7800;26
2012-04-03;03/04/2012;7500;7500;7500;7500;15
2012-04-04;04/04/2012;7500;7500;7500;7500;38
2012-04-05;05/04/2012;7500;7500;7500;7500;880
2012-04-06;06/04/2012;7500;7500;7500;7500;178
2012-04-10;10/04/2012;7500;7500;7500;7500;1305
2012-04-11;11/04/2012;7500;7500;7500;7500;272
2012-04-12;12/04/2012;7500;7500;7500;7500;14
2012-04-13;13/04/2012;7500;7500;7500;7500;210
2012-04-16;16/04/2012;7500;7500;7500;7500;395
2012-04-17;17/04/2012;7500;7500;7500;7500;2
2012-04-18;18/04/2012;8063;8063;8063;8063;8
2012-04-19;19/04/2012;7500;7500;7500;7500;50
2012-04-20;20/04/2012;7500;7500;7500;7500;52
2012-04-24;24/04/2012;7500;7500;7500;7500;302
2012-04-25;25/04/2012;7500;7500;7500;7500;621
2012-04-26;26/04/2012;7500;7500;7500;7500;67
2012-04-30;30/04/2012;7500;7500;7500;7500;112
2012-05-02;02/05/2012;7500;7500;7500;7500;63
2012-05-03;03/05/2012;7500;7500;7500;7500;12
2012-05-04;04/05/2012;7500;7500;7500;7500;120
2012-05-07;07/05/2012;7500;7500;7500;7500;40
2012-05-08;08/05/2012;7500;7500;7500;7500;162
2012-05-09;09/05/2012;7500;7500;7500;7500;1
2012-05-11;11/05/2012;7500;7500;7500;7500;300
2012-05-14;14/05/2012;8000;8000;8000;8000;92
2012-05-15;15/05/2012;8000;8000;8000;8000;28
2012-05-16;16/05/2012;7990;7990;7990;7990;140
2012-05-18;18/05/2012;7990;7990;7990;7990;395
2012-05-21;21/05/2012;7900;7900;7900;7900;120
2012-05-22;22/05/2012;7900;7900;7900;7900;40
2012-05-23;23/05/2012;7890;7890;7890;7890;21
2012-05-24;24/05/2012;7900;7900;7900;7900;35
2012-05-25;25/05/2012;7890;7890;7890;7890;26
2012-05-29;29/05/2012;7890;7890;7890;7890;129
2012-05-30;30/05/2012;7890;7890;7890;7890;160
2012-05-31;31/05/2012;7890;7890;7890;7890;511
2012-06-04;04/06/2012;7850;7850;7850;7850;100
2012-06-05;05/06/2012;7500;7500;7500;7500;218
2012-06-07;07/06/2012;7700;7700;7700;7700;32
2012-06-08;08/06/2012;7950;7950;7950;7950;135
2012-06-11;11/06/2012;7950;7950;7950;7950;53
2012-06-12;12/06/2012;7951;7951;7951;7951;647
2012-06-13;13/06/2012;7950;7950;7950;7950;585
2012-06-14;14/06/2012;7600;7600;7600;7600;44
2012-06-18;18/06/2012;7900;7900;7900;7900;129
2012-06-19;19/06/2012;7900;7900;7900;7900;871
2012-06-20;20/06/2012;8400;8400;8400;8400;1006
2012-06-21;21/06/2012;9025;9025;9025;9025;1111
2012-06-22;22/06/2012;9000;9000;9000;9000;184
2012-06-25;25/06/2012;8400;8400;8400;8400;567
2012-06-26;26/06/2012;8760;8760;8760;8760;666
2012-06-27;27/06/2012;8760;8760;8760;8760;55
2012-06-28;28/06/2012;8700;8700;8700;8700;575
2012-06-29;29/06/2012;8700;8700;8700;8700;263
2012-07-02;02/07/2012;8250;8250;8250;8250;29
2012-07-03;03/07/2012;8501;8501;8501;8501;32
2012-07-04;04/07/2012;8500;8500;8500;8500;581
2012-07-05;05/07/2012;8500;8500;8500;8500;242
2012-07-06;06/07/2012;8400;8400;8400;8400;811
2012-07-09;09/07/2012;8000;8000;8000;8000;357
2012-07-10;10/07/2012;8000;8000;8000;8000;353
2012-07-11;11/07/2012;8000;8000;8000;8000;55
2012-07-12;12/07/2012;7500;7500;7500;7500;168
2012-07-13;13/07/2012;7400;7400;7400;7400;533
2012-07-16;16/07/2012;7400;7400;7400;7400;10
2012-07-17;17/07/2012;7950;7950;7950;7950;173
2012-07-18;18/07/2012;7601;7601;7601;7601;203
2012-07-19;19/07/2012;6067;6067;6067;6067;192
2012-07-20;20/07/2012;5615;5615;5615;5615;199
2012-07-23;23/07/2012;5195;5195;5195;5195;220
2012-07-24;24/07/2012;4805;4805;4805;4805;100
2012-07-25;25/07/2012;4445;4445;4445;4445;180
2012-07-26;26/07/2012;4778;4778;4778;4778;166
2012-07-27;27/07/2012;5136;5136;5136;5136;19
2012-07-30;30/07/2012;5500;5500;5500;5500;47
2012-07-31;31/07/2012;5900;5900;5900;5900;544
2012-08-01;01/08/2012;6200;6200;6200;6200;115
2012-08-02;02/08/2012;6600;6600;6600;6600;253
2012-08-03;03/08/2012;7095;7095;7095;7095;1216
2012-08-08;08/08/2012;6600;6600;6600;6600;694
2012-08-09;09/08/2012;6105;6105;6105;6105;114
2012-08-10;10/08/2012;5648;5648;5648;5648;59
2012-08-13;13/08/2012;5500;5500;5500;5500;61
2012-08-14;14/08/2012;5500;5500;5500;5500;68
2012-08-16;16/08/2012;5500;5500;5500;5500;132
2012-08-17;17/08/2012;5500;5500;5500;5500;6
2012-08-21;21/08/2012;5500;5500;5500;5500;13
2012-08-23;23/08/2012;5500;5500;5500;5500;111
2012-08-27;27/08/2012;5550;5550;5550;5550;14
2012-08-28;28/08/2012;5560;5560;5560;5560;20
2012-08-29;29/08/2012;5970;5970;5970;5970;72
2012-08-31;31/08/2012;5970;5970;5970;5970;79
2012-09-03;03/09/2012;5550;5550;5550;5550;166
2012-09-04;04/09/2012;5550;5550;5550;5550;39
2012-09-06;06/09/2012;5571;5571;5571;5571;47
2012-09-07;07/09/2012;5900;5900;5900;5900;11
2012-09-10;10/09/2012;5900;5900;5900;5900;21
2012-09-11;11/09/2012;5800;5800;5800;5800;31
2012-09-12;12/09/2012;5900;5900;5900;5900;8
2012-09-13;13/09/2012;5900;5900;5900;5900;13
2012-09-14;14/09/2012;6300;6300;6300;6300;20
2012-09-17;17/09/2012;6300;6300;6300;6300;32
2012-09-18;18/09/2012;6300;6300;6300;6300;39
2012-09-19;19/09/2012;6300;6300;6300;6300;35
2012-09-20;20/09/2012;6300;6300;6300;6300;38
2012-09-21;21/09/2012;6490;6490;6490;6490;150
2012-09-24;24/09/2012;6300;6300;6300;6300;13
2012-09-26;26/09/2012;6350;6350;6350;6350;201
2012-09-27;27/09/2012;6350;6350;6350;6350;42
2012-10-01;01/10/2012;6350;6350;6350;6350;158
2012-10-02;02/10/2012;6350;6350;6350;6350;42
2012-10-03;03/10/2012;6350;6350;6350;6350;24
2012-10-04;04/10/2012;6425;6425;6425;6425;82
2012-10-05;05/10/2012;6400;6400;6400;6400;361
2012-10-08;08/10/2012;6300;6300;6300;6300;26
2012-10-09;09/10/2012;6300;6300;6300;6300;300
2012-10-11;11/10/2012;5970;5970;5970;5970;48
2012-10-12;12/10/2012;6000;6000;6000;6000;10
2012-10-15;15/10/2012;6000;6000;6000;6000;114
2012-10-16;16/10/2012;6000;6000;6000;6000;17
2012-10-18;18/10/2012;6000;6000;6000;6000;114
2012-10-19;19/10/2012;6000;6000;6000;6000;66
2012-10-23;23/10/2012;6000;6000;6000;6000;30
2012-10-25;25/10/2012;5550;5550;5550;5550;42
2012-10-29;29/10/2012;5550;5550;5550;5550;116
2012-10-31;31/10/2012;5550;5550;5550;5550;55
2012-11-02;02/11/2012;5550;5550;5550;5550;31
2012-11-05;05/11/2012;5550;5550;5550;5550;14
2012-11-06;06/11/2012;5966;5966;5966;5966;516
2012-11-08;08/11/2012;5966;5966;5966;5966;11
2012-11-09;09/11/2012;5550;5550;5550;5550;30
2012-11-12;12/11/2012;5550;5550;5550;5550;248
2012-11-13;13/11/2012;5600;5600;5600;5600;111
2012-11-14;14/11/2012;5800;5800;5800;5800;29
2012-11-16;16/11/2012;5800;5800;5800;5800;104
2012-11-20;20/11/2012;5800;5800;5800;5800;39
2012-11-22;22/11/2012;5600;5600;5600;5600;18
2012-11-23;23/11/2012;5600;5600;5600;5600;5
2012-11-26;26/11/2012;5600;5600;5600;5600;1194
2012-11-27;27/11/2012;5800;5800;5800;5800;58
2012-11-28;28/11/2012;5800;5800;5800;5800;87
2012-11-30;30/11/2012;5800;5800;5800;5800;19
2012-12-03;03/12/2012;5600;5600;5600;5600;122
2012-12-04;04/12/2012;5500;5500;5500;5500;119
2012-12-05;05/12/2012;5600;5600;5600;5600;19
2012-12-06;06/12/2012;5600;5600;5600;5600;11
2012-12-07;07/12/2012;5500;5500;5500;5500;5168
2012-12-10;10/12/2012;5800;5800;5800;5800;56
2012-12-12;12/12/2012;5800;5800;5800;5800;653
2012-12-17;17/12/2012;5800;5800;5800;5800;3
2012-12-18;18/12/2012;5700;5700;5700;5700;55
2012-12-19;19/12/2012;5700;5700;5700;5700;103
2012-12-20;20/12/2012;5700;5700;5700;5700;96
2012-12-21;21/12/2012;5700;5700;5700;5700;4
2012-12-24;24/12/2012;5800;5800;5800;5800;210
2012-12-26;26/12/2012;6000;6000;6000;6000;150
2012-12-27;27/12/2012;5700;5700;5700;5700;80
2012-12-28;28/12/2012;6128;6128;6128;6128;235
2012-12-31;31/12/2012;6500;6500;6500;6500;355
2013-01-07;07/01/2013;6500;6500;6500;6500;59
2013-01-08;08/01/2013;6400;6400;6400;6400;1534
2013-01-10;10/01/2013;6400;6400;6400;6400;15
2013-01-14;14/01/2013;6400;6400;6400;6400;4
2013-01-16;16/01/2013;6300;6300;6300;6300;20
2013-01-17;17/01/2013;5900;5900;5900;5900;27
2013-01-18;18/01/2013;5920;5920;5920;5920;18
2013-01-21;21/01/2013;6000;6000;6000;6000;550
2013-01-22;22/01/2013;6400;6400;6400;6400;89
2013-01-23;23/01/2013;6400;6400;6400;6400;640
2013-01-28;28/01/2013;6400;6400;6400;6400;109
2013-01-29;29/01/2013;6399;6399;6399;6399;35
2013-01-30;30/01/2013;6399;6399;6399;6399;80
2013-02-01;01/02/2013;6399;6399;6399;6399;22
2013-02-05;05/02/2013;6401;6401;6401;6401;181
2013-02-07;07/02/2013;6411;6411;6411;6411;122
2013-02-08;08/02/2013;6411;6411;6411;6411;100
2013-02-11;11/02/2013;6892;6892;6892;6892;350
2013-02-12;12/02/2013;7400;7400;7400;7400;650
2013-02-18;18/02/2013;6845;6845;6845;6845;48
2013-02-19;19/02/2013;6400;6400;6400;6400;346
2013-02-22;22/02/2013;6800;6800;6800;6800;10
2013-02-25;25/02/2013;7000;7000;7000;7000;30
2013-02-27;27/02/2013;6990;6990;6990;6990;160
2013-02-28;28/02/2013;6500;6500;6500;6500;20
2013-03-04;04/03/2013;6500;6500;6500;6500;2
2013-03-06;06/03/2013;6500;6500;6500;6500;10
2013-03-07;07/03/2013;6500;6500;6500;6500;55
2013-03-08;08/03/2013;6400;6400;6400;6400;151
2013-03-12;12/03/2013;6799;6799;6799;6799;55
2013-03-14;14/03/2013;6551;6551;6551;6551;40
2013-03-18;18/03/2013;6500;6500;6500;6500;34
2013-03-19;19/03/2013;6500;6500;6500;6500;36
2013-03-20;20/03/2013;6501;6501;6501;6501;18
2013-03-22;22/03/2013;6798;6798;6798;6798;25
2013-03-25;25/03/2013;6798;6798;6798;6798;35
2013-03-26;26/03/2013;6500;6500;6500;6500;15
2013-03-27;27/03/2013;6220;6220;6220;6220;433
2013-03-28;28/03/2013;6501;6501;6501;6501;75
2013-03-29;29/03/2013;6800;6800;6800;6800;30
2013-04-02;02/04/2013;6798;6798;6798;6798;55
2013-04-03;03/04/2013;6289;6289;6289;6289;80
2013-04-04;04/04/2013;6000;6000;6000;6000;3185
2013-04-05;05/04/2013;5550;5550;5550;5550;48
2013-04-08;08/04/2013;5134;5134;5134;5134;420
2013-04-09;09/04/2013;4749;4749;4749;4749;176
2013-04-10;10/04/2013;4740;4740;4740;4740;1097
2013-04-11;11/04/2013;4730;4730;4730;4730;1594
2013-04-12;12/04/2013;4730;4730;4730;4730;3005
2013-04-15;15/04/2013;5080;5080;5080;5080;16
2013-04-16;16/04/2013;5080;5080;5080;5080;31
2013-04-17;17/04/2013;5200;5200;5200;5200;48
2013-04-18;18/04/2013;5300;5300;5300;5300;20
2013-04-22;22/04/2013;5200;5200;5200;5200;101
2013-04-23;23/04/2013;5310;5310;5310;5310;10
2013-04-24;24/04/2013;5330;5330;5330;5330;540
2013-04-26;26/04/2013;5300;5300;5300;5300;81
2013-04-29;29/04/2013;5300;5300;5300;5300;213
2013-04-30;30/04/2013;5000;5000;5000;5000;234
2013-05-02;02/05/2013;5000;5000;5000;5000;8
2013-05-03;03/05/2013;5000;5000;5000;5000;171
2013-05-06;06/05/2013;5000;5000;5000;5000;507
2013-05-07;07/05/2013;5000;5000;5000;5000;2812
2013-05-08;08/05/2013;5375;5375;5375;5375;71
2013-05-10;10/05/2013;5375;5375;5375;5375;14
2013-05-13;13/05/2013;5400;5400;5400;5400;100
2013-05-15;15/05/2013;5400;5400;5400;5400;390
2013-05-17;17/05/2013;5400;5400;5400;5400;871
2013-05-21;21/05/2013;5500;5500;5500;5500;34
2013-05-22;22/05/2013;5500;5500;5500;5500;35
2013-05-23;23/05/2013;5500;5500;5500;5500;230
2013-05-28;28/05/2013;5490;5490;5490;5490;107
2013-05-29;29/05/2013;5400;5400;5400;5400;780
2013-05-30;30/05/2013;5400;5400;5400;5400;1000
2013-05-31;31/05/2013;5400;5400;5400;5400;80
2013-06-03;03/06/2013;5500;5500;5500;5500;9
2013-06-04;04/06/2013;5500;5500;5500;5500;37
2013-06-05;05/06/2013;5088;5088;5088;5088;12
2013-06-06;06/06/2013;5400;5400;5400;5400;165
2013-06-10;10/06/2013;5088;5088;5088;5088;14
2013-06-13;13/06/2013;5400;5400;5400;5400;208
2013-06-14;14/06/2013;5400;5400;5400;5400;9
2013-06-18;18/06/2013;5400;5400;5400;5400;11
2013-06-21;21/06/2013;5400;5400;5400;5400;2
2013-06-24;24/06/2013;5400;5400;5400;5400;40
2013-06-25;25/06/2013;5300;5300;5300;5300;39
2013-06-27;27/06/2013;5088;5088;5088;5088;66
2013-07-02;02/07/2013;5000;5000;5000;5000;142
2013-07-03;03/07/2013;5000;5000;5000;5000;18
2013-07-04;04/07/2013;5000;5000;5000;5000;46
2013-07-05;05/07/2013;5000;5000;5000;5000;120
2013-07-08;08/07/2013;5000;5000;5000;5000;101
2013-07-09;09/07/2013;5000;5000;5000;5000;1
2013-07-11;11/07/2013;5200;5200;5200;5200;309
2013-07-15;15/07/2013;5350;5350;5350;5350;13
2013-07-16;16/07/2013;5200;5200;5200;5200;68
2013-07-18;18/07/2013;5180;5180;5180;5180;65
2013-07-19;19/07/2013;5200;5200;5200;5200;219
2013-07-22;22/07/2013;5400;5400;5400;5400;15
2013-07-23;23/07/2013;5390;5390;5390;5390;8
2013-07-25;25/07/2013;5300;5300;5300;5300;14
2013-07-29;29/07/2013;5000;5000;5000;5000;302
2013-08-02;02/08/2013;5000;5000;5000;5000;27
2013-08-05;05/08/2013;5000;5000;5000;5000;265
2013-08-06;06/08/2013;5000;5000;5000;5000;1027
2013-08-09;09/08/2013;5000;5000;5000;5000;91
2013-08-13;13/08/2013;5000;5000;5000;5000;12
2013-08-16;16/08/2013;4900;4900;4900;4900;230
2013-08-19;19/08/2013;4900;4900;4900;4900;132
2013-08-20;20/08/2013;4900;4900;4900;4900;87
2013-08-21;21/08/2013;4900;4900;4900;4900;17
2013-08-22;22/08/2013;4533;4533;4533;4533;335
2013-08-23;23/08/2013;4193;4193;4193;4193;142
2013-08-26;26/08/2013;4193;4193;4193;4193;185
2013-08-27;27/08/2013;4193;4193;4193;4193;783
2013-08-28;28/08/2013;3879;3879;3879;3879;9
2013-08-29;29/08/2013;3880;3880;3880;3880;15
2013-09-05;05/09/2013;3900;3900;3900;3900;20
2013-09-06;06/09/2013;3902;3902;3902;3902;204
2013-09-09;09/09/2013;4194;4194;4194;4194;151
2013-09-11;11/09/2013;4194;4194;4194;4194;15
2013-09-12;12/09/2013;4194;4194;4194;4194;19
2013-09-13;13/09/2013;4200;4200;4200;4200;86
2013-09-16;16/09/2013;4500;4500;4500;4500;9
2013-09-17;17/09/2013;4300;4300;4300;4300;53
2013-09-18;18/09/2013;4500;4500;4500;4500;423
2013-09-19;19/09/2013;4500;4500;4500;4500;20
2013-09-20;20/09/2013;4700;4700;4700;4700;2
2013-09-23;23/09/2013;4500;4500;4500;4500;52
2013-09-26;26/09/2013;4700;4700;4700;4700;13
2013-09-30;30/09/2013;4700;4700;4700;4700;20
2013-10-01;01/10/2013;4700;4700;4700;4700;356
2013-10-03;03/10/2013;4550;4550;4550;4550;73
2013-10-07;07/10/2013;4550;4550;4550;4550;155
2013-10-08;08/10/2013;4550;4550;4550;4550;55
2013-10-09;09/10/2013;4550;4550;4550;4550;6
2013-10-11;11/10/2013;4600;4600;4600;4600;2
2013-10-14;14/10/2013;4600;4600;4600;4600;44
2013-10-16;16/10/2013;4900;4900;4900;4900;18
2013-10-17;17/10/2013;4900;4900;4900;4900;40
2013-10-18;18/10/2013;4850;4850;4850;4850;23
2013-10-22;22/10/2013;4800;4800;4800;4800;23
2013-10-24;24/10/2013;4799;4799;4799;4799;18
2013-10-25;25/10/2013;4750;4750;4750;4750;5
2013-10-28;28/10/2013;4700;4700;4700;4700;33
2013-10-29;29/10/2013;4600;4600;4600;4600;80
2013-10-30;30/10/2013;4600;4600;4600;4600;19
2013-10-31;31/10/2013;4600;4600;4600;4600;20
2013-11-04;04/11/2013;4500;4500;4500;4500;3
2013-11-06;06/11/2013;4550;4550;4550;4550;154
2013-11-07;07/11/2013;4495;4495;4495;4495;79
2013-11-08;08/11/2013;4550;4550;4550;4550;31
2013-11-11;11/11/2013;4500;4500;4500;4500;113
2013-11-12;12/11/2013;4550;4550;4550;4550;105
2013-11-13;13/11/2013;4550;4550;4550;4550;265
2013-11-18;18/11/2013;4500;4500;4500;4500;727
2013-11-19;19/11/2013;4500;4500;4500;4500;87
2013-11-21;21/11/2013;4500;4500;4500;4500;19
2013-11-22;22/11/2013;4500;4500;4500;4500;57
2013-11-25;25/11/2013;4450;4450;4450;4450;12
2013-11-26;26/11/2013;4420;4420;4420;4420;47
2013-11-28;28/11/2013;4400;4400;4400;4400;16
2013-11-29;29/11/2013;4300;4300;4300;4300;15
2013-12-03;03/12/2013;4200;4200;4200;4200;17
2013-12-04;04/12/2013;4200;4200;4200;4200;9
2013-12-06;06/12/2013;4200;4200;4200;4200;418
2013-12-09;09/12/2013;4150;4150;4150;4150;100
2013-12-10;10/12/2013;4400;4400;4400;4400;141
2013-12-11;11/12/2013;4400;4400;4400;4400;557
2013-12-12;12/12/2013;4495;4495;4495;4495;154
2013-12-13;13/12/2013;4500;4500;4500;4500;70
2013-12-16;16/12/2013;4498;4498;4498;4498;9
2013-12-17;17/12/2013;4600;4600;4600;4600;515
2013-12-18;18/12/2013;4850;4850;4850;4850;4
2013-12-19;19/12/2013;4990;4990;4990;4990;1
2013-12-20;20/12/2013;4900;4900;4900;4900;29
2013-12-23;23/12/2013;4900;4900;4900;4900;65
2013-12-26;26/12/2013;4850;4850;4850;4850;10
2013-12-27;27/12/2013;5000;5000;5000;5000;211
2013-12-30;30/12/2013;5000;5000;5000;5000;175
2013-12-31;31/12/2013;5350;5350;5350;5350;1115
2014-01-03;03/01/2014;5345;5345;5345;5345;75
2014-01-09;09/01/2014;5345;5345;5345;5345;63
2014-01-15;15/01/2014;5199;5199;5199;5199;20
2014-01-17;17/01/2014;5185;5185;5185;5185;28
2014-01-20;20/01/2014;4800;4800;4800;4800;10
2014-01-21;21/01/2014;4800;4800;4800;4800;46
2014-01-22;22/01/2014;4800;4800;4800;4800;2
2014-01-23;23/01/2014;4800;4800;4800;4800;26
2014-01-24;24/01/2014;4750;4750;4750;4750;10
2014-01-27;27/01/2014;4750;4750;4750;4750;10
2014-01-28;28/01/2014;4750;4750;4750;4750;50
2014-01-29;29/01/2014;4750;4750;4750;4750;1
2014-01-31;31/01/2014;4750;4750;4750;4750;34
2014-02-04;04/02/2014;4800;4800;4800;4800;500
2014-02-05;05/02/2014;4750;4750;4750;4750;50
2014-02-06;06/02/2014;5100;5100;5100;5100;6
2014-02-07;07/02/2014;4750;4750;4750;4750;33
2014-02-10;10/02/2014;4801;4801;4801;4801;182
2014-02-11;11/02/2014;4800;4800;4800;4800;25
2014-02-12;12/02/2014;4700;4700;4700;4700;51
2014-02-13;13/02/2014;4700;4700;4700;4700;97
2014-02-14;14/02/2014;4700;4700;4700;4700;10
2014-02-17;17/02/2014;4700;4700;4700;4700;1
2014-02-18;18/02/2014;4700;4700;4700;4700;19
2014-02-19;19/02/2014;4700;4700;4700;4700;6
2014-02-20;20/02/2014;4800;4800;4800;4800;1
2014-02-21;21/02/2014;4650;4650;4650;4650;223
2014-02-24;24/02/2014;4302;4302;4302;4302;30
2014-02-26;26/02/2014;4000;4000;4000;4000;350
2014-03-04;04/03/2014;4001;4001;4001;4001;126
2014-03-05;05/03/2014;4050;4050;4050;4050;50
2014-03-06;06/03/2014;4301;4301;4301;4301;231
2014-03-07;07/03/2014;4300;4300;4300;4300;50
2014-03-10;10/03/2014;4300;4300;4300;4300;12
2014-03-11;11/03/2014;4300;4300;4300;4300;241
2014-03-12;12/03/2014;4300;4300;4300;4300;11
2014-03-14;14/03/2014;4200;4200;4200;4200;702
2014-03-17;17/03/2014;4250;4250;4250;4250;15
2014-03-18;18/03/2014;4200;4200;4200;4200;32
2014-03-19;19/03/2014;4250;4250;4250;4250;10
2014-03-20;20/03/2014;4200;4200;4200;4200;1
2014-03-21;21/03/2014;3885;3885;3885;3885;50
2014-03-24;24/03/2014;3594;3594;3594;3594;62
2014-03-25;25/03/2014;3600;3600;3600;3600;119
2014-03-28;28/03/2014;3500;3500;3500;3500;74
2014-03-31;31/03/2014;3500;3500;3500;3500;29
2014-04-01;01/04/2014;3500;3500;3500;3500;20
2014-04-02;02/04/2014;3500;3500;3500;3500;61
2014-04-03;03/04/2014;3500;3500;3500;3500;2
2014-04-07;07/04/2014;3495;3495;3495;3495;28
2014-04-09;09/04/2014;3250;3250;3250;3250;59
2014-04-10;10/04/2014;3490;3490;3490;3490;361
2014-04-11;11/04/2014;3495;3495;3495;3495;3
2014-04-14;14/04/2014;3495;3495;3495;3495;1
2014-04-15;15/04/2014;3500;3500;3500;3500;21
2014-04-16;16/04/2014;3700;3700;3700;3700;93
2014-04-17;17/04/2014;3500;3500;3500;3500;44
2014-04-23;23/04/2014;3500;3500;3500;3500;7
2014-04-24;24/04/2014;3500;3500;3500;3500;60
2014-04-25;25/04/2014;3763;3763;3763;3763;1
2014-04-28;28/04/2014;3500;3500;3500;3500;46
2014-04-29;29/04/2014;3763;3763;3763;3763;5
2014-04-30;30/04/2014;3800;3800;3800;3800;30
2014-05-02;02/05/2014;3800;3800;3800;3800;12
2014-05-06;06/05/2014;3515;3515;3515;3515;1
2014-05-07;07/05/2014;3300;3300;3300;3300;85
2014-05-08;08/05/2014;3300;3300;3300;3300;55
2014-05-09;09/05/2014;3300;3300;3300;3300;41
2014-05-13;13/05/2014;3500;3500;3500;3500;38
2014-05-14;14/05/2014;3500;3500;3500;3500;14
2014-05-15;15/05/2014;3500;3500;3500;3500;103
2014-05-16;16/05/2014;3500;3500;3500;3500;483
2014-05-19;19/05/2014;3500;3500;3500;3500;27
2014-05-20;20/05/2014;3500;3500;3500;3500;25
2014-05-21;21/05/2014;3515;3515;3515;3515;104
2014-05-22;22/05/2014;3500;3500;3500;3500;570
2014-05-28;28/05/2014;3500;3500;3500;3500;2796
2014-05-30;30/05/2014;3500;3500;3500;3500;87
2014-06-02;02/06/2014;3500;3500;3500;3500;18
2014-06-03;03/06/2014;3570;3570;3570;3570;25
2014-06-04;04/06/2014;3570;3570;3570;3570;102
2014-06-05;05/06/2014;3570;3570;3570;3570;15
2014-06-06;06/06/2014;3500;3500;3500;3500;324
2014-06-11;11/06/2014;3500;3500;3500;3500;40
2014-06-12;12/06/2014;3500;3500;3500;3500;1676
2014-06-13;13/06/2014;3500;3500;3500;3500;23
2014-06-16;16/06/2014;3450;3450;3450;3450;30
2014-06-17;17/06/2014;3500;3500;3500;3500;2
2014-06-18;18/06/2014;3500;3500;3500;3500;8
2014-06-23;23/06/2014;3500;3500;3500;3500;10
2014-06-24;24/06/2014;3570;3570;3570;3570;10
2014-06-25;25/06/2014;3500;3500;3500;3500;7
2014-06-26;26/06/2014;3500;3500;3500;3500;28
2014-06-27;27/06/2014;3500;3500;3500;3500;25
2014-06-30;30/06/2014;3400;3400;3400;3400;1
2014-07-01;01/07/2014;3500;3500;3500;3500;30
2014-07-02;02/07/2014;3400;3400;3400;3400;69
2014-07-03;03/07/2014;3400;3400;3400;3400;10
2014-07-04;04/07/2014;3401;3401;3401;3401;13
2014-07-07;07/07/2014;3400;3400;3400;3400;29
2014-07-08;08/07/2014;3400;3400;3400;3400;1
2014-07-09;09/07/2014;3400;3400;3400;3400;51
2014-07-10;10/07/2014;3400;3400;3400;3400;22
2014-07-14;14/07/2014;3260;3260;3260;3260;28
2014-07-15;15/07/2014;3400;3400;3400;3400;5
2014-07-16;16/07/2014;3400;3400;3400;3400;25
2014-07-17;17/07/2014;3400;3400;3400;3400;12
2014-07-18;18/07/2014;3325;3325;3325;3325;34
2014-07-21;21/07/2014;3400;3400;3400;3400;62
2014-07-22;22/07/2014;3400;3400;3400;3400;10
2014-07-23;23/07/2014;3210;3210;3210;3210;5
2014-07-25;25/07/2014;3250;3250;3250;3250;2006
2014-07-29;29/07/2014;3221;3221;3221;3221;52
2014-07-30;30/07/2014;3400;3400;3400;3400;223
2014-07-31;31/07/2014;3400;3400;3400;3400;110
2014-08-01;01/08/2014;3400;3400;3400;3400;84
2014-08-04;04/08/2014;3400;3400;3400;3400;3
2014-08-05;05/08/2014;3400;3400;3400;3400;10000
2014-08-06;06/08/2014;3145;3145;3145;3145;44
2014-08-07;07/08/2014;3145;3145;3145;3145;440
2014-08-08;08/08/2014;3145;3145;3145;3145;187
2014-08-12;12/08/2014;3140;3140;3140;3140;5
2014-08-13;13/08/2014;3100;3100;3100;3100;34
2014-08-14;14/08/2014;3100;3100;3100;3100;39
2014-08-18;18/08/2014;3100;3100;3100;3100;5
2014-08-19;19/08/2014;3100;3100;3100;3100;45
2014-08-20;20/08/2014;3100;3100;3100;3100;11
2014-08-26;26/08/2014;3100;3100;3100;3100;25
2014-08-27;27/08/2014;3100;3100;3100;3100;635
2014-08-28;28/08/2014;3140;3140;3140;3140;39
2014-08-29;29/08/2014;3140;3140;3140;3140;5
2014-09-02;02/09/2014;3140;3140;3140;3140;1
2014-09-03;03/09/2014;3140;3140;3140;3140;23
2014-09-04;04/09/2014;3140;3140;3140;3140;46
2014-09-05;05/09/2014;3140;3140;3140;3140;81
2014-09-09;09/09/2014;3140;3140;3140;3140;10
2014-09-10;10/09/2014;3140;3140;3140;3140;53
2014-09-11;11/09/2014;3131;3131;3131;3131;30
2014-09-12;12/09/2014;3140;3140;3140;3140;1
2014-09-16;16/09/2014;3170;3170;3170;3170;225
2014-09-17;17/09/2014;3140;3140;3140;3140;35
2014-09-18;18/09/2014;3141;3141;3141;3141;22
2014-09-19;19/09/2014;3141;3141;3141;3141;8
2014-09-22;22/09/2014;3140;3140;3140;3140;36
2014-09-23;23/09/2014;3140;3140;3140;3140;25
2014-09-25;25/09/2014;3140;3140;3140;3140;57
2014-09-26;26/09/2014;3140;3140;3140;3140;69
2014-09-29;29/09/2014;3102;3102;3102;3102;6
2014-09-30;30/09/2014;3112;3112;3112;3112;41
2014-10-01;01/10/2014;3100;3100;3100;3100;20
2014-10-02;02/10/2014;3100;3100;3100;3100;40
2014-10-08;08/10/2014;3050;3050;3050;3050;5
2014-10-10;10/10/2014;3111;3111;3111;3111;41
2014-10-14;14/10/2014;3085;3085;3085;3085;1682
2014-10-15;15/10/2014;3080;3080;3080;3080;32
2014-10-22;22/10/2014;2850;2850;2850;2850;55
2014-10-23;23/10/2014;2640;2640;2640;2640;2
2014-10-27;27/10/2014;2640;2640;2640;2640;10
2014-10-29;29/10/2014;2640;2640;2640;2640;5
2014-10-30;30/10/2014;2640;2640;2640;2640;35
2014-10-31;31/10/2014;2640;2640;2640;2640;12
2014-11-03;03/11/2014;2610;2610;2610;2610;110
2014-11-13;13/11/2014;2500;2500;2500;2500;21
2014-11-14;14/11/2014;2499;2499;2499;2499;90
2014-11-17;17/11/2014;2499;2499;2499;2499;248
2014-11-19;19/11/2014;2549;2549;2549;2549;10
2014-11-20;20/11/2014;2610;2610;2610;2610;84
2014-11-21;21/11/2014;2800;2800;2800;2800;426
2014-11-27;27/11/2014;2590;2590;2590;2590;51
2014-11-28;28/11/2014;2600;2600;2600;2600;19
2014-12-01;01/12/2014;2795;2795;2795;2795;127
2014-12-02;02/12/2014;2850;2850;2850;2850;108
2014-12-03;03/12/2014;2900;2900;2900;2900;20
2014-12-04;04/12/2014;3080;3080;3080;3080;600
2014-12-08;08/12/2014;3200;3200;3200;3200;350
2014-12-10;10/12/2014;3200;3200;3200;3200;8
2014-12-11;11/12/2014;3190;3190;3190;3190;31
2014-12-15;15/12/2014;3200;3200;3200;3200;42
2014-12-17;17/12/2014;3190;3190;3190;3190;292
2014-12-18;18/12/2014;3195;3195;3195;3195;1162
2014-12-22;22/12/2014;3180;3180;3180;3180;10
2014-12-23;23/12/2014;3175;3175;3175;3175;10
2014-12-24;24/12/2014;3200;3200;3200;3200;110
2014-12-25;25/12/2014;3200;3200;3200;3200;1100
2014-12-31;31/12/2014;3190;3190;3190;3190;203
2015-01-05;05/01/2015;3190;3190;3190;3190;27
2015-01-07;07/01/2015;3000;3000;3000;3000;9
2015-01-12;12/01/2015;2950;2950;2950;2950;15
2015-01-13;13/01/2015;2950;2950;2950;2950;20
2015-01-14;14/01/2015;3000;3000;3000;3000;10
2015-01-19;19/01/2015;3039;3039;3039;3039;20
2015-01-21;21/01/2015;3000;3000;3000;3000;36
2015-01-22;22/01/2015;3000;3000;3000;3000;14
2015-01-23;23/01/2015;2900;2900;2900;2900;50
2015-01-26;26/01/2015;2950;2950;2950;2950;3
2015-01-27;27/01/2015;2995;2995;2995;2995;82
2015-01-29;29/01/2015;2900;2900;2900;2900;50
2015-02-03;03/02/2015;2900;2900;2900;2900;50
2015-02-05;05/02/2015;2900;2900;2900;2900;26
2015-02-06;06/02/2015;2900;2900;2900;2900;4
2015-02-09;09/02/2015;2900;2900;2900;2900;40
2015-02-10;10/02/2015;2900;2900;2900;2900;1
2015-02-11;11/02/2015;2900;2900;2900;2900;6
2015-02-12;12/02/2015;2683;2683;2683;2683;6
2015-02-13;13/02/2015;2700;2700;2700;2700;52
2015-02-17;17/02/2015;2651;2651;2651;2651;2
2015-02-20;20/02/2015;2650;2650;2650;2650;15
2015-02-23;23/02/2015;2650;2650;2650;2650;27
2015-02-24;24/02/2015;2600;2600;2600;2600;14
2015-02-25;25/02/2015;2600;2600;2600;2600;4
2015-02-26;26/02/2015;2600;2600;2600;2600;15
2015-02-27;27/02/2015;2700;2700;2700;2700;18
2015-03-02;02/03/2015;2700;2700;2700;2700;7
2015-03-04;04/03/2015;2600;2600;2600;2600;74
2015-03-05;05/03/2015;2600;2600;2600;2600;25
2015-03-06;06/03/2015;2600;2600;2600;2600;47
2015-03-09;09/03/2015;2650;2650;2650;2650;19
2015-03-10;10/03/2015;2650;2650;2650;2650;49
2015-03-12;12/03/2015;2600;2600;2600;2600;774
2015-03-13;13/03/2015;2600;2600;2600;2600;24
2015-03-16;16/03/2015;2600;2600;2600;2600;11
2015-03-17;17/03/2015;2405;2405;2405;2405;25
2015-03-18;18/03/2015;2405;2405;2405;2405;18
2015-03-19;19/03/2015;2410;2410;2410;2410;257
2015-03-20;20/03/2015;2410;2410;2410;2410;263
2015-03-23;23/03/2015;2400;2400;2400;2400;265
2015-03-25;25/03/2015;2400;2400;2400;2400;55
2015-03-26;26/03/2015;2400;2400;2400;2400;69
2015-03-27;27/03/2015;2300;2300;2300;2300;9
2015-03-30;30/03/2015;2300;2300;2300;2300;461
2015-03-31;31/03/2015;2300;2300;2300;2300;19
2015-04-01;01/04/2015;2400;2400;2400;2400;5
2015-04-03;03/04/2015;2350;2350;2350;2350;8
2015-04-06;06/04/2015;2350;2350;2350;2350;80
2015-04-07;07/04/2015;2400;2400;2400;2400;26
2015-04-08;08/04/2015;2400;2400;2400;2400;100
2015-04-09;09/04/2015;2350;2350;2350;2350;7
2015-04-13;13/04/2015;2350;2350;2350;2350;50
2015-04-15;15/04/2015;2500;2500;2500;2500;514
2015-04-16;16/04/2015;2500;2500;2500;2500;307
2015-04-17;17/04/2015;2500;2500;2500;2500;8
2015-04-20;20/04/2015;2451;2451;2451;2451;15
2015-04-21;21/04/2015;2500;2500;2500;2500;404
2015-04-22;22/04/2015;2500;2500;2500;2500;150
2015-04-23;23/04/2015;2451;2451;2451;2451;22
2015-04-24;24/04/2015;2500;2500;2500;2500;50
2015-04-27;27/04/2015;2500;2500;2500;2500;110
2015-04-28;28/04/2015;2500;2500;2500;2500;429
2015-04-29;29/04/2015;2500;2500;2500;2500;930
2015-05-04;04/05/2015;2490;2490;2490;2490;20
2015-05-06;06/05/2015;2490;2490;2490;2490;1
2015-05-07;07/05/2015;2677;2677;2677;2677;1674
2015-05-08;08/05/2015;2800;2800;2800;2800;1613
2015-05-12;12/05/2015;2800;2800;2800;2800;222
2015-05-13;13/05/2015;2800;2800;2800;2800;443
2015-05-14;14/05/2015;2800;2800;2800;2800;4430
2015-05-15;15/05/2015;2800;2800;2800;2800;40
2015-05-18;18/05/2015;2750;2750;2750;2750;85
2015-05-19;19/05/2015;2675;2675;2675;2675;15354
2015-05-20;20/05/2015;2700;2700;2700;2700;290
2015-05-21;21/05/2015;2700;2700;2700;2700;15
2015-05-22;22/05/2015;2700;2700;2700;2700;75
2015-05-25;25/05/2015;2700;2700;2700;2700;750
2015-05-26;26/05/2015;2698;2698;2698;2698;30
2015-05-27;27/05/2015;2700;2700;2700;2700;110
2015-05-28;28/05/2015;2698;2698;2698;2698;510
2015-05-29;29/05/2015;2698;2698;2698;2698;250
2015-06-01;01/06/2015;2900;2900;2900;2900;239
2015-06-02;02/06/2015;2916;2916;2916;2916;59
2015-06-03;03/06/2015;2900;2900;2900;2900;2420
2015-06-08;08/06/2015;2900;2900;2900;2900;2184
2015-06-09;09/06/2015;2900;2900;2900;2900;1
2015-06-10;10/06/2015;3100;3100;3100;3100;252
2015-06-11;11/06/2015;3100;3100;3100;3100;111
2015-06-12;12/06/2015;2900;2900;2900;2900;11382
2015-06-15;15/06/2015;2970;2970;2970;2970;100
2015-06-16;16/06/2015;2900;2900;2900;2900;2095
2015-06-17;17/06/2015;2900;2900;2900;2900;857
2015-06-18;18/06/2015;2900;2900;2900;2900;20
2015-06-22;22/06/2015;2900;2900;2900;2900;223
2015-06-23;23/06/2015;2900;2900;2900;2900;200
2015-06-25;25/06/2015;2900;2900;2900;2900;150
2015-06-26;26/06/2015;2900;2900;2900;2900;145
2015-06-29;29/06/2015;3099;3099;3099;3099;34
2015-06-30;30/06/2015;2900;2900;2900;2900;1655
2015-07-01;01/07/2015;3050;3050;3050;3050;7
2015-07-02;02/07/2015;3050;3050;3050;3050;12
2015-07-03;03/07/2015;3000;3000;3000;3000;298
2015-07-06;06/07/2015;2900;2900;2900;2900;241
2015-07-07;07/07/2015;2950;2950;2950;2950;42
2015-07-10;10/07/2015;3050;3050;3050;3050;123
2015-07-13;13/07/2015;3000;3000;3000;3000;45
2015-07-14;14/07/2015;3000;3000;3000;3000;450
2015-07-15;15/07/2015;3000;3000;3000;3000;29
2015-07-16;16/07/2015;2911;2911;2911;2911;131
2015-07-17;17/07/2015;2910.5;2910.5;2910.5;2910.5;1310
2015-07-21;21/07/2015;2900;2900;2900;2900;379
2015-07-22;22/07/2015;2980;2980;2980;2980;227
2015-07-23;23/07/2015;2900;2900;2900;2900;50
2015-07-24;24/07/2015;2900;2900;2900;2900;133
2015-07-27;27/07/2015;2898;2898;2898;2898;205
2015-07-28;28/07/2015;2900;2900;2900;2900;366
2015-07-29;29/07/2015;2850;2850;2850;2850;20
2015-07-30;30/07/2015;2816;2816;2816;2816;23
2015-07-31;31/07/2015;2816;2816;2816;2816;12
2015-08-03;03/08/2015;2816;2816;2816;2816;71
2015-08-04;04/08/2015;2800;2800;2800;2800;39
2015-08-06;06/08/2015;2775;2775;2775;2775;150
2015-08-07;07/08/2015;2775;2775;2775;2775;1500
2015-08-10;10/08/2015;2800;2800;2800;2800;15
2015-08-11;11/08/2015;2800;2800;2800;2800;50
2015-08-12;12/08/2015;2775;2775;2775;2775;135
2015-08-13;13/08/2015;2750;2750;2750;2750;24
2015-08-14;14/08/2015;2601;2601;2601;2601;73
2015-08-17;17/08/2015;2601;2601;2601;2601;27
2015-08-19;19/08/2015;2650;2650;2650;2650;60
2015-08-20;20/08/2015;2650;2650;2650;2650;103
2015-08-21;21/08/2015;2650;2650;2650;2650;50
2015-08-24;24/08/2015;2651;2651;2651;2651;16
2015-08-25;25/08/2015;2650;2650;2650;2650;306
2015-08-26;26/08/2015;2650;2650;2650;2650;10
2015-08-27;27/08/2015;2795;2795;2795;2795;208
2015-08-28;28/08/2015;2650;2650;2650;2650;5
2015-08-31;31/08/2015;2650;2650;2650;2650;62
2015-09-01;01/09/2015;2650;2650;2650;2650;5
2015-09-02;02/09/2015;2700;2700;2700;2700;2
2015-09-07;07/09/2015;2650;2650;2650;2650;7
2015-09-08;08/09/2015;2650;2650;2650;2650;27
2015-09-09;09/09/2015;2700;2700;2700;2700;18
2015-09-10;10/09/2015;2699;2699;2699;2699;42
2015-09-11;11/09/2015;2650;2650;2650;2650;105
2015-09-14;14/09/2015;2650;2650;2650;2650;618
2015-09-15;15/09/2015;2601;2601;2601;2601;4
2015-09-16;16/09/2015;2600;2600;2600;2600;612
2015-09-17;17/09/2015;2600;2600;2600;2600;120
2015-09-18;18/09/2015;2600;2600;2600;2600;500
2015-09-21;21/09/2015;2600;2600;2600;2600;37
2015-09-22;22/09/2015;2550;2550;2550;2550;281
2015-09-23;23/09/2015;2550;2550;2550;2550;274
2015-09-24;24/09/2015;2550;2550;2550;2550;2740
2015-09-25;25/09/2015;2550;2550;2550;2550;11
2015-09-28;28/09/2015;2550;2550;2550;2550;17
2015-09-29;29/09/2015;2550;2550;2550;2550;20
2015-09-30;30/09/2015;2600;2600;2600;2600;150
2015-10-01;01/10/2015;2655;2655;2655;2655;52
2015-10-02;02/10/2015;2795;2795;2795;2795;7
2015-10-05;05/10/2015;2750;2750;2750;2750;760
2015-10-06;06/10/2015;2750;2750;2750;2750;350
2015-10-08;08/10/2015;2600;2600;2600;2600;725
2015-10-09;09/10/2015;2600;2600;2600;2600;10
2015-10-12;12/10/2015;2601;2601;2601;2601;970
2015-10-13;13/10/2015;2680;2680;2680;2680;35
2015-10-14;14/10/2015;2600;2600;2600;2600;84
2015-10-15;15/10/2015;2600;2600;2600;2600;202
2015-10-16;16/10/2015;2601;2601;2601;2601;25
2015-10-19;19/10/2015;2600;2600;2600;2600;342
2015-10-20;20/10/2015;2650;2650;2650;2650;7
2015-10-21;21/10/2015;2650;2650;2650;2650;31
2015-10-26;26/10/2015;2660;2660;2660;2660;11
2015-10-27;27/10/2015;2650;2650;2650;2650;107
2015-10-28;28/10/2015;2675;2675;2675;2675;283
2015-10-30;30/10/2015;2700;2700;2700;2700;5
2015-11-02;02/11/2015;2670;2670;2670;2670;16
2015-11-03;03/11/2015;2600;2600;2600;2600;1258
2015-11-04;04/11/2015;2640;2640;2640;2640;175
2015-11-05;05/11/2015;2649;2649;2649;2649;12
2015-11-06;06/11/2015;2650;2650;2650;2650;53
2015-11-09;09/11/2015;2650;2650;2650;2650;221
2015-11-10;10/11/2015;2630;2630;2630;2630;5
2015-11-11;11/11/2015;2630;2630;2630;2630;74
2015-11-12;12/11/2015;2600;2600;2600;2600;575
2015-11-13;13/11/2015;2599;2599;2599;2599;105
2015-11-18;18/11/2015;2640;2640;2640;2640;200
2015-11-19;19/11/2015;2650;2650;2650;2650;138
2015-11-20;20/11/2015;2650;2650;2650;2650;602
2015-11-23;23/11/2015;2660;2660;2660;2660;292
2015-11-24;24/11/2015;2660;2660;2660;2660;217
2015-11-30;30/11/2015;2659;2659;2659;2659;7
2015-12-01;01/12/2015;2660;2660;2660;2660;351
2015-12-02;02/12/2015;2690;2690;2690;2690;300
2015-12-04;04/12/2015;2730;2730;2730;2730;116
2015-12-07;07/12/2015;2700;2700;2700;2700;17
2015-12-10;10/12/2015;2660;2660;2660;2660;39
2015-12-11;11/12/2015;2700;2700;2700;2700;50
2015-12-14;14/12/2015;2660;2660;2660;2660;109
2015-12-15;15/12/2015;2520;2520;2520;2520;632
2015-12-16;16/12/2015;2520;2520;2520;2520;15
2015-12-18;18/12/2015;2570;2570;2570;2570;15
2015-12-21;21/12/2015;2550;2550;2550;2550;35
2015-12-22;22/12/2015;2540;2540;2540;2540;3
2015-12-28;28/12/2015;2550;2550;2550;2550;6
2015-12-29;29/12/2015;2551;2551;2551;2551;55
2015-12-31;31/12/2015;2560;2560;2560;2560;268
2016-01-05;05/01/2016;2600;2600;2600;2600;2
2016-01-06;06/01/2016;2600;2600;2600;2600;235
2016-01-07;07/01/2016;2550;2550;2550;2550;1000
2016-01-08;08/01/2016;2600;2600;2600;2600;10
2016-01-12;12/01/2016;2601;2601;2601;2601;42
2016-01-13;13/01/2016;2660;2660;2660;2660;25
2016-01-14;14/01/2016;2660;2660;2660;2660;16
2016-01-15;15/01/2016;2650;2650;2650;2650;62
2016-01-18;18/01/2016;2649;2649;2649;2649;3
2016-01-19;19/01/2016;2601;2601;2601;2601;10
2016-01-20;20/01/2016;2601;2601;2601;2601;9
2016-01-21;21/01/2016;2649;2649;2649;2649;370
2016-01-22;22/01/2016;2649;2649;2649;2649;5
2016-01-25;25/01/2016;2660;2660;2660;2660;150
2016-01-26;26/01/2016;2650;2650;2650;2650;30
2016-01-28;28/01/2016;2651;2651;2651;2651;30
2016-02-02;02/02/2016;2715;2715;2715;2715;705
2016-02-03;03/02/2016;2849;2849;2849;2849;35
2016-02-04;04/02/2016;2849;2849;2849;2849;15
2016-02-08;08/02/2016;2850;2850;2850;2850;12
2016-02-09;09/02/2016;2900;2900;2900;2900;8
2016-02-10;10/02/2016;2860;2860;2860;2860;37
2016-02-11;11/02/2016;2849;2849;2849;2849;17
2016-02-12;12/02/2016;2850;2850;2850;2850;6
2016-02-16;16/02/2016;2850;2850;2850;2850;10
2016-02-18;18/02/2016;2750;2750;2750;2750;22
2016-02-19;19/02/2016;2750;2750;2750;2750;561
2016-02-22;22/02/2016;2700;2700;2700;2700;60
2016-02-23;23/02/2016;2690;2690;2690;2690;283
2016-02-24;24/02/2016;2700;2700;2700;2700;126
2016-02-25;25/02/2016;2620;2620;2620;2620;27
2016-02-29;29/02/2016;2625;2625;2625;2625;35
2016-03-01;01/03/2016;2700;2700;2700;2700;15
2016-03-02;02/03/2016;2700;2700;2700;2700;1
2016-03-03;03/03/2016;2650;2650;2650;2650;108
2016-03-04;04/03/2016;2700;2700;2700;2700;12
2016-03-07;07/03/2016;2700;2700;2700;2700;3
2016-03-08;08/03/2016;2700;2700;2700;2700;15
2016-03-09;09/03/2016;2800;2800;2800;2800;63
2016-03-10;10/03/2016;2800;2800;2800;2800;22
2016-03-11;11/03/2016;2800;2800;2800;2800;121
2016-03-14;14/03/2016;2800;2800;2800;2800;406
2016-03-15;15/03/2016;2800;2800;2800;2800;74
2016-03-16;16/03/2016;2900;2900;2900;2900;1
2016-03-17;17/03/2016;2850;2850;2850;2850;4
2016-03-18;18/03/2016;2850;2850;2850;2850;57
2016-03-22;22/03/2016;2900;2900;2900;2900;123
2016-03-23;23/03/2016;2900;2900;2900;2900;77
2016-03-24;24/03/2016;2900;2900;2900;2900;23
2016-03-25;25/03/2016;3000;3000;3000;3000;56
2016-03-28;28/03/2016;3000;3000;3000;3000;560
2016-03-29;29/03/2016;3100;3100;3100;3100;895
2016-03-30;30/03/2016;3000;3000;3000;3000;2474
2016-03-31;31/03/2016;3000;3000;3000;3000;643
2016-04-01;01/04/2016;2860;2860;2860;2860;59
2016-04-04;04/04/2016;3000;3000;3000;3000;328
2016-04-05;05/04/2016;3000;3000;3000;3000;16
2016-04-06;06/04/2016;3000;3000;3000;3000;478
2016-04-07;07/04/2016;2950;2950;2950;2950;20
2016-04-08;08/04/2016;3000;3000;3000;3000;50
2016-04-11;11/04/2016;3000;3000;3000;3000;40
2016-04-13;13/04/2016;3050;3050;3050;3050;1224
2016-04-15;15/04/2016;3100;3100;3100;3100;15
2016-04-18;18/04/2016;3100;3100;3100;3100;27
2016-04-19;19/04/2016;3100;3100;3100;3100;40
2016-04-20;20/04/2016;3050;3050;3050;3050;74
2016-04-21;21/04/2016;3001;3001;3001;3001;2015
2016-04-22;22/04/2016;3100;3100;3100;3100;50
2016-04-25;25/04/2016;3101;3101;3101;3101;15
2016-04-26;26/04/2016;3150;3150;3150;3150;20
2016-04-28;28/04/2016;3153;3153;3153;3153;230
2016-04-29;29/04/2016;3389;3389;3389;3389;924
2016-05-02;02/05/2016;3389;3389;3389;3389;9240
2016-05-03;03/05/2016;3500;3500;3500;3500;765
2016-05-04;04/05/2016;3700;3700;3700;3700;91
2016-05-05;05/05/2016;3700;3700;3700;3700;910
2016-05-06;06/05/2016;3700;3700;3700;3700;92
2016-05-09;09/05/2016;3800;3800;3800;3800;212
2016-05-10;10/05/2016;3590;3590;3590;3590;15
2016-05-11;11/05/2016;3450;3450;3450;3450;49
2016-05-12;12/05/2016;3450;3450;3450;3450;236
2016-05-13;13/05/2016;3461;3461;3461;3461;10
2016-05-16;16/05/2016;3460.5;3460.5;3460.5;3460.5;100
2016-05-17;17/05/2016;3700;3700;3700;3700;2
2016-05-18;18/05/2016;3530;3530;3530;3530;155
2016-05-20;20/05/2016;3550;3550;3550;3550;210
2016-05-24;24/05/2016;3501;3501;3501;3501;213
2016-05-25;25/05/2016;3400;3400;3400;3400;617
2016-05-26;26/05/2016;3300;3300;3300;3300;49
2016-05-27;27/05/2016;3300;3300;3300;3300;105
2016-05-30;30/05/2016;3280;3280;3280;3280;118
2016-05-31;31/05/2016;3400;3400;3400;3400;66
2016-06-02;02/06/2016;3350;3350;3350;3350;78
2016-06-06;06/06/2016;3350;3350;3350;3350;40
2016-06-07;07/06/2016;3350;3350;3350;3350;3
2016-06-08;08/06/2016;3400;3400;3400;3400;146
2016-06-09;09/06/2016;3400;3400;3400;3400;51
2016-06-10;10/06/2016;3321;3321;3321;3321;179
2016-06-13;13/06/2016;3399;3399;3399;3399;24
2016-06-14;14/06/2016;3400;3400;3400;3400;181
2016-06-15;15/06/2016;3400;3400;3400;3400;6
2016-06-16;16/06/2016;3400;3400;3400;3400;158
2016-06-17;17/06/2016;3398;3398;3398;3398;51
2016-06-20;20/06/2016;3400;3400;3400;3400;5
2016-06-21;21/06/2016;3400;3400;3400;3400;187
2016-06-22;22/06/2016;3500;3500;3500;3500;203
2016-06-23;23/06/2016;3550;3550;3550;3550;71
2016-06-24;24/06/2016;3500;3500;3500;3500;395
2016-06-27;27/06/2016;3600;3600;3600;3600;42
2016-06-28;28/06/2016;3600;3600;3600;3600;70
2016-06-29;29/06/2016;3600;3600;3600;3600;117
2016-06-30;30/06/2016;3601;3601;3601;3601;576
2016-07-01;01/07/2016;3800;3800;3800;3800;327
2016-07-07;07/07/2016;3750;3750;3750;3750;192
2016-07-08;08/07/2016;3600;3600;3600;3600;149
2016-07-11;11/07/2016;3400;3400;3400;3400;102
2016-07-12;12/07/2016;3200;3200;3200;3200;247
2016-07-13;13/07/2016;3320;3320;3320;3320;60
2016-07-14;14/07/2016;3290;3290;3290;3290;146
2016-07-15;15/07/2016;3044;3044;3044;3044;7
2016-07-19;19/07/2016;3200;3200;3200;3200;88
2016-07-20;20/07/2016;3355;3355;3355;3355;25
2016-07-21;21/07/2016;3230;3230;3230;3230;84
2016-07-22;22/07/2016;3230;3230;3230;3230;54
2016-07-27;27/07/2016;3000;3000;3000;3000;53
2016-07-28;28/07/2016;3000;3000;3000;3000;20
2016-07-29;29/07/2016;3000;3000;3000;3000;65
2016-08-02;02/08/2016;3100;3100;3100;3100;11
2016-08-03;03/08/2016;3100;3100;3100;3100;15
2016-08-09;09/08/2016;3101;3101;3101;3101;21
2016-08-10;10/08/2016;3101;3101;3101;3101;1
2016-08-11;11/08/2016;3110;3110;3110;3110;4
2016-08-16;16/08/2016;3200;3200;3200;3200;14
2016-08-17;17/08/2016;3210;3210;3210;3210;1
2016-08-18;18/08/2016;3300;3300;3300;3300;47
2016-08-19;19/08/2016;3200;3200;3200;3200;27
2016-08-22;22/08/2016;3210;3210;3210;3210;6
2016-08-23;23/08/2016;3200;3200;3200;3200;9
2016-08-24;24/08/2016;3340;3340;3340;3340;7
2016-08-25;25/08/2016;3340;3340;3340;3340;1
2016-08-26;26/08/2016;3201;3201;3201;3201;219
2016-08-29;29/08/2016;3300;3300;3300;3300;31
2016-08-30;30/08/2016;3335;3335;3335;3335;23
2016-08-31;31/08/2016;3251;3251;3251;3251;133
2016-09-01;01/09/2016;3300;3300;3300;3300;74
2016-09-02;02/09/2016;3301;3301;3301;3301;2
2016-09-06;06/09/2016;3300;3300;3300;3300;91
2016-09-08;08/09/2016;3281;3281;3281;3281;18
2016-09-09;09/09/2016;3281;3281;3281;3281;70
2016-09-12;12/09/2016;3280.5;3280.5;3280.5;3280.5;700
2016-09-13;13/09/2016;3300;3300;3300;3300;46
2016-09-14;14/09/2016;3300;3300;3300;3300;19
2016-09-15;15/09/2016;3300;3300;3300;3300;57
2016-09-16;16/09/2016;3250;3250;3250;3250;6
2016-09-19;19/09/2016;3225;3225;3225;3225;38
2016-09-20;20/09/2016;3250;3250;3250;3250;109
2016-09-21;21/09/2016;3250;3250;3250;3250;152
2016-09-22;22/09/2016;3200;3200;3200;3200;118
2016-09-23;23/09/2016;3190;3190;3190;3190;65
2016-09-26;26/09/2016;3200;3200;3200;3200;55
2016-09-27;27/09/2016;3225;3225;3225;3225;1
2016-09-28;28/09/2016;3300;3300;3300;3300;162
2016-09-29;29/09/2016;3300;3300;3300;3300;2
2016-09-30;30/09/2016;3199;3199;3199;3199;3
2016-10-03;03/10/2016;3200;3200;3200;3200;1
2016-10-04;04/10/2016;3200;3200;3200;3200;54
2016-10-05;05/10/2016;3200;3200;3200;3200;269
2016-10-06;06/10/2016;3200;3200;3200;3200;2
2016-10-07;07/10/2016;3200;3200;3200;3200;5
2016-10-10;10/10/2016;3200;3200;3200;3200;11
2016-10-13;13/10/2016;3200;3200;3200;3200;2
2016-10-14;14/10/2016;3200;3200;3200;3200;115
2016-10-17;17/10/2016;3190;3190;3190;3190;1
2016-10-19;19/10/2016;3000;3000;3000;3000;1
2016-10-21;21/10/2016;3000;3000;3000;3000;29
2016-10-24;24/10/2016;3000;3000;3000;3000;25
2016-10-28;28/10/2016;2900;2900;2900;2900;162
2016-11-02;02/11/2016;2850;2850;2850;2850;27
2016-11-04;04/11/2016;2850;2850;2850;2850;10
2016-11-07;07/11/2016;2900;2900;2900;2900;21
2016-11-09;09/11/2016;2750;2750;2750;2750;2
2016-11-11;11/11/2016;2750;2750;2750;2750;25
2016-11-14;14/11/2016;2750;2750;2750;2750;2
2016-11-15;15/11/2016;2750;2750;2750;2750;20
2016-11-16;16/11/2016;2750;2750;2750;2750;5
2016-11-17;17/11/2016;2750;2750;2750;2750;65
2016-11-18;18/11/2016;2750;2750;2750;2750;44
2016-11-22;22/11/2016;2700;2700;2700;2700;187
2016-11-23;23/11/2016;2500;2500;2500;2500;5
2016-11-24;24/11/2016;2688;2688;2688;2688;1085
2016-11-25;25/11/2016;2650;2650;2650;2650;20
2016-11-28;28/11/2016;2800;2800;2800;2800;4
2016-11-29;29/11/2016;2900;2900;2900;2900;19
2016-11-30;30/11/2016;2805;2805;2805;2805;4
2016-12-01;01/12/2016;2750;2750;2750;2750;2
2016-12-07;07/12/2016;2956;2956;2956;2956;265
2016-12-08;08/12/2016;3100;3100;3100;3100;3
2016-12-09;09/12/2016;3100;3100;3100;3100;17
2016-12-12;12/12/2016;3100;3100;3100;3100;170
2016-12-13;13/12/2016;3101;3101;3101;3101;55
2016-12-14;14/12/2016;3330;3330;3330;3330;108
2016-12-15;15/12/2016;3150;3150;3150;3150;73
2016-12-19;19/12/2016;3200;3200;3200;3200;63
2016-12-20;20/12/2016;3200;3200;3200;3200;20
2016-12-21;21/12/2016;3200;3200;3200;3200;1158
2016-12-23;23/12/2016;3200;3200;3200;3200;43
2016-12-26;26/12/2016;3200;3200;3200;3200;430
2016-12-27;27/12/2016;3230;3230;3230;3230;431
2016-12-28;28/12/2016;3200;3200;3200;3200;155
2016-12-29;29/12/2016;3300;3300;3300;3300;155
2017-01-02;02/01/2017;3300;3300;3300;3300;100
2017-01-03;03/01/2017;3150;3150;3150;3150;27
2017-01-05;05/01/2017;3190;3190;3190;3190;25
2017-01-09;09/01/2017;3180;3180;3180;3180;132
2017-01-10;10/01/2017;3300;3300;3300;3300;299
2017-01-11;11/01/2017;3300;3300;3300;3300;20
2017-01-12;12/01/2017;3300;3300;3300;3300;12
2017-01-13;13/01/2017;3418;3418;3418;3418;14
2017-01-16;16/01/2017;3425;3425;3425;3425;15
2017-01-17;17/01/2017;3682;3682;3682;3682;165
2017-01-18;18/01/2017;3430;3430;3430;3430;32
2017-01-19;19/01/2017;3410;3410;3410;3410;274
2017-01-20;20/01/2017;3410;3410;3410;3410;129
2017-01-23;23/01/2017;3500;3500;3500;3500;135
2017-01-24;24/01/2017;3310;3310;3310;3310;83
2017-01-25;25/01/2017;3310;3310;3310;3310;498
2017-01-26;26/01/2017;3250;3250;3250;3250;140
2017-01-27;27/01/2017;3300;3300;3300;3300;95
2017-01-30;30/01/2017;3310;3310;3310;3310;296
2017-01-31;31/01/2017;3550;3550;3550;3550;843
2017-02-01;01/02/2017;3551;3551;3551;3551;1381
2017-02-02;02/02/2017;3600;3600;3600;3600;9
2017-02-03;03/02/2017;3600;3600;3600;3600;104
2017-02-06;06/02/2017;3650;3650;3650;3650;327
2017-02-07;07/02/2017;3650;3650;3650;3650;770
2017-02-08;08/02/2017;3650;3650;3650;3650;28
2017-02-09;09/02/2017;3650;3650;3650;3650;24
2017-02-10;10/02/2017;3650;3650;3650;3650;160
2017-02-13;13/02/2017;3660;3660;3660;3660;71
2017-02-14;14/02/2017;3651;3651;3651;3651;120
2017-02-15;15/02/2017;3680;3680;3680;3680;82
2017-02-16;16/02/2017;3660;3660;3660;3660;19
2017-02-17;17/02/2017;3680;3680;3680;3680;37
2017-02-20;20/02/2017;3680;3680;3680;3680;69
2017-02-21;21/02/2017;3682;3682;3682;3682;19
2017-02-22;22/02/2017;3700;3700;3700;3700;404
2017-02-23;23/02/2017;3740;3740;3740;3740;20
2017-02-24;24/02/2017;3660;3660;3660;3660;263
2017-03-01;01/03/2017;3660;3660;3660;3660;1255
2017-03-02;02/03/2017;3500;3500;3500;3500;2020
2017-03-03;03/03/2017;3500;3500;3500;3500;14
2017-03-06;06/03/2017;3500;3500;3500;3500;1585
2017-03-07;07/03/2017;3400;3400;3400;3400;60
2017-03-08;08/03/2017;3400;3400;3400;3400;211
2017-03-09;09/03/2017;3400;3400;3400;3400;89
2017-03-10;10/03/2017;3400;3400;3400;3400;270
2017-03-13;13/03/2017;3500;3500;3500;3500;908
2017-03-14;14/03/2017;3400;3400;3400;3400;116
2017-03-15;15/03/2017;3200;3200;3200;3200;325
2017-03-16;16/03/2017;3200;3200;3200;3200;96
2017-03-17;17/03/2017;3200;3200;3200;3200;43
2017-03-20;20/03/2017;3150;3150;3150;3150;305
2017-03-21;21/03/2017;3150;3150;3150;3150;94
2017-03-22;22/03/2017;3150;3150;3150;3150;30
2017-03-23;23/03/2017;3150;3150;3150;3150;3
2017-03-24;24/03/2017;3151;3151;3151;3151;3
2017-03-27;27/03/2017;3150;3150;3150;3150;22
2017-03-28;28/03/2017;3200;3200;3200;3200;15
2017-03-29;29/03/2017;3150;3150;3150;3150;107
2017-03-30;30/03/2017;3220;3220;3220;3220;124
2017-03-31;31/03/2017;3300;3300;3300;3300;41
2017-04-03;03/04/2017;3250;3250;3250;3250;11
2017-04-04;04/04/2017;3250;3250;3250;3250;16
2017-04-05;05/04/2017;3250;3250;3250;3250;64
2017-04-06;06/04/2017;3250;3250;3250;3250;3
2017-04-07;07/04/2017;3251;3251;3251;3251;39
2017-04-10;10/04/2017;3251;3251;3251;3251;1
2017-04-12;12/04/2017;3450;3450;3450;3450;301
2017-04-13;13/04/2017;3709;3709;3709;3709;3320
2017-04-14;14/04/2017;3987;3987;3987;3987;608
2017-04-18;18/04/2017;4285;4285;4285;4285;3477
2017-04-19;19/04/2017;4606;4606;4606;4606;6550
2017-04-20;20/04/2017;4900;4900;4900;4900;1882
2017-04-21;21/04/2017;4950;4950;4950;4950;830
2017-04-24;24/04/2017;4950;4950;4950;4950;1184
2017-04-25;25/04/2017;4851;4851;4851;4851;210
2017-04-26;26/04/2017;4900;4900;4900;4900;176
2017-04-27;27/04/2017;4750;4750;4750;4750;154
2017-04-28;28/04/2017;4750;4750;4750;4750;342
2017-05-01;01/05/2017;4750;4750;4750;4750;3420
2017-05-02;02/05/2017;4750;4750;4750;4750;91
2017-05-03;03/05/2017;4700;4700;4700;4700;56
2017-05-04;04/05/2017;4700;4700;4700;4700;87
2017-05-05;05/05/2017;4620;4620;4620;4620;106
2017-05-08;08/05/2017;4540;4540;4540;4540;508
2017-05-09;09/05/2017;4540;4540;4540;4540;240
2017-05-10;10/05/2017;4510;4510;4510;4510;25
2017-05-11;11/05/2017;4510;4510;4510;4510;56
2017-05-12;12/05/2017;4500;4500;4500;4500;5
2017-05-16;16/05/2017;4500;4500;4500;4500;131
2017-05-17;17/05/2017;4500;4500;4500;4500;7
2017-05-18;18/05/2017;4500;4500;4500;4500;12
2017-05-19;19/05/2017;4400;4400;4400;4400;87
2017-05-22;22/05/2017;4400;4400;4400;4400;136
2017-05-23;23/05/2017;4210;4210;4210;4210;30
2017-05-24;24/05/2017;4400;4400;4400;4400;10
2017-05-25;25/05/2017;4400;4400;4400;4400;100
2017-05-26;26/05/2017;4220;4220;4220;4220;25
2017-05-29;29/05/2017;4200;4200;4200;4200;30
2017-05-31;31/05/2017;4001;4001;4001;4001;29
2017-06-01;01/06/2017;4100;4100;4100;4100;138
2017-06-02;02/06/2017;4000;4000;4000;4000;253
2017-06-05;05/06/2017;4000;4000;4000;4000;2530
2017-06-06;06/06/2017;4000;4000;4000;4000;51
2017-06-07;07/06/2017;3900;3900;3900;3900;28
2017-06-08;08/06/2017;3999;3999;3999;3999;108
2017-06-09;09/06/2017;3950;3950;3950;3950;161
2017-06-12;12/06/2017;3801;3801;3801;3801;77
2017-06-13;13/06/2017;3851;3851;3851;3851;22
2017-06-14;14/06/2017;3950;3950;3950;3950;77
2017-06-15;15/06/2017;3950;3950;3950;3950;2
2017-06-16;16/06/2017;3801;3801;3801;3801;444
2017-06-19;19/06/2017;3900;3900;3900;3900;3
2017-06-20;20/06/2017;4000;4000;4000;4000;343
2017-06-21;21/06/2017;3800;3800;3800;3800;899
2017-06-22;22/06/2017;3799.5;3799.5;3799.5;3799.5;8990
2017-06-23;23/06/2017;3800;3800;3800;3800;160
2017-06-27;27/06/2017;3515;3515;3515;3515;520
2017-06-28;28/06/2017;3600;3600;3600;3600;64
2017-06-29;29/06/2017;3611;3611;3611;3611;283
2017-06-30;30/06/2017;3881;3881;3881;3881;217
2017-07-03;03/07/2017;4000;4000;4000;4000;21
2017-07-04;04/07/2017;4000;4000;4000;4000;7
2017-07-05;05/07/2017;3800;3800;3800;3800;142
2017-07-06;06/07/2017;3800;3800;3800;3800;65
2017-07-07;07/07/2017;3800;3800;3800;3800;100
2017-07-10;10/07/2017;3901;3901;3901;3901;11
2017-07-11;11/07/2017;3800;3800;3800;3800;514
2017-07-12;12/07/2017;3800;3800;3800;3800;370
2017-07-13;13/07/2017;3800;3800;3800;3800;64
2017-07-14;14/07/2017;3850;3850;3850;3850;60
2017-07-17;17/07/2017;3850;3850;3850;3850;37
2017-07-18;18/07/2017;3875;3875;3875;3875;18
2017-07-19;19/07/2017;4100;4100;4100;4100;565
2017-07-20;20/07/2017;4001;4001;4001;4001;44
2017-07-21;21/07/2017;4002;4002;4002;4002;53
2017-07-24;24/07/2017;4100;4100;4100;4100;19
2017-07-25;25/07/2017;4000;4000;4000;4000;54
2017-07-26;26/07/2017;4000;4000;4000;4000;94
2017-07-27;27/07/2017;3800;3800;3800;3800;42
2017-07-28;28/07/2017;3800;3800;3800;3800;64
2017-07-31;31/07/2017;3800;3800;3800;3800;51
2017-08-01;01/08/2017;3600;3600;3600;3600;68
2017-08-02;02/08/2017;3550;3550;3550;3550;38
2017-08-03;03/08/2017;3700;3700;3700;3700;20
2017-08-04;04/08/2017;3600;3600;3600;3600;730
2017-08-07;07/08/2017;3600;3600;3600;3600;7300
2017-08-08;08/08/2017;3800;3800;3800;3800;239
2017-08-09;09/08/2017;3800;3800;3800;3800;7
2017-08-10;10/08/2017;3700;3700;3700;3700;299
2017-08-11;11/08/2017;3800;3800;3800;3800;26
2017-08-14;14/08/2017;3700;3700;3700;3700;46
2017-08-15;15/08/2017;3700;3700;3700;3700;460
2017-08-16;16/08/2017;3701;3701;3701;3701;60
2017-08-17;17/08/2017;3700;3700;3700;3700;3280
2017-08-21;21/08/2017;3975;3975;3975;3975;1198
2017-08-22;22/08/2017;3750;3750;3750;3750;868
2017-08-23;23/08/2017;3700;3700;3700;3700;26016
2017-08-24;24/08/2017;3690;3690;3690;3690;11319
2017-08-25;25/08/2017;3690;3690;3690;3690;96
2017-08-28;28/08/2017;3750;3750;3750;3750;1129
2017-08-29;29/08/2017;3600;3600;3600;3600;232
2017-08-30;30/08/2017;3700;3700;3700;3700;3335
2017-08-31;31/08/2017;3750;3750;3750;3750;2567
2017-09-01;01/09/2017;3750;3750;3750;3750;2567
2017-09-04;04/09/2017;3800;3800;3800;3800;61
2017-09-05;05/09/2017;3800;3800;3800;3800;695
2017-09-06;06/09/2017;3800;3800;3800;3800;581
2017-09-07;07/09/2017;3800;3800;3800;3800;1866
2017-09-08;08/09/2017;3795;3795;3795;3795;15730
2017-09-11;11/09/2017;3800;3800;3800;3800;1582
2017-09-12;12/09/2017;3800;3800;3800;3800;1156
2017-09-13;13/09/2017;3800;3800;3800;3800;940
2017-09-14;14/09/2017;3800;3800;3800;3800;495
2017-09-15;15/09/2017;3600;3600;3600;3600;295
2017-09-18;18/09/2017;3700;3700;3700;3700;301
2017-09-19;19/09/2017;3500;3500;3500;3500;539
2017-09-20;20/09/2017;3500;3500;3500;3500;712
2017-09-21;21/09/2017;3700;3700;3700;3700;883
2017-09-22;22/09/2017;3550;3550;3550;3550;4998
2017-09-25;25/09/2017;3610;3610;3610;3610;3077
2017-09-26;26/09/2017;3800;3800;3800;3800;463
2017-09-27;27/09/2017;3800;3800;3800;3800;1659
2017-09-28;28/09/2017;3900;3900;3900;3900;6946
2017-09-29;29/09/2017;3800;3800;3800;3800;5139
2017-10-02;02/10/2017;3750;3750;3750;3750;1778
2017-10-03;03/10/2017;3700;3700;3700;3700;1237
2017-10-04;04/10/2017;3800;3800;3800;3800;525
2017-10-05;05/10/2017;4000;4000;4000;4000;1699
2017-10-06;06/10/2017;4000;4000;4000;4000;4391
2017-10-09;09/10/2017;4000;4000;4000;4000;848
2017-10-10;10/10/2017;4000;4000;4000;4000;4617
2017-10-11;11/10/2017;3700;3700;3700;3700;8083
2017-10-12;12/10/2017;3800;3800;3800;3800;315
2017-10-13;13/10/2017;3795;3795;3795;3795;8539
2017-10-16;16/10/2017;3750;3750;3750;3750;2438
2017-10-17;17/10/2017;3750;3750;3750;3750;2542
2017-10-18;18/10/2017;3850;3850;3850;3850;115
2017-10-19;19/10/2017;3860;3860;3860;3860;755
2017-10-20;20/10/2017;3950;3950;3950;3950;1619
2017-10-23;23/10/2017;4000;4000;4000;4000;56
2017-10-24;24/10/2017;4050;4050;4050;4050;961
2017-10-25;25/10/2017;3900;3900;3900;3900;782
2017-10-26;26/10/2017;3855;3855;3855;3855;1898
2017-10-27;27/10/2017;3700;3700;3700;3700;1594
2017-10-30;30/10/2017;3705;3705;3705;3705;706
2017-10-31;31/10/2017;3700;3700;3700;3700;1435
2017-11-01;01/11/2017;3700;3700;3700;3700;1435
2017-11-02;02/11/2017;3750;3750;3750;3750;27603
2017-11-03;03/11/2017;3700;3700;3700;3700;18361
2017-11-06;06/11/2017;3900;3900;3900;3900;5619
2017-11-07;07/11/2017;3900;3900;3900;3900;268
2017-11-08;08/11/2017;3610;3610;3610;3610;1968
2017-11-09;09/11/2017;3800;3800;3800;3800;527
2017-11-10;10/11/2017;3750;3750;3750;3750;291
2017-11-13;13/11/2017;3850;3850;3850;3850;73
2017-11-14;14/11/2017;3850;3850;3850;3850;1
2017-11-15;15/11/2017;3850;3850;3850;3850;1
2017-11-16;16/11/2017;4000;4000;4000;4000;6085
2017-11-17;17/11/2017;4100;4100;4100;4100;17898
2017-11-20;20/11/2017;4100;4100;4100;4100;2868
2017-11-21;21/11/2017;4100;4100;4100;4100;891
2017-11-22;22/11/2017;4200;4200;4200;4200;82267
2017-11-23;23/11/2017;4100;4100;4100;4100;598
2017-11-24;24/11/2017;4095;4095;4095;4095;558
2017-11-27;27/11/2017;4000;4000;4000;4000;602
2017-11-28;28/11/2017;4100;4100;4100;4100;2867
2017-11-29;29/11/2017;3900;3900;3900;3900;316
2017-11-30;30/11/2017;4005;4005;4005;4005;5024
2017-12-01;01/12/2017;4005;4005;4005;4005;5024
2017-12-04;04/12/2017;4000;4000;4000;4000;363
2017-12-05;05/12/2017;4095;4095;4095;4095;702
2017-12-06;06/12/2017;4100;4100;4100;4100;1240
2017-12-07;07/12/2017;4100;4100;4100;4100;4183
2017-12-08;08/12/2017;4100;4100;4100;4100;787
2017-12-11;11/12/2017;4100;4100;4100;4100;197
2017-12-12;12/12/2017;4100;4100;4100;4100;1527
2017-12-13;13/12/2017;4100;4100;4100;4100;56780
2017-12-14;14/12/2017;4200;4200;4200;4200;65680
2017-12-15;15/12/2017;4195;4195;4195;4195;854
2017-12-18;18/12/2017;4100;4100;4100;4100;177
2017-12-19;19/12/2017;4100;4100;4100;4100;1915
2017-12-20;20/12/2017;4100;4100;4100;4100;14440
2017-12-21;21/12/2017;4100;4100;4100;4100;540
2017-12-22;22/12/2017;4300;4300;4300;4300;1316
2017-12-25;25/12/2017;4300;4300;4300;4300;1316
2017-12-26;26/12/2017;4300;4300;4300;4300;792
2017-12-27;27/12/2017;4400;4400;4400;4400;121173
2017-12-28;28/12/2017;4400;4400;4400;4400;2678
2017-12-29;29/12/2017;4200;4200;4200;4200;19962
2018-01-02;02/01/2018;4200;4200;4200;4200;461
2018-01-03;03/01/2018;4395;4395;4395;4395;662
2018-01-04;04/01/2018;4395;4395;4395;4395;974
2018-01-05;05/01/2018;4395;4395;4395;4395;5215
2018-01-08;08/01/2018;4185;4185;4185;4185;254
2018-01-09;09/01/2018;4200;4200;4200;4200;726
2018-01-10;10/01/2018;4250;4250;4250;4250;542
2018-01-11;11/01/2018;4350;4350;4350;4350;336
2018-01-12;12/01/2018;4310;4310;4310;4310;1065
2018-01-15;15/01/2018;4370;4370;4370;4370;1867
2018-01-16;16/01/2018;4400;4400;4400;4400;2365
2018-01-17;17/01/2018;4445;4445;4445;4445;1432
2018-01-18;18/01/2018;4430;4430;4430;4430;2630
2018-01-19;19/01/2018;4400;4400;4400;4400;3389
2018-01-22;22/01/2018;4400;4400;4400;4400;3908
2018-01-23;23/01/2018;4400;4400;4400;4400;7519
2018-01-24;24/01/2018;4400;4400;4400;4400;2829
2018-01-25;25/01/2018;4395;4395;4395;4395;2481
2018-01-26;26/01/2018;4350;4350;4350;4350;1902
2018-01-29;29/01/2018;4300;4300;4300;4300;1706
2018-01-30;30/01/2018;4395;4395;4395;4395;2314
2018-01-31;31/01/2018;4400;4400;4400;4400;14883
2018-02-01;01/02/2018;4700;4700;4700;4700;5115
2018-02-02;02/02/2018;4700;4700;4700;4700;2071
2018-02-05;05/02/2018;4720;4720;4720;4720;7426
2018-02-06;06/02/2018;4700;4700;4700;4700;7802
2018-02-07;07/02/2018;4700;4700;4700;4700;645
2018-02-08;08/02/2018;4690;4690;4690;4690;40691
2018-02-09;09/02/2018;4720;4720;4720;4720;919
2018-02-12;12/02/2018;4720;4720;4720;4720;3215
2018-02-13;13/02/2018;4700;4700;4700;4700;8608
2018-02-14;14/02/2018;4690;4690;4690;4690;3321
2018-02-15;15/02/2018;4950;4950;4950;4950;390
2018-02-16;16/02/2018;4950;4950;4950;4950;6240
2018-02-19;19/02/2018;4940;4940;4940;4940;1218
2018-02-20;20/02/2018;4930;4930;4930;4930;2889
2018-02-21;21/02/2018;4910;4910;4910;4910;1597
2018-02-22;22/02/2018;4950;4950;4950;4950;3290
2018-02-23;23/02/2018;4945;4945;4945;4945;523
2018-02-26;26/02/2018;4935;4935;4935;4935;1956
2018-02-27;27/02/2018;4950;4950;4950;4950;8687
2018-02-28;28/02/2018;5200;5200;5200;5200;13794
2018-03-01;01/03/2018;5295;5295;5295;5295;5168
2018-03-02;02/03/2018;5570;5570;5570;5570;7341
2018-03-05;05/03/2018;5500;5500;5500;5500;9629
2018-03-06;06/03/2018;5200;5200;5200;5200;1081
2018-03-07;07/03/2018;5200;5200;5200;5200;1481
2018-03-08;08/03/2018;5225;5225;5225;5225;3764
2018-03-09;09/03/2018;5225;5225;5225;5225;902
2018-03-12;12/03/2018;5100;5100;5100;5100;5186
2018-03-13;13/03/2018;5350;5350;5350;5350;190
2018-03-14;14/03/2018;5495;5495;5495;5495;8925
2018-03-15;15/03/2018;5500;5500;5500;5500;29167
2018-03-16;16/03/2018;5250;5250;5250;5250;321
2018-03-19;19/03/2018;5300;5300;5300;5300;775
2018-03-20;20/03/2018;5200;5200;5200;5200;5017
2018-03-21;21/03/2018;5590;5590;5590;5590;20573
2018-03-22;22/03/2018;5550;5550;5550;5550;780
2018-03-23;23/03/2018;5135;5135;5135;5135;5337
2018-03-26;26/03/2018;5130;5130;5130;5130;2285
2018-03-27;27/03/2018;4905;4905;4905;4905;3402
2018-03-28;28/03/2018;5200;5200;5200;5200;10881
2018-03-29;29/03/2018;5200;5200;5200;5200;2231
2018-03-30;30/03/2018;5250;5250;5250;5250;2672
2018-04-02;02/04/2018;5250;5250;5250;5250;2672
2018-04-03;03/04/2018;5200;5200;5200;5200;1376
2018-04-04;04/04/2018;5490;5490;5490;5490;15571
2018-04-05;05/04/2018;5395;5395;5395;5395;2085
2018-04-06;06/04/2018;5000;5000;5000;5000;9384
2018-04-09;09/04/2018;4625;4625;4625;4625;3144
2018-04-10;10/04/2018;4895;4895;4895;4895;2691
2018-04-11;11/04/2018;4900;4900;4900;4900;3096
2018-04-12;12/04/2018;4535;4535;4535;4535;7921
2018-04-13;13/04/2018;4590;4590;4590;4590;2658
2018-04-16;16/04/2018;4500;4500;4500;4500;2958
2018-04-17;17/04/2018;4570;4570;4570;4570;2523
2018-04-18;18/04/2018;4700;4700;4700;4700;5066
2018-04-19;19/04/2018;4700;4700;4700;4700;6597
2018-04-20;20/04/2018;4700;4700;4700;4700;10566
2018-04-23;23/04/2018;4600;4600;4600;4600;970
2018-04-24;24/04/2018;4595;4595;4595;4595;2978
2018-04-25;25/04/2018;4595;4595;4595;4595;3551
2018-04-26;26/04/2018;4580;4580;4580;4580;30276
2018-04-27;27/04/2018;4300;4300;4300;4300;3204
2018-05-09;09/05/2018;3900;3900;3900;3900;90
2018-05-10;10/05/2018;3900;3900;3900;3900;90
2018-05-11;11/05/2018;3895;3895;3895;3895;1724
2018-05-14;14/05/2018;3700;3700;3700;3700;762
2018-05-15;15/05/2018;3640;3640;3640;3640;821
2018-05-16;16/05/2018;3370;3370;3370;3370;295
2018-05-17;17/05/2018;3120;3120;3120;3120;1337
2018-05-18;18/05/2018;2890;2890;2890;2890;18497
2018-05-21;21/05/2018;2890;2890;2890;2890;18497
2018-05-22;22/05/2018;3000;3000;3000;3000;480
2018-05-23;23/05/2018;3200;3200;3200;3200;1093
2018-05-24;24/05/2018;3000;3000;3000;3000;23513
2018-05-25;25/05/2018;3225;3225;3225;3225;1293
2018-05-28;28/05/2018;3350;3350;3350;3350;945
2018-05-29;29/05/2018;3350;3350;3350;3350;3482
2018-05-30;30/05/2018;3500;3500;3500;3500;13555
2018-05-31;31/05/2018;3600;3600;3600;3600;3769
2018-06-01;01/06/2018;3500;3500;3500;3500;957
2018-06-04;04/06/2018;3650;3650;3650;3650;448
2018-06-05;05/06/2018;3650;3650;3650;3650;1536
2018-06-06;06/06/2018;3600;3600;3600;3600;737
2018-06-07;07/06/2018;3600;3600;3600;3600;16399
2018-06-08;08/06/2018;3600;3600;3600;3600;885
2018-06-11;11/06/2018;3600;3600;3600;3600;885
2018-06-12;12/06/2018;3595;3595;3595;3595;3968
2018-06-13;13/06/2018;3600;3600;3600;3600;1056
2018-06-14;14/06/2018;3600;3600;3600;3600;1056
2018-06-15;15/06/2018;3600;3600;3600;3600;172
2018-06-18;18/06/2018;3700;3700;3700;3700;764
2018-06-19;19/06/2018;3700;3700;3700;3700;269
2018-06-20;20/06/2018;3790;3790;3790;3790;835
2018-06-21;21/06/2018;3780;3780;3780;3780;5975
2018-06-28;28/06/2018;3650;3650;3650;3650;1069
2018-06-29;29/06/2018;3790;3790;3790;3790;5969
2018-07-02;02/07/2018;3800;3800;3800;3800;7894
2018-07-03;03/07/2018;3800;3800;3800;3800;5681
2018-07-04;04/07/2018;3800;3800;3800;3800;2424
2018-07-05;05/07/2018;3800;3800;3800;3800;22261
2018-07-06;06/07/2018;3800;3800;3800;3800;7197
2018-07-09;09/07/2018;3795;3795;3795;3795;21632
2018-07-10;10/07/2018;3800;3800;3800;3800;8760
2018-07-11;11/07/2018;3800;3800;3800;3800;4925
2018-07-12;12/07/2018;3800;3800;3800;3800;6206
2018-07-13;13/07/2018;3800;3800;3800;3800;4968
2018-07-16;16/07/2018;3795;3795;3795;3795;941
2018-07-17;17/07/2018;3800;3800;3800;3800;5325
2018-07-18;18/07/2018;3800;3800;3800;3800;7597
2018-07-19;19/07/2018;3500;3500;3500;3500;965
2018-07-20;20/07/2018;3500;3500;3500;3500;272
2018-07-23;23/07/2018;3400;3400;3400;3400;147
2018-07-24;24/07/2018;3250;3250;3250;3250;398
2018-07-25;25/07/2018;3255;3255;3255;3255;383
2018-07-26;26/07/2018;3255;3255;3255;3255;325
2018-07-30;30/07/2018;3150;3150;3150;3150;1261
2018-07-31;31/07/2018;3145;3145;3145;3145;581
2018-08-01;01/08/2018;3145;3145;3145;3145;1305
2018-08-02;02/08/2018;3200;3200;3200;3200;664
2018-08-03;03/08/2018;3200;3200;3200;3200;305
2018-08-06;06/08/2018;3200;3200;3200;3200;305
2018-08-07;07/08/2018;3200;3200;3200;3200;305
2018-08-08;08/08/2018;3250;3250;3250;3250;251
2018-08-09;09/08/2018;3205;3205;3205;3205;1097
2018-08-10;10/08/2018;3205;3205;3205;3205;543
2018-08-13;13/08/2018;3300;3300;3300;3300;1351
2018-08-14;14/08/2018;3350;3350;3350;3350;45
2018-08-20;20/08/2018;3305;3305;3305;3305;203
2018-08-21;21/08/2018;3305;3305;3305;3305;203
2018-08-22;22/08/2018;3300;3300;3300;3300;237
2018-08-23;23/08/2018;3300;3300;3300;3300;1752
2018-08-24;24/08/2018;3200;3200;3200;3200;1526
2018-08-27;27/08/2018;3155;3155;3155;3155;27
2018-08-28;28/08/2018;3200;3200;3200;3200;356
2018-08-29;29/08/2018;3200;3200;3200;3200;75
2018-08-30;30/08/2018;3200;3200;3200;3200;808
2018-08-31;31/08/2018;3145;3145;3145;3145;303
2018-09-03;03/09/2018;3000;3000;3000;3000;1684
2018-09-04;04/09/2018;2995;2995;2995;2995;358
2018-09-05;05/09/2018;3000;3000;3000;3000;763
2018-09-06;06/09/2018;3000;3000;3000;3000;279
2018-09-07;07/09/2018;3000;3000;3000;3000;1673
2018-09-10;10/09/2018;2900;2900;2900;2900;642
2018-09-11;11/09/2018;2920;2920;2920;2920;1183
2018-09-12;12/09/2018;2900;2900;2900;2900;378
2018-09-13;13/09/2018;2905;2905;2905;2905;8086
2018-09-14;14/09/2018;2895;2895;2895;2895;123
2018-09-17;17/09/2018;2895;2895;2895;2895;123
2018-09-18;18/09/2018;2900;2900;2900;2900;302
2018-09-19;19/09/2018;2850;2850;2850;2850;225
2018-09-20;20/09/2018;2845;2845;2845;2845;1087
2018-09-21;21/09/2018;2800;2800;2800;2800;385
2018-09-24;24/09/2018;2635;2635;2635;2635;7043
2018-09-25;25/09/2018;2800;2800;2800;2800;925
2018-09-26;26/09/2018;2650;2650;2650;2650;229
2018-09-27;27/09/2018;2820;2820;2820;2820;2100
2018-09-28;28/09/2018;3000;3000;3000;3000;6161
2018-10-01;01/10/2018;2900;2900;2900;2900;358
2018-10-02;02/10/2018;2900;2900;2900;2900;662
2018-10-03;03/10/2018;2820;2820;2820;2820;110
2018-10-04;04/10/2018;2755;2755;2755;2755;5795
2018-10-05;05/10/2018;2900;2900;2900;2900;290
2018-10-08;08/10/2018;2750;2750;2750;2750;239
2018-10-09;09/10/2018;2745;2745;2745;2745;97
2018-10-10;10/10/2018;2725;2725;2725;2725;62
2018-10-11;11/10/2018;2750;2750;2750;2750;1025
2018-10-12;12/10/2018;2750;2750;2750;2750;2062
2018-10-15;15/10/2018;2650;2650;2650;2650;200
2018-10-16;16/10/2018;2600;2600;2600;2600;333
2018-10-17;17/10/2018;2600;2600;2600;2600;7615
2018-10-18;18/10/2018;2550;2550;2550;2550;10
2018-10-19;19/10/2018;2400;2400;2400;2400;3978
2018-10-22;22/10/2018;2400;2400;2400;2400;40
2018-10-23;23/10/2018;2400;2400;2400;2400;229
2018-10-24;24/10/2018;2450;2450;2450;2450;621
2018-10-25;25/10/2018;2300;2300;2300;2300;814
2018-10-26;26/10/2018;2130;2130;2130;2130;334
2018-10-29;29/10/2018;1985;1985;1985;1985;1059
2018-10-30;30/10/2018;2000;2000;2000;2000;72
2018-10-31;31/10/2018;2100;2100;2100;2100;132
2018-11-01;01/11/2018;2100;2100;2100;2100;132
2018-11-02;02/11/2018;2005;2005;2005;2005;497
2018-11-05;05/11/2018;2100;2100;2100;2100;186
2018-11-06;06/11/2018;2200;2200;2200;2200;1746
2018-11-07;07/11/2018;2250;2250;2250;2250;2048
2018-11-08;08/11/2018;2350;2350;2350;2350;1568
2018-11-09;09/11/2018;2500;2500;2500;2500;4214
2018-11-12;12/11/2018;2400;2400;2400;2400;331
2018-11-13;13/11/2018;2470;2470;2470;2470;1288
2018-11-16;16/11/2018;2470;2470;2470;2470;1414
2018-11-21;21/11/2018;2450;2450;2450;2450;495
2018-11-22;22/11/2018;2275;2275;2275;2275;60
2018-11-23;23/11/2018;2250;2250;2250;2250;768
2018-11-26;26/11/2018;2100;2100;2100;2100;34
2018-11-27;27/11/2018;2100;2100;2100;2100;40
2018-11-28;28/11/2018;2100;2100;2100;2100;50
2018-11-29;29/11/2018;2000;2000;2000;2000;6057
2018-11-30;30/11/2018;2100;2100;2100;2100;15
2018-12-04;04/12/2018;2000;2000;2000;2000;279
2018-12-05;05/12/2018;2000;2000;2000;2000;3972
2018-12-06;06/12/2018;2005;2005;2005;2005;285
2018-12-07;07/12/2018;2100;2100;2100;2100;512
2018-12-10;10/12/2018;2250;2250;2250;2250;1108
2018-12-11;11/12/2018;2250;2250;2250;2250;50
2018-12-12;12/12/2018;2250;2250;2250;2250;2486
2018-12-13;13/12/2018;2220;2220;2220;2220;243
2018-12-14;14/12/2018;2220;2220;2220;2220;355
2018-12-17;17/12/2018;2180;2180;2180;2180;1987
2018-12-18;18/12/2018;2200;2200;2200;2200;763
2018-12-19;19/12/2018;2200;2200;2200;2200;151
2018-12-20;20/12/2018;2200;2200;2200;2200;120
2018-12-21;21/12/2018;2200;2200;2200;2200;1017
2018-12-24;24/12/2018;2225;2225;2225;2225;500
2018-12-25;25/12/2018;2225;2225;2225;2225;500
2018-12-26;26/12/2018;2225;2225;2225;2225;661
2018-12-27;27/12/2018;2250;2250;2250;2250;3070
2018-12-28;28/12/2018;2285;2285;2285;2285;3144
2019-01-02;02/01/2019;2225;2225;2225;2225;7
2019-01-03;03/01/2019;2200;2200;2200;2200;172
2019-01-04;04/01/2019;2200;2200;2200;2200;1004
2019-01-07;07/01/2019;2200;2200;2200;2200;160
2019-01-08;08/01/2019;2040;2040;2040;2040;133
2019-01-09;09/01/2019;2000;2000;2000;2000;282
2019-01-10;10/01/2019;1975;1975;1975;1975;230
2019-01-11;11/01/2019;1975;1975;1975;1975;256
2019-01-14;14/01/2019;2050;2050;2050;2050;192
2019-01-15;15/01/2019;1970;1970;1970;1970;58
2019-01-16;16/01/2019;1950;1950;1950;1950;367
2019-01-17;17/01/2019;1950;1950;1950;1950;370
2019-01-18;18/01/2019;1955;1995;1955;1995;561
2019-01-21;21/01/2019;2000;2000;1950;1950;164
2019-01-22;22/01/2019;1835;1950;1835;1950;369
2019-01-23;23/01/2019;1950;1950;1950;1950;99
2019-01-24;24/01/2019;1950;1950;1950;1950;1008
2019-01-25;25/01/2019;1950;2000;1950;2000;49
2019-01-28;28/01/2019;2000;2000;1850;1850;1012
2019-01-29;29/01/2019;1900;1900;1850;1850;48
2019-01-30;30/01/2019;1850;1900;1850;1900;479
2019-01-31;31/01/2019;1995;1995;1995;1995;20
2019-02-01;01/02/2019;1950;1950;1900;1900;683
2019-02-04;04/02/2019;1900;1900;1850;1850;4516
2019-02-05;05/02/2019;1850;1900;1850;1900;577
2019-02-06;06/02/2019;1900;1900;1900;1900;24
2019-02-07;07/02/2019;1995;1995;1900;1900;155
2019-02-08;08/02/2019;1900;1900;1850;1850;1527
2019-02-11;11/02/2019;1850;1950;1850;1950;1045
2019-02-12;12/02/2019;1960;2000;1960;2000;1625
2019-02-13;13/02/2019;1995;1995;1950;1950;1288
2019-02-14;14/02/2019;1950;1990;1950;1990;355
2019-02-15;15/02/2019;2000;2000;2000;2000;721
2019-02-18;18/02/2019;1900;2000;1900;2000;720
2019-02-19;19/02/2019;1910;2100;1910;2100;910
2019-02-20;20/02/2019;2000;2000;2000;2000;275
2019-02-21;21/02/2019;1910;1910;1910;1910;95
2019-02-22;22/02/2019;2045;2050;2045;2050;210
2019-02-25;25/02/2019;2050;2050;2050;2050;136
2019-02-26;26/02/2019;2100;2200;2100;2200;400
2019-02-27;27/02/2019;2200;2250;2200;2250;549
2019-02-28;28/02/2019;2300;2300;2255;2255;5126
2019-03-01;01/03/2019;2250;2250;2245;2245;374
2019-03-04;04/03/2019;2245;2245;2200;2200;668
2019-03-05;05/03/2019;2160;2365;2160;2365;487
2019-03-06;06/03/2019;2360;2360;2360;2360;110
2019-03-07;07/03/2019;2255;2255;2255;2255;335
2019-03-08;08/03/2019;2255;2255;2255;2255;300
2019-03-11;11/03/2019;2260;2260;2255;2255;85
2019-03-12;12/03/2019;2355;2360;2355;2360;529
2019-03-13;13/03/2019;2300;2300;2300;2300;12
2019-03-14;14/03/2019;2300;2300;2245;2245;4972
2019-03-18;18/03/2019;2245;2300;2245;2300;407
2019-03-19;19/03/2019;2305;2400;2305;2400;640
2019-03-20;20/03/2019;2400;2400;2400;2400;10
2019-03-21;21/03/2019;2350;2350;2350;2350;43
2019-03-22;22/03/2019;2300;2400;2300;2400;631
2019-03-25;25/03/2019;2400;2580;2400;2580;1411
2019-03-26;26/03/2019;2580;2580;2580;2580;190
2019-03-27;27/03/2019;2450;2450;2450;2450;30
2019-03-28;28/03/2019;2500;2560;2500;2560;3748
2019-03-29;29/03/2019;2560;2700;2560;2700;7893
2019-04-01;01/04/2019;2645;2645;2645;2645;102
2019-04-02;02/04/2019;2500;2555;2500;2555;4005
2019-04-03;03/04/2019;2555;2700;2555;2700;4937
2019-04-04;04/04/2019;2700;2850;2700;2850;1318
2019-04-08;08/04/2019;2840;2850;2840;2850;2957
2019-04-09;09/04/2019;2850;2850;2850;2850;114
2019-04-10;10/04/2019;2795;2800;2795;2800;100
2019-04-11;11/04/2019;2745;2745;2600;2600;26
2019-04-12;12/04/2019;2490;2490;2405;2405;1657
2019-04-15;15/04/2019;2300;2300;2255;2255;1619
2019-04-16;16/04/2019;2255;2255;2255;2255;542
2019-04-17;17/04/2019;2150;2150;2150;2150;288
2019-04-18;18/04/2019;2150;2150;2150;2150;5
2019-04-19;19/04/2019;2155;2155;2100;2100;96
2019-04-22;22/04/2019;2155;2155;2100;2100;96
2019-04-24;24/04/2019;2100;2100;2050;2050;333
2019-04-25;25/04/2019;2055;2055;2055;2055;104
2019-04-26;26/04/2019;2055;2200;2055;2200;1206
2019-04-29;29/04/2019;2200;2205;2200;2205;663
2019-04-30;30/04/2019;2370;2370;2370;2370;1597
2019-05-01;01/05/2019;2370;2370;2370;2370;1597
2019-05-02;02/05/2019;2350;2370;2350;2370;7500
2019-05-03;03/05/2019;2370;2370;2370;2370;5810
2019-05-06;06/05/2019;2370;2370;2205;2205;795
2019-05-07;07/05/2019;2195;2200;2195;2200;1610
2019-05-08;08/05/2019;2190;2200;2190;2200;110
2019-05-09;09/05/2019;2105;2105;2100;2100;2042
2019-05-10;10/05/2019;2100;2100;2100;2100;488
2019-05-13;13/05/2019;2200;2200;2200;2200;179
2019-05-14;14/05/2019;2055;2055;2035;2035;2665
2019-05-15;15/05/2019;2000;2000;2000;2000;1826
2019-05-16;16/05/2019;2010;2040;2010;2040;1012
2019-05-17;17/05/2019;2000;2000;2000;2000;1164
2019-05-20;20/05/2019;2000;2000;2000;2000;462
2019-05-21;21/05/2019;2000;2000;2000;2000;7568
2019-05-22;22/05/2019;2000;2000;1960;1960;609
2019-05-23;23/05/2019;1990;1995;1990;1995;2055
2019-05-24;24/05/2019;1990;2000;1990;2000;6230
2019-05-27;27/05/2019;2000;2150;2000;2150;1734
2019-05-28;28/05/2019;2000;2000;2000;2000;510
2019-05-29;29/05/2019;2150;2150;2000;2000;209
2019-05-30;30/05/2019;2150;2150;2000;2000;209
2019-05-31;31/05/2019;2000;2000;2000;2000;579
2019-06-03;03/06/2019;2000;2000;1960;1960;787
2019-06-05;05/06/2019;2000;2000;2000;2000;355
2019-06-06;06/06/2019;2000;2000;2000;2000;673
2019-06-07;07/06/2019;2000;2090;2000;2090;718
2019-06-11;11/06/2019;2100;2100;2005;2005;634
2019-06-12;12/06/2019;2000;2005;2000;2005;310
2019-06-13;13/06/2019;2095;2095;2010;2010;255
2019-06-14;14/06/2019;2020;2020;2020;2020;107
2019-06-18;18/06/2019;2095;2095;2020;2020;213
2019-06-19;19/06/2019;2050;2100;2050;2100;107
2019-06-20;20/06/2019;2100;2100;2100;2100;235
2019-06-21;21/06/2019;2100;2100;2100;2100;185
2019-06-24;24/06/2019;2100;2100;2050;2050;106
2019-06-25;25/06/2019;2050;2050;2030;2030;3071
2019-06-26;26/06/2019;2020;2020;2020;2020;23686
2019-06-27;27/06/2019;2020;2020;2020;2020;150
2019-06-28;28/06/2019;2020;2100;2020;2100;8803
2019-07-01;01/07/2019;2100;2100;2100;2100;40
2019-07-02;02/07/2019;2195;2195;2100;2100;31
2019-07-03;03/07/2019;2100;2100;2100;2100;317
2019-07-04;04/07/2019;2100;2100;2100;2100;630
2019-07-05;05/07/2019;2100;2100;2100;2100;225
2019-07-08;08/07/2019;2100;2100;2100;2100;194
2019-07-09;09/07/2019;2190;2190;2100;2100;80
2019-07-10;10/07/2019;2100;2100;2100;2100;210
2019-07-11;11/07/2019;2100;2100;2100;2100;120
2019-07-12;12/07/2019;2100;2100;2000;2000;949
2019-07-15;15/07/2019;2000;2075;2000;2075;3991
2019-07-16;16/07/2019;2020;2020;2020;2020;60
2019-07-17;17/07/2019;1950;2000;1950;2000;226
2019-07-18;18/07/2019;2020;2020;2020;2020;50
2019-07-19;19/07/2019;2020;2020;2000;2000;374
2019-07-22;22/07/2019;2000;2000;1950;1950;935
2019-07-23;23/07/2019;1940;1945;1940;1945;797
2019-07-24;24/07/2019;1950;1980;1950;1980;72
2019-07-25;25/07/2019;1980;1980;1975;1975;10
2019-07-29;29/07/2019;1950;1950;1945;1945;119
2019-07-30;30/07/2019;1945;1945;1945;1945;2
2019-07-31;31/07/2019;1925;1945;1925;1945;395
2019-08-01;01/08/2019;1925;1925;1925;1925;431
2019-08-02;02/08/2019;1925;1925;1920;1920;105
2019-08-05;05/08/2019;1905;1905;1870;1870;510
2019-08-06;06/08/2019;1900;1920;1900;1920;508
2019-08-07;07/08/2019;1900;1920;1900;1920;508
2019-08-08;08/08/2019;1900;1900;1900;1900;292
2019-08-09;09/08/2019;1910;1910;1900;1900;2393
2019-08-12;12/08/2019;1910;1910;1900;1900;2393
2019-08-13;13/08/2019;1880;1915;1880;1915;460
2019-08-14;14/08/2019;1920;1920;1915;1915;162
2019-08-15;15/08/2019;1920;1920;1915;1915;162
2019-08-16;16/08/2019;1900;1915;1900;1915;170
2019-08-19;19/08/2019;1900;1900;1800;1800;23
2019-08-20;20/08/2019;1900;1900;1800;1800;510
2019-08-21;21/08/2019;1850;1850;1850;1850;100
2019-08-22;22/08/2019;1850;1850;1850;1850;137
2019-08-23;23/08/2019;1800;1800;1800;1800;585
2019-08-26;26/08/2019;1800;1800;1780;1780;305
2019-08-27;27/08/2019;1780;1800;1780;1800;60561
2019-08-28;28/08/2019;1900;1900;1900;1900;401
2019-08-29;29/08/2019;1900;1900;1900;1900;138
2019-09-02;02/09/2019;1800;1800;1800;1800;310
2019-09-03;03/09/2019;1890;1890;1800;1800;45
2019-09-04;04/09/2019;1800;1800;1800;1800;228
2019-09-05;05/09/2019;1795;1795;1780;1780;2090
2019-09-06;06/09/2019;1780;1780;1780;1780;13
2019-09-09;09/09/2019;1775;1775;1745;1745;47
2019-09-10;10/09/2019;1750;1775;1750;1775;1270
2019-09-11;11/09/2019;1775;1775;1775;1775;51
2019-09-12;12/09/2019;1775;1850;1775;1850;791
2019-09-13;13/09/2019;1800;1800;1800;1800;994
2019-09-16;16/09/2019;1750;1750;1750;1750;30
2019-09-17;17/09/2019;1700;1700;1700;1700;260
2019-09-18;18/09/2019;1675;1675;1650;1650;400
2019-09-19;19/09/2019;1645;1645;1635;1635;603
2019-09-20;20/09/2019;1600;1600;1600;1600;200
2019-09-23;23/09/2019;1600;1600;1570;1570;161
2019-09-24;24/09/2019;1570;1570;1555;1555;281
2019-09-25;25/09/2019;1640;1670;1640;1670;1998
2019-09-26;26/09/2019;1795;1795;1795;1795;479
2019-09-27;27/09/2019;1925;1925;1925;1925;4390
2019-09-30;30/09/2019;2065;2065;1925;1925;2778
2019-10-01;01/10/2019;1925;1925;1800;1800;5338
2019-10-02;02/10/2019;1900;1900;1900;1900;11
2019-10-03;03/10/2019;1800;1810;1800;1810;34
2019-10-04;04/10/2019;1800;1800;1795;1795;164
2019-10-07;07/10/2019;1795;1895;1795;1895;4000
2019-10-08;08/10/2019;1900;1900;1900;1900;943
2019-10-09;09/10/2019;1900;1900;1850;1850;15
2019-10-10;10/10/2019;1715;1715;1715;1715;262
2019-10-11;11/10/2019;1700;1825;1700;1825;1014
2019-10-14;14/10/2019;1800;1800;1800;1800;315
2019-10-15;15/10/2019;1845;1855;1845;1855;887
2019-10-16;16/10/2019;1720;1800;1720;1800;2061
2019-10-18;18/10/2019;1795;1795;1725;1725;171
2019-10-21;21/10/2019;1700;1790;1700;1790;2223
2019-10-22;22/10/2019;1790;1790;1790;1790;15
2019-10-23;23/10/2019;1780;1780;1780;1780;60
2019-10-24;24/10/2019;1910;1910;1910;1910;1707
2019-10-25;25/10/2019;2050;2050;2050;2050;7315
2019-10-28;28/10/2019;2090;2090;1960;1960;1041
2019-10-29;29/10/2019;2000;2000;1900;1900;1199
2019-10-30;30/10/2019;1960;1960;1960;1960;15
2019-10-31;31/10/2019;1850;1850;1850;1850;10000
2019-11-01;01/11/2019;1850;1850;1850;1850;10000
2019-11-04;04/11/2019;1985;1985;1850;1850;1149
2019-11-06;06/11/2019;1855;1885;1855;1885;1154
2019-11-08;08/11/2019;1810;1880;1810;1880;13666
2019-11-11;11/11/2019;1880;1880;1850;1850;925
2019-11-12;12/11/2019;1850;1850;1850;1850;114
2019-11-13;13/11/2019;1850;1850;1840;1840;1992
2019-11-14;14/11/2019;1810;1810;1800;1800;1247
2019-11-18;18/11/2019;1900;1900;1850;1850;1050
2019-11-19;19/11/2019;1850;1850;1850;1850;875
2019-11-20;20/11/2019;1850;1850;1850;1850;175
2019-11-21;21/11/2019;1815;1815;1800;1800;7346
2019-11-22;22/11/2019;1800;1850;1800;1850;2012
2019-11-25;25/11/2019;1850;1850;1800;1800;6429
2019-11-26;26/11/2019;1800;1850;1800;1850;143
2019-11-27;27/11/2019;1840;1850;1840;1850;1560
2019-11-28;28/11/2019;1895;1895;1850;1850;4573
2019-11-29;29/11/2019;1885;1900;1885;1900;1015
2019-12-02;02/12/2019;1845;1845;1845;1845;57
2019-12-03;03/12/2019;1845;1845;1845;1845;300
2019-12-04;04/12/2019;1850;1850;1845;1845;1853
2019-12-05;05/12/2019;1850;1890;1850;1890;3915
2019-12-06;06/12/2019;1850;1900;1850;1900;1074
2019-12-09;09/12/2019;1850;1850;1850;1850;563
2019-12-10;10/12/2019;1900;1900;1900;1900;25
2019-12-12;12/12/2019;1900;1900;1865;1865;735
2019-12-13;13/12/2019;1865;1900;1865;1900;245
2019-12-16;16/12/2019;1900;1900;1900;1900;1120
2019-12-17;17/12/2019;1915;2000;1915;2000;2829
2019-12-18;18/12/2019;2050;2100;2050;2100;2529
2019-12-19;19/12/2019;2100;2245;2100;2245;701
2019-12-20;20/12/2019;2245;2250;2245;2250;4434
2019-12-23;23/12/2019;2200;2200;2200;2200;495
2019-12-24;24/12/2019;2295;2295;2250;2250;96
2019-12-25;25/12/2019;2295;2295;2250;2250;96
2019-12-26;26/12/2019;2225;2300;2225;2300;2234
2019-12-27;27/12/2019;2340;2400;2340;2400;4038
2019-12-30;30/12/2019;2400;2400;2400;2400;4778
2019-12-31;31/12/2019;2500;2580;2500;2580;8541
2020-01-01;01/01/2020;2500;2580;2500;2580;8541
2020-01-02;02/01/2020;2580;2600;2580;2600;802
2020-01-03;03/01/2020;2580;2585;2580;2585;30
2020-01-06;06/01/2020;2415;2415;2400;2400;1082
2020-01-07;07/01/2020;2300;2300;2300;2300;523
2020-01-08;08/01/2020;2300;2300;2300;2300;1592
2020-01-09;09/01/2020;2260;2295;2260;2295;658
2020-01-10;10/01/2020;2160;2160;2160;2160;5217
2020-01-13;13/01/2020;2160;2160;2160;2160;4002
2020-01-14;14/01/2020;2185;2185;2170;2170;2700
2020-01-15;15/01/2020;2210;2210;2210;2210;160
2020-01-16;16/01/2020;2300;2345;2300;2345;4079
2020-01-17;17/01/2020;2350;2350;2350;2350;482
2020-01-20;20/01/2020;2450;2500;2450;2500;423
2020-01-21;21/01/2020;2600;2675;2600;2675;427
2020-01-22;22/01/2020;2680;2870;2680;2870;3396
2020-01-23;23/01/2020;2855;2855;2855;2855;10
2020-01-24;24/01/2020;2750;2750;2750;2750;100
2020-01-27;27/01/2020;2680;2680;2600;2600;1918
2020-01-28;28/01/2020;2600;2605;2600;2605;41
2020-01-29;29/01/2020;2605;2630;2605;2630;1683
2020-01-30;30/01/2020;2500;2645;2500;2645;375
2020-01-31;31/01/2020;2555;2560;2555;2560;121
2020-02-03;03/02/2020;2550;2550;2400;2400;1637
2020-02-04;04/02/2020;2500;2550;2500;2550;1806
2020-02-05;05/02/2020;2560;2565;2560;2565;4054
2020-02-06;06/02/2020;2595;2605;2595;2605;1091
2020-02-07;07/02/2020;2600;2675;2600;2675;418
2020-02-10;10/02/2020;2675;2675;2675;2675;283
2020-02-11;11/02/2020;2675;2675;2675;2675;238
2020-02-12;12/02/2020;2675;2675;2675;2675;238
2020-02-13;13/02/2020;2565;2565;2500;2500;673
2020-02-14;14/02/2020;2410;2410;2395;2395;545
2020-02-18;18/02/2020;2220;2220;2220;2220;118
2020-02-19;19/02/2020;2350;2350;2220;2220;64
2020-02-20;20/02/2020;2225;2300;2225;2300;71
2020-02-21;21/02/2020;2250;2250;2250;2250;229
2020-02-24;24/02/2020;2230;2230;2230;2230;80
2020-02-25;25/02/2020;2230;2230;2100;2100;845
2020-02-26;26/02/2020;2230;2230;2230;2230;15379
2020-02-27;27/02/2020;2105;2105;2105;2105;150
2020-02-28;28/02/2020;2220;2220;2105;2105;77
2020-03-02;02/03/2020;2105;2105;2105;2105;27
2020-03-03;03/03/2020;2220;2220;2210;2210;439
2020-03-04;04/03/2020;2205;2210;2205;2210;70
2020-03-05;05/03/2020;2200;2220;2200;2220;225
2020-03-06;06/03/2020;2220;2220;2220;2220;40
2020-03-09;09/03/2020;2200;2200;2200;2200;557
2020-03-10;10/03/2020;2220;2220;2200;2200;1415
2020-03-11;11/03/2020;2150;2190;2150;2190;67
2020-03-12;12/03/2020;2190;2190;2030;2030;6150
2020-03-13;13/03/2020;2030;2030;2020;2020;415
2020-03-16;16/03/2020;2020;2020;2020;2020;518
2020-03-17;17/03/2020;2020;2020;2000;2000;75
2020-03-18;18/03/2020;1900;2020;1900;2020;1006
2020-03-19;19/03/2020;1870;1870;1870;1870;890
2020-03-20;20/03/2020;1890;2000;1890;2000;10
2020-03-23;23/03/2020;2000;2000;2000;2000;350
2020-03-24;24/03/2020;1990;2000;1990;2000;50
2020-03-25;25/03/2020;1900;1900;1900;1900;22
2020-03-26;26/03/2020;1890;1895;1890;1895;436
2020-03-27;27/03/2020;1890;1890;1870;1870;259
2020-03-30;30/03/2020;1865;1865;1865;1865;43
2020-04-01;01/04/2020;1800;1800;1800;1800;414
2020-04-02;02/04/2020;1820;1820;1820;1820;21
2020-04-03;03/04/2020;1800;1800;1800;1800;790
2020-04-06;06/04/2020;1755;1755;1750;1750;404
2020-04-07;07/04/2020;1750;1750;1750;1750;3329
2020-04-08;08/04/2020;1745;1750;1745;1750;2075
2020-04-09;09/04/2020;1700;1700;1700;1700;70
2020-04-10;10/04/2020;1745;1745;1745;1745;560
2020-04-13;13/04/2020;1745;1745;1745;1745;560
2020-04-14;14/04/2020;1700;1700;1700;1700;20
2020-04-15;15/04/2020;1600;1600;1600;1600;763
2020-04-16;16/04/2020;1590;1590;1550;1550;3171
2020-04-17;17/04/2020;1545;1545;1535;1535;167
2020-04-20;20/04/2020;1510;1510;1420;1420;2168
2020-04-21;21/04/2020;1415;1415;1385;1385;5302
2020-04-22;22/04/2020;1385;1385;1365;1365;404
2020-04-23;23/04/2020;1420;1420;1420;1420;331
2020-04-24;24/04/2020;1480;1510;1480;1510;301
2020-04-27;27/04/2020;1510;1510;1510;1510;528
2020-04-28;28/04/2020;1600;1600;1600;1600;1201
2020-04-29;29/04/2020;1600;1720;1600;1720;188
2020-04-30;30/04/2020;1800;1800;1800;1800;1000
2020-05-01;01/05/2020;1800;1800;1800;1800;1000
2020-05-04;04/05/2020;1800;1800;1800;1800;131
2020-05-05;05/05/2020;1700;1700;1700;1700;82
2020-05-06;06/05/2020;1700;1700;1700;1700;118
2020-05-07;07/05/2020;1800;1800;1800;1800;700
2020-05-08;08/05/2020;1795;1795;1700;1700;286
2020-05-11;11/05/2020;1695;1700;1695;1700;279
2020-05-12;12/05/2020;1700;1700;1700;1700;410
2020-05-13;13/05/2020;1695;1695;1695;1695;44
2020-05-14;14/05/2020;1695;1695;1695;1695;20
2020-05-15;15/05/2020;1690;1690;1610;1610;127
2020-05-18;18/05/2020;1670;1670;1670;1670;20
2020-05-19;19/05/2020;1670;1670;1670;1670;12
2020-05-22;22/05/2020;1695;1695;1695;1695;20
2020-05-26;26/05/2020;1650;1750;1650;1750;2800
2020-05-27;27/05/2020;1750;1750;1695;1695;328
2020-05-28;28/05/2020;1700;1750;1700;1750;1088
2020-05-29;29/05/2020;1790;1790;1695;1695;138
2020-06-01;01/06/2020;1790;1790;1695;1695;138
2020-06-02;02/06/2020;1695;1695;1695;1695;305
2020-06-04;04/06/2020;1695;1745;1695;1745;360
2020-06-05;05/06/2020;1745;1745;1745;1745;217
2020-06-08;08/06/2020;1750;1750;1750;1750;3273
2020-06-09;09/06/2020;1700;1700;1700;1700;20
2020-06-10;10/06/2020;1710;1710;1710;1710;8
2020-06-11;11/06/2020;1745;1750;1745;1750;450
2020-06-12;12/06/2020;1750;1750;1750;1750;547
2020-06-15;15/06/2020;1750;1795;1750;1795;291
2020-06-16;16/06/2020;1795;1795;1795;1795;23
2020-06-17;17/06/2020;1895;1895;1750;1750;1618
2020-06-18;18/06/2020;1760;1760;1755;1755;361
2020-06-19;19/06/2020;1675;1755;1675;1755;894
2020-06-22;22/06/2020;1800;1800;1800;1800;55
2020-06-23;23/06/2020;1800;1895;1800;1895;15
2020-06-24;24/06/2020;1895;1895;1800;1800;1096
2020-06-25;25/06/2020;1760;1760;1760;1760;481
2020-06-26;26/06/2020;1760;1800;1760;1800;825
2020-06-30;30/06/2020;1900;1935;1900;1935;295
2020-07-01;01/07/2020;1945;1945;1935;1935;102
2020-07-03;03/07/2020;1930;1930;1900;1900;462
2020-07-06;06/07/2020;1900;1900;1870;1870;690
2020-07-07;07/07/2020;1840;1840;1840;1840;101
2020-07-08;08/07/2020;1835;1835;1835;1835;957
2020-07-09;09/07/2020;1835;1835;1800;1800;1437
2020-07-10;10/07/2020;1800;1800;1760;1760;391
2020-07-13;13/07/2020;1645;1645;1645;1645;25
2020-07-14;14/07/2020;1705;1705;1705;1705;15
2020-07-15;15/07/2020;1700;1700;1700;1700;15
2020-07-16;16/07/2020;1700;1700;1700;1700;1
2020-07-17;17/07/2020;1645;1700;1645;1700;668
2020-07-20;20/07/2020;1600;1600;1600;1600;1214
2020-07-21;21/07/2020;1600;1600;1600;1600;10
2020-07-22;22/07/2020;1695;1695;1695;1695;150
2020-07-23;23/07/2020;1685;1685;1685;1685;20
2020-07-24;24/07/2020;1650;1685;1650;1685;357
2020-07-28;28/07/2020;1585;1585;1585;1585;100
2020-07-29;29/07/2020;1550;1550;1500;1500;956
2020-07-30;30/07/2020;1500;1500;1500;1500;210
2020-07-31;31/07/2020;1500;1500;1500;1500;210
2020-08-03;03/08/2020;1500;1500;1500;1500;453
2020-08-04;04/08/2020;1500;1500;1500;1500;129
2020-08-05;05/08/2020;1470;1470;1400;1400;100
2020-08-06;06/08/2020;1400;1450;1400;1450;156
2020-08-07;07/08/2020;1400;1450;1400;1450;156
2020-08-10;10/08/2020;1500;1500;1450;1450;21253
2020-08-11;11/08/2020;1470;1500;1470;1500;135
2020-08-12;12/08/2020;1505;1580;1505;1580;5631
2020-08-13;13/08/2020;1580;1580;1580;1580;604
2020-08-14;14/08/2020;1600;1600;1600;1600;6
2020-08-17;17/08/2020;1600;1600;1600;1600;424
2020-08-18;18/08/2020;1600;1700;1600;1700;1999
2020-08-21;21/08/2020;1700;1700;1700;1700;722
2020-08-24;24/08/2020;1695;1695;1695;1695;232
2020-08-25;25/08/2020;1695;1820;1695;1820;1010
2020-08-26;26/08/2020;1820;1945;1820;1945;1029
2020-08-27;27/08/2020;1945;1945;1850;1850;652
2020-08-28;28/08/2020;1850;1850;1850;1850;34
2020-08-31;31/08/2020;1860;1860;1750;1750;1409
2020-09-01;01/09/2020;1750;1750;1700;1700;6305
2020-09-02;02/09/2020;1700;1800;1700;1800;352
2020-09-03;03/09/2020;1785;1785;1695;1695;9012
2020-09-04;04/09/2020;1700;1700;1700;1700;5
2020-09-07;07/09/2020;1695;1695;1695;1695;3783
2020-09-08;08/09/2020;1670;1800;1670;1800;710
2020-09-09;09/09/2020;1800;1800;1800;1800;235
2020-09-10;10/09/2020;1850;1850;1850;1850;2423
2020-09-11;11/09/2020;1845;1880;1845;1880;40
2020-09-15;15/09/2020;1850;1850;1840;1840;61
2020-09-16;16/09/2020;1840;1840;1835;1835;14
2020-09-17;17/09/2020;1830;1850;1830;1850;808
2020-09-18;18/09/2020;1840;1840;1825;1825;437
2020-09-21;21/09/2020;1800;1800;1800;1800;1100
2020-09-22;22/09/2020;1800;1800;1800;1800;355
2020-09-23;23/09/2020;1800;1800;1800;1800;355
2020-09-24;24/09/2020;1800;1800;1800;1800;355
2020-09-25;25/09/2020;1800;1800;1800;1800;355
2020-09-29;29/09/2020;1745;1750;1745;1750;777
2020-09-30;30/09/2020;1825;1825;1825;1825;59
2020-10-02;02/10/2020;1690;1705;1690;1705;710
2020-10-05;05/10/2020;1700;1825;1700;1825;500
2020-10-06;06/10/2020;1690;1800;1690;1800;638
2020-10-08;08/10/2020;1795;1800;1795;1800;100
2020-10-09;09/10/2020;1800;1800;1800;1800;519
2020-10-12;12/10/2020;1800;1800;1800;1800;105
2020-10-14;14/10/2020;1670;1800;1670;1800;236
2020-10-15;15/10/2020;1750;1800;1750;1800;41
2020-10-16;16/10/2020;1800;1935;1800;1935;14181
2020-10-19;19/10/2020;1945;1945;1900;1900;9160
2020-10-20;20/10/2020;1900;1920;1900;1920;4278
2020-10-21;21/10/2020;1920;1920;1900;1900;647
2020-10-22;22/10/2020;1900;1920;1900;1920;325
2020-10-23;23/10/2020;1900;1900;1900;1900;1
2020-10-26;26/10/2020;1920;1920;1920;1920;136
2020-10-27;27/10/2020;1920;1920;1920;1920;1614
2020-10-28;28/10/2020;1920;2000;1920;2000;6617
2020-10-29;29/10/2020;1920;2000;1920;2000;6617
2020-10-30;30/10/2020;1900;2150;1900;2150;1083
2020-11-05;05/11/2020;2000;2090;2000;2090;805
2020-11-06;06/11/2020;2000;2200;2000;2200;388
2020-11-09;09/11/2020;2100;2200;2100;2200;150
2020-11-10;10/11/2020;2300;2345;2300;2345;1100
2020-11-11;11/11/2020;2345;2440;2345;2440;63
2020-11-12;12/11/2020;2345;2495;2345;2495;1122
2020-11-17;17/11/2020;2310;2310;2310;2310;285
2020-11-18;18/11/2020;2305;2305;2305;2305;10
2020-11-19;19/11/2020;2300;2300;2180;2180;427
2020-11-23;23/11/2020;2175;2175;2175;2175;55
2020-11-24;24/11/2020;2050;2150;2050;2150;585
2020-11-25;25/11/2020;2050;2180;2050;2180;8598
2020-11-26;26/11/2020;2150;2180;2150;2180;2381
2020-11-27;27/11/2020;2055;2180;2055;2180;1755
2020-12-02;02/12/2020;2180;2300;2180;2300;6323
2020-12-03;03/12/2020;2300;2445;2300;2445;4317
2020-12-04;04/12/2020;2300;2445;2300;2445;26117
2020-12-08;08/12/2020;2265;2395;2265;2395;164
2020-12-09;09/12/2020;2265;2380;2265;2380;94
2020-12-10;10/12/2020;2300;2380;2300;2380;286
2020-12-11;11/12/2020;2300;2350;2300;2350;1470
2020-12-14;14/12/2020;2200;2445;2200;2445;2015
2020-12-15;15/12/2020;2265;2350;2265;2350;70
2020-12-16;16/12/2020;2230;2350;2230;2350;560
2020-12-17;17/12/2020;2350;2350;2345;2345;55
2020-12-18;18/12/2020;2345;2350;2345;2350;100
2020-12-21;21/12/2020;2350;2350;2350;2350;42
2020-12-22;22/12/2020;2300;2350;2300;2350;7041
2020-12-23;23/12/2020;2440;2440;2440;2440;50
2020-12-24;24/12/2020;2375;2375;2375;2375;15
2020-12-25;25/12/2020;2375;2375;2375;2375;15
2020-12-28;28/12/2020;2300;2300;2300;2300;99
2020-12-29;29/12/2020;2210;2345;2210;2345;2364
2020-12-30;30/12/2020;2170;2300;2170;2300;145
2020-12-31;31/12/2020;2345;2350;2345;2350;5015
2021-01-05;05/01/2021;2300;2350;2300;2350;200
2021-01-06;06/01/2021;2300;2300;2300;2300;26
2021-01-07;07/01/2021;2290;2350;2290;2350;86
2021-01-08;08/01/2021;2450;2450;2200;2200;1296
2021-01-11;11/01/2021;2365;2365;2180;2180;1160
2021-01-12;12/01/2021;2210;2210;2180;2180;680
2021-01-13;13/01/2021;2180;2180;2140;2140;95
2021-01-14;14/01/2021;2180;2180;2140;2140;1554
2021-01-15;15/01/2021;2300;2300;2245;2245;6704
2021-01-18;18/01/2021;2200;2410;2200;2410;105
2021-01-19;19/01/2021;2250;2350;2250;2350;1203
2021-01-20;20/01/2021;2300;2300;2300;2300;850
2021-01-21;21/01/2021;2300;2300;2300;2300;1589
2021-01-22;22/01/2021;2310;2470;2310;2470;1981
2021-01-25;25/01/2021;2405;2405;2405;2405;292
2021-01-26;26/01/2021;2410;2410;2410;2410;521
2021-01-27;27/01/2021;2405;2465;2405;2465;10735
2021-01-28;28/01/2021;2470;2470;2365;2365;80
2021-01-29;29/01/2021;2375;2400;2375;2400;734
2021-02-01;01/02/2021;2370;2400;2370;2400;1504
2021-02-02;02/02/2021;2400;2400;2400;2400;17
2021-02-03;03/02/2021;2380;2405;2380;2405;1227
2021-02-04;04/02/2021;2425;2425;2360;2360;148
2021-02-05;05/02/2021;2395;2395;2365;2365;711
2021-02-08;08/02/2021;2360;2360;2360;2360;116
2021-02-09;09/02/2021;2360;2400;2360;2400;1082
2021-02-10;10/02/2021;2375;2375;2360;2360;134
2021-02-11;11/02/2021;2365;2370;2365;2370;950
2021-02-12;12/02/2021;2375;2375;2365;2365;794
2021-02-15;15/02/2021;2425;2425;2365;2365;2033
2021-02-16;16/02/2021;2370;2370;2365;2365;564
2021-02-17;17/02/2021;2365;2365;2365;2365;1338
2021-02-18;18/02/2021;2360;2365;2360;2365;532
2021-02-22;22/02/2021;2365;2365;2365;2365;114
2021-02-23;23/02/2021;2370;2370;2365;2365;5180
2021-02-24;24/02/2021;2365;2540;2365;2540;9439
2021-02-25;25/02/2021;2540;2555;2540;2555;160
2021-02-26;26/02/2021;2600;2600;2545;2545;1446
2021-03-01;01/03/2021;2500;2500;2500;2500;1056
2021-03-02;02/03/2021;2510;2550;2510;2550;2420
2021-03-03;03/03/2021;2595;2595;2550;2550;9458
2021-03-04;04/03/2021;2600;2610;2600;2610;588
2021-03-05;05/03/2021;2650;2650;2650;2650;63
2021-03-08;08/03/2021;2650;2655;2650;2655;867
2021-03-09;09/03/2021;2700;2750;2700;2750;1849
2021-03-10;10/03/2021;2765;2850;2765;2850;2567
2021-03-11;11/03/2021;2990;2990;2900;2900;2203
2021-03-12;12/03/2021;2950;2950;2900;2900;876
2021-03-15;15/03/2021;2990;2990;2900;2900;1445
2021-03-16;16/03/2021;2810;2810;2800;2800;466
2021-03-17;17/03/2021;2800;2830;2800;2830;401
2021-03-18;18/03/2021;2800;2800;2795;2795;598
2021-03-19;19/03/2021;2800;2900;2800;2900;181
2021-03-22;22/03/2021;2810;2900;2810;2900;4496
2021-03-23;23/03/2021;2890;2900;2890;2900;1209
2021-03-24;24/03/2021;2890;2890;2845;2845;524
2021-03-25;25/03/2021;2835;2840;2835;2840;10100
2021-03-26;26/03/2021;2820;2850;2820;2850;136
2021-03-29;29/03/2021;2800;2900;2800;2900;472
2021-03-30;30/03/2021;2800;3000;2800;3000;1598
2021-03-31;31/03/2021;2900;3000;2900;3000;11971
2021-04-01;01/04/2021;2950;2950;2950;2950;51
2021-04-02;02/04/2021;2795;2950;2795;2950;1501
2021-04-05;05/04/2021;2795;2950;2795;2950;1501
2021-04-06;06/04/2021;2900;2900;2900;2900;424
2021-04-07;07/04/2021;2895;2895;2885;2885;7060
2021-04-08;08/04/2021;2850;2850;2800;2800;318
2021-04-09;09/04/2021;2760;2800;2760;2800;23
2021-04-12;12/04/2021;2705;2705;2700;2700;1132
2021-04-13;13/04/2021;2710;2845;2710;2845;489
2021-04-14;14/04/2021;2850;3000;2850;3000;7903
2021-04-15;15/04/2021;2995;2995;2900;2900;1712
2021-04-16;16/04/2021;2890;2900;2890;2900;1331
2021-04-19;19/04/2021;2880;2890;2880;2890;228
2021-04-20;20/04/2021;2900;2900;2800;2800;3304
2021-04-21;21/04/2021;2800;2900;2800;2900;1151
2021-04-22;22/04/2021;2800;2890;2800;2890;507
2021-04-23;23/04/2021;2895;2895;2875;2875;459
2021-04-26;26/04/2021;2795;2900;2795;2900;1310
2021-04-27;27/04/2021;2845;2900;2845;2900;120
2021-04-28;28/04/2021;2800;2900;2800;2900;425
2021-04-29;29/04/2021;2900;2900;2750;2750;2745
2021-04-30;30/04/2021;2750;2950;2750;2950;3893
2021-05-03;03/05/2021;2950;2950;2945;2945;178
2021-05-04;04/05/2021;2900;2900;2900;2900;2206
2021-05-05;05/05/2021;2900;2900;2885;2885;903
2021-05-06;06/05/2021;2885;2885;2800;2800;401
2021-05-07;07/05/2021;2885;2900;2885;2900;542
2021-05-10;10/05/2021;2700;2700;2700;2700;201
2021-05-11;11/05/2021;2720;2900;2720;2900;141
2021-05-12;12/05/2021;2720;2900;2720;2900;141
2021-05-14;14/05/2021;2900;2900;2900;2900;1209
2021-05-17;17/05/2021;2900;2900;2900;2900;641
2021-05-18;18/05/2021;2810;2900;2810;2900;358
2021-05-19;19/05/2021;2850;2850;2815;2815;1649
2021-05-20;20/05/2021;2795;2895;2795;2895;1055
2021-05-21;21/05/2021;2895;2945;2895;2945;899
2021-05-24;24/05/2021;2895;2945;2895;2945;899
2021-05-25;25/05/2021;2940;2940;2940;2940;80
2021-05-26;26/05/2021;2935;2935;2920;2920;485
2021-05-27;27/05/2021;2900;3000;2900;3000;4430
2021-05-28;28/05/2021;2945;3000;2945;3000;50
2021-05-31;31/05/2021;3000;3000;3000;3000;200
2021-06-01;01/06/2021;2990;2990;2990;2990;351
2021-06-02;02/06/2021;2990;2990;2950;2950;1722
2021-06-03;03/06/2021;2990;2995;2990;2995;530
2021-06-04;04/06/2021;2990;2990;2990;2990;1467
2021-06-07;07/06/2021;2995;3000;2995;3000;906
2021-06-08;08/06/2021;3000;3000;2990;2990;858
2021-06-09;09/06/2021;3000;3100;3000;3100;7278
2021-06-10;10/06/2021;3100;3200;3100;3200;26184
2021-06-11;11/06/2021;3440;3440;3440;3440;4394
2021-06-14;14/06/2021;3385;3385;3385;3385;1007
2021-06-15;15/06/2021;3345;3345;3300;3300;557
2021-06-16;16/06/2021;3295;3295;3290;3290;1245
2021-06-17;17/06/2021;3280;3290;3280;3290;1837
2021-06-18;18/06/2021;3290;3430;3290;3430;785
2021-06-21;21/06/2021;3350;3350;3310;3310;2491
2021-06-22;22/06/2021;3310;3425;3310;3425;1591
2021-06-23;23/06/2021;3420;3420;3395;3395;1878
2021-06-24;24/06/2021;3395;3430;3395;3430;664
2021-06-25;25/06/2021;3385;3400;3385;3400;1666
2021-06-28;28/06/2021;3380;3400;3380;3400;895
2021-06-29;29/06/2021;3360;3450;3360;3450;6614
2021-06-30;30/06/2021;3450;3550;3450;3550;571
2021-07-01;01/07/2021;3500;3500;3500;3500;1530
2021-07-02;02/07/2021;3450;3450;3450;3450;50
2021-07-05;05/07/2021;3400;3540;3400;3540;1206
2021-07-06;06/07/2021;3500;3540;3500;3540;616
2021-07-07;07/07/2021;3410;3550;3410;3550;548
2021-07-08;08/07/2021;3525;3550;3525;3550;479
2021-07-09;09/07/2021;3550;3550;3545;3545;181
2021-07-12;12/07/2021;3810;3810;3500;3500;1043
2021-07-13;13/07/2021;3490;3490;3490;3490;243
2021-07-14;14/07/2021;3500;3600;3500;3600;1105
2021-07-15;15/07/2021;3600;3870;3600;3870;259
2021-07-16;16/07/2021;3870;3870;3600;3600;2932
2021-07-19;19/07/2021;3865;3865;3695;3695;125
2021-07-20;20/07/2021;3865;3865;3695;3695;125
2021-07-21;21/07/2021;3700;3700;3630;3630;552
2021-07-22;22/07/2021;3700;3800;3700;3800;385
2021-07-23;23/07/2021;3800;3800;3710;3710;308
2021-07-26;26/07/2021;3800;3800;3710;3710;35698
2021-07-27;27/07/2021;3440;3600;3440;3600;449
2021-07-28;28/07/2021;3700;3700;3600;3600;3613
2021-07-29;29/07/2021;3600;3600;3600;3600;12747
2021-07-30;30/07/2021;3355;3600;3355;3600;46867
2021-08-02;02/08/2021;3600;3800;3600;3800;277
2021-08-03;03/08/2021;3800;3800;3700;3700;14181
2021-08-04;04/08/2021;3700;3750;3700;3750;1165
2021-08-05;05/08/2021;3750;3750;3750;3750;139
2021-08-06;06/08/2021;3700;3700;3700;3700;185
2021-08-09;09/08/2021;3700;3700;3700;3700;854
2021-08-10;10/08/2021;3705;3705;3700;3700;153
2021-08-11;11/08/2021;3705;3720;3705;3720;145
2021-08-12;12/08/2021;3800;3800;3800;3800;3258
2021-08-13;13/08/2021;3800;3800;3720;3720;1050
2021-08-16;16/08/2021;3800;3800;3800;3800;500
2021-08-17;17/08/2021;3800;3800;3800;3800;291
2021-08-18;18/08/2021;3720;3750;3720;3750;1203
2021-08-19;19/08/2021;3795;3795;3795;3795;282
2021-08-20;20/08/2021;3800;3800;3795;3795;338
2021-08-23;23/08/2021;3700;3705;3700;3705;4753
2021-08-24;24/08/2021;3850;3980;3850;3980;17246
2021-08-25;25/08/2021;4275;4275;3950;3950;5678
2021-08-26;26/08/2021;4000;4200;4000;4200;4558
2021-08-27;27/08/2021;4200;4240;4200;4240;292
2021-08-30;30/08/2021;4200;4200;4000;4000;7054
2021-08-31;31/08/2021;4090;4100;4090;4100;4527
2021-09-01;01/09/2021;4095;4245;4095;4245;354
2021-09-02;02/09/2021;4240;4240;4100;4100;273
2021-09-03;03/09/2021;4100;4250;4100;4250;8752
2021-09-06;06/09/2021;4245;4245;4200;4200;1900
2021-09-07;07/09/2021;4000;4140;4000;4140;1462
2021-09-08;08/09/2021;4100;4130;4100;4130;665
2021-09-09;09/09/2021;4100;4140;4100;4140;610
2021-09-10;10/09/2021;4140;4180;4140;4180;1245
2021-09-13;13/09/2021;4200;4200;4180;4180;514
2021-09-14;14/09/2021;4180;4250;4180;4250;3924
2021-09-15;15/09/2021;4015;4250;4015;4250;4426
2021-09-16;16/09/2021;4050;4235;4050;4235;795
2021-09-17;17/09/2021;4020;4220;4020;4220;160
2021-09-20;20/09/2021;4100;4180;4100;4180;781
2021-09-21;21/09/2021;4140;4160;4140;4160;11714
2021-09-22;22/09/2021;4180;4180;4180;4180;220
2021-09-23;23/09/2021;4180;4250;4180;4250;4937
2021-09-24;24/09/2021;4255;4255;4250;4250;1977
2021-09-27;27/09/2021;4260;4295;4260;4295;534
2021-09-28;28/09/2021;4315;4315;4200;4200;1127
2021-09-29;29/09/2021;4190;4315;4190;4315;835
2021-09-30;30/09/2021;4295;4300;4295;4300;7824
2021-10-01;01/10/2021;4305;4500;4305;4500;6640
2021-10-04;04/10/2021;4495;4495;4350;4350;1330
2021-10-05;05/10/2021;4400;4400;4400;4400;16070
2021-10-06;06/10/2021;4720;4720;4550;4550;1373
2021-10-07;07/10/2021;4505;4505;4500;4500;3309
2021-10-08;08/10/2021;4505;4505;4505;4505;890
2021-10-11;11/10/2021;4510;4510;4505;4505;346
2021-10-12;12/10/2021;4510;4550;4510;4550;1356
2021-10-13;13/10/2021;4550;4550;4500;4500;2742
2021-10-14;14/10/2021;4525;4835;4525;4835;33333
2021-10-15;15/10/2021;4830;4995;4830;4995;836
2021-10-18;18/10/2021;4830;4995;4830;4995;836
2021-10-19;19/10/2021;4800;4800;4800;4800;3062
2021-10-20;20/10/2021;4800;4980;4800;4980;873
2021-10-21;21/10/2021;5005;5335;5005;5335;1258
2021-10-22;22/10/2021;5000;5295;5000;5295;1480
2021-10-25;25/10/2021;5150;5295;5150;5295;458
2021-10-26;26/10/2021;5300;5600;5300;5600;2253
2021-10-27;27/10/2021;5500;5550;5500;5550;1020
2021-10-28;28/10/2021;5500;5595;5500;5595;3919
2021-10-29;29/10/2021;5540;5540;5500;5500;330
2021-11-01;01/11/2021;5540;5540;5500;5500;330
2021-11-02;02/11/2021;5500;5500;5350;5350;7197
2021-11-03;03/11/2021;5325;5490;5325;5490;1637
2021-11-04;04/11/2021;5490;5490;5370;5370;2086
2021-11-05;05/11/2021;5400;5400;5000;5000;6084
2021-11-08;08/11/2021;4995;5000;4995;5000;1006
2021-11-09;09/11/2021;5005;5005;5000;5000;11560
2021-11-10;10/11/2021;4850;4900;4850;4900;1260
2021-11-11;11/11/2021;4900;4900;4805;4805;700
2021-11-12;12/11/2021;4855;4900;4855;4900;2646
2021-11-15;15/11/2021;4855;4900;4855;4900;2646
2021-11-16;16/11/2021;4995;5000;4995;5000;1039
2021-11-17;17/11/2021;5000;5000;5000;5000;3632
2021-11-18;18/11/2021;4860;5100;4860;5100;14658
2021-11-19;19/11/2021;5000;5095;5000;5095;1442
2021-11-22;22/11/2021;5095;5095;5000;5000;144
2021-11-23;23/11/2021;5090;5100;5090;5100;493
2021-11-24;24/11/2021;5005;5005;5000;5000;3897
2021-11-25;25/11/2021;5000;5100;5000;5100;986
2021-11-26;26/11/2021;5000;5140;5000;5140;2475
2021-11-29;29/11/2021;4885;5350;4885;5350;1561
2021-11-30;30/11/2021;5250;5250;5250;5250;6398
2021-12-01;01/12/2021;5150;5300;5150;5300;1707
2021-12-02;02/12/2021;5250;5250;5160;5160;289
2021-12-03;03/12/2021;5150;5150;5000;5000;943
2021-12-06;06/12/2021;5000;5100;5000;5100;2377
2021-12-07;07/12/2021;4750;5100;4750;5100;1878
2021-12-08;08/12/2021;5000;5000;5000;5000;1525
2021-12-09;09/12/2021;4990;5000;4990;5000;1657
2021-12-10;10/12/2021;5000;5000;5000;5000;327
2021-12-13;13/12/2021;5000;5000;4650;4650;181
2021-12-14;14/12/2021;4900;4995;4900;4995;312
2021-12-15;15/12/2021;4995;4995;4995;4995;2931
2021-12-16;16/12/2021;4995;4995;4995;4995;404
2021-12-17;17/12/2021;4700;4990;4700;4990;675
2021-12-20;20/12/2021;4990;4990;4990;4990;285
2021-12-21;21/12/2021;4900;4990;4900;4990;305
2021-12-22;22/12/2021;4985;5100;4985;5100;1756
2021-12-23;23/12/2021;5095;5100;5095;5100;50601
2021-12-24;24/12/2021;5000;5000;5000;5000;20
2021-12-27;27/12/2021;4900;5000;4900;5000;59218
2021-12-28;28/12/2021;4980;5300;4980;5300;1702
2021-12-29;29/12/2021;5200;5285;5200;5285;1210
2021-12-30;30/12/2021;5200;5200;5200;5200;1073
2021-12-31;31/12/2021;5090;5090;5000;5000;350
2022-01-03;03/01/2022;5090;5090;5085;5085;534
2022-01-04;04/01/2022;5080;5080;4950;4950;1098
2022-01-05;05/01/2022;4950;5000;4950;5000;120
2022-01-06;06/01/2022;4955;4995;4955;4995;11484
2022-01-07;07/01/2022;4990;4990;4990;4990;1169
2022-01-10;10/01/2022;4990;4990;4990;4990;7300
2022-01-11;11/01/2022;4985;4985;4985;4985;185
2022-01-12;12/01/2022;4900;5000;4900;5000;1685
2022-01-13;13/01/2022;4950;5025;4950;5025;305
2022-01-14;14/01/2022;4950;5025;4950;5025;642
2022-01-17;17/01/2022;5025;5025;5000;5000;1357
2022-01-18;18/01/2022;5025;5025;5000;5000;1440
2022-01-19;19/01/2022;4960;5000;4960;5000;13
2022-01-20;20/01/2022;5000;5000;5000;5000;55
2022-01-21;21/01/2022;5000;5195;5000;5195;5961
2022-01-24;24/01/2022;5000;5195;5000;5195;124
2022-01-25;25/01/2022;5000;5000;4930;4930;705
2022-01-26;26/01/2022;5000;5000;5000;5000;713
2022-01-27;27/01/2022;4955;4995;4955;4995;393
2022-01-28;28/01/2022;4950;4950;4950;4950;409
2022-01-31;31/01/2022;4800;4950;4800;4950;3231
2022-02-01;01/02/2022;4950;4950;4950;4950;2160
2022-02-02;02/02/2022;4920;4950;4920;4950;968
2022-02-03;03/02/2022;4950;4950;4950;4950;794
2022-02-04;04/02/2022;4925;4950;4925;4950;12036
2022-02-07;07/02/2022;4950;5000;4950;5000;439
2022-02-08;08/02/2022;5000;5000;4940;4940;588
2022-02-09;09/02/2022;4950;4950;4950;4950;39013
2022-02-10;10/02/2022;5000;5020;5000;5020;1533
2022-02-11;11/02/2022;5000;5180;5000;5180;721
2022-02-14;14/02/2022;5180;5180;5120;5120;1120
2022-02-15;15/02/2022;5100;5120;5100;5120;456
2022-02-16;16/02/2022;5120;5180;5120;5180;613
2022-02-17;17/02/2022;5200;5300;5200;5300;4679
2022-02-18;18/02/2022;5300;5300;5300;5300;342
2022-02-21;21/02/2022;5345;5495;5345;5495;2337
2022-02-22;22/02/2022;5495;5500;5495;5500;403
2022-02-23;23/02/2022;5400;5490;5400;5490;517
2022-02-24;24/02/2022;5400;5500;5400;5500;1586
2022-02-25;25/02/2022;5490;5490;5485;5485;373
2022-02-28;28/02/2022;5485;5485;5480;5480;624
2022-03-01;01/03/2022;5400;5445;5400;5445;1093
2022-03-02;02/03/2022;5390;5390;5390;5390;1321
2022-03-03;03/03/2022;5390;5485;5390;5485;2119
2022-03-04;04/03/2022;5485;5485;5485;5485;270
2022-03-07;07/03/2022;5495;5495;5490;5490;1067
2022-03-08;08/03/2022;5485;5495;5485;5495;967
2022-03-09;09/03/2022;5490;5490;5490;5490;320
2022-03-10;10/03/2022;5495;5495;5490;5490;7268
2022-03-11;11/03/2022;5490;5490;5490;5490;1461
2022-03-14;14/03/2022;5495;5495;5490;5490;7570
2022-03-15;15/03/2022;5495;5600;5495;5600;2982
2022-03-16;16/03/2022;5600;5600;5585;5585;2153
2022-03-17;17/03/2022;5505;5505;5500;5500;2723
2022-03-18;18/03/2022;5550;5550;5520;5520;262
2022-03-21;21/03/2022;5520;5595;5520;5595;149
2022-03-22;22/03/2022;5595;5600;5595;5600;2707
2022-03-23;23/03/2022;5580;5850;5580;5850;19915
2022-03-24;24/03/2022;5900;5900;5850;5850;5475
2022-03-25;25/03/2022;5850;6000;5850;6000;510
2022-03-28;28/03/2022;5900;5995;5900;5995;1129
2022-03-29;29/03/2022;5995;5995;5990;5990;581
2022-03-30;30/03/2022;5990;5990;5990;5990;7046
2022-03-31;31/03/2022;6000;6100;6000;6100;912
2022-04-01;01/04/2022;6005;6005;5995;5995;10105
2022-04-04;04/04/2022;5855;5855;5855;5855;3133
2022-04-05;05/04/2022;5855;5900;5855;5900;1710
2022-04-06;06/04/2022;5900;5900;5900;5900;850
2022-04-07;07/04/2022;5900;6000;5900;6000;904
2022-04-08;08/04/2022;6050;6050;6000;6000;2084
2022-04-11;11/04/2022;5990;5990;5950;5950;753
2022-04-12;12/04/2022;5950;5990;5950;5990;2009
2022-04-13;13/04/2022;5910;5910;5910;5910;348
2022-04-14;14/04/2022;5910;5915;5910;5915;870
2022-04-15;15/04/2022;5990;5990;5990;5990;75
2022-04-19;19/04/2022;5990;5990;5990;5990;2836
2022-04-20;20/04/2022;5990;5990;5980;5980;3565
2022-04-21;21/04/2022;5980;5990;5980;5990;8938
2022-04-22;22/04/2022;5990;5990;5990;5990;6864
2022-04-25;25/04/2022;5985;5985;5985;5985;3355
2022-04-26;26/04/2022;5950;5990;5950;5990;742
2022-04-27;27/04/2022;5990;5990;5990;5990;28360
2022-04-28;28/04/2022;5990;5990;5990;5990;28360
2022-04-29;29/04/2022;5990;5990;5985;5985;12481
2022-05-02;02/05/2022;5990;5990;5985;5985;12481
2022-05-03;03/05/2022;6100;6125;6100;6125;18027
2022-05-04;04/05/2022;6000;6015;6000;6015;3801
2022-05-05;05/05/2022;6015;6100;6015;6100;8679
2022-05-06;06/05/2022;6200;6200;6150;6150;8233
2022-05-09;09/05/2022;6145;6145;6145;6145;1523
2022-05-10;10/05/2022;6145;6150;6145;6150;6292
2022-05-11;11/05/2022;6150;6490;6150;6490;8120
2022-05-12;12/05/2022;6500;6500;6500;6500;5051
2022-05-13;13/05/2022;6850;6950;6850;6950;1585
2022-05-16;16/05/2022;7095;7095;6895;6895;2621
2022-05-17;17/05/2022;6850;6850;6730;6730;4778
2022-05-18;18/05/2022;6700;6700;6600;6600;6928
2022-05-19;19/05/2022;6605;6605;6605;6605;1785
2022-05-20;20/05/2022;6650;6650;6605;6605;2792
2022-05-23;23/05/2022;6600;6600;6600;6600;3007
2022-05-24;24/05/2022;6500;6590;6500;6590;794
2022-05-25;25/05/2022;6570;6570;6560;6560;861
2022-05-26;26/05/2022;6570;6570;6560;6560;861
2022-05-27;27/05/2022;6500;6590;6500;6590;1932
2022-05-30;30/05/2022;6590;6590;6590;6590;845
2022-05-31;31/05/2022;6565;6590;6565;6590;724
2022-06-01;01/06/2022;6590;6590;6590;6590;1698
2022-06-02;02/06/2022;6600;6600;6600;6600;1245
2022-06-03;03/06/2022;6600;6600;6590;6590;310
2022-06-06;06/06/2022;6600;6600;6590;6590;310
2022-06-07;07/06/2022;6590;6590;6500;6500;254
2022-06-08;08/06/2022;6450;6500;6450;6500;698
2022-06-09;09/06/2022;6500;6500;6500;6500;10698
2022-06-10;10/06/2022;6600;6600;6500;6500;198
2022-06-13;13/06/2022;6500;6600;6500;6600;69
2022-06-14;14/06/2022;6500;6500;6500;6500;453
2022-06-15;15/06/2022;6500;6500;6500;6500;1807
2022-06-16;16/06/2022;6505;6505;6505;6505;2257
2022-06-17;17/06/2022;6600;6600;6600;6600;3220
2022-06-20;20/06/2022;6590;6590;6550;6550;67
2022-06-21;21/06/2022;6510;6590;6510;6590;227
2022-06-22;22/06/2022;6590;6600;6590;6600;582
2022-06-23;23/06/2022;6595;6595;6500;6500;445
2022-06-24;24/06/2022;6500;6595;6500;6595;1029
2022-06-27;27/06/2022;6595;6595;6500;6500;400
2022-06-28;28/06/2022;6500;6600;6500;6600;608
2022-06-29;29/06/2022;6500;6500;6500;6500;518
2022-06-30;30/06/2022;6500;6505;6500;6505;1256
2022-07-01;01/07/2022;6500;6500;6500;6500;35
2022-07-04;04/07/2022;6500;6500;6500;6500;216
2022-07-05;05/07/2022;6500;6500;6500;6500;981
2022-07-06;06/07/2022;6500;6500;6400;6400;85
2022-07-07;07/07/2022;6490;6490;6450;6450;221
2022-07-08;08/07/2022;6450;6450;6450;6450;546
2022-07-11;11/07/2022;6440;6440;6440;6440;210
2022-07-12;12/07/2022;6440;6450;6440;6450;312
2022-07-13;13/07/2022;6500;6500;6500;6500;1810
2022-07-14;14/07/2022;6500;6500;6460;6460;1367
2022-07-15;15/07/2022;6460;6460;6450;6450;905
2022-07-18;18/07/2022;6450;6500;6450;6500;737
2022-07-19;19/07/2022;6300;6300;6300;6300;80
2022-07-20;20/07/2022;6300;6300;6300;6300;613
2022-07-21;21/07/2022;6150;6270;6150;6270;177
2022-07-22;22/07/2022;6100;6100;6100;6100;1053
2022-07-25;25/07/2022;6100;6100;6000;6000;2440
2022-07-26;26/07/2022;6000;6000;6000;6000;2125
2022-07-27;27/07/2022;6000;6100;6000;6100;2587
2022-07-28;28/07/2022;5900;5910;5900;5910;271
2022-07-29;29/07/2022;5910;5915;5910;5915;419
2022-08-01;01/08/2022;5915;6000;5915;6000;273
2022-08-02;02/08/2022;5995;6000;5995;6000;317
2022-08-03;03/08/2022;6000;6000;6000;6000;1025
2022-08-04;04/08/2022;6000;6000;5955;5955;269
2022-08-05;05/08/2022;5950;5955;5950;5955;4152
2022-08-08;08/08/2022;5950;5955;5950;5955;4152
2022-08-09;09/08/2022;5915;5915;5910;5910;624
2022-08-10;10/08/2022;5975;6000;5975;6000;181
2022-08-11;11/08/2022;5995;5995;5955;5955;818
2022-08-12;12/08/2022;5955;6000;5955;6000;924
2022-08-15;15/08/2022;5955;6000;5955;6000;924
2022-08-16;16/08/2022;5955;6000;5955;6000;1105
2022-08-17;17/08/2022;5955;5955;5955;5955;977
2022-08-18;18/08/2022;5995;5995;5955;5955;512
2022-08-19;19/08/2022;5955;5990;5955;5990;444
2022-08-22;22/08/2022;5950;5950;5920;5920;829
2022-08-23;23/08/2022;5910;5995;5910;5995;441
2022-08-24;24/08/2022;5995;5995;5930;5930;252
2022-08-25;25/08/2022;5930;6000;5930;6000;94
2022-08-26;26/08/2022;5915;5980;5915;5980;153
2022-08-29;29/08/2022;5915;5950;5915;5950;189
2022-08-30;30/08/2022;5950;5950;5950;5950;826
2022-08-31;31/08/2022;5950;5950;5915;5915;1368
2022-09-01;01/09/2022;5950;5950;5900;5900;442
2022-09-02;02/09/2022;5900;5900;5865;5865;1160
2022-09-05;05/09/2022;5890;5890;5600;5600;1024
2022-09-06;06/09/2022;5840;5840;5490;5490;1582
2022-09-07;07/09/2022;5490;5490;5490;5490;390
2022-09-08;08/09/2022;5500;5700;5500;5700;1683
2022-09-09;09/09/2022;5700;5700;5700;5700;147
2022-09-12;12/09/2022;5695;5800;5695;5800;209
2022-09-13;13/09/2022;5695;5900;5695;5900;953
2022-09-14;14/09/2022;5895;5945;5895;5945;982
2022-09-15;15/09/2022;5900;5945;5900;5945;301
2022-09-16;16/09/2022;5900;6000;5900;6000;7616
2022-09-19;19/09/2022;6000;6000;5990;5990;1136
2022-09-20;20/09/2022;5950;5990;5950;5990;130
2022-09-21;21/09/2022;5990;5990;5990;5990;18464
2022-09-22;22/09/2022;5980;5995;5980;5995;18186
2022-09-23;23/09/2022;5990;6100;5990;6100;16264
2022-09-26;26/09/2022;6050;6050;6000;6000;2659
2022-09-27;27/09/2022;5980;6100;5980;6100;754
2022-09-28;28/09/2022;6100;6450;6100;6450;7421
2022-09-29;29/09/2022;6450;6450;6400;6400;6580
2022-09-30;30/09/2022;6400;6400;6350;6350;2639
2022-10-03;03/10/2022;6350;6350;6100;6100;167
2022-10-04;04/10/2022;5705;6150;5705;6150;2083
2022-10-05;05/10/2022;6100;6100;6100;6100;4184
2022-10-06;06/10/2022;6090;6100;6090;6100;475
2022-10-07;07/10/2022;6000;6000;6000;6000;6097
2022-10-10;10/10/2022;5900;5995;5900;5995;7765
2022-10-11;11/10/2022;5755;5955;5755;5955;825
2022-10-12;12/10/2022;6000;6000;5900;5900;3363
2022-10-13;13/10/2022;5900;5900;5900;5900;310
2022-10-14;14/10/2022;5850;5900;5850;5900;387
2022-10-17;17/10/2022;5900;6100;5900;6100;1526
2022-10-18;18/10/2022;5875;6005;5875;6005;372
2022-10-19;19/10/2022;5700;5995;5700;5995;206
2022-10-20;20/10/2022;5900;6125;5900;6125;1668
2022-10-21;21/10/2022;6000;6125;6000;6125;1196
2022-10-24;24/10/2022;6005;6100;6005;6100;241
2022-10-25;25/10/2022;6000;6100;6000;6100;74
2022-10-26;26/10/2022;6050;6100;6050;6100;2545
2022-10-27;27/10/2022;5715;6095;5715;6095;294
2022-10-28;28/10/2022;6095;6095;6095;6095;223
2022-10-31;31/10/2022;6095;6095;6095;6095;223
2022-11-01;01/11/2022;5900;6095;5900;6095;73
2022-11-02;02/11/2022;6080;6080;5950;5950;208
2022-11-03;03/11/2022;5715;6070;5715;6070;759
2022-11-04;04/11/2022;6000;6000;5990;5990;202
2022-11-07;07/11/2022;5900;6045;5900;6045;854
2022-11-08;08/11/2022;6045;6045;5900;5900;352
2022-11-09;09/11/2022;5895;5900;5895;5900;1210
2022-11-10;10/11/2022;5800;5990;5800;5990;4810
2022-11-11;11/11/2022;5755;5755;5700;5700;445
2022-11-14;14/11/2022;5700;5700;5310;5310;41
2022-11-15;15/11/2022;5700;5700;5310;5310;41
2022-11-16;16/11/2022;5500;5500;5440;5440;584
2022-11-17;17/11/2022;5435;5435;5425;5425;1650
2022-11-18;18/11/2022;5425;5435;5425;5435;249
2022-11-21;21/11/2022;5435;5500;5435;5500;637
2022-11-22;22/11/2022;5500;5700;5500;5700;1397
2022-11-23;23/11/2022;5700;5700;5700;5700;1236
2022-11-24;24/11/2022;5695;5700;5695;5700;32
2022-11-25;25/11/2022;5700;5700;5700;5700;111
2022-11-28;28/11/2022;5600;5600;5600;5600;1247
2022-11-29;29/11/2022;5600;5680;5600;5680;2052
2022-11-30;30/11/2022;5600;5680;5600;5680;2052
2022-12-01;01/12/2022;5600;5680;5600;5680;2052
2022-12-02;02/12/2022;5680;5680;5600;5600;133
2022-12-05;05/12/2022;5390;5685;5390;5685;428
2022-12-06;06/12/2022;5685;5685;5685;5685;59
2022-12-07;07/12/2022;5700;5700;5700;5700;3475
2022-12-08;08/12/2022;5700;5700;5700;5700;3475
2022-12-09;09/12/2022;5695;5695;5695;5695;784
2022-12-12;12/12/2022;5695;5695;5695;5695;135
2022-12-13;13/12/2022;5680;5680;5680;5680;272
2022-12-14;14/12/2022;5680;5680;5680;5680;71
2022-12-15;15/12/2022;5435;5680;5435;5680;1269
2022-12-16;16/12/2022;5335;5680;5335;5680;1059
2022-12-19;19/12/2022;5680;5680;5680;5680;30
2022-12-20;20/12/2022;5500;5675;5500;5675;130
2022-12-21;21/12/2022;5280;5675;5280;5675;2122
2022-12-22;22/12/2022;5400;5675;5400;5675;5471
2022-12-23;23/12/2022;5675;5675;5675;5675;165
2022-12-26;26/12/2022;5675;5675;5675;5675;165
2022-12-27;27/12/2022;5675;5675;5670;5670;569
2022-12-28;28/12/2022;5670;5675;5670;5675;5597
2022-12-29;29/12/2022;5600;5675;5600;5675;5163
2022-12-30;30/12/2022;5675;5675;5670;5670;500
2023-01-02;02/01/2023;5675;5675;5670;5670;500
2023-01-03;03/01/2023;5665;5670;5665;5670;2717
2023-01-04;04/01/2023;5500;5500;5255;5255;58
2023-01-05;05/01/2023;5305;5500;5305;5500;6605
2023-01-06;06/01/2023;5700;5700;5400;5400;804
2023-01-09;09/01/2023;5405;5405;5405;5405;1707
2023-01-10;10/01/2023;5405;5405;5405;5405;1190
2023-01-11;11/01/2023;5405;5405;5400;5400;1348
2023-01-12;12/01/2023;5400;5400;5400;5400;267
2023-01-13;13/01/2023;5400;5400;5400;5400;16234
2023-01-16;16/01/2023;5400;5400;5390;5390;177
2023-01-17;17/01/2023;5390;5390;5390;5390;2701
2023-01-18;18/01/2023;5390;5390;5350;5350;213
2023-01-19;19/01/2023;5350;5750;5350;5750;1543
2023-01-20;20/01/2023;5350;5750;5350;5750;1543
2023-01-23;23/01/2023;5350;5740;5350;5740;2354
2023-01-24;24/01/2023;5700;5700;5680;5680;5560
2023-01-25;25/01/2023;5400;5500;5400;5500;675
2023-01-26;26/01/2023;5610;5680;5610;5680;63
2023-01-27;27/01/2023;5680;5680;5300;5300;3953
2023-01-30;30/01/2023;5475;5475;5475;5475;239
2023-01-31;31/01/2023;5475;5740;5475;5740;308
2023-02-01;01/02/2023;5750;5750;5700;5700;3656
2023-02-02;02/02/2023;5355;5700;5355;5700;121
2023-02-03;03/02/2023;5700;5700;5700;5700;124
2023-02-06;06/02/2023;5700;5700;5695;5695;535
2023-02-07;07/02/2023;5690;5690;5690;5690;584
2023-02-08;08/02/2023;5690;5690;5690;5690;109
2023-02-09;09/02/2023;5555;5690;5555;5690;365
2023-02-10;10/02/2023;5690;5690;5685;5685;70
2023-02-13;13/02/2023;5690;5690;5680;5680;393
2023-02-14;14/02/2023;5685;5700;5685;5700;1727
2023-02-15;15/02/2023;5695;5695;5680;5680;250
2023-02-16;16/02/2023;5680;5800;5680;5800;1925
2023-02-17;17/02/2023;5600;5600;5600;5600;891
2023-02-20;20/02/2023;5600;5600;5600;5600;205
2023-02-21;21/02/2023;5600;5600;5600;5600;796
2023-02-22;22/02/2023;5600;5600;5595;5595;326
2023-02-23;23/02/2023;5600;5600;5595;5595;380
2023-02-24;24/02/2023;5600;5750;5600;5750;2850
2023-02-27;27/02/2023;5600;5695;5600;5695;722
2023-02-28;28/02/2023;5695;5695;5695;5695;888
2023-03-01;01/03/2023;5695;5695;5690;5690;217
2023-03-02;02/03/2023;5690;5690;5690;5690;247
2023-03-03;03/03/2023;5690;5690;5690;5690;76
2023-03-06;06/03/2023;5600;5690;5600;5690;206
2023-03-07;07/03/2023;5690;5690;5690;5690;326
2023-03-08;08/03/2023;5690;5690;5690;5690;130
2023-03-09;09/03/2023;5690;5690;5690;5690;900
2023-03-10;10/03/2023;5580;5795;5580;5795;3131
2023-03-13;13/03/2023;5500;5780;5500;5780;375
2023-03-14;14/03/2023;5790;5790;5780;5780;614
2023-03-15;15/03/2023;5785;5785;5775;5775;210
2023-03-16;16/03/2023;5775;5775;5700;5700;98
2023-03-17;17/03/2023;5695;5695;5695;5695;151
2023-03-20;20/03/2023;5400;5690;5400;5690;592
2023-03-21;21/03/2023;5690;5690;5675;5675;65
2023-03-22;22/03/2023;5675;5675;5670;5670;207
2023-03-23;23/03/2023;5670;5700;5670;5700;2125
2023-03-24;24/03/2023;5650;5650;5650;5650;205
2023-03-27;27/03/2023;5625;5625;5625;5625;122
2023-03-28;28/03/2023;5410;5410;5410;5410;1425
2023-03-29;29/03/2023;5425;5780;5425;5780;1123
2023-03-30;30/03/2023;5780;5780;5600;5600;786
2023-03-31;31/03/2023;5780;5780;5400;5400;1021
2023-04-03;03/04/2023;5325;5580;5325;5580;6808
2023-04-04;04/04/2023;5400;5580;5400;5580;296
2023-04-05;05/04/2023;5580;5580;5580;5580;90
2023-04-06;06/04/2023;5410;5590;5410;5590;283
2023-04-07;07/04/2023;5510;5510;5500;5500;8
2023-04-10;10/04/2023;5510;5510;5500;5500;8
2023-04-11;11/04/2023;5590;5590;5590;5590;1068
2023-04-12;12/04/2023;5500;5500;5500;5500;178
2023-04-13;13/04/2023;5500;5500;5495;5495;292
2023-04-14;14/04/2023;5400;5495;5400;5495;293
2023-04-17;17/04/2023;5300;5495;5300;5495;114
2023-04-18;18/04/2023;5300;5495;5300;5495;114
2023-04-19;19/04/2023;5495;5495;5495;5495;543
2023-04-20;20/04/2023;5400;5495;5400;5495;1853
2023-04-21;21/04/2023;5400;5495;5400;5495;1853
2023-04-24;24/04/2023;5390;5390;5380;5380;130
2023-04-25;25/04/2023;5380;5495;5380;5495;10421
2023-04-26;26/04/2023;5495;5495;5495;5495;4195
2023-04-27;27/04/2023;5500;5500;5400;5400;779
2023-04-28;28/04/2023;5400;5400;5400;5400;30
2023-05-01;01/05/2023;5400;5400;5400;5400;30
2023-05-02;02/05/2023;5390;5400;5390;5400;450
2023-05-03;03/05/2023;5390;5400;5390;5400;450
2023-05-04;04/05/2023;5400;5400;5390;5390;775
2023-05-05;05/05/2023;5400;5400;5400;5400;2356
2023-05-08;08/05/2023;5400;5400;5370;5370;157
2023-05-09;09/05/2023;5370;5370;5305;5305;20
2023-05-10;10/05/2023;4910;4910;4910;4910;477
2023-05-11;11/05/2023;4900;4900;4805;4805;560
2023-05-12;12/05/2023;4795;4795;4600;4600;4667
2023-05-15;15/05/2023;4690;4690;4660;4660;401
2023-05-16;16/05/2023;4660;4695;4660;4695;2537
2023-05-17;17/05/2023;4695;4700;4695;4700;290
2023-05-18;18/05/2023;4695;4700;4695;4700;290
2023-05-19;19/05/2023;4700;4700;4700;4700;542
2023-05-22;22/05/2023;4700;4700;4700;4700;5611
2023-05-23;23/05/2023;4700;4700;4700;4700;3237
2023-05-24;24/05/2023;4695;5000;4695;5000;3916
2023-05-25;25/05/2023;4975;5000;4975;5000;360
2023-05-26;26/05/2023;4950;4950;4945;4945;1244
2023-05-29;29/05/2023;4950;4950;4945;4945;1244
2023-05-30;30/05/2023;4995;5280;4995;5280;46857
2023-05-31;31/05/2023;5250;5270;5250;5270;975
2023-06-01;01/06/2023;5270;5270;5265;5265;752
2023-06-02;02/06/2023;5260;5260;5245;5245;258
2023-06-05;05/06/2023;5100;5100;5010;5010;637
2023-06-06;06/06/2023;5015;5015;5000;5000;1144
2023-06-07;07/06/2023;4990;4990;4800;4800;2576
2023-06-08;08/06/2023;4800;4995;4800;4995;315
2023-06-09;09/06/2023;4995;4995;4900;4900;922
2023-06-12;12/06/2023;4900;4900;4900;4900;4024
2023-06-13;13/06/2023;4800;4850;4800;4850;150
2023-06-14;14/06/2023;4850;4850;4850;4850;144
2023-06-15;15/06/2023;4800;4850;4800;4850;602
2023-06-16;16/06/2023;4850;4850;4830;4830;110
2023-06-19;19/06/2023;4830;4830;4800;4800;1775
2023-06-20;20/06/2023;4800;4830;4800;4830;1045
2023-06-21;21/06/2023;4800;4800;4800;4800;500
2023-06-22;22/06/2023;4795;4795;4795;4795;123
2023-06-23;23/06/2023;4720;4795;4720;4795;1965
2023-06-26;26/06/2023;4795;4795;4795;4795;299
2023-06-27;27/06/2023;4795;4800;4795;4800;1387
2023-06-28;28/06/2023;4795;4800;4795;4800;1387
2023-06-29;29/06/2023;4800;4800;4795;4795;220
2023-06-30;30/06/2023;4800;4800;4800;4800;491
2023-07-03;03/07/2023;4795;4795;4780;4780;659
2023-07-04;04/07/2023;4780;4780;4780;4780;6399
2023-07-05;05/07/2023;4780;4780;4775;4775;7760
2023-07-06;06/07/2023;4750;4750;4740;4740;7292
2023-07-07;07/07/2023;4780;4780;4730;4730;9928
2023-07-10;10/07/2023;4800;4800;4730;4730;3419
2023-07-11;11/07/2023;4730;4730;4700;4700;18702
2023-07-12;12/07/2023;4600;4600;4350;4350;22638
2023-07-13;13/07/2023;4075;4075;4075;4075;2872
2023-07-14;14/07/2023;4150;4250;4150;4250;1970
2023-07-17;17/07/2023;4200;4245;4200;4245;553
2023-07-18;18/07/2023;4245;4245;4205;4205;666
2023-07-19;19/07/2023;4205;4205;4150;4150;1203
2023-07-20;20/07/2023;4100;4100;4100;4100;1481
2023-07-21;21/07/2023;4100;4195;4100;4195;6781
2023-07-24;24/07/2023;4100;4100;4075;4075;2035
2023-07-25;25/07/2023;4100;4100;4075;4075;1402
2023-07-26;26/07/2023;4050;4050;3995;3995;951
2023-07-27;27/07/2023;4000;4000;3935;3935;1304
2023-07-28;28/07/2023;3915;3915;3895;3895;1706
2023-07-31;31/07/2023;3900;3900;3890;3890;4204
2023-08-01;01/08/2023;3890;3890;3800;3800;2450
2023-08-02;02/08/2023;3800;3800;3600;3600;1142
2023-08-03;03/08/2023;3650;3825;3650;3825;3755
2023-08-04;04/08/2023;3875;3875;3800;3800;1228
2023-08-07;07/08/2023;3875;3875;3800;3800;1228
2023-08-08;08/08/2023;3845;3845;3825;3825;360
2023-08-09;09/08/2023;3795;3825;3795;3825;1327
2023-08-10;10/08/2023;3800;3800;3800;3800;1597
2023-08-11;11/08/2023;3795;3795;3760;3760;683
2023-08-14;14/08/2023;3765;3780;3765;3780;818
2023-08-15;15/08/2023;3765;3780;3765;3780;818
2023-08-16;16/08/2023;3780;3780;3780;3780;560
2023-08-17;17/08/2023;3780;3890;3780;3890;7273
2023-08-18;18/08/2023;3890;3890;3805;3805;8481
2023-08-21;21/08/2023;3805;3870;3805;3870;3089
2023-08-22;22/08/2023;3875;3995;3875;3995;465
2023-08-23;23/08/2023;3950;3995;3950;3995;26
2023-08-24;24/08/2023;3995;3995;3985;3985;2625
2023-08-25;25/08/2023;3985;3985;3985;3985;155
2023-08-28;28/08/2023;3985;3985;3985;3985;2542
2023-08-29;29/08/2023;3980;3980;3870;3870;2199
2023-08-30;30/08/2023;3900;3900;3870;3870;1195
2023-08-31;31/08/2023;3800;3870;3800;3870;214
2023-09-01;01/09/2023;3870;3870;3800;3800;553
2023-09-04;04/09/2023;3800;3800;3750;3750;96
2023-09-05;05/09/2023;3745;3745;3735;3735;166
2023-09-06;06/09/2023;3730;3730;3730;3730;471
2023-09-07;07/09/2023;3730;3800;3730;3800;4844
2023-09-08;08/09/2023;3800;3800;3795;3795;408
2023-09-11;11/09/2023;3790;3790;3725;3725;2991
2023-09-12;12/09/2023;3720;3720;3690;3690;2357
2023-09-13;13/09/2023;3690;3690;3670;3670;403
2023-09-14;14/09/2023;3690;3730;3690;3730;2465
2023-09-15;15/09/2023;3790;3790;3700;3700;2521
2023-09-18;18/09/2023;3700;3700;3695;3695;9343
2023-09-19;19/09/2023;3530;3695;3530;3695;1471
2023-09-20;20/09/2023;3600;3790;3600;3790;963
2023-09-21;21/09/2023;3790;3795;3790;3795;704
2023-09-22;22/09/2023;3785;3785;3750;3750;10039
2023-09-25;25/09/2023;3700;3750;3700;3750;1844
2023-09-26;26/09/2023;3750;3750;3480;3480;4357
2023-09-27;27/09/2023;3750;3750;3480;3480;4357
2023-09-28;28/09/2023;3480;3700;3480;3700;4144
2023-09-29;29/09/2023;3480;3480;3445;3445;76
2023-10-02;02/10/2023;3500;3695;3500;3695;1302
2023-10-03;03/10/2023;3700;3700;3700;3700;5922
2023-10-04;04/10/2023;3695;3695;3500;3500;3301
2023-10-05;05/10/2023;3505;3505;3485;3485;523
2023-10-06;06/10/2023;3500;3500;3480;3480;704
2023-10-09;09/10/2023;3485;3485;3480;3480;313
2023-10-10;10/10/2023;3480;3495;3480;3495;3701
2023-10-11;11/10/2023;3495;3500;3495;3500;873
2023-10-12;12/10/2023;3500;3650;3500;3650;1199
2023-10-13;13/10/2023;3500;3650;3500;3650;125
2023-10-16;16/10/2023;3640;3650;3640;3650;25567
2023-10-17;17/10/2023;3650;3650;3600;3600;2946
2023-10-18;18/10/2023;3600;3600;3600;3600;1678
2023-10-19;19/10/2023;3650;3650;3650;3650;17663
2023-10-20;20/10/2023;3650;3650;3650;3650;1207
2023-10-23;23/10/2023;3780;3780;3750;3750;216
2023-10-24;24/10/2023;3750;3750;3750;3750;251
2023-10-25;25/10/2023;3700;3700;3695;3695;304
2023-10-26;26/10/2023;3695;3695;3695;3695;257
2023-10-27;27/10/2023;3420;3420;3420;3420;294
2023-10-30;30/10/2023;3300;3300;3165;3165;2187
2023-10-31;31/10/2023;2965;2965;2930;2930;1329
2023-11-01;01/11/2023;2965;2965;2930;2930;1329
2023-11-02;02/11/2023;2930;2930;2930;2930;519
2023-11-03;03/11/2023;2930;2930;2800;2800;2891
2023-11-06;06/11/2023;2800;2800;2780;2780;1962
2023-11-07;07/11/2023;2770;2770;2770;2770;5854
2023-11-08;08/11/2023;2770;2770;2770;2770;1355
2023-11-09;09/11/2023;2770;2770;2770;2770;96
2023-11-10;10/11/2023;2770;2770;2595;2595;1297
2023-11-13;13/11/2023;2600;2770;2600;2770;3454
2023-11-14;14/11/2023;2760;2770;2760;2770;4684
2023-11-15;15/11/2023;2760;2770;2760;2770;4684
2023-11-16;16/11/2023;2720;2720;2700;2700;1060
2023-11-17;17/11/2023;2750;2750;2700;2700;2778
2023-11-20;20/11/2023;2695;2695;2595;2595;3708
2023-11-21;21/11/2023;2595;2600;2595;2600;1058
2023-11-22;22/11/2023;2600;2600;2600;2600;2038
2023-11-23;23/11/2023;2600;2600;2600;2600;565
2023-11-24;24/11/2023;2600;2600;2600;2600;634
2023-11-27;27/11/2023;2600;2605;2600;2605;18751
2023-11-28;28/11/2023;2600;2600;2600;2600;3215
2023-11-29;29/11/2023;2600;2600;2600;2600;816
2023-11-30;30/11/2023;2600;2600;2600;2600;335
2023-12-01;01/12/2023;2605;2795;2605;2795;106
2023-12-04;04/12/2023;2795;2795;2790;2790;100
2023-12-05;05/12/2023;2785;2785;2760;2760;1212
2023-12-06;06/12/2023;2755;2755;2750;2750;814
2023-12-07;07/12/2023;2700;2700;2670;2670;543
2023-12-08;08/12/2023;2670;2745;2670;2745;4853
2023-12-11;11/12/2023;2745;2745;2745;2745;3010
2023-12-12;12/12/2023;2900;2900;2900;2900;10440
2023-12-13;13/12/2023;3115;3115;3115;3115;1114
2023-12-14;14/12/2023;3200;3205;3200;3205;696
2023-12-15;15/12/2023;3445;3445;3445;3445;2545
2023-12-18;18/12/2023;3190;3350;3190;3350;689
2023-12-19;19/12/2023;3350;3600;3350;3600;1709
2023-12-20;20/12/2023;3440;3440;3395;3395;195
2023-12-21;21/12/2023;3350;3395;3350;3395;345
2023-12-22;22/12/2023;3385;3385;3300;3300;750
2023-12-25;25/12/2023;3385;3385;3300;3300;750
2023-12-26;26/12/2023;3300;3300;3300;3300;383
2023-12-27;27/12/2023;3300;3300;3300;3300;355
2023-12-28;28/12/2023;3170;3260;3170;3260;10447
2023-12-29;29/12/2023;3285;3285;3270;3270;1654
2024-01-01;01/01/2024;3285;3285;3270;3270;1654
2024-01-02;02/01/2024;3200;3260;3200;3260;72
2024-01-03;03/01/2024;3260;3260;3250;3250;284
2024-01-04;04/01/2024;3250;3250;3250;3250;15667
2024-01-05;05/01/2024;3200;3250;3200;3250;15056
2024-01-08;08/01/2024;3240;3240;3235;3235;246
2024-01-09;09/01/2024;3200;3200;3200;3200;535
2024-01-10;10/01/2024;3125;3195;3125;3195;1359
2024-01-11;11/01/2024;3195;3195;3195;3195;99
2024-01-12;12/01/2024;3195;3240;3195;3240;10315
2024-01-15;15/01/2024;3025;3200;3025;3200;565
2024-01-16;16/01/2024;3195;3200;3195;3200;620
2024-01-17;17/01/2024;3200;3200;3150;3150;1319
2024-01-18;18/01/2024;3150;3200;3150;3200;842
2024-01-19;19/01/2024;3200;3200;3180;3180;38
2024-01-22;22/01/2024;3080;3090;3080;3090;236
2024-01-23;23/01/2024;3090;3095;3090;3095;372
2024-01-24;24/01/2024;3100;3100;3095;3095;1314
2024-01-25;25/01/2024;3095;3095;3080;3080;565
2024-01-26;26/01/2024;3095;3095;3080;3080;532
2024-01-29;29/01/2024;3090;3090;3080;3080;1065
2024-01-30;30/01/2024;3050;3050;3045;3045;277
2024-01-31;31/01/2024;3045;3045;3030;3030;111
2024-02-01;01/02/2024;3035;3035;3035;3035;39
2024-02-02;02/02/2024;3025;3035;3025;3035;275
2024-02-05;05/02/2024;3035;3040;3035;3040;30
2024-02-06;06/02/2024;3035;3050;3035;3050;1142
2024-02-07;07/02/2024;3050;3050;3050;3050;159
2024-02-08;08/02/2024;3050;3050;3050;3050;264
2024-02-09;09/02/2024;3050;3080;3050;3080;220
2024-02-12;12/02/2024;3050;3080;3050;3080;220
2024-02-13;13/02/2024;3050;3050;3050;3050;3956
2024-02-14;14/02/2024;3050;3050;3050;3050;1454
2024-02-15;15/02/2024;3050;3200;3050;3200;1068
2024-02-16;16/02/2024;3195;3200;3195;3200;162
2024-02-19;19/02/2024;3100;3200;3100;3200;10048
2024-02-20;20/02/2024;3200;3200;3195;3195;357
2024-02-21;21/02/2024;3195;3195;3190;3190;131
2024-02-22;22/02/2024;3050;3195;3050;3195;1242
2024-02-23;23/02/2024;3190;3190;3190;3190;610
2024-02-26;26/02/2024;3190;3195;3190;3195;701
2024-02-27;27/02/2024;3195;3200;3195;3200;563
2024-02-28;28/02/2024;3200;3200;3200;3200;186
2024-02-29;29/02/2024;3200;3200;3200;3200;151
2024-03-01;01/03/2024;3200;3200;3200;3200;1410
2024-03-04;04/03/2024;3200;3200;3200;3200;7697
2024-03-05;05/03/2024;3200;3210;3200;3210;468
2024-03-06;06/03/2024;3210;3300;3210;3300;823
2024-03-07;07/03/2024;3400;3400;3220;3220;531
2024-03-08;08/03/2024;3220;3300;3220;3300;12152
2024-03-11;11/03/2024;3300;3305;3300;3305;431
2024-03-12;12/03/2024;3300;3305;3300;3305;3234
2024-03-13;13/03/2024;3210;3305;3210;3305;1418
2024-03-14;14/03/2024;3370;3370;3370;3370;37
2024-03-15;15/03/2024;3380;3500;3380;3500;71
2024-03-18;18/03/2024;3760;3760;3760;3760;136
2024-03-19;19/03/2024;3740;4000;3740;4000;298
2024-03-20;20/03/2024;3890;3890;3890;3890;1032
2024-03-21;21/03/2024;3700;3885;3700;3885;1152
2024-03-22;22/03/2024;3800;3800;3700;3700;703
2024-03-25;25/03/2024;3700;3700;3695;3695;491
2024-03-26;26/03/2024;3500;3650;3500;3650;1900
2024-03-27;27/03/2024;3650;3875;3650;3875;835
2024-03-28;28/03/2024;3875;3875;3875;3875;362
2024-03-29;29/03/2024;3870;3895;3870;3895;249
2024-04-01;01/04/2024;3870;3895;3870;3895;249
2024-04-02;02/04/2024;3875;3875;3800;3800;62
2024-04-03;03/04/2024;3800;3885;3800;3885;1048
2024-04-04;04/04/2024;3885;3895;3885;3895;122
2024-04-05;05/04/2024;3800;3800;3700;3700;351
2024-04-08;08/04/2024;3700;3700;3625;3625;525
2024-04-09;09/04/2024;3750;3755;3750;3755;1227
2024-04-10;10/04/2024;3750;3755;3750;3755;1227
2024-04-11;11/04/2024;3790;3790;3770;3770;373
2024-04-12;12/04/2024;3550;3600;3550;3600;931
2024-04-15;15/04/2024;3500;3500;3500;3500;1810
2024-04-16;16/04/2024;3500;3500;3500;3500;5004
2024-04-17;17/04/2024;3500;3500;3500;3500;752
2024-04-18;18/04/2024;3490;3500;3490;3500;130
2024-04-19;19/04/2024;3495;3495;3420;3420;600
2024-04-22;22/04/2024;3420;3450;3420;3450;122
2024-04-23;23/04/2024;3450;3450;3450;3450;408
2024-04-24;24/04/2024;3450;3450;3400;3400;74
2024-04-25;25/04/2024;3370;3400;3370;3400;352
2024-04-26;26/04/2024;3380;3400;3380;3400;795
2024-04-29;29/04/2024;3350;3350;3350;3350;162
2024-04-30;30/04/2024;3280;3325;3280;3325;150
2024-05-01;01/05/2024;3280;3325;3280;3325;150
2024-05-02;02/05/2024;3340;3340;3200;3200;3738
2024-05-03;03/05/2024;3200;3200;3200;3200;187
2024-05-06;06/05/2024;3200;3200;3190;3190;936
2024-05-07;07/05/2024;3190;3195;3190;3195;356
2024-05-08;08/05/2024;3195;3200;3195;3200;5671
2024-05-09;09/05/2024;3195;3200;3195;3200;5671
2024-05-10;10/05/2024;3190;3190;2970;2970;294
2024-05-13;13/05/2024;3190;3190;3190;3190;186
2024-05-14;14/05/2024;3000;3015;3000;3015;1029
2024-05-15;15/05/2024;3190;3200;3190;3200;101
2024-05-16;16/05/2024;3100;3200;3100;3200;131
2024-05-17;17/05/2024;3195;3200;3195;3200;2196
2024-05-20;20/05/2024;3195;3200;3195;3200;2196
2024-05-21;21/05/2024;3195;3195;3150;3150;5436
2024-05-22;22/05/2024;2955;3180;2955;3180;3184
2024-05-23;23/05/2024;3150;3150;3145;3145;177
2024-05-24;24/05/2024;3145;3145;3145;3145;2421
2024-05-27;27/05/2024;3145;3145;3140;3140;7585
2024-05-28;28/05/2024;3140;3140;3140;3140;45
2024-05-29;29/05/2024;3140;3140;3140;3140;2979
2024-05-30;30/05/2024;3140;3140;3125;3125;12281
2024-05-31;31/05/2024;3125;3125;3125;3125;319
2024-06-03;03/06/2024;3125;3125;3125;3125;344
2024-06-04;04/06/2024;3120;3120;3115;3115;3863
2024-06-05;05/06/2024;3125;3125;3065;3065;1713
2024-06-06;06/06/2024;3065;3185;3065;3185;5188
2024-06-07;07/06/2024;3185;3395;3185;3395;5714
2024-06-10;10/06/2024;3145;3600;3145;3600;709
2024-06-11;11/06/2024;3500;3585;3500;3585;291
2024-06-12;12/06/2024;3585;3585;3350;3350;5513
2024-06-13;13/06/2024;3495;3580;3495;3580;12211
2024-06-14;14/06/2024;3495;3580;3495;3580;62
2024-06-18;18/06/2024;3575;3575;3500;3500;1811
2024-06-19;19/06/2024;3580;3580;3500;3500;472
2024-06-20;20/06/2024;3600;3745;3600;3745;248
2024-06-21;21/06/2024;3740;3740;3725;3725;87
2024-06-24;24/06/2024;3450;3725;3450;3725;647
2024-06-25;25/06/2024;3525;3700;3525;3700;4066
2024-06-26;26/06/2024;3580;3650;3580;3650;2633
2024-06-27;27/06/2024;3650;3650;3600;3600;1330
2024-06-28;28/06/2024;3600;3725;3600;3725;943
2024-07-01;01/07/2024;3670;3670;3600;3600;1558
2024-07-02;02/07/2024;3650;3650;3600;3600;796
2024-07-03;03/07/2024;3640;3700;3640;3700;189
2024-07-04;04/07/2024;3700;3700;3700;3700;144
2024-07-05;05/07/2024;3700;3700;3700;3700;556
2024-07-08;08/07/2024;3700;3750;3700;3750;4857
2024-07-09;09/07/2024;3800;3875;3800;3875;5734
2024-07-10;10/07/2024;3750;3875;3750;3875;3261
2024-07-11;11/07/2024;3875;3885;3875;3885;770
2024-07-12;12/07/2024;3875;3875;3870;3870;29
2024-07-15;15/07/2024;3800;3875;3800;3875;341
2024-07-16;16/07/2024;3750;3785;3750;3785;1160
2024-07-17;17/07/2024;3785;3785;3785;3785;183
2024-07-18;18/07/2024;3785;3790;3785;3790;843
2024-07-19;19/07/2024;3860;3860;3790;3790;1373
2024-07-22;22/07/2024;3800;3800;3800;3800;442
2024-07-23;23/07/2024;3790;3800;3790;3800;985
2024-07-24;24/07/2024;3800;3860;3800;3860;1197
2024-07-25;25/07/2024;3860;3860;3860;3860;177
2024-07-26;26/07/2024;3860;3875;3860;3875;1899
2024-07-29;29/07/2024;3850;3850;3850;3850;1231
2024-07-30;30/07/2024;3850;3885;3850;3885;1263
2024-07-31;31/07/2024;3895;3995;3895;3995;1855
2024-08-01;01/08/2024;3995;3995;3990;3990;185
2024-08-02;02/08/2024;3985;3985;3850;3850;2123
2024-08-05;05/08/2024;3890;3930;3890;3930;1104
2024-08-06;06/08/2024;3930;3930;3900;3900;165
2024-08-07;07/08/2024;3930;3930;3900;3900;165
2024-08-08;08/08/2024;3900;3900;3850;3850;1255
2024-08-09;09/08/2024;3850;3895;3850;3895;610
2024-08-12;12/08/2024;3850;3900;3850;3900;998
2024-08-13;13/08/2024;3900;3900;3895;3895;2051
2024-08-14;14/08/2024;3850;3860;3850;3860;1571
2024-08-15;15/08/2024;3850;3860;3850;3860;1571
2024-08-16;16/08/2024;3860;3860;3800;3800;767
2024-08-19;19/08/2024;3800;3860;3800;3860;1726
2024-08-20;20/08/2024;3860;3860;3850;3850;227
2024-08-21;21/08/2024;3810;3860;3810;3860;485
2024-08-22;22/08/2024;3860;3900;3860;3900;3104
2024-08-23;23/08/2024;3900;3900;3860;3860;1620
2024-08-26;26/08/2024;3900;3900;3895;3895;3170
2024-08-27;27/08/2024;3870;3900;3870;3900;849
2024-08-28;28/08/2024;3900;3900;3900;3900;687
2024-08-29;29/08/2024;3860;3860;3710;3710;1814
2024-08-30;30/08/2024;3750;3900;3750;3900;1212
2024-09-02;02/09/2024;3900;3900;3800;3800;3461
2024-09-03;03/09/2024;3750;3795;3750;3795;179
2024-09-04;04/09/2024;3795;3990;3795;3990;2744
2024-09-05;05/09/2024;3795;3985;3795;3985;369
2024-09-06;06/09/2024;3795;3980;3795;3980;33
2024-09-09;09/09/2024;3980;3980;3900;3900;246
2024-09-10;10/09/2024;3900;3990;3900;3990;21026
2024-09-11;11/09/2024;3980;3990;3980;3990;539
2024-09-12;12/09/2024;3990;3990;3985;3985;103
2024-09-13;13/09/2024;3980;3980;3980;3980;2789
2024-09-16;16/09/2024;3750;3970;3750;3970;63
2024-09-17;17/09/2024;3755;3970;3755;3970;27
2024-09-18;18/09/2024;3970;3970;3970;3970;1389
2024-09-19;19/09/2024;3900;3975;3900;3975;505
2024-09-20;20/09/2024;3965;3965;3960;3960;317
2024-09-23;23/09/2024;3960;3960;3960;3960;165
2024-09-24;24/09/2024;3950;3950;3940;3940;153
2024-09-25;25/09/2024;3950;3950;3940;3940;153
2024-09-26;26/09/2024;3700;3900;3700;3900;3079
2024-09-27;27/09/2024;3900;3920;3900;3920;167
2024-09-30;30/09/2024;3920;3935;3920;3935;131
2024-10-01;01/10/2024;3800;3940;3800;3940;949
2024-10-02;02/10/2024;3950;3950;3940;3940;975
2024-10-03;03/10/2024;3895;3960;3895;3960;18
2024-10-04;04/10/2024;3830;3830;3800;3800;4421
2024-10-07;07/10/2024;3800;3960;3800;3960;5705
2024-10-08;08/10/2024;3985;4255;3985;4255;8210
2024-10-09;09/10/2024;4570;4570;4560;4560;2956
2024-10-10;10/10/2024;4550;4550;4500;4500;6281
2024-10-11;11/10/2024;4495;4495;4490;4490;2026
2024-10-14;14/10/2024;4490;4490;4450;4450;1087
2024-10-15;15/10/2024;4400;4400;4400;4400;1924
2024-10-16;16/10/2024;4365;4400;4365;4400;7595
2024-10-17;17/10/2024;4400;4445;4400;4445;186
2024-10-18;18/10/2024;4400;4400;4390;4390;1304
2024-10-21;21/10/2024;4390;4390;4320;4320;4425
2024-10-22;22/10/2024;4320;4450;4320;4450;4340
2024-10-23;23/10/2024;4380;4430;4380;4430;1950
2024-10-24;24/10/2024;4430;4430;4400;4400;105
2024-10-25;25/10/2024;4400;4400;4395;4395;2199
2024-10-28;28/10/2024;4395;4395;4385;4385;775
2024-10-29;29/10/2024;4385;4450;4385;4450;4542
2024-10-30;30/10/2024;4450;4490;4450;4490;406
2024-10-31;31/10/2024;4490;4490;4460;4460;490
2024-11-01;01/11/2024;4490;4490;4460;4460;490
2024-11-04;04/11/2024;4460;4790;4460;4790;2190
2024-11-05;05/11/2024;4700;4700;4600;4600;1737
2024-11-06;06/11/2024;4595;4595;4305;4305;1290
2024-11-07;07/11/2024;4305;4315;4305;4315;2685
2024-11-08;08/11/2024;4330;4500;4330;4500;5825
2024-11-11;11/11/2024;4355;4450;4355;4450;3196
2024-11-12;12/11/2024;4455;4475;4455;4475;1489
2024-11-13;13/11/2024;4360;4450;4360;4450;1130
2024-11-14;14/11/2024;4450;4450;4200;4200;4024
2024-11-15;15/11/2024;4450;4450;4200;4200;4024
2024-11-18;18/11/2024;4200;4500;4200;4500;14417
2024-11-19;19/11/2024;4500;4500;4500;4500;6827
2024-11-20;20/11/2024;4540;4580;4540;4580;11634
2024-11-21;21/11/2024;4600;4610;4600;4610;571
2024-11-22;22/11/2024;4610;4610;4600;4600;1095
2024-11-25;25/11/2024;4600;4600;4590;4590;1604
2024-11-26;26/11/2024;4500;4500;4500;4500;1312
2024-11-27;27/11/2024;4400;4500;4400;4500;1431
2024-11-28;28/11/2024;4500;4690;4500;4690;1762
2024-11-29;29/11/2024;4650;4650;4640;4640;2325
2024-12-02;02/12/2024;4640;4640;4600;4600;27
2024-12-03;03/12/2024;4595;4595;4595;4595;4721
2024-12-04;04/12/2024;4595;4595;4595;4595;24
2024-12-05;05/12/2024;4800;4800;4765;4765;5192
2024-12-06;06/12/2024;4765;4765;4695;4695;11714
2024-12-09;09/12/2024;4650;4690;4650;4690;703
2024-12-10;10/12/2024;4690;4690;4600;4600;1253
2024-12-11;11/12/2024;4680;4690;4680;4690;568
2024-12-12;12/12/2024;4690;4690;4600;4600;30357
2024-12-13;13/12/2024;4685;4690;4685;4690;9187
2024-12-16;16/12/2024;4600;4600;4600;4600;21076
2024-12-17;17/12/2024;4500;4500;4500;4500;10949
2024-12-18;18/12/2024;4600;4735;4600;4735;24662
2024-12-19;19/12/2024;4745;4745;4650;4650;8031
2024-12-20;20/12/2024;4705;4705;4650;4650;248
2024-12-23;23/12/2024;4625;4625;4620;4620;3697
2024-12-24;24/12/2024;4620;4620;4620;4620;3
2024-12-25;25/12/2024;4620;4620;4620;4620;3
2024-12-26;26/12/2024;4615;4615;4615;4615;304
2024-12-27;27/12/2024;4600;4600;4600;4600;373
2024-12-30;30/12/2024;4600;4600;4555;4555;943
2024-12-31;31/12/2024;4555;4610;4555;4610;4453
2025-01-01;01/01/2025;4555;4610;4555;4610;4453
2025-01-02;02/01/2025;4615;4615;4615;4615;81
2025-01-03;03/01/2025;4610;4610;4610;4610;353
2025-01-06;06/01/2025;4610;4610;4600;4600;326
2025-01-07;07/01/2025;4600;4600;4555;4555;1568
2025-01-08;08/01/2025;4600;4600;4520;4520;6716
2025-01-09;09/01/2025;4520;4595;4520;4595;213
2025-01-10;10/01/2025;4600;4600;4595;4595;547
2025-01-13;13/01/2025;4520;4520;4415;4415;287
2025-01-14;14/01/2025;4420;4420;4410;4410;7038
2025-01-15;15/01/2025;4380;4450;4380;4450;809
2025-01-16;16/01/2025;4400;4420;4400;4420;1303
2025-01-17;17/01/2025;4390;4500;4390;4500;3812
2025-01-20;20/01/2025;4500;4500;4500;4500;440
2025-01-21;21/01/2025;4500;4500;4490;4490;14168
2025-01-22;22/01/2025;4410;4410;4400;4400;1234
2025-01-23;23/01/2025;4400;4490;4400;4490;218
2025-01-24;24/01/2025;4490;4490;4490;4490;1942
2025-01-27;27/01/2025;4485;4490;4485;4490;178
2025-01-28;28/01/2025;4410;4490;4410;4490;6732
2025-01-29;29/01/2025;4490;4490;4490;4490;3251
2025-01-30;30/01/2025;4495;4495;4490;4490;6439
2025-01-31;31/01/2025;4485;4490;4485;4490;4341
2025-02-03;03/02/2025;4490;4490;4375;4375;1419
2025-02-04;04/02/2025;4490;4490;4480;4480;703
2025-02-05;05/02/2025;4480;4700;4480;4700;3456
2025-02-06;06/02/2025;4700;4700;4700;4700;488
2025-02-07;07/02/2025;4700;4700;4700;4700;4811
2025-02-10;10/02/2025;4750;4750;4700;4700;332
2025-02-11;11/02/2025;4700;4700;4700;4700;423
2025-02-12;12/02/2025;4700;4700;4700;4700;13457
2025-02-13;13/02/2025;4700;4700;4700;4700;8084
2025-02-14;14/02/2025;4740;4740;4700;4700;4392
2025-02-17;17/02/2025;4710;4710;4700;4700;2852
2025-02-18;18/02/2025;4700;4710;4700;4710;9515
2025-02-19;19/02/2025;4710;4710;4710;4710;1128
2025-02-20;20/02/2025;4710;4750;4710;4750;1366
2025-02-21;21/02/2025;4750;4925;4750;4925;5206
2025-02-24;24/02/2025;4925;4925;4925;4925;226
2025-02-25;25/02/2025;4925;4925;4925;4925;1649
2025-02-26;26/02/2025;4950;4950;4925;4925;19184
2025-02-28;28/02/2025;4900;4900;4900;4900;662
2025-03-03;03/03/2025;4900;4900;4830;4830;2782
2025-03-04;04/03/2025;4830;4950;4830;4950;140
2025-03-05;05/03/2025;4950;4995;4950;4995;742
2025-03-06;06/03/2025;4990;4990;4990;4990;1518
2025-03-07;07/03/2025;4995;5000;4995;5000;3279
2025-03-10;10/03/2025;5000;5295;5000;5295;8069
2025-03-11;11/03/2025;5280;5280;5280;5280;14588
2025-03-12;12/03/2025;5275;5280;5275;5280;402
2025-03-13;13/03/2025;5290;5290;5000;5000;4628
2025-03-14;14/03/2025;5225;5225;5200;5200;798
2025-03-17;17/03/2025;5200;5200;5200;5200;743
2025-03-18;18/03/2025;5200;5275;5200;5275;1442
2025-03-19;19/03/2025;5205;5245;5205;5245;1375
2025-03-20;20/03/2025;5295;5400;5295;5400;2051
2025-03-21;21/03/2025;5410;5440;5410;5440;16674
2025-03-24;24/03/2025;5460;5460;5400;5400;3837
2025-03-25;25/03/2025;5450;5450;5445;5445;2173
2025-03-26;26/03/2025;5400;5495;5400;5495;4807
2025-03-27;27/03/2025;5400;5495;5400;5495;4807
2025-03-28;28/03/2025;5500;5500;5500;5500;22046
2025-03-31;31/03/2025;5500;5500;5500;5500;22046
2025-04-01;01/04/2025;5200;5390;5200;5390;443
2025-04-02;02/04/2025;5400;5400;5400;5400;2166
2025-04-03;03/04/2025;5400;5550;5400;5550;9739
2025-04-04;04/04/2025;5550;5700;5550;5700;4241
2025-04-07;07/04/2025;5450;5450;5445;5445;6960
2025-04-08;08/04/2025;5440;5440;5245;5245;1311
2025-04-09;09/04/2025;4855;4980;4855;4980;5350
2025-04-10;10/04/2025;4805;5050;4805;5050;1910
2025-04-11;11/04/2025;5060;5150;5060;5150;860
2025-04-14;14/04/2025;5160;5245;5160;5245;2191
2025-04-15;15/04/2025;5245;5245;5240;5240;1405
2025-04-16;16/04/2025;5240;5300;5240;5300;562
2025-04-17;17/04/2025;5330;5330;5330;5330;3338
2025-04-18;18/04/2025;5330;5330;5330;5330;276
2025-04-21;21/04/2025;5330;5330;5330;5330;276
2025-04-22;22/04/2025;5490;5520;5490;5520;6999
2025-04-23;23/04/2025;5520;5520;5495;5495;7555
2025-04-24;24/04/2025;5490;5500;5490;5500;2913
2025-04-25;25/04/2025;5910;5910;5910;5910;15091
2025-04-28;28/04/2025;6350;6350;6045;6045;23312
2025-04-29;29/04/2025;6145;6145;5995;5995;9874
2025-04-30;30/04/2025;5995;5995;5945;5945;8209
2025-05-01;01/05/2025;5995;5995;5945;5945;8209
2025-05-02;02/05/2025;6145;6145;6100;6100;9986
2025-05-05;05/05/2025;6100;6100;6095;6095;3425
2025-05-06;06/05/2025;6095;6300;6095;6300;7254
2025-05-07;07/05/2025;6300;6345;6300;6345;3006
2025-05-08;08/05/2025;6345;6345;6345;6345;3841
2025-05-09;09/05/2025;6350;6400;6350;6400;30949
2025-05-12;12/05/2025;6450;6605;6450;6605;1782
2025-05-13;13/05/2025;6660;6790;6660;6790;2203
2025-05-14;14/05/2025;6645;6750;6645;6750;1803
2025-05-15;15/05/2025;6740;6745;6740;6745;6188
2025-05-16;16/05/2025;6745;6850;6745;6850;6593
2025-05-19;19/05/2025;6850;6985;6850;6985;1149
2025-05-20;20/05/2025;6880;6985;6880;6985;4054
2025-05-21;21/05/2025;6985;6985;6905;6905;4786
2025-05-22;22/05/2025;6905;6990;6905;6990;5559
2025-05-23;23/05/2025;7100;7100;6900;6900;9317
2025-05-26;26/05/2025;7400;7400;7005;7005;6613
2025-05-27;27/05/2025;7150;7250;7150;7250;8805
2025-05-28;28/05/2025;7200;7200;7150;7150;4057
2025-05-29;29/05/2025;7200;7200;7150;7150;4057
2025-05-30;30/05/2025;7200;7200;7200;7200;4623
2025-06-02;02/06/2025;7200;7200;7180;7180;818
2025-06-03;03/06/2025;7180;7200;7180;7200;4074
2025-06-04;04/06/2025;7200;7200;7200;7200;14515
2025-06-05;05/06/2025;7100;7200;7100;7200;3693
2025-06-10;10/06/2025;7070;7190;7070;7190;3802
2025-06-11;11/06/2025;7200;7215;7200;7215;1708
2025-06-12;12/06/2025;7250;7270;7250;7270;680
2025-06-13;13/06/2025;7280;7600;7280;7600;8715
2025-06-16;16/06/2025;7600;7605;7600;7605;2687
2025-06-17;17/06/2025;7610;7740;7610;7740;2598
2025-06-18;18/06/2025;7750;7985;7750;7985;407
2025-06-19;19/06/2025;8500;8500;8500;8500;6331
2025-06-20;20/06/2025;8450;8450;8390;8390;2245
2025-06-23;23/06/2025;8500;8500;8450;8450;2281
2025-06-24;24/06/2025;8445;8450;8445;8450;2093
2025-06-25;25/06/2025;8440;8440;8250;8250;2368
2025-06-26;26/06/2025;8100;8195;8100;8195;4333
2025-06-27;27/06/2025;8195;8250;8195;8250;2940
2025-06-30;30/06/2025;8255;8255;8100;8100;6920
2025-07-01;01/07/2025;8000;8150;8000;8150;3075
2025-07-02;02/07/2025;8195;8200;8195;8200;3405
2025-07-03;03/07/2025;8200;8200;8100;8100;2497
2025-07-04;04/07/2025;8000;8090;8000;8090;10224
2025-07-07;07/07/2025;8100;8100;7950;7950;18387
2025-07-08;08/07/2025;7900;7900;7840;7840;12539
2025-07-09;09/07/2025;7840;7840;7665;7665;3342
2025-07-10;10/07/2025;7640;7640;7640;7640;5384
2025-07-11;11/07/2025;7490;7490;7155;7155;14082
2025-07-14;14/07/2025;7155;7400;7155;7400;5846
2025-07-15;15/07/2025;7160;7175;7160;7175;3154
2025-07-16;16/07/2025;7175;7175;7100;7100;13699
2025-07-17;17/07/2025;7100;7100;7090;7090;1916
2025-07-18;18/07/2025;7050;7300;7050;7300;7420
2025-07-21;21/07/2025;7290;7300;7290;7300;3625
2025-07-22;22/07/2025;7300;7300;7250;7250;11616
2025-07-23;23/07/2025;7250;7250;7200;7200;8605
2025-07-24;24/07/2025;7200;7290;7200;7290;3148
2025-07-25;25/07/2025;7290;7290;7210;7210;429
2025-07-28;28/07/2025;7250;7340;7250;7340;2315
2025-07-29;29/07/2025;7400;7400;7345;7345;478
2025-07-30;30/07/2025;7340;7400;7340;7400;538
2025-07-31;31/07/2025;7400;7600;7400;7600;1937
2025-08-01;01/08/2025;7600;7600;7550;7550;974
2025-08-04;04/08/2025;7545;7550;7545;7550;4174
2025-08-05;05/08/2025;7560;7560;7500;7500;15446
2025-08-06;06/08/2025;7510;7600;7510;7600;784
2025-08-07;07/08/2025;7510;7600;7510;7600;784
2025-08-08;08/08/2025;7600;7750;7600;7750;1899
2025-08-11;11/08/2025;7750;7750;7500;7500;15338
2025-08-12;12/08/2025;7500;7700;7500;7700;14299
2025-08-13;13/08/2025;7640;7750;7640;7750;3260
2025-08-14;14/08/2025;7740;7745;7740;7745;417
2025-08-15;15/08/2025;7740;7745;7740;7745;417
2025-08-18;18/08/2025;7745;7745;7500;7500;10317
2025-08-19;19/08/2025;7500;7500;7500;7500;6805
2025-08-20;20/08/2025;7540;7540;7495;7495;5542
2025-08-21;21/08/2025;7500;7500;7495;7495;7265
2025-08-22;22/08/2025;7495;7530;7495;7530;3509
2025-08-25;25/08/2025;7530;7530;7490;7490;2898
2025-08-26;26/08/2025;7485;7500;7485;7500;13018
2025-08-27;27/08/2025;7500;7530;7500;7530;852
2025-08-28;28/08/2025;7530;7745;7530;7745;4512
2025-08-29;29/08/2025;7745;7745;7690;7690;3733
2025-09-01;01/09/2025;7690;7690;7500;7500;9561
2025-09-02;02/09/2025;7650;7650;7500;7500;5719
2025-09-03;03/09/2025;7500;7500;7495;7495;5538
2025-09-04;04/09/2025;7500;7500;7495;7495;5538
2025-09-05;05/09/2025;7495;7500;7495;7500;1960
2025-09-08;08/09/2025;7650;7840;7650;7840;12252
2025-09-09;09/09/2025;7840;7850;7840;7850;1225
2025-09-10;10/09/2025;7900;7900;7900;7900;81332
2025-09-11;11/09/2025;7900;7900;7795;7795;753
2025-09-12;12/09/2025;7795;7800;7795;7800;12383
2025-09-15;15/09/2025;7850;7850;7810;7810;75
2025-09-16;16/09/2025;7845;7845;7840;7840;2100
2025-09-17;17/09/2025;7800;7800;7600;7600;55106
2025-09-18;18/09/2025;7615;7750;7615;7750;712
2025-09-19;19/09/2025;7700;7700;7700;7700;3048
2025-09-22;22/09/2025;7700;7895;7700;7895;2540
2025-09-23;23/09/2025;7895;7895;7800;7800;1036
2025-09-24;24/09/2025;7800;7895;7800;7895;2287
2025-09-25;25/09/2025;7895;8445;7895;8445;41367
2025-09-26;26/09/2025;8735;8735;8600;8600;3508
2025-09-29;29/09/2025;8700;8700;8590;8590;8889
2025-09-30;30/09/2025;8590;8590;8505;8505;10972
2025-10-01;01/10/2025;8500;8500;8495;8495;1360
2025-10-02;02/10/2025;8520;8520;8500;8500;1106
2025-10-03;03/10/2025;8500;8500;8400;8400;2411
2025-10-06;06/10/2025;8995;8995;8980;8980;17957
2025-10-07;07/10/2025;9000;9000;8900;8900;6918
2025-10-08;08/10/2025;9000;9000;8855;8855;2177
2025-10-09;09/10/2025;8890;8890;8850;8850;2013
2025-10-10;10/10/2025;8850;8850;8850;8850;1779
2025-10-13;13/10/2025;8850;8850;8710;8710;2110
2025-10-14;14/10/2025;8785;8860;8785;8860;4401
2025-10-15;15/10/2025;8885;8885;8710;8710;6999
2025-10-16;16/10/2025;8720;8890;8720;8890;430
2025-10-17;17/10/2025;8720;8750;8720;8750;3613
2025-10-20;20/10/2025;8795;8795;8705;8705;1479
2025-10-21;21/10/2025;8705;8705;8695;8695;5815
2025-10-22;22/10/2025;8695;8695;8500;8500;2481
2025-10-23;23/10/2025;8500;8690;8500;8690;2881
2025-10-24;24/10/2025;8700;8700;8695;8695;4020
2025-10-27;27/10/2025;8695;8700;8695;8700;2618
2025-10-28;28/10/2025;8680;8680;8670;8670;3427
2025-10-29;29/10/2025;8670;8670;8225;8225;9979
2025-10-30;30/10/2025;8385;8385;7910;7910;11601
2025-10-31;31/10/2025;7320;7840;7320;7840;25599
2025-11-03;03/11/2025;7840;7840;7505;7505;10067
2025-11-04;04/11/2025;7500;7500;7400;7400;17776
2025-11-05;05/11/2025;7400;7400;7350;7350;15717
2025-11-06;06/11/2025;7400;7500;7400;7500;4741
2025-11-07;07/11/2025;7890;7890;7890;7890;0
2025-11-10;10/11/2025;8000;8000;8000;8000;2187
2025-11-11;11/11/2025;7990;7990;7975;7975;1042
2025-11-12;12/11/2025;7970;7970;7820;7820;2013
2025-11-13;13/11/2025;7950;7950;7860;7860;15043
2025-11-14;14/11/2025;7860;7860;7860;7860;758
2025-11-17;17/11/2025;7860;7860;7750;7750;618
2025-11-18;18/11/2025;7750;7800;7750;7800;303
2025-11-19;19/11/2025;7805;7850;7805;7850;541
2025-11-20;20/11/2025;7850;8000;7850;8000;5287
2025-11-21;21/11/2025;8000;8000;7990;7990;1498
2025-11-24;24/11/2025;7990;7990;7950;7950;765
2025-11-25;25/11/2025;7950;7970;7950;7970;1125
2025-11-26;26/11/2025;7970;7970;7900;7900;3366
2025-11-27;27/11/2025;7975;7975;7910;7910;1427
2025-11-28;28/11/2025;7910;7975;7910;7975;1044
2025-12-01;01/12/2025;7970;7970;7950;7950;1426
2025-12-02;02/12/2025;7940;7940;7940;7940;764
2025-12-03;03/12/2025;7940;7940;7935;7935;1162
2025-12-04;04/12/2025;7905;7905;7860;7860;2957
2025-12-05;05/12/2025;7900;7900;7730;7730;2750
2025-12-08;08/12/2025;7850;7850;7850;7850;1193
2025-12-09;09/12/2025;7800;7800;7800;7800;5137
2025-12-10;10/12/2025;7800;7845;7800;7845;1971
2025-12-11;11/12/2025;7845;7850;7845;7850;3417
2025-12-12;12/12/2025;7850;7850;7845;7845;2717
2025-12-15;15/12/2025;7845;7845;7845;7845;1251
2025-12-16;16/12/2025;7840;7840;7800;7800;3282
2025-12-17;17/12/2025;7800;7800;7795;7795;1350
2025-12-18;18/12/2025;7750;7750;7750;7750;3023
2025-12-19;19/12/2025;7760;7795;7760;7795;1467
2025-12-22;22/12/2025;7790;7790;7740;7740;1246
2025-12-23;23/12/2025;7750;7785;7750;7785;2840
2025-12-24;24/12/2025;7840;7840;7820;7820;6459
2025-12-25;25/12/2025;7840;7840;7820;7820;6459
2025-12-26;26/12/2025;7820;7820;7790;7790;1078
2025-12-29;29/12/2025;7785;7785;7745;7745;2536
2025-12-30;30/12/2025;7740;7740;7675;7675;1898
2025-12-31;31/12/2025;7660;7900;7660;7900;8949
2026-01-01;01/01/2026;7660;7900;7660;7900;8949
2026-01-02;02/01/2026;7505;7795;7505;7795;290
2026-01-05;05/01/2026;7795;7795;7555;7555;439
2026-01-06;06/01/2026;7700;7800;7700;7800;1239
2026-01-07;07/01/2026;7790;7790;7750;7750;2611
2026-01-08;08/01/2026;7780;7790;7780;7790;755
2026-01-09;09/01/2026;7770;7785;7770;7785;1177
2026-01-12;12/01/2026;7785;7785;7710;7710;1106
2026-01-13;13/01/2026;7600;7645;7600;7645;874
2026-01-14;14/01/2026;7645;7645;7600;7600;3053
2026-01-15;15/01/2026;7610;7690;7610;7690;2642
2026-01-16;16/01/2026;7695;7695;7695;7695;675
2026-01-19;19/01/2026;7695;7890;7695;7890;3638
2026-01-20;20/01/2026;7900;7900;7850;7850;1229
2026-01-21;21/01/2026;7850;7850;7690;7690;4540
2026-01-22;22/01/2026;7695;7800;7695;7800;364
2026-01-23;23/01/2026;7800;7800;7800;7800;1642
2026-01-26;26/01/2026;7800;7850;7800;7850;2083
2026-01-27;27/01/2026;7850;7900;7850;7900;4097
2026-01-28;28/01/2026;7855;7890;7855;7890;1219
2026-01-29;29/01/2026;7890;7950;7890;7950;2196
2026-01-30;30/01/2026;7950;7960;7950;7960;669
2026-02-02;02/02/2026;7960;7960;7950;7950;1717
2026-02-03;03/02/2026;7950;8100;7950;8100;3162
2026-02-04;04/02/2026;8100;8285;8100;8285;3459
2026-02-05;05/02/2026;8285;8300;8285;8300;1362
2026-02-06;06/02/2026;8350;8350;7940;7940;5133
2026-02-09;09/02/2026;7940;7940;7935;7935;6529
2026-02-10;10/02/2026;7935;8220;7935;8220;12394
2026-02-11;11/02/2026;8215;8250;8215;8250;1312
2026-02-12;12/02/2026;8250;8295;8250;8295;3914
2026-02-13;13/02/2026;8300;8300;8300;8300;1066
2026-02-16;16/02/2026;8300;8300;8300;8300;1270
2026-02-17;17/02/2026;8345;8465;8345;8465;1924
2026-02-18;18/02/2026;8340;8465;8340;8465;576
2026-02-19;19/02/2026;8495;8495;8395;8395;9279
2026-02-20;20/02/2026;8400;8400;8300;8300;1945
2026-02-23;23/02/2026;8300;8500;8300;8500;7022
2026-02-24;24/02/2026;8495;8495;8490;8490;3795
2026-02-25;25/02/2026;8565;8595;8565;8595;3233
2026-02-26;26/02/2026;8595;8680;8595;8680;1412
2026-02-27;27/02/2026;8670;8725;8670;8725;3223
2026-03-02;02/03/2026;8750;8850;8750;8850;4657
2026-03-03;03/03/2026;8900;8905;8900;8905;6332
2026-03-04;04/03/2026;8900;8900;8890;8890;2418
2026-03-05;05/03/2026;8700;8710;8700;8710;2654
2026-03-06;06/03/2026;8715;8750;8715;8750;1967
2026-03-09;09/03/2026;8750;8750;8740;8740;2225
2026-03-10;10/03/2026;8735;8810;8735;8810;2731
2026-03-11;11/03/2026;8900;8900;8810;8810;2567
2026-03-12;12/03/2026;8810;9000;8810;9000;4734
2026-03-13;13/03/2026;8900;8985;8900;8985;1370
2026-03-16;16/03/2026;8900;8985;8900;8985;1370
2026-03-17;17/03/2026;8980;8980;8900;8900;2017
2026-03-18;18/03/2026;8900;8900;8880;8880;489
2026-03-19;19/03/2026;8800;8800;8700;8700;10291
2026-03-20;20/03/2026;8800;8800;8700;8700;10291
2026-03-23;23/03/2026;8700;8700;8500;8500;5921
2026-03-24;24/03/2026;8400;8400;7990;7990;3480
2026-03-25;25/03/2026;7990;7990;7700;7700;2977
2026-03-26;26/03/2026;7710;7970;7710;7970;2497
2026-03-27;27/03/2026;7970;8200;7970;8200;1869
2026-03-30;30/03/2026;7980;7980;7900;7900;4999
2026-03-31;31/03/2026;7930;8010;7930;8010;5008
2026-04-01;01/04/2026;7980;7980;7800;7800;4775
2026-04-02;02/04/2026;7690;7690;7690;7690;3566
2026-04-03;03/04/2026;7600;7710;7600;7710;1544
2026-04-06;06/04/2026;7600;7710;7600;7710;1544
2026-04-07;07/04/2026;7710;7800;7710;7800;2699
2026-04-08;08/04/2026;7720;7800;7720;7800;2260
2026-04-09;09/04/2026;7810;7950;7810;7950;2201
2026-04-10;10/04/2026;7940;7970;7940;7970;386
2026-04-13;13/04/2026;7995;7995;7900;7900;1033
2026-04-14;14/04/2026;7935;7935;7850;7850;1110
2026-04-15;15/04/2026;7890;7920;7890;7920;1635
2026-04-16;16/04/2026;7920;7920;7920;7920;1212
2026-04-17;17/04/2026;7920;7920;7870;7870;295
2026-04-20;20/04/2026;7870;7870;7700;7700;4754
2026-04-21;21/04/2026;7700;7700;7680;7680;51080
2026-04-22;22/04/2026;7700;7700;7700;7700;2505
2026-04-23;23/04/2026;7400;7650;7400;7650;29325
2026-04-24;24/04/2026;7650;7700;7650;7700;1212
2026-04-27;27/04/2026;7700;7700;7650;7650;1967
2026-04-28;28/04/2026;7650;7700;7650;7700;1485
2026-04-29;29/04/2026;7700;7700;7675;7675;770
2026-04-30;30/04/2026;7100;7100;7100;7100;6510
2026-05-01;01/05/2026;7100;7100;7100;7100;6510
2026-05-04;04/05/2026;7000;7200;7000;7200;3253
2026-05-05;05/05/2026;7100;7600;7100;7600;5813
2026-05-06;06/05/2026;7500;7500;7500;7500;857
2026-05-07;07/05/2026;7500;7500;7400;7400;5728
2026-05-08;08/05/2026;7400;7400;7390;7390;1124
2026-05-11;11/05/2026;7390;7395;7390;7395;5804
2026-05-12;12/05/2026;7100;7400;7100;7400;2237
2026-05-13;13/05/2026;7395;7450;7395;7450;646
2026-05-14;14/05/2026;7395;7450;7395;7450;646
2026-05-15;15/05/2026;7490;7490;7485;7485;1111
2026-05-18;18/05/2026;7485;7485;7390;7390;5136
2026-05-19;19/05/2026;7110;7450;7110;7450;1833
2026-05-20;20/05/2026;7400;7400;7200;7200;35633
2026-05-21;21/05/2026;7675;7675;7600;7600;4945
2026-05-22;22/05/2026;7500;7500;7390;7390;4296
2026-05-25;25/05/2026;7500;7500;7390;7390;4296
2026-05-26;26/05/2026;7395;7395;7395;7395;608
2026-05-27;27/05/2026;7395;7395;7395;7395;608
2026-05-28;28/05/2026;7395;7395;7380;7380;2170
2026-05-29;29/05/2026;7390;7390;7300;7300;5438
2026-06-01;01/06/2026;7385;7490;7385;7490;3273
2026-06-02;02/06/2026;7500;7990;7500;7990;6384
2026-06-03;03/06/2026;8000;8285;8000;8285;2648
2026-06-04;04/06/2026;8055;8550;8055;8550;9370
2026-06-05;05/06/2026;8500;8500;8305;8305;2076
2026-06-08;08/06/2026;8300;8300;8300;8300;9017
2026-06-09;09/06/2026;8300;8490;8300;8490;12539
2026-06-10;10/06/2026;8300;8450;8300;8450;4435
2026-06-11;11/06/2026;8450;8525;8450;8525;7348
2026-06-12;12/06/2026;8450;8495;8450;8495;1551
2026-06-15;15/06/2026;8495;8495;8485;8485;3173
2026-06-16;16/06/2026;8115;8395;8115;8395;2132
2026-06-17;17/06/2026;8300;8300;8280;8280;4138
2026-06-18;18/06/2026;8270;8300;8270;8300;7866
2026-06-19;19/06/2026;8280;8280;8010;8010;3930
2026-06-22;22/06/2026;8020;8150;8020;8150;1861
