date_iso;date_fr;open;high;low;close;volume
2006-08-23;23/08/2006;660;660;660;660;81
2006-08-24;24/08/2006;660;660;660;660;2
2006-08-28;28/08/2006;660;660;660;660;20
2006-08-30;30/08/2006;660;660;660;660;25
2006-09-05;05/09/2006;670.05;670.05;670.05;670.05;10
2006-09-06;06/09/2006;670.05;670.05;670.05;670.05;15
2006-09-07;07/09/2006;671.05;671.05;671.05;671.05;10
2006-09-08;08/09/2006;671.05;671.05;671.05;671.05;5
2006-09-11;11/09/2006;671.05;671.05;671.05;671.05;2
2006-09-18;18/09/2006;671.05;671.05;671.05;671.05;5
2006-09-21;21/09/2006;625;625;625;625;9
2006-09-26;26/09/2006;625;625;625;625;5
2006-10-10;10/10/2006;625;625;625;625;2
2006-10-11;11/10/2006;625;625;625;625;1
2006-10-12;12/10/2006;625;625;625;625;81
2006-10-17;17/10/2006;625;625;625;625;1
2006-10-18;18/10/2006;625;625;625;625;7
2006-10-24;24/10/2006;625;625;625;625;30
2006-10-31;31/10/2006;625;625;625;625;15
2006-11-03;03/11/2006;625;625;625;625;4
2006-11-06;06/11/2006;625;625;625;625;5
2006-11-08;08/11/2006;625;625;625;625;8
2006-11-13;13/11/2006;625;625;625;625;1
2006-11-17;17/11/2006;625;625;625;625;3
2006-11-20;20/11/2006;625;625;625;625;6
2006-11-24;24/11/2006;625;625;625;625;101
2006-11-30;30/11/2006;625;625;625;625;35
2006-12-05;05/12/2006;625;625;625;625;17
2006-12-06;06/12/2006;625;625;625;625;30
2006-12-12;12/12/2006;625;625;625;625;5
2006-12-13;13/12/2006;625;625;625;625;4
2006-12-14;14/12/2006;625;625;625;625;52
2006-12-15;15/12/2006;625;625;625;625;2
2006-12-20;20/12/2006;625.05;625.05;625.05;625.05;9
2006-12-26;26/12/2006;627.1;627.1;627.1;627.1;11
2006-12-28;28/12/2006;627;627;627;627;20
2006-12-29;29/12/2006;627;627;627;627;66
2007-01-09;09/01/2007;627;627;627;627;1
2007-01-12;12/01/2007;627;627;627;627;19
2007-01-18;18/01/2007;627;627;627;627;21
2007-01-19;19/01/2007;627;627;627;627;10
2007-01-30;30/01/2007;624.95;624.95;624.95;624.95;10
2007-02-02;02/02/2007;624.95;624.95;624.95;624.95;15
2007-02-13;13/02/2007;624.95;624.95;624.95;624.95;2
2007-02-16;16/02/2007;624;624;624;624;46
2007-02-20;20/02/2007;624;624;624;624;7
2007-02-21;21/02/2007;624;624;624;624;18
2007-02-26;26/02/2007;624;624;624;624;3
2007-02-28;28/02/2007;624;624;624;624;1
2007-03-02;02/03/2007;620;620;620;620;15
2007-03-06;06/03/2007;619.95;619.95;619.95;619.95;8
2007-03-07;07/03/2007;619.95;619.95;619.95;619.95;51
2007-03-08;08/03/2007;619.95;619.95;619.95;619.95;20
2007-03-09;09/03/2007;619.95;619.95;619.95;619.95;10
2007-03-13;13/03/2007;619.95;619.95;619.95;619.95;9
2007-03-15;15/03/2007;619.95;619.95;619.95;619.95;2
2007-03-21;21/03/2007;619.95;619.95;619.95;619.95;3
2007-03-22;22/03/2007;619.95;619.95;619.95;619.95;5
2007-03-26;26/03/2007;619.95;619.95;619.95;619.95;21
2007-03-28;28/03/2007;619.95;619.95;619.95;619.95;4
2007-04-11;11/04/2007;619.95;619.95;619.95;619.95;1
2007-04-16;16/04/2007;619.95;619.95;619.95;619.95;25
2007-04-24;24/04/2007;619.95;619.95;619.95;619.95;15
2007-04-25;25/04/2007;619.95;619.95;619.95;619.95;21
2007-05-08;08/05/2007;620.05;620.05;620.05;620.05;30
2007-05-09;09/05/2007;619.95;619.95;619.95;619.95;10
2007-05-15;15/05/2007;635;635;635;635;41
2007-05-16;16/05/2007;665;665;665;665;20
2007-05-22;22/05/2007;711;711;711;711;10
2007-05-23;23/05/2007;711;711;711;711;20
2007-06-05;05/06/2007;764.3;764.3;764.3;764.3;50
2007-06-07;07/06/2007;764.3;764.3;764.3;764.3;5
2007-06-08;08/06/2007;764.25;764.25;764.25;764.25;18
2007-06-11;11/06/2007;750;750;750;750;10
2007-06-12;12/06/2007;750;750;750;750;22
2007-06-13;13/06/2007;750;750;750;750;5
2007-06-14;14/06/2007;770;770;770;770;18
2007-06-18;18/06/2007;827.7;827.7;827.7;827.7;55
2007-06-19;19/06/2007;827.7;827.7;827.7;827.7;80
2007-06-20;20/06/2007;827.7;827.7;827.7;827.7;31
2007-06-21;21/06/2007;830;830;830;830;20
2007-06-26;26/06/2007;860;860;860;860;10
2007-06-28;28/06/2007;880;880;880;880;30
2007-06-29;29/06/2007;880;880;880;880;5
2007-07-02;02/07/2007;880;880;880;880;29
2007-07-03;03/07/2007;880;880;880;880;28
2007-07-10;10/07/2007;849;849;849;849;13
2007-07-11;11/07/2007;800;800;800;800;10
2007-07-17;17/07/2007;789;789;789;789;150
2007-07-19;19/07/2007;760;760;760;760;9
2007-07-20;20/07/2007;755;755;755;755;9
2007-07-24;24/07/2007;750;750;750;750;18
2007-07-25;25/07/2007;750;750;750;750;128
2007-07-27;27/07/2007;750;750;750;750;4
2007-07-31;31/07/2007;750;750;750;750;3
2007-08-02;02/08/2007;750;750;750;750;1
2007-08-09;09/08/2007;770;770;770;770;45
2007-08-17;17/08/2007;800;800;800;800;16
2007-08-21;21/08/2007;825.6;825.6;825.6;825.6;15
2007-08-22;22/08/2007;840.05;840.05;840.05;840.05;32
2007-08-23;23/08/2007;840.05;840.05;840.05;840.05;252
2007-08-24;24/08/2007;840.05;840.05;840.05;840.05;50
2007-08-27;27/08/2007;840.1;840.1;840.1;840.1;44
2007-08-28;28/08/2007;840.1;840.1;840.1;840.1;1
2007-08-31;31/08/2007;840.1;840.1;840.1;840.1;3
2007-09-05;05/09/2007;840.1;840.1;840.1;840.1;9
2007-09-06;06/09/2007;840.15;840.15;840.15;840.15;25
2007-09-10;10/09/2007;840.15;840.15;840.15;840.15;5
2007-09-13;13/09/2007;840.2;840.2;840.2;840.2;10
2007-09-14;14/09/2007;850.05;850.05;850.05;850.05;10
2007-09-19;19/09/2007;850.05;850.05;850.05;850.05;20
2007-10-02;02/10/2007;865;865;865;865;100
2007-10-03;03/10/2007;860;860;860;860;10
2007-10-04;04/10/2007;860;860;860;860;1
2007-10-05;05/10/2007;860;860;860;860;14
2007-10-08;08/10/2007;860;860;860;860;3
2007-10-11;11/10/2007;860.2;860.2;860.2;860.2;10
2007-10-15;15/10/2007;860.5;860.5;860.5;860.5;10
2007-10-19;19/10/2007;861.55;861.55;861.55;861.55;23
2007-10-22;22/10/2007;880.05;880.05;880.05;880.05;15
2007-10-29;29/10/2007;881.05;881.05;881.05;881.05;39
2007-10-31;31/10/2007;880;880;880;880;19
2007-11-02;02/11/2007;850;850;850;850;94
2007-11-05;05/11/2007;850;850;850;850;1
2007-11-08;08/11/2007;881.55;881.55;881.55;881.55;99
2007-11-09;09/11/2007;881.55;881.55;881.55;881.55;29
2007-11-21;21/11/2007;882;882;882;882;11
2007-11-26;26/11/2007;882;882;882;882;238
2007-11-27;27/11/2007;882;882;882;882;48
2007-11-30;30/11/2007;882;882;882;882;12
2007-12-03;03/12/2007;882;882;882;882;138
2007-12-04;04/12/2007;882;882;882;882;11
2007-12-06;06/12/2007;882;882;882;882;1
2007-12-07;07/12/2007;882;882;882;882;2
2007-12-11;11/12/2007;882;882;882;882;3
2007-12-12;12/12/2007;882;882;882;882;39
2007-12-13;13/12/2007;882;882;882;882;20
2007-12-20;20/12/2007;882;882;882;882;75
2007-12-21;21/12/2007;900;900;900;900;23
2008-01-03;03/01/2008;900;900;900;900;124
2008-01-04;04/01/2008;900;900;900;900;1
2008-01-08;08/01/2008;900;900;900;900;47
2008-01-09;09/01/2008;900.05;900.05;900.05;900.05;9
2008-01-10;10/01/2008;900.05;900.05;900.05;900.05;3
2008-01-11;11/01/2008;901;901;901;901;10
2008-01-16;16/01/2008;901;901;901;901;8
2008-01-17;17/01/2008;901;901;901;901;2
2008-01-22;22/01/2008;900;900;900;900;120
2008-01-23;23/01/2008;900;900;900;900;1
2008-01-24;24/01/2008;900;900;900;900;6
2008-01-25;25/01/2008;900;900;900;900;4
2008-01-28;28/01/2008;900;900;900;900;5
2008-02-01;01/02/2008;905.05;905.05;905.05;905.05;10
2008-02-04;04/02/2008;905.05;905.05;905.05;905.05;1
2008-02-05;05/02/2008;905.05;905.05;905.05;905.05;22
2008-02-08;08/02/2008;905.05;905.05;905.05;905.05;124
2008-02-13;13/02/2008;905.1;905.1;905.1;905.1;10
2008-02-15;15/02/2008;909.55;909.55;909.55;909.55;1029
2008-02-19;19/02/2008;909.55;909.55;909.55;909.55;35
2008-02-20;20/02/2008;909.6;909.6;909.6;909.6;15
2008-02-28;28/02/2008;925.1;925.1;925.1;925.1;49
2008-02-29;29/02/2008;926;926;926;926;78
2008-03-03;03/03/2008;931;931;931;931;10
2008-03-05;05/03/2008;955;955;955;955;30
2008-03-06;06/03/2008;955;955;955;955;1
2008-03-11;11/03/2008;960.1;960.1;960.1;960.1;9
2008-03-12;12/03/2008;965;965;965;965;11
2008-03-18;18/03/2008;968;968;968;968;21
2008-04-09;09/04/2008;1040.6;1040.6;1040.6;1040.6;9
2008-04-11;11/04/2008;1040.6;1040.6;1040.6;1040.6;12
2008-04-15;15/04/2008;1040;1040;1040;1040;258
2008-04-16;16/04/2008;1040;1040;1040;1040;10
2008-04-17;17/04/2008;1040;1040;1040;1040;10
2008-04-18;18/04/2008;1045;1045;1045;1045;200
2008-04-22;22/04/2008;1045;1045;1045;1045;2
2008-04-29;29/04/2008;1045;1045;1045;1045;1
2008-04-30;30/04/2008;1060.1;1060.1;1060.1;1060.1;20
2008-05-07;07/05/2008;1070;1070;1070;1070;12
2008-05-26;26/05/2008;1080.25;1080.25;1080.25;1080.25;15
2008-06-04;04/06/2008;1090;1090;1090;1090;15
2008-06-05;05/06/2008;1090;1090;1090;1090;3
2008-06-06;06/06/2008;1090;1090;1090;1090;50
2008-06-09;09/06/2008;1095;1095;1095;1095;10
2008-06-17;17/06/2008;1095;1095;1095;1095;6
2008-06-23;23/06/2008;1150;1150;1150;1150;130
2008-06-24;24/06/2008;1150;1150;1150;1150;1
2008-06-25;25/06/2008;1090;1090;1090;1090;27
2008-06-26;26/06/2008;1090;1090;1090;1090;57
2008-06-27;27/06/2008;1090;1090;1090;1090;12
2008-07-02;02/07/2008;1080;1080;1080;1080;18
2008-07-03;03/07/2008;1080.1;1080.1;1080.1;1080.1;49
2008-07-04;04/07/2008;1080;1080;1080;1080;11
2008-07-07;07/07/2008;1080;1080;1080;1080;234
2008-07-08;08/07/2008;1080;1080;1080;1080;1
2008-07-09;09/07/2008;1080;1080;1080;1080;8
2008-07-10;10/07/2008;1080;1080;1080;1080;4
2008-07-16;16/07/2008;1080;1080;1080;1080;55
2008-07-17;17/07/2008;1080;1080;1080;1080;2
2008-07-18;18/07/2008;1080;1080;1080;1080;9
2008-07-21;21/07/2008;1080;1080;1080;1080;16
2008-07-22;22/07/2008;1080;1080;1080;1080;12
2008-07-28;28/07/2008;1090;1090;1090;1090;17
2008-07-29;29/07/2008;1090;1090;1090;1090;20
2008-07-30;30/07/2008;1090;1090;1090;1090;54
2008-07-31;31/07/2008;1090;1090;1090;1090;24
2008-08-01;01/08/2008;1090;1090;1090;1090;6
2008-08-05;05/08/2008;1091;1091;1091;1091;15
2008-08-14;14/08/2008;1110.05;1110.05;1110.05;1110.05;9
2008-08-19;19/08/2008;1126.05;1126.05;1126.05;1126.05;26
2008-08-22;22/08/2008;1150;1150;1150;1150;11
2008-08-25;25/08/2008;1200;1200;1200;1200;10
2008-08-27;27/08/2008;1220;1220;1220;1220;51
2008-08-28;28/08/2008;1220;1220;1220;1220;91
2008-08-29;29/08/2008;1220;1220;1220;1220;9
2008-09-01;01/09/2008;1220;1220;1220;1220;43
2008-09-02;02/09/2008;1220;1220;1220;1220;4
2008-09-03;03/09/2008;1220;1220;1220;1220;100
2008-09-04;04/09/2008;1220;1220;1220;1220;18
2008-09-05;05/09/2008;1220;1220;1220;1220;30
2008-09-15;15/09/2008;1220;1220;1220;1220;88
2008-09-16;16/09/2008;1220;1220;1220;1220;1
2008-09-17;17/09/2008;1220;1220;1220;1220;1
2008-09-19;19/09/2008;1220;1220;1220;1220;93
2008-09-22;22/09/2008;1230.05;1230.05;1230.05;1230.05;23
2008-09-25;25/09/2008;1230.05;1230.05;1230.05;1230.05;5
2008-09-26;26/09/2008;1230.05;1230.05;1230.05;1230.05;51
2008-10-06;06/10/2008;1230;1230;1230;1230;49
2008-10-08;08/10/2008;1230;1230;1230;1230;5
2008-10-09;09/10/2008;1230;1230;1230;1230;4
2008-10-10;10/10/2008;1230;1230;1230;1230;10
2008-10-13;13/10/2008;1230;1230;1230;1230;5
2008-10-15;15/10/2008;1230;1230;1230;1230;53
2008-10-17;17/10/2008;1230;1230;1230;1230;4
2008-10-24;24/10/2008;1189;1189;1189;1189;10
2008-10-31;31/10/2008;1150;1150;1150;1150;44
2008-11-12;12/11/2008;984;984;984;984;31
2008-11-17;17/11/2008;900;900;900;900;166
2008-11-18;18/11/2008;841.95;841.95;841.95;841.95;99
2008-11-19;19/11/2008;830;830;830;830;85
2008-11-20;20/11/2008;800;800;800;800;23
2008-11-21;21/11/2008;740;740;740;740;23
2008-11-24;24/11/2008;740;740;740;740;9
2008-12-02;02/12/2008;760.05;760.05;760.05;760.05;8
2008-12-04;04/12/2008;745;745;745;745;57
2008-12-05;05/12/2008;740;740;740;740;91
2008-12-09;09/12/2008;740;740;740;740;204
2008-12-10;10/12/2008;740.1;740.1;740.1;740.1;20
2008-12-16;16/12/2008;841.95;841.95;841.95;841.95;10
2008-12-17;17/12/2008;841.95;841.95;841.95;841.95;1
2008-12-18;18/12/2008;841.95;841.95;841.95;841.95;5
2008-12-23;23/12/2008;740;740;740;740;992
2008-12-26;26/12/2008;740.05;740.05;740.05;740.05;15
2008-12-31;31/12/2008;745.6;745.6;745.6;745.6;10
2009-01-02;02/01/2009;740;740;740;740;123
2009-01-05;05/01/2009;750;750;750;750;10
2009-01-14;14/01/2009;750;750;750;750;73
2009-01-15;15/01/2009;750.05;750.05;750.05;750.05;14
2009-01-16;16/01/2009;750.05;750.05;750.05;750.05;8
2009-01-20;20/01/2009;750.15;750.15;750.15;750.15;20
2009-01-26;26/01/2009;750;750;750;750;184
2009-01-27;27/01/2009;740;740;740;740;23
2009-01-28;28/01/2009;740;740;740;740;2
2009-02-02;02/02/2009;740;740;740;740;15
2009-02-04;04/02/2009;740;740;740;740;20
2009-02-05;05/02/2009;750;750;750;750;50
2009-02-06;06/02/2009;750;750;750;750;4
2009-02-09;09/02/2009;750;750;750;750;142
2009-02-10;10/02/2009;750.5;750.5;750.5;750.5;81
2009-02-17;17/02/2009;750.5;750.5;750.5;750.5;55
2009-02-18;18/02/2009;750.5;750.5;750.5;750.5;59
2009-02-24;24/02/2009;760;760;760;760;11
2009-02-25;25/02/2009;760;760;760;760;32
2009-03-03;03/03/2009;770;770;770;770;13
2009-03-06;06/03/2009;770;770;770;770;3
2009-03-11;11/03/2009;780;780;780;780;14
2009-03-16;16/03/2009;806;806;806;806;21
2009-03-20;20/03/2009;800.05;800.05;800.05;800.05;16
2009-03-26;26/03/2009;800;800;800;800;21
2009-03-27;27/03/2009;800;800;800;800;26
2009-04-01;01/04/2009;799.95;799.95;799.95;799.95;13
2009-04-06;06/04/2009;799.95;799.95;799.95;799.95;10
2009-04-07;07/04/2009;800;800;800;800;20
2009-04-08;08/04/2009;800;800;800;800;4
2009-04-10;10/04/2009;799.9;799.9;799.9;799.9;40
2009-04-15;15/04/2009;800;800;800;800;50
2009-04-16;16/04/2009;800;800;800;800;5
2009-04-17;17/04/2009;800;800;800;800;7
2009-04-20;20/04/2009;799.9;799.9;799.9;799.9;15
2009-04-21;21/04/2009;800;800;800;800;12
2009-04-23;23/04/2009;800;800;800;800;3
2009-04-24;24/04/2009;800;800;800;800;3
2009-04-30;30/04/2009;799.9;799.9;799.9;799.9;40
2009-05-04;04/05/2009;800;800;800;800;50
2009-05-06;06/05/2009;800;800;800;800;257
2009-05-07;07/05/2009;800;800;800;800;42
2009-05-08;08/05/2009;800;800;800;800;41
2009-05-11;11/05/2009;810;810;810;810;22
2009-05-12;12/05/2009;810;810;810;810;215
2009-05-14;14/05/2009;810;810;810;810;175
2009-05-18;18/05/2009;805;805;805;805;25
2009-05-19;19/05/2009;805;805;805;805;64
2009-05-20;20/05/2009;805;805;805;805;18
2009-05-22;22/05/2009;805;805;805;805;152
2009-05-25;25/05/2009;805;805;805;805;20
2009-05-26;26/05/2009;805;805;805;805;10
2009-05-27;27/05/2009;805;805;805;805;112
2009-06-03;03/06/2009;825;825;825;825;10
2009-06-10;10/06/2009;830;830;830;830;13
2009-06-12;12/06/2009;892.25;892.25;892.25;892.25;8
2009-06-15;15/06/2009;950;950;950;950;14
2009-06-16;16/06/2009;950;950;950;950;107
2009-06-17;17/06/2009;995;995;995;995;138
2009-06-19;19/06/2009;1002;1002;1002;1002;53
2009-06-24;24/06/2009;960;960;960;960;31
2009-06-25;25/06/2009;960;960;960;960;17
2009-06-26;26/06/2009;960;960;960;960;5
2009-06-30;30/06/2009;960;960;960;960;29
2009-07-01;01/07/2009;1000;1000;1000;1000;13
2009-07-02;02/07/2009;1000;1000;1000;1000;8
2009-07-03;03/07/2009;1000;1000;1000;1000;14
2009-07-08;08/07/2009;1000;1000;1000;1000;40
2009-07-10;10/07/2009;1000;1000;1000;1000;28
2009-07-15;15/07/2009;1000;1000;1000;1000;11
2009-07-16;16/07/2009;1000;1000;1000;1000;1
2009-07-20;20/07/2009;980;980;980;980;219
2009-07-21;21/07/2009;980;980;980;980;406
2009-07-22;22/07/2009;980;980;980;980;14
2009-07-24;24/07/2009;980;980;980;980;5
2009-07-27;27/07/2009;980;980;980;980;25
2009-07-28;28/07/2009;980;980;980;980;10
2009-07-29;29/07/2009;980;980;980;980;2
2009-07-30;30/07/2009;980;980;980;980;2
2009-07-31;31/07/2009;1000;1000;1000;1000;16
2009-08-03;03/08/2009;990;990;990;990;91
2009-08-05;05/08/2009;990;990;990;990;5
2009-08-06;06/08/2009;990;990;990;990;2
2009-08-11;11/08/2009;990;990;990;990;6
2009-08-12;12/08/2009;990;990;990;990;8
2009-08-17;17/08/2009;990;990;990;990;16
2009-08-19;19/08/2009;990;990;990;990;50
2009-08-31;31/08/2009;969;969;969;969;10
2009-09-02;02/09/2009;960;960;960;960;13
2009-09-03;03/09/2009;960;960;960;960;20
2009-09-08;08/09/2009;960;960;960;960;4
2009-09-14;14/09/2009;900;900;900;900;31
2009-09-15;15/09/2009;900;900;900;900;6
2009-09-18;18/09/2009;900;900;900;900;14
2009-09-23;23/09/2009;900;900;900;900;21
2009-09-24;24/09/2009;900;900;900;900;79
2009-09-28;28/09/2009;900;900;900;900;11
2009-09-29;29/09/2009;900;900;900;900;77
2009-10-01;01/10/2009;900;900;900;900;10
2009-10-02;02/10/2009;899.75;899.75;899.75;899.75;10
2009-10-07;07/10/2009;899;899;899;899;50
2009-10-09;09/10/2009;899;899;899;899;228
2009-10-12;12/10/2009;850.05;850.05;850.05;850.05;10
2009-10-13;13/10/2009;850;850;850;850;121
2009-10-15;15/10/2009;850;850;850;850;100
2009-10-16;16/10/2009;850;850;850;850;2
2009-10-27;27/10/2009;800;800;800;800;17
2009-10-28;28/10/2009;795;795;795;795;159
2009-10-29;29/10/2009;795;795;795;795;15
2009-11-03;03/11/2009;790;790;790;790;10
2009-11-04;04/11/2009;790;790;790;790;54
2009-11-05;05/11/2009;790;790;790;790;201
2009-11-06;06/11/2009;790;790;790;790;14
2009-11-17;17/11/2009;790.1;790.1;790.1;790.1;151
2009-11-18;18/11/2009;790.1;790.1;790.1;790.1;51
2009-12-01;01/12/2009;790;790;790;790;13
2009-12-02;02/12/2009;790;790;790;790;1
2009-12-04;04/12/2009;790.05;790.05;790.05;790.05;8
2009-12-08;08/12/2009;790.05;790.05;790.05;790.05;1
2009-12-09;09/12/2009;790.05;790.05;790.05;790.05;1
2009-12-15;15/12/2009;840;840;840;840;100
2009-12-17;17/12/2009;840;840;840;840;51
2009-12-22;22/12/2009;830;830;830;830;101
2009-12-23;23/12/2009;830;830;830;830;2
2009-12-24;24/12/2009;829.95;829.95;829.95;829.95;10
2009-12-28;28/12/2009;829.95;829.95;829.95;829.95;13
2009-12-29;29/12/2009;829.95;829.95;829.95;829.95;2
2009-12-30;30/12/2009;829.95;829.95;829.95;829.95;94
2009-12-31;31/12/2009;829.95;829.95;829.95;829.95;427
2010-01-04;04/01/2010;830;830;830;830;56
2010-01-05;05/01/2010;835;835;835;835;200
2010-01-06;06/01/2010;835;835;835;835;18
2010-01-08;08/01/2010;835;835;835;835;39
2010-01-11;11/01/2010;790;790;790;790;44
2010-01-18;18/01/2010;835;835;835;835;19
2010-01-19;19/01/2010;835;835;835;835;136
2010-01-20;20/01/2010;835;835;835;835;5
2010-01-21;21/01/2010;835;835;835;835;44
2010-01-22;22/01/2010;835;835;835;835;5
2010-02-02;02/02/2010;835;835;835;835;16
2010-02-11;11/02/2010;835;835;835;835;6
2010-02-16;16/02/2010;835;835;835;835;2
2010-02-19;19/02/2010;835;835;835;835;5
2010-02-25;25/02/2010;860;860;860;860;9
2010-03-03;03/03/2010;870;870;870;870;14
2010-03-08;08/03/2010;870;870;870;870;4
2010-03-09;09/03/2010;870;870;870;870;50
2010-03-26;26/03/2010;870;870;870;870;174
2010-03-29;29/03/2010;870;870;870;870;41
2010-04-01;01/04/2010;870;870;870;870;5
2010-04-12;12/04/2010;870;870;870;870;3
2010-04-14;14/04/2010;870;870;870;870;7
2010-04-19;19/04/2010;935.25;935.25;935.25;935.25;11
2010-04-20;20/04/2010;935.25;935.25;935.25;935.25;39
2010-04-27;27/04/2010;935;935;935;935;10
2010-05-03;03/05/2010;935;935;935;935;37
2010-05-05;05/05/2010;935.05;935.05;935.05;935.05;51
2010-05-06;06/05/2010;935.05;935.05;935.05;935.05;58
2010-05-07;07/05/2010;930;930;930;930;39
2010-05-10;10/05/2010;930;930;930;930;12
2010-05-11;11/05/2010;930;930;930;930;57
2010-05-14;14/05/2010;930;930;930;930;1
2010-06-01;01/06/2010;930;930;930;930;10
2010-06-14;14/06/2010;920;920;920;920;8
2010-06-15;15/06/2010;920;920;920;920;17
2010-06-22;22/06/2010;830;830;830;830;15
2010-06-24;24/06/2010;820;820;820;820;9
2010-06-29;29/06/2010;850;850;850;850;116
2010-07-01;01/07/2010;913;913;913;913;100
2010-07-15;15/07/2010;890;890;890;890;15
2010-07-16;16/07/2010;890;890;890;890;2
2010-07-21;21/07/2010;880;880;880;880;10
2010-07-27;27/07/2010;850;850;850;850;31
2010-07-28;28/07/2010;850;850;850;850;15
2010-08-02;02/08/2010;850;850;850;850;5
2010-08-03;03/08/2010;819.9;819.9;819.9;819.9;302
2010-08-04;04/08/2010;760;760;760;760;33
2010-08-06;06/08/2010;800;800;800;800;15
2010-08-09;09/08/2010;800;800;800;800;10
2010-08-12;12/08/2010;790;790;790;790;24
2010-08-13;13/08/2010;810.05;810.05;810.05;810.05;11
2010-08-16;16/08/2010;850;850;850;850;13
2010-08-17;17/08/2010;820;820;820;820;11
2010-08-18;18/08/2010;820;820;820;820;3
2010-08-19;19/08/2010;810.05;810.05;810.05;810.05;11
2010-08-26;26/08/2010;810.05;810.05;810.05;810.05;16
2010-08-30;30/08/2010;800;800;800;800;10
2010-08-31;31/08/2010;790;790;790;790;20
2010-09-01;01/09/2010;790;790;790;790;5
2010-09-02;02/09/2010;780;780;780;780;10
2010-09-03;03/09/2010;780;780;780;780;2
2010-09-07;07/09/2010;790;790;790;790;30
2010-09-08;08/09/2010;790;790;790;790;124
2010-09-13;13/09/2010;770;770;770;770;250
2010-09-16;16/09/2010;827.75;827.75;827.75;827.75;16
2010-09-20;20/09/2010;827.75;827.75;827.75;827.75;12
2010-09-21;21/09/2010;830.05;830.05;830.05;830.05;77
2010-09-22;22/09/2010;820.15;820.15;820.15;820.15;20
2010-09-27;27/09/2010;820.15;820.15;820.15;820.15;20
2010-09-28;28/09/2010;820.15;820.15;820.15;820.15;2
2010-09-30;30/09/2010;830;830;830;830;20
2010-10-06;06/10/2010;840;840;840;840;9
2010-10-08;08/10/2010;831.5;831.5;831.5;831.5;50
2010-10-11;11/10/2010;830;830;830;830;12
2010-10-12;12/10/2010;840;840;840;840;11
2010-10-13;13/10/2010;836.5;836.5;836.5;836.5;30
2010-10-14;14/10/2010;835;835;835;835;36
2010-10-18;18/10/2010;845;845;845;845;9
2010-10-20;20/10/2010;845;845;845;845;21
2010-10-21;21/10/2010;908.35;908.35;908.35;908.35;20
2010-10-22;22/10/2010;900;900;900;900;10
2010-10-25;25/10/2010;851;851;851;851;30
2010-10-26;26/10/2010;810;810;810;810;7339
2010-11-03;03/11/2010;860;860;860;860;50
2010-11-04;04/11/2010;860.05;860.05;860.05;860.05;11
2010-11-05;05/11/2010;870.05;870.05;870.05;870.05;108
2010-11-08;08/11/2010;870.05;870.05;870.05;870.05;5
2010-11-11;11/11/2010;870.05;870.05;870.05;870.05;21
2010-11-12;12/11/2010;870.05;870.05;870.05;870.05;8
2010-11-17;17/11/2010;870.1;870.1;870.1;870.1;10
2010-11-18;18/11/2010;900;900;900;900;28
2010-11-19;19/11/2010;900;900;900;900;59
2010-11-23;23/11/2010;885;885;885;885;50
2010-11-24;24/11/2010;885;885;885;885;58
2010-11-30;30/11/2010;900;900;900;900;13
2010-12-01;01/12/2010;900;900;900;900;2
2010-12-02;02/12/2010;900;900;900;900;16
2010-12-06;06/12/2010;900;900;900;900;101
2010-12-14;14/12/2010;900;900;900;900;1
2010-12-16;16/12/2010;900;900;900;900;4
2010-12-24;24/12/2010;900;900;900;900;44
2010-12-28;28/12/2010;900;900;900;900;9
2011-01-04;04/01/2011;900;900;900;900;10
2011-01-05;05/01/2011;900;900;900;900;10
2011-01-07;07/01/2011;900;900;900;900;13
2011-01-11;11/01/2011;900;900;900;900;23
2011-01-19;19/01/2011;900;900;900;900;1
2011-01-24;24/01/2011;880;880;880;880;8
2011-02-03;03/02/2011;880;880;880;880;3
2011-04-12;12/04/2011;880;880;880;880;8
2011-05-06;06/05/2011;880;880;880;880;1
2011-05-10;10/05/2011;880;880;880;880;11
2011-05-11;11/05/2011;878;878;878;878;52
2011-05-12;12/05/2011;878;878;878;878;23
2011-05-13;13/05/2011;878;878;878;878;2
2011-05-17;17/05/2011;878.05;878.05;878.05;878.05;43
2011-05-23;23/05/2011;880;880;880;880;707
2011-05-25;25/05/2011;900;900;900;900;8
2011-05-31;31/05/2011;900;900;900;900;2
2011-06-06;06/06/2011;967.5;967.5;967.5;967.5;10
2011-06-07;07/06/2011;900;900;900;900;99
2011-06-08;08/06/2011;880;880;880;880;9
2011-06-09;09/06/2011;900;900;900;900;12
2011-06-10;10/06/2011;900;900;900;900;30
2011-06-14;14/06/2011;900;900;900;900;10
2011-06-17;17/06/2011;832.5;832.5;832.5;832.5;107
2011-06-22;22/06/2011;770.1;770.1;770.1;770.1;2194
2011-06-23;23/06/2011;749.5;749.5;749.5;749.5;236
2011-06-24;24/06/2011;750;750;750;750;224
2011-07-06;06/07/2011;750;750;750;750;120
2011-07-07;07/07/2011;750;750;750;750;10
2011-07-08;08/07/2011;770;770;770;770;8
2011-07-21;21/07/2011;770;770;770;770;35
2011-07-25;25/07/2011;770;770;770;770;124
2011-07-26;26/07/2011;770;770;770;770;10
2011-07-28;28/07/2011;770;770;770;770;3
2011-07-29;29/07/2011;740;740;740;740;20
2011-08-02;02/08/2011;720;720;720;720;61
2011-08-03;03/08/2011;720;720;720;720;41
2011-08-10;10/08/2011;750.65;750.65;750.65;750.65;13
2011-08-11;11/08/2011;720.15;720.15;720.15;720.15;10
2011-08-12;12/08/2011;720.15;720.15;720.15;720.15;11
2011-08-16;16/08/2011;730;730;730;730;14
2011-08-17;17/08/2011;735;735;735;735;28
2011-08-23;23/08/2011;760;760;760;760;68
2011-08-26;26/08/2011;761;761;761;761;33
2011-09-02;02/09/2011;761;761;761;761;51
2011-09-06;06/09/2011;780;780;780;780;111
2011-09-07;07/09/2011;780;780;780;780;20
2011-09-08;08/09/2011;780;780;780;780;46
2011-09-09;09/09/2011;788.5;788.5;788.5;788.5;10
2011-09-12;12/09/2011;800.05;800.05;800.05;800.05;8
2011-09-14;14/09/2011;800;800;800;800;106
2011-09-15;15/09/2011;800;800;800;800;8
2011-09-16;16/09/2011;800;800;800;800;50
2011-09-20;20/09/2011;800;800;800;800;50
2011-09-22;22/09/2011;800;800;800;800;1
2011-09-23;23/09/2011;810;810;810;810;258
2011-09-26;26/09/2011;800;800;800;800;102
2011-09-28;28/09/2011;790;790;790;790;9
2011-09-30;30/09/2011;790;790;790;790;3
2011-10-03;03/10/2011;790;790;790;790;17
2011-10-06;06/10/2011;790;790;790;790;1
2011-10-07;07/10/2011;790;790;790;790;29
2011-10-12;12/10/2011;790;790;790;790;13
2011-10-25;25/10/2011;800;800;800;800;235
2011-11-14;14/11/2011;800;800;800;800;4
2011-11-18;18/11/2011;770;770;770;770;20
2011-11-22;22/11/2011;770;770;770;770;53
2011-11-23;23/11/2011;770;770;770;770;3
2011-11-24;24/11/2011;770;770;770;770;3
2011-11-29;29/11/2011;770;770;770;770;446
2011-12-12;12/12/2011;750;750;750;750;71
2011-12-14;14/12/2011;750;750;750;750;102
2011-12-29;29/12/2011;739.95;739.95;739.95;739.95;14
2012-01-03;03/01/2012;739.95;739.95;739.95;739.95;3
2012-01-04;04/01/2012;740;740;740;740;11
2012-01-17;17/01/2012;740;740;740;740;195
2012-01-18;18/01/2012;739.95;739.95;739.95;739.95;13
2012-01-19;19/01/2012;730;730;730;730;20
2012-01-20;20/01/2012;730;730;730;730;11
2012-01-27;27/01/2012;700;700;700;700;20
2012-01-30;30/01/2012;700;700;700;700;46
2012-02-02;02/02/2012;700;700;700;700;4
2012-02-06;06/02/2012;710;710;710;710;12
2012-02-07;07/02/2012;730;730;730;730;8
2012-02-09;09/02/2012;730;730;730;730;3
2012-02-17;17/02/2012;701;701;701;701;16
2012-02-20;20/02/2012;701;701;701;701;5
2012-02-24;24/02/2012;701;701;701;701;8
2012-02-27;27/02/2012;701.05;701.05;701.05;701.05;35
2012-02-28;28/02/2012;705;705;705;705;11
2012-03-09;09/03/2012;720;720;720;720;8
2012-03-15;15/03/2012;720;720;720;720;32
2012-03-19;19/03/2012;720;720;720;720;45
2012-03-20;20/03/2012;720;720;720;720;4
2012-03-21;21/03/2012;720;720;720;720;2
2012-03-23;23/03/2012;720;720;720;720;6
2012-03-28;28/03/2012;720;720;720;720;1
2012-03-30;30/03/2012;720;720;720;720;5
2012-04-03;03/04/2012;720;720;720;720;11
2012-04-04;04/04/2012;720;720;720;720;45
2012-04-05;05/04/2012;720;720;720;720;73
2012-04-06;06/04/2012;720;720;720;720;35
2012-04-13;13/04/2012;720;720;720;720;11
2012-04-18;18/04/2012;725.05;725.05;725.05;725.05;10
2012-04-19;19/04/2012;770;770;770;770;10
2012-04-20;20/04/2012;775;775;775;775;27
2012-04-23;23/04/2012;720;720;720;720;30
2012-04-24;24/04/2012;720;720;720;720;15
2012-04-30;30/04/2012;720;720;720;720;9
2012-05-04;04/05/2012;770;770;770;770;71
2012-05-07;07/05/2012;800;800;800;800;200
2012-05-15;15/05/2012;800.5;800.5;800.5;800.5;70
2012-05-16;16/05/2012;800;800;800;800;650
2012-05-18;18/05/2012;800;800;800;800;100
2012-05-21;21/05/2012;799;799;799;799;50
2012-05-23;23/05/2012;775;775;775;775;108
2012-06-01;01/06/2012;775;775;775;775;34
2012-06-04;04/06/2012;775;775;775;775;5
2012-06-05;05/06/2012;775;775;775;775;10
2012-06-11;11/06/2012;800;800;800;800;25
2012-06-13;13/06/2012;801;801;801;801;50
2012-06-15;15/06/2012;800;800;800;800;53
2012-06-20;20/06/2012;800;800;800;800;2
2012-06-22;22/06/2012;800;800;800;800;4
2012-06-28;28/06/2012;810;810;810;810;13
2012-06-29;29/06/2012;810;810;810;810;5
2012-07-06;06/07/2012;810;810;810;810;5
2012-07-09;09/07/2012;810;810;810;810;5
2012-07-10;10/07/2012;810;810;810;810;10
2012-07-11;11/07/2012;810;810;810;810;21
2012-07-13;13/07/2012;800.05;800.05;800.05;800.05;8
2012-07-17;17/07/2012;800.1;800.1;800.1;800.1;20
2012-07-23;23/07/2012;810;810;810;810;46
2012-07-27;27/07/2012;810;810;810;810;4
2012-07-30;30/07/2012;820;820;820;820;54
2012-08-03;03/08/2012;880;880;880;880;92
2012-08-09;09/08/2012;880;880;880;880;54
2012-08-10;10/08/2012;880;880;880;880;50
2012-08-17;17/08/2012;880;880;880;880;2
2012-08-24;24/08/2012;814;814;814;814;9
2012-08-27;27/08/2012;814;814;814;814;458
2012-08-28;28/08/2012;875;875;875;875;8
2012-08-31;31/08/2012;811;811;811;811;25
2012-09-03;03/09/2012;811;811;811;811;42
2012-09-04;04/09/2012;811;811;811;811;33
2012-09-12;12/09/2012;811;811;811;811;3
2012-09-13;13/09/2012;811;811;811;811;5
2012-09-17;17/09/2012;811;811;811;811;21
2012-09-20;20/09/2012;811;811;811;811;4
2012-09-27;27/09/2012;811.05;811.05;811.05;811.05;10
2012-10-02;02/10/2012;811.05;811.05;811.05;811.05;5
2012-10-03;03/10/2012;811;811;811;811;10
2012-10-11;11/10/2012;850;850;850;850;13
2012-10-17;17/10/2012;810;810;810;810;90
2012-10-19;19/10/2012;810;810;810;810;66
2012-10-23;23/10/2012;810;810;810;810;20
2012-10-29;29/10/2012;849.95;849.95;849.95;849.95;10
2012-10-30;30/10/2012;850;850;850;850;123
2012-10-31;31/10/2012;850;850;850;850;17
2012-11-07;07/11/2012;850;850;850;850;210
2012-11-08;08/11/2012;860;860;860;860;16
2012-11-09;09/11/2012;860;860;860;860;1
2012-11-12;12/11/2012;870;870;870;870;15
2012-11-13;13/11/2012;850;850;850;850;10
2012-11-20;20/11/2012;875.05;875.05;875.05;875.05;34
2012-11-27;27/11/2012;875.05;875.05;875.05;875.05;20
2012-11-30;30/11/2012;875.05;875.05;875.05;875.05;6
2012-12-03;03/12/2012;875.05;875.05;875.05;875.05;4
2012-12-04;04/12/2012;875.05;875.05;875.05;875.05;2
2012-12-05;05/12/2012;876;876;876;876;18
2012-12-10;10/12/2012;860;860;860;860;35
2012-12-14;14/12/2012;860;860;860;860;7
2012-12-18;18/12/2012;865;865;865;865;22
2012-12-20;20/12/2012;920;920;920;920;20
2012-12-26;26/12/2012;920.05;920.05;920.05;920.05;11
2013-01-03;03/01/2013;930.05;930.05;930.05;930.05;11
2013-01-09;09/01/2013;935;935;935;935;16
2013-01-11;11/01/2013;935;935;935;935;6
2013-01-15;15/01/2013;935;935;935;935;17
2013-01-28;28/01/2013;930;930;930;930;15
2013-01-30;30/01/2013;930;930;930;930;1
2013-01-31;31/01/2013;930;930;930;930;14
2013-02-01;01/02/2013;930;930;930;930;6
2013-02-06;06/02/2013;930;930;930;930;4
2013-02-11;11/02/2013;930;930;930;930;5
2013-02-12;12/02/2013;930;930;930;930;4
2013-02-15;15/02/2013;933;933;933;933;74
2013-02-19;19/02/2013;933;933;933;933;5
2013-03-04;04/03/2013;933;933;933;933;51
2013-03-06;06/03/2013;933;933;933;933;7
2013-03-08;08/03/2013;1000;1000;1000;1000;18
2013-03-11;11/03/2013;933.05;933.05;933.05;933.05;30
2013-03-18;18/03/2013;933;933;933;933;12
2013-03-21;21/03/2013;933;933;933;933;3
2013-03-22;22/03/2013;933;933;933;933;12
2013-03-26;26/03/2013;933;933;933;933;30
2013-04-03;03/04/2013;933;933;933;933;9
2013-04-09;09/04/2013;935.1;935.1;935.1;935.1;12
2013-04-10;10/04/2013;950;950;950;950;139
2013-04-11;11/04/2013;1000;1000;1000;1000;10
2013-04-15;15/04/2013;950;950;950;950;26
2013-04-23;23/04/2013;950.05;950.05;950.05;950.05;76
2013-04-24;24/04/2013;1000;1000;1000;1000;50
2013-04-25;25/04/2013;1000;1000;1000;1000;2
2013-04-30;30/04/2013;1000;1000;1000;1000;11
2013-05-06;06/05/2013;1000;1000;1000;1000;17
2013-05-10;10/05/2013;1000;1000;1000;1000;10
2013-05-13;13/05/2013;1000;1000;1000;1000;15
2013-05-22;22/05/2013;1000;1000;1000;1000;94
2013-05-23;23/05/2013;1000;1000;1000;1000;40
2013-05-28;28/05/2013;1075;1075;1075;1075;10
2013-05-29;29/05/2013;1000;1000;1000;1000;20
2013-05-30;30/05/2013;1000;1000;1000;1000;2
2013-05-31;31/05/2013;1010;1010;1010;1010;30
2013-06-03;03/06/2013;1075;1075;1075;1075;15
2013-06-05;05/06/2013;1075;1075;1075;1075;15
2013-06-06;06/06/2013;1075;1075;1075;1075;74
2013-06-12;12/06/2013;1075;1075;1075;1075;45
2013-06-13;13/06/2013;1075;1075;1075;1075;8
2013-06-14;14/06/2013;1075;1075;1075;1075;5
2013-06-24;24/06/2013;1010.05;1010.05;1010.05;1010.05;12
2013-06-25;25/06/2013;1010.05;1010.05;1010.05;1010.05;3
2013-06-26;26/06/2013;1010.05;1010.05;1010.05;1010.05;2
2013-06-28;28/06/2013;1010.05;1010.05;1010.05;1010.05;2
2013-07-04;04/07/2013;1000;1000;1000;1000;99
2013-07-11;11/07/2013;1000;1000;1000;1000;200
2013-07-12;12/07/2013;1000;1000;1000;1000;69
2013-07-15;15/07/2013;1000;1000;1000;1000;50
2013-07-18;18/07/2013;1000;1000;1000;1000;12
2013-07-19;19/07/2013;1000;1000;1000;1000;75
2013-07-23;23/07/2013;1000;1000;1000;1000;22
2013-07-25;25/07/2013;1000;1000;1000;1000;2
2013-07-30;30/07/2013;951;951;951;951;38
2013-07-31;31/07/2013;951.2;951.2;951.2;951.2;33
2013-08-02;02/08/2013;951;951;951;951;54
2013-08-05;05/08/2013;951;951;951;951;7
2013-08-06;06/08/2013;951;951;951;951;27
2013-08-23;23/08/2013;951;951;951;951;56
2013-08-29;29/08/2013;960;960;960;960;10
2013-08-30;30/08/2013;960;960;960;960;13
2013-09-02;02/09/2013;960;960;960;960;8
2013-09-03;03/09/2013;970.5;970.5;970.5;970.5;25
2013-09-05;05/09/2013;960;960;960;960;120
2013-09-06;06/09/2013;960;960;960;960;14
2013-09-11;11/09/2013;972;972;972;972;63
2013-09-16;16/09/2013;972;972;972;972;20
2013-09-17;17/09/2013;972;972;972;972;10
2013-09-18;18/09/2013;972;972;972;972;93
2013-09-23;23/09/2013;972;972;972;972;7
2013-09-24;24/09/2013;972;972;972;972;1
2013-09-27;27/09/2013;981;981;981;981;6
2013-09-30;30/09/2013;980;980;980;980;9
2013-10-01;01/10/2013;980;980;980;980;67
2013-10-02;02/10/2013;1000;1000;1000;1000;3
2013-10-03;03/10/2013;1075;1075;1075;1075;100
2013-10-04;04/10/2013;1075;1075;1075;1075;128
2013-10-10;10/10/2013;1075;1075;1075;1075;317
2013-10-14;14/10/2013;1055;1055;1055;1055;1
2013-10-16;16/10/2013;1100;1100;1100;1100;2
2013-10-18;18/10/2013;1100;1100;1100;1100;48
2013-10-28;28/10/2013;1065;1065;1065;1065;40
2013-10-29;29/10/2013;1065;1065;1065;1065;6
2013-10-30;30/10/2013;1144.85;1144.85;1144.85;1144.85;4
2013-10-31;31/10/2013;1167.7;1167.7;1167.7;1167.7;245
2013-11-04;04/11/2013;1255.25;1255.25;1255.25;1255.25;200
2013-11-05;05/11/2013;1349.35;1349.35;1349.35;1349.35;2
2013-11-07;07/11/2013;1450;1450;1450;1450;105
2013-11-08;08/11/2013;1349.35;1349.35;1349.35;1349.35;10
2013-11-11;11/11/2013;1350;1350;1350;1350;10
2013-11-13;13/11/2013;1360.05;1360.05;1360.05;1360.05;109
2013-11-14;14/11/2013;1462.05;1462.05;1462.05;1462.05;1
2013-11-19;19/11/2013;1400;1400;1400;1400;1
2013-11-20;20/11/2013;1410;1410;1410;1410;64
2013-11-21;21/11/2013;1410;1410;1410;1410;74
2013-11-22;22/11/2013;1390;1390;1390;1390;3
2013-11-25;25/11/2013;1410;1410;1410;1410;11
2013-11-26;26/11/2013;1400;1400;1400;1400;1
2013-11-27;27/11/2013;1395;1395;1395;1395;2
2013-11-28;28/11/2013;1412;1412;1412;1412;220
2013-12-02;02/12/2013;1450;1450;1450;1450;1
2013-12-03;03/12/2013;1440;1440;1440;1440;10
2013-12-05;05/12/2013;1440;1440;1440;1440;6
2013-12-06;06/12/2013;1440;1440;1440;1440;5
2013-12-09;09/12/2013;1450;1450;1450;1450;2
2013-12-10;10/12/2013;1450.1;1450.1;1450.1;1450.1;500
2013-12-11;11/12/2013;1550;1550;1550;1550;25
2013-12-13;13/12/2013;1650;1650;1650;1650;10
2013-12-17;17/12/2013;1560;1560;1560;1560;4
2013-12-19;19/12/2013;1456;1456;1456;1456;125
2013-12-20;20/12/2013;1485;1485;1485;1485;19
2013-12-23;23/12/2013;1514.7;1514.7;1514.7;1514.7;24
2013-12-24;24/12/2013;1625;1625;1625;1625;21
2013-12-26;26/12/2013;1745.5;1745.5;1745.5;1745.5;51
2013-12-31;31/12/2013;1870;1870;1870;1870;27
2014-01-03;03/01/2014;1900;1900;1900;1900;100
2014-01-07;07/01/2014;1980;1980;1980;1980;2
2014-01-14;14/01/2014;1900;1900;1900;1900;30
2014-01-16;16/01/2014;1890;1890;1890;1890;6
2014-01-22;22/01/2014;1890;1890;1890;1890;2
2014-01-24;24/01/2014;1890;1890;1890;1890;25
2014-01-27;27/01/2014;1890;1890;1890;1890;62
2014-02-03;03/02/2014;1890;1890;1890;1890;1
2014-02-11;11/02/2014;1748.25;1748.25;1748.25;1748.25;20
2014-02-13;13/02/2014;1720;1720;1720;1720;8
2014-02-20;20/02/2014;1630;1630;1630;1630;5
2014-02-21;21/02/2014;1630;1630;1630;1630;3
2014-02-24;24/02/2014;1600;1600;1600;1600;2
2014-02-26;26/02/2014;1600;1600;1600;1600;1
2014-02-27;27/02/2014;1600;1600;1600;1600;10
2014-03-03;03/03/2014;1600;1600;1600;1600;65
2014-03-05;05/03/2014;1550;1550;1550;1550;2
2014-03-06;06/03/2014;1550;1550;1550;1550;1
2014-03-07;07/03/2014;1550;1550;1550;1550;17
2014-03-10;10/03/2014;1550;1550;1550;1550;4
2014-03-12;12/03/2014;1550;1550;1550;1550;15
2014-03-14;14/03/2014;1550;1550;1550;1550;68
2014-03-17;17/03/2014;1519;1519;1519;1519;6
2014-03-19;19/03/2014;1519;1519;1519;1519;1
2014-03-24;24/03/2014;1519;1519;1519;1519;70
2014-03-26;26/03/2014;1520;1520;1520;1520;17
2014-03-27;27/03/2014;1520;1520;1520;1520;22
2014-03-28;28/03/2014;1520;1520;1520;1520;52
2014-03-31;31/03/2014;1520;1520;1520;1520;3
2014-04-02;02/04/2014;1550;1550;1550;1550;2
2014-04-03;03/04/2014;1520;1520;1520;1520;5
2014-04-04;04/04/2014;1560;1560;1560;1560;100
2014-04-07;07/04/2014;1520;1520;1520;1520;3
2014-04-08;08/04/2014;1510;1510;1510;1510;8
2014-04-09;09/04/2014;1520;1520;1520;1520;53
2014-04-15;15/04/2014;1520;1520;1520;1520;2
2014-04-17;17/04/2014;1550;1550;1550;1550;192
2014-04-18;18/04/2014;1520;1520;1520;1520;75
2014-04-22;22/04/2014;1560;1560;1560;1560;5
2014-04-28;28/04/2014;1530;1530;1530;1530;7
2014-04-29;29/04/2014;1530;1530;1530;1530;2
2014-04-30;30/04/2014;1530;1530;1530;1530;10
2014-05-05;05/05/2014;1520;1520;1520;1520;7
2014-05-06;06/05/2014;1500;1500;1500;1500;22
2014-05-09;09/05/2014;1470;1470;1470;1470;33
2014-05-12;12/05/2014;1450;1450;1450;1450;13
2014-05-13;13/05/2014;1450;1450;1450;1450;42
2014-05-14;14/05/2014;1460;1460;1460;1460;92
2014-05-16;16/05/2014;1500;1500;1500;1500;54
2014-05-19;19/05/2014;1612.5;1612.5;1612.5;1612.5;4
2014-05-21;21/05/2014;1560;1560;1560;1560;3
2014-05-30;30/05/2014;1560;1560;1560;1560;6
2014-06-02;02/06/2014;1560;1560;1560;1560;45
2014-06-03;03/06/2014;1600;1600;1600;1600;167
2014-06-05;05/06/2014;1605;1605;1605;1605;20
2014-06-10;10/06/2014;1605;1605;1605;1605;3
2014-06-11;11/06/2014;1700;1700;1700;1700;32
2014-06-13;13/06/2014;1625;1625;1625;1625;3
2014-06-16;16/06/2014;1650;1650;1650;1650;3
2014-06-18;18/06/2014;1530;1530;1530;1530;11
2014-06-25;25/06/2014;1480;1480;1480;1480;1
2014-06-26;26/06/2014;1500;1500;1500;1500;1
2014-06-27;27/06/2014;1500;1500;1500;1500;2
2014-07-07;07/07/2014;1480;1480;1480;1480;1
2014-07-08;08/07/2014;1500;1500;1500;1500;4
2014-07-09;09/07/2014;1500;1500;1500;1500;7
2014-07-10;10/07/2014;1500;1500;1500;1500;18
2014-07-11;11/07/2014;1500;1500;1500;1500;21
2014-07-14;14/07/2014;1500;1500;1500;1500;11
2014-07-17;17/07/2014;1550;1550;1550;1550;30
2014-07-18;18/07/2014;1510.1;1510.1;1510.1;1510.1;76
2014-07-22;22/07/2014;1530.05;1530.05;1530.05;1530.05;2
2014-07-23;23/07/2014;1530;1530;1530;1530;56
2014-07-25;25/07/2014;1530;1530;1530;1530;2
2014-07-29;29/07/2014;1530;1530;1530;1530;57
2014-07-31;31/07/2014;1530.05;1530.05;1530.05;1530.05;1
2014-08-04;04/08/2014;1530;1530;1530;1530;30
2014-08-06;06/08/2014;1530.05;1530.05;1530.05;1530.05;7
2014-08-07;07/08/2014;1530.05;1530.05;1530.05;1530.05;700
2014-08-11;11/08/2014;1530.1;1530.1;1530.1;1530.1;82
2014-08-13;13/08/2014;1530.5;1530.5;1530.5;1530.5;3
2014-08-14;14/08/2014;1530.5;1530.5;1530.5;1530.5;1
2014-08-20;20/08/2014;1530;1530;1530;1530;206
2014-08-22;22/08/2014;1550;1550;1550;1550;17
2014-08-28;28/08/2014;1550;1550;1550;1550;5
2014-09-01;01/09/2014;1600;1600;1600;1600;10
2014-09-02;02/09/2014;1550;1550;1550;1550;100
2014-09-03;03/09/2014;1581;1581;1581;1581;85
2014-09-04;04/09/2014;1581;1581;1581;1581;12
2014-09-05;05/09/2014;1600;1600;1600;1600;200
2014-09-10;10/09/2014;1551.05;1551.05;1551.05;1551.05;20
2014-09-11;11/09/2014;1570;1570;1570;1570;2
2014-09-12;12/09/2014;1570;1570;1570;1570;8
2014-09-15;15/09/2014;1600;1600;1600;1600;1
2014-09-16;16/09/2014;1600;1600;1600;1600;3
2014-09-18;18/09/2014;1550;1550;1550;1550;3204
2014-09-23;23/09/2014;1550.05;1550.05;1550.05;1550.05;4
2014-09-24;24/09/2014;1600;1600;1600;1600;62
2014-09-26;26/09/2014;1600;1600;1600;1600;1
2014-09-30;30/09/2014;1600;1600;1600;1600;322
2014-10-02;02/10/2014;1600;1600;1600;1600;36
2014-10-06;06/10/2014;1600;1600;1600;1600;19
2014-10-07;07/10/2014;1600;1600;1600;1600;10
2014-10-08;08/10/2014;1600;1600;1600;1600;16
2014-10-09;09/10/2014;1580;1580;1580;1580;19
2014-10-10;10/10/2014;1580;1580;1580;1580;2
2014-10-13;13/10/2014;1600;1600;1600;1600;4
2014-10-15;15/10/2014;1570;1570;1570;1570;38
2014-10-17;17/10/2014;1600;1600;1600;1600;1
2014-10-21;21/10/2014;1600;1600;1600;1600;96
2014-10-24;24/10/2014;1595;1595;1595;1595;5
2014-10-28;28/10/2014;1620;1620;1620;1620;600
2014-10-30;30/10/2014;1600;1600;1600;1600;1
2014-10-31;31/10/2014;1600.05;1600.05;1600.05;1600.05;7
2014-11-03;03/11/2014;1650;1650;1650;1650;2
2014-11-04;04/11/2014;1600;1600;1600;1600;50
2014-11-05;05/11/2014;1600;1600;1600;1600;2
2014-11-06;06/11/2014;1600;1600;1600;1600;3
2014-11-10;10/11/2014;1600;1600;1600;1600;1
2014-11-13;13/11/2014;1650;1650;1650;1650;6
2014-11-18;18/11/2014;1773.75;1773.75;1773.75;1773.75;10
2014-11-21;21/11/2014;1650;1650;1650;1650;30
2014-11-25;25/11/2014;1650;1650;1650;1650;25
2014-11-27;27/11/2014;1605;1605;1605;1605;20
2014-11-28;28/11/2014;1610;1610;1610;1610;5
2014-12-02;02/12/2014;1600;1600;1600;1600;1
2014-12-05;05/12/2014;1600;1600;1600;1600;100
2014-12-10;10/12/2014;1610.05;1610.05;1610.05;1610.05;5
2014-12-11;11/12/2014;1610;1610;1610;1610;10
2014-12-12;12/12/2014;1610;1610;1610;1610;68
2014-12-15;15/12/2014;1730;1730;1730;1730;11
2014-12-16;16/12/2014;1730;1730;1730;1730;5
2014-12-17;17/12/2014;1730;1730;1730;1730;6
2014-12-18;18/12/2014;1729.95;1729.95;1729.95;1729.95;9239
2014-12-22;22/12/2014;1859;1859;1859;1859;740
2014-12-23;23/12/2014;1900;1900;1900;1900;9442
2014-12-24;24/12/2014;1950;1950;1950;1950;25
2014-12-25;25/12/2014;1950;1950;1950;1950;2500
2014-12-26;26/12/2014;1950;1950;1950;1950;6
2014-12-29;29/12/2014;1950;1950;1950;1950;51
2014-12-31;31/12/2014;2000;2000;2000;2000;200
2015-01-06;06/01/2015;2000;2000;2000;2000;1
2015-01-08;08/01/2015;2000;2000;2000;2000;3
2015-01-28;28/01/2015;1980;1980;1980;1980;25
2015-01-29;29/01/2015;1980;1980;1980;1980;310
2015-02-03;03/02/2015;1941;1941;1941;1941;30
2015-02-04;04/02/2015;1970;1970;1970;1970;5
2015-02-10;10/02/2015;1850;1850;1850;1850;19
2015-02-11;11/02/2015;1970;1970;1970;1970;5
2015-02-12;12/02/2015;1970;1970;1970;1970;2
2015-02-20;20/02/2015;1950;1950;1950;1950;5
2015-02-24;24/02/2015;1950;1950;1950;1950;2
2015-02-26;26/02/2015;1855.05;1855.05;1855.05;1855.05;15
2015-02-27;27/02/2015;1900;1900;1900;1900;13
2015-03-03;03/03/2015;1890;1890;1890;1890;12
2015-03-04;04/03/2015;1890;1890;1890;1890;10
2015-03-05;05/03/2015;1900;1900;1900;1900;40
2015-03-12;12/03/2015;1900;1900;1900;1900;1
2015-03-13;13/03/2015;1900;1900;1900;1900;43
2015-03-16;16/03/2015;1900;1900;1900;1900;1
2015-03-18;18/03/2015;1899.95;1899.95;1899.95;1899.95;34
2015-03-19;19/03/2015;1870;1870;1870;1870;9
2015-03-20;20/03/2015;1850;1850;1850;1850;3
2015-03-24;24/03/2015;1849.9;1849.9;1849.9;1849.9;19
2015-03-25;25/03/2015;1830;1830;1830;1830;57
2015-03-26;26/03/2015;1830;1830;1830;1830;13
2015-03-27;27/03/2015;1866;1866;1866;1866;10
2015-03-30;30/03/2015;1850;1850;1850;1850;53
2015-04-01;01/04/2015;1850;1850;1850;1850;7
2015-04-02;02/04/2015;1850;1850;1850;1850;33
2015-04-03;03/04/2015;1849.95;1849.95;1849.95;1849.95;3204
2015-04-06;06/04/2015;1849.95;1849.95;1849.95;1849.95;320400
2015-04-07;07/04/2015;1850;1850;1850;1850;800
2015-04-10;10/04/2015;1830;1830;1830;1830;52
2015-04-14;14/04/2015;1825;1825;1825;1825;4
2015-04-15;15/04/2015;1830;1830;1830;1830;4
2015-04-22;22/04/2015;1830;1830;1830;1830;84
2015-04-23;23/04/2015;1830;1830;1830;1830;3
2015-04-24;24/04/2015;1830;1830;1830;1830;9
2015-04-28;28/04/2015;1830;1830;1830;1830;4
2015-04-29;29/04/2015;1830;1830;1830;1830;46
2015-04-30;30/04/2015;1830;1830;1830;1830;5
2015-05-04;04/05/2015;1830;1830;1830;1830;6
2015-05-05;05/05/2015;1830;1830;1830;1830;10
2015-05-06;06/05/2015;1830;1830;1830;1830;3
2015-05-07;07/05/2015;1830;1830;1830;1830;29
2015-05-13;13/05/2015;1830;1830;1830;1830;368
2015-05-14;14/05/2015;1830;1830;1830;1830;36800
2015-05-19;19/05/2015;1830;1830;1830;1830;4
2015-05-20;20/05/2015;1967.25;1967.25;1967.25;1967.25;264
2015-05-21;21/05/2015;2114.75;2114.75;2114.75;2114.75;307
2015-05-22;22/05/2015;2273.35;2273.35;2273.35;2273.35;693
2015-05-25;25/05/2015;2273.35;2273.35;2273.35;2273.35;69300
2015-05-26;26/05/2015;2443.85;2443.85;2443.85;2443.85;844
2015-05-27;27/05/2015;2627.1;2627.1;2627.1;2627.1;67
2015-05-28;28/05/2015;2600;2600;2600;2600;13
2015-05-29;29/05/2015;2444;2444;2444;2444;32
2015-06-01;01/06/2015;2265;2265;2265;2265;25
2015-06-02;02/06/2015;2265.05;2265.05;2265.05;2265.05;93
2015-06-03;03/06/2015;2270;2270;2270;2270;318
2015-06-04;04/06/2015;2389.45;2389.45;2389.45;2389.45;14
2015-06-05;05/06/2015;2568.65;2568.65;2568.65;2568.65;9
2015-06-08;08/06/2015;2761.25;2761.25;2761.25;2761.25;459
2015-06-09;09/06/2015;2949;2949;2949;2949;24
2015-06-10;10/06/2015;3170;3170;3170;3170;69
2015-06-11;11/06/2015;3405;3405;3405;3405;917
2015-06-12;12/06/2015;3250;3250;3250;3250;493
2015-06-15;15/06/2015;3200;3200;3200;3200;89
2015-06-16;16/06/2015;3170;3170;3170;3170;30
2015-06-17;17/06/2015;3200;3200;3200;3200;289
2015-06-18;18/06/2015;3440;3440;3440;3440;100
2015-06-19;19/06/2015;3500;3500;3500;3500;1762
2015-06-22;22/06/2015;3762.5;3762.5;3762.5;3762.5;41
2015-06-23;23/06/2015;4044;4044;4044;4044;462
2015-06-24;24/06/2015;4320;4320;4320;4320;834
2015-06-25;25/06/2015;4050.05;4050.05;4050.05;4050.05;17
2015-06-26;26/06/2015;4050;4050;4050;4050;50
2015-06-29;29/06/2015;4000;4000;4000;4000;40
2015-06-30;30/06/2015;3899.9;3899.9;3899.9;3899.9;34
2015-07-02;02/07/2015;3610;3610;3610;3610;35
2015-07-03;03/07/2015;3500;3500;3500;3500;14
2015-07-06;06/07/2015;3500;3500;3500;3500;664
2015-07-07;07/07/2015;3500;3500;3500;3500;59
2015-07-08;08/07/2015;3499.95;3499.95;3499.95;3499.95;31
2015-07-09;09/07/2015;3500.1;3500.1;3500.1;3500.1;121
2015-07-10;10/07/2015;3762.6;3762.6;3762.6;3762.6;124
2015-07-13;13/07/2015;4044.75;4044.75;4044.75;4044.75;165
2015-07-14;14/07/2015;4044.75;4044.75;4044.75;4044.75;16500
2015-07-15;15/07/2015;4295;4295;4295;4295;551
2015-07-16;16/07/2015;4150;4150;4150;4150;243
2015-07-17;17/07/2015;4150;4150;4150;4150;24300
2015-07-20;20/07/2015;4180;4180;4180;4180;224
2015-07-21;21/07/2015;4200;4200;4200;4200;143
2015-07-22;22/07/2015;4200;4200;4200;4200;1239
2015-07-23;23/07/2015;4249;4249;4249;4249;1692
2015-07-24;24/07/2015;4199.95;4199.95;4199.95;4199.95;555
2015-07-27;27/07/2015;4500;4500;4500;4500;10039
2015-07-28;28/07/2015;4600;4600;4600;4600;22197
2015-07-29;29/07/2015;4700;4700;4700;4700;5718
2015-07-30;30/07/2015;4800;4800;4800;4800;11978
2015-07-31;31/07/2015;4900;4900;4900;4900;2876
2015-08-03;03/08/2015;4900;4900;4900;4900;4433
2015-08-04;04/08/2015;4563;4563;4563;4563;13028
2015-08-05;05/08/2015;4522;4522;4522;4522;3115
2015-08-06;06/08/2015;4580;4580;4580;4580;966
2015-08-07;07/08/2015;4580;4580;4580;4580;4830
2015-08-10;10/08/2015;4678;4678;4678;4678;2445
2015-08-11;11/08/2015;4700;4700;4700;4700;1300
2015-08-12;12/08/2015;4720;4720;4720;4720;543
2015-08-13;13/08/2015;4600;4600;4600;4600;4618
2015-08-14;14/08/2015;4600;4600;4600;4600;5201
2015-08-17;17/08/2015;4600;4600;4600;4600;270
2015-08-18;18/08/2015;4640;4640;4640;4640;6048
2015-08-19;19/08/2015;4700;4700;4700;4700;23037
2015-08-20;20/08/2015;4800;4800;4800;4800;1267
2015-08-21;21/08/2015;4699;4699;4699;4699;1069
2015-08-24;24/08/2015;4780;4780;4780;4780;408
2015-08-25;25/08/2015;4800;4800;4800;4800;72
2015-08-26;26/08/2015;4880;4880;4880;4880;333
2015-08-27;27/08/2015;4890;4890;4890;4890;1327
2015-08-28;28/08/2015;4900;4900;4900;4900;429
2015-08-31;31/08/2015;4900;4900;4900;4900;1569
2015-09-01;01/09/2015;4990;4990;4990;4990;9447
2015-09-02;02/09/2015;4999;4999;4999;4999;227
2015-09-03;03/09/2015;4940;4940;4940;4940;260
2015-09-04;04/09/2015;4800;4800;4800;4800;1329
2015-09-07;07/09/2015;4900;4900;4900;4900;535
2015-09-08;08/09/2015;4900;4900;4900;4900;1824
2015-09-09;09/09/2015;4800;4800;4800;4800;428
2015-09-10;10/09/2015;4751;4751;4751;4751;321
2015-09-11;11/09/2015;4830;4830;4830;4830;668
2015-09-14;14/09/2015;4800;4800;4800;4800;741
2015-09-15;15/09/2015;4799;4799;4799;4799;2682
2015-09-16;16/09/2015;4799;4799;4799;4799;558
2015-09-17;17/09/2015;4780;4780;4780;4780;1418
2015-09-18;18/09/2015;4550;4550;4550;4550;1902
2015-09-21;21/09/2015;4550;4550;4550;4550;254
2015-09-22;22/09/2015;4548;4548;4548;4548;285
2015-09-23;23/09/2015;4522;4522;4522;4522;840
2015-09-24;24/09/2015;4522;4522;4522;4522;4200
2015-09-25;25/09/2015;4680;4680;4680;4680;8067
2015-09-28;28/09/2015;4799;4799;4799;4799;316
2015-09-29;29/09/2015;4701;4701;4701;4701;256
2015-09-30;30/09/2015;4760;4760;4760;4760;855
2015-10-01;01/10/2015;4770;4770;4770;4770;897
2015-10-02;02/10/2015;4800;4800;4800;4800;98
2015-10-05;05/10/2015;4770;4770;4770;4770;249
2015-10-06;06/10/2015;4769;4769;4769;4769;641
2015-10-07;07/10/2015;4760;4760;4760;4760;177
2015-10-08;08/10/2015;4751;4751;4751;4751;11
2015-10-09;09/10/2015;4700;4700;4700;4700;556
2015-10-12;12/10/2015;4699;4699;4699;4699;139
2015-10-13;13/10/2015;4701;4701;4701;4701;107
2015-10-14;14/10/2015;4700;4700;4700;4700;190
2015-10-15;15/10/2015;4701;4701;4701;4701;320
2015-10-16;16/10/2015;4700;4700;4700;4700;691
2015-10-19;19/10/2015;4700;4700;4700;4700;333
2015-10-20;20/10/2015;4700;4700;4700;4700;146
2015-10-21;21/10/2015;4800;4800;4800;4800;1732
2015-10-22;22/10/2015;4800;4800;4800;4800;960
2015-10-23;23/10/2015;4800;4800;4800;4800;705
2015-10-26;26/10/2015;4800;4800;4800;4800;50
2015-10-27;27/10/2015;4780;4780;4780;4780;494
2015-10-28;28/10/2015;4779;4779;4779;4779;1185
2015-10-29;29/10/2015;4778;4778;4778;4778;360
2015-10-30;30/10/2015;4700;4700;4700;4700;237
2015-11-02;02/11/2015;4800;4800;4800;4800;8449
2015-11-03;03/11/2015;4760;4760;4760;4760;3187
2015-11-04;04/11/2015;4740;4740;4740;4740;269
2015-11-05;05/11/2015;4680;4680;4680;4680;1111
2015-11-06;06/11/2015;4680;4680;4680;4680;413
2015-11-09;09/11/2015;4681;4681;4681;4681;778
2015-11-10;10/11/2015;4681;4681;4681;4681;548
2015-11-11;11/11/2015;4600;4600;4600;4600;575
2015-11-12;12/11/2015;4600;4600;4600;4600;482
2015-11-13;13/11/2015;4589;4589;4589;4589;206
2015-11-16;16/11/2015;4300;4300;4300;4300;508
2015-11-17;17/11/2015;4300;4300;4300;4300;922
2015-11-18;18/11/2015;4000;4000;4000;4000;1186
2015-11-19;19/11/2015;4200;4200;4200;4200;11863
2015-11-20;20/11/2015;4200;4200;4200;4200;82
2015-11-23;23/11/2015;4180;4180;4180;4180;1108
2015-11-24;24/11/2015;4200;4200;4200;4200;978
2015-11-25;25/11/2015;4100;4100;4100;4100;3851
2015-11-26;26/11/2015;4390;4390;4390;4390;969
2015-11-27;27/11/2015;4600;4600;4600;4600;22458
2015-11-30;30/11/2015;4699;4699;4699;4699;10961
2015-12-01;01/12/2015;4600;4600;4600;4600;85
2015-12-02;02/12/2015;4600;4600;4600;4600;904
2015-12-03;03/12/2015;4600;4600;4600;4600;424
2015-12-04;04/12/2015;4599;4599;4599;4599;162
2015-12-07;07/12/2015;4300;4300;4300;4300;48
2015-12-08;08/12/2015;4300;4300;4300;4300;100
2015-12-09;09/12/2015;4300;4300;4300;4300;288
2015-12-10;10/12/2015;4000;4000;4000;4000;253
2015-12-11;11/12/2015;4001;4001;4001;4001;157
2015-12-14;14/12/2015;3900;3900;3900;3900;346
2015-12-15;15/12/2015;3608;3608;3608;3608;137
2015-12-16;16/12/2015;3870;3870;3870;3870;1652
2015-12-17;17/12/2015;4000;4000;4000;4000;246
2015-12-18;18/12/2015;4000;4000;4000;4000;314
2015-12-21;21/12/2015;4290;4290;4290;4290;531
2015-12-22;22/12/2015;4100;4100;4100;4100;1230
2015-12-23;23/12/2015;3900;3900;3900;3900;7746
2015-12-24;24/12/2015;3900;3900;3900;3900;38730
2015-12-25;25/12/2015;3900;3900;3900;3900;38730
2015-12-28;28/12/2015;3802;3802;3802;3802;613
2015-12-29;29/12/2015;3999;3999;3999;3999;746
2015-12-30;30/12/2015;3900;3900;3900;3900;1243
2015-12-31;31/12/2015;4190;4190;4190;4190;664
2016-01-04;04/01/2016;3920;3920;3920;3920;142
2016-01-05;05/01/2016;4000;4000;4000;4000;285
2016-01-06;06/01/2016;4000;4000;4000;4000;316
2016-01-07;07/01/2016;4000;4000;4000;4000;75
2016-01-08;08/01/2016;3920;3920;3920;3920;80
2016-01-11;11/01/2016;3980;3980;3980;3980;352
2016-01-12;12/01/2016;3900;3900;3900;3900;303
2016-01-13;13/01/2016;4000;4000;4000;4000;732
2016-01-14;14/01/2016;4000;4000;4000;4000;909
2016-01-15;15/01/2016;4000;4000;4000;4000;626
2016-01-18;18/01/2016;4000;4000;4000;4000;236
2016-01-19;19/01/2016;3931;3931;3931;3931;45
2016-01-20;20/01/2016;4000;4000;4000;4000;321
2016-01-21;21/01/2016;4000;4000;4000;4000;123
2016-01-22;22/01/2016;3901;3901;3901;3901;77
2016-01-25;25/01/2016;3900;3900;3900;3900;541
2016-01-26;26/01/2016;3800;3800;3800;3800;185
2016-01-27;27/01/2016;3800;3800;3800;3800;157
2016-01-28;28/01/2016;3799;3799;3799;3799;107
2016-01-29;29/01/2016;3760;3760;3760;3760;356
2016-02-01;01/02/2016;3730;3730;3730;3730;228
2016-02-02;02/02/2016;3779;3779;3779;3779;37
2016-02-03;03/02/2016;3700;3700;3700;3700;193
2016-02-04;04/02/2016;3601;3601;3601;3601;277
2016-02-05;05/02/2016;3860;3860;3860;3860;2294
2016-02-08;08/02/2016;3860;3860;3860;3860;121
2016-02-09;09/02/2016;3760;3760;3760;3760;71
2016-02-10;10/02/2016;3799;3799;3799;3799;196
2016-02-11;11/02/2016;3799;3799;3799;3799;66
2016-02-12;12/02/2016;3760;3760;3760;3760;311
2016-02-15;15/02/2016;3760;3760;3760;3760;115
2016-02-16;16/02/2016;3700;3700;3700;3700;1025
2016-02-17;17/02/2016;3650;3650;3650;3650;2616
2016-02-18;18/02/2016;3600;3600;3600;3600;2524
2016-02-19;19/02/2016;3599;3599;3599;3599;490
2016-02-22;22/02/2016;3500;3500;3500;3500;960
2016-02-23;23/02/2016;3500;3500;3500;3500;5095
2016-02-24;24/02/2016;3600;3600;3600;3600;189
2016-02-25;25/02/2016;3700;3700;3700;3700;4662
2016-02-26;26/02/2016;3600;3600;3600;3600;186
2016-02-29;29/02/2016;3600;3600;3600;3600;252
2016-03-01;01/03/2016;3600;3600;3600;3600;280
2016-03-02;02/03/2016;3595;3595;3595;3595;52
2016-03-03;03/03/2016;3594;3594;3594;3594;207
2016-03-04;04/03/2016;3598;3598;3598;3598;137
2016-03-07;07/03/2016;3568;3568;3568;3568;412
2016-03-08;08/03/2016;3620;3620;3620;3620;19448
2016-03-09;09/03/2016;3720;3720;3720;3720;327
2016-03-10;10/03/2016;3799;3799;3799;3799;315
2016-03-11;11/03/2016;3798;3798;3798;3798;136
2016-03-14;14/03/2016;3680;3680;3680;3680;165
2016-03-15;15/03/2016;3640;3640;3640;3640;43
2016-03-16;16/03/2016;3700;3700;3700;3700;143
2016-03-17;17/03/2016;3700;3700;3700;3700;245
2016-03-18;18/03/2016;3799;3799;3799;3799;134
2016-03-21;21/03/2016;3760;3760;3760;3760;179
2016-03-22;22/03/2016;3690;3690;3690;3690;67
2016-03-23;23/03/2016;3760;3760;3760;3760;55
2016-03-24;24/03/2016;3700;3700;3700;3700;71
2016-03-25;25/03/2016;3700;3700;3700;3700;258
2016-03-28;28/03/2016;3700;3700;3700;3700;1290
2016-03-29;29/03/2016;3740;3740;3740;3740;55
2016-03-30;30/03/2016;3700;3700;3700;3700;341
2016-03-31;31/03/2016;3620;3620;3620;3620;1775
2016-04-01;01/04/2016;3600;3600;3600;3600;324
2016-04-04;04/04/2016;3600;3600;3600;3600;442
2016-04-05;05/04/2016;3600;3600;3600;3600;144
2016-04-06;06/04/2016;3600;3600;3600;3600;152
2016-04-07;07/04/2016;3700;3700;3700;3700;1025
2016-04-08;08/04/2016;3702;3702;3702;3702;593
2016-04-11;11/04/2016;3740;3740;3740;3740;481
2016-04-12;12/04/2016;3720;3720;3720;3720;226
2016-04-13;13/04/2016;3700;3700;3700;3700;154
2016-04-14;14/04/2016;3730;3730;3730;3730;154
2016-04-15;15/04/2016;3700;3700;3700;3700;1183
2016-04-18;18/04/2016;3620;3620;3620;3620;1140
2016-04-19;19/04/2016;3699;3699;3699;3699;339
2016-04-20;20/04/2016;3700;3700;3700;3700;419
2016-04-21;21/04/2016;3680;3680;3680;3680;795
2016-04-22;22/04/2016;3680;3680;3680;3680;184
2016-04-25;25/04/2016;3600;3600;3600;3600;1414
2016-04-26;26/04/2016;3600;3600;3600;3600;3884
2016-04-27;27/04/2016;3522;3522;3522;3522;266
2016-04-28;28/04/2016;3500;3500;3500;3500;1052
2016-04-29;29/04/2016;3441;3441;3441;3441;2030
2016-05-02;02/05/2016;3441;3441;3441;3441;10150
2016-05-03;03/05/2016;3400;3400;3400;3400;3946
2016-05-04;04/05/2016;3498;3498;3498;3498;423
2016-05-05;05/05/2016;3498;3498;3498;3498;2115
2016-05-06;06/05/2016;3420;3420;3420;3420;2702
2016-05-09;09/05/2016;3399;3399;3399;3399;118
2016-05-10;10/05/2016;3400;3400;3400;3400;111
2016-05-11;11/05/2016;3400;3400;3400;3400;305
2016-05-12;12/05/2016;3499;3499;3499;3499;10287
2016-05-13;13/05/2016;3302;3302;3302;3302;1549
2016-05-16;16/05/2016;3302;3302;3302;3302;7745
2016-05-17;17/05/2016;3500;3500;3500;3500;144
2016-05-18;18/05/2016;3530;3530;3530;3530;1289
2016-05-19;19/05/2016;3530;3530;3530;3530;88
2016-05-20;20/05/2016;3530;3530;3530;3530;339
2016-05-23;23/05/2016;3400;3400;3400;3400;2459
2016-05-24;24/05/2016;3401;3401;3401;3401;48374
2016-05-25;25/05/2016;3400;3400;3400;3400;112
2016-05-26;26/05/2016;3420;3420;3420;3420;613
2016-05-27;27/05/2016;3400;3400;3400;3400;245
2016-05-30;30/05/2016;3400;3400;3400;3400;603
2016-05-31;31/05/2016;3400;3400;3400;3400;2763
2016-06-01;01/06/2016;3303;3303;3303;3303;226
2016-06-02;02/06/2016;3400;3400;3400;3400;246
2016-06-03;03/06/2016;3400;3400;3400;3400;288
2016-06-06;06/06/2016;3400;3400;3400;3400;342
2016-06-07;07/06/2016;3400;3400;3400;3400;313
2016-06-08;08/06/2016;3400;3400;3400;3400;1152
2016-06-09;09/06/2016;3500;3500;3500;3500;102
2016-06-10;10/06/2016;3530;3530;3530;3530;213
2016-06-13;13/06/2016;3700;3700;3700;3700;282
2016-06-14;14/06/2016;3730;3730;3730;3730;347
2016-06-15;15/06/2016;3679;3679;3679;3679;13069
2016-06-16;16/06/2016;3700;3700;3700;3700;399
2016-06-17;17/06/2016;3660;3660;3660;3660;214
2016-06-20;20/06/2016;3680;3680;3680;3680;196
2016-06-21;21/06/2016;3600;3600;3600;3600;7081
2016-06-22;22/06/2016;3699;3699;3699;3699;148
2016-06-23;23/06/2016;3700;3700;3700;3700;57285
2016-06-24;24/06/2016;3712;3712;3712;3712;361
2016-06-27;27/06/2016;3600;3600;3600;3600;402
2016-06-28;28/06/2016;3698;3698;3698;3698;451
2016-06-29;29/06/2016;3580;3580;3580;3580;8580
2016-06-30;30/06/2016;3590;3590;3590;3590;335
2016-07-01;01/07/2016;3580;3580;3580;3580;268
2016-07-04;04/07/2016;3520;3520;3520;3520;143
2016-07-05;05/07/2016;3558;3558;3558;3558;517
2016-07-06;06/07/2016;3558;3558;3558;3558;2585
2016-07-07;07/07/2016;3556;3556;3556;3556;481
2016-07-08;08/07/2016;3500;3500;3500;3500;248
2016-07-11;11/07/2016;3400;3400;3400;3400;822
2016-07-12;12/07/2016;3350;3350;3350;3350;5406
2016-07-13;13/07/2016;3360;3360;3360;3360;112
2016-07-14;14/07/2016;3340;3340;3340;3340;519
2016-07-15;15/07/2016;3200;3200;3200;3200;435
2016-07-18;18/07/2016;3339;3339;3339;3339;17
2016-07-19;19/07/2016;3260;3260;3260;3260;654
2016-07-20;20/07/2016;3200;3200;3200;3200;78
2016-07-21;21/07/2016;3240;3240;3240;3240;507
2016-07-22;22/07/2016;3180;3180;3180;3180;439
2016-07-25;25/07/2016;3200;3200;3200;3200;1069
2016-07-26;26/07/2016;3200;3200;3200;3200;386
2016-07-27;27/07/2016;3202;3202;3202;3202;306
2016-07-28;28/07/2016;3212;3212;3212;3212;277
2016-07-29;29/07/2016;3300;3300;3300;3300;37
2016-08-01;01/08/2016;3400;3400;3400;3400;380
2016-08-02;02/08/2016;3401;3401;3401;3401;226
2016-08-03;03/08/2016;3400;3400;3400;3400;191
2016-08-04;04/08/2016;3400;3400;3400;3400;207
2016-08-05;05/08/2016;3400;3400;3400;3400;99
2016-08-08;08/08/2016;3400;3400;3400;3400;495
2016-08-09;09/08/2016;3380;3380;3380;3380;858
2016-08-10;10/08/2016;3400;3400;3400;3400;276
2016-08-11;11/08/2016;3360;3360;3360;3360;145
2016-08-12;12/08/2016;3400;3400;3400;3400;162
2016-08-15;15/08/2016;3400;3400;3400;3400;810
2016-08-16;16/08/2016;3380;3380;3380;3380;114
2016-08-17;17/08/2016;3400;3400;3400;3400;545
2016-08-18;18/08/2016;3350;3350;3350;3350;1313
2016-08-19;19/08/2016;3500;3500;3500;3500;70
2016-08-22;22/08/2016;3480;3480;3480;3480;219
2016-08-23;23/08/2016;3420;3420;3420;3420;205
2016-08-24;24/08/2016;3596;3596;3596;3596;351
2016-08-25;25/08/2016;3865;3865;3865;3865;14622
2016-08-26;26/08/2016;3865;3865;3865;3865;2963
2016-08-29;29/08/2016;3870;3870;3870;3870;6795
2016-08-30;30/08/2016;3865;3865;3865;3865;159
2016-08-31;31/08/2016;4000;4000;4000;4000;29937
2016-09-01;01/09/2016;4000;4000;4000;4000;221
2016-09-02;02/09/2016;3900;3900;3900;3900;299
2016-09-05;05/09/2016;3799;3799;3799;3799;1083
2016-09-06;06/09/2016;3799;3799;3799;3799;51
2016-09-07;07/09/2016;3900;3900;3900;3900;399
2016-09-08;08/09/2016;3980;3980;3980;3980;220
2016-09-09;09/09/2016;3820;3820;3820;3820;201
2016-09-12;12/09/2016;3820;3820;3820;3820;1005
2016-09-13;13/09/2016;3700;3700;3700;3700;363
2016-09-14;14/09/2016;3600;3600;3600;3600;10221
2016-09-15;15/09/2016;3800;3800;3800;3800;52
2016-09-16;16/09/2016;3900;3900;3900;3900;184
2016-09-19;19/09/2016;3900;3900;3900;3900;641
2016-09-20;20/09/2016;3860;3860;3860;3860;197
2016-09-21;21/09/2016;3600;3600;3600;3600;179
2016-09-22;22/09/2016;3500;3500;3500;3500;282
2016-09-23;23/09/2016;3400;3400;3400;3400;323
2016-09-26;26/09/2016;3400;3400;3400;3400;197
2016-09-27;27/09/2016;3655;3655;3655;3655;347
2016-09-28;28/09/2016;3600;3600;3600;3600;607
2016-09-29;29/09/2016;3600;3600;3600;3600;167
2016-09-30;30/09/2016;3600;3600;3600;3600;19
2016-10-03;03/10/2016;3500;3500;3500;3500;82
2016-10-04;04/10/2016;3499;3499;3499;3499;298
2016-10-05;05/10/2016;3698;3698;3698;3698;113
2016-10-06;06/10/2016;3421;3421;3421;3421;9
2016-10-07;07/10/2016;3400;3400;3400;3400;875
2016-10-10;10/10/2016;3400;3400;3400;3400;152
2016-10-11;11/10/2016;3399;3399;3399;3399;119
2016-10-12;12/10/2016;3399;3399;3399;3399;1861
2016-10-13;13/10/2016;3398;3398;3398;3398;47
2016-10-14;14/10/2016;3399;3399;3399;3399;148
2016-10-17;17/10/2016;3398;3398;3398;3398;94
2016-10-18;18/10/2016;3380;3380;3380;3380;89
2016-10-19;19/10/2016;3400;3400;3400;3400;501
2016-10-20;20/10/2016;3398;3398;3398;3398;48
2016-10-21;21/10/2016;3400;3400;3400;3400;93
2016-10-24;24/10/2016;3400;3400;3400;3400;150
2016-10-25;25/10/2016;3320;3320;3320;3320;293
2016-10-26;26/10/2016;3071;3071;3071;3071;481
2016-10-27;27/10/2016;3081;3081;3081;3081;629
2016-10-28;28/10/2016;3210;3210;3210;3210;31
2016-10-31;31/10/2016;3400;3400;3400;3400;1089
2016-11-01;01/11/2016;3400;3400;3400;3400;5445
2016-11-02;02/11/2016;3500;3500;3500;3500;35
2016-11-03;03/11/2016;3500;3500;3500;3500;286
2016-11-04;04/11/2016;3400;3400;3400;3400;61
2016-11-07;07/11/2016;3400;3400;3400;3400;682
2016-11-08;08/11/2016;3320;3320;3320;3320;55
2016-11-09;09/11/2016;3200;3200;3200;3200;49
2016-11-10;10/11/2016;3200;3200;3200;3200;290
2016-11-11;11/11/2016;3260;3260;3260;3260;321
2016-11-14;14/11/2016;3340;3340;3340;3340;141
2016-11-15;15/11/2016;3340;3340;3340;3340;705
2016-11-16;16/11/2016;3480;3480;3480;3480;130
2016-11-17;17/11/2016;3480;3480;3480;3480;296
2016-11-18;18/11/2016;3480;3480;3480;3480;25393
2016-11-21;21/11/2016;3400;3400;3400;3400;97
2016-11-22;22/11/2016;3500;3500;3500;3500;2252
2016-11-23;23/11/2016;3600;3600;3600;3600;9882
2016-11-24;24/11/2016;3400;3400;3400;3400;41
2016-11-25;25/11/2016;3260;3260;3260;3260;126
2016-11-28;28/11/2016;3400;3400;3400;3400;87
2016-11-29;29/11/2016;3600;3600;3600;3600;48
2016-11-30;30/11/2016;3700;3700;3700;3700;1880
2016-12-01;01/12/2016;3423;3423;3423;3423;45194
2016-12-02;02/12/2016;3339;3339;3339;3339;804
2016-12-05;05/12/2016;3340;3340;3340;3340;62
2016-12-06;06/12/2016;3400;3400;3400;3400;777
2016-12-07;07/12/2016;3600;3600;3600;3600;93
2016-12-08;08/12/2016;3400;3400;3400;3400;91
2016-12-09;09/12/2016;3400;3400;3400;3400;127
2016-12-12;12/12/2016;3400;3400;3400;3400;635
2016-12-13;13/12/2016;3600;3600;3600;3600;749
2016-12-14;14/12/2016;3600;3600;3600;3600;400
2016-12-15;15/12/2016;3400;3400;3400;3400;76
2016-12-16;16/12/2016;3200;3200;3200;3200;64
2016-12-19;19/12/2016;3400;3400;3400;3400;282
2016-12-20;20/12/2016;3600;3600;3600;3600;476
2016-12-21;21/12/2016;3799;3799;3799;3799;3121
2016-12-22;22/12/2016;3550;3550;3550;3550;12014
2016-12-23;23/12/2016;3500;3500;3500;3500;328
2016-12-26;26/12/2016;3500;3500;3500;3500;1640
2016-12-27;27/12/2016;3700;3700;3700;3700;383
2016-12-28;28/12/2016;3600;3600;3600;3600;1676
2016-12-29;29/12/2016;3680;3680;3680;3680;1124
2016-12-30;30/12/2016;3900;3900;3900;3900;4484
2017-01-02;02/01/2017;3700;3700;3700;3700;41
2017-01-03;03/01/2017;3899;3899;3899;3899;53
2017-01-04;04/01/2017;3700;3700;3700;3700;144
2017-01-05;05/01/2017;3700;3700;3700;3700;90
2017-01-06;06/01/2017;3698;3698;3698;3698;41
2017-01-09;09/01/2017;3600;3600;3600;3600;13
2017-01-10;10/01/2017;3600;3600;3600;3600;16
2017-01-11;11/01/2017;3600;3600;3600;3600;229
2017-01-12;12/01/2017;3600;3600;3600;3600;161
2017-01-13;13/01/2017;3600;3600;3600;3600;125
2017-01-16;16/01/2017;3580;3580;3580;3580;39
2017-01-17;17/01/2017;3580;3580;3580;3580;80
2017-01-18;18/01/2017;3500;3500;3500;3500;63
2017-01-19;19/01/2017;3420;3420;3420;3420;225
2017-01-20;20/01/2017;3500;3500;3500;3500;317
2017-01-23;23/01/2017;3400;3400;3400;3400;289
2017-01-24;24/01/2017;3500;3500;3500;3500;605
2017-01-25;25/01/2017;3400;3400;3400;3400;63
2017-01-26;26/01/2017;3400;3400;3400;3400;104
2017-01-27;27/01/2017;3380;3380;3380;3380;554
2017-01-30;30/01/2017;3203;3203;3203;3203;272
2017-01-31;31/01/2017;3200;3200;3200;3200;942
2017-02-01;01/02/2017;3260;3260;3260;3260;164
2017-02-02;02/02/2017;3290;3290;3290;3290;343
2017-02-03;03/02/2017;3200;3200;3200;3200;999
2017-02-06;06/02/2017;3290;3290;3290;3290;130
2017-02-07;07/02/2017;3300;3300;3300;3300;1555
2017-02-08;08/02/2017;3260;3260;3260;3260;168
2017-02-09;09/02/2017;3240;3240;3240;3240;321
2017-02-10;10/02/2017;3200;3200;3200;3200;988
2017-02-13;13/02/2017;3200;3200;3200;3200;161
2017-02-14;14/02/2017;3200;3200;3200;3200;301
2017-02-15;15/02/2017;3280;3280;3280;3280;1350
2017-02-16;16/02/2017;3180;3180;3180;3180;71
2017-02-17;17/02/2017;3200;3200;3200;3200;307
2017-02-20;20/02/2017;3220;3220;3220;3220;457
2017-02-21;21/02/2017;3300;3300;3300;3300;968
2017-02-22;22/02/2017;3400;3400;3400;3400;1017
2017-02-23;23/02/2017;3200;3200;3200;3200;200
2017-02-24;24/02/2017;3140;3140;3140;3140;405
2017-02-27;27/02/2017;3200;3200;3200;3200;3936
2017-02-28;28/02/2017;3200;3200;3200;3200;251
2017-03-01;01/03/2017;3400;3400;3400;3400;123
2017-03-02;02/03/2017;3200;3200;3200;3200;2477
2017-03-03;03/03/2017;3140;3140;3140;3140;198
2017-03-06;06/03/2017;3201;3201;3201;3201;92
2017-03-07;07/03/2017;3200;3200;3200;3200;2142
2017-03-08;08/03/2017;3399;3399;3399;3399;134
2017-03-09;09/03/2017;3399;3399;3399;3399;6
2017-03-10;10/03/2017;3400;3400;3400;3400;126
2017-03-13;13/03/2017;3400;3400;3400;3400;21
2017-03-14;14/03/2017;3400;3400;3400;3400;90
2017-03-15;15/03/2017;3380;3380;3380;3380;135
2017-03-16;16/03/2017;3313;3313;3313;3313;98
2017-03-17;17/03/2017;3320;3320;3320;3320;76
2017-03-20;20/03/2017;3320;3320;3320;3320;106
2017-03-21;21/03/2017;3320;3320;3320;3320;52
2017-03-22;22/03/2017;3190;3190;3190;3190;219
2017-03-23;23/03/2017;3300;3300;3300;3300;573
2017-03-24;24/03/2017;3190;3190;3190;3190;44
2017-03-27;27/03/2017;3200;3200;3200;3200;88
2017-03-28;28/03/2017;3199;3199;3199;3199;38
2017-03-29;29/03/2017;3400;3400;3400;3400;774
2017-03-30;30/03/2017;3320;3320;3320;3320;92
2017-03-31;31/03/2017;3200;3200;3200;3200;147
2017-04-03;03/04/2017;3200;3200;3200;3200;92
2017-04-04;04/04/2017;3200;3200;3200;3200;89
2017-04-05;05/04/2017;3200;3200;3200;3200;300
2017-04-06;06/04/2017;3100;3100;3100;3100;576
2017-04-07;07/04/2017;3100;3100;3100;3100;29
2017-04-10;10/04/2017;3040;3040;3040;3040;200
2017-04-11;11/04/2017;3000;3000;3000;3000;101
2017-04-12;12/04/2017;2800;2800;2800;2800;717
2017-04-13;13/04/2017;2800;2800;2800;2800;599
2017-04-14;14/04/2017;2800;2800;2800;2800;25
2017-04-18;18/04/2017;2720;2720;2720;2720;1123
2017-04-19;19/04/2017;2899;2899;2899;2899;362
2017-04-20;20/04/2017;2860;2860;2860;2860;314
2017-04-21;21/04/2017;2800;2800;2800;2800;778
2017-04-24;24/04/2017;2800;2800;2800;2800;67
2017-04-25;25/04/2017;2600;2600;2600;2600;547
2017-04-26;26/04/2017;2700;2700;2700;2700;173
2017-04-27;27/04/2017;2900;2900;2900;2900;251
2017-04-28;28/04/2017;2800;2800;2800;2800;35
2017-05-01;01/05/2017;2800;2800;2800;2800;175
2017-05-02;02/05/2017;2700;2700;2700;2700;228
2017-05-03;03/05/2017;2780;2780;2780;2780;966
2017-05-04;04/05/2017;2759;2759;2759;2759;250
2017-05-05;05/05/2017;2599;2599;2599;2599;363
2017-05-08;08/05/2017;2600;2600;2600;2600;247
2017-05-09;09/05/2017;2600;2600;2600;2600;1289
2017-05-10;10/05/2017;2600;2600;2600;2600;309
2017-05-11;11/05/2017;2600;2600;2600;2600;233
2017-05-12;12/05/2017;2600;2600;2600;2600;793
2017-05-15;15/05/2017;2600;2600;2600;2600;15
2017-05-16;16/05/2017;2560;2560;2560;2560;455
2017-05-17;17/05/2017;2600;2600;2600;2600;485
2017-05-18;18/05/2017;2600;2600;2600;2600;145
2017-05-19;19/05/2017;2500;2500;2500;2500;759
2017-05-22;22/05/2017;2500;2500;2500;2500;214
2017-05-23;23/05/2017;2600;2600;2600;2600;424
2017-05-24;24/05/2017;2600;2600;2600;2600;263
2017-05-25;25/05/2017;2600;2600;2600;2600;1315
2017-05-26;26/05/2017;2599;2599;2599;2599;105
2017-05-29;29/05/2017;2599;2599;2599;2599;403
2017-05-30;30/05/2017;2600;2600;2600;2600;304
2017-05-31;31/05/2017;2679;2679;2679;2679;3234
2017-06-01;01/06/2017;2599;2599;2599;2599;225
2017-06-02;02/06/2017;2600;2600;2600;2600;245
2017-06-05;05/06/2017;2600;2600;2600;2600;1225
2017-06-06;06/06/2017;2600;2600;2600;2600;596
2017-06-07;07/06/2017;2781;2781;2781;2781;756
2017-06-08;08/06/2017;2573;2573;2573;2573;92
2017-06-09;09/06/2017;2700;2700;2700;2700;114
2017-06-12;12/06/2017;2501;2501;2501;2501;78
2017-06-13;13/06/2017;2688;2688;2688;2688;283
2017-06-14;14/06/2017;2800;2800;2800;2800;1117
2017-06-15;15/06/2017;2790;2790;2790;2790;38
2017-06-16;16/06/2017;2600;2600;2600;2600;22
2017-06-19;19/06/2017;2790;2790;2790;2790;840
2017-06-20;20/06/2017;2790;2790;2790;2790;228
2017-06-21;21/06/2017;2998;2998;2998;2998;685
2017-06-22;22/06/2017;2998;2998;2998;2998;3425
2017-06-23;23/06/2017;2900;2900;2900;2900;187
2017-06-27;27/06/2017;3000;3000;3000;3000;26848
2017-06-28;28/06/2017;2980;2980;2980;2980;154
2017-06-29;29/06/2017;2960;2960;2960;2960;511
2017-06-30;30/06/2017;3000;3000;3000;3000;1953
2017-07-03;03/07/2017;2939;2939;2939;2939;191
2017-07-04;04/07/2017;2900;2900;2900;2900;33
2017-07-05;05/07/2017;2999;2999;2999;2999;685
2017-07-06;06/07/2017;2780;2780;2780;2780;233
2017-07-07;07/07/2017;2700;2700;2700;2700;262
2017-07-10;10/07/2017;2740;2740;2740;2740;283
2017-07-11;11/07/2017;2940;2940;2940;2940;5370
2017-07-12;12/07/2017;3140;3140;3140;3140;6478
2017-07-13;13/07/2017;3000;3000;3000;3000;18
2017-07-14;14/07/2017;2780;2780;2780;2780;277
2017-07-17;17/07/2017;2600;2600;2600;2600;380
2017-07-18;18/07/2017;2590;2590;2590;2590;174
2017-07-19;19/07/2017;2500;2500;2500;2500;673
2017-07-20;20/07/2017;2687;2687;2687;2687;480
2017-07-21;21/07/2017;2486;2486;2486;2486;195
2017-07-24;24/07/2017;2672;2672;2672;2672;719
2017-07-25;25/07/2017;2650;2650;2650;2650;773
2017-07-26;26/07/2017;2800;2800;2800;2800;920
2017-07-27;27/07/2017;2650;2650;2650;2650;65
2017-07-28;28/07/2017;2600;2600;2600;2600;3040
2017-07-31;31/07/2017;2700;2700;2700;2700;119
2017-08-01;01/08/2017;2699;2699;2699;2699;3752
2017-08-02;02/08/2017;2600;2600;2600;2600;236
2017-08-03;03/08/2017;2600;2600;2600;2600;38
2017-08-04;04/08/2017;2700;2700;2700;2700;63
2017-08-07;07/08/2017;2700;2700;2700;2700;315
2017-08-08;08/08/2017;2600;2600;2600;2600;63
2017-08-09;09/08/2017;2700;2700;2700;2700;354
2017-08-10;10/08/2017;2498;2498;2498;2498;461
2017-08-11;11/08/2017;2540;2540;2540;2540;872
2017-08-14;14/08/2017;2540;2540;2540;2540;102
2017-08-15;15/08/2017;2540;2540;2540;2540;510
2017-08-16;16/08/2017;2498;2498;2498;2498;22492
2017-08-17;17/08/2017;2444;2444;2444;2444;97
2017-08-18;18/08/2017;2261;2261;2261;2261;327
2017-08-21;21/08/2017;2092;2092;2092;2092;97
2017-08-22;22/08/2017;2100;2100;2100;2100;30
2017-08-23;23/08/2017;2080;2080;2080;2080;815
2017-08-24;24/08/2017;2000;2000;2000;2000;1261
2017-08-25;25/08/2017;2000;2000;2000;2000;178
2017-08-28;28/08/2017;1940;1940;1940;1940;52
2017-08-29;29/08/2017;1800;1800;1800;1800;211
2017-08-30;30/08/2017;1935;1935;1935;1935;1351
2017-08-31;31/08/2017;1900;1900;1900;1900;95
2017-09-01;01/09/2017;1900;1900;1900;1900;475
2017-09-04;04/09/2017;1900;1900;1900;1900;35
2017-09-05;05/09/2017;1880;1880;1880;1880;161
2017-09-06;06/09/2017;2000;2000;2000;2000;976
2017-09-07;07/09/2017;2000;2000;2000;2000;147
2017-09-08;08/09/2017;1998;1998;1998;1998;103
2017-09-11;11/09/2017;1990;1990;1990;1990;98
2017-09-12;12/09/2017;1880;1880;1880;1880;161
2017-09-13;13/09/2017;1998;1998;1998;1998;417
2017-09-14;14/09/2017;2000;2000;2000;2000;160
2017-09-15;15/09/2017;1880;1880;1880;1880;55
2017-09-18;18/09/2017;1960;1960;1960;1960;291
2017-09-19;19/09/2017;1881;1881;1881;1881;92
2017-09-20;20/09/2017;1999;1999;1999;1999;138
2017-09-21;21/09/2017;2000;2000;2000;2000;399
2017-09-22;22/09/2017;1850;1850;1850;1850;736
2017-09-25;25/09/2017;1712;1712;1712;1712;154
2017-09-26;26/09/2017;1840;1840;1840;1840;423
2017-09-27;27/09/2017;1978;1978;1978;1978;239
2017-09-28;28/09/2017;1978;1978;1978;1978;30
2017-09-29;29/09/2017;2000;2000;2000;2000;246
2017-10-02;02/10/2017;2000;2000;2000;2000;97
2017-10-03;03/10/2017;1990;1990;1990;1990;52
2017-10-04;04/10/2017;1999;1999;1999;1999;53
2017-10-05;05/10/2017;1997;1997;1997;1997;206
2017-10-06;06/10/2017;1997;1997;1997;1997;4
2017-10-09;09/10/2017;1997;1997;1997;1997;1023
2017-10-10;10/10/2017;1997;1997;1997;1997;1247
2017-10-11;11/10/2017;1990;1990;1990;1990;100
2017-10-12;12/10/2017;1990;1990;1990;1990;10
2017-10-13;13/10/2017;1990;1990;1990;1990;125
2017-10-16;16/10/2017;1990;1990;1990;1990;104
2017-10-17;17/10/2017;1999;1999;1999;1999;110
2017-10-18;18/10/2017;1999;1999;1999;1999;10
2017-10-19;19/10/2017;2000;2000;2000;2000;1542
2017-10-20;20/10/2017;1850;1850;1850;1850;130
2017-10-23;23/10/2017;1988;1988;1988;1988;486
2017-10-25;25/10/2017;1988;1988;1988;1988;370
2017-10-26;26/10/2017;1900;1900;1900;1900;147
2017-10-27;27/10/2017;1900;1900;1900;1900;10
2017-10-30;30/10/2017;1800;1800;1800;1800;13
2017-10-31;31/10/2017;1900;1900;1900;1900;665
2017-11-01;01/11/2017;1900;1900;1900;1900;3325
2017-11-02;02/11/2017;1900;1900;1900;1900;984
2017-11-03;03/11/2017;1890;1890;1890;1890;165
2017-11-06;06/11/2017;1899;1899;1899;1899;170
2017-11-07;07/11/2017;1900;1900;1900;1900;185
2017-11-08;08/11/2017;1980;1980;1980;1980;627
2017-11-09;09/11/2017;1977;1977;1977;1977;69
2017-11-10;10/11/2017;1829;1829;1829;1829;85
2017-11-13;13/11/2017;1966;1966;1966;1966;226
2017-11-14;14/11/2017;1829;1829;1829;1829;11
2017-11-15;15/11/2017;1829;1829;1829;1829;55
2017-11-16;16/11/2017;1966;1966;1966;1966;2807
2017-11-17;17/11/2017;1820;1820;1820;1820;106
2017-11-20;20/11/2017;1820;1820;1820;1820;5870
2017-11-21;21/11/2017;1956;1956;1956;1956;5
2017-11-22;22/11/2017;2000;2000;2000;2000;1209
2017-11-23;23/11/2017;1900;1900;1900;1900;58
2017-11-24;24/11/2017;1899;1899;1899;1899;40
2017-11-27;27/11/2017;1820;1820;1820;1820;65
2017-11-28;28/11/2017;1899;1899;1899;1899;556
2017-11-29;29/11/2017;1999;1999;1999;1999;2252
2017-11-30;30/11/2017;1920;1920;1920;1920;21
2017-12-01;01/12/2017;1920;1920;1920;1920;105
2017-12-04;04/12/2017;1999;1999;1999;1999;67
2017-12-05;05/12/2017;2000;2000;2000;2000;637
2017-12-06;06/12/2017;2000;2000;2000;2000;339
2017-12-07;07/12/2017;2150;2150;2150;2150;982
2017-12-08;08/12/2017;2000;2000;2000;2000;227
2017-12-11;11/12/2017;2100;2100;2100;2100;25
2017-12-12;12/12/2017;2100;2100;2100;2100;884
2017-12-13;13/12/2017;2100;2100;2100;2100;67
2017-12-14;14/12/2017;1944;1944;1944;1944;7
2017-12-15;15/12/2017;1944;1944;1944;1944;115
2017-12-18;18/12/2017;2000;2000;2000;2000;143
2017-12-19;19/12/2017;2100;2100;2100;2100;749
2017-12-20;20/12/2017;2140;2140;2140;2140;211
2017-12-21;21/12/2017;2098;2098;2098;2098;5
2017-12-22;22/12/2017;2140;2140;2140;2140;144
2017-12-25;25/12/2017;2140;2140;2140;2140;720
2017-12-26;26/12/2017;2300;2300;2300;2300;5
2017-12-27;27/12/2017;2472;2472;2472;2472;18
2017-12-28;28/12/2017;2657;2657;2657;2657;54
2017-12-29;29/12/2017;2780;2780;2780;2780;4427
2018-01-03;03/01/2018;2572;2572;2572;2572;1131
2018-01-04;04/01/2018;2400;2400;2400;2400;18
2018-01-05;05/01/2018;2400;2400;2400;2400;22
2018-01-08;08/01/2018;2300;2300;2300;2300;25
2018-01-09;09/01/2018;2140;2140;2140;2140;10
2018-01-10;10/01/2018;2260;2260;2260;2260;22
2018-01-11;11/01/2018;2140;2140;2140;2140;20
2018-01-12;12/01/2018;2120;2120;2120;2120;52
2018-01-15;15/01/2018;2000;2000;2000;2000;21
2018-01-16;16/01/2018;2000;2000;2000;2000;291
2018-01-17;17/01/2018;2120;2120;2120;2120;628
2018-01-18;18/01/2018;2160;2160;2160;2160;190
2018-01-19;19/01/2018;1998;1998;1998;1998;937
2018-01-22;22/01/2018;2040;2040;2040;2040;30
2018-01-23;23/01/2018;2020;2020;2020;2020;213
2018-01-24;24/01/2018;2171;2171;2171;2171;610
2018-01-25;25/01/2018;2040;2040;2040;2040;45
2018-01-26;26/01/2018;2100;2100;2100;2100;79
2018-01-29;29/01/2018;2000;2000;2000;2000;41
2018-01-30;30/01/2018;1956;1956;1956;1956;1326
2018-01-31;31/01/2018;2100;2100;2100;2100;291
2018-02-01;01/02/2018;1943;1943;1943;1943;160
2018-02-02;02/02/2018;1950;1950;1950;1950;11
2018-02-05;05/02/2018;1998;1998;1998;1998;434
2018-02-06;06/02/2018;2099;2099;2099;2099;825
2018-02-07;07/02/2018;2200;2200;2200;2200;1000
2018-02-08;08/02/2018;2040;2040;2040;2040;1595
2018-02-09;09/02/2018;2040;2040;2040;2040;1115
2018-02-12;12/02/2018;2190;2190;2190;2190;4494
2018-02-13;13/02/2018;2200;2200;2200;2200;130
2018-02-14;14/02/2018;2350;2350;2350;2350;2730
2018-02-15;15/02/2018;2200;2200;2200;2200;769
2018-02-16;16/02/2018;2185;2185;2185;2185;2797
2018-02-19;19/02/2018;2095;2095;2095;2095;394
2018-02-20;20/02/2018;2200;2200;2200;2200;4755
2018-02-21;21/02/2018;2350;2350;2350;2350;5829
2018-02-22;22/02/2018;2200;2200;2200;2200;291
2018-02-23;23/02/2018;2150;2150;2150;2150;3840
2018-02-26;26/02/2018;2150;2150;2150;2150;1139
2018-02-27;27/02/2018;2200;2200;2200;2200;876
2018-02-28;28/02/2018;2200;2200;2200;2200;13405
2018-03-01;01/03/2018;2155;2155;2155;2155;1980
2018-03-02;02/03/2018;2200;2200;2200;2200;635
2018-03-05;05/03/2018;2200;2200;2200;2200;1573
2018-03-06;06/03/2018;2200;2200;2200;2200;1760
2018-03-07;07/03/2018;2200;2200;2200;2200;21070
2018-03-08;08/03/2018;2200;2200;2200;2200;2995
2018-03-09;09/03/2018;2115;2115;2115;2115;1406
2018-03-12;12/03/2018;2000;2000;2000;2000;10524
2018-03-13;13/03/2018;2000;2000;2000;2000;2445
2018-03-14;14/03/2018;2150;2150;2150;2150;6475
2018-03-15;15/03/2018;2100;2100;2100;2100;982
2018-03-16;16/03/2018;2100;2100;2100;2100;6542
2018-03-19;19/03/2018;2100;2100;2100;2100;2373
2018-03-20;20/03/2018;2190;2190;2190;2190;3796
2018-03-21;21/03/2018;2350;2350;2350;2350;9375
2018-03-22;22/03/2018;2300;2300;2300;2300;963
2018-03-23;23/03/2018;2250;2250;2250;2250;1687
2018-03-26;26/03/2018;2250;2250;2250;2250;1775
2018-03-27;27/03/2018;2225;2225;2225;2225;3109
2018-03-28;28/03/2018;2340;2340;2340;2340;10874
2018-03-29;29/03/2018;2330;2330;2330;2330;6592
2018-03-30;30/03/2018;2300;2300;2300;2300;12
2018-04-02;02/04/2018;2300;2300;2300;2300;12
2018-04-03;03/04/2018;2200;2200;2200;2200;1210
2018-04-04;04/04/2018;2330;2330;2330;2330;4435
2018-04-05;05/04/2018;2200;2200;2200;2200;9
2018-04-06;06/04/2018;2035;2035;2035;2035;1808
2018-04-09;09/04/2018;2185;2185;2185;2185;2525
2018-04-10;10/04/2018;2250;2250;2250;2250;20537
2018-04-11;11/04/2018;2330;2330;2330;2330;2388
2018-04-12;12/04/2018;2325;2325;2325;2325;925
2018-04-13;13/04/2018;2180;2180;2180;2180;2249
2018-04-16;16/04/2018;2050;2050;2050;2050;3418
2018-04-17;17/04/2018;2190;2190;2190;2190;970
2018-04-18;18/04/2018;2330;2330;2330;2330;4134
2018-04-19;19/04/2018;2160;2160;2160;2160;358
2018-04-20;20/04/2018;2160;2160;2160;2160;12696
2018-04-23;23/04/2018;2290;2290;2290;2290;7376
2018-04-24;24/04/2018;2300;2300;2300;2300;2050
2018-04-25;25/04/2018;2300;2300;2300;2300;1191
2018-04-26;26/04/2018;2285;2285;2285;2285;1146
2018-04-27;27/04/2018;2115;2115;2115;2115;2561
2018-05-11;11/05/2018;2150;2150;2150;2150;9842
2018-05-14;14/05/2018;2000;2000;2000;2000;8360
2018-05-15;15/05/2018;2150;2150;2150;2150;3536
2018-05-16;16/05/2018;2100;2100;2100;2100;7807
2018-05-17;17/05/2018;2000;2000;2000;2000;1961
2018-05-18;18/05/2018;2100;2100;2100;2100;3412
2018-05-21;21/05/2018;2100;2100;2100;2100;3412
2018-05-22;22/05/2018;2050;2050;2050;2050;1131
2018-05-23;23/05/2018;2050;2050;2050;2050;824
2018-05-24;24/05/2018;1900;1900;1900;1900;2187
2018-05-25;25/05/2018;2000;2000;2000;2000;8308
2018-05-28;28/05/2018;2000;2000;2000;2000;672
2018-05-29;29/05/2018;2000;2000;2000;2000;324
2018-05-30;30/05/2018;1990;1990;1990;1990;1394
2018-05-31;31/05/2018;1990;1990;1990;1990;165
2018-06-01;01/06/2018;1845;1845;1845;1845;1816
2018-06-04;04/06/2018;1900;1900;1900;1900;917
2018-06-05;05/06/2018;1880;1880;1880;1880;363
2018-06-06;06/06/2018;1900;1900;1900;1900;3220
2018-06-07;07/06/2018;1775;1775;1775;1775;6508
2018-06-08;08/06/2018;1800;1800;1800;1800;323
2018-06-11;11/06/2018;1800;1800;1800;1800;323
2018-06-12;12/06/2018;1900;1900;1900;1900;2060
2018-06-13;13/06/2018;1985;1985;1985;1985;1595
2018-06-14;14/06/2018;1985;1985;1985;1985;1595
2018-06-15;15/06/2018;1900;1900;1900;1900;10202
2018-06-18;18/06/2018;1875;1875;1875;1875;329
2018-06-19;19/06/2018;1900;1900;1900;1900;1473
2018-06-20;20/06/2018;2000;2000;2000;2000;1362
2018-06-21;21/06/2018;1950;1950;1950;1950;787
2018-06-28;28/06/2018;1890;1890;1890;1890;348
2018-06-29;29/06/2018;1995;1995;1995;1995;13746
2018-07-02;02/07/2018;1995;1995;1995;1995;231
2018-07-03;03/07/2018;1995;1995;1995;1995;930
2018-07-04;04/07/2018;1995;1995;1995;1995;813
2018-07-05;05/07/2018;1850;1850;1850;1850;577
2018-07-06;06/07/2018;1755;1755;1755;1755;938
2018-07-09;09/07/2018;1800;1800;1800;1800;1389
2018-07-10;10/07/2018;1800;1800;1800;1800;1427
2018-07-11;11/07/2018;1925;1925;1925;1925;1392
2018-07-12;12/07/2018;1800;1800;1800;1800;85
2018-07-13;13/07/2018;1925;1925;1925;1925;807
2018-07-16;16/07/2018;1950;1950;1950;1950;3438
2018-07-17;17/07/2018;1980;1980;1980;1980;1028
2018-07-18;18/07/2018;1975;1975;1975;1975;140
2018-07-19;19/07/2018;1925;1925;1925;1925;80
2018-07-20;20/07/2018;1925;1925;1925;1925;1957
2018-07-23;23/07/2018;1900;1900;1900;1900;230
2018-07-24;24/07/2018;1975;1975;1975;1975;1524
2018-07-25;25/07/2018;1975;1975;1975;1975;346
2018-07-26;26/07/2018;1960;1960;1960;1960;215
2018-07-30;30/07/2018;1950;1950;1950;1950;999
2018-07-31;31/07/2018;1945;1945;1945;1945;243
2018-08-01;01/08/2018;1900;1900;1900;1900;1435
2018-08-02;02/08/2018;1900;1900;1900;1900;25175
2018-08-03;03/08/2018;1935;1935;1935;1935;3546
2018-08-06;06/08/2018;1935;1935;1935;1935;3546
2018-08-07;07/08/2018;1935;1935;1935;1935;3546
2018-08-08;08/08/2018;1940;1940;1940;1940;519
2018-08-09;09/08/2018;1800;1800;1800;1800;696
2018-08-10;10/08/2018;1920;1920;1920;1920;1212
2018-08-13;13/08/2018;1895;1895;1895;1895;285
2018-08-14;14/08/2018;1920;1920;1920;1920;1100
2018-08-20;20/08/2018;1800;1800;1800;1800;2064
2018-08-21;21/08/2018;1800;1800;1800;1800;2064
2018-08-22;22/08/2018;1895;1895;1895;1895;3780
2018-08-23;23/08/2018;1850;1850;1850;1850;55
2018-08-24;24/08/2018;1895;1895;1895;1895;730
2018-08-27;27/08/2018;1950;1950;1950;1950;1050
2018-08-28;28/08/2018;1950;1950;1950;1950;118
2018-08-29;29/08/2018;1950;1950;1950;1950;793
2018-08-30;30/08/2018;1805;1805;1805;1805;1699
2018-08-31;31/08/2018;1900;1900;1900;1900;6068
2018-09-03;03/09/2018;1800;1800;1800;1800;82
2018-09-04;04/09/2018;1800;1800;1800;1800;307
2018-09-05;05/09/2018;1800;1800;1800;1800;442
2018-09-06;06/09/2018;1700;1700;1700;1700;1946
2018-09-07;07/09/2018;1790;1790;1790;1790;374
2018-09-10;10/09/2018;1790;1790;1790;1790;436
2018-09-11;11/09/2018;1800;1800;1800;1800;11115
2018-09-12;12/09/2018;1795;1795;1795;1795;18050
2018-09-13;13/09/2018;1750;1750;1750;1750;392
2018-09-14;14/09/2018;1725;1725;1725;1725;61
2018-09-17;17/09/2018;1725;1725;1725;1725;61
2018-09-18;18/09/2018;1710;1710;1710;1710;8233
2018-09-19;19/09/2018;1705;1705;1705;1705;290
2018-09-20;20/09/2018;1700;1700;1700;1700;199
2018-09-21;21/09/2018;1700;1700;1700;1700;3835
2018-09-24;24/09/2018;1585;1585;1585;1585;1568
2018-09-25;25/09/2018;1700;1700;1700;1700;21032
2018-09-26;26/09/2018;1700;1700;1700;1700;1654
2018-09-27;27/09/2018;1700;1700;1700;1700;115
2018-09-28;28/09/2018;1690;1690;1690;1690;47
2018-10-01;01/10/2018;1695;1695;1695;1695;1355
2018-10-02;02/10/2018;1600;1600;1600;1600;1740
2018-10-03;03/10/2018;1670;1670;1670;1670;261
2018-10-04;04/10/2018;1625;1625;1625;1625;179
2018-10-05;05/10/2018;1625;1625;1625;1625;480
2018-10-08;08/10/2018;1595;1595;1595;1595;1289
2018-10-09;09/10/2018;1625;1625;1625;1625;167
2018-10-10;10/10/2018;1620;1620;1620;1620;1461
2018-10-11;11/10/2018;1600;1600;1600;1600;1745
2018-10-12;12/10/2018;1600;1600;1600;1600;250
2018-10-15;15/10/2018;1600;1600;1600;1600;758
2018-10-16;16/10/2018;1510;1510;1510;1510;1393
2018-10-17;17/10/2018;1495;1495;1495;1495;61
2018-10-18;18/10/2018;1395;1395;1395;1395;412
2018-10-19;19/10/2018;1375;1375;1375;1375;4110
2018-10-22;22/10/2018;1300;1300;1300;1300;254
2018-10-23;23/10/2018;1285;1285;1285;1285;3021
2018-10-24;24/10/2018;1280;1280;1280;1280;112
2018-10-25;25/10/2018;1290;1290;1290;1290;4036
2018-10-26;26/10/2018;1290;1290;1290;1290;114
2018-10-29;29/10/2018;1350;1350;1350;1350;4918
2018-10-30;30/10/2018;1325;1325;1325;1325;490
2018-10-31;31/10/2018;1420;1420;1420;1420;3657
2018-11-01;01/11/2018;1420;1420;1420;1420;3657
2018-11-02;02/11/2018;1510;1510;1510;1510;3476
2018-11-05;05/11/2018;1510;1510;1510;1510;3285
2018-11-06;06/11/2018;1510;1510;1510;1510;1745
2018-11-08;08/11/2018;1550;1550;1550;1550;4194
2018-11-09;09/11/2018;1600;1600;1600;1600;1018
2018-11-12;12/11/2018;1555;1555;1555;1555;553
2018-11-13;13/11/2018;1500;1500;1500;1500;998
2018-11-14;14/11/2018;1500;1500;1500;1500;1158
2018-11-15;15/11/2018;1500;1500;1500;1500;1158
2018-11-16;16/11/2018;1440;1440;1440;1440;4750
2018-11-19;19/11/2018;1350;1350;1350;1350;4361
2018-11-20;20/11/2018;1350;1350;1350;1350;4361
2018-11-21;21/11/2018;1390;1390;1390;1390;6233
2018-11-22;22/11/2018;1290;1290;1290;1290;2967
2018-11-23;23/11/2018;1300;1300;1300;1300;6145
2018-11-26;26/11/2018;1270;1270;1270;1270;11282
2018-11-27;27/11/2018;1290;1290;1290;1290;3933
2018-11-28;28/11/2018;1290;1290;1290;1290;8730
2018-11-29;29/11/2018;1280;1280;1280;1280;2393
2018-11-30;30/11/2018;1250;1250;1250;1250;30
2018-12-03;03/12/2018;1225;1225;1225;1225;3843
2018-12-04;04/12/2018;1150;1150;1150;1150;2490
2018-12-05;05/12/2018;1150;1150;1150;1150;3432
2018-12-06;06/12/2018;1105;1105;1105;1105;5542
2018-12-07;07/12/2018;1150;1150;1150;1150;1747
2018-12-10;10/12/2018;1235;1235;1235;1235;1744
2018-12-11;11/12/2018;1235;1235;1235;1235;10828
2018-12-12;12/12/2018;1220;1220;1220;1220;18473
2018-12-13;13/12/2018;1150;1150;1150;1150;25264
2018-12-14;14/12/2018;1065;1065;1065;1065;14848
2018-12-17;17/12/2018;1050;1050;1050;1050;6138
2018-12-18;18/12/2018;1125;1125;1125;1125;11425
2018-12-19;19/12/2018;1200;1200;1200;1200;7463
2018-12-20;20/12/2018;1230;1230;1230;1230;9439
2018-12-21;21/12/2018;1230;1230;1230;1230;9526
2018-12-24;24/12/2018;1300;1300;1300;1300;939
2018-12-25;25/12/2018;1300;1300;1300;1300;939
2018-12-26;26/12/2018;1395;1395;1395;1395;1010
2018-12-27;27/12/2018;1405;1405;1405;1405;66120
2018-12-28;28/12/2018;1425;1425;1425;1425;10443
2018-12-31;31/12/2018;1355;1355;1355;1355;4297
2019-01-02;02/01/2019;1400;1400;1400;1400;240
2019-01-03;03/01/2019;1350;1350;1350;1350;315
2019-01-04;04/01/2019;1345;1345;1345;1345;179
2019-01-07;07/01/2019;1340;1340;1340;1340;2369
2019-01-08;08/01/2019;1245;1245;1245;1245;3385
2019-01-09;09/01/2019;1300;1300;1300;1300;2091
2019-01-10;10/01/2019;1300;1300;1300;1300;621
2019-01-11;11/01/2019;1295;1295;1295;1295;365
2019-01-14;14/01/2019;1245;1245;1245;1245;480
2019-01-15;15/01/2019;1165;1165;1165;1165;495
2019-01-16;16/01/2019;1180;1245;1180;1245;58
2019-01-17;17/01/2019;1245;1245;1245;1245;2687
2019-01-18;18/01/2019;1245;1245;1245;1245;91
2019-01-21;21/01/2019;1245;1245;1245;1245;32528
2019-01-22;22/01/2019;1155;1245;1155;1245;35379
2019-01-23;23/01/2019;1160;1160;1160;1160;20612
2019-01-24;24/01/2019;1160;1160;1160;1160;16805
2019-01-25;25/01/2019;1160;1160;1160;1160;2564
2019-01-28;28/01/2019;1200;1240;1200;1240;2491
2019-01-29;29/01/2019;1230;1240;1230;1240;910
2019-01-30;30/01/2019;1240;1240;1240;1240;228
2019-01-31;31/01/2019;1235;1300;1235;1300;8548
2019-02-01;01/02/2019;1300;1300;1275;1275;2148
2019-02-04;04/02/2019;1275;1275;1275;1275;1043
2019-02-05;05/02/2019;1275;1275;1275;1275;1254
2019-02-06;06/02/2019;1300;1300;1290;1290;4427
2019-02-07;07/02/2019;1300;1300;1280;1280;885
2019-02-08;08/02/2019;1275;1275;1275;1275;605
2019-02-11;11/02/2019;1275;1275;1180;1180;13218
2019-02-12;12/02/2019;1250;1250;1250;1250;416166
2019-02-13;13/02/2019;1240;1280;1240;1280;1129
2019-02-14;14/02/2019;1250;1280;1250;1280;1797
2019-02-15;15/02/2019;1280;1280;1280;1280;10929
2019-02-18;18/02/2019;1280;1280;1280;1280;150
2019-02-19;19/02/2019;1280;1280;1280;1280;4522
2019-02-20;20/02/2019;1280;1375;1280;1375;424
2019-02-21;21/02/2019;1375;1380;1375;1380;5395
2019-02-22;22/02/2019;1360;1360;1345;1345;16713
2019-02-25;25/02/2019;1345;1345;1300;1300;1809
2019-02-26;26/02/2019;1260;1350;1260;1350;2483
2019-02-27;27/02/2019;1300;1340;1300;1340;2151
2019-02-28;28/02/2019;1340;1340;1300;1300;4560
2019-03-01;01/03/2019;1300;1300;1270;1270;9946
2019-03-04;04/03/2019;1270;1270;1265;1265;3670
2019-03-05;05/03/2019;1300;1300;1300;1300;1549
2019-03-06;06/03/2019;1280;1295;1280;1295;3271
2019-03-07;07/03/2019;1295;1295;1290;1290;3014
2019-03-08;08/03/2019;1295;1295;1255;1255;4605
2019-03-11;11/03/2019;1260;1270;1260;1270;1530
2019-03-12;12/03/2019;1270;1270;1190;1190;3655
2019-03-13;13/03/2019;1265;1265;1190;1190;34401
2019-03-14;14/03/2019;1190;1265;1190;1265;5375
2019-03-15;15/03/2019;1200;1295;1200;1295;255
2019-03-18;18/03/2019;1250;1260;1250;1260;5150
2019-03-19;19/03/2019;1265;1265;1260;1260;841
2019-03-20;20/03/2019;1265;1300;1265;1300;3486
2019-03-21;21/03/2019;1300;1340;1300;1340;4275
2019-03-22;22/03/2019;1340;1430;1340;1430;1569
2019-03-25;25/03/2019;1400;1430;1400;1430;4651
2019-03-26;26/03/2019;1430;1430;1420;1420;2565
2019-03-27;27/03/2019;1400;1400;1400;1400;1434
2019-03-28;28/03/2019;1400;1500;1400;1500;14591
2019-03-29;29/03/2019;1505;1505;1500;1500;10475
2019-04-01;01/04/2019;1500;1500;1500;1500;1330
2019-04-02;02/04/2019;1495;1495;1400;1400;1407
2019-04-03;03/04/2019;1475;1490;1475;1490;1658
2019-04-04;04/04/2019;1490;1490;1490;1490;320
2019-04-05;05/04/2019;1490;1490;1490;1490;3615
2019-04-08;08/04/2019;1495;1495;1490;1490;1862
2019-04-09;09/04/2019;1450;1490;1450;1490;1261
2019-04-10;10/04/2019;1490;1490;1490;1490;6714
2019-04-11;11/04/2019;1490;1490;1490;1490;696
2019-04-12;12/04/2019;1490;1490;1450;1450;4899
2019-04-15;15/04/2019;1410;1410;1400;1400;1422
2019-04-17;17/04/2019;1375;1375;1370;1370;2485
2019-04-18;18/04/2019;1395;1395;1370;1370;865
2019-04-19;19/04/2019;1375;1450;1375;1450;27687
2019-04-22;22/04/2019;1375;1450;1375;1450;27687
2019-04-23;23/04/2019;1450;1485;1450;1485;3056
2019-04-24;24/04/2019;1550;1550;1500;1500;10092
2019-04-25;25/04/2019;1550;1600;1550;1600;15435
2019-04-26;26/04/2019;1600;1600;1510;1510;2857
2019-04-29;29/04/2019;1510;1510;1510;1510;50
2019-04-30;30/04/2019;1550;1550;1515;1515;4345
2019-05-01;01/05/2019;1550;1550;1515;1515;4345
2019-05-02;02/05/2019;1525;1560;1525;1560;47720
2019-05-03;03/05/2019;1560;1560;1560;1560;13278
2019-05-06;06/05/2019;1590;1590;1590;1590;25251
2019-05-07;07/05/2019;1590;1590;1590;1590;3476
2019-05-08;08/05/2019;1590;1590;1500;1500;4833
2019-05-09;09/05/2019;1500;1500;1500;1500;739
2019-05-10;10/05/2019;1500;1500;1500;1500;3240
2019-05-13;13/05/2019;1495;1595;1495;1595;4721
2019-05-14;14/05/2019;1590;1590;1500;1500;495
2019-05-15;15/05/2019;1500;1500;1495;1495;244
2019-05-16;16/05/2019;1495;1590;1495;1590;2431
2019-05-17;17/05/2019;1500;1500;1495;1495;1008
2019-05-20;20/05/2019;1430;1480;1430;1480;723
2019-05-21;21/05/2019;1430;1430;1430;1430;125
2019-05-22;22/05/2019;1430;1430;1410;1410;2830
2019-05-23;23/05/2019;1410;1415;1410;1415;2697
2019-05-24;24/05/2019;1415;1415;1415;1415;3187
2019-05-27;27/05/2019;1415;1420;1415;1420;795
2019-05-28;28/05/2019;1420;1430;1420;1430;1989
2019-05-29;29/05/2019;1430;1430;1420;1420;2056
2019-05-30;30/05/2019;1430;1430;1420;1420;2056
2019-05-31;31/05/2019;1430;1430;1430;1430;173
2019-06-03;03/06/2019;1430;1430;1430;1430;334
2019-06-05;05/06/2019;1430;1430;1430;1430;60
2019-06-06;06/06/2019;1430;1430;1425;1425;70
2019-06-07;07/06/2019;1425;1480;1425;1480;13647
2019-06-11;11/06/2019;1480;1590;1480;1590;3734
2019-06-12;12/06/2019;1585;1585;1580;1580;975
2019-06-13;13/06/2019;1500;1500;1500;1500;205
2019-06-14;14/06/2019;1500;1500;1500;1500;118
2019-06-17;17/06/2019;1480;1480;1480;1480;1603
2019-06-18;18/06/2019;1550;1550;1500;1500;770
2019-06-19;19/06/2019;1485;1500;1485;1500;3300
2019-06-20;20/06/2019;1500;1500;1500;1500;2150
2019-06-21;21/06/2019;1505;1505;1500;1500;265
2019-06-24;24/06/2019;1430;1500;1430;1500;750
2019-06-25;25/06/2019;1500;1500;1490;1490;127
2019-06-26;26/06/2019;1500;1500;1500;1500;115
2019-06-27;27/06/2019;1490;1490;1430;1430;180
2019-06-28;28/06/2019;1490;1500;1490;1500;1010
2019-07-01;01/07/2019;1495;1495;1495;1495;122
2019-07-02;02/07/2019;1495;1500;1495;1500;72
2019-07-03;03/07/2019;1435;1470;1435;1470;837
2019-07-04;04/07/2019;1495;1495;1495;1495;150
2019-07-05;05/07/2019;1495;1500;1495;1500;2430
2019-07-08;08/07/2019;1500;1500;1500;1500;184
2019-07-09;09/07/2019;1495;1500;1495;1500;1620
2019-07-10;10/07/2019;1490;1490;1485;1485;83
2019-07-11;11/07/2019;1485;1485;1430;1430;485
2019-07-12;12/07/2019;1430;1450;1430;1450;2028
2019-07-15;15/07/2019;1430;1430;1430;1430;9293
2019-07-16;16/07/2019;1450;1460;1450;1460;1808
2019-07-17;17/07/2019;1450;1450;1450;1450;40
2019-07-18;18/07/2019;1460;1460;1435;1435;802
2019-07-19;19/07/2019;1455;1460;1455;1460;7315
2019-07-22;22/07/2019;1450;1450;1400;1400;1855
2019-07-23;23/07/2019;1455;1455;1455;1455;93
2019-07-24;24/07/2019;1455;1505;1455;1505;1151
2019-07-25;25/07/2019;1505;1505;1500;1500;1789
2019-07-26;26/07/2019;1500;1500;1420;1420;2407
2019-07-29;29/07/2019;1420;1420;1410;1410;1420
2019-07-30;30/07/2019;1495;1500;1495;1500;1379
2019-07-31;31/07/2019;1500;1500;1400;1400;1370
2019-08-01;01/08/2019;1495;1500;1495;1500;43
2019-08-02;02/08/2019;1495;1495;1445;1445;336
2019-08-05;05/08/2019;1445;1450;1445;1450;288
2019-08-06;06/08/2019;1425;1500;1425;1500;606
2019-08-07;07/08/2019;1425;1500;1425;1500;606
2019-08-08;08/08/2019;1495;1495;1490;1490;484
2019-08-09;09/08/2019;1490;1490;1490;1490;3732
2019-08-12;12/08/2019;1490;1490;1490;1490;3732
2019-08-13;13/08/2019;1450;1450;1450;1450;205
2019-08-14;14/08/2019;1485;1485;1450;1450;712
2019-08-15;15/08/2019;1485;1485;1450;1450;712
2019-08-16;16/08/2019;1420;1420;1420;1420;2089
2019-08-19;19/08/2019;1450;1450;1450;1450;595
2019-08-20;20/08/2019;1450;1450;1440;1440;862
2019-08-21;21/08/2019;1415;1500;1415;1500;5989
2019-08-22;22/08/2019;1495;1495;1410;1410;195
2019-08-23;23/08/2019;1500;1500;1450;1450;273
2019-08-26;26/08/2019;1450;1450;1445;1445;3876
2019-08-27;27/08/2019;1455;1455;1400;1400;800
2019-08-28;28/08/2019;1445;1445;1390;1390;20840
2019-08-29;29/08/2019;1400;1400;1325;1325;22823
2019-08-30;30/08/2019;1325;1325;1325;1325;11
2019-09-02;02/09/2019;1325;1325;1315;1315;803
2019-09-03;03/09/2019;1315;1325;1315;1325;2573
2019-09-04;04/09/2019;1320;1320;1320;1320;20057
2019-09-05;05/09/2019;1300;1320;1300;1320;25085
2019-09-06;06/09/2019;1315;1320;1315;1320;5061
2019-09-09;09/09/2019;1400;1400;1400;1400;390
2019-09-10;10/09/2019;1450;1450;1395;1395;2187
2019-09-11;11/09/2019;1475;1475;1395;1395;723
2019-09-12;12/09/2019;1395;1395;1395;1395;1213
2019-09-13;13/09/2019;1410;1415;1410;1415;29
2019-09-16;16/09/2019;1400;1415;1400;1415;2388
2019-09-17;17/09/2019;1415;1415;1320;1320;2045
2019-09-18;18/09/2019;1320;1320;1320;1320;1391
2019-09-19;19/09/2019;1320;1320;1320;1320;1348
2019-09-20;20/09/2019;1320;1325;1320;1325;2508
2019-09-23;23/09/2019;1325;1325;1320;1320;2036
2019-09-24;24/09/2019;1320;1320;1300;1300;320
2019-09-25;25/09/2019;1300;1320;1300;1320;325
2019-09-26;26/09/2019;1320;1320;1320;1320;50
2019-09-27;27/09/2019;1325;1325;1325;1325;464
2019-09-30;30/09/2019;1325;1325;1325;1325;406
2019-10-02;02/10/2019;1420;1420;1325;1325;1533
2019-10-03;03/10/2019;1325;1325;1325;1325;741
2019-10-04;04/10/2019;1325;1325;1325;1325;515
2019-10-07;07/10/2019;1280;1325;1280;1325;725
2019-10-08;08/10/2019;1325;1325;1320;1320;135
2019-10-09;09/10/2019;1295;1295;1295;1295;492
2019-10-10;10/10/2019;1290;1290;1290;1290;532
2019-10-11;11/10/2019;1290;1290;1290;1290;138
2019-10-14;14/10/2019;1290;1290;1275;1275;115
2019-10-15;15/10/2019;1275;1275;1250;1250;104
2019-10-16;16/10/2019;1245;1245;1180;1180;580
2019-10-17;17/10/2019;1180;1200;1180;1200;1088
2019-10-18;18/10/2019;1200;1220;1200;1220;1590
2019-10-21;21/10/2019;1200;1220;1200;1220;618
2019-10-22;22/10/2019;1220;1220;1200;1200;116
2019-10-23;23/10/2019;1220;1220;1220;1220;156
2019-10-24;24/10/2019;1220;1250;1220;1250;4708
2019-10-25;25/10/2019;1255;1255;1250;1250;475
2019-10-28;28/10/2019;1250;1250;1250;1250;1958
2019-10-29;29/10/2019;1230;1230;1200;1200;1944
2019-10-30;30/10/2019;1200;1250;1200;1250;15346
2019-10-31;31/10/2019;1200;1250;1200;1250;11280
2019-11-01;01/11/2019;1200;1250;1200;1250;11280
2019-11-04;04/11/2019;1225;1295;1225;1295;1776
2019-11-05;05/11/2019;1250;1295;1250;1295;14198
2019-11-06;06/11/2019;1250;1250;1250;1250;90
2019-11-07;07/11/2019;1295;1295;1280;1280;201
2019-11-08;08/11/2019;1255;1255;1250;1250;98096
2019-11-11;11/11/2019;1255;1255;1255;1255;1035
2019-11-12;12/11/2019;1275;1290;1275;1290;1420
2019-11-13;13/11/2019;1280;1280;1280;1280;230
2019-11-14;14/11/2019;1280;1280;1255;1255;617
2019-11-18;18/11/2019;1255;1255;1200;1200;1325
2019-11-19;19/11/2019;1215;1215;1215;1215;2160
2019-11-20;20/11/2019;1215;1215;1215;1215;2
2019-11-21;21/11/2019;1200;1300;1200;1300;13055
2019-11-22;22/11/2019;1250;1250;1250;1250;1020
2019-11-25;25/11/2019;1225;1225;1225;1225;278
2019-11-26;26/11/2019;1225;1225;1225;1225;30
2019-11-27;27/11/2019;1200;1200;1150;1150;2849
2019-11-28;28/11/2019;1150;1225;1150;1225;1661
2019-11-29;29/11/2019;1225;1315;1225;1315;2098
2019-12-02;02/12/2019;1300;1400;1300;1400;600
2019-12-03;03/12/2019;1400;1500;1400;1500;3855
2019-12-04;04/12/2019;1390;1400;1390;1400;215
2019-12-05;05/12/2019;1390;1390;1300;1300;211
2019-12-06;06/12/2019;1380;1380;1375;1375;63
2019-12-09;09/12/2019;1375;1375;1370;1370;70
2019-12-10;10/12/2019;1370;1370;1330;1330;210
2019-12-11;11/12/2019;1330;1330;1300;1300;105
2019-12-12;12/12/2019;1300;1300;1300;1300;106
2019-12-13;13/12/2019;1300;1300;1295;1295;88
2019-12-16;16/12/2019;1290;1300;1290;1300;932
2019-12-17;17/12/2019;1290;1300;1290;1300;893
2019-12-18;18/12/2019;1270;1300;1270;1300;11458
2019-12-19;19/12/2019;1270;1330;1270;1330;2025
2019-12-20;20/12/2019;1275;1400;1275;1400;28066
2019-12-23;23/12/2019;1390;1500;1390;1500;11397
2019-12-24;24/12/2019;1400;1575;1400;1575;32101
2019-12-25;25/12/2019;1400;1575;1400;1575;32101
2019-12-26;26/12/2019;1570;1600;1570;1600;4476
2019-12-27;27/12/2019;1500;1600;1500;1600;17321
2019-12-30;30/12/2019;1590;1600;1590;1600;2254
2019-12-31;31/12/2019;1595;1700;1595;1700;76444
2020-01-01;01/01/2020;1595;1700;1595;1700;76444
2020-01-02;02/01/2020;1700;1700;1700;1700;1981066
2020-01-03;03/01/2020;1600;1600;1580;1580;89
2020-01-06;06/01/2020;1545;1545;1540;1540;190
2020-01-07;07/01/2020;1500;1500;1450;1450;327
2020-01-08;08/01/2020;1455;1455;1450;1450;10391
2020-01-09;09/01/2020;1490;1490;1450;1450;2573
2020-01-10;10/01/2020;1445;1450;1445;1450;19631
2020-01-13;13/01/2020;1450;1450;1450;1450;2
2020-01-14;14/01/2020;1425;1450;1425;1450;141
2020-01-15;15/01/2020;1425;1425;1425;1425;79
2020-01-16;16/01/2020;1390;1390;1390;1390;350
2020-01-17;17/01/2020;1385;1385;1300;1300;185
2020-01-20;20/01/2020;1315;1315;1300;1300;145
2020-01-21;21/01/2020;1315;1315;1250;1250;3700
2020-01-22;22/01/2020;1300;1300;1300;1300;7464
2020-01-23;23/01/2020;1300;1300;1300;1300;2184
2020-01-24;24/01/2020;1350;1390;1350;1390;1245
2020-01-27;27/01/2020;1405;1405;1400;1400;580
2020-01-28;28/01/2020;1390;1400;1390;1400;65
2020-01-29;29/01/2020;1400;1400;1400;1400;452
2020-01-30;30/01/2020;1400;1440;1400;1440;19
2020-01-31;31/01/2020;1400;1400;1400;1400;693
2020-02-03;03/02/2020;1400;1400;1400;1400;6235
2020-02-04;04/02/2020;1400;1400;1400;1400;4163
2020-02-05;05/02/2020;1400;1400;1390;1390;2147
2020-02-06;06/02/2020;1400;1400;1390;1390;215
2020-02-07;07/02/2020;1390;1390;1390;1390;2300
2020-02-10;10/02/2020;1400;1400;1400;1400;3652
2020-02-11;11/02/2020;1395;1395;1395;1395;109
2020-02-12;12/02/2020;1395;1395;1395;1395;109
2020-02-13;13/02/2020;1400;1400;1395;1395;85
2020-02-14;14/02/2020;1395;1395;1390;1390;197
2020-02-17;17/02/2020;1395;1400;1395;1400;2031
2020-02-18;18/02/2020;1400;1400;1390;1390;5600
2020-02-19;19/02/2020;1400;1400;1400;1400;222
2020-02-20;20/02/2020;1400;1400;1400;1400;229
2020-02-21;21/02/2020;1400;1400;1390;1390;195
2020-02-24;24/02/2020;1400;1400;1390;1390;5124
2020-02-25;25/02/2020;1400;1400;1390;1390;2050
2020-02-26;26/02/2020;1390;1400;1390;1400;1104
2020-02-27;27/02/2020;1400;1400;1400;1400;843
2020-02-28;28/02/2020;1450;1450;1450;1450;1406
2020-03-02;02/03/2020;1555;1555;1555;1555;16
2020-03-03;03/03/2020;1450;1450;1450;1450;480
2020-03-04;04/03/2020;1500;1500;1455;1455;329
2020-03-05;05/03/2020;1460;1500;1460;1500;770
2020-03-06;06/03/2020;1500;1500;1500;1500;675
2020-03-09;09/03/2020;1500;1500;1500;1500;563
2020-03-10;10/03/2020;1500;1500;1500;1500;1902
2020-03-11;11/03/2020;1500;1510;1500;1510;4725
2020-03-12;12/03/2020;1505;1505;1500;1500;3837
2020-03-13;13/03/2020;1500;1500;1500;1500;3043
2020-03-17;17/03/2020;1495;1495;1495;1495;3
2020-03-18;18/03/2020;1470;1470;1465;1465;55
2020-03-19;19/03/2020;1390;1390;1390;1390;530
2020-03-20;20/03/2020;1390;1390;1370;1370;440
2020-03-23;23/03/2020;1370;1370;1370;1370;146
2020-03-24;24/03/2020;1370;1370;1370;1370;76
2020-03-25;25/03/2020;1350;1355;1350;1355;65
2020-03-26;26/03/2020;1355;1355;1300;1300;350
2020-03-27;27/03/2020;1300;1300;1300;1300;1031
2020-03-30;30/03/2020;1365;1365;1275;1275;1391
2020-03-31;31/03/2020;1275;1275;1250;1250;314
2020-04-01;01/04/2020;1300;1300;1295;1295;19
2020-04-03;03/04/2020;1300;1300;1300;1300;15
2020-04-06;06/04/2020;1295;1295;1290;1290;118
2020-04-07;07/04/2020;1250;1300;1250;1300;1093
2020-04-09;09/04/2020;1365;1365;1350;1350;133
2020-04-14;14/04/2020;1350;1350;1350;1350;11
2020-04-15;15/04/2020;1350;1350;1350;1350;10
2020-04-16;16/04/2020;1345;1345;1345;1345;30
2020-04-17;17/04/2020;1320;1320;1320;1320;600
2020-04-20;20/04/2020;1300;1345;1300;1345;1400
2020-04-21;21/04/2020;1345;1345;1345;1345;1086
2020-04-22;22/04/2020;1340;1350;1340;1350;542
2020-04-23;23/04/2020;1350;1350;1250;1250;1652
2020-04-24;24/04/2020;1255;1255;1250;1250;94
2020-04-27;27/04/2020;1250;1250;1250;1250;1123
2020-04-28;28/04/2020;1250;1250;1250;1250;1008
2020-04-29;29/04/2020;1250;1250;1250;1250;85
2020-04-30;30/04/2020;1250;1250;1200;1200;226
2020-05-01;01/05/2020;1250;1250;1200;1200;226
2020-05-04;04/05/2020;1250;1250;1225;1225;16
2020-05-05;05/05/2020;1250;1250;1250;1250;442
2020-05-06;06/05/2020;1250;1250;1250;1250;83
2020-05-07;07/05/2020;1200;1250;1200;1250;585
2020-05-08;08/05/2020;1250;1250;1240;1240;328
2020-05-11;11/05/2020;1300;1300;1250;1250;1391
2020-05-12;12/05/2020;1240;1250;1240;1250;2117
2020-05-13;13/05/2020;1240;1250;1240;1250;321
2020-05-14;14/05/2020;1250;1250;1250;1250;16064
2020-05-15;15/05/2020;1340;1340;1250;1250;14
2020-05-18;18/05/2020;1250;1250;1250;1250;756
2020-05-19;19/05/2020;1250;1250;1200;1200;3208
2020-05-22;22/05/2020;1200;1200;1200;1200;235
2020-05-25;25/05/2020;1200;1250;1200;1250;351
2020-05-26;26/05/2020;1250;1250;1200;1200;36
2020-05-27;27/05/2020;1255;1255;1200;1200;2590
2020-05-28;28/05/2020;1245;1245;1245;1245;1400
2020-05-29;29/05/2020;1250;1250;1250;1250;280
2020-06-01;01/06/2020;1250;1250;1250;1250;280
2020-06-02;02/06/2020;1250;1300;1250;1300;1400
2020-06-03;03/06/2020;1300;1395;1300;1395;932
2020-06-04;04/06/2020;1450;1495;1450;1495;2023
2020-06-05;05/06/2020;1545;1545;1535;1535;2058
2020-06-08;08/06/2020;1535;1535;1520;1520;424
2020-06-09;09/06/2020;1495;1495;1495;1495;2610
2020-06-10;10/06/2020;1495;1495;1410;1410;116
2020-06-11;11/06/2020;1410;1450;1410;1450;161
2020-06-12;12/06/2020;1345;1495;1345;1495;905
2020-06-15;15/06/2020;1490;1490;1450;1450;50
2020-06-16;16/06/2020;1450;1450;1400;1400;488
2020-06-17;17/06/2020;1400;1400;1400;1400;30
2020-06-18;18/06/2020;1475;1475;1400;1400;5800
2020-06-19;19/06/2020;1400;1400;1400;1400;354
2020-06-22;22/06/2020;1400;1400;1395;1395;159
2020-06-23;23/06/2020;1395;1395;1395;1395;235
2020-06-24;24/06/2020;1390;1395;1390;1395;110
2020-06-25;25/06/2020;1390;1390;1390;1390;390
2020-06-26;26/06/2020;1395;1395;1390;1390;405
2020-06-29;29/06/2020;1365;1365;1365;1365;665
2020-06-30;30/06/2020;1390;1465;1390;1465;1055
2020-07-01;01/07/2020;1465;1465;1465;1465;160
2020-07-02;02/07/2020;1400;1400;1400;1400;1621
2020-07-03;03/07/2020;1400;1400;1400;1400;178
2020-07-06;06/07/2020;1350;1350;1350;1350;500
2020-07-07;07/07/2020;1350;1350;1300;1300;858
2020-07-08;08/07/2020;1300;1300;1205;1205;13011
2020-07-09;09/07/2020;1205;1210;1205;1210;10862
2020-07-10;10/07/2020;1205;1205;1200;1200;7398
2020-07-13;13/07/2020;1200;1200;1200;1200;3960
2020-07-14;14/07/2020;1200;1200;1200;1200;5348
2020-07-15;15/07/2020;1205;1205;1200;1200;3789
2020-07-16;16/07/2020;1200;1200;1200;1200;785
2020-07-17;17/07/2020;1135;1200;1135;1200;987
2020-07-20;20/07/2020;1200;1200;1200;1200;3903
2020-07-21;21/07/2020;1195;1200;1195;1200;2210
2020-07-22;22/07/2020;1200;1200;1200;1200;1199
2020-07-23;23/07/2020;1200;1200;1200;1200;1490
2020-07-24;24/07/2020;1200;1200;1200;1200;301
2020-07-27;27/07/2020;1200;1200;1200;1200;527
2020-07-28;28/07/2020;1200;1290;1200;1290;3516
2020-07-29;29/07/2020;1290;1290;1285;1285;1277
2020-07-30;30/07/2020;1295;1370;1295;1370;1301
2020-07-31;31/07/2020;1295;1370;1295;1370;1301
2020-08-03;03/08/2020;1350;1350;1345;1345;2
2020-08-04;04/08/2020;1295;1295;1290;1290;283
2020-08-05;05/08/2020;1200;1230;1200;1230;769
2020-08-06;06/08/2020;1220;1220;1200;1200;2860
2020-08-07;07/08/2020;1220;1220;1200;1200;2860
2020-08-10;10/08/2020;1250;1250;1200;1200;216
2020-08-11;11/08/2020;1200;1200;1190;1190;1463
2020-08-12;12/08/2020;1190;1195;1190;1195;19017
2020-08-13;13/08/2020;1190;1195;1190;1195;1200
2020-08-14;14/08/2020;1195;1280;1195;1280;3185
2020-08-17;17/08/2020;1290;1290;1290;1290;12
2020-08-18;18/08/2020;1290;1295;1290;1295;274
2020-08-21;21/08/2020;1200;1275;1200;1275;177
2020-08-24;24/08/2020;1230;1230;1230;1230;4
2020-08-25;25/08/2020;1270;1270;1200;1200;2076
2020-08-26;26/08/2020;1250;1290;1250;1290;480
2020-08-27;27/08/2020;1285;1285;1280;1280;442
2020-08-28;28/08/2020;1275;1275;1245;1245;4051
2020-08-31;31/08/2020;1295;1320;1295;1320;4966
2020-09-01;01/09/2020;1225;1245;1225;1245;26
2020-09-02;02/09/2020;1240;1240;1225;1225;845
2020-09-03;03/09/2020;1150;1190;1150;1190;225
2020-09-07;07/09/2020;1225;1225;1200;1200;1746
2020-09-08;08/09/2020;1200;1200;1200;1200;2130
2020-09-09;09/09/2020;1200;1200;1195;1195;4016
2020-09-10;10/09/2020;1190;1190;1190;1190;601
2020-09-11;11/09/2020;1210;1275;1210;1275;30
2020-09-14;14/09/2020;1200;1290;1200;1290;7152
2020-09-15;15/09/2020;1290;1290;1205;1205;4458
2020-09-16;16/09/2020;1210;1210;1200;1200;3355
2020-09-17;17/09/2020;1280;1280;1195;1195;12003
2020-09-18;18/09/2020;1195;1200;1195;1200;1006
2020-09-21;21/09/2020;1250;1250;1200;1200;3389
2020-09-22;22/09/2020;1200;1200;1200;1200;617
2020-09-23;23/09/2020;1200;1200;1200;1200;617
2020-09-24;24/09/2020;1200;1200;1200;1200;617
2020-09-25;25/09/2020;1200;1200;1200;1200;617
2020-09-28;28/09/2020;1245;1300;1245;1300;1300
2020-09-29;29/09/2020;1295;1300;1295;1300;2196
2020-09-30;30/09/2020;1270;1270;1260;1260;372
2020-10-01;01/10/2020;1265;1265;1200;1200;733
2020-10-02;02/10/2020;1170;1170;1150;1150;1180
2020-10-05;05/10/2020;1200;1200;1190;1190;1787
2020-10-06;06/10/2020;1185;1185;1185;1185;150
2020-10-07;07/10/2020;1185;1185;1160;1160;1025
2020-10-08;08/10/2020;1170;1170;1150;1150;1943
2020-10-09;09/10/2020;1150;1150;1150;1150;1176
2020-10-12;12/10/2020;1150;1150;1150;1150;100
2020-10-13;13/10/2020;1160;1180;1160;1180;2232
2020-10-14;14/10/2020;1150;1170;1150;1170;307
2020-10-15;15/10/2020;1150;1150;1085;1085;1588
2020-10-16;16/10/2020;1005;1085;1005;1085;1044
2020-10-19;19/10/2020;1080;1160;1080;1160;18175
2020-10-20;20/10/2020;1190;1200;1190;1200;420
2020-10-21;21/10/2020;1200;1200;1200;1200;5
2020-10-22;22/10/2020;1195;1200;1195;1200;1440
2020-10-23;23/10/2020;1195;1200;1195;1200;1062
2020-10-26;26/10/2020;1200;1200;1200;1200;2302
2020-10-27;27/10/2020;1200;1200;1200;1200;665
2020-10-28;28/10/2020;1195;1200;1195;1200;5030
2020-10-29;29/10/2020;1195;1200;1195;1200;5030
2020-10-30;30/10/2020;1110;1200;1110;1200;401
2020-11-02;02/11/2020;1200;1200;1200;1200;140
2020-11-03;03/11/2020;1110;1180;1110;1180;1435
2020-11-04;04/11/2020;1180;1180;1150;1150;200
2020-11-05;05/11/2020;1150;1150;1150;1150;1152
2020-11-06;06/11/2020;1150;1150;1100;1100;595
2020-11-09;09/11/2020;1150;1150;1125;1125;382
2020-11-10;10/11/2020;1100;1120;1100;1120;850
2020-11-11;11/11/2020;1150;1150;1140;1140;1513
2020-11-12;12/11/2020;1150;1150;1100;1100;3555
2020-11-13;13/11/2020;1090;1150;1090;1150;2524
2020-11-16;16/11/2020;1130;1150;1130;1150;510
2020-11-17;17/11/2020;1200;1225;1200;1225;4095
2020-11-18;18/11/2020;1200;1200;1150;1150;1110
2020-11-19;19/11/2020;1145;1145;1145;1145;168
2020-11-20;20/11/2020;1200;1220;1200;1220;6352
2020-11-23;23/11/2020;1150;1180;1150;1180;975
2020-11-24;24/11/2020;1190;1190;1190;1190;360
2020-11-25;25/11/2020;1185;1200;1185;1200;7342
2020-11-26;26/11/2020;1190;1190;1190;1190;42
2020-11-27;27/11/2020;1185;1185;1185;1185;22
2020-11-30;30/11/2020;1185;1185;1185;1185;60
2020-12-01;01/12/2020;1150;1190;1150;1190;5614
2020-12-02;02/12/2020;1185;1185;1185;1185;100
2020-12-03;03/12/2020;1185;1185;1180;1180;346
2020-12-04;04/12/2020;1180;1180;1180;1180;8295
2020-12-07;07/12/2020;1180;1180;1180;1180;65
2020-12-08;08/12/2020;1160;1160;1160;1160;906
2020-12-09;09/12/2020;1180;1180;1180;1180;5805
2020-12-10;10/12/2020;1180;1250;1180;1250;55937
2020-12-11;11/12/2020;1180;1180;1180;1180;2074
2020-12-14;14/12/2020;1190;1200;1190;1200;74268
2020-12-15;15/12/2020;1230;1250;1230;1250;92127
2020-12-16;16/12/2020;1250;1250;1225;1225;1291
2020-12-17;17/12/2020;1220;1315;1220;1315;189861
2020-12-18;18/12/2020;1300;1410;1300;1410;67421
2020-12-21;21/12/2020;1320;1515;1320;1515;26652
2020-12-22;22/12/2020;1410;1625;1410;1625;34178
2020-12-23;23/12/2020;1505;1625;1505;1625;2191
2020-12-24;24/12/2020;1600;1600;1515;1515;3986
2020-12-25;25/12/2020;1600;1600;1515;1515;3986
2020-12-28;28/12/2020;1515;1625;1515;1625;16273
2020-12-29;29/12/2020;1600;1620;1600;1620;3190
2020-12-30;30/12/2020;1500;1600;1500;1600;1540
2020-12-31;31/12/2020;1590;1590;1590;1590;15006
2021-01-04;04/01/2021;1500;1550;1500;1550;34
2021-01-07;07/01/2021;1485;1485;1435;1435;399
2021-01-08;08/01/2021;1485;1485;1345;1345;183
2021-01-11;11/01/2021;1325;1345;1325;1345;535
2021-01-12;12/01/2021;1345;1345;1325;1325;1355
2021-01-13;13/01/2021;1325;1325;1300;1300;127
2021-01-14;14/01/2021;1300;1300;1300;1300;586
2021-01-15;15/01/2021;1320;1320;1300;1300;72
2021-01-18;18/01/2021;1205;1300;1205;1300;478
2021-01-19;19/01/2021;1300;1300;1220;1220;125
2021-01-20;20/01/2021;1220;1300;1220;1300;665
2021-01-21;21/01/2021;1300;1300;1300;1300;2129
2021-01-22;22/01/2021;1325;1325;1280;1280;225
2021-01-25;25/01/2021;1300;1300;1300;1300;750
2021-01-26;26/01/2021;1325;1325;1270;1270;1524
2021-01-27;27/01/2021;1270;1290;1270;1290;91
2021-01-28;28/01/2021;1300;1300;1300;1300;296
2021-01-29;29/01/2021;1300;1300;1280;1280;637
2021-02-01;01/02/2021;1250;1250;1250;1250;1849
2021-02-02;02/02/2021;1250;1250;1245;1245;255
2021-02-03;03/02/2021;1245;1290;1245;1290;857
2021-02-04;04/02/2021;1290;1290;1250;1250;1160
2021-02-05;05/02/2021;1280;1290;1280;1290;2249
2021-02-08;08/02/2021;1290;1290;1290;1290;669
2021-02-09;09/02/2021;1290;1290;1250;1250;2576
2021-02-10;10/02/2021;1220;1220;1200;1200;4873
2021-02-11;11/02/2021;1200;1200;1200;1200;1192
2021-02-12;12/02/2021;1200;1200;1200;1200;1626
2021-02-15;15/02/2021;1200;1200;1200;1200;5689
2021-02-16;16/02/2021;1200;1200;1165;1165;1462
2021-02-17;17/02/2021;1250;1250;1165;1165;1597
2021-02-18;18/02/2021;1165;1200;1165;1200;1411
2021-02-19;19/02/2021;1200;1200;1200;1200;25
2021-02-22;22/02/2021;1200;1200;1200;1200;1060
2021-02-23;23/02/2021;1200;1200;1200;1200;100
2021-02-24;24/02/2021;1250;1250;1250;1250;414
2021-02-25;25/02/2021;1250;1290;1250;1290;1410
2021-02-26;26/02/2021;1270;1290;1270;1290;330
2021-03-01;01/03/2021;1280;1290;1280;1290;1230
2021-03-02;02/03/2021;1290;1290;1285;1285;4565
2021-03-03;03/03/2021;1285;1285;1285;1285;1075
2021-03-04;04/03/2021;1285;1285;1285;1285;110
2021-03-05;05/03/2021;1285;1285;1280;1280;813
2021-03-08;08/03/2021;1280;1280;1280;1280;665
2021-03-09;09/03/2021;1280;1280;1280;1280;27
2021-03-10;10/03/2021;1280;1280;1275;1275;4212
2021-03-11;11/03/2021;1275;1275;1275;1275;5
2021-03-12;12/03/2021;1270;1275;1270;1275;440
2021-03-15;15/03/2021;1265;1265;1265;1265;29
2021-03-16;16/03/2021;1275;1275;1275;1275;3126
2021-03-17;17/03/2021;1260;1280;1260;1280;430
2021-03-18;18/03/2021;1275;1275;1275;1275;318
2021-03-19;19/03/2021;1250;1250;1250;1250;1111
2021-03-22;22/03/2021;1250;1250;1250;1250;578
2021-03-23;23/03/2021;1250;1250;1250;1250;684
2021-03-24;24/03/2021;1250;1250;1250;1250;473
2021-03-25;25/03/2021;1250;1250;1240;1240;187
2021-03-26;26/03/2021;1240;1240;1230;1230;211
2021-03-29;29/03/2021;1250;1250;1205;1205;791
2021-03-30;30/03/2021;1210;1230;1210;1230;1594
2021-03-31;31/03/2021;1225;1225;1225;1225;536
2021-04-01;01/04/2021;1280;1280;1275;1275;1012
2021-04-02;02/04/2021;1275;1275;1270;1270;975
2021-04-05;05/04/2021;1275;1275;1270;1270;975
2021-04-06;06/04/2021;1260;1260;1260;1260;520
2021-04-07;07/04/2021;1280;1280;1280;1280;1358
2021-04-08;08/04/2021;1290;1290;1290;1290;4862
2021-04-09;09/04/2021;1290;1290;1280;1280;367
2021-04-12;12/04/2021;1280;1290;1280;1290;1265
2021-04-13;13/04/2021;1260;1290;1260;1290;295
2021-04-14;14/04/2021;1290;1290;1280;1280;31
2021-04-15;15/04/2021;1280;1290;1280;1290;2217
2021-04-16;16/04/2021;1290;1290;1290;1290;3151
2021-04-19;19/04/2021;1290;1290;1290;1290;1670
2021-04-20;20/04/2021;1285;1285;1280;1280;1039
2021-04-21;21/04/2021;1290;1290;1280;1280;1107
2021-04-22;22/04/2021;1280;1290;1280;1290;2754
2021-04-23;23/04/2021;1275;1275;1275;1275;635
2021-04-26;26/04/2021;1275;1280;1275;1280;605
2021-04-27;27/04/2021;1290;1290;1290;1290;500
2021-04-28;28/04/2021;1290;1290;1290;1290;295
2021-04-29;29/04/2021;1290;1290;1280;1280;869
2021-04-30;30/04/2021;1275;1300;1275;1300;3234
2021-05-03;03/05/2021;1300;1300;1300;1300;971
2021-05-04;04/05/2021;1300;1300;1300;1300;994
2021-05-05;05/05/2021;1315;1315;1310;1310;418
2021-05-06;06/05/2021;1325;1390;1325;1390;206
2021-05-07;07/05/2021;1390;1485;1390;1485;4810
2021-05-10;10/05/2021;1485;1485;1400;1400;611
2021-05-11;11/05/2021;1400;1415;1400;1415;1615
2021-05-12;12/05/2021;1400;1415;1400;1415;1615
2021-05-14;14/05/2021;1400;1410;1400;1410;1114
2021-05-17;17/05/2021;1400;1415;1400;1415;673
2021-05-18;18/05/2021;1440;1480;1440;1480;1825
2021-05-19;19/05/2021;1480;1480;1480;1480;4968
2021-05-20;20/05/2021;1475;1480;1475;1480;174
2021-05-21;21/05/2021;1480;1480;1475;1475;31
2021-05-24;24/05/2021;1480;1480;1475;1475;31
2021-05-25;25/05/2021;1475;1480;1475;1480;2565
2021-05-26;26/05/2021;1480;1480;1475;1475;61
2021-05-27;27/05/2021;1475;1475;1470;1470;113
2021-05-28;28/05/2021;1470;1470;1440;1440;682
2021-05-31;31/05/2021;1415;1415;1400;1400;1076
2021-06-01;01/06/2021;1480;1480;1470;1470;25
2021-06-02;02/06/2021;1470;1470;1470;1470;359
2021-06-03;03/06/2021;1415;1415;1415;1415;1085
2021-06-04;04/06/2021;1430;1470;1430;1470;584
2021-06-07;07/06/2021;1460;1460;1460;1460;313
2021-06-08;08/06/2021;1420;1460;1420;1460;7035
2021-06-09;09/06/2021;1480;1480;1460;1460;815
2021-06-10;10/06/2021;1460;1480;1460;1480;1749
2021-06-11;11/06/2021;1445;1480;1445;1480;129
2021-06-14;14/06/2021;1480;1485;1480;1485;2897
2021-06-15;15/06/2021;1485;1485;1485;1485;2581
2021-06-16;16/06/2021;1490;1495;1490;1495;758
2021-06-17;17/06/2021;1500;1500;1495;1495;989
2021-06-18;18/06/2021;1500;1500;1475;1475;1518
2021-06-21;21/06/2021;1485;1495;1485;1495;380
2021-06-22;22/06/2021;1495;1495;1490;1490;120
2021-06-23;23/06/2021;1500;1500;1500;1500;3541
2021-06-24;24/06/2021;1500;1500;1500;1500;8433
2021-06-25;25/06/2021;1500;1500;1490;1490;241
2021-06-28;28/06/2021;1500;1500;1500;1500;4369
2021-06-29;29/06/2021;1495;1495;1490;1490;610
2021-06-30;30/06/2021;1455;1490;1455;1490;842
2021-07-01;01/07/2021;1485;1500;1485;1500;803
2021-07-02;02/07/2021;1500;1500;1500;1500;295
2021-07-05;05/07/2021;1500;1500;1455;1455;884
2021-07-06;06/07/2021;1455;1560;1455;1560;15519
2021-07-07;07/07/2021;1595;1600;1595;1600;309
2021-07-08;08/07/2021;1600;1695;1600;1695;341
2021-07-09;09/07/2021;1690;1690;1690;1690;10
2021-07-12;12/07/2021;1685;1685;1670;1670;794
2021-07-13;13/07/2021;1645;1645;1595;1595;1183
2021-07-14;14/07/2021;1640;1640;1605;1605;2144
2021-07-15;15/07/2021;1605;1630;1605;1630;196
2021-07-16;16/07/2021;1605;1635;1605;1635;2509
2021-07-19;19/07/2021;1700;1700;1635;1635;719
2021-07-20;20/07/2021;1700;1700;1635;1635;719
2021-07-21;21/07/2021;1635;1700;1635;1700;204
2021-07-22;22/07/2021;1650;1650;1650;1650;240
2021-07-23;23/07/2021;1650;1650;1650;1650;4167
2021-07-26;26/07/2021;1650;1650;1650;1650;40
2021-07-27;27/07/2021;1650;1700;1650;1700;632
2021-07-28;28/07/2021;1700;1700;1700;1700;260
2021-07-29;29/07/2021;1750;1770;1750;1770;487
2021-07-30;30/07/2021;1895;1895;1840;1840;83
2021-08-02;02/08/2021;1840;1840;1755;1755;317
2021-08-03;03/08/2021;1800;1800;1800;1800;1064
2021-08-04;04/08/2021;1795;1795;1750;1750;2461
2021-08-05;05/08/2021;1750;1750;1750;1750;995
2021-08-06;06/08/2021;1750;1795;1750;1795;90
2021-08-09;09/08/2021;1750;1750;1750;1750;1794
2021-08-10;10/08/2021;1750;1780;1750;1780;730
2021-08-11;11/08/2021;1780;1780;1780;1780;1094
2021-08-12;12/08/2021;1780;1780;1775;1775;1934
2021-08-13;13/08/2021;1740;1750;1740;1750;951
2021-08-16;16/08/2021;1750;1750;1750;1750;950
2021-08-17;17/08/2021;1750;1750;1750;1750;60
2021-08-18;18/08/2021;1750;1750;1750;1750;1750
2021-08-19;19/08/2021;1750;1750;1750;1750;290
2021-08-20;20/08/2021;1800;1800;1750;1750;802
2021-08-23;23/08/2021;1755;1800;1755;1800;1247
2021-08-24;24/08/2021;1800;1850;1800;1850;386
2021-08-25;25/08/2021;1850;1850;1830;1830;638
2021-08-26;26/08/2021;1850;1850;1830;1830;160
2021-08-27;27/08/2021;1830;1830;1830;1830;744
2021-08-30;30/08/2021;1830;1830;1830;1830;666
2021-08-31;31/08/2021;1840;1840;1830;1830;302
2021-09-01;01/09/2021;1830;1830;1820;1820;2350
2021-09-02;02/09/2021;1820;1830;1820;1830;1373
2021-09-03;03/09/2021;1850;1850;1825;1825;290
2021-09-06;06/09/2021;1850;1850;1850;1850;776
2021-09-07;07/09/2021;1870;1905;1870;1905;3790
2021-09-08;08/09/2021;1905;1905;1900;1900;1230
2021-09-09;09/09/2021;1900;1900;1900;1900;1083
2021-09-10;10/09/2021;1900;1900;1850;1850;3395
2021-09-13;13/09/2021;1850;1900;1850;1900;1786
2021-09-14;14/09/2021;1850;1945;1850;1945;434
2021-09-15;15/09/2021;1945;1945;1945;1945;120
2021-09-16;16/09/2021;1905;1945;1905;1945;300
2021-09-17;17/09/2021;1940;1945;1940;1945;587
2021-09-20;20/09/2021;1910;1940;1910;1940;2495
2021-09-21;21/09/2021;1945;1950;1945;1950;1459
2021-09-22;22/09/2021;1945;1950;1945;1950;1650
2021-09-23;23/09/2021;1850;1955;1850;1955;5776
2021-09-24;24/09/2021;1955;1955;1950;1950;3911
2021-09-27;27/09/2021;1900;1900;1805;1805;1669
2021-09-28;28/09/2021;1805;1805;1805;1805;1121
2021-09-29;29/09/2021;1805;1805;1800;1800;2872
2021-09-30;30/09/2021;1850;1850;1800;1800;2761
2021-10-01;01/10/2021;1800;1800;1800;1800;395
2021-10-04;04/10/2021;1670;1850;1670;1850;2426
2021-10-05;05/10/2021;1850;1850;1840;1840;1145
2021-10-06;06/10/2021;1845;1850;1845;1850;1972
2021-10-07;07/10/2021;1850;1850;1850;1850;3896
2021-10-08;08/10/2021;1850;1850;1810;1810;239
2021-10-11;11/10/2021;1820;1850;1820;1850;1311
2021-10-12;12/10/2021;1820;1895;1820;1895;2314
2021-10-13;13/10/2021;1890;1905;1890;1905;2482
2021-10-14;14/10/2021;1910;1910;1910;1910;1146
2021-10-15;15/10/2021;1945;1945;1945;1945;154
2021-10-18;18/10/2021;1945;1945;1945;1945;154
2021-10-19;19/10/2021;1875;1945;1875;1945;902
2021-10-20;20/10/2021;1945;1950;1945;1950;495
2021-10-21;21/10/2021;1950;1950;1950;1950;468
2021-10-22;22/10/2021;1900;1930;1900;1930;270
2021-10-25;25/10/2021;1900;1900;1900;1900;2171
2021-10-26;26/10/2021;1900;2000;1900;2000;7815
2021-10-27;27/10/2021;1850;2000;1850;2000;5458
2021-10-28;28/10/2021;2150;2150;2150;2150;12406
2021-10-29;29/10/2021;2150;2150;2150;2150;6753
2021-11-01;01/11/2021;2150;2150;2150;2150;6753
2021-11-02;02/11/2021;2195;2195;2150;2150;3333
2021-11-03;03/11/2021;2150;2150;2150;2150;2383
2021-11-04;04/11/2021;2150;2150;2145;2145;1091
2021-11-05;05/11/2021;2145;2145;2145;2145;3246
2021-11-08;08/11/2021;2145;2145;2000;2000;1834
2021-11-09;09/11/2021;2090;2110;2090;2110;4344
2021-11-10;10/11/2021;2110;2110;2100;2100;488
2021-11-11;11/11/2021;2015;2100;2015;2100;295
2021-11-12;12/11/2021;2100;2100;2005;2005;6199
2021-11-15;15/11/2021;2100;2100;2005;2005;6199
2021-11-16;16/11/2021;2005;2140;2005;2140;318
2021-11-17;17/11/2021;2100;2100;2100;2100;125
2021-11-18;18/11/2021;2100;2100;2100;2100;162
2021-11-19;19/11/2021;2095;2095;2095;2095;11
2021-11-22;22/11/2021;2100;2130;2100;2130;2927
2021-11-23;23/11/2021;2130;2140;2130;2140;266
2021-11-24;24/11/2021;2100;2145;2100;2145;5267
2021-11-25;25/11/2021;2100;2200;2100;2200;1161
2021-11-26;26/11/2021;2200;2310;2200;2310;1466
2021-11-29;29/11/2021;2480;2480;2350;2350;1953
2021-11-30;30/11/2021;2300;2300;2300;2300;328
2021-12-01;01/12/2021;2320;2320;2320;2320;317
2021-12-02;02/12/2021;2320;2335;2320;2335;1083
2021-12-03;03/12/2021;2330;2330;2330;2330;335
2021-12-06;06/12/2021;2330;2330;2320;2320;934
2021-12-07;07/12/2021;2320;2330;2320;2330;195
2021-12-08;08/12/2021;2215;2215;2215;2215;1052
2021-12-09;09/12/2021;2300;2300;2215;2215;556
2021-12-10;10/12/2021;2215;2230;2215;2230;472
2021-12-13;13/12/2021;2230;2230;2230;2230;124
2021-12-14;14/12/2021;2230;2230;2220;2220;2243
2021-12-15;15/12/2021;2220;2220;2215;2215;188
2021-12-16;16/12/2021;2215;2215;2190;2190;20418
2021-12-17;17/12/2021;2190;2220;2190;2220;1672
2021-12-20;20/12/2021;2190;2210;2190;2210;566
2021-12-21;21/12/2021;2190;2190;2050;2050;2740
2021-12-22;22/12/2021;2190;2190;2190;2190;1946
2021-12-23;23/12/2021;2055;2090;2055;2090;672
2021-12-24;24/12/2021;2090;2090;2090;2090;749
2021-12-27;27/12/2021;2010;2020;2010;2020;605
2021-12-28;28/12/2021;2010;2075;2010;2075;2071
2021-12-29;29/12/2021;2020;2020;2000;2000;3385
2021-12-30;30/12/2021;2050;2090;2050;2090;3870
2021-12-31;31/12/2021;2085;2100;2085;2100;1616
2022-01-03;03/01/2022;2100;2100;2050;2050;1080
2022-01-04;04/01/2022;2000;2000;2000;2000;1748
2022-01-05;05/01/2022;2050;2090;2050;2090;472
2022-01-06;06/01/2022;2050;2050;2050;2050;263
2022-01-07;07/01/2022;2100;2100;2050;2050;982
2022-01-10;10/01/2022;2005;2015;2005;2015;1419
2022-01-11;11/01/2022;2010;2015;2010;2015;2200
2022-01-12;12/01/2022;2015;2150;2015;2150;3245
2022-01-13;13/01/2022;2155;2155;2155;2155;475
2022-01-14;14/01/2022;2190;2190;2190;2190;161
2022-01-17;17/01/2022;2190;2190;2185;2185;43
2022-01-18;18/01/2022;2185;2185;2155;2155;138
2022-01-19;19/01/2022;2155;2155;2155;2155;607
2022-01-20;20/01/2022;2155;2155;2155;2155;47
2022-01-21;21/01/2022;2165;2175;2165;2175;289
2022-01-24;24/01/2022;2150;2170;2150;2170;739
2022-01-25;25/01/2022;2175;2175;2170;2170;6156
2022-01-26;26/01/2022;2170;2170;2170;2170;336
2022-01-27;27/01/2022;2170;2185;2170;2185;1021
2022-01-28;28/01/2022;2180;2200;2180;2200;2449
2022-01-31;31/01/2022;2210;2210;2200;2200;1209
2022-02-01;01/02/2022;2220;2220;2200;2200;3032
2022-02-02;02/02/2022;2200;2220;2200;2220;485
2022-02-03;03/02/2022;2220;2220;2220;2220;8545
2022-02-04;04/02/2022;2240;2240;2230;2230;167
2022-02-07;07/02/2022;2240;2240;2220;2220;518
2022-02-08;08/02/2022;2220;2230;2220;2230;421
2022-02-09;09/02/2022;2230;2230;2230;2230;251
2022-02-10;10/02/2022;2245;2245;2245;2245;2308
2022-02-11;11/02/2022;2240;2240;2150;2150;11377
2022-02-14;14/02/2022;2200;2200;2195;2195;1761
2022-02-15;15/02/2022;2155;2200;2155;2200;426
2022-02-16;16/02/2022;2150;2150;2150;2150;50
2022-02-17;17/02/2022;2100;2225;2100;2225;14076
2022-02-18;18/02/2022;2225;2225;2200;2200;1682
2022-02-21;21/02/2022;2225;2225;2160;2160;685
2022-02-22;22/02/2022;2160;2160;2160;2160;2056
2022-02-23;23/02/2022;2200;2200;2160;2160;8600
2022-02-25;25/02/2022;2200;2200;2175;2175;388
2022-02-28;28/02/2022;2200;2250;2200;2250;565
2022-03-01;01/03/2022;2310;2350;2310;2350;798
2022-03-02;02/03/2022;2330;2330;2200;2200;3290
2022-03-03;03/03/2022;2290;2290;2245;2245;919
2022-03-04;04/03/2022;2245;2245;2200;2200;35820
2022-03-07;07/03/2022;2225;2245;2225;2245;729
2022-03-08;08/03/2022;2225;2230;2225;2230;1622
2022-03-09;09/03/2022;2230;2250;2230;2250;4787
2022-03-10;10/03/2022;2235;2350;2235;2350;4865
2022-03-11;11/03/2022;2410;2450;2410;2450;34752
2022-03-14;14/03/2022;2400;2400;2400;2400;1022
2022-03-15;15/03/2022;2400;2450;2400;2450;1813
2022-03-16;16/03/2022;2445;2445;2390;2390;1873
2022-03-17;17/03/2022;2405;2405;2350;2350;383
2022-03-18;18/03/2022;2350;2350;2350;2350;189
2022-03-21;21/03/2022;2350;2400;2350;2400;480
2022-03-22;22/03/2022;2350;2350;2350;2350;69
2022-03-23;23/03/2022;2350;2400;2350;2400;96
2022-03-24;24/03/2022;2400;2400;2400;2400;20
2022-03-25;25/03/2022;2400;2400;2400;2400;410
2022-03-28;28/03/2022;2350;2400;2350;2400;315
2022-03-29;29/03/2022;2400;2400;2400;2400;76
2022-03-30;30/03/2022;2400;2450;2400;2450;698
2022-03-31;31/03/2022;2450;2450;2300;2300;6399
2022-04-01;01/04/2022;2375;2410;2375;2410;4606
2022-04-04;04/04/2022;2385;2385;2230;2230;2054
2022-04-05;05/04/2022;2230;2230;2190;2190;2500
2022-04-06;06/04/2022;2200;2300;2200;2300;372
2022-04-07;07/04/2022;2345;2345;2300;2300;2137
2022-04-08;08/04/2022;2300;2300;2300;2300;802
2022-04-11;11/04/2022;2300;2300;2240;2240;190
2022-04-12;12/04/2022;2100;2240;2100;2240;8539
2022-04-13;13/04/2022;2205;2240;2205;2240;11452
2022-04-14;14/04/2022;2295;2350;2295;2350;5624
2022-04-15;15/04/2022;2325;2400;2325;2400;1042
2022-04-19;19/04/2022;2300;2300;2300;2300;2196
2022-04-20;20/04/2022;2395;2395;2350;2350;652
2022-04-21;21/04/2022;2350;2395;2350;2395;488
2022-04-22;22/04/2022;2310;2310;2305;2305;606
2022-04-25;25/04/2022;2310;2350;2310;2350;211
2022-04-26;26/04/2022;2310;2310;2305;2305;5850
2022-04-27;27/04/2022;2305;2310;2305;2310;1005
2022-04-28;28/04/2022;2305;2310;2305;2310;1005
2022-04-29;29/04/2022;2310;2380;2310;2380;612
2022-05-02;02/05/2022;2310;2380;2310;2380;612
2022-05-03;03/05/2022;2380;2380;2315;2315;167
2022-05-04;04/05/2022;2250;2400;2250;2400;1604
2022-05-05;05/05/2022;2400;2400;2320;2320;251
2022-05-06;06/05/2022;2320;2320;2280;2280;51
2022-05-09;09/05/2022;2210;2320;2210;2320;618
2022-05-10;10/05/2022;2320;2395;2320;2395;579
2022-05-11;11/05/2022;2350;2350;2350;2350;50
2022-05-12;12/05/2022;2350;2350;2350;2350;50
2022-05-13;13/05/2022;2300;2300;2205;2205;200
2022-05-16;16/05/2022;2350;2350;2300;2300;265
2022-05-17;17/05/2022;2300;2300;2195;2195;748
2022-05-18;18/05/2022;2195;2195;2195;2195;843
2022-05-19;19/05/2022;2100;2200;2100;2200;289
2022-05-20;20/05/2022;2195;2200;2195;2200;260
2022-05-23;23/05/2022;2190;2200;2190;2200;551
2022-05-24;24/05/2022;2200;2200;2190;2190;330
2022-05-25;25/05/2022;2200;2200;2190;2190;1812
2022-05-26;26/05/2022;2200;2200;2190;2190;1812
2022-05-27;27/05/2022;2190;2195;2190;2195;163
2022-05-30;30/05/2022;2195;2195;2190;2190;50
2022-05-31;31/05/2022;2200;2200;2200;2200;557
2022-06-01;01/06/2022;2200;2205;2200;2205;32121
2022-06-02;02/06/2022;2350;2350;2220;2220;10526
2022-06-03;03/06/2022;2350;2350;2350;2350;2265
2022-06-06;06/06/2022;2350;2350;2350;2350;2265
2022-06-07;07/06/2022;2350;2350;2330;2330;796
2022-06-08;08/06/2022;2350;2350;2215;2215;1438
2022-06-09;09/06/2022;2345;2345;2215;2215;2014
2022-06-10;10/06/2022;2300;2300;2215;2215;421
2022-06-13;13/06/2022;2220;2300;2220;2300;200
2022-06-14;14/06/2022;2380;2380;2370;2370;65
2022-06-15;15/06/2022;2365;2365;2350;2350;20
2022-06-16;16/06/2022;2350;2370;2350;2370;426
2022-06-17;17/06/2022;2370;2370;2300;2300;866
2022-06-20;20/06/2022;2300;2300;2250;2250;4050
2022-06-21;21/06/2022;2250;2250;2215;2215;3984
2022-06-22;22/06/2022;2300;2300;2300;2300;154
2022-06-23;23/06/2022;2300;2345;2300;2345;307
2022-06-24;24/06/2022;2345;2345;2210;2210;649
2022-06-27;27/06/2022;2215;2215;2215;2215;4697
2022-06-28;28/06/2022;2220;2380;2220;2380;333
2022-06-29;29/06/2022;2380;2380;2375;2375;828
2022-06-30;30/06/2022;2375;2375;2355;2355;188
2022-07-01;01/07/2022;2300;2345;2300;2345;39
2022-07-04;04/07/2022;2340;2345;2340;2345;600
2022-07-05;05/07/2022;2220;2345;2220;2345;1251
2022-07-06;06/07/2022;2335;2335;2255;2255;4013
2022-07-07;07/07/2022;2250;2250;2250;2250;499
2022-07-08;08/07/2022;2220;2220;2220;2220;307
2022-07-11;11/07/2022;2200;2220;2200;2220;2037
2022-07-12;12/07/2022;2200;2250;2200;2250;2982
2022-07-13;13/07/2022;2250;2250;2150;2150;2413
2022-07-14;14/07/2022;2150;2200;2150;2200;1555
2022-07-15;15/07/2022;2200;2200;2200;2200;3382
2022-07-18;18/07/2022;2200;2200;2200;2200;912
2022-07-19;19/07/2022;2150;2200;2150;2200;3851
2022-07-20;20/07/2022;2150;2200;2150;2200;4184
2022-07-21;21/07/2022;2200;2200;2200;2200;4397
2022-07-22;22/07/2022;2200;2200;2200;2200;2120
2022-07-25;25/07/2022;2200;2220;2200;2220;2587
2022-07-26;26/07/2022;2220;2220;2215;2215;39
2022-07-27;27/07/2022;2215;2335;2215;2335;196
2022-07-28;28/07/2022;2335;2335;2300;2300;746
2022-07-29;29/07/2022;2300;2300;2300;2300;2351
2022-08-01;01/08/2022;2290;2290;2290;2290;334
2022-08-02;02/08/2022;2290;2290;2235;2235;12398
2022-08-03;03/08/2022;2250;2250;2250;2250;1185
2022-08-04;04/08/2022;2230;2235;2230;2235;1242
2022-08-05;05/08/2022;2240;2290;2240;2290;2624
2022-08-08;08/08/2022;2240;2290;2240;2290;2624
2022-08-09;09/08/2022;2285;2290;2285;2290;827
2022-08-10;10/08/2022;2290;2290;2290;2290;1323
2022-08-11;11/08/2022;2295;2295;2280;2280;371
2022-08-12;12/08/2022;2260;2270;2260;2270;230
2022-08-15;15/08/2022;2260;2270;2260;2270;230
2022-08-16;16/08/2022;2290;2290;2270;2270;998
2022-08-17;17/08/2022;2295;2295;2280;2280;31
2022-08-18;18/08/2022;2270;2280;2270;2280;1365
2022-08-19;19/08/2022;2280;2280;2265;2265;4133
2022-08-22;22/08/2022;2270;2270;2270;2270;1491
2022-08-23;23/08/2022;2270;2270;2265;2265;1146
2022-08-24;24/08/2022;2270;2270;2200;2200;352
2022-08-25;25/08/2022;2200;2200;2200;2200;1686
2022-08-26;26/08/2022;2215;2250;2215;2250;156
2022-08-29;29/08/2022;2250;2250;2250;2250;279
2022-08-30;30/08/2022;2250;2250;2225;2225;127
2022-08-31;31/08/2022;2210;2250;2210;2250;2023
2022-09-01;01/09/2022;2250;2250;2250;2250;1044
2022-09-02;02/09/2022;2245;2250;2245;2250;284
2022-09-05;05/09/2022;2225;2240;2225;2240;161
2022-09-06;06/09/2022;2245;2245;2240;2240;300
2022-09-07;07/09/2022;2245;2245;2230;2230;215
2022-09-08;08/09/2022;2245;2245;2215;2215;290
2022-09-09;09/09/2022;2240;2240;2240;2240;18
2022-09-12;12/09/2022;2240;2240;2240;2240;114
2022-09-13;13/09/2022;2235;2235;2145;2145;2429
2022-09-14;14/09/2022;2240;2240;2235;2235;799
2022-09-15;15/09/2022;2240;2240;2230;2230;354
2022-09-16;16/09/2022;2210;2250;2210;2250;7934
2022-09-19;19/09/2022;2270;2270;2250;2250;301
2022-09-20;20/09/2022;2270;2320;2270;2320;7166
2022-09-21;21/09/2022;2295;2300;2295;2300;19
2022-09-22;22/09/2022;2250;2300;2250;2300;7462
2022-09-23;23/09/2022;2300;2300;2300;2300;84
2022-09-26;26/09/2022;2310;2310;2250;2250;21250
2022-09-27;27/09/2022;2380;2380;2300;2300;216
2022-09-28;28/09/2022;2300;2375;2300;2375;406
2022-09-29;29/09/2022;2375;2375;2330;2330;180
2022-09-30;30/09/2022;2300;2300;2295;2295;226
2022-10-03;03/10/2022;2300;2300;2300;2300;21464
2022-10-04;04/10/2022;2255;2295;2255;2295;680
2022-10-05;05/10/2022;2250;2250;2250;2250;587
2022-10-06;06/10/2022;2250;2250;2240;2240;556
2022-10-07;07/10/2022;2350;2350;2350;2350;2407
2022-10-10;10/10/2022;2350;2350;2345;2345;771
2022-10-11;11/10/2022;2345;2345;2330;2330;194
2022-10-12;12/10/2022;2330;2330;2235;2235;19988
2022-10-13;13/10/2022;2240;2350;2240;2350;4260
2022-10-14;14/10/2022;2350;2350;2300;2300;21
2022-10-17;17/10/2022;2300;2300;2300;2300;50
2022-10-18;18/10/2022;2345;2345;2250;2250;99
2022-10-19;19/10/2022;2345;2345;2340;2340;135
2022-10-20;20/10/2022;2345;2345;2250;2250;2950
2022-10-21;21/10/2022;2345;2345;2250;2250;2950
2022-10-24;24/10/2022;2300;2300;2250;2250;617
2022-10-25;25/10/2022;2220;2225;2220;2225;1126
2022-10-26;26/10/2022;2230;2235;2230;2235;539
2022-10-27;27/10/2022;2300;2300;2300;2300;540
2022-10-28;28/10/2022;2335;2335;2335;2335;2651
2022-10-31;31/10/2022;2335;2335;2335;2335;2651
2022-11-01;01/11/2022;2340;2340;2340;2340;46
2022-11-02;02/11/2022;2335;2335;2330;2330;826
2022-11-03;03/11/2022;2310;2310;2300;2300;3376
2022-11-04;04/11/2022;2300;2300;2215;2215;654927
2022-11-07;07/11/2022;2215;2330;2215;2330;100
2022-11-08;08/11/2022;2325;2325;2325;2325;267
2022-11-09;09/11/2022;2335;2335;2300;2300;97
2022-11-10;10/11/2022;2300;2300;2150;2150;1975
2022-11-11;11/11/2022;2010;2300;2010;2300;678
2022-11-14;14/11/2022;2200;2200;2200;2200;200
2022-11-15;15/11/2022;2200;2200;2200;2200;200
2022-11-16;16/11/2022;2200;2200;2035;2035;1074
2022-11-17;17/11/2022;2100;2185;2100;2185;3076
2022-11-18;18/11/2022;2190;2200;2190;2200;604
2022-11-21;21/11/2022;2200;2200;2200;2200;216
2022-11-22;22/11/2022;2200;2200;2195;2195;2605
2022-11-23;23/11/2022;2195;2200;2195;2200;2224
2022-11-24;24/11/2022;2195;2195;2195;2195;2887
2022-11-25;25/11/2022;2100;2195;2100;2195;280
2022-11-28;28/11/2022;2195;2195;2195;2195;4359
2022-11-29;29/11/2022;2195;2195;2145;2145;20
2022-11-30;30/11/2022;2195;2195;2145;2145;20
2022-12-01;01/12/2022;2195;2195;2145;2145;20
2022-12-02;02/12/2022;2035;2175;2035;2175;231
2022-12-05;05/12/2022;2035;2100;2035;2100;311
2022-12-06;06/12/2022;2090;2100;2090;2100;169
2022-12-07;07/12/2022;2100;2100;2100;2100;3311
2022-12-08;08/12/2022;1945;1945;1945;1945;1000
2022-12-09;09/12/2022;1955;1965;1955;1965;1584
2022-12-12;12/12/2022;2100;2100;2100;2100;240
2022-12-13;13/12/2022;2100;2100;2100;2100;290
2022-12-14;14/12/2022;2100;2100;1980;1980;569
2022-12-15;15/12/2022;2100;2100;2100;2100;810
2022-12-16;16/12/2022;2095;2095;2095;2095;53
2022-12-19;19/12/2022;2095;2095;2050;2050;424
2022-12-20;20/12/2022;2050;2050;2050;2050;300
2022-12-21;21/12/2022;1950;2050;1950;2050;730
2022-12-22;22/12/2022;2050;2050;1945;1945;241
2022-12-23;23/12/2022;2000;2000;2000;2000;479
2022-12-26;26/12/2022;2000;2000;2000;2000;479
2022-12-27;27/12/2022;2000;2000;1995;1995;498
2022-12-28;28/12/2022;1960;1960;1900;1900;3628
2022-12-29;29/12/2022;1900;1900;1900;1900;792
2022-12-30;30/12/2022;1900;1900;1895;1895;2094
2023-01-02;02/01/2023;1895;1900;1895;1900;1301
2023-01-03;03/01/2023;1895;1900;1895;1900;22346
2023-01-04;04/01/2023;2000;2000;2000;2000;1113
2023-01-05;05/01/2023;1995;1995;1990;1990;198
2023-01-06;06/01/2023;1990;1990;1905;1905;244
2023-01-09;09/01/2023;1950;1950;1920;1920;841
2023-01-10;10/01/2023;1920;1930;1920;1930;244
2023-01-11;11/01/2023;1905;1905;1900;1900;1229
2023-01-12;12/01/2023;1900;1950;1900;1950;2532
2023-01-13;13/01/2023;1950;1950;1925;1925;341
2023-01-16;16/01/2023;1905;1950;1905;1950;8810
2023-01-17;17/01/2023;1925;1940;1925;1940;3965
2023-01-18;18/01/2023;1905;1910;1905;1910;827
2023-01-19;19/01/2023;1910;1940;1910;1940;361
2023-01-20;20/01/2023;1940;1950;1940;1950;2263
2023-01-23;23/01/2023;1940;1990;1940;1990;1544
2023-01-24;24/01/2023;1945;1990;1945;1990;11038
2023-01-25;25/01/2023;1990;2000;1990;2000;295
2023-01-26;26/01/2023;1990;2000;1990;2000;161
2023-01-27;27/01/2023;2000;2010;2000;2010;1247
2023-01-30;30/01/2023;2000;2010;2000;2010;95
2023-01-31;31/01/2023;2000;2040;2000;2040;801
2023-02-01;01/02/2023;2050;2050;2040;2040;473
2023-02-02;02/02/2023;2040;2100;2040;2100;720
2023-02-03;03/02/2023;2100;2100;2100;2100;157
2023-02-06;06/02/2023;2075;2075;2070;2070;165
2023-02-07;07/02/2023;2070;2100;2070;2100;2556
2023-02-08;08/02/2023;2100;2100;2040;2040;218
2023-02-09;09/02/2023;2100;2100;2100;2100;659
2023-02-10;10/02/2023;2100;2100;2070;2070;257
2023-02-13;13/02/2023;2070;2070;2070;2070;3908
2023-02-14;14/02/2023;2070;2080;2070;2080;1470
2023-02-15;15/02/2023;2085;2200;2085;2200;3093
2023-02-16;16/02/2023;2200;2200;2200;2200;7539
2023-02-17;17/02/2023;2200;2200;2200;2200;5299
2023-02-20;20/02/2023;2195;2195;2190;2190;437
2023-02-21;21/02/2023;2195;2200;2195;2200;1259
2023-02-22;22/02/2023;2195;2195;2195;2195;8825
2023-02-23;23/02/2023;2190;2190;2190;2190;616
2023-02-24;24/02/2023;2095;2185;2095;2185;1029
2023-02-27;27/02/2023;2175;2175;2100;2100;555
2023-02-28;28/02/2023;2010;2100;2010;2100;23754
2023-03-01;01/03/2023;2100;2100;2095;2095;1265
2023-03-02;02/03/2023;2090;2090;2090;2090;561
2023-03-03;03/03/2023;2095;2100;2095;2100;144
2023-03-06;06/03/2023;2005;2100;2005;2100;402
2023-03-07;07/03/2023;2100;2100;2090;2090;339
2023-03-08;08/03/2023;2090;2090;2000;2000;2258
2023-03-09;09/03/2023;2000;2100;2000;2100;888
2023-03-10;10/03/2023;2100;2200;2100;2200;808
2023-03-13;13/03/2023;2195;2195;2195;2195;1454
2023-03-14;14/03/2023;2195;2290;2195;2290;919
2023-03-15;15/03/2023;2290;2290;2150;2150;995
2023-03-16;16/03/2023;2140;2150;2140;2150;3658
2023-03-17;17/03/2023;2100;2150;2100;2150;5286
2023-03-20;20/03/2023;2145;2150;2145;2150;4602
2023-03-21;21/03/2023;2105;2110;2105;2110;2685
2023-03-22;22/03/2023;2110;2240;2110;2240;971
2023-03-23;23/03/2023;2115;2235;2115;2235;71
2023-03-24;24/03/2023;2235;2235;2235;2235;550
2023-03-27;27/03/2023;2235;2235;2230;2230;4392
2023-03-28;28/03/2023;2225;2225;2200;2200;2194
2023-03-29;29/03/2023;2195;2195;2120;2120;68
2023-03-30;30/03/2023;2105;2120;2105;2120;5755
2023-03-31;31/03/2023;2190;2190;2120;2120;43
2023-04-03;03/04/2023;2105;2110;2105;2110;715
2023-04-04;04/04/2023;2120;2120;2100;2100;1520
2023-04-05;05/04/2023;2110;2110;2105;2105;942
2023-04-06;06/04/2023;2150;2150;2150;2150;859
2023-04-07;07/04/2023;2150;2150;2100;2100;264
2023-04-10;10/04/2023;2150;2150;2100;2100;264
2023-04-11;11/04/2023;2105;2105;2100;2100;340
2023-04-12;12/04/2023;2100;2150;2100;2150;1816
2023-04-13;13/04/2023;2150;2150;2100;2100;118
2023-04-14;14/04/2023;2100;2150;2100;2150;275
2023-04-17;17/04/2023;2100;2200;2100;2200;313
2023-04-18;18/04/2023;2100;2200;2100;2200;313
2023-04-19;19/04/2023;2200;2200;2100;2100;763
2023-04-20;20/04/2023;2100;2100;2100;2100;2109
2023-04-21;21/04/2023;2100;2100;2100;2100;2109
2023-04-24;24/04/2023;2100;2100;2100;2100;320
2023-04-25;25/04/2023;2100;2195;2100;2195;604
2023-04-26;26/04/2023;2190;2195;2190;2195;201
2023-04-27;27/04/2023;2195;2195;2195;2195;1315
2023-04-28;28/04/2023;2195;2195;2150;2150;17
2023-05-01;01/05/2023;2195;2195;2150;2150;17
2023-05-02;02/05/2023;2145;2160;2145;2160;1438
2023-05-03;03/05/2023;2145;2160;2145;2160;1438
2023-05-04;04/05/2023;2160;2160;2020;2020;5327
2023-05-05;05/05/2023;2060;2170;2060;2170;652
2023-05-08;08/05/2023;2170;2170;2100;2100;160
2023-05-09;09/05/2023;2170;2170;2100;2100;160
2023-05-10;10/05/2023;2095;2095;2020;2020;133
2023-05-11;11/05/2023;2090;2100;2090;2100;540
2023-05-12;12/05/2023;2100;2100;2100;2100;942
2023-05-15;15/05/2023;2100;2100;2050;2050;263
2023-05-16;16/05/2023;2100;2100;2050;2050;130
2023-05-17;17/05/2023;2050;2095;2050;2095;115
2023-05-18;18/05/2023;2050;2095;2050;2095;115
2023-05-19;19/05/2023;2100;2100;2100;2100;319
2023-05-22;22/05/2023;2100;2100;2090;2090;738
2023-05-23;23/05/2023;2005;2100;2005;2100;599
2023-05-24;24/05/2023;2100;2100;2100;2100;3775
2023-05-25;25/05/2023;2170;2200;2170;2200;570
2023-05-26;26/05/2023;2195;2195;2100;2100;6989
2023-05-29;29/05/2023;2195;2195;2100;2100;6989
2023-05-30;30/05/2023;2100;2100;2100;2100;869
2023-05-31;31/05/2023;2100;2100;2100;2100;2908
2023-06-01;01/06/2023;2100;2100;2095;2095;1150
2023-06-02;02/06/2023;2095;2095;2095;2095;312
2023-06-05;05/06/2023;2100;2100;2090;2090;116
2023-06-06;06/06/2023;2085;2085;2050;2050;412
2023-06-07;07/06/2023;2050;2050;2000;2000;3909
2023-06-08;08/06/2023;2100;2100;2100;2100;2795
2023-06-09;09/06/2023;2100;2100;2100;2100;455
2023-06-12;12/06/2023;2150;2190;2150;2190;1167
2023-06-13;13/06/2023;2150;2170;2150;2170;10512
2023-06-14;14/06/2023;2150;2150;2145;2145;306
2023-06-15;15/06/2023;2145;2145;2145;2145;651
2023-06-16;16/06/2023;2145;2145;2145;2145;469
2023-06-19;19/06/2023;2145;2145;2145;2145;759
2023-06-20;20/06/2023;2145;2145;2145;2145;7176
2023-06-21;21/06/2023;2145;2195;2145;2195;581
2023-06-22;22/06/2023;2190;2195;2190;2195;1466
2023-06-23;23/06/2023;2155;2190;2155;2190;751
2023-06-26;26/06/2023;2195;2200;2195;2200;2638
2023-06-27;27/06/2023;2195;2220;2195;2220;1009
2023-06-28;28/06/2023;2195;2220;2195;2220;1009
2023-06-29;29/06/2023;2295;2295;2285;2285;225
2023-06-30;30/06/2023;2155;2290;2155;2290;33453
2023-07-03;03/07/2023;2290;2290;2160;2160;808
2023-07-04;04/07/2023;2200;2200;2160;2160;395
2023-07-05;05/07/2023;2200;2200;2200;2200;3587
2023-07-06;06/07/2023;2200;2200;2160;2160;905
2023-07-07;07/07/2023;2200;2260;2200;2260;139
2023-07-10;10/07/2023;2260;2260;2260;2260;593
2023-07-11;11/07/2023;2260;2260;2260;2260;5551
2023-07-12;12/07/2023;2250;2290;2250;2290;548
2023-07-13;13/07/2023;2245;2245;2245;2245;5080
2023-07-14;14/07/2023;2245;2245;2245;2245;4152
2023-07-17;17/07/2023;2240;2250;2240;2250;4556
2023-07-18;18/07/2023;2250;2250;2230;2230;2068
2023-07-19;19/07/2023;2230;2230;2230;2230;235
2023-07-20;20/07/2023;2225;2225;2225;2225;740
2023-07-21;21/07/2023;2225;2225;2200;2200;1672
2023-07-24;24/07/2023;2225;2230;2225;2230;762
2023-07-25;25/07/2023;2230;2240;2230;2240;9682
2023-07-26;26/07/2023;2235;2240;2235;2240;1010
2023-07-27;27/07/2023;2240;2265;2240;2265;4612
2023-07-28;28/07/2023;2240;2265;2240;2265;725
2023-07-31;31/07/2023;2265;2380;2265;2380;2560
2023-08-01;01/08/2023;2380;2380;2370;2370;1608
2023-08-02;02/08/2023;2370;2370;2310;2310;501
2023-08-03;03/08/2023;2340;2370;2340;2370;804
2023-08-04;04/08/2023;2370;2370;2230;2230;1406
2023-08-07;07/08/2023;2370;2370;2230;2230;1406
2023-08-08;08/08/2023;2300;2300;2150;2150;6901
2023-08-09;09/08/2023;2150;2150;2150;2150;2364
2023-08-10;10/08/2023;2145;2160;2145;2160;815
2023-08-11;11/08/2023;2160;2160;2150;2150;1246
2023-08-14;14/08/2023;2150;2150;2150;2150;372
2023-08-15;15/08/2023;2150;2150;2150;2150;372
2023-08-16;16/08/2023;2145;2145;2145;2145;1015
2023-08-17;17/08/2023;2015;2150;2015;2150;27819
2023-08-18;18/08/2023;2150;2150;2150;2150;2637
2023-08-21;21/08/2023;2125;2150;2125;2150;1687
2023-08-22;22/08/2023;2150;2150;2150;2150;1445
2023-08-23;23/08/2023;2110;2145;2110;2145;2005
2023-08-24;24/08/2023;2130;2145;2130;2145;2832
2023-08-25;25/08/2023;2150;2150;2150;2150;456783
2023-08-28;28/08/2023;2150;2150;2145;2145;11046
2023-08-29;29/08/2023;2145;2145;2130;2130;38844
2023-08-30;30/08/2023;2130;2145;2130;2145;865
2023-08-31;31/08/2023;2145;2150;2145;2150;9970
2023-09-01;01/09/2023;2150;2150;2150;2150;275
2023-09-04;04/09/2023;2150;2150;2150;2150;3274
2023-09-05;05/09/2023;2150;2150;2150;2150;990
2023-09-06;06/09/2023;2130;2175;2130;2175;12993
2023-09-07;07/09/2023;2170;2170;2170;2170;4128
2023-09-08;08/09/2023;2175;2175;2160;2160;3679
2023-09-11;11/09/2023;2155;2155;2155;2155;1680
2023-09-12;12/09/2023;2155;2155;2155;2155;2332
2023-09-13;13/09/2023;2160;2310;2160;2310;22027
2023-09-14;14/09/2023;2315;2315;2300;2300;3419
2023-09-15;15/09/2023;2300;2300;2300;2300;12188
2023-09-18;18/09/2023;2300;2300;2295;2295;1053
2023-09-19;19/09/2023;2160;2160;2150;2150;5840
2023-09-20;20/09/2023;2155;2155;2155;2155;4631
2023-09-21;21/09/2023;2155;2155;2155;2155;303
2023-09-22;22/09/2023;2155;2155;2155;2155;2061
2023-09-25;25/09/2023;2155;2155;2145;2145;476
2023-09-26;26/09/2023;2175;2175;2010;2010;1275
2023-09-27;27/09/2023;2175;2175;2010;2010;1275
2023-09-28;28/09/2023;2095;2150;2095;2150;1230
2023-09-29;29/09/2023;2190;2190;2160;2160;1313
2023-10-02;02/10/2023;2190;2190;2180;2180;4643
2023-10-03;03/10/2023;2150;2150;2100;2100;6494
2023-10-04;04/10/2023;2100;2100;2100;2100;3114
2023-10-05;05/10/2023;2100;2100;2100;2100;418
2023-10-06;06/10/2023;1945;2100;1945;2100;9352
2023-10-09;09/10/2023;2085;2085;2085;2085;3726
2023-10-10;10/10/2023;2085;2105;2085;2105;12379
2023-10-11;11/10/2023;2085;2095;2085;2095;989
2023-10-12;12/10/2023;2095;2120;2095;2120;2605
2023-10-13;13/10/2023;2000;2110;2000;2110;635
2023-10-16;16/10/2023;2120;2120;2100;2100;3390
2023-10-17;17/10/2023;2100;2100;2090;2090;7077
2023-10-18;18/10/2023;2090;2090;2010;2010;2914
2023-10-19;19/10/2023;2050;2050;2000;2000;666
2023-10-20;20/10/2023;2095;2095;2000;2000;3617
2023-10-23;23/10/2023;2000;2000;1950;1950;4939
2023-10-24;24/10/2023;1950;1990;1950;1990;3328
2023-10-25;25/10/2023;1990;1990;1950;1950;936
2023-10-26;26/10/2023;2050;2050;1950;1950;2147
2023-10-27;27/10/2023;2000;2000;2000;2000;5695
2023-10-30;30/10/2023;1955;2000;1955;2000;795
2023-10-31;31/10/2023;1950;1950;1900;1900;3710
2023-11-01;01/11/2023;1950;1950;1900;1900;3710
2023-11-02;02/11/2023;1890;1915;1890;1915;1302
2023-11-03;03/11/2023;1950;1990;1950;1990;445
2023-11-06;06/11/2023;2000;2000;1995;1995;163
2023-11-07;07/11/2023;1990;1995;1990;1995;434
2023-11-08;08/11/2023;1910;1910;1905;1905;7921
2023-11-09;09/11/2023;1905;1905;1900;1900;9874
2023-11-10;10/11/2023;1870;1870;1850;1850;6094
2023-11-13;13/11/2023;1850;1855;1850;1855;1167
2023-11-14;14/11/2023;1855;1855;1855;1855;8
2023-11-15;15/11/2023;1855;1855;1855;1855;8
2023-11-16;16/11/2023;1860;1860;1850;1850;2220
2023-11-17;17/11/2023;1845;1850;1845;1850;10733
2023-11-20;20/11/2023;1855;1855;1855;1855;994
2023-11-21;21/11/2023;1855;1855;1855;1855;2608
2023-11-22;22/11/2023;1850;1850;1800;1800;1431
2023-11-23;23/11/2023;1850;1850;1805;1805;5290
2023-11-24;24/11/2023;1805;1805;1805;1805;1077
2023-11-27;27/11/2023;1805;1805;1805;1805;9266
2023-11-28;28/11/2023;1810;1850;1810;1850;5931
2023-11-29;29/11/2023;1885;1885;1825;1825;6496
2023-11-30;30/11/2023;1825;1825;1795;1795;2180
2023-12-01;01/12/2023;1800;1800;1780;1780;6329
2023-12-04;04/12/2023;1745;1770;1745;1770;34490
2023-12-05;05/12/2023;1780;1780;1765;1765;3333
2023-12-06;06/12/2023;1750;1750;1750;1750;2622
2023-12-07;07/12/2023;1750;1750;1750;1750;1565
2023-12-08;08/12/2023;1780;1790;1780;1790;1439
2023-12-11;11/12/2023;1770;1770;1770;1770;2023
2023-12-12;12/12/2023;1800;1800;1800;1800;4081
2023-12-13;13/12/2023;1850;1850;1850;1850;10183
2023-12-14;14/12/2023;1850;1850;1800;1800;3701
2023-12-15;15/12/2023;1800;1800;1800;1800;4061
2023-12-18;18/12/2023;1800;1800;1800;1800;1200
2023-12-19;19/12/2023;1795;1800;1795;1800;1163
2023-12-20;20/12/2023;1730;1800;1730;1800;3092
2023-12-21;21/12/2023;1850;1850;1850;1850;366
2023-12-22;22/12/2023;1850;1850;1850;1850;1061
2023-12-25;25/12/2023;1850;1850;1850;1850;1061
2023-12-26;26/12/2023;1855;1855;1800;1800;2844
2023-12-27;27/12/2023;1800;1800;1800;1800;425
2023-12-28;28/12/2023;1800;1800;1795;1795;1193
2023-12-29;29/12/2023;1795;1800;1795;1800;18079
2024-01-01;01/01/2024;1795;1800;1795;1800;18079
2024-01-02;02/01/2024;1710;1780;1710;1780;369
2024-01-03;03/01/2024;1795;1795;1750;1750;10735
2024-01-04;04/01/2024;1780;1780;1775;1775;4310
2024-01-05;05/01/2024;1780;1780;1780;1780;1148
2024-01-08;08/01/2024;1780;1780;1750;1750;1026
2024-01-09;09/01/2024;1750;1780;1750;1780;2217
2024-01-10;10/01/2024;1780;1780;1780;1780;674
2024-01-11;11/01/2024;1780;1780;1760;1760;490
2024-01-12;12/01/2024;1780;1780;1645;1645;2119
2024-01-15;15/01/2024;1765;1765;1680;1680;842
2024-01-16;16/01/2024;1685;1800;1685;1800;606
2024-01-17;17/01/2024;1790;1800;1790;1800;264
2024-01-18;18/01/2024;1785;1860;1785;1860;6274
2024-01-19;19/01/2024;1725;1850;1725;1850;1968
2024-01-22;22/01/2024;1715;1800;1715;1800;1171
2024-01-23;23/01/2024;1695;1860;1695;1860;5186
2024-01-24;24/01/2024;1725;1850;1725;1850;1070
2024-01-25;25/01/2024;1735;1845;1735;1845;185
2024-01-26;26/01/2024;1735;1800;1735;1800;1222
2024-01-29;29/01/2024;1740;1750;1740;1750;5165
2024-01-30;30/01/2024;1800;1800;1700;1700;4112
2024-01-31;31/01/2024;1750;1750;1700;1700;825
2024-02-01;01/02/2024;1750;1750;1700;1700;1240
2024-02-02;02/02/2024;1700;1700;1695;1695;908
2024-02-05;05/02/2024;1700;1700;1700;1700;2230
2024-02-06;06/02/2024;1750;1750;1680;1680;3777
2024-02-07;07/02/2024;1700;1700;1680;1680;1688
2024-02-08;08/02/2024;1680;1680;1680;1680;390
2024-02-09;09/02/2024;1680;1700;1680;1700;7514
2024-02-12;12/02/2024;1680;1700;1680;1700;7514
2024-02-13;13/02/2024;1700;1700;1700;1700;2397
2024-02-14;14/02/2024;1700;1730;1700;1730;2282
2024-02-15;15/02/2024;1605;1690;1605;1690;12864
2024-02-16;16/02/2024;1660;1690;1660;1690;297231
2024-02-19;19/02/2024;1695;1695;1680;1680;13197
2024-02-20;20/02/2024;1690;1690;1680;1680;16146
2024-02-21;21/02/2024;1685;1685;1680;1680;8269
2024-02-22;22/02/2024;1680;1700;1680;1700;902
2024-02-23;23/02/2024;1700;1720;1700;1720;23964
2024-02-26;26/02/2024;1720;1720;1700;1700;14968
2024-02-27;27/02/2024;1700;1700;1580;1580;12987
2024-02-28;28/02/2024;1690;1695;1690;1695;934
2024-02-29;29/02/2024;1700;1700;1685;1685;6581
2024-03-01;01/03/2024;1685;1685;1675;1675;5487
2024-03-04;04/03/2024;1670;1720;1670;1720;2226
2024-03-05;05/03/2024;1720;1720;1660;1660;6105
2024-03-06;06/03/2024;1610;1650;1610;1650;3011
2024-03-07;07/03/2024;1660;1660;1660;1660;3182
2024-03-08;08/03/2024;1680;1680;1665;1665;2247
2024-03-11;11/03/2024;1700;1725;1700;1725;881
2024-03-12;12/03/2024;1725;1725;1650;1650;3885
2024-03-13;13/03/2024;1725;1725;1605;1605;6487
2024-03-14;14/03/2024;1645;1645;1645;1645;1790
2024-03-15;15/03/2024;1645;1645;1645;1645;687
2024-03-18;18/03/2024;1645;1700;1645;1700;31221
2024-03-19;19/03/2024;1650;1700;1650;1700;1038
2024-03-20;20/03/2024;1705;1705;1705;1705;391
2024-03-21;21/03/2024;1705;1705;1700;1700;1048
2024-03-22;22/03/2024;1700;1700;1700;1700;990
2024-03-25;25/03/2024;1705;1710;1705;1710;1176
2024-03-26;26/03/2024;1720;1725;1720;1725;769
2024-03-27;27/03/2024;1730;1730;1725;1725;11812
2024-03-28;28/03/2024;1725;1750;1725;1750;1722
2024-03-29;29/03/2024;1750;1750;1620;1620;17214
2024-04-01;01/04/2024;1750;1750;1620;1620;17214
2024-04-02;02/04/2024;1680;1700;1680;1700;37931
2024-04-03;03/04/2024;1700;1745;1700;1745;3442
2024-04-04;04/04/2024;1650;1730;1650;1730;581
2024-04-05;05/04/2024;1750;1750;1700;1700;1180
2024-04-08;08/04/2024;1700;1700;1700;1700;1065
2024-04-09;09/04/2024;1700;1740;1700;1740;139
2024-04-10;10/04/2024;1700;1740;1700;1740;139
2024-04-11;11/04/2024;1750;1750;1740;1740;825
2024-04-12;12/04/2024;1725;1740;1725;1740;1544
2024-04-15;15/04/2024;1740;1740;1725;1725;1148
2024-04-16;16/04/2024;1700;1720;1700;1720;1210
2024-04-17;17/04/2024;1720;1720;1720;1720;19572
2024-04-18;18/04/2024;1725;1790;1725;1790;643
2024-04-19;19/04/2024;1795;1795;1780;1780;453
2024-04-22;22/04/2024;1780;1780;1780;1780;679
2024-04-23;23/04/2024;1790;1800;1790;1800;1660
2024-04-24;24/04/2024;1800;1800;1780;1780;450
2024-04-25;25/04/2024;1780;1780;1780;1780;629
2024-04-26;26/04/2024;1780;1795;1780;1795;1098
2024-04-29;29/04/2024;1795;1795;1790;1790;1084
2024-04-30;30/04/2024;1820;1880;1820;1880;6291
2024-05-01;01/05/2024;1820;1880;1820;1880;6291
2024-05-02;02/05/2024;1900;1940;1900;1940;3402
2024-05-03;03/05/2024;1900;1900;1900;1900;3592
2024-05-06;06/05/2024;1900;1900;1845;1845;10748
2024-05-07;07/05/2024;1845;1885;1845;1885;5247
2024-05-08;08/05/2024;1885;1930;1885;1930;1245
2024-05-09;09/05/2024;1885;1930;1885;1930;1245
2024-05-10;10/05/2024;1940;1945;1940;1945;4481
2024-05-13;13/05/2024;1945;1945;1900;1900;2591
2024-05-14;14/05/2024;1900;1930;1900;1930;1203
2024-05-15;15/05/2024;1930;1930;1905;1905;1022
2024-05-16;16/05/2024;1930;1930;1910;1910;1317
2024-05-17;17/05/2024;1910;1915;1910;1915;1790
2024-05-20;20/05/2024;1910;1915;1910;1915;1790
2024-05-21;21/05/2024;1920;1920;1920;1920;4097
2024-05-22;22/05/2024;1850;1915;1850;1915;3696
2024-05-23;23/05/2024;1920;1930;1920;1930;1806
2024-05-24;24/05/2024;1915;1930;1915;1930;1989
2024-05-27;27/05/2024;1960;1960;1930;1930;4002
2024-05-28;28/05/2024;1950;1965;1950;1965;4684
2024-05-29;29/05/2024;1970;1985;1970;1985;9924
2024-05-30;30/05/2024;1990;2000;1990;2000;9058
2024-05-31;31/05/2024;2000;2085;2000;2085;6326
2024-06-03;03/06/2024;2050;2050;2050;2050;1784
2024-06-04;04/06/2024;2050;2050;2050;2050;3196
2024-06-05;05/06/2024;2050;2055;2050;2055;11445
2024-06-06;06/06/2024;2070;2070;2055;2055;503
2024-06-07;07/06/2024;2055;2070;2055;2070;604
2024-06-10;10/06/2024;2150;2150;2070;2070;1137
2024-06-11;11/06/2024;2080;2085;2080;2085;961
2024-06-12;12/06/2024;2085;2085;2055;2055;5032
2024-06-13;13/06/2024;2065;2065;2065;2065;695
2024-06-14;14/06/2024;2055;2055;2055;2055;696
2024-06-18;18/06/2024;2055;2055;2055;2055;1094
2024-06-19;19/06/2024;2055;2055;2010;2010;1687
2024-06-20;20/06/2024;2100;2100;2100;2100;2289
2024-06-21;21/06/2024;2060;2095;2060;2095;2276
2024-06-24;24/06/2024;2020;2125;2020;2125;1404
2024-06-25;25/06/2024;2095;2125;2095;2125;858
2024-06-26;26/06/2024;2115;2115;2115;2115;495
2024-06-27;27/06/2024;2115;2115;2110;2110;5112
2024-06-28;28/06/2024;2100;2110;2100;2110;1194
2024-07-01;01/07/2024;2115;2115;2110;2110;1531
2024-07-02;02/07/2024;2185;2185;2170;2170;653
2024-07-03;03/07/2024;2170;2180;2170;2180;564
2024-07-04;04/07/2024;2185;2185;2175;2175;950
2024-07-05;05/07/2024;2180;2190;2180;2190;615
2024-07-08;08/07/2024;2190;2190;2190;2190;2737
2024-07-09;09/07/2024;2195;2195;2190;2190;1569
2024-07-10;10/07/2024;2190;2190;2110;2110;779
2024-07-11;11/07/2024;2150;2150;2120;2120;26496
2024-07-12;12/07/2024;2150;2150;2145;2145;8099
2024-07-15;15/07/2024;2125;2145;2125;2145;10178
2024-07-16;16/07/2024;2120;2145;2120;2145;994
2024-07-17;17/07/2024;2145;2145;2145;2145;2282
2024-07-18;18/07/2024;2145;2175;2145;2175;988
2024-07-19;19/07/2024;2175;2175;2175;2175;10695
2024-07-22;22/07/2024;2190;2195;2190;2195;6251
2024-07-23;23/07/2024;2195;2195;2180;2180;623
2024-07-24;24/07/2024;2180;2180;2180;2180;1397
2024-07-25;25/07/2024;2180;2180;2175;2175;126
2024-07-26;26/07/2024;2175;2180;2175;2180;10418
2024-07-29;29/07/2024;2180;2250;2180;2250;3259
2024-07-30;30/07/2024;2245;2245;2240;2240;863
2024-07-31;31/07/2024;2240;2240;2190;2190;8905
2024-08-01;01/08/2024;2245;2250;2245;2250;2373
2024-08-02;02/08/2024;2255;2255;2255;2255;1883
2024-08-05;05/08/2024;2290;2290;2270;2270;2879
2024-08-06;06/08/2024;2270;2385;2270;2385;1704
2024-08-07;07/08/2024;2270;2385;2270;2385;1704
2024-08-08;08/08/2024;2400;2435;2400;2435;18480
2024-08-09;09/08/2024;2395;2435;2395;2435;2580
2024-08-12;12/08/2024;2435;2435;2425;2425;23673
2024-08-13;13/08/2024;2420;2420;2385;2385;5017
2024-08-14;14/08/2024;2385;2385;2385;2385;3669
2024-08-15;15/08/2024;2385;2385;2385;2385;3669
2024-08-16;16/08/2024;2400;2400;2380;2380;5281
2024-08-19;19/08/2024;2380;2425;2380;2425;1002
2024-08-20;20/08/2024;2425;2425;2385;2385;20535
2024-08-21;21/08/2024;2390;2415;2390;2415;4029
2024-08-22;22/08/2024;2400;2425;2400;2425;1440
2024-08-23;23/08/2024;2425;2425;2425;2425;26566
2024-08-26;26/08/2024;2480;2480;2445;2445;18243
2024-08-27;27/08/2024;2435;2435;2300;2300;57363
2024-08-28;28/08/2024;2400;2400;2400;2400;13582
2024-08-29;29/08/2024;2400;2450;2400;2450;26440
2024-08-30;30/08/2024;2570;2600;2570;2600;7125
2024-09-02;02/09/2024;2600;2600;2535;2535;2376
2024-09-03;03/09/2024;2535;2620;2535;2620;8662
2024-09-04;04/09/2024;2600;2600;2600;2600;7720
2024-09-05;05/09/2024;2600;2615;2600;2615;18191
2024-09-06;06/09/2024;2615;2630;2615;2630;17281
2024-09-09;09/09/2024;2615;2615;2615;2615;1479
2024-09-10;10/09/2024;2630;2650;2630;2650;12870
2024-09-11;11/09/2024;2520;2650;2520;2650;4706
2024-09-12;12/09/2024;2650;2690;2650;2690;5756
2024-09-13;13/09/2024;2650;2650;2490;2490;772
2024-09-16;16/09/2024;2490;2490;2420;2420;2461
2024-09-17;17/09/2024;2400;2400;2385;2385;1455
2024-09-18;18/09/2024;2380;2380;2300;2300;1701
2024-09-19;19/09/2024;2300;2300;2300;2300;6103
2024-09-20;20/09/2024;2300;2375;2300;2375;7752
2024-09-23;23/09/2024;2400;2490;2400;2490;4319
2024-09-24;24/09/2024;2480;2480;2395;2395;5016
2024-09-25;25/09/2024;2360;2365;2360;2365;3518
2024-09-26;26/09/2024;2365;2365;2360;2360;12362
2024-09-27;27/09/2024;2360;2360;2350;2350;833
2024-09-30;30/09/2024;2300;2300;2290;2290;8149
2024-10-01;01/10/2024;2270;2395;2270;2395;5808
2024-10-02;02/10/2024;2350;2350;2300;2300;2067
2024-10-03;03/10/2024;2340;2340;2340;2340;109
2024-10-04;04/10/2024;2325;2330;2325;2330;742
2024-10-07;07/10/2024;2330;2330;2260;2260;1646
2024-10-08;08/10/2024;2340;2340;2250;2250;2838
2024-10-09;09/10/2024;2260;2260;2230;2230;1523
2024-10-10;10/10/2024;2250;2250;2160;2160;8593
2024-10-11;11/10/2024;2300;2300;2290;2290;1638
2024-10-14;14/10/2024;2290;2290;2285;2285;412
2024-10-15;15/10/2024;2285;2300;2285;2300;44678
2024-10-16;16/10/2024;2285;2285;2260;2260;860
2024-10-17;17/10/2024;2340;2340;2335;2335;632
2024-10-18;18/10/2024;2335;2340;2335;2340;4319
2024-10-21;21/10/2024;2340;2365;2340;2365;2953
2024-10-22;22/10/2024;2400;2400;2375;2375;1292
2024-10-23;23/10/2024;2380;2380;2375;2375;517
2024-10-24;24/10/2024;2375;2405;2375;2405;1373
2024-10-25;25/10/2024;2405;2525;2405;2525;5713
2024-10-28;28/10/2024;2525;2525;2525;2525;14654
2024-10-29;29/10/2024;2520;2520;2505;2505;7151
2024-10-30;30/10/2024;2505;2505;2500;2500;2360
2024-10-31;31/10/2024;2500;2500;2450;2450;542
2024-11-01;01/11/2024;2500;2500;2450;2450;542
2024-11-04;04/11/2024;2450;2460;2450;2460;4366
2024-11-05;05/11/2024;2500;2500;2460;2460;8750
2024-11-06;06/11/2024;2460;2480;2460;2480;1258
2024-11-07;07/11/2024;2480;2485;2480;2485;1112
2024-11-08;08/11/2024;2460;2485;2460;2485;782
2024-11-11;11/11/2024;2485;2490;2485;2490;2254
2024-11-12;12/11/2024;2500;2500;2490;2490;5816
2024-11-13;13/11/2024;2490;2495;2490;2495;1306
2024-11-14;14/11/2024;2495;2495;2490;2490;550
2024-11-15;15/11/2024;2495;2495;2490;2490;550
2024-11-18;18/11/2024;2495;2495;2480;2480;2494
2024-11-19;19/11/2024;2490;2490;2490;2490;2695
2024-11-20;20/11/2024;2490;2500;2490;2500;849
2024-11-21;21/11/2024;2495;2495;2485;2485;746
2024-11-22;22/11/2024;2490;2495;2490;2495;780
2024-11-25;25/11/2024;2485;2485;2395;2395;6866
2024-11-26;26/11/2024;2355;2395;2355;2395;4269
2024-11-27;27/11/2024;2410;2410;2350;2350;2284
2024-11-28;28/11/2024;2350;2390;2350;2390;630
2024-11-29;29/11/2024;2390;2390;2390;2390;2568
2024-12-02;02/12/2024;2390;2390;2380;2380;713
2024-12-03;03/12/2024;2385;2410;2385;2410;8111
2024-12-04;04/12/2024;2380;2400;2380;2400;656
2024-12-05;05/12/2024;2400;2400;2380;2380;984
2024-12-06;06/12/2024;2380;2380;2370;2370;1141
2024-12-09;09/12/2024;2370;2370;2370;2370;514
2024-12-10;10/12/2024;2370;2370;2350;2350;2126
2024-12-11;11/12/2024;2350;2350;2340;2340;162
2024-12-12;12/12/2024;2340;2345;2340;2345;297
2024-12-13;13/12/2024;2345;2350;2345;2350;1329
2024-12-16;16/12/2024;2350;2350;2345;2345;563
2024-12-17;17/12/2024;2340;2340;2180;2180;8836
2024-12-18;18/12/2024;2200;2315;2200;2315;859
2024-12-19;19/12/2024;2315;2340;2315;2340;8262
2024-12-20;20/12/2024;2300;2340;2300;2340;326
2024-12-23;23/12/2024;2315;2315;2300;2300;18024
2024-12-24;24/12/2024;2300;2300;2300;2300;201
2024-12-25;25/12/2024;2300;2300;2300;2300;201
2024-12-26;26/12/2024;2335;2335;2335;2335;4150
2024-12-27;27/12/2024;2400;2400;2400;2400;1493
2024-12-30;30/12/2024;2390;2480;2390;2480;3687
2024-12-31;31/12/2024;2500;2500;2500;2500;3473
2025-01-01;01/01/2025;2500;2500;2500;2500;3473
2025-01-02;02/01/2025;2500;2500;2500;2500;2035
2025-01-03;03/01/2025;2480;2480;2480;2480;189
2025-01-06;06/01/2025;2405;2480;2405;2480;516
2025-01-07;07/01/2025;2480;2480;2435;2435;2363
2025-01-08;08/01/2025;2500;2500;2495;2495;19825
2025-01-09;09/01/2025;2495;2495;2425;2425;3397
2025-01-10;10/01/2025;2495;2500;2495;2500;3217
2025-01-13;13/01/2025;2495;2495;2435;2435;2235
2025-01-14;14/01/2025;2500;2500;2500;2500;2808
2025-01-15;15/01/2025;2500;2500;2450;2450;1248
2025-01-16;16/01/2025;2450;2450;2425;2425;1742
2025-01-17;17/01/2025;2430;2430;2425;2425;295
2025-01-20;20/01/2025;2425;2450;2425;2450;1405
2025-01-21;21/01/2025;2450;2485;2450;2485;6817
2025-01-22;22/01/2025;2450;2450;2450;2450;1138
2025-01-23;23/01/2025;2450;2450;2405;2405;1051
2025-01-24;24/01/2025;2405;2425;2405;2425;542
2025-01-27;27/01/2025;2425;2450;2425;2450;1046
2025-01-28;28/01/2025;2445;2445;2420;2420;545
2025-01-29;29/01/2025;2350;2425;2350;2425;965
2025-01-30;30/01/2025;2400;2400;2355;2355;3018
2025-01-31;31/01/2025;2495;2495;2495;2495;1074
2025-02-03;03/02/2025;2375;2420;2375;2420;980
2025-02-04;04/02/2025;2420;2480;2420;2480;1198
2025-02-05;05/02/2025;2495;2495;2450;2450;584
2025-02-06;06/02/2025;2490;2490;2450;2450;700
2025-02-07;07/02/2025;2455;2495;2455;2495;500
2025-02-10;10/02/2025;2500;2500;2500;2500;1799
2025-02-11;11/02/2025;2500;2500;2495;2495;1128
2025-02-12;12/02/2025;2500;2500;2500;2500;483
2025-02-13;13/02/2025;2500;2530;2500;2530;22379
2025-02-14;14/02/2025;2530;2705;2530;2705;50392
2025-02-17;17/02/2025;2705;2855;2705;2855;15768
2025-02-18;18/02/2025;3065;3065;3065;3065;15023
2025-02-19;19/02/2025;3290;3290;3280;3280;14574
2025-02-20;20/02/2025;3260;3300;3260;3300;12425
2025-02-21;21/02/2025;3290;3300;3290;3300;12026
2025-02-24;24/02/2025;3300;3300;3055;3055;2531
2025-02-25;25/02/2025;3055;3200;3055;3200;3600
2025-02-26;26/02/2025;3195;3355;3195;3355;13265
2025-02-28;28/02/2025;3550;3790;3550;3790;16952
2025-03-03;03/03/2025;3555;3785;3555;3785;24153
2025-03-04;04/03/2025;3780;3785;3780;3785;17669
2025-03-05;05/03/2025;3660;3670;3660;3670;22518
2025-03-06;06/03/2025;3670;3745;3670;3745;1126
2025-03-07;07/03/2025;3725;3740;3725;3740;1298
2025-03-10;10/03/2025;3740;3740;3730;3730;3494
2025-03-11;11/03/2025;3700;3700;3600;3600;25021
2025-03-12;12/03/2025;3690;3690;3605;3605;5187
2025-03-13;13/03/2025;3605;3605;3550;3550;21024
2025-03-14;14/03/2025;3605;3650;3605;3650;1108
2025-03-17;17/03/2025;3680;3680;3620;3620;14962
2025-03-18;18/03/2025;3645;3645;3635;3635;3611
2025-03-19;19/03/2025;3905;3905;3800;3800;15172
2025-03-20;20/03/2025;3795;3795;3695;3695;12806
2025-03-21;21/03/2025;3640;3640;3620;3620;4146
2025-03-24;24/03/2025;3660;3660;3605;3605;8996
2025-03-25;25/03/2025;3600;3600;3495;3495;5249
2025-03-26;26/03/2025;3500;3500;3495;3495;2954
2025-03-27;27/03/2025;3500;3500;3495;3495;2954
2025-03-28;28/03/2025;3490;3490;3480;3480;1712
2025-03-31;31/03/2025;3490;3490;3480;3480;1712
2025-04-01;01/04/2025;3485;3485;3465;3465;1708
2025-04-02;02/04/2025;3465;3465;3380;3380;4407
2025-04-03;03/04/2025;3380;3440;3380;3440;3369
2025-04-04;04/04/2025;3440;3440;3390;3390;1129
2025-04-07;07/04/2025;3390;3390;3245;3245;6066
2025-04-08;08/04/2025;3245;3380;3245;3380;11157
2025-04-09;09/04/2025;3600;3630;3600;3630;12201
2025-04-10;10/04/2025;3900;3900;3900;3900;47664
2025-04-11;11/04/2025;4190;4190;3960;3960;39783
2025-04-14;14/04/2025;4000;4000;3950;3950;12500
2025-04-15;15/04/2025;3940;3940;3750;3750;7682
2025-04-16;16/04/2025;3750;3750;3745;3745;11381
2025-04-17;17/04/2025;3725;3725;3650;3650;17160
2025-04-18;18/04/2025;3640;3640;3600;3600;6545
2025-04-21;21/04/2025;3640;3640;3600;3600;6545
2025-04-22;22/04/2025;3600;3600;3500;3500;6317
2025-04-23;23/04/2025;3500;3500;3450;3450;11781
2025-04-24;24/04/2025;3450;3650;3450;3650;2045
2025-04-25;25/04/2025;3640;3640;3620;3620;3556
2025-04-28;28/04/2025;3620;3620;3600;3600;3350
2025-04-29;29/04/2025;3600;3600;3600;3600;26202
2025-04-30;30/04/2025;3410;3545;3410;3545;7759
2025-05-01;01/05/2025;3410;3545;3410;3545;7759
2025-05-02;02/05/2025;3280;3280;3280;3280;4438
2025-05-05;05/05/2025;3035;3035;3035;3035;1277
2025-05-06;06/05/2025;2810;2810;2810;2810;2114
2025-05-07;07/05/2025;2600;2600;2600;2600;1766
2025-05-08;08/05/2025;2405;2405;2405;2405;51155
2025-05-09;09/05/2025;2370;2390;2370;2390;8747
2025-05-12;12/05/2025;2225;2320;2225;2320;6045
2025-05-13;13/05/2025;2320;2395;2320;2395;8229
2025-05-14;14/05/2025;2395;2395;2395;2395;7318
2025-05-15;15/05/2025;2395;2395;2390;2390;17935
2025-05-16;16/05/2025;2380;2395;2380;2395;3352
2025-05-19;19/05/2025;2395;2395;2395;2395;9916
2025-05-20;20/05/2025;2400;2405;2400;2405;6396
2025-05-21;21/05/2025;2400;2585;2400;2585;9612
2025-05-22;22/05/2025;2765;2765;2700;2700;4079
2025-05-23;23/05/2025;2750;2750;2600;2600;8615
2025-05-26;26/05/2025;2500;2575;2500;2575;4471
2025-05-27;27/05/2025;2570;2585;2570;2585;5370
2025-05-28;28/05/2025;2585;2585;2585;2585;5644
2025-05-29;29/05/2025;2585;2585;2585;2585;5644
2025-05-30;30/05/2025;2585;2585;2540;2540;20533
2025-06-02;02/06/2025;2410;2580;2410;2580;4772
2025-06-03;03/06/2025;2580;2770;2580;2770;17205
2025-06-04;04/06/2025;2775;2885;2775;2885;15996
2025-06-05;05/06/2025;2940;2940;2900;2900;4189
2025-06-10;10/06/2025;2875;2875;2685;2685;27360
2025-06-11;11/06/2025;2490;2675;2490;2675;4535
2025-06-12;12/06/2025;2505;2665;2505;2665;12080
2025-06-13;13/06/2025;2665;2665;2665;2665;5744
2025-06-16;16/06/2025;2665;2700;2665;2700;16093
2025-06-17;17/06/2025;2700;2795;2700;2795;12872
2025-06-18;18/06/2025;2790;2790;2775;2775;10119
2025-06-19;19/06/2025;2780;2780;2575;2575;23221
2025-06-20;20/06/2025;2575;2575;2575;2575;10725
2025-06-23;23/06/2025;2640;2640;2600;2600;13377
2025-06-24;24/06/2025;2600;2600;2585;2585;4781
2025-06-25;25/06/2025;2585;2585;2585;2585;6982
2025-06-26;26/06/2025;2600;2600;2510;2510;3831
2025-06-27;27/06/2025;2600;2600;2595;2595;7958
2025-06-30;30/06/2025;2595;2650;2595;2650;9292
2025-07-01;01/07/2025;2695;2695;2645;2645;1496
2025-07-02;02/07/2025;2650;2665;2650;2665;12668
2025-07-03;03/07/2025;2680;2680;2680;2680;1416
2025-07-04;04/07/2025;2675;2695;2675;2695;15775
2025-07-07;07/07/2025;2650;2670;2650;2670;768
2025-07-08;08/07/2025;2680;2680;2645;2645;6550
2025-07-09;09/07/2025;2645;2645;2645;2645;7538
2025-07-10;10/07/2025;2645;2645;2620;2620;1112
2025-07-11;11/07/2025;2600;2660;2600;2660;2861
2025-07-14;14/07/2025;2625;2665;2625;2665;4530
2025-07-15;15/07/2025;2650;2665;2650;2665;4358
2025-07-16;16/07/2025;2670;2670;2600;2600;1685
2025-07-17;17/07/2025;2630;2630;2550;2550;7131
2025-07-18;18/07/2025;2550;2550;2540;2540;758
2025-07-21;21/07/2025;2540;2605;2540;2605;1886
2025-07-22;22/07/2025;2600;2600;2500;2500;12542
2025-07-23;23/07/2025;2595;2595;2500;2500;16456
2025-07-24;24/07/2025;2500;2500;2500;2500;773
2025-07-25;25/07/2025;2500;2500;2500;2500;3689
2025-07-28;28/07/2025;2500;2500;2500;2500;2636
2025-07-29;29/07/2025;2450;2500;2450;2500;1898
2025-07-30;30/07/2025;2470;2470;2460;2460;1967
2025-07-31;31/07/2025;2460;2525;2460;2525;5410
2025-08-01;01/08/2025;2550;2600;2550;2600;2366
2025-08-04;04/08/2025;2600;2600;2570;2570;1194
2025-08-05;05/08/2025;2570;2595;2570;2595;1780
2025-08-06;06/08/2025;2595;2595;2595;2595;500
2025-08-07;07/08/2025;2595;2595;2595;2595;500
2025-08-08;08/08/2025;2595;2595;2595;2595;2338
2025-08-11;11/08/2025;2595;2595;2425;2425;49595
2025-08-12;12/08/2025;2460;2500;2460;2500;1021
2025-08-13;13/08/2025;2550;2550;2520;2520;448
2025-08-14;14/08/2025;2500;2550;2500;2550;923
2025-08-15;15/08/2025;2500;2550;2500;2550;923
2025-08-18;18/08/2025;2550;2595;2550;2595;2725
2025-08-19;19/08/2025;2595;2600;2595;2600;26547
2025-08-20;20/08/2025;2410;2590;2410;2590;10924
2025-08-21;21/08/2025;2590;2590;2575;2575;48344
2025-08-22;22/08/2025;2580;2580;2580;2580;24720
2025-08-25;25/08/2025;2580;2580;2455;2455;69828
2025-08-26;26/08/2025;2560;2580;2560;2580;6915
2025-08-27;27/08/2025;2580;2580;2540;2540;27591
2025-08-28;28/08/2025;2540;2540;2540;2540;2264
2025-08-29;29/08/2025;2540;2540;2540;2540;2688
2025-09-01;01/09/2025;2480;2480;2445;2445;5607
2025-09-02;02/09/2025;2440;2440;2440;2440;2797
2025-09-03;03/09/2025;2435;2440;2435;2440;2852
2025-09-04;04/09/2025;2435;2440;2435;2440;2852
2025-09-05;05/09/2025;2440;2440;2440;2440;6692
2025-09-08;08/09/2025;2440;2440;2435;2435;6106
2025-09-09;09/09/2025;2435;2435;2400;2400;7322
2025-09-10;10/09/2025;2400;2400;2395;2395;12832
2025-09-11;11/09/2025;2395;2395;2380;2380;7781
2025-09-12;12/09/2025;2380;2380;2350;2350;13623
2025-09-15;15/09/2025;2350;2395;2350;2395;4046
2025-09-16;16/09/2025;2395;2395;2300;2300;34966
2025-09-17;17/09/2025;2395;2395;2385;2385;2516
2025-09-18;18/09/2025;2390;2410;2390;2410;2090
2025-09-19;19/09/2025;2440;2440;2425;2425;1948
2025-09-22;22/09/2025;2440;2450;2440;2450;13475
2025-09-23;23/09/2025;2450;2460;2450;2460;1603
2025-09-24;24/09/2025;2460;2460;2450;2450;2648
2025-09-25;25/09/2025;2450;2450;2450;2450;12738
2025-09-26;26/09/2025;2460;2460;2450;2450;5335
2025-09-29;29/09/2025;2450;2450;2450;2450;2897
2025-09-30;30/09/2025;2450;2450;2400;2400;2829
2025-10-01;01/10/2025;2445;2445;2400;2400;2842
2025-10-02;02/10/2025;2400;2425;2400;2425;1134
2025-10-03;03/10/2025;2390;2445;2390;2445;6717
2025-10-06;06/10/2025;2445;2500;2445;2500;21653
2025-10-07;07/10/2025;2500;2500;2450;2450;14054
2025-10-08;08/10/2025;2500;2500;2480;2480;1333
2025-10-09;09/10/2025;2480;2490;2480;2490;4326
2025-10-10;10/10/2025;2490;2490;2490;2490;2000
2025-10-13;13/10/2025;2485;2500;2485;2500;4403
2025-10-14;14/10/2025;2500;2500;2325;2325;119261
2025-10-15;15/10/2025;2395;2445;2395;2445;52095
2025-10-16;16/10/2025;2445;2450;2445;2450;26355
2025-10-17;17/10/2025;2270;2270;2270;2270;17624
2025-10-20;20/10/2025;2100;2300;2100;2300;15882
2025-10-21;21/10/2025;2300;2400;2300;2400;11077
2025-10-22;22/10/2025;2400;2400;2350;2350;5129
2025-10-23;23/10/2025;2400;2400;2345;2345;8715
2025-10-24;24/10/2025;2350;2390;2350;2390;2846
2025-10-27;27/10/2025;2390;2390;2390;2390;5468
2025-10-28;28/10/2025;2390;2390;2350;2350;11083
2025-10-29;29/10/2025;2350;2355;2350;2355;8067
2025-10-30;30/10/2025;2350;2350;2350;2350;7440
2025-10-31;31/10/2025;2350;2380;2350;2380;8270
2025-11-03;03/11/2025;2380;2380;2325;2325;4924
2025-11-04;04/11/2025;2320;2325;2320;2325;11627
2025-11-05;05/11/2025;2320;2325;2320;2325;4344
2025-11-06;06/11/2025;2320;2335;2320;2335;6366
2025-11-07;07/11/2025;2335;2335;2335;2335;0
2025-11-10;10/11/2025;2335;2335;2335;2335;2947
2025-11-11;11/11/2025;2315;2325;2315;2325;11542
2025-11-12;12/11/2025;2250;2300;2250;2300;7828
2025-11-13;13/11/2025;2350;2350;2345;2345;2293
2025-11-14;14/11/2025;2350;2360;2350;2360;1191
2025-11-17;17/11/2025;2360;2380;2360;2380;2759
2025-11-18;18/11/2025;2380;2380;2350;2350;374
2025-11-19;19/11/2025;2350;2370;2350;2370;2526
2025-11-20;20/11/2025;2370;2370;2365;2365;4740
2025-11-21;21/11/2025;2355;2360;2355;2360;2603
2025-11-24;24/11/2025;2250;2350;2250;2350;9356
2025-11-25;25/11/2025;2400;2400;2325;2325;1999
2025-11-26;26/11/2025;2325;2325;2300;2300;2125
2025-11-27;27/11/2025;2325;2325;2305;2305;1381
2025-11-28;28/11/2025;2305;2345;2305;2345;1211
2025-12-01;01/12/2025;2350;2395;2350;2395;1602
2025-12-02;02/12/2025;2395;2395;2390;2390;567
2025-12-03;03/12/2025;2395;2395;2370;2370;2079
2025-12-04;04/12/2025;2370;2370;2365;2365;1056
2025-12-05;05/12/2025;2365;2370;2365;2370;2916
2025-12-08;08/12/2025;2390;2390;2385;2385;1721
2025-12-09;09/12/2025;2375;2385;2375;2385;2709
2025-12-10;10/12/2025;2385;2385;2385;2385;3226
2025-12-11;11/12/2025;2395;2395;2390;2390;1062
2025-12-12;12/12/2025;2390;2395;2390;2395;2059
2025-12-15;15/12/2025;2395;2395;2390;2390;929
2025-12-16;16/12/2025;2370;2370;2370;2370;2308
2025-12-17;17/12/2025;2360;2360;2360;2360;1059
2025-12-18;18/12/2025;2300;2360;2300;2360;785
2025-12-19;19/12/2025;2360;2360;2360;2360;2019
2025-12-22;22/12/2025;2350;2350;2340;2340;2592
2025-12-23;23/12/2025;2340;2345;2340;2345;581
2025-12-24;24/12/2025;2345;2345;2340;2340;449
2025-12-25;25/12/2025;2345;2345;2340;2340;449
2025-12-26;26/12/2025;2345;2345;2345;2345;4186
2025-12-29;29/12/2025;2325;2345;2325;2345;4807
2025-12-30;30/12/2025;2345;2345;2340;2340;6748
2025-12-31;31/12/2025;2340;2340;2335;2335;882
2026-01-01;01/01/2026;2340;2340;2335;2335;882
2026-01-02;02/01/2026;2335;2335;2335;2335;738
2026-01-05;05/01/2026;2335;2350;2335;2350;11041
2026-01-06;06/01/2026;2400;2400;2350;2350;3223
2026-01-07;07/01/2026;2350;2350;2345;2345;3607
2026-01-08;08/01/2026;2340;2340;2310;2310;914
2026-01-09;09/01/2026;2360;2360;2350;2350;1531
2026-01-12;12/01/2026;2395;2395;2380;2380;1389
2026-01-13;13/01/2026;2380;2380;2355;2355;1248
2026-01-14;14/01/2026;2380;2380;2370;2370;1310
2026-01-15;15/01/2026;2370;2395;2370;2395;2227
2026-01-16;16/01/2026;2395;2395;2350;2350;908
2026-01-19;19/01/2026;2350;2385;2350;2385;5462
2026-01-20;20/01/2026;2340;2380;2340;2380;2488
2026-01-21;21/01/2026;2395;2395;2385;2385;3543
2026-01-22;22/01/2026;2400;2400;2390;2390;2021
2026-01-23;23/01/2026;2390;2400;2390;2400;1935
2026-01-26;26/01/2026;2415;2420;2415;2420;3956
2026-01-27;27/01/2026;2450;2450;2400;2400;1758
2026-01-28;28/01/2026;2400;2410;2400;2410;1264
2026-01-29;29/01/2026;2410;2410;2400;2400;4915
2026-01-30;30/01/2026;2400;2400;2350;2350;2334
2026-02-02;02/02/2026;2400;2400;2350;2350;3339
2026-02-03;03/02/2026;2350;2350;2320;2320;2072
2026-02-04;04/02/2026;2350;2400;2350;2400;477
2026-02-05;05/02/2026;2400;2400;2395;2395;2908
2026-02-06;06/02/2026;2395;2400;2395;2400;1507
2026-02-09;09/02/2026;2400;2445;2400;2445;3701
2026-02-10;10/02/2026;2440;2440;2405;2405;11777
2026-02-11;11/02/2026;2445;2450;2445;2450;5020
2026-02-12;12/02/2026;2405;2450;2405;2450;4805
2026-02-13;13/02/2026;2450;2470;2450;2470;3677
2026-02-16;16/02/2026;2470;2470;2450;2450;3534
2026-02-17;17/02/2026;2455;2495;2455;2495;3324
2026-02-18;18/02/2026;2495;2520;2495;2520;6906
2026-02-19;19/02/2026;2520;2690;2520;2690;11223
2026-02-20;20/02/2026;2890;2890;2820;2820;8046
2026-02-23;23/02/2026;2690;2725;2690;2725;5462
2026-02-24;24/02/2026;2725;2725;2705;2705;3111
2026-02-25;25/02/2026;2705;2750;2705;2750;15534
2026-02-26;26/02/2026;2750;2750;2745;2745;3509
2026-02-27;27/02/2026;2740;2800;2740;2800;5513
2026-03-02;02/03/2026;2850;3000;2850;3000;29198
2026-03-03;03/03/2026;3025;3125;3025;3125;22053
2026-03-04;04/03/2026;3300;3300;3160;3160;13125
2026-03-05;05/03/2026;3150;3150;2930;2930;17292
2026-03-06;06/03/2026;2905;2905;2850;2850;28889
2026-03-09;09/03/2026;2850;2855;2850;2855;16374
2026-03-10;10/03/2026;2900;2900;2850;2850;7812
2026-03-11;11/03/2026;2855;2855;2800;2800;65735
2026-03-12;12/03/2026;2800;2810;2800;2810;16601
2026-03-13;13/03/2026;2810;2810;2740;2740;2027
2026-03-16;16/03/2026;2810;2810;2740;2740;2027
2026-03-17;17/03/2026;2750;2760;2750;2760;6545
2026-03-18;18/03/2026;2770;2900;2770;2900;7707
2026-03-19;19/03/2026;2905;2950;2905;2950;49250
2026-03-20;20/03/2026;2905;2950;2905;2950;49250
2026-03-23;23/03/2026;2950;2995;2950;2995;19837
2026-03-24;24/03/2026;3000;3000;2810;2810;27668
2026-03-25;25/03/2026;2810;2815;2810;2815;33317
2026-03-26;26/03/2026;3025;3025;2870;2870;18826
2026-03-27;27/03/2026;2975;2975;2975;2975;3260
2026-03-30;30/03/2026;2975;2975;2895;2895;8947
2026-03-31;31/03/2026;2885;2885;2880;2880;11807
2026-04-01;01/04/2026;2750;2750;2720;2720;38621
2026-04-02;02/04/2026;2710;2710;2705;2705;26390
2026-04-03;03/04/2026;2705;2705;2705;2705;23774
2026-04-06;06/04/2026;2705;2705;2705;2705;23774
2026-04-07;07/04/2026;2705;2705;2650;2650;9877
2026-04-08;08/04/2026;2700;2700;2650;2650;2843
2026-04-09;09/04/2026;2650;2700;2650;2700;10764
2026-04-10;10/04/2026;2650;2800;2650;2800;58126
2026-04-13;13/04/2026;2800;2800;2795;2795;1469
2026-04-14;14/04/2026;2795;2840;2795;2840;2957
2026-04-15;15/04/2026;2840;2840;2795;2795;912
2026-04-16;16/04/2026;2800;2800;2795;2795;12503
2026-04-17;17/04/2026;2795;2795;2795;2795;885
2026-04-20;20/04/2026;2800;2800;2750;2750;1371
2026-04-21;21/04/2026;2700;2700;2700;2700;10612
2026-04-22;22/04/2026;2700;2700;2650;2650;3469
2026-04-23;23/04/2026;2650;2700;2650;2700;2347
2026-04-24;24/04/2026;2700;2700;2700;2700;2004
2026-04-27;27/04/2026;2750;2750;2705;2705;7688
2026-04-28;28/04/2026;2700;2700;2700;2700;2813
2026-04-29;29/04/2026;2750;2750;2750;2750;7425
2026-04-30;30/04/2026;2750;2750;2740;2740;1147
2026-05-01;01/05/2026;2750;2750;2740;2740;1147
2026-05-04;04/05/2026;2700;2750;2700;2750;10095
2026-05-05;05/05/2026;2740;2745;2740;2745;6789
2026-05-06;06/05/2026;2740;2740;2740;2740;4177
2026-05-07;07/05/2026;2740;2740;2720;2720;6470
2026-05-08;08/05/2026;2705;2750;2705;2750;4953
2026-05-11;11/05/2026;2750;2850;2750;2850;9699
2026-05-12;12/05/2026;2850;3060;2850;3060;19254
2026-05-13;13/05/2026;2850;2995;2850;2995;10912
2026-05-14;14/05/2026;2850;2995;2850;2995;10912
2026-05-15;15/05/2026;3000;3000;2910;2910;4805
2026-05-18;18/05/2026;2995;2995;2905;2905;934
2026-05-19;19/05/2026;2905;2905;2900;2900;3221
2026-05-20;20/05/2026;2900;2900;2900;2900;2103
2026-05-21;21/05/2026;2850;2880;2850;2880;4018
2026-05-22;22/05/2026;2895;2895;2875;2875;705
2026-05-25;25/05/2026;2895;2895;2875;2875;705
2026-05-26;26/05/2026;2870;2870;2870;2870;693
2026-05-27;27/05/2026;2870;2870;2870;2870;693
2026-05-28;28/05/2026;2870;2880;2870;2880;3356
2026-05-29;29/05/2026;2870;2870;2850;2850;1082
2026-06-01;01/06/2026;2885;2885;2850;2850;4518
2026-06-02;02/06/2026;2850;2900;2850;2900;2304
2026-06-03;03/06/2026;2900;2905;2900;2905;8390
2026-06-04;04/06/2026;2900;2900;2890;2890;2330
2026-06-05;05/06/2026;2890;2890;2890;2890;5222
2026-06-08;08/06/2026;2805;2825;2805;2825;6584
2026-06-09;09/06/2026;2890;2890;2805;2805;8839
2026-06-10;10/06/2026;2850;2890;2850;2890;8815
2026-06-11;11/06/2026;2890;2890;2850;2850;9974
2026-06-12;12/06/2026;2850;2870;2850;2870;1859
2026-06-15;15/06/2026;2870;2870;2870;2870;2350
2026-06-16;16/06/2026;2870;2870;2800;2800;9162
2026-06-17;17/06/2026;2800;2850;2800;2850;12519
2026-06-18;18/06/2026;2870;2870;2845;2845;4111
2026-06-19;19/06/2026;2850;2900;2850;2900;2795
2026-06-22;22/06/2026;2760;2900;2760;2900;10671
2026-06-23;23/06/2026;2900;2900;2895;2895;6940
2026-06-24;24/06/2026;2895;2895;2855;2855;4282
2026-06-25;25/06/2026;2855;2855;2780;2780;6066
2026-06-26;26/06/2026;2855;2855;2855;2855;8664
2026-06-29;29/06/2026;2900;2900;2795;2795;14389
2026-06-30;30/06/2026;2995;2995;2870;2870;9833
2026-07-01;01/07/2026;2800;2950;2800;2950;3683
2026-07-02;02/07/2026;2950;2950;2945;2945;9103
2026-07-03;03/07/2026;2940;2940;2925;2925;2230
2026-07-06;06/07/2026;2925;2940;2925;2940;2728
2026-07-07;07/07/2026;2940;2940;2940;2940;3072
2026-07-08;08/07/2026;2940;2940;2850;2850;69260
2026-07-09;09/07/2026;2920;2920;2920;2920;3113
2026-07-10;10/07/2026;2920;2920;2800;2800;11198
2026-07-13;13/07/2026;2895;2990;2895;2990;2372
2026-07-14;14/07/2026;2990;2990;2945;2945;3103
2026-07-15;15/07/2026;2945;2945;2800;2800;13280
2026-07-16;16/07/2026;2945;2945;2900;2900;9368
2026-07-17;17/07/2026;2900;2900;2900;2900;4252
2026-07-20;20/07/2026;2900;2900;2875;2875;1239
2026-07-21;21/07/2026;2875;2885;2875;2885;1205
2026-07-22;22/07/2026;2885;2950;2885;2950;4107
2026-07-23;23/07/2026;3000;3000;3000;3000;3087
2026-07-24;24/07/2026;2995;2995;2995;2995;3210
2026-07-27;27/07/2026;2995;2995;2990;2990;1998
2026-07-28;28/07/2026;2990;3000;2990;3000;15015
2026-07-29;29/07/2026;2995;2995;2990;2990;5236
2026-07-30;30/07/2026;2900;2900;2770;2770;8892
2026-07-31;31/07/2026;2975;2975;2975;2975;2184
2026-08-03;03/08/2026;2975;2990;2975;2990;7265
2026-08-04;04/08/2026;2985;2985;2905;2905;2716
2026-08-05;05/08/2026;2905;2980;2905;2980;1345
2026-08-06;06/08/2026;2980;2980;2805;2805;3506
