"Date","Dernier","Ouv."," Plus Haut","Plus Bas","Vol.","Variation %"
"29/05/2026","111,78","111,83","111,95","111,24","","-0,04%"
"28/05/2026","111,83","111,39","112,58","111,09","","0,33%"
"27/05/2026","111,46","111,84","112,05","111,29","","-0,36%"
"26/05/2026","111,86","112,30","112,67","111,86","","-0,40%"
"25/05/2026","112,31","111,87","112,77","111,84","","0,40%"
"24/05/2026","111,87","112,31","112,31","111,87","","-0,63%"
"22/05/2026","112,58","112,91","113,23","112,53","","-0,40%"
"21/05/2026","113,03","112,93","113,41","112,48","","0,09%"
"20/05/2026","112,93","111,83","113,25","111,83","","0,76%"
"19/05/2026","112,07","112,81","113,12","111,72","","-0,54%"
"18/05/2026","112,68","111,59","112,87","111,57","","0,98%"
"17/05/2026","111,59","111,59","111,59","111,59","","0,43%"
"15/05/2026","111,12","111,93","113,10","109,87","","-0,73%"
"14/05/2026","111,93","111,46","112,69","111,46","","0,42%"
"13/05/2026","111,46","114,19","114,44","111,46","","-2,48%"
"12/05/2026","114,29","113,58","114,35","113,58","","0,56%"
"11/05/2026","113,65","113,64","114,16","113,53","","0,01%"
"10/05/2026","113,64","113,92","113,92","113,64","","-0,26%"
"08/05/2026","113,93","113,39","114,04","113,21","","0,48%"
"07/05/2026","113,39","113,23","113,93","113,08","","-0,07%"
"06/05/2026","113,47","114,24","114,24","112,95","","-0,67%"
"05/05/2026","114,24","112,54","114,53","112,54","","1,57%"
"04/05/2026","112,47","112,99","113,36","112,45","","-0,46%"
"03/05/2026","112,99","112,99","112,99","112,99","","0,00%"
"01/05/2026","112,99","112,93","113,13","112,93","","0,06%"
"30/04/2026","112,93","111,87","113,02","111,87","","0,98%"
"29/04/2026","111,83","112,46","112,64","111,48","","-0,56%"
"28/04/2026","112,46","111,87","112,66","111,87","","0,52%"
"27/04/2026","111,87","112,36","112,61","111,87","","-0,43%"
"26/04/2026","112,36","112,36","112,36","112,36","","-0,15%"
"24/04/2026","112,53","111,33","112,53","111,33","","0,96%"
"23/04/2026","111,45","112,13","113,66","111,45","","-0,61%"
"22/04/2026","112,13","112,23","112,73","111,86","","0,16%"
"21/04/2026","111,95","112,15","112,30","111,95","","-0,18%"
"20/04/2026","112,15","112,18","112,18","111,57","","-0,02%"
"19/04/2026","112,18","112,18","112,18","112,18","","0,38%"
"17/04/2026","111,76","111,54","112,32","111,18","","0,20%"
"16/04/2026","111,54","111,34","111,67","111,03","","0,17%"
"15/04/2026","111,34","111,37","111,84","111,33","","0,00%"
"14/04/2026","111,34","112,08","112,42","111,25","","-0,66%"
"13/04/2026","112,08","111,75","112,44","111,36","","0,30%"
"12/04/2026","111,75","112,01","112,01","111,75","","-0,19%"
"10/04/2026","111,96","111,02","112,00","110,69","","0,98%"
"09/04/2026","110,87","110,61","110,97","109,96","","0,24%"
"08/04/2026","110,61","110,30","129,25","108,80","","0,27%"
"07/04/2026","110,30","110,60","127,56","109,82","","-0,26%"
"06/04/2026","110,60","110,24","110,63","110,04","","0,33%"
"05/04/2026","110,24","110,24","110,24","110,24","","-0,08%"
"03/04/2026","110,32","110,03","110,32","110,03","","0,27%"
"02/04/2026","110,03","109,50","110,76","109,34","","0,48%"
"01/04/2026","109,50","110,09","110,09","109,10","","-0,54%"
"31/03/2026","110,09","108,97","110,44","108,83","","0,97%"
"30/03/2026","109,03","108,45","109,50","108,30","","0,54%"
"29/03/2026","108,45","108,42","108,45","108,42","","0,04%"
"27/03/2026","108,40","108,50","109,37","107,74","","-0,05%"
"26/03/2026","108,46","107,84","109,01","107,70","","0,57%"
"25/03/2026","107,84","108,01","108,72","107,84","","-0,15%"
"24/03/2026","108,01","108,61","109,04","107,37","","-0,55%"
"23/03/2026","108,61","106,49","109,00","106,49","","1,99%"
"22/03/2026","106,49","107,36","107,36","106,49","","-0,86%"
"20/03/2026","107,41","109,44","109,47","106,78","","-1,85%"
"19/03/2026","109,44","107,68","109,82","107,54","","1,63%"
"18/03/2026","107,68","109,83","109,98","107,68","","-1,95%"
"17/03/2026","109,83","109,96","111,20","109,10","","-0,12%"
"16/03/2026","109,96","107,43","110,08","107,43","","2,36%"
"15/03/2026","107,43","107,43","107,43","107,43","","-0,01%"
"13/03/2026","107,43","108,61","109,55","106,87","","-1,08%"
"12/03/2026","108,61","109,04","110,11","107,54","","-0,40%"
"11/03/2026","109,04","109,06","109,86","108,71","","-0,02%"
"10/03/2026","109,06","109,67","109,72","108,70","","-0,56%"
"09/03/2026","109,67","107,60","109,72","107,60","","1,93%"
"08/03/2026","107,60","108,19","108,19","107,60","","-0,53%"
"06/03/2026","108,17","107,15","108,23","106,32","","0,95%"
"05/03/2026","107,15","107,58","107,87","106,56","","-0,39%"
"04/03/2026","107,58","106,48","108,30","106,48","","1,03%"
"03/03/2026","106,48","107,78","108,45","105,71","","-1,20%"
"02/03/2026","107,78","108,17","108,44","106,45","","-0,37%"
"01/03/2026","108,17","108,17","108,17","108,17","","0,15%"
"27/02/2026","108,01","107,53","108,29","107,31","","0,44%"
"26/02/2026","107,53","108,25","108,40","107,07","","-0,67%"
"25/02/2026","108,25","108,03","108,75","107,58","","0,20%"
"24/02/2026","108,03","107,57","108,18","107,36","","0,43%"
"23/02/2026","107,57","107,44","108,26","106,96","","0,12%"
"22/02/2026","107,44","107,44","107,44","107,44","","-0,01%"
"20/02/2026","107,45","106,13","107,58","106,13","","1,25%"
"19/02/2026","106,13","105,71","106,78","105,71","","0,40%"
"18/02/2026","105,71","105,98","106,57","105,44","","-0,26%"
"17/02/2026","105,98","105,88","106,16","105,88","","0,10%"
"16/02/2026","105,88","105,76","105,88","105,76","","0,11%"
"15/02/2026","105,76","105,86","105,86","105,76","","-0,03%"
"13/02/2026","105,80","105,90","106,16","105,33","","-0,10%"
"12/02/2026","105,90","106,02","106,99","105,40","","-0,11%"
"11/02/2026","106,02","105,95","106,59","105,91","","0,07%"
"10/02/2026","105,95","106,42","106,58","105,70","","-0,45%"
"09/02/2026","106,42","106,33","106,97","106,02","","0,09%"
"08/02/2026","106,33","106,33","106,33","106,33","","0,06%"
"06/02/2026","106,27","105,20","106,88","105,16","","1,02%"
"05/02/2026","105,20","105,84","106,27","105,20","","-0,61%"
"04/02/2026","105,84","106,19","106,43","105,48","","-0,33%"
"03/02/2026","106,19","104,93","106,81","104,83","","1,21%"
"02/02/2026","104,93","105,25","105,54","104,81","","-0,30%"
"01/02/2026","105,25","105,25","105,25","105,25","","0,12%"
"30/01/2026","105,12","105,82","106,05","104,09","","-0,65%"
"29/01/2026","105,82","105,44","106,27","104,67","","0,36%"
"28/01/2026","105,44","106,63","106,64","104,96","","-1,12%"
"27/01/2026","106,63","104,57","106,78","104,37","","1,97%"
"26/01/2026","104,57","104,83","105,20","104,57","","-0,25%"
"25/01/2026","104,83","104,83","104,83","104,83","","-0,82%"
"23/01/2026","105,70","105,79","105,91","105,31","","-0,08%"
"22/01/2026","105,79","105,52","106,11","104,87","","0,26%"
"21/01/2026","105,52","104,86","105,55","104,01","","0,63%"
"20/01/2026","104,86","105,12","105,12","103,42","","-0,25%"
"19/01/2026","105,12","105,28","105,43","104,83","","-0,15%"
"18/01/2026","105,28","105,26","105,28","105,26","","0,37%"
"16/01/2026","104,89","104,69","105,27","104,67","","0,19%"
"15/01/2026","104,69","104,40","105,20","104,32","","0,27%"
"14/01/2026","104,40","104,64","105,07","103,89","","-0,23%"
"13/01/2026","104,64","104,50","104,74","104,20","","0,13%"
"12/01/2026","104,50","104,95","105,08","104,20","","-0,42%"
"11/01/2026","104,95","104,72","104,95","104,72","","0,26%"
"09/01/2026","104,67","103,89","105,16","103,89","","0,75%"
"08/01/2026","103,89","103,96","104,50","103,74","","-0,06%"
"07/01/2026","103,96","103,81","104,42","103,81","","0,14%"
"06/01/2026","103,81","103,53","104,34","103,41","","0,27%"
"05/01/2026","103,53","103,29","103,89","102,87","","0,23%"
"04/01/2026","103,29","102,72","103,29","102,72","","0,73%"
"02/01/2026","102,54","102,01","103,25","102,01","","0,52%"
"01/01/2026","102,01","102,01","102,01","102,01","","0,00%"
"31/12/2025","102,01","101,63","102,01","101,59","","0,37%"
"30/12/2025","101,63","99,69","101,63","99,69","","1,95%"
"29/12/2025","99,69","100,35","100,46","99,66","","-0,66%"
"28/12/2025","100,35","100,35","100,35","100,35","","0,05%"
"26/12/2025","100,30","100,76","100,76","99,98","","-0,46%"
"25/12/2025","100,76","100,76","100,76","100,76","","0,00%"
"24/12/2025","100,76","100,71","100,77","100,62","","0,05%"
"23/12/2025","100,71","99,90","101,03","99,46","","0,81%"
"22/12/2025","99,90","101,05","101,21","99,74","","-1,14%"
"21/12/2025","101,05","101,05","101,05","101,05","","0,05%"
"19/12/2025","101,00","101,13","101,94","100,95","","-0,13%"
"18/12/2025","101,13","101,60","101,84","100,80","","-0,46%"
"17/12/2025","101,60","102,06","102,20","100,93","","-0,45%"
"16/12/2025","102,06","103,13","103,14","101,95","","-1,04%"
"15/12/2025","103,13","103,06","103,76","102,95","","0,07%"
"14/12/2025","103,06","103,06","103,06","103,06","","-0,02%"
"12/12/2025","103,08","103,77","104,06","102,97","","-0,67%"
"11/12/2025","103,77","102,68","104,25","102,39","","1,06%"
"10/12/2025","102,68","103,63","103,94","102,63","","-0,91%"
"09/12/2025","103,63","103,74","104,14","102,74","","-0,11%"
"08/12/2025","103,74","103,53","104,62","103,13","","0,21%"
"07/12/2025","103,53","103,53","103,53","103,53","","0,22%"
"05/12/2025","103,30","105,82","106,18","102,75","","-2,39%"
"04/12/2025","105,82","105,94","106,34","105,66","","-0,11%"
"03/12/2025","105,94","106,13","106,73","105,65","","-0,17%"
"02/12/2025","106,13","105,64","106,21","105,45","","0,47%"
"01/12/2025","105,64","105,97","106,02","105,31","","-0,32%"
"30/11/2025","105,97","105,87","105,97","105,87","","-0,04%"
"28/11/2025","106,01","105,77","106,57","105,68","","0,23%"
"27/11/2025","105,77","105,96","105,99","105,67","","-0,19%"
"26/11/2025","105,96","105,30","106,40","105,23","","0,64%"
"25/11/2025","105,30","105,33","106,20","105,17","","-0,03%"
"24/11/2025","105,33","105,43","105,75","105,16","","-0,10%"
"23/11/2025","105,43","104,66","105,43","104,66","","0,75%"
"21/11/2025","104,64","106,89","106,89","104,43","","-2,10%"
"20/11/2025","106,89","106,03","106,89","106,03","","0,82%"
"19/11/2025","106,03","106,46","106,49","105,76","","-0,41%"
"18/11/2025","106,46","106,47","106,74","105,91","","0,00%"
"17/11/2025","106,47","106,53","106,74","106,10","","-0,06%"
"16/11/2025","106,53","106,30","106,53","106,30","","0,19%"
"14/11/2025","106,33","106,66","107,04","106,15","","-0,32%"
"13/11/2025","106,66","106,87","107,08","106,54","","-0,19%"
"12/11/2025","106,87","107,47","107,78","106,77","","-0,56%"
"11/11/2025","107,47","107,12","107,62","50,08","","0,32%"
"10/11/2025","107,12","106,28","107,49","106,28","","0,80%"
"09/11/2025","106,28","106,39","106,39","106,28","","-0,11%"
"07/11/2025","106,40","106,43","106,44","105,74","","-0,03%"
"06/11/2025","106,43","106,60","106,83","106,18","","-0,16%"
"05/11/2025","106,60","105,34","106,68","105,34","","1,19%"
"04/11/2025","105,34","106,31","106,31","104,85","","-0,91%"
"03/11/2025","106,31","105,20","106,56","105,20","","1,06%"
"02/11/2025","105,20","104,94","105,22","104,94","","0,32%"
"31/10/2025","104,86","104,85","105,73","104,68","","0,01%"
"30/10/2025","104,85","105,14","105,37","104,66","","-0,27%"
"29/10/2025","105,14","104,95","105,77","104,95","","0,18%"
"28/10/2025","104,95","104,85","105,25","104,56","","0,10%"
"27/10/2025","104,85","104,65","105,06","104,65","","0,19%"
"26/10/2025","104,65","104,55","104,68","104,55","","0,07%"
"24/10/2025","104,58","104,87","105,31","104,49","","-0,28%"
"23/10/2025","104,87","104,44","105,21","104,44","","0,42%"
"22/10/2025","104,44","104,49","105,37","104,16","","-0,05%"
"21/10/2025","104,49","104,79","105,07","104,29","","-0,29%"
"20/10/2025","104,79","104,10","104,92","104,04","","0,66%"
"19/10/2025","104,10","104,07","104,14","104,07","","0,07%"
"17/10/2025","104,03","103,20","104,04","102,84","","0,80%"
"16/10/2025","103,20","103,26","103,84","102,99","","-0,06%"
"15/10/2025","103,26","103,43","104,01","102,89","","-0,16%"
"14/10/2025","103,43","103,68","103,89","102,94","","-0,25%"
"13/10/2025","103,68","102,32","104,09","102,22","","1,33%"
"12/10/2025","102,32","102,31","102,32","102,31","","-0,32%"
"10/10/2025","102,65","105,74","105,74","102,54","","-2,93%"
"09/10/2025","105,74","105,46","106,03","105,19","","0,27%"
"08/10/2025","105,46","105,14","105,92","105,13","","0,31%"
"07/10/2025","105,14","105,30","105,82","104,95","","-0,16%"
"06/10/2025","105,30","104,72","105,84","104,72","","0,56%"
"05/10/2025","104,72","104,64","104,72","104,64","","0,08%"
"03/10/2025","104,64","104,43","104,97","104,29","","0,20%"
"02/10/2025","104,43","104,66","105,15","103,90","","-0,23%"
"01/10/2025","104,66","105,49","105,60","104,60","","-0,78%"
"30/09/2025","105,49","105,50","105,74","104,92","","-0,02%"
"29/09/2025","105,50","104,89","105,74","104,72","","0,59%"
"28/09/2025","104,89","104,89","104,89","104,89","","-0,17%"
"26/09/2025","105,06","104,03","105,36","104,03","","0,99%"
"25/09/2025","104,03","104,07","105,19","103,38","","-0,04%"
"24/09/2025","104,07","105,34","105,65","104,07","","-1,21%"
"23/09/2025","105,34","104,31","105,53","104,09","","0,99%"
"22/09/2025","104,31","104,89","104,97","103,36","","-0,56%"
"21/09/2025","104,89","104,80","104,89","104,80","","0,12%"
"19/09/2025","104,77","104,07","105,00","104,07","","0,67%"
"18/09/2025","104,07","104,43","105,18","103,97","","-0,34%"
"17/09/2025","104,43","104,68","105,15","104,38","","-0,24%"
"16/09/2025","104,68","104,86","105,37","104,53","","-0,17%"
"15/09/2025","104,86","104,43","105,11","104,19","","0,40%"
"14/09/2025","104,43","104,37","104,43","104,37","","0,32%"
"12/09/2025","104,10","103,80","104,71","103,58","","0,29%"
"11/09/2025","103,80","103,07","104,47","103,07","","0,70%"
"10/09/2025","103,07","102,49","103,87","102,49","","0,58%"
"09/09/2025","102,49","102,90","121,27","102,14","","-0,40%"
"08/09/2025","102,90","103,37","103,54","102,67","","-0,46%"
"07/09/2025","103,37","103,82","103,82","103,37","","-0,45%"
"05/09/2025","103,83","103,38","104,28","103,07","","0,43%"
"04/09/2025","103,38","102,63","103,43","102,63","","0,73%"
"03/09/2025","102,63","102,38","103,74","102,38","","0,25%"
"02/09/2025","102,38","102,87","103,64","102,20","","-0,48%"
"01/09/2025","102,87","103,35","103,35","102,70","","-0,47%"
"31/08/2025","103,35","103,40","103,40","103,35","","-0,08%"
"29/08/2025","103,44","103,80","103,87","103,33","","-0,35%"
"28/08/2025","103,80","104,01","104,21","103,58","","-0,20%"
"27/08/2025","104,01","103,29","104,63","103,29","","0,70%"
"26/08/2025","103,29","103,66","104,31","103,02","","-0,36%"
"25/08/2025","103,66","103,17","103,97","103,17","","0,47%"
"24/08/2025","103,17","104,27","104,27","103,17","","-1,10%"
"22/08/2025","104,32","102,72","104,44","102,72","","1,55%"
"21/08/2025","102,72","102,50","102,93","102,37","","0,22%"
"20/08/2025","102,50","102,02","103,13","102,02","","0,47%"
"19/08/2025","102,02","103,19","103,23","101,97","","-1,13%"
"18/08/2025","103,19","103,78","103,94","103,19","","-0,57%"
"17/08/2025","103,78","103,87","103,87","103,78","","-0,10%"
"15/08/2025","103,88","103,40","104,17","103,40","","0,46%"
"14/08/2025","103,40","103,63","103,95","103,13","","-0,22%"
"13/08/2025","103,63","104,56","104,62","103,59","","-0,89%"
"12/08/2025","104,56","103,36","104,87","103,36","","1,16%"
"11/08/2025","103,36","103,61","103,69","103,24","","-0,25%"
"10/08/2025","103,61","103,67","103,67","103,61","","-0,03%"
"08/08/2025","103,64","104,27","104,27","103,48","","-0,60%"
"07/08/2025","104,27","103,51","104,33","102,78","","0,73%"
"06/08/2025","103,51","103,04","103,97","102,61","","0,46%"
"05/08/2025","103,04","103,66","103,66","102,83","","-0,60%"
"04/08/2025","103,66","102,12","104,12","102,12","","1,51%"
"03/08/2025","102,12","102,12","102,12","102,12","","-1,25%"
"01/08/2025","103,41","101,13","103,84","101,13","","2,25%"
"31/07/2025","101,13","101,71","102,91","100,82","","-0,57%"
"30/07/2025","101,71","100,27","102,53","100,27","","1,44%"
"29/07/2025","100,27","100,02","101,82","100,02","","0,25%"
"28/07/2025","100,02","100,36","101,20","99,77","","-0,34%"
"27/07/2025","100,36","100,36","100,36","100,36","","-0,25%"
"25/07/2025","100,61","101,06","101,37","100,37","","-0,45%"
"24/07/2025","101,06","101,06","101,17","100,76","","-0,01%"
"23/07/2025","101,06","100,98","101,92","100,31","","0,09%"
"22/07/2025","100,98","100,95","101,06","100,28","","0,03%"
"21/07/2025","100,95","101,10","101,36","100,65","","-0,15%"
"20/07/2025","101,10","101,10","101,10","101,10","","0,29%"
"18/07/2025","100,81","101,97","101,97","100,52","","-1,14%"
"17/07/2025","101,97","101,10","102,09","100,89","","0,86%"
"16/07/2025","101,10","101,13","101,74","100,82","","-0,03%"
"15/07/2025","101,13","100,37","101,47","100,12","","0,76%"
"14/07/2025","100,37","100,89","101,12","100,25","","-0,52%"
"13/07/2025","100,89","100,83","100,89","100,83","","0,04%"
"11/07/2025","100,86","100,87","101,38","99,88","","-0,01%"
"10/07/2025","100,87","100,15","101,19","99,64","","0,71%"
"09/07/2025","100,15","102,25","102,89","99,95","","-2,05%"
"08/07/2025","102,25","101,56","102,58","101,56","","0,68%"
"07/07/2025","101,56","102,73","103,19","101,56","","-1,14%"
"06/07/2025","102,73","102,73","102,73","102,73","","0,01%"
"04/07/2025","102,71","102,88","103,05","102,65","","-0,17%"
"03/07/2025","102,88","102,49","102,98","102,09","","0,38%"
"02/07/2025","102,49","101,96","102,72","101,73","","0,52%"
"01/07/2025","101,96","102,81","102,81","101,60","","-0,82%"
"30/06/2025","102,81","102,01","103,11","101,63","","0,78%"
"29/06/2025","102,01","102,01","102,01","102,01","","-0,03%"
"27/06/2025","102,04","101,93","102,44","101,68","","0,11%"
"26/06/2025","101,93","101,55","101,93","100,76","","0,37%"
"25/06/2025","101,55","102,57","102,57","101,52","","-0,99%"
"24/06/2025","102,57","103,79","103,79","102,38","","-1,18%"
"23/06/2025","103,79","103,22","104,05","103,17","","0,56%"
"22/06/2025","103,22","103,21","103,22","103,21","","-0,05%"
"20/06/2025","103,26","104,07","104,07","103,04","","-0,77%"
"19/06/2025","104,07","103,34","104,09","103,34","","0,71%"
"18/06/2025","103,34","103,19","104,18","103,04","","0,15%"
"17/06/2025","103,19","102,88","103,73","102,88","","0,30%"
"16/06/2025","102,88","102,39","103,49","102,17","","0,47%"
"15/06/2025","102,39","102,39","102,39","102,39","","-0,25%"
"13/06/2025","102,65","103,66","103,66","102,09","","-0,97%"
"12/06/2025","103,66","103,68","103,70","101,82","","-0,02%"
"11/06/2025","103,68","102,70","103,99","102,70","","0,95%"
"10/06/2025","102,70","102,99","103,66","102,66","","-0,28%"
"09/06/2025","102,99","103,47","103,47","102,63","","-0,46%"
"08/06/2025","103,47","102,98","103,47","102,98","","0,48%"
"06/06/2025","102,98","102,52","103,15","102,26","","0,45%"
"05/06/2025","102,52","101,83","102,96","101,83","","0,67%"
"04/06/2025","101,83","102,27","102,68","101,57","","-0,43%"
"03/06/2025","102,27","101,21","102,38","100,86","","1,05%"
"02/06/2025","101,21","100,95","101,32","100,33","","0,26%"
"01/06/2025","100,95","100,99","100,99","100,95","","-0,18%"
"30/05/2025","101,13","102,61","102,61","100,89","","-1,44%"
"29/05/2025","102,61","101,83","103,07","101,83","","0,76%"
"28/05/2025","101,83","102,47","102,72","101,41","","-0,62%"
"27/05/2025","102,47","101,64","102,58","101,49","","0,81%"
"26/05/2025","101,64","102,18","102,18","101,51","","-0,53%"
"25/05/2025","102,18","102,38","102,38","102,18","","-0,16%"
"23/05/2025","102,34","101,51","102,43","100,64","","0,82%"
"22/05/2025","101,51","102,44","103,66","101,51","","-0,91%"
"21/05/2025","102,44","101,53","102,62","101,53","","0,90%"
"20/05/2025","101,53","102,92","103,36","101,33","","-1,36%"
"19/05/2025","102,92","103,55","103,55","102,22","","-0,61%"
"18/05/2025","103,55","101,62","103,75","101,62","","1,88%"
"16/05/2025","101,64","101,55","103,25","101,32","","0,09%"
"15/05/2025","101,55","102,16","104,33","101,24","","-0,60%"
"14/05/2025","102,16","102,61","104,77","102,16","","-0,44%"
"13/05/2025","102,61","101,41","105,46","101,41","","1,19%"
"12/05/2025","101,41","103,06","104,48","4,20","","-0,39%"
"09/05/2025","101,81","102,54","103,23","101,60","","-0,72%"
"08/05/2025","102,54","100,25","102,55","100,25","","2,29%"
"07/05/2025","100,25","100,81","101,23","99,89","","-0,56%"
"06/05/2025","100,81","101,26","101,79","100,72","","-0,44%"
"05/05/2025","101,26","102,56","102,56","101,11","","-0,49%"
"02/05/2025","101,76","102,07","102,59","101,52","","-0,30%"
"01/05/2025","102,07","101,50","102,10","101,50","","0,56%"
"30/04/2025","101,50","102,29","102,90","100,99","","-0,78%"
"29/04/2025","102,29","101,78","102,53","101,77","","0,51%"
"28/04/2025","101,78","101,26","102,35","101,26","","0,54%"
"25/04/2025","101,23","101,37","101,92","101,19","","-0,14%"
"24/04/2025","101,37","100,76","101,69","100,76","","0,61%"
"23/04/2025","100,76","99,39","101,57","99,39","","1,38%"
"22/04/2025","99,39","99,02","99,68","98,32","","0,37%"
"21/04/2025","99,02","99,02","99,02","99,01","","0,01%"
"18/04/2025","99,01","99,03","99,03","99,01","","-0,02%"
"17/04/2025","99,03","98,39","99,44","98,03","","0,66%"
"16/04/2025","98,39","98,33","98,52","97,49","","0,06%"
"15/04/2025","98,33","98,29","99,21","98,08","","0,04%"
"14/04/2025","98,29","98,62","98,83","98,06","","-3,10%"
"11/04/2025","101,43","101,18","101,56","97,80","","0,25%"
"10/04/2025","101,18","102,81","102,81","99,49","","-1,58%"
"09/04/2025","102,81","99,57","102,81","97,50","","3,25%"
"08/04/2025","99,57","101,03","102,25","99,35","","-1,45%"
"07/04/2025","101,03","102,42","102,86","100,71","","-0,34%"
"04/04/2025","101,38","106,86","106,86","101,25","","-5,13%"
"03/04/2025","106,86","107,14","108,01","104,85","","-0,27%"
"02/04/2025","107,14","106,44","107,35","106,14","","0,66%"
"01/04/2025","106,44","106,32","107,11","106,06","","0,12%"
"31/03/2025","106,32","104,59","106,37","104,59","","0,70%"
"28/03/2025","105,58","105,83","105,85","105,21","","-0,24%"
"27/03/2025","105,83","105,92","106,32","105,33","","-0,08%"
"26/03/2025","105,92","106,44","106,64","105,72","","-0,49%"
"25/03/2025","106,44","104,70","106,79","104,69","","1,66%"
"24/03/2025","104,70","105,26","106,18","104,70","","19.890,33%"
"21/03/2025","0,52","106,09","106,42","0,52","","-99,51%"
"20/03/2025","106,09","106,51","106,95","106,00","","-0,39%"
"19/03/2025","106,51","105,71","106,79","105,62","","0,76%"
"18/03/2025","105,71","105,99","106,52","105,24","","-0,27%"
"17/03/2025","105,99","104,65","106,39","104,65","","1,19%"
"14/03/2025","104,74","104,15","105,32","104,15","","0,57%"
"13/03/2025","104,15","103,75","104,29","103,48","","0,39%"
"12/03/2025","103,75","103,50","104,74","103,10","","0,25%"
"11/03/2025","103,50","103,57","103,61","101,26","","-0,07%"
"10/03/2025","103,57","104,59","104,77","103,33","","-0,87%"
"07/03/2025","104,48","105,38","106,06","104,48","","-0,85%"
"06/03/2025","105,38","106,68","106,89","105,07","","-1,22%"
"05/03/2025","106,68","106,11","108,72","104,22","","0,53%"
"04/03/2025","106,11","107,13","107,13","105,70","","-0,95%"
"03/03/2025","107,13","107,38","107,38","106,49","","0,83%"
"28/02/2025","106,25","107,18","108,21","105,65","","-0,87%"
"27/02/2025","107,18","107,62","107,88","107,12","","-0,41%"
"26/02/2025","107,62","108,77","108,98","107,53","","-1,06%"
"25/02/2025","108,77","108,12","108,80","107,55","","0,61%"
"24/02/2025","108,12","109,35","109,69","108,06","","-0,67%"
"21/02/2025","108,84","110,15","110,30","108,82","","-1,18%"
"20/02/2025","110,15","109,71","110,42","109,68","","0,40%"
"19/02/2025","109,71","110,26","110,70","109,56","","-0,50%"
"18/02/2025","110,26","109,57","110,59","109,54","","0,63%"
"17/02/2025","109,57","109,54","109,81","109,30","","-0,38%"
"14/02/2025","109,99","109,47","110,19","108,76","","0,48%"
"13/02/2025","109,47","110,37","110,37","91,87","","-0,82%"
"12/02/2025","110,37","110,09","110,69","109,35","","0,25%"
"11/02/2025","110,09","109,65","110,40","109,51","","0,40%"
"10/02/2025","109,65","109,32","110,26","108,70","","1,18%"
"07/02/2025","108,38","109,43","110,24","108,35","","-0,97%"
"06/02/2025","109,43","108,56","109,84","108,25","","0,81%"
"05/02/2025","108,56","110,19","110,27","108,32","","-1,49%"
"04/02/2025","110,19","109,20","110,43","109,14","","0,91%"
"03/02/2025","109,20","109,88","110,35","108,35","","1,00%"
"31/01/2025","108,13","107,23","108,82","107,17","","0,84%"
"30/01/2025","107,23","107,36","107,70","106,53","","-0,12%"
"29/01/2025","107,36","107,08","107,96","106,78","","0,26%"
"28/01/2025","107,08","106,06","107,50","106,06","","0,96%"
"27/01/2025","106,06","105,63","106,23","104,90","","0,11%"
"24/01/2025","105,94","106,27","107,22","105,77","","-0,31%"
"23/01/2025","106,27","105,82","107,37","105,78","","0,43%"
"22/01/2025","105,82","104,73","106,61","104,44","","1,04%"
"21/01/2025","104,73","105,33","105,38","104,40","","-0,57%"
"20/01/2025","105,33","104,85","105,37","104,49","","0,56%"
"17/01/2025","104,74","105,13","105,57","104,58","","-0,37%"
"16/01/2025","105,13","105,93","106,29","104,96","","-0,76%"
"15/01/2025","105,93","105,84","106,19","104,91","","0,09%"
"14/01/2025","105,84","105,03","106,04","104,95","","0,77%"
"13/01/2025","105,03","104,43","105,83","103,14","","0,78%"
"10/01/2025","104,22","105,48","105,52","104,03","","-1,20%"
"09/01/2025","105,48","103,18","105,52","102,92","","2,23%"
"08/01/2025","103,18","103,24","104,18","102,69","","-0,05%"
"07/01/2025","103,24","103,62","104,06","102,71","","-0,37%"
"06/01/2025","103,62","102,91","104,35","101,85","","0,50%"
"03/01/2025","103,11","103,20","103,86","102,82","","-0,09%"
"02/01/2025","103,20","99,57","103,28","98,66","","3,64%"
"01/01/2025","99,57","101,73","101,94","99,49","","-2,13%"
"31/12/2024","101,73","101,56","101,98","101,56","","0,17%"
"30/12/2024","101,56","101,53","101,94","100,53","","0,15%"
"27/12/2024","101,41","101,93","101,93","101,14","","-0,51%"
"26/12/2024","101,93","93,56","102,49","93,37","","8,94%"
"25/12/2024","93,56","102,09","102,17","93,51","","-8,36%"
"24/12/2024","102,09","101,93","102,53","101,44","","0,16%"
"23/12/2024","101,93","103,30","103,44","101,85","","-1,69%"
"20/12/2024","103,68","102,49","104,48","102,41","","1,16%"
"19/12/2024","102,49","99,35","103,24","99,29","","3,16%"
"18/12/2024","99,35","102,41","102,44","98,63","","-2,99%"
"17/12/2024","102,41","101,62","103,11","100,76","","0,78%"
"16/12/2024","101,62","103,32","103,66","101,59","","-1,77%"
"13/12/2024","103,45","104,21","104,76","102,89","","-0,73%"
"12/12/2024","104,21","104,75","106,27","103,39","","-0,52%"
"11/12/2024","104,75","103,09","104,96","102,61","","1,61%"
"10/12/2024","103,09","102,24","103,32","102,17","","0,83%"
"09/12/2024","102,24","101,85","102,84","101,85","","0,46%"
"06/12/2024","101,77","103,63","103,63","101,69","","-1,79%"
"05/12/2024","103,63","103,12","104,51","103,12","","0,49%"
"04/12/2024","103,12","102,90","103,66","102,81","","0,22%"
"03/12/2024","102,90","102,83","103,67","102,38","","0,06%"
"02/12/2024","102,83","103,78","104,29","102,04","","-0,97%"
"29/11/2024","103,84","103,35","104,30","101,69","","0,48%"
"28/11/2024","103,35","104,98","104,98","103,29","","-1,56%"
"27/11/2024","104,98","108,00","108,00","104,98","","-2,80%"
"26/11/2024","108,00","108,21","108,42","107,05","","-0,19%"
"25/11/2024","108,21","108,52","157,43","107,31","","0,52%"
"22/11/2024","107,65","106,97","108,83","106,83","","0,64%"
"21/11/2024","106,97","107,31","107,75","106,24","","-0,32%"
"20/11/2024","107,31","107,13","107,67","107,13","","0,17%"
"19/11/2024","107,13","107,87","108,01","107,13","","-0,68%"
"18/11/2024","107,87","107,34","108,50","107,34","","0,91%"
"15/11/2024","106,89","107,18","107,59","106,89","","-0,27%"
"14/11/2024","107,18","106,17","108,09","106,17","","0,95%"
"13/11/2024","106,17","106,97","107,79","105,91","","-0,74%"
"12/11/2024","106,97","106,88","107,41","104,87","","0,08%"
"11/11/2024","106,88","106,61","107,00","105,79","","0,87%"
"08/11/2024","105,96","107,07","107,07","105,28","","-1,04%"
"07/11/2024","107,07","107,53","108,17","106,70","","-0,43%"
"06/11/2024","107,53","104,76","107,77","102,83","","2,65%"
"05/11/2024","104,76","103,68","104,96","103,53","","1,05%"
"04/11/2024","103,68","102,73","104,53","102,55","","1,01%"
"01/11/2024","102,64","104,52","104,75","102,56","","-1,80%"
"31/10/2024","104,52","105,07","105,07","104,14","","-0,52%"
"30/10/2024","105,07","105,19","105,27","104,75","","-0,11%"
"29/10/2024","105,19","106,10","106,59","105,10","","-0,86%"
"28/10/2024","106,10","106,39","106,67","106,02","","-0,28%"
"25/10/2024","106,40","107,14","107,14","106,09","","-0,69%"
"24/10/2024","107,14","106,36","107,22","106,22","","0,73%"
"23/10/2024","106,36","106,32","106,96","105,57","","0,04%"
"22/10/2024","106,32","106,34","106,75","105,88","","-0,02%"
"21/10/2024","106,34","106,00","106,37","105,45","","0,32%"
"18/10/2024","106,00","106,75","107,33","105,84","","-0,71%"
"17/10/2024","106,75","106,27","106,78","106,03","","0,46%"
"16/10/2024","106,27","105,87","106,92","105,68","","0,37%"
"15/10/2024","105,87","107,34","107,77","105,67","","-1,36%"
"14/10/2024","107,34","106,75","107,87","106,30","","0,46%"
"11/10/2024","106,85","107,38","107,92","106,19","","-0,49%"
"10/10/2024","107,38","106,44","107,75","106,44","","0,88%"
"09/10/2024","106,44","107,59","108,11","106,34","","-1,07%"
"08/10/2024","107,59","108,69","108,80","107,59","","-1,01%"
"07/10/2024","108,69","109,48","110,29","108,09","","-0,08%"
"04/10/2024","108,78","108,53","109,07","107,75","","0,23%"
"03/10/2024","108,53","108,32","109,22","107,13","","0,19%"
"02/10/2024","108,32","108,65","109,58","108,15","","-0,30%"
"01/10/2024","108,65","107,98","108,85","107,34","","0,62%"
"30/09/2024","107,98","108,29","108,43","107,09","","-0,30%"
"27/09/2024","108,30","108,15","108,39","107,42","","0,14%"
"26/09/2024","108,15","107,64","108,80","107,38","","0,47%"
"25/09/2024","107,64","108,17","108,17","106,70","","-0,48%"
"24/09/2024","108,17","106,64","108,25","106,50","","1,44%"
"23/09/2024","106,64","106,51","107,04","105,40","","-0,06%"
"20/09/2024","106,71","108,28","108,48","106,45","","-1,46%"
"19/09/2024","108,28","107,95","108,97","107,67","","0,31%"
"18/09/2024","107,95","107,62","108,88","107,27","","0,31%"
"17/09/2024","107,62","107,46","107,96","106,86","","0,15%"
"16/09/2024","107,46","106,46","107,46","105,73","","0,42%"
"13/09/2024","107,01","105,83","107,41","105,12","","1,12%"
"12/09/2024","105,83","104,69","106,03","104,69","","1,08%"
"11/09/2024","104,69","104,79","105,86","104,64","","-0,09%"
"10/09/2024","104,79","106,44","106,71","104,65","","-1,56%"
"09/09/2024","106,44","105,59","106,47","105,35","","-0,75%"
"06/09/2024","107,25","106,01","107,62","105,51","","1,17%"
"05/09/2024","106,01","104,90","107,85","104,65","","1,06%"
"04/09/2024","104,90","106,21","106,54","104,88","","-1,23%"
"03/09/2024","106,21","105,53","106,56","105,13","","0,64%"
"02/09/2024","105,53","105,68","105,78","104,74","","-1,28%"
"30/08/2024","106,90","106,50","107,28","104,04","","0,37%"
"29/08/2024","106,50","106,01","106,78","104,72","","0,47%"
"28/08/2024","106,01","109,18","109,18","105,89","","-2,90%"
"27/08/2024","109,18","109,24","109,42","106,62","","-0,05%"
"26/08/2024","109,24","106,66","109,48","106,66","","-0,03%"
"23/08/2024","109,27","107,37","109,68","105,26","","1,77%"
"22/08/2024","107,37","109,33","109,33","105,74","","-1,79%"
"21/08/2024","109,33","109,59","109,96","107,58","","-0,24%"
"20/08/2024","109,59","110,91","110,91","107,50","","-1,19%"
"19/08/2024","110,91","108,63","111,44","108,59","","1,07%"
"16/08/2024","109,73","108,97","109,74","108,78","","0,70%"
"15/08/2024","108,97","109,77","110,07","108,62","","-0,73%"
"14/08/2024","109,77","110,04","110,49","108,93","","-0,24%"
"13/08/2024","110,04","109,50","110,22","109,10","","0,49%"
"12/08/2024","109,50","108,99","109,70","108,74","","0,44%"
"09/08/2024","109,02","108,07","109,39","108,07","","0,88%"
"08/08/2024","108,07","106,56","108,09","106,18","","1,42%"
"07/08/2024","106,56","106,15","107,29","106,09","","0,39%"
"06/08/2024","106,15","105,26","106,48","104,54","","0,84%"
"05/08/2024","105,26","104,85","105,65","102,16","","-0,66%"
"02/08/2024","105,96","105,35","106,39","104,58","","0,58%"
"01/08/2024","105,35","106,75","107,87","105,18","","-1,31%"
"31/07/2024","106,75","107,79","108,05","106,55","","-0,97%"
"30/07/2024","107,79","107,82","107,99","106,72","","-0,02%"
"29/07/2024","107,82","106,65","107,85","106,56","","0,97%"
"26/07/2024","106,78","107,10","107,51","106,52","","-0,30%"
"25/07/2024","107,10","106,72","107,59","106,30","","0,36%"
"24/07/2024","106,72","108,05","108,32","106,59","","-1,22%"
"23/07/2024","108,05","108,15","108,58","107,67","","-0,10%"
"22/07/2024","108,15","107,67","108,82","107,56","","0,49%"
"19/07/2024","107,62","108,23","109,00","107,42","","-0,56%"
"18/07/2024","108,23","109,25","109,48","107,37","","-0,93%"
"17/07/2024","109,25","110,94","110,95","109,25","","-1,53%"
"16/07/2024","110,94","110,39","111,33","110,22","","0,50%"
"15/07/2024","110,39","110,63","110,96","109,77","","-0,34%"
"12/07/2024","110,77","111,12","111,47","110,22","","-0,32%"
"11/07/2024","111,12","111,80","112,54","110,87","","-0,60%"
"10/07/2024","111,80","111,95","112,76","111,66","","-0,14%"
"09/07/2024","111,95","110,73","112,08","110,70","","1,10%"
"08/07/2024","110,73","111,09","111,09","110,22","","-0,09%"
"05/07/2024","110,83","110,66","111,65","109,53","","0,15%"
"04/07/2024","110,66","109,65","111,11","109,26","","0,92%"
"03/07/2024","109,65","107,82","110,00","107,38","","1,70%"
"02/07/2024","107,82","107,89","108,70","107,36","","-0,07%"
"01/07/2024","107,89","109,40","109,60","107,75","","-1,46%"
"28/06/2024","109,49","111,45","111,62","109,44","","-1,76%"
"27/06/2024","111,45","110,69","111,75","110,69","","0,68%"
"26/06/2024","110,69","112,17","112,63","110,66","","-1,32%"
"25/06/2024","112,17","113,63","113,63","112,06","","-1,28%"
"24/06/2024","113,63","112,97","113,74","112,47","","0,94%"
"21/06/2024","112,57","112,12","113,22","112,01","","0,41%"
"20/06/2024","112,12","112,56","113,40","111,74","","-0,40%"
"19/06/2024","112,56","112,26","112,56","111,34","","0,27%"
"18/06/2024","112,26","112,89","113,50","5,52","","-0,56%"
"17/06/2024","112,89","113,95","113,99","112,80","","-0,59%"
"14/06/2024","113,56","114,02","114,73","113,38","","-0,40%"
"13/06/2024","114,02","113,94","114,83","0,56","","0,07%"
"12/06/2024","113,94","113,80","114,20","112,37","","0,12%"
"11/06/2024","113,80","113,92","114,59","56,80","","-0,10%"
"10/06/2024","113,92","113,26","114,85","113,26","","1,06%"
"07/06/2024","112,72","114,57","114,84","112,67","","-1,62%"
"06/06/2024","114,57","113,45","115,13","113,45","","0,99%"
"05/06/2024","113,45","113,89","114,75","113,38","","-0,39%"
"04/06/2024","113,89","115,12","115,12","113,88","","-1,06%"
"03/06/2024","115,12","115,17","116,00","114,85","","-0,42%"
"31/05/2024","115,60","116,55","116,55","114,94","","-0,81%"
"30/05/2024","116,55","116,18","116,77","116,17","","0,32%"
"29/05/2024","116,18","117,07","117,29","115,66","","-0,76%"
"28/05/2024","117,07","116,73","117,31","116,45","","0,29%"
"27/05/2024","116,73","116,87","117,12","116,50","","-0,22%"
"24/05/2024","116,99","117,21","117,99","116,51","","-0,19%"
"23/05/2024","117,21","117,10","117,96","116,95","","0,09%"
"22/05/2024","117,10","117,61","118,22","116,81","","-0,43%"
"21/05/2024","117,61","118,33","118,72","117,56","","-0,61%"
"20/05/2024","118,33","117,97","118,59","117,74","","0,25%"
"17/05/2024","118,04","118,63","118,63","117,46","","-0,50%"
"16/05/2024","118,63","118,46","118,72","117,15","","0,14%"
"15/05/2024","118,46","118,43","118,62","117,29","","0,02%"
"14/05/2024","118,43","117,92","118,52","117,88","","0,44%"
"13/05/2024","117,92","118,06","118,69","117,79","","-0,05%"
"10/05/2024","117,97","118,72","118,89","117,93","","-0,63%"
"09/05/2024","118,72","119,92","120,06","118,10","","-1,00%"
"08/05/2024","119,92","119,91","120,41","119,35","","0,01%"
"07/05/2024","119,91","119,87","120,55","119,85","","0,03%"
"06/05/2024","119,87","120,15","120,64","119,63","","-0,40%"
"03/05/2024","120,35","119,94","120,95","119,34","","0,35%"
"02/05/2024","119,94","117,92","120,18","117,90","","1,71%"
"01/05/2024","117,92","117,54","118,51","117,54","","0,33%"
"30/04/2024","117,54","119,28","119,62","117,41","","-1,46%"
"29/04/2024","119,28","119,79","119,91","119,20","","-0,12%"
"26/04/2024","119,43","118,52","119,60","118,42","","0,76%"
"25/04/2024","118,52","119,19","119,27","117,84","","-0,56%"
"24/04/2024","119,19","119,83","119,83","118,71","","-0,53%"
"23/04/2024","119,83","119,04","120,13","118,52","","0,66%"
"22/04/2024","119,04","118,15","119,09","118,15","","0,61%"
"19/04/2024","118,32","117,03","118,69","116,81","","1,10%"
"18/04/2024","117,03","117,49","117,49","116,26","","-0,39%"
"17/04/2024","117,49","116,80","118,00","116,61","","0,59%"
"16/04/2024","116,80","118,32","119,14","116,61","","-1,28%"
"15/04/2024","118,32","120,09","120,52","117,65","","-1,28%"
"12/04/2024","119,86","120,05","121,00","119,63","","-0,16%"
"11/04/2024","120,05","119,10","120,76","119,10","","0,80%"
"10/04/2024","119,10","120,48","120,83","118,69","","-1,14%"
"09/04/2024","120,48","120,17","121,10","120,03","","0,25%"
"08/04/2024","120,17","119,44","120,50","119,43","","0,57%"
"05/04/2024","119,49","120,18","120,36","119,35","","-0,57%"
"04/04/2024","120,18","120,68","121,47","119,67","","-0,41%"
"03/04/2024","120,68","120,20","120,82","119,50","","0,40%"
"02/04/2024","120,20","120,47","121,52","120,19","","-0,22%"
"01/04/2024","120,47","121,10","121,31","120,05","","-0,70%"
"29/03/2024","121,33","120,53","121,38","120,53","","0,66%"
"28/03/2024","120,53","121,08","122,09","120,47","","-0,46%"
"27/03/2024","121,08","121,66","121,80","121,08","","-0,47%"
"26/03/2024","121,66","121,54","121,81","121,07","","0,10%"
"25/03/2024","121,54","120,76","121,72","120,76","","0,39%"
"22/03/2024","121,07","120,83","121,67","120,61","","0,20%"
"21/03/2024","120,83","121,51","121,51","120,61","","-0,56%"
"20/03/2024","121,51","119,66","121,53","119,66","","1,55%"
"19/03/2024","119,66","119,91","120,44","119,53","","-0,21%"
"18/03/2024","119,91","120,55","120,83","119,66","","-0,57%"
"15/03/2024","120,60","120,03","121,00","119,94","","0,47%"
"14/03/2024","120,03","120,57","121,02","120,03","","-0,44%"
"13/03/2024","120,57","120,62","120,95","120,19","","-0,05%"
"12/03/2024","120,62","120,30","120,95","120,08","","0,27%"
"11/03/2024","120,30","120,26","120,74","9,65","","-0,39%"
"08/03/2024","120,76","121,46","121,90","120,20","","-0,58%"
"07/03/2024","121,46","121,81","122,17","121,44","","-0,29%"
"06/03/2024","121,81","121,95","122,46","60,62","","-0,12%"
"05/03/2024","121,95","122,20","122,36","121,91","","-0,20%"
"04/03/2024","122,20","121,97","122,34","121,95","","20,61%"
"01/03/2024","101,32","121,71","122,61","101,24","","-16,75%"
"29/02/2024","121,71","121,83","122,01","121,18","","-0,10%"
"28/02/2024","121,83","122,32","122,65","121,65","","-0,40%"
"27/02/2024","122,32","121,58","122,84","121,40","","0,61%"
"26/02/2024","121,58","121,20","121,72","120,97","","0,47%"
"23/02/2024","121,01","121,77","122,14","120,98","","-0,62%"
"22/02/2024","121,77","122,82","123,15","121,74","","-0,86%"
"21/02/2024","122,82","123,48","123,58","122,73","","-0,54%"
"20/02/2024","123,48","122,77","123,84","122,38","","0,58%"
"19/02/2024","122,77","122,54","122,87","122,44","","-0,03%"
"16/02/2024","122,81","122,75","123,04","122,04","","0,05%"
"15/02/2024","122,75","122,94","123,27","122,59","","-0,16%"
"14/02/2024","122,94","122,74","123,67","122,15","","0,17%"
"13/02/2024","122,74","122,64","122,99","122,64","","0,08%"
"12/02/2024","122,64","122,82","122,94","122,63","","-0,03%"
"09/02/2024","122,67","121,88","122,91","121,88","","0,65%"
"08/02/2024","121,88","122,39","122,60","121,72","","-0,42%"
"07/02/2024","122,39","122,79","122,97","122,36","","-0,32%"
"06/02/2024","122,79","122,47","123,43","122,35","","0,26%"
"05/02/2024","122,47","122,37","122,56","120,12","","1,12%"
"02/02/2024","121,12","123,56","123,56","121,02","","-1,98%"
"01/02/2024","123,56","122,25","123,71","122,14","","1,08%"
"31/01/2024","122,25","122,52","123,10","121,85","","-0,22%"
"30/01/2024","122,52","122,37","122,74","121,51","","0,12%"
"29/01/2024","122,37","122,78","123,45","122,34","","-0,78%"
"26/01/2024","123,34","122,33","123,57","122,27","","0,83%"
"25/01/2024","122,33","122,11","122,73","122,10","","0,18%"
"24/01/2024","122,11","120,61","122,85","120,61","","1,25%"
"23/01/2024","120,61","120,85","121,69","120,49","","-0,20%"
"22/01/2024","120,85","122,08","122,19","0,74","","-0,92%"
"19/01/2024","121,97","121,60","122,95","121,60","","0,30%"
"18/01/2024","121,60","121,47","122,57","121,02","","0,11%"
"17/01/2024","121,47","122,42","122,47","121,40","","-0,77%"
"16/01/2024","122,42","123,10","123,47","121,02","","-0,56%"
"15/01/2024","123,10","123,17","123,66","122,56","","0,10%"
"12/01/2024","122,98","122,86","124,01","122,47","","0,09%"
"11/01/2024","122,86","122,47","122,93","122,09","","0,33%"
"10/01/2024","122,47","122,23","122,82","122,16","","0,19%"
"09/01/2024","122,23","122,88","122,95","122,19","","-0,53%"
"08/01/2024","122,88","122,94","123,38","122,35","","-0,24%"
"05/01/2024","123,18","122,41","123,63","121,83","","0,63%"
"04/01/2024","122,41","120,83","122,41","120,83","","1,31%"
"03/01/2024","120,83","120,74","122,43","120,65","","0,08%"
"02/01/2024","120,74","122,36","123,10","119,72","","-1,33%"
"01/01/2024","122,36","122,28","122,45","122,28","","0,25%"
"29/12/2023","122,05","121,49","122,05","121,49","","0,47%"
"28/12/2023","121,49","122,95","122,95","121,49","","-1,19%"
"27/12/2023","122,95","123,69","123,93","122,61","","-0,60%"
"26/12/2023","123,69","122,61","123,80","122,61","","0,88%"
"25/12/2023","122,61","122,57","122,70","122,57","","0,03%"
"22/12/2023","122,56","122,42","123,32","121,88","","0,12%"
"21/12/2023","122,42","121,78","123,02","121,78","","0,52%"
"20/12/2023","121,78","123,56","123,56","121,66","","-1,44%"
"19/12/2023","123,56","122,73","123,87","122,56","","0,67%"
"18/12/2023","122,73","121,77","122,76","121,39","","0,58%"
"15/12/2023","122,02","123,17","123,17","120,91","","-0,93%"
"14/12/2023","123,17","123,58","124,35","122,29","","-0,33%"
"13/12/2023","123,58","122,34","123,69","122,21","","1,01%"
"12/12/2023","122,34","123,30","123,67","122,34","","-0,78%"
"11/12/2023","123,30","123,55","123,65","122,81","","-0,06%"
"08/12/2023","123,37","123,88","124,25","123,26","","-0,41%"
"07/12/2023","123,88","124,29","124,88","123,65","","-0,33%"
"06/12/2023","124,29","123,05","124,53","123,05","","1,00%"
"05/12/2023","123,05","121,54","123,05","121,18","","1,25%"
"04/12/2023","121,54","123,42","123,68","121,35","","-1,30%"
"01/12/2023","123,14","122,12","123,41","121,18","","0,84%"
"30/11/2023","122,12","121,99","122,27","121,22","","0,10%"
"29/11/2023","121,99","122,87","122,87","121,73","","-0,71%"
"28/11/2023","122,87","122,63","123,36","121,98","","0,20%"
"27/11/2023","122,63","122,16","122,91","121,71","","0,13%"
"24/11/2023","122,46","122,62","122,98","122,10","","-0,13%"
"23/11/2023","122,62","122,55","123,14","122,51","","0,06%"
"22/11/2023","122,55","122,22","123,18","122,22","","0,27%"
"21/11/2023","122,22","123,90","123,90","122,04","","-1,36%"
"20/11/2023","123,90","122,44","124,05","122,41","","-0,67%"
"17/11/2023","124,74","125,83","125,83","123,16","","-0,87%"
"16/11/2023","125,83","125,86","126,00","123,80","","-0,02%"
"15/11/2023","125,86","125,98","126,11","123,99","","-0,10%"
"14/11/2023","125,98","124,70","126,16","124,70","","1,03%"
"13/11/2023","124,70","124,89","125,24","124,30","","-0,21%"
"10/11/2023","124,96","124,13","125,13","124,11","","0,67%"
"09/11/2023","124,13","124,93","125,42","123,93","","-0,64%"
"08/11/2023","124,93","125,28","126,18","124,41","","-0,28%"
"07/11/2023","125,28","124,96","126,38","124,94","","0,26%"
"06/11/2023","124,96","124,66","126,36","124,26","","-0,69%"
"03/11/2023","125,83","124,29","126,30","124,29","","1,23%"
"02/11/2023","124,29","124,44","124,93","124,29","","-0,11%"
"01/11/2023","124,44","123,32","125,22","123,10","","0,91%"
"31/10/2023","123,32","123,08","123,39","103,01","","0,19%"
"30/10/2023","123,08","123,63","124,84","0,22","","-0,77%"
"27/10/2023","124,03","124,13","126,10","123,92","","-0,08%"
"26/10/2023","124,13","123,89","124,79","123,48","","0,19%"
"25/10/2023","123,89","123,88","124,40","123,46","","0,01%"
"24/10/2023","123,88","123,75","123,93","122,39","","0,10%"
"23/10/2023","123,75","122,91","124,18","122,37","","0,40%"
"20/10/2023","123,25","123,00","123,95","121,55","","0,20%"
"19/10/2023","123,00","122,82","124,05","122,41","","0,15%"
"18/10/2023","122,82","123,45","123,54","122,46","","-0,51%"
"17/10/2023","123,45","123,54","124,25","122,58","","-0,07%"
"16/10/2023","123,54","122,80","123,61","121,80","","0,60%"
"13/10/2023","122,80","122,14","123,60","122,14","","0,54%"
"12/10/2023","122,14","122,47","122,54","122,14","","-0,27%"
"11/10/2023","122,47","122,83","123,04","122,05","","-0,29%"
"10/10/2023","122,83","121,27","122,83","120,62","","1,29%"
"09/10/2023","121,27","120,19","121,60","120,19","","0,09%"
"06/10/2023","121,16","120,36","121,17","119,10","","0,67%"
"05/10/2023","120,36","121,33","121,52","120,30","","-0,80%"
"04/10/2023","121,33","121,04","122,02","120,49","","0,24%"
"03/10/2023","121,04","122,44","123,71","120,69","","-1,14%"
"02/10/2023","122,44","123,08","123,76","122,09","","-0,68%"
"29/09/2023","123,28","123,25","124,05","122,79","","0,03%"
"28/09/2023","123,25","123,01","124,06","122,75","","0,19%"
"27/09/2023","123,01","124,22","124,73","122,02","","-0,97%"
"26/09/2023","124,22","124,03","124,98","123,47","","0,15%"
"25/09/2023","124,03","124,50","124,98","123,92","","-0,52%"
"22/09/2023","124,68","124,67","125,70","124,67","","0,01%"
"21/09/2023","124,67","125,51","126,43","124,36","","-0,66%"
"20/09/2023","125,51","126,05","126,67","125,51","","-0,43%"
"19/09/2023","126,05","126,57","126,63","125,96","","-0,41%"
"18/09/2023","126,57","126,23","127,08","126,13","","0,06%"
"15/09/2023","126,50","125,14","126,67","125,10","","1,09%"
"14/09/2023","125,14","124,28","125,64","124,23","","0,69%"
"13/09/2023","124,28","123,50","124,74","123,10","","0,63%"
"12/09/2023","123,50","123,77","124,17","123,24","","-0,22%"
"11/09/2023","123,77","122,84","124,25","122,66","","0,89%"
"08/09/2023","122,68","122,55","123,39","122,55","","0,11%"
"07/09/2023","122,55","122,10","123,05","12,05","","0,36%"
"06/09/2023","122,10","123,14","123,19","122,10","","-0,84%"
"05/09/2023","123,14","123,06","123,77","121,23","","0,07%"
"04/09/2023","123,06","122,79","123,78","122,68","","0,71%"
"01/09/2023","122,19","121,76","123,40","121,76","","0,35%"
"31/08/2023","121,76","123,25","123,92","121,67","","-1,21%"
"30/08/2023","123,25","125,06","125,06","123,23","","-1,45%"
"29/08/2023","125,06","124,50","125,15","123,82","","0,45%"
"28/08/2023","124,50","124,71","124,71","123,57","","-0,02%"
"25/08/2023","124,53","123,63","124,92","123,63","","0,73%"
"24/08/2023","123,63","123,41","124,65","123,41","","0,18%"
"23/08/2023","123,41","121,38","124,92","121,38","","1,67%"
"22/08/2023","121,38","120,84","122,31","120,83","","0,45%"
"21/08/2023","120,84","121,22","121,44","120,40","","-4,21%"
"18/08/2023","126,15","120,75","126,49","120,19","","4,47%"
"17/08/2023","120,75","120,18","126,09","120,18","","0,48%"
"16/08/2023","120,18","120,04","121,30","120,04","","0,11%"
"15/08/2023","120,04","120,78","121,18","119,85","","-0,61%"
"14/08/2023","120,78","122,02","122,19","120,62","","-0,65%"
"11/08/2023","121,57","121,57","122,68","121,54","","0,00%"
"10/08/2023","121,57","121,89","122,83","121,26","","-0,27%"
"09/08/2023","121,89","122,16","122,56","121,58","","-0,21%"
"08/08/2023","122,16","121,92","122,39","121,19","","0,20%"
"07/08/2023","121,92","122,18","122,71","121,60","","-0,85%"
"04/08/2023","122,96","121,28","123,68","121,28","","1,39%"
"03/08/2023","121,28","124,33","124,60","121,22","","-2,45%"
"02/08/2023","124,33","124,65","125,02","124,10","","-0,26%"
"01/08/2023","124,65","125,83","126,47","123,87","","-0,94%"
"31/07/2023","125,83","125,54","126,11","124,34","","0,85%"
"28/07/2023","124,76","124,91","126,84","124,52","","-0,12%"
"27/07/2023","124,91","125,06","125,71","124,32","","-0,12%"
"26/07/2023","125,06","124,51","125,42","124,51","","0,44%"
"25/07/2023","124,51","125,13","125,92","124,41","","-0,49%"
"24/07/2023","125,13","123,24","125,90","123,24","","1,51%"
"21/07/2023","123,27","121,61","123,82","121,61","","1,37%"
"20/07/2023","121,61","121,36","122,78","121,30","","0,20%"
"19/07/2023","121,36","121,50","122,27","121,04","","-0,11%"
"18/07/2023","121,50","122,32","122,32","120,76","","-0,67%"
"17/07/2023","122,32","121,75","122,36","120,41","","0,29%"
"14/07/2023","121,96","123,42","123,42","121,38","","-1,18%"
"13/07/2023","123,42","124,19","124,22","121,63","","-0,62%"
"12/07/2023","124,19","122,82","125,09","122,42","","1,12%"
"11/07/2023","122,82","122,76","129,16","121,29","","0,05%"
"10/07/2023","122,76","122,64","123,87","122,37","","-0,73%"
"07/07/2023","123,66","122,35","124,56","122,12","","1,07%"
"06/07/2023","122,35","124,36","124,41","121,74","","-1,61%"
"05/07/2023","124,36","124,40","124,66","123,80","","-0,03%"
"04/07/2023","124,40","124,79","125,89","124,20","","-0,31%"
"03/07/2023","124,79","125,45","126,35","124,42","","-0,20%"
"30/06/2023","125,05","123,02","125,62","123,02","","1,65%"
"29/06/2023","123,02","123,35","124,16","122,82","","-0,26%"
"28/06/2023","123,35","125,21","125,21","123,05","","-1,48%"
"27/06/2023","125,21","126,34","126,34","125,00","","-0,90%"
"26/06/2023","126,34","125,29","126,64","125,29","","0,17%"
"23/06/2023","126,12","125,28","126,46","125,07","","0,68%"
"22/06/2023","125,28","125,85","125,85","124,70","","-0,45%"
"21/06/2023","125,85","125,35","126,02","124,75","","0,40%"
"20/06/2023","125,35","125,47","125,73","124,71","","-0,10%"
"19/06/2023","125,47","124,13","126,14","124,13","","-0,20%"
"16/06/2023","125,73","126,07","126,07","123,50","","-0,27%"
"15/06/2023","126,07","126,14","126,68","125,01","","-0,05%"
"14/06/2023","126,14","124,72","126,64","124,65","","1,14%"
"13/06/2023","124,72","124,94","125,38","124,58","","-0,18%"
"12/06/2023","124,94","124,88","125,11","124,30","","0,23%"
"09/06/2023","124,66","128,05","128,05","123,56","","-2,65%"
"08/06/2023","128,05","124,60","128,05","124,15","","2,77%"
"07/06/2023","124,60","124,86","125,11","124,12","","-0,21%"
"06/06/2023","124,86","124,28","125,20","123,85","","0,47%"
"05/06/2023","124,28","123,35","124,73","123,31","","0,20%"
"02/06/2023","124,03","122,11","124,21","121,51","","1,57%"
"01/06/2023","122,11","121,54","122,32","121,09","","0,46%"
"31/05/2023","121,54","121,81","121,94","119,87","","-0,22%"
"30/05/2023","121,81","121,93","122,24","120,59","","-0,10%"
"29/05/2023","121,93","122,47","123,01","121,92","","-0,44%"
"28/05/2023","122,47","122,24","122,47","122,24","","0,22%"
"26/05/2023","122,20","120,82","122,58","120,82","","1,14%"
"25/05/2023","120,82","122,68","123,69","120,65","","-1,52%"
"24/05/2023","122,68","122,17","123,42","122,17","","0,42%"
"23/05/2023","122,17","122,10","122,89","121,88","","0,06%"
"22/05/2023","122,10","120,94","122,23","120,94","","0,95%"
"21/05/2023","120,94","120,94","120,94","120,94","","0,01%"
"19/05/2023","120,93","121,72","122,85","120,88","","-0,65%"
"18/05/2023","121,72","122,39","122,82","121,38","","-0,55%"
"17/05/2023","122,39","122,04","122,70","121,45","","0,29%"
"16/05/2023","122,04","123,33","123,33","121,57","","-1,05%"
"15/05/2023","123,33","122,01","123,42","121,91","","1,08%"
"14/05/2023","122,01","122,01","122,01","122,01","","0,02%"
"12/05/2023","121,99","121,79","122,20","121,34","","0,17%"
"11/05/2023","121,79","120,85","121,86","119,90","","0,78%"
"10/05/2023","120,85","119,60","120,92","119,60","","1,04%"
"09/05/2023","119,60","118,66","120,63","118,13","","0,80%"
"08/05/2023","118,66","120,02","120,48","118,47","","-1,14%"
"07/05/2023","120,02","120,02","120,02","120,02","","-0,05%"
"05/05/2023","120,08","119,22","120,69","118,98","","0,72%"
"04/05/2023","119,22","118,95","119,59","118,04","","0,23%"
"03/05/2023","118,95","118,26","119,27","118,05","","0,58%"
"02/05/2023","118,26","119,50","119,71","117,96","","-1,04%"
"01/05/2023","119,50","119,55","119,60","119,15","","-0,04%"
"30/04/2023","119,55","119,55","119,55","119,55","","-0,01%"
"28/04/2023","119,56","119,59","119,79","118,69","","-0,02%"
"27/04/2023","119,59","118,00","119,71","117,92","","1,35%"
"26/04/2023","118,00","117,72","118,20","117,22","","0,23%"
"25/04/2023","117,72","118,62","118,71","117,07","","-0,76%"
"24/04/2023","118,62","118,68","119,22","117,50","","-0,05%"
"23/04/2023","118,68","118,68","118,68","118,68","","0,00%"
"21/04/2023","118,68","118,41","118,81","118,41","","0,22%"
"20/04/2023","118,41","117,81","118,91","117,64","","0,51%"
"19/04/2023","117,81","120,04","120,20","117,51","","-1,86%"
"18/04/2023","120,04","120,76","121,62","119,56","","-0,60%"
"17/04/2023","120,76","120,83","121,55","119,55","","-0,05%"
"16/04/2023","120,83","120,83","120,83","120,83","","0,04%"
"14/04/2023","120,78","121,91","121,91","119,46","","-0,93%"
"13/04/2023","121,91","122,13","122,72","121,27","","-0,18%"
"12/04/2023","122,13","120,02","122,14","120,02","","1,76%"
"11/04/2023","120,02","118,57","120,56","118,57","","1,22%"
"10/04/2023","118,57","118,38","119,03","117,81","","0,16%"
"09/04/2023","118,38","120,47","120,47","118,38","","-1,77%"
"07/04/2023","120,51","119,57","120,76","118,35","","0,78%"
"06/04/2023","119,57","118,89","121,01","118,89","","0,57%"
"05/04/2023","118,89","118,68","119,39","117,99","","0,18%"
"04/04/2023","118,68","118,87","119,25","118,10","","-0,16%"
"03/04/2023","118,87","119,28","120,36","118,45","","-0,34%"
"02/04/2023","119,28","119,28","119,28","119,28","","0,01%"
"31/03/2023","119,27","118,66","119,30","118,26","","0,51%"
"30/03/2023","118,66","117,90","119,23","117,17","","0,64%"
"29/03/2023","117,90","117,31","118,06","116,99","","0,51%"
"28/03/2023","117,31","117,24","121,51","116,78","","0,05%"
"27/03/2023","117,24","115,48","117,34","115,48","","1,52%"
"26/03/2023","115,48","115,48","116,99","115,48","","-0,05%"
"24/03/2023","115,54","113,38","116,40","112,83","","1,90%"
"23/03/2023","113,38","116,33","116,33","113,35","","-2,53%"
"22/03/2023","116,33","116,83","117,01","115,43","","-0,43%"
"21/03/2023","116,83","117,58","117,58","116,57","","-0,63%"
"20/03/2023","117,58","116,62","117,72","116,47","","0,82%"
"19/03/2023","116,62","116,62","116,62","116,62","","0,09%"
"17/03/2023","116,52","118,19","118,19","116,43","","-1,41%"
"16/03/2023","118,19","115,53","118,31","115,14","","2,30%"
"15/03/2023","115,53","116,87","118,37","114,70","","-1,14%"
"14/03/2023","116,87","116,54","117,65","116,54","","0,28%"
"13/03/2023","116,54","118,55","118,58","116,05","","-1,70%"
"12/03/2023","118,55","118,55","118,55","118,55","","0,00%"
"10/03/2023","118,55","120,28","120,53","118,48","","-1,44%"
"09/03/2023","120,28","120,88","121,73","120,18","","-0,49%"
"08/03/2023","120,88","118,18","121,85","118,18","","2,28%"
"07/03/2023","118,18","119,47","119,47","117,89","","-1,08%"
"06/03/2023","119,47","118,89","119,51","118,36","","0,49%"
"05/03/2023","118,89","118,89","118,98","118,89","","0,00%"
"03/03/2023","118,89","118,53","122,36","118,41","","0,30%"
"02/03/2023","118,53","119,36","119,36","117,98","","-0,69%"
"01/03/2023","119,36","118,29","119,61","117,21","","0,90%"
"28/02/2023","118,29","119,59","120,14","118,14","","-1,08%"
"27/02/2023","119,59","118,89","120,27","118,89","","0,58%"
"26/02/2023","118,89","118,89","118,89","118,89","","0,00%"
"24/02/2023","118,89","119,60","120,64","118,26","","-0,59%"
"23/02/2023","119,60","119,45","121,69","119,45","","0,13%"
"22/02/2023","119,45","119,00","120,27","118,12","","0,38%"
"21/02/2023","119,00","118,71","119,46","118,71","","0,24%"
"20/02/2023","118,71","119,25","119,25","118,71","","-0,45%"
"19/02/2023","119,25","119,22","119,25","119,22","","0,03%"
"17/02/2023","119,22","117,43","119,62","117,43","","1,52%"
"16/02/2023","117,43","117,30","118,78","116,48","","0,11%"
"15/02/2023","117,30","117,66","118,80","116,59","","-0,31%"
"14/02/2023","117,66","118,99","119,74","116,94","","-1,11%"
"13/02/2023","118,99","117,10","119,04","117,10","","1,61%"
"12/02/2023","117,10","117,10","117,10","117,10","","0,00%"
"10/02/2023","117,10","115,51","117,35","115,17","","1,37%"
"09/02/2023","115,51","117,52","118,17","115,50","","-1,71%"
"08/02/2023","117,52","117,31","118,36","116,62","","0,18%"
"07/02/2023","117,31","118,08","119,28","116,99","","-0,65%"
"06/02/2023","118,08","116,79","118,67","114,56","","1,11%"
"05/02/2023","116,79","116,79","116,79","116,79","","0,00%"
"03/02/2023","116,79","117,90","119,40","116,16","","-0,94%"
"02/02/2023","117,90","119,33","121,88","117,90","","-1,20%"
"01/02/2023","119,33","119,20","119,70","118,12","","0,11%"
"31/01/2023","119,20","118,05","119,23","117,55","","0,97%"
"30/01/2023","118,05","118,02","118,73","117,67","","0,02%"
"29/01/2023","118,02","117,82","118,02","117,82","","0,17%"
"27/01/2023","117,82","118,58","119,01","117,73","","-0,64%"
"26/01/2023","118,58","118,65","118,70","117,60","","-0,06%"
"25/01/2023","118,65","117,13","118,75","117,13","","1,30%"
"24/01/2023","117,13","115,54","117,27","115,54","","1,37%"
"23/01/2023","115,54","116,17","117,37","115,49","","-0,54%"
"22/01/2023","116,17","116,17","116,17","116,17","","0,00%"
"20/01/2023","116,17","117,35","117,35","115,62","","-1,01%"
"19/01/2023","117,35","116,88","117,59","115,45","","0,40%"
"18/01/2023","116,88","118,81","119,98","116,82","","-1,62%"
"17/01/2023","118,81","118,88","119,69","117,63","","-0,07%"
"16/01/2023","118,88","118,72","119,82","118,64","","0,14%"
"15/01/2023","118,72","118,72","118,72","118,72","","0,00%"
"13/01/2023","118,72","119,31","119,63","117,47","","-0,49%"
"12/01/2023","119,31","118,26","120,15","117,85","","0,88%"
"11/01/2023","118,26","117,55","118,26","116,87","","0,60%"
"10/01/2023","117,55","116,93","118,07","116,55","","0,53%"
"09/01/2023","116,93","119,41","119,41","115,76","","-2,07%"
"08/01/2023","119,41","119,41","119,41","119,41","","0,00%"
"06/01/2023","119,41","115,67","119,55","115,32","","3,23%"
"05/01/2023","115,67","113,96","115,73","113,96","","1,50%"
"04/01/2023","113,96","112,32","114,03","112,32","","1,47%"
"03/01/2023","112,32","114,89","115,39","112,32","","-2,24%"
"02/01/2023","114,89","116,71","116,81","114,70","","-1,56%"
"01/01/2023","116,71","116,71","116,71","116,71","","0,00%"
"30/12/2022","116,71","116,85","116,85","116,30","","-0,12%"
"29/12/2022","116,85","116,74","119,12","116,48","","0,10%"
"28/12/2022","116,74","122,32","124,06","116,60","","-4,56%"
"27/12/2022","122,32","118,51","122,73","116,28","","3,22%"
"26/12/2022","118,51","119,59","119,78","118,30","","-0,90%"
"25/12/2022","119,59","119,59","119,59","119,59","","0,00%"
"23/12/2022","119,59","119,36","120,66","119,36","","0,19%"
"22/12/2022","119,36","118,67","119,67","118,45","","0,58%"
"21/12/2022","118,67","118,99","119,95","118,34","","-0,26%"
"20/12/2022","118,99","116,56","119,44","116,02","","2,08%"
"19/12/2022","116,56","115,96","116,63","115,65","","0,52%"
"18/12/2022","115,96","116,00","116,00","115,96","","-0,04%"
"16/12/2022","116,00","115,94","117,09","115,73","","0,05%"
"15/12/2022","115,94","116,92","122,80","115,94","","-0,84%"
"14/12/2022","116,92","122,74","122,80","115,37","","-4,74%"
"13/12/2022","122,74","123,05","123,95","121,91","","-0,25%"
"12/12/2022","123,04","119,60","123,86","117,48","","2,88%"
"11/12/2022","119,60","119,60","119,60","119,60","","0,00%"
"09/12/2022","119,60","119,93","120,11","117,99","","-0,28%"
"08/12/2022","119,93","120,41","121,01","119,52","","-0,39%"
"07/12/2022","120,41","119,52","120,87","119,00","","0,74%"
"06/12/2022","119,52","117,82","119,96","117,82","","1,44%"
"05/12/2022","117,82","125,61","125,85","117,65","","-6,19%"
"04/12/2022","125,61","125,61","125,61","125,61","","0,00%"
"02/12/2022","125,61","126,47","126,93","124,84","","-0,68%"
"01/12/2022","126,47","122,07","127,59","122,07","","3,60%"
"30/11/2022","122,07","120,11","122,26","119,16","","1,63%"
"29/11/2022","120,11","117,78","120,11","117,78","","1,98%"
"28/11/2022","117,78","116,27","118,12","116,27","","1,30%"
"27/11/2022","116,27","116,27","116,27","116,27","","0,00%"
"25/11/2022","116,27","119,24","119,52","114,26","","-2,49%"
"24/11/2022","119,24","118,39","119,72","118,39","","0,72%"
"23/11/2022","118,39","119,33","119,57","117,40","","-0,79%"
"22/11/2022","119,33","120,01","120,90","118,47","","-0,57%"
"21/11/2022","120,01","117,50","120,46","117,50","","2,14%"
"20/11/2022","117,50","117,50","117,50","117,50","","0,00%"
"18/11/2022","117,50","116,44","120,16","116,44","","0,91%"
"17/11/2022","116,44","116,98","117,68","114,30","","-0,47%"
"16/11/2022","116,98","118,51","119,45","116,89","","-1,29%"
"15/11/2022","118,51","119,13","119,16","118,41","","-0,52%"
"14/11/2022","119,13","120,32","122,78","118,97","","-0,99%"
"13/11/2022","120,32","120,32","120,32","120,32","","0,00%"
"11/11/2022","120,32","121,61","122,93","119,46","","-1,06%"
"10/11/2022","121,61","125,65","125,65","120,49","","-3,22%"
"09/11/2022","125,65","127,57","130,48","125,28","","-1,50%"
"08/11/2022","127,57","128,07","129,66","125,88","","-0,40%"
"07/11/2022","128,07","132,68","132,81","127,66","","-3,47%"
"06/11/2022","132,68","132,68","132,68","132,68","","0,23%"
"04/11/2022","132,38","128,99","133,71","128,99","","2,63%"
"03/11/2022","128,99","128,31","131,11","127,48","","0,53%"
"02/11/2022","128,31","128,26","128,73","128,26","","0,04%"
"01/11/2022","128,26","127,36","129,53","126,82","","0,71%"
"31/10/2022","127,36","124,51","128,00","121,78","","2,29%"
"30/10/2022","124,51","124,51","124,51","124,51","","-0,22%"
"28/10/2022","124,78","122,03","124,81","121,13","","2,25%"
"27/10/2022","122,03","121,77","124,37","121,63","","0,22%"
"26/10/2022","121,77","124,98","128,25","121,73","","-2,57%"
"25/10/2022","124,98","125,44","125,99","124,28","","-0,36%"
"24/10/2022","125,44","129,83","131,18","125,39","","-3,38%"
"23/10/2022","129,83","130,02","130,02","129,83","","-0,23%"
"21/10/2022","130,12","128,55","130,59","127,16","","1,23%"
"20/10/2022","128,55","126,64","129,11","126,64","","1,50%"
"19/10/2022","126,64","126,98","127,31","125,61","","-0,26%"
"18/10/2022","126,98","127,66","128,22","125,64","","-0,53%"
"17/10/2022","127,66","126,01","128,15","126,01","","1,31%"
"16/10/2022","126,01","130,11","130,11","126,01","","-3,13%"
"14/10/2022","130,09","128,64","132,20","126,01","","1,13%"
"13/10/2022","128,64","127,52","129,05","125,57","","0,87%"
"12/10/2022","127,52","127,71","127,95","127,43","","-0,15%"
"11/10/2022","127,71","129,90","130,16","127,46","","-1,69%"
"10/10/2022","129,90","128,84","131,22","126,74","","0,83%"
"09/10/2022","128,84","128,84","128,84","128,84","","1,46%"
"07/10/2022","126,99","126,82","128,97","125,95","","0,14%"
"06/10/2022","126,82","126,62","127,79","126,08","","0,16%"
"05/10/2022","126,62","128,20","128,20","125,69","","-1,23%"
"04/10/2022","128,20","129,48","133,80","127,18","","-0,98%"
"03/10/2022","129,48","125,35","133,19","124,21","","3,29%"
"02/10/2022","125,35","125,35","125,35","125,35","","-0,11%"
"30/09/2022","125,49","125,75","127,29","124,42","","-0,21%"
"29/09/2022","125,75","127,74","127,78","125,10","","-1,56%"
"28/09/2022","127,74","126,40","129,24","125,68","","1,06%"
"27/09/2022","126,40","125,57","128,08","125,47","","0,66%"
"26/09/2022","125,57","127,42","128,79","125,02","","-1,45%"
"25/09/2022","127,42","127,42","127,42","127,42","","0,10%"
"23/09/2022","127,29","130,53","131,45","126,52","","-2,48%"
"22/09/2022","130,53","128,09","130,80","126,89","","1,90%"
"21/09/2022","128,09","127,16","129,33","126,77","","0,73%"
"20/09/2022","127,16","127,16","127,55","125,51","","0,00%"
"19/09/2022","127,16","124,89","127,83","124,27","","1,82%"
"18/09/2022","124,89","124,94","124,94","124,89","","-0,11%"
"16/09/2022","125,03","125,20","125,89","123,77","","-0,14%"
"15/09/2022","125,20","125,33","127,12","124,60","","-0,10%"
"14/09/2022","125,33","124,69","125,61","123,82","","0,51%"
"13/09/2022","124,69","126,39","127,33","123,86","","-1,34%"
"12/09/2022","126,39","126,24","127,91","125,32","","0,12%"
"11/09/2022","126,24","126,24","126,24","126,24","","0,07%"
"09/09/2022","126,14","126,86","127,81","125,14","","-0,56%"
"08/09/2022","126,86","126,18","127,21","125,21","","0,53%"
"07/09/2022","126,18","129,25","129,53","126,18","","-2,36%"
"06/09/2022","129,24","127,72","129,58","125,34","","1,19%"
"05/09/2022","127,72","127,08","128,47","126,75","","0,50%"
"04/09/2022","127,08","127,08","127,08","127,08","","0,14%"
"02/09/2022","126,90","125,09","127,23","125,09","","1,45%"
"01/09/2022","125,09","126,51","129,17","125,07","","-1,12%"
"31/08/2022","126,51","127,79","128,13","125,85","","-1,00%"
"30/08/2022","127,79","131,19","131,65","127,78","","-2,59%"
"29/08/2022","131,19","129,57","131,64","128,98","","1,25%"
"28/08/2022","129,57","129,52","129,57","129,52","","0,22%"
"26/08/2022","129,30","128,32","129,92","128,20","","0,76%"
"25/08/2022","128,32","128,92","129,51","127,54","","-0,47%"
"24/08/2022","128,92","129,48","130,10","128,68","","-0,43%"
"23/08/2022","129,48","127,00","130,27","127,00","","1,96%"
"22/08/2022","127,00","125,64","128,18","125,19","","1,08%"
"21/08/2022","125,64","125,64","125,64","125,64","","0,03%"
"19/08/2022","125,60","124,94","125,78","124,09","","0,53%"
"18/08/2022","124,94","124,99","126,12","123,25","","-0,04%"
"17/08/2022","124,99","124,93","125,56","123,70","","0,04%"
"16/08/2022","124,93","124,87","127,05","123,64","","0,05%"
"15/08/2022","124,87","125,49","126,19","124,51","","-0,49%"
"14/08/2022","125,49","125,49","125,49","125,49","","0,09%"
"12/08/2022","125,38","123,18","125,65","123,08","","1,79%"
"11/08/2022","123,18","126,10","126,83","122,91","","-2,32%"
"10/08/2022","126,10","125,42","127,56","124,96","","0,55%"
"09/08/2022","125,42","125,75","126,28","124,77","","-0,26%"
"08/08/2022","125,75","124,11","126,05","124,11","","1,32%"
"07/08/2022","124,11","124,11","124,11","124,11","","0,00%"
"05/08/2022","124,11","123,46","124,81","121,76","","0,53%"
"04/08/2022","123,46","121,93","123,89","121,84","","1,25%"
"03/08/2022","121,93","121,86","122,87","121,10","","0,06%"
"02/08/2022","121,86","123,61","124,68","121,49","","-1,42%"
"01/08/2022","123,61","123,75","125,78","123,24","","-0,11%"
"31/07/2022","123,75","123,75","123,75","123,75","","-0,05%"
"29/07/2022","123,81","124,71","126,03","122,99","","-0,72%"
"28/07/2022","124,71","123,28","125,31","123,28","","1,16%"
"27/07/2022","123,28","119,83","123,36","119,83","","2,88%"
"26/07/2022","119,83","120,11","121,42","119,26","","-0,24%"
"25/07/2022","120,11","117,66","120,11","117,03","","2,08%"
"24/07/2022","117,66","117,66","117,66","117,66","","-0,01%"
"22/07/2022","117,68","116,79","119,15","116,79","","0,76%"
"21/07/2022","116,79","116,87","118,90","116,47","","-0,07%"
"20/07/2022","116,87","118,58","119,26","116,87","","-1,44%"
"19/07/2022","118,58","118,98","120,29","118,33","","-0,33%"
"18/07/2022","118,98","121,02","121,02","118,98","","-1,69%"
"17/07/2022","121,02","121,02","121,02","121,02","","0,00%"
"15/07/2022","121,01","120,49","121,74","120,15","","0,44%"
"14/07/2022","120,49","121,17","121,36","119,07","","-0,57%"
"13/07/2022","121,17","118,94","121,84","118,87","","1,87%"
"12/07/2022","118,94","120,25","122,02","118,83","","-1,08%"
"11/07/2022","120,25","123,07","123,98","120,17","","-2,30%"
"10/07/2022","123,07","123,05","123,07","123,05","","-0,01%"
"08/07/2022","123,08","120,55","123,08","120,01","","2,10%"
"07/07/2022","120,55","117,73","120,75","117,73","","2,40%"
"06/07/2022","117,73","117,27","118,89","116,48","","0,39%"
"05/07/2022","117,27","117,78","119,12","116,38","","-0,43%"
"04/07/2022","117,78","117,74","119,42","117,73","","0,04%"
"03/07/2022","117,74","117,74","117,74","117,74","","0,02%"
"01/07/2022","117,72","119,44","119,44","117,62","","-1,45%"
"30/06/2022","119,44","120,55","121,02","119,03","","-0,92%"
"29/06/2022","120,55","117,55","120,68","117,55","","2,55%"
"28/06/2022","117,55","118,25","120,82","117,33","","-0,60%"
"27/06/2022","118,25","118,94","120,39","118,25","","-0,57%"
"26/06/2022","118,94","118,94","118,94","118,94","","0,04%"
"24/06/2022","118,89","119,15","119,76","118,22","","-0,21%"
"23/06/2022","119,15","119,73","120,99","118,99","","-0,49%"
"22/06/2022","119,73","121,35","122,04","119,72","","-1,34%"
"21/06/2022","121,35","120,06","123,40","119,97","","1,08%"
"20/06/2022","120,06","120,89","122,77","119,98","","-0,69%"
"19/06/2022","120,89","120,79","120,89","120,79","","0,08%"
"17/06/2022","120,79","124,75","124,75","120,79","","-3,17%"
"16/06/2022","124,75","123,71","124,76","123,71","","0,85%"
"15/06/2022","123,71","122,38","124,54","121,81","","1,08%"
"14/06/2022","122,38","122,29","124,98","121,59","","0,08%"
"13/06/2022","122,29","123,66","125,61","121,33","","-1,11%"
"12/06/2022","123,66","123,66","123,66","123,66","","-0,05%"
"10/06/2022","123,72","125,43","128,59","122,28","","-1,37%"
"09/06/2022","125,43","125,26","126,10","124,30","","0,14%"
"08/06/2022","125,26","125,23","126,59","124,82","","0,03%"
"07/06/2022","125,23","127,19","128,25","123,68","","-1,55%"
"06/06/2022","127,19","127,71","128,46","126,92","","-0,40%"
"05/06/2022","127,71","127,71","127,71","127,71","","-0,06%"
"03/06/2022","127,78","128,05","128,47","127,05","","-0,21%"
"02/06/2022","128,05","127,05","129,12","127,05","","0,78%"
"01/06/2022","127,05","129,01","129,43","127,04","","-1,52%"
"31/05/2022","129,01","128,42","129,90","127,79","","0,47%"
"30/05/2022","128,42","129,04","130,10","128,37","","-0,48%"
"29/05/2022","129,04","129,04","129,04","129,04","","0,02%"
"27/05/2022","129,02","128,72","129,41","127,69","","0,23%"
"26/05/2022","128,72","127,27","129,13","126,81","","-40,55%"
"21/05/2018","149,71","148,76","151,09","148,06","","0,64%"
"20/05/2018","148,76","149,03","149,03","148,76","","-0,16%"
"18/05/2018","148,99","150,51","150,75","147,83","","-1,01%"
"17/05/2018","150,51","151,41","152,12","149,88","","-0,60%"
"16/05/2018","151,41","150,70","152,36","150,67","","0,45%"
"15/05/2018","150,74","152,91","152,91","149,96","","-1,42%"
"14/05/2018","152,91","152,16","153,21","150,36","","0,49%"
"13/05/2018","152,16","154,47","154,47","152,16","","-1,49%"
"11/05/2018","154,46","156,29","156,36","154,01","","-1,17%"
"10/05/2018","156,29","154,52","156,66","153,47","","1,15%"
"09/05/2018","154,52","154,49","155,14","152,58","","0,15%"
"08/05/2018","154,28","157,29","157,29","153,78","","-1,84%"
"07/05/2018","157,17","155,28","157,49","154,51","","1,31%"
"06/05/2018","155,14","155,75","155,75","155,14","","-0,55%"
"04/05/2018","155,99","157,59","158,00","154,52","","-0,99%"
"03/05/2018","157,55","156,15","157,89","154,18","","0,97%"
"02/05/2018","156,04","157,80","157,80","153,80","","-1,12%"
"01/05/2018","157,81","157,53","157,81","154,85","","0,03%"
"30/04/2018","157,76","159,99","159,99","156,10","","-1,40%"
"29/04/2018","159,99","159,99","159,99","159,99","","0,02%"
"27/04/2018","159,96","158,39","160,29","155,83","","0,97%"
"26/04/2018","158,43","157,71","158,43","154,42","","0,43%"
"25/04/2018","157,75","157,64","157,75","153,21","","0,01%"
"24/04/2018","157,73","158,02","158,05","154,92","","-0,31%"
"23/04/2018","158,22","156,00","158,54","155,60","","1,42%"
"22/04/2018","156,00","159,07","159,07","156,00","","-2,07%"
"20/04/2018","159,29","159,57","159,57","156,10","","-0,06%"
"19/04/2018","159,40","159,75","159,75","156,45","","-0,22%"
"18/04/2018","159,74","158,99","160,62","155,42","","0,38%"
"17/04/2018","159,14","158,07","159,48","154,87","","0,58%"
"16/04/2018","158,23","158,36","158,56","154,86","","-0,08%"
"15/04/2018","158,36","158,54","158,54","158,36","","-0,10%"
"13/04/2018","158,51","158,10","159,26","155,90","","0,25%"
"12/04/2018","158,12","159,87","159,87","157,09","","-1,02%"
"11/04/2018","159,75","156,21","160,60","154,87","","2,30%"
"10/04/2018","156,15","155,55","159,37","154,88","","0,43%"
"09/04/2018","155,49","159,06","160,29","155,49","","-2,24%"
"08/04/2018","159,06","158,99","159,06","158,92","","0,09%"
"06/04/2018","158,91","158,60","160,50","158,59","","0,26%"
"05/04/2018","158,50","159,50","161,94","158,50","","-0,60%"
"04/04/2018","159,45","158,94","159,98","158,01","","0,44%"
"03/04/2018","158,76","160,68","161,49","158,76","","-1,15%"
"02/04/2018","160,60","161,04","161,24","159,85","","-0,27%"
"01/04/2018","161,04","160,66","161,04","160,66","","0,23%"
"30/03/2018","160,66","161,27","161,41","160,66","","-0,44%"
"29/03/2018","161,37","159,45","161,83","159,08","","1,19%"
"28/03/2018","159,46","158,14","159,46","157,44","","0,89%"
"27/03/2018","158,06","159,58","159,71","157,73","","-0,92%"
"26/03/2018","159,52","160,08","160,58","159,52","","-0,35%"
"25/03/2018","160,08","159,89","160,08","159,89","","0,33%"
"23/03/2018","159,55","160,72","161,61","159,55","","-0,71%"
"22/03/2018","160,69","162,79","162,82","160,69","","-1,34%"
"21/03/2018","162,87","160,48","163,33","160,46","","1,49%"
"20/03/2018","160,47","162,07","162,62","160,47","","-0,89%"
"19/03/2018","161,92","162,27","163,06","161,55","","-0,22%"
"18/03/2018","162,27","162,36","162,36","162,27","","-0,06%"
"16/03/2018","162,37","161,02","162,71","160,52","","0,94%"
"15/03/2018","160,85","161,96","162,59","160,29","","-0,56%"
"14/03/2018","161,75","162,57","163,17","161,75","","-0,55%"
"13/03/2018","162,64","162,33","164,09","162,33","","0,22%"
"12/03/2018","162,29","163,16","164,09","162,29","","-0,53%"
"11/03/2018","163,16","163,29","163,29","163,16","","-0,09%"
"09/03/2018","163,30","161,74","164,62","161,73","","1,13%"
"08/03/2018","161,48","161,97","163,83","160,92","","-0,26%"
"07/03/2018","161,90","165,29","165,30","161,90","","-2,02%"
"06/03/2018","165,23","164,53","165,73","163,53","","0,46%"
"05/03/2018","164,48","164,30","164,98","163,52","","0,11%"
"04/03/2018","164,30","164,32","164,32","164,30","","-0,04%"
"02/03/2018","164,37","164,69","164,72","163,25","","-0,15%"
"01/03/2018","164,61","165,11","165,81","163,86","","-0,40%"
"28/02/2018","165,27","163,60","165,73","163,60","","1,08%"
"27/02/2018","163,50","165,01","165,16","163,48","","-0,85%"
"26/02/2018","164,89","164,68","165,34","164,17","","0,13%"
"25/02/2018","164,68","164,77","164,77","164,68","","-0,09%"
"23/02/2018","164,82","164,61","165,17","163,46","","0,10%"
"22/02/2018","164,66","162,74","165,01","162,72","","1,19%"
"21/02/2018","162,73","162,79","164,16","162,54","","-0,02%"
"20/02/2018","162,76","163,23","163,89","162,76","","-0,36%"
"19/02/2018","163,34","161,72","164,18","161,70","","1,01%"
"18/02/2018","161,72","161,75","161,75","161,72","","0,05%"
"16/02/2018","161,64","163,73","163,74","161,64","","-1,16%"
"15/02/2018","163,54","164,71","164,75","162,85","","-0,73%"
"14/02/2018","164,74","161,42","164,74","160,88","","2,05%"
"13/02/2018","161,43","162,19","162,20","17,90","","-0,37%"
"12/02/2018","162,03","162,72","162,89","162,03","","-0,42%"
"11/02/2018","162,72","162,73","162,73","162,72","","0,11%"
"09/02/2018","162,55","163,11","163,80","161,51","","-0,36%"
"08/02/2018","163,14","162,01","164,47","160,52","","0,59%"
"07/02/2018","162,18","163,84","164,07","161,14","","-1,07%"
"06/02/2018","163,93","161,68","163,93","161,35","","1,45%"
"05/02/2018","161,59","163,44","163,77","161,59","","-1,13%"
"04/02/2018","163,44","162,84","163,44","162,84","","0,43%"
"02/02/2018","162,74","165,49","165,63","162,68","","-1,65%"
"01/02/2018","165,47","165,71","167,46","165,33","","-0,15%"
"31/01/2018","165,71","166,61","167,59","165,45","","-0,46%"
"30/01/2018","166,48","167,03","168,31","165,41","","-0,31%"
"29/01/2018","167,00","166,45","167,67","166,45","","0,33%"
"28/01/2018","166,45","166,13","166,45","166,13","","0,30%"
"26/01/2018","165,95","168,18","168,91","165,95","","-1,41%"
"25/01/2018","168,32","169,55","170,65","167,92","","-0,73%"
"24/01/2018","169,55","165,59","169,90","164,62","","2,34%"
"23/01/2018","165,67","167,38","167,41","164,95","","-1,03%"
"22/01/2018","167,40","167,89","168,28","166,64","","-0,33%"
"21/01/2018","167,95","167,71","167,95","167,71","","0,14%"
"19/01/2018","167,71","167,12","168,14","166,48","","0,35%"
"18/01/2018","167,12","167,00","167,84","166,43","","0,09%"
"17/01/2018","166,98","165,92","168,72","164,65","","0,64%"
"16/01/2018","165,91","166,25","174,02","165,91","","-0,20%"
"15/01/2018","166,25","167,87","168,33","166,25","","-0,96%"
"14/01/2018","167,87","174,69","174,69","167,87","","-3,92%"
"12/01/2018","174,72","169,48","174,72","167,44","","3,10%"
"11/01/2018","169,46","173,49","173,84","169,46","","-2,33%"
"10/01/2018","173,50","169,17","173,86","167,80","","2,56%"
"09/01/2018","169,17","169,14","174,25","168,38","","0,18%"
"08/01/2018","168,86","169,84","170,08","168,43","","-0,58%"
"07/01/2018","169,84","169,84","169,84","169,84","","-0,08%"
"05/01/2018","169,97","168,02","169,97","167,35","","1,16%"
"04/01/2018","168,02","168,67","169,80","167,73","","-0,37%"
"03/01/2018","168,65","166,93","171,82","166,79","","1,03%"
"02/01/2018","166,94","164,82","169,62","164,55","","1,28%"
"01/01/2018","164,82","165,06","165,06","164,82","","-0,14%"
"31/12/2017","165,06","168,31","168,31","165,06","","-1,94%"
"29/12/2017","168,33","165,85","168,33","165,08","","1,48%"
"28/12/2017","165,88","166,34","168,88","165,72","","-0,27%"
"27/12/2017","166,33","167,05","169,11","166,33","","-0,35%"
"26/12/2017","166,92","165,56","168,44","165,56","","0,85%"
"25/12/2017","165,52","165,61","165,89","165,52","","-0,05%"
"24/12/2017","165,61","167,82","167,82","165,61","","-1,35%"
"22/12/2017","167,87","167,03","168,25","166,22","","0,48%"
"21/12/2017","167,06","167,53","169,84","166,68","","-0,27%"
"20/12/2017","167,52","168,37","175,18","167,52","","-0,51%"
"19/12/2017","168,37","169,11","173,75","167,87","","-0,37%"
"18/12/2017","169,01","169,44","177,21","168,90","","-0,25%"
"17/12/2017","169,44","169,43","169,44","169,43","","-4,01%"
"15/12/2017","176,52","166,72","176,52","166,53","","5,88%"
"14/12/2017","166,72","167,57","174,42","165,74","","-0,50%"
"13/12/2017","167,56","169,00","173,70","167,56","","-0,85%"
"12/12/2017","168,99","168,62","174,28","167,65","","0,23%"
"11/12/2017","168,61","169,37","176,90","168,61","","-0,39%"
"10/12/2017","169,26","172,55","172,55","169,26","","-1,73%"
"08/12/2017","172,24","174,28","174,28","168,86","","-1,18%"
"07/12/2017","174,29","171,76","175,53","167,86","","1,47%"
"06/12/2017","171,77","176,60","177,59","170,94","","-2,73%"
"05/12/2017","176,58","170,39","176,63","170,26","","3,65%"
"04/12/2017","170,37","169,22","171,08","169,22","","0,68%"
"03/12/2017","169,22","169,46","169,46","169,22","","-0,23%"
"01/12/2017","169,61","168,53","170,02","167,91","","0,57%"
"30/11/2017","168,65","170,51","170,95","168,28","","-1,10%"
"29/11/2017","170,53","172,33","172,91","170,03","","-1,05%"
"28/11/2017","172,34","170,78","172,34","170,46","","1,09%"
"27/11/2017","170,48","170,01","173,41","170,01","","0,28%"
"26/11/2017","170,01","172,46","172,46","170,01","","-1,54%"
"24/11/2017","172,67","171,84","173,03","171,11","","0,53%"
"23/11/2017","171,76","172,12","172,24","170,80","","-0,21%"
"22/11/2017","172,12","171,50","173,20","171,11","","0,46%"
"21/11/2017","171,32","171,61","172,38","171,01","","-0,17%"
"20/11/2017","171,61","170,79","171,61","170,20","","0,48%"
"19/11/2017","170,79","170,39","170,79","170,39","","0,19%"
"17/11/2017","170,47","170,21","170,47","169,17","","0,14%"
"16/11/2017","170,23","168,12","170,23","168,02","","1,45%"
"15/11/2017","167,81","167,77","168,71","167,14","","0,03%"
"14/11/2017","167,76","171,48","171,99","167,76","","-2,09%"
"13/11/2017","171,35","171,55","172,17","170,60","","-0,12%"
"12/11/2017","171,55","171,49","171,55","171,49","","-0,05%"
"10/11/2017","171,65","173,26","173,52","171,26","","-0,94%"
"09/11/2017","173,27","173,82","174,67","172,67","","-0,43%"
"08/11/2017","174,01","173,03","174,50","172,73","","0,63%"
"07/11/2017","172,92","173,82","174,29","172,00","","-0,53%"
"06/11/2017","173,84","170,86","173,84","170,46","","1,75%"
"05/11/2017","170,86","169,56","170,86","169,56","","0,69%"
"03/11/2017","169,69","172,17","173,16","168,80","","-1,38%"
"02/11/2017","172,05","172,81","172,83","172,05","","-0,61%"
"01/11/2017","173,11","172,14","173,57","171,26","","0,64%"
"31/10/2017","172,01","171,25","172,74","171,21","","0,44%"
"30/10/2017","171,25","174,61","174,67","171,25","","-1,92%"
"29/10/2017","174,61","174,61","174,61","171,26","","-0,05%"
"27/10/2017","174,70","171,11","174,70","168,73","","2,11%"
"26/10/2017","171,09","171,74","171,94","168,32","","-0,37%"
"25/10/2017","171,71","171,89","172,75","171,42","","-0,04%"
"24/10/2017","171,79","172,43","172,85","170,87","","-0,30%"
"23/10/2017","172,30","174,35","175,05","172,30","","-1,18%"
"22/10/2017","174,35","173,85","174,35","173,85","","0,32%"
"20/10/2017","173,80","174,88","175,10","173,74","","-0,72%"
"19/10/2017","175,06","175,37","175,84","174,56","","-0,17%"
"18/10/2017","175,36","176,52","176,87","175,36","","-0,66%"
"17/10/2017","176,52","175,29","176,52","174,95","","0,79%"
"16/10/2017","175,14","176,37","176,63","175,14","","-0,70%"
"15/10/2017","176,37","176,75","176,75","176,37","","-0,25%"
"13/10/2017","176,81","174,87","176,81","174,51","","1,10%"
"12/10/2017","174,89","174,41","174,89","174,33","","0,33%"
"11/10/2017","174,32","174,71","175,55","174,32","","-0,35%"
"10/10/2017","174,93","175,24","176,06","174,61","","-0,13%"
"09/10/2017","175,16","177,15","177,64","175,16","","-1,12%"
"08/10/2017","177,15","177,77","177,77","177,15","","-0,36%"
"06/10/2017","177,79","177,57","177,79","176,65","","0,12%"
"05/10/2017","177,57","177,97","178,59","176,48","","-0,33%"
"04/10/2017","178,17","177,83","178,89","177,21","","0,19%"
"03/10/2017","177,83","177,26","177,83","176,38","","0,26%"
"02/10/2017","177,37","176,52","177,37","175,56","","0,44%"
"01/10/2017","176,60","175,80","176,60","175,80","","0,60%"
"29/09/2017","175,54","174,91","177,17","174,13","","0,23%"
"28/09/2017","175,14","174,85","175,93","174,32","","0,27%"
"27/09/2017","174,66","175,64","176,42","173,11","","-0,58%"
"26/09/2017","175,68","175,28","176,45","174,35","","0,24%"
"25/09/2017","175,25","175,69","176,74","174,13","","-0,25%"
"24/09/2017","175,69","176,00","176,00","175,69","","-0,10%"
"22/09/2017","175,87","175,08","176,33","174,60","","0,46%"
"21/09/2017","175,07","176,18","176,41","174,42","","-0,64%"
"20/09/2017","176,20","174,45","176,20","174,06","","1,20%"
"19/09/2017","174,11","174,94","174,96","174,11","","-0,47%"
"18/09/2017","174,93","176,48","176,77","174,93","","-0,88%"
"17/09/2017","176,48","177,10","177,10","172,62","","-0,38%"
"15/09/2017","177,15","176,45","177,15","175,45","","0,39%"
"14/09/2017","176,47","175,99","177,33","175,34","","0,27%"
"13/09/2017","176,00","175,47","176,00","174,38","","0,30%"
"12/09/2017","175,47","176,85","177,15","174,43","","-0,79%"
"11/09/2017","176,87","171,36","177,24","171,36","","3,21%"
"10/09/2017","171,36","178,35","178,35","171,36","","-4,02%"
"08/09/2017","178,54","176,07","178,54","175,38","","1,42%"
"07/09/2017","176,03","177,53","178,18","176,03","","-0,83%"
"06/09/2017","177,51","176,65","178,10","176,33","","0,47%"
"05/09/2017","176,67","175,51","177,28","175,51","","0,74%"
"04/09/2017","175,37","173,87","175,82","173,87","","0,87%"
"03/09/2017","173,87","176,10","176,10","173,87","","-1,07%"
"01/09/2017","175,74","174,88","176,46","174,88","","0,53%"
"31/08/2017","174,81","174,54","176,31","174,49","","0,15%"
"30/08/2017","174,55","174,05","174,55","0,32","","0,26%"
"29/08/2017","174,10","172,92","174,10","171,65","","0,71%"
"28/08/2017","172,87","174,10","175,61","172,87","","-0,71%"
"27/08/2017","174,10","175,94","175,94","172,98","","-1,03%"
"25/08/2017","175,91","176,60","177,37","175,91","","-0,39%"
"24/08/2017","176,60","176,86","177,45","176,41","","-0,13%"
"23/08/2017","176,83","176,39","177,60","175,70","","0,27%"
"22/08/2017","176,36","175,47","177,35","175,23","","0,50%"
"21/08/2017","175,48","175,36","177,69","175,36","","0,07%"
"20/08/2017","175,36","177,28","177,28","175,36","","-1,28%"
"18/08/2017","177,63","176,23","177,63","175,78","","0,83%"
"17/08/2017","176,16","176,73","177,98","176,16","","-0,33%"
"16/08/2017","176,75","176,35","178,16","176,22","","0,20%"
"15/08/2017","176,40","174,62","176,40","174,27","","1,19%"
"14/08/2017","174,32","174,45","175,29","173,67","","-0,07%"
"13/08/2017","174,45","174,58","174,58","174,45","","-0,22%"
"11/08/2017","174,84","175,54","176,68","173,20","","-0,39%"
"10/08/2017","175,52","176,77","177,80","175,52","","-0,70%"
"09/08/2017","176,75","178,49","178,73","176,75","","-1,00%"
"08/08/2017","178,54","177,92","178,54","177,28","","0,29%"
"07/08/2017","178,02","177,96","178,41","177,43","","0,03%"
"06/08/2017","177,96","174,01","177,96","174,01","","0,53%"
"04/08/2017","177,02","177,49","178,00","176,53","","-0,27%"
"03/08/2017","177,49","177,67","178,39","177,23","","-0,11%"
"02/08/2017","177,70","177,75","177,96","176,70","","0,03%"
"01/08/2017","177,64","177,16","179,50","176,97","","0,28%"
"31/07/2017","177,15","175,53","179,41","175,53","","0,93%"
"30/07/2017","175,53","178,26","178,26","175,53","","-1,92%"
"28/07/2017","178,97","178,09","178,97","177,40","","0,46%"
"27/07/2017","178,15","177,94","179,47","177,17","","0,10%"
"26/07/2017","177,98","177,50","179,99","177,45","","0,41%"
"25/07/2017","177,25","179,12","179,25","177,25","","-0,90%"
"24/07/2017","178,86","176,82","179,60","176,82","","1,15%"
"23/07/2017","176,82","176,53","176,82","176,53","","-0,96%"
"21/07/2017","178,53","180,61","181,09","178,53","","-1,11%"
"20/07/2017","180,54","180,84","181,97","180,18","","-0,18%"
"19/07/2017","180,86","179,98","180,86","179,98","","0,54%"
"18/07/2017","179,88","179,58","180,51","178,32","","0,21%"
"17/07/2017","179,50","179,80","180,44","179,47","","-0,17%"
"16/07/2017","179,80","179,80","179,80","179,80","","-0,23%"
"14/07/2017","180,22","179,16","180,70","178,95","","0,46%"
"13/07/2017","179,40","179,14","179,99","178,42","","0,13%"
"12/07/2017","179,17","175,80","179,17","175,62","","1,92%"
"11/07/2017","175,79","176,80","177,24","175,79","","-0,41%"
"10/07/2017","176,52","180,88","180,88","174,48","","-2,41%"
"09/07/2017","180,88","175,29","180,88","175,29","","3,07%"
"07/07/2017","175,49","174,91","176,03","174,07","","0,40%"
"06/07/2017","174,80","175,75","175,84","173,96","","-0,55%"
"05/07/2017","175,76","174,60","175,76","173,90","","0,67%"
"04/07/2017","174,58","174,85","175,27","174,58","","-0,07%"
"03/07/2017","174,71","180,51","180,51","173,56","","-3,21%"
"02/07/2017","180,51","180,77","180,77","180,51","","3,98%"
"30/06/2017","173,60","173,54","174,72","172,78","","0,04%"
"29/06/2017","173,52","175,71","175,99","173,13","","-1,33%"
"28/06/2017","175,86","177,05","178,23","174,17","","-0,67%"
"27/06/2017","177,05","177,94","178,02","174,61","","-0,60%"
"26/06/2017","178,11","175,29","178,11","175,25","","1,61%"
"25/06/2017","175,29","175,28","175,29","175,24","","0,02%"
"23/06/2017","175,24","176,04","176,45","175,24","","-0,49%"
"22/06/2017","176,11","176,14","177,56","175,75","","-0,01%"
"21/06/2017","176,12","177,09","177,42","176,12","","-0,54%"
"20/06/2017","177,08","179,23","179,35","176,02","","-1,20%"
"19/06/2017","179,24","178,41","179,24","176,79","","0,46%"
"18/06/2017","178,41","178,48","184,54","178,41","","-0,14%"
"16/06/2017","178,66","178,93","179,67","178,10","","-0,25%"
"15/06/2017","179,11","178,68","179,53","178,63","","0,24%"
"14/06/2017","178,68","176,49","179,06","176,43","","1,12%"
"13/06/2017","176,69","176,45","177,44","175,52","","0,15%"
"12/06/2017","176,42","184,19","184,19","175,89","","-4,22%"
"11/06/2017","184,19","177,82","184,19","177,82","","3,60%"
"09/06/2017","177,79","179,54","180,20","177,79","","-0,98%"
"08/06/2017","179,55","178,23","179,55","177,25","","0,59%"
"07/06/2017","178,50","177,47","178,91","177,28","","0,57%"
"06/06/2017","177,48","176,72","178,41","176,67","","0,43%"
"05/06/2017","176,72","178,85","179,77","176,72","","-1,19%"
"04/06/2017","178,85","180,25","182,78","178,85","","-0,80%"
"02/06/2017","180,30","179,96","180,88","179,57","","0,20%"
"01/06/2017","179,94","180,86","181,32","179,51","","-0,48%"
"31/05/2017","180,81","180,03","182,94","179,37","","0,44%"
"30/05/2017","180,03","180,42","181,10","179,97","","-0,22%"
"29/05/2017","180,43","184,43","184,43","179,13","","-2,17%"
"28/05/2017","184,43","179,43","184,43","179,43","","2,86%"
"26/05/2017","179,30","178,70","180,39","177,67","","0,36%"
"25/05/2017","178,66","178,51","179,36","177,64","","0,17%"
"24/05/2017","178,35","179,40","180,49","177,95","","-0,59%"
"23/05/2017","179,41","178,66","179,41","177,59","","0,42%"
"22/05/2017","178,66","179,82","180,26","177,27","","-0,65%"
"21/05/2017","179,82","181,30","181,30","179,82","","-0,68%"
"19/05/2017","181,06","175,35","181,44","174,25","","3,26%"
"18/05/2017","175,35","187,33","187,89","172,90","","-6,39%"
"17/05/2017","187,31","190,90","191,83","187,31","","-1,93%"
"16/05/2017","191,01","192,12","194,16","190,68","","-0,57%"
"15/05/2017","192,10","188,65","194,50","188,65","","1,83%"
"14/05/2017","188,65","192,88","192,88","188,65","","-2,13%"
"12/05/2017","192,76","192,32","193,48","191,29","","0,22%"
"11/05/2017","192,33","190,07","194,67","190,07","","1,20%"
"10/05/2017","190,06","189,10","190,63","188,83","","0,49%"
"09/05/2017","189,13","187,80","189,13","187,58","","0,71%"
"08/05/2017","187,79","187,48","188,70","186,18","","0,16%"
"07/05/2017","187,48","187,37","187,48","187,37","","-0,01%"
"05/05/2017","187,51","187,33","189,99","187,15","","0,14%"
"04/05/2017","187,25","190,49","190,49","187,25","","-1,70%"
"03/05/2017","190,50","190,45","191,28","189,77","","0,09%"
"02/05/2017","190,34","189,38","190,74","188,41","","0,53%"
"01/05/2017","189,34","189,46","196,41","189,34","","-0,06%"
"30/04/2017","189,46","189,66","189,66","189,46","","-0,10%"
"28/04/2017","189,64","189,56","190,03","187,68","","-0,01%"
"27/04/2017","189,65","189,61","190,55","188,76","","0,03%"
"26/04/2017","189,60","190,65","191,32","187,12","","-0,55%"
"25/04/2017","190,65","192,94","193,04","190,65","","-1,37%"
"24/04/2017","193,30","194,25","195,67","191,61","","-0,49%"
"23/04/2017","194,25","193,85","194,25","193,85","","0,28%"
"21/04/2017","193,71","194,39","194,70","193,71","","-0,35%"
"20/04/2017","194,39","193,98","194,77","192,59","","0,23%"
"19/04/2017","193,96","196,68","196,77","193,96","","-1,41%"
"18/04/2017","196,73","196,58","199,05","195,95","","0,08%"
"17/04/2017","196,58","196,52","199,73","196,23","","0,03%"
"16/04/2017","196,52","196,52","196,52","196,52","","-0,10%"
"14/04/2017","196,72","196,57","196,72","196,46","","0,11%"
"13/04/2017","196,51","197,44","197,61","195,93","","-0,43%"
"12/04/2017","197,36","197,56","198,00","195,75","","-0,11%"
"11/04/2017","197,57","198,19","198,30","196,59","","-0,35%"
"10/04/2017","198,26","196,87","198,26","196,40","","0,76%"
"09/04/2017","196,77","196,87","196,87","196,77","","0,01%"
"07/04/2017","196,75","196,09","197,83","195,55","","0,36%"
"06/04/2017","196,05","197,06","197,57","194,86","","-0,54%"
"05/04/2017","197,12","198,39","199,29","196,57","","-0,64%"
"04/04/2017","198,40","197,42","198,40","195,99","","0,38%"
"03/04/2017","197,65","197,11","197,65","195,90","","0,28%"
"02/04/2017","197,11","196,50","197,11","196,50","","0,51%"
"31/03/2017","196,11","195,04","196,51","192,08","","0,65%"
"30/03/2017","194,84","195,06","195,76","193,47","","-0,12%"
"29/03/2017","195,07","193,20","195,10","192,66","","0,97%"
"28/03/2017","193,18","193,10","193,48","191,90","","-0,08%"
"27/03/2017","193,33","195,23","195,23","192,47","","-0,97%"
"26/03/2017","195,23","195,33","195,33","195,23","","-0,03%"
"24/03/2017","195,29","193,76","195,68","192,93","","0,91%"
"23/03/2017","193,53","196,92","197,13","193,07","","-1,69%"
"22/03/2017","196,86","196,56","204,41","195,59","","0,16%"
"21/03/2017","196,55","198,85","204,00","196,29","","-1,20%"
"20/03/2017","198,94","197,74","198,94","196,24","","0,61%"
"19/03/2017","197,74","197,46","197,74","197,46","","0,09%"
"17/03/2017","197,56","195,14","197,56","195,12","","1,25%"
"16/03/2017","195,13","196,94","198,11","195,13","","-0,93%"
"15/03/2017","196,95","195,37","198,80","193,72","","0,80%"
"14/03/2017","195,39","195,22","195,42","192,37","","0,07%"
"13/03/2017","195,24","194,64","197,53","194,09","","0,31%"
"12/03/2017","194,64","195,91","195,91","194,64","","-1,21%"
"10/03/2017","197,01","194,24","197,62","193,96","","1,43%"
"09/03/2017","194,23","196,72","196,86","194,23","","-1,26%"
"08/03/2017","196,72","199,03","199,03","194,64","","-1,17%"
"07/03/2017","199,04","197,06","199,04","197,04","","1,02%"
"06/03/2017","197,04","197,31","199,88","197,04","","-0,14%"
"05/03/2017","197,31","199,61","199,61","197,31","","-1,13%"
"03/03/2017","199,56","197,84","200,00","196,92","","1,01%"
"02/03/2017","197,57","201,25","201,33","101,29","","-1,86%"
"01/03/2017","201,31","199,07","201,31","198,14","","1,21%"
"28/02/2017","198,89","204,25","204,29","198,89","","-2,62%"
"27/02/2017","204,25","200,13","204,25","199,13","","2,06%"
"26/02/2017","200,13","199,65","200,13","199,65","","0,38%"
"24/02/2017","199,37","202,99","203,01","198,95","","-1,79%"
"23/02/2017","203,01","202,84","203,95","201,83","","0,08%"
"22/02/2017","202,84","201,16","203,73","200,80","","0,76%"
"21/02/2017","201,31","200,25","201,39","199,94","","0,52%"
"20/02/2017","200,26","198,98","200,26","198,81","","0,64%"
"19/02/2017","198,98","199,00","199,00","198,98","","0,47%"
"17/02/2017","198,04","198,97","199,97","198,04","","-0,45%"
"16/02/2017","198,94","202,44","202,72","198,94","","-1,72%"
"15/02/2017","202,43","201,04","203,33","199,82","","0,69%"
"14/02/2017","201,04","198,96","201,04","198,28","","1,04%"
"13/02/2017","198,97","197,75","198,97","197,32","","0,62%"
"12/02/2017","197,75","197,53","197,75","197,53","","0,13%"
"10/02/2017","197,48","196,65","198,45","196,60","","0,42%"
"09/02/2017","196,66","197,28","197,28","196,14","","-0,31%"
"08/02/2017","197,28","196,77","197,82","196,40","","0,26%"
"07/02/2017","196,78","195,92","196,78","194,97","","0,35%"
"06/02/2017","196,08","194,85","202,87","194,85","","0,63%"
"05/02/2017","194,85","202,57","202,57","194,85","","-3,81%"
"03/02/2017","202,57","194,14","202,57","194,08","","4,34%"
"02/02/2017","194,14","194,70","195,34","194,14","","-0,29%"
"01/02/2017","194,70","192,83","194,95","192,54","","0,97%"
"31/01/2017","192,82","196,06","197,15","192,82","","-1,65%"
"30/01/2017","196,06","195,39","197,73","19,50","","0,35%"
"29/01/2017","195,39","19,42","195,39","19,42","","906,03%"
"27/01/2017","19,42","193,28","196,00","19,42","","-89,96%"
"26/01/2017","193,39","192,50","193,39","191,69","","0,46%"
"25/01/2017","192,50","192,42","193,24","192,32","","0,05%"
"24/01/2017","192,41","192,59","193,14","192,14","","-0,23%"
"23/01/2017","192,85","193,33","193,65","191,67","","-0,25%"
"22/01/2017","193,33","193,76","193,76","193,33","","-0,30%"
"20/01/2017","193,91","192,48","193,91","192,31","","0,69%"
"19/01/2017","192,58","190,91","193,04","190,79","","0,86%"
"18/01/2017","190,94","190,70","191,21","189,63","","0,14%"
"17/01/2017","190,66","190,80","193,40","190,66","","-0,11%"
"16/01/2017","190,87","192,09","192,36","190,48","","-0,64%"
"15/01/2017","192,09","191,69","192,09","191,69","","0,36%"
"13/01/2017","191,41","193,78","194,35","191,41","","-1,22%"
"12/01/2017","193,76","193,88","196,05","193,16","","-0,07%"
"11/01/2017","193,90","194,41","196,33","193,00","","-0,18%"
"10/01/2017","194,25","193,88","194,81","193,38","","0,18%"
"09/01/2017","193,89","193,19","195,36","192,69","","0,36%"
"08/01/2017","193,19","192,30","193,19","192,30","","0,47%"
"06/01/2017","192,29","193,34","194,26","192,29","","-0,53%"
"05/01/2017","193,32","194,51","195,46","193,21","","-0,58%"
"04/01/2017","194,46","193,07","195,92","192,80","","0,72%"
"03/01/2017","193,06","190,70","194,39","190,48","","1,35%"
"02/01/2017","190,49","191,51","192,45","190,37","","-0,53%"
"01/01/2017","191,51","190,84","191,51","190,84","","0,44%"
"30/12/2016","190,66","192,14","192,20","190,66","","-0,76%"
"29/12/2016","192,13","191,79","193,67","191,51","","0,14%"
"28/12/2016","191,86","191,76","192,64","191,18","","0,07%"
"27/12/2016","191,73","191,75","192,14","190,94","","0,09%"
"26/12/2016","191,57","191,86","191,86","191,57","","-0,15%"
"25/12/2016","191,86","191,80","191,86","191,80","","0,03%"
"23/12/2016","191,81","191,17","192,65","190,96","","0,39%"
"22/12/2016","191,07","189,08","191,32","187,75","","1,12%"
"21/12/2016","188,95","188,17","193,25","187,94","","0,47%"
"20/12/2016","188,05","187,43","191,65","186,67","","0,31%"
"19/12/2016","187,47","185,03","187,47","184,16","","1,31%"
"18/12/2016","185,03","188,24","188,24","185,03","","-1,70%"
"16/12/2016","188,24","186,91","188,62","184,01","","0,69%"
"15/12/2016","186,94","184,78","186,94","181,26","","1,18%"
"14/12/2016","184,77","185,02","186,41","182,36","","-0,27%"
"13/12/2016","185,27","184,73","185,80","183,28","","0,20%"
"12/12/2016","184,90","183,83","184,90","182,07","","0,58%"
"11/12/2016","183,83","182,39","183,83","182,39","","0,77%"
"09/12/2016","182,43","183,11","185,04","181,58","","-0,40%"
"08/12/2016","183,16","180,26","183,16","178,00","","1,61%"
"07/12/2016","180,25","179,29","181,25","179,04","","0,41%"
"06/12/2016","179,51","178,13","182,50","176,05","","0,75%"
"05/12/2016","178,17","176,95","181,25","176,72","","0,69%"
"04/12/2016","176,95","176,84","176,95","176,84","","0,02%"
"02/12/2016","176,92","171,97","178,81","171,87","","2,93%"
"01/12/2016","171,87","181,20","182,96","171,87","","-5,20%"
"30/11/2016","181,31","178,27","183,24","178,25","","1,73%"
"29/11/2016","178,23","181,34","182,84","178,23","","-1,73%"
"28/11/2016","181,37","180,91","182,83","179,88","","0,25%"
"27/11/2016","180,91","181,47","181,47","180,91","","-0,22%"
"25/11/2016","181,31","183,18","183,25","179,42","","-1,06%"
"24/11/2016","183,25","181,11","183,75","180,96","","1,07%"
"23/11/2016","181,31","183,20","184,12","180,41","","-1,03%"
"22/11/2016","183,20","182,06","185,12","181,96","","0,67%"
"21/11/2016","181,99","183,07","184,70","181,99","","-0,59%"
"20/11/2016","183,07","183,07","183,07","183,07","","-0,03%"
"18/11/2016","183,12","179,80","183,55","179,68","","1,73%"
"17/11/2016","180,01","177,62","182,40","177,49","","1,28%"
"16/11/2016","177,74","177,66","181,74","177,28","","-0,04%"
"15/11/2016","177,81","177,44","177,81","176,13","","0,22%"
"14/11/2016","177,41","178,15","179,25","175,08","","-0,41%"
"13/11/2016","178,15","177,83","178,15","177,83","","0,22%"
"11/11/2016","177,76","177,35","178,65","172,05","","0,26%"
"10/11/2016","177,30","185,74","186,92","177,30","","-4,60%"
"09/11/2016","185,85","187,89","189,72","183,18","","-1,09%"
"08/11/2016","187,89","185,42","190,31","184,61","","1,33%"
"07/11/2016","185,42","182,06","187,70","181,78","","1,84%"
"06/11/2016","182,06","185,08","185,08","182,06","","-1,66%"
"04/11/2016","185,13","181,17","185,89","181,04","","2,25%"
"03/11/2016","181,06","181,63","186,21","181,06","","-0,25%"
"02/11/2016","181,51","183,28","186,08","181,51","","-0,95%"
"01/11/2016","183,26","186,85","191,09","183,26","","-1,92%"
"31/10/2016","186,85","186,32","192,28","186,32","","0,28%"
"30/10/2016","186,32","187,38","187,38","186,32","","-0,57%"
"28/10/2016","187,38","190,05","190,26","187,38","","-1,29%"
"27/10/2016","189,84","191,50","191,86","189,44","","-0,77%"
"26/10/2016","191,31","193,60","193,67","190,51","","-1,10%"
"25/10/2016","193,44","192,89","194,30","192,34","","0,29%"
"24/10/2016","192,88","191,28","193,33","191,20","","0,84%"
"23/10/2016","191,28","193,90","193,90","191,28","","-1,42%"
"21/10/2016","194,03","191,12","194,03","190,45","","1,48%"
"20/10/2016","191,19","188,71","194,09","188,55","","1,37%"
"19/10/2016","188,62","187,49","192,19","186,90","","0,61%"
"18/10/2016","187,47","186,05","190,74","185,84","","0,77%"
"17/10/2016","186,04","186,64","189,50","186,04","","-0,32%"
"16/10/2016","186,64","186,50","186,64","186,50","","-1,11%"
"14/10/2016","188,72","186,66","190,44","186,64","","1,14%"
"13/10/2016","186,60","186,03","190,12","184,97","","0,30%"
"12/10/2016","186,04","185,63","187,63","185,34","","0,29%"
"11/10/2016","185,51","183,74","187,65","183,50","","0,92%"
"10/10/2016","183,81","181,84","183,81","181,80","","1,15%"
"09/10/2016","181,73","184,60","184,60","181,73","","-1,63%"
"07/10/2016","184,74","182,23","185,18","181,70","","1,30%"
"06/10/2016","182,38","181,75","185,21","180,94","","0,36%"
"05/10/2016","181,72","179,68","185,19","179,20","","1,15%"
"04/10/2016","179,66","182,25","185,69","179,66","","-1,49%"
"03/10/2016","182,38","182,14","185,70","178,92","","0,12%"
"02/10/2016","182,16","182,02","182,16","182,02","","0,07%"
"30/09/2016","182,04","179,34","183,53","179,30","","1,54%"
"29/09/2016","179,28","181,64","184,56","179,28","","-1,30%"
"28/09/2016","181,64","180,80","184,66","179,72","","0,49%"
"27/09/2016","180,75","179,80","184,26","179,67","","0,54%"
"26/09/2016","179,79","180,08","183,27","179,41","","-0,16%"
"25/09/2016","180,08","183,11","183,11","180,08","","-1,65%"
"23/09/2016","183,09","181,82","184,88","181,42","","0,86%"
"22/09/2016","181,52","182,57","186,95","181,52","","-0,60%"
"21/09/2016","182,62","180,55","186,50","180,44","","1,15%"
"20/09/2016","180,54","179,29","183,62","179,24","","0,70%"
"19/09/2016","179,27","179,96","182,84","179,27","","-0,37%"
"18/09/2016","179,94","182,04","182,04","179,94","","-1,10%"
"16/09/2016","181,94","176,72","182,36","176,30","","3,03%"
"15/09/2016","176,60","174,33","180,20","173,43","","1,33%"
"14/09/2016","174,28","176,38","178,49","174,28","","-1,13%"
"13/09/2016","176,27","179,72","182,59","176,27","","-2,00%"
"12/09/2016","179,86","178,33","182,92","176,72","","0,87%"
"11/09/2016","178,32","180,87","180,87","178,32","","-1,52%"
"09/09/2016","181,08","181,03","182,31","178,83","","0,09%"
"08/09/2016","180,92","182,84","186,63","180,92","","-1,02%"
"07/09/2016","182,78","182,33","185,41","181,53","","0,34%"
"06/09/2016","182,17","180,00","184,72","179,02","","1,25%"
"05/09/2016","179,92","180,50","182,92","179,55","","-0,32%"
"04/09/2016","180,50","180,55","180,55","180,50","","0,19%"
"02/09/2016","180,16","179,99","181,84","179,32","","0,12%"
"01/09/2016","179,93","182,18","182,65","179,93","","-1,24%"
"31/08/2016","182,19","181,70","183,06","180,90","","0,22%"
"30/08/2016","181,79","181,42","182,42","180,05","","0,33%"
"29/08/2016","181,19","179,47","181,61","178,36","","0,98%"
"28/08/2016","179,44","180,72","180,72","179,44","","-0,65%"
"26/08/2016","180,61","179,99","185,29","179,65","","0,36%"
"25/08/2016","179,96","180,59","183,49","179,58","","-0,33%"
"24/08/2016","180,56","179,26","184,17","179,21","","0,76%"
"23/08/2016","179,20","181,01","184,47","179,20","","-0,98%"
"22/08/2016","180,98","183,72","184,18","180,15","","-1,49%"
"21/08/2016","183,72","183,62","183,72","183,62","","0,04%"
"19/08/2016","183,65","178,46","183,65","178,30","","2,99%"
"18/08/2016","178,32","185,57","185,86","178,32","","-3,96%"
"17/08/2016","185,68","181,64","186,00","180,29","","2,22%"
"16/08/2016","181,64","184,07","186,96","181,64","","-1,16%"
"15/08/2016","183,77","184,08","186,35","183,77","","-0,17%"
"14/08/2016","184,08","184,51","184,51","184,08","","-0,43%"
"12/08/2016","184,87","187,39","187,57","184,40","","-1,25%"
"11/08/2016","187,21","187,53","192,38","186,51","","-0,14%"
"10/08/2016","187,48","191,96","192,81","186,36","","-2,33%"
"09/08/2016","191,94","186,55","192,42","186,44","","2,89%"
"08/08/2016","186,55","186,97","189,93","185,57","","-0,23%"
"07/08/2016","186,97","186,84","186,97","186,84","","-1,41%"
"05/08/2016","189,63","187,27","189,63","184,63","","1,21%"
"04/08/2016","187,37","181,67","187,37","181,66","","3,14%"
"03/08/2016","181,66","179,47","184,13","177,88","","1,25%"
"02/08/2016","179,42","180,15","183,70","179,19","","-0,43%"
"01/08/2016","180,19","180,62","184,62","179,79","","-0,24%"
"31/07/2016","180,62","184,01","184,01","180,62","","-1,72%"
"29/07/2016","183,79","180,24","185,95","179,29","","1,97%"
"28/07/2016","180,24","181,89","185,83","180,24","","-0,79%"
"27/07/2016","181,67","182,42","186,41","181,67","","-0,44%"
"26/07/2016","182,48","181,59","185,78","181,31","","0,59%"
"25/07/2016","181,40","183,52","184,89","181,40","","-1,15%"
"24/07/2016","183,52","185,63","185,63","183,52","","-1,17%"
"22/07/2016","185,70","181,84","185,77","181,28","","2,25%"
"21/07/2016","181,61","182,94","185,80","181,61","","-0,76%"
"20/07/2016","183,00","183,09","187,02","182,67","","-0,11%"
"19/07/2016","183,21","182,03","183,21","180,66","","0,70%"
"18/07/2016","181,93","181,16","182,74","180,58","","0,43%"
"17/07/2016","181,16","183,16","183,16","181,16","","-0,99%"
"15/07/2016","182,97","181,44","184,68","180,61","","0,87%"
"14/07/2016","181,39","181,08","186,18","180,77","","0,15%"
"13/07/2016","181,13","179,88","184,03","178,97","","0,68%"
"12/07/2016","179,90","179,13","183,94","179,12","","0,40%"
"11/07/2016","179,18","179,80","182,70","178,91","","-0,34%"
"10/07/2016","179,80","183,14","183,14","179,80","","-1,88%"
"08/07/2016","183,24","176,20","184,08","175,98","","4,12%"
"07/07/2016","176,00","177,45","180,30","176,00","","-0,75%"
"06/07/2016","177,32","179,40","181,98","177,32","","-1,15%"
"05/07/2016","179,39","178,68","182,13","178,44","","0,43%"
"04/07/2016","178,62","182,08","182,55","178,62","","-1,90%"
"03/07/2016","182,08","184,64","184,64","182,08","","-1,47%"
"01/07/2016","184,79","184,00","185,63","181,45","","0,43%"
"30/06/2016","184,00","181,91","188,34","181,29","","0,98%"
"29/06/2016","182,22","181,48","186,35","179,13","","0,54%"
"28/06/2016","181,23","175,45","182,14","174,34","","3,26%"
"27/06/2016","175,51","174,92","177,83","174,74","","0,34%"
"26/06/2016","174,92","174,94","174,94","174,92","","-1,64%"
"24/06/2016","177,83","172,50","178,87","171,76","","3,08%"
"23/06/2016","172,52","171,18","175,99","170,43","","0,81%"
"22/06/2016","171,14","170,69","175,04","170,07","","0,26%"
"21/06/2016","170,71","170,75","174,61","170,34","","-0,03%"
"20/06/2016","170,76","169,19","174,74","169,19","","0,93%"
"19/06/2016","169,19","172,83","172,83","169,19","","-2,23%"
"17/06/2016","173,06","172,45","173,06","167,96","","0,29%"
"16/06/2016","172,56","171,33","172,56","167,38","","0,78%"
"15/06/2016","171,22","170,76","172,12","167,19","","0,29%"
"14/06/2016","170,73","169,50","171,08","166,26","","0,66%"
"13/06/2016","169,60","172,69","172,69","167,84","","-1,79%"
"12/06/2016","172,69","172,30","172,69","172,30","","0,22%"
"10/06/2016","172,31","172,68","172,68","168,53","","-0,05%"
"09/06/2016","172,40","175,54","175,54","170,27","","-1,83%"
"08/06/2016","175,62","170,43","175,62","167,59","","3,00%"
"07/06/2016","170,50","168,29","170,50","164,38","","1,28%"
"06/06/2016","168,35","166,38","168,35","163,59","","1,18%"
"05/06/2016","166,38","166,38","166,38","166,38","","0,02%"
"03/06/2016","166,36","166,59","167,58","163,78","","-0,14%"
"02/06/2016","166,58","165,53","166,78","162,65","","0,65%"
"01/06/2016","165,51","166,86","167,26","163,96","","-0,72%"
"31/05/2016","166,71","164,89","166,90","163,00","","1,27%"
"30/05/2016","164,62","165,54","165,54","162,84","","-0,55%"
"29/05/2016","165,54","165,54","165,54","165,54","","-0,28%"
"27/05/2016","166,00","166,05","166,15","163,43","","-0,06%"
"26/05/2016","166,11","167,02","167,17","163,19","","-0,52%"
"25/05/2016","166,98","167,32","168,04","164,42","","-0,23%"
"24/05/2016","167,36","166,66","168,15","163,71","","0,46%"
"23/05/2016","166,59","167,17","167,56","163,95","","-0,34%"
"22/05/2016","167,17","167,01","167,17","167,01","","0,26%"
"20/05/2016","166,73","166,92","167,87","164,20","","-0,19%"
"19/05/2016","167,05","165,63","167,05","162,64","","0,79%"
"18/05/2016","165,74","168,35","168,49","165,29","","-1,66%"
"17/05/2016","168,55","165,71","168,55","164,39","","1,70%"
"16/05/2016","165,72","165,69","165,72","163,90","","0,02%"
"15/05/2016","165,69","165,69","165,69","165,69","","-0,25%"
"13/05/2016","166,10","168,22","169,02","165,58","","-1,30%"
"12/05/2016","168,28","168,96","168,96","165,69","","-0,46%"
"11/05/2016","169,05","168,33","169,46","165,51","","0,35%"
"10/05/2016","168,46","166,07","168,88","163,83","","1,56%"
"09/05/2016","165,86","166,88","166,88","159,23","","-0,61%"
"08/05/2016","166,88","166,88","166,88","166,88","","-0,01%"
"06/05/2016","166,90","165,27","167,26","160,65","","1,00%"
"05/05/2016","165,25","162,73","165,64","160,39","","1,49%"
"04/05/2016","162,82","160,30","166,01","159,77","","1,53%"
"03/05/2016","160,37","163,33","163,33","158,20","","-1,75%"
"02/05/2016","163,23","166,76","166,76","162,99","","-2,11%"
"01/05/2016","166,76","170,97","170,97","166,76","","-2,34%"
"29/04/2016","170,76","168,52","171,11","164,57","","1,14%"
"28/04/2016","168,83","164,29","168,90","164,01","","2,57%"
"27/04/2016","164,61","167,01","167,93","164,13","","-1,39%"
"26/04/2016","166,93","166,01","167,28","163,42","","0,51%"
"25/04/2016","166,08","164,05","166,88","163,24","","1,24%"
"24/04/2016","164,05","164,33","164,33","164,05","","-0,12%"
"22/04/2016","164,25","164,66","164,76","161,62","","-0,19%"
"21/04/2016","164,56","165,82","167,57","163,98","","-0,64%"
"20/04/2016","165,63","164,10","165,98","162,02","","0,87%"
"19/04/2016","164,20","160,38","164,20","160,21","","2,50%"
"18/04/2016","160,20","166,50","166,56","160,20","","-3,79%"
"17/04/2016","166,50","165,64","166,50","165,64","","0,57%"
"15/04/2016","165,56","169,74","169,75","164,73","","-2,33%"
"14/04/2016","169,51","168,71","170,71","165,22","","0,31%"
"13/04/2016","168,99","167,81","169,87","165,03","","0,68%"
"12/04/2016","167,85","167,53","168,21","161,64","","0,12%"
"11/04/2016","167,65","162,68","167,86","160,19","","3,05%"
"10/04/2016","162,68","162,68","162,68","162,68","","-0,05%"
"08/04/2016","162,76","156,47","162,76","156,47","","4,02%"
"07/04/2016","156,47","158,13","159,50","156,47","","-1,04%"
"06/04/2016","158,12","159,63","161,39","156,64","","-1,00%"
"05/04/2016","159,71","161,43","161,43","158,13","","-0,92%"
"04/04/2016","161,21","164,62","164,62","160,41","","-2,08%"
"03/04/2016","164,62","164,74","164,74","164,62","","0,01%"
"01/04/2016","164,60","162,81","165,55","158,80","","1,00%"
"31/03/2016","162,96","160,77","165,36","158,69","","1,43%"
"30/03/2016","160,67","163,53","164,20","158,92","","-1,71%"
"29/03/2016","163,47","161,86","163,94","159,08","","1,16%"
"28/03/2016","161,59","161,92","163,96","159,80","","-0,20%"
"27/03/2016","161,92","162,07","162,07","161,92","","-0,14%"
"25/03/2016","162,14","162,00","162,53","159,33","","0,00%"
"24/03/2016","162,15","161,52","162,15","157,65","","0,37%"
"23/03/2016","161,54","165,30","165,32","160,61","","-2,28%"
"22/03/2016","165,31","163,71","165,55","160,39","","1,01%"
"21/03/2016","163,66","160,58","164,44","159,60","","1,92%"
"20/03/2016","160,58","160,59","160,59","160,58","","-1,41%"
"18/03/2016","162,87","159,96","165,09","157,78","","1,92%"
"17/03/2016","159,80","156,44","164,07","156,24","","2,22%"
"16/03/2016","156,33","159,32","160,95","153,60","","-1,91%"
"15/03/2016","159,38","161,42","164,05","158,22","","-1,25%"
"14/03/2016","161,39","163,73","166,41","161,39","","-1,43%"
"13/03/2016","163,73","164,78","164,78","163,73","","-0,59%"
"11/03/2016","164,69","165,17","165,17","161,01","","-0,19%"
"10/03/2016","165,01","162,43","165,25","161,14","","1,59%"
"09/03/2016","162,43","158,64","162,43","158,64","","2,37%"
"08/03/2016","158,67","158,18","159,47","156,68","","0,26%"
"07/03/2016","158,27","157,18","160,19","157,18","","0,69%"
"06/03/2016","157,18","158,57","158,57","157,18","","-2,90%"
"04/03/2016","161,87","157,61","165,66","157,59","","2,69%"
"03/03/2016","157,63","158,36","161,72","154,99","","-0,45%"
"02/03/2016","158,34","153,75","158,68","153,31","","3,00%"
"01/03/2016","153,73","150,09","154,96","150,09","","2,51%"
"29/02/2016","149,97","150,50","153,65","149,97","","-0,35%"
"28/02/2016","150,50","152,22","152,22","150,50","","-0,96%"
"26/02/2016","151,96","150,43","154,13","149,66","","1,14%"
"25/02/2016","150,26","150,44","154,27","122,48","","-0,10%"
"24/02/2016","150,41","153,14","153,47","149,11","","-1,86%"
"23/02/2016","153,25","150,73","153,25","149,93","","1,65%"
"22/02/2016","150,76","146,54","154,20","146,49","","2,88%"
"21/02/2016","146,54","149,65","149,65","146,54","","-1,94%"
"19/02/2016","149,44","146,61","149,75","145,21","","1,89%"
"18/02/2016","146,67","147,97","149,55","145,89","","-0,87%"
"17/02/2016","147,95","147,19","150,84","144,75","","0,49%"
"16/02/2016","147,24","148,81","150,11","146,07","","-1,08%"
"15/02/2016","148,84","146,05","149,10","145,53","","1,91%"
"14/02/2016","146,05","148,48","148,48","146,05","","-1,61%"
"12/02/2016","148,44","145,25","149,61","145,22","","2,27%"
"11/02/2016","145,14","151,15","151,17","145,14","","-4,03%"
"10/02/2016","151,23","149,55","156,80","149,38","","1,14%"
"09/02/2016","149,52","154,29","154,29","149,52","","-3,09%"
"08/02/2016","154,28","153,45","154,61","150,26","","0,54%"
"07/02/2016","153,45","153,47","153,47","153,45","","-0,01%"
"05/02/2016","153,47","153,74","154,35","149,06","","-0,10%"
"04/02/2016","153,63","151,95","156,01","151,04","","1,08%"
"03/02/2016","151,98","150,59","155,18","150,30","","0,94%"
"02/02/2016","150,57","151,94","154,12","150,05","","-0,88%"
"01/02/2016","151,92","151,38","155,23","150,35","","0,36%"
"31/01/2016","151,38","153,72","153,72","151,38","","-1,57%"
"29/01/2016","153,78","147,30","154,17","146,62","","4,40%"
"28/01/2016","147,30","146,44","149,91","145,82","","0,77%"
"27/01/2016","146,17","148,26","151,59","146,17","","-1,30%"
"26/01/2016","148,10","147,77","152,04","146,66","","0,23%"
"25/01/2016","147,77","148,36","150,86","147,77","","-0,40%"
"24/01/2016","148,36","150,92","150,92","148,36","","-1,74%"
"22/01/2016","150,98","145,15","150,98","145,13","","4,01%"
"21/01/2016","145,16","146,73","149,61","144,60","","-1,01%"
"20/01/2016","146,64","148,02","150,09","146,51","","-0,92%"
"19/01/2016","148,00","148,49","152,00","148,00","","-0,35%"
"18/01/2016","148,52","152,71","152,71","148,37","","-2,74%"
"17/01/2016","152,71","149,33","152,71","149,33","","2,74%"
"15/01/2016","148,64","149,73","150,62","148,04","","-0,89%"
"14/01/2016","149,98","150,00","150,42","148,95","","-0,01%"
"13/01/2016","150,00","149,96","152,70","149,90","","0,13%"
"12/01/2016","149,81","149,00","150,32","148,80","","0,53%"
"11/01/2016","149,02","149,50","150,38","148,05","","-0,32%"
"10/01/2016","149,50","150,27","150,27","149,50","","-0,32%"
"08/01/2016","149,98","148,46","150,60","148,45","","1,04%"
"07/01/2016","148,44","151,22","151,29","148,34","","-1,81%"
"06/01/2016","151,18","151,44","152,29","150,58","","-0,21%"
"05/01/2016","151,50","149,91","152,82","149,27","","1,07%"
"04/01/2016","149,89","152,05","152,75","147,66","","-1,42%"
"03/01/2016","152,05","152,05","152,05","152,05","","-0,04%"
"01/01/2016","152,11","152,05","152,11","152,05","","0,02%"
"31/12/2015","152,09","151,61","152,09","151,39","","0,33%"
"30/12/2015","151,58","155,27","155,67","149,49","","-2,36%"
"29/12/2015","155,24","154,96","155,69","153,53","","0,16%"
"28/12/2015","154,99","152,01","154,99","151,05","","1,96%"
"27/12/2015","152,01","152,02","152,02","152,01","","0,00%"
"25/12/2015","152,02","152,01","152,02","152,01","","0,01%"
"24/12/2015","152,01","152,45","152,48","151,57","","-0,31%"
"23/12/2015","152,48","150,11","152,61","149,92","","1,58%"
"22/12/2015","150,11","149,72","151,28","149,28","","0,23%"
"21/12/2015","149,76","151,63","152,19","149,46","","-1,23%"
"20/12/2015","151,63","151,63","151,63","151,63","","0,06%"
"18/12/2015","151,55","156,07","156,16","151,55","","-2,95%"
"17/12/2015","156,15","154,30","156,55","154,08","","1,10%"
"16/12/2015","154,46","153,54","154,84","151,61","","0,74%"
"15/12/2015","153,33","153,36","154,75","152,24","","-0,01%"
"14/12/2015","153,35","155,55","155,55","152,28","","-1,41%"
"13/12/2015","155,55","154,54","155,55","154,54","","0,69%"
"11/12/2015","154,49","157,12","157,65","153,93","","-1,60%"
"10/12/2015","157,01","158,86","159,30","157,01","","-1,10%"
"09/12/2015","158,76","157,66","161,53","157,63","","0,80%"
"08/12/2015","157,50","160,88","161,61","157,50","","-2,03%"
"07/12/2015","160,76","160,59","162,63","159,92","","0,10%"
"06/12/2015","160,59","160,46","160,59","160,46","","0,00%"
"04/12/2015","160,59","159,68","161,66","158,97","","0,61%"
"03/12/2015","159,62","161,32","166,59","159,62","","-1,16%"
"02/12/2015","161,50","160,14","161,83","159,70","","0,87%"
"01/12/2015","160,10","160,25","161,67","158,59","","-0,10%"
"30/11/2015","160,27","161,00","165,30","158,20","","-0,45%"
"29/11/2015","161,00","161,20","161,20","161,00","","-0,07%"
"27/11/2015","161,12","165,22","166,75","161,12","","-2,45%"
"26/11/2015","165,17","165,02","165,32","163,93","","0,00%"
"25/11/2015","165,17","166,52","166,70","162,68","","-0,80%"
"24/11/2015","166,50","165,21","166,78","164,74","","0,80%"
"23/11/2015","165,18","165,46","166,57","165,08","","-0,17%"
"22/11/2015","165,46","165,00","165,46","165,00","","-0,23%"
"20/11/2015","165,85","162,65","165,85","162,61","","2,00%"
"19/11/2015","162,60","163,02","164,88","162,60","","-0,18%"
"18/11/2015","162,90","161,70","163,30","161,35","","0,73%"
"17/11/2015","161,72","159,55","162,45","159,54","","1,26%"
"16/11/2015","159,70","158,09","160,20","158,09","","1,02%"
"15/11/2015","158,09","158,03","158,09","158,03","","0,11%"
"13/11/2015","157,92","160,92","161,35","157,92","","-1,87%"
"12/11/2015","160,94","162,03","162,77","160,02","","-0,62%"
"11/11/2015","161,94","163,08","165,11","161,68","","-0,78%"
"10/11/2015","163,21","160,42","163,68","159,45","","1,78%"
"09/11/2015","160,35","159,91","161,93","159,71","","0,27%"
"08/11/2015","159,91","159,96","159,96","159,91","","0,12%"
"06/11/2015","159,71","159,56","160,66","157,02","","0,12%"
"05/11/2015","159,52","157,87","160,23","157,87","","1,03%"
"04/11/2015","157,90","158,52","160,03","157,26","","-0,42%"
"03/11/2015","158,56","153,76","159,70","153,75","","3,14%"
"02/11/2015","153,73","154,45","154,77","153,73","","-0,47%"
"01/11/2015","154,45","154,42","154,45","154,42","","0,05%"
"30/10/2015","154,37","155,67","155,80","153,12","","-0,84%"
"29/10/2015","155,68","152,02","155,68","151,39","","2,39%"
"28/10/2015","152,04","152,58","153,77","150,73","","-0,39%"
"27/10/2015","152,64","152,31","152,64","150,92","","0,21%"
"26/10/2015","152,31","152,46","155,44","151,67","","-0,10%"
"25/10/2015","152,46","152,48","152,48","152,46","","-0,12%"
"23/10/2015","152,64","151,58","152,98","150,62","","0,70%"
"22/10/2015","151,58","146,64","151,58","146,10","","3,48%"
"21/10/2015","146,47","147,60","148,32","145,77","","-0,74%"
"20/10/2015","147,56","148,85","149,89","147,25","","-0,94%"
"19/10/2015","148,96","147,18","149,88","146,82","","1,21%"
"18/10/2015","147,18","147,08","147,18","147,08","","-0,15%"
"16/10/2015","147,39","151,06","152,33","146,19","","-2,45%"
"15/10/2015","151,10","150,84","151,57","148,00","","0,33%"
"14/10/2015","150,59","148,11","150,95","147,65","","1,63%"
"13/10/2015","148,18","153,24","153,78","147,86","","-3,23%"
"12/10/2015","153,12","153,36","153,45","153,12","","-0,12%"
"11/10/2015","153,30","153,49","153,49","153,30","","-0,15%"
"09/10/2015","153,53","153,50","155,03","152,44","","0,11%"
"08/10/2015","153,37","150,00","153,69","148,86","","2,21%"
"07/10/2015","150,05","151,06","153,68","149,70","","-1,00%"
"06/10/2015","151,57","149,04","152,68","148,39","","1,80%"
"05/10/2015","148,89","149,45","149,99","147,71","","-0,37%"
"04/10/2015","149,45","149,42","149,45","149,42","","0,12%"
"02/10/2015","149,27","146,98","149,58","145,38","","1,54%"
"01/10/2015","147,00","148,00","149,32","146,37","","-0,70%"
"30/09/2015","148,04","143,91","148,74","143,34","","3,05%"
"29/09/2015","143,66","142,89","145,46","140,78","","0,65%"
"28/09/2015","142,74","147,92","147,92","142,74","","-3,50%"
"27/09/2015","147,92","147,92","147,92","147,92","","-0,18%"
"25/09/2015","148,19","148,32","151,16","146,63","","-0,14%"
"24/09/2015","148,40","140,65","148,40","137,46","","5,51%"
"23/09/2015","140,64","145,04","146,34","140,63","","-2,96%"
"22/09/2015","144,92","145,92","147,53","144,60","","-0,59%"
"21/09/2015","145,78","145,54","147,88","145,48","","0,17%"
"20/09/2015","145,54","145,49","145,54","145,49","","-0,10%"
"18/09/2015","145,68","148,78","148,78","144,95","","-2,22%"
"17/09/2015","148,99","152,63","152,63","148,40","","-2,32%"
"16/09/2015","152,52","150,18","153,13","150,18","","1,59%"
"15/09/2015","150,14","151,98","152,39","149,41","","-1,17%"
"14/09/2015","151,91","150,33","152,30","148,94","","1,05%"
"13/09/2015","150,33","150,42","150,42","150,33","","0,03%"
"11/09/2015","150,29","152,26","152,37","149,58","","-1,19%"
"10/09/2015","152,09","155,52","155,53","150,26","","-2,09%"
"09/09/2015","155,34","153,88","156,15","153,14","","1,06%"
"08/09/2015","153,71","153,27","155,46","153,15","","0,26%"
"07/09/2015","153,32","153,28","153,32","152,99","","0,03%"
"06/09/2015","153,28","153,28","153,28","153,28","","-0,08%"
"04/09/2015","153,40","157,65","157,76","152,59","","-2,69%"
"03/09/2015","157,65","155,02","157,65","153,24","","1,64%"
"02/09/2015","155,11","157,13","157,57","154,43","","-1,28%"
"01/09/2015","157,12","161,55","161,55","157,12","","-2,79%"
"31/08/2015","161,62","162,35","163,35","159,01","","-0,45%"
"30/08/2015","162,35","162,35","162,35","162,35","","0,07%"
"28/08/2015","162,23","163,55","164,32","161,57","","-0,80%"
"27/08/2015","163,55","159,63","164,11","159,63","","2,42%"
"26/08/2015","159,68","157,68","160,06","156,87","","1,39%"
"25/08/2015","157,48","160,65","162,05","157,48","","-1,96%"
"24/08/2015","160,64","165,97","165,97","159,42","","-3,21%"
"23/08/2015","165,97","165,97","165,97","165,97","","-0,05%"
"21/08/2015","166,06","169,65","169,65","165,74","","-2,02%"
"20/08/2015","169,48","168,95","170,28","166,95","","0,31%"
"19/08/2015","168,95","170,94","171,75","168,95","","-1,27%"
"18/08/2015","171,12","170,06","171,56","169,26","","0,62%"
"17/08/2015","170,07","169,44","170,94","168,84","","0,37%"
"16/08/2015","169,44","169,50","169,50","169,44","","0,01%"
"14/08/2015","169,42","167,47","170,46","166,63","","1,05%"
"13/08/2015","167,66","169,13","169,81","167,28","","-0,86%"
"12/08/2015","169,12","171,10","171,10","167,93","","-1,10%"
"11/08/2015","171,00","174,45","174,45","169,09","","-2,10%"
"10/08/2015","174,67","171,10","174,67","170,22","","2,09%"
"09/08/2015","171,10","171,01","171,10","171,01","","0,10%"
"07/08/2015","170,94","170,16","171,78","168,20","","0,30%"
"06/08/2015","170,42","172,44","172,63","168,57","","-1,13%"
"05/08/2015","172,37","172,13","174,77","172,03","","0,15%"
"04/08/2015","172,11","173,33","174,11","171,26","","-0,77%"
"03/08/2015","173,44","174,77","174,87","172,93","","-0,76%"
"02/08/2015","174,77","174,79","174,79","174,77","","-0,08%"
"31/07/2015","174,90","177,32","179,30","174,37","","-1,32%"
"30/07/2015","177,24","178,47","179,98","176,86","","-0,66%"
"29/07/2015","178,43","177,02","178,95","175,91","","0,83%"
"28/07/2015","176,95","175,96","177,77","173,32","","0,57%"
"27/07/2015","175,94","178,46","178,46","175,23","","-1,41%"
"26/07/2015","178,46","178,59","178,59","178,46","","-0,22%"
"24/07/2015","178,86","181,47","182,12","178,42","","-1,33%"
"23/07/2015","181,27","186,28","186,36","180,89","","-2,58%"
"22/07/2015","186,07","190,23","190,23","185,66","","-2,12%"
"21/07/2015","190,11","189,26","190,89","188,75","","0,33%"
"20/07/2015","189,47","189,95","189,95","189,47","","-0,25%"
"19/07/2015","189,95","189,05","189,95","189,02","","0,48%"
"17/07/2015","189,04","190,94","191,20","188,22","","-0,87%"
"16/07/2015","190,69","189,63","192,45","189,63","","0,50%"
"15/07/2015","189,75","189,41","190,20","188,20","","0,06%"
"14/07/2015","189,64","188,85","190,90","188,84","","0,45%"
"13/07/2015","188,79","185,21","189,19","185,21","","1,93%"
"12/07/2015","185,21","185,33","185,33","185,21","","0,16%"
"10/07/2015","184,91","184,14","185,30","181,57","","0,48%"
"09/07/2015","184,02","184,05","184,79","182,96","","0,13%"
"08/07/2015","183,78","187,99","187,99","183,72","","-2,08%"
"07/07/2015","187,69","189,41","189,67","186,86","","-0,97%"
"06/07/2015","189,54","188,55","190,00","187,94","","0,53%"
"05/07/2015","188,55","188,55","188,55","188,55","","-0,01%"
"03/07/2015","188,57","190,91","190,94","188,14","","-1,30%"
"02/07/2015","191,06","187,44","191,46","187,42","","1,99%"
"01/07/2015","187,33","188,59","190,60","187,33","","-0,74%"
"30/06/2015","188,73","189,18","190,01","186,30","","-0,28%"
"29/06/2015","189,27","187,14","190,96","187,14","","1,14%"
"28/06/2015","187,14","187,14","187,14","187,14","","0,04%"
"26/06/2015","187,06","187,29","187,88","186,50","","-0,13%"
"25/06/2015","187,30","189,04","190,07","187,00","","-0,90%"
"24/06/2015","189,00","190,04","191,02","188,81","","-0,62%"
"23/06/2015","190,18","186,88","190,18","186,88","","1,72%"
"22/06/2015","186,96","186,53","188,14","185,97","","0,23%"
"21/06/2015","186,53","187,22","187,22","186,53","","-0,52%"
"19/06/2015","187,50","187,77","189,81","186,99","","-0,10%"
"18/06/2015","187,70","190,72","190,72","187,70","","-1,44%"
"17/06/2015","190,44","188,48","190,85","187,59","","1,08%"
"16/06/2015","188,40","187,07","188,80","185,59","","0,71%"
"15/06/2015","187,08","187,89","189,19","186,54","","-0,43%"
"14/06/2015","187,89","187,89","187,89","187,89","","-0,10%"
"12/06/2015","188,07","188,41","189,75","187,45","","-0,18%"
"11/06/2015","188,42","186,27","188,42","183,65","","1,24%"
"10/06/2015","186,11","187,79","189,46","186,11","","-0,93%"
"09/06/2015","187,87","189,16","189,18","186,49","","-0,62%"
"08/06/2015","189,04","185,89","189,46","185,89","","1,69%"
"07/06/2015","185,89","185,25","185,89","185,25","","0,34%"
"05/06/2015","185,25","183,76","188,07","183,38","","0,75%"
"04/06/2015","183,88","188,05","188,05","183,48","","-2,35%"
"03/06/2015","188,30","189,82","190,08","187,27","","-0,77%"
"02/06/2015","189,76","189,25","190,19","187,84","","0,37%"
"01/06/2015","189,07","188,17","190,09","186,97","","0,48%"
"31/05/2015","188,17","188,33","188,33","188,17","","0,14%"
"29/05/2015","187,92","189,94","190,33","187,35","","-0,92%"
"28/05/2015","189,67","191,81","191,81","188,40","","-1,15%"
"27/05/2015","191,87","190,72","191,87","189,20","","0,47%"
"26/05/2015","190,96","192,93","193,98","190,52","","-1,05%"
"25/05/2015","192,99","189,60","193,04","189,60","","1,79%"
"24/05/2015","189,60","189,69","189,69","189,60","","0,01%"
"22/05/2015","189,58","193,30","194,27","189,17","","-1,97%"
"21/05/2015","193,39","196,55","196,62","192,95","","-1,60%"
"20/05/2015","196,53","192,80","196,99","192,74","","1,87%"
"19/05/2015","192,93","191,01","194,65","191,01","","1,05%"
"18/05/2015","190,93","192,72","192,72","189,70","","-0,93%"
"17/05/2015","192,72","192,71","192,72","192,71","","-0,10%"
"15/05/2015","192,91","191,87","194,32","191,63","","0,59%"
"14/05/2015","191,78","192,23","192,24","188,72","","-0,35%"
"13/05/2015","192,46","193,05","195,75","192,03","","-0,40%"
"12/05/2015","193,24","192,08","193,62","189,58","","0,64%"
"11/05/2015","192,01","196,44","197,58","192,01","","-2,25%"
"10/05/2015","196,44","196,55","196,55","196,44","","-0,03%"
"08/05/2015","196,50","191,43","196,50","191,43","","2,80%"
"07/05/2015","191,16","192,58","192,58","189,12","","-0,64%"
"06/05/2015","192,39","192,84","193,16","190,05","","-0,22%"
"05/05/2015","192,81","190,73","193,62","190,55","","1,07%"
"04/05/2015","190,76","193,84","195,38","190,30","","-1,58%"
"03/05/2015","193,84","193,93","193,93","193,84","","-0,04%"
"01/05/2015","193,91","194,35","194,35","189,75","","-0,31%"
"30/04/2015","194,51","201,86","201,86","194,10","","-3,74%"
"29/04/2015","202,06","204,08","204,72","201,43","","-0,98%"
"28/04/2015","204,05","207,50","208,03","203,73","","-1,56%"
"27/04/2015","207,27","204,42","208,60","204,27","","1,39%"
"26/04/2015","204,42","205,37","205,37","204,42","","-0,38%"
"24/04/2015","205,20","205,46","205,46","202,74","","-0,21%"
"23/04/2015","205,64","203,34","205,64","201,49","","1,54%"
"22/04/2015","202,52","202,64","203,32","200,73","","0,04%"
"21/04/2015","202,44","201,50","202,74","201,10","","0,40%"
"20/04/2015","201,62","199,70","202,23","199,63","","0,96%"
"19/04/2015","199,70","199,53","199,70","199,53","","0,23%"
"17/04/2015","199,24","201,57","201,72","197,64","","-1,22%"
"16/04/2015","201,70","204,41","204,41","201,23","","-1,44%"
"15/04/2015","204,64","202,25","204,64","200,28","","1,00%"
"14/04/2015","202,62","199,53","203,06","198,44","","1,49%"
"13/04/2015","199,63","201,43","202,60","199,22","","-0,89%"
"12/04/2015","201,43","201,46","201,46","201,43","","0,03%"
"10/04/2015","201,38","199,11","202,69","199,11","","1,15%"
"09/04/2015","199,09","197,86","201,40","197,86","","0,53%"
"08/04/2015","198,04","193,01","198,04","192,78","","2,75%"
"07/04/2015","192,74","191,26","194,17","191,26","","-0,16%"
"06/04/2015","193,05","193,05","193,05","193,05","","-0,18%"
"05/04/2015","193,40","193,40","193,40","193,40","","0,19%"
"03/04/2015","193,03","193,03","193,03","193,03","","0,30%"
"02/04/2015","192,45","192,45","192,45","192,45","","0,58%"
"01/04/2015","191,33","191,33","191,33","191,33","","2,11%"
"31/03/2015","187,38","187,38","187,38","187,38","","0,73%"
"30/03/2015","186,03","186,03","186,03","186,03","","0,05%"
"29/03/2015","185,95","185,95","185,95","185,95","","-0,77%"
"27/03/2015","187,39","187,39","187,39","187,39","","0,45%"
"26/03/2015","186,56","186,56","186,56","186,56","","-1,91%"
"25/03/2015","190,19","190,19","190,19","190,19","","-1,03%"
"24/03/2015","192,17","192,17","192,17","192,17","","1,58%"
"23/03/2015","189,19","189,19","189,19","189,19","","0,00%"
"22/03/2015","189,19","189,19","189,19","189,19","","1,52%"
"20/03/2015","186,36","186,36","186,36","186,36","","-2,88%"
"19/03/2015","191,89","191,89","191,89","191,89","","1,07%"
"18/03/2015","189,85","189,85","189,85","189,85","","-1,03%"
"17/03/2015","191,82","191,82","191,82","191,82","","0,45%"
"16/03/2015","190,97","190,97","190,97","190,97","","-0,01%"
"15/03/2015","190,98","190,98","190,98","190,98","","-1,94%"
"13/03/2015","194,75","194,75","194,75","194,75","","-1,43%"
"12/03/2015","197,58","197,58","197,58","197,58","","0,48%"
"11/03/2015","196,64","196,64","196,64","196,64","","1,81%"
"10/03/2015","193,14","193,14","193,14","193,14","","-1,31%"
"09/03/2015","195,70","195,70","195,70","195,70","","-0,01%"
"08/03/2015","195,71","195,71","195,71","195,71","","-0,97%"
"06/03/2015","197,64","197,64","197,64","197,64","","-0,16%"
"05/03/2015","197,95","198,03","198,91","197,95","","0,12%"
"04/03/2015","197,71","200,41","200,54","196,56","","-1,30%"
"03/03/2015","200,30","201,75","203,24","200,30","","-0,70%"
"02/03/2015","201,71","205,59","206,92","201,70","","-1,89%"
"01/03/2015","205,59","205,79","205,79","205,59","","-0,11%"
"27/02/2015","205,82","198,78","205,82","198,78","","3,55%"
"26/02/2015","198,76","201,21","203,35","198,76","","-1,30%"
"25/02/2015","201,39","202,49","204,14","200,41","","-0,42%"
"24/02/2015","202,23","201,46","204,60","200,76","","0,34%"
"23/02/2015","201,55","201,75","202,51","199,63","","-0,10%"
"22/02/2015","201,75","201,84","201,84","201,75","","0,00%"
"20/02/2015","201,75","200,85","202,52","200,70","","0,44%"
"19/02/2015","200,86","203,25","203,25","200,72","","-1,18%"
"18/02/2015","203,26","202,92","203,88","202,44","","0,30%"
"17/02/2015","202,65","203,05","204,63","202,65","","-0,19%"
"16/02/2015","203,05","202,79","203,37","202,63","","0,13%"
"15/02/2015","202,79","202,86","202,86","202,79","","-0,15%"
"13/02/2015","203,09","204,64","204,64","201,20","","-0,60%"
"12/02/2015","204,33","202,08","204,78","200,84","","1,12%"
"11/02/2015","202,06","205,06","205,10","201,21","","-1,53%"
"10/02/2015","205,21","209,23","209,23","204,75","","-1,93%"
"09/02/2015","209,24","205,89","209,50","205,89","","1,63%"
"08/02/2015","205,89","205,89","205,89","205,89","","0,00%"
"06/02/2015","205,89","209,03","209,03","205,89","","-1,51%"
"05/02/2015","209,04","209,46","212,30","207,76","","-0,19%"
"04/02/2015","209,43","214,45","214,47","208,97","","-2,29%"
"03/02/2015","214,35","212,38","214,87","211,91","","0,93%"
"02/02/2015","212,38","216,58","217,83","212,25","","-1,94%"
"01/02/2015","216,58","215,59","216,58","215,59","","0,33%"
"30/01/2015","215,87","222,76","222,77","214,78","","-3,03%"
"29/01/2015","222,61","224,02","225,55","221,65","","-0,67%"
"28/01/2015","224,12","226,04","226,11","222,80","","-0,84%"
"27/01/2015","226,02","226,15","226,67","224,33","","0,03%"
"26/01/2015","225,96","226,76","226,77","224,45","","-1,22%"
"25/01/2015","228,76","228,76","228,76","228,76","","0,17%"
"23/01/2015","228,37","219,08","229,49","218,91","","4,33%"
"22/01/2015","218,88","217,89","221,14","217,27","","0,45%"
"21/01/2015","217,91","216,52","219,11","216,52","","0,63%"
"20/01/2015","216,54","213,32","217,02","213,28","","1,49%"
"19/01/2015","213,37","215,85","216,60","212,32","","-1,15%"
"18/01/2015","215,85","215,92","215,92","215,85","","-0,15%"
"16/01/2015","216,18","212,32","216,37","212,29","","1,81%"
"15/01/2015","212,34","213,29","216,06","211,65","","-0,29%"
"14/01/2015","212,95","210,45","214,15","210,16","","1,10%"
"13/01/2015","210,64","208,08","211,65","206,49","","1,10%"
"12/01/2015","208,35","211,11","211,11","207,82","","-1,31%"
"11/01/2015","211,11","211,10","211,11","211,10","","0,18%"
"09/01/2015","210,73","209,34","211,13","207,96","","0,62%"
"08/01/2015","209,44","206,56","209,48","206,05","","1,30%"
"07/01/2015","206,76","204,29","207,27","204,27","","1,36%"
"06/01/2015","203,98","203,56","204,88","201,81","","0,22%"
"05/01/2015","203,54","201,99","203,62","201,75","","0,77%"
"04/01/2015","201,99","201,99","201,99","201,99","","0,01%"
"02/01/2015","201,96","204,11","204,65","201,03","","-1,06%"
"01/01/2015","204,11","203,11","204,11","203,11","","0,43%"
"31/12/2014","203,23","203,09","203,23","203,01","","-0,02%"
"30/12/2014","203,26","199,08","204,23","199,06","","2,22%"
"29/12/2014","198,85","199,45","201,64","198,43","","-0,30%"
"28/12/2014","199,45","200,50","200,50","199,45","","-0,52%"
"26/12/2014","200,50","199,88","200,50","199,88","","0,31%"
"25/12/2014","199,88","199,46","199,88","199,46","","0,06%"
"24/12/2014","199,77","199,20","199,77","199,16","","0,27%"
"23/12/2014","199,23","200,66","202,30","198,19","","-0,69%"
"22/12/2014","200,62","201,31","202,28","200,62","","-0,34%"
"21/12/2014","201,31","201,10","201,31","201,10","","0,20%"
"19/12/2014","200,91","200,20","202,49","200,20","","0,34%"
"18/12/2014","200,23","193,87","201,57","193,84","","3,28%"
"17/12/2014","193,86","190,91","197,16","190,87","","1,55%"
"16/12/2014","190,89","195,75","196,24","189,55","","-2,49%"
"15/12/2014","195,77","198,41","198,78","195,49","","-1,33%"
"14/12/2014","198,41","198,42","198,42","198,41","","-0,15%"
"12/12/2014","198,71","198,71","199,91","196,83","","0,13%"
"11/12/2014","198,46","202,73","202,76","198,46","","-2,08%"
"10/12/2014","202,68","204,69","205,07","202,68","","-0,85%"
"09/12/2014","204,42","205,72","205,72","203,21","","-0,43%"
"08/12/2014","205,31","205,09","206,59","204,33","","0,11%"
"07/12/2014","205,09","205,09","205,09","205,09","","0,02%"
"05/12/2014","205,05","205,64","206,35","203,51","","-0,28%"
"04/12/2014","205,63","208,53","208,69","205,63","","-1,33%"
"03/12/2014","208,40","206,25","208,73","204,80","","1,04%"
"02/12/2014","206,25","205,62","206,25","204,40","","0,44%"
"01/12/2014","205,35","206,46","206,89","204,45","","-0,54%"
"30/11/2014","206,46","206,46","206,46","206,46","","1,01%"
"28/11/2014","204,40","207,95","208,28","203,53","","-1,71%"
"27/11/2014","207,94","209,76","210,34","207,52","","-0,69%"
"26/11/2014","209,40","207,86","210,95","207,66","","0,74%"
"25/11/2014","207,85","207,12","209,53","206,85","","0,39%"
"24/11/2014","207,04","209,73","211,68","207,04","","-1,28%"
"23/11/2014","209,73","209,73","209,73","209,73","","0,06%"
"21/11/2014","209,60","203,26","210,08","202,95","","3,12%"
"20/11/2014","203,25","203,36","203,54","203,25","","-0,05%"
"19/11/2014","203,36","202,94","203,81","201,62","","0,39%"
"18/11/2014","202,56","202,02","203,05","201,20","","0,27%"
"17/11/2014","202,01","201,29","203,48","199,96","","0,36%"
"16/11/2014","201,29","202,56","202,56","201,29","","-0,45%"
"14/11/2014","202,21","203,10","203,28","200,51","","-0,44%"
"13/11/2014","203,11","205,59","205,91","201,98","","-1,17%"
"12/11/2014","205,51","205,61","207,68","205,04","","-0,05%"
"11/11/2014","205,61","206,84","206,84","205,41","","-0,42%"
"10/11/2014","206,49","204,99","207,75","204,99","","0,73%"
"09/11/2014","204,99","206,87","206,87","204,99","","-0,90%"
"07/11/2014","206,86","206,21","207,61","204,73","","0,31%"
"06/11/2014","206,23","209,79","209,86","203,59","","-1,69%"
"05/11/2014","209,78","209,35","209,88","206,62","","0,20%"
"04/11/2014","209,36","210,35","210,37","207,13","","-0,46%"
"03/11/2014","210,32","215,23","215,23","209,31","","-2,28%"
"02/11/2014","215,23","210,43","215,23","210,43","","2,29%"
"31/10/2014","210,40","216,90","216,91","210,40","","-3,16%"
"30/10/2014","217,27","210,94","217,89","210,93","","3,01%"
"29/10/2014","210,92","209,25","212,46","208,41","","0,80%"
"28/10/2014","209,24","204,76","209,96","204,59","","2,19%"
"27/10/2014","204,76","209,26","209,26","202,31","","-2,15%"
"26/10/2014","209,26","209,56","209,56","209,26","","-0,18%"
"24/10/2014","209,65","207,55","211,76","206,55","","1,01%"
"23/10/2014","207,56","207,49","208,59","205,81","","-0,02%"
"22/10/2014","207,60","207,92","209,17","207,16","","-0,16%"
"21/10/2014","207,94","208,27","208,71","205,12","","-0,11%"
"20/10/2014","208,17","210,14","211,22","208,17","","-0,94%"
"19/10/2014","210,14","210,22","210,22","210,14","","-0,06%"
"17/10/2014","210,27","207,50","210,85","207,26","","1,31%"
"16/10/2014","207,56","208,31","209,63","205,44","","-0,25%"
"15/10/2014","208,07","216,03","216,29","208,07","","-3,68%"
"14/10/2014","216,02","215,02","216,85","215,02","","0,43%"
"13/10/2014","215,09","215,92","217,36","212,72","","-0,38%"
"12/10/2014","215,92","213,19","215,92","213,19","","1,32%"
"10/10/2014","213,11","215,58","215,96","213,11","","-1,14%"
"09/10/2014","215,57","217,87","217,87","213,78","","-1,16%"
"08/10/2014","218,09","216,08","218,09","213,09","","0,90%"
"07/10/2014","216,16","213,36","218,15","213,36","","1,23%"
"06/10/2014","213,53","213,09","219,59","208,28","","0,21%"
"05/10/2014","213,09","211,52","213,09","211,52","","0,83%"
"03/10/2014","211,34","207,94","211,57","207,44","","1,63%"
"02/10/2014","207,95","209,20","210,04","207,77","","-0,58%"
"01/10/2014","209,17","212,96","213,62","209,17","","-1,75%"
"30/09/2014","212,90","211,27","213,76","211,26","","0,88%"
"29/09/2014","211,04","211,99","213,97","208,80","","-0,45%"
"28/09/2014","211,99","212,78","212,78","211,99","","-0,32%"
"26/09/2014","212,67","211,72","213,61","210,76","","0,45%"
"25/09/2014","211,71","215,42","216,38","211,71","","-1,75%"
"24/09/2014","215,47","211,61","215,47","211,40","","1,80%"
"23/09/2014","211,66","212,87","213,06","210,83","","-0,57%"
"22/09/2014","212,86","215,74","216,39","212,86","","-1,33%"
"21/09/2014","215,74","215,32","215,74","215,32","","0,10%"
"19/09/2014","215,54","214,52","216,81","213,77","","0,47%"
"18/09/2014","214,53","216,60","216,61","214,25","","-0,77%"
"17/09/2014","216,19","216,67","217,85","214,35","","-0,06%"
"16/09/2014","216,33","216,40","218,57","216,26","","-0,14%"
"15/09/2014","216,63","220,81","220,81","216,09","","-1,89%"
"14/09/2014","220,81","216,87","220,81","216,87","","1,63%"
"12/09/2014","217,27","220,94","220,94","216,24","","-1,63%"
"11/09/2014","220,87","221,94","222,47","220,87","","-0,49%"
"10/09/2014","221,96","221,73","221,96","220,18","","0,11%"
"09/09/2014","221,73","223,42","224,47","221,73","","-0,86%"
"08/09/2014","223,64","225,79","226,26","222,97","","-0,95%"
"07/09/2014","225,79","226,03","226,03","225,79","","-0,19%"
"05/09/2014","226,23","226,07","226,92","225,11","","0,06%"
"04/09/2014","226,09","223,04","226,09","222,36","","1,37%"
"03/09/2014","223,04","222,69","224,06","222,43","","0,07%"
"02/09/2014","222,89","222,39","223,39","221,69","","0,35%"
"01/09/2014","222,11","223,31","223,83","222,11","","-0,54%"
"31/08/2014","223,31","222,59","223,31","222,59","","0,51%"
"29/08/2014","222,19","222,09","222,70","221,61","","0,10%"
"28/08/2014","221,96","221,31","222,40","220,40","","0,31%"
"27/08/2014","221,26","219,74","221,79","219,59","","0,65%"
"26/08/2014","219,83","217,50","219,83","217,26","","1,07%"
"25/08/2014","217,50","217,00","218,19","216,87","","0,23%"
"24/08/2014","217,00","217,00","217,00","217,00","","0,07%"
"22/08/2014","216,85","217,89","217,89","216,40","","-0,48%"
"21/08/2014","217,89","218,34","219,64","217,89","","-0,13%"
"20/08/2014","218,17","218,77","219,90","218,17","","-0,27%"
"19/08/2014","218,77","216,95","218,77","216,95","","0,92%"
"18/08/2014","216,78","216,37","217,43","216,35","","0,19%"
"17/08/2014","216,37","216,70","216,70","216,37","","-0,15%"
"15/08/2014","216,70","216,23","217,16","215,13","","0,16%"
"14/08/2014","216,36","215,24","216,45","214,81","","0,49%"
"13/08/2014","215,32","215,84","217,07","214,63","","-0,28%"
"12/08/2014","215,91","215,23","216,35","215,23","","0,20%"
"11/08/2014","215,49","214,45","215,82","214,27","","0,48%"
"10/08/2014","214,45","214,44","214,45","214,44","","-0,07%"
"08/08/2014","214,61","213,50","214,67","212,31","","0,36%"
"07/08/2014","213,84","216,19","216,19","213,35","","-1,12%"
"06/08/2014","216,26","215,04","216,69","214,12","","0,57%"
"05/08/2014","215,04","216,35","216,50","213,78","","-0,57%"
"04/08/2014","216,26","216,92","217,37","215,75","","-0,30%"
"03/08/2014","216,92","216,81","216,92","216,81","","-0,05%"
"01/08/2014","217,03","216,51","217,50","214,31","","0,28%"
"31/07/2014","216,43","217,89","218,11","215,46","","-0,81%"
"30/07/2014","218,19","218,92","219,67","216,66","","-0,24%"
"29/07/2014","218,72","219,64","219,68","218,72","","-0,43%"
"28/07/2014","219,66","219,13","219,66","218,43","","0,24%"
"27/07/2014","219,13","219,04","219,13","219,04","","0,02%"
"25/07/2014","219,09","219,49","220,00","218,62","","-0,20%"
"24/07/2014","219,52","219,41","219,87","219,05","","-0,02%"
"23/07/2014","219,56","220,08","220,39","219,05","","-0,13%"
"22/07/2014","219,84","218,39","220,32","217,95","","0,76%"
"21/07/2014","218,18","217,65","218,65","217,49","","0,24%"
"20/07/2014","217,65","217,83","217,83","217,65","","-0,17%"
"18/07/2014","218,01","214,70","218,01","214,70","","1,60%"
"17/07/2014","214,57","217,95","218,49","214,57","","-1,67%"
"16/07/2014","218,21","217,13","219,00","217,13","","0,63%"
"15/07/2014","216,85","217,77","218,12","216,39","","-0,42%"
"14/07/2014","217,77","217,05","217,77","216,56","","0,33%"
"13/07/2014","217,05","217,25","217,25","217,05","","-0,16%"
"11/07/2014","217,40","216,86","217,40","216,57","","0,20%"
"10/07/2014","216,96","217,32","218,01","216,46","","-0,17%"
"09/07/2014","217,32","218,12","218,12","217,32","","-0,32%"
"08/07/2014","218,03","216,80","218,48","216,59","","0,60%"
"07/07/2014","216,74","218,14","218,56","216,74","","-0,64%"
"06/07/2014","218,14","218,09","218,14","218,09","","0,12%"
"04/07/2014","217,88","217,45","218,40","217,45","","0,18%"
"03/07/2014","217,48","215,76","217,48","214,18","","0,85%"
"02/07/2014","215,66","217,64","218,07","215,66","","-0,80%"
"01/07/2014","217,41","216,98","217,84","215,83","","0,20%"
"30/06/2014","216,98","219,56","219,56","216,98","","-1,18%"
"29/06/2014","219,56","219,56","219,56","219,56","","0,02%"
"27/06/2014","219,52","219,35","220,09","218,39","","-0,10%"
"26/06/2014","219,75","218,40","219,75","217,71","","0,47%"
"25/06/2014","218,71","216,49","219,14","216,49","","1,10%"
"24/06/2014","216,33","217,46","217,49","216,33","","-0,71%"
"23/06/2014","217,87","216,41","217,87","216,06","","0,68%"
"22/06/2014","216,41","216,40","216,41","216,36","","-0,01%"
"20/06/2014","216,43","216,57","217,17","215,25","","-0,07%"
"19/06/2014","216,57","214,58","217,14","214,58","","0,86%"
"18/06/2014","214,72","213,78","214,72","213,74","","0,53%"
"17/06/2014","213,60","216,27","216,62","213,60","","-1,14%"
"16/06/2014","216,06","217,76","217,85","216,06","","-0,78%"
"15/06/2014","217,76","217,75","217,76","217,75","","-0,03%"
"13/06/2014","217,83","217,46","217,83","216,19","","0,34%"
"12/06/2014","217,09","217,03","217,69","216,97","","0,14%"
"11/06/2014","216,79","217,94","218,14","216,77","","-0,55%"
"10/06/2014","217,98","215,99","217,98","215,49","","0,92%"
"09/06/2014","215,99","213,82","216,51","213,82","","1,01%"
"08/06/2014","213,82","213,87","213,92","213,82","","-0,03%"
"06/06/2014","213,88","212,37","214,85","212,36","","0,71%"
"05/06/2014","212,37","211,27","213,26","211,02","","0,60%"
"04/06/2014","211,10","211,45","212,18","210,19","","-0,26%"
"03/06/2014","211,64","211,70","213,59","211,21","","0,01%"
"02/06/2014","211,63","215,01","215,03","211,63","","-1,58%"
"01/06/2014","215,02","214,91","215,02","214,91","","-0,04%"
"30/05/2014","215,11","216,37","217,26","214,62","","-0,64%"
"29/05/2014","216,50","215,70","217,41","215,36","","0,37%"
"28/05/2014","215,70","214,98","215,70","214,36","","0,47%"
"27/05/2014","214,70","216,38","216,38","214,23","","-0,79%"
"26/05/2014","216,41","216,51","216,97","215,94","","-0,05%"
"25/05/2014","216,51","216,65","216,65","216,51","","-0,13%"
"23/05/2014","216,78","216,48","217,75","216,32","","0,12%"
"22/05/2014","216,53","217,29","217,92","216,09","","-0,26%"
"21/05/2014","217,09","216,13","217,60","215,99","","0,45%"
"20/05/2014","216,13","216,78","217,11","215,69","","-0,23%"
"19/05/2014","216,62","216,18","217,14","215,63","","0,20%"
"18/05/2014","216,18","216,33","216,33","216,18","","-0,15%"
"16/05/2014","216,51","216,52","216,97","215,53","","-24,94%"
"13/05/2010","288,43","285,90","294,88","285,90","","0,75%"
"12/05/2010","286,27","285,41","286,86","283,24","","0,38%"
"11/05/2010","285,20","278,33","286,18","278,33","","2,41%"
"10/05/2010","278,47","282,50","282,86","269,47","","-1,42%"
"09/05/2010","282,50","272,17","282,50","272,17","","3,79%"
"07/05/2010","272,17","274,03","278,96","268,60","","-0,62%"
"06/05/2010","273,88","278,88","280,84","272,66","","-1,77%"
"05/05/2010","278,80","279,50","282,14","277,25","","-0,15%"
"04/05/2010","279,23","280,75","283,68","278,00","","-0,50%"
"03/05/2010","280,62","279,85","286,18","277,77","","0,28%"
"02/05/2010","279,85","279,27","279,85","279,27","","0,03%"
"30/04/2010","279,75","280,38","280,97","278,52","","-0,31%"
"29/04/2010","280,63","276,86","280,63","276,86","","1,36%"
"28/04/2010","276,86","273,45","283,35","273,45","","1,35%"
"27/04/2010","273,18","276,77","276,79","273,18","","-1,19%"
"26/04/2010","276,48","274,20","277,12","274,20","","0,83%"
"25/04/2010","274,20","274,20","274,20","274,20","","0,17%"
"23/04/2010","273,73","272,60","274,82","272,60","","0,42%"
"22/04/2010","272,60","274,33","274,82","272,60","","-0,64%"
"21/04/2010","274,36","271,49","274,36","271,49","","0,97%"
"20/04/2010","271,73","271,47","272,79","271,01","","-0,06%"
"19/04/2010","271,90","278,99","278,99","263,42","","-2,54%"
"18/04/2010","278,99","278,99","278,99","278,99","","3,03%"
"16/04/2010","270,78","271,30","272,01","269,54","","-0,19%"
"15/04/2010","271,30","270,33","273,17","270,33","","0,31%"
"14/04/2010","270,45","268,79","277,88","268,79","","0,70%"
"13/04/2010","268,58","269,05","277,89","267,64","","-0,07%"
"12/04/2010","268,76","270,74","271,85","267,20","","-0,73%"
"11/04/2010","270,74","270,74","270,74","270,74","","0,01%"
"09/04/2010","270,71","272,24","272,24","269,34","","-0,51%"
"08/04/2010","272,09","270,89","281,45","269,84","","0,44%"
"07/04/2010","270,89","273,35","274,71","270,89","","-0,90%"
"06/04/2010","273,35","276,27","277,61","271,14","","-1,06%"
"05/04/2010","276,27","273,57","276,27","273,57","","0,99%"
"04/04/2010","273,57","273,85","275,10","273,57","","-0,07%"
"02/04/2010","273,74","275,38","275,38","273,74","","-0,59%"
"01/04/2010","275,38","273,31","275,38","273,09","","0,68%"
"31/03/2010","273,53","270,88","273,53","268,91","","1,11%"
"30/03/2010","270,54","269,02","271,88","268,93","","0,61%"
"29/03/2010","268,90","269,31","269,52","267,61","","-0,15%"
"28/03/2010","269,31","268,61","269,31","268,52","","0,29%"
"26/03/2010","268,54","272,54","272,54","268,54","","-1,44%"
"25/03/2010","272,46","273,84","274,72","271,83","","-0,63%"
"24/03/2010","274,19","273,14","275,57","272,49","","0,39%"
"23/03/2010","273,12","269,91","273,71","269,09","","1,14%"
"22/03/2010","270,03","269,59","270,03","268,08","","0,16%"
"21/03/2010","269,59","269,11","269,59","269,11","","0,15%"
"19/03/2010","269,19","270,40","270,65","265,07","","-0,45%"
"18/03/2010","270,40","269,88","271,36","267,97","","0,25%"
"17/03/2010","269,74","270,70","271,11","269,74","","-0,35%"
"16/03/2010","270,70","270,95","271,67","270,33","","-0,09%"
"15/03/2010","270,95","270,15","271,50","270,05","","0,30%"
"14/03/2010","270,15","270,11","270,15","270,11","","0,03%"
"12/03/2010","270,06","271,39","272,22","269,41","","-0,49%"
"11/03/2010","271,39","272,28","272,38","270,52","","-0,33%"
"10/03/2010","272,28","271,41","272,78","270,28","","0,32%"
"09/03/2010","271,41","268,88","271,41","268,30","","0,94%"
"08/03/2010","268,88","271,19","271,78","265,55","","-0,85%"
"07/03/2010","271,19","271,56","271,56","270,96","","-0,26%"
"05/03/2010","271,90","267,95","271,90","267,95","","1,47%"
"04/03/2010","267,95","268,74","268,85","267,02","","-0,29%"
"03/03/2010","268,74","271,70","271,70","268,11","","-1,09%"
"02/03/2010","271,70","270,66","271,86","269,96","","0,38%"
"01/03/2010","270,66","263,94","270,82","263,94","","2,54%"
"28/02/2010","263,94","267,06","267,06","263,94","","-1,17%"
"26/02/2010","267,06","264,69","268,14","264,69","","0,90%"
"25/02/2010","264,69","265,61","265,82","264,10","","-0,34%"
"24/02/2010","265,61","265,07","266,12","262,94","","0,20%"
"23/02/2010","265,07","266,60","267,37","264,75","","-0,57%"
"22/02/2010","266,60","266,79","269,81","266,18","","-0,07%"
"21/02/2010","266,79","268,53","268,53","266,79","","-0,86%"
"19/02/2010","269,11","265,69","270,26","265,18","","1,29%"
"18/02/2010","265,69","260,22","265,69","260,01","","2,10%"
"17/02/2010","260,22","260,41","261,01","256,87","","-0,07%"
"16/02/2010","260,41","259,54","261,23","258,31","","0,34%"
"15/02/2010","259,54","260,03","260,32","258,84","","-0,19%"
"14/02/2010","260,03","260,38","260,38","260,03","","0,06%"
"12/02/2010","259,88","257,56","260,46","255,41","","0,90%"
"11/02/2010","257,56","257,03","259,05","256,41","","0,21%"
"10/02/2010","257,03","259,04","261,19","255,35","","-0,78%"
"09/02/2010","259,04","256,34","259,37","255,90","","1,05%"
"08/02/2010","256,34","254,56","257,46","254,37","","0,70%"
"07/02/2010","254,56","254,56","254,56","254,56","","0,10%"
"05/02/2010","254,31","251,99","256,89","251,53","","0,92%"
"04/02/2010","251,99","253,12","258,78","250,36","","-0,45%"
"03/02/2010","253,12","256,42","258,21","252,92","","-1,29%"
"02/02/2010","256,42","253,07","256,82","253,07","","1,32%"
"01/02/2010","253,07","252,18","253,08","249,49","","0,35%"
"31/01/2010","252,18","252,18","252,18","252,18","","0,68%"
"29/01/2010","250,46","250,47","253,00","250,27","","0,00%"
"28/01/2010","250,47","251,44","254,07","248,27","","-0,38%"
"27/01/2010","251,44","253,73","254,13","249,12","","-0,90%"
"26/01/2010","253,73","254,79","255,36","251,98","","-0,42%"
"25/01/2010","254,79","254,44","256,96","253,73","","0,14%"
"24/01/2010","254,44","256,80","256,80","254,44","","-0,29%"
"22/01/2010","255,16","258,69","260,18","253,63","","-1,36%"
"21/01/2010","258,69","258,78","261,84","258,18","","-0,04%"
"20/01/2010","258,78","258,12","260,35","253,40","","0,26%"
"19/01/2010","258,12","258,35","259,68","256,68","","-0,09%"
"18/01/2010","258,35","258,16","259,33","251,87","","0,07%"
"17/01/2010","258,16","258,23","258,23","258,16","","0,05%"
"15/01/2010","258,04","256,07","259,28","255,54","","0,77%"
"14/01/2010","256,07","257,89","257,89","255,32","","-0,71%"
"13/01/2010","257,89","260,12","260,99","257,50","","-0,85%"
"12/01/2010","260,12","260,39","261,57","258,14","","-0,11%"
"11/01/2010","260,39","264,50","267,51","260,08","","-1,55%"
"10/01/2010","264,50","264,50","264,50","264,50","","-0,12%"
"08/01/2010","264,82","262,78","265,42","261,24","","0,78%"
"07/01/2010","262,78","263,93","264,12","261,38","","-0,44%"
"06/01/2010","263,93","261,86","264,82","261,86","","0,79%"
"05/01/2010","261,86","264,29","265,33","261,86","","-0,92%"
"04/01/2010","264,29","261,22","265,63","261,22","","1,18%"
"03/01/2010","261,22","261,22","261,22","261,22","","0,00%"
"01/01/2010","261,22","261,22","261,22","261,22","","0,00%"
"31/12/2009","261,22","263,00","263,00","261,22","","-0,68%"
"30/12/2009","263,00","261,59","263,48","261,42","","0,54%"
"29/12/2009","261,59","261,69","262,03","260,69","","1,21%"
"25/12/2009","258,46","258,46","258,46","258,46","","0,00%"
"24/12/2009","258,46","261,07","261,16","258,46","","-1,00%"
"23/12/2009","261,07","257,57","261,34","257,57","","1,36%"
"22/12/2009","257,57","256,55","258,01","255,96","","0,40%"
"21/12/2009","256,55","255,10","258,37","255,10","","0,57%"
"20/12/2009","255,10","255,10","255,10","255,10","","0,02%"
"18/12/2009","255,05","255,13","257,33","253,57","","-0,03%"
"17/12/2009","255,13","257,61","258,39","253,74","","-0,96%"
"16/12/2009","257,61","257,11","258,35","256,26","","0,33%"
"15/12/2009","256,76","256,62","257,89","254,63","","0,06%"
"14/12/2009","256,62","255,02","256,91","255,02","","0,63%"
