country;country_label;source;transaction;type_bien;subcategory;titre;prix_fcfa;surface_m2;prix_m2_fcfa;chambres;quartier;sous_quartier;standing;url;scraped_at
BJ;Bénin;coinafrique;location;appartement;appartements-meubles;Location appartement meublé 2 pièces - Cocody;8500;;;2;Cocody;;;https://bj.coinafrique.com/annonce/appartements-meubles/location-appartement-meuble-2-pieces-cocody-5772485;2026-05-12T16:43:42+00:00
BJ;Bénin;coinafrique;location;commercial;bureaux-et-commerces;Location bureaux et commerces 200m² - Cotonou;3500000;200;17500;;;;;https://bj.coinafrique.com/annonce/bureaux-et-commerces/location-bureaux-et-commerces-200m-cotonou-5321760;2026-05-12T16:43:42+00:00
BJ;Bénin;coinafrique;location;commercial;bureaux-et-commerces;Location magasin avec parcelle de 500 m² a Fidjrosse;350000;500;700;;;;;https://bj.coinafrique.com/annonce/bureaux-et-commerces/location-magasin-avec-parcelle-de-500-m-a-fidjrosse-5146765;2026-05-12T16:43:42+00:00
BJ;Bénin;coinafrique;location;commercial;bureaux-et-commerces;Location espace 230m² -Akpakpa;950000;230;4130;;;;;https://bj.coinafrique.com/annonce/bureaux-et-commerces/location-espace-230m-akpakpa-5027275;2026-05-12T16:43:42+00:00
BJ;Bénin;coinafrique;location;commercial;bureaux-et-commerces;Location hall 270 m2 - Cadjehoun;1000000;270;3704;;;;;https://bj.coinafrique.com/annonce/bureaux-et-commerces/location-hall-270-m2-cadjehoun-4816250;2026-05-12T16:43:42+00:00
BJ;Bénin;coinafrique;location;commercial;bureaux-et-commerces;Location bureaux & commerces 130 m2 - Cotonou Akpakpa;300000;130;2308;;;;;https://bj.coinafrique.com/annonce/bureaux-et-commerces/location-bureaux-et-commerces-130-m2-cotonou-akpakpa-4849902;2026-05-12T16:43:42+00:00
BJ;Bénin;coinafrique;location;commercial;bureaux-et-commerces;Location magasin 1072m² à Cotonou;4000000;1072;3731;;;;;https://bj.coinafrique.com/annonce/bureaux-et-commerces/location-magasin-1072m-a-cotonou-4299245;2026-05-12T16:43:42+00:00
BJ;Bénin;coinafrique;location;commercial;bureaux-et-commerces;Location magasin 935m² à Cotonou;3500000;935;3743;;;;;https://bj.coinafrique.com/annonce/bureaux-et-commerces/location-magasin-935m-a-cotonou-4299235;2026-05-12T16:43:42+00:00
BJ;Bénin;coinafrique;location;commercial;bureaux-et-commerces;Location Magasin 100m² - Missebo;150000;100;1500;;;;;https://bj.coinafrique.com/annonce/bureaux-et-commerces/location-magasin-100m-missebo-4050386;2026-05-12T16:43:42+00:00
BJ;Bénin;coinafrique;location;commercial;bureaux-et-commerces;Location magasin 500 m2 - Cotonou Étoiles Rouge;500000;500;1000;;;;;https://bj.coinafrique.com/annonce/bureaux-et-commerces/location-magasin-500-m2-cotonou-etoiles-rouge-3997311;2026-05-12T16:43:42+00:00
BJ;Bénin;coinafrique;location;commercial;bureaux-et-commerces;Location boutique-restaurant 648 m² à Haie-Vive;1500000;648;2315;;;;;https://bj.coinafrique.com/annonce/bureaux-et-commerces/location-boutique-restaurant-648-m-a-haie-vive-3966164;2026-05-12T16:43:42+00:00
BJ;Bénin;coinafrique;location;terrain;terrains;Parcelle 400 M2 à ST Rita comportant un immeuble r+1 tf personnel;65000000;400;162500;;;;;https://bj.coinafrique.com/annonce/terrains/parcelle-400-m2-a-st-rita-comportant-un-immeuble-r1-tf-personnel-5889615;2026-05-12T16:43:42+00:00
BJ;Bénin;coinafrique;location;terrain;terrains;Parcelle de 252 m2 au bord du pavés a Sikecodji 3 ème position du goudron Feu marina;90000000;252;357143;;;;;https://bj.coinafrique.com/annonce/terrains/parcelle-de-252-m2-au-bord-du-paves-a-sikecodji-3-eme-position-du-goudron-feu-marina-5889607;2026-05-12T16:43:42+00:00
BJ;Bénin;coinafrique;location;terrain;terrains;Terrains 350m² à Bomey-Calavi Hevié Denou;4000000;350;11429;;;;;https://bj.coinafrique.com/annonce/terrains/terrains-350m-a-bomey-calavi-hevie-denou-5871322;2026-05-12T16:43:42+00:00
BJ;Bénin;coinafrique;location;terrain;terrains;Terrains 430m² Cotonou;50000000;430;116279;;;;;https://bj.coinafrique.com/annonce/terrains/terrains-430m-cotonou-5871330;2026-05-12T16:43:42+00:00
BJ;Bénin;coinafrique;location;terrain;terrains;Parcelle 495 m² - Fidjrossè en 4eme position de la route des péchés;135000000;495;272727;;;;;https://bj.coinafrique.com/annonce/terrains/parcelle-495-m-fidjrosse-en-4eme-position-de-la-route-des-peches-5869684;2026-05-12T16:43:42+00:00
BJ;Bénin;coinafrique;location;terrain;terrains;Station service à Malanville bodjecali construire sur 1500 m2;45000000;1500;30000;;;;;https://bj.coinafrique.com/annonce/terrains/station-service-a-malanville-bodjecali-construire-sur-1500-m2-5889612;2026-05-12T16:43:42+00:00
BJ;Bénin;coinafrique;location;terrain;terrains;Terrains 322m² - Abomey-calavi houeto;10500000;322;32609;;;;;https://bj.coinafrique.com/annonce/terrains/terrains-322m-abomey-calavi-houeto-5873084;2026-05-12T16:43:42+00:00
BJ;Bénin;coinafrique;location;terrain;terrains;Terrains 350m² - Abomey-calavi non loin de Zopa;4500000;350;12857;;;;;https://bj.coinafrique.com/annonce/terrains/terrains-350m-abomey-calavi-non-loin-de-zopa-5872825;2026-05-12T16:43:42+00:00
BJ;Bénin;coinafrique;location;terrain;terrains;Terrains 600m² - Abomey-calavi Ouedo;15000000;600;25000;;;;;https://bj.coinafrique.com/annonce/terrains/terrains-600m-abomey-calavi-ouedo-5874538;2026-05-12T16:43:42+00:00
BJ;Bénin;coinafrique;location;terrain;terrains;Terrains 342m² à Cotonou;12500000;342;36550;;;;;https://bj.coinafrique.com/annonce/terrains/terrains-342m-a-cotonou-5870238;2026-05-12T16:43:42+00:00
BJ;Bénin;coinafrique;location;terrain;terrains;Terrains 342m² à Cotonou;12500000;342;36550;;;;;https://bj.coinafrique.com/annonce/terrains/terrains-342m-a-cotonou-5870237;2026-05-12T16:43:42+00:00
BJ;Bénin;coinafrique;location;terrain;terrains;Terrains 312m² à Cotonou Fidjrosse;80000000;312;256410;;;;;https://bj.coinafrique.com/annonce/terrains/terrains-312m-a-cotonou-fidjrosse-5871332;2026-05-12T16:43:42+00:00
BJ;Bénin;coinafrique;location;terrain;terrains;Terrains 500m² à Bomey-calavi Hevié Akossavie;5000000;500;10000;;;;;https://bj.coinafrique.com/annonce/terrains/terrains-500m-a-bomey-calavi-hevie-akossavie-5871335;2026-05-12T16:43:42+00:00
BJ;Bénin;coinafrique;location;terrain;terrains;Terrains 683m² à Abomey-Calavi;32000000;683;46852;;;;;https://bj.coinafrique.com/annonce/terrains/terrains-683m-a-abomey-calavi-5871331;2026-05-12T16:43:42+00:00
BJ;Bénin;coinafrique;location;terrain;terrains;Terrain 500m² à Ouedo Dassekomey;2500000;500;5000;;;;;https://bj.coinafrique.com/annonce/terrains/terrain-500m-a-ouedo-dassekomey-5871317;2026-05-12T16:43:42+00:00
BJ;Bénin;coinafrique;location;terrain;terrains;Terrains 350m² à Bomey-Calavi;19000000;350;54286;;;;;https://bj.coinafrique.com/annonce/terrains/terrains-350m-a-bomey-calavi-5871292;2026-05-12T16:43:42+00:00
BJ;Bénin;coinafrique;location;terrain;terrains;Terrains 488m² à Cotonou;20000000;488;40984;;;;;https://bj.coinafrique.com/annonce/terrains/terrains-488m-a-cotonou-5871276;2026-05-12T16:43:42+00:00
BJ;Bénin;coinafrique;location;terrain;terrains;Terrain 500m² à Tokan;6500000;500;13000;;;;;https://bj.coinafrique.com/annonce/terrains/terrain-500m-a-tokan-5871274;2026-05-12T16:43:42+00:00
BJ;Bénin;coinafrique;location;terrain;terrains;Terrain 344m² à Cocotomey;7000000;344;20349;;;;;https://bj.coinafrique.com/annonce/terrains/terrain-344m-a-cocotomey-5871234;2026-05-12T16:43:42+00:00
BJ;Bénin;coinafrique;location;terrain;terrains;Terrains 500m² à Allada;1500000;500;3000;;;;;https://bj.coinafrique.com/annonce/terrains/terrains-500m-a-allada-5871213;2026-05-12T16:43:42+00:00
BJ;Bénin;coinafrique;location;terrain;terrains;Terrain 299 m² à Fidjrossè aïbatin;23000000;299;76923;;;;;https://bj.coinafrique.com/annonce/terrains/terrain-299-m-a-fidjrosse-aibatin-5870065;2026-05-12T16:43:42+00:00
BJ;Bénin;coinafrique;location;terrain;terrains;Terrains 335m² à Abomey-Calavi;12500000;335;37313;;;;;https://bj.coinafrique.com/annonce/terrains/terrains-335m-a-abomey-calavi-5870060;2026-05-12T16:43:42+00:00
BJ;Bénin;coinafrique;location;terrain;terrains;Terrains 350 m² - Abomey-calavi ouedo dassekomey;2500000;350;7143;;;;;https://bj.coinafrique.com/annonce/terrains/terrains-350-m-abomey-calavi-ouedo-dassekomey-5893938;2026-05-12T16:43:42+00:00
BJ;Bénin;coinafrique;location;terrain;terrains;Terrains 598 m² - Cotonou cotonou zongo;130000000;598;217391;;;;;https://bj.coinafrique.com/annonce/terrains/terrains-598-m-cotonou-cotonou-zongo-5877540;2026-05-12T16:43:42+00:00
BJ;Bénin;coinafrique;location;terrain;terrains;Terrains 379m² - Abomey-calavi womey akangon;7500000;379;19789;;;;;https://bj.coinafrique.com/annonce/terrains/terrains-379m-abomey-calavi-womey-akangon-5893926;2026-05-12T16:43:42+00:00
BJ;Bénin;coinafrique;location;terrain;terrains;Terrains 349m² - Abomey-calavi;16000000;349;45845;;;;;https://bj.coinafrique.com/annonce/terrains/terrains-349m-abomey-calavi-5893917;2026-05-12T16:43:42+00:00
BJ;Bénin;coinafrique;location;terrain;terrains;Terrains 553m² - Abomey-calavi zopa;30000000;553;54250;;;;;https://bj.coinafrique.com/annonce/terrains/terrains-553m-abomey-calavi-zopa-5893898;2026-05-12T16:43:42+00:00
BJ;Bénin;coinafrique;location;terrain;terrains;Parcelle 250m² à Cococotomey;20000000;250;80000;;;;;https://bj.coinafrique.com/annonce/terrains/parcelle-250m-a-cococotomey-5889581;2026-05-12T16:43:42+00:00
BJ;Bénin;coinafrique;achat;terrain;terrains;Terrain 300 m² - Fidjresse togbin vente terrains 306 - cotonou;20000000;300;66667;;;;;https://bj.coinafrique.com/annonce/terrains/terrain-300-m-fidjresse-togbin-vente-terrains-306-cotonou-5869673;2026-05-12T16:43:42+00:00
BJ;Bénin;coinafrique;location;terrain;terrains;Terrains 428 m² - gbegamey - cotonou;55000000;428;128505;;;;;https://bj.coinafrique.com/annonce/terrains/terrains-428-m-gbegamey-cotonou-5869677;2026-05-12T16:43:42+00:00
BJ;Bénin;coinafrique;location;terrain;terrains;Terrains 307 m2 - Abomey -calavi;22000000;307;71661;;;;;https://bj.coinafrique.com/annonce/terrains/terrains-307-m2-abomey-calavi-5870956;2026-05-12T16:43:42+00:00
BJ;Bénin;coinafrique;location;terrain;terrains;Terrains 400 m² - Cotonou;4000000;400;10000;;;;;https://bj.coinafrique.com/annonce/terrains/terrains-400-m-cotonou-5869661;2026-05-12T16:43:42+00:00
BJ;Bénin;coinafrique;location;terrain;terrains;Terrains 480 m² - Cotonou fidjrossè akogbato;35000000;480;72917;;;;;https://bj.coinafrique.com/annonce/terrains/terrains-480-m-cotonou-fidjrosse-akogbato-5875301;2026-05-12T16:43:42+00:00
BJ;Bénin;coinafrique;location;terrain;terrains;Parcelle 348 m² à fidjrossè kpota au bord de la voie 40;40000000;348;114943;;;;;https://bj.coinafrique.com/annonce/terrains/parcelle-348-m-a-fidjrosse-kpota-au-bord-de-la-voie-40-5869383;2026-05-12T16:43:42+00:00
BJ;Bénin;coinafrique;location;terrain;terrains;Parcelle 437 m² à Agla au bord des pavés;57000000;437;130435;;;;;https://bj.coinafrique.com/annonce/terrains/parcelle-437-m-a-agla-au-bord-des-paves-5869396;2026-05-12T16:43:42+00:00
BJ;Bénin;coinafrique;location;terrain;terrains;Parcelle 402 m² à Fidjrossè plage;95000000;402;236318;;;;;https://bj.coinafrique.com/annonce/terrains/parcelle-402-m-a-fidjrosse-plage-5869403;2026-05-12T16:43:42+00:00
BJ;Bénin;coinafrique;location;terrain;terrains;Parcelle 437 m² à gbèdjromédé;90000000;437;205950;;;;;https://bj.coinafrique.com/annonce/terrains/parcelle-437-m-a-gbedjromede-5869364;2026-05-12T16:43:42+00:00
BJ;Bénin;coinafrique;location;terrain;terrains;Terrains 221 m² - Minontin canal3 cotonou;35000000;221;158371;;;;;https://bj.coinafrique.com/annonce/terrains/terrains-221-m-minontin-canal3-cotonou-5869360;2026-05-12T16:43:42+00:00
BJ;Bénin;coinafrique;location;terrain;terrains;Terrains 325m² - Cotonou;38000000;325;116923;;;;;https://bj.coinafrique.com/annonce/terrains/terrains-325m-cotonou-5873423;2026-05-12T16:43:42+00:00
BJ;Bénin;coinafrique;location;terrain;terrains;Parcelle 448 m² à Fidjrossè akogbato;18000000;448;40179;;;;;https://bj.coinafrique.com/annonce/terrains/parcelle-448-m-a-fidjrosse-akogbato-5869334;2026-05-12T16:43:42+00:00
BJ;Bénin;coinafrique;location;terrain;terrains;Terrains 457 m² à fidjrosse - kpota au bord de la voie 40;55000000;457;120350;;;;;https://bj.coinafrique.com/annonce/terrains/terrains-457-m-a-fidjrosse-kpota-au-bord-de-la-voie-40-5869323;2026-05-12T16:43:42+00:00
BJ;Bénin;coinafrique;location;terrain;terrains;Terrains 353 m² - Cotonou;70000000;353;198300;;;;;https://bj.coinafrique.com/annonce/terrains/terrains-353-m-cotonou-5869321;2026-05-12T16:43:42+00:00
BJ;Bénin;coinafrique;location;terrain;terrains;Terrains 350 m² - allada zè akouedjromede;1600000;350;4571;;;;;https://bj.coinafrique.com/annonce/terrains/terrains-350-m-allada-ze-akouedjromede-5875168;2026-05-12T16:43:42+00:00
BJ;Bénin;coinafrique;location;terrain;terrains;Terrains 350 m² - allada tori bossito zouve sehou;1300000;350;3714;;;;;https://bj.coinafrique.com/annonce/terrains/terrains-350-m-allada-tori-bossito-zouve-sehou-5875175;2026-05-12T16:43:42+00:00
BJ;Bénin;coinafrique;location;terrain;terrains;Terrains 350 m² - abomey-calavi;1700000;350;4857;;;;;https://bj.coinafrique.com/annonce/terrains/terrains-350-m-abomey-calavi-5875162;2026-05-12T16:43:42+00:00
BJ;Bénin;coinafrique;location;terrain;terrains;Terrains 500 m² - abomey-calavi tori gare;1750000;500;3500;;;;;https://bj.coinafrique.com/annonce/terrains/terrains-500-m-abomey-calavi-tori-gare-5875152;2026-05-12T16:43:42+00:00
BJ;Bénin;coinafrique;location;terrain;terrains;Terrains 324m2 - Abomey-calavi;22000000;324;67901;;;;;https://bj.coinafrique.com/annonce/terrains/terrains-324m2-abomey-calavi-5869309;2026-05-12T16:43:42+00:00
BJ;Bénin;coinafrique;location;terrain;terrains;Terrains 605 m² à minontin - cotonou;35000000;605;57851;;;;;https://bj.coinafrique.com/annonce/terrains/terrains-605-m-a-minontin-cotonou-5869314;2026-05-12T16:43:42+00:00
BJ;Bénin;coinafrique;location;terrain;terrains;Terrains 458 m² - abomey-calavi parcelle au bord du goudron à ouedo;35000000;458;76419;;;;;https://bj.coinafrique.com/annonce/terrains/terrains-458-m-abomey-calavi-parcelle-au-bord-du-goudron-a-ouedo-5875124;2026-05-12T16:43:42+00:00
BJ;Bénin;coinafrique;location;terrain;terrains;Terrains 300 m² - abomey-calavi opportunité de parcelle tf à ab-calavi hevié;2000000;300;6667;;;;;https://bj.coinafrique.com/annonce/terrains/terrains-300-m-abomey-calavi-opportunite-de-parcelle-tf-a-ab-calavi-hevie-5875111;2026-05-12T16:43:42+00:00
BJ;Bénin;coinafrique;location;terrain;terrains;Parcelle 429 m² - Houeyiho;60000000;429;139860;;;;;https://bj.coinafrique.com/annonce/terrains/parcelle-429-m-houeyiho-5869332;2026-05-12T16:43:42+00:00
BJ;Bénin;coinafrique;location;terrain;terrains;Terrains 349m² - Abomey-calavi zoca hôpital chic;16000000;349;45845;;;;;https://bj.coinafrique.com/annonce/terrains/terrains-349m-abomey-calavi-zoca-hopital-chic-5876901;2026-05-12T16:43:42+00:00
BJ;Bénin;coinafrique;location;terrain;terrains;Terrains 322m² - Abomey-calavi carrefour ii5a;18000000;322;55901;;;;;https://bj.coinafrique.com/annonce/terrains/terrains-322m-abomey-calavi-carrefour-ii5a-5876793;2026-05-12T16:43:42+00:00
BJ;Bénin;coinafrique;location;terrain;terrains;Parcelle 342m² à menontin von pavé du marché kindonou;13000000;342;38012;;;;;https://bj.coinafrique.com/annonce/terrains/parcelle-342m-a-menontin-von-pave-du-marche-kindonou-5903553;2026-05-12T16:43:42+00:00
BJ;Bénin;coinafrique;location;terrain;terrains;Terrain 1667m²- Honmèho;33000000;1667;19796;;;;;https://bj.coinafrique.com/annonce/terrains/terrain-1667m-honmeho-5877005;2026-05-12T16:43:42+00:00
BJ;Bénin;coinafrique;location;terrain;terrains;Terrain 500m² - Ouidah ceg savie;600000;500;1200;;;;;https://bj.coinafrique.com/annonce/terrains/terrain-500m-ouidah-ceg-savie-5897598;2026-05-12T16:43:42+00:00
BJ;Bénin;coinafrique;location;terrain;terrains;Terrain 10000m² - Abomey-calavi / tori bossito;8000000;10000;800;;;;;https://bj.coinafrique.com/annonce/terrains/terrain-10000m-abomey-calavi-tori-bossito-5897578;2026-05-12T16:43:42+00:00
BJ;Bénin;coinafrique;location;terrain;terrains;Terrain recasé 750m² à Côme;8500000;750;11333;;;;;https://bj.coinafrique.com/annonce/terrains/terrain-recase-750m-a-come-5896742;2026-05-12T16:43:42+00:00
BJ;Bénin;coinafrique;location;terrain;terrains;Terrain 350m² - Abomey-calavi;3500000;350;10000;;;;;https://bj.coinafrique.com/annonce/terrains/terrain-350m-abomey-calavi-5896146;2026-05-12T16:43:42+00:00
BJ;Bénin;coinafrique;location;terrain;terrains;Terrain 1086m² - Cotonou;40000000;1086;36832;;;;;https://bj.coinafrique.com/annonce/terrains/terrain-1086m-cotonou-5895828;2026-05-12T16:43:42+00:00
BJ;Bénin;coinafrique;location;terrain;terrains;Terrai 349m² à Fidjrosse plage;80000000;349;229226;;;;;https://bj.coinafrique.com/annonce/terrains/terrai-349m-a-fidjrosse-plage-5893391;2026-05-12T16:43:42+00:00
BJ;Bénin;coinafrique;location;terrain;terrains;Terrain 533m² - Zopah;30000000;533;56285;;;;;https://bj.coinafrique.com/annonce/terrains/terrain-533m-zopah-5893360;2026-05-12T16:43:42+00:00
BJ;Bénin;coinafrique;location;terrain;terrains;Parcelle 328 m² à agla;18000000;328;54878;;;;;https://bj.coinafrique.com/annonce/terrains/parcelle-328-m-a-agla-5891202;2026-05-12T16:43:42+00:00
BJ;Bénin;coinafrique;location;terrain;terrains;Terrain 500m² - Allada sékou;1800000;500;3600;;;;;https://bj.coinafrique.com/annonce/terrains/terrain-500m-allada-sekou-5888089;2026-05-12T16:43:42+00:00
BJ;Bénin;coinafrique;location;terrain;terrains;Terrains 350m² - Cotonou;2300000;350;6571;;;;;https://bj.coinafrique.com/annonce/terrains/terrains-350m-cotonou-5883465;2026-05-12T16:43:42+00:00
BJ;Bénin;coinafrique;location;terrain;terrains;Maison locatives 423m2 étoiles rouge bénin;80000000;423;189125;;;;;https://bj.coinafrique.com/annonce/terrains/maison-locatives-423m2-etoiles-rouge-benin-5882126;2026-05-12T16:43:42+00:00
BJ;Bénin;coinafrique;location;terrain;terrains;Parcelle 531m2 godomey sedegbe;18000000;531;33898;;;;;https://bj.coinafrique.com/annonce/terrains/parcelle-531m2-godomey-sedegbe-5882122;2026-05-12T16:43:42+00:00
BJ;Bénin;coinafrique;location;terrain;terrains;Terrain 327 m² - Akassato;22000000;327;67278;;;;;https://bj.coinafrique.com/annonce/terrains/terrain-327-m-akassato-5862967;2026-05-12T16:43:42+00:00
BJ;Bénin;coinafrique;location;terrain;terrains;Terrain 1200m² à Ouedo Sonicog;22000000;1200;18333;;;;;https://bj.coinafrique.com/annonce/terrains/terrain-1200m-a-ouedo-sonicog-5880908;2026-05-12T16:43:42+00:00
BJ;Bénin;coinafrique;location;terrain;terrains;Terrain 350m² à Zè;1600000;350;4571;;;;;https://bj.coinafrique.com/annonce/terrains/terrain-350m-a-ze-5839438;2026-05-12T16:43:42+00:00
BJ;Bénin;coinafrique;location;terrain;terrains;Parcelle 738m² - Kerekou,;120000000;738;162602;;;;;https://bj.coinafrique.com/annonce/terrains/parcelle-738m-kerekou-5852175;2026-05-12T16:43:42+00:00
BJ;Bénin;coinafrique;location;terrain;terrains;Terrains 338 m² - Ouidah;5500000;338;16272;;;;;https://bj.coinafrique.com/annonce/terrains/terrains-338-m-ouidah-5879850;2026-05-12T16:43:42+00:00
BJ;Bénin;coinafrique;location;terrain;terrains;Parcelles 350m² à Ouèdo;4500000;350;12857;;;;;https://bj.coinafrique.com/annonce/terrains/parcelles-350m-a-ouedo-5874506;2026-05-12T16:43:42+00:00
BJ;Bénin;coinafrique;location;terrain;terrains;Terrain 400 m² - Akassato Misséssinto;15000000;400;37500;;;;;https://bj.coinafrique.com/annonce/terrains/terrain-400-m-akassato-missessinto-5872620;2026-05-12T16:43:42+00:00
BJ;Bénin;coinafrique;location;terrain;terrains;Terrain 327m² à Cocotomey;15000000;327;45872;;;;;https://bj.coinafrique.com/annonce/terrains/terrain-327m-a-cocotomey-5848641;2026-05-12T16:43:42+00:00
BJ;Bénin;coinafrique;location;terrain;terrains;Terrain 337m² à Fidjrossè;70000000;337;207715;;;;;https://bj.coinafrique.com/annonce/terrains/terrain-337m-a-fidjrosse-5848640;2026-05-12T16:43:42+00:00
BJ;Bénin;coinafrique;location;terrain;terrains;Parcelle 377m2 -Fidjrossè akogbato;35000000;377;92838;;;;;https://bj.coinafrique.com/annonce/terrains/parcelle-377m2-fidjrosse-akogbato-5831808;2026-05-12T16:43:42+00:00
BJ;Bénin;coinafrique;location;terrain;terrains;Parcelle 397m² -Ste rita;70000000;397;176322;;;;;https://bj.coinafrique.com/annonce/terrains/parcelle-397m-ste-rita-5840332;2026-05-12T16:43:42+00:00
BJ;Bénin;coinafrique;location;terrain;terrains;Parcelle 334 m² - Agla akplomey;20000000;334;59880;;;;;https://bj.coinafrique.com/annonce/terrains/parcelle-334-m-agla-akplomey-5840024;2026-05-12T16:43:42+00:00
BJ;Bénin;coinafrique;location;terrain;terrains;Parcelle 324m² - Agla hlazounto;25000000;324;77160;;;;;https://bj.coinafrique.com/annonce/terrains/parcelle-324m-agla-hlazounto-5840028;2026-05-12T16:43:42+00:00
BJ;Bénin;coinafrique;location;terrain;terrains;Parcelles 2182m2 Fidjrossè fiyegnon;300000000;2182;137489;;;;;https://bj.coinafrique.com/annonce/terrains/parcelles-2182m2-fidjrosse-fiyegnon-5846619;2026-05-12T16:43:42+00:00
BJ;Bénin;coinafrique;location;terrain;terrains;Parcelle 491m2 - Agla commissariat;42000000;491;85540;;;;;https://bj.coinafrique.com/annonce/terrains/parcelle-491m2-agla-commissariat-5839946;2026-05-12T16:43:42+00:00
BJ;Bénin;coinafrique;location;terrain;terrains;Parcelle 451m2 à Togbin zone 2;60000000;451;133038;;;;;https://bj.coinafrique.com/annonce/terrains/parcelle-451m2-a-togbin-zone-2-5832758;2026-05-12T16:43:42+00:00
BJ;Bénin;coinafrique;location;terrain;terrains;Terrains 335m² - Abomey-calavi;12000000;335;35821;;;;;https://bj.coinafrique.com/annonce/terrains/terrains-335m-abomey-calavi-5826368;2026-05-12T16:43:42+00:00
BJ;Bénin;coinafrique;location;terrain;terrains;Terrain 1775m² à Calavi Agori;23000000;1775;12958;;;;;https://bj.coinafrique.com/annonce/terrains/terrain-1775m-a-calavi-agori-5838975;2026-05-12T16:43:42+00:00
BJ;Bénin;coinafrique;location;terrain;terrains;Terrain 437m² à Agla;57000000;437;130435;;;;;https://bj.coinafrique.com/annonce/terrains/terrain-437m-a-agla-5840924;2026-05-12T16:43:42+00:00
BJ;Bénin;coinafrique;achat;terrain;terrains;Vente domaine 3125m2 + TF Atrococo;180000000;3125;57600;;;;;https://bj.coinafrique.com/annonce/terrains/vente-domaine-3125m2-tf-atrococo-5826235;2026-05-12T16:43:42+00:00
BJ;Bénin;coinafrique;location;terrain;terrains;Parcelle 323m² à Togbin;26000000;323;80495;;;;;https://bj.coinafrique.com/annonce/terrains/parcelle-323m-a-togbin-5832178;2026-05-12T16:43:42+00:00
BJ;Bénin;coinafrique;location;terrain;terrains;Terrain 10000m² - Savè;500000;10000;50;;;;;https://bj.coinafrique.com/annonce/terrains/terrain-10000m-save-5868660;2026-05-12T16:43:42+00:00
BJ;Bénin;coinafrique;achat;terrain;terrains;Vente domaine 1520m2 au bord du goudron Pahou;50000000;1520;32895;;;;;https://bj.coinafrique.com/annonce/terrains/vente-domaine-1520m2-au-bord-du-goudron-pahou-5843905;2026-05-12T16:43:42+00:00
BJ;Bénin;coinafrique;location;terrain;terrains;Parcelles avec TF 350m² Zè Gdiz;3000000;350;8571;;;;;https://bj.coinafrique.com/annonce/terrains/parcelles-avec-tf-350m-ze-gdiz-5854334;2026-05-12T16:43:42+00:00
BJ;Bénin;coinafrique;location;terrain;terrains;Parcelle 600m2 - Ouèdo;17000000;600;28333;;;;;https://bj.coinafrique.com/annonce/terrains/parcelle-600m2-ouedo-5845687;2026-05-12T16:43:42+00:00
BJ;Bénin;coinafrique;location;terrain;terrains;Parcelle 400m² -Ouèdo Adjagbo;4500000;400;11250;;;;;https://bj.coinafrique.com/annonce/terrains/parcelle-400m-ouedo-adjagbo-5851186;2026-05-12T16:43:42+00:00
BJ;Bénin;coinafrique;location;terrain;terrains;Terrain 350m² à Tori Avamé;160000000;350;457143;;;;;https://bj.coinafrique.com/annonce/terrains/terrain-350m-a-tori-avame-5848747;2026-05-12T16:43:42+00:00
BJ;Bénin;coinafrique;location;terrain;terrains;Parcelle 402m² -Fidjrossè plage;95000000;402;236318;;;;;https://bj.coinafrique.com/annonce/terrains/parcelle-402m-fidjrosse-plage-5865269;2026-05-12T16:43:42+00:00
BJ;Bénin;coinafrique;location;terrain;terrains;Parcelle 773m² -Dékoungbé;42000000;773;54334;;;;;https://bj.coinafrique.com/annonce/terrains/parcelle-773m-dekoungbe-5865042;2026-05-12T16:43:42+00:00
BJ;Bénin;coinafrique;location;terrain;terrains;Terrain 600m² - Ouèdo;17000000;600;28333;;;;;https://bj.coinafrique.com/annonce/terrains/terrain-600m-ouedo-5863786;2026-05-12T16:43:42+00:00
BJ;Bénin;coinafrique;location;terrain;terrains;Terrain 600m² -Ouèdo;13000000;600;21667;;;;;https://bj.coinafrique.com/annonce/terrains/terrain-600m-ouedo-5863781;2026-05-12T16:43:42+00:00
BJ;Bénin;coinafrique;location;terrain;terrains;Terrains 335m² - Abomey-calavi;12000000;335;35821;;;;;https://bj.coinafrique.com/annonce/terrains/terrains-335m-abomey-calavi-5863265;2026-05-12T16:43:42+00:00
BJ;Bénin;coinafrique;achat;terrain;terrains;Vente 10 parcelles 4000m² akassato-missésinto;15000000;4000;3750;;;;;https://bj.coinafrique.com/annonce/terrains/vente-10-parcelles-4000m-akassato-missesinto-5862871;2026-05-12T16:43:42+00:00
BJ;Bénin;coinafrique;location;terrain;terrains;Parcelle 348m² - Gbedjromindé;50000000;348;143678;;;;;https://bj.coinafrique.com/annonce/terrains/parcelle-348m-gbedjrominde-5861780;2026-05-12T16:43:42+00:00
BJ;Bénin;coinafrique;achat;terrain;terrains;Vente 07 Parcelle 3150m² à Zè-Sékou;1099000;3150;349;;;;;https://bj.coinafrique.com/annonce/terrains/vente-07-parcelle-3150m-a-ze-sekou-5861526;2026-05-12T16:43:42+00:00
BJ;Bénin;coinafrique;location;terrain;terrains;Terrain 3500m² - abomey-calavi- glodjibe;17000000;3500;4857;;;;;https://bj.coinafrique.com/annonce/terrains/terrain-3500m-abomey-calavi-glodjibe-5857038;2026-05-12T16:43:42+00:00
BJ;Bénin;coinafrique;location;terrain;terrains;Terrain 501m² - Abomey-calavi-agonssoudja;4000000;501;7984;;;;;https://bj.coinafrique.com/annonce/terrains/terrain-501m-abomey-calavi-agonssoudja-5857034;2026-05-12T16:43:42+00:00
BJ;Bénin;coinafrique;location;terrain;terrains;Terrain 300 m² - ST Michel;230000000;300;766667;;;;;https://bj.coinafrique.com/annonce/terrains/terrain-300-m-st-michel-5855374;2026-05-12T16:43:42+00:00
BJ;Bénin;coinafrique;location;terrain;terrains;Terrain 373 m² - Vèdokõ Carrefour;90000000;373;241287;;;;;https://bj.coinafrique.com/annonce/terrains/terrain-373-m-vedok-carrefour-5853260;2026-05-12T16:43:42+00:00
BJ;Bénin;coinafrique;location;terrain;terrains;Terrain 315 m²;60000000;315;190476;;;;;https://bj.coinafrique.com/annonce/terrains/terrain-315-m-5853147;2026-05-12T16:43:42+00:00
BJ;Bénin;coinafrique;location;terrain;terrains;Terrain 20000m² - Allada;110000000;20000;5500;;;;;https://bj.coinafrique.com/annonce/terrains/terrain-20000m-allada-5852417;2026-05-12T16:43:42+00:00
BJ;Bénin;coinafrique;location;terrain;terrains;Terrain 600m² - Abomey-calavi;40000000;600;66667;;;;;https://bj.coinafrique.com/annonce/terrains/terrain-600m-abomey-calavi-5852415;2026-05-12T16:43:42+00:00
BJ;Bénin;coinafrique;location;terrain;terrains;Parcelle 469 m² - Gori calavi;17000000;469;36247;;;;;https://bj.coinafrique.com/annonce/terrains/parcelle-469-m-gori-calavi-5850431;2026-05-12T16:43:42+00:00
BJ;Bénin;coinafrique;location;terrain;terrains;10 Parcelles de 450m² à Zinvié;800000;450;1778;;;;;https://bj.coinafrique.com/annonce/terrains/10-parcelles-de-450m-a-zinvie-5849408;2026-05-12T16:43:42+00:00
BJ;Bénin;coinafrique;location;terrain;terrains;Terrain 500 m² - Calavi togba drabo;3200000;500;6400;;;;;https://bj.coinafrique.com/annonce/terrains/terrain-500-m-calavi-togba-drabo-5849183;2026-05-12T16:43:42+00:00
BJ;Bénin;coinafrique;location;terrain;terrains;Terrains 400 m² - Abomey Calavi;10000000;400;25000;;;;;https://bj.coinafrique.com/annonce/terrains/terrains-400-m-abomey-calavi-5848771;2026-05-12T16:43:42+00:00
BJ;Bénin;coinafrique;location;terrain;terrains;Terrains 350 m² - Abomey Calavi;6000000;350;17143;;;;;https://bj.coinafrique.com/annonce/terrains/terrains-350-m-abomey-calavi-5848769;2026-05-12T16:43:42+00:00
BJ;Bénin;coinafrique;location;terrain;terrains;Terrains 450 m² - Cotonou Agla;47000000;450;104444;;;;;https://bj.coinafrique.com/annonce/terrains/terrains-450-m-cotonou-agla-5848293;2026-05-12T16:43:42+00:00
BJ;Bénin;coinafrique;location;terrain;terrains;Parcelle 285 m² - Godomey atrokpocodji;13000000;285;45614;;;;;https://bj.coinafrique.com/annonce/terrains/parcelle-285-m-godomey-atrokpocodji-5841085;2026-05-12T16:43:42+00:00
BJ;Bénin;coinafrique;location;terrain;terrains;Parcelles 450m² - Zè GLO;1099000;450;2442;;;;;https://bj.coinafrique.com/annonce/terrains/parcelles-450m-ze-glo-5837726;2026-05-12T16:43:42+00:00
BJ;Bénin;coinafrique;location;terrain;terrains;Parcelle 700m²- Fidrosse plage;150000000;700;214286;;;;;https://bj.coinafrique.com/annonce/terrains/parcelle-700m-fidrosse-plage-5832964;2026-05-12T16:43:42+00:00
BJ;Bénin;coinafrique;location;terrain;terrains;Parcelle 451m²- Fidrosse togbin zone 2;60000000;451;133038;;;;;https://bj.coinafrique.com/annonce/terrains/parcelle-451m-fidrosse-togbin-zone-2-5832931;2026-05-12T16:43:42+00:00
BJ;Bénin;coinafrique;location;terrain;terrains;Terrain 1000m² à Allada Ayou;10000000;1000;10000;;;;;https://bj.coinafrique.com/annonce/terrains/terrain-1000m-a-allada-ayou-5798516;2026-05-12T16:43:42+00:00
BJ;Bénin;coinafrique;location;terrain;terrains;Terrain 7618m² à Calavi WOmey;9000000;7618;1181;;;;;https://bj.coinafrique.com/annonce/terrains/terrain-7618m-a-calavi-womey-5820293;2026-05-12T16:43:42+00:00
BJ;Bénin;coinafrique;location;terrain;terrains;Parcelle avec tf personnel 431 m² à Cotonou agla zone commissariat;35000000;431;81206;;;;;https://bj.coinafrique.com/annonce/terrains/parcelle-avec-tf-personnel-431-m-a-cotonou-agla-zone-commissariat-5821318;2026-05-12T16:43:42+00:00
BJ;Bénin;coinafrique;location;terrain;terrains;Parcelle de 500m² clôturée avec tf personnel à Cotonou fidjrossè adjaha;37000000;500;74000;;;;;https://bj.coinafrique.com/annonce/terrains/parcelle-de-500m-cloturee-avec-tf-personnel-a-cotonou-fidjrosse-adjaha-5803534;2026-05-12T16:43:42+00:00
BJ;Bénin;coinafrique;location;terrain;terrains;Parcelle 500 m² à hêvié dossounou von sbee;3700000;500;7400;;;;;https://bj.coinafrique.com/annonce/terrains/parcelle-500-m-a-hevie-dossounou-von-sbee-5803546;2026-05-12T16:43:42+00:00
BJ;Bénin;coinafrique;location;terrain;terrains;Parcelle 350 m² à calavi hêvié allassankomey;5500000;350;15714;;;;;https://bj.coinafrique.com/annonce/terrains/parcelle-350-m-a-calavi-hevie-allassankomey-5801570;2026-05-12T16:43:42+00:00
BJ;Bénin;coinafrique;location;terrain;terrains;Parcelle de 500m² sur tf à Calavi akassato agonssoudja;4500000;500;9000;;;;;https://bj.coinafrique.com/annonce/terrains/parcelle-de-500m-sur-tf-a-calavi-akassato-agonssoudja-5804991;2026-05-12T16:43:42+00:00
BJ;Bénin;coinafrique;location;terrain;terrains;Domaine 5682m² - Ouidah gakpé;60000000;5682;10560;;;;;https://bj.coinafrique.com/annonce/terrains/domaine-5682m-ouidah-gakpe-5827050;2026-05-12T16:43:42+00:00
BJ;Bénin;coinafrique;location;terrain;terrains;Parcelle 287 m² en angle de rue au bord de voie pavée asphaltée à Cotonou aïbatin;25000000;287;87108;;;;;https://bj.coinafrique.com/annonce/terrains/parcelle-287-m-en-angle-de-rue-au-bord-de-voie-pavee-asphaltee-a-cotonou-aibatin-5825588;2026-05-12T16:43:42+00:00
BJ;Bénin;coinafrique;location;terrain;terrains;Parcelle 300m²- Cotonou akpakpa avotrou;24000000;300;80000;;;;;https://bj.coinafrique.com/annonce/terrains/parcelle-300m-cotonou-akpakpa-avotrou-5826990;2026-05-12T16:43:42+00:00
BJ;Bénin;coinafrique;location;terrain;terrains;Parcelle 334m² à cotonou agla akplomey non loin du goudron;18000000;334;53892;;;;;https://bj.coinafrique.com/annonce/terrains/parcelle-334m-a-cotonou-agla-akplomey-non-loin-du-goudron-5825474;2026-05-12T16:43:42+00:00
BJ;Bénin;coinafrique;location;terrain;terrains;Terrain 500 m² - Abomey-calavi;1500000;500;3000;;;;;https://bj.coinafrique.com/annonce/terrains/terrain-500-m-abomey-calavi-5826104;2026-05-12T16:43:42+00:00
BJ;Bénin;coinafrique;location;terrain;terrains;Terrains 361 m² - Abomey;18000000;361;49861;;;;;https://bj.coinafrique.com/annonce/terrains/terrains-361-m-abomey-5825263;2026-05-12T16:43:42+00:00
BJ;Bénin;coinafrique;location;terrain;terrains;Terrains 10000 m² - Abomey Calavi;19000000;10000;1900;;;;;https://bj.coinafrique.com/annonce/terrains/terrains-10000-m-abomey-calavi-5825046;2026-05-12T16:43:42+00:00
BJ;Bénin;coinafrique;location;terrain;terrains;Terrains 340 m² - Abomey;15000000;340;44118;;;;;https://bj.coinafrique.com/annonce/terrains/terrains-340-m-abomey-5822290;2026-05-12T16:43:42+00:00
BJ;Bénin;coinafrique;location;terrain;terrains;Terrains 537 m² - Allada;13000000;537;24209;;;;;https://bj.coinafrique.com/annonce/terrains/terrains-537-m-allada-5821956;2026-05-12T16:43:42+00:00
BJ;Bénin;coinafrique;location;terrain;terrains;Parcelles 760m² - Cotonou fidjrossè plage;160000000;760;210526;;;;;https://bj.coinafrique.com/annonce/terrains/parcelles-760m-cotonou-fidjrosse-plage-5774493;2026-05-12T16:43:42+00:00
BJ;Bénin;coinafrique;location;terrain;terrains;Terrains 351 m² - Abomey Calavi;14000000;351;39886;;;;;https://bj.coinafrique.com/annonce/terrains/terrains-351-m-abomey-calavi-5819389;2026-05-12T16:43:42+00:00
BJ;Bénin;coinafrique;location;terrain;terrains;Terrain 400 m² - Agla;30000000;400;75000;;;;;https://bj.coinafrique.com/annonce/terrains/terrain-400-m-agla-5816876;2026-05-12T16:43:42+00:00
BJ;Bénin;coinafrique;location;terrain;terrains;Terrain 373 m² - Vèdoko;150000000;373;402145;;;;;https://bj.coinafrique.com/annonce/terrains/terrain-373-m-vedoko-5816873;2026-05-12T16:43:42+00:00
BJ;Bénin;coinafrique;location;terrain;terrains;Parcelle 400m² - Sékou centre ville;2000000;400;5000;;;;;https://bj.coinafrique.com/annonce/terrains/parcelle-400m-sekou-centre-ville-5816189;2026-05-12T16:43:42+00:00
BJ;Bénin;coinafrique;location;terrain;terrains;Terrain 500m² - Abomey-calavi;25000000;500;50000;;;;;https://bj.coinafrique.com/annonce/terrains/terrain-500m-abomey-calavi-5814466;2026-05-12T16:43:42+00:00
BJ;Bénin;coinafrique;achat;terrain;terrains;Parcelle 930 m² 9330 m² avec tf personnel à vendre à togou Parcelle 9330 m² avec tf personnel à vendre à togou avec tf personnel à togoudo;26000000;930;27957;;;;;https://bj.coinafrique.com/annonce/terrains/parcelle-930-m-9330-m-avec-tf-personnel-a-vendre-a-togou-parcelle-9330-m-avec-tf-personnel-a-vendre-a-togou-avec-tf-personnel-a-togoudo-5766176;2026-05-12T16:43:42+00:00
BJ;Bénin;coinafrique;location;terrain;terrains;parcelle 350 m² - Zinvié;2800000;350;8000;;;;;https://bj.coinafrique.com/annonce/terrains/parcelle-350-m-zinvie-5812957;2026-05-12T16:43:42+00:00
BJ;Bénin;coinafrique;location;terrain;terrains;Terrain 400 m² - Dekou;2000000;400;5000;;;;;https://bj.coinafrique.com/annonce/terrains/terrain-400-m-dekou-5812005;2026-05-12T16:43:42+00:00
BJ;Bénin;coinafrique;location;terrain;terrains;Terrain 400 m² - Sekou;2000000;400;5000;;;;;https://bj.coinafrique.com/annonce/terrains/terrain-400-m-sekou-5811961;2026-05-12T16:43:42+00:00
BJ;Bénin;coinafrique;location;terrain;terrains;Domaine de 2968m² clôturé avec tf personnel à Calavi agori non loin des pavés;250000000;2968;84232;;;;;https://bj.coinafrique.com/annonce/terrains/domaine-de-2968m-cloture-avec-tf-personnel-a-calavi-agori-non-loin-des-paves-5763921;2026-05-12T16:43:42+00:00
BJ;Bénin;coinafrique;location;terrain;terrains-agricoles;Terrain agricole 1000 m² - Hevie Dossounou;8000000;1000;8000;;;;;https://bj.coinafrique.com/annonce/terrains-agricoles/terrain-agricole-1000-m-hevie-dossounou-5623225;2026-05-12T16:43:42+00:00
BJ;Bénin;coinafrique;location;terrain;terrains-agricoles;Terrain agricole 10000 m² - Savalou;29000;10000;3;;;;;https://bj.coinafrique.com/annonce/terrains-agricoles/terrain-agricole-10000-m-savalou-5605902;2026-05-12T16:43:42+00:00
BJ;Bénin;coinafrique;location;terrain;terrains-agricoles;Terrain agricole 40000 m² - Sèhouè;3000000;40000;75;;;;;https://bj.coinafrique.com/annonce/terrains-agricoles/terrain-agricole-40000-m-sehoue-5577179;2026-05-12T16:43:42+00:00
BJ;Bénin;coinafrique;location;terrain;terrains-agricoles;Terrains agricoles 10000 m² - Savalou;299000;10000;30;;;;;https://bj.coinafrique.com/annonce/terrains-agricoles/terrains-agricoles-10000-m-savalou-5551552;2026-05-12T16:43:42+00:00
BJ;Bénin;coinafrique;location;terrain;terrains-agricoles;Terrain agricole 70000 m² - Abomey-calavi;600000;70000;9;;;;;https://bj.coinafrique.com/annonce/terrains-agricoles/terrain-agricole-70000-m-abomey-calavi-5542675;2026-05-12T16:43:42+00:00
BJ;Bénin;coinafrique;location;terrain;terrains-agricoles;Terrain agricole 10000 m² - Vsavalou;550000;10000;55;;;;;https://bj.coinafrique.com/annonce/terrains-agricoles/terrain-agricole-10000-m-vsavalou-5360473;2026-05-12T16:43:42+00:00
BJ;Bénin;coinafrique;location;terrain;terrains-agricoles;Terrain agricole 400 m² - kétou;100000;400;250;;;;;https://bj.coinafrique.com/annonce/terrains-agricoles/terrain-agricole-400-m-ketou-5352414;2026-05-12T16:43:42+00:00
BJ;Bénin;coinafrique;location;terrain;terrains-agricoles;Pacelles 2lots 600m² -Ouedo sonicog;1200000;600;2000;;;;;https://bj.coinafrique.com/annonce/terrains-agricoles/pacelles-2lots-600m-ouedo-sonicog-5268662;2026-05-12T16:43:42+00:00
BJ;Bénin;coinafrique;location;terrain;terrains-agricoles;Terrain agricole 500 m² - Ouedo Awato;3500000;500;7000;;;;;https://bj.coinafrique.com/annonce/terrains-agricoles/terrain-agricole-500-m-ouedo-awato-5111808;2026-05-12T16:43:42+00:00
BJ;Bénin;coinafrique;location;terrain;terrains-agricoles;Terrain agricole 500 m² - Calavi;3500000;500;7000;;;;;https://bj.coinafrique.com/annonce/terrains-agricoles/terrain-agricole-500-m-calavi-5099931;2026-05-12T16:43:42+00:00
BJ;Bénin;coinafrique;location;terrain;terrains-agricoles;Terrain agricole 400 m² - Hounnkpoto;3500000;400;8750;;;;;https://bj.coinafrique.com/annonce/terrains-agricoles/terrain-agricole-400-m-hounnkpoto-5074275;2026-05-12T16:43:42+00:00
BJ;Bénin;coinafrique;location;terrain;terrains-agricoles;Terrains agricoles 10000m² - Dassa-zoumè;270000;10000;27;;;;;https://bj.coinafrique.com/annonce/terrains-agricoles/terrains-agricoles-10000m-dassa-zoume-5021501;2026-05-12T16:43:42+00:00
BJ;Bénin;coinafrique;location;terrain;terrains-agricoles;Terrains agricoles 10000m² - Kétou;699000;10000;70;;;;;https://bj.coinafrique.com/annonce/terrains-agricoles/terrains-agricoles-10000m-ketou-4998409;2026-05-12T16:43:42+00:00
BJ;Bénin;coinafrique;location;terrain;terrains-agricoles;Terrain agricole 300 m² - Aïtchedji;12000000;300;40000;;;;;https://bj.coinafrique.com/annonce/terrains-agricoles/terrain-agricole-300-m-aitchedji-4988800;2026-05-12T16:43:42+00:00
BJ;Bénin;coinafrique;location;terrain;terrains-agricoles;Terrains agricoles 10000m² - Abomey;750000;10000;75;;;;;https://bj.coinafrique.com/annonce/terrains-agricoles/terrains-agricoles-10000m-abomey-4976250;2026-05-12T16:43:42+00:00
BJ;Bénin;coinafrique;location;terrain;terrains-agricoles;Terrains agricoles 10000m² - Dassa-zoumè;380000;10000;38;;;;;https://bj.coinafrique.com/annonce/terrains-agricoles/terrains-agricoles-10000m-dassa-zoume-4957183;2026-05-12T16:43:42+00:00
BJ;Bénin;coinafrique;location;terrain;terrains-agricoles;Terrains agricoles 10000m² - Cotonou;1500000;10000;150;;;;;https://bj.coinafrique.com/annonce/terrains-agricoles/terrains-agricoles-10000m-cotonou-4953228;2026-05-12T16:43:42+00:00
BJ;Bénin;coinafrique;location;terrain;terrains-agricoles;Terrain agricole 350 m² - Hevié;2300000;350;6571;;;;;https://bj.coinafrique.com/annonce/terrains-agricoles/terrain-agricole-350-m-hevie-4924378;2026-05-12T16:43:42+00:00
BJ;Bénin;coinafrique;location;terrain;terrains-agricoles;Terrain agricole 500 m² - Ouedo Awato;4500000;500;9000;;;;;https://bj.coinafrique.com/annonce/terrains-agricoles/terrain-agricole-500-m-ouedo-awato-4902579;2026-05-12T16:43:42+00:00
BJ;Bénin;coinafrique;location;terrain;terrains-agricoles;Terrain agricole 418 m² - Parakou;3000000;418;7177;;;;;https://bj.coinafrique.com/annonce/terrains-agricoles/terrain-agricole-418-m-parakou-4878759;2026-05-12T16:43:42+00:00
BJ;Bénin;coinafrique;location;terrain;terrains-agricoles;Terrain 3 parcelles 500m² au bord du lac Ahémé;300000;500;600;;;;;https://bj.coinafrique.com/annonce/terrains-agricoles/terrain-3-parcelles-500m-au-bord-du-lac-aheme-4793121;2026-05-12T16:43:42+00:00
BJ;Bénin;coinafrique;location;terrain;terrains-agricoles;Domaine agricole 15000m² - Tori avamè;30000000;15000;2000;;;;;https://bj.coinafrique.com/annonce/terrains-agricoles/domaine-agricole-15000m-tori-avame-4709189;2026-05-12T16:43:42+00:00
BJ;Bénin;coinafrique;location;terrain;terrains-agricoles;Terrain agricole 10000m² - Bohicon;50000;10000;5;;;;;https://bj.coinafrique.com/annonce/terrains-agricoles/terrain-agricole-10000m-bohicon-4748209;2026-05-12T16:43:42+00:00
BJ;Bénin;coinafrique;location;terrain;terrains-agricoles;Terrain agricoles 350m² - Tori akadjamey;1600000;350;4571;;;;;https://bj.coinafrique.com/annonce/terrains-agricoles/terrain-agricoles-350m-tori-akadjamey-4736749;2026-05-12T16:43:42+00:00
BJ;Bénin;coinafrique;location;terrain;terrains-agricoles;Terrain agricole 1800m² - Porto Novo;12000000;1800;6667;;;;;https://bj.coinafrique.com/annonce/terrains-agricoles/terrain-agricole-1800m-porto-novo-4697694;2026-05-12T16:43:42+00:00
BJ;Bénin;coinafrique;location;terrain;terrains-agricoles;Parcelles 1146m² - Cocotomey;150000000;1146;130890;;;;;https://bj.coinafrique.com/annonce/terrains-agricoles/parcelles-1146m-cocotomey-4680296;2026-05-12T16:43:42+00:00
BJ;Bénin;coinafrique;location;terrain;terrains-agricoles;Terrain agricole 1110m² - Cotonou Fidjrossè;150000000;1110;135135;;;;;https://bj.coinafrique.com/annonce/terrains-agricoles/terrain-agricole-1110m-cotonou-fidjrosse-4554785;2026-05-12T16:43:42+00:00
BJ;Bénin;coinafrique;location;terrain;terrains-agricoles;Terrain agricole 500 m² - Agassa Godomey;3000000;500;6000;;;;;https://bj.coinafrique.com/annonce/terrains-agricoles/terrain-agricole-500-m-agassa-godomey-4461113;2026-05-12T16:43:42+00:00
BJ;Bénin;coinafrique;location;terrain;terrains-agricoles;Terrain agricole 9300 m² - Zé;17000000;9300;1828;;;;;https://bj.coinafrique.com/annonce/terrains-agricoles/terrain-agricole-9300-m-ze-4440740;2026-05-12T16:43:42+00:00
BJ;Bénin;coinafrique;location;terrain;terrains-agricoles;Terrain agricole 50000m² - Djidja;550000;50000;11;;;;;https://bj.coinafrique.com/annonce/terrains-agricoles/terrain-agricole-50000m-djidja-4427107;2026-05-12T16:43:42+00:00
BJ;Bénin;coinafrique;location;terrain;terrains-agricoles;Terrain agricole 500 m2 - Djidja;150000;500;300;;;;;https://bj.coinafrique.com/annonce/terrains-agricoles/terrain-agricole-500-m2-djidja-4405032;2026-05-12T16:43:42+00:00
BF;Burkina Faso;coinafrique;location;villa;villas;Location 300m2 ouaga2000 c;65000000;300;216667;;;;;https://bf.coinafrique.com/annonce/villas/location-300m2-ouaga2000-c-5903531;2026-05-12T16:43:42+00:00
BF;Burkina Faso;coinafrique;location;commercial;bureaux-et-commerces;Location entrepôt 900 m² - rayongo;1000000;900;1111;;;;;https://bf.coinafrique.com/annonce/bureaux-et-commerces/location-entrepot-900-m-rayongo-5891698;2026-05-12T16:43:42+00:00
BF;Burkina Faso;coinafrique;location;commercial;bureaux-et-commerces;Entrepôt de 800m² en location a Gounghin;10000000;800;12500;;;;;https://bf.coinafrique.com/annonce/bureaux-et-commerces/entrepot-de-800m-en-location-a-gounghin-5857734;2026-05-12T16:43:42+00:00
BF;Burkina Faso;coinafrique;location;commercial;bureaux-et-commerces;Magasin 800m² à Gounghin;1000000;800;1250;;;;;https://bf.coinafrique.com/annonce/bureaux-et-commerces/magasin-800m-a-gounghin-5855351;2026-05-12T16:43:42+00:00
BF;Burkina Faso;coinafrique;location;commercial;bureaux-et-commerces;Location entrepot - 1000m2 - ouaga;1500000;1000;1500;;;;;https://bf.coinafrique.com/annonce/bureaux-et-commerces/location-entrepot-1000m2-ouaga-5851409;2026-05-12T16:43:42+00:00
BF;Burkina Faso;coinafrique;location;commercial;bureaux-et-commerces;Entrepôt de 1000m² en location à Balkuy;1500000;1000;1500;;;;;https://bf.coinafrique.com/annonce/bureaux-et-commerces/entrepot-de-1000m-en-location-a-balkuy-5850109;2026-05-12T16:43:42+00:00
BF;Burkina Faso;coinafrique;location;commercial;bureaux-et-commerces;Location entrepôt 1000 m² - Balkuy;1500000;1000;1500;;;;;https://bf.coinafrique.com/annonce/bureaux-et-commerces/location-entrepot-1000-m-balkuy-5848672;2026-05-12T16:43:42+00:00
BF;Burkina Faso;coinafrique;location;commercial;bureaux-et-commerces;Entrépôt de 1000 m2 à Louer - Dassasgho;2500000;1000;2500;;;;;https://bf.coinafrique.com/annonce/bureaux-et-commerces/entrepot-de-1000-m2-a-louer-dassasgho-5837461;2026-05-12T16:43:42+00:00
BF;Burkina Faso;coinafrique;location;commercial;bureaux-et-commerces;Bureaux de 600m² en location a Dassashogo;600000;600;1000;;;;;https://bf.coinafrique.com/annonce/bureaux-et-commerces/bureaux-de-600m-en-location-a-dassashogo-5836206;2026-05-12T16:43:42+00:00
BF;Burkina Faso;coinafrique;location;commercial;bureaux-et-commerces;Location entrepôt 1000 m² - Ouaga 2000 Extension;1500000;1000;1500;;;;;https://bf.coinafrique.com/annonce/bureaux-et-commerces/location-entrepot-1000-m-ouaga-2000-extension-5835910;2026-05-12T16:43:42+00:00
BF;Burkina Faso;coinafrique;location;commercial;bureaux-et-commerces;Location entrepôt 375m² - Zone 1;500000;375;1333;;;;;https://bf.coinafrique.com/annonce/bureaux-et-commerces/location-entrepot-375m-zone-1-5834586;2026-05-12T16:43:42+00:00
BF;Burkina Faso;coinafrique;location;commercial;bureaux-et-commerces;Magasin de 400 m2 a la zone du bois;4000000;400;10000;;;;;https://bf.coinafrique.com/annonce/bureaux-et-commerces/magasin-de-400-m2-a-la-zone-du-bois-5828008;2026-05-12T16:43:42+00:00
BF;Burkina Faso;coinafrique;location;commercial;bureaux-et-commerces;Location entrepôt 600 m² - Dassasgho;1000000;600;1667;;;;;https://bf.coinafrique.com/annonce/bureaux-et-commerces/location-entrepot-600-m-dassasgho-5789200;2026-05-12T16:43:42+00:00
BF;Burkina Faso;coinafrique;location;commercial;bureaux-et-commerces;Location entrepôt 600 m² - Dassashogo;1000000;600;1667;;;;;https://bf.coinafrique.com/annonce/bureaux-et-commerces/location-entrepot-600-m-dassashogo-5787375;2026-05-12T16:43:42+00:00
BF;Burkina Faso;coinafrique;location;commercial;bureaux-et-commerces;Location entrepôt de 500m² - Loumbila;1000000;500;2000;;;;;https://bf.coinafrique.com/annonce/bureaux-et-commerces/location-entrepot-de-500m-loumbila-5781784;2026-05-12T16:43:42+00:00
BF;Burkina Faso;coinafrique;location;commercial;bureaux-et-commerces;Location magasin de 250m² - Larlé;500000;250;2000;;;;;https://bf.coinafrique.com/annonce/bureaux-et-commerces/location-magasin-de-250m-larle-5780106;2026-05-12T16:43:42+00:00
BF;Burkina Faso;coinafrique;location;commercial;bureaux-et-commerces;Location entrepôt 900 m² - Rayongo;1000000;900;1111;;;;;https://bf.coinafrique.com/annonce/bureaux-et-commerces/location-entrepot-900-m-rayongo-5774353;2026-05-12T16:43:42+00:00
BF;Burkina Faso;coinafrique;location;commercial;bureaux-et-commerces;Location entrepôt 500m² - Zad;1350000;500;2700;;;;;https://bf.coinafrique.com/annonce/bureaux-et-commerces/location-entrepot-500m-zad-5769395;2026-05-12T16:43:42+00:00
BF;Burkina Faso;coinafrique;location;commercial;bureaux-et-commerces;Location entrepôt 1000 m² - Ouaga 2000;1500000;1000;1500;;;;;https://bf.coinafrique.com/annonce/bureaux-et-commerces/location-entrepot-1000-m-ouaga-2000-5766421;2026-05-12T16:43:42+00:00
BF;Burkina Faso;coinafrique;location;commercial;bureaux-et-commerces;Location entrepôt 800 m² - Tanghin;1500000;800;1875;;;;;https://bf.coinafrique.com/annonce/bureaux-et-commerces/location-entrepot-800-m-tanghin-5762302;2026-05-12T16:43:42+00:00
BF;Burkina Faso;coinafrique;location;commercial;bureaux-et-commerces;Location entrepôt 100 m² - Samadin;350000;100;3500;;;;;https://bf.coinafrique.com/annonce/bureaux-et-commerces/location-entrepot-100-m-samadin-5750396;2026-05-12T16:43:42+00:00
BF;Burkina Faso;coinafrique;location;commercial;bureaux-et-commerces;Location entrepôt 180 m² - Nagrin Ouaga;300000;180;1667;;;;;https://bf.coinafrique.com/annonce/bureaux-et-commerces/location-entrepot-180-m-nagrin-ouaga-5749750;2026-05-12T16:43:42+00:00
BF;Burkina Faso;coinafrique;location;commercial;bureaux-et-commerces;Location entrepôt 500 m² - Kossodo;850000;500;1700;;;;;https://bf.coinafrique.com/annonce/bureaux-et-commerces/location-entrepot-500-m-kossodo-5744751;2026-05-12T16:43:42+00:00
BF;Burkina Faso;coinafrique;location;commercial;bureaux-et-commerces;Location entrepôt de 1000m² - Zad;2500000;1000;2500;;;;;https://bf.coinafrique.com/annonce/bureaux-et-commerces/location-entrepot-de-1000m-zad-5736782;2026-05-12T16:43:42+00:00
BF;Burkina Faso;coinafrique;location;commercial;bureaux-et-commerces;Location entrepôt 2000 m² - Zad;700000000;2000;350000;;;;;https://bf.coinafrique.com/annonce/bureaux-et-commerces/location-entrepot-2000-m-zad-5712950;2026-05-12T16:43:42+00:00
BF;Burkina Faso;coinafrique;location;commercial;bureaux-et-commerces;Location entrepôt 1000 m² - Zad;2500000;1000;2500;;;;;https://bf.coinafrique.com/annonce/bureaux-et-commerces/location-entrepot-1000-m-zad-5702673;2026-05-12T16:43:42+00:00
BF;Burkina Faso;coinafrique;location;commercial;bureaux-et-commerces;Location entrepôt 500 m² - Kossodo;700000;500;1400;;;;;https://bf.coinafrique.com/annonce/bureaux-et-commerces/location-entrepot-500-m-kossodo-5698654;2026-05-12T16:43:42+00:00
BF;Burkina Faso;coinafrique;location;commercial;bureaux-et-commerces;Location entrepôt 1000 m² - Zad;2500000;1000;2500;;;;;https://bf.coinafrique.com/annonce/bureaux-et-commerces/location-entrepot-1000-m-zad-5640748;2026-05-12T16:43:42+00:00
BF;Burkina Faso;coinafrique;location;commercial;bureaux-et-commerces;Location entrepôt 500 m² - Cité AN 2;850000;500;1700;;;;;https://bf.coinafrique.com/annonce/bureaux-et-commerces/location-entrepot-500-m-cite-an-2-5631010;2026-05-12T16:43:42+00:00
BF;Burkina Faso;coinafrique;location;commercial;bureaux-et-commerces;Location entrepôt 400 m² - Goughin;800000;400;2000;;;;;https://bf.coinafrique.com/annonce/bureaux-et-commerces/location-entrepot-400-m-goughin-5631005;2026-05-12T16:43:42+00:00
BF;Burkina Faso;coinafrique;location;commercial;bureaux-et-commerces;Location entrepôt 265 m² - Ouaga 2000;600000;265;2264;;;;;https://bf.coinafrique.com/annonce/bureaux-et-commerces/location-entrepot-265-m-ouaga-2000-5581529;2026-05-12T16:43:42+00:00
BF;Burkina Faso;coinafrique;location;commercial;bureaux-et-commerces;Location entrepôt 1000 m² - Zad;2750000;1000;2750;;;;;https://bf.coinafrique.com/annonce/bureaux-et-commerces/location-entrepot-1000-m-zad-5581120;2026-05-12T16:43:42+00:00
BF;Burkina Faso;coinafrique;location;commercial;bureaux-et-commerces;Location magasin 400 m² - 1200 Logements;800000;400;2000;;;;;https://bf.coinafrique.com/annonce/bureaux-et-commerces/location-magasin-400-m-1200-logements-5574014;2026-05-12T16:43:42+00:00
BF;Burkina Faso;coinafrique;location;commercial;bureaux-et-commerces;Location entrepôt 1000 m² - Kossodo;2000000;1000;2000;;;;;https://bf.coinafrique.com/annonce/bureaux-et-commerces/location-entrepot-1000-m-kossodo-5570541;2026-05-12T16:43:42+00:00
BF;Burkina Faso;coinafrique;location;commercial;bureaux-et-commerces;Location entrepôt 400 m² - Gounghin;800000;400;2000;;;;;https://bf.coinafrique.com/annonce/bureaux-et-commerces/location-entrepot-400-m-gounghin-5555353;2026-05-12T16:43:42+00:00
BF;Burkina Faso;coinafrique;location;commercial;bureaux-et-commerces;Location entrepôt 1200 m² - Boulmiougou;1500000;1200;1250;;;;;https://bf.coinafrique.com/annonce/bureaux-et-commerces/location-entrepot-1200-m-boulmiougou-5520395;2026-05-12T16:43:42+00:00
BF;Burkina Faso;coinafrique;location;commercial;bureaux-et-commerces;Location 2 entrepôts 3000 m² - Kouba;3500000;3000;1167;;;;;https://bf.coinafrique.com/annonce/bureaux-et-commerces/location-2-entrepots-3000-m-kouba-5507132;2026-05-12T16:43:42+00:00
BF;Burkina Faso;coinafrique;location;commercial;bureaux-et-commerces;Location entrepôt 346 m² - Nagrin;70000000;346;202312;;;;;https://bf.coinafrique.com/annonce/bureaux-et-commerces/location-entrepot-346-m-nagrin-5504840;2026-05-12T16:43:42+00:00
BF;Burkina Faso;coinafrique;location;commercial;bureaux-et-commerces;Location entrepôt 2000 m² - Zad;9000000;2000;4500;;;;;https://bf.coinafrique.com/annonce/bureaux-et-commerces/location-entrepot-2000-m-zad-5499022;2026-05-12T16:43:42+00:00
BF;Burkina Faso;coinafrique;location;commercial;bureaux-et-commerces;Location entrepôt 1000 m² - Song Naaba;2000000;1000;2000;;;;;https://bf.coinafrique.com/annonce/bureaux-et-commerces/location-entrepot-1000-m-song-naaba-5388752;2026-05-12T16:43:42+00:00
BF;Burkina Faso;coinafrique;location;commercial;bureaux-et-commerces;Location entrepôt 500 m² - Ouagadougou;850000;500;1700;;;;;https://bf.coinafrique.com/annonce/bureaux-et-commerces/location-entrepot-500-m-ouagadougou-5331614;2026-05-12T16:43:42+00:00
BF;Burkina Faso;coinafrique;location;commercial;bureaux-et-commerces;Location entrepôt 400 m² - Ouagadougou;400000;400;1000;;;;;https://bf.coinafrique.com/annonce/bureaux-et-commerces/location-entrepot-400-m-ouagadougou-5331596;2026-05-12T16:43:42+00:00
BF;Burkina Faso;coinafrique;location;commercial;bureaux-et-commerces;Location entrepôt 200 m² - Ouagadougou;600000;200;3000;;;;;https://bf.coinafrique.com/annonce/bureaux-et-commerces/location-entrepot-200-m-ouagadougou-5331582;2026-05-12T16:43:42+00:00
BF;Burkina Faso;coinafrique;location;commercial;bureaux-et-commerces;Location entrepôt 1000 m² - Song Naaba;2000000;1000;2000;;;;;https://bf.coinafrique.com/annonce/bureaux-et-commerces/location-entrepot-1000-m-song-naaba-5296743;2026-05-12T16:43:42+00:00
BF;Burkina Faso;coinafrique;location;commercial;bureaux-et-commerces;Location entrepôt 200 m² - Wayalguin;600000;200;3000;;;;;https://bf.coinafrique.com/annonce/bureaux-et-commerces/location-entrepot-200-m-wayalguin-5287570;2026-05-12T16:43:42+00:00
BF;Burkina Faso;coinafrique;location;commercial;bureaux-et-commerces;Location entrepôt 1000 m² - Song Naaba;2000000;1000;2000;;;;;https://bf.coinafrique.com/annonce/bureaux-et-commerces/location-entrepot-1000-m-song-naaba-5285962;2026-05-12T16:43:42+00:00
BF;Burkina Faso;coinafrique;location;commercial;bureaux-et-commerces;Location entrepôt 1000m² -Kossodo;2000000;1000;2000;;;;;https://bf.coinafrique.com/annonce/bureaux-et-commerces/location-entrepot-1000m-kossodo-5153122;2026-05-12T16:43:42+00:00
BF;Burkina Faso;coinafrique;location;commercial;bureaux-et-commerces;Space pen 400m² -Zad;500000;400;1250;;;;;https://bf.coinafrique.com/annonce/bureaux-et-commerces/space-pen-400m-zad-5153113;2026-05-12T16:43:42+00:00
BF;Burkina Faso;coinafrique;location;terrain;terrains;Parcelle de 320m² a Sabtaona;18000000;320;56250;;;;;https://bf.coinafrique.com/annonce/terrains/parcelle-de-320m-a-sabtaona-5906715;2026-05-12T16:43:42+00:00
BF;Burkina Faso;coinafrique;location;terrain;terrains;2 parcelles 300m² à garghin;24000000;300;80000;;;;;https://bf.coinafrique.com/annonce/terrains/2-parcelles-300m-a-garghin-5903548;2026-05-12T16:43:42+00:00
BF;Burkina Faso;coinafrique;location;terrain;terrains;Terrain 252 m² - bonheur ville;15000000;252;59524;;;;;https://bf.coinafrique.com/annonce/terrains/terrain-252-m-bonheur-ville-5903483;2026-05-12T16:43:42+00:00
BF;Burkina Faso;coinafrique;location;terrain;terrains;Terrain 2380 m² - Gonsin sur la RN2;85000000;2380;35714;;;;;https://bf.coinafrique.com/annonce/terrains/terrain-2380-m-gonsin-sur-la-rn2-5903192;2026-05-12T16:43:42+00:00
BF;Burkina Faso;coinafrique;location;terrain;terrains;Terrain 600m² à kossodo;35500000;600;59167;;;;;https://bf.coinafrique.com/annonce/terrains/terrain-600m-a-kossodo-5903187;2026-05-12T16:43:42+00:00
BF;Burkina Faso;coinafrique;location;terrain;terrains;Terrain 300m² à wemtenga;37000000;300;123333;;;;;https://bf.coinafrique.com/annonce/terrains/terrain-300m-a-wemtenga-5901973;2026-05-12T16:43:42+00:00
BF;Burkina Faso;coinafrique;location;terrain;terrains;Terrai 400m² - Pissy face goudron;130000000;400;325000;;;;;https://bf.coinafrique.com/annonce/terrains/terrai-400m-pissy-face-goudron-5901972;2026-05-12T16:43:42+00:00
BF;Burkina Faso;coinafrique;location;terrain;terrains;Parcelle 300m² - Tengandogo vers cameg;16500000;300;55000;;;;;https://bf.coinafrique.com/annonce/terrains/parcelle-300m-tengandogo-vers-cameg-5900490;2026-05-12T16:43:42+00:00
BF;Burkina Faso;coinafrique;location;terrain;terrains;Parcelle 600m² - Kossodo vers csps;37000000;600;61667;;;;;https://bf.coinafrique.com/annonce/terrains/parcelle-600m-kossodo-vers-csps-5900489;2026-05-12T16:43:42+00:00
BF;Burkina Faso;coinafrique;location;terrain;terrains;Parcelle 9949m² - Pabré bordure contournement;48000000;9949;4825;;;;;https://bf.coinafrique.com/annonce/terrains/parcelle-9949m-pabre-bordure-contournement-5900486;2026-05-12T16:43:42+00:00
BF;Burkina Faso;coinafrique;location;terrain;terrains;Parcelle 320 m² - Tampouy kamboinsin kossoghin;28000000;320;87500;;;;;https://bf.coinafrique.com/annonce/terrains/parcelle-320-m-tampouy-kamboinsin-kossoghin-5900484;2026-05-12T16:43:42+00:00
BF;Burkina Faso;coinafrique;location;terrain;terrains;Terrain 874m² - Zogona boulevard Thomas sankara;350000000;874;400458;;;;;https://bf.coinafrique.com/annonce/terrains/terrain-874m-zogona-boulevard-thomas-sankara-5900481;2026-05-12T16:43:42+00:00
BF;Burkina Faso;coinafrique;location;terrain;terrains;Terrain 450m2 - Ouaga 2000 extension;23000000;450;51111;;;;;https://bf.coinafrique.com/annonce/terrains/terrain-450m2-ouaga-2000-extension-5899063;2026-05-12T16:43:42+00:00
BF;Burkina Faso;coinafrique;location;terrain;terrains;Terrain 1059m² - Ouaga 2000 extension sud zone b9;150000000;1059;141643;;;;;https://bf.coinafrique.com/annonce/terrains/terrain-1059m-ouaga-2000-extension-sud-zone-b9-5898917;2026-05-12T16:43:42+00:00
BF;Burkina Faso;coinafrique;location;terrain;terrains;Terrain 1059m² - Ouaga 2000 extension sud zone b9;150000000;1059;141643;;;;;https://bf.coinafrique.com/annonce/terrains/terrain-1059m-ouaga-2000-extension-sud-zone-b9-5898910;2026-05-12T16:43:42+00:00
BF;Burkina Faso;coinafrique;location;terrain;terrains;Terrains 450m² - ouagadougou;22000000;450;48889;;;;;https://bf.coinafrique.com/annonce/terrains/terrains-450m-ouagadougou-5898307;2026-05-12T16:43:42+00:00
BF;Burkina Faso;coinafrique;location;terrain;terrains;Terrains 371m² - ouagadougou;16000000;371;43127;;;;;https://bf.coinafrique.com/annonce/terrains/terrains-371m-ouagadougou-5898162;2026-05-12T16:43:42+00:00
BF;Burkina Faso;coinafrique;location;terrain;terrains;Pan coupé 827m² - Saaba cité Gelpaz;35000000;827;42322;;;;;https://bf.coinafrique.com/annonce/terrains/pan-coupe-827m-saaba-cite-gelpaz-5897924;2026-05-12T16:43:42+00:00
BF;Burkina Faso;coinafrique;location;terrain;terrains;Terrain 394 m²- Songnaaba;58000000;394;147208;;;;;https://bf.coinafrique.com/annonce/terrains/terrain-394-m-songnaaba-5894068;2026-05-12T16:43:42+00:00
BF;Burkina Faso;coinafrique;location;terrain;terrains;Terrain 1059 m² - Ouaga 2000;140000000;1059;132200;;;;;https://bf.coinafrique.com/annonce/terrains/terrain-1059-m-ouaga-2000-5894037;2026-05-12T16:43:42+00:00
BF;Burkina Faso;coinafrique;location;terrain;terrains;Terrain 437m² - Ouagadougou;150000;437;343;;;;;https://bf.coinafrique.com/annonce/terrains/terrain-437m-ouagadougou-5894033;2026-05-12T16:43:42+00:00
BF;Burkina Faso;coinafrique;location;terrain;terrains;Parcelle 709 m²- Gounghin;80000000;709;112835;;;;;https://bf.coinafrique.com/annonce/terrains/parcelle-709-m-gounghin-5894018;2026-05-12T16:43:42+00:00
BF;Burkina Faso;coinafrique;location;terrain;terrains;Parcelle 350 m² - nioko 2 socogib;21000000;350;60000;;;;;https://bf.coinafrique.com/annonce/terrains/parcelle-350-m-nioko-2-socogib-5893949;2026-05-12T16:43:42+00:00
BF;Burkina Faso;coinafrique;location;terrain;terrains;Terrain 300 m² - Karpala;17500000;300;58333;;;;;https://bf.coinafrique.com/annonce/terrains/terrain-300-m-karpala-5893943;2026-05-12T16:43:42+00:00
BF;Burkina Faso;coinafrique;location;terrain;terrains;Terrain 300m² à kalgodin;85000000;300;283333;;;;;https://bf.coinafrique.com/annonce/terrains/terrain-300m-a-kalgodin-5893372;2026-05-12T16:43:42+00:00
BF;Burkina Faso;coinafrique;location;terrain;terrains;Terrain 300m² à Marché Zone 1;67000000;300;223333;;;;;https://bf.coinafrique.com/annonce/terrains/terrain-300m-a-marche-zone-1-5891833;2026-05-12T16:43:42+00:00
BF;Burkina Faso;coinafrique;location;terrain;terrains;Terrain 300m² à la zone 1 avant marché;67000000;300;223333;;;;;https://bf.coinafrique.com/annonce/terrains/terrain-300m-a-la-zone-1-avant-marche-5891831;2026-05-12T16:43:42+00:00
BF;Burkina Faso;coinafrique;location;terrain;terrains;Parcelle 900m² - Ouaga 2000 extension sud;65000000;900;72222;;;;;https://bf.coinafrique.com/annonce/terrains/parcelle-900m-ouaga-2000-extension-sud-5891351;2026-05-12T16:43:42+00:00
BF;Burkina Faso;coinafrique;location;terrain;terrains;Terrain 725m²- Zad;260000000;725;358621;;;;;https://bf.coinafrique.com/annonce/terrains/terrain-725m-zad-5891235;2026-05-12T16:43:42+00:00
BF;Burkina Faso;coinafrique;location;terrain;terrains;Terrain commercial 1000 m² - Ouaga 2000;500000000;1000;500000;;;;;https://bf.coinafrique.com/annonce/terrains/terrain-commercial-1000-m-ouaga-2000-5891029;2026-05-12T16:43:42+00:00
BF;Burkina Faso;coinafrique;location;terrain;terrains;Terrain 346 m² Dassasgho;30000000;346;86705;;;;;https://bf.coinafrique.com/annonce/terrains/terrain-346-m-dassasgho-5890976;2026-05-12T16:43:42+00:00
BF;Burkina Faso;coinafrique;location;terrain;terrains;Terrain 394 m² à Cissin;50000000;394;126904;;;;;https://bf.coinafrique.com/annonce/terrains/terrain-394-m-a-cissin-5890963;2026-05-12T16:43:42+00:00
BF;Burkina Faso;coinafrique;location;terrain;terrains;Terrain 600 m² Zogona;70000000;600;116667;;;;;https://bf.coinafrique.com/annonce/terrains/terrain-600-m-zogona-5890930;2026-05-12T16:43:42+00:00
BF;Burkina Faso;coinafrique;location;terrain;terrains;Terrain 1059 m² Ouaga 2000;140000000;1059;132200;;;;;https://bf.coinafrique.com/annonce/terrains/terrain-1059-m-ouaga-2000-5890925;2026-05-12T16:43:42+00:00
BF;Burkina Faso;coinafrique;location;terrain;terrains;Terrain 350 m² nioko 2;21000000;350;60000;;;;;https://bf.coinafrique.com/annonce/terrains/terrain-350-m-nioko-2-5890850;2026-05-12T16:43:42+00:00
BF;Burkina Faso;coinafrique;location;terrain;terrains;Terrain 600 m² - Ouaga2000;55000000;600;91667;;;;;https://bf.coinafrique.com/annonce/terrains/terrain-600-m-ouaga2000-5890636;2026-05-12T16:43:42+00:00
BF;Burkina Faso;coinafrique;location;terrain;terrains;Parcelle 600 m² - Ouaga 2000;55000000;600;91667;;;;;https://bf.coinafrique.com/annonce/terrains/parcelle-600-m-ouaga-2000-5890630;2026-05-12T16:43:42+00:00
BF;Burkina Faso;coinafrique;location;terrain;terrains;Terrain 320 m² - Ouaga 2000;27000000;320;84375;;;;;https://bf.coinafrique.com/annonce/terrains/terrain-320-m-ouaga-2000-5890512;2026-05-12T16:43:42+00:00
BF;Burkina Faso;coinafrique;location;terrain;terrains;Terrain 320 m² - Ouaga 2000;27000000;320;84375;;;;;https://bf.coinafrique.com/annonce/terrains/terrain-320-m-ouaga-2000-5890511;2026-05-12T16:43:42+00:00
BF;Burkina Faso;coinafrique;location;terrain;terrains;Parcelle 519m² - Centre ville vers oscar yaar;200000000;519;385356;;;;;https://bf.coinafrique.com/annonce/terrains/parcelle-519m-centre-ville-vers-oscar-yaar-5888441;2026-05-12T16:43:42+00:00
BF;Burkina Faso;coinafrique;location;terrain;terrains;Terrain 416m² - Ouagadougou;45000000;416;108173;;;;;https://bf.coinafrique.com/annonce/terrains/terrain-416m-ouagadougou-5887413;2026-05-12T16:43:42+00:00
BF;Burkina Faso;coinafrique;location;terrain;terrains;Terrains 667 m² - Ouagadougou;21000000;667;31484;;;;;https://bf.coinafrique.com/annonce/terrains/terrains-667-m-ouagadougou-5887411;2026-05-12T16:43:42+00:00
BF;Burkina Faso;coinafrique;location;terrain;terrains;Terrain 500m² - Ouagadougou;40500000;500;81000;;;;;https://bf.coinafrique.com/annonce/terrains/terrain-500m-ouagadougou-5887361;2026-05-12T16:43:42+00:00
BF;Burkina Faso;coinafrique;location;terrain;terrains;Terrain 300m² - Ouagadougou;21000000;300;70000;;;;;https://bf.coinafrique.com/annonce/terrains/terrain-300m-ouagadougou-5887087;2026-05-12T16:43:42+00:00
BF;Burkina Faso;coinafrique;location;terrain;terrains;Terrain 300m² - Ouagadougou;27500000;300;91667;;;;;https://bf.coinafrique.com/annonce/terrains/terrain-300m-ouagadougou-5887016;2026-05-12T16:43:42+00:00
BF;Burkina Faso;coinafrique;location;terrain;terrains;Terrain 1650m² - Ouagadougou;200000000;1650;121212;;;;;https://bf.coinafrique.com/annonce/terrains/terrain-1650m-ouagadougou-5886898;2026-05-12T16:43:42+00:00
BF;Burkina Faso;coinafrique;location;terrain;terrains;Terrain 500 m² - kossodo;40500000;500;81000;;;;;https://bf.coinafrique.com/annonce/terrains/terrain-500-m-kossodo-5885431;2026-05-12T16:43:42+00:00
BF;Burkina Faso;coinafrique;location;terrain;terrains;Terrain 532 m² ouaga 2000;58000000;532;109023;;;;;https://bf.coinafrique.com/annonce/terrains/terrain-532-m-ouaga-2000-5885423;2026-05-12T16:43:42+00:00
BF;Burkina Faso;coinafrique;location;terrain;terrains;Terrain 428 m² - bassinko;20000000;428;46729;;;;;https://bf.coinafrique.com/annonce/terrains/terrain-428-m-bassinko-5885417;2026-05-12T16:43:42+00:00
BF;Burkina Faso;coinafrique;location;terrain;terrains;Terrain 253m² - Ouagadougou;8000000;253;31621;;;;;https://bf.coinafrique.com/annonce/terrains/terrain-253m-ouagadougou-5885228;2026-05-12T16:43:42+00:00
BF;Burkina Faso;coinafrique;location;terrain;terrains;Terrain 271m² - ouagadougou;12500000;271;46125;;;;;https://bf.coinafrique.com/annonce/terrains/terrain-271m-ouagadougou-5885131;2026-05-12T16:43:42+00:00
BF;Burkina Faso;coinafrique;location;terrain;terrains;Terrain 450 m² - Kouba ville yennenga;22000000;450;48889;;;;;https://bf.coinafrique.com/annonce/terrains/terrain-450-m-kouba-ville-yennenga-5884104;2026-05-12T16:43:42+00:00
BF;Burkina Faso;coinafrique;location;terrain;terrains;Terrains 15000 m² - Ouagadougou;80000000;15000;5333;;;;;https://bf.coinafrique.com/annonce/terrains/terrains-15000-m-ouagadougou-5883706;2026-05-12T16:43:42+00:00
BF;Burkina Faso;coinafrique;location;terrain;terrains;Terrains 3837 m² - ouagadougou;200000000;3837;52124;;;;;https://bf.coinafrique.com/annonce/terrains/terrains-3837-m-ouagadougou-5883525;2026-05-12T16:43:42+00:00
BF;Burkina Faso;coinafrique;location;terrain;terrains;Terrain 320 m² - Karpala;28000000;320;87500;;;;;https://bf.coinafrique.com/annonce/terrains/terrain-320-m-karpala-5883218;2026-05-12T16:43:42+00:00
BF;Burkina Faso;coinafrique;location;terrain;terrains;Terrain 320 m² - Karpala;28000000;320;87500;;;;;https://bf.coinafrique.com/annonce/terrains/terrain-320-m-karpala-5882312;2026-05-12T16:43:42+00:00
BF;Burkina Faso;coinafrique;location;terrain;terrains;Terrain 750m² - Ouagadougou;195000000;750;260000;;;;;https://bf.coinafrique.com/annonce/terrains/terrain-750m-ouagadougou-5881531;2026-05-12T16:43:42+00:00
BF;Burkina Faso;coinafrique;location;terrain;terrains;Terrain 1082 m² - Zad;700000000;1082;646950;;;;;https://bf.coinafrique.com/annonce/terrains/terrain-1082-m-zad-5881281;2026-05-12T16:43:42+00:00
BF;Burkina Faso;coinafrique;location;terrain;terrains;Terrain 420 m² - Zagtouli;25500000;420;60714;;;;;https://bf.coinafrique.com/annonce/terrains/terrain-420-m-zagtouli-5881275;2026-05-12T16:43:42+00:00
BF;Burkina Faso;coinafrique;location;terrain;terrains;Terrain 329 m² - Tanghin;23000000;329;69909;;;;;https://bf.coinafrique.com/annonce/terrains/terrain-329-m-tanghin-5881267;2026-05-12T16:43:42+00:00
BF;Burkina Faso;coinafrique;location;terrain;terrains;Terrain 320 m² - Karpala Rayongo;20500000;320;64062;;;;;https://bf.coinafrique.com/annonce/terrains/terrain-320-m-karpala-rayongo-5881250;2026-05-12T16:43:42+00:00
BF;Burkina Faso;coinafrique;location;terrain;terrains;Terrain 339 m² - Tampouy;120000000;339;353982;;;;;https://bf.coinafrique.com/annonce/terrains/terrain-339-m-tampouy-5881248;2026-05-12T16:43:42+00:00
BF;Burkina Faso;coinafrique;location;terrain;terrains;Terrain 5000 m² - Ouaga 2000;1300000000;5000;260000;;;;;https://bf.coinafrique.com/annonce/terrains/terrain-5000-m-ouaga-2000-5881244;2026-05-12T16:43:42+00:00
BF;Burkina Faso;coinafrique;location;terrain;terrains;Terrain 314 m² - Patte d'oie;32000000;314;101911;;;;;https://bf.coinafrique.com/annonce/terrains/terrain-314-m-patte-doie-5881241;2026-05-12T16:43:42+00:00
BF;Burkina Faso;coinafrique;location;terrain;terrains;Terrain 550 m² - Balkuy;45500000;550;82727;;;;;https://bf.coinafrique.com/annonce/terrains/terrain-550-m-balkuy-5881215;2026-05-12T16:43:42+00:00
BF;Burkina Faso;coinafrique;location;terrain;terrains;Terrain 338 m² - Ouaga 2000;23000000;338;68047;;;;;https://bf.coinafrique.com/annonce/terrains/terrain-338-m-ouaga-2000-5881210;2026-05-12T16:43:42+00:00
BF;Burkina Faso;coinafrique;location;terrain;terrains;Parcelles 300m² - Saaba;18000000;300;60000;;;;;https://bf.coinafrique.com/annonce/terrains/parcelles-300m-saaba-5880631;2026-05-12T16:43:42+00:00
BF;Burkina Faso;coinafrique;location;terrain;terrains;Terrains 4713 m² - Ouagadougou;15000000;4713;3183;;;;;https://bf.coinafrique.com/annonce/terrains/terrains-4713-m-ouagadougou-5880127;2026-05-12T16:43:42+00:00
BF;Burkina Faso;coinafrique;location;terrain;terrains;Terrain 900 m² - Ouaga 2000;250000000;900;277778;;;;;https://bf.coinafrique.com/annonce/terrains/terrain-900-m-ouaga-2000-5878946;2026-05-12T16:43:42+00:00
BF;Burkina Faso;coinafrique;location;terrain;terrains;Terrain 900 m² - Kanazoé;250000000;900;277778;;;;;https://bf.coinafrique.com/annonce/terrains/terrain-900-m-kanazoe-5878943;2026-05-12T16:43:42+00:00
BF;Burkina Faso;coinafrique;location;terrain;terrains;Terrain 43600 m² - Zad;1300000000;43600;29817;;;;;https://bf.coinafrique.com/annonce/terrains/terrain-43600-m-zad-5878934;2026-05-12T16:43:42+00:00
BF;Burkina Faso;coinafrique;location;terrain;terrains;2 parcelles de 415 m² Dassasgho;130000000;415;313253;;;;;https://bf.coinafrique.com/annonce/terrains/2-parcelles-de-415-m-dassasgho-5878932;2026-05-12T16:43:42+00:00
BF;Burkina Faso;coinafrique;location;terrain;terrains;Terrains 260 m² - Ouagadougou;15000000;260;57692;;;;;https://bf.coinafrique.com/annonce/terrains/terrains-260-m-ouagadougou-5878812;2026-05-12T16:43:42+00:00
BF;Burkina Faso;coinafrique;location;terrain;terrains;Terrains 900 m² - Ouagadougou;250000000;900;277778;;;;;https://bf.coinafrique.com/annonce/terrains/terrains-900-m-ouagadougou-5878807;2026-05-12T16:43:42+00:00
BF;Burkina Faso;coinafrique;location;terrain;terrains;Terrains 329 m² - Ouagadougou;23000000;329;69909;;;;;https://bf.coinafrique.com/annonce/terrains/terrains-329-m-ouagadougou-5878676;2026-05-12T16:43:42+00:00
BF;Burkina Faso;coinafrique;location;terrain;terrains;Parcelle 900 m² - Ouaga 2000;250000;900;278;;;;;https://bf.coinafrique.com/annonce/terrains/parcelle-900-m-ouaga-2000-5878479;2026-05-12T16:43:42+00:00
BF;Burkina Faso;coinafrique;location;terrain;terrains;Parcelle 400m² - Saaba;32000000;400;80000;;;;;https://bf.coinafrique.com/annonce/terrains/parcelle-400m-saaba-5878347;2026-05-12T16:43:42+00:00
BF;Burkina Faso;coinafrique;location;terrain;terrains;Terrain 1000m² - Ouagadougou;198000000;1000;198000;;;;;https://bf.coinafrique.com/annonce/terrains/terrain-1000m-ouagadougou-5878312;2026-05-12T16:43:42+00:00
BF;Burkina Faso;coinafrique;location;terrain;terrains;Terrain 320m² - Ouagadougou;17000000;320;53125;;;;;https://bf.coinafrique.com/annonce/terrains/terrain-320m-ouagadougou-5878245;2026-05-12T16:43:42+00:00
BF;Burkina Faso;coinafrique;location;terrain;terrains;Terrain 629m² - Ouagadougou;22000000;629;34976;;;;;https://bf.coinafrique.com/annonce/terrains/terrain-629m-ouagadougou-5878239;2026-05-12T16:43:42+00:00
BF;Burkina Faso;coinafrique;location;terrain;terrains;Terrain 260m² - Ouagadougouune;70000000;260;269231;;;;;https://bf.coinafrique.com/annonce/terrains/terrain-260m-ouagadougouune-5878222;2026-05-12T16:43:42+00:00
BF;Burkina Faso;coinafrique;location;terrain;terrains;Terrain 1000m² - ouagadougou;198000000;1000;198000;;;;;https://bf.coinafrique.com/annonce/terrains/terrain-1000m-ouagadougou-5878198;2026-05-12T16:43:42+00:00
BF;Burkina Faso;coinafrique;location;terrain;terrains;Terrain 662m² - Ouagadougou;85000000;662;128399;;;;;https://bf.coinafrique.com/annonce/terrains/terrain-662m-ouagadougou-5878192;2026-05-12T16:43:42+00:00
BF;Burkina Faso;coinafrique;location;terrain;terrains;Terrain 1004m² - Ouagadougou;140000000;1004;139442;;;;;https://bf.coinafrique.com/annonce/terrains/terrain-1004m-ouagadougou-5878164;2026-05-12T16:43:42+00:00
BF;Burkina Faso;coinafrique;location;terrain;terrains;Terrain 712m² - ouagadougou;75000000;712;105337;;;;;https://bf.coinafrique.com/annonce/terrains/terrain-712m-ouagadougou-5878159;2026-05-12T16:43:42+00:00
BF;Burkina Faso;coinafrique;location;terrain;terrains;Terrain 400m² - Ouagadougou;65000000;400;162500;;;;;https://bf.coinafrique.com/annonce/terrains/terrain-400m-ouagadougou-5878151;2026-05-12T16:43:42+00:00
BF;Burkina Faso;coinafrique;location;terrain;terrains;Terrain 300 m² - Ouagadougou;25000000;300;83333;;;;;https://bf.coinafrique.com/annonce/terrains/terrain-300-m-ouagadougou-5878141;2026-05-12T16:43:42+00:00
BF;Burkina Faso;coinafrique;location;terrain;terrains;Terrains 359m² - Ouagadougou;40000000;359;111421;;;;;https://bf.coinafrique.com/annonce/terrains/terrains-359m-ouagadougou-5878134;2026-05-12T16:43:42+00:00
BF;Burkina Faso;coinafrique;location;terrain;terrains;Terrain 299m² - Ouagadougou;27000000;299;90301;;;;;https://bf.coinafrique.com/annonce/terrains/terrain-299m-ouagadougou-5878124;2026-05-12T16:43:42+00:00
BF;Burkina Faso;coinafrique;location;terrain;terrains;Terrain 600m² - Ouagadougou;25000000;600;41667;;;;;https://bf.coinafrique.com/annonce/terrains/terrain-600m-ouagadougou-5878118;2026-05-12T16:43:42+00:00
BF;Burkina Faso;coinafrique;location;terrain;terrains;Terrain 450m² - Ouagadougou;17000000;450;37778;;;;;https://bf.coinafrique.com/annonce/terrains/terrain-450m-ouagadougou-5878111;2026-05-12T16:43:42+00:00
BF;Burkina Faso;coinafrique;location;terrain;terrains;Terrain 524m² - Ouagadougou;47000000;524;89695;;;;;https://bf.coinafrique.com/annonce/terrains/terrain-524m-ouagadougou-5878090;2026-05-12T16:43:42+00:00
BF;Burkina Faso;coinafrique;location;terrain;terrains;Terrain 304m² - Ouagadougou;48000000;304;157895;;;;;https://bf.coinafrique.com/annonce/terrains/terrain-304m-ouagadougou-5878086;2026-05-12T16:43:42+00:00
BF;Burkina Faso;coinafrique;location;terrain;terrains;Terrain 5900m² - ouagadougou;550000000;5900;93220;;;;;https://bf.coinafrique.com/annonce/terrains/terrain-5900m-ouagadougou-5878058;2026-05-12T16:43:42+00:00
BF;Burkina Faso;coinafrique;location;terrain;terrains;Terrain 375 m² - Ouagadougou;24000000;375;64000;;;;;https://bf.coinafrique.com/annonce/terrains/terrain-375-m-ouagadougou-5878021;2026-05-12T16:43:42+00:00
BF;Burkina Faso;coinafrique;location;terrain;terrains;Terrain 300 m² - Patte d'Oie;45500000;300;151667;;;;;https://bf.coinafrique.com/annonce/terrains/terrain-300-m-patte-doie-5877027;2026-05-12T16:43:42+00:00
BF;Burkina Faso;coinafrique;location;terrain;terrains;Parcelle 600 m² - Ouaga 2000;70000000;600;116667;;;;;https://bf.coinafrique.com/annonce/terrains/parcelle-600-m-ouaga-2000-5877025;2026-05-12T16:43:42+00:00
BF;Burkina Faso;coinafrique;location;terrain;terrains;Terrain 1200 m² - Ouaga 2000;800000000;1200;666667;;;;;https://bf.coinafrique.com/annonce/terrains/terrain-1200-m-ouaga-2000-5876989;2026-05-12T16:43:42+00:00
BF;Burkina Faso;coinafrique;location;terrain;terrains;Terrain 347m² - Ouagadougou;19000000;347;54755;;;;;https://bf.coinafrique.com/annonce/terrains/terrain-347m-ouagadougou-5876668;2026-05-12T16:43:42+00:00
BF;Burkina Faso;coinafrique;location;terrain;terrains;Terrain 298m² - Ouagadougou;17000000;298;57047;;;;;https://bf.coinafrique.com/annonce/terrains/terrain-298m-ouagadougou-5876375;2026-05-12T16:43:42+00:00
BF;Burkina Faso;coinafrique;location;terrain;terrains;Terrains 13000 m² - Boassa;250000000;13000;19231;;;;;https://bf.coinafrique.com/annonce/terrains/terrains-13000-m-boassa-5875614;2026-05-12T16:43:42+00:00
BF;Burkina Faso;coinafrique;location;terrain;terrains;Terrain 475 m² - Ouaga 2000 ext;50000000;475;105263;;;;;https://bf.coinafrique.com/annonce/terrains/terrain-475-m-ouaga-2000-ext-5875502;2026-05-12T16:43:42+00:00
BF;Burkina Faso;coinafrique;location;terrain;terrains;Terrain 400 m² - Bassinko;105000000;400;262500;;;;;https://bf.coinafrique.com/annonce/terrains/terrain-400-m-bassinko-5875259;2026-05-12T16:43:42+00:00
BF;Burkina Faso;coinafrique;location;terrain;terrains;Terrain 480 m² - Nioko 2 socogib;26000000;480;54167;;;;;https://bf.coinafrique.com/annonce/terrains/terrain-480-m-nioko-2-socogib-5875217;2026-05-12T16:43:42+00:00
BF;Burkina Faso;coinafrique;location;terrain;terrains;Terrain 300m² - Ouagadougou;35000000;300;116667;;;;;https://bf.coinafrique.com/annonce/terrains/terrain-300m-ouagadougou-5874753;2026-05-12T16:43:42+00:00
BF;Burkina Faso;coinafrique;location;terrain;terrains;Terrains 1100 m² - Ouaga 2000 zone a;270000000;1100;245455;;;;;https://bf.coinafrique.com/annonce/terrains/terrains-1100-m-ouaga-2000-zone-a-5872754;2026-05-12T16:43:42+00:00
BF;Burkina Faso;coinafrique;location;terrain;terrains;Terrains 646 m² - Ouagadougou;53000000;646;82043;;;;;https://bf.coinafrique.com/annonce/terrains/terrains-646-m-ouagadougou-5872703;2026-05-12T16:43:42+00:00
BF;Burkina Faso;coinafrique;location;terrain;terrains;Terrains 371 m² - Ouagadougou;19000000;371;51213;;;;;https://bf.coinafrique.com/annonce/terrains/terrains-371-m-ouagadougou-5872618;2026-05-12T16:43:42+00:00
BF;Burkina Faso;coinafrique;achat;terrain;terrains;Parcelle de 600m² en vente Ouaga 2000 Zone B;88000000;600;146667;;;;;https://bf.coinafrique.com/annonce/terrains/parcelle-de-600m-en-vente-ouaga-2000-zone-b-5871581;2026-05-12T16:43:42+00:00
BF;Burkina Faso;coinafrique;location;terrain;terrains;Parcelle de 580 m² en Loumbila;22000000;580;37931;;;;;https://bf.coinafrique.com/annonce/terrains/parcelle-de-580-m-en-loumbila-5871577;2026-05-12T16:43:42+00:00
BF;Burkina Faso;coinafrique;location;terrain;terrains;2 parcelles 580m² à balkuy;100000000;580;172414;;;;;https://bf.coinafrique.com/annonce/terrains/2-parcelles-580m-a-balkuy-5871522;2026-05-12T16:43:42+00:00
BF;Burkina Faso;coinafrique;location;terrain;terrains;Terrain 625 m² - Ouaga 2000;60000000;625;96000;;;;;https://bf.coinafrique.com/annonce/terrains/terrain-625-m-ouaga-2000-5871517;2026-05-12T16:43:42+00:00
BF;Burkina Faso;coinafrique;location;terrain;terrains;Terrain 416m² à saaba;35500000;416;85337;;;;;https://bf.coinafrique.com/annonce/terrains/terrain-416m-a-saaba-5871049;2026-05-12T16:43:42+00:00
BF;Burkina Faso;coinafrique;location;terrain;terrains;596m² à ouaga 2000 salitas;65000000;596;109060;;;;;https://bf.coinafrique.com/annonce/terrains/596m-a-ouaga-2000-salitas-5871038;2026-05-12T16:43:42+00:00
BF;Burkina Faso;coinafrique;location;terrain;terrains;Parcelle 879m2 à loumbila;70000000;879;79636;;;;;https://bf.coinafrique.com/annonce/terrains/parcelle-879m2-a-loumbila-5871031;2026-05-12T16:43:42+00:00
BF;Burkina Faso;coinafrique;location;terrain;terrains;2 parcelles 750m² a la zad;260000000;750;346667;;;;;https://bf.coinafrique.com/annonce/terrains/2-parcelles-750m-a-la-zad-5871017;2026-05-12T16:43:42+00:00
BF;Burkina Faso;coinafrique;location;terrain;terrains;Une parcelle de 625m²;16000000;625;25600;;;;;https://bf.coinafrique.com/annonce/terrains/une-parcelle-de-625m-5870848;2026-05-12T16:43:42+00:00
BF;Burkina Faso;coinafrique;location;terrain;terrains;Terrain 352 m² - Cissin;35000000;352;99432;;;;;https://bf.coinafrique.com/annonce/terrains/terrain-352-m-cissin-5870751;2026-05-12T16:43:42+00:00
BF;Burkina Faso;coinafrique;achat;terrain;terrains;Parcelle de 204m² en vente à bassinko;7000000;204;34314;;;;;https://bf.coinafrique.com/annonce/terrains/parcelle-de-204m-en-vente-a-bassinko-5869472;2026-05-12T16:43:42+00:00
BF;Burkina Faso;coinafrique;location;terrain;terrains;465m2 pan coupé à kouba;24000000;465;51613;;;;;https://bf.coinafrique.com/annonce/terrains/465m2-pan-coupe-a-kouba-5868944;2026-05-12T16:43:42+00:00
BF;Burkina Faso;coinafrique;location;terrain;terrains;Terrain 928m² - Kolg-naaba;165000000;928;177802;;;;;https://bf.coinafrique.com/annonce/terrains/terrain-928m-kolg-naaba-5868611;2026-05-12T16:43:42+00:00
BF;Burkina Faso;coinafrique;location;terrain;terrains;Terrain 1004m² - Tanghin;140000000;1004;139442;;;;;https://bf.coinafrique.com/annonce/terrains/terrain-1004m-tanghin-5868521;2026-05-12T16:43:42+00:00
BF;Burkina Faso;coinafrique;location;terrain;terrains;Terrains 629 m² - ouagadougou;22000000;629;34976;;;;;https://bf.coinafrique.com/annonce/terrains/terrains-629-m-ouagadougou-5867523;2026-05-12T16:43:42+00:00
BF;Burkina Faso;coinafrique;location;terrain;terrains;Terrains 600 m² - ouagadougou;47000000;600;78333;;;;;https://bf.coinafrique.com/annonce/terrains/terrains-600-m-ouagadougou-5867515;2026-05-12T16:43:42+00:00
BF;Burkina Faso;coinafrique;location;terrain;terrains;Terrains 625 m² - ouagadougou;55000000;625;88000;;;;;https://bf.coinafrique.com/annonce/terrains/terrains-625-m-ouagadougou-5867503;2026-05-12T16:43:42+00:00
BF;Burkina Faso;coinafrique;location;terrain;terrains;Terrains 290 m² - ouagadougou;19000000;290;65517;;;;;https://bf.coinafrique.com/annonce/terrains/terrains-290-m-ouagadougou-5867499;2026-05-12T16:43:42+00:00
BF;Burkina Faso;coinafrique;location;terrain;terrains;Terrains 260 m² - ouagadougou;70000000;260;269231;;;;;https://bf.coinafrique.com/annonce/terrains/terrains-260-m-ouagadougou-5867488;2026-05-12T16:43:42+00:00
BF;Burkina Faso;coinafrique;location;terrain;terrains;Terrains 401 m² - ouagadougou;23000000;401;57357;;;;;https://bf.coinafrique.com/annonce/terrains/terrains-401-m-ouagadougou-5867485;2026-05-12T16:43:42+00:00
BF;Burkina Faso;coinafrique;location;terrain;terrains;Terrain 240m² - Kamboinsin;8500000;240;35417;;;;;https://bf.coinafrique.com/annonce/terrains/terrain-240m-kamboinsin-5867058;2026-05-12T16:43:42+00:00
BF;Burkina Faso;coinafrique;location;terrain;terrains;Parcelle 360m² - Pissy;32000000;360;88889;;;;;https://bf.coinafrique.com/annonce/terrains/parcelle-360m-pissy-5866798;2026-05-12T16:43:42+00:00
BF;Burkina Faso;coinafrique;location;terrain;terrains;Terrain 300m² -Tanghin;20500000;300;68333;;;;;https://bf.coinafrique.com/annonce/terrains/terrain-300m-tanghin-5866710;2026-05-12T16:43:42+00:00
BF;Burkina Faso;coinafrique;location;terrain;terrains;Parcelle 600m² - Ouaga 2000 extension Sud;50000000;600;83333;;;;;https://bf.coinafrique.com/annonce/terrains/parcelle-600m-ouaga-2000-extension-sud-5866492;2026-05-12T16:43:42+00:00
BF;Burkina Faso;coinafrique;achat;terrain;terrains;Parcelles de 720m² en vente cité yennenga;23000000;720;31944;;;;;https://bf.coinafrique.com/annonce/terrains/parcelles-de-720m-en-vente-cite-yennenga-5865930;2026-05-12T16:43:42+00:00
BF;Burkina Faso;coinafrique;location;terrain;terrains;Terrains 623 m² - Ouagadougou;37000000;623;59390;;;;;https://bf.coinafrique.com/annonce/terrains/terrains-623-m-ouagadougou-5865704;2026-05-12T16:43:42+00:00
BF;Burkina Faso;coinafrique;achat;terrain;terrains;Terrain commercial de 7261m² en vente a karpaala;450000000;7261;61975;;;;;https://bf.coinafrique.com/annonce/terrains/terrain-commercial-de-7261m-en-vente-a-karpaala-5865640;2026-05-12T16:43:42+00:00
BF;Burkina Faso;coinafrique;location;terrain;terrains;Parcelles 347m²- Tanghin;19000000;347;54755;;;;;https://bf.coinafrique.com/annonce/terrains/parcelles-347m-tanghin-5865442;2026-05-12T16:43:42+00:00
BF;Burkina Faso;coinafrique;location;terrain;terrains;Parcelle 928m² -Tampouy échangeur nord;165000000;928;177802;;;;;https://bf.coinafrique.com/annonce/terrains/parcelle-928m-tampouy-echangeur-nord-5865437;2026-05-12T16:43:42+00:00
BF;Burkina Faso;coinafrique;achat;terrain;terrains;Parcelle de 300m² en vente a tanghin;21500000;300;71667;;;;;https://bf.coinafrique.com/annonce/terrains/parcelle-de-300m-en-vente-a-tanghin-5864355;2026-05-12T16:43:42+00:00
BF;Burkina Faso;coinafrique;location;terrain;terrains;Parcelle de 320m² a balkuy;22000000;320;68750;;;;;https://bf.coinafrique.com/annonce/terrains/parcelle-de-320m-a-balkuy-5862987;2026-05-12T16:43:42+00:00
BF;Burkina Faso;coinafrique;achat;terrain;terrains;Parcelle de 524m² en vente a somgandé;48000000;524;91603;;;;;https://bf.coinafrique.com/annonce/terrains/parcelle-de-524m-en-vente-a-somgande-5862731;2026-05-12T16:43:42+00:00
BF;Burkina Faso;coinafrique;location;terrain;terrains;Terrains 252m² - Ouagadougou;25000000;252;99206;;;;;https://bf.coinafrique.com/annonce/terrains/terrains-252m-ouagadougou-5862162;2026-05-12T16:43:42+00:00
BF;Burkina Faso;coinafrique;location;terrain;terrains;Parcelle 300m² -Patte d'oie;45000000;300;150000;;;;;https://bf.coinafrique.com/annonce/terrains/parcelle-300m-patte-doie-5862150;2026-05-12T16:43:42+00:00
BF;Burkina Faso;coinafrique;location;terrain;terrains;Parcelle 513m² - Ouaga 2000 extension Sud;45000000;513;87719;;;;;https://bf.coinafrique.com/annonce/terrains/parcelle-513m-ouaga-2000-extension-sud-5862077;2026-05-12T16:43:42+00:00
BF;Burkina Faso;coinafrique;location;terrain;terrains-agricoles;Terrain agricole 4500m²- Kamboinse;300000;4500;67;;;;;https://bf.coinafrique.com/annonce/terrains-agricoles/terrain-agricole-4500m-kamboinse-5769222;2026-05-12T16:43:42+00:00
BF;Burkina Faso;coinafrique;location;terrain;terrains-agricoles;Terrain agricole 7500m² - Kamboinse;600000;7500;80;;;;;https://bf.coinafrique.com/annonce/terrains-agricoles/terrain-agricole-7500m-kamboinse-5769195;2026-05-12T16:43:42+00:00
BF;Burkina Faso;coinafrique;location;terrain;terrains-agricoles;Terrain agricole 11800 m² - Ziniaré;62000000;11800;5254;;;;;https://bf.coinafrique.com/annonce/terrains-agricoles/terrain-agricole-11800-m-ziniare-5722745;2026-05-12T16:43:42+00:00
BF;Burkina Faso;coinafrique;location;terrain;terrains-agricoles;Terrain agricole 19 546 m² - Pabre;16000000;546;29304;;;;;https://bf.coinafrique.com/annonce/terrains-agricoles/terrain-agricole-19-546-m-pabre-5707956;2026-05-12T16:43:42+00:00
BF;Burkina Faso;coinafrique;location;terrain;terrains-agricoles;Terrain 13 212 m² - Pabre;35000000;212;165094;;;;;https://bf.coinafrique.com/annonce/terrains-agricoles/terrain-13-212-m-pabre-5706203;2026-05-12T16:43:42+00:00
BF;Burkina Faso;coinafrique;location;terrain;terrains-agricoles;Terrain 6000m² - Sondogo;120000000;6000;20000;;;;;https://bf.coinafrique.com/annonce/terrains-agricoles/terrain-6000m-sondogo-5637966;2026-05-12T16:43:42+00:00
BF;Burkina Faso;coinafrique;location;terrain;terrains-agricoles;Parcelle agricole 400m²- Dassasgho;300000;400;750;;;;;https://bf.coinafrique.com/annonce/terrains-agricoles/parcelle-agricole-400m-dassasgho-5609665;2026-05-12T16:43:42+00:00
BF;Burkina Faso;coinafrique;location;terrain;terrains-agricoles;Terrain agricole 5000m² - Ouagadougou;1000000;5000;200;;;;;https://bf.coinafrique.com/annonce/terrains-agricoles/terrain-agricole-5000m-ouagadougou-5602860;2026-05-12T16:43:42+00:00
BF;Burkina Faso;coinafrique;location;terrain;terrains-agricoles;Terrain agricole 15100 m² - Ouagadougou;45000000;15100;2980;;;;;https://bf.coinafrique.com/annonce/terrains-agricoles/terrain-agricole-15100-m-ouagadougou-5555348;2026-05-12T16:43:42+00:00
BF;Burkina Faso;coinafrique;location;terrain;terrains-agricoles;Terrain agricole 5000 m² - Ouagadougou;90000000;5000;18000;;;;;https://bf.coinafrique.com/annonce/terrains-agricoles/terrain-agricole-5000-m-ouagadougou-5555298;2026-05-12T16:43:42+00:00
BF;Burkina Faso;coinafrique;location;terrain;terrains-agricoles;Terrain agricole 14300 m² - Ouagadougou;90000000;14300;6294;;;;;https://bf.coinafrique.com/annonce/terrains-agricoles/terrain-agricole-14300-m-ouagadougou-5540425;2026-05-12T16:43:42+00:00
BF;Burkina Faso;coinafrique;location;terrain;terrains-agricoles;Terrains agricoles 28300 m² - Ouagadougou;1700000000;28300;60071;;;;;https://bf.coinafrique.com/annonce/terrains-agricoles/terrains-agricoles-28300-m-ouagadougou-5520419;2026-05-12T16:43:42+00:00
BF;Burkina Faso;coinafrique;location;terrain;terrains-agricoles;Terrains agricoles 5696 m² - Ouagadougou;80000000;5696;14045;;;;;https://bf.coinafrique.com/annonce/terrains-agricoles/terrains-agricoles-5696-m-ouagadougou-5520413;2026-05-12T16:43:42+00:00
BF;Burkina Faso;coinafrique;location;terrain;terrains-agricoles;Terrain agricole 207 m² - Boulbi;10000000;207;48309;;;;;https://bf.coinafrique.com/annonce/terrains-agricoles/terrain-agricole-207-m-boulbi-5492453;2026-05-12T16:43:42+00:00
BF;Burkina Faso;coinafrique;location;terrain;terrains-agricoles;Champ 500m² - Bobo Dioulasso;1750000;500;3500;;;;;https://bf.coinafrique.com/annonce/terrains-agricoles/champ-500m-bobo-dioulasso-5411280;2026-05-12T16:43:42+00:00
BF;Burkina Faso;coinafrique;achat;terrain;terrains-agricoles;Vente champ 500m² -Diofoloma;1750000;500;3500;;;;;https://bf.coinafrique.com/annonce/terrains-agricoles/vente-champ-500m-diofoloma-5336609;2026-05-12T16:43:42+00:00
BF;Burkina Faso;coinafrique;location;terrain;terrains-agricoles;Terrain 2700m² - Loumbila;15000000;2700;5556;;;;;https://bf.coinafrique.com/annonce/terrains-agricoles/terrain-2700m-loumbila-5274246;2026-05-12T16:43:42+00:00
BF;Burkina Faso;coinafrique;location;terrain;terrains-agricoles;Terrain agricole 1000 m² - Ouagadougou;500000;1000;500;;;;;https://bf.coinafrique.com/annonce/terrains-agricoles/terrain-agricole-1000-m-ouagadougou-5269795;2026-05-12T16:43:42+00:00
BF;Burkina Faso;coinafrique;location;terrain;terrains-agricoles;Terrain agricole 10292 m² - Pabre Centre;25000000;10292;2429;;;;;https://bf.coinafrique.com/annonce/terrains-agricoles/terrain-agricole-10292-m-pabre-centre-5235409;2026-05-12T16:43:42+00:00
BF;Burkina Faso;coinafrique;location;terrain;terrains-agricoles;Terrain 5000m² à Koubri;1800000;5000;360;;;;;https://bf.coinafrique.com/annonce/terrains-agricoles/terrain-5000m-a-koubri-5102151;2026-05-12T16:43:42+00:00
BF;Burkina Faso;coinafrique;location;terrain;terrains-agricoles;Terrain agricole 500 m² - Tanghin;60000000;500;120000;;;;;https://bf.coinafrique.com/annonce/terrains-agricoles/terrain-agricole-500-m-tanghin-5061134;2026-05-12T16:43:42+00:00
BF;Burkina Faso;coinafrique;achat;terrain;terrains-agricoles;Vente terrains agricoles 23291 m2 - Koudougou;17000000;23291;730;;;;;https://bf.coinafrique.com/annonce/terrains-agricoles/vente-terrains-agricoles-23291-m2-koudougou-4863121;2026-05-12T16:43:42+00:00
BF;Burkina Faso;coinafrique;location;terrain;terrains-agricoles;Terrain agricole 5000m² + forage - Saaba;17000000;5000;3400;;;;;https://bf.coinafrique.com/annonce/terrains-agricoles/terrain-agricole-5000m-forage-saaba-4753127;2026-05-12T16:43:42+00:00
BF;Burkina Faso;coinafrique;location;terrain;terrains-agricoles;Terrain agricole 4000m² -Saaba;4500000;4000;1125;;;;;https://bf.coinafrique.com/annonce/terrains-agricoles/terrain-agricole-4000m-saaba-4696964;2026-05-12T16:43:42+00:00
BF;Burkina Faso;coinafrique;location;terrain;terrains-agricoles;Terrains agricoles 20000 m2 - Koubri Village de Peele;5500000;20000;275;;;;;https://bf.coinafrique.com/annonce/terrains-agricoles/terrains-agricoles-20000-m2-koubri-village-de-peele-4588986;2026-05-12T16:43:42+00:00
BF;Burkina Faso;coinafrique;location;terrain;terrains-agricoles;Terrains agricoles 4100 m2 - Saaba;6500000;4100;1585;;;;;https://bf.coinafrique.com/annonce/terrains-agricoles/terrains-agricoles-4100-m2-saaba-4588967;2026-05-12T16:43:42+00:00
BF;Burkina Faso;coinafrique;location;terrain;terrains-agricoles;Terrain agricole 2000 m² - Ouagadougou;5000000;2000;2500;;;;;https://bf.coinafrique.com/annonce/terrains-agricoles/terrain-agricole-2000-m-ouagadougou-4378950;2026-05-12T16:43:42+00:00
BF;Burkina Faso;coinafrique;location;terrain;terrains-agricoles;Terrain agricole 11000 m² - Bobo-Dioulasso;120000000;11000;10909;;;;;https://bf.coinafrique.com/annonce/terrains-agricoles/terrain-agricole-11000-m-bobo-dioulasso-3883718;2026-05-12T16:43:42+00:00
BF;Burkina Faso;coinafrique;location;terrain;terrains-agricoles;Terrains agricoles 20000 m2 - Koala;3000000;20000;150;;;;;https://bf.coinafrique.com/annonce/terrains-agricoles/terrains-agricoles-20000-m2-koala-3845614;2026-05-12T16:43:42+00:00
BF;Burkina Faso;coinafrique;location;terrain;terrains-agricoles;Terrains agricoles 2500 m2 - Koubri;1750000;2500;700;;;;;https://bf.coinafrique.com/annonce/terrains-agricoles/terrains-agricoles-2500-m2-koubri-3845609;2026-05-12T16:43:42+00:00
BF;Burkina Faso;coinafrique;location;terrain;terrains-agricoles;Location jardin 800 m2 - Sasasfho;600000;800;750;;;;;https://bf.coinafrique.com/annonce/terrains-agricoles/location-jardin-800-m2-sasasfho-3721871;2026-05-12T16:43:42+00:00
BF;Burkina Faso;coinafrique;location;terrain;terrains-agricoles;Terrain 5000 m2 - Koala;950000;5000;190;;;;;https://bf.coinafrique.com/annonce/terrains-agricoles/terrain-5000-m2-koala-3698761;2026-05-12T16:43:42+00:00
BF;Burkina Faso;coinafrique;location;terrain;terrains-agricoles;Terrains agricoles 5000 m2 - Ouagadougou;800000;5000;160;;;;;https://bf.coinafrique.com/annonce/terrains-agricoles/terrains-agricoles-5000-m2-ouagadougou-3671601;2026-05-12T16:43:42+00:00
BF;Burkina Faso;coinafrique;location;terrain;terrains-agricoles;Terrains agricoles 20000 m2 - Ouagadougou;350000000;20000;17500;;;;;https://bf.coinafrique.com/annonce/terrains-agricoles/terrains-agricoles-20000-m2-ouagadougou-3617823;2026-05-12T16:43:42+00:00
BF;Burkina Faso;coinafrique;location;terrain;terrains-agricoles;Terrains agricoles 1000 m2 - Saaba;1750000;1000;1750;;;;;https://bf.coinafrique.com/annonce/terrains-agricoles/terrains-agricoles-1000-m2-saaba-3474004;2026-05-12T16:43:42+00:00
BF;Burkina Faso;coinafrique;location;terrain;terrains-agricoles;Terrain agricole 7000 m2 - Saaba;1000000;7000;143;;;;;https://bf.coinafrique.com/annonce/terrains-agricoles/terrain-agricole-7000-m2-saaba-3431483;2026-05-12T16:43:42+00:00
BF;Burkina Faso;coinafrique;location;terrain;terrains-agricoles;Terrain agricole 2500m² à Koubri;1000000;2500;400;;;;;https://bf.coinafrique.com/annonce/terrains-agricoles/terrain-agricole-2500m-a-koubri-3187497;2026-05-12T16:43:42+00:00
BF;Burkina Faso;coinafrique;location;terrain;terrains-agricoles;Terrains agricoles 2500 m2 - Commune de Koubri;1000000;2500;400;;;;;https://bf.coinafrique.com/annonce/terrains-agricoles/terrains-agricoles-2500-m2-commune-de-koubri-3171270;2026-05-12T16:43:42+00:00
BF;Burkina Faso;coinafrique;location;terrain;terrains-agricoles;Terrains agricoles 7500 m2 - Koubri;6000000;7500;800;;;;;https://bf.coinafrique.com/annonce/terrains-agricoles/terrains-agricoles-7500-m2-koubri-3086246;2026-05-12T16:43:42+00:00
BF;Burkina Faso;coinafrique;location;terrain;terrains-agricoles;Terrains agricoles 27500 m2 - Koubri;12500000;27500;455;;;;;https://bf.coinafrique.com/annonce/terrains-agricoles/terrains-agricoles-27500-m2-koubri-3054711;2026-05-12T16:43:42+00:00
BF;Burkina Faso;coinafrique;achat;terrain;terrains-agricoles;Vente Terrain 12568 m² - Saaba;3500000;12568;278;;;;;https://bf.coinafrique.com/annonce/terrains-agricoles/vente-terrain-12568-m-saaba-3027663;2026-05-12T16:43:42+00:00
BF;Burkina Faso;coinafrique;location;terrain;terrains-agricoles;Terrain 1000 m2 - Kaola;1250000;1000;1250;;;;;https://bf.coinafrique.com/annonce/terrains-agricoles/terrain-1000-m2-kaola-2998848;2026-05-12T16:43:42+00:00
BF;Burkina Faso;coinafrique;achat;terrain;terrains-agricoles;Vente terrain agricole 1270 m2 - Dassasgo;200000000;1270;157480;;;;;https://bf.coinafrique.com/annonce/terrains-agricoles/vente-terrain-agricole-1270-m2-dassasgo-2662807;2026-05-12T16:43:42+00:00
CI;Côte d'Ivoire;coinafrique;location;appartement;appartements;Location appartement 03/04 pcs climatisé - Riviera bonoumin;500000;;;;Cocody;Riviera Bonoumin;;https://ci.coinafrique.com/annonce/appartements/location-appartement-03-04-pcs-climatise-riviera-bonoumin-5904342;2026-05-12T16:43:42+00:00
CI;Côte d'Ivoire;coinafrique;location;appartement;appartements;Location appartement 3pièces - Abatta carrefour drogba;250000;;;3;Cocody;;;https://ci.coinafrique.com/annonce/appartements/location-appartement-3pieces-abatta-carrefour-drogba-5885657;2026-05-12T16:43:42+00:00
CI;Côte d'Ivoire;coinafrique;location;appartement;appartements;Location appartement 3 pièces Marcory résidentiel;700000;;;3;Cocody;;;https://ci.coinafrique.com/annonce/appartements/location-appartement-3-pieces-marcory-residentiel-5888554;2026-05-12T16:43:42+00:00
CI;Côte d'Ivoire;coinafrique;location;appartement;appartements;Location appartement 3 pièces - Cocody faya route abatta;270000;;;3;Cocody;Faya;;https://ci.coinafrique.com/annonce/appartements/location-appartement-3-pieces-cocody-faya-route-abatta-5906731;2026-05-12T16:43:42+00:00
CI;Côte d'Ivoire;coinafrique;location;appartement;appartements;Location appartement- Cocody,riviera faya route abatta ( derriere la station ola, cité belle rive) 2 chics appartements de 4 pièces au 2em et 4em étage avec : grand salon + grand balcon + belle vue la;400000;;;4;Cocody;Riviera Faya;;https://ci.coinafrique.com/annonce/appartements/location-appartement-cocody-riviera-faya-route-abatta-derriere-la-station-ola-cite-belle-rive-2-chics-appartements-de-4-pieces-au-2em-et-4em-etage-avec-grand-salon-grand-balcon-belle-vue-la-5900067;2026-05-12T16:43:42+00:00
CI;Côte d'Ivoire;coinafrique;location;appartement;appartements;Location appartement 3pièces à Faya centre laurier 9;280000;;;3;Cocody;Faya;;https://ci.coinafrique.com/annonce/appartements/location-appartement-3pieces-a-faya-centre-laurier-9-5894745;2026-05-12T16:43:42+00:00
CI;Côte d'Ivoire;coinafrique;location;appartement;appartements;Location appartement 4pièces - Cocody riviera 4 mbadon;1500000;;;4;Cocody;Riviera 4;;https://ci.coinafrique.com/annonce/appartements/location-appartement-4pieces-cocody-riviera-4-mbadon-5895282;2026-05-12T16:43:42+00:00
CI;Côte d'Ivoire;coinafrique;location;appartement;appartements;Location appartement 3 pièces - Cocody Riviéra faya zone ephrata;300000;;;3;Cocody;Faya;;https://ci.coinafrique.com/annonce/appartements/location-appartement-3-pieces-cocody-riviera-faya-zone-ephrata-5898454;2026-05-12T16:43:42+00:00
CI;Côte d'Ivoire;coinafrique;location;appartement;appartements;Location appartements 3 pièces - Cocody M’badon;1000000;;;3;Cocody;;;https://ci.coinafrique.com/annonce/appartements/location-appartements-3-pieces-cocody-mbadon-5896641;2026-05-12T16:43:42+00:00
CI;Côte d'Ivoire;coinafrique;location;appartement;appartements;Location appartement 3pièces et 2 pièces à Angré djorgobité;380000;;;3;Cocody;Angré;;https://ci.coinafrique.com/annonce/appartements/location-appartement-3pieces-et-2-pieces-a-angre-djorgobite-5898432;2026-05-12T16:43:42+00:00
CI;Côte d'Ivoire;coinafrique;location;appartement;appartements;Location appartement 3 pieces à la Riviera triangle;300000;;;3;Cocody;;;https://ci.coinafrique.com/annonce/appartements/location-appartement-3-pieces-a-la-riviera-triangle-5890484;2026-05-12T16:43:42+00:00
CI;Côte d'Ivoire;coinafrique;location;appartement;appartements;Location appartement 3 pièces à Cocody Riviera Bonoumin;550000;;;3;Cocody;Riviera Bonoumin;;https://ci.coinafrique.com/annonce/appartements/location-appartement-3-pieces-a-cocody-riviera-bonoumin-5902776;2026-05-12T16:43:42+00:00
CI;Côte d'Ivoire;coinafrique;location;appartement;appartements;Location Riviera M'badon_ résidentielle;1350000;;;;Cocody;;;https://ci.coinafrique.com/annonce/appartements/location-riviera-mbadon-residentielle-5896611;2026-05-12T16:43:42+00:00
CI;Côte d'Ivoire;coinafrique;location;appartement;appartements;Location appartement 4 pièces Cocody golf cité élias;500000;;;4;Cocody;;;https://ci.coinafrique.com/annonce/appartements/location-appartement-4-pieces-cocody-golf-cite-elias-5887334;2026-05-12T16:43:42+00:00
CI;Côte d'Ivoire;coinafrique;location;appartement;appartements;Location appartement 3pièces - Cocody angre 9e tranche;400000;;;3;Cocody;Angre;;https://ci.coinafrique.com/annonce/appartements/location-appartement-3pieces-cocody-angre-9e-tranche-5873777;2026-05-12T16:43:42+00:00
CI;Côte d'Ivoire;coinafrique;location;appartement;appartements;Location appartement de 3 pièces bon standing à la Rivièra Bonoumin;350000;;;3;Cocody;Bonoumin;;https://ci.coinafrique.com/annonce/appartements/location-appartement-de-3-pieces-bon-standing-a-la-riviera-bonoumin-5886571;2026-05-12T16:43:42+00:00
CI;Côte d'Ivoire;coinafrique;location;appartement;appartements;Location appartement 3 pièces - Cocody riviera faya;300000;;;3;Cocody;Riviera Faya;;https://ci.coinafrique.com/annonce/appartements/location-appartement-3-pieces-cocody-riviera-faya-5861479;2026-05-12T16:43:42+00:00
CI;Côte d'Ivoire;coinafrique;location;appartement;appartements;Location appartement 4 pièces - Riviera bonoumin;950000;;;4;Cocody;Riviera Bonoumin;;https://ci.coinafrique.com/annonce/appartements/location-appartement-4-pieces-riviera-bonoumin-5885973;2026-05-12T16:43:42+00:00
CI;Côte d'Ivoire;coinafrique;location;appartement;appartements;Location appartement 3 pièces -Riviera;450000;;;3;Cocody;;;https://ci.coinafrique.com/annonce/appartements/location-appartement-3-pieces-riviera-5864777;2026-05-12T16:43:42+00:00
CI;Côte d'Ivoire;coinafrique;location;appartement;appartements;Location appartements 2 et 3 pièces à la Riviera 4 m’badon à louer, des appartements épurés neufs de 3 pièces et 04 pièces disponibles haut standing à la Riviera 4 M’badon;1250000;;;3;Cocody;Riviera 4;haut;https://ci.coinafrique.com/annonce/appartements/location-appartements-2-et-3-pieces-a-la-riviera-4-mbadon-a-louer-des-appartements-epures-neufs-de-3-pieces-et-04-pieces-disponibles-haut-standing-a-la-riviera-4-mbadon-5885427;2026-05-12T16:43:42+00:00
CI;Côte d'Ivoire;coinafrique;location;appartement;appartements;Location appartement 4 pieces appartement à Cocody Danga;1300000;;;4;Cocody;Danga;;https://ci.coinafrique.com/annonce/appartements/location-appartement-4-pieces-appartement-a-cocody-danga-5888835;2026-05-12T16:43:42+00:00
CI;Côte d'Ivoire;coinafrique;location;appartement;appartements;Location appartement 4pièces - Cocody riviera;850000;;;4;Cocody;;;https://ci.coinafrique.com/annonce/appartements/location-appartement-4pieces-cocody-riviera-5861473;2026-05-12T16:43:42+00:00
CI;Côte d'Ivoire;coinafrique;location;appartement;appartements;Location appartement 3 pièces - Cocody le 35e angré chu base cie;410000;;;3;Cocody;Angré;;https://ci.coinafrique.com/annonce/appartements/location-appartement-3-pieces-cocody-le-35e-angre-chu-base-cie-5863090;2026-05-12T16:43:42+00:00
CI;Côte d'Ivoire;coinafrique;location;appartement;appartements;Location appartement 4pièces à Cocody 2 Plateaux;750000;;;4;Cocody;2 Plateaux;;https://ci.coinafrique.com/annonce/appartements/location-appartement-4pieces-a-cocody-2-plateaux-5867381;2026-05-12T16:43:42+00:00
CI;Côte d'Ivoire;coinafrique;location;appartement;appartements;Location appartements 03 pièces - Cocody Vallon rue des jardins;2200000;;;3;Cocody;Vallon;;https://ci.coinafrique.com/annonce/appartements/location-appartements-03-pieces-cocody-vallon-rue-des-jardins-5899887;2026-05-12T16:43:42+00:00
CI;Côte d'Ivoire;coinafrique;location;appartement;appartements;Location appartement 3 pièces à louer situés à cocody 2plateaux non loin de l 'ena au 3eme étages avec piscine commune terrain de foot;750000;;;3;Cocody;;;https://ci.coinafrique.com/annonce/appartements/location-appartement-3-pieces-a-louer-situes-a-cocody-2plateaux-non-loin-de-l-ena-au-3eme-etages-avec-piscine-commune-terrain-de-foot-5867394;2026-05-12T16:43:42+00:00
CI;Côte d'Ivoire;coinafrique;location;appartement;appartements;Location apparemment 4 pieces à Atoban;650000;;;4;Cocody;;;https://ci.coinafrique.com/annonce/appartements/location-apparemment-4-pieces-a-atoban-5903717;2026-05-12T16:43:42+00:00
CI;Côte d'Ivoire;coinafrique;location;appartement;appartements;Location appartement 3 pièces -Cocody angre 9e tranche;400000;;;3;Cocody;Angre;;https://ci.coinafrique.com/annonce/appartements/location-appartement-3-pieces-cocody-angre-9e-tranche-5873764;2026-05-12T16:43:42+00:00
CI;Côte d'Ivoire;coinafrique;location;appartement;appartements;Location appartement 4 pièces à Abidjan Marcori résidentiel;70000000;;;4;Cocody;;;https://ci.coinafrique.com/annonce/appartements/location-appartement-4-pieces-a-abidjan-marcori-residentiel-5869267;2026-05-12T16:43:42+00:00
CI;Côte d'Ivoire;coinafrique;location;appartement;appartements;Location appartement 3 pièces à Cocody angré 8eme tranche au 2ème étage;550000;;;3;Cocody;Angré;;https://ci.coinafrique.com/annonce/appartements/location-appartement-3-pieces-a-cocody-angre-8eme-tranche-au-2eme-etage-5862245;2026-05-12T16:43:42+00:00
CI;Côte d'Ivoire;coinafrique;location;appartement;appartements;Location appartement 7pieces à Treichville chu;1700000;;;7;Marcory;;;https://ci.coinafrique.com/annonce/appartements/location-appartement-7pieces-a-treichville-chu-5876645;2026-05-12T16:43:42+00:00
CI;Côte d'Ivoire;coinafrique;location;appartement;appartements;Location appartement 3 pièces au 1er étage avec balcon parking interne à Cocody Angre 8ème tranche;400000;;;3;Cocody;Angre;;https://ci.coinafrique.com/annonce/appartements/location-appartement-3-pieces-au-1er-etage-avec-balcon-parking-interne-a-cocody-angre-8eme-tranche-5872857;2026-05-12T16:43:42+00:00
CI;Côte d'Ivoire;coinafrique;location;appartement;appartements;Location appartement haut standing 3 pièces aux BMW;1000000;;;3;Cocody;;haut;https://ci.coinafrique.com/annonce/appartements/location-appartement-haut-standing-3-pieces-aux-bmw-5888806;2026-05-12T16:43:42+00:00
CI;Côte d'Ivoire;coinafrique;location;appartement;appartements;Location appartement meublé haut standing 4 pièces aux deux Plateaux BMW;1500000;;;4;Cocody;Deux Plateaux;haut;https://ci.coinafrique.com/annonce/appartements/location-appartement-meuble-haut-standing-4-pieces-aux-deux-plateaux-bmw-5888818;2026-05-12T16:43:42+00:00
CI;Côte d'Ivoire;coinafrique;location;appartement;appartements;Location appartement 3 pièces - Cocody angré;300000;;;3;Cocody;Angré;;https://ci.coinafrique.com/annonce/appartements/location-appartement-3-pieces-cocody-angre-5877311;2026-05-12T16:43:42+00:00
CI;Côte d'Ivoire;coinafrique;location;appartement;appartements;Location appartement 03pièces - Cocody Angré;300000;;;3;Cocody;Angré;;https://ci.coinafrique.com/annonce/appartements/location-appartement-03pieces-cocody-angre-5877313;2026-05-12T16:43:42+00:00
CI;Côte d'Ivoire;coinafrique;location;appartement;appartements;Location appartement 3 pièces - Cocody angre 9e;400000;;;3;Cocody;Angre;;https://ci.coinafrique.com/annonce/appartements/location-appartement-3-pieces-cocody-angre-9e-5873763;2026-05-12T16:43:42+00:00
CI;Côte d'Ivoire;coinafrique;location;appartement;appartements;Location appartement 3 pièces à Commune des Balcons;500000;;;3;Cocody;;;https://ci.coinafrique.com/annonce/appartements/location-appartement-3-pieces-a-commune-des-balcons-5903703;2026-05-12T16:43:42+00:00
CI;Côte d'Ivoire;coinafrique;location;appartement;appartements;Location appartements 2 pièces à Cocody Feh Kesse;250000;;;2;Cocody;;;https://ci.coinafrique.com/annonce/appartements/location-appartements-2-pieces-a-cocody-feh-kesse-5882343;2026-05-12T16:43:42+00:00
CI;Côte d'Ivoire;coinafrique;location;appartement;appartements;Location appartements 3 pièces à Cocody Feh Kesse;350000;;;3;Cocody;;;https://ci.coinafrique.com/annonce/appartements/location-appartements-3-pieces-a-cocody-feh-kesse-5882345;2026-05-12T16:43:42+00:00
CI;Côte d'Ivoire;coinafrique;location;appartement;appartements;Location appartement 4 pièces - Cocody angré;365000;;;4;Cocody;Angré;;https://ci.coinafrique.com/annonce/appartements/location-appartement-4-pieces-cocody-angre-5867712;2026-05-12T16:43:42+00:00
CI;Côte d'Ivoire;coinafrique;location;appartement;appartements;Location appartement 4 pièces - Cocody riviera 4;850000;;;4;Cocody;Riviera 4;;https://ci.coinafrique.com/annonce/appartements/location-appartement-4-pieces-cocody-riviera-4-5867717;2026-05-12T16:43:42+00:00
CI;Côte d'Ivoire;coinafrique;location;appartement;appartements;Location appartement 3 pièces Riviera m'badon;550000;;;3;Cocody;Riviera M'Badon;;https://ci.coinafrique.com/annonce/appartements/location-appartement-3-pieces-riviera-mbadon-5896541;2026-05-12T16:43:42+00:00
CI;Côte d'Ivoire;coinafrique;location;appartement;appartements;Location appartement 4 chambres Riviera m'abadon;1500000;;;4;Cocody;;;https://ci.coinafrique.com/annonce/appartements/location-appartement-4-chambres-riviera-mabadon-5896534;2026-05-12T16:43:42+00:00
CI;Côte d'Ivoire;coinafrique;location;appartement;appartements;Location appartement 4 pièces à Cocody-Angré 8ème;135000000;;;4;Cocody;Angré;;https://ci.coinafrique.com/annonce/appartements/location-appartement-4-pieces-a-cocody-angre-8eme-5893011;2026-05-12T16:43:42+00:00
CI;Côte d'Ivoire;coinafrique;location;appartement;appartements;Location appartement 4 pièces à Cocody Riviera Palmeraie;900000;;;4;Cocody;Riviera Palmeraie;;https://ci.coinafrique.com/annonce/appartements/location-appartement-4-pieces-a-cocody-riviera-palmeraie-5881916;2026-05-12T16:43:42+00:00
CI;Côte d'Ivoire;coinafrique;location;appartement;appartements;Location appartement 3 pièces - Abidjan plateau;2000000;;;3;Cocody;;;https://ci.coinafrique.com/annonce/appartements/location-appartement-3-pieces-abidjan-plateau-5888801;2026-05-12T16:43:42+00:00
CI;Côte d'Ivoire;coinafrique;location;appartement;appartements;Location appartement 4 pièces - zone 4 – bietry marcory;2000000;;;4;Cocody;;;https://ci.coinafrique.com/annonce/appartements/location-appartement-4-pieces-zone-4-bietry-marcory-5872128;2026-05-12T16:43:42+00:00
CI;Côte d'Ivoire;coinafrique;location;appartement;appartements;Location appartement 4 pièces - zone 4 – bietry marcory;2000000;;;4;Cocody;;;https://ci.coinafrique.com/annonce/appartements/location-appartement-4-pieces-zone-4-bietry-marcory-5872126;2026-05-12T16:43:42+00:00
CI;Côte d'Ivoire;coinafrique;location;appartement;appartements;Location appartement 4 pièces à la Rivera golf;1700000;;;4;Cocody;;;https://ci.coinafrique.com/annonce/appartements/location-appartement-4-pieces-a-la-rivera-golf-5887217;2026-05-12T16:43:42+00:00
CI;Côte d'Ivoire;coinafrique;location;appartement;appartements;Location appartement Zone 4 – Marcory;1800000;;;;Marcory;Zone 4;;https://ci.coinafrique.com/annonce/appartements/location-appartement-zone-4-marcory-5872828;2026-05-12T16:43:42+00:00
CI;Côte d'Ivoire;coinafrique;location;appartement;appartements;Location appartement de standing 3 pièces - cocody riviera 3;750000;;;3;Cocody;Riviera 3;;https://ci.coinafrique.com/annonce/appartements/location-appartement-de-standing-3-pieces-cocody-riviera-3-5865619;2026-05-12T16:43:42+00:00
CI;Côte d'Ivoire;coinafrique;location;appartement;appartements;Location appartement de standing 2 pièces - cocody riviera 3;500000;;;2;Cocody;Riviera 3;;https://ci.coinafrique.com/annonce/appartements/location-appartement-de-standing-2-pieces-cocody-riviera-3-5865626;2026-05-12T16:43:42+00:00
CI;Côte d'Ivoire;coinafrique;location;appartement;appartements;Location appartement meublé 4 pièces - Riviera 4;1800000;;;4;Cocody;Riviera 4;;https://ci.coinafrique.com/annonce/appartements/location-appartement-meuble-4-pieces-riviera-4-5880221;2026-05-12T16:43:42+00:00
CI;Côte d'Ivoire;coinafrique;location;appartement;appartements;Location appartement meublé 4 pièces - Riviera 4;1800000;;;4;Cocody;Riviera 4;;https://ci.coinafrique.com/annonce/appartements/location-appartement-meuble-4-pieces-riviera-4-5880223;2026-05-12T16:43:42+00:00
CI;Côte d'Ivoire;coinafrique;location;appartement;appartements;Location appartements 4 pièces - Cocody danga disponible fin juin;2500000;;;4;Cocody;Danga;;https://ci.coinafrique.com/annonce/appartements/location-appartements-4-pieces-cocody-danga-disponible-fin-juin-5879885;2026-05-12T16:43:42+00:00
CI;Côte d'Ivoire;coinafrique;location;appartement;appartements;Location appartement 3 pièces - Cocody riviera palmeraie;400000;;;3;Cocody;Riviera Palmeraie;;https://ci.coinafrique.com/annonce/appartements/location-appartement-3-pieces-cocody-riviera-palmeraie-5862886;2026-05-12T16:43:42+00:00
CI;Côte d'Ivoire;coinafrique;location;appartement;appartements;Location appartements 4 pièces - Cocody;1500000;;;4;Cocody;;;https://ci.coinafrique.com/annonce/appartements/location-appartements-4-pieces-cocody-5880193;2026-05-12T16:43:42+00:00
CI;Côte d'Ivoire;coinafrique;location;appartement;appartements;Location appartement 3 pièces - Cocody riviera triangle;600000;;;3;Cocody;;;https://ci.coinafrique.com/annonce/appartements/location-appartement-3-pieces-cocody-riviera-triangle-5863119;2026-05-12T16:43:42+00:00
CI;Côte d'Ivoire;coinafrique;location;appartement;appartements;Location appartement 3 pièces - Riviera;400000;;;3;Cocody;;;https://ci.coinafrique.com/annonce/appartements/location-appartement-3-pieces-riviera-5867824;2026-05-12T16:43:42+00:00
CI;Côte d'Ivoire;coinafrique;location;appartement;appartements;Location appartement 2 pièces - Cocody riviera;200000;;;2;Cocody;;;https://ci.coinafrique.com/annonce/appartements/location-appartement-2-pieces-cocody-riviera-5867812;2026-05-12T16:43:42+00:00
CI;Côte d'Ivoire;coinafrique;location;appartement;appartements;Location appartement 4 pièces à Marcory Zone 4;1400000;;;4;Marcory;Zone 4;;https://ci.coinafrique.com/annonce/appartements/location-appartement-4-pieces-a-marcory-zone-4-5871524;2026-05-12T16:43:42+00:00
CI;Côte d'Ivoire;coinafrique;location;appartement;appartements;Location appartement 3 pièces à Marcory Zone 4;1200000;;;3;Marcory;Zone 4;;https://ci.coinafrique.com/annonce/appartements/location-appartement-3-pieces-a-marcory-zone-4-5871527;2026-05-12T16:43:42+00:00
CI;Côte d'Ivoire;coinafrique;location;appartement;appartements;Location appartement 4 pièces à Abidjan Angré nouveau chu Djorogobité;370000;;;4;Cocody;Angré;;https://ci.coinafrique.com/annonce/appartements/location-appartement-4-pieces-a-abidjan-angre-nouveau-chu-djorogobite-5888459;2026-05-12T16:43:42+00:00
CI;Côte d'Ivoire;coinafrique;location;appartement;appartements;Location appartement 3 pièces à Faya Ephrata;300000;;;3;Cocody;Faya;;https://ci.coinafrique.com/annonce/appartements/location-appartement-3-pieces-a-faya-ephrata-5898304;2026-05-12T16:43:42+00:00
CI;Côte d'Ivoire;coinafrique;location;appartement;appartements;Location appartements 4 pièces à Cocody Riviera Golf 1;2000000;;;4;Cocody;Riviera Golf;;https://ci.coinafrique.com/annonce/appartements/location-appartements-4-pieces-a-cocody-riviera-golf-1-5891948;2026-05-12T16:43:42+00:00
CI;Côte d'Ivoire;coinafrique;location;appartement;appartements;Location studio americain à la Riviera palmeraie;180000;;;;Cocody;Riviera Palmeraie;;https://ci.coinafrique.com/annonce/appartements/location-studio-americain-a-la-riviera-palmeraie-5883689;2026-05-12T16:43:42+00:00
CI;Côte d'Ivoire;coinafrique;location;appartement;appartements;Location appartement haut standing 4 pièces à la Rivera Bonomin;950000;;;4;Cocody;;haut;https://ci.coinafrique.com/annonce/appartements/location-appartement-haut-standing-4-pieces-a-la-rivera-bonomin-5887170;2026-05-12T16:43:42+00:00
CI;Côte d'Ivoire;coinafrique;location;appartement;appartements;Location appartement 3 pièces à Faya ephrata;300000;;;3;Cocody;Faya;;https://ci.coinafrique.com/annonce/appartements/location-appartement-3-pieces-a-faya-ephrata-5898296;2026-05-12T16:43:42+00:00
CI;Côte d'Ivoire;coinafrique;location;appartement;appartements;Location appartement HD;1000000;;;;Cocody;;;https://ci.coinafrique.com/annonce/appartements/location-appartement-hd-5898326;2026-05-12T16:43:42+00:00
CI;Côte d'Ivoire;coinafrique;location;appartement;appartements;Location appartement 5pièces - Beverly hills;2500000;;;5;Cocody;;;https://ci.coinafrique.com/annonce/appartements/location-appartement-5pieces-beverly-hills-5864028;2026-05-12T16:43:42+00:00
CI;Côte d'Ivoire;coinafrique;location;appartement;appartements;Location appartement 5pièces - Cocody riviera 3;1500000;;;5;Cocody;Riviera 3;;https://ci.coinafrique.com/annonce/appartements/location-appartement-5pieces-cocody-riviera-3-5864008;2026-05-12T16:43:42+00:00
CI;Côte d'Ivoire;coinafrique;location;appartement;appartements;Location appartement 3 pièces à Faya Ephrata au 2ème étage;250000;;;3;Cocody;Faya;;https://ci.coinafrique.com/annonce/appartements/location-appartement-3-pieces-a-faya-ephrata-au-2eme-etage-5898250;2026-05-12T16:43:42+00:00
CI;Côte d'Ivoire;coinafrique;location;appartement;appartements;Location appartement 3 pièces- Cocody riviera palmeraire non loin de quick market . au 2ieme étage;280000;;;3;Cocody;;;https://ci.coinafrique.com/annonce/appartements/location-appartement-3-pieces-cocody-riviera-palmeraire-non-loin-de-quick-market-au-2ieme-etage-5902490;2026-05-12T16:43:42+00:00
CI;Côte d'Ivoire;coinafrique;location;appartement;appartements;Location appartements 3 pièces - Marcory;1500000;;;3;Marcory;;;https://ci.coinafrique.com/annonce/appartements/location-appartements-3-pieces-marcory-5837171;2026-05-12T16:43:42+00:00
CI;Côte d'Ivoire;coinafrique;location;appartement;appartements;Location appartement 4 pièces - Riviera m'badon;1500000;;;4;Cocody;Riviera M'Badon;;https://ci.coinafrique.com/annonce/appartements/location-appartement-4-pieces-riviera-mbadon-5882542;2026-05-12T16:43:42+00:00
CI;Côte d'Ivoire;coinafrique;location;appartement;appartements;Location appartement 2 pièces- Le plateau;400000;;;2;Plateau;;;https://ci.coinafrique.com/annonce/appartements/location-appartement-2-pieces-le-plateau-5880353;2026-05-12T16:43:42+00:00
CI;Côte d'Ivoire;coinafrique;location;appartement;appartements;Location appartement de standing 4 pièces au rez-de-jardin - Cocody 2 plateaux 7eme tranche;1200000;;;4;Cocody;2 Plateaux;;https://ci.coinafrique.com/annonce/appartements/location-appartement-de-standing-4-pieces-au-rez-de-jardin-cocody-2-plateaux-7eme-tranche-5902674;2026-05-12T16:43:42+00:00
CI;Côte d'Ivoire;coinafrique;location;appartement;appartements;Location appartements 3 pièces - Cocody riviera m’badon ambassade de chine;1100000;;;3;Cocody;;;https://ci.coinafrique.com/annonce/appartements/location-appartements-3-pieces-cocody-riviera-mbadon-ambassade-de-chine-5896467;2026-05-12T16:43:42+00:00
CI;Côte d'Ivoire;coinafrique;location;appartement;appartements;Location appartement 3pièces à Cocody 2Plateaux;500000;;;3;Cocody;;;https://ci.coinafrique.com/annonce/appartements/location-appartement-3pieces-a-cocody-2plateaux-5871468;2026-05-12T16:43:42+00:00
CI;Côte d'Ivoire;coinafrique;location;appartement;appartements;Location appartements 4 pièces - cocody riviera m’badon ambassade de chine;1400000;;;4;Cocody;;;https://ci.coinafrique.com/annonce/appartements/location-appartements-4-pieces-cocody-riviera-mbadon-ambassade-de-chine-5865512;2026-05-12T16:43:42+00:00
CI;Côte d'Ivoire;coinafrique;location;appartement;appartements;Location appartement 4 pièces appartement à Cocody Riviera Attoban;650000;;;4;Cocody;Attoban;;https://ci.coinafrique.com/annonce/appartements/location-appartement-4-pieces-appartement-a-cocody-riviera-attoban-5903616;2026-05-12T16:43:42+00:00
CI;Côte d'Ivoire;coinafrique;location;appartement;appartements;Location appartement 4pièces - Cocody m’badon;1400000;;;4;Cocody;;;https://ci.coinafrique.com/annonce/appartements/location-appartement-4pieces-cocody-mbadon-5906727;2026-05-12T16:43:42+00:00
CI;Côte d'Ivoire;coinafrique;location;appartement;appartements;Location appartement 3 pièces de standing à Cocody-angré;350000;;;3;Cocody;Angré;;https://ci.coinafrique.com/annonce/appartements/location-appartement-3-pieces-de-standing-a-cocody-angre-5906722;2026-05-12T16:43:42+00:00
CI;Côte d'Ivoire;coinafrique;location;appartement;appartements;Location appartement de haut standing 4 pièces - cocody riviera m'badon;1650000;;;4;Cocody;Riviera M'Badon;haut;https://ci.coinafrique.com/annonce/appartements/location-appartement-de-haut-standing-4-pieces-cocody-riviera-mbadon-5892963;2026-05-12T16:43:42+00:00
CI;Côte d'Ivoire;coinafrique;location;appartement;appartements;Location appartement-studio meublé de standing- cocody danga;700000;;;;Cocody;Danga;;https://ci.coinafrique.com/annonce/appartements/location-appartement-studio-meuble-de-standing-cocody-danga-5865487;2026-05-12T16:43:42+00:00
CI;Côte d'Ivoire;coinafrique;location;appartement;appartements;Location appartement 4 pièces - Rivièra M’badon;1000000;;;4;Cocody;;;https://ci.coinafrique.com/annonce/appartements/location-appartement-4-pieces-riviera-mbadon-5865488;2026-05-12T16:43:42+00:00
CI;Côte d'Ivoire;coinafrique;location;appartement;appartements;Location appartement -Angré chu;310000;;;;Cocody;Angré;;https://ci.coinafrique.com/annonce/appartements/location-appartement-angre-chu-5902625;2026-05-12T16:43:42+00:00
CI;Côte d'Ivoire;coinafrique;location;appartement;appartements;Location appartement 3 pièces à Riviera 3 Cap Nord;1000000;;;3;Cocody;Riviera 3;;https://ci.coinafrique.com/annonce/appartements/location-appartement-3-pieces-a-riviera-3-cap-nord-5903598;2026-05-12T16:43:42+00:00
CI;Côte d'Ivoire;coinafrique;location;appartement;appartements;Location 3 pièces à Cocody Danga;700000;;;3;Cocody;Danga;;https://ci.coinafrique.com/annonce/appartements/location-3-pieces-a-cocody-danga-5881222;2026-05-12T16:43:42+00:00
CI;Côte d'Ivoire;coinafrique;location;appartement;appartements;Location appartement 5 pièces Cocody Riviera 3;1500000;;;5;Cocody;Riviera 3;;https://ci.coinafrique.com/annonce/appartements/location-appartement-5-pieces-cocody-riviera-3-5862132;2026-05-12T16:43:42+00:00
CI;Côte d'Ivoire;coinafrique;location;appartement;appartements;Location appartement 3 pièces sans les meubles à Abidjan Plateau;800000;;;3;Cocody;;;https://ci.coinafrique.com/annonce/appartements/location-appartement-3-pieces-sans-les-meubles-a-abidjan-plateau-5890317;2026-05-12T16:43:42+00:00
CI;Côte d'Ivoire;coinafrique;location;appartement;appartements;Location appartements 4 pièces à Cocody Attoban;650000;;;4;Cocody;Attoban;;https://ci.coinafrique.com/annonce/appartements/location-appartements-4-pieces-a-cocody-attoban-5903592;2026-05-12T16:43:42+00:00
CI;Côte d'Ivoire;coinafrique;location;appartement;appartements;Location appartements 3 pièces à Cocody Angré chu;350000;;;3;Cocody;Angré;;https://ci.coinafrique.com/annonce/appartements/location-appartements-3-pieces-a-cocody-angre-chu-5882258;2026-05-12T16:43:42+00:00
CI;Côte d'Ivoire;coinafrique;location;appartement;appartements;Location appartement 5pièces - le Plateau;2000000;;;5;Plateau;;;https://ci.coinafrique.com/annonce/appartements/location-appartement-5pieces-le-plateau-5878082;2026-05-12T16:43:42+00:00
CI;Côte d'Ivoire;coinafrique;location;appartement;appartements;Location studios Marcory anoumabo;90000;;;;Cocody;;;https://ci.coinafrique.com/annonce/appartements/location-studios-marcory-anoumabo-5888672;2026-05-12T16:43:42+00:00
CI;Côte d'Ivoire;coinafrique;location;appartement;appartements;Location appartements 04 pièces - Cocody Riviera Golf beverly hills;2500000;;;4;Cocody;Riviera Golf;;https://ci.coinafrique.com/annonce/appartements/location-appartements-04-pieces-cocody-riviera-golf-beverly-hills-5872888;2026-05-12T16:43:42+00:00
CI;Côte d'Ivoire;coinafrique;location;appartement;appartements;Location appartement 3 chambres Riviera 4 M’badon;1500000;;;3;Cocody;Riviera 4;;https://ci.coinafrique.com/annonce/appartements/location-appartement-3-chambres-riviera-4-mbadon-5868802;2026-05-12T16:43:42+00:00
CI;Côte d'Ivoire;coinafrique;location;appartement;appartements;Location appartement meublé 2 pièces à Cocody;600000;;;2;Cocody;;;https://ci.coinafrique.com/annonce/appartements/location-appartement-meuble-2-pieces-a-cocody-5887026;2026-05-12T16:43:42+00:00
CI;Côte d'Ivoire;coinafrique;location;appartement;appartements;Location appartement de standing 3 pièces - cocody 2 plateaux 8eme tranche sicomex;500000;;;3;Cocody;2 Plateaux;;https://ci.coinafrique.com/annonce/appartements/location-appartement-de-standing-3-pieces-cocody-2-plateaux-8eme-tranche-sicomex-5871417;2026-05-12T16:43:42+00:00
CI;Côte d'Ivoire;coinafrique;location;appartement;appartements;Location appartement 3 pièces - Deux Plateaux farandole;750000;;;3;Cocody;Deux Plateaux;;https://ci.coinafrique.com/annonce/appartements/location-appartement-3-pieces-deux-plateaux-farandole-5878043;2026-05-12T16:43:42+00:00
CI;Côte d'Ivoire;coinafrique;location;appartement;appartements;Location appartement 4 pièces à Grand Bassam;300000;;;4;Cocody;;;https://ci.coinafrique.com/annonce/appartements/location-appartement-4-pieces-a-grand-bassam-5903588;2026-05-12T16:43:42+00:00
CI;Côte d'Ivoire;coinafrique;location;appartement;appartements;Location appartements 2 pièces à Cocody Angré;250000;;;2;Cocody;Angré;;https://ci.coinafrique.com/annonce/appartements/location-appartements-2-pieces-a-cocody-angre-5882243;2026-05-12T16:43:42+00:00
CI;Côte d'Ivoire;coinafrique;location;appartement;appartements;Location bureau 3 pièces en bordure Angré chu gestoci;300000;;;3;Cocody;Angré;;https://ci.coinafrique.com/annonce/appartements/location-bureau-3-pieces-en-bordure-angre-chu-gestoci-5905055;2026-05-12T16:43:42+00:00
CI;Côte d'Ivoire;coinafrique;location;appartement;appartements;Location appartement 4 pièces à Faya cité sir;500000;;;4;Cocody;Faya;;https://ci.coinafrique.com/annonce/appartements/location-appartement-4-pieces-a-faya-cite-sir-5905048;2026-05-12T16:43:42+00:00
CI;Côte d'Ivoire;coinafrique;location;appartement;appartements;Location appartement 3 pièces à Cocody-riviera faya;300000;;;3;Cocody;Riviera Faya;;https://ci.coinafrique.com/annonce/appartements/location-appartement-3-pieces-a-cocody-riviera-faya-5896397;2026-05-12T16:43:42+00:00
CI;Côte d'Ivoire;coinafrique;location;appartement;appartements;Location appartements 3 pièces à Cocody Cap Nord;850000;;;3;Cocody;;;https://ci.coinafrique.com/annonce/appartements/location-appartements-3-pieces-a-cocody-cap-nord-5882217;2026-05-12T16:43:42+00:00
CI;Côte d'Ivoire;coinafrique;location;appartement;appartements;Location appartements 04 pièces - Cocody deux Plateaux vallon;1500000;;;4;Cocody;Deux Plateaux;;https://ci.coinafrique.com/annonce/appartements/location-appartements-04-pieces-cocody-deux-plateaux-vallon-5879769;2026-05-12T16:43:42+00:00
CI;Côte d'Ivoire;coinafrique;location;appartement;appartements;Location appartements 4 pièces à la Riviera Mbadon;1250000;;;4;Cocody;Riviera Mbadon;;https://ci.coinafrique.com/annonce/appartements/location-appartements-4-pieces-a-la-riviera-mbadon-5905015;2026-05-12T16:43:42+00:00
CI;Côte d'Ivoire;coinafrique;location;appartement;appartements;Location appartement 3 pièces à 8e Tranche en bordure;350000;;;3;Cocody;;;https://ci.coinafrique.com/annonce/appartements/location-appartement-3-pieces-a-8e-tranche-en-bordure-5885166;2026-05-12T16:43:42+00:00
CI;Côte d'Ivoire;coinafrique;location;appartement;appartements;Location appartement 3pièces bon standing à Cocody abatta;420000;;;3;Cocody;;;https://ci.coinafrique.com/annonce/appartements/location-appartement-3pieces-bon-standing-a-cocody-abatta-5872838;2026-05-12T16:43:42+00:00
CI;Côte d'Ivoire;coinafrique;location;appartement;appartements;Location appartement 3 pièces à Cocody Rivera 4 mbadon;550000;;;3;Cocody;;;https://ci.coinafrique.com/annonce/appartements/location-appartement-3-pieces-a-cocody-rivera-4-mbadon-5896383;2026-05-12T16:43:42+00:00
CI;Côte d'Ivoire;coinafrique;location;appartement;appartements;Location appartements 04 pièces - Cocody;1200000;;;4;Cocody;;;https://ci.coinafrique.com/annonce/appartements/location-appartements-04-pieces-cocody-5872824;2026-05-12T16:43:42+00:00
CI;Côte d'Ivoire;coinafrique;location;appartement;appartements;Location appartement 4 pièces à Cocody-Angré 9ème;950000;;;4;Cocody;Angré;;https://ci.coinafrique.com/annonce/appartements/location-appartement-4-pieces-a-cocody-angre-9eme-5891804;2026-05-12T16:43:42+00:00
CI;Côte d'Ivoire;coinafrique;location;appartement;appartements;Location appartement haut standing aux Deux Plateaux;500000;;;;Cocody;Deux Plateaux;haut;https://ci.coinafrique.com/annonce/appartements/location-appartement-haut-standing-aux-deux-plateaux-5886914;2026-05-12T16:43:42+00:00
CI;Côte d'Ivoire;coinafrique;location;appartement;appartements;Location appartements 04 pièces - Cocody Riviera M’badon;1300000;;;4;Cocody;;;https://ci.coinafrique.com/annonce/appartements/location-appartements-04-pieces-cocody-riviera-mbadon-5872821;2026-05-12T16:43:42+00:00
CI;Côte d'Ivoire;coinafrique;location;appartement;appartements;Location appartements 4 pièces à Cocody Danga;1100000;;;4;Cocody;Danga;;https://ci.coinafrique.com/annonce/appartements/location-appartements-4-pieces-a-cocody-danga-5870302;2026-05-12T16:43:42+00:00
CI;Côte d'Ivoire;coinafrique;location;appartement;appartements;Location appartements 04 pièces - Cocody riviera m’badon;1200000;;;4;Cocody;;;https://ci.coinafrique.com/annonce/appartements/location-appartements-04-pieces-cocody-riviera-mbadon-5872799;2026-05-12T16:43:42+00:00
CI;Côte d'Ivoire;coinafrique;location;appartement;appartements;Location appartements 3 pièces à Abidjan Cocody;310000;;;3;Cocody;;;https://ci.coinafrique.com/annonce/appartements/location-appartements-3-pieces-a-abidjan-cocody-5881146;2026-05-12T16:43:42+00:00
CI;Côte d'Ivoire;coinafrique;location;appartement;appartements;Location appartement 3 pièces à louer – Cocody Riviera Golf;500000;;;3;Cocody;Riviera Golf;;https://ci.coinafrique.com/annonce/appartements/location-appartement-3-pieces-a-louer-cocody-riviera-golf-5876263;2026-05-12T16:43:42+00:00
CI;Côte d'Ivoire;coinafrique;location;appartement;appartements;Location appartement 4 pièces à Grand Bassam;350000;;;4;Grand-Bassam;;;https://ci.coinafrique.com/annonce/appartements/location-appartement-4-pieces-a-grand-bassam-5881166;2026-05-12T16:43:42+00:00
CI;Côte d'Ivoire;coinafrique;location;appartement;appartements;Location appartement 3 pièces à la Riviera golf ambassade de Russie;500000;;;3;Cocody;Riviera Golf;;https://ci.coinafrique.com/annonce/appartements/location-appartement-3-pieces-a-la-riviera-golf-ambassade-de-russie-5876226;2026-05-12T16:43:42+00:00
CI;Côte d'Ivoire;coinafrique;location;appartement;appartements;Location appartement 4pièces Riviera golf 1ère étage;700000;;;4;Cocody;Riviera Golf;;https://ci.coinafrique.com/annonce/appartements/location-appartement-4pieces-riviera-golf-1ere-etage-5886866;2026-05-12T16:43:42+00:00
CI;Côte d'Ivoire;coinafrique;location;appartement;appartements;Location appartement 4 pièces haut standing à Cocody-angré 9ème tranche;950000;;;4;Cocody;Angré;haut;https://ci.coinafrique.com/annonce/appartements/location-appartement-4-pieces-haut-standing-a-cocody-angre-9eme-tranche-5888570;2026-05-12T16:43:42+00:00
CI;Côte d'Ivoire;coinafrique;location;appartement;appartements;Location appartement 3 pièces à Marcory Zone 4;950000;;;3;Marcory;Zone 4;;https://ci.coinafrique.com/annonce/appartements/location-appartement-3-pieces-a-marcory-zone-4-5903533;2026-05-12T16:43:42+00:00
CI;Côte d'Ivoire;coinafrique;location;appartement;appartements;Location appartement 4 pièces à Marcory;1300000;;;4;Marcory;;;https://ci.coinafrique.com/annonce/appartements/location-appartement-4-pieces-a-marcory-5903527;2026-05-12T16:43:42+00:00
CI;Côte d'Ivoire;coinafrique;location;appartement;appartements;Location appartements 3 pièces - Cocody Riviera m’badon ambassade de chine;950000;;;3;Cocody;;;https://ci.coinafrique.com/annonce/appartements/location-appartements-3-pieces-cocody-riviera-mbadon-ambassade-de-chine-5898010;2026-05-12T16:43:42+00:00
CI;Côte d'Ivoire;coinafrique;location;appartement;appartements;Location appartements 4 pièces - Cocody Riviera m’badon ambassade de chine;1300000;;;4;Cocody;;;https://ci.coinafrique.com/annonce/appartements/location-appartements-4-pieces-cocody-riviera-mbadon-ambassade-de-chine-5898003;2026-05-12T16:43:42+00:00
CI;Côte d'Ivoire;coinafrique;location;appartement;appartements;Location appartements 3 pièces - cocody 7e tranche;520000;;;3;Cocody;7e Tranche;;https://ci.coinafrique.com/annonce/appartements/location-appartements-3-pieces-cocody-7e-tranche-5894397;2026-05-12T16:43:42+00:00
CI;Côte d'Ivoire;coinafrique;location;appartement;appartements;Location appartement 5pièces à la Riviera golf les Elias;1000000;;;5;Cocody;Riviera Golf;;https://ci.coinafrique.com/annonce/appartements/location-appartement-5pieces-a-la-riviera-golf-les-elias-5904934;2026-05-12T16:43:42+00:00
CI;Côte d'Ivoire;coinafrique;location;appartement;appartements;Location appartements 5 pièces en penthouse - Cocody Riviera M’badon ambassade de chine;2000000;;;5;Cocody;;;https://ci.coinafrique.com/annonce/appartements/location-appartements-5-pieces-en-penthouse-cocody-riviera-mbadon-ambassade-de-chine-5897994;2026-05-12T16:43:42+00:00
CI;Côte d'Ivoire;coinafrique;location;appartement;appartements;Location appartements 4 pièces à Cocody Riviera 3;1000000;;;4;Cocody;Riviera 3;;https://ci.coinafrique.com/annonce/appartements/location-appartements-4-pieces-a-cocody-riviera-3-5882164;2026-05-12T16:43:42+00:00
CI;Côte d'Ivoire;coinafrique;location;appartement;appartements;Location appartement 4 pièces à Marcory Zone 4;1200000;;;4;Marcory;Zone 4;;https://ci.coinafrique.com/annonce/appartements/location-appartement-4-pieces-a-marcory-zone-4-5903523;2026-05-12T16:43:42+00:00
CI;Côte d'Ivoire;coinafrique;location;appartement;appartements;Location appartement 4pièces - Angré nouveau chu;500000;;;4;Cocody;Angré;;https://ci.coinafrique.com/annonce/appartements/location-appartement-4pieces-angre-nouveau-chu-5902480;2026-05-12T16:43:42+00:00
CI;Côte d'Ivoire;coinafrique;location;appartement;appartements;BELLE RÉSIDENCE 3 PIÈCES A LOUER A KOUMASSI;1500000;;;3;Koumassi;;;https://ci.coinafrique.com/annonce/appartements/belle-residence-3-pieces-a-louer-a-koumassi-5904921;2026-05-12T16:43:42+00:00
CI;Côte d'Ivoire;coinafrique;location;appartement;appartements;Location appartement 4pièces avec ascenseur Riviera bonoumin;950000;;;4;Cocody;Riviera Bonoumin;;https://ci.coinafrique.com/annonce/appartements/location-appartement-4pieces-avec-ascenseur-riviera-bonoumin-5894373;2026-05-12T16:43:42+00:00
CI;Côte d'Ivoire;coinafrique;location;appartement;appartements;Location appartement 4 pièces haut standing à Cocody-angré 9ème tranche;950000;;;4;Cocody;Angré;haut;https://ci.coinafrique.com/annonce/appartements/location-appartement-4-pieces-haut-standing-a-cocody-angre-9eme-tranche-5899612;2026-05-12T16:43:42+00:00
CI;Côte d'Ivoire;coinafrique;location;appartement;appartements;Location appartement 3 pièces à Cocody 2 plateaux;500000;;;3;Cocody;2 Plateaux;;https://ci.coinafrique.com/annonce/appartements/location-appartement-3-pieces-a-cocody-2-plateaux-5876164;2026-05-12T16:43:42+00:00
CI;Côte d'Ivoire;coinafrique;location;appartement;appartements;Location appartement 4pièces -Angré;700000;;;4;Cocody;Angré;;https://ci.coinafrique.com/annonce/appartements/location-appartement-4pieces-angre-5902459;2026-05-12T16:43:42+00:00
CI;Côte d'Ivoire;coinafrique;location;appartement;appartements;Location appartements 2 pièces - Cocody Riviera m’badon ambassade de chine;700000;;;2;Cocody;;;https://ci.coinafrique.com/annonce/appartements/location-appartements-2-pieces-cocody-riviera-mbadon-ambassade-de-chine-5897971;2026-05-12T16:43:42+00:00
CI;Côte d'Ivoire;coinafrique;location;appartement;appartements;Location appartement 4 pièces à la Riviera Bonoumin;380000;;;4;Cocody;Riviera Bonoumin;;https://ci.coinafrique.com/annonce/appartements/location-appartement-4-pieces-a-la-riviera-bonoumin-5896257;2026-05-12T16:43:42+00:00
CI;Côte d'Ivoire;coinafrique;location;appartement;appartements;Location appartement de standing 3 pièces à Cocody Angré Chu;500000;;;3;Cocody;Angré;;https://ci.coinafrique.com/annonce/appartements/location-appartement-de-standing-3-pieces-a-cocody-angre-chu-5892856;2026-05-12T16:43:42+00:00
CI;Côte d'Ivoire;coinafrique;location;appartement;appartements;Location appartement de standing 4 pièces - cocody angré gestoci;330000;;;4;Cocody;Angré;;https://ci.coinafrique.com/annonce/appartements/location-appartement-de-standing-4-pieces-cocody-angre-gestoci-5865266;2026-05-12T16:43:42+00:00
CI;Côte d'Ivoire;coinafrique;location;appartement;appartements;Location appartement 3 pièces de standing à Cocody-angré 8ème tranche;350000;;;3;Cocody;Angré;;https://ci.coinafrique.com/annonce/appartements/location-appartement-3-pieces-de-standing-a-cocody-angre-8eme-tranche-5897934;2026-05-12T16:43:42+00:00
CI;Côte d'Ivoire;coinafrique;location;appartement;appartements;Location appartement 3 pièces - Cocody 2 plateaux vallon;1600000;;;3;Cocody;2 Plateaux;;https://ci.coinafrique.com/annonce/appartements/location-appartement-3-pieces-cocody-2-plateaux-vallon-5895430;2026-05-12T16:43:42+00:00
CI;Côte d'Ivoire;coinafrique;location;appartement;appartements;Location appartement 2 pièces Angré djorogobité;250000;;;2;Cocody;Angré;;https://ci.coinafrique.com/annonce/appartements/location-appartement-2-pieces-angre-djorogobite-5901021;2026-05-12T16:43:42+00:00
CI;Côte d'Ivoire;coinafrique;location;appartement;appartements;Location appartement 5 pièces - Cocody;2500000;;;5;Cocody;;;https://ci.coinafrique.com/annonce/appartements/location-appartement-5-pieces-cocody-5887684;2026-05-12T16:43:42+00:00
CI;Côte d'Ivoire;coinafrique;location;appartement;appartements;Location appartement de standing 4 pièces - Cocody Danga;1600000;;;4;Cocody;Danga;;https://ci.coinafrique.com/annonce/appartements/location-appartement-de-standing-4-pieces-cocody-danga-5904722;2026-05-12T16:43:42+00:00
CI;Côte d'Ivoire;coinafrique;location;appartement;appartements;Location appartement de 4 pièces bon standing disponible à la Riviera golf 4 beach;850000;;;4;Cocody;Riviera Golf;;https://ci.coinafrique.com/annonce/appartements/location-appartement-de-4-pieces-bon-standing-disponible-a-la-riviera-golf-4-beach-5888520;2026-05-12T16:43:42+00:00
CI;Côte d'Ivoire;coinafrique;location;appartement;appartements;Location appartement standing 2 pièces rénové - le Plateau;700000;;;2;Plateau;;;https://ci.coinafrique.com/annonce/appartements/location-appartement-standing-2-pieces-renove-le-plateau-5879627;2026-05-12T16:43:42+00:00
CI;Côte d'Ivoire;coinafrique;location;appartement;appartements;Location appartement 3 pièces à Cocody-riviera faya;300000;;;3;Cocody;Riviera Faya;;https://ci.coinafrique.com/annonce/appartements/location-appartement-3-pieces-a-cocody-riviera-faya-5897920;2026-05-12T16:43:42+00:00
CI;Côte d'Ivoire;coinafrique;location;appartement;appartements;Location appartements 4 pièces - Cocody M’badon;1350000;;;4;Cocody;;;https://ci.coinafrique.com/annonce/appartements/location-appartements-4-pieces-cocody-mbadon-5896222;2026-05-12T16:43:42+00:00
CI;Côte d'Ivoire;coinafrique;location;appartement;appartements;Location appartement 4 pieces à Cocody golf 4;900000;;;4;Cocody;;;https://ci.coinafrique.com/annonce/appartements/location-appartement-4-pieces-a-cocody-golf-4-5883402;2026-05-12T16:43:42+00:00
CI;Côte d'Ivoire;coinafrique;location;appartement;appartements;Location appartement de 3 pièces à la Riviera faya;50000000;;;3;Riviera;;;https://ci.coinafrique.com/annonce/appartements/location-appartement-de-3-pieces-a-la-riviera-faya-5885020;2026-05-12T16:43:42+00:00
CI;Côte d'Ivoire;coinafrique;location;appartement;appartements;Location appartement à à Cocody danga;1500000;;;;Cocody;Danga;;https://ci.coinafrique.com/annonce/appartements/location-appartement-a-a-cocody-danga-5877775;2026-05-12T16:43:42+00:00
CI;Côte d'Ivoire;coinafrique;location;appartement;appartements;Location appartement avec piscine 4 pièces Angré 8e tranche;620000;;;4;Cocody;Angré;;https://ci.coinafrique.com/annonce/appartements/location-appartement-avec-piscine-4-pieces-angre-8e-tranche-5906483;2026-05-12T16:43:42+00:00
CI;Côte d'Ivoire;coinafrique;location;appartement;appartements;Location appartements 3 pièces à Cocody Angre;550000;;;3;Cocody;Angré;;https://ci.coinafrique.com/annonce/appartements/location-appartements-3-pieces-a-cocody-angre-5881086;2026-05-12T16:43:42+00:00
CI;Côte d'Ivoire;coinafrique;location;appartement;appartements;Location appartement 4 pièces – Riviera M’badon;1500000;;;4;Cocody;;;https://ci.coinafrique.com/annonce/appartements/location-appartement-4-pieces-riviera-mbadon-5886808;2026-05-12T16:43:42+00:00
CI;Côte d'Ivoire;coinafrique;location;appartement;appartements;Location appartement 3 pièces de standing à Cocody-angré;350000;;;3;Cocody;Angré;;https://ci.coinafrique.com/annonce/appartements/location-appartement-3-pieces-de-standing-a-cocody-angre-5897855;2026-05-12T16:43:42+00:00
CI;Côte d'Ivoire;coinafrique;location;appartement;appartements;Location appartement 4 pièces à Nouveau Chu;400000;;;4;Cocody;;;https://ci.coinafrique.com/annonce/appartements/location-appartement-4-pieces-a-nouveau-chu-5892831;2026-05-12T16:43:42+00:00
CI;Côte d'Ivoire;coinafrique;location;appartement;appartements;Location appartement 4 pièces haut standing à Cocody-angré 9ème tranche;950000;;;4;Cocody;Angré;haut;https://ci.coinafrique.com/annonce/appartements/location-appartement-4-pieces-haut-standing-a-cocody-angre-9eme-tranche-5888448;2026-05-12T16:43:42+00:00
CI;Côte d'Ivoire;coinafrique;location;appartement;appartements;Location appartement de standing 4 pièces - Cocody danga;1600000;;;4;Cocody;Danga;;https://ci.coinafrique.com/annonce/appartements/location-appartement-de-standing-4-pieces-cocody-danga-5904762;2026-05-12T16:43:42+00:00
CI;Côte d'Ivoire;coinafrique;location;appartement;appartements;Location appartement 4 pièces - Marcory zone 4;1300000;;;4;Marcory;Zone 4;;https://ci.coinafrique.com/annonce/appartements/location-appartement-4-pieces-marcory-zone-4-5865160;2026-05-12T16:43:42+00:00
CI;Côte d'Ivoire;coinafrique;location;appartement;appartements;Location studio en mezzanine, idéalement à Angré Bessikoi;130000;;;;Cocody;Bessikoi;;https://ci.coinafrique.com/annonce/appartements/location-studio-en-mezzanine-idealement-a-angre-bessikoi-5896123;2026-05-12T16:43:42+00:00
CI;Côte d'Ivoire;coinafrique;location;appartement;appartements;Location apparemment à la Rivera Faya;400000;;;;Cocody;Faya;;https://ci.coinafrique.com/annonce/appartements/location-apparemment-a-la-rivera-faya-5904704;2026-05-12T16:43:42+00:00
CI;Côte d'Ivoire;coinafrique;location;appartement;appartements;Location apparemment 4 pièces à la Rivera faya;500000;;;4;Cocody;Faya;;https://ci.coinafrique.com/annonce/appartements/location-apparemment-4-pieces-a-la-rivera-faya-5904701;2026-05-12T16:43:42+00:00
CI;Côte d'Ivoire;coinafrique;location;appartement;appartements;Location appartements 4 pièces - Marcory;1300000;;;4;Marcory;;;https://ci.coinafrique.com/annonce/appartements/location-appartements-4-pieces-marcory-5865136;2026-05-12T16:43:42+00:00
CI;Côte d'Ivoire;coinafrique;location;appartement;appartements;Location appartement 5 pièces à Riviera M'badon;1400000;;;5;Cocody;Riviera M'Badon;;https://ci.coinafrique.com/annonce/appartements/location-appartement-5-pieces-a-riviera-mbadon-5882087;2026-05-12T16:43:42+00:00
CI;Côte d'Ivoire;coinafrique;location;appartement;appartements;Location appartement 2 pièces - Roro, commune de Cocody Rivièra palmeraie;38000000;;;2;Cocody;Palmeraie;;https://ci.coinafrique.com/annonce/appartements/location-appartement-2-pieces-roro-commune-de-cocody-riviera-palmeraie-5868488;2026-05-12T16:43:42+00:00
CI;Côte d'Ivoire;coinafrique;location;appartement;appartements;Location appartement - Cocody;280000000;;;;Cocody;;;https://ci.coinafrique.com/annonce/appartements/location-appartement-cocody-5863498;2026-05-12T16:43:42+00:00
CI;Côte d'Ivoire;coinafrique;location;appartement;appartements;Location appartement 4 pièces - Ablo commune de grand bassam;350000;;;4;Cocody;;;https://ci.coinafrique.com/annonce/appartements/location-appartement-4-pieces-ablo-commune-de-grand-bassam-5865064;2026-05-12T16:43:42+00:00
CI;Côte d'Ivoire;coinafrique;location;appartement;appartements;Location appartement 3 pièces - Cocody cité des arts;700000;;;3;Cocody;;;https://ci.coinafrique.com/annonce/appartements/location-appartement-3-pieces-cocody-cite-des-arts-5861755;2026-05-12T16:43:42+00:00
CI;Côte d'Ivoire;coinafrique;location;appartement;appartements;Location appartement 03 pièces - Cocody Riviera 3 cap nord;900000;;;3;Cocody;Riviera 3;;https://ci.coinafrique.com/annonce/appartements/location-appartement-03-pieces-cocody-riviera-3-cap-nord-5899292;2026-05-12T16:43:42+00:00
CI;Côte d'Ivoire;coinafrique;location;appartement;appartements;Location appartement 04 pièces - Cocody 3 Cap nord;1000000;;;4;Cocody;;;https://ci.coinafrique.com/annonce/appartements/location-appartement-04-pieces-cocody-3-cap-nord-5899286;2026-05-12T16:43:42+00:00
CI;Côte d'Ivoire;coinafrique;location;appartement;appartements;Location appartement 3 pièces - Cocody cité des arts;1200000;;;3;Cocody;;;https://ci.coinafrique.com/annonce/appartements/location-appartement-3-pieces-cocody-cite-des-arts-5894057;2026-05-12T16:43:42+00:00
CI;Côte d'Ivoire;coinafrique;location;appartement;appartements;Location appartements à Angre;520000;;;;Cocody;Angre;;https://ci.coinafrique.com/annonce/appartements/location-appartements-a-angre-5891426;2026-05-12T16:43:42+00:00
CI;Côte d'Ivoire;coinafrique;location;appartement;appartements;Location appartement 4pièces au rez-de-chaussée- Palmeraie;300000;;;4;Cocody;Palmeraie;;https://ci.coinafrique.com/annonce/appartements/location-appartement-4pieces-au-rez-de-chaussee-palmeraie-5904489;2026-05-12T16:43:42+00:00
CI;Côte d'Ivoire;coinafrique;location;appartement;appartements;Location appartement 3 pièces - Abatta -Rivièra nord/est;310000;;;3;Cocody;;;https://ci.coinafrique.com/annonce/appartements/location-appartement-3-pieces-abatta-riviera-nord-est-5886382;2026-05-12T16:43:42+00:00
CI;Côte d'Ivoire;coinafrique;location;appartement;appartements;Location appartement 5 pièces à Cocody rivera golf les elias;1000000;;;5;Cocody;;;https://ci.coinafrique.com/annonce/appartements/location-appartement-5-pieces-a-cocody-rivera-golf-les-elias-5895942;2026-05-12T16:43:42+00:00
CI;Côte d'Ivoire;coinafrique;location;appartement;appartements;Location appartement 5 pièces - Plateau;2000000;;;5;Cocody;;;https://ci.coinafrique.com/annonce/appartements/location-appartement-5-pieces-plateau-5875757;2026-05-12T16:43:42+00:00
CI;Côte d'Ivoire;coinafrique;location;appartement;appartements;Location appartement 5 pièces -Cocody riviera golf beverly hils;1300000;;;5;Cocody;Riviera Golf;;https://ci.coinafrique.com/annonce/appartements/location-appartement-5-pieces-cocody-riviera-golf-beverly-hils-5906114;2026-05-12T16:43:42+00:00
CI;Côte d'Ivoire;coinafrique;location;appartement;appartements;Location appartement 4 pièces avec ascenseur - faya résidentiel;350000;;;4;Cocody;Faya;;https://ci.coinafrique.com/annonce/appartements/location-appartement-4-pieces-avec-ascenseur-faya-residentiel-5886331;2026-05-12T16:43:42+00:00
CI;Côte d'Ivoire;coinafrique;location;appartement;appartements;Location appartement 3pièces - Faya playce;350000;;;3;Cocody;Faya;;https://ci.coinafrique.com/annonce/appartements/location-appartement-3pieces-faya-playce-5888120;2026-05-12T16:43:42+00:00
CI;Côte d'Ivoire;coinafrique;location;appartement;appartements;Location appartement 4 pièces à Rivera Golf;800000;;;4;Cocody;;;https://ci.coinafrique.com/annonce/appartements/location-appartement-4-pieces-a-rivera-golf-5892690;2026-05-12T16:43:42+00:00
CI;Côte d'Ivoire;coinafrique;location;appartement;appartements;Location appartement 3 pièces - Faya riviera;280000;;;3;Cocody;Faya;;https://ci.coinafrique.com/annonce/appartements/location-appartement-3-pieces-faya-riviera-5888083;2026-05-12T16:43:42+00:00
CI;Côte d'Ivoire;coinafrique;location;appartement;appartements;Location appartement - 2 plateaux vallon vers 12 ème arrondissement, un studio au 1er étage;110000;;;;Cocody;2 Plateaux;;https://ci.coinafrique.com/annonce/appartements/location-appartement-2-plateaux-vallon-vers-12-eme-arrondissement-un-studio-au-1er-etage-5902106;2026-05-12T16:43:42+00:00
CI;Côte d'Ivoire;coinafrique;location;appartement;appartements;Location appartement 4 pièces - Riviera golf 4 – beverly hills;2500000;;;4;Cocody;Riviera Golf;;https://ci.coinafrique.com/annonce/appartements/location-appartement-4-pieces-riviera-golf-4-beverly-hills-5895796;2026-05-12T16:43:42+00:00
CI;Côte d'Ivoire;coinafrique;location;appartement;appartements;Location penthouse 4 pièces avec vue lagunaire & golf - Riviera golf 4 – beverly hills;2500000;;;4;Cocody;Riviera Golf;;https://ci.coinafrique.com/annonce/appartements/location-penthouse-4-pieces-avec-vue-lagunaire-et-golf-riviera-golf-4-beverly-hills-5895802;2026-05-12T16:43:42+00:00
CI;Côte d'Ivoire;coinafrique;location;appartement;appartements;Location appartement 4 pièces - Angré chu djorobité;250000;;;4;Cocody;Angré;;https://ci.coinafrique.com/annonce/appartements/location-appartement-4-pieces-angre-chu-djorobite-5906053;2026-05-12T16:43:42+00:00
CI;Côte d'Ivoire;coinafrique;location;appartement;appartements;Location appartement 4 pièces - Faya;550000;;;4;Cocody;Faya;;https://ci.coinafrique.com/annonce/appartements/location-appartement-4-pieces-faya-5883099;2026-05-12T16:43:42+00:00
CI;Côte d'Ivoire;coinafrique;location;appartement;appartements;Location appartement 4 pièces à la rivera;300000;;;4;Cocody;;;https://ci.coinafrique.com/annonce/appartements/location-appartement-4-pieces-a-la-rivera-5895787;2026-05-12T16:43:42+00:00
CI;Côte d'Ivoire;coinafrique;location;appartement;appartements;Location appartement - Bingerville nouveau - 04 pcs;330000;;;;Cocody;;;https://ci.coinafrique.com/annonce/appartements/location-appartement-bingerville-nouveau-04-pcs-5902083;2026-05-12T16:43:42+00:00
CI;Côte d'Ivoire;coinafrique;location;appartement;appartements;Location appartement- Cocody Riviera 04 ( affi ) - bureaux ou habitations;900000;;;;Cocody;;;https://ci.coinafrique.com/annonce/appartements/location-appartement-cocody-riviera-04-affi-bureaux-ou-habitations-5902075;2026-05-12T16:43:42+00:00
CI;Côte d'Ivoire;coinafrique;location;appartement;appartements;Location appartement- Cocody Riviera 04 !!affi!! ( 03 / 04 pcs );1600000;;;;Cocody;;;https://ci.coinafrique.com/annonce/appartements/location-appartement-cocody-riviera-04-affi-03-04-pcs-5902074;2026-05-12T16:43:42+00:00
CI;Côte d'Ivoire;coinafrique;location;appartement;appartements;Location appartement - Cocody Riviera 04 verdoyante ( 03 pcs );500000;;;;Cocody;;;https://ci.coinafrique.com/annonce/appartements/location-appartement-cocody-riviera-04-verdoyante-03-pcs-5902070;2026-05-12T16:43:42+00:00
CI;Côte d'Ivoire;coinafrique;location;appartement;appartements;Location appartements 03pièces - Angre;250000;;;3;Cocody;Angre;;https://ci.coinafrique.com/annonce/appartements/location-appartements-03pieces-angre-5897275;2026-05-12T16:43:42+00:00
CI;Côte d'Ivoire;coinafrique;location;appartement;appartements;Location appartement 3 pièces - Cocody angré;280000;;;3;Cocody;Angré;;https://ci.coinafrique.com/annonce/appartements/location-appartement-3-pieces-cocody-angre-5897268;2026-05-12T16:43:42+00:00
CI;Côte d'Ivoire;coinafrique;location;appartement;appartements;Location appartements 4 pièces - Cocody angré;400000;;;4;Cocody;Angré;;https://ci.coinafrique.com/annonce/appartements/location-appartements-4-pieces-cocody-angre-5897266;2026-05-12T16:43:42+00:00
CI;Côte d'Ivoire;coinafrique;location;appartement;appartements;Location appartements 3 pièces - Cocody riviera 4 m'badon;650000;;;3;Cocody;Riviera 4;;https://ci.coinafrique.com/annonce/appartements/location-appartements-3-pieces-cocody-riviera-4-mbadon-5883032;2026-05-12T16:43:42+00:00
CI;Côte d'Ivoire;coinafrique;location;appartement;appartements;Location appartement 4pièces - Cocody rivera 4 mbadon;850000;;;4;Cocody;;;https://ci.coinafrique.com/annonce/appartements/location-appartement-4pieces-cocody-rivera-4-mbadon-5872243;2026-05-12T16:43:42+00:00
CI;Côte d'Ivoire;coinafrique;location;appartement;appartements;Location villa duplex 11pièces - Cocody rivera 4 mbadon;2500000;;;11;Cocody;;;https://ci.coinafrique.com/annonce/appartements/location-villa-duplex-11pieces-cocody-rivera-4-mbadon-5872236;2026-05-12T16:43:42+00:00
CI;Côte d'Ivoire;coinafrique;location;appartement;appartements;Location appartement 3 pièces à Cocody rivera bonoumin;800000;;;3;Cocody;Bonoumin;;https://ci.coinafrique.com/annonce/appartements/location-appartement-3-pieces-a-cocody-rivera-bonoumin-5877398;2026-05-12T16:43:42+00:00
CI;Côte d'Ivoire;coinafrique;location;appartement;appartements;Location appartement 4pièces - Cocody rivera bonoumin;900000;;;4;Cocody;Bonoumin;;https://ci.coinafrique.com/annonce/appartements/location-appartement-4pieces-cocody-rivera-bonoumin-5872221;2026-05-12T16:43:42+00:00
CI;Côte d'Ivoire;coinafrique;location;appartement;appartements;Location appartement 4 pièces à Cocody rivera 4 mbadon;1000000;;;4;Cocody;;;https://ci.coinafrique.com/annonce/appartements/location-appartement-4-pieces-a-cocody-rivera-4-mbadon-5864860;2026-05-12T16:43:42+00:00
CI;Côte d'Ivoire;coinafrique;location;appartement;appartements;Location appartement 2 pièces - le plateau longchamp;450000;;;2;Plateau;;;https://ci.coinafrique.com/annonce/appartements/location-appartement-2-pieces-le-plateau-longchamp-5877395;2026-05-12T16:43:42+00:00
CI;Côte d'Ivoire;coinafrique;location;appartement;appartements;Location appartement 3 pièces à louer situés cocody 3eme étages avec ascenseur - 2 plateaux;800000;;;3;Cocody;2 Plateaux;;https://ci.coinafrique.com/annonce/appartements/location-appartement-3-pieces-a-louer-situes-cocody-3eme-etages-avec-ascenseur-2-plateaux-5899067;2026-05-12T16:43:42+00:00
CI;Côte d'Ivoire;coinafrique;location;appartement;appartements;Location appartement 4 pièces à cocody 2plateaux les vallons;1500000;;;4;Cocody;Vallon;;https://ci.coinafrique.com/annonce/appartements/location-appartement-4-pieces-a-cocody-2plateaux-les-vallons-5864851;2026-05-12T16:43:42+00:00
CI;Côte d'Ivoire;coinafrique;location;appartement;appartements;Location appartement - Riviera M'badon;1500000;;;;Cocody;Riviera M'Badon;;https://ci.coinafrique.com/annonce/appartements/location-appartement-riviera-mbadon-5899061;2026-05-12T16:43:42+00:00
CI;Côte d'Ivoire;coinafrique;location;appartement;appartements;Location appartement 4 pièces - Marcory zone 4;1100000;;;4;Marcory;Zone 4;;https://ci.coinafrique.com/annonce/appartements/location-appartement-4-pieces-marcory-zone-4-5866380;2026-05-12T16:43:42+00:00
CI;Côte d'Ivoire;coinafrique;location;appartement;appartements;Location appartement 3pièces - Cocody angre;500000;;;3;Cocody;Angre;;https://ci.coinafrique.com/annonce/appartements/location-appartement-3pieces-cocody-angre-5861587;2026-05-12T16:43:42+00:00
CI;Côte d'Ivoire;coinafrique;location;appartement;appartements;Location appartement 3pièces - Cocody Riviera;600000;;;3;Cocody;;;https://ci.coinafrique.com/annonce/appartements/location-appartement-3pieces-cocody-riviera-5879159;2026-05-12T16:43:42+00:00
CI;Côte d'Ivoire;coinafrique;location;appartement;appartements;Location appartement - Riviera M'badon;350000;;;;Cocody;Riviera M'Badon;;https://ci.coinafrique.com/annonce/appartements/location-appartement-riviera-mbadon-5899060;2026-05-12T16:43:42+00:00
CI;Côte d'Ivoire;coinafrique;location;appartement;appartements;Location appartement 3 pièces - Cocody danga;850000;;;3;Cocody;Danga;;https://ci.coinafrique.com/annonce/appartements/location-appartement-3-pieces-cocody-danga-5870934;2026-05-12T16:43:42+00:00
CI;Côte d'Ivoire;coinafrique;location;appartement;appartements;Location appartement 3pièces - Cocody rivera attoban;600000;;;3;Cocody;Attoban;;https://ci.coinafrique.com/annonce/appartements/location-appartement-3pieces-cocody-rivera-attoban-5893697;2026-05-12T16:43:42+00:00
CI;Côte d'Ivoire;coinafrique;location;appartement;appartements;Location appartement - Riviera M'badon;500000;;;;Cocody;Riviera M'Badon;;https://ci.coinafrique.com/annonce/appartements/location-appartement-riviera-mbadon-5899058;2026-05-12T16:43:42+00:00
CI;Côte d'Ivoire;coinafrique;location;appartement;appartements;Location appartement meublé 3pièces -Abidjan marcory zone 4;1900000;;;3;Cocody;;;https://ci.coinafrique.com/annonce/appartements/location-appartement-meuble-3pieces-abidjan-marcory-zone-4-5861569;2026-05-12T16:43:42+00:00
CI;Côte d'Ivoire;coinafrique;location;appartement;appartements;Location appartement 3 pièces - Angré djorobité;260000;;;3;Cocody;Angré;;https://ci.coinafrique.com/annonce/appartements/location-appartement-3-pieces-angre-djorobite-5886105;2026-05-12T16:43:42+00:00
CI;Côte d'Ivoire;coinafrique;location;appartement;appartements;Location studio - cocody centre cité des arts;300000;;;;Cocody;Cocody Centre;;https://ci.coinafrique.com/annonce/appartements/location-studio-cocody-centre-cite-des-arts-5877367;2026-05-12T16:43:42+00:00
CI;Côte d'Ivoire;coinafrique;location;appartement;appartements;Location appartement - Riviera M'badon _ l'ambassade de chine;1200000;;;;Cocody;Riviera M'Badon;;https://ci.coinafrique.com/annonce/appartements/location-appartement-riviera-mbadon-lambassade-de-chine-5899053;2026-05-12T16:43:42+00:00
CI;Côte d'Ivoire;coinafrique;location;appartement;appartements;Location appartement - Riviera M'badon;850000;;;;Cocody;Riviera M'Badon;;https://ci.coinafrique.com/annonce/appartements/location-appartement-riviera-mbadon-5899050;2026-05-12T16:43:42+00:00
CI;Côte d'Ivoire;coinafrique;location;appartement;appartements;Location appartement 3 pièces - Cocody bonoumin;850000;;;3;Cocody;Bonoumin;;https://ci.coinafrique.com/annonce/appartements/location-appartement-3-pieces-cocody-bonoumin-5861555;2026-05-12T16:43:42+00:00
CI;Côte d'Ivoire;coinafrique;location;appartement;appartements;Location appartement 4 pièces - Cocody riviera bonoumin;1100000;;;4;Cocody;Riviera Bonoumin;;https://ci.coinafrique.com/annonce/appartements/location-appartement-4-pieces-cocody-riviera-bonoumin-5861547;2026-05-12T16:43:42+00:00
CI;Côte d'Ivoire;coinafrique;location;appartement;appartements;Location appartements 3 pièces - Cocody M’badon;835000;;;3;Cocody;;;https://ci.coinafrique.com/annonce/appartements/location-appartements-3-pieces-cocody-mbadon-5866329;2026-05-12T16:43:42+00:00
CI;Côte d'Ivoire;coinafrique;location;appartement;appartements;Location appartement de standing 3 pièces - cocody danga;750000;;;3;Cocody;Danga;;https://ci.coinafrique.com/annonce/appartements/location-appartement-de-standing-3-pieces-cocody-danga-5877353;2026-05-12T16:43:42+00:00
CI;Côte d'Ivoire;coinafrique;location;appartement;appartements;Location appartement 4 pièces - Cocody riviera;1100000;;;4;Cocody;;;https://ci.coinafrique.com/annonce/appartements/location-appartement-4-pieces-cocody-riviera-5861550;2026-05-12T16:43:42+00:00
CI;Côte d'Ivoire;coinafrique;location;appartement;appartements;Location appartement 3 pièces - Rivièra faya;350000;;;3;Cocody;Faya;;https://ci.coinafrique.com/annonce/appartements/location-appartement-3-pieces-riviera-faya-5886081;2026-05-12T16:43:42+00:00
CI;Côte d'Ivoire;coinafrique;location;appartement;appartements;Location appartements 4 pièces - Marcory zone 4;1100000;;;4;Marcory;Zone 4;;https://ci.coinafrique.com/annonce/appartements/location-appartements-4-pieces-marcory-zone-4-5866302;2026-05-12T16:43:42+00:00
CI;Côte d'Ivoire;coinafrique;location;appartement;appartements;Location appartement- Riviera M'badon;950000;;;;Cocody;Riviera M'Badon;;https://ci.coinafrique.com/annonce/appartements/location-appartement-riviera-mbadon-5899049;2026-05-12T16:43:42+00:00
CI;Côte d'Ivoire;coinafrique;location;appartement;appartements;Location appartement de standing 3 pièces - Cocody 2 plateaux 8eme tranche;420000;;;3;Cocody;2 Plateaux;;https://ci.coinafrique.com/annonce/appartements/location-appartement-de-standing-3-pieces-cocody-2-plateaux-8eme-tranche-5899048;2026-05-12T16:43:42+00:00
CI;Côte d'Ivoire;coinafrique;location;appartement;appartements;Location appartement - Riviera M'badon;1250000;;;;Cocody;Riviera M'Badon;;https://ci.coinafrique.com/annonce/appartements/location-appartement-riviera-mbadon-5899046;2026-05-12T16:43:42+00:00
CI;Côte d'Ivoire;coinafrique;location;appartement;appartements;Location appartement 3 et 4 pièces - Rivièra attoban;600000;;;4;Cocody;Attoban;;https://ci.coinafrique.com/annonce/appartements/location-appartement-3-et-4-pieces-riviera-attoban-5886060;2026-05-12T16:43:42+00:00
CI;Côte d'Ivoire;coinafrique;location;appartement;appartements;Location appartement 2 pièces - plateaux;750000;;;2;Plateau;;;https://ci.coinafrique.com/annonce/appartements/location-appartement-2-pieces-plateaux-5863114;2026-05-12T16:43:42+00:00
CI;Côte d'Ivoire;coinafrique;location;appartement;appartements;Location appartement de standing 5 pièces au penthouse - Cocody Riviera palmeraie;700000;;;5;Cocody;Riviera Palmeraie;;https://ci.coinafrique.com/annonce/appartements/location-appartement-de-standing-5-pieces-au-penthouse-cocody-riviera-palmeraie-5899038;2026-05-12T16:43:42+00:00
CI;Côte d'Ivoire;coinafrique;location;appartement;appartements;Location appartement 4pièces’ - Cocody rivera;950000;;;4;Cocody;;;https://ci.coinafrique.com/annonce/appartements/location-appartement-4pieces-cocody-rivera-5886033;2026-05-12T16:43:42+00:00
CI;Côte d'Ivoire;coinafrique;location;appartement;appartements;Location appartement 3pièces - Cocody rivera;500000;;;3;Cocody;;;https://ci.coinafrique.com/annonce/appartements/location-appartement-3pieces-cocody-rivera-5864778;2026-05-12T16:43:42+00:00
CI;Côte d'Ivoire;coinafrique;location;appartement;appartements;Location Appartement 3 pièces - Cocody Berverly hills au rez-de-chaussée;1100000;;;3;Cocody;;;https://ci.coinafrique.com/annonce/appartements/location-appartement-3-pieces-cocody-berverly-hills-au-rez-de-chaussee-5901930;2026-05-12T16:43:42+00:00
CI;Côte d'Ivoire;coinafrique;location;appartement;appartements;Location appartement 4pièces -Riviera;1000000;;;4;Cocody;;;https://ci.coinafrique.com/annonce/appartements/location-appartement-4pieces-riviera-5864774;2026-05-12T16:43:42+00:00
CI;Côte d'Ivoire;coinafrique;location;appartement;appartements;Location studio - Cocody abatta;200000;;;;Cocody;;;https://ci.coinafrique.com/annonce/appartements/location-studio-cocody-abatta-5905921;2026-05-12T16:43:42+00:00
CI;Côte d'Ivoire;coinafrique;location;appartement;appartements;Location appartement 4 pièces - Cocody 2 plateaux vallon 12eme;75000000;;;4;Cocody;2 Plateaux;;https://ci.coinafrique.com/annonce/appartements/location-appartement-4-pieces-cocody-2-plateaux-vallon-12eme-5899024;2026-05-12T16:43:42+00:00
CI;Côte d'Ivoire;coinafrique;location;appartement;appartements;Location appartement 4 pièces - Marcory zone 4;1500000;;;4;Marcory;Zone 4;;https://ci.coinafrique.com/annonce/appartements/location-appartement-4-pieces-marcory-zone-4-5873757;2026-05-12T16:43:42+00:00
CI;Côte d'Ivoire;coinafrique;location;appartement;appartements;Location appartement 4 pièces - cocody - riviera golf 01;2000000;;;4;Cocody;Riviera Golf;;https://ci.coinafrique.com/annonce/appartements/location-appartement-4-pieces-cocody-riviera-golf-01-5893581;2026-05-12T16:43:42+00:00
CI;Côte d'Ivoire;coinafrique;location;appartement;appartements;Location appartement 4pièces - Cocody angre nouveau chu nouvelle construction;400000;;;4;Cocody;Angre;;https://ci.coinafrique.com/annonce/appartements/location-appartement-4pieces-cocody-angre-nouveau-chu-nouvelle-construction-5895513;2026-05-12T16:43:42+00:00
CI;Côte d'Ivoire;coinafrique;location;appartement;appartements;Location appartements 5 pièces - Cocody riviera m’badon ambassade de chine;2000000;;;5;Cocody;;;https://ci.coinafrique.com/annonce/appartements/location-appartements-5-pieces-cocody-riviera-mbadon-ambassade-de-chine-5898999;2026-05-12T16:43:42+00:00
CI;Côte d'Ivoire;coinafrique;location;appartement;appartements;Location appartement de standing 4 pièces - marcory résidentiel;1150000;;;4;Marcory;Résidentiel;;https://ci.coinafrique.com/annonce/appartements/location-appartement-de-standing-4-pieces-marcory-residentiel-5863060;2026-05-12T16:43:42+00:00
CI;Côte d'Ivoire;coinafrique;location;appartement;appartements;Location appartement 4 pièces - Rivièra 04 - m’badon;1300000;;;4;Cocody;;;https://ci.coinafrique.com/annonce/appartements/location-appartement-4-pieces-riviera-04-mbadon-5893568;2026-05-12T16:43:42+00:00
CI;Côte d'Ivoire;coinafrique;location;appartement;appartements;Location appartement 4 pièces - Cocody riviera m'badon;1500000;;;4;Cocody;Riviera M'Badon;;https://ci.coinafrique.com/annonce/appartements/location-appartement-4-pieces-cocody-riviera-mbadon-5873755;2026-05-12T16:43:42+00:00
CI;Côte d'Ivoire;coinafrique;location;appartement;appartements;Location appartement 3 pièces à Cocosdy Faya Abatta;270000;;;3;Cocody;Faya;;https://ci.coinafrique.com/annonce/appartements/location-appartement-3-pieces-a-cocosdy-faya-abatta-5903163;2026-05-12T16:43:42+00:00
CI;Côte d'Ivoire;coinafrique;location;appartement;appartements;Location appartement 3 pièces - Cocody riviera palmeraie;500000;;;3;Cocody;Riviera Palmeraie;;https://ci.coinafrique.com/annonce/appartements/location-appartement-3-pieces-cocody-riviera-palmeraie-5868000;2026-05-12T16:43:42+00:00
CI;Côte d'Ivoire;coinafrique;location;appartement;appartements;Location appartement 3 pièces - Cocody danga;1600000;;;3;Cocody;Danga;;https://ci.coinafrique.com/annonce/appartements/location-appartement-3-pieces-cocody-danga-5891000;2026-05-12T16:43:42+00:00
CI;Côte d'Ivoire;coinafrique;location;appartement;appartements;Location appartement 3 pièces à cocody-angré 8ème tranche;270000;;;3;Cocody;Angré;;https://ci.coinafrique.com/annonce/appartements/location-appartement-3-pieces-a-cocody-angre-8eme-tranche-5872044;2026-05-12T16:43:42+00:00
CI;Côte d'Ivoire;coinafrique;location;appartement;appartements;Location appartement 4 pièces -Cocody angre nouveau chu;330000;;;4;Cocody;Angre;;https://ci.coinafrique.com/annonce/appartements/location-appartement-4-pieces-cocody-angre-nouveau-chu-5895493;2026-05-12T16:43:42+00:00
CI;Côte d'Ivoire;coinafrique;location;appartement;appartements;Location appartement 3 pièces à Cocody Angré gestoci;350000;;;3;Cocody;Angré;;https://ci.coinafrique.com/annonce/appartements/location-appartement-3-pieces-a-cocody-angre-gestoci-5881780;2026-05-12T16:43:42+00:00
CI;Côte d'Ivoire;coinafrique;location;appartement;appartements;Location appartement 4 pièces -Cocody angre nouveau chu;330000;;;4;Cocody;Angre;;https://ci.coinafrique.com/annonce/appartements/location-appartement-4-pieces-cocody-angre-nouveau-chu-5895489;2026-05-12T16:43:42+00:00
CI;Côte d'Ivoire;coinafrique;location;appartement;appartements;Location appartement 4 pièces - Cocody angre nouveau chu;330000;;;4;Cocody;Angre;;https://ci.coinafrique.com/annonce/appartements/location-appartement-4-pieces-cocody-angre-nouveau-chu-5895488;2026-05-12T16:43:42+00:00
CI;Côte d'Ivoire;coinafrique;location;appartement;appartements;Location appartement 2pièces - Faya route abatta;180000;;;2;Cocody;Faya;;https://ci.coinafrique.com/annonce/appartements/location-appartement-2pieces-faya-route-abatta-5869682;2026-05-12T16:43:42+00:00
CI;Côte d'Ivoire;coinafrique;location;appartement;appartements;Location appartement 4 pièces - Cocody angre nouveau chu;330000;;;4;Cocody;Angre;;https://ci.coinafrique.com/annonce/appartements/location-appartement-4-pieces-cocody-angre-nouveau-chu-5895485;2026-05-12T16:43:42+00:00
CI;Côte d'Ivoire;coinafrique;location;appartement;appartements;Location appartement 3 pièces - Cocody angre nouveau chu;330000;;;3;Cocody;Angre;;https://ci.coinafrique.com/annonce/appartements/location-appartement-3-pieces-cocody-angre-nouveau-chu-5895487;2026-05-12T16:43:42+00:00
CI;Côte d'Ivoire;coinafrique;location;appartement;appartements;Location appartement 2 pièces - Cocody angre nouveau chu;250000;;;2;Cocody;Angre;;https://ci.coinafrique.com/annonce/appartements/location-appartement-2-pieces-cocody-angre-nouveau-chu-5895482;2026-05-12T16:43:42+00:00
CI;Côte d'Ivoire;coinafrique;location;appartement;appartements;Location appartement 3 pièces - plateaux centre;800000;;;3;Plateau;;;https://ci.coinafrique.com/annonce/appartements/location-appartement-3-pieces-plateaux-centre-5890980;2026-05-12T16:43:42+00:00
CI;Côte d'Ivoire;coinafrique;location;appartement;appartements;Location appartement 4 pièces - Cocody danga;1200000;;;4;Cocody;Danga;;https://ci.coinafrique.com/annonce/appartements/location-appartement-4-pieces-cocody-danga-5870948;2026-05-12T16:43:42+00:00
CI;Côte d'Ivoire;coinafrique;location;appartement;appartements;Location appartement 2 pièces - Cocody angre nouveau chu;250000;;;2;Cocody;Angre;;https://ci.coinafrique.com/annonce/appartements/location-appartement-2-pieces-cocody-angre-nouveau-chu-5895476;2026-05-12T16:43:42+00:00
CI;Côte d'Ivoire;coinafrique;location;appartement;appartements;Location appartement 2 pièces - Cocody angre nouveau chu;250000;;;2;Cocody;Angre;;https://ci.coinafrique.com/annonce/appartements/location-appartement-2-pieces-cocody-angre-nouveau-chu-5895474;2026-05-12T16:43:42+00:00
CI;Côte d'Ivoire;coinafrique;location;appartement;appartements;Location appartement 3 pièces - Angré cité gestoci;230000;;;3;Cocody;Angré;;https://ci.coinafrique.com/annonce/appartements/location-appartement-3-pieces-angre-cite-gestoci-5869669;2026-05-12T16:43:42+00:00
CI;Côte d'Ivoire;coinafrique;location;appartement;appartements;Location appartement 4 pièces - Cocody angre nouveau;450000;;;4;Cocody;Angre;;https://ci.coinafrique.com/annonce/appartements/location-appartement-4-pieces-cocody-angre-nouveau-5895471;2026-05-12T16:43:42+00:00
CI;Côte d'Ivoire;coinafrique;location;appartement;appartements;Location appartement de haut standing 6 pièces - Marcory résidentiel;1400000;;;6;Marcory;Résidentiel;haut;https://ci.coinafrique.com/annonce/appartements/location-appartement-de-haut-standing-6-pieces-marcory-residentiel-5867977;2026-05-12T16:43:42+00:00
CI;Côte d'Ivoire;coinafrique;location;appartement;appartements;Location appartement 5 pièces - Cocody riviera m'badon;1300000;;;5;Cocody;Riviera M'Badon;;https://ci.coinafrique.com/annonce/appartements/location-appartement-5-pieces-cocody-riviera-mbadon-5867961;2026-05-12T16:43:42+00:00
CI;Côte d'Ivoire;coinafrique;location;appartement;appartements;Location appartement 4 pièces - Cocody angre nouveau chu;450000;;;4;Cocody;Angre;;https://ci.coinafrique.com/annonce/appartements/location-appartement-4-pieces-cocody-angre-nouveau-chu-5895467;2026-05-12T16:43:42+00:00
CI;Côte d'Ivoire;coinafrique;location;appartement;appartements;Location appartement de standing 2 pièces - Cocody 2 plateaux vallon;280000;;;2;Cocody;2 Plateaux;;https://ci.coinafrique.com/annonce/appartements/location-appartement-de-standing-2-pieces-cocody-2-plateaux-vallon-5900382;2026-05-12T16:43:42+00:00
CI;Côte d'Ivoire;coinafrique;location;appartement;appartements;Location appartement 3pièces- Cocody m’badon;1000000;;;3;Cocody;;;https://ci.coinafrique.com/annonce/appartements/location-appartement-3pieces-cocody-mbadon-5880402;2026-05-12T16:43:42+00:00
CI;Côte d'Ivoire;coinafrique;location;appartement;appartements;Location appartement 4 pièces - Riviera golf;2500000;;;4;Cocody;Riviera Golf;;https://ci.coinafrique.com/annonce/appartements/location-appartement-4-pieces-riviera-golf-5892421;2026-05-12T16:43:42+00:00
CI;Côte d'Ivoire;coinafrique;location;appartement;appartements;Location appartement 4 pièces - Cocody 2 plateaux vallon;2200000;;;4;Cocody;2 Plateaux;;https://ci.coinafrique.com/annonce/appartements/location-appartement-4-pieces-cocody-2-plateaux-vallon-5895433;2026-05-12T16:43:42+00:00
CI;Côte d'Ivoire;coinafrique;location;appartement;appartements;Location appartement de standing 4 pièces - cocody saint jean;650000;;;4;Cocody;Saint Jean;;https://ci.coinafrique.com/annonce/appartements/location-appartement-de-standing-4-pieces-cocody-saint-jean-5878944;2026-05-12T16:43:42+00:00
CI;Côte d'Ivoire;coinafrique;location;appartement;appartements;Location appartement 5 pièces - Attoban;650000;;;5;Cocody;Attoban;;https://ci.coinafrique.com/annonce/appartements/location-appartement-5-pieces-attoban-5904026;2026-05-12T16:43:42+00:00
CI;Côte d'Ivoire;coinafrique;location;appartement;appartements;Location appartement 4 pièces - Cocody riviera m'badon;900000;;;4;Cocody;Riviera M'Badon;;https://ci.coinafrique.com/annonce/appartements/location-appartement-4-pieces-cocody-riviera-mbadon-5892395;2026-05-12T16:43:42+00:00
CI;Côte d'Ivoire;coinafrique;location;appartement;appartements;Location appartement 3 pièces - Cocody Danga;850000;;;3;Cocody;Danga;;https://ci.coinafrique.com/annonce/appartements/location-appartement-3-pieces-cocody-danga-5864640;2026-05-12T16:43:42+00:00
CI;Côte d'Ivoire;coinafrique;location;appartement;appartements;Location appartement 3pièces - Cocody angre nouveau chu;500000;;;3;Cocody;Angre;;https://ci.coinafrique.com/annonce/appartements/location-appartement-3pieces-cocody-angre-nouveau-chu-5904004;2026-05-12T16:43:42+00:00
CI;Côte d'Ivoire;coinafrique;location;appartement;appartements;Location appartements 03 pièces - Cocody riviera golf 1;500000;;;3;Cocody;Riviera Golf;;https://ci.coinafrique.com/annonce/appartements/location-appartements-03-pieces-cocody-riviera-golf-1-5877158;2026-05-12T16:43:42+00:00
CI;Côte d'Ivoire;coinafrique;location;appartement;appartements;Location appartements 04 pièces - cocody riviera m'badon;1600000;;;4;Cocody;Riviera M'Badon;;https://ci.coinafrique.com/annonce/appartements/location-appartements-04-pieces-cocody-riviera-mbadon-5893440;2026-05-12T16:43:42+00:00
CI;Côte d'Ivoire;coinafrique;location;appartement;appartements;Location appartement 3 pièces - Cocody-riviera faya;300000;;;3;Cocody;Riviera Faya;;https://ci.coinafrique.com/annonce/appartements/location-appartement-3-pieces-cocody-riviera-faya-5873578;2026-05-12T16:43:42+00:00
CI;Côte d'Ivoire;coinafrique;location;appartement;appartements;Location appartements 04 pièces - cocody riviera golf beverly hills;2500000;;;4;Cocody;Riviera Golf;;https://ci.coinafrique.com/annonce/appartements/location-appartements-04-pieces-cocody-riviera-golf-beverly-hills-5893433;2026-05-12T16:43:42+00:00
CI;Côte d'Ivoire;coinafrique;location;appartement;appartements;Location appartement 4 pièces - Yopougon locodjo;28000000;;;4;Yopougon;;;https://ci.coinafrique.com/annonce/appartements/location-appartement-4-pieces-yopougon-locodjo-5889255;2026-05-12T16:43:42+00:00
CI;Côte d'Ivoire;coinafrique;location;appartement;appartements;Location appartement 4 pièces - Cocody rivièra golf beverly;2500000;;;4;Cocody;;;https://ci.coinafrique.com/annonce/appartements/location-appartement-4-pieces-cocody-riviera-golf-beverly-5892312;2026-05-12T16:43:42+00:00
CI;Côte d'Ivoire;coinafrique;location;appartement;appartements;Location appartement de standing 3 pièces - Cocody riviera bonoumin;550000;;;3;Cocody;Riviera Bonoumin;;https://ci.coinafrique.com/annonce/appartements/location-appartement-de-standing-3-pieces-cocody-riviera-bonoumin-5825468;2026-05-12T16:43:42+00:00
CI;Côte d'Ivoire;coinafrique;location;appartement;appartements;Location appartement 3pièces - Cocody riviera;50000000;;;3;Cocody;;;https://ci.coinafrique.com/annonce/appartements/location-appartement-3pieces-cocody-riviera-5864630;2026-05-12T16:43:42+00:00
CI;Côte d'Ivoire;coinafrique;location;appartement;appartements;location appartements 04 pièces - marcory résidentiel non loin de farah;1000000;;;4;Marcory;Résidentiel;;https://ci.coinafrique.com/annonce/appartements/location-appartements-04-pieces-marcory-residentiel-non-loin-de-farah-5893426;2026-05-12T16:43:42+00:00
CI;Côte d'Ivoire;coinafrique;location;appartement;appartements;Location penthouse - Riviera bonoumin;7000000;;;;Cocody;Riviera Bonoumin;;https://ci.coinafrique.com/annonce/appartements/location-penthouse-riviera-bonoumin-5895320;2026-05-12T16:43:42+00:00
CI;Côte d'Ivoire;coinafrique;location;appartement;appartements;Location appartement 2 pièces - Bingerville feh késsé;140000;;;2;Bingerville;;;https://ci.coinafrique.com/annonce/appartements/location-appartement-2-pieces-bingerville-feh-kesse-5882665;2026-05-12T16:43:42+00:00
CI;Côte d'Ivoire;coinafrique;location;appartement;appartements;Location appartement 4pièces - riviera golf;160000000;;;4;Riviera;;;https://ci.coinafrique.com/annonce/appartements/location-appartement-4pieces-riviera-golf-5870846;2026-05-12T16:43:42+00:00
CI;Côte d'Ivoire;coinafrique;location;appartement;appartements;Location appartement 3pièces - Cocody-riviera;300000;;;3;Cocody;;;https://ci.coinafrique.com/annonce/appartements/location-appartement-3pieces-cocody-riviera-5873555;2026-05-12T16:43:42+00:00
CI;Côte d'Ivoire;coinafrique;location;appartement;appartements;Location appartements 04 pièces - Cocody Riviera m’badon;1000000;;;4;Cocody;;;https://ci.coinafrique.com/annonce/appartements/location-appartements-04-pieces-cocody-riviera-mbadon-5866056;2026-05-12T16:43:42+00:00
CI;Côte d'Ivoire;coinafrique;location;appartement;appartements;Location appartements 04 pièces - cocody riviera m'badon;1300000;;;4;Cocody;Riviera M'Badon;;https://ci.coinafrique.com/annonce/appartements/location-appartements-04-pieces-cocody-riviera-mbadon-5893414;2026-05-12T16:43:42+00:00
CI;Côte d'Ivoire;coinafrique;location;appartement;appartements;Location appartements 04 pièces - Cocody centre;1200000;;;4;Cocody;Cocody Centre;;https://ci.coinafrique.com/annonce/appartements/location-appartements-04-pieces-cocody-centre-5877118;2026-05-12T16:43:42+00:00
CI;Côte d'Ivoire;coinafrique;location;appartement;appartements;Location appartement 4 pièces - Cocody 2 plateaux vallon;1500000;;;4;Cocody;2 Plateaux;;https://ci.coinafrique.com/annonce/appartements/location-appartement-4-pieces-cocody-2-plateaux-vallon-5885827;2026-05-12T16:43:42+00:00
CI;Côte d'Ivoire;coinafrique;location;appartement;appartements;Location appartements 3 pièces - Marcory zone 4;1250000;;;3;Marcory;Zone 4;;https://ci.coinafrique.com/annonce/appartements/location-appartements-3-pieces-marcory-zone-4-5901719;2026-05-12T16:43:42+00:00
CI;Côte d'Ivoire;coinafrique;location;appartement;appartements;Location appartements 04 pièces - cocody riviera m'badon;1300000;;;4;Cocody;Riviera M'Badon;;https://ci.coinafrique.com/annonce/appartements/location-appartements-04-pieces-cocody-riviera-mbadon-5893404;2026-05-12T16:43:42+00:00
CI;Côte d'Ivoire;coinafrique;location;appartement;appartements;Location appartement 4 pièces - Riviera golf;800000;;;4;Cocody;Riviera Golf;;https://ci.coinafrique.com/annonce/appartements/location-appartement-4-pieces-riviera-golf-5885810;2026-05-12T16:43:42+00:00
CI;Côte d'Ivoire;coinafrique;location;appartement;appartements;Location appartement 5 pièces a la Riviera golf beverly hills;2500000;;;5;Cocody;Riviera Golf;;https://ci.coinafrique.com/annonce/appartements/location-appartement-5-pieces-a-la-riviera-golf-beverly-hills-5887693;2026-05-12T16:43:42+00:00
CI;Côte d'Ivoire;coinafrique;location;appartement;appartements;Location appartements 03 pièces - Cocody riviera 3;850000;;;3;Cocody;Riviera 3;;https://ci.coinafrique.com/annonce/appartements/location-appartements-03-pieces-cocody-riviera-3-5880344;2026-05-12T16:43:42+00:00
CI;Côte d'Ivoire;coinafrique;location;appartement;appartements;Location appartements 03 pièces - cocody riviera m'badon;650000;;;3;Cocody;Riviera M'Badon;;https://ci.coinafrique.com/annonce/appartements/location-appartements-03-pieces-cocody-riviera-mbadon-5893400;2026-05-12T16:43:42+00:00
CI;Côte d'Ivoire;coinafrique;location;appartement;appartements;Location appartements 04 pièces - Cocody riviera 3;1000000;;;4;Cocody;Riviera 3;;https://ci.coinafrique.com/annonce/appartements/location-appartements-04-pieces-cocody-riviera-3-5880346;2026-05-12T16:43:42+00:00
CI;Côte d'Ivoire;coinafrique;location;appartement;appartements;Location appartements 04 pièces - cocody deux plateaux vallon;1800000;;;4;Cocody;Deux Plateaux;;https://ci.coinafrique.com/annonce/appartements/location-appartements-04-pieces-cocody-deux-plateaux-vallon-5893388;2026-05-12T16:43:42+00:00
CI;Côte d'Ivoire;coinafrique;location;appartement;appartements;Location appartements 04 pièces - cocody danga;1300000;;;4;Cocody;Danga;;https://ci.coinafrique.com/annonce/appartements/location-appartements-04-pieces-cocody-danga-5893397;2026-05-12T16:43:42+00:00
CI;Côte d'Ivoire;coinafrique;location;appartement;appartements;Location appartement 5 pièces - Cocody Faya;600000;;;5;Cocody;Faya;;https://ci.coinafrique.com/annonce/appartements/location-appartement-5-pieces-cocody-faya-5901692;2026-05-12T16:43:42+00:00
CI;Côte d'Ivoire;coinafrique;location;appartement;appartements;Location appartement 3 pièces à Cocody angre nouveau chu;400000;;;3;Cocody;Angre;;https://ci.coinafrique.com/annonce/appartements/location-appartement-3-pieces-a-cocody-angre-nouveau-chu-5884136;2026-05-12T16:43:42+00:00
CI;Côte d'Ivoire;coinafrique;location;appartement;appartements;Location appartement 4 pièces - Cocody;2800000;;;4;Cocody;;;https://ci.coinafrique.com/annonce/appartements/location-appartement-4-pieces-cocody-5892301;2026-05-12T16:43:42+00:00
CI;Côte d'Ivoire;coinafrique;location;appartement;appartements;Location appartement 4pièces - Cocody rivera 4;1300000;;;4;Cocody;;;https://ci.coinafrique.com/annonce/appartements/location-appartement-4pieces-cocody-rivera-4-5889189;2026-05-12T16:43:42+00:00
CI;Côte d'Ivoire;coinafrique;location;appartement;appartements;Location appartement haut standing de 4 pièces disponible a la rivera 4 m’badon 3 grandes chambres autonomes;1100000;;;4;Cocody;;haut;https://ci.coinafrique.com/annonce/appartements/location-appartement-haut-standing-de-4-pieces-disponible-a-la-rivera-4-mbadon-3-grandes-chambres-autonomes-5900231;2026-05-12T16:43:42+00:00
CI;Côte d'Ivoire;coinafrique;location;appartement;appartements;Location appartement 3pièces - Faya coq ivoire;250000;;;3;Cocody;Faya;;https://ci.coinafrique.com/annonce/appartements/location-appartement-3pieces-faya-coq-ivoire-5880307;2026-05-12T16:43:42+00:00
CI;Côte d'Ivoire;coinafrique;location;appartement;appartements;Location appartement 3pièces - Faya;250000;;;3;Cocody;Faya;;https://ci.coinafrique.com/annonce/appartements/location-appartement-3pieces-faya-5880314;2026-05-12T16:43:42+00:00
CI;Côte d'Ivoire;coinafrique;location;appartement;appartements;Location appartement 4 pièces - Cocody;110000000;;;4;Cocody;;;https://ci.coinafrique.com/annonce/appartements/location-appartement-4-pieces-cocody-5898745;2026-05-12T16:43:42+00:00
CI;Côte d'Ivoire;coinafrique;location;appartement;appartements;Location appartement 5 pièces - Abidjan;1000000;;;5;Cocody;;;https://ci.coinafrique.com/annonce/appartements/location-appartement-5-pieces-abidjan-5898747;2026-05-12T16:43:42+00:00
CI;Côte d'Ivoire;coinafrique;location;appartement;appartements;Location appartement 3pièces - Riviéra Abatta;260000;;;3;Cocody;;;https://ci.coinafrique.com/annonce/appartements/location-appartement-3pieces-riviera-abatta-5880294;2026-05-12T16:43:42+00:00
CI;Côte d'Ivoire;coinafrique;location;appartement;appartements;Location appartement 3 pièces - Marcory zone 4;1500000;;;3;Marcory;Zone 4;;https://ci.coinafrique.com/annonce/appartements/location-appartement-3-pieces-marcory-zone-4-5885737;2026-05-12T16:43:42+00:00
CI;Côte d'Ivoire;coinafrique;location;appartement;appartements;Location appartement 3pièces à cocody abatta;240000;;;3;Cocody;;;https://ci.coinafrique.com/annonce/appartements/location-appartement-3pieces-a-cocody-abatta-5884082;2026-05-12T16:43:42+00:00
CI;Côte d'Ivoire;coinafrique;location;appartement;appartements;Location appartements 6 pièces - Marcory résidentiel;2500000;;;6;Marcory;Résidentiel;;https://ci.coinafrique.com/annonce/appartements/location-appartements-6-pieces-marcory-residentiel-5877042;2026-05-12T16:43:42+00:00
CI;Côte d'Ivoire;coinafrique;location;appartement;appartements;Location appartement 4 pièces - Riviera golf;700000;;;4;Cocody;Riviera Golf;;https://ci.coinafrique.com/annonce/appartements/location-appartement-4-pieces-riviera-golf-5892260;2026-05-12T16:43:42+00:00
CI;Côte d'Ivoire;coinafrique;location;appartement;appartements;Location appartements 6 pièces - Marcory;2500000;;;6;Marcory;;;https://ci.coinafrique.com/annonce/appartements/location-appartements-6-pieces-marcory-5885733;2026-05-12T16:43:42+00:00
CI;Côte d'Ivoire;coinafrique;location;appartement;appartements;Location appartement 4 pièces - Rivièra golf Élias;800000;;;4;Cocody;;;https://ci.coinafrique.com/annonce/appartements/location-appartement-4-pieces-riviera-golf-elias-5869359;2026-05-12T16:43:42+00:00
CI;Côte d'Ivoire;coinafrique;location;appartement;appartements;Location appartement 3 pièces - Cocody riviera 4 eden;800000;;;3;Cocody;Riviera 4;;https://ci.coinafrique.com/annonce/appartements/location-appartement-3-pieces-cocody-riviera-4-eden-5880265;2026-05-12T16:43:42+00:00
CI;Côte d'Ivoire;coinafrique;location;appartement;appartements;Location appartement - Cocody centre;300000;;;;Cocody;Cocody Centre;;https://ci.coinafrique.com/annonce/appartements/location-appartement-cocody-centre-5890746;2026-05-12T16:43:42+00:00
CI;Côte d'Ivoire;coinafrique;location;appartement;appartements;Location appartements 04 pièces - Cocody riviera attoban;650000;;;4;Cocody;Attoban;;https://ci.coinafrique.com/annonce/appartements/location-appartements-04-pieces-cocody-riviera-attoban-5903878;2026-05-12T16:43:42+00:00
CI;Côte d'Ivoire;coinafrique;location;appartement;appartements;Location appartement 3 pièces - Cocody-riviera faya;300000;;;3;Cocody;Riviera Faya;;https://ci.coinafrique.com/annonce/appartements/location-appartement-3-pieces-cocody-riviera-faya-5864475;2026-05-12T16:43:42+00:00
CI;Côte d'Ivoire;coinafrique;location;appartement;appartements;Location appartement 4 pièces - Cocody riviera 4 eden;600000;;;4;Cocody;Riviera 4;;https://ci.coinafrique.com/annonce/appartements/location-appartement-4-pieces-cocody-riviera-4-eden-5880260;2026-05-12T16:43:42+00:00
CI;Côte d'Ivoire;coinafrique;location;appartement;appartements;Location appartement de standing 4 pièces - marcory zone 4;1100000;;;4;Marcory;Zone 4;;https://ci.coinafrique.com/annonce/appartements/location-appartement-de-standing-4-pieces-marcory-zone-4-5905577;2026-05-12T16:43:42+00:00
CI;Côte d'Ivoire;coinafrique;location;appartement;appartements;Location appartement 4 pièces - Cocody riviera 2;1100000;;;4;Cocody;Riviera 2;;https://ci.coinafrique.com/annonce/appartements/location-appartement-4-pieces-cocody-riviera-2-5903875;2026-05-12T16:43:42+00:00
CI;Côte d'Ivoire;coinafrique;location;appartement;appartements;Location appartement 3 pièces - Marcory zone 4;950000;;;3;Marcory;Zone 4;;https://ci.coinafrique.com/annonce/appartements/location-appartement-3-pieces-marcory-zone-4-5880254;2026-05-12T16:43:42+00:00
CI;Côte d'Ivoire;coinafrique;location;appartement;appartements;Location appartement 3 pièces - Cocody riviera 2;850000;;;3;Cocody;Riviera 2;;https://ci.coinafrique.com/annonce/appartements/location-appartement-3-pieces-cocody-riviera-2-5903872;2026-05-12T16:43:42+00:00
CI;Côte d'Ivoire;coinafrique;location;appartement;appartements;Location studio - Cocody riviera;130000;;;;Cocody;;;https://ci.coinafrique.com/annonce/appartements/location-studio-cocody-riviera-5903869;2026-05-12T16:43:42+00:00
CI;Côte d'Ivoire;coinafrique;location;appartement;appartements;Location appartement 3 pièces - Angré cocody cgk;320000;;;3;Cocody;Angré;;https://ci.coinafrique.com/annonce/appartements/location-appartement-3-pieces-angre-cocody-cgk-5887603;2026-05-12T16:43:42+00:00
CI;Côte d'Ivoire;coinafrique;location;appartement;appartements;Location appartement de standing 3 pièces - Marcory zone 4;900000;;;3;Marcory;Zone 4;;https://ci.coinafrique.com/annonce/appartements/location-appartement-de-standing-3-pieces-marcory-zone-4-5905573;2026-05-12T16:43:42+00:00
CI;Côte d'Ivoire;coinafrique;location;appartement;appartements;Location appartement - Marcory zone 4;1300000;;;;Cocody;;;https://ci.coinafrique.com/annonce/appartements/location-appartement-marcory-zone-4-5905572;2026-05-12T16:43:42+00:00
CI;Côte d'Ivoire;coinafrique;location;appartement;appartements;Location appartement 3 pièces à faya cité sir;300000;;;3;Cocody;Faya;;https://ci.coinafrique.com/annonce/appartements/location-appartement-3-pieces-a-faya-cite-sir-5869320;2026-05-12T16:43:42+00:00
CI;Côte d'Ivoire;coinafrique;location;appartement;appartements;Location appartement 4 pièces - Zone 4;2000000;;;4;Marcory;Zone 4;;https://ci.coinafrique.com/annonce/appartements/location-appartement-4-pieces-zone-4-5895175;2026-05-12T16:43:42+00:00
CI;Côte d'Ivoire;coinafrique;location;appartement;appartements;Location appartement de standing 2 pièces - Marcory zone 4;700000;;;2;Marcory;Zone 4;;https://ci.coinafrique.com/annonce/appartements/location-appartement-de-standing-2-pieces-marcory-zone-4-5905568;2026-05-12T16:43:42+00:00
CI;Côte d'Ivoire;coinafrique;location;appartement;appartements;Location appartement de standing 4 pièces - Cocody riviera golf les jardins;850000;;;4;Cocody;Riviera Golf;;https://ci.coinafrique.com/annonce/appartements/location-appartement-de-standing-4-pieces-cocody-riviera-golf-les-jardins-5905564;2026-05-12T16:43:42+00:00
CI;Côte d'Ivoire;coinafrique;location;appartement;appartements;Location appartement 4pièces - Cocody 2 plateaux;800000;;;4;Cocody;2 Plateaux;;https://ci.coinafrique.com/annonce/appartements/location-appartement-4pieces-cocody-2-plateaux-5901654;2026-05-12T16:43:42+00:00
CI;Côte d'Ivoire;coinafrique;location;appartement;appartements;Location appartement 3 pièces - Marcory résidentiel;700000;;;3;Marcory;Résidentiel;;https://ci.coinafrique.com/annonce/appartements/location-appartement-3-pieces-marcory-residentiel-5861078;2026-05-12T16:43:42+00:00
CI;Côte d'Ivoire;coinafrique;location;appartement;appartements;Location appartement 3pièces -Faya;250000;;;3;Cocody;Faya;;https://ci.coinafrique.com/annonce/appartements/location-appartement-3pieces-faya-5861073;2026-05-12T16:43:42+00:00
CI;Côte d'Ivoire;coinafrique;location;appartement;appartements;Location appartement 3pièces - Cocody rivera ciad zone bitumé;600000;;;3;Cocody;;;https://ci.coinafrique.com/annonce/appartements/location-appartement-3pieces-cocody-rivera-ciad-zone-bitume-5895160;2026-05-12T16:43:42+00:00
CI;Côte d'Ivoire;coinafrique;location;appartement;appartements;Location appartement 3 pièces à louer avec les meubles - cocody rivera bonoumin non loin d'abidjan mool au 2ème étage avec piscine;750000;;;3;Cocody;Bonoumin;;https://ci.coinafrique.com/annonce/appartements/location-appartement-3-pieces-a-louer-avec-les-meubles-cocody-rivera-bonoumin-non-loin-dabidjan-mool-au-2eme-etage-avec-piscine-5905547;2026-05-12T16:43:42+00:00
CI;Côte d'Ivoire;coinafrique;location;appartement;appartements;Location appartement 4pièces à Cocody 2plateaux les valons au 2ème étage avec piscine commune salle de sport;1500000;;;4;Cocody;;;https://ci.coinafrique.com/annonce/appartements/location-appartement-4pieces-a-cocody-2plateaux-les-valons-au-2eme-etage-avec-piscine-commune-salle-de-sport-5871777;2026-05-12T16:43:42+00:00
CI;Côte d'Ivoire;coinafrique;location;appartement;appartements;Location appartement 4pièces - 2 plateaux vallon;1500000;;;4;Cocody;2 Plateaux;;https://ci.coinafrique.com/annonce/appartements/location-appartement-4pieces-2-plateaux-vallon-5870714;2026-05-12T16:43:42+00:00
CI;Côte d'Ivoire;coinafrique;location;appartement;appartements;Location appartement avec piscine -deux plateaux vallon;2200000;;;;Cocody;Deux Plateaux;;https://ci.coinafrique.com/annonce/appartements/location-appartement-avec-piscine-deux-plateaux-vallon-5900144;2026-05-12T16:43:42+00:00
CI;Côte d'Ivoire;coinafrique;location;appartement;appartements;Location appartements 04 pièces - cocody golf beach;1000000;;;4;Cocody;;;https://ci.coinafrique.com/annonce/appartements/location-appartements-04-pieces-cocody-golf-beach-5871761;2026-05-12T16:43:42+00:00
CI;Côte d'Ivoire;coinafrique;location;appartement;appartements;Location appartement 3 pièces - Rivièra 3 cap nord;850000;;;3;Cocody;;;https://ci.coinafrique.com/annonce/appartements/location-appartement-3-pieces-riviera-3-cap-nord-5883986;2026-05-12T16:43:42+00:00
CI;Côte d'Ivoire;coinafrique;location;appartement;appartements-meubles;Location appartements meublés 3 pièces - Cocody;65000;;;3;Cocody;;;https://ci.coinafrique.com/annonce/appartements-meubles/location-appartements-meubles-3-pieces-cocody-5568893;2026-05-12T16:43:42+00:00
CI;Côte d'Ivoire;coinafrique;location;appartement;appartements-meubles;Location studio meublé -Riviera Bonoumin;30000;;;;Cocody;Riviera Bonoumin;;https://ci.coinafrique.com/annonce/appartements-meubles/location-studio-meuble-riviera-bonoumin-5459524;2026-05-12T16:43:42+00:00
CI;Côte d'Ivoire;coinafrique;location;appartement;appartements-meubles;Location appartement meublé - Cocody;30000;;;;Cocody;;;https://ci.coinafrique.com/annonce/appartements-meubles/location-appartement-meuble-cocody-4786839;2026-05-12T16:43:42+00:00
CI;Côte d'Ivoire;coinafrique;location;appartement;appartements-meubles;Location appartement 2 pièces à Cocody Riviera 3;45000;;;2;Cocody;Riviera 3;;https://ci.coinafrique.com/annonce/appartements-meubles/location-appartement-2-pieces-a-cocody-riviera-3-5569248;2026-05-12T16:43:42+00:00
CI;Côte d'Ivoire;coinafrique;location;appartement;appartements-meubles;Location appartement 2pièces -Angré;35000;;;2;Cocody;Angré;;https://ci.coinafrique.com/annonce/appartements-meubles/location-appartement-2pieces-angre-5459490;2026-05-12T16:43:42+00:00
CI;Côte d'Ivoire;coinafrique;location;appartement;appartements-meubles;Location appartement meublés 2 piéces à Riviera 3;25000;;;;Cocody;Riviera 3;;https://ci.coinafrique.com/annonce/appartements-meubles/location-appartement-meubles-2-pieces-a-riviera-3-5569291;2026-05-12T16:43:42+00:00
CI;Côte d'Ivoire;coinafrique;location;appartement;appartements-meubles;Location appartement meublé de 2 pièces – plateau;1200000;;;2;Plateau;;;https://ci.coinafrique.com/annonce/appartements-meubles/location-appartement-meuble-de-2-pieces-plateau-5887858;2026-05-12T16:43:42+00:00
CI;Côte d'Ivoire;coinafrique;location;appartement;appartements-meubles;Location appartements meublés 1 pièce - Cocody;25000;;;1;Cocody;;;https://ci.coinafrique.com/annonce/appartements-meubles/location-appartements-meubles-1-piece-cocody-5568899;2026-05-12T16:43:42+00:00
CI;Côte d'Ivoire;coinafrique;location;appartement;appartements-meubles;Location appartement-studio meublé de standing- le Plateau;1500000;;;;Plateau;;;https://ci.coinafrique.com/annonce/appartements-meubles/location-appartement-studio-meuble-de-standing-le-plateau-5864090;2026-05-12T16:43:42+00:00
CI;Côte d'Ivoire;coinafrique;location;appartement;appartements-meubles;Location appartement 2 pièces meublés à Cocody Riviera 2;50000;;;2;Cocody;Riviera 2;;https://ci.coinafrique.com/annonce/appartements-meubles/location-appartement-2-pieces-meubles-a-cocody-riviera-2-5881350;2026-05-12T16:43:42+00:00
CI;Côte d'Ivoire;coinafrique;location;appartement;appartements-meubles;Location villa meublée duplex haut standing - Cocody Jules verne;3000000;;;;Cocody;;haut;https://ci.coinafrique.com/annonce/appartements-meubles/location-villa-meublee-duplex-haut-standing-cocody-jules-verne-5872623;2026-05-12T16:43:42+00:00
CI;Côte d'Ivoire;coinafrique;location;appartement;appartements-meubles;Location appartement meublé 3 pièces avec piscine- Marcory zone 4;1900000;;;3;Marcory;Zone 4;;https://ci.coinafrique.com/annonce/appartements-meubles/location-appartement-meuble-3-pieces-avec-piscine-marcory-zone-4-5864021;2026-05-12T16:43:42+00:00
CI;Côte d'Ivoire;coinafrique;location;appartement;appartements-meubles;Location appartement meublé de standing- Cocody danga;700000;;;;Cocody;Danga;;https://ci.coinafrique.com/annonce/appartements-meubles/location-appartement-meuble-de-standing-cocody-danga-5865492;2026-05-12T16:43:42+00:00
CI;Côte d'Ivoire;coinafrique;location;appartement;appartements-meubles;Location appartements meublés 03 pièces - Marcory zone 4;2200000;;;3;Marcory;Zone 4;;https://ci.coinafrique.com/annonce/appartements-meubles/location-appartements-meubles-03-pieces-marcory-zone-4-5877992;2026-05-12T16:43:42+00:00
CI;Côte d'Ivoire;coinafrique;location;appartement;appartements-meubles;Location appartements meublés 04 pièces - Cocody Riviera M’badon;3000000;;;4;Cocody;;;https://ci.coinafrique.com/annonce/appartements-meubles/location-appartements-meubles-04-pieces-cocody-riviera-mbadon-5876092;2026-05-12T16:43:42+00:00
CI;Côte d'Ivoire;coinafrique;location;appartement;appartements-meubles;Location appartements meublés 3 pièces - Marcory zone 4;2200000;;;3;Marcory;Zone 4;;https://ci.coinafrique.com/annonce/appartements-meubles/location-appartements-meubles-3-pieces-marcory-zone-4-5874356;2026-05-12T16:43:42+00:00
CI;Côte d'Ivoire;coinafrique;location;appartement;appartements-meubles;Location villa meublé 7 pièces à 2 Plateaux Vallon;3500000;;;7;Cocody;2 Plateaux;;https://ci.coinafrique.com/annonce/appartements-meubles/location-villa-meuble-7-pieces-a-2-plateaux-vallon-5892720;2026-05-12T16:43:42+00:00
CI;Côte d'Ivoire;coinafrique;location;appartement;appartements-meubles;Location appartement avec les meubles - Côte d’Ivoire;1500000;;;;Cocody;;;https://ci.coinafrique.com/annonce/appartements-meubles/location-appartement-avec-les-meubles-cote-divoire-5904420;2026-05-12T16:43:42+00:00
CI;Côte d'Ivoire;coinafrique;location;appartement;appartements-meubles;Location Studio meublé - 2 plateaux vallon;25000;;;;Cocody;2 Plateaux;;https://ci.coinafrique.com/annonce/appartements-meubles/location-studio-meuble-2-plateaux-vallon-5888106;2026-05-12T16:43:42+00:00
CI;Côte d'Ivoire;coinafrique;location;appartement;appartements-meubles;Location appartements meublés 3 pièces - cocody riviera m’badon ambassade de chine;150000;;;3;Cocody;;;https://ci.coinafrique.com/annonce/appartements-meubles/location-appartements-meubles-3-pieces-cocody-riviera-mbadon-ambassade-de-chine-5873865;2026-05-12T16:43:42+00:00
CI;Côte d'Ivoire;coinafrique;location;appartement;appartements-meubles;Location appartements meublés 4 pièces - cocody riviera m’badon ambassade de chine;190000;;;4;Cocody;;;https://ci.coinafrique.com/annonce/appartements-meubles/location-appartements-meubles-4-pieces-cocody-riviera-mbadon-ambassade-de-chine-5873851;2026-05-12T16:43:42+00:00
CI;Côte d'Ivoire;coinafrique;location;appartement;appartements-meubles;Location appartement meublé 4 pièces à Cocody rivera 4 mbadon;1800000;;;4;Cocody;;;https://ci.coinafrique.com/annonce/appartements-meubles/location-appartement-meuble-4-pieces-a-cocody-rivera-4-mbadon-5864855;2026-05-12T16:43:42+00:00
CI;Côte d'Ivoire;coinafrique;location;appartement;appartements-meubles;Location appartement meublé- Riviera m'badon;3800000;;;;Cocody;Riviera M'Badon;;https://ci.coinafrique.com/annonce/appartements-meubles/location-appartement-meuble-riviera-mbadon-5899054;2026-05-12T16:43:42+00:00
CI;Côte d'Ivoire;coinafrique;location;appartement;appartements-meubles;Location appartement meublé 4 pièces - Cocody riviera 4;1800000;;;4;Cocody;Riviera 4;;https://ci.coinafrique.com/annonce/appartements-meubles/location-appartement-meuble-4-pieces-cocody-riviera-4-5901968;2026-05-12T16:43:42+00:00
CI;Côte d'Ivoire;coinafrique;location;appartement;appartements-meubles;Location appartement meublé 2 pièces - Marcory zone 4;1500000;;;2;Marcory;Zone 4;;https://ci.coinafrique.com/annonce/appartements-meubles/location-appartement-meuble-2-pieces-marcory-zone-4-5871012;2026-05-12T16:43:42+00:00
CI;Côte d'Ivoire;coinafrique;location;appartement;appartements-meubles;Location appartement meublé - Riviera 3;1500000;;;;Cocody;Riviera 3;;https://ci.coinafrique.com/annonce/appartements-meubles/location-appartement-meuble-riviera-3-5899045;2026-05-12T16:43:42+00:00
CI;Côte d'Ivoire;coinafrique;location;appartement;appartements-meubles;Location appartements meublés 4 pièces - Cocody riviera m’badon ambassade de chine;190000;;;4;Cocody;;;https://ci.coinafrique.com/annonce/appartements-meubles/location-appartements-meubles-4-pieces-cocody-riviera-mbadon-ambassade-de-chine-5880508;2026-05-12T16:43:42+00:00
CI;Côte d'Ivoire;coinafrique;location;appartement;appartements-meubles;Location appartement meublé 04 pièces à 2 Plateaux;1500000;;;4;Cocody;2 Plateaux;;https://ci.coinafrique.com/annonce/appartements-meubles/location-appartement-meuble-04-pieces-a-2-plateaux-5903185;2026-05-12T16:43:42+00:00
CI;Côte d'Ivoire;coinafrique;location;appartement;appartements-meubles;Location appartements meublés 2 pièces - Le plateau;1200000;;;2;Plateau;;;https://ci.coinafrique.com/annonce/appartements-meubles/location-appartements-meubles-2-pieces-le-plateau-5905891;2026-05-12T16:43:42+00:00
CI;Côte d'Ivoire;coinafrique;location;appartement;appartements-meubles;Location villa duplex 6 pièces - M'badon;1500000;;;6;Cocody;;;https://ci.coinafrique.com/annonce/appartements-meubles/location-villa-duplex-6-pieces-mbadon-5861354;2026-05-12T16:43:42+00:00
CI;Côte d'Ivoire;coinafrique;location;appartement;appartements-meubles;Location appartement 3 pièces - Marcory zone 4;1900000;;;3;Cocody;;;https://ci.coinafrique.com/annonce/appartements-meubles/location-appartement-3-pieces-marcory-zone-4-5861347;2026-05-12T16:43:42+00:00
CI;Côte d'Ivoire;coinafrique;location;appartement;appartements-meubles;Location appartement meublé de haut standing 3 pièces - marcory zone 4;1600000;;;3;Marcory;Zone 4;haut;https://ci.coinafrique.com/annonce/appartements-meubles/location-appartement-meuble-de-haut-standing-3-pieces-marcory-zone-4-5878953;2026-05-12T16:43:42+00:00
CI;Côte d'Ivoire;coinafrique;location;appartement;appartements-meubles;Location appartement meublé - Cocody angré;2500000;;;;Cocody;Angré;;https://ci.coinafrique.com/annonce/appartements-meubles/location-appartement-meuble-cocody-angre-5901741;2026-05-12T16:43:42+00:00
CI;Côte d'Ivoire;coinafrique;location;appartement;appartements-meubles;Location appartement meublé 3 pièces - Cocody saint jean;800000;;;3;Cocody;Saint Jean;;https://ci.coinafrique.com/annonce/appartements-meubles/location-appartement-meuble-3-pieces-cocody-saint-jean-5885822;2026-05-12T16:43:42+00:00
CI;Côte d'Ivoire;coinafrique;location;appartement;appartements-meubles;Location appartement meublé 4 pièces - Rivièra m'badon;1700000;;;4;Cocody;;;https://ci.coinafrique.com/annonce/appartements-meubles/location-appartement-meuble-4-pieces-riviera-mbadon-5878797;2026-05-12T16:43:42+00:00
CI;Côte d'Ivoire;coinafrique;location;appartement;appartements-meubles;Location appartements meublés 04 pièces - Cocody riviera m’badon;1700000;;;4;Cocody;;;https://ci.coinafrique.com/annonce/appartements-meubles/location-appartements-meubles-04-pieces-cocody-riviera-mbadon-5895182;2026-05-12T16:43:42+00:00
CI;Côte d'Ivoire;coinafrique;location;appartement;appartements-meubles;Location appartement 4pièces - Cocody angre 8eme tranche cité;1000000;;;4;Cocody;Angre;;https://ci.coinafrique.com/annonce/appartements-meubles/location-appartement-4pieces-cocody-angre-8eme-tranche-cite-5867687;2026-05-12T16:43:42+00:00
CI;Côte d'Ivoire;coinafrique;location;appartement;appartements-meubles;Location appartements meublés 04 pièces - Cocody;1700000;;;4;Cocody;;;https://ci.coinafrique.com/annonce/appartements-meubles/location-appartements-meubles-04-pieces-cocody-5878518;2026-05-12T16:43:42+00:00
CI;Côte d'Ivoire;coinafrique;location;appartement;appartements-meubles;Location appartement meublé à Cocody Faya Abatta;1800000;;;;Cocody;Faya;;https://ci.coinafrique.com/annonce/appartements-meubles/location-appartement-meuble-a-cocody-faya-abatta-5881939;2026-05-12T16:43:42+00:00
CI;Côte d'Ivoire;coinafrique;location;appartement;appartements-meubles;Location appartement 3 pièces avec les meubles à Cocody Rivera triangle;600000;;;3;Cocody;;;https://ci.coinafrique.com/annonce/appartements-meubles/location-appartement-3-pieces-avec-les-meubles-a-cocody-rivera-triangle-5854802;2026-05-12T16:43:42+00:00
CI;Côte d'Ivoire;coinafrique;location;appartement;appartements-meubles;Location appartements meublés 3 pièces - Cocody;1300000;;;3;Cocody;;;https://ci.coinafrique.com/annonce/appartements-meubles/location-appartements-meubles-3-pieces-cocody-5867516;2026-05-12T16:43:42+00:00
CI;Côte d'Ivoire;coinafrique;location;appartement;appartements-meubles;Location appartement meublée - Cocody riviera 2;30000;;;;Cocody;Riviera 2;;https://ci.coinafrique.com/annonce/appartements-meubles/location-appartement-meublee-cocody-riviera-2-5854013;2026-05-12T16:43:42+00:00
CI;Côte d'Ivoire;coinafrique;location;appartement;appartements-meubles;Location villa meublée pièces - Cocody riviera 4 m'badon;1600000;;;;Cocody;Riviera 4;;https://ci.coinafrique.com/annonce/appartements-meubles/location-villa-meublee-pieces-cocody-riviera-4-mbadon-5857328;2026-05-12T16:43:42+00:00
CI;Côte d'Ivoire;coinafrique;location;appartement;appartements-meubles;Location appartement meublé 3 pièces à danga;1500000;;;3;Cocody;Danga;;https://ci.coinafrique.com/annonce/appartements-meubles/location-appartement-meuble-3-pieces-a-danga-5853944;2026-05-12T16:43:42+00:00
CI;Côte d'Ivoire;coinafrique;location;appartement;appartements-meubles;Location appartements meublés 3 pièces - Cocody danga;1500000;;;3;Cocody;Danga;;https://ci.coinafrique.com/annonce/appartements-meubles/location-appartements-meubles-3-pieces-cocody-danga-5857324;2026-05-12T16:43:42+00:00
CI;Côte d'Ivoire;coinafrique;location;appartement;appartements-meubles;Location appartements meublés 3 pièces - cocody danga;1500000;;;3;Cocody;Danga;;https://ci.coinafrique.com/annonce/appartements-meubles/location-appartements-meubles-3-pieces-cocody-danga-5857317;2026-05-12T16:43:42+00:00
CI;Côte d'Ivoire;coinafrique;location;appartement;appartements-meubles;Location appartements meublés 2 pièces - koumassi;45000;;;2;Koumassi;;;https://ci.coinafrique.com/annonce/appartements-meubles/location-appartements-meubles-2-pieces-koumassi-5896509;2026-05-12T16:43:42+00:00
CI;Côte d'Ivoire;coinafrique;location;appartement;appartements-meubles;Location appartement hd meublé 3 pièces à Zone 4;750000;;;3;Cocody;;;https://ci.coinafrique.com/annonce/appartements-meubles/location-appartement-hd-meuble-3-pieces-a-zone-4-5853509;2026-05-12T16:43:42+00:00
CI;Côte d'Ivoire;coinafrique;location;appartement;appartements-meubles;Location appartement meublé - Vallon;30000;;;;Cocody;Vallon;;https://ci.coinafrique.com/annonce/appartements-meubles/location-appartement-meuble-vallon-5894269;2026-05-12T16:43:42+00:00
CI;Côte d'Ivoire;coinafrique;location;appartement;appartements-meubles;Location appartement meublé de standing 4 pièces - Cocody Riviera attoban;1700000;;;4;Cocody;Attoban;;https://ci.coinafrique.com/annonce/appartements-meubles/location-appartement-meuble-de-standing-4-pieces-cocody-riviera-attoban-5848093;2026-05-12T16:43:42+00:00
CI;Côte d'Ivoire;coinafrique;location;appartement;appartements-meubles;Location appartements meublés 3 pièces - Cocody Riviera triangle;600000;;;3;Cocody;;;https://ci.coinafrique.com/annonce/appartements-meubles/location-appartements-meubles-3-pieces-cocody-riviera-triangle-5854805;2026-05-12T16:43:42+00:00
CI;Côte d'Ivoire;coinafrique;location;appartement;appartements-meubles;Location appartement 4 pièces à la Riviera golf 4 m'badon;1700000;;;4;Cocody;Riviera Golf;;https://ci.coinafrique.com/annonce/appartements-meubles/location-appartement-4-pieces-a-la-riviera-golf-4-mbadon-5874855;2026-05-12T16:43:42+00:00
CI;Côte d'Ivoire;coinafrique;location;appartement;appartements-meubles;Location appartement meublé 3 pièces - Abidjan Plateaux centre des affaires;800000;;;3;Cocody;;;https://ci.coinafrique.com/annonce/appartements-meubles/location-appartement-meuble-3-pieces-abidjan-plateaux-centre-des-affaires-5890252;2026-05-12T16:43:42+00:00
CI;Côte d'Ivoire;coinafrique;location;appartement;appartements-meubles;Location appartements meublés 2 pièces - cocody;15000;;;2;Cocody;;;https://ci.coinafrique.com/annonce/appartements-meubles/location-appartements-meubles-2-pieces-cocody-5887507;2026-05-12T16:43:42+00:00
CI;Côte d'Ivoire;coinafrique;location;appartement;appartements-meubles;Location appartement 4 pièces à Cocody Angre 8eme;1000000;;;4;Cocody;Angre;;https://ci.coinafrique.com/annonce/appartements-meubles/location-appartement-4-pieces-a-cocody-angre-8eme-5839671;2026-05-12T16:43:42+00:00
CI;Côte d'Ivoire;coinafrique;location;appartement;appartements-meubles;Location appartement meublé F3 à Marcory zone 4 – rue marconi;100000;;;;Cocody;;;https://ci.coinafrique.com/annonce/appartements-meubles/location-appartement-meuble-f3-a-marcory-zone-4-rue-marconi-5883389;2026-05-12T16:43:42+00:00
CI;Côte d'Ivoire;coinafrique;location;appartement;appartements-meubles;Location studio meublé à Cocody - Danga;40000;;;;Cocody;Danga;;https://ci.coinafrique.com/annonce/appartements-meubles/location-studio-meuble-a-cocody-danga-5883379;2026-05-12T16:43:42+00:00
CI;Côte d'Ivoire;coinafrique;location;appartement;appartements-meubles;Location résidence meublée 2 pièces à Cocody Riviera golf;800000;;;2;Cocody;Riviera Golf;;https://ci.coinafrique.com/annonce/appartements-meubles/location-residence-meublee-2-pieces-a-cocody-riviera-golf-5883375;2026-05-12T16:43:42+00:00
CI;Côte d'Ivoire;coinafrique;location;appartement;appartements-meubles;Location appartement meublé 3 pièces Zone 4;2500000;;;3;Marcory;Zone 4;;https://ci.coinafrique.com/annonce/appartements-meubles/location-appartement-meuble-3-pieces-zone-4-5883367;2026-05-12T16:43:42+00:00
CI;Côte d'Ivoire;coinafrique;location;appartement;appartements-meubles;Location appartement meublé F4 à la Riviera - Palmeraie;900000;;;;Cocody;Palmeraie;;https://ci.coinafrique.com/annonce/appartements-meubles/location-appartement-meuble-f4-a-la-riviera-palmeraie-5883351;2026-05-12T16:43:42+00:00
CI;Côte d'Ivoire;coinafrique;location;appartement;appartements-meubles;Location penthouse meublé F3 en Zone 4 - Biétry;750000;;;;Marcory;Zone 4;;https://ci.coinafrique.com/annonce/appartements-meubles/location-penthouse-meuble-f3-en-zone-4-bietry-5883345;2026-05-12T16:43:42+00:00
CI;Côte d'Ivoire;coinafrique;location;appartement;appartements-meubles;Location villa basse meublé 2 pièces en Zone 4;500000;;;2;Cocody;;;https://ci.coinafrique.com/annonce/appartements-meubles/location-villa-basse-meuble-2-pieces-en-zone-4-5883295;2026-05-12T16:43:42+00:00
CI;Côte d'Ivoire;coinafrique;location;appartement;appartements-meubles;Location appartement meublé f3 à la cité des arts , Cocody;1300000;;;;Cocody;;;https://ci.coinafrique.com/annonce/appartements-meubles/location-appartement-meuble-f3-a-la-cite-des-arts-cocody-5883237;2026-05-12T16:43:42+00:00
CI;Côte d'Ivoire;coinafrique;location;appartement;appartements-meubles;Location appartement meublé f3 à cocody cité des arts;1300000;;;;Cocody;;;https://ci.coinafrique.com/annonce/appartements-meubles/location-appartement-meuble-f3-a-cocody-cite-des-arts-5883235;2026-05-12T16:43:42+00:00
CI;Côte d'Ivoire;coinafrique;location;appartement;appartements-meubles;Location appartement meublé 2 pièces -Cocody riviera m’badon;1300000;;;2;Cocody;;;https://ci.coinafrique.com/annonce/appartements-meubles/location-appartement-meuble-2-pieces-cocody-riviera-mbadon-5845444;2026-05-12T16:43:42+00:00
CI;Côte d'Ivoire;coinafrique;location;appartement;appartements-meubles;Location appartement meublé 3 pièces – Rivièra 4;80000;;;3;Cocody;;;https://ci.coinafrique.com/annonce/appartements-meubles/location-appartement-meuble-3-pieces-riviera-4-5848564;2026-05-12T16:43:42+00:00
CI;Côte d'Ivoire;coinafrique;location;appartement;appartements-meubles;Location appartement meublé 3 pièces – Marcory zone 4;2000000;;;3;Cocody;;;https://ci.coinafrique.com/annonce/appartements-meubles/location-appartement-meuble-3-pieces-marcory-zone-4-5848572;2026-05-12T16:43:42+00:00
CI;Côte d'Ivoire;coinafrique;location;appartement;appartements-meubles;Location appartement meublé 3 pièces – Rivièra 4;1800000;;;3;Cocody;;;https://ci.coinafrique.com/annonce/appartements-meubles/location-appartement-meuble-3-pieces-riviera-4-5848555;2026-05-12T16:43:42+00:00
CI;Côte d'Ivoire;coinafrique;location;appartement;appartements-meubles;Location appartement meublé 4 pièces sis à m’badon, riviera - m’badon;150000;;;4;Cocody;;;https://ci.coinafrique.com/annonce/appartements-meubles/location-appartement-meuble-4-pieces-sis-a-mbadon-riviera-mbadon-5868269;2026-05-12T16:43:42+00:00
CI;Côte d'Ivoire;coinafrique;location;appartement;appartements-meubles;Location appartement meublé 4 pièces sis à m’badon, riviera - cocody;150000;;;4;Cocody;;;https://ci.coinafrique.com/annonce/appartements-meubles/location-appartement-meuble-4-pieces-sis-a-mbadon-riviera-cocody-5868257;2026-05-12T16:43:42+00:00
CI;Côte d'Ivoire;coinafrique;location;appartement;appartements-meubles;Location studio meublé standing au plateau;750000;;;;Plateau;;;https://ci.coinafrique.com/annonce/appartements-meubles/location-studio-meuble-standing-au-plateau-5848519;2026-05-12T16:43:42+00:00
CI;Côte d'Ivoire;coinafrique;location;appartement;appartements-meubles;Location appartement meublé 5 pièces - le plateau-centre;150000;;;5;Plateau;;;https://ci.coinafrique.com/annonce/appartements-meubles/location-appartement-meuble-5-pieces-le-plateau-centre-5848514;2026-05-12T16:43:42+00:00
CI;Côte d'Ivoire;coinafrique;location;appartement;appartements-meubles;Location appartement meublé 5 pièces au plateau (immeuble belle rive);3000000;;;5;Plateau;;;https://ci.coinafrique.com/annonce/appartements-meubles/location-appartement-meuble-5-pieces-au-plateau-immeuble-belle-rive-5848512;2026-05-12T16:43:42+00:00
CI;Côte d'Ivoire;coinafrique;location;appartement;appartements-meubles;Location villa meublée 4 pièces - Riviera 3;150000;;;4;Cocody;Riviera 3;;https://ci.coinafrique.com/annonce/appartements-meubles/location-villa-meublee-4-pieces-riviera-3-5868133;2026-05-12T16:43:42+00:00
CI;Côte d'Ivoire;coinafrique;location;appartement;appartements-meubles;Location villa meublée 4 pièces - Riviera 3, Synacass-ci;2000000;;;4;Cocody;Riviera 3;;https://ci.coinafrique.com/annonce/appartements-meubles/location-villa-meublee-4-pieces-riviera-3-synacass-ci-5868136;2026-05-12T16:43:42+00:00
CI;Côte d'Ivoire;coinafrique;location;appartement;appartements-meubles;Location appartement meublé 2 pièces - Riviera 2;600000;;;2;Cocody;Riviera 2;;https://ci.coinafrique.com/annonce/appartements-meubles/location-appartement-meuble-2-pieces-riviera-2-5837681;2026-05-12T16:43:42+00:00
CI;Côte d'Ivoire;coinafrique;location;appartement;appartements-meubles;Location résidence meublée - Yopougon;15000;;;;Yopougon;;;https://ci.coinafrique.com/annonce/appartements-meubles/location-residence-meublee-yopougon-5881344;2026-05-12T16:43:42+00:00
CI;Côte d'Ivoire;coinafrique;location;appartement;appartements-meubles;Une belle résidence meublée;1800000;;;;Cocody;;;https://ci.coinafrique.com/annonce/appartements-meubles/une-belle-residence-meublee-5880820;2026-05-12T16:43:42+00:00
CI;Côte d'Ivoire;coinafrique;location;appartement;appartements-meubles;Location appartement meublé 3 pièces à Rivièra golf 4;120000;;;3;Cocody;;;https://ci.coinafrique.com/annonce/appartements-meubles/location-appartement-meuble-3-pieces-a-riviera-golf-4-5838464;2026-05-12T16:43:42+00:00
CI;Côte d'Ivoire;coinafrique;location;appartement;appartements-meubles;Location appartement meublé 2 pièces - Cocody Danga;850000;;;2;Cocody;Danga;;https://ci.coinafrique.com/annonce/appartements-meubles/location-appartement-meuble-2-pieces-cocody-danga-5873616;2026-05-12T16:43:42+00:00
CI;Côte d'Ivoire;coinafrique;location;appartement;appartements-meubles;Studio meublé à Abatta;15000;;;;Cocody;;;https://ci.coinafrique.com/annonce/appartements-meubles/studio-meuble-a-abatta-5878871;2026-05-12T16:43:42+00:00
CI;Côte d'Ivoire;coinafrique;location;appartement;appartements-meubles;Location appartements meublés 2 pièces - Cocody;15000;;;2;Cocody;;;https://ci.coinafrique.com/annonce/appartements-meubles/location-appartements-meubles-2-pieces-cocody-5837754;2026-05-12T16:43:42+00:00
CI;Côte d'Ivoire;coinafrique;location;appartement;appartements-meubles;Location appartement Cocody non loin de l’université;450000;;;;Cocody;;;https://ci.coinafrique.com/annonce/appartements-meubles/location-appartement-cocody-non-loin-de-luniversite-5834326;2026-05-12T16:43:42+00:00
CI;Côte d'Ivoire;coinafrique;location;appartement;appartements-meubles;Location appartements meublés 1 pièce - Cocody;450000;;;1;Cocody;;;https://ci.coinafrique.com/annonce/appartements-meubles/location-appartements-meubles-1-piece-cocody-5834196;2026-05-12T16:43:42+00:00
CI;Côte d'Ivoire;coinafrique;location;appartement;appartements-meubles;Location appartements meublés 04 pièces - Marcory Zone 4;2500000;;;4;Marcory;Zone 4;;https://ci.coinafrique.com/annonce/appartements-meubles/location-appartements-meubles-04-pieces-marcory-zone-4-5833757;2026-05-12T16:43:42+00:00
CI;Côte d'Ivoire;coinafrique;location;appartement;appartements-meubles;Location appartement meublé - Cocody;20000;;;;Cocody;;;https://ci.coinafrique.com/annonce/appartements-meubles/location-appartement-meuble-cocody-5877654;2026-05-12T16:43:42+00:00
CI;Côte d'Ivoire;coinafrique;location;appartement;appartements-meubles;Location meublée - Plateaix;30000;;;;Cocody;;;https://ci.coinafrique.com/annonce/appartements-meubles/location-meublee-plateaix-5833150;2026-05-12T16:43:42+00:00
CI;Côte d'Ivoire;coinafrique;location;appartement;appartements-meubles;Location appartement meublé 2 pièces à Angré;250000;;;2;Cocody;Angré;;https://ci.coinafrique.com/annonce/appartements-meubles/location-appartement-meuble-2-pieces-a-angre-5839276;2026-05-12T16:43:42+00:00
CI;Côte d'Ivoire;coinafrique;location;appartement;appartements-meubles;Location appartement 3pièces avec les meubles situé rivera triangle a 5min des écoles française et américaine possible de visiter sera hatable début avril;950000;;;3;Cocody;;;https://ci.coinafrique.com/annonce/appartements-meubles/location-appartement-3pieces-avec-les-meubles-situe-rivera-triangle-a-5min-des-ecoles-francaise-et-americaine-possible-de-visiter-sera-hatable-debut-avril-5833085;2026-05-12T16:43:42+00:00
CI;Côte d'Ivoire;coinafrique;location;appartement;appartements-meubles;Pour vos résidences meublées à Cocody;30000;;;;Cocody;;;https://ci.coinafrique.com/annonce/appartements-meubles/pour-vos-residences-meublees-a-cocody-5838846;2026-05-12T16:43:42+00:00
CI;Côte d'Ivoire;coinafrique;location;appartement;appartements-meubles;Location appartement meublé 3pièces - Riviera;950000;;;3;Cocody;;;https://ci.coinafrique.com/annonce/appartements-meubles/location-appartement-meuble-3pieces-riviera-5831828;2026-05-12T16:43:42+00:00
CI;Côte d'Ivoire;coinafrique;location;appartement;appartements-meubles;Residence meublée;25000;;;;Cocody;;;https://ci.coinafrique.com/annonce/appartements-meubles/residence-meublee-5837959;2026-05-12T16:43:42+00:00
CI;Côte d'Ivoire;coinafrique;location;appartement;appartements-meubles;Location appartements meublés 3 pièces à cocody Riviera M’badon;1900000;;;3;Cocody;;;https://ci.coinafrique.com/annonce/appartements-meubles/location-appartements-meubles-3-pieces-a-cocody-riviera-mbadon-5829458;2026-05-12T16:43:42+00:00
CI;Côte d'Ivoire;coinafrique;location;appartement;appartements-meubles;location appartements meublés 3 pièces à Cocody Danga;1700000;;;3;Cocody;Danga;;https://ci.coinafrique.com/annonce/appartements-meubles/location-appartements-meubles-3-pieces-a-cocody-danga-5829454;2026-05-12T16:43:42+00:00
CI;Côte d'Ivoire;coinafrique;location;appartement;appartements-meubles;Location appartement meublé au vallon;100000;;;;Cocody;Vallon;;https://ci.coinafrique.com/annonce/appartements-meubles/location-appartement-meuble-au-vallon-5828185;2026-05-12T16:43:42+00:00
CI;Côte d'Ivoire;coinafrique;location;appartement;appartements-meubles;Location appartement meublée à 2 Plateaux Vallon;25000;;;;Cocody;2 Plateaux;;https://ci.coinafrique.com/annonce/appartements-meubles/location-appartement-meublee-a-2-plateaux-vallon-5827869;2026-05-12T16:43:42+00:00
CI;Côte d'Ivoire;coinafrique;location;appartement;appartements-meubles;Location villa meublé 5 pièces à Riviera 3;120000;;;5;Cocody;Riviera 3;;https://ci.coinafrique.com/annonce/appartements-meubles/location-villa-meuble-5-pieces-a-riviera-3-5827735;2026-05-12T16:43:42+00:00
CI;Côte d'Ivoire;coinafrique;location;appartement;appartements-meubles;Location appartement meublés 2 pièces - Cocody;15000;;;2;Cocody;;;https://ci.coinafrique.com/annonce/appartements-meubles/location-appartement-meubles-2-pieces-cocody-5827634;2026-05-12T16:43:42+00:00
CI;Côte d'Ivoire;coinafrique;location;appartement;appartements-meubles;Location appartements meublés 3 pièces - Cocody Danga;1600000;;;3;Cocody;Danga;;https://ci.coinafrique.com/annonce/appartements-meubles/location-appartements-meubles-3-pieces-cocody-danga-5826325;2026-05-12T16:43:42+00:00
CI;Côte d'Ivoire;coinafrique;location;appartement;appartements-meubles;Location appartement 2 pièces à Cocody Angré Zone Chu;35000;;;2;Cocody;Angré;;https://ci.coinafrique.com/annonce/appartements-meubles/location-appartement-2-pieces-a-cocody-angre-zone-chu-5850071;2026-05-12T16:43:42+00:00
CI;Côte d'Ivoire;coinafrique;location;appartement;appartements-meubles;Location appartement meublé - Angré 9ème tranche;1400000;;;;Cocody;Angré;;https://ci.coinafrique.com/annonce/appartements-meubles/location-appartement-meuble-angre-9eme-tranche-5825656;2026-05-12T16:43:42+00:00
CI;Côte d'Ivoire;coinafrique;location;appartement;appartements-meubles;Location appartement meublé 2 pièces à yopougon asanvon;20000;;;2;Yopougon;;;https://ci.coinafrique.com/annonce/appartements-meubles/location-appartement-meuble-2-pieces-a-yopougon-asanvon-5825668;2026-05-12T16:43:42+00:00
CI;Côte d'Ivoire;coinafrique;location;appartement;appartements-meubles;Location appartement pieces avec les meubles coquelicot à Danga;1500000;;;;Cocody;Danga;;https://ci.coinafrique.com/annonce/appartements-meubles/location-appartement-pieces-avec-les-meubles-coquelicot-a-danga-5824922;2026-05-12T16:43:42+00:00
CI;Côte d'Ivoire;coinafrique;location;appartement;appartements-meubles;Location appartement meublé 3 pièces - Cocody riviera 4;2000000;;;3;Cocody;Riviera 4;;https://ci.coinafrique.com/annonce/appartements-meubles/location-appartement-meuble-3-pieces-cocody-riviera-4-5866744;2026-05-12T16:43:42+00:00
CI;Côte d'Ivoire;coinafrique;location;appartement;appartements-meubles;Location appartements meublés 3 pièces - Angre 8e tranche;65000;;;3;Cocody;Angre;;https://ci.coinafrique.com/annonce/appartements-meubles/location-appartements-meubles-3-pieces-angre-8e-tranche-5866453;2026-05-12T16:43:42+00:00
CI;Côte d'Ivoire;coinafrique;location;appartement;appartements-meubles;Location appartements meublés 2 pièces - cocody;25000;;;2;Cocody;;;https://ci.coinafrique.com/annonce/appartements-meubles/location-appartements-meubles-2-pieces-cocody-5864146;2026-05-12T16:43:42+00:00
CI;Côte d'Ivoire;coinafrique;location;appartement;appartements-meubles;Location appartements meublés 2 pièces - cocody;25000;;;2;Cocody;;;https://ci.coinafrique.com/annonce/appartements-meubles/location-appartements-meubles-2-pieces-cocody-5864136;2026-05-12T16:43:42+00:00
CI;Côte d'Ivoire;coinafrique;location;appartement;appartements-meubles;Location appartements meublés 04 pièces - cocody riviera golf non loin de casino;800000;;;4;Cocody;Riviera Golf;;https://ci.coinafrique.com/annonce/appartements-meubles/location-appartements-meubles-04-pieces-cocody-riviera-golf-non-loin-de-casino-5821159;2026-05-12T16:43:42+00:00
CI;Côte d'Ivoire;coinafrique;location;appartement;appartements-meubles;Location appartements meublés 4 pièces - Cocody Riviera 4 m'badon;120000;;;4;Cocody;Riviera 4;;https://ci.coinafrique.com/annonce/appartements-meubles/location-appartements-meubles-4-pieces-cocody-riviera-4-mbadon-5823687;2026-05-12T16:43:42+00:00
CI;Côte d'Ivoire;coinafrique;location;appartement;appartements-meubles;Location appartement 3 pièces meubles a Abidjan plateau au 5eme étage avec ascenseur;1000000;;;3;Cocody;;;https://ci.coinafrique.com/annonce/appartements-meubles/location-appartement-3-pieces-meubles-a-abidjan-plateau-au-5eme-etage-avec-ascenseur-5819888;2026-05-12T16:43:42+00:00
CI;Côte d'Ivoire;coinafrique;location;appartement;appartements-meubles;Location appartements meublés 04 pièces - cocody deux plateaux vallon;2200000;;;4;Cocody;Deux Plateaux;;https://ci.coinafrique.com/annonce/appartements-meubles/location-appartements-meubles-04-pieces-cocody-deux-plateaux-vallon-5819853;2026-05-12T16:43:42+00:00
CI;Côte d'Ivoire;coinafrique;location;appartement;appartements-meubles;Location appartements meublés 02 pièces - le plateau non loin de bad;1500000;;;2;Plateau;;;https://ci.coinafrique.com/annonce/appartements-meubles/location-appartements-meubles-02-pieces-le-plateau-non-loin-de-bad-5819838;2026-05-12T16:43:42+00:00
CI;Côte d'Ivoire;coinafrique;location;appartement;appartements-meubles;Koumassi remblai studio meublé Haut standing;25000;;;;Koumassi;Remblai;haut;https://ci.coinafrique.com/annonce/appartements-meubles/koumassi-remblai-studio-meuble-haut-standing-5860593;2026-05-12T16:43:42+00:00
CI;Côte d'Ivoire;coinafrique;location;appartement;appartements-meubles;Location appartement meublé 3 pièces - Rivieria;1300000;;;3;Cocody;;;https://ci.coinafrique.com/annonce/appartements-meubles/location-appartement-meuble-3-pieces-rivieria-5817413;2026-05-12T16:43:42+00:00
CI;Côte d'Ivoire;coinafrique;location;appartement;appartements-meubles;Location appartement meublé 3 pièces en zone 4;1500000;;;3;Cocody;;;https://ci.coinafrique.com/annonce/appartements-meubles/location-appartement-meuble-3-pieces-en-zone-4-5816895;2026-05-12T16:43:42+00:00
CI;Côte d'Ivoire;coinafrique;location;appartement;appartements-meubles;Location appartement meublé 4 pièces à Cocody rivera golf zone casino au 9eme étage avec ascenseur;800000;;;4;Cocody;;;https://ci.coinafrique.com/annonce/appartements-meubles/location-appartement-meuble-4-pieces-a-cocody-rivera-golf-zone-casino-au-9eme-etage-avec-ascenseur-5816888;2026-05-12T16:43:42+00:00
CI;Côte d'Ivoire;coinafrique;location;appartement;appartements-meubles;Location appartement 3 pièces à Cocody Riviera 4 M’badon;850000;;;3;Cocody;Riviera 4;;https://ci.coinafrique.com/annonce/appartements-meubles/location-appartement-3-pieces-a-cocody-riviera-4-mbadon-5816624;2026-05-12T16:43:42+00:00
CI;Côte d'Ivoire;coinafrique;location;appartement;appartements-meubles;Location appartement 3 pièces Marcory Zone 4;2500000;;;3;Marcory;Zone 4;;https://ci.coinafrique.com/annonce/appartements-meubles/location-appartement-3-pieces-marcory-zone-4-5857933;2026-05-12T16:43:42+00:00
CI;Côte d'Ivoire;coinafrique;location;appartement;appartements-meubles;Location appartement meublé 2 pièces Marcory Zone 4;80000;;;2;Marcory;Zone 4;;https://ci.coinafrique.com/annonce/appartements-meubles/location-appartement-meuble-2-pieces-marcory-zone-4-5857928;2026-05-12T16:43:42+00:00
CI;Côte d'Ivoire;coinafrique;location;appartement;appartements-meubles;Location appartement meublé 3 pièces a la Rivièra triangle non loin du lycée français;1100000;;;3;Cocody;;;https://ci.coinafrique.com/annonce/appartements-meubles/location-appartement-meuble-3-pieces-a-la-riviera-triangle-non-loin-du-lycee-francais-5814059;2026-05-12T16:43:42+00:00
CI;Côte d'Ivoire;coinafrique;location;appartement;appartements-meubles;Location appartement meublé 3 pièces - Cocody;850000;;;3;Cocody;;;https://ci.coinafrique.com/annonce/appartements-meubles/location-appartement-meuble-3-pieces-cocody-5813950;2026-05-12T16:43:42+00:00
CI;Côte d'Ivoire;coinafrique;location;appartement;appartements-meubles;Location appartement meublé 3 pièces à la riviera 4;850000;;;3;Cocody;Riviera 4;;https://ci.coinafrique.com/annonce/appartements-meubles/location-appartement-meuble-3-pieces-a-la-riviera-4-5813760;2026-05-12T16:43:42+00:00
CI;Côte d'Ivoire;coinafrique;location;appartement;appartements-meubles;Location appartement meublé 3 pièces - Cocody Rivièra;850000;;;3;Cocody;;;https://ci.coinafrique.com/annonce/appartements-meubles/location-appartement-meuble-3-pieces-cocody-riviera-5813747;2026-05-12T16:43:42+00:00
CI;Côte d'Ivoire;coinafrique;location;appartement;appartements-meubles;Location appartements meublés 2 pièces - cocody;15000;;;2;Cocody;;;https://ci.coinafrique.com/annonce/appartements-meubles/location-appartements-meubles-2-pieces-cocody-5812426;2026-05-12T16:43:42+00:00
CI;Côte d'Ivoire;coinafrique;location;appartement;appartements-meubles;Appartement meublé;25000;;;;Cocody;;;https://ci.coinafrique.com/annonce/appartements-meubles/appartement-meuble-5854328;2026-05-12T16:43:42+00:00
CI;Côte d'Ivoire;coinafrique;location;appartement;appartements-meubles;Location appartements meublés 3 pièces - Cocody riviera m'badon;850000;;;3;Cocody;Riviera M'Badon;;https://ci.coinafrique.com/annonce/appartements-meubles/location-appartements-meubles-3-pieces-cocody-riviera-mbadon-5814906;2026-05-12T16:43:42+00:00
CI;Côte d'Ivoire;coinafrique;location;appartement;appartements-meubles;Location appartement meublé - Abidjan;1100000;;;;Cocody;;;https://ci.coinafrique.com/annonce/appartements-meubles/location-appartement-meuble-abidjan-5810750;2026-05-12T16:43:42+00:00
CI;Côte d'Ivoire;coinafrique;location;appartement;appartements-meubles;Location appartements meublés 01 pièces à Cocody;500000;;;1;Cocody;;;https://ci.coinafrique.com/annonce/appartements-meubles/location-appartements-meubles-01-pieces-a-cocody-5810073;2026-05-12T16:43:42+00:00
CI;Côte d'Ivoire;coinafrique;location;appartement;appartements-meubles;Location villa 5 pièces à Cocody Riviera Abatta;1500000;;;5;Cocody;;;https://ci.coinafrique.com/annonce/appartements-meubles/location-villa-5-pieces-a-cocody-riviera-abatta-5810068;2026-05-12T16:43:42+00:00
CI;Côte d'Ivoire;coinafrique;location;appartement;appartements-meubles;Location appartements meublés 3 pièces - Cocody Riviera m'badon;1800000;;;3;Cocody;Riviera M'Badon;;https://ci.coinafrique.com/annonce/appartements-meubles/location-appartements-meubles-3-pieces-cocody-riviera-mbadon-5812380;2026-05-12T16:43:42+00:00
CI;Côte d'Ivoire;coinafrique;location;appartement;appartements-meubles;Location appartements meublés 4 pièces - Cocody Riviera 4 m'badon;2200000;;;4;Cocody;Riviera 4;;https://ci.coinafrique.com/annonce/appartements-meubles/location-appartements-meubles-4-pieces-cocody-riviera-4-mbadon-5812120;2026-05-12T16:43:42+00:00
CI;Côte d'Ivoire;coinafrique;location;appartement;appartements-meubles;Location appartement meublé 3 pièces - Riviera golf;1000000;;;3;Cocody;Riviera Golf;;https://ci.coinafrique.com/annonce/appartements-meubles/location-appartement-meuble-3-pieces-riviera-golf-5808446;2026-05-12T16:43:42+00:00
CI;Côte d'Ivoire;coinafrique;location;appartement;appartements-meubles;Location appartement meublées à Riviera Abatta;15000;;;;Cocody;;;https://ci.coinafrique.com/annonce/appartements-meubles/location-appartement-meublees-a-riviera-abatta-5829697;2026-05-12T16:43:42+00:00
CI;Côte d'Ivoire;coinafrique;location;appartement;appartements-meubles;Location appartement 4 pièces meublée - Abidjan Marcory ( zone4 - bietry);120000;;;4;Marcory;;;https://ci.coinafrique.com/annonce/appartements-meubles/location-appartement-4-pieces-meublee-abidjan-marcory-zone4-bietry-5846725;2026-05-12T16:43:42+00:00
CI;Côte d'Ivoire;coinafrique;location;appartement;appartements-meubles;Location appartements meublés 5 pièces - cocody;2000000;;;5;Cocody;;;https://ci.coinafrique.com/annonce/appartements-meubles/location-appartements-meubles-5-pieces-cocody-5846469;2026-05-12T16:43:42+00:00
CI;Côte d'Ivoire;coinafrique;location;appartement;appartements-meubles;Location appartements meublés 04 pièces - Cocody riviera 3 non loin du lycée français;4000000;;;4;Cocody;Riviera 3;;https://ci.coinafrique.com/annonce/appartements-meubles/location-appartements-meubles-04-pieces-cocody-riviera-3-non-loin-du-lycee-francais-5804198;2026-05-12T16:43:42+00:00
CI;Côte d'Ivoire;coinafrique;location;appartement;appartements-meubles;Location appartements meublés 1 pièce - Marcory zone 4;900000;;;1;Marcory;Zone 4;;https://ci.coinafrique.com/annonce/appartements-meubles/location-appartements-meubles-1-piece-marcory-zone-4-5804219;2026-05-12T16:43:42+00:00
CI;Côte d'Ivoire;coinafrique;location;appartement;appartements-meubles;Location appartements meublés 02 pièces - Cocody;650000;;;2;Cocody;;;https://ci.coinafrique.com/annonce/appartements-meubles/location-appartements-meubles-02-pieces-cocody-5804213;2026-05-12T16:43:42+00:00
CI;Côte d'Ivoire;coinafrique;location;appartement;appartements-meubles;Location appartements 3 pièces mRiviera M’badoneublés 3 pièces - cocody riviera m’badon ambassade de chine;1800000;;;3;Cocody;;;https://ci.coinafrique.com/annonce/appartements-meubles/location-appartements-3-pieces-mriviera-mbadoneubles-3-pieces-cocody-riviera-mbadon-ambassade-de-chine-5804087;2026-05-12T16:43:42+00:00
CI;Côte d'Ivoire;coinafrique;location;appartement;appartements-meubles;Résidence meublée 2 pièces à Angré;25000;;;2;Cocody;Angré;;https://ci.coinafrique.com/annonce/appartements-meubles/residence-meublee-2-pieces-a-angre-5845736;2026-05-12T16:43:42+00:00
CI;Côte d'Ivoire;coinafrique;location;appartement;appartements-meubles;Location appartement meublé 3 pièces - Riviera;1100000;;;3;Cocody;;;https://ci.coinafrique.com/annonce/appartements-meubles/location-appartement-meuble-3-pieces-riviera-5802640;2026-05-12T16:43:42+00:00
CI;Côte d'Ivoire;coinafrique;location;appartement;appartements-meubles;Location chambre salon - Vallon;50000;;;;Cocody;Vallon;;https://ci.coinafrique.com/annonce/appartements-meubles/location-chambre-salon-vallon-5843728;2026-05-12T16:43:42+00:00
CI;Côte d'Ivoire;coinafrique;location;appartement;appartements-meubles;Location appartement haut standing meublé 3 pièces à la Rivièra triangle non loin des lycées français et américain;1100000;;;3;Cocody;;haut;https://ci.coinafrique.com/annonce/appartements-meubles/location-appartement-haut-standing-meuble-3-pieces-a-la-riviera-triangle-non-loin-des-lycees-francais-et-americain-5801026;2026-05-12T16:43:42+00:00
CI;Côte d'Ivoire;coinafrique;location;appartement;appartements-meubles;Location appartement meublé - Angré;2500000;;;;Cocody;Angré;;https://ci.coinafrique.com/annonce/appartements-meubles/location-appartement-meuble-angre-5811419;2026-05-12T16:43:42+00:00
CI;Côte d'Ivoire;coinafrique;location;appartement;appartements-meubles;Location appartement meublé 3 pièces - Cocody Rivièra;50000;;;3;Cocody;;;https://ci.coinafrique.com/annonce/appartements-meubles/location-appartement-meuble-3-pieces-cocody-riviera-5809851;2026-05-12T16:43:42+00:00
CI;Côte d'Ivoire;coinafrique;location;appartement;appartements-meubles;Résidence meublée 2 pièces à yopougon maroc;25000;;;2;Yopougon;Maroc;;https://ci.coinafrique.com/annonce/appartements-meubles/residence-meublee-2-pieces-a-yopougon-maroc-5839769;2026-05-12T16:43:42+00:00
CI;Côte d'Ivoire;coinafrique;location;appartement;appartements-meubles;Location appartements meublés 3 pièces - Cocody Riviera Triangle;1100000;;;3;Cocody;;;https://ci.coinafrique.com/annonce/appartements-meubles/location-appartements-meubles-3-pieces-cocody-riviera-triangle-5799866;2026-05-12T16:43:42+00:00
CI;Côte d'Ivoire;coinafrique;location;appartement;appartements-meubles;Location appartement meublé 4 pièces -7 ème tranche;1000000;;;4;Cocody;;;https://ci.coinafrique.com/annonce/appartements-meubles/location-appartement-meuble-4-pieces-7-eme-tranche-5796230;2026-05-12T16:43:42+00:00
CI;Côte d'Ivoire;coinafrique;location;appartement;appartements-meubles;Location appartement meublé au Golf;1000000;;;;Cocody;;;https://ci.coinafrique.com/annonce/appartements-meubles/location-appartement-meuble-au-golf-5795553;2026-05-12T16:43:42+00:00
CI;Côte d'Ivoire;coinafrique;location;appartement;appartements-meubles;Location 2 pieces meublé - 2 plateaux les perles;250000;;;2;Cocody;2 Plateaux;;https://ci.coinafrique.com/annonce/appartements-meubles/location-2-pieces-meuble-2-plateaux-les-perles-5833616;2026-05-12T16:43:42+00:00
CI;Côte d'Ivoire;coinafrique;location;appartement;appartements-meubles;Location appartements meublés 3 pièces - cocody danga;1500000;;;3;Cocody;Danga;;https://ci.coinafrique.com/annonce/appartements-meubles/location-appartements-meubles-3-pieces-cocody-danga-5789662;2026-05-12T16:43:42+00:00
CI;Côte d'Ivoire;coinafrique;location;appartement;appartements-meubles;Location résidence meublée;90000;;;;Cocody;;;https://ci.coinafrique.com/annonce/appartements-meubles/location-residence-meublee-5831279;2026-05-12T16:43:42+00:00
CI;Côte d'Ivoire;coinafrique;location;appartement;appartements-meubles;Location résidence meublée 3 pièces a la Riviere;70000;;;3;Cocody;;;https://ci.coinafrique.com/annonce/appartements-meubles/location-residence-meublee-3-pieces-a-la-riviere-5786589;2026-05-12T16:43:42+00:00
CI;Côte d'Ivoire;coinafrique;location;appartement;appartements-meubles;Location appartements meublés 2 pièces - cocody riviera triangle;8000000;;;2;Cocody;;;https://ci.coinafrique.com/annonce/appartements-meubles/location-appartements-meubles-2-pieces-cocody-riviera-triangle-5783149;2026-05-12T16:43:42+00:00
CI;Côte d'Ivoire;coinafrique;location;appartement;appartements-meubles;Location appartement meublé de standing 3 pièces - cocody 2 plateaux vallon;2200000;;;3;Cocody;2 Plateaux;;https://ci.coinafrique.com/annonce/appartements-meubles/location-appartement-meuble-de-standing-3-pieces-cocody-2-plateaux-vallon-5782985;2026-05-12T16:43:42+00:00
CI;Côte d'Ivoire;coinafrique;location;appartement;appartements-meubles;Location appartement meublé de standing 3 pièces - cocody 2 plateaux vallon;2200000;;;3;Cocody;2 Plateaux;;https://ci.coinafrique.com/annonce/appartements-meubles/location-appartement-meuble-de-standing-3-pieces-cocody-2-plateaux-vallon-5782978;2026-05-12T16:43:42+00:00
CI;Côte d'Ivoire;coinafrique;location;appartement;appartements-meubles;Location résidence meublée - Cocody riviera bonoumin;20000;;;;Cocody;Riviera Bonoumin;;https://ci.coinafrique.com/annonce/appartements-meubles/location-residence-meublee-cocody-riviera-bonoumin-5780782;2026-05-12T16:43:42+00:00
CI;Côte d'Ivoire;coinafrique;location;appartement;appartements-meubles;Location studio meublé - Palmeraie;15000;;;;Cocody;Palmeraie;;https://ci.coinafrique.com/annonce/appartements-meubles/location-studio-meuble-palmeraie-5827907;2026-05-12T16:43:42+00:00
CI;Côte d'Ivoire;coinafrique;location;appartement;appartements-meubles;Location appartement meublé 2 pièces - le Plateau;45000;;;2;Plateau;;;https://ci.coinafrique.com/annonce/appartements-meubles/location-appartement-meuble-2-pieces-le-plateau-5827722;2026-05-12T16:43:42+00:00
CI;Côte d'Ivoire;coinafrique;location;appartement;appartements-meubles;Location appartement meublé 2 pièces - Plateau;1200000;;;2;Cocody;;;https://ci.coinafrique.com/annonce/appartements-meubles/location-appartement-meuble-2-pieces-plateau-5781135;2026-05-12T16:43:42+00:00
CI;Côte d'Ivoire;coinafrique;location;appartement;appartements-meubles;Appart meublé cocody cité 166logement;60000;;;;Cocody;;;https://ci.coinafrique.com/annonce/appartements-meubles/appart-meuble-cocody-cite-166logement-5825790;2026-05-12T16:43:42+00:00
CI;Côte d'Ivoire;coinafrique;location;appartement;appartements-meubles;Location appartement 4 pièces avec meubles à Cocody rivera 4 mbadon au 2ème étage avec piscine commune;2200000;;;4;Cocody;;;https://ci.coinafrique.com/annonce/appartements-meubles/location-appartement-4-pieces-avec-meubles-a-cocody-rivera-4-mbadon-au-2eme-etage-avec-piscine-commune-5778077;2026-05-12T16:43:42+00:00
CI;Côte d'Ivoire;coinafrique;location;appartement;appartements-meubles;Location appartements meublés 3 pièces - Cocody Rivièra m’badon;2000000;;;3;Cocody;;;https://ci.coinafrique.com/annonce/appartements-meubles/location-appartements-meubles-3-pieces-cocody-riviera-mbadon-5777573;2026-05-12T16:43:42+00:00
CI;Côte d'Ivoire;coinafrique;location;appartement;appartements-meubles;Location appartements meublés 3 pièces - Marcory zone 4;100000;;;3;Marcory;Zone 4;;https://ci.coinafrique.com/annonce/appartements-meubles/location-appartements-meubles-3-pieces-marcory-zone-4-5777533;2026-05-12T16:43:42+00:00
CI;Côte d'Ivoire;coinafrique;location;appartement;appartements-meubles;Location appartement meublée au Plateau;1500000;;;;Cocody;;;https://ci.coinafrique.com/annonce/appartements-meubles/location-appartement-meublee-au-plateau-5776763;2026-05-12T16:43:42+00:00
CI;Côte d'Ivoire;coinafrique;location;appartement;appartements-meubles;Location appartement meublé 2 pièces au Plateau;65000;;;2;Cocody;;;https://ci.coinafrique.com/annonce/appartements-meubles/location-appartement-meuble-2-pieces-au-plateau-5774731;2026-05-12T16:43:42+00:00
CI;Côte d'Ivoire;coinafrique;location;appartement;appartements-meubles;Residence studio - cocody blockhaus;20000;;;;Cocody;;;https://ci.coinafrique.com/annonce/appartements-meubles/residence-studio-cocody-blockhaus-5820422;2026-05-12T16:43:42+00:00
CI;Côte d'Ivoire;coinafrique;location;appartement;appartements-meubles;Location résidence meublée - Angré Château;10000;;;;Cocody;Angré;;https://ci.coinafrique.com/annonce/appartements-meubles/location-residence-meublee-angre-chateau-5818435;2026-05-12T16:43:42+00:00
CI;Côte d'Ivoire;coinafrique;location;appartement;appartements-meubles;Location résidence meublée - Angré Château;10000;;;;Cocody;Angré;;https://ci.coinafrique.com/annonce/appartements-meubles/location-residence-meublee-angre-chateau-5818301;2026-05-12T16:43:42+00:00
CI;Côte d'Ivoire;coinafrique;location;appartement;appartements-meubles;Location résidence meublée - Angré Château;10000;;;;Cocody;Angré;;https://ci.coinafrique.com/annonce/appartements-meubles/location-residence-meublee-angre-chateau-5818258;2026-05-12T16:43:42+00:00
CI;Côte d'Ivoire;coinafrique;location;appartement;appartements-meubles;Location studio meublé - Pharmacie mamie adjoua de yopougon;15000;;;;Yopougon;;;https://ci.coinafrique.com/annonce/appartements-meubles/location-studio-meuble-pharmacie-mamie-adjoua-de-yopougon-5816083;2026-05-12T16:43:42+00:00
CI;Côte d'Ivoire;coinafrique;location;appartement;appartements-meubles;Location appartements meublés 3 pièces - Cocody riviera m’badon ambassade de chine;2000000;;;3;Cocody;;;https://ci.coinafrique.com/annonce/appartements-meubles/location-appartements-meubles-3-pieces-cocody-riviera-mbadon-ambassade-de-chine-5768038;2026-05-12T16:43:42+00:00
CI;Côte d'Ivoire;coinafrique;location;appartement;appartements-meubles;Location appartements meublés 4 pièces - Cocody riviera m’badon ambassade de chine;2000000;;;4;Cocody;;;https://ci.coinafrique.com/annonce/appartements-meubles/location-appartements-meubles-4-pieces-cocody-riviera-mbadon-ambassade-de-chine-5767757;2026-05-12T16:43:42+00:00
CI;Côte d'Ivoire;coinafrique;location;appartement;appartements-meubles;Location appartement meublé - Yopougon;20000;;;;Yopougon;;;https://ci.coinafrique.com/annonce/appartements-meubles/location-appartement-meuble-yopougon-5812804;2026-05-12T16:43:42+00:00
CI;Côte d'Ivoire;coinafrique;location;appartement;appartements-meubles;Location appartements meublés 3 pièces - Cocody riviera m’badon;2000000;;;3;Cocody;;;https://ci.coinafrique.com/annonce/appartements-meubles/location-appartements-meubles-3-pieces-cocody-riviera-mbadon-5762089;2026-05-12T16:43:42+00:00
CI;Côte d'Ivoire;coinafrique;location;appartement;appartements-meubles;Location appartement meublé 4 pièces - Cocody;90000;;;4;Cocody;;;https://ci.coinafrique.com/annonce/appartements-meubles/location-appartement-meuble-4-pieces-cocody-5760953;2026-05-12T16:43:42+00:00
CI;Côte d'Ivoire;coinafrique;location;appartement;appartements-meubles;Location appartements meublés 3 pièces - Cocody triangle;1100000;;;3;Cocody;;;https://ci.coinafrique.com/annonce/appartements-meubles/location-appartements-meubles-3-pieces-cocody-triangle-5799841;2026-05-12T16:43:42+00:00
CI;Côte d'Ivoire;coinafrique;location;appartement;appartements-meubles;Location résidence meublée dans la cité les rosiers de grand Bassam;150000;;;;Grand-Bassam;;;https://ci.coinafrique.com/annonce/appartements-meubles/location-residence-meublee-dans-la-cite-les-rosiers-de-grand-bassam-5776734;2026-05-12T16:43:42+00:00
CI;Côte d'Ivoire;coinafrique;location;appartement;appartements-meubles;Deux chambres salons hauts standing au vallon;70000;;;;Cocody;Vallon;;https://ci.coinafrique.com/annonce/appartements-meubles/deux-chambres-salons-hauts-standing-au-vallon-5807462;2026-05-12T16:43:42+00:00
CI;Côte d'Ivoire;coinafrique;location;appartement;appartements-meubles;Appartement meublé studio disponible à marcory;20000;;;;Marcory;;;https://ci.coinafrique.com/annonce/appartements-meubles/appartement-meuble-studio-disponible-a-marcory-5807290;2026-05-12T16:43:42+00:00
CI;Côte d'Ivoire;coinafrique;location;appartement;appartements-meubles;Résidence meublée chambre salon disponible à yopougon;25000;;;;Yopougon;;;https://ci.coinafrique.com/annonce/appartements-meubles/residence-meublee-chambre-salon-disponible-a-yopougon-5807270;2026-05-12T16:43:42+00:00
CI;Côte d'Ivoire;coinafrique;location;appartement;appartements-meubles;Location appartements meublés 3 pièces - le plateau avec piscine;1800000;;;3;Plateau;;;https://ci.coinafrique.com/annonce/appartements-meubles/location-appartements-meubles-3-pieces-le-plateau-avec-piscine-5758991;2026-05-12T16:43:42+00:00
CI;Côte d'Ivoire;coinafrique;location;appartement;appartements-meubles;Location appartements meublés 3 pièces - marcory zone 4 boulevards de marseille;3500000;;;3;Marcory;Zone 4;;https://ci.coinafrique.com/annonce/appartements-meubles/location-appartements-meubles-3-pieces-marcory-zone-4-boulevards-de-marseille-5758956;2026-05-12T16:43:42+00:00
CI;Côte d'Ivoire;coinafrique;location;appartement;appartements-meubles;Location appartement 2 pièces Riviera 2;600000;;;2;Cocody;Riviera 2;;https://ci.coinafrique.com/annonce/appartements-meubles/location-appartement-2-pieces-riviera-2-5757977;2026-05-12T16:43:42+00:00
CI;Côte d'Ivoire;coinafrique;location;appartement;appartements-meubles;Location villa Riviera Abatta;2000000;;;;Cocody;;;https://ci.coinafrique.com/annonce/appartements-meubles/location-villa-riviera-abatta-5757671;2026-05-12T16:43:42+00:00
CI;Côte d'Ivoire;coinafrique;location;appartement;appartements-meubles;Loaction villa meublée à Grand Bassam;150000;;;;Grand-Bassam;;;https://ci.coinafrique.com/annonce/appartements-meubles/loaction-villa-meublee-a-grand-bassam-5783669;2026-05-12T16:43:42+00:00
CI;Côte d'Ivoire;coinafrique;location;appartement;appartements-meubles;Location appartements meublés 2 pièces - Cocody;25000;;;2;Cocody;;;https://ci.coinafrique.com/annonce/appartements-meubles/location-appartements-meubles-2-pieces-cocody-5802669;2026-05-12T16:43:42+00:00
CI;Côte d'Ivoire;coinafrique;location;appartement;appartements-meubles;Location appartement meublé 3 pièces - Cocody riviera golf;900000;;;3;Cocody;Riviera Golf;;https://ci.coinafrique.com/annonce/appartements-meubles/location-appartement-meuble-3-pieces-cocody-riviera-golf-5755341;2026-05-12T16:43:42+00:00
CI;Côte d'Ivoire;coinafrique;location;appartement;appartements-meubles;Location appartement meublé 4 pièces - Cocody riviera golf berverly hill;3500000;;;4;Cocody;Riviera Golf;;https://ci.coinafrique.com/annonce/appartements-meubles/location-appartement-meuble-4-pieces-cocody-riviera-golf-berverly-hill-5751868;2026-05-12T16:43:42+00:00
CI;Côte d'Ivoire;coinafrique;location;appartement;appartements-meubles;Location appartement meublé 3 pièces - Cocody riviera golf;2500000;;;3;Cocody;Riviera Golf;;https://ci.coinafrique.com/annonce/appartements-meubles/location-appartement-meuble-3-pieces-cocody-riviera-golf-5751852;2026-05-12T16:43:42+00:00
CI;Côte d'Ivoire;coinafrique;location;appartement;appartements-meubles;Location appartements meublés 3 pièces - Cocody danga;2200000;;;3;Cocody;Danga;;https://ci.coinafrique.com/annonce/appartements-meubles/location-appartements-meubles-3-pieces-cocody-danga-5752218;2026-05-12T16:43:42+00:00
CI;Côte d'Ivoire;coinafrique;location;appartement;appartements-meubles;Location appartement meublé 3 pièces - Cocody saint jean;1000000;;;3;Cocody;Saint Jean;;https://ci.coinafrique.com/annonce/appartements-meubles/location-appartement-meuble-3-pieces-cocody-saint-jean-5751907;2026-05-12T16:43:42+00:00
CI;Côte d'Ivoire;coinafrique;location;appartement;appartements-meubles;Location appartement meublé 4 pièces - Cocody riviera golf berverly hill;3500000;;;4;Cocody;Riviera Golf;;https://ci.coinafrique.com/annonce/appartements-meubles/location-appartement-meuble-4-pieces-cocody-riviera-golf-berverly-hill-5751897;2026-05-12T16:43:42+00:00
CI;Côte d'Ivoire;coinafrique;location;appartement;appartements-meubles;Location appartement meublé 3 pièces - Cocody riviera golf berverly hill;2500000;;;3;Cocody;Riviera Golf;;https://ci.coinafrique.com/annonce/appartements-meubles/location-appartement-meuble-3-pieces-cocody-riviera-golf-berverly-hill-5751892;2026-05-12T16:43:42+00:00
CI;Côte d'Ivoire;coinafrique;location;appartement;appartements-meubles;Location appartement meublé 3 pièces - Cocody saint jean;1000000;;;3;Cocody;Saint Jean;;https://ci.coinafrique.com/annonce/appartements-meubles/location-appartement-meuble-3-pieces-cocody-saint-jean-5751841;2026-05-12T16:43:42+00:00
CI;Côte d'Ivoire;coinafrique;location;appartement;appartements-meubles;Location villa meublé 5 pièces - Abatta;1700000;;;5;Cocody;;;https://ci.coinafrique.com/annonce/appartements-meubles/location-villa-meuble-5-pieces-abatta-5748883;2026-05-12T16:43:42+00:00
CI;Côte d'Ivoire;coinafrique;location;appartement;appartements-meubles;Location appartements meublés 3 pièces - le plateau;1700000;;;3;Plateau;;;https://ci.coinafrique.com/annonce/appartements-meubles/location-appartements-meubles-3-pieces-le-plateau-5748803;2026-05-12T16:43:42+00:00
CI;Côte d'Ivoire;coinafrique;location;appartement;appartements-meubles;Location appartements meublés 3 pièces - le Plateau;2000000;;;3;Plateau;;;https://ci.coinafrique.com/annonce/appartements-meubles/location-appartements-meubles-3-pieces-le-plateau-5748695;2026-05-12T16:43:42+00:00
CI;Côte d'Ivoire;coinafrique;location;appartement;appartements-meubles;Location appartements meublés 3 pièces - Marcory zone 4;1650000;;;3;Marcory;Zone 4;;https://ci.coinafrique.com/annonce/appartements-meubles/location-appartements-meubles-3-pieces-marcory-zone-4-5748674;2026-05-12T16:43:42+00:00
CI;Côte d'Ivoire;coinafrique;location;appartement;appartements-meubles;Location appartements meublés 2 pièces - Marcory zone 4;95000;;;2;Marcory;Zone 4;;https://ci.coinafrique.com/annonce/appartements-meubles/location-appartements-meubles-2-pieces-marcory-zone-4-5744720;2026-05-12T16:43:42+00:00
CI;Côte d'Ivoire;coinafrique;location;appartement;appartements-meubles;Location meublée 3 pièces à Angré 8ème tranche;70000;;;3;Cocody;Angré;;https://ci.coinafrique.com/annonce/appartements-meubles/location-meublee-3-pieces-a-angre-8eme-tranche-5742633;2026-05-12T16:43:42+00:00
CI;Côte d'Ivoire;coinafrique;location;appartement;appartements-meubles;Location studio meublé à Cocody non loin de l’université;500000;;;;Cocody;;;https://ci.coinafrique.com/annonce/appartements-meubles/location-studio-meuble-a-cocody-non-loin-de-luniversite-5742626;2026-05-12T16:43:42+00:00
CI;Côte d'Ivoire;coinafrique;location;appartement;appartements-meubles;Location appartement 3 pièces au Vallon;60000;;;3;Cocody;Vallon;;https://ci.coinafrique.com/annonce/appartements-meubles/location-appartement-3-pieces-au-vallon-5742619;2026-05-12T16:43:42+00:00
CI;Côte d'Ivoire;coinafrique;location;appartement;appartements-meubles;Location appartements meublés 7 pièces - Grand-bassam;18000;;;7;Grand-Bassam;;;https://ci.coinafrique.com/annonce/appartements-meubles/location-appartements-meubles-7-pieces-grand-bassam-5762237;2026-05-12T16:43:42+00:00
CI;Côte d'Ivoire;coinafrique;location;appartement;appartements-meubles;Location appartements meublés 4 pièces - Cocody;180000;;;4;Cocody;;;https://ci.coinafrique.com/annonce/appartements-meubles/location-appartements-meubles-4-pieces-cocody-5762188;2026-05-12T16:43:42+00:00
CI;Côte d'Ivoire;coinafrique;location;appartement;appartements-meubles;Location résidence meublée - Angré;17000;;;;Cocody;Angré;;https://ci.coinafrique.com/annonce/appartements-meubles/location-residence-meublee-angre-5790484;2026-05-12T16:43:42+00:00
CI;Côte d'Ivoire;coinafrique;location;appartement;appartements-meubles;Location appartements meublés 2 pièces - Marcory;50000;;;2;Marcory;;;https://ci.coinafrique.com/annonce/appartements-meubles/location-appartements-meubles-2-pieces-marcory-5746284;2026-05-12T16:43:42+00:00
CI;Côte d'Ivoire;coinafrique;location;appartement;appartements-meubles;Location appartements meublés 1 pièces - Marcory;40000;;;1;Marcory;;;https://ci.coinafrique.com/annonce/appartements-meubles/location-appartements-meubles-1-pieces-marcory-5746252;2026-05-12T16:43:42+00:00
CI;Côte d'Ivoire;coinafrique;location;appartement;appartements-meubles;Location appartements meublés 3 pièces - Marcory;70000;;;3;Marcory;;;https://ci.coinafrique.com/annonce/appartements-meubles/location-appartements-meubles-3-pieces-marcory-5746236;2026-05-12T16:43:42+00:00
CI;Côte d'Ivoire;coinafrique;location;appartement;appartements-meubles;Location appartement meublé - Vallon;30000;;;;Cocody;Vallon;;https://ci.coinafrique.com/annonce/appartements-meubles/location-appartement-meuble-vallon-5788167;2026-05-12T16:43:42+00:00
CI;Côte d'Ivoire;coinafrique;location;appartement;appartements-meubles;Location résidence 3 pièces - Abidjan Cocody;45000;;;3;Cocody;;;https://ci.coinafrique.com/annonce/appartements-meubles/location-residence-3-pieces-abidjan-cocody-5738638;2026-05-12T16:43:42+00:00
CI;Côte d'Ivoire;coinafrique;location;appartement;appartements-meubles;Location appartements meublé 3 pièces - Abidjan;50000;;;3;Cocody;;;https://ci.coinafrique.com/annonce/appartements-meubles/location-appartements-meuble-3-pieces-abidjan-5737699;2026-05-12T16:43:42+00:00
CI;Côte d'Ivoire;coinafrique;location;appartement;appartements-meubles;Location mini villa meublée 2 pièces - Angré;45000;;;2;Cocody;Angré;;https://ci.coinafrique.com/annonce/appartements-meubles/location-mini-villa-meublee-2-pieces-angre-5786280;2026-05-12T16:43:42+00:00
CI;Côte d'Ivoire;coinafrique;location;appartement;appartements-meubles;Location studio meublé - Angre Face cité adoha;20000;;;;Cocody;Angre;;https://ci.coinafrique.com/annonce/appartements-meubles/location-studio-meuble-angre-face-cite-adoha-5785649;2026-05-12T16:43:42+00:00
CI;Côte d'Ivoire;coinafrique;location;appartement;appartements-meubles;Location appartement meublé 4 pièces - Marcory zone 4;150000;;;4;Marcory;Zone 4;;https://ci.coinafrique.com/annonce/appartements-meubles/location-appartement-meuble-4-pieces-marcory-zone-4-5733900;2026-05-12T16:43:42+00:00
CI;Côte d'Ivoire;coinafrique;location;appartement;appartements-meubles;Location apparemment meublé 3 pièces - Marcory zone 4;850000;;;3;Marcory;Zone 4;;https://ci.coinafrique.com/annonce/appartements-meubles/location-apparemment-meuble-3-pieces-marcory-zone-4-5733167;2026-05-12T16:43:42+00:00
CI;Côte d'Ivoire;coinafrique;location;appartement;appartements-meubles;Location appartement 3 pièces avec les meubles à Cocody Rivera golf les Elias au 1er étage;700000;;;3;Cocody;;;https://ci.coinafrique.com/annonce/appartements-meubles/location-appartement-3-pieces-avec-les-meubles-a-cocody-rivera-golf-les-elias-au-1er-etage-5732115;2026-05-12T16:43:42+00:00
CI;Côte d'Ivoire;coinafrique;location;appartement;appartements-meubles;Location appartement meublé 2 pièces - Cocody;15000;;;2;Cocody;;;https://ci.coinafrique.com/annonce/appartements-meubles/location-appartement-meuble-2-pieces-cocody-5781659;2026-05-12T16:43:42+00:00
CI;Côte d'Ivoire;coinafrique;location;appartement;appartements-meubles;Location appartement meublé de standing 3 pièces - Cocody riviera golf;1000000;;;3;Cocody;Riviera Golf;;https://ci.coinafrique.com/annonce/appartements-meubles/location-appartement-meuble-de-standing-3-pieces-cocody-riviera-golf-5729741;2026-05-12T16:43:42+00:00
CI;Côte d'Ivoire;coinafrique;location;appartement;appartements-meubles;Location studio meublé - Cocody;500000;;;;Cocody;;;https://ci.coinafrique.com/annonce/appartements-meubles/location-studio-meuble-cocody-5730239;2026-05-12T16:43:42+00:00
CI;Côte d'Ivoire;coinafrique;location;appartement;appartements-meubles;Location appartements meublés 1 pièces - cocody;25000;;;1;Cocody;;;https://ci.coinafrique.com/annonce/appartements-meubles/location-appartements-meubles-1-pieces-cocody-5780725;2026-05-12T16:43:42+00:00
CI;Côte d'Ivoire;coinafrique;location;appartement;appartements-meubles;Location appartement meublé 4 pièces - Zone 4;170000;;;4;Marcory;Zone 4;;https://ci.coinafrique.com/annonce/appartements-meubles/location-appartement-meuble-4-pieces-zone-4-5780546;2026-05-12T16:43:42+00:00
CI;Côte d'Ivoire;coinafrique;location;appartement;appartements-meubles;Location appartement meublé - Cocody;25000;;;;Cocody;;;https://ci.coinafrique.com/annonce/appartements-meubles/location-appartement-meuble-cocody-5779225;2026-05-12T16:43:42+00:00
CI;Côte d'Ivoire;coinafrique;location;appartement;appartements-meubles;Location appartement meublé de standing 3 pièces - Cocody riviera golf;1000000;;;3;Cocody;Riviera Golf;;https://ci.coinafrique.com/annonce/appartements-meubles/location-appartement-meuble-de-standing-3-pieces-cocody-riviera-golf-5729737;2026-05-12T16:43:42+00:00
CI;Côte d'Ivoire;coinafrique;location;appartement;appartements-meubles;Location appartements meublé de haut standing 3 pièces - Marcory zone 4;2000000;;;3;Marcory;Zone 4;haut;https://ci.coinafrique.com/annonce/appartements-meubles/location-appartements-meuble-de-haut-standing-3-pieces-marcory-zone-4-5727357;2026-05-12T16:43:42+00:00
CI;Côte d'Ivoire;coinafrique;location;appartement;appartements-meubles;Location appartement meublé de haut standing 3 pièces - marcory zone 4;2000000;;;3;Marcory;Zone 4;haut;https://ci.coinafrique.com/annonce/appartements-meubles/location-appartement-meuble-de-haut-standing-3-pieces-marcory-zone-4-5727373;2026-05-12T16:43:42+00:00
CI;Côte d'Ivoire;coinafrique;location;appartement;appartements-meubles;Location appartement meublé 4 pièces - m’badon - abidjan cocody;1200000;;;4;Cocody;;;https://ci.coinafrique.com/annonce/appartements-meubles/location-appartement-meuble-4-pieces-mbadon-abidjan-cocody-5729817;2026-05-12T16:43:42+00:00
CI;Côte d'Ivoire;coinafrique;location;appartement;appartements-meubles;Studio meublé à la pharmacie mamie adjoua de yopougon;15000;;;;Yopougon;;;https://ci.coinafrique.com/annonce/appartements-meubles/studio-meuble-a-la-pharmacie-mamie-adjoua-de-yopougon-5775275;2026-05-12T16:43:42+00:00
CI;Côte d'Ivoire;coinafrique;location;appartement;appartements-meubles;Location appartement meublés 2 pièces - Grand-bassam;35000;;;2;Grand-Bassam;;;https://ci.coinafrique.com/annonce/appartements-meubles/location-appartement-meubles-2-pieces-grand-bassam-5774218;2026-05-12T16:43:42+00:00
CI;Côte d'Ivoire;coinafrique;location;appartement;appartements-meubles;Location appartement meublé de standing 3 pièces - cocody centre;700000;;;3;Cocody;Cocody Centre;;https://ci.coinafrique.com/annonce/appartements-meubles/location-appartement-meuble-de-standing-3-pieces-cocody-centre-5721652;2026-05-12T16:43:42+00:00
CI;Côte d'Ivoire;coinafrique;location;appartement;appartements-meubles;Location appartement meublé de standing 3 pièces - Cocody riviera golf;800000;;;3;Cocody;Riviera Golf;;https://ci.coinafrique.com/annonce/appartements-meubles/location-appartement-meuble-de-standing-3-pieces-cocody-riviera-golf-5721656;2026-05-12T16:43:42+00:00
CI;Côte d'Ivoire;coinafrique;location;appartement;appartements-meubles;Location résidence - Yopougon;15000;;;;Yopougon;;;https://ci.coinafrique.com/annonce/appartements-meubles/location-residence-yopougon-5773619;2026-05-12T16:43:42+00:00
CI;Côte d'Ivoire;coinafrique;location;appartement;appartements-meubles;Location appartement meublé de standing 3 pièces - cocody centre;700000;;;3;Cocody;Cocody Centre;;https://ci.coinafrique.com/annonce/appartements-meubles/location-appartement-meuble-de-standing-3-pieces-cocody-centre-5721648;2026-05-12T16:43:42+00:00
CI;Côte d'Ivoire;coinafrique;location;appartement;appartements-meubles;Location Appartement meublé 3 pièces - Marcory;1200000;;;3;Marcory;;;https://ci.coinafrique.com/annonce/appartements-meubles/location-appartement-meuble-3-pieces-marcory-5728561;2026-05-12T16:43:42+00:00
CI;Côte d'Ivoire;coinafrique;location;appartement;appartements-meubles;Location appartement meublé - Vallon;30000;;;;Cocody;Vallon;;https://ci.coinafrique.com/annonce/appartements-meubles/location-appartement-meuble-vallon-5772833;2026-05-12T16:43:42+00:00
CI;Côte d'Ivoire;coinafrique;location;appartement;appartements-meubles;Location appartement meublé 4pièces à Cocody centre cité des arts;1300000;;;4;Cocody;Cocody Centre;;https://ci.coinafrique.com/annonce/appartements-meubles/location-appartement-meuble-4pieces-a-cocody-centre-cite-des-arts-5721715;2026-05-12T16:43:42+00:00
CI;Côte d'Ivoire;coinafrique;location;appartement;appartements-meubles;Location appartements meublé de standing 3 pièces - cocody centre;700000;;;3;Cocody;Cocody Centre;;https://ci.coinafrique.com/annonce/appartements-meubles/location-appartements-meuble-de-standing-3-pieces-cocody-centre-5721637;2026-05-12T16:43:42+00:00
CI;Côte d'Ivoire;coinafrique;location;appartement;appartements-meubles;Location appartement meublé de standing 3 pièces - cocody centre;700000;;;3;Cocody;Cocody Centre;;https://ci.coinafrique.com/annonce/appartements-meubles/location-appartement-meuble-de-standing-3-pieces-cocody-centre-5721638;2026-05-12T16:43:42+00:00
CI;Côte d'Ivoire;coinafrique;location;appartement;appartements-meubles;Location appartement meublé de standing 3 pièces - Cocody riviera golf;800000;;;3;Cocody;Riviera Golf;;https://ci.coinafrique.com/annonce/appartements-meubles/location-appartement-meuble-de-standing-3-pieces-cocody-riviera-golf-5721631;2026-05-12T16:43:42+00:00
CI;Côte d'Ivoire;coinafrique;location;appartement;appartements-meubles;Location appartements meublés 1 pièces - bingerville;15000;;;1;Bingerville;;;https://ci.coinafrique.com/annonce/appartements-meubles/location-appartements-meubles-1-pieces-bingerville-5772146;2026-05-12T16:43:42+00:00
CI;Côte d'Ivoire;coinafrique;location;appartement;appartements-meubles;Location appartement meublés 4 pièces - Yaoundé;25000;;;4;Cocody;;;https://ci.coinafrique.com/annonce/appartements-meubles/location-appartement-meubles-4-pieces-yaounde-5771299;2026-05-12T16:43:42+00:00
CI;Côte d'Ivoire;coinafrique;location;appartement;appartements-meubles;Location appartement meublés 1 pièces - Cocody;20000;;;1;Cocody;;;https://ci.coinafrique.com/annonce/appartements-meubles/location-appartement-meubles-1-pieces-cocody-5771295;2026-05-12T16:43:42+00:00
CI;Côte d'Ivoire;coinafrique;location;appartement;appartements-meubles;Location appartements meublés 3 pièces - cocody;1300000;;;3;Cocody;;;https://ci.coinafrique.com/annonce/appartements-meubles/location-appartements-meubles-3-pieces-cocody-5719412;2026-05-12T16:43:42+00:00
CI;Côte d'Ivoire;coinafrique;location;appartement;appartements-meubles;Location appartement meublé 2 pièces - Riviera Palmeraie;1450000;;;2;Cocody;Riviera Palmeraie;;https://ci.coinafrique.com/annonce/appartements-meubles/location-appartement-meuble-2-pieces-riviera-palmeraie-5769967;2026-05-12T16:43:42+00:00
CI;Côte d'Ivoire;coinafrique;location;appartement;appartements-meubles;Location appartement meublé - Yopougon;20000;;;;Yopougon;;;https://ci.coinafrique.com/annonce/appartements-meubles/location-appartement-meuble-yopougon-5764647;2026-05-12T16:43:42+00:00
CI;Côte d'Ivoire;coinafrique;location;appartement;appartements-meubles;Location studio meublé - Cocody danga;35000;;;;Cocody;Danga;;https://ci.coinafrique.com/annonce/appartements-meubles/location-studio-meuble-cocody-danga-5712184;2026-05-12T16:43:42+00:00
CI;Côte d'Ivoire;coinafrique;location;appartement;appartements-meubles;Location résidence meublé -Cocody;35000;;;;Cocody;;;https://ci.coinafrique.com/annonce/appartements-meubles/location-residence-meuble-cocody-5712189;2026-05-12T16:43:42+00:00
CI;Côte d'Ivoire;coinafrique;location;appartement;appartements-meubles;Location appartements meublés 2 pièces - Cocody Danga;1000000;;;2;Cocody;Danga;;https://ci.coinafrique.com/annonce/appartements-meubles/location-appartements-meubles-2-pieces-cocody-danga-5720530;2026-05-12T16:43:42+00:00
CI;Côte d'Ivoire;coinafrique;location;appartement;appartements-meubles;Location appartement meublé 3 pièces - Riviera;1200000;;;3;Cocody;;;https://ci.coinafrique.com/annonce/appartements-meubles/location-appartement-meuble-3-pieces-riviera-5712013;2026-05-12T16:43:42+00:00
CI;Côte d'Ivoire;coinafrique;location;appartement;appartements-meubles;Location appartements meublés 3 pièces - Le plateau;1500000;;;3;Plateau;;;https://ci.coinafrique.com/annonce/appartements-meubles/location-appartements-meubles-3-pieces-le-plateau-5710206;2026-05-12T16:43:42+00:00
CI;Côte d'Ivoire;coinafrique;location;appartement;appartements-meubles;Location appartement 3 pièces - 2 Plateau;100000;;;3;Plateau;;;https://ci.coinafrique.com/annonce/appartements-meubles/location-appartement-3-pieces-2-plateau-5761057;2026-05-12T16:43:42+00:00
CI;Côte d'Ivoire;coinafrique;location;appartement;appartements-meubles;Location appartement 3 pièces - Riviera 3;100000;;;3;Riviera;;;https://ci.coinafrique.com/annonce/appartements-meubles/location-appartement-3-pieces-riviera-3-5761042;2026-05-12T16:43:42+00:00
CI;Côte d'Ivoire;coinafrique;location;appartement;appartements-meubles;Location studio meublé - Cocody Centre;500000;;;;Cocody;Cocody Centre;;https://ci.coinafrique.com/annonce/appartements-meubles/location-studio-meuble-cocody-centre-5706857;2026-05-12T16:43:42+00:00
CI;Côte d'Ivoire;coinafrique;location;appartement;appartements-meubles;Location appartements meublés 2 pièces - cocody;15000;;;2;Cocody;;;https://ci.coinafrique.com/annonce/appartements-meubles/location-appartements-meubles-2-pieces-cocody-5757596;2026-05-12T16:43:42+00:00
CI;Côte d'Ivoire;coinafrique;location;appartement;appartements-meubles;Location résidence meublée - Cocody riviera;25000;;;;Cocody;;;https://ci.coinafrique.com/annonce/appartements-meubles/location-residence-meublee-cocody-riviera-5703299;2026-05-12T16:43:42+00:00
CI;Côte d'Ivoire;coinafrique;location;appartement;appartements-meubles;Location appartements meublés 2 pièces - Cocody riviera;50000;;;2;Cocody;;;https://ci.coinafrique.com/annonce/appartements-meubles/location-appartements-meubles-2-pieces-cocody-riviera-5703182;2026-05-12T16:43:42+00:00
CI;Côte d'Ivoire;coinafrique;location;appartement;appartements-meubles;Location appartements meublés 3 pièces - cocody danga;1700000;;;3;Cocody;Danga;;https://ci.coinafrique.com/annonce/appartements-meubles/location-appartements-meubles-3-pieces-cocody-danga-5698776;2026-05-12T16:43:42+00:00
CI;Côte d'Ivoire;coinafrique;location;appartement;appartements-meubles;Location appartements meublés 3 pièces - cocody danga;1500000;;;3;Cocody;Danga;;https://ci.coinafrique.com/annonce/appartements-meubles/location-appartements-meubles-3-pieces-cocody-danga-5698772;2026-05-12T16:43:42+00:00
CI;Côte d'Ivoire;coinafrique;location;appartement;appartements-meubles;Location résidence meublée 2 pièces - Yop Azito;2500000;;;2;Yopougon;;;https://ci.coinafrique.com/annonce/appartements-meubles/location-residence-meublee-2-pieces-yop-azito-5732667;2026-05-12T16:43:42+00:00
CI;Côte d'Ivoire;coinafrique;location;appartement;appartements-meubles;Location résidence meublée - Riviera Faya Ephrata;10000;;;;Cocody;Riviera Faya;;https://ci.coinafrique.com/annonce/appartements-meubles/location-residence-meublee-riviera-faya-ephrata-5750679;2026-05-12T16:43:42+00:00
CI;Côte d'Ivoire;coinafrique;location;appartement;appartements-meubles;Location appartement meublé 3 pièces - Marcory zone 4;2000000;;;3;Cocody;;;https://ci.coinafrique.com/annonce/appartements-meubles/location-appartement-meuble-3-pieces-marcory-zone-4-5698522;2026-05-12T16:43:42+00:00
CI;Côte d'Ivoire;coinafrique;location;appartement;appartements-meubles;Location appartements meublés 2 pièces - Grand Bassam;35000;;;2;Grand-Bassam;;;https://ci.coinafrique.com/annonce/appartements-meubles/location-appartements-meubles-2-pieces-grand-bassam-5749816;2026-05-12T16:43:42+00:00
CI;Côte d'Ivoire;coinafrique;location;appartement;appartements-meubles;Location appartements meublés 03 pièces - Koumassi;25000;;;3;Koumassi;;;https://ci.coinafrique.com/annonce/appartements-meubles/location-appartements-meubles-03-pieces-koumassi-5749627;2026-05-12T16:43:42+00:00
CI;Côte d'Ivoire;coinafrique;location;appartement;appartements-meubles;Location studio meublé - Cocody;1500000;;;;Cocody;;;https://ci.coinafrique.com/annonce/appartements-meubles/location-studio-meuble-cocody-5746919;2026-05-12T16:43:42+00:00
CI;Côte d'Ivoire;coinafrique;location;appartement;appartements-meubles;Location appartement meublé de haut standing 2 pièces - Marcory zone 4 Bietry;1700000;;;2;Marcory;Zone 4;haut;https://ci.coinafrique.com/annonce/appartements-meubles/location-appartement-meuble-de-haut-standing-2-pieces-marcory-zone-4-bietry-5695921;2026-05-12T16:43:42+00:00
CI;Côte d'Ivoire;coinafrique;location;appartement;appartements-meubles;Location appartement meublé 1 pièces - Cocody;25000;;;1;Cocody;;;https://ci.coinafrique.com/annonce/appartements-meubles/location-appartement-meuble-1-pieces-cocody-5746142;2026-05-12T16:43:42+00:00
CI;Côte d'Ivoire;coinafrique;location;appartement;appartements-meubles;Location studio meublé - Cocody vallons;30000;;;;Cocody;;;https://ci.coinafrique.com/annonce/appartements-meubles/location-studio-meuble-cocody-vallons-5745658;2026-05-12T16:43:42+00:00
CI;Côte d'Ivoire;coinafrique;location;appartement;appartements-meubles;Location studios meublés - Vallon;30000;;;;Cocody;Vallon;;https://ci.coinafrique.com/annonce/appartements-meubles/location-studios-meubles-vallon-5743799;2026-05-12T16:43:42+00:00
CI;Côte d'Ivoire;coinafrique;location;appartement;appartements-meubles;Location appartement meublé 3 pièces - Nouveau Chu;50000;;;3;Cocody;;;https://ci.coinafrique.com/annonce/appartements-meubles/location-appartement-meuble-3-pieces-nouveau-chu-5692525;2026-05-12T16:43:42+00:00
CI;Côte d'Ivoire;coinafrique;location;appartement;appartements-meubles;Location appartement meublé 3 pièces à Rviera Jardin;850000;;;3;Cocody;;;https://ci.coinafrique.com/annonce/appartements-meubles/location-appartement-meuble-3-pieces-a-rviera-jardin-5691854;2026-05-12T16:43:42+00:00
CI;Côte d'Ivoire;coinafrique;location;appartement;appartements-meubles;Location studio meublé - Plateau;60000;;;;Plateau;;;https://ci.coinafrique.com/annonce/appartements-meubles/location-studio-meuble-plateau-5690385;2026-05-12T16:43:42+00:00
CI;Côte d'Ivoire;coinafrique;location;appartement;appartements-meubles;Location studio meublé au plateau;60000;;;;Cocody;;;https://ci.coinafrique.com/annonce/appartements-meubles/location-studio-meuble-au-plateau-5690346;2026-05-12T16:43:42+00:00
CI;Côte d'Ivoire;coinafrique;location;appartement;appartements-meubles;Location studio meublé - Plateau;60000;;;;Plateau;;;https://ci.coinafrique.com/annonce/appartements-meubles/location-studio-meuble-plateau-5690356;2026-05-12T16:43:42+00:00
CI;Côte d'Ivoire;coinafrique;location;appartement;appartements-meubles;Location appartement meublé 2 pièces - le plateau;45000;;;2;Plateau;;;https://ci.coinafrique.com/annonce/appartements-meubles/location-appartement-meuble-2-pieces-le-plateau-5736436;2026-05-12T16:43:42+00:00
CI;Côte d'Ivoire;coinafrique;location;appartement;appartements-meubles;Location appartement meublé de standing 3 pièces - cocody 2 plateaux sococé;900000;;;3;Cocody;2 Plateaux;;https://ci.coinafrique.com/annonce/appartements-meubles/location-appartement-meuble-de-standing-3-pieces-cocody-2-plateaux-sococe-5688538;2026-05-12T16:43:42+00:00
CI;Côte d'Ivoire;coinafrique;location;appartement;appartements-meubles;Location villa meublé 5 pièces à Cocody Abidjan mall;250000;;;5;Cocody;;;https://ci.coinafrique.com/annonce/appartements-meubles/location-villa-meuble-5-pieces-a-cocody-abidjan-mall-5681829;2026-05-12T16:43:42+00:00
CI;Côte d'Ivoire;coinafrique;location;appartement;appartements-meubles;Location résidence meublée 2 pièces au plateau;1100000;;;2;Plateau;;;https://ci.coinafrique.com/annonce/appartements-meubles/location-residence-meublee-2-pieces-au-plateau-5681196;2026-05-12T16:43:42+00:00
CI;Côte d'Ivoire;coinafrique;location;appartement;appartements-meubles;Location résidence à Cocody;30000;;;;Cocody;;;https://ci.coinafrique.com/annonce/appartements-meubles/location-residence-a-cocody-5679164;2026-05-12T16:43:42+00:00
CI;Côte d'Ivoire;coinafrique;location;appartement;appartements-meubles;Location résidence meublé à Abidjan;30000;;;;Plateau;;;https://ci.coinafrique.com/annonce/appartements-meubles/location-residence-meuble-a-abidjan-5679161;2026-05-12T16:43:42+00:00
CI;Côte d'Ivoire;coinafrique;location;appartement;appartements-meubles;Location appartement meublé 2 pièces - le plateau;1000000;;;2;Plateau;;;https://ci.coinafrique.com/annonce/appartements-meubles/location-appartement-meuble-2-pieces-le-plateau-5678122;2026-05-12T16:43:42+00:00
CI;Côte d'Ivoire;coinafrique;location;appartement;appartements-meubles;Location appartement meublé de haut standing 2 pièces - cocody 2 plateaux vallon;1200000;;;2;Cocody;2 Plateaux;haut;https://ci.coinafrique.com/annonce/appartements-meubles/location-appartement-meuble-de-haut-standing-2-pieces-cocody-2-plateaux-vallon-5676288;2026-05-12T16:43:42+00:00
CI;Côte d'Ivoire;coinafrique;location;appartement;appartements-meubles;Location appartement meublé haut standing 2 pièces - Cocody 2 plateaux vallon;950000;;;2;Cocody;2 Plateaux;haut;https://ci.coinafrique.com/annonce/appartements-meubles/location-appartement-meuble-haut-standing-2-pieces-cocody-2-plateaux-vallon-5676274;2026-05-12T16:43:42+00:00
CI;Côte d'Ivoire;coinafrique;location;appartement;appartements-meubles;Location appartement meublé 2 pièces - Plateau;1100000;;;2;Cocody;;;https://ci.coinafrique.com/annonce/appartements-meubles/location-appartement-meuble-2-pieces-plateau-5674242;2026-05-12T16:43:42+00:00
CI;Côte d'Ivoire;coinafrique;location;appartement;appartements-meubles;Location appartement meublé – Cocody angré;30000;;;;Cocody;Angré;;https://ci.coinafrique.com/annonce/appartements-meubles/location-appartement-meuble-cocody-angre-5719168;2026-05-12T16:43:42+00:00
CI;Côte d'Ivoire;coinafrique;location;appartement;appartements-meubles;Location appartement 2 pieces meublé - Plateaux non loin de pullman hôtel;1100000;;;2;Cocody;;;https://ci.coinafrique.com/annonce/appartements-meubles/location-appartement-2-pieces-meuble-plateaux-non-loin-de-pullman-hotel-5718407;2026-05-12T16:43:42+00:00
CI;Côte d'Ivoire;coinafrique;location;appartement;appartements-meubles;Location appartement 4 pièces à Cocody Riviera 3;3500000;;;4;Cocody;;;https://ci.coinafrique.com/annonce/appartements-meubles/location-appartement-4-pieces-a-cocody-riviera-3-5671995;2026-05-12T16:43:42+00:00
CI;Côte d'Ivoire;coinafrique;location;appartement;appartements-meubles;Location appartements meublés 3 pièces - Cocody;70000;;;3;Cocody;;;https://ci.coinafrique.com/annonce/appartements-meubles/location-appartements-meubles-3-pieces-cocody-5696252;2026-05-12T16:43:42+00:00
CI;Côte d'Ivoire;coinafrique;location;appartement;appartements-meubles;Location appartements meublés 2 pièces - koumassi;25000;;;2;Koumassi;;;https://ci.coinafrique.com/annonce/appartements-meubles/location-appartements-meubles-2-pieces-koumassi-5668061;2026-05-12T16:43:42+00:00
CI;Côte d'Ivoire;coinafrique;location;appartement;appartements-meubles;Location appartements meublés 2 pièces - Marcory;25000;;;2;Marcory;;;https://ci.coinafrique.com/annonce/appartements-meubles/location-appartements-meubles-2-pieces-marcory-5667823;2026-05-12T16:43:42+00:00
CI;Côte d'Ivoire;coinafrique;location;appartement;appartements-meubles;Location appartements meublés 2 pièces - Koumassi;25000;;;2;Koumassi;;;https://ci.coinafrique.com/annonce/appartements-meubles/location-appartements-meubles-2-pieces-koumassi-5667690;2026-05-12T16:43:42+00:00
CI;Côte d'Ivoire;coinafrique;location;appartement;appartements-meubles;Location appartements meublés 3 pièces - Cocody Riviera golf 4 Beverlys hills;2600000;;;3;Cocody;Riviera Golf;;https://ci.coinafrique.com/annonce/appartements-meubles/location-appartements-meubles-3-pieces-cocody-riviera-golf-4-beverlys-hills-5663465;2026-05-12T16:43:42+00:00
CI;Côte d'Ivoire;coinafrique;location;appartement;appartements-meubles;Location appartements meublés 3 pièces - Cocody;60000;;;3;Cocody;;;https://ci.coinafrique.com/annonce/appartements-meubles/location-appartements-meubles-3-pieces-cocody-5667639;2026-05-12T16:43:42+00:00
CI;Côte d'Ivoire;coinafrique;location;appartement;appartements-meubles;Location appartement deux chambres salons meublé- Vallon;700000;;;;Cocody;Vallon;;https://ci.coinafrique.com/annonce/appartements-meubles/location-appartement-deux-chambres-salons-meuble-vallon-5708037;2026-05-12T16:43:42+00:00
CI;Côte d'Ivoire;coinafrique;location;appartement;appartements-meubles;Location appartement meublé ou vide de 5 pièces - cocody, golf 4, beverly hills;2500000;;;5;Cocody;;;https://ci.coinafrique.com/annonce/appartements-meubles/location-appartement-meuble-ou-vide-de-5-pieces-cocody-golf-4-beverly-hills-5662894;2026-05-12T16:43:42+00:00
CI;Côte d'Ivoire;coinafrique;location;appartement;appartements-meubles;Location résidence meublé a cocody angré rond point cnps(9 eme tranche);20000;;;;Cocody;Angré;;https://ci.coinafrique.com/annonce/appartements-meubles/location-residence-meuble-a-cocody-angre-rond-point-cnps9-eme-tranche-5662887;2026-05-12T16:43:42+00:00
CI;Côte d'Ivoire;coinafrique;location;appartement;appartements-meubles;Location villa meublée 4 pièces à Cocody Riviera 3;200000;;;4;Cocody;Riviera 3;;https://ci.coinafrique.com/annonce/appartements-meubles/location-villa-meublee-4-pieces-a-cocody-riviera-3-5660240;2026-05-12T16:43:42+00:00
CI;Côte d'Ivoire;coinafrique;location;appartement;appartements-meubles;Location appartements meublés 3 pièces - Cocody Riviera Bonoumin;1500000;;;3;Cocody;Riviera Bonoumin;;https://ci.coinafrique.com/annonce/appartements-meubles/location-appartements-meubles-3-pieces-cocody-riviera-bonoumin-5658365;2026-05-12T16:43:42+00:00
CI;Côte d'Ivoire;coinafrique;location;appartement;appartements-meubles;Location studio meublé - Yopougon Maroc;15000;;;;Cocody;;;https://ci.coinafrique.com/annonce/appartements-meubles/location-studio-meuble-yopougon-maroc-5701727;2026-05-12T16:43:42+00:00
CI;Côte d'Ivoire;coinafrique;location;appartement;appartements-meubles;Location appartement meublé 2 pièces - Cocody;15000;;;2;Cocody;;;https://ci.coinafrique.com/annonce/appartements-meubles/location-appartement-meuble-2-pieces-cocody-5700023;2026-05-12T16:43:42+00:00
CI;Côte d'Ivoire;coinafrique;location;appartement;appartements-meubles;Location appartements meublés - Riviera Triangle;800000;;;;Cocody;;;https://ci.coinafrique.com/annonce/appartements-meubles/location-appartements-meubles-riviera-triangle-5699464;2026-05-12T16:43:42+00:00
CI;Côte d'Ivoire;coinafrique;location;appartement;appartements-meubles;Location appartement meublé 3 pièces - Commune de cocody, riviera route abatta;60000;;;3;Cocody;;;https://ci.coinafrique.com/annonce/appartements-meubles/location-appartement-meuble-3-pieces-commune-de-cocody-riviera-route-abatta-5673840;2026-05-12T16:43:42+00:00
CI;Côte d'Ivoire;coinafrique;location;appartement;appartements-meubles;Location studio meublé - Cocody riviera bonoumin. rond point ado. avec un chauffe eau un balcon wifi canal cuisine equipée ✅zone bi;25000;;;;Cocody;Riviera Bonoumin;;https://ci.coinafrique.com/annonce/appartements-meubles/location-studio-meuble-cocody-riviera-bonoumin-rond-point-ado-avec-un-chauffe-eau-un-balcon-wifi-canal-cuisine-equipee-zone-bi-5650921;2026-05-12T16:43:42+00:00
CI;Côte d'Ivoire;coinafrique;location;appartement;appartements-meubles;Location appartements meublés 3 pièces - cocody;60000;;;3;Cocody;;;https://ci.coinafrique.com/annonce/appartements-meubles/location-appartements-meubles-3-pieces-cocody-5654067;2026-05-12T16:43:42+00:00
CI;Côte d'Ivoire;coinafrique;location;appartement;appartements-meubles;Location appartement 4 pièces à Riviera Triangle;1200000;;;4;Cocody;;;https://ci.coinafrique.com/annonce/appartements-meubles/location-appartement-4-pieces-a-riviera-triangle-5647227;2026-05-12T16:43:42+00:00
CI;Côte d'Ivoire;coinafrique;location;appartement;appartements-meubles;Location résidence meublée - Rond Point Ado;40000;;;;Cocody;;;https://ci.coinafrique.com/annonce/appartements-meubles/location-residence-meublee-rond-point-ado-5693340;2026-05-12T16:43:42+00:00
CI;Côte d'Ivoire;coinafrique;location;appartement;appartements-meubles;Location appartements meublés 2 pièces - Yopougon;20000;;;2;Yopougon;;;https://ci.coinafrique.com/annonce/appartements-meubles/location-appartements-meubles-2-pieces-yopougon-5690517;2026-05-12T16:43:42+00:00
CI;Côte d'Ivoire;coinafrique;location;appartement;appartements-meubles;Location studio meublé -Plateau;500000;;;;Cocody;;;https://ci.coinafrique.com/annonce/appartements-meubles/location-studio-meuble-plateau-5642951;2026-05-12T16:43:42+00:00
CI;Côte d'Ivoire;coinafrique;location;appartement;appartements-meubles;Location studio meublé -2Plateaux;500000;;;;Cocody;;;https://ci.coinafrique.com/annonce/appartements-meubles/location-studio-meuble-2plateaux-5642955;2026-05-12T16:43:42+00:00
CI;Côte d'Ivoire;coinafrique;location;appartement;appartements-meubles;Location appartement à la Riviera golf;80000;;;;Cocody;Riviera Golf;;https://ci.coinafrique.com/annonce/appartements-meubles/location-appartement-a-la-riviera-golf-5642472;2026-05-12T16:43:42+00:00
CI;Côte d'Ivoire;coinafrique;location;appartement;appartements-meubles;Location appartements meublés 4pièces - Marcory;2300000;;;4;Marcory;;;https://ci.coinafrique.com/annonce/appartements-meubles/location-appartements-meubles-4pieces-marcory-5644897;2026-05-12T16:43:42+00:00
CI;Côte d'Ivoire;coinafrique;location;appartement;appartements-meubles;Location appartements meublés 3pièces - Cocody;75000;;;3;Cocody;;;https://ci.coinafrique.com/annonce/appartements-meubles/location-appartements-meubles-3pieces-cocody-5644886;2026-05-12T16:43:42+00:00
CI;Côte d'Ivoire;coinafrique;location;appartement;appartements-meubles;Location appartements meublés 2pièces - Cocody;45000;;;2;Cocody;;;https://ci.coinafrique.com/annonce/appartements-meubles/location-appartements-meubles-2pieces-cocody-5644843;2026-05-12T16:43:42+00:00
CI;Côte d'Ivoire;coinafrique;location;appartement;appartements-meubles;Location appartements meublés 2pièces - Cocody;50000;;;2;Cocody;;;https://ci.coinafrique.com/annonce/appartements-meubles/location-appartements-meubles-2pieces-cocody-5644853;2026-05-12T16:43:42+00:00
CI;Côte d'Ivoire;coinafrique;location;appartement;appartements-meubles;Location appartements meublés 5pièces -Cocody;150000;;;5;Cocody;;;https://ci.coinafrique.com/annonce/appartements-meubles/location-appartements-meubles-5pieces-cocody-5644836;2026-05-12T16:43:42+00:00
CI;Côte d'Ivoire;coinafrique;location;appartement;appartements-meubles;Location appartements meublés 4pièces -Cocody;150000;;;4;Cocody;;;https://ci.coinafrique.com/annonce/appartements-meubles/location-appartements-meubles-4pieces-cocody-5644827;2026-05-12T16:43:42+00:00
CI;Côte d'Ivoire;coinafrique;location;appartement;appartements-meubles;Location appartements meublés 5 pièces - cocody;150000;;;5;Cocody;;;https://ci.coinafrique.com/annonce/appartements-meubles/location-appartements-meubles-5-pieces-cocody-5673982;2026-05-12T16:43:42+00:00
CI;Côte d'Ivoire;coinafrique;location;appartement;appartements-meubles;Location appartement meublé 3 pièces à Marcory;1500000;;;3;Marcory;;;https://ci.coinafrique.com/annonce/appartements-meubles/location-appartement-meuble-3-pieces-a-marcory-5636699;2026-05-12T16:43:42+00:00
CI;Côte d'Ivoire;coinafrique;location;appartement;appartements-meubles;Location appartement meublé 2pièces - Cocody riviera 3;1400000;;;2;Cocody;Riviera 3;;https://ci.coinafrique.com/annonce/appartements-meubles/location-appartement-meuble-2pieces-cocody-riviera-3-5632779;2026-05-12T16:43:42+00:00
CI;Côte d'Ivoire;coinafrique;location;appartement;appartements-meubles;Location appartement meublé 3pièces - Cocody centre;700000;;;3;Cocody;Cocody Centre;;https://ci.coinafrique.com/annonce/appartements-meubles/location-appartement-meuble-3pieces-cocody-centre-5632777;2026-05-12T16:43:42+00:00
CI;Côte d'Ivoire;coinafrique;location;appartement;appartements-meubles;Location appartements meublés 4 pièces - Zone 4;150000;;;4;Marcory;Zone 4;;https://ci.coinafrique.com/annonce/appartements-meubles/location-appartements-meubles-4-pieces-zone-4-5634788;2026-05-12T16:43:42+00:00
CI;Côte d'Ivoire;coinafrique;location;appartement;appartements-meubles;Location appartements meublés 4 pièces - Marcory avec piscine et salle de sport;2300000;;;4;Marcory;;;https://ci.coinafrique.com/annonce/appartements-meubles/location-appartements-meubles-4-pieces-marcory-avec-piscine-et-salle-de-sport-5630321;2026-05-12T16:43:42+00:00
CI;Côte d'Ivoire;coinafrique;location;appartement;appartements-meubles;Location appartement meublé 3pièces -Faya;35000;;;3;Cocody;Faya;;https://ci.coinafrique.com/annonce/appartements-meubles/location-appartement-meuble-3pieces-faya-5637824;2026-05-12T16:43:42+00:00
CI;Côte d'Ivoire;coinafrique;location;appartement;appartements-meubles;Location résidence meublée - Cocody riviera bonoumin rond point ado.;25000;;;;Cocody;Riviera Bonoumin;;https://ci.coinafrique.com/annonce/appartements-meubles/location-residence-meublee-cocody-riviera-bonoumin-rond-point-ado-5628835;2026-05-12T16:43:42+00:00
CI;Côte d'Ivoire;coinafrique;location;appartement;appartements-meubles;Location appartement 2 pièces Cocody Riviera Faya;18000;;;2;Cocody;Riviera Faya;;https://ci.coinafrique.com/annonce/appartements-meubles/location-appartement-2-pieces-cocody-riviera-faya-5627591;2026-05-12T16:43:42+00:00
CI;Côte d'Ivoire;coinafrique;location;appartement;appartements-meubles;Location appartement meublé 2 pièces - Cocody;15000;;;2;Cocody;;;https://ci.coinafrique.com/annonce/appartements-meubles/location-appartement-meuble-2-pieces-cocody-5676910;2026-05-12T16:43:42+00:00
CI;Côte d'Ivoire;coinafrique;location;appartement;appartements-meubles;Location appartement 4 pièces à Cocody Danga;1500000;;;4;Cocody;Danga;;https://ci.coinafrique.com/annonce/appartements-meubles/location-appartement-4-pieces-a-cocody-danga-5622874;2026-05-12T16:43:42+00:00
CI;Côte d'Ivoire;coinafrique;location;appartement;appartements-meubles;Location appartement meublé de standing 3 pièces - Cocody Riviera bonoumin;1300000;;;3;Cocody;Riviera Bonoumin;;https://ci.coinafrique.com/annonce/appartements-meubles/location-appartement-meuble-de-standing-3-pieces-cocody-riviera-bonoumin-5621728;2026-05-12T16:43:42+00:00
CI;Côte d'Ivoire;coinafrique;location;appartement;appartements-meubles;Location appartement meublé 3 pièces - Riviera Golf;85000;;;3;Cocody;Riviera Golf;;https://ci.coinafrique.com/annonce/appartements-meubles/location-appartement-meuble-3-pieces-riviera-golf-5627809;2026-05-12T16:43:42+00:00
CI;Côte d'Ivoire;coinafrique;location;appartement;appartements-meubles;Location studio meublé - Angre;1350000;;;;Cocody;Angre;;https://ci.coinafrique.com/annonce/appartements-meubles/location-studio-meuble-angre-5627102;2026-05-12T16:43:42+00:00
CI;Côte d'Ivoire;coinafrique;location;appartement;appartements-meubles;Location studio meublé a ceder - 2 plateau aghien;1650000;;;;Cocody;;;https://ci.coinafrique.com/annonce/appartements-meubles/location-studio-meuble-a-ceder-2-plateau-aghien-5627105;2026-05-12T16:43:42+00:00
CI;Côte d'Ivoire;coinafrique;location;appartement;appartements-meubles;Location appartement meublé 3 pièces - Angre 8e tranche;65000;;;3;Cocody;Angre;;https://ci.coinafrique.com/annonce/appartements-meubles/location-appartement-meuble-3-pieces-angre-8e-tranche-5627100;2026-05-12T16:43:42+00:00
CI;Côte d'Ivoire;coinafrique;location;appartement;appartements-meubles;Location appartement meublé 2 pièces - Cocody Faya;1750000;;;2;Cocody;Faya;;https://ci.coinafrique.com/annonce/appartements-meubles/location-appartement-meuble-2-pieces-cocody-faya-5627099;2026-05-12T16:43:42+00:00
CI;Côte d'Ivoire;coinafrique;location;appartement;appartements-meubles;Location studio meublé à ceder - Rivièra 4 m'badon;1350000;;;;Cocody;;;https://ci.coinafrique.com/annonce/appartements-meubles/location-studio-meuble-a-ceder-riviera-4-mbadon-5627098;2026-05-12T16:43:42+00:00
CI;Côte d'Ivoire;coinafrique;location;appartement;appartements-meubles;Location appartement meublé 2pièces -Cocody Riviera 3;1400000;;;2;Cocody;Riviera 3;;https://ci.coinafrique.com/annonce/appartements-meubles/location-appartement-meuble-2pieces-cocody-riviera-3-5632811;2026-05-12T16:43:42+00:00
CI;Côte d'Ivoire;coinafrique;location;appartement;appartements-meubles;Location appartement meublé 3pièces - Cocody centre;700000;;;3;Cocody;Cocody Centre;;https://ci.coinafrique.com/annonce/appartements-meubles/location-appartement-meuble-3pieces-cocody-centre-5632809;2026-05-12T16:43:42+00:00
CI;Côte d'Ivoire;coinafrique;location;appartement;appartements-meubles;Location appartement meublé 2pièces - Cocody centre;600000;;;2;Cocody;Cocody Centre;;https://ci.coinafrique.com/annonce/appartements-meubles/location-appartement-meuble-2pieces-cocody-centre-5637432;2026-05-12T16:43:42+00:00
CI;Côte d'Ivoire;coinafrique;location;appartement;appartements-meubles;Location appartement meublé 2pièces -Angre 7e tranche;45000;;;2;Cocody;7e Tranche;;https://ci.coinafrique.com/annonce/appartements-meubles/location-appartement-meuble-2pieces-angre-7e-tranche-5646214;2026-05-12T16:43:42+00:00
CI;Côte d'Ivoire;coinafrique;location;appartement;appartements-meubles;Location appartement 3 pièces meublé de haut standing 3 pièces à Marcory Zone 4;1500000;;;3;Marcory;Zone 4;haut;https://ci.coinafrique.com/annonce/appartements-meubles/location-appartement-3-pieces-meuble-de-haut-standing-3-pieces-a-marcory-zone-4-5636705;2026-05-12T16:43:42+00:00
CI;Côte d'Ivoire;coinafrique;location;appartement;appartements-meubles;Location appartement meublé de standing 3 pièces - Cocody Bonoumin;1300000;;;3;Cocody;Bonoumin;;https://ci.coinafrique.com/annonce/appartements-meubles/location-appartement-meuble-de-standing-3-pieces-cocody-bonoumin-5621724;2026-05-12T16:43:42+00:00
CI;Côte d'Ivoire;coinafrique;location;appartement;appartements-meubles;Location appartement meublés 4 pièces - Cocody Riviera m’badon ambassade de chine avec piscine;140000;;;4;Cocody;;;https://ci.coinafrique.com/annonce/appartements-meubles/location-appartement-meubles-4-pieces-cocody-riviera-mbadon-ambassade-de-chine-avec-piscine-5617946;2026-05-12T16:43:42+00:00
CI;Côte d'Ivoire;coinafrique;location;appartement;appartements-meubles;Location villa 3 pièces Riviera Faya;600000;;;3;Cocody;Faya;;https://ci.coinafrique.com/annonce/appartements-meubles/location-villa-3-pieces-riviera-faya-5621652;2026-05-12T16:43:42+00:00
CI;Côte d'Ivoire;coinafrique;location;appartement;appartements-meubles;Location villa meublée 3 pièces Cocody Riviera route Abatta;60000;;;3;Cocody;;;https://ci.coinafrique.com/annonce/appartements-meubles/location-villa-meublee-3-pieces-cocody-riviera-route-abatta-5616113;2026-05-12T16:43:42+00:00
CI;Côte d'Ivoire;coinafrique;location;appartement;appartements-meubles;Location résidence meublée 3 pièces - Cocody;60000;;;3;Cocody;;;https://ci.coinafrique.com/annonce/appartements-meubles/location-residence-meublee-3-pieces-cocody-5614748;2026-05-12T16:43:42+00:00
CI;Côte d'Ivoire;coinafrique;location;appartement;appartements-meubles;Location appartement meublé 2 pièces - Cocody;15000;;;2;Cocody;;;https://ci.coinafrique.com/annonce/appartements-meubles/location-appartement-meuble-2-pieces-cocody-5663504;2026-05-12T16:43:42+00:00
CI;Côte d'Ivoire;coinafrique;location;villa;villas;Location villa 4 pièces à Cocody Riviera Faya Atci;1200000;;;4;Cocody;Riviera Faya;;https://ci.coinafrique.com/annonce/villas/location-villa-4-pieces-a-cocody-riviera-faya-atci-5892946;2026-05-12T16:43:42+00:00
CI;Côte d'Ivoire;coinafrique;location;villa;villas;Location villa duplex 5 pièces à Faya cité Bnetd;800000;;;5;Cocody;Faya;;https://ci.coinafrique.com/annonce/villas/location-villa-duplex-5-pieces-a-faya-cite-bnetd-5844154;2026-05-12T16:43:42+00:00
CI;Côte d'Ivoire;coinafrique;location;villa;villas;Location villa 5 pièces à Cocody Riviera 4;2700000;;;5;Cocody;Riviera 4;;https://ci.coinafrique.com/annonce/villas/location-villa-5-pieces-a-cocody-riviera-4-5903576;2026-05-12T16:43:42+00:00
CI;Côte d'Ivoire;coinafrique;location;villa;villas;Location villa 9 pièces à Cocody Riviera 4;3200000;;;9;Cocody;Riviera 4;;https://ci.coinafrique.com/annonce/villas/location-villa-9-pieces-a-cocody-riviera-4-5903573;2026-05-12T16:43:42+00:00
CI;Côte d'Ivoire;coinafrique;location;villa;villas;Location villa duplex 6 pièces - Angré- faya sir;600000;;;6;Cocody;Angré;;https://ci.coinafrique.com/annonce/villas/location-villa-duplex-6-pieces-angre-faya-sir-5887583;2026-05-12T16:43:42+00:00
CI;Côte d'Ivoire;coinafrique;location;villa;villas;Location villa duplex 5 pièces avec piscine Cocody riviera 4;3000000;;;5;Cocody;Riviera 4;;https://ci.coinafrique.com/annonce/villas/location-villa-duplex-5-pieces-avec-piscine-cocody-riviera-4-5906964;2026-05-12T16:43:42+00:00
CI;Côte d'Ivoire;coinafrique;location;villa;villas;Location villa 6 pièces à la Riviera palmeraie rosier programme 03;700000;;;6;Cocody;Riviera Palmeraie;;https://ci.coinafrique.com/annonce/villas/location-villa-6-pieces-a-la-riviera-palmeraie-rosier-programme-03-5888905;2026-05-12T16:43:42+00:00
CI;Côte d'Ivoire;coinafrique;location;villa;villas;Location villa triplex 8 pièces avec piscine Cocody Riviera Attoban;3000000;;;8;Cocody;Attoban;;https://ci.coinafrique.com/annonce/villas/location-villa-triplex-8-pieces-avec-piscine-cocody-riviera-attoban-5894884;2026-05-12T16:43:42+00:00
CI;Côte d'Ivoire;coinafrique;location;villa;villas;Location villa duplex de 7 pièces à Cocody rivera 4 Mbadon;1800000;;;7;Cocody;;;https://ci.coinafrique.com/annonce/villas/location-villa-duplex-de-7-pieces-a-cocody-rivera-4-mbadon-5865713;2026-05-12T16:43:42+00:00
CI;Côte d'Ivoire;coinafrique;location;villa;villas;Location villas 6 pièces - Cocody m’pouto;2500000;;;6;Cocody;;;https://ci.coinafrique.com/annonce/villas/location-villas-6-pieces-cocody-mpouto-5898452;2026-05-12T16:43:42+00:00
CI;Côte d'Ivoire;coinafrique;location;villa;villas;Location villa duplex 8 pièces - Cocody angré gestoci;1800000;;;8;Cocody;Angré;;https://ci.coinafrique.com/annonce/villas/location-villa-duplex-8-pieces-cocody-angre-gestoci-5862382;2026-05-12T16:43:42+00:00
CI;Côte d'Ivoire;coinafrique;location;villa;villas;Location villa basse 6 pièces Marcory zone 4;3000000;;;6;Cocody;;;https://ci.coinafrique.com/annonce/villas/location-villa-basse-6-pieces-marcory-zone-4-5873106;2026-05-12T16:43:42+00:00
CI;Côte d'Ivoire;coinafrique;location;villa;villas;Location villa duplex 6 pièces;1500000;;;6;Cocody;;;https://ci.coinafrique.com/annonce/villas/location-villa-duplex-6-pieces-5896628;2026-05-12T16:43:42+00:00
CI;Côte d'Ivoire;coinafrique;location;villa;villas;Location villa triplex 8 pièces avec piscine à Cocody Riviera attobanune;3000000;;;8;Cocody;;;https://ci.coinafrique.com/annonce/villas/location-villa-triplex-8-pieces-avec-piscine-a-cocody-riviera-attobanune-5906959;2026-05-12T16:43:42+00:00
CI;Côte d'Ivoire;coinafrique;location;villa;villas;Location villa duplex 9 pièces + grand jardin à Cocody-angré cité Arcades;2000000;;;9;Cocody;Angré;;https://ci.coinafrique.com/annonce/villas/location-villa-duplex-9-pieces-grand-jardin-a-cocody-angre-cite-arcades-5869110;2026-05-12T16:43:42+00:00
CI;Côte d'Ivoire;coinafrique;location;villa;villas;Location villa triplex 8 pièces à Minpwssdoré Cocody Riviera Faya;650000;;;8;Cocody;Riviera Faya;;https://ci.coinafrique.com/annonce/villas/location-villa-triplex-8-pieces-a-minpwssdore-cocody-riviera-faya-5876707;2026-05-12T16:43:42+00:00
CI;Côte d'Ivoire;coinafrique;location;villa;villas;Location villa basse 4 pièces à Bingerville cité laurier 20;300000;;;4;Bingerville;;;https://ci.coinafrique.com/annonce/villas/location-villa-basse-4-pieces-a-bingerville-cite-laurier-20-5905261;2026-05-12T16:43:42+00:00
CI;Côte d'Ivoire;coinafrique;location;villa;villas;Location villa duplex 9 pièces - Angre nouveau chu;1500000;;;9;Cocody;Angre;;https://ci.coinafrique.com/annonce/villas/location-villa-duplex-9-pieces-angre-nouveau-chu-5874935;2026-05-12T16:43:42+00:00
CI;Côte d'Ivoire;coinafrique;location;villa;villas;Location villa triplex 8 pièces Riviera Golf. Cocody,Zone Ambassade États-Unis;3500000;;;8;Cocody;Riviera Golf;;https://ci.coinafrique.com/annonce/villas/location-villa-triplex-8-pieces-riviera-golf-cocody-zone-ambassade-etats-unis-5906938;2026-05-12T16:43:42+00:00
CI;Côte d'Ivoire;coinafrique;location;villa;villas;Location villa 4 pièces à Riviera 4;800000;;;4;Cocody;Riviera 4;;https://ci.coinafrique.com/annonce/villas/location-villa-4-pieces-a-riviera-4-5882392;2026-05-12T16:43:42+00:00
CI;Côte d'Ivoire;coinafrique;location;villa;villas;Location villa duplex 8 pièces Cocody Angré gestoci;1800000;;;8;Cocody;Angré;;https://ci.coinafrique.com/annonce/villas/location-villa-duplex-8-pieces-cocody-angre-gestoci-5862306;2026-05-12T16:43:42+00:00
CI;Côte d'Ivoire;coinafrique;location;villa;villas;Location villa Riviera 2 pharmacie saint_ange;5000000;;;;Cocody;Riviera 2;;https://ci.coinafrique.com/annonce/villas/location-villa-riviera-2-pharmacie-saint-ange-5878420;2026-05-12T16:43:42+00:00
CI;Côte d'Ivoire;coinafrique;location;villa;villas;Location villa 5 pièces à Bingerville;400000;;;5;Cocody;;;https://ci.coinafrique.com/annonce/villas/location-villa-5-pieces-a-bingerville-5898425;2026-05-12T16:43:42+00:00
CI;Côte d'Ivoire;coinafrique;location;villa;villas;Location villa 4 pièces dans la cité Bnetd à la Riviera faya.;500000;;;4;Cocody;Riviera Faya;;https://ci.coinafrique.com/annonce/villas/location-villa-4-pieces-dans-la-cite-bnetd-a-la-riviera-faya-5898418;2026-05-12T16:43:42+00:00
CI;Côte d'Ivoire;coinafrique;location;villa;villas;Location villa duplex 8 pièces Cocody Riviera 2;2500000;;;8;Cocody;Riviera 2;;https://ci.coinafrique.com/annonce/villas/location-villa-duplex-8-pieces-cocody-riviera-2-5876052;2026-05-12T16:43:42+00:00
CI;Côte d'Ivoire;coinafrique;location;villa;villas;Location villa duplex 7 pièces - Cocody-angré;800000;;;7;Cocody;Angré;;https://ci.coinafrique.com/annonce/villas/location-villa-duplex-7-pieces-cocody-angre-5880420;2026-05-12T16:43:42+00:00
CI;Côte d'Ivoire;coinafrique;location;villa;villas;Location villa basse 06 pièces à Marcory zone 4;3000000;;;6;Marcory;Zone 4;;https://ci.coinafrique.com/annonce/villas/location-villa-basse-06-pieces-a-marcory-zone-4-5873056;2026-05-12T16:43:42+00:00
CI;Côte d'Ivoire;coinafrique;location;villa;villas;Location villa 4pièces - Cité victoria;600000;;;4;Cocody;;;https://ci.coinafrique.com/annonce/villas/location-villa-4pieces-cite-victoria-5873778;2026-05-12T16:43:42+00:00
CI;Côte d'Ivoire;coinafrique;location;villa;villas;Location villa duplex 5 pièces - Marcory zone 4;3500000;;;5;Cocody;;;https://ci.coinafrique.com/annonce/villas/location-villa-duplex-5-pieces-marcory-zone-4-5880278;2026-05-12T16:43:42+00:00
CI;Côte d'Ivoire;coinafrique;location;villa;villas;Location villa duplex 7 pièces - Cocody riviera 4 m'badon;2500000;;;7;Cocody;Riviera 4;;https://ci.coinafrique.com/annonce/villas/location-villa-duplex-7-pieces-cocody-riviera-4-mbadon-5877328;2026-05-12T16:43:42+00:00
CI;Côte d'Ivoire;coinafrique;location;villa;villas;Location villa duplex 7 pièces - Cocody Riviera golf 2;3000000;;;7;Cocody;Riviera Golf;;https://ci.coinafrique.com/annonce/villas/location-villa-duplex-7-pieces-cocody-riviera-golf-2-5879151;2026-05-12T16:43:42+00:00
CI;Côte d'Ivoire;coinafrique;location;villa;villas;Location villa 6 pièces - Riviera 3;1300000;;;6;Cocody;Riviera 3;;https://ci.coinafrique.com/annonce/villas/location-villa-6-pieces-riviera-3-5880406;2026-05-12T16:43:42+00:00
CI;Côte d'Ivoire;coinafrique;location;villa;villas;Location villa duplex 7 pièces -Cocody angré;800000;;;7;Cocody;Angré;;https://ci.coinafrique.com/annonce/villas/location-villa-duplex-7-pieces-cocody-angre-5880410;2026-05-12T16:43:42+00:00
CI;Côte d'Ivoire;coinafrique;location;villa;villas;Location villa duplex 7 pièces - Cocody angré;800000;;;7;Cocody;Angré;;https://ci.coinafrique.com/annonce/villas/location-villa-duplex-7-pieces-cocody-angre-5880412;2026-05-12T16:43:42+00:00
CI;Côte d'Ivoire;coinafrique;location;villa;villas;Location villa duplex 7 pièces -Cocody angré;800000;;;7;Cocody;Angré;;https://ci.coinafrique.com/annonce/villas/location-villa-duplex-7-pieces-cocody-angre-5880413;2026-05-12T16:43:42+00:00
CI;Côte d'Ivoire;coinafrique;location;villa;villas;Location villa 6 pièces à Riviera Bonoumin;1000000;;;6;Cocody;Riviera Bonoumin;;https://ci.coinafrique.com/annonce/villas/location-villa-6-pieces-a-riviera-bonoumin-5881889;2026-05-12T16:43:42+00:00
CI;Côte d'Ivoire;coinafrique;location;villa;villas;Location villa 6 pièces -Riviera 3;1300000;;;6;Cocody;Riviera 3;;https://ci.coinafrique.com/annonce/villas/location-villa-6-pieces-riviera-3-5880403;2026-05-12T16:43:42+00:00
CI;Côte d'Ivoire;coinafrique;location;villa;villas;Location villa duplex 7 pièces - Cocody riviera;1800000;;;7;Cocody;;;https://ci.coinafrique.com/annonce/villas/location-villa-duplex-7-pieces-cocody-riviera-5867803;2026-05-12T16:43:42+00:00
CI;Côte d'Ivoire;coinafrique;location;villa;villas;Location villa duplex 7 pièces à Angré 8eme tranche;900000;;;7;Cocody;Angré;;https://ci.coinafrique.com/annonce/villas/location-villa-duplex-7-pieces-a-angre-8eme-tranche-5906896;2026-05-12T16:43:42+00:00
CI;Côte d'Ivoire;coinafrique;location;villa;villas;Location villa duplex 7pièces - Cocody riviera 4;1800000;;;7;Cocody;Riviera 4;;https://ci.coinafrique.com/annonce/villas/location-villa-duplex-7pieces-cocody-riviera-4-5867725;2026-05-12T16:43:42+00:00
CI;Côte d'Ivoire;coinafrique;location;villa;villas;Location villa 9 pièces à Cocody Riviera Bonoumin;1500000;;;9;Cocody;Riviera Bonoumin;;https://ci.coinafrique.com/annonce/villas/location-villa-9-pieces-a-cocody-riviera-bonoumin-5882306;2026-05-12T16:43:42+00:00
CI;Côte d'Ivoire;coinafrique;location;villa;villas;Location villa haut standing 7 pièces - Bonoumin;1500000;;;7;Cocody;Bonoumin;haut;https://ci.coinafrique.com/annonce/villas/location-villa-haut-standing-7-pieces-bonoumin-5885425;2026-05-12T16:43:42+00:00
CI;Côte d'Ivoire;coinafrique;location;villa;villas;Location villa duplex 11 pièces - Rivièra;4500000;;;11;Cocody;;;https://ci.coinafrique.com/annonce/villas/location-villa-duplex-11-pieces-riviera-5868531;2026-05-12T16:43:42+00:00
CI;Côte d'Ivoire;coinafrique;location;villa;villas;Location villa duplex 7 pièces - Cocody riviera 4;1800000;;;7;Cocody;Riviera 4;;https://ci.coinafrique.com/annonce/villas/location-villa-duplex-7-pieces-cocody-riviera-4-5867726;2026-05-12T16:43:42+00:00
CI;Côte d'Ivoire;coinafrique;location;villa;villas;Location villa 4 pièces à Cité Synacassi;1100000;;;4;Cocody;;;https://ci.coinafrique.com/annonce/villas/location-villa-4-pieces-a-cite-synacassi-5870511;2026-05-12T16:43:42+00:00
CI;Côte d'Ivoire;coinafrique;location;villa;villas;Location villa duplex 6 pièces - Riviera;3500000;;;6;Cocody;;;https://ci.coinafrique.com/annonce/villas/location-villa-duplex-6-pieces-riviera-5877324;2026-05-12T16:43:42+00:00
CI;Côte d'Ivoire;coinafrique;location;villa;villas;Location villa duplex 6 pièces - Riviera 4 mbadon;3500000;;;6;Cocody;Riviera 4;;https://ci.coinafrique.com/annonce/villas/location-villa-duplex-6-pieces-riviera-4-mbadon-5877325;2026-05-12T16:43:42+00:00
CI;Côte d'Ivoire;coinafrique;location;villa;villas;Location villa basse 5 pièces à Féh kesse Bingerville;600000;;;5;Bingerville;;;https://ci.coinafrique.com/annonce/villas/location-villa-basse-5-pieces-a-feh-kesse-bingerville-5870518;2026-05-12T16:43:42+00:00
CI;Côte d'Ivoire;coinafrique;location;villa;villas;Location villa 4 pièces - Abatta cité Oribat don mello 2;600000;;;4;Cocody;;;https://ci.coinafrique.com/annonce/villas/location-villa-4-pieces-abatta-cite-oribat-don-mello-2-5873218;2026-05-12T16:43:42+00:00
CI;Côte d'Ivoire;coinafrique;location;villa;villas;Location villa à Zone 4;1500000;;;;Marcory;Zone 4;;https://ci.coinafrique.com/annonce/villas/location-villa-a-zone-4-5888840;2026-05-12T16:43:42+00:00
CI;Côte d'Ivoire;coinafrique;location;villa;villas;Location villa duplex 8 pièces - Cocody Angré;1800000;;;8;Cocody;Angré;;https://ci.coinafrique.com/annonce/villas/location-villa-duplex-8-pieces-cocody-angre-5877316;2026-05-12T16:43:42+00:00
CI;Côte d'Ivoire;coinafrique;location;villa;villas;Location villa duplex 8 pièces - Cocody angré gestoci;1800000;;;8;Cocody;Angré;;https://ci.coinafrique.com/annonce/villas/location-villa-duplex-8-pieces-cocody-angre-gestoci-5877315;2026-05-12T16:43:42+00:00
CI;Côte d'Ivoire;coinafrique;location;villa;villas;Location villa duplex 8 pièces à Cocody Angre nouveau chu cité équinoxe visite sur rendez-vous;1800000;;;8;Cocody;Angre;;https://ci.coinafrique.com/annonce/villas/location-villa-duplex-8-pieces-a-cocody-angre-nouveau-chu-cite-equinoxe-visite-sur-rendez-vous-5862255;2026-05-12T16:43:42+00:00
CI;Côte d'Ivoire;coinafrique;location;villa;villas;Location villa duplex 8 pièces - Cocody angré gestoci;1500000;;;8;Cocody;Angré;;https://ci.coinafrique.com/annonce/villas/location-villa-duplex-8-pieces-cocody-angre-gestoci-5886006;2026-05-12T16:43:42+00:00
CI;Côte d'Ivoire;coinafrique;location;villa;villas;location villa 6 pièces Riviera M’badon;2000000;;;6;Cocody;;;https://ci.coinafrique.com/annonce/villas/location-villa-6-pieces-riviera-mbadon-5869262;2026-05-12T16:43:42+00:00
CI;Côte d'Ivoire;coinafrique;location;villa;villas;Location villa duplex 10pièces - Angré;1000000;;;10;Cocody;Angré;;https://ci.coinafrique.com/annonce/villas/location-villa-duplex-10pieces-angre-5886002;2026-05-12T16:43:42+00:00
CI;Côte d'Ivoire;coinafrique;location;villa;villas;Location villa duplex 10pièces - Angré;1000000;;;10;Cocody;Angré;;https://ci.coinafrique.com/annonce/villas/location-villa-duplex-10pieces-angre-5886001;2026-05-12T16:43:42+00:00
CI;Côte d'Ivoire;coinafrique;location;villa;villas;Location villa duplex 11 pièces à Cocody rivièra golf;4000000;;;11;Cocody;;;https://ci.coinafrique.com/annonce/villas/location-villa-duplex-11-pieces-a-cocody-riviera-golf-5861800;2026-05-12T16:43:42+00:00
CI;Côte d'Ivoire;coinafrique;location;villa;villas;Location villa 5 pièces - Cocody angré;2100000;;;5;Cocody;Angré;;https://ci.coinafrique.com/annonce/villas/location-villa-5-pieces-cocody-angre-5794180;2026-05-12T16:43:42+00:00
CI;Côte d'Ivoire;coinafrique;location;villa;villas;Location villa 7 pièces - Riviera golf 2 villa jumelé de 7 pièces jardin piscine chacunes;3000000;;;7;Cocody;Riviera Golf;;https://ci.coinafrique.com/annonce/villas/location-villa-7-pieces-riviera-golf-2-villa-jumele-de-7-pieces-jardin-piscine-chacunes-5887420;2026-05-12T16:43:42+00:00
CI;Côte d'Ivoire;coinafrique;location;villa;villas;Location villa duplex 4 pièces à Cocody angré nouveau chu - Bessikoi;650000;;;4;Cocody;Bessikoi;;https://ci.coinafrique.com/annonce/villas/location-villa-duplex-4-pieces-a-cocody-angre-nouveau-chu-bessikoi-5906261;2026-05-12T16:43:42+00:00
CI;Côte d'Ivoire;coinafrique;location;villa;villas;Location villas 5 pièces - Cocody;150000;;;5;Cocody;;;https://ci.coinafrique.com/annonce/villas/location-villas-5-pieces-cocody-5888673;2026-05-12T16:43:42+00:00
CI;Côte d'Ivoire;coinafrique;location;villa;villas;Location villa 4 pièces Cocody 2 Plateau Vallon sainte cécile;1300000;;;4;Cocody;Vallon;;https://ci.coinafrique.com/annonce/villas/location-villa-4-pieces-cocody-2-plateau-vallon-sainte-cecile-5876097;2026-05-12T16:43:42+00:00
CI;Côte d'Ivoire;coinafrique;location;villa;villas;Location villa 6 pièces Cocody Riviera 3;2300000;;;6;Cocody;Riviera 3;;https://ci.coinafrique.com/annonce/villas/location-villa-6-pieces-cocody-riviera-3-5876104;2026-05-12T16:43:42+00:00
CI;Côte d'Ivoire;coinafrique;location;villa;villas;Location villa duplex 4 pièces - Riviera jardin;650000;;;4;Cocody;;;https://ci.coinafrique.com/annonce/villas/location-villa-duplex-4-pieces-riviera-jardin-5872681;2026-05-12T16:43:42+00:00
CI;Côte d'Ivoire;coinafrique;location;villa;villas;Location villa 8 pièces à la Riviera golf;3000000;;;8;Cocody;Riviera Golf;;https://ci.coinafrique.com/annonce/villas/location-villa-8-pieces-a-la-riviera-golf-5872678;2026-05-12T16:43:42+00:00
CI;Côte d'Ivoire;coinafrique;location;villa;villas;Location villa basse 6 pièces à Marcory Zone 4;3000000;;;6;Marcory;Zone 4;;https://ci.coinafrique.com/annonce/villas/location-villa-basse-6-pieces-a-marcory-zone-4-5873209;2026-05-12T16:43:42+00:00
CI;Côte d'Ivoire;coinafrique;location;villa;villas;Location villa 5 pièces à Riviera Attoban;65000;;;5;Cocody;Attoban;;https://ci.coinafrique.com/annonce/villas/location-villa-5-pieces-a-riviera-attoban-5903707;2026-05-12T16:43:42+00:00
CI;Côte d'Ivoire;coinafrique;location;villa;villas;Location villa 7 pièces Cocody Angré 8e Tranche;1500000;;;7;Cocody;Angré;;https://ci.coinafrique.com/annonce/villas/location-villa-7-pieces-cocody-angre-8e-tranche-5906851;2026-05-12T16:43:42+00:00
CI;Côte d'Ivoire;coinafrique;location;villa;villas;Location villas 04 pièces - Cocody Riviera 4 world city;1800000;;;4;Cocody;Riviera 4;;https://ci.coinafrique.com/annonce/villas/location-villas-04-pieces-cocody-riviera-4-world-city-5878229;2026-05-12T16:43:42+00:00
CI;Côte d'Ivoire;coinafrique;location;villa;villas;Location villa 5 pièces à Cité Faya;1100000;;;5;Cocody;Faya;;https://ci.coinafrique.com/annonce/villas/location-villa-5-pieces-a-cite-faya-5892971;2026-05-12T16:43:42+00:00
CI;Côte d'Ivoire;coinafrique;location;villa;villas;Location villas 5 pièces - Cocody Vallon;3500000;;;5;Cocody;Vallon;;https://ci.coinafrique.com/annonce/villas/location-villas-5-pieces-cocody-vallon-5878200;2026-05-12T16:43:42+00:00
CI;Côte d'Ivoire;coinafrique;location;villa;villas;Location villa diplex 6 pièces - Rivièra;1000000;;;6;Cocody;;;https://ci.coinafrique.com/annonce/villas/location-villa-diplex-6-pieces-riviera-5881913;2026-05-12T16:43:42+00:00
CI;Côte d'Ivoire;coinafrique;location;villa;villas;Location villa 9 pièces à Riviera Faya;800000;;;9;Cocody;Riviera Faya;;https://ci.coinafrique.com/annonce/villas/location-villa-9-pieces-a-riviera-faya-5870484;2026-05-12T16:43:42+00:00
CI;Côte d'Ivoire;coinafrique;location;villa;villas;Location villa 20pièces - Cocody 2;4000000;;;20;Cocody;;;https://ci.coinafrique.com/annonce/villas/location-villa-20pieces-cocody-2-5882595;2026-05-12T16:43:42+00:00
CI;Côte d'Ivoire;coinafrique;location;villa;villas;Location villa duplex 4 pièces - Cocody Rivièra bonoumin;600000;;;4;Cocody;Bonoumin;;https://ci.coinafrique.com/annonce/villas/location-villa-duplex-4-pieces-cocody-riviera-bonoumin-5884225;2026-05-12T16:43:42+00:00
CI;Côte d'Ivoire;coinafrique;location;villa;villas;Location villa basse 3 pièces - Riviera Bonoumin cité oscarines 3;600000;;;3;Cocody;Riviera Bonoumin;;https://ci.coinafrique.com/annonce/villas/location-villa-basse-3-pieces-riviera-bonoumin-cite-oscarines-3-5878335;2026-05-12T16:43:42+00:00
CI;Côte d'Ivoire;coinafrique;location;villa;villas;Location villa avec jardin 7 pièces - Angré chu;800000;;;7;Port-Bouet;;;https://ci.coinafrique.com/annonce/villas/location-villa-avec-jardin-7-pieces-angre-chu-5866813;2026-05-12T16:43:42+00:00
CI;Côte d'Ivoire;coinafrique;location;villa;villas;Location villa basse 6 pièces à Marcory zone 4;3000000;;;6;Marcory;Zone 4;;https://ci.coinafrique.com/annonce/villas/location-villa-basse-6-pieces-a-marcory-zone-4-5873123;2026-05-12T16:43:42+00:00
CI;Côte d'Ivoire;coinafrique;location;villa;villas;Location villa triplex 10 pièces - Riviera Faya;2000000;;;10;Cocody;Riviera Faya;;https://ci.coinafrique.com/annonce/villas/location-villa-triplex-10-pieces-riviera-faya-5872575;2026-05-12T16:43:42+00:00
CI;Côte d'Ivoire;coinafrique;location;villa;villas;Location appartement 4 pièces - Abidjan marcory zone 4;1650000;;;4;Cocody;;;https://ci.coinafrique.com/annonce/villas/location-appartement-4-pieces-abidjan-marcory-zone-4-5880433;2026-05-12T16:43:42+00:00
CI;Côte d'Ivoire;coinafrique;location;villa;villas;Location villas 6 pièces à Riviera Bonoumin;1000000;;;6;Cocody;Riviera Bonoumin;;https://ci.coinafrique.com/annonce/villas/location-villas-6-pieces-a-riviera-bonoumin-5881427;2026-05-12T16:43:42+00:00
CI;Côte d'Ivoire;coinafrique;location;villa;villas;Location villa basse 4 pièces - Rivièra;850000;;;4;Cocody;;;https://ci.coinafrique.com/annonce/villas/location-villa-basse-4-pieces-riviera-5872124;2026-05-12T16:43:42+00:00
CI;Côte d'Ivoire;coinafrique;location;villa;villas;Location appartement 3pièces -Cocody riviera 2;500000;;;3;Cocody;Riviera 2;;https://ci.coinafrique.com/annonce/villas/location-appartement-3pieces-cocody-riviera-2-5864764;2026-05-12T16:43:42+00:00
CI;Côte d'Ivoire;coinafrique;location;villa;villas;Location villa basse 5 pièces à Bingerville;400000;;;5;Bingerville;;;https://ci.coinafrique.com/annonce/villas/location-villa-basse-5-pieces-a-bingerville-5887194;2026-05-12T16:43:42+00:00
CI;Côte d'Ivoire;coinafrique;location;villa;villas;Location villa 6 pièces à la Riviera Bonoumin;1000000;;;6;Cocody;Riviera Bonoumin;;https://ci.coinafrique.com/annonce/villas/location-villa-6-pieces-a-la-riviera-bonoumin-5876081;2026-05-12T16:43:42+00:00
CI;Côte d'Ivoire;coinafrique;location;villa;villas;Location villa 4 pièces - Cocody 2 Plateau Vallon;1300000;;;4;Cocody;Vallon;;https://ci.coinafrique.com/annonce/villas/location-villa-4-pieces-cocody-2-plateau-vallon-5876095;2026-05-12T16:43:42+00:00
CI;Côte d'Ivoire;coinafrique;location;villa;villas;Location villa duplex 8 pièces Cocody Riviera 2;2500000;;;8;Cocody;Riviera 2;;https://ci.coinafrique.com/annonce/villas/location-villa-duplex-8-pieces-cocody-riviera-2-5876073;2026-05-12T16:43:42+00:00
CI;Côte d'Ivoire;coinafrique;location;villa;villas;Location villa 8 pièces - Cocody Riviera 2, zone de cap nord saint famille;2500000;;;8;Cocody;Riviera 2;;https://ci.coinafrique.com/annonce/villas/location-villa-8-pieces-cocody-riviera-2-zone-de-cap-nord-saint-famille-5876072;2026-05-12T16:43:42+00:00
CI;Côte d'Ivoire;coinafrique;location;villa;villas;Location appartement 3 pièces - Cocody riviera 2;500000;;;3;Cocody;Riviera 2;;https://ci.coinafrique.com/annonce/villas/location-appartement-3-pieces-cocody-riviera-2-5864763;2026-05-12T16:43:42+00:00
CI;Côte d'Ivoire;coinafrique;location;villa;villas;Location villa duplex 8 pièces - Riviera 4;2000000;;;8;Cocody;Riviera 4;;https://ci.coinafrique.com/annonce/villas/location-villa-duplex-8-pieces-riviera-4-5880211;2026-05-12T16:43:42+00:00
CI;Côte d'Ivoire;coinafrique;location;villa;villas;Location villa duplex 5 pièces - Riviera 3;1800000;;;5;Cocody;Riviera 3;;https://ci.coinafrique.com/annonce/villas/location-villa-duplex-5-pieces-riviera-3-5880216;2026-05-12T16:43:42+00:00
CI;Côte d'Ivoire;coinafrique;location;villa;villas;Location villa duplex 8 pièces Cocody Riviera 2;2500000;;;8;Cocody;Riviera 2;;https://ci.coinafrique.com/annonce/villas/location-villa-duplex-8-pieces-cocody-riviera-2-5876055;2026-05-12T16:43:42+00:00
CI;Côte d'Ivoire;coinafrique;location;villa;villas;Location villa duplex 6 pièces avec jardin - Riviera Attoban;1800000;;;6;Cocody;Attoban;;https://ci.coinafrique.com/annonce/villas/location-villa-duplex-6-pieces-avec-jardin-riviera-attoban-5870605;2026-05-12T16:43:42+00:00
CI;Côte d'Ivoire;coinafrique;location;villa;villas;Location villa duplex de standing 5 pièces - Cocody Riviera m'badon;1500000;;;5;Cocody;Riviera M'Badon;;https://ci.coinafrique.com/annonce/villas/location-villa-duplex-de-standing-5-pieces-cocody-riviera-mbadon-5864038;2026-05-12T16:43:42+00:00
CI;Côte d'Ivoire;coinafrique;location;villa;villas;Location villa 4 pièces - Bervelly hills;2200000;;;4;Cocody;;;https://ci.coinafrique.com/annonce/villas/location-villa-4-pieces-bervelly-hills-5880424;2026-05-12T16:43:42+00:00
CI;Côte d'Ivoire;coinafrique;location;villa;villas;Location villa à Riviera 3;1000000;;;;Cocody;Riviera 3;;https://ci.coinafrique.com/annonce/villas/location-villa-a-riviera-3-5870140;2026-05-12T16:43:42+00:00
CI;Côte d'Ivoire;coinafrique;location;villa;villas;Location villa 8 pièces - Cocody Riviera 2;2500000;;;8;Cocody;Riviera 2;;https://ci.coinafrique.com/annonce/villas/location-villa-8-pieces-cocody-riviera-2-5876054;2026-05-12T16:43:42+00:00
CI;Côte d'Ivoire;coinafrique;location;villa;villas;Location villas 8 pièces à Cocody-Angré;1800000;;;8;Cocody;Angré;;https://ci.coinafrique.com/annonce/villas/location-villas-8-pieces-a-cocody-angre-5891949;2026-05-12T16:43:42+00:00
CI;Côte d'Ivoire;coinafrique;location;villa;villas;Location villas 08 pièces à Cocody Riviera 3;2500000;;;8;Cocody;Riviera 3;;https://ci.coinafrique.com/annonce/villas/location-villas-08-pieces-a-cocody-riviera-3-5891943;2026-05-12T16:43:42+00:00
CI;Côte d'Ivoire;coinafrique;location;villa;villas;Location villa duplex de 5pièces à Attoban;2500000;;;5;Cocody;Attoban;;https://ci.coinafrique.com/annonce/villas/location-villa-duplex-de-5pieces-a-attoban-5894733;2026-05-12T16:43:42+00:00
CI;Côte d'Ivoire;coinafrique;location;villa;villas;Location villa duplex 6 pièces haut standing à Cocody Riviera gol4 beverly hills dans une très belle résidence;3700000;;;6;Cocody;;haut;https://ci.coinafrique.com/annonce/villas/location-villa-duplex-6-pieces-haut-standing-a-cocody-riviera-gol4-beverly-hills-dans-une-tres-belle-residence-5894736;2026-05-12T16:43:42+00:00
CI;Côte d'Ivoire;coinafrique;location;villa;villas;Location villas 7 pièces à Bingerville;650000;;;7;Bingerville;;;https://ci.coinafrique.com/annonce/villas/location-villas-7-pieces-a-bingerville-5870466;2026-05-12T16:43:42+00:00
CI;Côte d'Ivoire;coinafrique;location;villa;villas;Location villa 8 pièces à Cocody ENA;2500000;;;8;Cocody;;;https://ci.coinafrique.com/annonce/villas/location-villa-8-pieces-a-cocody-ena-5870476;2026-05-12T16:43:42+00:00
CI;Côte d'Ivoire;coinafrique;location;villa;villas;Location villas 9 pièces à Cocody Riviera 3;1800000;;;9;Cocody;Riviera 3;;https://ci.coinafrique.com/annonce/villas/location-villas-9-pieces-a-cocody-riviera-3-5881308;2026-05-12T16:43:42+00:00
CI;Côte d'Ivoire;coinafrique;location;villa;villas;Location villa meublé Cocody Jules verne;3000000;;;;Cocody;;;https://ci.coinafrique.com/annonce/villas/location-villa-meuble-cocody-jules-verne-5872621;2026-05-12T16:43:42+00:00
CI;Côte d'Ivoire;coinafrique;location;villa;villas;Location villa à la Riviera m’badon;3000000;;;;Riviera;;;https://ci.coinafrique.com/annonce/villas/location-villa-a-la-riviera-mbadon-5879851;2026-05-12T16:43:42+00:00
CI;Côte d'Ivoire;coinafrique;location;villa;villas;Location villas 10 pièces - Cocody angré;1800000;;;10;Cocody;Angré;;https://ci.coinafrique.com/annonce/villas/location-villas-10-pieces-cocody-angre-5864014;2026-05-12T16:43:42+00:00
CI;Côte d'Ivoire;coinafrique;location;villa;villas;Location villa duplex 8 pièces - Cocody;3000000;;;8;Cocody;;;https://ci.coinafrique.com/annonce/villas/location-villa-duplex-8-pieces-cocody-5872490;2026-05-12T16:43:42+00:00
CI;Côte d'Ivoire;coinafrique;location;villa;villas;Location villa duplex 8 pièces - M’badon;2700000;;;8;Cocody;;;https://ci.coinafrique.com/annonce/villas/location-villa-duplex-8-pieces-mbadon-5865560;2026-05-12T16:43:42+00:00
CI;Côte d'Ivoire;coinafrique;location;villa;villas;Location villas 10 pièces - Cocody m’badon;3000000;;;10;Cocody;;;https://ci.coinafrique.com/annonce/villas/location-villas-10-pieces-cocody-mbadon-5867266;2026-05-12T16:43:42+00:00
CI;Côte d'Ivoire;coinafrique;location;villa;villas;Location villa 4 chambres 2 salons - Riviera 4 m'badon cité verdoyante;3500000;;;4;Riviera;;;https://ci.coinafrique.com/annonce/villas/location-villa-4-chambres-2-salons-riviera-4-mbadon-cite-verdoyante-5874746;2026-05-12T16:43:42+00:00
CI;Côte d'Ivoire;coinafrique;location;villa;villas;Location Villa haut standing9 pièces - Faya Cité Sir;1600000;;;;Cocody;Faya;haut;https://ci.coinafrique.com/annonce/villas/location-villa-haut-standing9-pieces-faya-cite-sir-5902159;2026-05-12T16:43:42+00:00
CI;Côte d'Ivoire;coinafrique;location;villa;villas;Location villa 6 pièces à Cocody Riviera Berverly Hill;3500000;;;6;Cocody;;;https://ci.coinafrique.com/annonce/villas/location-villa-6-pieces-a-cocody-riviera-berverly-hill-5892880;2026-05-12T16:43:42+00:00
CI;Côte d'Ivoire;coinafrique;location;villa;villas;Location Villa triplex de 9 pièces aux 2-plateaux les perles versant-1;2500000;;;9;Cocody;;;https://ci.coinafrique.com/annonce/villas/location-villa-triplex-de-9-pieces-aux-2-plateaux-les-perles-versant-1-5897170;2026-05-12T16:43:42+00:00
CI;Côte d'Ivoire;coinafrique;location;villa;villas;Villa à louer à Angre;800000;;;;Cocody;Angre;;https://ci.coinafrique.com/annonce/villas/villa-a-louer-a-angre-5887142;2026-05-12T16:43:42+00:00
CI;Côte d'Ivoire;coinafrique;location;villa;villas;location villa duplex de standing 10 pièces - Cocody riviera palmeraie;2500000;;;10;Cocody;Riviera Palmeraie;;https://ci.coinafrique.com/annonce/villas/location-villa-duplex-de-standing-10-pieces-cocody-riviera-palmeraie-5902677;2026-05-12T16:43:42+00:00
CI;Côte d'Ivoire;coinafrique;location;villa;villas;Location triplex 12 pièces Riviera golf 4 mbadon;2500000;;;12;Cocody;Riviera Golf;;https://ci.coinafrique.com/annonce/villas/location-triplex-12-pieces-riviera-golf-4-mbadon-5905152;2026-05-12T16:43:42+00:00
CI;Côte d'Ivoire;coinafrique;location;villa;villas;Location villas 8 pièces - Cocody angré;1800000;;;8;Cocody;Angré;;https://ci.coinafrique.com/annonce/villas/location-villas-8-pieces-cocody-angre-5863999;2026-05-12T16:43:42+00:00
CI;Côte d'Ivoire;coinafrique;location;villa;villas;Location villas 6 pièces à Cocody Riviera 4;2500000;;;6;Cocody;Riviera 4;;https://ci.coinafrique.com/annonce/villas/location-villas-6-pieces-a-cocody-riviera-4-5882290;2026-05-12T16:43:42+00:00
CI;Côte d'Ivoire;coinafrique;location;villa;villas;Location villa triplex 8 pièces Minpwssdoré Cocody Riviera faya;700000;;;8;Cocody;Riviera Faya;;https://ci.coinafrique.com/annonce/villas/location-villa-triplex-8-pieces-minpwssdore-cocody-riviera-faya-5872930;2026-05-12T16:43:42+00:00
CI;Côte d'Ivoire;coinafrique;location;villa;villas;Location villa duplex 6 pièces à Cocody 2 Plateaux;275000000;;;6;Cocody;2 Plateaux;;https://ci.coinafrique.com/annonce/villas/location-villa-duplex-6-pieces-a-cocody-2-plateaux-5872935;2026-05-12T16:43:42+00:00
CI;Côte d'Ivoire;coinafrique;location;villa;villas;Location villa 5 pieces à Bingerville Santé;600000;;;5;Cocody;;;https://ci.coinafrique.com/annonce/villas/location-villa-5-pieces-a-bingerville-sante-5903622;2026-05-12T16:43:42+00:00
CI;Côte d'Ivoire;coinafrique;location;villa;villas;Location villa duplex 5 pièces à Feh kessé cité PROMOGIM;650000;;;5;Cocody;;;https://ci.coinafrique.com/annonce/villas/location-villa-duplex-5-pieces-a-feh-kesse-cite-promogim-5899823;2026-05-12T16:43:42+00:00
CI;Côte d'Ivoire;coinafrique;location;villa;villas;Location villa avec piscine de 12 pieces à la Riviera Mbadon;2500000;;;12;Cocody;Riviera Mbadon;;https://ci.coinafrique.com/annonce/villas/location-villa-avec-piscine-de-12-pieces-a-la-riviera-mbadon-5888693;2026-05-12T16:43:42+00:00
CI;Côte d'Ivoire;coinafrique;location;villa;villas;Location villa duplex 6 pièces - Riviera3 lycee américain;650000000;;;6;Cocody;;;https://ci.coinafrique.com/annonce/villas/location-villa-duplex-6-pieces-riviera3-lycee-americain-5867218;2026-05-12T16:43:42+00:00
CI;Côte d'Ivoire;coinafrique;location;villa;villas;Location villa 5 pièces à Riviera Attoban;3000000;;;5;Cocody;Attoban;;https://ci.coinafrique.com/annonce/villas/location-villa-5-pieces-a-riviera-attoban-5891877;2026-05-12T16:43:42+00:00
CI;Côte d'Ivoire;coinafrique;location;villa;villas;Location villa duplex 8 pièces à la Riviera 4 m’badon;1500000;;;8;Cocody;Riviera 4;;https://ci.coinafrique.com/annonce/villas/location-villa-duplex-8-pieces-a-la-riviera-4-mbadon-5863961;2026-05-12T16:43:42+00:00
CI;Côte d'Ivoire;coinafrique;location;villa;villas;Location villa 10 pieces a louer à la Riviera prigramme 4;1000000;;;10;Cocody;;;https://ci.coinafrique.com/annonce/villas/location-villa-10-pieces-a-louer-a-la-riviera-prigramme-4-5885242;2026-05-12T16:43:42+00:00
CI;Côte d'Ivoire;coinafrique;location;villa;villas;Location villa 6 pièces à Cocody Riviera Golf1;3500000;;;6;Cocody;;;https://ci.coinafrique.com/annonce/villas/location-villa-6-pieces-a-cocody-riviera-golf1-5903603;2026-05-12T16:43:42+00:00
CI;Côte d'Ivoire;coinafrique;location;villa;villas;Location villa 10 pièces Angré 8è tranche;1800000;;;10;Cocody;Angré;;https://ci.coinafrique.com/annonce/villas/location-villa-10-pieces-angre-8e-tranche-5862136;2026-05-12T16:43:42+00:00
CI;Côte d'Ivoire;coinafrique;location;villa;villas;Location villa duplex 7pièces à faya cité prestige;700000;;;7;Cocody;Faya;haut;https://ci.coinafrique.com/annonce/villas/location-villa-duplex-7pieces-a-faya-cite-prestige-5894601;2026-05-12T16:43:42+00:00
CI;Côte d'Ivoire;coinafrique;location;villa;villas;Location Villas 6 pièces - Cocody M’badon;2000000;;;6;Cocody;;;https://ci.coinafrique.com/annonce/villas/location-villas-6-pieces-cocody-mbadon-5867200;2026-05-12T16:43:42+00:00
CI;Côte d'Ivoire;coinafrique;location;villa;villas;Location villa duplex de 7 pièces à faya ephrata;1100000;;;7;Cocody;Faya;;https://ci.coinafrique.com/annonce/villas/location-villa-duplex-de-7-pieces-a-faya-ephrata-5865462;2026-05-12T16:43:42+00:00
CI;Côte d'Ivoire;coinafrique;location;villa;villas;Location villa 6 pièces à Feh Kessé;800000;;;6;Cocody;;;https://ci.coinafrique.com/annonce/villas/location-villa-6-pieces-a-feh-kesse-5892956;2026-05-12T16:43:42+00:00
CI;Côte d'Ivoire;coinafrique;location;villa;villas;Location villa duplex 11 pièces - 2 Plateaux Vallon;3000000;;;11;Cocody;Vallon;;https://ci.coinafrique.com/annonce/villas/location-villa-duplex-11-pieces-2-plateaux-vallon-5868813;2026-05-12T16:43:42+00:00
CI;Côte d'Ivoire;coinafrique;location;villa;villas;Location appartement R+4 3 pièces - M’Badon;575000;;;3;Cocody;;;https://ci.coinafrique.com/annonce/villas/location-appartement-r4-3-pieces-mbadon-5896411;2026-05-12T16:43:42+00:00
CI;Côte d'Ivoire;coinafrique;location;villa;villas;Location villa duplex 5 pièces à la Riviera faya cite laurier 9;800000;;;5;Cocody;Riviera Faya;;https://ci.coinafrique.com/annonce/villas/location-villa-duplex-5-pieces-a-la-riviera-faya-cite-laurier-9-5874652;2026-05-12T16:43:42+00:00
CI;Côte d'Ivoire;coinafrique;location;villa;villas;Location villa 5 pièces à la cité SIR;650000;;;5;Cocody;;;https://ci.coinafrique.com/annonce/villas/location-villa-5-pieces-a-la-cite-sir-5898171;2026-05-12T16:43:42+00:00
CI;Côte d'Ivoire;coinafrique;location;villa;villas;Location villa 7 pièces - Golf4 Beverly-Hills;3500000;;;7;Cocody;;;https://ci.coinafrique.com/annonce/villas/location-villa-7-pieces-golf4-beverly-hills-5906679;2026-05-12T16:43:42+00:00
CI;Côte d'Ivoire;coinafrique;location;villa;villas;Location villa duplex 8 pièces avec piscine à Cocody-angré;1800000;;;8;Cocody;Angré;;https://ci.coinafrique.com/annonce/villas/location-villa-duplex-8-pieces-avec-piscine-a-cocody-angre-5906676;2026-05-12T16:43:42+00:00
CI;Côte d'Ivoire;coinafrique;location;villa;villas;Location villa duplex à Bonomin;2000000;;;;Cocody;;;https://ci.coinafrique.com/annonce/villas/location-villa-duplex-a-bonomin-5898117;2026-05-12T16:43:42+00:00
CI;Côte d'Ivoire;coinafrique;location;villa;villas;Terrain 8 pièces Minpwssdoré Cocody Rviera faya zone à 50 mètres de la cité oribat 2;700000;;;8;Cocody;Faya;;https://ci.coinafrique.com/annonce/villas/terrain-8-pieces-minpwssdore-cocody-rviera-faya-zone-a-50-metres-de-la-cite-oribat-2-5872862;2026-05-12T16:43:42+00:00
CI;Côte d'Ivoire;coinafrique;location;villa;villas;Location villa duplex 7 pièces à Cocody Angre nouveau chu;1500000;;;7;Cocody;Angre;;https://ci.coinafrique.com/annonce/villas/location-villa-duplex-7-pieces-a-cocody-angre-nouveau-chu-5862098;2026-05-12T16:43:42+00:00
CI;Côte d'Ivoire;coinafrique;location;villa;villas;Location villa 7 pièces Cocody Riviera Faya cité artci;1800000;;;7;Cocody;Riviera Faya;;https://ci.coinafrique.com/annonce/villas/location-villa-7-pieces-cocody-riviera-faya-cite-artci-5878060;2026-05-12T16:43:42+00:00
CI;Côte d'Ivoire;coinafrique;location;villa;villas;Location villas 7 pièces - Cocody beverlly hills;5000000;;;7;Cocody;;;https://ci.coinafrique.com/annonce/villas/location-villas-7-pieces-cocody-beverlly-hills-5899777;2026-05-12T16:43:42+00:00
CI;Côte d'Ivoire;coinafrique;location;villa;villas;Location villa basse 4 pièces - Cocody 2 Plateaux aghien;500000;;;4;Cocody;2 Plateaux;;https://ci.coinafrique.com/annonce/villas/location-villa-basse-4-pieces-cocody-2-plateaux-aghien-5874631;2026-05-12T16:43:42+00:00
CI;Côte d'Ivoire;coinafrique;location;villa;villas;Location villa meublé 5 pièces - Cocody m’pouto;3500000;;;5;Cocody;;;https://ci.coinafrique.com/annonce/villas/location-villa-meuble-5-pieces-cocody-mpouto-5868784;2026-05-12T16:43:42+00:00
CI;Côte d'Ivoire;coinafrique;location;villa;villas;Location villa duplex 6 pièces à Feh kessé promogim;500000;;;6;Cocody;;;https://ci.coinafrique.com/annonce/villas/location-villa-duplex-6-pieces-a-feh-kesse-promogim-5899753;2026-05-12T16:43:42+00:00
CI;Côte d'Ivoire;coinafrique;location;villa;villas;Location villa 8 pièces à Faya Laurier;700000;;;8;Cocody;Faya;;https://ci.coinafrique.com/annonce/villas/location-villa-8-pieces-a-faya-laurier-5892930;2026-05-12T16:43:42+00:00
CI;Côte d'Ivoire;coinafrique;location;villa;villas;Location villa duplex 10 pièces Cocody Angre nouveau chu;3000000;;;10;Cocody;Angre;;https://ci.coinafrique.com/annonce/villas/location-villa-duplex-10-pieces-cocody-angre-nouveau-chu-5896386;2026-05-12T16:43:42+00:00
CI;Côte d'Ivoire;coinafrique;location;villa;villas;Location villa 5 pièces à Cocody Riviera 4 mbadon;3000000;;;5;Cocody;Riviera 4;;https://ci.coinafrique.com/annonce/villas/location-villa-5-pieces-a-cocody-riviera-4-mbadon-5903570;2026-05-12T16:43:42+00:00
CI;Côte d'Ivoire;coinafrique;location;villa;villas;Location villa duplex 7 pieces à cocody angre 8eme tranche cité arcade;900000;;;7;Cocody;Angre;;https://ci.coinafrique.com/annonce/villas/location-villa-duplex-7-pieces-a-cocody-angre-8eme-tranche-cite-arcade-5862048;2026-05-12T16:43:42+00:00
CI;Côte d'Ivoire;coinafrique;location;villa;villas;Location villa basse standing premium à Marcory zone 4;2100000;;;;Marcory;Zone 4;haut;https://ci.coinafrique.com/annonce/villas/location-villa-basse-standing-premium-a-marcory-zone-4-5905004;2026-05-12T16:43:42+00:00
CI;Côte d'Ivoire;coinafrique;location;villa;villas;Location villa duplex 4 chambres à Bingerville;700000;;;4;Cocody;;;https://ci.coinafrique.com/annonce/villas/location-villa-duplex-4-chambres-a-bingerville-5905002;2026-05-12T16:43:42+00:00
CI;Côte d'Ivoire;coinafrique;location;villa;villas;Location villa duplex de standing 10 pièces - cocody 2 plateaux vallon;2500000;;;10;Cocody;2 Plateaux;;https://ci.coinafrique.com/annonce/villas/location-villa-duplex-de-standing-10-pieces-cocody-2-plateaux-vallon-5892927;2026-05-12T16:43:42+00:00
CI;Côte d'Ivoire;coinafrique;location;villa;villas;Location villa duplex 7 pièces en location à la riviera faya jules verne;900000;;;7;Riviera;;;https://ci.coinafrique.com/annonce/villas/location-villa-duplex-7-pieces-en-location-a-la-riviera-faya-jules-verne-5894469;2026-05-12T16:43:42+00:00
CI;Côte d'Ivoire;coinafrique;location;villa;villas;Location villa 6 pièces à Cocody Riviera;3000000;;;6;Cocody;;;https://ci.coinafrique.com/annonce/villas/location-villa-6-pieces-a-cocody-riviera-5892912;2026-05-12T16:43:42+00:00
CI;Côte d'Ivoire;coinafrique;location;villa;villas;Location appartement 4 pièces - Cocody angre nouveau Chu;600000;;;4;Cocody;Angre;;https://ci.coinafrique.com/annonce/villas/location-appartement-4-pieces-cocody-angre-nouveau-chu-5904971;2026-05-12T16:43:42+00:00
CI;Côte d'Ivoire;coinafrique;location;villa;villas;Location villa 6pièces - Cocody beverly hills;5000000;;;6;Cocody;;;https://ci.coinafrique.com/annonce/villas/location-villa-6pieces-cocody-beverly-hills-5904979;2026-05-12T16:43:42+00:00
CI;Côte d'Ivoire;coinafrique;location;villa;villas;Location villas 4 pièces à Riviera Bonoumin;85000;;;4;Cocody;Riviera Bonoumin;;https://ci.coinafrique.com/annonce/villas/location-villas-4-pieces-a-riviera-bonoumin-5881176;2026-05-12T16:43:42+00:00
CI;Côte d'Ivoire;coinafrique;location;villa;villas;Location villa duplex 6 pièces Riviera Bonoumin vers église réveil;1000000;;;6;Cocody;Riviera Bonoumin;;https://ci.coinafrique.com/annonce/villas/location-villa-duplex-6-pieces-riviera-bonoumin-vers-eglise-reveil-5874568;2026-05-12T16:43:42+00:00
CI;Côte d'Ivoire;coinafrique;location;villa;villas;Location villa 4 pièces Cocody riviera 3;1000000;;;4;Cocody;Riviera 3;;https://ci.coinafrique.com/annonce/villas/location-villa-4-pieces-cocody-riviera-3-5863820;2026-05-12T16:43:42+00:00
CI;Côte d'Ivoire;coinafrique;location;villa;villas;Location villa 6 pièces à Cocody Rriviera Golf Ambassade;7000000;;;6;Cocody;;;https://ci.coinafrique.com/annonce/villas/location-villa-6-pieces-a-cocody-rriviera-golf-ambassade-5892903;2026-05-12T16:43:42+00:00
CI;Côte d'Ivoire;coinafrique;location;villa;villas;Location mini cité de 10 villa triplex à zone Laurier 9;1200000;;;;Cocody;;;https://ci.coinafrique.com/annonce/villas/location-mini-cite-de-10-villa-triplex-a-zone-laurier-9-5889716;2026-05-12T16:43:42+00:00
CI;Côte d'Ivoire;coinafrique;location;villa;villas;Location villas 8 pièces - Cocody angré gestoci;1800000;;;8;Cocody;Angré;;https://ci.coinafrique.com/annonce/villas/location-villas-8-pieces-cocody-angre-gestoci-5889217;2026-05-12T16:43:42+00:00
CI;Côte d'Ivoire;coinafrique;location;villa;villas;Location villa 8 pièces à Cocody Riviera Attoban;3000000;;;8;Cocody;Attoban;;https://ci.coinafrique.com/annonce/villas/location-villa-8-pieces-a-cocody-riviera-attoban-5903290;2026-05-12T16:43:42+00:00
CI;Côte d'Ivoire;coinafrique;location;villa;villas;Location villa basse 6 pièces - Cocody 2 plateaux ena;2000000;;;6;Cocody;2 Plateaux;;https://ci.coinafrique.com/annonce/villas/location-villa-basse-6-pieces-cocody-2-plateaux-ena-5889113;2026-05-12T16:43:42+00:00
CI;Côte d'Ivoire;coinafrique;location;villa;villas;Location villa duplex 5 pièces avec piscine - abatta;850000;;;5;Cocody;;;https://ci.coinafrique.com/annonce/villas/location-villa-duplex-5-pieces-avec-piscine-abatta-5896801;2026-05-12T16:43:42+00:00
CI;Côte d'Ivoire;coinafrique;location;villa;villas;Location villa duplex 4 pièces à la Rivièra feh kessé cité Benet 2;85000000;;;4;Cocody;;;https://ci.coinafrique.com/annonce/villas/location-villa-duplex-4-pieces-a-la-riviera-feh-kesse-cite-benet-2-5906586;2026-05-12T16:43:42+00:00
CI;Côte d'Ivoire;coinafrique;location;villa;villas;Location villa 15 pièces - II Plateaux vallon;5000000;;;15;Cocody;II Plateaux;;https://ci.coinafrique.com/annonce/villas/location-villa-15-pieces-ii-plateaux-vallon-5879727;2026-05-12T16:43:42+00:00
CI;Côte d'Ivoire;coinafrique;location;villa;villas;Location villa duplex avec grand jardin à Cocody-angré;1300000;;;;Cocody;Angré;;https://ci.coinafrique.com/annonce/villas/location-villa-duplex-avec-grand-jardin-a-cocody-angre-5888599;2026-05-12T16:43:42+00:00
CI;Côte d'Ivoire;coinafrique;location;villa;villas;Location villas duplex 7 pièces - Cocody Riviera golf 4 beverlys hills avec piscine;4200000;;;7;Cocody;Riviera Golf;;https://ci.coinafrique.com/annonce/villas/location-villas-duplex-7-pieces-cocody-riviera-golf-4-beverlys-hills-avec-piscine-5874532;2026-05-12T16:43:42+00:00
CI;Côte d'Ivoire;coinafrique;location;villa;villas;Location villa duplex 6 pièces - Cocody Riviera 3;1700000;;;6;Cocody;Riviera 3;;https://ci.coinafrique.com/annonce/villas/location-villa-duplex-6-pieces-cocody-riviera-3-5879716;2026-05-12T16:43:42+00:00
CI;Côte d'Ivoire;coinafrique;location;villa;villas;BELLE VILLA TRIPLEX DE 7 PIECES A LOUER A FEH KESSÉ;800000;;;7;Cocody;;;https://ci.coinafrique.com/annonce/villas/belle-villa-triplex-de-7-pieces-a-louer-a-feh-kesse-5883473;2026-05-12T16:43:42+00:00
CI;Côte d'Ivoire;coinafrique;location;villa;villas;RIVIERA 4 – VILLA DUPLEX T12 DE HAUT STANDING À LOUER;2500000;;;;Cocody;Riviera 4;haut;https://ci.coinafrique.com/annonce/villas/riviera-4-villa-duplex-t12-de-haut-standing-a-louer-5883481;2026-05-12T16:43:42+00:00
CI;Côte d'Ivoire;coinafrique;location;villa;villas;Location villa basse en lounge bar;12000000;;;;Cocody;;;https://ci.coinafrique.com/annonce/villas/location-villa-basse-en-lounge-bar-5896329;2026-05-12T16:43:42+00:00
CI;Côte d'Ivoire;coinafrique;location;villa;villas;Location villa basse 4 pièces de standing 4 pièces à Cocody 2 Plateaux;1200000;;;4;Cocody;2 Plateaux;;https://ci.coinafrique.com/annonce/villas/location-villa-basse-4-pieces-de-standing-4-pieces-a-cocody-2-plateaux-5892890;2026-05-12T16:43:42+00:00
CI;Côte d'Ivoire;coinafrique;location;villa;villas;Location villa duplex à Angré vers pharmacie 8e Tranche;700000;;;;Cocody;Angré;;https://ci.coinafrique.com/annonce/villas/location-villa-duplex-a-angre-vers-pharmacie-8e-tranche-5874525;2026-05-12T16:43:42+00:00
CI;Côte d'Ivoire;coinafrique;location;villa;villas;Location villa triplex 32 pièces - Riviera Abatta;5000000;;;32;Cocody;;;https://ci.coinafrique.com/annonce/villas/location-villa-triplex-32-pieces-riviera-abatta-5888577;2026-05-12T16:43:42+00:00
CI;Côte d'Ivoire;coinafrique;location;villa;villas;Villa à Cocody;275000000;;;;Cocody;;;https://ci.coinafrique.com/annonce/villas/villa-a-cocody-5883475;2026-05-12T16:43:42+00:00
CI;Côte d'Ivoire;coinafrique;location;villa;villas;Location villa 5 pièces à Bingerville;500000;;;5;Cocody;;;https://ci.coinafrique.com/annonce/villas/location-villa-5-pieces-a-bingerville-5890165;2026-05-12T16:43:42+00:00
CI;Côte d'Ivoire;coinafrique;location;villa;villas;Location villa duplex avec piscine à Angré Djorobité;1200000;;;;Cocody;Angré;;https://ci.coinafrique.com/annonce/villas/location-villa-duplex-avec-piscine-a-angre-djorobite-5861994;2026-05-12T16:43:42+00:00
CI;Côte d'Ivoire;coinafrique;location;villa;villas;Location villa duplex 8 pièces avec piscine - M’badon;2500000;;;8;Cocody;;;https://ci.coinafrique.com/annonce/villas/location-villa-duplex-8-pieces-avec-piscine-mbadon-5865315;2026-05-12T16:43:42+00:00
CI;Côte d'Ivoire;coinafrique;location;villa;villas;Location villa 8 pièces Cocody Riviera 5 faya;1200000;;;8;Cocody;Faya;;https://ci.coinafrique.com/annonce/villas/location-villa-8-pieces-cocody-riviera-5-faya-5863788;2026-05-12T16:43:42+00:00
CI;Côte d'Ivoire;coinafrique;location;villa;villas;Location villa duplex 10 pièces - Cocody Angré 8e tranche;1800000;;;10;Cocody;Angré;;https://ci.coinafrique.com/annonce/villas/location-villa-duplex-10-pieces-cocody-angre-8e-tranche-5862001;2026-05-12T16:43:42+00:00
CI;Côte d'Ivoire;coinafrique;location;villa;villas;Location villa à la Riviera golf 4;2500000;;;;Cocody;Riviera Golf;;https://ci.coinafrique.com/annonce/villas/location-villa-a-la-riviera-golf-4-5877925;2026-05-12T16:43:42+00:00
CI;Côte d'Ivoire;coinafrique;location;villa;villas;Location villa 7 pièces Riviera golf;3000000;;;7;Cocody;Riviera Golf;;https://ci.coinafrique.com/annonce/villas/location-villa-7-pieces-riviera-golf-5890145;2026-05-12T16:43:42+00:00
CI;Côte d'Ivoire;coinafrique;location;villa;villas;Location 6 pièces à Bingerville;1200000;;;6;Cocody;;;https://ci.coinafrique.com/annonce/villas/location-6-pieces-a-bingerville-5890148;2026-05-12T16:43:42+00:00
CI;Côte d'Ivoire;coinafrique;location;villa;villas;Location villa duplex 6 pièces Angré – cité diaspora Cocody Abidjan;800000;;;6;Cocody;Angré;;https://ci.coinafrique.com/annonce/villas/location-villa-duplex-6-pieces-angre-cite-diaspora-cocody-abidjan-5861984;2026-05-12T16:43:42+00:00
CI;Côte d'Ivoire;coinafrique;location;villa;villas;Location villa 7 pièces à la Rivera golf beverhill;3500000;;;7;Cocody;;;https://ci.coinafrique.com/annonce/villas/location-villa-7-pieces-a-la-rivera-golf-beverhill-5906551;2026-05-12T16:43:42+00:00
CI;Côte d'Ivoire;coinafrique;location;villa;villas;Location villa 11 pièces à 7em Tranche Cascade;2500000;;;11;Cocody;;;https://ci.coinafrique.com/annonce/villas/location-villa-11-pieces-a-7em-tranche-cascade-5881139;2026-05-12T16:43:42+00:00
CI;Côte d'Ivoire;coinafrique;location;villa;villas;Location villa 6 pièces à louer situés à Cocody Rivera Faya;800000;;;6;Cocody;Faya;;https://ci.coinafrique.com/annonce/villas/location-villa-6-pieces-a-louer-situes-a-cocody-rivera-faya-5891773;2026-05-12T16:43:42+00:00
CI;Côte d'Ivoire;coinafrique;location;villa;villas;Location villa basse 06 pièces à Marcory zone 4;2500000;;;6;Marcory;Zone 4;;https://ci.coinafrique.com/annonce/villas/location-villa-basse-06-pieces-a-marcory-zone-4-5886843;2026-05-12T16:43:42+00:00
CI;Côte d'Ivoire;coinafrique;location;villa;villas;Location villa duplex à M'badon;2700000;;;;Cocody;;;https://ci.coinafrique.com/annonce/villas/location-villa-duplex-a-mbadon-5899595;2026-05-12T16:43:42+00:00
CI;Côte d'Ivoire;coinafrique;location;villa;villas;Location Villas 8 pièces - Cocody Abatta;3000000;;;8;Cocody;;;https://ci.coinafrique.com/annonce/villas/location-villas-8-pieces-cocody-abatta-5876174;2026-05-12T16:43:42+00:00
CI;Côte d'Ivoire;coinafrique;location;villa;villas;Location villa basse 4 pièces à Marcory zone 4;1500000;;;4;Marcory;Zone 4;;https://ci.coinafrique.com/annonce/villas/location-villa-basse-4-pieces-a-marcory-zone-4-5885073;2026-05-12T16:43:42+00:00
CI;Côte d'Ivoire;coinafrique;location;villa;villas;Location villa duplex 6 pièces Riviera Golf4 beverly hills;3700000;;;6;Cocody;;;https://ci.coinafrique.com/annonce/villas/location-villa-duplex-6-pieces-riviera-golf4-beverly-hills-5896241;2026-05-12T16:43:42+00:00
CI;Côte d'Ivoire;coinafrique;location;villa;villas;Location villa duplex 11 pièces Cocody Angré 9em tranche;1500000;;;11;Cocody;Angré;;https://ci.coinafrique.com/annonce/villas/location-villa-duplex-11-pieces-cocody-angre-9em-tranche-5861952;2026-05-12T16:43:42+00:00
CI;Côte d'Ivoire;coinafrique;location;villa;villas;Location villa 6 pièces à Riviera Faya;800000;;;6;Cocody;Riviera Faya;;https://ci.coinafrique.com/annonce/villas/location-villa-6-pieces-a-riviera-faya-5891750;2026-05-12T16:43:42+00:00
CI;Côte d'Ivoire;coinafrique;location;villa;villas;Location villa duplex 8 pièces - Abatta résidentiel;3000000;;;8;Cocody;;;https://ci.coinafrique.com/annonce/villas/location-villa-duplex-8-pieces-abatta-residentiel-5876154;2026-05-12T16:43:42+00:00
CI;Côte d'Ivoire;coinafrique;location;villa;villas;Location villa duplex 7 pièces - Riviera Feh kesse;700000;;;7;Cocody;;;https://ci.coinafrique.com/annonce/villas/location-villa-duplex-7-pieces-riviera-feh-kesse-5902450;2026-05-12T16:43:42+00:00
CI;Côte d'Ivoire;coinafrique;location;villa;villas;Location villa duplex 4 pièces Cocody Angré CHU djorobité1;120000000;;;4;Cocody;Angré;;https://ci.coinafrique.com/annonce/villas/location-villa-duplex-4-pieces-cocody-angre-chu-djorobite1-5899585;2026-05-12T16:43:42+00:00
CI;Côte d'Ivoire;coinafrique;location;villa;villas;Location villa duplex 5 pièces à la Riviera Synacasy;1500000;;;5;Riviera;;;https://ci.coinafrique.com/annonce/villas/location-villa-duplex-5-pieces-a-la-riviera-synacasy-5876148;2026-05-12T16:43:42+00:00
CI;Côte d'Ivoire;coinafrique;location;villa;villas;Location villa duplex 10 pièces - Riviera 3 sainte famille;2500000;;;10;Cocody;Riviera 3;;https://ci.coinafrique.com/annonce/villas/location-villa-duplex-10-pieces-riviera-3-sainte-famille-5872719;2026-05-12T16:43:42+00:00
CI;Côte d'Ivoire;coinafrique;location;villa;villas;Location villa duplex 10 pièces à la Riviera tringles;1500000;;;10;Cocody;;;https://ci.coinafrique.com/annonce/villas/location-villa-duplex-10-pieces-a-la-riviera-tringles-5877818;2026-05-12T16:43:42+00:00
CI;Côte d'Ivoire;coinafrique;location;villa;villas;Location 2 villas basse 4 pièces Cocody 2 plateaux les versants;800000;;;4;Cocody;2 Plateaux;;https://ci.coinafrique.com/annonce/villas/location-2-villas-basse-4-pieces-cocody-2-plateaux-les-versants-5897985;2026-05-12T16:43:42+00:00
CI;Côte d'Ivoire;coinafrique;location;villa;villas;Location villa duplex Cocody angré chu gestoci;1300000;;;;Cocody;Angré;;https://ci.coinafrique.com/annonce/villas/location-villa-duplex-cocody-angre-chu-gestoci-5897928;2026-05-12T16:43:42+00:00
CI;Côte d'Ivoire;coinafrique;location;villa;villas;Location villa duplex 8 pièces à la Riviera 3;1300000;;;8;Riviera;;;https://ci.coinafrique.com/annonce/villas/location-villa-duplex-8-pieces-a-la-riviera-3-5876125;2026-05-12T16:43:42+00:00
CI;Côte d'Ivoire;coinafrique;location;villa;villas;Location villa duplex 4 chambres 2 salons Riviera abatta;400000000;;;4;Cocody;;;https://ci.coinafrique.com/annonce/villas/location-villa-duplex-4-chambres-2-salons-riviera-abatta-5876124;2026-05-12T16:43:42+00:00
CI;Côte d'Ivoire;coinafrique;location;villa;villas;Location villa duplex 8 pièces avec piscine à Cocody-angré;1800000;;;8;Cocody;Angré;;https://ci.coinafrique.com/annonce/villas/location-villa-duplex-8-pieces-avec-piscine-a-cocody-angre-5904848;2026-05-12T16:43:42+00:00
CI;Côte d'Ivoire;coinafrique;location;villa;villas;Location villa 6 pièces à Riviera Abatta;2000000;;;6;Cocody;;;https://ci.coinafrique.com/annonce/villas/location-villa-6-pieces-a-riviera-abatta-5891727;2026-05-12T16:43:42+00:00
CI;Côte d'Ivoire;coinafrique;location;villa;villas;Location villa à la Rivera 3;1800000;;;;Cocody;;;https://ci.coinafrique.com/annonce/villas/location-villa-a-la-rivera-3-5888487;2026-05-12T16:43:42+00:00
CI;Côte d'Ivoire;coinafrique;location;villa;villas;Location villa duplex 6 pièces Grand bassam;200000000;;;6;Cocody;;;https://ci.coinafrique.com/annonce/villas/location-villa-duplex-6-pieces-grand-bassam-5872687;2026-05-12T16:43:42+00:00
CI;Côte d'Ivoire;coinafrique;location;villa;villas;Location villa duplex 6 pièces Ywsbam Cocody Riviera golf 4 beverlly hills;3500000;;;6;Cocody;Riviera Golf;;https://ci.coinafrique.com/annonce/villas/location-villa-duplex-6-pieces-ywsbam-cocody-riviera-golf-4-beverlly-hills-5863697;2026-05-12T16:43:42+00:00
CI;Côte d'Ivoire;coinafrique;location;villa;villas;Location villa dans une cité à la Palmeraie;800000;;;;Cocody;Palmeraie;;https://ci.coinafrique.com/annonce/villas/location-villa-dans-une-cite-a-la-palmeraie-5888497;2026-05-12T16:43:42+00:00
CI;Côte d'Ivoire;coinafrique;location;villa;villas;Location villa au Rosier programme-2;600000;;;;Cocody;;;https://ci.coinafrique.com/annonce/villas/location-villa-au-rosier-programme-2-5886792;2026-05-12T16:43:42+00:00
CI;Côte d'Ivoire;coinafrique;location;villa;villas;Location villa duplex 5piècs - 2 plateaux vallon;3000000;;;;Cocody;2 Plateaux;;https://ci.coinafrique.com/annonce/villas/location-villa-duplex-5piecs-2-plateaux-vallon-5889322;2026-05-12T16:43:42+00:00
CI;Côte d'Ivoire;coinafrique;location;villa;villas;Location villa duplex de haut standing 6 pièces + piscine - Cocody Riviera m'badon;3800000;;;6;Cocody;Riviera M'Badon;haut;https://ci.coinafrique.com/annonce/villas/location-villa-duplex-de-haut-standing-6-pieces-piscine-cocody-riviera-mbadon-5864440;2026-05-12T16:43:42+00:00
CI;Côte d'Ivoire;coinafrique;location;villa;villas;Location villa duplex 7 pièces - Golf4 Beverly-Hills;3500000;;;7;Cocody;;;https://ci.coinafrique.com/annonce/villas/location-villa-duplex-7-pieces-golf4-beverly-hills-5906436;2026-05-12T16:43:42+00:00
CI;Côte d'Ivoire;coinafrique;location;villa;villas;Location villa 11 pièces - Cocody Vallon;3000000;;;11;Cocody;Vallon;;https://ci.coinafrique.com/annonce/villas/location-villa-11-pieces-cocody-vallon-5894317;2026-05-12T16:43:42+00:00
CI;Côte d'Ivoire;coinafrique;location;villa;villas;En location dans les Rosiers route de Bassam, très belle Villa duplex moderne de 7 pièces Elle est constituée de:;700000;;;7;Grand-Bassam;;haut;https://ci.coinafrique.com/annonce/villas/en-location-dans-les-rosiers-route-de-bassam-tres-belle-villa-duplex-moderne-de-7-pieces-elle-est-constituee-de-5886776;2026-05-12T16:43:42+00:00
CI;Côte d'Ivoire;coinafrique;location;villa;villas;Location villas 6 pièces à Cocody Abatta;2000000;;;6;Cocody;;;https://ci.coinafrique.com/annonce/villas/location-villas-6-pieces-a-cocody-abatta-5891710;2026-05-12T16:43:42+00:00
CI;Côte d'Ivoire;coinafrique;location;villa;villas;Location villa duplex 9 pièces avec piscine — II Plateaux 7ᵉ Tranche Attoban;2500000;;;9;Cocody;II Plateaux;;https://ci.coinafrique.com/annonce/villas/location-villa-duplex-9-pieces-avec-piscine-ii-plateaux-7-tranche-attoban-5890032;2026-05-12T16:43:42+00:00
CI;Côte d'Ivoire;coinafrique;location;villa;villas;Location villa duplex 6 pièces Behib Cocody Riviera 2;1500000;;;6;Cocody;Riviera 2;;https://ci.coinafrique.com/annonce/villas/location-villa-duplex-6-pieces-behib-cocody-riviera-2-5883362;2026-05-12T16:43:42+00:00
CI;Côte d'Ivoire;coinafrique;location;villa;villas;Location villa duplex 4 pieces Riviera Feh kessé;75000000;;;4;Cocody;;;https://ci.coinafrique.com/annonce/villas/location-villa-duplex-4-pieces-riviera-feh-kesse-5906404;2026-05-12T16:43:42+00:00
CI;Côte d'Ivoire;coinafrique;location;villa;villas;Location villa duplex 6pièces - Cocody rivera 4 mbadon;2000000;;;6;Cocody;;;https://ci.coinafrique.com/annonce/villas/location-villa-duplex-6pieces-cocody-rivera-4-mbadon-5866760;2026-05-12T16:43:42+00:00
CI;Côte d'Ivoire;coinafrique;location;villa;villas;Location villas 7 pièces à Faya Ephrata;1200000;;;7;Cocody;Faya;;https://ci.coinafrique.com/annonce/villas/location-villas-7-pieces-a-faya-ephrata-5882113;2026-05-12T16:43:42+00:00
CI;Côte d'Ivoire;coinafrique;location;villa;villas;Location villa à Treichville zone 3;1500000;;;;Cocody;;;https://ci.coinafrique.com/annonce/villas/location-villa-a-treichville-zone-3-5890010;2026-05-12T16:43:42+00:00
CI;Côte d'Ivoire;coinafrique;location;villa;villas;Location villa 5 pièces à Bingerville;160000000;;;5;Bingerville;;;https://ci.coinafrique.com/annonce/villas/location-villa-5-pieces-a-bingerville-5881034;2026-05-12T16:43:42+00:00
CI;Côte d'Ivoire;coinafrique;location;villa;villas;Location villa 4 pièces à Cocody-angré chu cité oribat;350000;;;4;Cocody;Angré;;https://ci.coinafrique.com/annonce/villas/location-villa-4-pieces-a-cocody-angre-chu-cite-oribat-5904758;2026-05-12T16:43:42+00:00
CI;Côte d'Ivoire;coinafrique;location;villa;villas;Location villas 05 pièces - cocody riviera m’badon;2500000;;;5;Cocody;;;https://ci.coinafrique.com/annonce/villas/location-villas-05-pieces-cocody-riviera-mbadon-5865157;2026-05-12T16:43:42+00:00
CI;Côte d'Ivoire;coinafrique;location;villa;villas;Location villa basse 6 pièces à Cocody Ambassade;3100000;;;6;Cocody;Cocody Ambassade;;https://ci.coinafrique.com/annonce/villas/location-villa-basse-6-pieces-a-cocody-ambassade-5892797;2026-05-12T16:43:42+00:00
CI;Côte d'Ivoire;coinafrique;location;villa;villas;Location villa duplex haut standing Riviera golf 4 berverly hills;4200000;;;;Cocody;Riviera Golf;haut;https://ci.coinafrique.com/annonce/villas/location-villa-duplex-haut-standing-riviera-golf-4-berverly-hills-5896119;2026-05-12T16:43:42+00:00
CI;Côte d'Ivoire;coinafrique;location;villa;villas;Location villa duplex avec grand jardin à Cocody-angré;1300000;;;;Cocody;Angré;;https://ci.coinafrique.com/annonce/villas/location-villa-duplex-avec-grand-jardin-a-cocody-angre-5888401;2026-05-12T16:43:42+00:00
CI;Côte d'Ivoire;coinafrique;location;villa;villas;Location villa 4 pièces à Cocody-angré chu cité Oribat;350000;;;4;Cocody;Angré;;https://ci.coinafrique.com/annonce/villas/location-villa-4-pieces-a-cocody-angre-chu-cite-oribat-5904708;2026-05-12T16:43:42+00:00
CI;Côte d'Ivoire;coinafrique;location;villa;villas;Location villa duplex 8 pieces à la Riviera 3 cité synaca-ci 2;1300000;;;8;Cocody;Riviera 3;;https://ci.coinafrique.com/annonce/villas/location-villa-duplex-8-pieces-a-la-riviera-3-cite-synaca-ci-2-5888396;2026-05-12T16:43:42+00:00
CI;Côte d'Ivoire;coinafrique;location;villa;villas;Location villa duplex 7 pièces - Riviera Feh kesse;700000;;;7;Cocody;;;https://ci.coinafrique.com/annonce/villas/location-villa-duplex-7-pieces-riviera-feh-kesse-5902372;2026-05-12T16:43:42+00:00
CI;Côte d'Ivoire;coinafrique;location;villa;villas;Location villas 7 pièces - Cocody;1100000;;;7;Cocody;;;https://ci.coinafrique.com/annonce/villas/location-villas-7-pieces-cocody-5902371;2026-05-12T16:43:42+00:00
CI;Côte d'Ivoire;coinafrique;location;villa;villas;Location villa duplex 5 pièces - Cocody Rivièra palmeraie rosier programme 3;700000;;;5;Cocody;Palmeraie;;https://ci.coinafrique.com/annonce/villas/location-villa-duplex-5-pieces-cocody-riviera-palmeraie-rosier-programme-3-5906325;2026-05-12T16:43:42+00:00
CI;Côte d'Ivoire;coinafrique;location;villa;villas;Location villa duplex 8 pièces Riviera 3 cité synacassi 2;1500000;;;8;Cocody;Riviera 3;;https://ci.coinafrique.com/annonce/villas/location-villa-duplex-8-pieces-riviera-3-cite-synacassi-2-5906317;2026-05-12T16:43:42+00:00
CI;Côte d'Ivoire;coinafrique;location;villa;villas;Location villa duplex 5 pièces - Rivièra Golf 4;3500000;;;5;Cocody;;;https://ci.coinafrique.com/annonce/villas/location-villa-duplex-5-pieces-riviera-golf-4-5877675;2026-05-12T16:43:42+00:00
CI;Côte d'Ivoire;coinafrique;location;villa;villas;Location villa 7 pièces avec piscine à la Riviera beverly hills;3500000;;;7;Cocody;;;https://ci.coinafrique.com/annonce/villas/location-villa-7-pieces-avec-piscine-a-la-riviera-beverly-hills-5906302;2026-05-12T16:43:42+00:00
CI;Côte d'Ivoire;coinafrique;location;villa;villas;Location villas 15 pièces -Cocody vallon;5000000;;;15;Cocody;Vallon;;https://ci.coinafrique.com/annonce/villas/location-villas-15-pieces-cocody-vallon-5866686;2026-05-12T16:43:42+00:00
CI;Côte d'Ivoire;coinafrique;location;villa;villas;Location villa 10 pièces à M'Badon;3000000;;;10;Cocody;;;https://ci.coinafrique.com/annonce/villas/location-villa-10-pieces-a-mbadon-5880962;2026-05-12T16:43:42+00:00
CI;Côte d'Ivoire;coinafrique;location;villa;villas;Location villa 7 pièces Riviera faya zone Jules Verne;600000;;;7;Cocody;Riviera Faya;;https://ci.coinafrique.com/annonce/villas/location-villa-7-pieces-riviera-faya-zone-jules-verne-5906298;2026-05-12T16:43:42+00:00
CI;Côte d'Ivoire;coinafrique;location;villa;villas;Location villa duplex 5 pièces à Cocody-riviera , cité rosier programme 4;800000;;;5;Cocody;;;https://ci.coinafrique.com/annonce/villas/location-villa-duplex-5-pieces-a-cocody-riviera-cite-rosier-programme-4-5884745;2026-05-12T16:43:42+00:00
CI;Côte d'Ivoire;coinafrique;location;villa;villas;Location villa duplex 7 pièces au Golf4 beverly-hills;3500000;;;7;Cocody;;;https://ci.coinafrique.com/annonce/villas/location-villa-duplex-7-pieces-au-golf4-beverly-hills-5906264;2026-05-12T16:43:42+00:00
CI;Côte d'Ivoire;coinafrique;location;villa;villas;Location villa duplex 8 pièces Faya laurier 15 vers jules Verne;650000;;;8;Cocody;Faya;;https://ci.coinafrique.com/annonce/villas/location-villa-duplex-8-pieces-faya-laurier-15-vers-jules-verne-5906263;2026-05-12T16:43:42+00:00
CI;Côte d'Ivoire;coinafrique;location;villa;villas;Location villas 6 pièces à Cocody Beverlly Hills;3700000;;;6;Cocody;;;https://ci.coinafrique.com/annonce/villas/location-villas-6-pieces-a-cocody-beverlly-hills-5891539;2026-05-12T16:43:42+00:00
CI;Côte d'Ivoire;coinafrique;location;villa;villas;Location villas 4 pièces - Marcory zone 4;1350000;;;4;Marcory;Zone 4;;https://ci.coinafrique.com/annonce/villas/location-villas-4-pieces-marcory-zone-4-5894146;2026-05-12T16:43:42+00:00
CI;Côte d'Ivoire;coinafrique;location;villa;villas;Location villas 05 pièces à Cocody Riviera Golf 1;3500000;;;5;Cocody;;;https://ci.coinafrique.com/annonce/villas/location-villas-05-pieces-a-cocody-riviera-golf-1-5871269;2026-05-12T16:43:42+00:00
CI;Côte d'Ivoire;coinafrique;location;villa;villas;Location villa basse 4 pièces aux 2- Plateaux perle versant-2;800000;;;4;Cocody;;;https://ci.coinafrique.com/annonce/villas/location-villa-basse-4-pieces-aux-2-plateaux-perle-versant-2-5897617;2026-05-12T16:43:42+00:00
CI;Côte d'Ivoire;coinafrique;location;villa;villas;Location villa duplex 5 pièces - Kodber, commune de bingerville;250000000;;;5;Cocody;;;https://ci.coinafrique.com/annonce/villas/location-villa-duplex-5-pieces-kodber-commune-de-bingerville-5883281;2026-05-12T16:43:42+00:00
CI;Côte d'Ivoire;coinafrique;location;villa;villas;Location villa 7 pièces à Riviera Faya Cité Laurier 15;650000;;;7;Cocody;Riviera Faya;;https://ci.coinafrique.com/annonce/villas/location-villa-7-pieces-a-riviera-faya-cite-laurier-15-5882073;2026-05-12T16:43:42+00:00
CI;Côte d'Ivoire;coinafrique;location;villa;villas;Location villa duplex 11 pièces - 2-plateaux vallon vers chez paul;3000000;;;11;Cocody;Vallon;;https://ci.coinafrique.com/annonce/villas/location-villa-duplex-11-pieces-2-plateaux-vallon-vers-chez-paul-5861765;2026-05-12T16:43:42+00:00
CI;Côte d'Ivoire;coinafrique;location;villa;villas;Location villa 6 pièces à Riviera Faya;800000;;;6;Riviera;;;https://ci.coinafrique.com/annonce/villas/location-villa-6-pieces-a-riviera-faya-5892748;2026-05-12T16:43:42+00:00
CI;Côte d'Ivoire;coinafrique;location;villa;villas;Location villa duplex - 2 plateaux vallon;2500000;;;;Cocody;2 Plateaux;;https://ci.coinafrique.com/annonce/villas/location-villa-duplex-2-plateaux-vallon-5888270;2026-05-12T16:43:42+00:00
CI;Côte d'Ivoire;coinafrique;location;villa;villas;Location villa duplex 6 pièces - Cocody - Riviera Palmeraie;260000000;;;6;Cocody;Riviera Palmeraie;;https://ci.coinafrique.com/annonce/villas/location-villa-duplex-6-pieces-cocody-riviera-palmeraie-5906197;2026-05-12T16:43:42+00:00
CI;Côte d'Ivoire;coinafrique;location;villa;villas;Location villa duplex 6 pièces à la Riviera Faya;600000;;;6;Riviera;;;https://ci.coinafrique.com/annonce/villas/location-villa-duplex-6-pieces-a-la-riviera-faya-5894102;2026-05-12T16:43:42+00:00
CI;Côte d'Ivoire;coinafrique;location;villa;villas;Location villa duplex de 5 pièces à Cocody rivera attoban dans une cité bitumée et sécurisé;800000;;;5;Cocody;Attoban;;https://ci.coinafrique.com/annonce/villas/location-villa-duplex-de-5-pieces-a-cocody-rivera-attoban-dans-une-cite-bitumee-et-securise-5883257;2026-05-12T16:43:42+00:00
CI;Côte d'Ivoire;coinafrique;location;villa;villas;Location bill duplex de 5pièces - Bingerville feh késsé;600000;;;5;Cocody;;;https://ci.coinafrique.com/annonce/villas/location-bill-duplex-de-5pieces-bingerville-feh-kesse-5902257;2026-05-12T16:43:42+00:00
CI;Côte d'Ivoire;coinafrique;location;villa;villas;Location villa duplex 5 pièces - Cocody riviera abatta;850000;;;5;Cocody;;;https://ci.coinafrique.com/annonce/villas/location-villa-duplex-5-pieces-cocody-riviera-abatta-5894080;2026-05-12T16:43:42+00:00
CI;Côte d'Ivoire;coinafrique;location;villa;villas;Location villa 6 pièces - Riviera golf beverly hills;3700000;;;6;Cocody;Riviera Golf;;https://ci.coinafrique.com/annonce/villas/location-villa-6-pieces-riviera-golf-beverly-hills-5891458;2026-05-12T16:43:42+00:00
CI;Côte d'Ivoire;coinafrique;location;maison;maisons-de-vacances;Location appartement meublé haut standing meublé au Plateau;75000;;;;Plateau;;haut;https://ci.coinafrique.com/annonce/maisons-de-vacances/location-appartement-meuble-haut-standing-meuble-au-plateau-5887058;2026-05-12T16:43:42+00:00
CI;Côte d'Ivoire;coinafrique;location;maison;maisons-de-vacances;Location maisons de vacances 05 pièces - Cocody Riviera M’badon;10000000;;;5;Cocody;;;https://ci.coinafrique.com/annonce/maisons-de-vacances/location-maisons-de-vacances-05-pieces-cocody-riviera-mbadon-5876102;2026-05-12T16:43:42+00:00
CI;Côte d'Ivoire;coinafrique;location;maison;maisons-de-vacances;Location maison à Cocody 9ème tranche;35000;;;;Cocody;;;https://ci.coinafrique.com/annonce/maisons-de-vacances/location-maison-a-cocody-9eme-tranche-5857705;2026-05-12T16:43:42+00:00
CI;Côte d'Ivoire;coinafrique;location;maison;maisons-de-vacances;Location maisons de vacances 3 pièces - Cocody rivera golf;80000;;;3;Cocody;;;https://ci.coinafrique.com/annonce/maisons-de-vacances/location-maisons-de-vacances-3-pieces-cocody-rivera-golf-5880458;2026-05-12T16:43:42+00:00
CI;Côte d'Ivoire;coinafrique;location;maison;maisons-de-vacances;Location maisons de vacances 3 pièces - Cocody rivera golf;70000;;;3;Cocody;;;https://ci.coinafrique.com/annonce/maisons-de-vacances/location-maisons-de-vacances-3-pieces-cocody-rivera-golf-5880462;2026-05-12T16:43:42+00:00
CI;Côte d'Ivoire;coinafrique;location;maison;maisons-de-vacances;Location résidence 2 pièces meublé - Cocody;25000;;;2;Cocody;;;https://ci.coinafrique.com/annonce/maisons-de-vacances/location-residence-2-pieces-meuble-cocody-5886487;2026-05-12T16:43:42+00:00
CI;Côte d'Ivoire;coinafrique;location;maison;maisons-de-vacances;Location studio meublé à Cocody;450000;;;;Cocody;;;https://ci.coinafrique.com/annonce/maisons-de-vacances/location-studio-meuble-a-cocody-5834228;2026-05-12T16:43:42+00:00
CI;Côte d'Ivoire;coinafrique;location;maison;maisons-de-vacances;Location résidence meublée - Angré cafier 1;25000;;;;Cocody;Angré;;https://ci.coinafrique.com/annonce/maisons-de-vacances/location-residence-meublee-angre-cafier-1-5778648;2026-05-12T16:43:42+00:00
CI;Côte d'Ivoire;coinafrique;location;maison;maisons-de-vacances;Location appartement 2 pièces Riviera 2;175000;;;2;Cocody;Riviera 2;;https://ci.coinafrique.com/annonce/maisons-de-vacances/location-appartement-2-pieces-riviera-2-5768040;2026-05-12T16:43:42+00:00
CI;Côte d'Ivoire;coinafrique;location;maison;maisons-de-vacances;Location villa meublée - Grand Bassam;150000;;;;Grand-Bassam;;;https://ci.coinafrique.com/annonce/maisons-de-vacances/location-villa-meublee-grand-bassam-5777074;2026-05-12T16:43:42+00:00
CI;Côte d'Ivoire;coinafrique;location;maison;maisons-de-vacances;Location maisons de vacance 3 pièces Cocody canebier;75000;;;3;Cocody;;;https://ci.coinafrique.com/annonce/maisons-de-vacances/location-maisons-de-vacance-3-pieces-cocody-canebier-5744136;2026-05-12T16:43:42+00:00
CI;Côte d'Ivoire;coinafrique;location;maison;maisons-de-vacances;Location appartement meublé de 2 pièces à Cocody danga avec piscine, parking intérieur, chauffe eau et buanderie;1000000;;;2;Cocody;Danga;;https://ci.coinafrique.com/annonce/maisons-de-vacances/location-appartement-meuble-de-2-pieces-a-cocody-danga-avec-piscine-parking-interieur-chauffe-eau-et-buanderie-5731223;2026-05-12T16:43:42+00:00
CI;Côte d'Ivoire;coinafrique;location;maison;maisons-de-vacances;Location maisons de vacance - Riviera palmeraie;30000;;;;Cocody;Riviera Palmeraie;;https://ci.coinafrique.com/annonce/maisons-de-vacances/location-maisons-de-vacance-riviera-palmeraie-5729012;2026-05-12T16:43:42+00:00
CI;Côte d'Ivoire;coinafrique;location;maison;maisons-de-vacances;Location maisons de vacances -Rond-point;20000;;;;Cocody;;;https://ci.coinafrique.com/annonce/maisons-de-vacances/location-maisons-de-vacances-rond-point-5728966;2026-05-12T16:43:42+00:00
CI;Côte d'Ivoire;coinafrique;location;maison;maisons-de-vacances;Location maisons de vacances - Angré;35000;;;;Cocody;Angré;;https://ci.coinafrique.com/annonce/maisons-de-vacances/location-maisons-de-vacances-angre-5729002;2026-05-12T16:43:42+00:00
CI;Côte d'Ivoire;coinafrique;location;maison;maisons-de-vacances;Maison de vacances - Abidjan;20000;;;;Cocody;;;https://ci.coinafrique.com/annonce/maisons-de-vacances/maison-de-vacances-abidjan-5728916;2026-05-12T16:43:42+00:00
CI;Côte d'Ivoire;coinafrique;location;maison;maisons-de-vacances;Maisons de vacances - Angré;22000;;;;Cocody;Angré;;https://ci.coinafrique.com/annonce/maisons-de-vacances/maisons-de-vacances-angre-5728908;2026-05-12T16:43:42+00:00
CI;Côte d'Ivoire;coinafrique;location;maison;maisons-de-vacances;Location maisons de vacances 3 pièces - Cocody;1000000;;;3;Cocody;;;https://ci.coinafrique.com/annonce/maisons-de-vacances/location-maisons-de-vacances-3-pieces-cocody-5722646;2026-05-12T16:43:42+00:00
CI;Côte d'Ivoire;coinafrique;location;maison;maisons-de-vacances;Location maisons 4 pièces à Cocody Riviera 3;200000;;;4;Cocody;Riviera 3;;https://ci.coinafrique.com/annonce/maisons-de-vacances/location-maisons-4-pieces-a-cocody-riviera-3-5660238;2026-05-12T16:43:42+00:00
CI;Côte d'Ivoire;coinafrique;location;maison;maisons-de-vacances;Location maisons de vacances à Palmeraie Sipim3 anniversaire mariage séjours;250000;;;;Cocody;Palmeraie;;https://ci.coinafrique.com/annonce/maisons-de-vacances/location-maisons-de-vacances-a-palmeraie-sipim3-anniversaire-mariage-sejours-5637992;2026-05-12T16:43:42+00:00
CI;Côte d'Ivoire;coinafrique;location;maison;maisons-de-vacances;Location maisons de vacances nouveaux chu;25000;;;;Cocody;;;https://ci.coinafrique.com/annonce/maisons-de-vacances/location-maisons-de-vacances-nouveaux-chu-5633720;2026-05-12T16:43:42+00:00
CI;Côte d'Ivoire;coinafrique;location;maison;maisons-de-vacances;Location maisons de vacance 3 pièces Cocody Riviera golf;1200000;;;3;Cocody;Riviera Golf;;https://ci.coinafrique.com/annonce/maisons-de-vacances/location-maisons-de-vacance-3-pieces-cocody-riviera-golf-5626001;2026-05-12T16:43:42+00:00
CI;Côte d'Ivoire;coinafrique;location;maison;maisons-de-vacances;Location maisons de vacances 05 pièces - cocody;400000;;;5;Cocody;;;https://ci.coinafrique.com/annonce/maisons-de-vacances/location-maisons-de-vacances-05-pieces-cocody-5617087;2026-05-12T16:43:42+00:00
CI;Côte d'Ivoire;coinafrique;location;maison;maisons-de-vacances;Location maisons de vacances 5 pièces - Marcory;300000;;;5;Marcory;;;https://ci.coinafrique.com/annonce/maisons-de-vacances/location-maisons-de-vacances-5-pieces-marcory-5650764;2026-05-12T16:43:42+00:00
CI;Côte d'Ivoire;coinafrique;location;maison;maisons-de-vacances;Location maisons de vacances 6 pièces - Treichville;350000;;;6;Treichville;;;https://ci.coinafrique.com/annonce/maisons-de-vacances/location-maisons-de-vacances-6-pieces-treichville-5649267;2026-05-12T16:43:42+00:00
CI;Côte d'Ivoire;coinafrique;location;maison;maisons-de-vacances;Location maisons de vacances 7 pièces - Grand Bassam;200000;;;7;Grand-Bassam;;;https://ci.coinafrique.com/annonce/maisons-de-vacances/location-maisons-de-vacances-7-pieces-grand-bassam-5649238;2026-05-12T16:43:42+00:00
CI;Côte d'Ivoire;coinafrique;location;maison;maisons-de-vacances;Location maisons de vacances 8 pièces - Cocody;300000;;;8;Cocody;;;https://ci.coinafrique.com/annonce/maisons-de-vacances/location-maisons-de-vacances-8-pieces-cocody-5649136;2026-05-12T16:43:42+00:00
CI;Côte d'Ivoire;coinafrique;location;maison;maisons-de-vacances;Location villa meublée 5 pièces à Cocody angre;80000;;;5;Cocody;Angre;;https://ci.coinafrique.com/annonce/maisons-de-vacances/location-villa-meublee-5-pieces-a-cocody-angre-5592836;2026-05-12T16:43:42+00:00
CI;Côte d'Ivoire;coinafrique;location;maison;maisons-de-vacances;Location résidence meublée chambre salon - Yopougon Kouté;20000;;;;Yopougon;Kouté;;https://ci.coinafrique.com/annonce/maisons-de-vacances/location-residence-meublee-chambre-salon-yopougon-koute-5640211;2026-05-12T16:43:42+00:00
CI;Côte d'Ivoire;coinafrique;location;maison;maisons-de-vacances;Location résidence meublée à Cocody Riviera Palmeraie Residentiel;55000;;;;Cocody;Riviera Palmeraie;;https://ci.coinafrique.com/annonce/maisons-de-vacances/location-residence-meublee-a-cocody-riviera-palmeraie-residentiel-5557712;2026-05-12T16:43:42+00:00
CI;Côte d'Ivoire;coinafrique;location;maison;maisons-de-vacances;Location maisons de vacances 7 pièces - Cocody Beverlly hills;5000000;;;7;Cocody;;;https://ci.coinafrique.com/annonce/maisons-de-vacances/location-maisons-de-vacances-7-pieces-cocody-beverlly-hills-5548266;2026-05-12T16:43:42+00:00
CI;Côte d'Ivoire;coinafrique;location;maison;maisons-de-vacances;Location appartement meublée 3 pièces - Cocody cité des arts en face de l'immeuble carbon;80000;;;3;Cocody;;;https://ci.coinafrique.com/annonce/maisons-de-vacances/location-appartement-meublee-3-pieces-cocody-cite-des-arts-en-face-de-limmeuble-carbon-5537907;2026-05-12T16:43:42+00:00
CI;Côte d'Ivoire;coinafrique;location;maison;maisons-de-vacances;Location appartement meublé 3pièces -Marcory;2500000;;;3;Marcory;;;https://ci.coinafrique.com/annonce/maisons-de-vacances/location-appartement-meuble-3pieces-marcory-5531122;2026-05-12T16:43:42+00:00
CI;Côte d'Ivoire;coinafrique;location;maison;maisons-de-vacances;Location maisons de vacances 2 pièces - Cocody;160000;;;2;Cocody;;;https://ci.coinafrique.com/annonce/maisons-de-vacances/location-maisons-de-vacances-2-pieces-cocody-5575124;2026-05-12T16:43:42+00:00
CI;Côte d'Ivoire;coinafrique;location;maison;maisons-de-vacances;Location espace commercial à à la Riviera 2;250000;;;;Cocody;Riviera 2;;https://ci.coinafrique.com/annonce/maisons-de-vacances/location-espace-commercial-a-a-la-riviera-2-5500700;2026-05-12T16:43:42+00:00
CI;Côte d'Ivoire;coinafrique;location;maison;maisons-de-vacances;Location maisons de vacances 04pièces -Cocody riviera golf beverly hills;5000000;;;4;Cocody;Riviera Golf;;https://ci.coinafrique.com/annonce/maisons-de-vacances/location-maisons-de-vacances-04pieces-cocody-riviera-golf-beverly-hills-5484938;2026-05-12T16:43:42+00:00
CI;Côte d'Ivoire;coinafrique;location;maison;maisons-de-vacances;Location maison - Bingerville;60000;;;;Bingerville;;;https://ci.coinafrique.com/annonce/maisons-de-vacances/location-maison-bingerville-5520093;2026-05-12T16:43:42+00:00
CI;Côte d'Ivoire;coinafrique;location;maison;maisons-de-vacances;Location villas 4 pièces à Cocody Riviera 3;2000000;;;4;Cocody;Riviera 3;;https://ci.coinafrique.com/annonce/maisons-de-vacances/location-villas-4-pieces-a-cocody-riviera-3-5455460;2026-05-12T16:43:42+00:00
CI;Côte d'Ivoire;coinafrique;location;maison;maisons-de-vacances;Location maisons de vacances 1pièce- Cocody akouedo;30000;;;1;Cocody;;;https://ci.coinafrique.com/annonce/maisons-de-vacances/location-maisons-de-vacances-1piece-cocody-akouedo-5450095;2026-05-12T16:43:42+00:00
CI;Côte d'Ivoire;coinafrique;location;maison;maisons-de-vacances;Location meublée 4 pièces au deux Plateau vallon;300000;;;4;Cocody;Vallon;;https://ci.coinafrique.com/annonce/maisons-de-vacances/location-meublee-4-pieces-au-deux-plateau-vallon-5449570;2026-05-12T16:43:42+00:00
CI;Côte d'Ivoire;coinafrique;location;maison;maisons-de-vacances;Location villa meublé 8 pièces à Yaoag;3000000;;;8;Cocody;;;https://ci.coinafrique.com/annonce/maisons-de-vacances/location-villa-meuble-8-pieces-a-yaoag-5442723;2026-05-12T16:43:42+00:00
CI;Côte d'Ivoire;coinafrique;location;maison;maisons-de-vacances;Location meublé 6 pièces à Cocody;350000;;;6;Cocody;;;https://ci.coinafrique.com/annonce/maisons-de-vacances/location-meuble-6-pieces-a-cocody-5433590;2026-05-12T16:43:42+00:00
CI;Côte d'Ivoire;coinafrique;location;maison;maisons-de-vacances;Location villa meublé 5pièces -Cocody;170000;;;5;Cocody;;;https://ci.coinafrique.com/annonce/maisons-de-vacances/location-villa-meuble-5pieces-cocody-5419091;2026-05-12T16:43:42+00:00
CI;Côte d'Ivoire;coinafrique;location;maison;maisons-de-vacances;Location villa duplex 4pièces meublée à Cocody Vallons;1600000;;;4;Cocody;;;https://ci.coinafrique.com/annonce/maisons-de-vacances/location-villa-duplex-4pieces-meublee-a-cocody-vallons-5425100;2026-05-12T16:43:42+00:00
CI;Côte d'Ivoire;coinafrique;location;maison;maisons-de-vacances;Location maisons de vacances 04pièces -Cocody deux plateaux Vallon;2500000;;;4;Cocody;Deux Plateaux;;https://ci.coinafrique.com/annonce/maisons-de-vacances/location-maisons-de-vacances-04pieces-cocody-deux-plateaux-vallon-5403229;2026-05-12T16:43:42+00:00
CI;Côte d'Ivoire;coinafrique;location;maison;maisons-de-vacances;Location maisons de vacances 05pièces -Cocody Riviera 3;3000000;;;5;Cocody;Riviera 3;;https://ci.coinafrique.com/annonce/maisons-de-vacances/location-maisons-de-vacances-05pieces-cocody-riviera-3-5403207;2026-05-12T16:43:42+00:00
CI;Côte d'Ivoire;coinafrique;location;maison;maisons-de-vacances;Location appartement 3 pièces haut standing meublé à la Riviera Golf-1;1200000;;;3;Cocody;Riviera Golf;haut;https://ci.coinafrique.com/annonce/maisons-de-vacances/location-appartement-3-pieces-haut-standing-meuble-a-la-riviera-golf-1-5400842;2026-05-12T16:43:42+00:00
CI;Côte d'Ivoire;coinafrique;location;maison;maisons-de-vacances;Location maisons de vacances 04pièces -Cocody Riviera M’badon;1300000;;;4;Cocody;;;https://ci.coinafrique.com/annonce/maisons-de-vacances/location-maisons-de-vacances-04pieces-cocody-riviera-mbadon-5392351;2026-05-12T16:43:42+00:00
CI;Côte d'Ivoire;coinafrique;location;maison;maisons-de-vacances;Location maisons de vacance -Rivera golf non 3em ponts;1200000;;;;Cocody;;;https://ci.coinafrique.com/annonce/maisons-de-vacances/location-maisons-de-vacance-rivera-golf-non-3em-ponts-5388775;2026-05-12T16:43:42+00:00
CI;Côte d'Ivoire;coinafrique;location;maison;maisons-de-vacances;Location maisons de vacances 2 pièces - Cocody;15000;;;2;Cocody;;;https://ci.coinafrique.com/annonce/maisons-de-vacances/location-maisons-de-vacances-2-pieces-cocody-5426038;2026-05-12T16:43:42+00:00
CI;Côte d'Ivoire;coinafrique;location;maison;maisons-de-vacances;Location résidence - Cite Pivoine;80000;;;;Cocody;;;https://ci.coinafrique.com/annonce/maisons-de-vacances/location-residence-cite-pivoine-5391378;2026-05-12T16:43:42+00:00
CI;Côte d'Ivoire;coinafrique;location;maison;maisons-de-vacances;Location villa 4pièces meublée -Angre;80000;;;4;Cocody;Angre;;https://ci.coinafrique.com/annonce/maisons-de-vacances/location-villa-4pieces-meublee-angre-5382930;2026-05-12T16:43:42+00:00
CI;Côte d'Ivoire;coinafrique;location;maison;maisons-de-vacances;Location villa 3 pièces a Commune de Cocody- Cité des Arts;1500000;;;3;Cocody;;;https://ci.coinafrique.com/annonce/maisons-de-vacances/location-villa-3-pieces-a-commune-de-cocody-cite-des-arts-5369262;2026-05-12T16:43:42+00:00
CI;Côte d'Ivoire;coinafrique;location;maison;maisons-de-vacances;Location maisons de vacances 4 pièces - Riviiera Mbadon;50000;;;4;Marcory;;;https://ci.coinafrique.com/annonce/maisons-de-vacances/location-maisons-de-vacances-4-pieces-riviiera-mbadon-5408700;2026-05-12T16:43:42+00:00
CI;Côte d'Ivoire;coinafrique;location;maison;maisons-de-vacances;Location maisons de vacances 2 pièces - Marcory;30000;;;2;Marcory;;;https://ci.coinafrique.com/annonce/maisons-de-vacances/location-maisons-de-vacances-2-pieces-marcory-5408698;2026-05-12T16:43:42+00:00
CI;Côte d'Ivoire;coinafrique;location;maison;maisons-de-vacances;Location résidence meublée quartier de Cocody ambassade;3500000;;;;Cocody;Cocody Ambassade;;https://ci.coinafrique.com/annonce/maisons-de-vacances/location-residence-meublee-quartier-de-cocody-ambassade-5362997;2026-05-12T16:43:42+00:00
CI;Côte d'Ivoire;coinafrique;location;maison;maisons-de-vacances;Location maisons de vacances 04 pièces - cocody riviera 3 non loin du lycée français;2300000;;;4;Cocody;Riviera 3;;https://ci.coinafrique.com/annonce/maisons-de-vacances/location-maisons-de-vacances-04-pieces-cocody-riviera-3-non-loin-du-lycee-francais-5350795;2026-05-12T16:43:42+00:00
CI;Côte d'Ivoire;coinafrique;location;maison;maisons-de-vacances;Location villa meublée 6pièces -Zone 4;3500000;;;6;Marcory;Zone 4;;https://ci.coinafrique.com/annonce/maisons-de-vacances/location-villa-meublee-6pieces-zone-4-5340978;2026-05-12T16:43:42+00:00
CI;Côte d'Ivoire;coinafrique;location;maison;maisons-de-vacances;Location meublé Abidjan Riviéra 4 non loin de l'ambassade de chine;270000;;;;Cocody;;;https://ci.coinafrique.com/annonce/maisons-de-vacances/location-meuble-abidjan-riviera-4-non-loin-de-lambassade-de-chine-5340334;2026-05-12T16:43:42+00:00
CI;Côte d'Ivoire;coinafrique;location;maison;maisons-de-vacances;Location villa meublée 3pièces -Cocody Val;1300000;;;3;Cocody;;;https://ci.coinafrique.com/annonce/maisons-de-vacances/location-villa-meublee-3pieces-cocody-val-5336011;2026-05-12T16:43:42+00:00
CI;Côte d'Ivoire;coinafrique;location;maison;maisons-de-vacances;Location villa 5 pièces meublé Zone 4;2000000;;;5;Marcory;Zone 4;;https://ci.coinafrique.com/annonce/maisons-de-vacances/location-villa-5-pieces-meuble-zone-4-5373039;2026-05-12T16:43:42+00:00
CI;Côte d'Ivoire;coinafrique;location;maison;maisons-de-vacances;Location villa meublée 5 pièces;3500000;;;5;Marcory;;;https://ci.coinafrique.com/annonce/maisons-de-vacances/location-villa-meublee-5-pieces-5350860;2026-05-12T16:43:42+00:00
CI;Côte d'Ivoire;coinafrique;location;maison;maisons-de-vacances;Location villa meublée 4 pièces Zone 4;2000000;;;4;Marcory;Zone 4;;https://ci.coinafrique.com/annonce/maisons-de-vacances/location-villa-meublee-4-pieces-zone-4-5329292;2026-05-12T16:43:42+00:00
CI;Côte d'Ivoire;coinafrique;location;maison;maisons-de-vacances;Location villa basse 5pièces meublée -Macory zone 4;1600000;;;5;Marcory;Zone 4;;https://ci.coinafrique.com/annonce/maisons-de-vacances/location-villa-basse-5pieces-meublee-macory-zone-4-5320693;2026-05-12T16:43:42+00:00
CI;Côte d'Ivoire;coinafrique;location;maison;maisons-de-vacances;Location villa duplex meublée 7pieces avec piscine -Cocody;400000;;;7;Cocody;;;https://ci.coinafrique.com/annonce/maisons-de-vacances/location-villa-duplex-meublee-7pieces-avec-piscine-cocody-5320312;2026-05-12T16:43:42+00:00
CI;Côte d'Ivoire;coinafrique;location;maison;maisons-de-vacances;Location maisons de vacances 06pièces -Cocody;400000;;;6;Cocody;;;https://ci.coinafrique.com/annonce/maisons-de-vacances/location-maisons-de-vacances-06pieces-cocody-5315641;2026-05-12T16:43:42+00:00
CI;Côte d'Ivoire;coinafrique;location;maison;maisons-de-vacances;Location villa triplex meublée 6 pièces à la Rivera golf;6000000;;;6;Cocody;;;https://ci.coinafrique.com/annonce/maisons-de-vacances/location-villa-triplex-meublee-6-pieces-a-la-rivera-golf-5345035;2026-05-12T16:43:42+00:00
CI;Côte d'Ivoire;coinafrique;location;maison;maisons-de-vacances;Location appartement 4pièces meublés à Cocody ENA;1400000;;;4;Cocody;;;https://ci.coinafrique.com/annonce/maisons-de-vacances/location-appartement-4pieces-meubles-a-cocody-ena-5352726;2026-05-12T16:43:42+00:00
CI;Côte d'Ivoire;coinafrique;location;maison;maisons-de-vacances;Location villa meublée 2 pièces - Abidjan cocody riviera2;25000;;;2;Cocody;;;https://ci.coinafrique.com/annonce/maisons-de-vacances/location-villa-meublee-2-pieces-abidjan-cocody-riviera2-5352383;2026-05-12T16:43:42+00:00
CI;Côte d'Ivoire;coinafrique;location;maison;maisons-de-vacances;Location résidence meublée - Cote d'ivoire;70000;;;;Grand-Bassam;;;https://ci.coinafrique.com/annonce/maisons-de-vacances/location-residence-meublee-cote-divoire-5340303;2026-05-12T16:43:42+00:00
CI;Côte d'Ivoire;coinafrique;location;maison;maisons-de-vacances;Location maisons de vacances 1 pièces - Grand-bassam;35000;;;1;Grand-Bassam;;;https://ci.coinafrique.com/annonce/maisons-de-vacances/location-maisons-de-vacances-1-pieces-grand-bassam-5340287;2026-05-12T16:43:42+00:00
CI;Côte d'Ivoire;coinafrique;location;maison;maisons-de-vacances;Location appartements meublé 2 piéces à Cocody;30000;;;;Cocody;;;https://ci.coinafrique.com/annonce/maisons-de-vacances/location-appartements-meuble-2-pieces-a-cocody-5288982;2026-05-12T16:43:42+00:00
CI;Côte d'Ivoire;coinafrique;location;maison;maisons-de-vacances;Appartements 2 pièces à la Rivera golf Beach;900000;;;2;Cocody;;;https://ci.coinafrique.com/annonce/maisons-de-vacances/appartements-2-pieces-a-la-rivera-golf-beach-5270051;2026-05-12T16:43:42+00:00
CI;Côte d'Ivoire;coinafrique;location;maison;maisons-de-vacances;Location villa meublée 5pièces -Cocody;200000;;;5;Cocody;;;https://ci.coinafrique.com/annonce/maisons-de-vacances/location-villa-meublee-5pieces-cocody-5269048;2026-05-12T16:43:42+00:00
CI;Côte d'Ivoire;coinafrique;location;maison;maisons-de-vacances;Location studio meublé -Bonoumin;25000;;;;Cocody;Bonoumin;;https://ci.coinafrique.com/annonce/maisons-de-vacances/location-studio-meuble-bonoumin-5265650;2026-05-12T16:43:42+00:00
CI;Côte d'Ivoire;coinafrique;location;maison;maisons-de-vacances;Location maisons de vacances 1 pièces - Cocody centre;35000;;;1;Cocody;Cocody Centre;;https://ci.coinafrique.com/annonce/maisons-de-vacances/location-maisons-de-vacances-1-pieces-cocody-centre-5285915;2026-05-12T16:43:42+00:00
CI;Côte d'Ivoire;coinafrique;location;maison;maisons-de-vacances;Location maisons de vacances 4 pièces - Cocody;120000;;;4;Cocody;;;https://ci.coinafrique.com/annonce/maisons-de-vacances/location-maisons-de-vacances-4-pieces-cocody-5285889;2026-05-12T16:43:42+00:00
CI;Côte d'Ivoire;coinafrique;location;maison;maisons-de-vacances;Location villa 6pièces -Cocody;2500000;;;6;Cocody;;;https://ci.coinafrique.com/annonce/maisons-de-vacances/location-villa-6pieces-cocody-5256465;2026-05-12T16:43:42+00:00
CI;Côte d'Ivoire;coinafrique;location;maison;maisons-de-vacances;Location villa 4 pièces Riviera 3 non loin de cap nord;1800000;;;4;Cocody;Riviera 3;;https://ci.coinafrique.com/annonce/maisons-de-vacances/location-villa-4-pieces-riviera-3-non-loin-de-cap-nord-5249099;2026-05-12T16:43:42+00:00
CI;Côte d'Ivoire;coinafrique;location;maison;maisons-de-vacances;Location appartement 3 pièces Riviera triangle non loin du lycée français;900000;;;3;Cocody;;;https://ci.coinafrique.com/annonce/maisons-de-vacances/location-appartement-3-pieces-riviera-triangle-non-loin-du-lycee-francais-5249094;2026-05-12T16:43:42+00:00
CI;Côte d'Ivoire;coinafrique;location;maison;maisons-de-vacances;Location villa 4pièces meublé -;1000000;;;4;Cocody;;;https://ci.coinafrique.com/annonce/maisons-de-vacances/location-villa-4pieces-meuble-5247842;2026-05-12T16:43:42+00:00
CI;Côte d'Ivoire;coinafrique;location;maison;maisons-de-vacances;Location villa duplex 06 pièces meublées Cocody Riviera golf 4 Beverly hills;400000;;;6;Cocody;Riviera Golf;;https://ci.coinafrique.com/annonce/maisons-de-vacances/location-villa-duplex-06-pieces-meublees-cocody-riviera-golf-4-beverly-hills-5263777;2026-05-12T16:43:42+00:00
CI;Côte d'Ivoire;coinafrique;location;maison;maisons-de-vacances;Location villa duplex 4pièces meublé aux Vallons 2 plateaux;1500000;;;4;Cocody;2 Plateaux;;https://ci.coinafrique.com/annonce/maisons-de-vacances/location-villa-duplex-4pieces-meuble-aux-vallons-2-plateaux-5233877;2026-05-12T16:43:42+00:00
CI;Côte d'Ivoire;coinafrique;location;maison;maisons-de-vacances;Location studio américain haut standing à la rue Canebière Danga;40000;;;;Cocody;Danga;haut;https://ci.coinafrique.com/annonce/maisons-de-vacances/location-studio-americain-haut-standing-a-la-rue-canebiere-danga-5219428;2026-05-12T16:43:42+00:00
CI;Côte d'Ivoire;coinafrique;location;maison;maisons-de-vacances;Location appartement meublé haut standing au Plateau non loin de la présidence;90000;;;;Plateau;;haut;https://ci.coinafrique.com/annonce/maisons-de-vacances/location-appartement-meuble-haut-standing-au-plateau-non-loin-de-la-presidence-5219391;2026-05-12T16:43:42+00:00
CI;Côte d'Ivoire;coinafrique;location;maison;maisons-de-vacances;Location maison de vacances 9 pièces - Marcory;15000000;;;9;Marcory;;;https://ci.coinafrique.com/annonce/maisons-de-vacances/location-maison-de-vacances-9-pieces-marcory-5262877;2026-05-12T16:43:42+00:00
CI;Côte d'Ivoire;coinafrique;location;maison;maisons-de-vacances;Location maison de vacances - Riviera Golf;1000000;;;;Cocody;Riviera Golf;;https://ci.coinafrique.com/annonce/maisons-de-vacances/location-maison-de-vacances-riviera-golf-5242545;2026-05-12T16:43:42+00:00
CI;Côte d'Ivoire;coinafrique;location;maison;maisons-de-vacances;Location maisons de vacances 1pièce- Cocody;35000;;;1;Cocody;;;https://ci.coinafrique.com/annonce/maisons-de-vacances/location-maisons-de-vacances-1piece-cocody-5199898;2026-05-12T16:43:42+00:00
CI;Côte d'Ivoire;coinafrique;location;maison;maisons-de-vacances;Location maisons de vacances 05pièces -Cocody;400000;;;5;Cocody;;;https://ci.coinafrique.com/annonce/maisons-de-vacances/location-maisons-de-vacances-05pieces-cocody-5187557;2026-05-12T16:43:42+00:00
CI;Côte d'Ivoire;coinafrique;location;maison;maisons-de-vacances;Location résidence meublée 2 pièces à Cocody Angré chu;35000;;;2;Cocody;Angré;;https://ci.coinafrique.com/annonce/maisons-de-vacances/location-residence-meublee-2-pieces-a-cocody-angre-chu-5152705;2026-05-12T16:43:42+00:00
CI;Côte d'Ivoire;coinafrique;location;maison;maisons-de-vacances;Location résidence meublée 2 pièces à Cocody-angré chu;35000;;;2;Cocody;Angré;;https://ci.coinafrique.com/annonce/maisons-de-vacances/location-residence-meublee-2-pieces-a-cocody-angre-chu-5143497;2026-05-12T16:43:42+00:00
CI;Côte d'Ivoire;coinafrique;location;maison;maisons-de-vacances;Location maison de vacances - Cocody;1000000;;;;Cocody;;;https://ci.coinafrique.com/annonce/maisons-de-vacances/location-maison-de-vacances-cocody-5134240;2026-05-12T16:43:42+00:00
CI;Côte d'Ivoire;coinafrique;location;maison;maisons-de-vacances;Villa meublée;1000000;;;;Cocody;;;https://ci.coinafrique.com/annonce/maisons-de-vacances/villa-meublee-5126968;2026-05-12T16:43:42+00:00
CI;Côte d'Ivoire;coinafrique;location;maison;maisons-de-vacances;Location studio meublé à la Palmeraie paris baguette;20000;;;;Cocody;Palmeraie;;https://ci.coinafrique.com/annonce/maisons-de-vacances/location-studio-meuble-a-la-palmeraie-paris-baguette-5158432;2026-05-12T16:43:42+00:00
CI;Côte d'Ivoire;coinafrique;location;maison;maisons-de-vacances;Location studio meublé à Bonoumin;35000;;;;Cocody;Bonoumin;;https://ci.coinafrique.com/annonce/maisons-de-vacances/location-studio-meuble-a-bonoumin-5101155;2026-05-12T16:43:42+00:00
CI;Côte d'Ivoire;coinafrique;location;maison;maisons-de-vacances;Appt meublé de standing a la Riviera St viateur;35000;;;;Cocody;;;https://ci.coinafrique.com/annonce/maisons-de-vacances/appt-meuble-de-standing-a-la-riviera-st-viateur-5061005;2026-05-12T16:43:42+00:00
CI;Côte d'Ivoire;coinafrique;location;maison;maisons-de-vacances;Location villa duplex 7pièces -Ywsbam;800000;;;7;Cocody;;;https://ci.coinafrique.com/annonce/maisons-de-vacances/location-villa-duplex-7pieces-ywsbam-5023581;2026-05-12T16:43:42+00:00
CI;Côte d'Ivoire;coinafrique;location;maison;maisons-de-vacances;Location résidence villa meublé 6 pièces - Marcory Zone 4;4000000;;;6;Marcory;Zone 4;;https://ci.coinafrique.com/annonce/maisons-de-vacances/location-residence-villa-meuble-6-pieces-marcory-zone-4-5018040;2026-05-12T16:43:42+00:00
CI;Côte d'Ivoire;coinafrique;location;maison;maisons-de-vacances;Location villa basse 4pièces -Riviera 3;2000000;;;4;Cocody;Riviera 3;;https://ci.coinafrique.com/annonce/maisons-de-vacances/location-villa-basse-4pieces-riviera-3-4987713;2026-05-12T16:43:42+00:00
CI;Côte d'Ivoire;coinafrique;location;maison;maisons-de-vacances;Location maisons de vacances 4 pièces - Cocody Riviera M'badon;200000;;;4;Cocody;Riviera M'Badon;;https://ci.coinafrique.com/annonce/maisons-de-vacances/location-maisons-de-vacances-4-pieces-cocody-riviera-mbadon-4983383;2026-05-12T16:43:42+00:00
CI;Côte d'Ivoire;coinafrique;location;maison;maisons-de-vacances;Location apptement meublé 3 pièces;1500000;;;3;Marcory;;;https://ci.coinafrique.com/annonce/maisons-de-vacances/location-apptement-meuble-3-pieces-4965957;2026-05-12T16:43:42+00:00
CI;Côte d'Ivoire;coinafrique;location;maison;maisons-de-vacances;Location villa meublées - Angré 8eme Tranche;40000;;;;Cocody;Angré;;https://ci.coinafrique.com/annonce/maisons-de-vacances/location-villa-meublees-angre-8eme-tranche-4985762;2026-05-12T16:43:42+00:00
CI;Côte d'Ivoire;coinafrique;location;maison;maisons-de-vacances;Location studio meublé à Yopougon;12000;;;;Cocody;;;https://ci.coinafrique.com/annonce/maisons-de-vacances/location-studio-meuble-a-yopougon-4951353;2026-05-12T16:43:42+00:00
CI;Côte d'Ivoire;coinafrique;location;maison;maisons-de-vacances;Location maison meublée à Marcory Zone 4;75000;;;;Marcory;Zone 4;;https://ci.coinafrique.com/annonce/maisons-de-vacances/location-maison-meublee-a-marcory-zone-4-4950174;2026-05-12T16:43:42+00:00
CI;Côte d'Ivoire;coinafrique;location;maison;maisons-de-vacances;Location maisons de vacances studio - Cote d'ivoire;15000;;;;Cocody;;;https://ci.coinafrique.com/annonce/maisons-de-vacances/location-maisons-de-vacances-studio-cote-divoire-4948739;2026-05-12T16:43:42+00:00
CI;Côte d'Ivoire;coinafrique;location;maison;maisons-de-vacances;Location maisons de vacance;35000;;;;Cocody;;;https://ci.coinafrique.com/annonce/maisons-de-vacances/location-maisons-de-vacance-4948747;2026-05-12T16:43:42+00:00
CI;Côte d'Ivoire;coinafrique;location;maison;maisons-de-vacances;Location villa duplex meublée haut standing au Vallon;6000000;;;;Cocody;Vallon;haut;https://ci.coinafrique.com/annonce/maisons-de-vacances/location-villa-duplex-meublee-haut-standing-au-vallon-4948041;2026-05-12T16:43:42+00:00
CI;Côte d'Ivoire;coinafrique;location;maison;maisons-de-vacances;Location villa santorini - Riviera Cocody;350000;;;;Cocody;;;https://ci.coinafrique.com/annonce/maisons-de-vacances/location-villa-santorini-riviera-cocody-4944342;2026-05-12T16:43:42+00:00
CI;Côte d'Ivoire;coinafrique;location;maison;maisons-de-vacances;Location maison 4 pièces à la Riviera 3;2000000;;;4;Cocody;Riviera 3;;https://ci.coinafrique.com/annonce/maisons-de-vacances/location-maison-4-pieces-a-la-riviera-3-4940306;2026-05-12T16:43:42+00:00
CI;Côte d'Ivoire;coinafrique;location;maison;maisons-de-vacances;Location résidence meublé - Riviera;40000;;;;Cocody;;;https://ci.coinafrique.com/annonce/maisons-de-vacances/location-residence-meuble-riviera-4933921;2026-05-12T16:43:42+00:00
CI;Côte d'Ivoire;coinafrique;location;maison;maisons-de-vacances;Location maison de vacances - 8ém Tranches;20000;;;;Cocody;;;https://ci.coinafrique.com/annonce/maisons-de-vacances/location-maison-de-vacances-8em-tranches-4872690;2026-05-12T16:43:42+00:00
CI;Côte d'Ivoire;coinafrique;location;maison;maisons-de-vacances;Location maisons de vacances - Angre;35000;;;;Cocody;Angre;;https://ci.coinafrique.com/annonce/maisons-de-vacances/location-maisons-de-vacances-angre-4867077;2026-05-12T16:43:42+00:00
CI;Côte d'Ivoire;coinafrique;location;maison;maisons-de-vacances;Location maison de vacance avec piscine - 8éme Tranche;100000;;;;Cocody;;;https://ci.coinafrique.com/annonce/maisons-de-vacances/location-maison-de-vacance-avec-piscine-8eme-tranche-4867081;2026-05-12T16:43:42+00:00
CI;Côte d'Ivoire;coinafrique;location;maison;maisons-de-vacances;Location maisons de vacances - 8eme tranches;75000;;;;Cocody;;;https://ci.coinafrique.com/annonce/maisons-de-vacances/location-maisons-de-vacances-8eme-tranches-4860881;2026-05-12T16:43:42+00:00
CI;Côte d'Ivoire;coinafrique;location;maison;maisons-de-vacances;Location maisons de vacance - Angré;35000;;;;Cocody;Angré;;https://ci.coinafrique.com/annonce/maisons-de-vacances/location-maisons-de-vacance-angre-4860842;2026-05-12T16:43:42+00:00
CI;Côte d'Ivoire;coinafrique;location;maison;maisons-de-vacances;Location maison de vacance - Rond Point Ado;17000;;;;Cocody;;;https://ci.coinafrique.com/annonce/maisons-de-vacances/location-maison-de-vacance-rond-point-ado-4856760;2026-05-12T16:43:42+00:00
CI;Côte d'Ivoire;coinafrique;location;maison;maisons-de-vacances;Location maisons de vacances - Cocody 8ém Tranches;100000;;;;Cocody;;;https://ci.coinafrique.com/annonce/maisons-de-vacances/location-maisons-de-vacances-cocody-8em-tranches-4850821;2026-05-12T16:43:42+00:00
CI;Côte d'Ivoire;coinafrique;location;maison;maisons-de-vacances;Location maisons de vacances 4 pièces - Cocody;90000;;;4;Cocody;;;https://ci.coinafrique.com/annonce/maisons-de-vacances/location-maisons-de-vacances-4-pieces-cocody-4849804;2026-05-12T16:43:42+00:00
CI;Côte d'Ivoire;coinafrique;location;maison;maisons-de-vacances;Location maisons de vacances 3 pièces - Cocody;75000;;;3;Cocody;;;https://ci.coinafrique.com/annonce/maisons-de-vacances/location-maisons-de-vacances-3-pieces-cocody-4849754;2026-05-12T16:43:42+00:00
CI;Côte d'Ivoire;coinafrique;location;maison;maisons-de-vacances;Location villa duplex 5 pièces meublées - Cocody 2 Plateaux Vallon;150000;;;5;Cocody;2 Plateaux;;https://ci.coinafrique.com/annonce/maisons-de-vacances/location-villa-duplex-5-pieces-meublees-cocody-2-plateaux-vallon-4839391;2026-05-12T16:43:42+00:00
CI;Côte d'Ivoire;coinafrique;location;maison;maisons-de-vacances;Location villa duplex - Cocody deux plateaux vallon;1700000;;;;Cocody;Deux Plateaux;;https://ci.coinafrique.com/annonce/maisons-de-vacances/location-villa-duplex-cocody-deux-plateaux-vallon-4870896;2026-05-12T16:43:42+00:00
CI;Côte d'Ivoire;coinafrique;location;maison;maisons-de-vacances;Location maison de vacances 1 pièces - Cocody Le Rond-Point Ado;15000;;;1;Cocody;;;https://ci.coinafrique.com/annonce/maisons-de-vacances/location-maison-de-vacances-1-pieces-cocody-le-rond-point-ado-4816278;2026-05-12T16:43:42+00:00
CI;Côte d'Ivoire;coinafrique;location;maison;maisons-de-vacances;Location maison de vacances 4 pièces - Cocody Rivera Golf;1300000;;;4;Cocody;;;https://ci.coinafrique.com/annonce/maisons-de-vacances/location-maison-de-vacances-4-pieces-cocody-rivera-golf-4804254;2026-05-12T16:43:42+00:00
CI;Côte d'Ivoire;coinafrique;location;maison;maisons-de-vacances;Location maisons de vacances 1 pièces - Cocody;15000;;;1;Cocody;;;https://ci.coinafrique.com/annonce/maisons-de-vacances/location-maisons-de-vacances-1-pieces-cocody-4793923;2026-05-12T16:43:42+00:00
CI;Côte d'Ivoire;coinafrique;location;maison;maisons-de-vacances;Location villa meublée 6 pièces - Riviera Golf 4 Beverly Hill;250000;;;6;Cocody;Riviera Golf;;https://ci.coinafrique.com/annonce/maisons-de-vacances/location-villa-meublee-6-pieces-riviera-golf-4-beverly-hill-4792807;2026-05-12T16:43:42+00:00
CI;Côte d'Ivoire;coinafrique;location;maison;maisons-de-vacances;Location maison de vacances 3 pièces - Cocody Angré;35000;;;3;Cocody;Angré;;https://ci.coinafrique.com/annonce/maisons-de-vacances/location-maison-de-vacances-3-pieces-cocody-angre-4772124;2026-05-12T16:43:42+00:00
CI;Côte d'Ivoire;coinafrique;location;maison;maisons-de-vacances;Location maisons de vacances 1 pièces - Cocody;17000;;;1;Cocody;;;https://ci.coinafrique.com/annonce/maisons-de-vacances/location-maisons-de-vacances-1-pieces-cocody-4772116;2026-05-12T16:43:42+00:00
CI;Côte d'Ivoire;coinafrique;location;maison;maisons-de-vacances;Location villa meublée 5 - Riviera palmeraie programme 4 pièces;150000;;;4;Cocody;Riviera Palmeraie;;https://ci.coinafrique.com/annonce/maisons-de-vacances/location-villa-meublee-5-riviera-palmeraie-programme-4-pieces-4808137;2026-05-12T16:43:42+00:00
CI;Côte d'Ivoire;coinafrique;location;maison;maisons-de-vacances;Location appartement meublé 4pieces Riviera golf;1300000;;;4;Cocody;Riviera Golf;;https://ci.coinafrique.com/annonce/maisons-de-vacances/location-appartement-meuble-4pieces-riviera-golf-4782732;2026-05-12T16:43:42+00:00
CI;Côte d'Ivoire;coinafrique;location;maison;maisons-de-vacances;Location maisons de vacances 7 pièces - Cocody;300000;;;7;Cocody;;;https://ci.coinafrique.com/annonce/maisons-de-vacances/location-maisons-de-vacances-7-pieces-cocody-4750202;2026-05-12T16:43:42+00:00
CI;Côte d'Ivoire;coinafrique;location;maison;maisons-de-vacances;Location résidence meublée 4 pièces - Songon;50000;;;4;Songon;;;https://ci.coinafrique.com/annonce/maisons-de-vacances/location-residence-meublee-4-pieces-songon-4788199;2026-05-12T16:43:42+00:00
CI;Côte d'Ivoire;coinafrique;location;maison;maisons-de-vacances;Location maisons de vacances 7 pièces - Cocody;600000;;;7;Cocody;;;https://ci.coinafrique.com/annonce/maisons-de-vacances/location-maisons-de-vacances-7-pieces-cocody-4732383;2026-05-12T16:43:42+00:00
CI;Côte d'Ivoire;coinafrique;location;maison;maisons-de-vacances;Location maisons de vacances 2 pièces - cocody;35000;;;2;Cocody;;;https://ci.coinafrique.com/annonce/maisons-de-vacances/location-maisons-de-vacances-2-pieces-cocody-4778715;2026-05-12T16:43:42+00:00
CI;Côte d'Ivoire;coinafrique;location;maison;maisons-de-vacances;Location maison de vacance ou appartement meublé - Côte d'Ivoire;300000;;;;Cocody;;;https://ci.coinafrique.com/annonce/maisons-de-vacances/location-maison-de-vacance-ou-appartement-meuble-cote-divoire-4728743;2026-05-12T16:43:42+00:00
CI;Côte d'Ivoire;coinafrique;location;maison;maisons-de-vacances;Location villa meublée 5 pièces - Vallon;2000000;;;5;Cocody;Vallon;;https://ci.coinafrique.com/annonce/maisons-de-vacances/location-villa-meublee-5-pieces-vallon-4679365;2026-05-12T16:43:42+00:00
CI;Côte d'Ivoire;coinafrique;location;maison;maisons-de-vacances;Locatîon villa basse meublée 6 pièces - Riviera Bonoumin;200000;;;6;Cocody;Riviera Bonoumin;;https://ci.coinafrique.com/annonce/maisons-de-vacances/location-villa-basse-meublee-6-pieces-riviera-bonoumin-4687736;2026-05-12T16:43:42+00:00
CI;Côte d'Ivoire;coinafrique;location;maison;maisons-de-vacances;Location villa meublée 5 pièces - Assinie Maffia;400000;;;5;Cocody;;;https://ci.coinafrique.com/annonce/maisons-de-vacances/location-villa-meublee-5-pieces-assinie-maffia-4621248;2026-05-12T16:43:42+00:00
CI;Côte d'Ivoire;coinafrique;location;maison;maisons-de-vacances;Location villa meublée 6 pièces - Riviera Golf 4 Beverly Hill;600000;;;6;Cocody;Riviera Golf;;https://ci.coinafrique.com/annonce/maisons-de-vacances/location-villa-meublee-6-pieces-riviera-golf-4-beverly-hill-4558865;2026-05-12T16:43:42+00:00
CI;Côte d'Ivoire;coinafrique;location;maison;maisons-de-vacances;Location maison de vacances 9 pièces - Cocody;350000;;;9;Cocody;;;https://ci.coinafrique.com/annonce/maisons-de-vacances/location-maison-de-vacances-9-pieces-cocody-4560578;2026-05-12T16:43:42+00:00
CI;Côte d'Ivoire;coinafrique;location;maison;maisons-de-vacances;Location villa basse 4 pièces meublées - Cocody Riviera Golf Les Jardins;420000;;;4;Cocody;Riviera Golf;;https://ci.coinafrique.com/annonce/maisons-de-vacances/location-villa-basse-4-pieces-meublees-cocody-riviera-golf-les-jardins-4550530;2026-05-12T16:43:42+00:00
CI;Côte d'Ivoire;coinafrique;location;maison;maisons-de-vacances;Location maisons de vacances 8 pièces - Cocody;400000;;;8;Cocody;;;https://ci.coinafrique.com/annonce/maisons-de-vacances/location-maisons-de-vacances-8-pieces-cocody-4553231;2026-05-12T16:43:42+00:00
CI;Côte d'Ivoire;coinafrique;location;maison;maisons-de-vacances;Location maison de vacances 3 pièces - Cocody Abata;35000;;;3;Cocody;;;https://ci.coinafrique.com/annonce/maisons-de-vacances/location-maison-de-vacances-3-pieces-cocody-abata-4553291;2026-05-12T16:43:42+00:00
CI;Côte d'Ivoire;coinafrique;location;maison;maisons-de-vacances;Location maison de vacance duplex meublé 5 pièces - Bietry;160000;;;5;Cocody;;;https://ci.coinafrique.com/annonce/maisons-de-vacances/location-maison-de-vacance-duplex-meuble-5-pieces-bietry-4525138;2026-05-12T16:43:42+00:00
CI;Côte d'Ivoire;coinafrique;location;maison;maisons-de-vacances;Location résidence meublée - Angré;20000;;;;Cocody;Angré;;https://ci.coinafrique.com/annonce/maisons-de-vacances/location-residence-meublee-angre-4572476;2026-05-12T16:43:42+00:00
CI;Côte d'Ivoire;coinafrique;location;maison;maisons-de-vacances;Location maison de vacances 2 pièces - Yopougon;19000;;;2;Yopougon;;;https://ci.coinafrique.com/annonce/maisons-de-vacances/location-maison-de-vacances-2-pieces-yopougon-4562530;2026-05-12T16:43:42+00:00
CI;Côte d'Ivoire;coinafrique;location;maison;maisons-de-vacances;Location maisons de vacances 3 pièces - Anyama;90000;;;3;Anyama;;;https://ci.coinafrique.com/annonce/maisons-de-vacances/location-maisons-de-vacances-3-pieces-anyama-4545022;2026-05-12T16:43:42+00:00
CI;Côte d'Ivoire;coinafrique;location;maison;maisons-de-vacances;Location maisons de vacances 6 pièces - Marcory;300000;;;6;Marcory;;;https://ci.coinafrique.com/annonce/maisons-de-vacances/location-maisons-de-vacances-6-pieces-marcory-4497790;2026-05-12T16:43:42+00:00
CI;Côte d'Ivoire;coinafrique;location;maison;maisons-de-vacances;Location maison de vacance - Cocody 8em tranche;40000;;;;Cocody;;;https://ci.coinafrique.com/annonce/maisons-de-vacances/location-maison-de-vacance-cocody-8em-tranche-4492340;2026-05-12T16:43:42+00:00
CI;Côte d'Ivoire;coinafrique;location;maison;maisons-de-vacances;Location villa meublé 6 pièces - Cocody Riviera 4;350000;;;6;Cocody;Riviera 4;;https://ci.coinafrique.com/annonce/maisons-de-vacances/location-villa-meuble-6-pieces-cocody-riviera-4-4486279;2026-05-12T16:43:42+00:00
CI;Côte d'Ivoire;coinafrique;location;maison;maisons-de-vacances;Location maison de vacances 05 pièces - Assinie;1000000;;;5;Cocody;;;https://ci.coinafrique.com/annonce/maisons-de-vacances/location-maison-de-vacances-05-pieces-assinie-4522509;2026-05-12T16:43:42+00:00
CI;Côte d'Ivoire;coinafrique;location;maison;maisons-de-vacances;Location villa meublée 7 pièces - Grand Bassam Cité Rosier 6;150000;;;7;Grand-Bassam;;;https://ci.coinafrique.com/annonce/maisons-de-vacances/location-villa-meublee-7-pieces-grand-bassam-cite-rosier-6-4482078;2026-05-12T16:43:42+00:00
CI;Côte d'Ivoire;coinafrique;location;maison;maisons-de-vacances;Location maison de vacances meublés 1 pièce - Cocody;20000;;;1;Cocody;;;https://ci.coinafrique.com/annonce/maisons-de-vacances/location-maison-de-vacances-meubles-1-piece-cocody-4478511;2026-05-12T16:43:42+00:00
CI;Côte d'Ivoire;coinafrique;location;maison;maisons-de-vacances;Location villa meublé 5 pièces + piscine - Abidjan mall Riviera Bonoumin;200000;;;5;Cocody;Riviera Bonoumin;;https://ci.coinafrique.com/annonce/maisons-de-vacances/location-villa-meuble-5-pieces-piscine-abidjan-mall-riviera-bonoumin-4483954;2026-05-12T16:43:42+00:00
CI;Côte d'Ivoire;coinafrique;location;maison;maisons-de-vacances;Location villa duplex meublé 4 pièces - Angré;90000;;;4;Cocody;Angré;;https://ci.coinafrique.com/annonce/maisons-de-vacances/location-villa-duplex-meuble-4-pieces-angre-4436191;2026-05-12T16:43:42+00:00
CI;Côte d'Ivoire;coinafrique;location;maison;maisons-de-vacances;Location maison de vacances 2 pièces - Cocody;20000;;;2;Cocody;;;https://ci.coinafrique.com/annonce/maisons-de-vacances/location-maison-de-vacances-2-pieces-cocody-4461190;2026-05-12T16:43:42+00:00
CI;Côte d'Ivoire;coinafrique;location;maison;maisons-de-vacances;Location villa meublée 4 pièces - Grand Bassam;280000;;;4;Grand-Bassam;;;https://ci.coinafrique.com/annonce/maisons-de-vacances/location-villa-meublee-4-pieces-grand-bassam-4426214;2026-05-12T16:43:42+00:00
CI;Côte d'Ivoire;coinafrique;location;maison;maisons-de-vacances;Location villa meublée 4 pièces - Palmeraie - Rosier Programme 6;120000;;;4;Cocody;Palmeraie;;https://ci.coinafrique.com/annonce/maisons-de-vacances/location-villa-meublee-4-pieces-palmeraie-rosier-programme-6-4414826;2026-05-12T16:43:42+00:00
CI;Côte d'Ivoire;coinafrique;location;maison;maisons-de-vacances;Location maison de vacance - Plateau;1250000;;;;Plateau;;;https://ci.coinafrique.com/annonce/maisons-de-vacances/location-maison-de-vacance-plateau-4412662;2026-05-12T16:43:42+00:00
CI;Côte d'Ivoire;coinafrique;location;maison;maisons-de-vacances;Location maison de vacances 2 pièces - Marcory;600000;;;2;Marcory;;;https://ci.coinafrique.com/annonce/maisons-de-vacances/location-maison-de-vacances-2-pieces-marcory-4412492;2026-05-12T16:43:42+00:00
CI;Côte d'Ivoire;coinafrique;location;maison;maisons-de-vacances;Location maisons de vacances 2 pièces - Marcory;1200000;;;2;Marcory;;;https://ci.coinafrique.com/annonce/maisons-de-vacances/location-maisons-de-vacances-2-pieces-marcory-4409936;2026-05-12T16:43:42+00:00
CI;Côte d'Ivoire;coinafrique;location;maison;maisons-de-vacances;Location villa meublée 4 pièces - Riviera 3 Cité Copraci;80000;;;4;Cocody;Riviera 3;;https://ci.coinafrique.com/annonce/maisons-de-vacances/location-villa-meublee-4-pieces-riviera-3-cite-copraci-4390121;2026-05-12T16:43:42+00:00
CI;Côte d'Ivoire;coinafrique;location;maison;maisons-de-vacances;Location maison de vacances 4 pièces - Marcory;120000;;;4;Marcory;;;https://ci.coinafrique.com/annonce/maisons-de-vacances/location-maison-de-vacances-4-pieces-marcory-4392951;2026-05-12T16:43:42+00:00
CI;Côte d'Ivoire;coinafrique;location;maison;maisons-de-vacances;Location villa duplex meublée 4 pièces - Cote d'Ivoire;80000;;;4;Cocody;;;https://ci.coinafrique.com/annonce/maisons-de-vacances/location-villa-duplex-meublee-4-pieces-cote-divoire-4382695;2026-05-12T16:43:42+00:00
CI;Côte d'Ivoire;coinafrique;location;maison;maisons-de-vacances;Location maison de vacances - Cocody;20000;;;;Cocody;;;https://ci.coinafrique.com/annonce/maisons-de-vacances/location-maison-de-vacances-cocody-4420644;2026-05-12T16:43:42+00:00
CI;Côte d'Ivoire;coinafrique;location;maison;maisons-de-vacances;Location maison de vacances - Assinie;20000;;;;Port-Bouet;;;https://ci.coinafrique.com/annonce/maisons-de-vacances/location-maison-de-vacances-assinie-4399868;2026-05-12T16:43:42+00:00
CI;Côte d'Ivoire;coinafrique;location;maison;maisons-de-vacances;Location villa duplex meublé 7 pièces - Cocody Cité des Arts;2500000;;;7;Cocody;Angré;;https://ci.coinafrique.com/annonce/maisons-de-vacances/location-villa-duplex-meuble-7-pieces-cocody-cite-des-arts-4362221;2026-05-12T16:43:42+00:00
CI;Côte d'Ivoire;coinafrique;location;maison;maisons-de-vacances;Location appartement meublé 3 pièces - Cocody lycée technique;1500000;;;3;Cocody;;;https://ci.coinafrique.com/annonce/maisons-de-vacances/location-appartement-meuble-3-pieces-cocody-lycee-technique-4354873;2026-05-12T16:43:42+00:00
CI;Côte d'Ivoire;coinafrique;location;maison;maisons-de-vacances;Location maison de vacances - Cocody;20000;;;;Cocody;;;https://ci.coinafrique.com/annonce/maisons-de-vacances/location-maison-de-vacances-cocody-4375542;2026-05-12T16:43:42+00:00
CI;Côte d'Ivoire;coinafrique;location;maison;maisons-de-vacances;Location villa basse meublée 3 pièces - Bietry;2000000;;;3;Cocody;;;https://ci.coinafrique.com/annonce/maisons-de-vacances/location-villa-basse-meublee-3-pieces-bietry-4337797;2026-05-12T16:43:42+00:00
CI;Côte d'Ivoire;coinafrique;location;maison;maisons-de-vacances;Location villa duplex meublée 6 pièces - Cocody Centre;2000000;;;6;Cocody;Cocody Centre;;https://ci.coinafrique.com/annonce/maisons-de-vacances/location-villa-duplex-meublee-6-pieces-cocody-centre-4334882;2026-05-12T16:43:42+00:00
CI;Côte d'Ivoire;coinafrique;location;maison;maisons-de-vacances;Location villa meublée à Angré 8iem tranche;500000;;;;Cocody;Angré;;https://ci.coinafrique.com/annonce/maisons-de-vacances/location-villa-meublee-a-angre-8iem-tranche-4323101;2026-05-12T16:43:42+00:00
CI;Côte d'Ivoire;coinafrique;location;maison;maisons-de-vacances;Location villa meublée 7 pièces - Grand-Bassam;150000;;;7;Grand-Bassam;;;https://ci.coinafrique.com/annonce/maisons-de-vacances/location-villa-meublee-7-pieces-grand-bassam-4302210;2026-05-12T16:43:42+00:00
CI;Côte d'Ivoire;coinafrique;location;maison;maisons-de-vacances;Location maisons de vacances 4 pièces - Marcory;90000;;;4;Marcory;;;https://ci.coinafrique.com/annonce/maisons-de-vacances/location-maisons-de-vacances-4-pieces-marcory-4286548;2026-05-12T16:43:42+00:00
CI;Côte d'Ivoire;coinafrique;location;maison;maisons-de-vacances;Location maisons de vacances 4 pièces - Marcory;1500000;;;4;Marcory;;;https://ci.coinafrique.com/annonce/maisons-de-vacances/location-maisons-de-vacances-4-pieces-marcory-4286532;2026-05-12T16:43:42+00:00
CI;Côte d'Ivoire;coinafrique;location;maison;maisons-de-vacances;Location maison de vacances 3 pièces - Cocody;50000;;;3;Cocody;;;https://ci.coinafrique.com/annonce/maisons-de-vacances/location-maison-de-vacances-3-pieces-cocody-4283373;2026-05-12T16:43:42+00:00
CI;Côte d'Ivoire;coinafrique;location;maison;maisons-de-vacances;Location maison basse meublée 2 pièces - Bietry;1500000;;;2;Marcory;;;https://ci.coinafrique.com/annonce/maisons-de-vacances/location-maison-basse-meublee-2-pieces-bietry-4279705;2026-05-12T16:43:42+00:00
CI;Côte d'Ivoire;coinafrique;location;maison;maisons-de-vacances;Location villa meublée 5 pièces - Riviera 3 Cité World Cité;250000;;;5;Cocody;Riviera 3;;https://ci.coinafrique.com/annonce/maisons-de-vacances/location-villa-meublee-5-pieces-riviera-3-cite-world-cite-4278886;2026-05-12T16:43:42+00:00
CI;Côte d'Ivoire;coinafrique;location;maison;maisons-de-vacances;Location villa meublée - Assinie;400000;;;;Cocody;;;https://ci.coinafrique.com/annonce/maisons-de-vacances/location-villa-meublee-assinie-4239291;2026-05-12T16:43:42+00:00
CI;Côte d'Ivoire;coinafrique;location;maison;maisons-de-vacances;Location maisons de vacances 5 pièces - Marcory;200000;;;5;Marcory;;;https://ci.coinafrique.com/annonce/maisons-de-vacances/location-maisons-de-vacances-5-pieces-marcory-4218764;2026-05-12T16:43:42+00:00
CI;Côte d'Ivoire;coinafrique;location;maison;maisons-de-vacances;Location maisons de vacances 2 pièces - Grand-Bassam;35000;;;2;Grand-Bassam;;;https://ci.coinafrique.com/annonce/maisons-de-vacances/location-maisons-de-vacances-2-pieces-grand-bassam-4245978;2026-05-12T16:43:42+00:00
CI;Côte d'Ivoire;coinafrique;location;maison;maisons-de-vacances;Location maisons de vacances 2 pièces - Cocody;30000;;;2;Cocody;;;https://ci.coinafrique.com/annonce/maisons-de-vacances/location-maisons-de-vacances-2-pieces-cocody-4241089;2026-05-12T16:43:42+00:00
CI;Côte d'Ivoire;coinafrique;location;maison;maisons-de-vacances;Location maison de vacances 3 pièces - Cocody;70000;;;3;Cocody;;;https://ci.coinafrique.com/annonce/maisons-de-vacances/location-maison-de-vacances-3-pieces-cocody-4156677;2026-05-12T16:43:42+00:00
CI;Côte d'Ivoire;coinafrique;location;maison;maisons-de-vacances;Location villa meublée 3 pièces - Abidjan;15000;;;3;Yopougon;;;https://ci.coinafrique.com/annonce/maisons-de-vacances/location-villa-meublee-3-pieces-abidjan-4152940;2026-05-12T16:43:42+00:00
CI;Côte d'Ivoire;coinafrique;location;maison;maisons-de-vacances;Location villa duplex meublée 7 pièces - Riviera 4;3000000;;;7;Cocody;Riviera 4;;https://ci.coinafrique.com/annonce/maisons-de-vacances/location-villa-duplex-meublee-7-pieces-riviera-4-4091549;2026-05-12T16:43:42+00:00
CI;Côte d'Ivoire;coinafrique;location;maison;maisons-de-vacances;Location maisons de vacances 3 pièces - Cocody;50000;;;3;Cocody;;;https://ci.coinafrique.com/annonce/maisons-de-vacances/location-maisons-de-vacances-3-pieces-cocody-4062201;2026-05-12T16:43:42+00:00
CI;Côte d'Ivoire;coinafrique;location;maison;maisons-de-vacances;Location maison de vacances 4 pièces - Cocody;700000;;;4;Cocody;;;https://ci.coinafrique.com/annonce/maisons-de-vacances/location-maison-de-vacances-4-pieces-cocody-4079092;2026-05-12T16:43:42+00:00
CI;Côte d'Ivoire;coinafrique;location;maison;maisons-de-vacances;Location villa duplex meublée 6 pièces - Riviera Golf Beverly Hills;400000;;;6;Cocody;Riviera Golf;;https://ci.coinafrique.com/annonce/maisons-de-vacances/location-villa-duplex-meublee-6-pieces-riviera-golf-beverly-hills-4021472;2026-05-12T16:43:42+00:00
CI;Côte d'Ivoire;coinafrique;location;maison;maisons-de-vacances;Location maisons de vacances 2 pièces - Marcory;50000;;;2;Marcory;;;https://ci.coinafrique.com/annonce/maisons-de-vacances/location-maisons-de-vacances-2-pieces-marcory-4016307;2026-05-12T16:43:42+00:00
CI;Côte d'Ivoire;coinafrique;location;maison;maisons-de-vacances;Location maisons de vacances 2 pièces - Marcory;50000;;;2;Marcory;;;https://ci.coinafrique.com/annonce/maisons-de-vacances/location-maisons-de-vacances-2-pieces-marcory-4011490;2026-05-12T16:43:42+00:00
CI;Côte d'Ivoire;coinafrique;location;maison;maisons-de-vacances;Location maison de vacances 4 pièces - Marcory;120000;;;4;Marcory;;;https://ci.coinafrique.com/annonce/maisons-de-vacances/location-maison-de-vacances-4-pieces-marcory-3996790;2026-05-12T16:43:42+00:00
CI;Côte d'Ivoire;coinafrique;location;maison;maisons-de-vacances;Location maisons de vacances 6 pièces - Cocody;150000;;;6;Cocody;;;https://ci.coinafrique.com/annonce/maisons-de-vacances/location-maisons-de-vacances-6-pieces-cocody-4010243;2026-05-12T16:43:42+00:00
CI;Côte d'Ivoire;coinafrique;location;maison;maisons-de-vacances;Location maison de vacances 3 pièces - 8e tranche cocody;35000;;;3;Cocody;;;https://ci.coinafrique.com/annonce/maisons-de-vacances/location-maison-de-vacances-3-pieces-8e-tranche-cocody-3961413;2026-05-12T16:43:42+00:00
CI;Côte d'Ivoire;coinafrique;location;maison;maisons-de-vacances;Location villa basse de 4 pièces avec piscine à la Riviera Golf 1 Les Versants;150000;;;4;Cocody;Riviera Golf;;https://ci.coinafrique.com/annonce/maisons-de-vacances/location-villa-basse-de-4-pieces-avec-piscine-a-la-riviera-golf-1-les-versants-3969727;2026-05-12T16:43:42+00:00
CI;Côte d'Ivoire;coinafrique;location;maison;maisons-de-vacances;Location villa meublée 5 pièces - Riviera Bonoumin;200000;;;5;Cocody;Riviera Bonoumin;;https://ci.coinafrique.com/annonce/maisons-de-vacances/location-villa-meublee-5-pieces-riviera-bonoumin-3969407;2026-05-12T16:43:42+00:00
CI;Côte d'Ivoire;coinafrique;location;maison;maisons-de-vacances;Location villa 6 pièces à Cocody Riviera Mbadon;400000;;;6;Cocody;Riviera Mbadon;;https://ci.coinafrique.com/annonce/maisons-de-vacances/location-villa-6-pieces-a-cocody-riviera-mbadon-3934745;2026-05-12T16:43:42+00:00
CI;Côte d'Ivoire;coinafrique;location;maison;maisons-de-vacances;Location villa - Yopougon Abidjan;20000;;;;Yopougon;;;https://ci.coinafrique.com/annonce/maisons-de-vacances/location-villa-yopougon-abidjan-3960992;2026-05-12T16:43:42+00:00
CI;Côte d'Ivoire;coinafrique;location;maison;maisons-de-vacances;Location appartement meublé 2 pièces - Cocody;25000;;;2;Cocody;;;https://ci.coinafrique.com/annonce/maisons-de-vacances/location-appartement-meuble-2-pieces-cocody-3947697;2026-05-12T16:43:42+00:00
CI;Côte d'Ivoire;coinafrique;location;maison;maisons-de-vacances;Location residence meublee - Riviera Palmeraie;25000;;;;Cocody;Riviera Palmeraie;;https://ci.coinafrique.com/annonce/maisons-de-vacances/location-residence-meublee-riviera-palmeraie-3941484;2026-05-12T16:43:42+00:00
CI;Côte d'Ivoire;coinafrique;location;maison;maisons-de-vacances;Location villa de vacances - Yopougon Ananeraie;25000;;;;Yopougon;Ananeraie;;https://ci.coinafrique.com/annonce/maisons-de-vacances/location-villa-de-vacances-yopougon-ananeraie-3920249;2026-05-12T16:43:42+00:00
CI;Côte d'Ivoire;coinafrique;location;maison;maisons-de-vacances;Location maisons de vacances - Cocody;15000;;;;Cocody;;;https://ci.coinafrique.com/annonce/maisons-de-vacances/location-maisons-de-vacances-cocody-3909188;2026-05-12T16:43:42+00:00
CI;Côte d'Ivoire;coinafrique;location;maison;maisons-de-vacances;Location maison de vacances - Cocody;15000;;;;Cocody;;;https://ci.coinafrique.com/annonce/maisons-de-vacances/location-maison-de-vacances-cocody-3882898;2026-05-12T16:43:42+00:00
CI;Côte d'Ivoire;coinafrique;location;maison;maisons-de-vacances;Location villa meublée 4 pièces - Cote d'Ivoire;60000;;;4;Grand-Bassam;;;https://ci.coinafrique.com/annonce/maisons-de-vacances/location-villa-meublee-4-pieces-cote-divoire-3827587;2026-05-12T16:43:42+00:00
CI;Côte d'Ivoire;coinafrique;location;maison;maisons-de-vacances;Location Maisons de vacances 3 pièces - Port-bouet;40000;;;3;Port-Bouet;;;https://ci.coinafrique.com/annonce/maisons-de-vacances/location-maisons-de-vacances-3-pieces-port-bouet-3864467;2026-05-12T16:43:42+00:00
CI;Côte d'Ivoire;coinafrique;location;maison;maisons-de-vacances;Location de opens spaces de 500m² aux 2 Plateaux andole en bordure du boulevard latrille;15000;500;30;;Cocody;2 Plateaux;;https://ci.coinafrique.com/annonce/maisons-de-vacances/location-de-opens-spaces-de-500m-aux-2-plateaux-andole-en-bordure-du-boulevard-latrille-3819788;2026-05-12T16:43:42+00:00
CI;Côte d'Ivoire;coinafrique;location;maison;maisons-de-vacances;Location villa meublée haut standing 5 pièces - Riviera Golf 4;500000;;;5;Cocody;Riviera Golf;haut;https://ci.coinafrique.com/annonce/maisons-de-vacances/location-villa-meublee-haut-standing-5-pieces-riviera-golf-4-3792608;2026-05-12T16:43:42+00:00
CI;Côte d'Ivoire;coinafrique;location;maison;maisons-de-vacances;Location maison de vacances 6 pièces - Cocody;350000;;;6;Cocody;;;https://ci.coinafrique.com/annonce/maisons-de-vacances/location-maison-de-vacances-6-pieces-cocody-3786766;2026-05-12T16:43:42+00:00
CI;Côte d'Ivoire;coinafrique;location;maison;maisons-de-vacances;Location villa basse de 2 pièces avec piscine meublée - Riviera M'badon non loin de l'ambassade de Chine;90000;;;2;Cocody;Riviera M'Badon;;https://ci.coinafrique.com/annonce/maisons-de-vacances/location-villa-basse-de-2-pieces-avec-piscine-meublee-riviera-mbadon-non-loin-de-lambassade-de-chine-3777838;2026-05-12T16:43:42+00:00
CI;Côte d'Ivoire;coinafrique;location;maison;maisons-de-vacances;Location villa duplex meublée 6 pièces - Riviera Golf 4;250000;;;6;Cocody;Riviera Golf;;https://ci.coinafrique.com/annonce/maisons-de-vacances/location-villa-duplex-meublee-6-pieces-riviera-golf-4-3772197;2026-05-12T16:43:42+00:00
CI;Côte d'Ivoire;coinafrique;location;maison;maisons-de-vacances;Location villa basse meublée 3 pièces avec piscine et grand jardin - Marcory;110000;;;3;Cocody;;;https://ci.coinafrique.com/annonce/maisons-de-vacances/location-villa-basse-meublee-3-pieces-avec-piscine-et-grand-jardin-marcory-3772642;2026-05-12T16:43:42+00:00
CI;Côte d'Ivoire;coinafrique;location;maison;maisons-de-vacances;Location résidence meublée - Angré 8e Tranche cité Arcade 4;3500000;;;;Cocody;Angré;;https://ci.coinafrique.com/annonce/maisons-de-vacances/location-residence-meublee-angre-8e-tranche-cite-arcade-4-3772195;2026-05-12T16:43:42+00:00
CI;Côte d'Ivoire;coinafrique;location;maison;maisons-de-vacances;Location Maison de vacances 2 pièces - Cocody Angrè;30000;;;2;Cocody;;;https://ci.coinafrique.com/annonce/maisons-de-vacances/location-maison-de-vacances-2-pieces-cocody-angre-3736566;2026-05-12T16:43:42+00:00
CI;Côte d'Ivoire;coinafrique;location;maison;maisons-de-vacances;Location Résidence meublée 2 pièces - Riviera 4;40000;;;2;Riviera;;;https://ci.coinafrique.com/annonce/maisons-de-vacances/location-residence-meublee-2-pieces-riviera-4-3727594;2026-05-12T16:43:42+00:00
CI;Côte d'Ivoire;coinafrique;location;maison;maisons-de-vacances;Location maisons de vacances 7 pièces - Cocody;5000000;;;7;Cocody;;;https://ci.coinafrique.com/annonce/maisons-de-vacances/location-maisons-de-vacances-7-pieces-cocody-3704694;2026-05-12T16:43:42+00:00
CI;Côte d'Ivoire;coinafrique;location;maison;maisons-de-vacances;Location maisons de vacances 10 pièces - Cocody;5000000;;;10;Cocody;;;https://ci.coinafrique.com/annonce/maisons-de-vacances/location-maisons-de-vacances-10-pieces-cocody-3734210;2026-05-12T16:43:42+00:00
CI;Côte d'Ivoire;coinafrique;location;maison;maisons-de-vacances;Location maisons de vacances 1 pièces - Yopougon;20000;;;1;Yopougon;;;https://ci.coinafrique.com/annonce/maisons-de-vacances/location-maisons-de-vacances-1-pieces-yopougon-3723809;2026-05-12T16:43:42+00:00
CI;Côte d'Ivoire;coinafrique;location;maison;maisons-de-vacances;Location résidence meublée 3 pièces - Faya;50000;;;3;Cocody;Faya;;https://ci.coinafrique.com/annonce/maisons-de-vacances/location-residence-meublee-3-pieces-faya-3692463;2026-05-12T16:43:42+00:00
CI;Côte d'Ivoire;coinafrique;location;maison;maisons-de-vacances;Location maisons de vacances 3 pièces - Cocody;35000;;;3;Cocody;;;https://ci.coinafrique.com/annonce/maisons-de-vacances/location-maisons-de-vacances-3-pieces-cocody-3621443;2026-05-12T16:43:42+00:00
CI;Côte d'Ivoire;coinafrique;location;maison;maisons-de-vacances;Location maisons de vacances 4 pièces - Marcory;80000;;;4;Marcory;;;https://ci.coinafrique.com/annonce/maisons-de-vacances/location-maisons-de-vacances-4-pieces-marcory-3617412;2026-05-12T16:43:42+00:00
CI;Côte d'Ivoire;coinafrique;location;maison;maisons-de-vacances;Location maisons de vacances 2 pièces - Riviera Rosier;25000;;;2;Cocody;;;https://ci.coinafrique.com/annonce/maisons-de-vacances/location-maisons-de-vacances-2-pieces-riviera-rosier-3610972;2026-05-12T16:43:42+00:00
CI;Côte d'Ivoire;coinafrique;location;maison;maisons-de-vacances;Location maions de vacances meublé 4 pièces - Bietry;80000;;;4;Marcory;;;https://ci.coinafrique.com/annonce/maisons-de-vacances/location-maions-de-vacances-meuble-4-pieces-bietry-3604144;2026-05-12T16:43:42+00:00
CI;Côte d'Ivoire;coinafrique;location;maison;maisons-de-vacances;Location maisons de vacances 7 pièces - Cocody M'badon;160000;;;7;Cocody;;;https://ci.coinafrique.com/annonce/maisons-de-vacances/location-maisons-de-vacances-7-pieces-cocody-mbadon-3591606;2026-05-12T16:43:42+00:00
CI;Côte d'Ivoire;coinafrique;location;maison;maisons-de-vacances;Location maisons de vacances 4 pièces - Marcory;120000;;;4;Marcory;;;https://ci.coinafrique.com/annonce/maisons-de-vacances/location-maisons-de-vacances-4-pieces-marcory-3596152;2026-05-12T16:43:42+00:00
CI;Côte d'Ivoire;coinafrique;location;maison;maisons-de-vacances;Location maison de vacance 4 pièces - Cocody;110000;;;4;Cocody;;;https://ci.coinafrique.com/annonce/maisons-de-vacances/location-maison-de-vacance-4-pieces-cocody-3612674;2026-05-12T16:43:42+00:00
CI;Côte d'Ivoire;coinafrique;location;maison;maisons-de-vacances;Location villa 4 pièces meublée - Cocody riviéra golf 4;1800000;;;4;Cocody;;;https://ci.coinafrique.com/annonce/maisons-de-vacances/location-villa-4-pieces-meublee-cocody-riviera-golf-4-3595241;2026-05-12T16:43:42+00:00
CI;Côte d'Ivoire;coinafrique;location;maison;maisons-de-vacances;Location Villa meublée 5 pièces - Riviera 4;250000;;;5;Grand-Bassam;;;https://ci.coinafrique.com/annonce/maisons-de-vacances/location-villa-meublee-5-pieces-riviera-4-3589125;2026-05-12T16:43:42+00:00
CI;Côte d'Ivoire;coinafrique;location;maison;maisons-de-vacances;Location villa 5 pièces - Assinie Mafia;600000;;;5;Cocody;;;https://ci.coinafrique.com/annonce/maisons-de-vacances/location-villa-5-pieces-assinie-mafia-3528004;2026-05-12T16:43:42+00:00
CI;Côte d'Ivoire;coinafrique;location;maison;maisons-de-vacances;Location Villa meublée 6 pièces - Bonoumin;200000;;;6;Cocody;Bonoumin;;https://ci.coinafrique.com/annonce/maisons-de-vacances/location-villa-meublee-6-pieces-bonoumin-3493464;2026-05-12T16:43:42+00:00
CI;Côte d'Ivoire;coinafrique;location;maison;maisons-de-vacances;Location Résidence meublée 7 pièces - Assinie KM 19;800000;;;7;Cocody;;;https://ci.coinafrique.com/annonce/maisons-de-vacances/location-residence-meublee-7-pieces-assinie-km-19-3477540;2026-05-12T16:43:42+00:00
CI;Côte d'Ivoire;coinafrique;location;maison;maisons-de-vacances;Location maison de vacances 2 pièces - Cocody;15000;;;2;Cocody;;;https://ci.coinafrique.com/annonce/maisons-de-vacances/location-maison-de-vacances-2-pieces-cocody-3472561;2026-05-12T16:43:42+00:00
CI;Côte d'Ivoire;coinafrique;location;maison;maisons-de-vacances;Location maison de vancance - Cocody 8em tranche;35000;;;;Cocody;;;https://ci.coinafrique.com/annonce/maisons-de-vacances/location-maison-de-vancance-cocody-8em-tranche-3422768;2026-05-12T16:43:42+00:00
CI;Côte d'Ivoire;coinafrique;location;maison;maisons-de-vacances;Location Villa meublée F3 + piscine - Zone 4;80000;;;;Marcory;Zone 4;;https://ci.coinafrique.com/annonce/maisons-de-vacances/location-villa-meublee-f3-piscine-zone-4-3411191;2026-05-12T16:43:42+00:00
CI;Côte d'Ivoire;coinafrique;location;maison;maisons-de-vacances;Location Villa meublée - Assinie Mafia;800000;;;;Cocody;;;https://ci.coinafrique.com/annonce/maisons-de-vacances/location-villa-meublee-assinie-mafia-3449275;2026-05-12T16:43:42+00:00
CI;Côte d'Ivoire;coinafrique;location;maison;maisons-de-vacances;Location Villa meublée 4 pièces - Riviera 3;2500000;;;4;Cocody;Riviera 3;;https://ci.coinafrique.com/annonce/maisons-de-vacances/location-villa-meublee-4-pieces-riviera-3-3389424;2026-05-12T16:43:42+00:00
CI;Côte d'Ivoire;coinafrique;location;maison;maisons-de-vacances;Location Villa meublée 4 pièces - Bassam;250000;;;4;Grand-Bassam;;;https://ci.coinafrique.com/annonce/maisons-de-vacances/location-villa-meublee-4-pieces-bassam-3433278;2026-05-12T16:43:42+00:00
CI;Côte d'Ivoire;coinafrique;location;maison;maisons-de-vacances;Location Villa meublée 6 Pièces - Angré;130000;;;6;Yopougon;;;https://ci.coinafrique.com/annonce/maisons-de-vacances/location-villa-meublee-6-pieces-angre-3419778;2026-05-12T16:43:42+00:00
CI;Côte d'Ivoire;coinafrique;location;maison;maisons-de-vacances;Location Résidence meublée - Angré;20000;;;;Cocody;Angré;;https://ci.coinafrique.com/annonce/maisons-de-vacances/location-residence-meublee-angre-3407659;2026-05-12T16:43:42+00:00
CI;Côte d'Ivoire;coinafrique;location;maison;maisons-de-vacances;Location Appartement meublé 2 pièces - Angré;20000;;;2;Cocody;Angré;;https://ci.coinafrique.com/annonce/maisons-de-vacances/location-appartement-meuble-2-pieces-angre-3402641;2026-05-12T16:43:42+00:00
CI;Côte d'Ivoire;coinafrique;location;maison;maisons-de-vacances;Location Villa meublée 5 pièces - 2 Plateaux;100000;;;5;Cocody;2 Plateaux;;https://ci.coinafrique.com/annonce/maisons-de-vacances/location-villa-meublee-5-pieces-2-plateaux-3384220;2026-05-12T16:43:42+00:00
CI;Côte d'Ivoire;coinafrique;location;maison;maisons-de-vacances;Location Appartement meublé 4 pièces - Zone 4;1500000;;;4;Cocody;;;https://ci.coinafrique.com/annonce/maisons-de-vacances/location-appartement-meuble-4-pieces-zone-4-3324571;2026-05-12T16:43:42+00:00
CI;Côte d'Ivoire;coinafrique;location;maison;maisons-de-vacances;Location Résidence meublée - Riviera 2;20000;;;;Cocody;Riviera 2;;https://ci.coinafrique.com/annonce/maisons-de-vacances/location-residence-meublee-riviera-2-3348483;2026-05-12T16:43:42+00:00
CI;Côte d'Ivoire;coinafrique;location;maison;maisons-de-vacances;Location Maison de vacances - Angré Nouveau CHU Cocody;50000;;;;Cocody;Angré;;https://ci.coinafrique.com/annonce/maisons-de-vacances/location-maison-de-vacances-angre-nouveau-chu-cocody-3341929;2026-05-12T16:43:42+00:00
CI;Côte d'Ivoire;coinafrique;location;maison;maisons-de-vacances;Location Villa Meublée 5 Pièces 600m²;150000;600;250;5;Cocody;;;https://ci.coinafrique.com/annonce/maisons-de-vacances/location-villa-meublee-5-pieces-600m-3336968;2026-05-12T16:43:42+00:00
CI;Côte d'Ivoire;coinafrique;location;maison;maisons-de-vacances;Location Maison de vacances 2 pièces - Yopougon Ananeraie;25000;;;2;Yopougon;Ananeraie;;https://ci.coinafrique.com/annonce/maisons-de-vacances/location-maison-de-vacances-2-pieces-yopougon-ananeraie-3333262;2026-05-12T16:43:42+00:00
CI;Côte d'Ivoire;coinafrique;location;maison;maisons-de-vacances;Location maison de vacance meublé - Yopougon ananeraie;25000;;;;Yopougon;Ananeraie;;https://ci.coinafrique.com/annonce/maisons-de-vacances/location-maison-de-vacance-meuble-yopougon-ananeraie-3319670;2026-05-12T16:43:42+00:00
CI;Côte d'Ivoire;coinafrique;location;maison;maisons-de-vacances;Location Studio meublé - Yopougon Niangon;15000;;;;Yopougon;Niangon;;https://ci.coinafrique.com/annonce/maisons-de-vacances/location-studio-meuble-yopougon-niangon-3310105;2026-05-12T16:43:42+00:00
CI;Côte d'Ivoire;coinafrique;location;maison;maisons-de-vacances;Location maisons de vacances 2 pièces - Grand-bassam;35000;;;2;Grand-Bassam;;;https://ci.coinafrique.com/annonce/maisons-de-vacances/location-maisons-de-vacances-2-pieces-grand-bassam-3302862;2026-05-12T16:43:42+00:00
CI;Côte d'Ivoire;coinafrique;location;maison;maisons-de-vacances;Location Résidence meublée - Cité Sir;25000;;;;Cocody;;;https://ci.coinafrique.com/annonce/maisons-de-vacances/location-residence-meublee-cite-sir-3296446;2026-05-12T16:43:42+00:00
CI;Côte d'Ivoire;coinafrique;location;maison;maisons-de-vacances;Location Maison de vacances 2 Pièces - Cocody;20000;;;2;Cocody;;;https://ci.coinafrique.com/annonce/maisons-de-vacances/location-maison-de-vacances-2-pieces-cocody-3258465;2026-05-12T16:43:42+00:00
CI;Côte d'Ivoire;coinafrique;location;maison;maisons-de-vacances;Location maison de vacances - Yopougon niangon;15000;;;;Yopougon;Niangon;;https://ci.coinafrique.com/annonce/maisons-de-vacances/location-maison-de-vacances-yopougon-niangon-3255113;2026-05-12T16:43:42+00:00
CI;Côte d'Ivoire;coinafrique;location;maison;maisons-de-vacances;Location maisons de vacances 5 pièces - Cocody Faya;65000;;;5;Cocody;Faya;;https://ci.coinafrique.com/annonce/maisons-de-vacances/location-maisons-de-vacances-5-pieces-cocody-faya-3229985;2026-05-12T16:43:42+00:00
CI;Côte d'Ivoire;coinafrique;location;maison;maisons-de-vacances;Location Résidence meublée - Yopougon Niangon;15000;;;;Yopougon;Niangon;;https://ci.coinafrique.com/annonce/maisons-de-vacances/location-residence-meublee-yopougon-niangon-3219780;2026-05-12T16:43:42+00:00
CI;Côte d'Ivoire;coinafrique;location;maison;maisons-de-vacances;Location Maison de vacances - Niangon;15000;;;;Yopougon;Niangon;;https://ci.coinafrique.com/annonce/maisons-de-vacances/location-maison-de-vacances-niangon-3211579;2026-05-12T16:43:42+00:00
CI;Côte d'Ivoire;coinafrique;location;maison;maisons-de-vacances;Location Villa basse 4 pièces - 2 Plateaux Aghien;100000;;;4;Cocody;2 Plateaux;;https://ci.coinafrique.com/annonce/maisons-de-vacances/location-villa-basse-4-pieces-2-plateaux-aghien-3205928;2026-05-12T16:43:42+00:00
CI;Côte d'Ivoire;coinafrique;location;maison;maisons-de-vacances;Location maisons de vacances 3 pièces - Yopougon;35000;;;3;Yopougon;;;https://ci.coinafrique.com/annonce/maisons-de-vacances/location-maisons-de-vacances-3-pieces-yopougon-3198986;2026-05-12T16:43:42+00:00
CI;Côte d'Ivoire;coinafrique;location;maison;maisons-de-vacances;Location maison de vacances 2 pièces - Cocody;50000;;;2;Cocody;;;https://ci.coinafrique.com/annonce/maisons-de-vacances/location-maison-de-vacances-2-pieces-cocody-3187962;2026-05-12T16:43:42+00:00
CI;Côte d'Ivoire;coinafrique;location;maison;maisons-de-vacances;Location Maison vacances - Yopougon Niangon;15000;;;;Cocody;;;https://ci.coinafrique.com/annonce/maisons-de-vacances/location-maison-vacances-yopougon-niangon-3174603;2026-05-12T16:43:42+00:00
CI;Côte d'Ivoire;coinafrique;location;maison;maisons-de-vacances;Location Maison de vacances 3 pièces - Cocody Angré;50000;;;3;Cocody;Angré;;https://ci.coinafrique.com/annonce/maisons-de-vacances/location-maison-de-vacances-3-pieces-cocody-angre-3165380;2026-05-12T16:43:42+00:00
CI;Côte d'Ivoire;coinafrique;location;maison;maisons-de-vacances;Location Maison de vacances - Yopougon;15000;;;;Yopougon;;;https://ci.coinafrique.com/annonce/maisons-de-vacances/location-maison-de-vacances-yopougon-3151834;2026-05-12T16:43:42+00:00
CI;Côte d'Ivoire;coinafrique;location;maison;maisons-de-vacances;Location Maisons de vacances 1 pièce - Yopougon;28000;;;1;Yopougon;;;https://ci.coinafrique.com/annonce/maisons-de-vacances/location-maisons-de-vacances-1-piece-yopougon-3141724;2026-05-12T16:43:42+00:00
CI;Côte d'Ivoire;coinafrique;location;maison;maisons-de-vacances;Location Maison de vacances 2 pièces - Yopougon;25000;;;2;Yopougon;;;https://ci.coinafrique.com/annonce/maisons-de-vacances/location-maison-de-vacances-2-pieces-yopougon-3137636;2026-05-12T16:43:42+00:00
CI;Côte d'Ivoire;coinafrique;location;maison;maisons-de-vacances;Location Résidence meublée - Abidjan-Angré;65000;;;;Cocody;Angré;;https://ci.coinafrique.com/annonce/maisons-de-vacances/location-residence-meublee-abidjan-angre-3109553;2026-05-12T16:43:42+00:00
CI;Côte d'Ivoire;coinafrique;location;maison;maisons-de-vacances;Location maisons de vacances 2 pièces - Cocody;300000;;;2;Cocody;;;https://ci.coinafrique.com/annonce/maisons-de-vacances/location-maisons-de-vacances-2-pieces-cocody-3054862;2026-05-12T16:43:42+00:00
CI;Côte d'Ivoire;coinafrique;location;maison;maisons-de-vacances;Location maison de vacances 1 pièce - Koumassi;20000;;;1;Koumassi;;;https://ci.coinafrique.com/annonce/maisons-de-vacances/location-maison-de-vacances-1-piece-koumassi-2929454;2026-05-12T16:43:42+00:00
CI;Côte d'Ivoire;coinafrique;location;maison;maisons-de-vacances;Location Résidence meublée - Angré;20000;;;;Cocody;Angré;;https://ci.coinafrique.com/annonce/maisons-de-vacances/location-residence-meublee-angre-2922532;2026-05-12T16:43:42+00:00
CI;Côte d'Ivoire;coinafrique;location;maison;maisons-de-vacances;Location Résidences meublées haut standing - Angrè;20000;;;;Cocody;;haut;https://ci.coinafrique.com/annonce/maisons-de-vacances/location-residences-meublees-haut-standing-angre-2918096;2026-05-12T16:43:42+00:00
CI;Côte d'Ivoire;coinafrique;location;maison;maisons-de-vacances;Location maison de vacances - Angré;20000;;;;Cocody;Angré;;https://ci.coinafrique.com/annonce/maisons-de-vacances/location-maison-de-vacances-angre-2909784;2026-05-12T16:43:42+00:00
CI;Côte d'Ivoire;coinafrique;location;maison;maisons-de-vacances;Location maisons de vacances 6 pièces - Cocody;270000;;;6;Cocody;;;https://ci.coinafrique.com/annonce/maisons-de-vacances/location-maisons-de-vacances-6-pieces-cocody-2885172;2026-05-12T16:43:42+00:00
CI;Côte d'Ivoire;coinafrique;location;maison;maisons-de-vacances;Location Studio meublé - Angré château;20000;;;;Cocody;Angré;;https://ci.coinafrique.com/annonce/maisons-de-vacances/location-studio-meuble-angre-chateau-2879929;2026-05-12T16:43:42+00:00
CI;Côte d'Ivoire;coinafrique;location;maison;maisons-de-vacances;Location Maison de vacances 3 pièces - Cocody;70000;;;3;Cocody;;;https://ci.coinafrique.com/annonce/maisons-de-vacances/location-maison-de-vacances-3-pieces-cocody-2879813;2026-05-12T16:43:42+00:00
CI;Côte d'Ivoire;coinafrique;location;maison;maisons-de-vacances;Location Maison de vacances - Cocody;25000;;;;Cocody;;;https://ci.coinafrique.com/annonce/maisons-de-vacances/location-maison-de-vacances-cocody-2879618;2026-05-12T16:43:42+00:00
CI;Côte d'Ivoire;coinafrique;location;maison;maisons-de-vacances;Location Chalet meublé - Assinie Mafia;250000;;;;Cocody;;;https://ci.coinafrique.com/annonce/maisons-de-vacances/location-chalet-meuble-assinie-mafia-2878439;2026-05-12T16:43:42+00:00
CI;Côte d'Ivoire;coinafrique;location;maison;maisons-de-vacances;Location Villa meublée - Assinie Mafia;600000;;;;Cocody;;;https://ci.coinafrique.com/annonce/maisons-de-vacances/location-villa-meublee-assinie-mafia-2878427;2026-05-12T16:43:42+00:00
CI;Côte d'Ivoire;coinafrique;location;maison;maisons-de-vacances;Location Résidence meublée - Angré;20000;;;;Cocody;Angré;;https://ci.coinafrique.com/annonce/maisons-de-vacances/location-residence-meublee-angre-2866690;2026-05-12T16:43:42+00:00
CI;Côte d'Ivoire;coinafrique;location;maison;maisons-de-vacances;Location maisons de vacances 3 pièces - Cocody;60000;;;3;Cocody;;;https://ci.coinafrique.com/annonce/maisons-de-vacances/location-maisons-de-vacances-3-pieces-cocody-2834067;2026-05-12T16:43:42+00:00
CI;Côte d'Ivoire;coinafrique;location;maison;maisons-de-vacances;Location maison de vacances 2 pièces - Cocody;40000;;;2;Cocody;;;https://ci.coinafrique.com/annonce/maisons-de-vacances/location-maison-de-vacances-2-pieces-cocody-2834061;2026-05-12T16:43:42+00:00
CI;Côte d'Ivoire;coinafrique;location;maison;maisons-de-vacances;Location maison de vacance 4 pièces - Cocody;90000;;;4;Cocody;;;https://ci.coinafrique.com/annonce/maisons-de-vacances/location-maison-de-vacance-4-pieces-cocody-2834057;2026-05-12T16:43:42+00:00
CI;Côte d'Ivoire;coinafrique;location;maison;maisons-de-vacances;Location Résidence meublée 4 pièces - Marcory Bietry;2000000;;;4;Marcory;;;https://ci.coinafrique.com/annonce/maisons-de-vacances/location-residence-meublee-4-pieces-marcory-bietry-2811398;2026-05-12T16:43:42+00:00
CI;Côte d'Ivoire;coinafrique;location;maison;maisons-de-vacances;Location maisons de vacances 1 pièces - Yopougon;28000;;;1;Yopougon;;;https://ci.coinafrique.com/annonce/maisons-de-vacances/location-maisons-de-vacances-1-pieces-yopougon-2808354;2026-05-12T16:43:42+00:00
CI;Côte d'Ivoire;coinafrique;location;maison;maisons-de-vacances;Hôtel restaurant;5000;;;;Koumassi;;;https://ci.coinafrique.com/annonce/maisons-de-vacances/hotel-restaurant-2794862;2026-05-12T16:43:42+00:00
CI;Côte d'Ivoire;coinafrique;location;maison;maisons-de-vacances;Location Villa meublée;180000;;;;Grand-Bassam;;;https://ci.coinafrique.com/annonce/maisons-de-vacances/location-villa-meublee-2766953;2026-05-12T16:43:42+00:00
CI;Côte d'Ivoire;coinafrique;location;maison;maisons-de-vacances;Location Villa meublée - Rosiers;180000;;;;Grand-Bassam;;;https://ci.coinafrique.com/annonce/maisons-de-vacances/location-villa-meublee-rosiers-2766942;2026-05-12T16:43:42+00:00
CI;Côte d'Ivoire;coinafrique;location;maison;maisons-de-vacances;Location Villa meublée - Rosiers;180000;;;;Grand-Bassam;;;https://ci.coinafrique.com/annonce/maisons-de-vacances/location-villa-meublee-rosiers-2766938;2026-05-12T16:43:42+00:00
CI;Côte d'Ivoire;coinafrique;location;maison;maisons-de-vacances;Location Villa meublée - Rosiers;180000;;;;Grand-Bassam;;;https://ci.coinafrique.com/annonce/maisons-de-vacances/location-villa-meublee-rosiers-2766937;2026-05-12T16:43:42+00:00
CI;Côte d'Ivoire;coinafrique;location;maison;maisons-de-vacances;Location Villa meublée - Rosiers;180000;;;;Grand-Bassam;;;https://ci.coinafrique.com/annonce/maisons-de-vacances/location-villa-meublee-rosiers-2766930;2026-05-12T16:43:42+00:00
CI;Côte d'Ivoire;coinafrique;location;maison;maisons-de-vacances;Location Villa meublée 7 pièces - Rosiers;1500000;;;7;Grand-Bassam;;;https://ci.coinafrique.com/annonce/maisons-de-vacances/location-villa-meublee-7-pieces-rosiers-2766868;2026-05-12T16:43:42+00:00
CI;Côte d'Ivoire;coinafrique;location;maison;maisons-de-vacances;Location maisons de vacances 1 pièces - Yopougon;28000;;;1;Yopougon;;;https://ci.coinafrique.com/annonce/maisons-de-vacances/location-maisons-de-vacances-1-pieces-yopougon-2765720;2026-05-12T16:43:42+00:00
CI;Côte d'Ivoire;coinafrique;location;maison;maisons-de-vacances;location maisons de vacances 1 pièces - cocody;15000;;;1;Cocody;;;https://ci.coinafrique.com/annonce/maisons-de-vacances/location-maisons-de-vacances-1-pieces-cocody-2756870;2026-05-12T16:43:42+00:00
CI;Côte d'Ivoire;coinafrique;location;maison;maisons-de-vacances;Location résidences meublées - Angré;20000;;;;Cocody;Angré;;https://ci.coinafrique.com/annonce/maisons-de-vacances/location-residences-meublees-angre-2751502;2026-05-12T16:43:42+00:00
CI;Côte d'Ivoire;coinafrique;location;maison;maisons-de-vacances;Location Maison de vacances 5 pièces - Cocody;150000;;;5;Cocody;;;https://ci.coinafrique.com/annonce/maisons-de-vacances/location-maison-de-vacances-5-pieces-cocody-2741336;2026-05-12T16:43:42+00:00
CI;Côte d'Ivoire;coinafrique;location;maison;maisons-de-vacances;Location Maison de vacances 4 Pièces - Cocody;80000;;;4;Cocody;;;https://ci.coinafrique.com/annonce/maisons-de-vacances/location-maison-de-vacances-4-pieces-cocody-2705851;2026-05-12T16:43:42+00:00
CI;Côte d'Ivoire;coinafrique;location;maison;maisons-de-vacances;Location maison de vacances meublée 3 pièces - Abidjan;55000;;;3;Yopougon;;;https://ci.coinafrique.com/annonce/maisons-de-vacances/location-maison-de-vacances-meublee-3-pieces-abidjan-2698539;2026-05-12T16:43:42+00:00
CI;Côte d'Ivoire;coinafrique;location;maison;maisons-de-vacances;Location Appartement meublé 2 pièces - Angré 7e Tranche;50000;;;2;Cocody;7e Tranche;;https://ci.coinafrique.com/annonce/maisons-de-vacances/location-appartement-meuble-2-pieces-angre-7e-tranche-2682813;2026-05-12T16:43:42+00:00
CI;Côte d'Ivoire;coinafrique;location;maison;maisons-de-vacances;Location Résidence meublée - Angré;20000;;;;Cocody;Angré;;https://ci.coinafrique.com/annonce/maisons-de-vacances/location-residence-meublee-angre-2680378;2026-05-12T16:43:42+00:00
CI;Côte d'Ivoire;coinafrique;location;maison;maisons-de-vacances;Location villa 7 pièces - Assinie;400000;;;7;Cocody;;;https://ci.coinafrique.com/annonce/maisons-de-vacances/location-villa-7-pieces-assinie-2657582;2026-05-12T16:43:42+00:00
CI;Côte d'Ivoire;coinafrique;location;maison;maisons-de-vacances;Location Maison de vacances 5 pièces - Assinie;350000;;;5;Grand-Bassam;;;https://ci.coinafrique.com/annonce/maisons-de-vacances/location-maison-de-vacances-5-pieces-assinie-2628119;2026-05-12T16:43:42+00:00
CI;Côte d'Ivoire;coinafrique;location;maison;maisons-de-vacances;Location Studio meublé - 2 Plateaux;300000;;;;Cocody;2 Plateaux;;https://ci.coinafrique.com/annonce/maisons-de-vacances/location-studio-meuble-2-plateaux-2608246;2026-05-12T16:43:42+00:00
CI;Côte d'Ivoire;coinafrique;location;maison;maisons-de-vacances;Location Résidence meublée;150000;;;;Cocody;;;https://ci.coinafrique.com/annonce/maisons-de-vacances/location-residence-meublee-2599177;2026-05-12T16:43:42+00:00
CI;Côte d'Ivoire;coinafrique;location;maison;maisons-de-vacances;Location Résidence meublée - Faya;150000;;;;Cocody;Faya;;https://ci.coinafrique.com/annonce/maisons-de-vacances/location-residence-meublee-faya-2599168;2026-05-12T16:43:42+00:00
CI;Côte d'Ivoire;coinafrique;location;maison;maisons-de-vacances;Location maisons de vacances 1 pièces - Yopougon;15000;;;1;Yopougon;;;https://ci.coinafrique.com/annonce/maisons-de-vacances/location-maisons-de-vacances-1-pieces-yopougon-2595391;2026-05-12T16:43:42+00:00
CI;Côte d'Ivoire;coinafrique;location;maison;maisons-de-vacances;Location Maison de vacances 3 pièces - Riviera Palmeraie;50000;;;3;Cocody;Riviera Palmeraie;;https://ci.coinafrique.com/annonce/maisons-de-vacances/location-maison-de-vacances-3-pieces-riviera-palmeraie-2592575;2026-05-12T16:43:42+00:00
CI;Côte d'Ivoire;coinafrique;location;maison;maisons-de-vacances;Location Maison de vacance - Cocody;25000;;;;Cocody;;;https://ci.coinafrique.com/annonce/maisons-de-vacances/location-maison-de-vacance-cocody-2589517;2026-05-12T16:43:42+00:00
CI;Côte d'Ivoire;coinafrique;location;maison;maisons-de-vacances;Location Maisons de vacances 4 pièces - Cocody;250000;;;4;Cocody;;;https://ci.coinafrique.com/annonce/maisons-de-vacances/location-maisons-de-vacances-4-pieces-cocody-2587936;2026-05-12T16:43:42+00:00
CI;Côte d'Ivoire;coinafrique;location;maison;maisons-de-vacances;Location Maison de Vacance 3 pièces - Cocody;80000;;;3;Cocody;;;https://ci.coinafrique.com/annonce/maisons-de-vacances/location-maison-de-vacance-3-pieces-cocody-2576024;2026-05-12T16:43:42+00:00
CI;Côte d'Ivoire;coinafrique;location;maison;maisons-de-vacances;Location résidence meublée - Riviera;25000;;;;Cocody;;;https://ci.coinafrique.com/annonce/maisons-de-vacances/location-residence-meublee-riviera-2575591;2026-05-12T16:43:42+00:00
CI;Côte d'Ivoire;coinafrique;location;maison;maisons-de-vacances;Location Villa duplex meublée - Angré;70000;;;;Cocody;Angré;;https://ci.coinafrique.com/annonce/maisons-de-vacances/location-villa-duplex-meublee-angre-2566525;2026-05-12T16:43:42+00:00
CI;Côte d'Ivoire;coinafrique;location;maison;maisons-de-vacances;Location maisons de vacances 4 pièces - Cocody;120000;;;4;Cocody;;;https://ci.coinafrique.com/annonce/maisons-de-vacances/location-maisons-de-vacances-4-pieces-cocody-2561806;2026-05-12T16:43:42+00:00
CI;Côte d'Ivoire;coinafrique;location;maison;maisons-de-vacances;Location maison de vacances - Yopougon;25000;;;;Yopougon;;;https://ci.coinafrique.com/annonce/maisons-de-vacances/location-maison-de-vacances-yopougon-2561338;2026-05-12T16:43:42+00:00
CI;Côte d'Ivoire;coinafrique;location;maison;maisons-de-vacances;Location résidence-hôtel - Yopougon;10000;;;;Yopougon;;;https://ci.coinafrique.com/annonce/maisons-de-vacances/location-residence-hotel-yopougon-2556196;2026-05-12T16:43:42+00:00
CI;Côte d'Ivoire;coinafrique;location;maison;maisons-de-vacances;Location maisons de vacances 2 pièces -;35000;;;2;Marcory;;;https://ci.coinafrique.com/annonce/maisons-de-vacances/location-maisons-de-vacances-2-pieces-2554153;2026-05-12T16:43:42+00:00
CI;Côte d'Ivoire;coinafrique;location;maison;maisons-de-vacances;Location maisons de vacances 2 pièces - Yopougon;25000;;;2;Yopougon;;;https://ci.coinafrique.com/annonce/maisons-de-vacances/location-maisons-de-vacances-2-pieces-yopougon-2551617;2026-05-12T16:43:42+00:00
CI;Côte d'Ivoire;coinafrique;location;maison;maisons-de-vacances;Location Appartement meublé 3 pièces - Marcory;60000;;;3;Marcory;;;https://ci.coinafrique.com/annonce/maisons-de-vacances/location-appartement-meuble-3-pieces-marcory-2548859;2026-05-12T16:43:42+00:00
CI;Côte d'Ivoire;coinafrique;location;maison;maisons-de-vacances;Location Villa Duplex meublée;80000;;;;Cocody;;;https://ci.coinafrique.com/annonce/maisons-de-vacances/location-villa-duplex-meublee-2511844;2026-05-12T16:43:42+00:00
CI;Côte d'Ivoire;coinafrique;location;maison;maisons-de-vacances;Location Studio meublé - Cocody;25000;;;;Cocody;;;https://ci.coinafrique.com/annonce/maisons-de-vacances/location-studio-meuble-cocody-2505606;2026-05-12T16:43:42+00:00
CI;Côte d'Ivoire;coinafrique;location;maison;maisons-de-vacances;Location Appartement meublé - Riviera 4;1000000;;;;Cocody;Riviera 4;;https://ci.coinafrique.com/annonce/maisons-de-vacances/location-appartement-meuble-riviera-4-2505534;2026-05-12T16:43:42+00:00
CI;Côte d'Ivoire;coinafrique;location;maison;maisons-de-vacances;Location Appartement Meublé 4 pièces - Riviera;1000000;;;4;Cocody;;;https://ci.coinafrique.com/annonce/maisons-de-vacances/location-appartement-meuble-4-pieces-riviera-2503318;2026-05-12T16:43:42+00:00
CI;Côte d'Ivoire;coinafrique;location;maison;maisons-de-vacances;Location Maisons de vacances 2 pièces - Cocody;35000;;;2;Cocody;;;https://ci.coinafrique.com/annonce/maisons-de-vacances/location-maisons-de-vacances-2-pieces-cocody-2499423;2026-05-12T16:43:42+00:00
CI;Côte d'Ivoire;coinafrique;location;maison;maisons-de-vacances;Location maisons de vacances 2 pièces - Cocody;35000;;;2;Cocody;;;https://ci.coinafrique.com/annonce/maisons-de-vacances/location-maisons-de-vacances-2-pieces-cocody-2491009;2026-05-12T16:43:42+00:00
CI;Côte d'Ivoire;coinafrique;location;maison;maisons-de-vacances;Location maison de vacances 1 pièce - Koumassi;20000;;;1;Koumassi;;;https://ci.coinafrique.com/annonce/maisons-de-vacances/location-maison-de-vacances-1-piece-koumassi-2485148;2026-05-12T16:43:42+00:00
CI;Côte d'Ivoire;coinafrique;location;maison;maisons-de-vacances;Location Studio meublé - Riviera Angré zone 4 et Yopougon;15000;;;;Cocody;Angré;;https://ci.coinafrique.com/annonce/maisons-de-vacances/location-studio-meuble-riviera-angre-zone-4-et-yopougon-2481080;2026-05-12T16:43:42+00:00
CI;Côte d'Ivoire;coinafrique;location;maison;maisons-de-vacances;Location maisons de vacances 2 pièces - Marcory;15000;;;2;Marcory;;;https://ci.coinafrique.com/annonce/maisons-de-vacances/location-maisons-de-vacances-2-pieces-marcory-2472869;2026-05-12T16:43:42+00:00
CI;Côte d'Ivoire;coinafrique;location;maison;maisons-de-vacances;Location maisons de vacances 1 pièce - Yopougon;15000;;;1;Yopougon;;;https://ci.coinafrique.com/annonce/maisons-de-vacances/location-maisons-de-vacances-1-piece-yopougon-2468660;2026-05-12T16:43:42+00:00
CI;Côte d'Ivoire;coinafrique;location;maison;maisons-de-vacances;Location résidence meublée - Palmeraie 4;25000;;;;Cocody;Palmeraie;;https://ci.coinafrique.com/annonce/maisons-de-vacances/location-residence-meublee-palmeraie-4-2460437;2026-05-12T16:43:42+00:00
CI;Côte d'Ivoire;coinafrique;location;maison;maisons-de-vacances;Location Maison de vacances - Riviera Palmeraie;35000;;;;Cocody;Riviera Palmeraie;;https://ci.coinafrique.com/annonce/maisons-de-vacances/location-maison-de-vacances-riviera-palmeraie-2458005;2026-05-12T16:43:42+00:00
CI;Côte d'Ivoire;coinafrique;location;maison;maisons-de-vacances;Location Maison 2 pièces - Palmeraie;35000;;;2;Cocody;Palmeraie;;https://ci.coinafrique.com/annonce/maisons-de-vacances/location-maison-2-pieces-palmeraie-2457994;2026-05-12T16:43:42+00:00
CI;Côte d'Ivoire;coinafrique;location;maison;maisons-de-vacances;Location résidence meublée - Angré Riviera Palmeraie;20000;;;;Cocody;Riviera Palmeraie;;https://ci.coinafrique.com/annonce/maisons-de-vacances/location-residence-meublee-angre-riviera-palmeraie-2452512;2026-05-12T16:43:42+00:00
CI;Côte d'Ivoire;coinafrique;location;maison;maisons-de-vacances;Location Appartement meublé - Angré;130000;;;;Cocody;Angré;;https://ci.coinafrique.com/annonce/maisons-de-vacances/location-appartement-meuble-angre-2446913;2026-05-12T16:43:42+00:00
CI;Côte d'Ivoire;coinafrique;location;studio;chambres;A louer chambre Cocody riviera palmeraie centre;70000;;;;Cocody;Riviera Palmeraie;;https://ci.coinafrique.com/annonce/chambres/a-louer-chambre-cocody-riviera-palmeraie-centre-5838011;2026-05-12T16:43:42+00:00
CI;Côte d'Ivoire;coinafrique;location;studio;chambres;Location chambre - Riviera Faya;10000;;;;Cocody;Riviera Faya;;https://ci.coinafrique.com/annonce/chambres/location-chambre-riviera-faya-5824027;2026-05-12T16:43:42+00:00
CI;Côte d'Ivoire;coinafrique;location;studio;chambres;Location chambre 1 pièce - Cocody Riviera jules verne;100000;;;1;Cocody;;;https://ci.coinafrique.com/annonce/chambres/location-chambre-1-piece-cocody-riviera-jules-verne-5761323;2026-05-12T16:43:42+00:00
CI;Côte d'Ivoire;coinafrique;location;studio;chambres;Location chambre - Abatta;180000;;;;Bingerville;;;https://ci.coinafrique.com/annonce/chambres/location-chambre-abatta-5791092;2026-05-12T16:43:42+00:00
CI;Côte d'Ivoire;coinafrique;location;studio;chambres;Location chambre meublée - Faya;10000;;;;Cocody;Faya;;https://ci.coinafrique.com/annonce/chambres/location-chambre-meublee-faya-5778574;2026-05-12T16:43:42+00:00
CI;Côte d'Ivoire;coinafrique;location;studio;chambres;Location chambre - Yopougon;20000;;;;Yopougon;;;https://ci.coinafrique.com/annonce/chambres/location-chambre-yopougon-5764644;2026-05-12T16:43:42+00:00
CI;Côte d'Ivoire;coinafrique;location;studio;chambres;Location chambres - Cocody;10000;;;;Cocody;;;https://ci.coinafrique.com/annonce/chambres/location-chambres-cocody-5750685;2026-05-12T16:43:42+00:00
CI;Côte d'Ivoire;coinafrique;location;studio;chambres;Location chambres - Cocody;10000;;;;Cocody;;;https://ci.coinafrique.com/annonce/chambres/location-chambres-cocody-5747235;2026-05-12T16:43:42+00:00
CI;Côte d'Ivoire;coinafrique;location;studio;chambres;Location chambre 1 pièces - Cocody;10000;;;1;Cocody;;;https://ci.coinafrique.com/annonce/chambres/location-chambre-1-pieces-cocody-5705901;2026-05-12T16:43:42+00:00
CI;Côte d'Ivoire;coinafrique;location;studio;chambres;Location chambre salon - Vallon;50000;;;;Cocody;Vallon;;https://ci.coinafrique.com/annonce/chambres/location-chambre-salon-vallon-5686156;2026-05-12T16:43:42+00:00
CI;Côte d'Ivoire;coinafrique;location;studio;chambres;Location chambre - Riviera faya cité feh kessé;200000;;;;Cocody;Riviera Faya;;https://ci.coinafrique.com/annonce/chambres/location-chambre-riviera-faya-cite-feh-kesse-5618992;2026-05-12T16:43:42+00:00
CI;Côte d'Ivoire;coinafrique;location;studio;chambres;Location chambres - Cocody;10000;;;;Cocody;;;https://ci.coinafrique.com/annonce/chambres/location-chambres-cocody-5602991;2026-05-12T16:43:42+00:00
CI;Côte d'Ivoire;coinafrique;location;studio;chambres;Location chambres - Cocody;15000;;;;Cocody;;;https://ci.coinafrique.com/annonce/chambres/location-chambres-cocody-5634088;2026-05-12T16:43:42+00:00
CI;Côte d'Ivoire;coinafrique;location;studio;chambres;Location chambres - Cocody;15000;;;;Cocody;;;https://ci.coinafrique.com/annonce/chambres/location-chambres-cocody-5634068;2026-05-12T16:43:42+00:00
CI;Côte d'Ivoire;coinafrique;location;studio;chambres;Location chambres - Cocody;15000;;;;Cocody;;;https://ci.coinafrique.com/annonce/chambres/location-chambres-cocody-5630683;2026-05-12T16:43:42+00:00
CI;Côte d'Ivoire;coinafrique;location;studio;chambres;Location chambre meublée - Vallon;50000;;;;Cocody;Vallon;;https://ci.coinafrique.com/annonce/chambres/location-chambre-meublee-vallon-5607282;2026-05-12T16:43:42+00:00
CI;Côte d'Ivoire;coinafrique;location;studio;chambres;Location chambres 1pièces - Cocody Riviera bonoumin chill out;150000;;;1;Cocody;Riviera Bonoumin;;https://ci.coinafrique.com/annonce/chambres/location-chambres-1pieces-cocody-riviera-bonoumin-chill-out-5599418;2026-05-12T16:43:42+00:00
CI;Côte d'Ivoire;coinafrique;location;studio;chambres;Location chambres - Angré;25000;;;;Cocody;Angré;;https://ci.coinafrique.com/annonce/chambres/location-chambres-angre-5591931;2026-05-12T16:43:42+00:00
CI;Côte d'Ivoire;coinafrique;location;studio;chambres;Location chambre 1 pièce - Cocody Angre 9 eme tranche;150000;;;1;Cocody;Angre;;https://ci.coinafrique.com/annonce/chambres/location-chambre-1-piece-cocody-angre-9-eme-tranche-5543065;2026-05-12T16:43:42+00:00
CI;Côte d'Ivoire;coinafrique;location;studio;chambres;Location magasin à la Riviera 2;250000;;;;Cocody;Riviera 2;;https://ci.coinafrique.com/annonce/chambres/location-magasin-a-la-riviera-2-5500704;2026-05-12T16:43:42+00:00
CI;Côte d'Ivoire;coinafrique;location;studio;chambres;Location chambres - Songon;50000;;;;Songon;;;https://ci.coinafrique.com/annonce/chambres/location-chambres-songon-5536965;2026-05-12T16:43:42+00:00
CI;Côte d'Ivoire;coinafrique;location;studio;chambres;Location chambres - Cocody;150000;;;;Cocody;;;https://ci.coinafrique.com/annonce/chambres/location-chambres-cocody-5525814;2026-05-12T16:43:42+00:00
CI;Côte d'Ivoire;coinafrique;location;studio;chambres;Location chambre meublée - Abidjan;50000;;;;Cocody;;;https://ci.coinafrique.com/annonce/chambres/location-chambre-meublee-abidjan-5518690;2026-05-12T16:43:42+00:00
CI;Côte d'Ivoire;coinafrique;location;studio;chambres;Location chambre 1 pièce - Cocody angre 9 eme tranche star 14;130000;;;1;Cocody;Angre;;https://ci.coinafrique.com/annonce/chambres/location-chambre-1-piece-cocody-angre-9-eme-tranche-star-14-5441293;2026-05-12T16:43:42+00:00
CI;Côte d'Ivoire;coinafrique;location;studio;chambres;Location studio à Cocody Angre;100000;;;;Cocody;Angre;;https://ci.coinafrique.com/annonce/chambres/location-studio-a-cocody-angre-5431658;2026-05-12T16:43:42+00:00
CI;Côte d'Ivoire;coinafrique;location;studio;chambres;Location chambre - Cocody;80000;;;;Cocody;;;https://ci.coinafrique.com/annonce/chambres/location-chambre-cocody-5455375;2026-05-12T16:43:42+00:00
CI;Côte d'Ivoire;coinafrique;location;studio;chambres;Location chambre - Cocody;15000;;;;Cocody;;;https://ci.coinafrique.com/annonce/chambres/location-chambre-cocody-5423305;2026-05-12T16:43:42+00:00
CI;Côte d'Ivoire;coinafrique;location;studio;chambres;Location chambre - Bingerville;120000;;;;Bingerville;;;https://ci.coinafrique.com/annonce/chambres/location-chambre-bingerville-5423119;2026-05-12T16:43:42+00:00
CI;Côte d'Ivoire;coinafrique;location;studio;chambres;Location chambre 1 pièce - Cocody;25000;;;1;Cocody;;;https://ci.coinafrique.com/annonce/chambres/location-chambre-1-piece-cocody-5391755;2026-05-12T16:43:42+00:00
CI;Côte d'Ivoire;coinafrique;location;studio;chambres;Location chambre meublés- Cocody;13000;;;;Cocody;;;https://ci.coinafrique.com/annonce/chambres/location-chambre-meubles-cocody-5361789;2026-05-12T16:43:42+00:00
CI;Côte d'Ivoire;coinafrique;location;studio;chambres;Location chambre - Songon;180000;;;;Songon;;;https://ci.coinafrique.com/annonce/chambres/location-chambre-songon-5337289;2026-05-12T16:43:42+00:00
CI;Côte d'Ivoire;coinafrique;location;studio;chambres;location chambre - Cocody;10000;;;;Cocody;;;https://ci.coinafrique.com/annonce/chambres/location-chambre-cocody-5336721;2026-05-12T16:43:42+00:00
CI;Côte d'Ivoire;coinafrique;location;studio;chambres;Location chambres - Cocody;25000;;;;Cocody;;;https://ci.coinafrique.com/annonce/chambres/location-chambres-cocody-5321132;2026-05-12T16:43:42+00:00
CI;Côte d'Ivoire;coinafrique;location;studio;chambres;Location chambre - 2 Plateaux;200000;;;;Cocody;2 Plateaux;;https://ci.coinafrique.com/annonce/chambres/location-chambre-2-plateaux-5308551;2026-05-12T16:43:42+00:00
CI;Côte d'Ivoire;coinafrique;location;studio;chambres;Location chambre - Cocody angré;90000;;;;Cocody;Angré;;https://ci.coinafrique.com/annonce/chambres/location-chambre-cocody-angre-5301456;2026-05-12T16:43:42+00:00
CI;Côte d'Ivoire;coinafrique;location;studio;chambres;Location stuio -Cocody Angré 8e tranche;100000;;;;Cocody;Angré;;https://ci.coinafrique.com/annonce/chambres/location-stuio-cocody-angre-8e-tranche-5274480;2026-05-12T16:43:42+00:00
CI;Côte d'Ivoire;coinafrique;location;studio;chambres;LOCATION DE CHAMBRE AU 2 PLATEAUX ENA;65000;;;;Cocody;2 Plateaux;;https://ci.coinafrique.com/annonce/chambres/location-de-chambre-au-2-plateaux-ena-5292572;2026-05-12T16:43:42+00:00
CI;Côte d'Ivoire;coinafrique;location;studio;chambres;Location villa basse 5 pièces à Cocody 2 Plateaux Vallon;1300000;;;5;Cocody;2 Plateaux;;https://ci.coinafrique.com/annonce/chambres/location-villa-basse-5-pieces-a-cocody-2-plateaux-vallon-5216238;2026-05-12T16:43:42+00:00
CI;Côte d'Ivoire;coinafrique;location;studio;chambres;location chambres 2 pièces - grand-bassam;100000;;;2;Grand-Bassam;;;https://ci.coinafrique.com/annonce/chambres/location-chambres-2-pieces-grand-bassam-5189743;2026-05-12T16:43:42+00:00
CI;Côte d'Ivoire;coinafrique;location;studio;chambres;Location chambre - Marcory;50000;;;;Marcory;;;https://ci.coinafrique.com/annonce/chambres/location-chambre-marcory-5218187;2026-05-12T16:43:42+00:00
CI;Côte d'Ivoire;coinafrique;location;studio;chambres;Location chambres - Cocody;150000;;;;Cocody;;;https://ci.coinafrique.com/annonce/chambres/location-chambres-cocody-5161204;2026-05-12T16:43:42+00:00
CI;Côte d'Ivoire;coinafrique;location;studio;chambres;Location chambres - Cocody;140000;;;;Cocody;;;https://ci.coinafrique.com/annonce/chambres/location-chambres-cocody-5155601;2026-05-12T16:43:42+00:00
CI;Côte d'Ivoire;coinafrique;location;studio;chambres;Location chambres 1 pièces - Cocody;120000;;;1;Cocody;;;https://ci.coinafrique.com/annonce/chambres/location-chambres-1-pieces-cocody-5143838;2026-05-12T16:43:42+00:00
CI;Côte d'Ivoire;coinafrique;location;studio;chambres;Location chambres - Cocody;150000;;;;Cocody;;;https://ci.coinafrique.com/annonce/chambres/location-chambres-cocody-5160945;2026-05-12T16:43:42+00:00
CI;Côte d'Ivoire;coinafrique;location;studio;chambres;Location chambres - Cocody;150000;;;;Cocody;;;https://ci.coinafrique.com/annonce/chambres/location-chambres-cocody-5160942;2026-05-12T16:43:42+00:00
CI;Côte d'Ivoire;coinafrique;location;studio;chambres;Location chambres - Cocody;150000;;;;Cocody;;;https://ci.coinafrique.com/annonce/chambres/location-chambres-cocody-5160939;2026-05-12T16:43:42+00:00
CI;Côte d'Ivoire;coinafrique;location;studio;chambres;location chambres - cocody;130000;;;;Cocody;;;https://ci.coinafrique.com/annonce/chambres/location-chambres-cocody-5147378;2026-05-12T16:43:42+00:00
CI;Côte d'Ivoire;coinafrique;location;studio;chambres;Location studio à Angré Djorogobité 1;150000;;;;Cocody;Angré;;https://ci.coinafrique.com/annonce/chambres/location-studio-a-angre-djorogobite-1-5160897;2026-05-12T16:43:42+00:00
CI;Côte d'Ivoire;coinafrique;location;studio;chambres;Location chambre meublée - Cocody;20000;;;;Cocody;;;https://ci.coinafrique.com/annonce/chambres/location-chambre-meublee-cocody-5176456;2026-05-12T16:43:42+00:00
CI;Côte d'Ivoire;coinafrique;location;studio;chambres;Studio;150000;;;;Cocody;;;https://ci.coinafrique.com/annonce/chambres/studio-5172665;2026-05-12T16:43:42+00:00
CI;Côte d'Ivoire;coinafrique;location;studio;chambres;Location chambres 1pièce- Cocody;70000;;;1;Cocody;;;https://ci.coinafrique.com/annonce/chambres/location-chambres-1piece-cocody-5173793;2026-05-12T16:43:42+00:00
CI;Côte d'Ivoire;coinafrique;location;studio;chambres;Location chambre - Cité Ciad;85000;;;;Cocody;;;https://ci.coinafrique.com/annonce/chambres/location-chambre-cite-ciad-5166999;2026-05-12T16:43:42+00:00
CI;Côte d'Ivoire;coinafrique;location;studio;chambres;Location studio -Riviera Palmeraie;120000;;;;Cocody;Riviera Palmeraie;;https://ci.coinafrique.com/annonce/chambres/location-studio-riviera-palmeraie-5109492;2026-05-12T16:43:42+00:00
CI;Côte d'Ivoire;coinafrique;location;studio;chambres;Location studio meublés-2Plateaux Vallon;150000;;;;Cocody;Vallon;;https://ci.coinafrique.com/annonce/chambres/location-studio-meubles-2plateaux-vallon-5099907;2026-05-12T16:43:42+00:00
CI;Côte d'Ivoire;coinafrique;location;studio;chambres;Location studio Américain haut standing avec balcon à la Riviera Palmeraie;150000;;;;Bingerville;;haut;https://ci.coinafrique.com/annonce/chambres/location-studio-americain-haut-standing-avec-balcon-a-la-riviera-palmeraie-5130014;2026-05-12T16:43:42+00:00
CI;Côte d'Ivoire;coinafrique;location;studio;chambres;location chambres 1 pièces - bingerville;130000;;;1;Bingerville;;;https://ci.coinafrique.com/annonce/chambres/location-chambres-1-pieces-bingerville-5126638;2026-05-12T16:43:42+00:00
CI;Côte d'Ivoire;coinafrique;location;studio;chambres;Location chambre meublée - Cocody;16000;;;;Cocody;;;https://ci.coinafrique.com/annonce/chambres/location-chambre-meublee-cocody-5117639;2026-05-12T16:43:42+00:00
CI;Côte d'Ivoire;coinafrique;location;studio;chambres;Location chambres 4 pièces - Cocody Riviera golf;800000;;;4;Cocody;Riviera Golf;;https://ci.coinafrique.com/annonce/chambres/location-chambres-4-pieces-cocody-riviera-golf-5039924;2026-05-12T16:43:42+00:00
CI;Côte d'Ivoire;coinafrique;location;studio;chambres;Location chambre 1 pièce - Cocody Riviera Bonoumin;280000;;;1;Cocody;Riviera Bonoumin;;https://ci.coinafrique.com/annonce/chambres/location-chambre-1-piece-cocody-riviera-bonoumin-5012043;2026-05-12T16:43:42+00:00
CI;Côte d'Ivoire;coinafrique;location;studio;chambres;Location villa meublée 2pièces-2plateaux vallon;250000;;;2;Cocody;Vallon;;https://ci.coinafrique.com/annonce/chambres/location-villa-meublee-2pieces-2plateaux-vallon-5005048;2026-05-12T16:43:42+00:00
CI;Côte d'Ivoire;coinafrique;location;studio;chambres;Location chambres 2 pièces - Yopougon;50000;;;2;Yopougon;;;https://ci.coinafrique.com/annonce/chambres/location-chambres-2-pieces-yopougon-5007413;2026-05-12T16:43:42+00:00
CI;Côte d'Ivoire;coinafrique;location;studio;chambres;Location chambre - Cocody;20000;;;;Cocody;;;https://ci.coinafrique.com/annonce/chambres/location-chambre-cocody-4990270;2026-05-12T16:43:42+00:00
CI;Côte d'Ivoire;coinafrique;location;studio;chambres;Location chambre 1 pièce - Cocody;100000;;;1;Cocody;;;https://ci.coinafrique.com/annonce/chambres/location-chambre-1-piece-cocody-4984781;2026-05-12T16:43:42+00:00
CI;Côte d'Ivoire;coinafrique;location;studio;chambres;Location chambre - Cocody;16000;;;;Cocody;;;https://ci.coinafrique.com/annonce/chambres/location-chambre-cocody-4925295;2026-05-12T16:43:42+00:00
CI;Côte d'Ivoire;coinafrique;location;studio;chambres;Location chambre à Cocody lycée technique;70000;;;;Cocody;;;https://ci.coinafrique.com/annonce/chambres/location-chambre-a-cocody-lycee-technique-4847659;2026-05-12T16:43:42+00:00
CI;Côte d'Ivoire;coinafrique;location;studio;chambres;Location chambre - Cocody;85000;;;;Cocody;;;https://ci.coinafrique.com/annonce/chambres/location-chambre-cocody-4861523;2026-05-12T16:43:42+00:00
CI;Côte d'Ivoire;coinafrique;location;studio;chambres;Location chambre - Cocody;850000;;;;Cocody;;;https://ci.coinafrique.com/annonce/chambres/location-chambre-cocody-4771084;2026-05-12T16:43:42+00:00
CI;Côte d'Ivoire;coinafrique;location;studio;chambres;Location chambre - Yopougon;12000;;;;Yopougon;;;https://ci.coinafrique.com/annonce/chambres/location-chambre-yopougon-4607096;2026-05-12T16:43:42+00:00
CI;Côte d'Ivoire;coinafrique;location;studio;chambres;Location chambres - Cocody;17000;;;;Cocody;;;https://ci.coinafrique.com/annonce/chambres/location-chambres-cocody-4640373;2026-05-12T16:43:42+00:00
CI;Côte d'Ivoire;coinafrique;location;studio;chambres;Location chambre meublée - Angré;13000;;;;Cocody;Angré;;https://ci.coinafrique.com/annonce/chambres/location-chambre-meublee-angre-4607835;2026-05-12T16:43:42+00:00
CI;Côte d'Ivoire;coinafrique;location;studio;chambres;Location chambre - Cocody;20000;;;;Cocody;;;https://ci.coinafrique.com/annonce/chambres/location-chambre-cocody-4606979;2026-05-12T16:43:42+00:00
CI;Côte d'Ivoire;coinafrique;location;studio;chambres;Location chambre - Cocody;15000;;;;Cocody;;;https://ci.coinafrique.com/annonce/chambres/location-chambre-cocody-4600139;2026-05-12T16:43:42+00:00
CI;Côte d'Ivoire;coinafrique;location;studio;chambres;Location chambre - Cocody Abatta;25000;;;;Cocody;;;https://ci.coinafrique.com/annonce/chambres/location-chambre-cocody-abatta-4595924;2026-05-12T16:43:42+00:00
CI;Côte d'Ivoire;coinafrique;location;studio;chambres;Location chambre - Cocody;90000;;;;Cocody;;;https://ci.coinafrique.com/annonce/chambres/location-chambre-cocody-4551255;2026-05-12T16:43:42+00:00
CI;Côte d'Ivoire;coinafrique;location;studio;chambres;Location baraque - Bingerville;20000;;;;Cocody;;;https://ci.coinafrique.com/annonce/chambres/location-baraque-bingerville-4549096;2026-05-12T16:43:42+00:00
CI;Côte d'Ivoire;coinafrique;location;studio;chambres;Location chambre meulée - Cocody Faya Ephrata Cité Sir;25000;;;;Cocody;Faya;;https://ci.coinafrique.com/annonce/chambres/location-chambre-meulee-cocody-faya-ephrata-cite-sir-4543773;2026-05-12T16:43:42+00:00
CI;Côte d'Ivoire;coinafrique;location;studio;chambres;Location chambre meublée - Yopougon;10000;;;;Yopougon;;;https://ci.coinafrique.com/annonce/chambres/location-chambre-meublee-yopougon-4529863;2026-05-12T16:43:42+00:00
CI;Côte d'Ivoire;coinafrique;location;studio;chambres;Location chambre meublée - Cocody;25000;;;;Cocody;;;https://ci.coinafrique.com/annonce/chambres/location-chambre-meublee-cocody-4528296;2026-05-12T16:43:42+00:00
CI;Côte d'Ivoire;coinafrique;location;studio;chambres;Location Chambre Meublée - Cocody;15000;;;;Cocody;;;https://ci.coinafrique.com/annonce/chambres/location-chambre-meublee-cocody-4521547;2026-05-12T16:43:42+00:00
CI;Côte d'Ivoire;coinafrique;location;studio;chambres;Location chambre meublée - Yopougon texaco;15000;;;;Yopougon;;;https://ci.coinafrique.com/annonce/chambres/location-chambre-meublee-yopougon-texaco-4400979;2026-05-12T16:43:42+00:00
CI;Côte d'Ivoire;coinafrique;location;studio;chambres;Location chambre - Angré;15000;;;;Cocody;Angré;;https://ci.coinafrique.com/annonce/chambres/location-chambre-angre-4391701;2026-05-12T16:43:42+00:00
CI;Côte d'Ivoire;coinafrique;location;studio;chambres;Location chambre - Koumassi;65000;;;;Koumassi;;;https://ci.coinafrique.com/annonce/chambres/location-chambre-koumassi-4307866;2026-05-12T16:43:42+00:00
CI;Côte d'Ivoire;coinafrique;location;studio;chambres;Location chambre - Cocody;20000;;;;Cocody;;;https://ci.coinafrique.com/annonce/chambres/location-chambre-cocody-4284322;2026-05-12T16:43:42+00:00
CI;Côte d'Ivoire;coinafrique;location;studio;chambres;Location chambre - Feh Kesse;5000;;;;Bingerville;;;https://ci.coinafrique.com/annonce/chambres/location-chambre-feh-kesse-4225057;2026-05-12T16:43:42+00:00
CI;Côte d'Ivoire;coinafrique;location;studio;chambres;Location chambres - Cocody;700000;;;;Cocody;;;https://ci.coinafrique.com/annonce/chambres/location-chambres-cocody-4178314;2026-05-12T16:43:42+00:00
CI;Côte d'Ivoire;coinafrique;location;studio;chambres;Location chambre - Cocody;15000;;;;Cocody;;;https://ci.coinafrique.com/annonce/chambres/location-chambre-cocody-4169776;2026-05-12T16:43:42+00:00
CI;Côte d'Ivoire;coinafrique;location;studio;chambres;Location chambres - Abobo;50000;;;;Abobo;;;https://ci.coinafrique.com/annonce/chambres/location-chambres-abobo-4138799;2026-05-12T16:43:42+00:00
CI;Côte d'Ivoire;coinafrique;location;studio;chambres;Location chambre - Lokoa;70000;;;;Yopougon;;;https://ci.coinafrique.com/annonce/chambres/location-chambre-lokoa-4029276;2026-05-12T16:43:42+00:00
CI;Côte d'Ivoire;coinafrique;location;studio;chambres;Location chambre - Riviera 2;61000;;;;Cocody;Riviera 2;;https://ci.coinafrique.com/annonce/chambres/location-chambre-riviera-2-3910662;2026-05-12T16:43:42+00:00
CI;Côte d'Ivoire;coinafrique;location;studio;chambres;Location chambre 1 pièce - Cocody;26000;;;1;Cocody;;;https://ci.coinafrique.com/annonce/chambres/location-chambre-1-piece-cocody-3907691;2026-05-12T16:43:42+00:00
CI;Côte d'Ivoire;coinafrique;location;studio;chambres;Location chambre - Adjamé;70000;;;;Adjamé;;;https://ci.coinafrique.com/annonce/chambres/location-chambre-adjame-3850559;2026-05-12T16:43:42+00:00
CI;Côte d'Ivoire;coinafrique;location;studio;chambres;Location chambre - Yopougon;25000;;;;Yopougon;;;https://ci.coinafrique.com/annonce/chambres/location-chambre-yopougon-3800678;2026-05-12T16:43:42+00:00
CI;Côte d'Ivoire;coinafrique;location;studio;chambres;Location chambre - Cocody;60000;;;;Cocody;;;https://ci.coinafrique.com/annonce/chambres/location-chambre-cocody-3790496;2026-05-12T16:43:42+00:00
CI;Côte d'Ivoire;coinafrique;location;studio;chambres;Location chambre meublée - Cote d'Ivoire;25000;;;;Cocody;;;https://ci.coinafrique.com/annonce/chambres/location-chambre-meublee-cote-divoire-3689488;2026-05-12T16:43:42+00:00
CI;Côte d'Ivoire;coinafrique;location;studio;chambres;Location Chambre 1 pièce - Koumassi;13000;;;1;Koumassi;;;https://ci.coinafrique.com/annonce/chambres/location-chambre-1-piece-koumassi-3640029;2026-05-12T16:43:42+00:00
CI;Côte d'Ivoire;coinafrique;location;studio;chambres;Location chambre 1 pièce - Koumassi;13000;;;1;Koumassi;;;https://ci.coinafrique.com/annonce/chambres/location-chambre-1-piece-koumassi-3639142;2026-05-12T16:43:42+00:00
CI;Côte d'Ivoire;coinafrique;location;studio;chambres;Location chambres 1 pièces - Cocody;100000;;;1;Cocody;;;https://ci.coinafrique.com/annonce/chambres/location-chambres-1-pieces-cocody-3563566;2026-05-12T16:43:42+00:00
CI;Côte d'Ivoire;coinafrique;location;studio;chambres;Location chambre - Grand-Bassam;25000;;;;Grand-Bassam;;;https://ci.coinafrique.com/annonce/chambres/location-chambre-grand-bassam-3579248;2026-05-12T16:43:42+00:00
CI;Côte d'Ivoire;coinafrique;location;studio;chambres;Location chambre 1 pièce - Cocody;100000;;;1;Cocody;;;https://ci.coinafrique.com/annonce/chambres/location-chambre-1-piece-cocody-3531083;2026-05-12T16:43:42+00:00
CI;Côte d'Ivoire;coinafrique;location;studio;chambres;Location Dortoir femmes - Anono;1500;;;;Cocody;;;https://ci.coinafrique.com/annonce/chambres/location-dortoir-femmes-anono-3565483;2026-05-12T16:43:42+00:00
CI;Côte d'Ivoire;coinafrique;location;studio;chambres;Location chambre 1 pièce - Cocody;17000;;;1;Cocody;;;https://ci.coinafrique.com/annonce/chambres/location-chambre-1-piece-cocody-3522507;2026-05-12T16:43:42+00:00
CI;Côte d'Ivoire;coinafrique;location;studio;chambres;Location chambre meublée - Yopougon Texaco;10000;;;;Yopougon;;;https://ci.coinafrique.com/annonce/chambres/location-chambre-meublee-yopougon-texaco-3519323;2026-05-12T16:43:42+00:00
CI;Côte d'Ivoire;coinafrique;location;studio;chambres;Cherche Chambre - Yopougon;40000;;;;Yopougon;;;https://ci.coinafrique.com/annonce/chambres/cherche-chambre-yopougon-3515854;2026-05-12T16:43:42+00:00
CI;Côte d'Ivoire;coinafrique;location;studio;chambres;Location chambre 1 pièce - Cocody;150000;;;1;Cocody;;;https://ci.coinafrique.com/annonce/chambres/location-chambre-1-piece-cocody-3458461;2026-05-12T16:43:42+00:00
CI;Côte d'Ivoire;coinafrique;location;studio;chambres;Location chambre 1 pièce - Cocody;160000;;;1;Cocody;;;https://ci.coinafrique.com/annonce/chambres/location-chambre-1-piece-cocody-3455261;2026-05-12T16:43:42+00:00
CI;Côte d'Ivoire;coinafrique;location;studio;chambres;Location chambre - Riviera 2;60000;;;;Cocody;Riviera 2;;https://ci.coinafrique.com/annonce/chambres/location-chambre-riviera-2-3479630;2026-05-12T16:43:42+00:00
CI;Côte d'Ivoire;coinafrique;location;studio;chambres;Location chambre - Anono;1000;;;;Cocody;;;https://ci.coinafrique.com/annonce/chambres/location-chambre-anono-3475182;2026-05-12T16:43:42+00:00
CI;Côte d'Ivoire;coinafrique;location;studio;chambres;Location chambre meublée - Cocody;16000;;;;Cocody;;;https://ci.coinafrique.com/annonce/chambres/location-chambre-meublee-cocody-3474739;2026-05-12T16:43:42+00:00
CI;Côte d'Ivoire;coinafrique;location;studio;chambres;Location chambre meublée - Abidjan;20000;;;;Adjamé;;;https://ci.coinafrique.com/annonce/chambres/location-chambre-meublee-abidjan-3428986;2026-05-12T16:43:42+00:00
CI;Côte d'Ivoire;coinafrique;location;studio;chambres;Location Résidence meublée - Riviera Palmeraie Programme 4;15000;;;;Cocody;Riviera Palmeraie;;https://ci.coinafrique.com/annonce/chambres/location-residence-meublee-riviera-palmeraie-programme-4-3416652;2026-05-12T16:43:42+00:00
CI;Côte d'Ivoire;coinafrique;location;studio;chambres;Location Chambre meublée;20000;;;;Yopougon;;;https://ci.coinafrique.com/annonce/chambres/location-chambre-meublee-3411478;2026-05-12T16:43:42+00:00
CI;Côte d'Ivoire;coinafrique;location;studio;chambres;Location Chambre - Cocody Faya;110000;;;;Cocody;Faya;;https://ci.coinafrique.com/annonce/chambres/location-chambre-cocody-faya-3382080;2026-05-12T16:43:42+00:00
CI;Côte d'Ivoire;coinafrique;location;studio;chambres;Location chambre 1 pièce - Grand-Bassam;95000;;;1;Grand-Bassam;;;https://ci.coinafrique.com/annonce/chambres/location-chambre-1-piece-grand-bassam-3376091;2026-05-12T16:43:42+00:00
CI;Côte d'Ivoire;coinafrique;location;studio;chambres;Location chambre 1 pièce - Riviera M'badon;45000;;;1;Cocody;Riviera M'Badon;;https://ci.coinafrique.com/annonce/chambres/location-chambre-1-piece-riviera-mbadon-3333805;2026-05-12T16:43:42+00:00
CI;Côte d'Ivoire;coinafrique;location;studio;chambres;Location chambre - Riviera M'badon;45000;;;;Cocody;Riviera M'Badon;;https://ci.coinafrique.com/annonce/chambres/location-chambre-riviera-mbadon-3328182;2026-05-12T16:43:42+00:00
CI;Côte d'Ivoire;coinafrique;location;studio;chambres;Location chambre meublée;25000;;;;Marcory;;;https://ci.coinafrique.com/annonce/chambres/location-chambre-meublee-3308705;2026-05-12T16:43:42+00:00
CI;Côte d'Ivoire;coinafrique;location;studio;chambres;Recherche Chambre - Sicobois;15000;;;;Cocody;;;https://ci.coinafrique.com/annonce/chambres/recherche-chambre-sicobois-3296771;2026-05-12T16:43:42+00:00
CI;Côte d'Ivoire;coinafrique;location;studio;chambres;Location Chambre - Cocody Angré;50000;;;;Cocody;Angré;;https://ci.coinafrique.com/annonce/chambres/location-chambre-cocody-angre-3213998;2026-05-12T16:43:42+00:00
CI;Côte d'Ivoire;coinafrique;location;studio;chambres;Location chambre - Riviera;50000;;;;Cocody;;;https://ci.coinafrique.com/annonce/chambres/location-chambre-riviera-3126841;2026-05-12T16:43:42+00:00
CI;Côte d'Ivoire;coinafrique;location;studio;chambres;Location chambre meublée;20000;;;;Marcory;;;https://ci.coinafrique.com/annonce/chambres/location-chambre-meublee-3061259;2026-05-12T16:43:42+00:00
CI;Côte d'Ivoire;coinafrique;location;studio;chambres;Location chambre 1 pièce - Cocody;25000;;;1;Cocody;;;https://ci.coinafrique.com/annonce/chambres/location-chambre-1-piece-cocody-3014942;2026-05-12T16:43:42+00:00
CI;Côte d'Ivoire;coinafrique;location;studio;chambres;Location chambres meublées;20000;;;;Marcory;;;https://ci.coinafrique.com/annonce/chambres/location-chambres-meublees-2971514;2026-05-12T16:43:42+00:00
CI;Côte d'Ivoire;coinafrique;location;studio;chambres;Location chambre;20000;;;;Marcory;;;https://ci.coinafrique.com/annonce/chambres/location-chambre-2939932;2026-05-12T16:43:42+00:00
CI;Côte d'Ivoire;coinafrique;location;studio;chambres;Location chambre meublée - Koumassi;20000;;;;Koumassi;;;https://ci.coinafrique.com/annonce/chambres/location-chambre-meublee-koumassi-2939220;2026-05-12T16:43:42+00:00
CI;Côte d'Ivoire;coinafrique;location;studio;chambres;Location chambre 1 pièce - Cocody;25000;;;1;Cocody;;;https://ci.coinafrique.com/annonce/chambres/location-chambre-1-piece-cocody-2932928;2026-05-12T16:43:42+00:00
CI;Côte d'Ivoire;coinafrique;location;studio;chambres;Location chambre 3 pièces - Cocody;35000;;;3;Cocody;;;https://ci.coinafrique.com/annonce/chambres/location-chambre-3-pieces-cocody-2926700;2026-05-12T16:43:42+00:00
CI;Côte d'Ivoire;coinafrique;location;studio;chambres;Location Résidence meublée;15000;;;;Cocody;;;https://ci.coinafrique.com/annonce/chambres/location-residence-meublee-2921009;2026-05-12T16:43:42+00:00
CI;Côte d'Ivoire;coinafrique;location;studio;chambres;Location Chambre 1 pièce - Grand-Bassam;23000;;;1;Grand-Bassam;;;https://ci.coinafrique.com/annonce/chambres/location-chambre-1-piece-grand-bassam-2917967;2026-05-12T16:43:42+00:00
CI;Côte d'Ivoire;coinafrique;location;studio;chambres;Location Résidences meublées;20000;;;;Marcory;;;https://ci.coinafrique.com/annonce/chambres/location-residences-meublees-2915715;2026-05-12T16:43:42+00:00
CI;Côte d'Ivoire;coinafrique;location;studio;chambres;Location chambre 1 pièce - Yopougon;28000;;;1;Yopougon;;;https://ci.coinafrique.com/annonce/chambres/location-chambre-1-piece-yopougon-2847112;2026-05-12T16:43:42+00:00
CI;Côte d'Ivoire;coinafrique;location;studio;chambres;Location Chambre meublée 1 pièce - Yopougon;28000;;;1;Yopougon;;;https://ci.coinafrique.com/annonce/chambres/location-chambre-meublee-1-piece-yopougon-2845455;2026-05-12T16:43:42+00:00
CI;Côte d'Ivoire;coinafrique;location;studio;chambres;Location Chambre 1 Pièce - Yopougon;28000;;;1;Yopougon;;;https://ci.coinafrique.com/annonce/chambres/location-chambre-1-piece-yopougon-2842466;2026-05-12T16:43:42+00:00
CI;Côte d'Ivoire;coinafrique;location;studio;chambres;Location chambre meublée - Yopougon;28000;;;;Yopougon;;;https://ci.coinafrique.com/annonce/chambres/location-chambre-meublee-yopougon-2834945;2026-05-12T16:43:42+00:00
CI;Côte d'Ivoire;coinafrique;location;studio;chambres;Location chambres 1 pièces - Yopougon;28000;;;1;Yopougon;;;https://ci.coinafrique.com/annonce/chambres/location-chambres-1-pieces-yopougon-2832565;2026-05-12T16:43:42+00:00
CI;Côte d'Ivoire;coinafrique;location;studio;chambres;Location chambre - Angré;75000;;;;Cocody;Angré;;https://ci.coinafrique.com/annonce/chambres/location-chambre-angre-2832427;2026-05-12T16:43:42+00:00
CI;Côte d'Ivoire;coinafrique;location;studio;chambres;Location Chambre meublée 1 pièce - Yopougon;28000;;;1;Yopougon;;;https://ci.coinafrique.com/annonce/chambres/location-chambre-meublee-1-piece-yopougon-2830885;2026-05-12T16:43:42+00:00
CI;Côte d'Ivoire;coinafrique;location;studio;chambres;Location chambre 1 pièce - Abidjan yopougon;40000;;;1;Yopougon;;;https://ci.coinafrique.com/annonce/chambres/location-chambre-1-piece-abidjan-yopougon-2820157;2026-05-12T16:43:42+00:00
CI;Côte d'Ivoire;coinafrique;location;studio;chambres;Location Chambre 1 pièce - Yopougon;28000;;;1;Yopougon;;;https://ci.coinafrique.com/annonce/chambres/location-chambre-1-piece-yopougon-2818460;2026-05-12T16:43:42+00:00
CI;Côte d'Ivoire;coinafrique;location;studio;chambres;Location chambres 1 pièces - Yopougon;28000;;;1;Yopougon;;;https://ci.coinafrique.com/annonce/chambres/location-chambres-1-pieces-yopougon-2806376;2026-05-12T16:43:42+00:00
CI;Côte d'Ivoire;coinafrique;location;studio;chambres;Location Chambres 1 pièce - Yopougon;28000;;;1;Yopougon;;;https://ci.coinafrique.com/annonce/chambres/location-chambres-1-piece-yopougon-2800682;2026-05-12T16:43:42+00:00
CI;Côte d'Ivoire;coinafrique;location;studio;chambres;Location chambres 1 pièce - Bingerville;450000;;;1;Bingerville;;;https://ci.coinafrique.com/annonce/chambres/location-chambres-1-piece-bingerville-2798365;2026-05-12T16:43:42+00:00
CI;Côte d'Ivoire;coinafrique;location;studio;chambres;Location Chambre Divine palace;40000;;;;Cocody;;;https://ci.coinafrique.com/annonce/chambres/location-chambre-divine-palace-2793162;2026-05-12T16:43:42+00:00
CI;Côte d'Ivoire;coinafrique;location;studio;chambres;Location chambre meublée - Yopougon;28000;;;;Yopougon;;;https://ci.coinafrique.com/annonce/chambres/location-chambre-meublee-yopougon-2787157;2026-05-12T16:43:42+00:00
CI;Côte d'Ivoire;coinafrique;location;studio;chambres;Location Chambres 1 pièce - Yopougon;28000;;;1;Yopougon;;;https://ci.coinafrique.com/annonce/chambres/location-chambres-1-piece-yopougon-2785307;2026-05-12T16:43:42+00:00
CI;Côte d'Ivoire;coinafrique;location;studio;chambres;Location Chambres 1 pièce - Yopougon;28000;;;1;Yopougon;;;https://ci.coinafrique.com/annonce/chambres/location-chambres-1-piece-yopougon-2776532;2026-05-12T16:43:42+00:00
CI;Côte d'Ivoire;coinafrique;location;studio;chambres;Location studio - Angré 7 ème tranche;110000;;;;Cocody;Angré;;https://ci.coinafrique.com/annonce/chambres/location-studio-angre-7-eme-tranche-2775037;2026-05-12T16:43:42+00:00
CI;Côte d'Ivoire;coinafrique;location;studio;chambres;Location Chambres - Yopougon;28000;;;;Yopougon;;;https://ci.coinafrique.com/annonce/chambres/location-chambres-yopougon-2774203;2026-05-12T16:43:42+00:00
CI;Côte d'Ivoire;coinafrique;location;studio;chambres;Location chambres 1 pièce - Yopougon;28000;;;1;Yopougon;;;https://ci.coinafrique.com/annonce/chambres/location-chambres-1-piece-yopougon-2767291;2026-05-12T16:43:42+00:00
CI;Côte d'Ivoire;coinafrique;location;studio;chambres;Location chambre 1 pièce - Yopougon;28000;;;1;Yopougon;;;https://ci.coinafrique.com/annonce/chambres/location-chambre-1-piece-yopougon-2759764;2026-05-12T16:43:42+00:00
CI;Côte d'Ivoire;coinafrique;location;studio;chambres;Location chambre - Angré Besikoi Nouveau CHU;60000;;;;Cocody;Angré;;https://ci.coinafrique.com/annonce/chambres/location-chambre-angre-besikoi-nouveau-chu-2758886;2026-05-12T16:43:42+00:00
CI;Côte d'Ivoire;coinafrique;location;studio;chambres;Location Chambre 1 pièce - Yopougon;28000;;;1;Yopougon;;;https://ci.coinafrique.com/annonce/chambres/location-chambre-1-piece-yopougon-2755430;2026-05-12T16:43:42+00:00
CI;Côte d'Ivoire;coinafrique;location;studio;chambres;Location chambre 1 pièce - Yopougon;28000;;;1;Yopougon;;;https://ci.coinafrique.com/annonce/chambres/location-chambre-1-piece-yopougon-2752126;2026-05-12T16:43:42+00:00
CI;Côte d'Ivoire;coinafrique;location;studio;chambres;Location Chambre meublée - Yopougon;28000;;;;Yopougon;;;https://ci.coinafrique.com/annonce/chambres/location-chambre-meublee-yopougon-2750310;2026-05-12T16:43:42+00:00
CI;Côte d'Ivoire;coinafrique;location;studio;chambres;Location Chambre 1 Pièce - Yopougon;28000;;;1;Yopougon;;;https://ci.coinafrique.com/annonce/chambres/location-chambre-1-piece-yopougon-2748362;2026-05-12T16:43:42+00:00
CI;Côte d'Ivoire;coinafrique;location;studio;chambres;Location Chambres 1 pièce - Yopougon;28000;;;1;Yopougon;;;https://ci.coinafrique.com/annonce/chambres/location-chambres-1-piece-yopougon-2745330;2026-05-12T16:43:42+00:00
CI;Côte d'Ivoire;coinafrique;location;studio;chambres;Location Chambres 1 pièces - Yopougon;28000;;;1;Yopougon;;;https://ci.coinafrique.com/annonce/chambres/location-chambres-1-pieces-yopougon-2744471;2026-05-12T16:43:42+00:00
CI;Côte d'Ivoire;coinafrique;location;studio;chambres;Location chambre - Palmeraie;55000;;;;Cocody;Palmeraie;;https://ci.coinafrique.com/annonce/chambres/location-chambre-palmeraie-2742799;2026-05-12T16:43:42+00:00
CI;Côte d'Ivoire;coinafrique;location;studio;chambres;Location Chambres 1 pièce - Yopougon;28000;;;1;Yopougon;;;https://ci.coinafrique.com/annonce/chambres/location-chambres-1-piece-yopougon-2741830;2026-05-12T16:43:42+00:00
CI;Côte d'Ivoire;coinafrique;location;studio;chambres;Location chambre - Angre;60000;;;;Cocody;Angre;;https://ci.coinafrique.com/annonce/chambres/location-chambre-angre-2737939;2026-05-12T16:43:42+00:00
CI;Côte d'Ivoire;coinafrique;location;studio;chambres;Location chambres -Cocody;110000;;;;Cocody;;;https://ci.coinafrique.com/annonce/chambres/location-chambres-cocody-2737468;2026-05-12T16:43:42+00:00
CI;Côte d'Ivoire;coinafrique;location;studio;chambres;Location Chambres 1 pièce - Yopougon;28000;;;1;Yopougon;;;https://ci.coinafrique.com/annonce/chambres/location-chambres-1-piece-yopougon-2735467;2026-05-12T16:43:42+00:00
CI;Côte d'Ivoire;coinafrique;location;studio;chambres;Location Chambre meublée - Yopougon;28000;;;;Yopougon;;;https://ci.coinafrique.com/annonce/chambres/location-chambre-meublee-yopougon-2732861;2026-05-12T16:43:42+00:00
CI;Côte d'Ivoire;coinafrique;location;studio;chambres;Location Chambres - Yopougon;25000;;;;Yopougon;;;https://ci.coinafrique.com/annonce/chambres/location-chambres-yopougon-2725287;2026-05-12T16:43:42+00:00
CI;Côte d'Ivoire;coinafrique;location;studio;chambres;Location studio - Angré;100000;;;;Cocody;Angré;;https://ci.coinafrique.com/annonce/chambres/location-studio-angre-2721259;2026-05-12T16:43:42+00:00
CI;Côte d'Ivoire;coinafrique;location;studio;chambres;Location Chambre 1 Pièce - Cocody;140000;;;1;Cocody;;;https://ci.coinafrique.com/annonce/chambres/location-chambre-1-piece-cocody-2717571;2026-05-12T16:43:42+00:00
CI;Côte d'Ivoire;coinafrique;location;studio;chambres;Location Chambre 1 Pièce - Cocody;110000;;;1;Cocody;;;https://ci.coinafrique.com/annonce/chambres/location-chambre-1-piece-cocody-2717565;2026-05-12T16:43:42+00:00
CI;Côte d'Ivoire;coinafrique;location;studio;chambres;Location Chambre 1 Pièce - Cocody;50000;;;1;Cocody;;;https://ci.coinafrique.com/annonce/chambres/location-chambre-1-piece-cocody-2710465;2026-05-12T16:43:42+00:00
CI;Côte d'Ivoire;coinafrique;location;studio;chambres;Location chambres 1 pièces - Yopougon;25000;;;1;Yopougon;;;https://ci.coinafrique.com/annonce/chambres/location-chambres-1-pieces-yopougon-2709090;2026-05-12T16:43:42+00:00
CI;Côte d'Ivoire;coinafrique;location;studio;chambres;Location chambre - Cocody;110000;;;;Cocody;;;https://ci.coinafrique.com/annonce/chambres/location-chambre-cocody-2708880;2026-05-12T16:43:42+00:00
CI;Côte d'Ivoire;coinafrique;location;studio;chambres;Location Chambres 1 pièce - Cocody;80000;;;1;Cocody;;;https://ci.coinafrique.com/annonce/chambres/location-chambres-1-piece-cocody-2708875;2026-05-12T16:43:42+00:00
CI;Côte d'Ivoire;coinafrique;location;studio;chambres;Location chambre - Cocody;50000;;;;Cocody;;;https://ci.coinafrique.com/annonce/chambres/location-chambre-cocody-2708821;2026-05-12T16:43:42+00:00
CI;Côte d'Ivoire;coinafrique;location;studio;chambres;Location Chambres - Cocody;45000;;;;Cocody;;;https://ci.coinafrique.com/annonce/chambres/location-chambres-cocody-2708375;2026-05-12T16:43:42+00:00
CI;Côte d'Ivoire;coinafrique;location;studio;chambres;Location chambres 1 pièces - Yopougon;25000;;;1;Yopougon;;;https://ci.coinafrique.com/annonce/chambres/location-chambres-1-pieces-yopougon-2706647;2026-05-12T16:43:42+00:00
CI;Côte d'Ivoire;coinafrique;location;studio;chambres;Location chambres 1 pièces - Cocody;45000;;;1;Cocody;;;https://ci.coinafrique.com/annonce/chambres/location-chambres-1-pieces-cocody-2705606;2026-05-12T16:43:42+00:00
CI;Côte d'Ivoire;coinafrique;location;studio;chambres;Location chambres 1 pièces - Cocody;45000;;;1;Cocody;;;https://ci.coinafrique.com/annonce/chambres/location-chambres-1-pieces-cocody-2705440;2026-05-12T16:43:42+00:00
CI;Côte d'Ivoire;coinafrique;location;studio;chambres;Location chambres 1 pièces - Cocody;80000;;;1;Cocody;;;https://ci.coinafrique.com/annonce/chambres/location-chambres-1-pieces-cocody-2704928;2026-05-12T16:43:42+00:00
CI;Côte d'Ivoire;coinafrique;location;studio;chambres;Location Chambre 1 Pièce - Cocody;40000;;;1;Cocody;;;https://ci.coinafrique.com/annonce/chambres/location-chambre-1-piece-cocody-2703848;2026-05-12T16:43:42+00:00
CI;Côte d'Ivoire;coinafrique;location;studio;chambres;Location Chambres - Cocody;40000;;;;Cocody;;;https://ci.coinafrique.com/annonce/chambres/location-chambres-cocody-2703286;2026-05-12T16:43:42+00:00
CI;Côte d'Ivoire;coinafrique;location;studio;chambres;Location chambre - Cocody;110000;;;;Cocody;;;https://ci.coinafrique.com/annonce/chambres/location-chambre-cocody-2698321;2026-05-12T16:43:42+00:00
CI;Côte d'Ivoire;coinafrique;location;studio;chambres;Location Chambres 1 pièce - Cocody;90000;;;1;Cocody;;;https://ci.coinafrique.com/annonce/chambres/location-chambres-1-piece-cocody-2693504;2026-05-12T16:43:42+00:00
CI;Côte d'Ivoire;coinafrique;location;studio;chambres;Location chambres - Cocody;110000;;;;Cocody;;;https://ci.coinafrique.com/annonce/chambres/location-chambres-cocody-2693494;2026-05-12T16:43:42+00:00
CI;Côte d'Ivoire;coinafrique;location;studio;chambres;Location chambres 1 pièce - Cocody;90000;;;1;Cocody;;;https://ci.coinafrique.com/annonce/chambres/location-chambres-1-piece-cocody-2690392;2026-05-12T16:43:42+00:00
CI;Côte d'Ivoire;coinafrique;location;studio;chambres;Location chambre 1 pièce - Cocody;110000;;;1;Cocody;;;https://ci.coinafrique.com/annonce/chambres/location-chambre-1-piece-cocody-2690390;2026-05-12T16:43:42+00:00
CI;Côte d'Ivoire;coinafrique;location;studio;chambres;Location Chambres 1 pièce - Cocody;90000;;;1;Cocody;;;https://ci.coinafrique.com/annonce/chambres/location-chambres-1-piece-cocody-2689290;2026-05-12T16:43:42+00:00
CI;Côte d'Ivoire;coinafrique;location;studio;chambres;Location chambres - Cocody;110000;;;;Cocody;;;https://ci.coinafrique.com/annonce/chambres/location-chambres-cocody-2689280;2026-05-12T16:43:42+00:00
CI;Côte d'Ivoire;coinafrique;location;studio;chambres;Location chambre - Yopougon;10000;;;;Yopougon;;;https://ci.coinafrique.com/annonce/chambres/location-chambre-yopougon-2685859;2026-05-12T16:43:42+00:00
CI;Côte d'Ivoire;coinafrique;location;studio;chambres;Location chambres 01 pièces - Koumassi;80000;;;1;Koumassi;;;https://ci.coinafrique.com/annonce/chambres/location-chambres-01-pieces-koumassi-2683225;2026-05-12T16:43:42+00:00
CI;Côte d'Ivoire;coinafrique;location;studio;chambres;Location chambre 1 pièce - Cocody;80000;;;1;Cocody;;;https://ci.coinafrique.com/annonce/chambres/location-chambre-1-piece-cocody-2682873;2026-05-12T16:43:42+00:00
CI;Côte d'Ivoire;coinafrique;location;studio;chambres;Location chambre - Cocody;90000;;;;Cocody;;;https://ci.coinafrique.com/annonce/chambres/location-chambre-cocody-2677191;2026-05-12T16:43:42+00:00
CI;Côte d'Ivoire;coinafrique;location;studio;chambres;Location Chambres - Cocody;130000;;;;Cocody;;;https://ci.coinafrique.com/annonce/chambres/location-chambres-cocody-2677189;2026-05-12T16:43:42+00:00
CI;Côte d'Ivoire;coinafrique;location;studio;chambres;Location chambre 1 pièce - Cocody;90000;;;1;Cocody;;;https://ci.coinafrique.com/annonce/chambres/location-chambre-1-piece-cocody-2663571;2026-05-12T16:43:42+00:00
CI;Côte d'Ivoire;coinafrique;location;studio;chambres;Location Chambres 1 pièce - Cocody;75000;;;1;Cocody;;;https://ci.coinafrique.com/annonce/chambres/location-chambres-1-piece-cocody-2644310;2026-05-12T16:43:42+00:00
CI;Côte d'Ivoire;coinafrique;location;studio;chambres;Location Chambre Deux plateaux Aghien;15000;;;;Cocody;Deux Plateaux;;https://ci.coinafrique.com/annonce/chambres/location-chambre-deux-plateaux-aghien-2636899;2026-05-12T16:43:42+00:00
CI;Côte d'Ivoire;coinafrique;location;studio;chambres;Location chambre 1 pièces - Cocody Riviera Palmeraie;90000;;;1;Cocody;Riviera Palmeraie;;https://ci.coinafrique.com/annonce/chambres/location-chambre-1-pieces-cocody-riviera-palmeraie-2634666;2026-05-12T16:43:42+00:00
CI;Côte d'Ivoire;coinafrique;location;studio;chambres;Location chambre - Koumssi;35000;;;;Cocody;;;https://ci.coinafrique.com/annonce/chambres/location-chambre-koumssi-2634506;2026-05-12T16:43:42+00:00
CI;Côte d'Ivoire;coinafrique;location;studio;chambres;Location chambre -Cocody;90000;;;;Cocody;;;https://ci.coinafrique.com/annonce/chambres/location-chambre-cocody-2630005;2026-05-12T16:43:42+00:00
CI;Côte d'Ivoire;coinafrique;location;studio;chambres;Location Chambre 1 pièce - Cocody;90000;;;1;Cocody;;;https://ci.coinafrique.com/annonce/chambres/location-chambre-1-piece-cocody-2612991;2026-05-12T16:43:42+00:00
CI;Côte d'Ivoire;coinafrique;location;studio;chambres;Location Chambre 1 pièce - Cocody;90000;;;1;Cocody;;;https://ci.coinafrique.com/annonce/chambres/location-chambre-1-piece-cocody-2608633;2026-05-12T16:43:42+00:00
CI;Côte d'Ivoire;coinafrique;location;studio;chambres;Location Chambre 1 pièces - Cocody;90000;;;1;Cocody;;;https://ci.coinafrique.com/annonce/chambres/location-chambre-1-pieces-cocody-2601684;2026-05-12T16:43:42+00:00
CI;Côte d'Ivoire;coinafrique;location;studio;chambres;Location Chambre autonome - 7eme Tranche;65000;;;;Cocody;;;https://ci.coinafrique.com/annonce/chambres/location-chambre-autonome-7eme-tranche-2601232;2026-05-12T16:43:42+00:00
CI;Côte d'Ivoire;coinafrique;location;studio;chambres;Location chambres - Cocody;90000;;;;Cocody;;;https://ci.coinafrique.com/annonce/chambres/location-chambres-cocody-2599643;2026-05-12T16:43:42+00:00
CI;Côte d'Ivoire;coinafrique;location;studio;chambres;Location chambres -Cocody;90000;;;;Cocody;;;https://ci.coinafrique.com/annonce/chambres/location-chambres-cocody-2593499;2026-05-12T16:43:42+00:00
CI;Côte d'Ivoire;coinafrique;location;studio;chambres;Location Chambre 1 pièce - Cocody;90000;;;1;Cocody;;;https://ci.coinafrique.com/annonce/chambres/location-chambre-1-piece-cocody-2593493;2026-05-12T16:43:42+00:00
CI;Côte d'Ivoire;coinafrique;location;studio;chambres;Location Chambre 1 Pièce - Marcory Zone 4;90000;;;1;Marcory;Zone 4;;https://ci.coinafrique.com/annonce/chambres/location-chambre-1-piece-marcory-zone-4-2584202;2026-05-12T16:43:42+00:00
CI;Côte d'Ivoire;coinafrique;location;studio;chambres;Location Chambres 1 pièce - Marcory;85000;;;1;Marcory;;;https://ci.coinafrique.com/annonce/chambres/location-chambres-1-piece-marcory-2582742;2026-05-12T16:43:42+00:00
CI;Côte d'Ivoire;coinafrique;location;studio;chambres;Location Chambre- Yopougon;10000;;;;Yopougon;;;https://ci.coinafrique.com/annonce/chambres/location-chambre-yopougon-2580793;2026-05-12T16:43:42+00:00
CI;Côte d'Ivoire;coinafrique;location;studio;chambres;Location chambres 1 pièce - Cocody;120000;;;1;Cocody;;;https://ci.coinafrique.com/annonce/chambres/location-chambres-1-piece-cocody-2579886;2026-05-12T16:43:42+00:00
CI;Côte d'Ivoire;coinafrique;location;studio;chambres;Location Chambres 10 pièces - Cocody;25000;;;10;Cocody;;;https://ci.coinafrique.com/annonce/chambres/location-chambres-10-pieces-cocody-2579882;2026-05-12T16:43:42+00:00
CI;Côte d'Ivoire;coinafrique;location;studio;chambres;Location chambre - Abobo Sogefiha;40000;;;;Abobo;;;https://ci.coinafrique.com/annonce/chambres/location-chambre-abobo-sogefiha-2578783;2026-05-12T16:43:42+00:00
CI;Côte d'Ivoire;coinafrique;location;studio;chambres;Location chambre -Cocody;100000;;;;Cocody;;;https://ci.coinafrique.com/annonce/chambres/location-chambre-cocody-2556614;2026-05-12T16:43:42+00:00
CI;Côte d'Ivoire;coinafrique;location;studio;chambres;Location chambres meublée - Cocody 2plateaux;20000;;;;Cocody;;;https://ci.coinafrique.com/annonce/chambres/location-chambres-meublee-cocody-2plateaux-2551609;2026-05-12T16:43:42+00:00
CI;Côte d'Ivoire;coinafrique;location;studio;chambres;Location Chambre 1 pièce - Cocody;105000;;;1;Cocody;;;https://ci.coinafrique.com/annonce/chambres/location-chambre-1-piece-cocody-2550165;2026-05-12T16:43:42+00:00
CI;Côte d'Ivoire;coinafrique;location;studio;chambres;Location chambres - Cocody Riviéra Faya;80000;;;;Cocody;Faya;;https://ci.coinafrique.com/annonce/chambres/location-chambres-cocody-riviera-faya-2537068;2026-05-12T16:43:42+00:00
CI;Côte d'Ivoire;coinafrique;location;studio;chambres;Location Chambres - Cocody;150000;;;;Cocody;;;https://ci.coinafrique.com/annonce/chambres/location-chambres-cocody-2531396;2026-05-12T16:43:42+00:00
CI;Côte d'Ivoire;coinafrique;location;studio;chambres;Location Chambre 1 Pièce - Cocody;70000;;;1;Cocody;;;https://ci.coinafrique.com/annonce/chambres/location-chambre-1-piece-cocody-2503946;2026-05-12T16:43:42+00:00
CI;Côte d'Ivoire;coinafrique;location;studio;chambres;Location Chambre meublée - Aghien;15000;;;;Cocody;;;https://ci.coinafrique.com/annonce/chambres/location-chambre-meublee-aghien-2499109;2026-05-12T16:43:42+00:00
CI;Côte d'Ivoire;coinafrique;location;studio;chambres;Location chambre d’hôte;40000;;;;Treichville;;;https://ci.coinafrique.com/annonce/chambres/location-chambre-dhote-2491888;2026-05-12T16:43:42+00:00
CI;Côte d'Ivoire;coinafrique;location;studio;chambres;Location Chambre 1 Pièce - Yopougon;30000;;;1;Yopougon;;;https://ci.coinafrique.com/annonce/chambres/location-chambre-1-piece-yopougon-2481533;2026-05-12T16:43:42+00:00
CI;Côte d'Ivoire;coinafrique;location;studio;chambres;Location Chambre 1 pièces - Cocody;150000;;;1;Cocody;;;https://ci.coinafrique.com/annonce/chambres/location-chambre-1-pieces-cocody-2477243;2026-05-12T16:43:42+00:00
CI;Côte d'Ivoire;coinafrique;location;studio;chambres;Location chambres 1 pièces - Cocody;60000;;;1;Cocody;;;https://ci.coinafrique.com/annonce/chambres/location-chambres-1-pieces-cocody-2462721;2026-05-12T16:43:42+00:00
CI;Côte d'Ivoire;coinafrique;location;studio;chambres;Location chambres - Cocody;25000;;;;Cocody;;;https://ci.coinafrique.com/annonce/chambres/location-chambres-cocody-2460120;2026-05-12T16:43:42+00:00
CI;Côte d'Ivoire;coinafrique;location;studio;chambres;Location chambres - Cocody;35000;;;;Cocody;;;https://ci.coinafrique.com/annonce/chambres/location-chambres-cocody-2460087;2026-05-12T16:43:42+00:00
CI;Côte d'Ivoire;coinafrique;location;studio;chambres;Location Studio - Palmeraie;90000;;;;Cocody;Palmeraie;;https://ci.coinafrique.com/annonce/chambres/location-studio-palmeraie-2438443;2026-05-12T16:43:42+00:00
CI;Côte d'Ivoire;coinafrique;location;studio;chambres;Location Chambres - Cocody;120000;;;;Cocody;;;https://ci.coinafrique.com/annonce/chambres/location-chambres-cocody-2422598;2026-05-12T16:43:42+00:00
CI;Côte d'Ivoire;coinafrique;location;studio;chambres;Location Studio - Cocody Angré;80000;;;;Cocody;Angré;;https://ci.coinafrique.com/annonce/chambres/location-studio-cocody-angre-2417985;2026-05-12T16:43:42+00:00
CI;Côte d'Ivoire;coinafrique;location;studio;chambres;Location chambre - Palmeraie;60000;;;;Cocody;Palmeraie;;https://ci.coinafrique.com/annonce/chambres/location-chambre-palmeraie-2417975;2026-05-12T16:43:42+00:00
CI;Côte d'Ivoire;coinafrique;location;studio;chambres;Location chambre -Cocody;25000;;;;Cocody;;;https://ci.coinafrique.com/annonce/chambres/location-chambre-cocody-2400294;2026-05-12T16:43:42+00:00
CI;Côte d'Ivoire;coinafrique;location;studio;chambres;Location chambres -Yopougon;35000;;;;Yopougon;;;https://ci.coinafrique.com/annonce/chambres/location-chambres-yopougon-2388131;2026-05-12T16:43:42+00:00
CI;Côte d'Ivoire;coinafrique;location;studio;chambres;Location Studio - 2 Plateaux Vallons;150000;;;;Cocody;2 Plateaux;;https://ci.coinafrique.com/annonce/chambres/location-studio-2-plateaux-vallons-2377011;2026-05-12T16:43:42+00:00
CI;Côte d'Ivoire;coinafrique;location;studio;chambres;Location Chambre - Riviera 3;25000;;;;Cocody;Riviera 3;;https://ci.coinafrique.com/annonce/chambres/location-chambre-riviera-3-2334939;2026-05-12T16:43:42+00:00
CI;Côte d'Ivoire;coinafrique;location;studio;chambres;Location chambres 1 pièce - Cocody;15000;;;1;Cocody;;;https://ci.coinafrique.com/annonce/chambres/location-chambres-1-piece-cocody-2327475;2026-05-12T16:43:42+00:00
CI;Côte d'Ivoire;coinafrique;location;studio;chambres;Location Chambre 1 pièce - Cocody;15000;;;1;Cocody;;;https://ci.coinafrique.com/annonce/chambres/location-chambre-1-piece-cocody-2311214;2026-05-12T16:43:42+00:00
CI;Côte d'Ivoire;coinafrique;location;studio;chambres;Location chambre 1 pièce - Port-bouet;160000;;;1;Port-Bouet;;;https://ci.coinafrique.com/annonce/chambres/location-chambre-1-piece-port-bouet-2311198;2026-05-12T16:43:42+00:00
CI;Côte d'Ivoire;coinafrique;location;studio;chambres;Location Chambre - Cocody;18000;;;;Cocody;;;https://ci.coinafrique.com/annonce/chambres/location-chambre-cocody-2290863;2026-05-12T16:43:42+00:00
CI;Côte d'Ivoire;coinafrique;location;studio;chambres;Location chambres 1 pièces - cocody;40000;;;1;Cocody;;;https://ci.coinafrique.com/annonce/chambres/location-chambres-1-pieces-cocody-2288340;2026-05-12T16:43:42+00:00
CI;Côte d'Ivoire;coinafrique;location;studio;chambres;Location Chambre - Plateaux Aghien;25000;;;;Cocody;;;https://ci.coinafrique.com/annonce/chambres/location-chambre-plateaux-aghien-2284038;2026-05-12T16:43:42+00:00
CI;Côte d'Ivoire;coinafrique;location;studio;chambres;Location Chambre - Plateaux Aghien;25000;;;;Cocody;;;https://ci.coinafrique.com/annonce/chambres/location-chambre-plateaux-aghien-2284011;2026-05-12T16:43:42+00:00
CI;Côte d'Ivoire;coinafrique;location;studio;chambres;Location Chambre Abobo;40000;;;;Abobo;;;https://ci.coinafrique.com/annonce/chambres/location-chambre-abobo-2217376;2026-05-12T16:43:42+00:00
CI;Côte d'Ivoire;coinafrique;location;studio;chambres;Location chambre à Abobo;40000;;;;Abobo;;;https://ci.coinafrique.com/annonce/chambres/location-chambre-a-abobo-2217371;2026-05-12T16:43:42+00:00
CI;Côte d'Ivoire;coinafrique;location;studio;chambres;Location Chambre - Koumassi;50000;;;;Koumassi;;;https://ci.coinafrique.com/annonce/chambres/location-chambre-koumassi-2187583;2026-05-12T16:43:42+00:00
CI;Côte d'Ivoire;coinafrique;location;studio;chambres;Location Chambre - Port-bouet;300000;;;;Port-Bouet;;;https://ci.coinafrique.com/annonce/chambres/location-chambre-port-bouet-2175633;2026-05-12T16:43:42+00:00
CI;Côte d'Ivoire;coinafrique;location;studio;chambres;Location chambre - Cocody;25000;;;;Cocody;;;https://ci.coinafrique.com/annonce/chambres/location-chambre-cocody-2119885;2026-05-12T16:43:42+00:00
CI;Côte d'Ivoire;coinafrique;location;studio;chambres;Location Chambre 1 pièce - Koumassi;20000;;;1;Koumassi;;;https://ci.coinafrique.com/annonce/chambres/location-chambre-1-piece-koumassi-2103603;2026-05-12T16:43:42+00:00
CI;Côte d'Ivoire;coinafrique;location;studio;chambres;Location Chambre 1 pièce - Cocody;25000;;;1;Cocody;;;https://ci.coinafrique.com/annonce/chambres/location-chambre-1-piece-cocody-2090558;2026-05-12T16:43:42+00:00
CI;Côte d'Ivoire;coinafrique;location;studio;chambres;Location chambre à Abobo camp commando;40000;;;;Abobo;;;https://ci.coinafrique.com/annonce/chambres/location-chambre-a-abobo-camp-commando-2084919;2026-05-12T16:43:42+00:00
CI;Côte d'Ivoire;coinafrique;location;studio;chambres;Location Chambre Résidences Pinda;15000;;;;Marcory;;;https://ci.coinafrique.com/annonce/chambres/location-chambre-residences-pinda-2084845;2026-05-12T16:43:42+00:00
CI;Côte d'Ivoire;coinafrique;location;studio;chambres;Location chambre - Marcory;60000;;;;Marcory;;;https://ci.coinafrique.com/annonce/chambres/location-chambre-marcory-2071430;2026-05-12T16:43:42+00:00
CI;Côte d'Ivoire;coinafrique;location;studio;chambres;Location Chambre meublée - Cocody;20000;;;;Cocody;;;https://ci.coinafrique.com/annonce/chambres/location-chambre-meublee-cocody-2027487;2026-05-12T16:43:42+00:00
CI;Côte d'Ivoire;coinafrique;location;studio;chambres;Location Chambre 1 pièce - Cocody;100000;;;1;Cocody;;;https://ci.coinafrique.com/annonce/chambres/location-chambre-1-piece-cocody-2011304;2026-05-12T16:43:42+00:00
CI;Côte d'Ivoire;coinafrique;location;studio;chambres;Location Chambre;40000;;;;Abobo;;;https://ci.coinafrique.com/annonce/chambres/location-chambre-1971790;2026-05-12T16:43:42+00:00
CI;Côte d'Ivoire;coinafrique;location;studio;chambres;Location chambres 1 pièce - Cocody;25000;;;1;Cocody;;;https://ci.coinafrique.com/annonce/chambres/location-chambres-1-piece-cocody-1920842;2026-05-12T16:43:42+00:00
CI;Côte d'Ivoire;coinafrique;location;studio;chambres;Location chambre - Axbobo;40000;;;;Abobo;;;https://ci.coinafrique.com/annonce/chambres/location-chambre-axbobo-1901122;2026-05-12T16:43:42+00:00
CI;Côte d'Ivoire;coinafrique;location;studio;chambres;Location chambre - Abobo;40000;;;;Abobo;;;https://ci.coinafrique.com/annonce/chambres/location-chambre-abobo-1901114;2026-05-12T16:43:42+00:00
CI;Côte d'Ivoire;coinafrique;location;studio;chambres;Location chambres 1 pièce - Cocody;120000;;;1;Cocody;;;https://ci.coinafrique.com/annonce/chambres/location-chambres-1-piece-cocody-1891650;2026-05-12T16:43:42+00:00
CI;Côte d'Ivoire;coinafrique;location;studio;chambres;Location chambre - Abobo;40000;;;;Abobo;;;https://ci.coinafrique.com/annonce/chambres/location-chambre-abobo-1839895;2026-05-12T16:43:42+00:00
CI;Côte d'Ivoire;coinafrique;location;studio;chambres;Location Studio 1 pièce - Marcory hibiscus;20000;;;1;Marcory;;;https://ci.coinafrique.com/annonce/chambres/location-studio-1-piece-marcory-hibiscus-1820291;2026-05-12T16:43:42+00:00
CI;Côte d'Ivoire;coinafrique;location;studio;chambres;Location chambre - Abobo sogefiha;40000;;;;Abobo;;;https://ci.coinafrique.com/annonce/chambres/location-chambre-abobo-sogefiha-1814082;2026-05-12T16:43:42+00:00
CI;Côte d'Ivoire;coinafrique;location;studio;chambres;Location chambre - Abobo;40000;;;;Abobo;;;https://ci.coinafrique.com/annonce/chambres/location-chambre-abobo-1778727;2026-05-12T16:43:42+00:00
CI;Côte d'Ivoire;coinafrique;location;studio;chambres;Location chambre - Abobo;40000;;;;Abobo;;;https://ci.coinafrique.com/annonce/chambres/location-chambre-abobo-1778690;2026-05-12T16:43:42+00:00
CI;Côte d'Ivoire;coinafrique;location;studio;chambres;Location Chambre - Abobo;40000;;;;Abobo;;;https://ci.coinafrique.com/annonce/chambres/location-chambre-abobo-1723534;2026-05-12T16:43:42+00:00
CI;Côte d'Ivoire;coinafrique;location;studio;chambres;Location Chambre - Abobo;40000;;;;Abobo;;;https://ci.coinafrique.com/annonce/chambres/location-chambre-abobo-1711315;2026-05-12T16:43:42+00:00
CI;Côte d'Ivoire;coinafrique;location;studio;chambres;Location Chambre 1 Pièce - Abobo sogefiha;40000;;;1;Abobo;;;https://ci.coinafrique.com/annonce/chambres/location-chambre-1-piece-abobo-sogefiha-1711312;2026-05-12T16:43:42+00:00
CI;Côte d'Ivoire;coinafrique;location;studio;chambres;Studio 2 pièces à louer;50000;;;2;Cocody;;;https://ci.coinafrique.com/annonce/chambres/studio-2-pieces-a-louer-1606029;2026-05-12T16:43:42+00:00
CI;Côte d'Ivoire;coinafrique;location;studio;chambres;Location chambre;70000;;;;Cocody;;;https://ci.coinafrique.com/annonce/chambres/location-chambre-1591024;2026-05-12T16:43:42+00:00
CI;Côte d'Ivoire;coinafrique;location;studio;chambres;Chambres meublées à louer;15000;;;;Marcory;;;https://ci.coinafrique.com/annonce/chambres/chambres-meublees-a-louer-1584751;2026-05-12T16:43:42+00:00
CI;Côte d'Ivoire;coinafrique;location;studio;chambres;Location Chambre meublée;20000;;;;Marcory;;;https://ci.coinafrique.com/annonce/chambres/location-chambre-meublee-1534329;2026-05-12T16:43:42+00:00
CI;Côte d'Ivoire;coinafrique;location;studio;chambres;Location résidence meublée 3 pièces - Cocody;750000;;;3;Cocody;;;https://ci.coinafrique.com/annonce/chambres/location-residence-meublee-3pieces-cocody-1478516;2026-05-12T16:43:42+00:00
CI;Côte d'Ivoire;coinafrique;location;studio;chambres;Location Résidences Pinda;15000;;;;Marcory;;;https://ci.coinafrique.com/annonce/chambres/location-residences-pinda-1344101;2026-05-12T16:43:42+00:00
CI;Côte d'Ivoire;coinafrique;location;studio;chambres;Location Chambre 1 pièce - Marcory;50000;;;1;Marcory;;;https://ci.coinafrique.com/annonce/chambres/location-chambre-1-piece-marcory-1322766;2026-05-12T16:43:42+00:00
CI;Côte d'Ivoire;coinafrique;location;studio;chambres;Location Chambre 1 pièce - Cocody;20000;;;1;Cocody;;;https://ci.coinafrique.com/annonce/chambres/location-chambre-1-piece-cocody-1314080;2026-05-12T16:43:42+00:00
CI;Côte d'Ivoire;coinafrique;location;studio;chambres;Studio américain;100000;;;;Cocody;;;https://ci.coinafrique.com/annonce/chambres/studio-americain-1286150;2026-05-12T16:43:42+00:00
CI;Côte d'Ivoire;coinafrique;location;studio;chambres;Location Chambre Cocody;20000;;;;Cocody;;;https://ci.coinafrique.com/annonce/chambres/location-chambre-cocody-1160690;2026-05-12T16:43:42+00:00
CI;Côte d'Ivoire;coinafrique;location;studio;chambres;Location chambre 11 m2 - Bouaké;15000;11;1364;;;;;https://ci.coinafrique.com/annonce/chambres/location-chambre-11-m2-bouake-1145129;2026-05-12T16:43:42+00:00
CI;Côte d'Ivoire;coinafrique;location;studio;chambres;Chambre Studio - Angré;15000;;;;Cocody;Angré;;https://ci.coinafrique.com/annonce/chambres/chambre-studio-angre-1083270;2026-05-12T16:43:42+00:00
CI;Côte d'Ivoire;coinafrique;location;studio;chambres;Location Studio Yopougon;15000;;;;Yopougon;;;https://ci.coinafrique.com/annonce/chambres/location-studio-yopougon-1076063;2026-05-12T16:43:42+00:00
CI;Côte d'Ivoire;coinafrique;location;studio;chambres;Location studio - Angré;80000;;;;Cocody;Angré;;https://ci.coinafrique.com/annonce/chambres/location-studio-angre-1067501;2026-05-12T16:43:42+00:00
CI;Côte d'Ivoire;coinafrique;location;studio;chambres;Location Chambre;20000;;;;Marcory;;;https://ci.coinafrique.com/annonce/chambres/location-chambre-1065247;2026-05-12T16:43:42+00:00
CI;Côte d'Ivoire;coinafrique;location;studio;chambres;Location Studios meublés - Riviera palmeraie;25000;;;;Cocody;Riviera Palmeraie;;https://ci.coinafrique.com/annonce/chambres/location-studios-meubles-riviera-palmeraie-1063895;2026-05-12T16:43:42+00:00
CI;Côte d'Ivoire;coinafrique;location;studio;chambres;Location studio - Angré;25000;;;;Cocody;Angré;;https://ci.coinafrique.com/annonce/chambres/location-studio-angre-1046522;2026-05-12T16:43:42+00:00
CI;Côte d'Ivoire;coinafrique;location;studio;chambres;Location chambre - Riviera bonoumin;45000;;;;Cocody;Riviera Bonoumin;;https://ci.coinafrique.com/annonce/chambres/location-chambre-riviera-bonoumin-1042707;2026-05-12T16:43:42+00:00
CI;Côte d'Ivoire;coinafrique;location;studio;chambres;Location Studio Cocody;85000;;;;Cocody;;;https://ci.coinafrique.com/annonce/chambres/location-studio-cocody-1053299;2026-05-12T16:43:42+00:00
CI;Côte d'Ivoire;coinafrique;location;studio;chambres;Location studio - Riviera;15000;;;;Cocody;;;https://ci.coinafrique.com/annonce/chambres/location-studio-riviera-1037905;2026-05-12T16:43:42+00:00
CI;Côte d'Ivoire;coinafrique;location;studio;chambres;Location studio - Cocody;80000;;;;Cocody;;;https://ci.coinafrique.com/annonce/chambres/location-studio-cocody-1027293;2026-05-12T16:43:42+00:00
CI;Côte d'Ivoire;coinafrique;location;studio;chambres;Location chambre - Faya;120000;;;;Cocody;Faya;;https://ci.coinafrique.com/annonce/chambres/location-chambre-faya-1017838;2026-05-12T16:43:42+00:00
CI;Côte d'Ivoire;coinafrique;location;studio;chambres;Location Chambre 1 pièce Cocody;65000;;;1;Cocody;;;https://ci.coinafrique.com/annonce/chambres/location-chambre-1-piece-cocody-1017559;2026-05-12T16:43:42+00:00
CI;Côte d'Ivoire;coinafrique;location;studio;chambres;Location studio - Riviera;25000;;;;Cocody;;;https://ci.coinafrique.com/annonce/chambres/location-studio-riviera-1015549;2026-05-12T16:43:42+00:00
CI;Côte d'Ivoire;coinafrique;location;studio;chambres;Location studio;25000;;;;Cocody;;;https://ci.coinafrique.com/annonce/chambres/location-studio-1010624;2026-05-12T16:43:42+00:00
CI;Côte d'Ivoire;coinafrique;location;studio;chambres;Location studio - Faya;75000;;;;Cocody;Faya;;https://ci.coinafrique.com/annonce/chambres/location-studio-faya-1006921;2026-05-12T16:43:42+00:00
CI;Côte d'Ivoire;coinafrique;location;studio;chambres;Studio américain Riviera palmeraie;20000;;;;Cocody;Riviera Palmeraie;;https://ci.coinafrique.com/annonce/chambres/studio-americain-riviera-palmeraie-1001861;2026-05-12T16:43:42+00:00
CI;Côte d'Ivoire;coinafrique;location;studio;chambres;Location chambre- Marcory;60000;;;;Marcory;;;https://ci.coinafrique.com/annonce/chambres/location-chambre-marcory-990988;2026-05-12T16:43:42+00:00
CI;Côte d'Ivoire;coinafrique;location;studio;chambres;Location chambre studio - Angré Riviera;15000;;;;Cocody;Angré;;https://ci.coinafrique.com/annonce/chambres/location-chambre-studio-angre-riviera-990633;2026-05-12T16:43:42+00:00
CI;Côte d'Ivoire;coinafrique;location;studio;chambres;Location studios - Riviera;120000;;;;Cocody;;;https://ci.coinafrique.com/annonce/chambres/location-studios-riviera-986676;2026-05-12T16:43:42+00:00
CI;Côte d'Ivoire;coinafrique;location;studio;chambres;Colocation Angré Batim;35000;;;;Cocody;Angré;;https://ci.coinafrique.com/annonce/chambres/colocation-angre-batim-974787;2026-05-12T16:43:42+00:00
CI;Côte d'Ivoire;coinafrique;location;studio;chambres;location studio - Cocody;90000;;;;Cocody;;;https://ci.coinafrique.com/annonce/chambres/location-studio-cocody-958656;2026-05-12T16:43:42+00:00
CI;Côte d'Ivoire;coinafrique;location;studio;chambres;Location Studio - Angre;90000;;;;Cocody;Angre;;https://ci.coinafrique.com/annonce/chambres/location-studio-angre-933624;2026-05-12T16:43:42+00:00
CI;Côte d'Ivoire;coinafrique;location;studio;chambres;Location chambre 1 pièce 9 m2 - Port-Bouet;60000;;;1;Port-Bouet;;;https://ci.coinafrique.com/annonce/chambres/location-chambre-1piece-9-m2-port-bouet-916768;2026-05-12T16:43:42+00:00
CI;Côte d'Ivoire;coinafrique;location;studio;chambres;Location studio 1 pièce 120 m2 - Cocody;50000;120;417;1;Cocody;;;https://ci.coinafrique.com/annonce/chambres/location-studio-1piece-120-m2-cocody-913587;2026-05-12T16:43:42+00:00
CI;Côte d'Ivoire;coinafrique;location;studio;chambres;Location Studio 2 pièces 25m² Cocody;100000;25;4000;2;Cocody;;;https://ci.coinafrique.com/annonce/chambres/location-studio-2-pieces-25m-cocody-908872;2026-05-12T16:43:42+00:00
CI;Côte d'Ivoire;coinafrique;location;studio;chambres;Location chambre meublée;50000;;;;Cocody;;;https://ci.coinafrique.com/annonce/chambres/location-chambre-meublee-903487;2026-05-12T16:43:42+00:00
CI;Côte d'Ivoire;coinafrique;location;studio;chambres;Location de plusieurs studios 1 pièce 10m² - Cocody;100000;10;10000;1;Cocody;;;https://ci.coinafrique.com/annonce/chambres/location-de-plusieurs-studios-1-piece-10m-cocody-895455;2026-05-12T16:43:42+00:00
CI;Côte d'Ivoire;coinafrique;location;studio;chambres;Location studio - Angre Alcades;80000;;;;Cocody;Angre;;https://ci.coinafrique.com/annonce/chambres/location-studio-angre-alcades-894245;2026-05-12T16:43:42+00:00
CI;Côte d'Ivoire;coinafrique;location;studio;chambres;Location de chambre meublée pour séjour;30000;;;;Marcory;;;https://ci.coinafrique.com/annonce/chambres/location-de-chambre-meublee-pour-sejour-888154;2026-05-12T16:43:42+00:00
CI;Côte d'Ivoire;coinafrique;location;studio;chambres;Location Chambres Koumassi;15000;;;;Marcory;;;https://ci.coinafrique.com/annonce/chambres/location-chambres-koumassi-872844;2026-05-12T16:43:42+00:00
CI;Côte d'Ivoire;coinafrique;location;studio;chambres;Location villa 8 pièces - Cocody;700000;;;8;Cocody;;;https://ci.coinafrique.com/annonce/chambres/location-villa-8-pieces-cocody-856816;2026-05-12T16:43:42+00:00
CI;Côte d'Ivoire;coinafrique;location;studio;chambres;Location Studio 1 pièce 15 m² - Belle cote;80000;15;5333;1;Cocody;;;https://ci.coinafrique.com/annonce/chambres/location-studio-1piece-15-m-belle-cote-849425;2026-05-12T16:43:42+00:00
CI;Côte d'Ivoire;coinafrique;location;studio;chambres;Location studio - Port-Bouet;80000;;;;Port-Bouet;;;https://ci.coinafrique.com/annonce/chambres/location-studio-port-bouet-849035;2026-05-12T16:43:42+00:00
CI;Côte d'Ivoire;coinafrique;location;studio;chambres;Location Studio Cocody Angre 8e Tranche;70000;;;;Cocody;Angre;;https://ci.coinafrique.com/annonce/chambres/location-studio-cocody-angre-8e-tranche-847563;2026-05-12T16:43:42+00:00
CI;Côte d'Ivoire;coinafrique;location;studio;chambres;location studio - Cocody;65000;;;;Cocody;;;https://ci.coinafrique.com/annonce/chambres/location-studio-cocody-836353;2026-05-12T16:43:42+00:00
CI;Côte d'Ivoire;coinafrique;location;studio;chambres;Location chambre 1 pièces cocody;20000;;;1;Cocody;;;https://ci.coinafrique.com/annonce/chambres/location-chambre-1pieces-cocody-811870;2026-05-12T16:43:42+00:00
CI;Côte d'Ivoire;coinafrique;location;studio;chambres;Studio;80000;;;;Cocody;;;https://ci.coinafrique.com/annonce/chambres/studio-798102;2026-05-12T16:43:42+00:00
CI;Côte d'Ivoire;coinafrique;location;studio;chambres;Studio;70000;;;;Cocody;;;https://ci.coinafrique.com/annonce/chambres/studio-798091;2026-05-12T16:43:42+00:00
CI;Côte d'Ivoire;coinafrique;location;studio;chambres;Réfrigérateur Smart;62900;;;;Port-Bouet;;;https://ci.coinafrique.com/annonce/chambres/refrigerateur-smart-778783;2026-05-12T16:43:42+00:00
CI;Côte d'Ivoire;coinafrique;location;studio;chambres;Location studio entrée de Bingerville;90000;;;;Bingerville;;;https://ci.coinafrique.com/annonce/chambres/location-studio-entree-de-bingerville-777961;2026-05-12T16:43:42+00:00
CI;Côte d'Ivoire;coinafrique;location;commercial;bureaux-et-commerces;Location bureaux & commerces 40 m2 - marcory;350000;40;8750;;Marcory;;;https://ci.coinafrique.com/annonce/bureaux-et-commerces/location-bureaux-et-commerces-40-m2-marcory-5875581;2026-05-12T16:43:42+00:00
CI;Côte d'Ivoire;coinafrique;location;commercial;bureaux-et-commerces;Location bureaux & commerces 400 m2 - Marcory zone 4;4000000;400;10000;;Marcory;Zone 4;;https://ci.coinafrique.com/annonce/bureaux-et-commerces/location-bureaux-et-commerces-400-m2-marcory-zone-4-5902502;2026-05-12T16:43:42+00:00
CI;Côte d'Ivoire;coinafrique;location;commercial;bureaux-et-commerces;Location bureaux & commerces à Cocody;1200000;;;;Cocody;;;https://ci.coinafrique.com/annonce/bureaux-et-commerces/location-bureaux-et-commerces-a-cocody-5903660;2026-05-12T16:43:42+00:00
CI;Côte d'Ivoire;coinafrique;location;commercial;bureaux-et-commerces;Location bureaux & commerces 200m² - Plateau;1300000;200;6500;;Cocody;;;https://ci.coinafrique.com/annonce/bureaux-et-commerces/location-bureaux-et-commerces-200m-plateau-5889814;2026-05-12T16:43:42+00:00
CI;Côte d'Ivoire;coinafrique;location;commercial;bureaux-et-commerces;Location bureau fermé Plateau bureau zone EX ccia;1300000;;;;Plateau;;;https://ci.coinafrique.com/annonce/bureaux-et-commerces/location-bureau-ferme-plateau-bureau-zone-ex-ccia-5886805;2026-05-12T16:43:42+00:00
CI;Côte d'Ivoire;coinafrique;location;commercial;bureaux-et-commerces;Location bureau - boulevard Félix Houphouet;5230530;;;;Marcory;;;https://ci.coinafrique.com/annonce/bureaux-et-commerces/location-bureau-boulevard-felix-houphouet-5890728;2026-05-12T16:43:42+00:00
CI;Côte d'Ivoire;coinafrique;location;commercial;bureaux-et-commerces;Location bureaux & commerces 600 m² - Marcory;7000000;600;11667;;Marcory;;;https://ci.coinafrique.com/annonce/bureaux-et-commerces/location-bureaux-et-commerces-600-m-marcory-5887761;2026-05-12T16:43:42+00:00
CI;Côte d'Ivoire;coinafrique;location;commercial;bureaux-et-commerces;Location magasin avec mezzanine Riviera palmeraie Enica;250000;;;;Cocody;Riviera Palmeraie;;https://ci.coinafrique.com/annonce/bureaux-et-commerces/location-magasin-avec-mezzanine-riviera-palmeraie-enica-5906909;2026-05-12T16:43:42+00:00
CI;Côte d'Ivoire;coinafrique;location;commercial;bureaux-et-commerces;Location bureaux & commerces à 2 Plateaux Sococe;1200000;;;;Cocody;2 Plateaux;;https://ci.coinafrique.com/annonce/bureaux-et-commerces/location-bureaux-et-commerces-a-2-plateaux-sococe-5903671;2026-05-12T16:43:42+00:00
CI;Côte d'Ivoire;coinafrique;location;commercial;bureaux-et-commerces;Location boutique à le Z Mall;9500000;;;;Marcory;;;https://ci.coinafrique.com/annonce/bureaux-et-commerces/location-boutique-a-le-z-mall-5868795;2026-05-12T16:43:42+00:00
CI;Côte d'Ivoire;coinafrique;location;commercial;bureaux-et-commerces;Location grande boutique avec espace de stockage - Mall Z4 Marcory;9500000;;;;Marcory;;;https://ci.coinafrique.com/annonce/bureaux-et-commerces/location-grande-boutique-avec-espace-de-stockage-mall-z4-marcory-5868736;2026-05-12T16:43:42+00:00
CI;Côte d'Ivoire;coinafrique;location;commercial;bureaux-et-commerces;Location bureaux et commerces 900m² à Riviera Bonoumin;12000;900;13;;Cocody;Riviera Bonoumin;;https://ci.coinafrique.com/annonce/bureaux-et-commerces/location-bureaux-et-commerces-900m-a-riviera-bonoumin-5886847;2026-05-12T16:43:42+00:00
CI;Côte d'Ivoire;coinafrique;location;commercial;bureaux-et-commerces;Location entrepôt couvert avec bureau à Faya centre;1200000;;;;Cocody;Faya;;https://ci.coinafrique.com/annonce/bureaux-et-commerces/location-entrepot-couvert-avec-bureau-a-faya-centre-5890100;2026-05-12T16:43:42+00:00
CI;Côte d'Ivoire;coinafrique;location;commercial;bureaux-et-commerces;Location local professionnel 5 pieces Angré rue des banques;350000;;;5;Cocody;Angré;;https://ci.coinafrique.com/annonce/bureaux-et-commerces/location-local-professionnel-5-pieces-angre-rue-des-banques-5906423;2026-05-12T16:43:42+00:00
CI;Côte d'Ivoire;coinafrique;location;commercial;bureaux-et-commerces;Location open space à Angré Djorogobité;500000;;;;Cocody;Angré;;https://ci.coinafrique.com/annonce/bureaux-et-commerces/location-open-space-a-angre-djorogobite-5883173;2026-05-12T16:43:42+00:00
CI;Côte d'Ivoire;coinafrique;location;commercial;bureaux-et-commerces;Location entrepôts haut standing - koumassi;6775200;;;;Koumassi;;haut;https://ci.coinafrique.com/annonce/bureaux-et-commerces/location-entrepots-haut-standing-koumassi-5895821;2026-05-12T16:43:42+00:00
CI;Côte d'Ivoire;coinafrique;location;commercial;bureaux-et-commerces;Location entrepôts haut standing - Koumassi;6775200;;;;Koumassi;;haut;https://ci.coinafrique.com/annonce/bureaux-et-commerces/location-entrepots-haut-standing-koumassi-5895819;2026-05-12T16:43:42+00:00
CI;Côte d'Ivoire;coinafrique;location;commercial;bureaux-et-commerces;Location penghouse Cocody Angré;450000;;;;Cocody;Angré;;https://ci.coinafrique.com/annonce/bureaux-et-commerces/location-penghouse-cocody-angre-5897264;2026-05-12T16:43:42+00:00
CI;Côte d'Ivoire;coinafrique;location;commercial;bureaux-et-commerces;Location entrepôt 10000 m² - Yopougon pk24;20000000;10000;2000;;Yopougon;;;https://ci.coinafrique.com/annonce/bureaux-et-commerces/location-entrepot-10000-m-yopougon-pk24-5869841;2026-05-12T16:43:42+00:00
CI;Côte d'Ivoire;coinafrique;location;commercial;bureaux-et-commerces;Location Entrepôts - Port Bouet;4000;;;;Port-Bouet;;;https://ci.coinafrique.com/annonce/bureaux-et-commerces/location-entrepots-port-bouet-5897205;2026-05-12T16:43:42+00:00
CI;Côte d'Ivoire;coinafrique;location;commercial;bureaux-et-commerces;Location magasin - Angré;3500000;;;;Cocody;Angré;;https://ci.coinafrique.com/annonce/bureaux-et-commerces/location-magasin-angre-5891175;2026-05-12T16:43:42+00:00
CI;Côte d'Ivoire;coinafrique;location;commercial;bureaux-et-commerces;Location magasin - Angré;300000;;;;Cocody;Angré;;https://ci.coinafrique.com/annonce/bureaux-et-commerces/location-magasin-angre-5891130;2026-05-12T16:43:42+00:00
CI;Côte d'Ivoire;coinafrique;location;commercial;bureaux-et-commerces;Location bureaux & commerces à Riviera Abatta;13000000;;;;Cocody;;;https://ci.coinafrique.com/annonce/bureaux-et-commerces/location-bureaux-et-commerces-a-riviera-abatta-5903182;2026-05-12T16:43:42+00:00
CI;Côte d'Ivoire;coinafrique;location;commercial;bureaux-et-commerces;Location grand local commercial - Cocody Rivièra bonoumin;2000000;;;;Cocody;Bonoumin;;https://ci.coinafrique.com/annonce/bureaux-et-commerces/location-grand-local-commercial-cocody-riviera-bonoumin-5884327;2026-05-12T16:43:42+00:00
CI;Côte d'Ivoire;coinafrique;location;commercial;bureaux-et-commerces;Location magasin - Cocody riviera bonoumin;500000;;;;Cocody;Riviera Bonoumin;;https://ci.coinafrique.com/annonce/bureaux-et-commerces/location-magasin-cocody-riviera-bonoumin-5895502;2026-05-12T16:43:42+00:00
CI;Côte d'Ivoire;coinafrique;location;commercial;bureaux-et-commerces;Location penthouse à bonomin;7000000;;;;Cocody;;;https://ci.coinafrique.com/annonce/bureaux-et-commerces/location-penthouse-a-bonomin-5890908;2026-05-12T16:43:42+00:00
CI;Côte d'Ivoire;coinafrique;location;commercial;bureaux-et-commerces;Location bureaux & commerces 900 - Cocody riviera bonoumin;10800000;;;;Cocody;Riviera Bonoumin;;https://ci.coinafrique.com/annonce/bureaux-et-commerces/location-bureaux-et-commerces-900-cocody-riviera-bonoumin-5885759;2026-05-12T16:43:42+00:00
CI;Côte d'Ivoire;coinafrique;location;commercial;bureaux-et-commerces;Location bureaux et commerce -Riviera bonoumin;10000000;;;;Cocody;Riviera Bonoumin;;https://ci.coinafrique.com/annonce/bureaux-et-commerces/location-bureaux-et-commerce-riviera-bonoumin-5885739;2026-05-12T16:43:42+00:00
CI;Côte d'Ivoire;coinafrique;location;commercial;bureaux-et-commerces;Location grand magasin - Riviera palmeraie;500000;;;;Cocody;Riviera Palmeraie;;https://ci.coinafrique.com/annonce/bureaux-et-commerces/location-grand-magasin-riviera-palmeraie-5869368;2026-05-12T16:43:42+00:00
CI;Côte d'Ivoire;coinafrique;location;commercial;bureaux-et-commerces;Location local commercial - Cocody centre;500000;;;;Cocody;Cocody Centre;;https://ci.coinafrique.com/annonce/bureaux-et-commerces/location-local-commercial-cocody-centre-5890765;2026-05-12T16:43:42+00:00
CI;Côte d'Ivoire;coinafrique;location;commercial;bureaux-et-commerces;Location magasin -Marcory;350000;;;;Marcory;;;https://ci.coinafrique.com/annonce/bureaux-et-commerces/location-magasin-marcory-5877018;2026-05-12T16:43:42+00:00
CI;Côte d'Ivoire;coinafrique;location;commercial;bureaux-et-commerces;Location bureau - boulevards Félix Houphouet;5230530;;;;Plateau;;;https://ci.coinafrique.com/annonce/bureaux-et-commerces/location-bureau-boulevards-felix-houphouet-5890725;2026-05-12T16:43:42+00:00
CI;Côte d'Ivoire;coinafrique;location;commercial;bureaux-et-commerces;Location bureau open space avec toilettes- Marcory zone 4;1200000;;;;Marcory;Zone 4;;https://ci.coinafrique.com/annonce/bureaux-et-commerces/location-bureau-open-space-avec-toilettes-marcory-zone-4-5896892;2026-05-12T16:43:42+00:00
CI;Côte d'Ivoire;coinafrique;location;commercial;bureaux-et-commerces;Location entrepôt de 250 m² avec une hauteur de à Cocody Angré Djôrôgôbité-1 à proximité de la station Totale et l'école primaire;1500000;250;6000;;Cocody;Angré;;https://ci.coinafrique.com/annonce/bureaux-et-commerces/location-entrepot-de-250-m-avec-une-hauteur-de-a-cocody-angre-djorogobite-1-a-proximite-de-la-station-totale-et-lecole-primaire-5896881;2026-05-12T16:43:42+00:00
CI;Côte d'Ivoire;coinafrique;location;commercial;bureaux-et-commerces;Location entrepôt de 1200 m² à la nouvelle zone industrielle de Yopougon;3500000;1200;2917;;Yopougon;;;https://ci.coinafrique.com/annonce/bureaux-et-commerces/location-entrepot-de-1200-m-a-la-nouvelle-zone-industrielle-de-yopougon-5890623;2026-05-12T16:43:42+00:00
CI;Côte d'Ivoire;coinafrique;location;commercial;bureaux-et-commerces;Location entrepôt de 1000 m² - à la nouvelle zone industrielle de Yopougon en face de brasivoire;2500000;1000;2500;;Yopougon;;;https://ci.coinafrique.com/annonce/bureaux-et-commerces/location-entrepot-de-1000-m-a-la-nouvelle-zone-industrielle-de-yopougon-en-face-de-brasivoire-5890619;2026-05-12T16:43:42+00:00
CI;Côte d'Ivoire;coinafrique;location;commercial;bureaux-et-commerces;Location magasin de 45 m² à Guilg Cocody Riviera faya;400000;45;8889;;Cocody;Riviera Faya;;https://ci.coinafrique.com/annonce/bureaux-et-commerces/location-magasin-de-45-m-a-guilg-cocody-riviera-faya-5876866;2026-05-12T16:43:42+00:00
CI;Côte d'Ivoire;coinafrique;location;commercial;bureaux-et-commerces;Location bureau de 135m² à le Plateau ccia;1500000;135;11111;;Plateau;;;https://ci.coinafrique.com/annonce/bureaux-et-commerces/location-bureau-de-135m-a-le-plateau-ccia-5870585;2026-05-12T16:43:42+00:00
CI;Côte d'Ivoire;coinafrique;location;commercial;bureaux-et-commerces;Location bureaux & commerces 200 - le Plateau;1800000;;;;Plateau;;;https://ci.coinafrique.com/annonce/bureaux-et-commerces/location-bureaux-et-commerces-200-le-plateau-5886894;2026-05-12T16:43:42+00:00
CI;Côte d'Ivoire;coinafrique;location;commercial;bureaux-et-commerces;Location Entrepot;1750000;;;;Cocody;;;https://ci.coinafrique.com/annonce/bureaux-et-commerces/location-entrepot-5859678;2026-05-12T16:43:42+00:00
CI;Côte d'Ivoire;coinafrique;location;commercial;bureaux-et-commerces;Location grande salle à Cocody Faya;500000;;;;Cocody;Faya;;https://ci.coinafrique.com/annonce/bureaux-et-commerces/location-grande-salle-a-cocody-faya-5885396;2026-05-12T16:43:42+00:00
CI;Côte d'Ivoire;coinafrique;location;commercial;bureaux-et-commerces;Location magasin à Cocody Faya sur la route de cité sir;370000;;;;Cocody;Faya;;https://ci.coinafrique.com/annonce/bureaux-et-commerces/location-magasin-a-cocody-faya-sur-la-route-de-cite-sir-5885380;2026-05-12T16:43:42+00:00
CI;Côte d'Ivoire;coinafrique;location;commercial;bureaux-et-commerces;Location salon de coiffure - Bingerville;2000000;;;;Cocody;;;https://ci.coinafrique.com/annonce/bureaux-et-commerces/location-salon-de-coiffure-bingerville-5898621;2026-05-12T16:43:42+00:00
CI;Côte d'Ivoire;coinafrique;location;commercial;bureaux-et-commerces;Location entrepôt - Yopougon;20000000;;;;Yopougon;;;https://ci.coinafrique.com/annonce/bureaux-et-commerces/location-entrepot-yopougon-5857520;2026-05-12T16:43:42+00:00
CI;Côte d'Ivoire;coinafrique;location;commercial;bureaux-et-commerces;Location entrepôt - Treichville;10000000;;;;Treichville;;;https://ci.coinafrique.com/annonce/bureaux-et-commerces/location-entrepot-treichville-5857515;2026-05-12T16:43:42+00:00
CI;Côte d'Ivoire;coinafrique;location;commercial;bureaux-et-commerces;Location entrepôt - Riviera faya route Abatta;1600000;;;;Cocody;Riviera Faya;;https://ci.coinafrique.com/annonce/bureaux-et-commerces/location-entrepot-riviera-faya-route-abatta-5866587;2026-05-12T16:43:42+00:00
CI;Côte d'Ivoire;coinafrique;location;commercial;bureaux-et-commerces;Location bureau - 2 plateau - Angré;250000;;;;Cocody;Angré;;https://ci.coinafrique.com/annonce/bureaux-et-commerces/location-bureau-2-plateau-angre-5854310;2026-05-12T16:43:42+00:00
CI;Côte d'Ivoire;coinafrique;location;commercial;bureaux-et-commerces;Location bureaux de standing 4 pièces- cocody riviera m'badon;550000;;;4;Cocody;Riviera M'Badon;;https://ci.coinafrique.com/annonce/bureaux-et-commerces/location-bureaux-de-standing-4-pieces-cocody-riviera-mbadon-5853890;2026-05-12T16:43:42+00:00
CI;Côte d'Ivoire;coinafrique;location;commercial;bureaux-et-commerces;Location magasin à Cocody angre nouveau chu;500000;;;;Cocody;Angre;;https://ci.coinafrique.com/annonce/bureaux-et-commerces/location-magasin-a-cocody-angre-nouveau-chu-5850911;2026-05-12T16:43:42+00:00
CI;Côte d'Ivoire;coinafrique;location;commercial;bureaux-et-commerces;Location bureaux & commerces 200 - cocody;1500000;;;;Cocody;;;https://ci.coinafrique.com/annonce/bureaux-et-commerces/location-bureaux-et-commerces-200-cocody-5853703;2026-05-12T16:43:42+00:00
CI;Côte d'Ivoire;coinafrique;location;commercial;bureaux-et-commerces;Location entrepôt - Abidjan yopougon pk25;6000000;;;;Cocody;;;https://ci.coinafrique.com/annonce/bureaux-et-commerces/location-entrepot-abidjan-yopougon-pk25-5849846;2026-05-12T16:43:42+00:00
CI;Côte d'Ivoire;coinafrique;location;commercial;bureaux-et-commerces;Location entrepôt - Yopougon;20000000;;;;Cocody;;;https://ci.coinafrique.com/annonce/bureaux-et-commerces/location-entrepot-yopougon-5849768;2026-05-12T16:43:42+00:00
CI;Côte d'Ivoire;coinafrique;location;commercial;bureaux-et-commerces;Location magasin en zone 4;300000;;;;Marcory;Zone 4;;https://ci.coinafrique.com/annonce/bureaux-et-commerces/location-magasin-en-zone-4-5893436;2026-05-12T16:43:42+00:00
CI;Côte d'Ivoire;coinafrique;location;commercial;bureaux-et-commerces;Location local commercial - Marcory zone 4;2500000;;;;Marcory;Zone 4;;https://ci.coinafrique.com/annonce/bureaux-et-commerces/location-local-commercial-marcory-zone-4-5849580;2026-05-12T16:43:42+00:00
CI;Côte d'Ivoire;coinafrique;location;commercial;bureaux-et-commerces;Location entrepot Yopougon PK 25;6000000;;;;Cocody;;;https://ci.coinafrique.com/annonce/bureaux-et-commerces/location-entrepot-yopougon-pk-25-5849309;2026-05-12T16:43:42+00:00
CI;Côte d'Ivoire;coinafrique;location;commercial;bureaux-et-commerces;Location magasin à Angre Nouveau Chu;190000;;;;Cocody;Angre;;https://ci.coinafrique.com/annonce/bureaux-et-commerces/location-magasin-a-angre-nouveau-chu-5891827;2026-05-12T16:43:42+00:00
CI;Côte d'Ivoire;coinafrique;location;commercial;bureaux-et-commerces;Location bureaux & commerces 13 pièces à Cocody Riviera Bonoumin;13000000;;;13;Cocody;Riviera Bonoumin;;https://ci.coinafrique.com/annonce/bureaux-et-commerces/location-bureaux-et-commerces-13-pieces-a-cocody-riviera-bonoumin-5891760;2026-05-12T16:43:42+00:00
CI;Côte d'Ivoire;coinafrique;location;commercial;bureaux-et-commerces;Location entrepot - Riviera;1800000;;;;Cocody;;;https://ci.coinafrique.com/annonce/bureaux-et-commerces/location-entrepot-riviera-5846011;2026-05-12T16:43:42+00:00
CI;Côte d'Ivoire;coinafrique;location;commercial;bureaux-et-commerces;Location magasin - Angré nouveau chu;170000;;;;Cocody;Angré;;https://ci.coinafrique.com/annonce/bureaux-et-commerces/location-magasin-angre-nouveau-chu-5845873;2026-05-12T16:43:42+00:00
CI;Côte d'Ivoire;coinafrique;location;commercial;bureaux-et-commerces;Location entrepôt 1440m2 koumassi proche du vge;6775200;1440;4705;;Koumassi;;;https://ci.coinafrique.com/annonce/bureaux-et-commerces/location-entrepot-1440m2-koumassi-proche-du-vge-5887471;2026-05-12T16:43:42+00:00
CI;Côte d'Ivoire;coinafrique;location;commercial;bureaux-et-commerces;Terrain à la Riviera M'Badon;3500000;;;;Cocody;Riviera M'Badon;;https://ci.coinafrique.com/annonce/bureaux-et-commerces/terrain-a-la-riviera-mbadon-5864111;2026-05-12T16:43:42+00:00
CI;Côte d'Ivoire;coinafrique;location;commercial;bureaux-et-commerces;Location entrepôt -PK24;4000000;;;;Yopougon;;;https://ci.coinafrique.com/annonce/bureaux-et-commerces/location-entrepot-pk24-5849910;2026-05-12T16:43:42+00:00
CI;Côte d'Ivoire;coinafrique;location;commercial;bureaux-et-commerces;Location entrepôt 3000m2 - Yopougon zone industrielle;6000000;3000;2000;;Yopougon;;;https://ci.coinafrique.com/annonce/bureaux-et-commerces/location-entrepot-3000m2-yopougon-zone-industrielle-5862978;2026-05-12T16:43:42+00:00
CI;Côte d'Ivoire;coinafrique;location;commercial;bureaux-et-commerces;Location bureau - plateau;700000;;;;Yopougon;;;https://ci.coinafrique.com/annonce/bureaux-et-commerces/location-bureau-plateau-5844860;2026-05-12T16:43:42+00:00
CI;Côte d'Ivoire;coinafrique;location;commercial;bureaux-et-commerces;Location entrepôt - Riviera abatta;1750000;;;;Cocody;;;https://ci.coinafrique.com/annonce/bureaux-et-commerces/location-entrepot-riviera-abatta-5855291;2026-05-12T16:43:42+00:00
CI;Côte d'Ivoire;coinafrique;location;commercial;bureaux-et-commerces;Location magasin - Cocody 2 plateaux 8eme tranche;550000;;;;Cocody;2 Plateaux;;https://ci.coinafrique.com/annonce/bureaux-et-commerces/location-magasin-cocody-2-plateaux-8eme-tranche-5843013;2026-05-12T16:43:42+00:00
CI;Côte d'Ivoire;coinafrique;location;commercial;bureaux-et-commerces;Location bureaux 200m2 à Cocody Riviera Palmaraie;1000000;200;5000;;Cocody;;;https://ci.coinafrique.com/annonce/bureaux-et-commerces/location-bureaux-200m2-a-cocody-riviera-palmaraie-5840650;2026-05-12T16:43:42+00:00
CI;Côte d'Ivoire;coinafrique;location;commercial;bureaux-et-commerces;Location entrepot à 2 Plateaux 7è Tranche;1800000;;;;Cocody;2 Plateaux;;https://ci.coinafrique.com/annonce/bureaux-et-commerces/location-entrepot-a-2-plateaux-7e-tranche-5839571;2026-05-12T16:43:42+00:00
CI;Côte d'Ivoire;coinafrique;location;commercial;bureaux-et-commerces;Location bureaux & commerces 10000 - Yopougon;22000000;;;;Yopougon;;;https://ci.coinafrique.com/annonce/bureaux-et-commerces/location-bureaux-et-commerces-10000-yopougon-5883251;2026-05-12T16:43:42+00:00
CI;Côte d'Ivoire;coinafrique;location;commercial;bureaux-et-commerces;Location espace commercial et terrain nu à Yopougon - gesco;65000;;;;Yopougon;;;https://ci.coinafrique.com/annonce/bureaux-et-commerces/location-espace-commercial-et-terrain-nu-a-yopougon-gesco-5847258;2026-05-12T16:43:42+00:00
CI;Côte d'Ivoire;coinafrique;location;commercial;bureaux-et-commerces;Location entrepôt -2 plateaux;1800000;;;;Cocody;2 Plateaux;;https://ci.coinafrique.com/annonce/bureaux-et-commerces/location-entrepot-2-plateaux-5839379;2026-05-12T16:43:42+00:00
CI;Côte d'Ivoire;coinafrique;location;commercial;bureaux-et-commerces;Location magasin 600m² à Cocody Riviera Palmaraie;7000000;600;11667;;Cocody;;;https://ci.coinafrique.com/annonce/bureaux-et-commerces/location-magasin-600m-a-cocody-riviera-palmaraie-5839330;2026-05-12T16:43:42+00:00
CI;Côte d'Ivoire;coinafrique;location;commercial;bureaux-et-commerces;Location espaces commerciaux - Rivièra - m’badon;1800000;;;;Cocody;;;https://ci.coinafrique.com/annonce/bureaux-et-commerces/location-espaces-commerciaux-riviera-mbadon-5848493;2026-05-12T16:43:42+00:00
CI;Côte d'Ivoire;coinafrique;location;commercial;bureaux-et-commerces;Location entrepôt de 300 m² à marcory - zone 4;1500000;300;5000;;Marcory;Zone 4;;https://ci.coinafrique.com/annonce/bureaux-et-commerces/location-entrepot-de-300-m-a-marcory-zone-4-5848482;2026-05-12T16:43:42+00:00
CI;Côte d'Ivoire;coinafrique;location;commercial;bureaux-et-commerces;Location open space de 150 m² en bordure de voie sis à m’badon - Rivièra, cocody;2500000;150;16667;;Cocody;;;https://ci.coinafrique.com/annonce/bureaux-et-commerces/location-open-space-de-150-m-en-bordure-de-voie-sis-a-mbadon-riviera-cocody-5881593;2026-05-12T16:43:42+00:00
CI;Côte d'Ivoire;coinafrique;location;commercial;bureaux-et-commerces;Location entrepôts - 2plateaux 7e tranche;1800000;;;;Cocody;7e Tranche;;https://ci.coinafrique.com/annonce/bureaux-et-commerces/location-entrepots-2plateaux-7e-tranche-5838630;2026-05-12T16:43:42+00:00
CI;Côte d'Ivoire;coinafrique;location;commercial;bureaux-et-commerces;Location entrepôt 600 m² à Koumassi;2000000;600;3333;;Koumassi;;;https://ci.coinafrique.com/annonce/bureaux-et-commerces/location-entrepot-600-m-a-koumassi-5878073;2026-05-12T16:43:42+00:00
CI;Côte d'Ivoire;coinafrique;location;commercial;bureaux-et-commerces;Location entrepôt 400 m² à Koumassi - Remblais;2000000;400;5000;;Koumassi;;;https://ci.coinafrique.com/annonce/bureaux-et-commerces/location-entrepot-400-m-a-koumassi-remblais-5878046;2026-05-12T16:43:42+00:00
CI;Côte d'Ivoire;coinafrique;location;commercial;bureaux-et-commerces;Location entrepôt avec mezzanine à Koumassi;15750000;;;;Koumassi;;;https://ci.coinafrique.com/annonce/bureaux-et-commerces/location-entrepot-avec-mezzanine-a-koumassi-5878020;2026-05-12T16:43:42+00:00
CI;Côte d'Ivoire;coinafrique;location;commercial;bureaux-et-commerces;Location 2 entrepôts de 1200 m² chacun à Yopougon, ancienne zone industrielle;3500000;1200;2917;;Yopougon;;bas;https://ci.coinafrique.com/annonce/bureaux-et-commerces/location-2-entrepots-de-1200-m-chacun-a-yopougon-ancienne-zone-industrielle-5878001;2026-05-12T16:43:42+00:00
CI;Côte d'Ivoire;coinafrique;location;commercial;bureaux-et-commerces;Location - entrepôt de 1500 m² avec cour de 500m² sis à Yopougon - zone industrielle;4000000;1500;2667;;Yopougon;;;https://ci.coinafrique.com/annonce/bureaux-et-commerces/location-entrepot-de-1500-m-avec-cour-de-500m-sis-a-yopougon-zone-industrielle-5877983;2026-05-12T16:43:42+00:00
CI;Côte d'Ivoire;coinafrique;location;commercial;bureaux-et-commerces;Location - magasins en bordure à Yopougon Niangon Lubafrique;300000;;;;Yopougon;Niangon;;https://ci.coinafrique.com/annonce/bureaux-et-commerces/location-magasins-en-bordure-a-yopougon-niangon-lubafrique-5877978;2026-05-12T16:43:42+00:00
CI;Côte d'Ivoire;coinafrique;location;commercial;bureaux-et-commerces;Location entrepôt - PK26;18000000;;;;Yopougon;;;https://ci.coinafrique.com/annonce/bureaux-et-commerces/location-entrepot-pk26-5837919;2026-05-12T16:43:42+00:00
CI;Côte d'Ivoire;coinafrique;location;commercial;bureaux-et-commerces;Location bureau - 2 Plateaux;2500000;;;;Cocody;2 Plateaux;;https://ci.coinafrique.com/annonce/bureaux-et-commerces/location-bureau-2-plateaux-5836377;2026-05-12T16:43:42+00:00
CI;Côte d'Ivoire;coinafrique;location;commercial;bureaux-et-commerces;Location grand local commercial - 2 Plateau;2500000;;;;Plateau;;;https://ci.coinafrique.com/annonce/bureaux-et-commerces/location-grand-local-commercial-2-plateau-5836321;2026-05-12T16:43:42+00:00
CI;Côte d'Ivoire;coinafrique;location;commercial;bureaux-et-commerces;Location bureau - Abidjan;350000;;;;Koumassi;;;https://ci.coinafrique.com/annonce/bureaux-et-commerces/location-bureau-abidjan-5880291;2026-05-12T16:43:42+00:00
CI;Côte d'Ivoire;coinafrique;location;commercial;bureaux-et-commerces;Location 3 magasins avec mazzanine en bordure de grande voie Bingerville palais de justice;400000;;;;Bingerville;;;https://ci.coinafrique.com/annonce/bureaux-et-commerces/location-3-magasins-avec-mazzanine-en-bordure-de-grande-voie-bingerville-palais-de-justice-5838529;2026-05-12T16:43:42+00:00
CI;Côte d'Ivoire;coinafrique;location;commercial;bureaux-et-commerces;Location l entrepôt de 11.000m2 dont 7000m2 couvert et 4000m2nouvelle zone industrielle de Yopougon;24000000;0;;;Yopougon;;;https://ci.coinafrique.com/annonce/bureaux-et-commerces/location-l-entrepot-de-11000m2-dont-7000m2-couvert-et-4000m2nouvelle-zone-industrielle-de-yopougon-5834445;2026-05-12T16:43:42+00:00
CI;Côte d'Ivoire;coinafrique;location;commercial;bureaux-et-commerces;Location entrepôt 610m² à Abatta;1750000;610;2869;;Cocody;;;https://ci.coinafrique.com/annonce/bureaux-et-commerces/location-entrepot-610m-a-abatta-5859785;2026-05-12T16:43:42+00:00
CI;Côte d'Ivoire;coinafrique;location;commercial;bureaux-et-commerces;Location espace evenementiel et restaurant sur 3000m² au Plateau;5000000;3000;1667;;Plateau;;;https://ci.coinafrique.com/annonce/bureaux-et-commerces/location-espace-evenementiel-et-restaurant-sur-3000m-au-plateau-5837063;2026-05-12T16:43:42+00:00
CI;Côte d'Ivoire;coinafrique;location;commercial;bureaux-et-commerces;Location cave - Angré;150000;;;;Cocody;Angré;;https://ci.coinafrique.com/annonce/bureaux-et-commerces/location-cave-angre-5861670;2026-05-12T16:43:42+00:00
CI;Côte d'Ivoire;coinafrique;location;commercial;bureaux-et-commerces;Location entrepôt 400m² à 2Plateaux 7e Tranche;1800000;400;4500;;Cocody;7e Tranche;;https://ci.coinafrique.com/annonce/bureaux-et-commerces/location-entrepot-400m-a-2plateaux-7e-tranche-5839290;2026-05-12T16:43:42+00:00
CI;Côte d'Ivoire;coinafrique;location;commercial;bureaux-et-commerces;Location magasin - 2 Plateaux;2500000;;;;Cocody;2 Plateaux;;https://ci.coinafrique.com/annonce/bureaux-et-commerces/location-magasin-2-plateaux-5836357;2026-05-12T16:43:42+00:00
CI;Côte d'Ivoire;coinafrique;location;commercial;bureaux-et-commerces;Location entrepôt 1750m² à Abidjan Treichville Zone 3;5000000;1750;2857;;Cocody;;;https://ci.coinafrique.com/annonce/bureaux-et-commerces/location-entrepot-1750m-a-abidjan-treichville-zone-3-5839279;2026-05-12T16:43:42+00:00
CI;Côte d'Ivoire;coinafrique;location;commercial;bureaux-et-commerces;Location appartement open space à cocody 2plateaux les valons;1300000;;;;Cocody;;;https://ci.coinafrique.com/annonce/bureaux-et-commerces/location-appartement-open-space-a-cocody-2plateaux-les-valons-5833074;2026-05-12T16:43:42+00:00
CI;Côte d'Ivoire;coinafrique;location;commercial;bureaux-et-commerces;Location entrepôt - Yopougon;20000000;;;;Cocody;;;https://ci.coinafrique.com/annonce/bureaux-et-commerces/location-entrepot-yopougon-5848271;2026-05-12T16:43:42+00:00
CI;Côte d'Ivoire;coinafrique;location;commercial;bureaux-et-commerces;Bureau meublé 3 pièces à louer à Angré Djorobité base Cié;600000;;;3;Cocody;Angré;;https://ci.coinafrique.com/annonce/bureaux-et-commerces/bureau-meuble-3-pieces-a-louer-a-angre-djorobite-base-cie-5838833;2026-05-12T16:43:42+00:00
CI;Côte d'Ivoire;coinafrique;location;commercial;bureaux-et-commerces;Location bureau - Cocody Danga;300000;;;;Cocody;Danga;;https://ci.coinafrique.com/annonce/bureaux-et-commerces/location-bureau-cocody-danga-5831649;2026-05-12T16:43:42+00:00
CI;Côte d'Ivoire;coinafrique;location;commercial;bureaux-et-commerces;Location magasin à la Riviera Palmeraie;2000000;;;;Cocody;Riviera Palmeraie;;https://ci.coinafrique.com/annonce/bureaux-et-commerces/location-magasin-a-la-riviera-palmeraie-5828218;2026-05-12T16:43:42+00:00
CI;Côte d'Ivoire;coinafrique;location;commercial;bureaux-et-commerces;Location magasin à la Riviera Palmeraie,;2000000;;;;Cocody;Riviera Palmeraie;;https://ci.coinafrique.com/annonce/bureaux-et-commerces/location-magasin-a-la-riviera-palmeraie-5828215;2026-05-12T16:43:42+00:00
CI;Côte d'Ivoire;coinafrique;location;commercial;bureaux-et-commerces;Location magasin à 2 Plateaux;1500000;;;;Cocody;2 Plateaux;;https://ci.coinafrique.com/annonce/bureaux-et-commerces/location-magasin-a-2-plateaux-5827647;2026-05-12T16:43:42+00:00
CI;Côte d'Ivoire;coinafrique;location;commercial;bureaux-et-commerces;Location bureau - Cocody 2 plateaux vallon;1800000;;;;Cocody;2 Plateaux;;https://ci.coinafrique.com/annonce/bureaux-et-commerces/location-bureau-cocody-2-plateaux-vallon-5827134;2026-05-12T16:43:42+00:00
CI;Côte d'Ivoire;coinafrique;location;commercial;bureaux-et-commerces;Location local - Cocody;300000;;;;Cocody;;;https://ci.coinafrique.com/annonce/bureaux-et-commerces/location-local-cocody-5826920;2026-05-12T16:43:42+00:00
CI;Côte d'Ivoire;coinafrique;location;commercial;bureaux-et-commerces;Location villa duplex 15pieces en bordure 8e tranche;2000000;;;15;Cocody;;;https://ci.coinafrique.com/annonce/bureaux-et-commerces/location-villa-duplex-15pieces-en-bordure-8e-tranche-5826315;2026-05-12T16:43:42+00:00
CI;Côte d'Ivoire;coinafrique;location;commercial;bureaux-et-commerces;Location entrepôt - Cocody;1000000;;;;Cocody;Angré;;https://ci.coinafrique.com/annonce/bureaux-et-commerces/location-entrepot-cocody-5840273;2026-05-12T16:43:42+00:00
CI;Côte d'Ivoire;coinafrique;location;commercial;bureaux-et-commerces;Location commercial - Macory;2500000;;;;Marcory;;;https://ci.coinafrique.com/annonce/bureaux-et-commerces/location-commercial-macory-5849784;2026-05-12T16:43:42+00:00
CI;Côte d'Ivoire;coinafrique;location;commercial;bureaux-et-commerces;Location espace 400m2 Cocody - Angré Château;1000000;400;2500;;Cocody;Angré;;https://ci.coinafrique.com/annonce/bureaux-et-commerces/location-espace-400m2-cocody-angre-chateau-5846938;2026-05-12T16:43:42+00:00
CI;Côte d'Ivoire;coinafrique;location;commercial;bureaux-et-commerces;Location magasin à Angré 8e Tranche cocovico;400000;;;;Cocody;Angré;;https://ci.coinafrique.com/annonce/bureaux-et-commerces/location-magasin-a-angre-8e-tranche-cocovico-5824950;2026-05-12T16:43:42+00:00
CI;Côte d'Ivoire;coinafrique;location;commercial;bureaux-et-commerces;Location local commercial - Bingerville;300000;;;;Cocody;;;https://ci.coinafrique.com/annonce/bureaux-et-commerces/location-local-commercial-bingerville-5867174;2026-05-12T16:43:42+00:00
CI;Côte d'Ivoire;coinafrique;location;commercial;bureaux-et-commerces;Location espace - Yopougon;2500000;;;;Yopougon;;;https://ci.coinafrique.com/annonce/bureaux-et-commerces/location-espace-yopougon-5867167;2026-05-12T16:43:42+00:00
CI;Côte d'Ivoire;coinafrique;location;commercial;bureaux-et-commerces;Location bureaux & commerces - Cocody danga;300000;;;;Cocody;Danga;;https://ci.coinafrique.com/annonce/bureaux-et-commerces/location-bureaux-et-commerces-cocody-danga-5827110;2026-05-12T16:43:42+00:00
CI;Côte d'Ivoire;coinafrique;location;commercial;bureaux-et-commerces;Location espace plein air Cocody route abata;450000;;;;Cocody;;;https://ci.coinafrique.com/annonce/bureaux-et-commerces/location-espace-plein-air-cocody-route-abata-5826793;2026-05-12T16:43:42+00:00
CI;Côte d'Ivoire;coinafrique;location;commercial;bureaux-et-commerces;Location magasin - Cocody Angré;250000;;;;Cocody;Angré;;https://ci.coinafrique.com/annonce/bureaux-et-commerces/location-magasin-cocody-angre-5825709;2026-05-12T16:43:42+00:00
CI;Côte d'Ivoire;coinafrique;location;commercial;bureaux-et-commerces;Location entrepôt de 2000m2 à la nouvelle zone industrielle de Yopougon autoroute du Nord;4000000;2000;2000;;Yopougon;;;https://ci.coinafrique.com/annonce/bureaux-et-commerces/location-entrepot-de-2000m2-a-la-nouvelle-zone-industrielle-de-yopougon-autoroute-du-nord-5821933;2026-05-12T16:43:42+00:00
CI;Côte d'Ivoire;coinafrique;location;commercial;bureaux-et-commerces;Location entrepôt - Macory;6000000;;;;Marcory;;;https://ci.coinafrique.com/annonce/bureaux-et-commerces/location-entrepot-macory-5820855;2026-05-12T16:43:42+00:00
CI;Côte d'Ivoire;coinafrique;location;commercial;bureaux-et-commerces;Location magasin à Riviera Palmeraie;500000;;;;Riviera;;;https://ci.coinafrique.com/annonce/bureaux-et-commerces/location-magasin-a-riviera-palmeraie-5817480;2026-05-12T16:43:42+00:00
CI;Côte d'Ivoire;coinafrique;location;commercial;bureaux-et-commerces;location bureaux & commerces - marcory;1200000;;;;Marcory;;;https://ci.coinafrique.com/annonce/bureaux-et-commerces/location-bureaux-et-commerces-marcory-5816977;2026-05-12T16:43:42+00:00
CI;Côte d'Ivoire;coinafrique;location;commercial;bureaux-et-commerces;Location bureaux et commerces 75 - Cocody;1300000;;;;Cocody;;;https://ci.coinafrique.com/annonce/bureaux-et-commerces/location-bureaux-et-commerces-75-cocody-5816675;2026-05-12T16:43:42+00:00
CI;Côte d'Ivoire;coinafrique;location;commercial;bureaux-et-commerces;Location magasin - Marcory zone 4;600000;;;;Marcory;Zone 4;;https://ci.coinafrique.com/annonce/bureaux-et-commerces/location-magasin-marcory-zone-4-5815772;2026-05-12T16:43:42+00:00
CI;Côte d'Ivoire;coinafrique;location;commercial;bureaux-et-commerces;Location bureau - Plateaux vallon;1800000;;;;Cocody;Vallon;;https://ci.coinafrique.com/annonce/bureaux-et-commerces/location-bureau-plateaux-vallon-5815607;2026-05-12T16:43:42+00:00
CI;Côte d'Ivoire;coinafrique;location;commercial;bureaux-et-commerces;Location bureaux et commerce à Cocody vallon Grand Restaurant;500000;;;;Cocody;Vallon;;https://ci.coinafrique.com/annonce/bureaux-et-commerces/location-bureaux-et-commerce-a-cocody-vallon-grand-restaurant-5816414;2026-05-12T16:43:42+00:00
CI;Côte d'Ivoire;coinafrique;location;commercial;bureaux-et-commerces;Location magasin avec mezzanine sur 2700 m² à la Riviera 2 Cocody;16000;2700;6;;Cocody;Riviera 2;;https://ci.coinafrique.com/annonce/bureaux-et-commerces/location-magasin-avec-mezzanine-sur-2700m-a-la-riviera-2-cocody-5815299;2026-05-12T16:43:42+00:00
CI;Côte d'Ivoire;coinafrique;location;commercial;bureaux-et-commerces;Location magasin 89m2;1500000;89;16854;;Cocody;;;https://ci.coinafrique.com/annonce/bureaux-et-commerces/location-magasin-89m2-5815011;2026-05-12T16:43:42+00:00
CI;Côte d'Ivoire;coinafrique;location;commercial;bureaux-et-commerces;Location bureaux;150000;;;;Cocody;;;https://ci.coinafrique.com/annonce/bureaux-et-commerces/location-bureaux-5854519;2026-05-12T16:43:42+00:00
CI;Côte d'Ivoire;coinafrique;location;commercial;bureaux-et-commerces;Location bureaux - Cocody riviera 4;600000;;;;Cocody;Riviera 4;;https://ci.coinafrique.com/annonce/bureaux-et-commerces/location-bureaux-cocody-riviera-4-5816076;2026-05-12T16:43:42+00:00
CI;Côte d'Ivoire;coinafrique;location;commercial;bureaux-et-commerces;Location d'espace événementiel;500000;;;;Cocody;;;https://ci.coinafrique.com/annonce/bureaux-et-commerces/location-despace-evenementiel-5853873;2026-05-12T16:43:42+00:00
CI;Côte d'Ivoire;coinafrique;location;commercial;bureaux-et-commerces;Location bureaux & commerces 1100m² - Cocody deux plateaux;4000000;1100;3636;;Cocody;Deux Plateaux;;https://ci.coinafrique.com/annonce/bureaux-et-commerces/location-bureaux-et-commerces-1100m-cocody-deux-plateaux-5814817;2026-05-12T16:43:42+00:00
CI;Côte d'Ivoire;coinafrique;location;commercial;bureaux-et-commerces;Location bureaux & commerces 300m2 - cocody;750000;300;2500;;Cocody;;;https://ci.coinafrique.com/annonce/bureaux-et-commerces/location-bureaux-et-commerces-300m2-cocody-5814042;2026-05-12T16:43:42+00:00
CI;Côte d'Ivoire;coinafrique;location;commercial;bureaux-et-commerces;Location entrepôt rue 38 / avenue 14 - Treichville;3000000;;;;Treichville;;;https://ci.coinafrique.com/annonce/bureaux-et-commerces/location-entrepot-rue-38-avenue-14-treichville-5851759;2026-05-12T16:43:42+00:00
CI;Côte d'Ivoire;coinafrique;location;commercial;bureaux-et-commerces;Location magasin à Cocody Riviera Faya;175000;;;;Cocody;Riviera Faya;;https://ci.coinafrique.com/annonce/bureaux-et-commerces/location-magasin-a-cocody-riviera-faya-5838834;2026-05-12T16:43:42+00:00
CI;Côte d'Ivoire;coinafrique;location;commercial;bureaux-et-commerces;Location magasin à Cocody Bonoumin;690000;;;;Cocody;Bonoumin;;https://ci.coinafrique.com/annonce/bureaux-et-commerces/location-magasin-a-cocody-bonoumin-5809292;2026-05-12T16:43:42+00:00
CI;Côte d'Ivoire;coinafrique;location;commercial;bureaux-et-commerces;Location bureaux & commerces 300 - Marcory;2500000;;;;Marcory;;;https://ci.coinafrique.com/annonce/bureaux-et-commerces/location-bureaux-et-commerces-300-marcory-5811788;2026-05-12T16:43:42+00:00
CI;Côte d'Ivoire;coinafrique;location;commercial;bureaux-et-commerces;Location bureaux & commerces - Marcory;2500000;;;;Marcory;;;https://ci.coinafrique.com/annonce/bureaux-et-commerces/location-bureaux-et-commerces-marcory-5811789;2026-05-12T16:43:42+00:00
CI;Côte d'Ivoire;coinafrique;location;commercial;bureaux-et-commerces;Location Showroom à Palmaraie;2000000;;;;Cocody;;;https://ci.coinafrique.com/annonce/bureaux-et-commerces/location-showroom-a-palmaraie-5807504;2026-05-12T16:43:42+00:00
CI;Côte d'Ivoire;coinafrique;location;commercial;bureaux-et-commerces;Location entrepôt - Abatta;4000000;;;;Cocody;;;https://ci.coinafrique.com/annonce/bureaux-et-commerces/location-entrepot-abatta-5806851;2026-05-12T16:43:42+00:00
CI;Côte d'Ivoire;coinafrique;location;commercial;bureaux-et-commerces;Location entrepôt de 2000 m² a l'ancienne zone industrielle de yopougon dont 1500m2 couvert;4000000;2000;2000;;Yopougon;;bas;https://ci.coinafrique.com/annonce/bureaux-et-commerces/location-entrepot-de-2000-m-a-lancienne-zone-industrielle-de-yopougon-dont-1500m2-couvert-5804797;2026-05-12T16:43:42+00:00
CI;Côte d'Ivoire;coinafrique;location;commercial;bureaux-et-commerces;Location terrain de 1800 m² clôturé avec portail exploitable - nouvelle zone industrielle de Yopougon;5000000;1800;2778;;Yopougon;;;https://ci.coinafrique.com/annonce/bureaux-et-commerces/location-terrain-de-1800-m-cloture-avec-portail-exploitable-nouvelle-zone-industrielle-de-yopougon-5803455;2026-05-12T16:43:42+00:00
CI;Côte d'Ivoire;coinafrique;location;commercial;bureaux-et-commerces;Location d'un super entre 1760m2 a la nouvelle zone industrielle de Yopougon dont 1269m2 couvert et 500m2 de cour, des bureaux, électricité disponible et un accès facile;4000000;1760;2273;;Yopougon;;;https://ci.coinafrique.com/annonce/bureaux-et-commerces/location-dun-super-entre-1760m2-a-la-nouvelle-zone-industrielle-de-yopougon-dont-1269m2-couvert-et-500m2-de-cour-des-bureaux-electricite-disponible-et-un-acces-facile-5803450;2026-05-12T16:43:42+00:00
CI;Côte d'Ivoire;coinafrique;location;commercial;bureaux-et-commerces;Location magasin - Cocody riviera 2 anono;650000;;;;Cocody;Riviera 2;;https://ci.coinafrique.com/annonce/bureaux-et-commerces/location-magasin-cocody-riviera-2-anono-5802868;2026-05-12T16:43:42+00:00
CI;Côte d'Ivoire;coinafrique;location;commercial;bureaux-et-commerces;Location magasin - Cocody;1000000;;;;Cocody;;;https://ci.coinafrique.com/annonce/bureaux-et-commerces/location-magasin-cocody-5799354;2026-05-12T16:43:42+00:00
CI;Côte d'Ivoire;coinafrique;location;commercial;bureaux-et-commerces;Location open space - Rivièra Palmeraie;2000000;;;;Cocody;Palmeraie;;https://ci.coinafrique.com/annonce/bureaux-et-commerces/location-open-space-riviera-palmeraie-5799599;2026-05-12T16:43:42+00:00
CI;Côte d'Ivoire;coinafrique;location;commercial;bureaux-et-commerces;Location local commercial - Rivièra Palmeraie;2000000;;;;Cocody;Palmeraie;;https://ci.coinafrique.com/annonce/bureaux-et-commerces/location-local-commercial-riviera-palmeraie-5799598;2026-05-12T16:43:42+00:00
CI;Côte d'Ivoire;coinafrique;location;commercial;bureaux-et-commerces;Location magasin - Marcory zone 4;600000;;;;Marcory;Zone 4;;https://ci.coinafrique.com/annonce/bureaux-et-commerces/location-magasin-marcory-zone-4-5815781;2026-05-12T16:43:42+00:00
CI;Côte d'Ivoire;coinafrique;location;commercial;bureaux-et-commerces;Location grand magasin en mezzanine avec toilette- cocody riviera bonoumin;690000;;;;Cocody;Riviera Bonoumin;;https://ci.coinafrique.com/annonce/bureaux-et-commerces/location-grand-magasin-en-mezzanine-avec-toilette-cocody-riviera-bonoumin-5825812;2026-05-12T16:43:42+00:00
CI;Côte d'Ivoire;coinafrique;location;commercial;bureaux-et-commerces;Location bureaux et commerces - Marcory;3000000;;;;Marcory;;;https://ci.coinafrique.com/annonce/bureaux-et-commerces/location-bureaux-et-commerces-marcory-5802317;2026-05-12T16:43:42+00:00
CI;Côte d'Ivoire;coinafrique;location;commercial;bureaux-et-commerces;Location magasin - Cocody riviera;650000;;;;Cocody;;;https://ci.coinafrique.com/annonce/bureaux-et-commerces/location-magasin-cocody-riviera-5802860;2026-05-12T16:43:42+00:00
CI;Côte d'Ivoire;coinafrique;location;commercial;bureaux-et-commerces;Location bureau - Cocody 2 plateaux vallon;1800000;;;;Cocody;2 Plateaux;;https://ci.coinafrique.com/annonce/bureaux-et-commerces/location-bureau-cocody-2-plateaux-vallon-5827130;2026-05-12T16:43:42+00:00
CI;Côte d'Ivoire;coinafrique;location;commercial;bureaux-et-commerces;Location entrepot - Yopougon;12500000;;;;Yopougon;;;https://ci.coinafrique.com/annonce/bureaux-et-commerces/location-entrepot-yopougon-5796423;2026-05-12T16:43:42+00:00
CI;Côte d'Ivoire;coinafrique;location;commercial;bureaux-et-commerces;Location entrepôt 4750m² à la nouvelle zone industrielle de Yopougon, 1250 M2 couvert et 3500 M2 de cours;8000000;4750;1684;;Yopougon;;;https://ci.coinafrique.com/annonce/bureaux-et-commerces/location-entrepot-4750m-a-la-nouvelle-zone-industrielle-de-yopougon-1250-m2-couvert-et-3500-m2-de-cours-5795957;2026-05-12T16:43:42+00:00
CI;Côte d'Ivoire;coinafrique;location;commercial;bureaux-et-commerces;Location entrepôt 4000 m² à la nouvelle zone industrielle de Yopougon en bordure avec 2000 M2 couvert et 2000 M2 de cour et un pont bascule;10000000;4000;2500;;Yopougon;;;https://ci.coinafrique.com/annonce/bureaux-et-commerces/location-entrepot-4000-m-a-la-nouvelle-zone-industrielle-de-yopougon-en-bordure-avec-2000-m2-couvert-et-2000-m2-de-cour-et-un-pont-bascule-5795881;2026-05-12T16:43:42+00:00
CI;Côte d'Ivoire;coinafrique;location;commercial;bureaux-et-commerces;Location bureaux et commerces - Cocody;1500000;;;;Cocody;;;https://ci.coinafrique.com/annonce/bureaux-et-commerces/location-bureaux-et-commerces-cocody-5836000;2026-05-12T16:43:42+00:00
CI;Côte d'Ivoire;coinafrique;location;commercial;bureaux-et-commerces;Location bureaux et commerces - Treichville;7250000;;;;Treichville;;;https://ci.coinafrique.com/annonce/bureaux-et-commerces/location-bureaux-et-commerces-treichville-5835945;2026-05-12T16:43:42+00:00
CI;Côte d'Ivoire;coinafrique;location;commercial;bureaux-et-commerces;Location entrepôt à la nouvelle zone industrielle;8000000;;;;Cocody;;;https://ci.coinafrique.com/annonce/bureaux-et-commerces/location-entrepot-a-la-nouvelle-zone-industrielle-5791618;2026-05-12T16:43:42+00:00
CI;Côte d'Ivoire;coinafrique;location;commercial;bureaux-et-commerces;Location entrepôt à la nouvelle à la zone industrielle;8000000;;;;Cocody;;;https://ci.coinafrique.com/annonce/bureaux-et-commerces/location-entrepot-a-la-nouvelle-a-la-zone-industrielle-5791621;2026-05-12T16:43:42+00:00
CI;Côte d'Ivoire;coinafrique;location;commercial;bureaux-et-commerces;Location restaurant - cocody abatta;250000;;;;Cocody;;;https://ci.coinafrique.com/annonce/bureaux-et-commerces/location-restaurant-cocody-abatta-5795149;2026-05-12T16:43:42+00:00
CI;Côte d'Ivoire;coinafrique;location;commercial;bureaux-et-commerces;Location entrepot 600m² et 100m² à Port bouet abattoir;2000000;600;3333;;Port-Bouet;;;https://ci.coinafrique.com/annonce/bureaux-et-commerces/location-entrepot-600m-et-100m-a-port-bouet-abattoir-5790164;2026-05-12T16:43:42+00:00
CI;Côte d'Ivoire;coinafrique;location;commercial;bureaux-et-commerces;Location villa pour bureau 15 pièces - Cocody Angre 8eme tranche;2000000;;;15;Cocody;Angre;;https://ci.coinafrique.com/annonce/bureaux-et-commerces/location-villa-pour-bureau-15-pieces-cocody-angre-8eme-tranche-5790140;2026-05-12T16:43:42+00:00
CI;Côte d'Ivoire;coinafrique;location;commercial;bureaux-et-commerces;Location entrepôt 1500 m² à yopougon;4000000;1500;2667;;Yopougon;;;https://ci.coinafrique.com/annonce/bureaux-et-commerces/location-entrepot-1500-m-a-yopougon-5786424;2026-05-12T16:43:42+00:00
CI;Côte d'Ivoire;coinafrique;location;commercial;bureaux-et-commerces;Location entrepôt 1500 m² - Yopougon;4000000;1500;2667;;Yopougon;;;https://ci.coinafrique.com/annonce/bureaux-et-commerces/location-entrepot-1500-m-yopougon-5786431;2026-05-12T16:43:42+00:00
CI;Côte d'Ivoire;coinafrique;location;commercial;bureaux-et-commerces;Location entrepôt 1500 m² - Yopougon;4000000;1500;2667;;Yopougon;;;https://ci.coinafrique.com/annonce/bureaux-et-commerces/location-entrepot-1500-m-yopougon-5786428;2026-05-12T16:43:42+00:00
CI;Côte d'Ivoire;coinafrique;location;commercial;bureaux-et-commerces;Location bureaux et commerces - Cocody;300000;;;;Cocody;;;https://ci.coinafrique.com/annonce/bureaux-et-commerces/location-bureaux-et-commerces-cocody-5830157;2026-05-12T16:43:42+00:00
CI;Côte d'Ivoire;coinafrique;location;commercial;bureaux-et-commerces;Location entrepôt 2680 m² + acd en zone 3;1100000;2680;410;;;;;https://ci.coinafrique.com/annonce/bureaux-et-commerces/location-entrepot-2680-m-acd-en-zone-3-5786326;2026-05-12T16:43:42+00:00
CI;Côte d'Ivoire;coinafrique;location;commercial;bureaux-et-commerces;Location zone industrielle entrepôt de Yopougon,;4000000;;;;Yopougon;;;https://ci.coinafrique.com/annonce/bureaux-et-commerces/location-zone-industrielle-entrepot-de-yopougon-5786274;2026-05-12T16:43:42+00:00
CI;Côte d'Ivoire;coinafrique;location;commercial;bureaux-et-commerces;Location magasin - Cocody;650000;;;;Cocody;;;https://ci.coinafrique.com/annonce/bureaux-et-commerces/location-magasin-cocody-5783076;2026-05-12T16:43:42+00:00
CI;Côte d'Ivoire;coinafrique;location;commercial;bureaux-et-commerces;Location cession de magasin - Cocody;27000000;;;;Cocody;;;https://ci.coinafrique.com/annonce/bureaux-et-commerces/location-cession-de-magasin-cocody-5782555;2026-05-12T16:43:42+00:00
CI;Côte d'Ivoire;coinafrique;location;commercial;bureaux-et-commerces;Location 2 dépôts à koumassi;3000000;;;;Cocody;;;https://ci.coinafrique.com/annonce/bureaux-et-commerces/location-2-depots-a-koumassi-5780973;2026-05-12T16:43:42+00:00
CI;Côte d'Ivoire;coinafrique;location;commercial;bureaux-et-commerces;Location 2 dépôts à Koumassi;3000000;;;;Cocody;;;https://ci.coinafrique.com/annonce/bureaux-et-commerces/location-2-depots-a-koumassi-5780854;2026-05-12T16:43:42+00:00
CI;Côte d'Ivoire;coinafrique;location;commercial;bureaux-et-commerces;Location 2 dépôts à koumassi;3000000;;;;Cocody;;;https://ci.coinafrique.com/annonce/bureaux-et-commerces/location-2-depots-a-koumassi-5780861;2026-05-12T16:43:42+00:00
CI;Côte d'Ivoire;coinafrique;location;commercial;bureaux-et-commerces;Location 2 dépôts à koumassi;3000000;;;;Cocody;;;https://ci.coinafrique.com/annonce/bureaux-et-commerces/location-2-depots-a-koumassi-5780866;2026-05-12T16:43:42+00:00
CI;Côte d'Ivoire;coinafrique;location;commercial;bureaux-et-commerces;Location 2 dépôts à koumassi;3000000;;;;Cocody;;;https://ci.coinafrique.com/annonce/bureaux-et-commerces/location-2-depots-a-koumassi-5780869;2026-05-12T16:43:42+00:00
CI;Côte d'Ivoire;coinafrique;location;commercial;bureaux-et-commerces;Location 2 dépôts à koumassi;3000000;;;;Cocody;;;https://ci.coinafrique.com/annonce/bureaux-et-commerces/location-2-depots-a-koumassi-5781108;2026-05-12T16:43:42+00:00
CI;Côte d'Ivoire;coinafrique;location;commercial;bureaux-et-commerces;Location entrepôt 550mm2 à Koumassi avec 2 bureaux;3000000;;;;Koumassi;;;https://ci.coinafrique.com/annonce/bureaux-et-commerces/location-entrepot-550mm2-a-koumassi-avec-2-bureaux-5781694;2026-05-12T16:43:42+00:00
CI;Côte d'Ivoire;coinafrique;location;commercial;bureaux-et-commerces;Location entrepot 450m² aec 2 bureaux à Koumassiv;2500000;450;5556;;Koumassi;;;https://ci.coinafrique.com/annonce/bureaux-et-commerces/location-entrepot-450m-aec-2-bureaux-a-koumassiv-5781697;2026-05-12T16:43:42+00:00
CI;Côte d'Ivoire;coinafrique;location;commercial;bureaux-et-commerces;Location dépôt - koumassi;3000000;;;;Cocody;;;https://ci.coinafrique.com/annonce/bureaux-et-commerces/location-depot-koumassi-5779123;2026-05-12T16:43:42+00:00
CI;Côte d'Ivoire;coinafrique;location;commercial;bureaux-et-commerces;Location showroom 700 m² - treichville boulevard de marseille;10000000;700;14286;;Treichville;;;https://ci.coinafrique.com/annonce/bureaux-et-commerces/location-showroom-700-m-treichville-boulevard-de-marseille-5779040;2026-05-12T16:43:42+00:00
CI;Côte d'Ivoire;coinafrique;location;commercial;bureaux-et-commerces;Location bureaux & commerces 700 m² - treichville;10000000;700;14286;;Treichville;;;https://ci.coinafrique.com/annonce/bureaux-et-commerces/location-bureaux-et-commerces-700-m-treichville-5779037;2026-05-12T16:43:42+00:00
CI;Côte d'Ivoire;coinafrique;location;commercial;bureaux-et-commerces;Location bureaux & commerces 331 m² - Cocody;16000;331;48;;Cocody;;;https://ci.coinafrique.com/annonce/bureaux-et-commerces/location-bureaux-et-commerces-331-m-cocody-5777241;2026-05-12T16:43:42+00:00
CI;Côte d'Ivoire;coinafrique;location;commercial;bureaux-et-commerces;Location bureaux & commerces 300 m² - Marcory vge;2500000;300;8333;;Marcory;;;https://ci.coinafrique.com/annonce/bureaux-et-commerces/location-bureaux-et-commerces-300-m-marcory-vge-5777255;2026-05-12T16:43:42+00:00
CI;Côte d'Ivoire;coinafrique;location;commercial;bureaux-et-commerces;Location villa duplex + jardin à Cocody-angré 8ème tranche;2200000;;;;Cocody;Angré;;https://ci.coinafrique.com/annonce/bureaux-et-commerces/location-villa-duplex-jardin-a-cocody-angre-8eme-tranche-5778336;2026-05-12T16:43:42+00:00
CI;Côte d'Ivoire;coinafrique;location;commercial;bureaux-et-commerces;Location villa duplex + jardin à Cocody-angré 8ème tranche;2200000;;;;Cocody;Angré;;https://ci.coinafrique.com/annonce/bureaux-et-commerces/location-villa-duplex-jardin-a-cocody-angre-8eme-tranche-5778281;2026-05-12T16:43:42+00:00
CI;Côte d'Ivoire;coinafrique;location;commercial;bureaux-et-commerces;Location entrepôt à Anyama;4000000;;;;Cocody;;;https://ci.coinafrique.com/annonce/bureaux-et-commerces/location-entrepot-a-anyama-5777456;2026-05-12T16:43:42+00:00
CI;Côte d'Ivoire;coinafrique;location;commercial;bureaux-et-commerces;Location magasin en bordure de grande voie - Cocody riviéra anono;650000;;;;Cocody;;;https://ci.coinafrique.com/annonce/bureaux-et-commerces/location-magasin-en-bordure-de-grande-voie-cocody-riviera-anono-5782717;2026-05-12T16:43:42+00:00
CI;Côte d'Ivoire;coinafrique;location;commercial;bureaux-et-commerces;Location entrepôt de 14680 m² couvert à Koumassi;5000;14680;0;;Koumassi;;;https://ci.coinafrique.com/annonce/bureaux-et-commerces/location-entrepot-de-14680-m-couvert-a-koumassi-5777181;2026-05-12T16:43:42+00:00
CI;Côte d'Ivoire;coinafrique;location;commercial;bureaux-et-commerces;Location entrepôt - Yopougon, 3;4000000;;;;Yopougon;;;https://ci.coinafrique.com/annonce/bureaux-et-commerces/location-entrepot-yopougon-3-5777173;2026-05-12T16:43:42+00:00
CI;Côte d'Ivoire;coinafrique;location;commercial;bureaux-et-commerces;Location magasin à Treichville;4000000;;;;Treichville;;;https://ci.coinafrique.com/annonce/bureaux-et-commerces/location-magasin-a-treichville-5777157;2026-05-12T16:43:42+00:00
CI;Côte d'Ivoire;coinafrique;location;commercial;bureaux-et-commerces;magasin à céder Riviera palmeraie.;500000;;;;Cocody;Riviera Palmeraie;;https://ci.coinafrique.com/annonce/bureaux-et-commerces/magasin-a-ceder-riviera-palmeraie-5776909;2026-05-12T16:43:42+00:00
CI;Côte d'Ivoire;coinafrique;location;commercial;bureaux-et-commerces;Location entrepôt - Yopougon;20000000;;;;Yopougon;;;https://ci.coinafrique.com/annonce/bureaux-et-commerces/location-entrepot-yopougon-5775982;2026-05-12T16:43:42+00:00
CI;Côte d'Ivoire;coinafrique;location;commercial;bureaux-et-commerces;Location bureaux et commerces - Cocody;3000000;;;;Cocody;;;https://ci.coinafrique.com/annonce/bureaux-et-commerces/location-bureaux-et-commerces-cocody-5782890;2026-05-12T16:43:42+00:00
CI;Côte d'Ivoire;coinafrique;location;commercial;bureaux-et-commerces;Location bureaux et commerces - Cocody;1800000;;;;Cocody;;;https://ci.coinafrique.com/annonce/bureaux-et-commerces/location-bureaux-et-commerces-cocody-5820939;2026-05-12T16:43:42+00:00
CI;Côte d'Ivoire;coinafrique;location;commercial;bureaux-et-commerces;Location Entrepot - Cocody;1700000;;;;Cocody;;;https://ci.coinafrique.com/annonce/bureaux-et-commerces/location-entrepot-cocody-5774268;2026-05-12T16:43:42+00:00
CI;Côte d'Ivoire;coinafrique;location;commercial;bureaux-et-commerces;Location entrepot entrepôt de 1200m² avec 2 entrées zone industrielle de Yopougon;6000000;1200;5000;;Yopougon;;;https://ci.coinafrique.com/annonce/bureaux-et-commerces/location-entrepot-entrepot-de-1200m-avec-2-entrees-zone-industrielle-de-yopougon-5773388;2026-05-12T16:43:42+00:00
CI;Côte d'Ivoire;coinafrique;location;commercial;bureaux-et-commerces;Location entrepot 10.000 m2 à la nouvelle zone industrielle de Yopougon;20000000;0;;;Yopougon;;;https://ci.coinafrique.com/annonce/bureaux-et-commerces/location-entrepot-10000-m2-a-la-nouvelle-zone-industrielle-de-yopougon-5773401;2026-05-12T16:43:42+00:00
CI;Côte d'Ivoire;coinafrique;location;commercial;bureaux-et-commerces;Location magasin à Cocody Riviera Palmeraire;1000000;;;;Cocody;;;https://ci.coinafrique.com/annonce/bureaux-et-commerces/location-magasin-a-cocody-riviera-palmeraire-5772725;2026-05-12T16:43:42+00:00
CI;Côte d'Ivoire;coinafrique;location;commercial;bureaux-et-commerces;Location magasin - Cocody Angré;300000;;;;Cocody;Angré;;https://ci.coinafrique.com/annonce/bureaux-et-commerces/location-magasin-cocody-angre-5772087;2026-05-12T16:43:42+00:00
CI;Côte d'Ivoire;coinafrique;location;commercial;bureaux-et-commerces;Location magasin à Nouveau CHU;200000;;;;Cocody;;;https://ci.coinafrique.com/annonce/bureaux-et-commerces/location-magasin-a-nouveau-chu-5771133;2026-05-12T16:43:42+00:00
CI;Côte d'Ivoire;coinafrique;location;commercial;bureaux-et-commerces;Location entrepôt Autoroute du Nord derrière;10000000;;;;Cocody;;;https://ci.coinafrique.com/annonce/bureaux-et-commerces/location-entrepot-autoroute-du-nord-derriere-5769587;2026-05-12T16:43:42+00:00
CI;Côte d'Ivoire;coinafrique;location;commercial;bureaux-et-commerces;Location bureaux et commerces 1135 - le Plateau;25000;;;;Plateau;;;https://ci.coinafrique.com/annonce/bureaux-et-commerces/location-bureaux-et-commerces-1135-le-plateau-5772408;2026-05-12T16:43:42+00:00
CI;Côte d'Ivoire;coinafrique;location;commercial;bureaux-et-commerces;Location entrepot 10 000m2 couvert et 15000m2 la cour Ancienne zone industrielle de Yopougon;60000000;0;;;Cocody;;bas;https://ci.coinafrique.com/annonce/bureaux-et-commerces/location-entrepot-10-000m2-couvert-et-15000m2-la-cour-ancienne-zone-industrielle-de-yopougon-5769575;2026-05-12T16:43:42+00:00
CI;Côte d'Ivoire;coinafrique;location;commercial;bureaux-et-commerces;Location restaurant - Abidjan;400000;;;;Cocody;;;https://ci.coinafrique.com/annonce/bureaux-et-commerces/location-restaurant-abidjan-5767452;2026-05-12T16:43:42+00:00
CI;Côte d'Ivoire;coinafrique;location;commercial;bureaux-et-commerces;Location terrain 2000m² clôturé aux 2-plateaux vallon en bordure de l'autoroute direction adjamé après l'école de police;4000000;2000;2000;;Cocody;Vallon;;https://ci.coinafrique.com/annonce/bureaux-et-commerces/location-terrain-2000m-cloture-aux-2-plateaux-vallon-en-bordure-de-lautoroute-direction-adjame-apres-lecole-de-police-5767043;2026-05-12T16:43:42+00:00
CI;Côte d'Ivoire;coinafrique;location;commercial;bureaux-et-commerces;Location bureau meublé - Riviera cap nord;550000;;;;Cocody;;;https://ci.coinafrique.com/annonce/bureaux-et-commerces/location-bureau-meuble-riviera-cap-nord-5765577;2026-05-12T16:43:42+00:00
CI;Côte d'Ivoire;coinafrique;location;commercial;bureaux-et-commerces;Location magasin en mezzanine 110 m2 - cocody 2 plateaux vallon;1500000;110;13636;;Cocody;2 Plateaux;;https://ci.coinafrique.com/annonce/bureaux-et-commerces/location-magasin-en-mezzanine-110-m2-cocody-2-plateaux-vallon-5764322;2026-05-12T16:43:42+00:00
CI;Côte d'Ivoire;coinafrique;location;commercial;bureaux-et-commerces;Location salon de coiffure - Abidjan;2000000;;;;Cocody;;;https://ci.coinafrique.com/annonce/bureaux-et-commerces/location-salon-de-coiffure-abidjan-5764471;2026-05-12T16:43:42+00:00
CI;Côte d'Ivoire;coinafrique;location;commercial;bureaux-et-commerces;Location magasin en mezzanine 110 m2 - cocody 2 plateaux vallon;1500000;110;13636;;Cocody;2 Plateaux;;https://ci.coinafrique.com/annonce/bureaux-et-commerces/location-magasin-en-mezzanine-110-m2-cocody-2-plateaux-vallon-5764265;2026-05-12T16:43:42+00:00
CI;Côte d'Ivoire;coinafrique;location;commercial;bureaux-et-commerces;Location bureau - Vallon;2000000;;;;Cocody;Vallon;;https://ci.coinafrique.com/annonce/bureaux-et-commerces/location-bureau-vallon-5762572;2026-05-12T16:43:42+00:00
CI;Côte d'Ivoire;coinafrique;location;commercial;bureaux-et-commerces;Location magasin en mezzanine- cocody 2 plateaux vallon;1500000;;;;Cocody;2 Plateaux;;https://ci.coinafrique.com/annonce/bureaux-et-commerces/location-magasin-en-mezzanine-cocody-2-plateaux-vallon-5760879;2026-05-12T16:43:42+00:00
CI;Côte d'Ivoire;coinafrique;location;commercial;bureaux-et-commerces;Location bureaux & commerces 400 - Cocody;600000;;;;Cocody;;;https://ci.coinafrique.com/annonce/bureaux-et-commerces/location-bureaux-et-commerces-400-cocody-5764906;2026-05-12T16:43:42+00:00
CI;Côte d'Ivoire;coinafrique;location;commercial;bureaux-et-commerces;Location bureaux & commerces 50 - Cocody Aghein;400000;;;;Cocody;;;https://ci.coinafrique.com/annonce/bureaux-et-commerces/location-bureaux-et-commerces-50-cocody-aghein-5761836;2026-05-12T16:43:42+00:00
CI;Côte d'Ivoire;coinafrique;location;commercial;bureaux-et-commerces;Location bureaux & commerces 36 - Cocody Faya les lauriers 9;250000;;;;Cocody;Faya;;https://ci.coinafrique.com/annonce/bureaux-et-commerces/location-bureaux-et-commerces-36-cocody-faya-les-lauriers-9-5769498;2026-05-12T16:43:42+00:00
CI;Côte d'Ivoire;coinafrique;location;commercial;bureaux-et-commerces;Location magasin avec mezzanine - cocody 2 plateaux vallon;1500000;;;;Cocody;2 Plateaux;;https://ci.coinafrique.com/annonce/bureaux-et-commerces/location-magasin-avec-mezzanine-cocody-2-plateaux-vallon-5760876;2026-05-12T16:43:42+00:00
CI;Côte d'Ivoire;coinafrique;location;commercial;bureaux-et-commerces;Location bureaux & commerces 550 m² - koumassi;3000000;550;5455;;Koumassi;;;https://ci.coinafrique.com/annonce/bureaux-et-commerces/location-bureaux-et-commerces-550-m-koumassi-5779122;2026-05-12T16:43:42+00:00
CI;Côte d'Ivoire;coinafrique;location;commercial;bureaux-et-commerces;Location entrepôt 200 m² à cocody 7e tranche;1800000;200;9000;;Cocody;7e Tranche;;https://ci.coinafrique.com/annonce/bureaux-et-commerces/location-entrepot-200-m-a-cocody-7e-tranche-5791025;2026-05-12T16:43:42+00:00
CI;Côte d'Ivoire;coinafrique;location;commercial;bureaux-et-commerces;Location bureaux & commerces 270 m² - le plateau;3200000;270;11852;;Plateau;;;https://ci.coinafrique.com/annonce/bureaux-et-commerces/location-bureaux-et-commerces-270-m-le-plateau-5787128;2026-05-12T16:43:42+00:00
CI;Côte d'Ivoire;coinafrique;location;commercial;bureaux-et-commerces;Location entrepôt - Cocody riviera faya;1500000;;;;Cocody;Riviera Faya;;https://ci.coinafrique.com/annonce/bureaux-et-commerces/location-entrepot-cocody-riviera-faya-5763266;2026-05-12T16:43:42+00:00
CI;Côte d'Ivoire;coinafrique;location;commercial;bureaux-et-commerces;Location entrepôt -Cocody riviera bonoumin;1300000;;;;Cocody;Riviera Bonoumin;;https://ci.coinafrique.com/annonce/bureaux-et-commerces/location-entrepot-cocody-riviera-bonoumin-5763255;2026-05-12T16:43:42+00:00
CI;Côte d'Ivoire;coinafrique;location;commercial;bureaux-et-commerces;Location magasin -Cocody angré;400000;;;;Cocody;Angré;;https://ci.coinafrique.com/annonce/bureaux-et-commerces/location-magasin-cocody-angre-5763106;2026-05-12T16:43:42+00:00
CI;Côte d'Ivoire;coinafrique;location;commercial;bureaux-et-commerces;Location plusieurs entrepôts à vridi zone portuaire;25285000;;;;Koumassi;;;https://ci.coinafrique.com/annonce/bureaux-et-commerces/location-plusieurs-entrepots-a-vridi-zone-portuaire-5758810;2026-05-12T16:43:42+00:00
CI;Côte d'Ivoire;coinafrique;location;commercial;bureaux-et-commerces;Location showroom - Treichville;10000000;;;;Cocody;;;https://ci.coinafrique.com/annonce/bureaux-et-commerces/location-showroom-treichville-5758723;2026-05-12T16:43:42+00:00
CI;Côte d'Ivoire;coinafrique;location;commercial;bureaux-et-commerces;Location restaurant à Cocody vallon;1000000;;;;Cocody;Vallon;;https://ci.coinafrique.com/annonce/bureaux-et-commerces/location-restaurant-a-cocody-vallon-5758128;2026-05-12T16:43:42+00:00
CI;Côte d'Ivoire;coinafrique;location;commercial;bureaux-et-commerces;Location local commercial à Cocody 2 plateaux boulevard;3500000;;;;Cocody;2 Plateaux;;https://ci.coinafrique.com/annonce/bureaux-et-commerces/location-local-commercial-a-cocody-2-plateaux-boulevard-5758161;2026-05-12T16:43:42+00:00
CI;Côte d'Ivoire;coinafrique;location;commercial;bureaux-et-commerces;Location entrepôt 400m² Marcory zone 4 rue marconie;4000000;400;10000;;Cocody;;;https://ci.coinafrique.com/annonce/bureaux-et-commerces/location-entrepot-400m-marcory-zone-4-rue-marconie-5757917;2026-05-12T16:43:42+00:00
CI;Côte d'Ivoire;coinafrique;location;commercial;bureaux-et-commerces;Location entrepôt 400m² Marcory Zone 4 rue marconie;4000000;400;10000;;Cocody;;;https://ci.coinafrique.com/annonce/bureaux-et-commerces/location-entrepot-400m-marcory-zone-4-rue-marconie-5757892;2026-05-12T16:43:42+00:00
CI;Côte d'Ivoire;coinafrique;location;commercial;bureaux-et-commerces;Location bureaux et commerces 400 m² - Marcory;4000000;400;10000;;Marcory;;;https://ci.coinafrique.com/annonce/bureaux-et-commerces/location-bureaux-et-commerces-400-m-marcory-5757890;2026-05-12T16:43:42+00:00
CI;Côte d'Ivoire;coinafrique;location;commercial;bureaux-et-commerces;Location salon de coiffure à la Riviera 4;200000;;;;Cocody;Riviera 4;;https://ci.coinafrique.com/annonce/bureaux-et-commerces/location-salon-de-coiffure-a-la-riviera-4-5755764;2026-05-12T16:43:42+00:00
CI;Côte d'Ivoire;coinafrique;location;commercial;bureaux-et-commerces;Location 2 magasins à la Riviera Anono;100000;;;;Cocody;;;https://ci.coinafrique.com/annonce/bureaux-et-commerces/location-2-magasins-a-la-riviera-anono-5783702;2026-05-12T16:43:42+00:00
CI;Côte d'Ivoire;coinafrique;location;commercial;bureaux-et-commerces;Location magasin - Cocody Rivièra Faya;250000;;;;Cocody;Faya;;https://ci.coinafrique.com/annonce/bureaux-et-commerces/location-magasin-cocody-riviera-faya-5753728;2026-05-12T16:43:42+00:00
CI;Côte d'Ivoire;coinafrique;location;commercial;bureaux-et-commerces;Location entrepôt - autoroute du nord;3500000;;;;Yopougon;;;https://ci.coinafrique.com/annonce/bureaux-et-commerces/location-entrepot-autoroute-du-nord-5753659;2026-05-12T16:43:42+00:00
CI;Côte d'Ivoire;coinafrique;location;commercial;bureaux-et-commerces;Location maison 19 pièces pour activités commerciales - rivièra;1500000;;;19;Cocody;;;https://ci.coinafrique.com/annonce/bureaux-et-commerces/location-maison-19-pieces-pour-activites-commerciales-riviera-5752476;2026-05-12T16:43:42+00:00
CI;Côte d'Ivoire;coinafrique;location;commercial;bureaux-et-commerces;Location magasin - Marcory Zone 4;1700000;;;;Marcory;Zone 4;;https://ci.coinafrique.com/annonce/bureaux-et-commerces/location-magasin-marcory-zone-4-5798798;2026-05-12T16:43:42+00:00
CI;Côte d'Ivoire;coinafrique;location;commercial;bureaux-et-commerces;Location space 500m² - Cocody Rivièra;600000;500;1200;;Cocody;;;https://ci.coinafrique.com/annonce/bureaux-et-commerces/location-space-500m-cocody-riviera-5750915;2026-05-12T16:43:42+00:00
CI;Côte d'Ivoire;coinafrique;location;commercial;bureaux-et-commerces;Location entrepôt de 14.680m² à koumassi vers le camp commando;5000;680;7;;Koumassi;;;https://ci.coinafrique.com/annonce/bureaux-et-commerces/location-entrepot-de-14680m-a-koumassi-vers-le-camp-commando-5750810;2026-05-12T16:43:42+00:00
CI;Côte d'Ivoire;coinafrique;location;commercial;bureaux-et-commerces;Location villa pour bureau 22 pièces 2 Plateaux BMW;3500000;;;22;Cocody;2 Plateaux;;https://ci.coinafrique.com/annonce/bureaux-et-commerces/location-villa-pour-bureau-22-pieces-2-plateaux-bmw-5750656;2026-05-12T16:43:42+00:00
CI;Côte d'Ivoire;coinafrique;location;commercial;bureaux-et-commerces;Location entrepôt 1000 m2 sur l'autoroute de Bassam;2200000;1000;2200;;Cocody;;;https://ci.coinafrique.com/annonce/bureaux-et-commerces/location-entrepot-1000-m2-sur-lautoroute-de-bassam-5750634;2026-05-12T16:43:42+00:00
CI;Côte d'Ivoire;coinafrique;location;commercial;bureaux-et-commerces;Location bureau à la Riviera 4 m'pouto;1500000;;;;Cocody;Riviera 4;;https://ci.coinafrique.com/annonce/bureaux-et-commerces/location-bureau-a-la-riviera-4-mpouto-5750177;2026-05-12T16:43:42+00:00
CI;Côte d'Ivoire;coinafrique;location;commercial;bureaux-et-commerces;Location magasin - Angré;2000000;;;;Cocody;Angré;;https://ci.coinafrique.com/annonce/bureaux-et-commerces/location-magasin-angre-5748985;2026-05-12T16:43:42+00:00
CI;Côte d'Ivoire;coinafrique;location;commercial;bureaux-et-commerces;Location bureaux & commerces 190 m² - angré;1500000;190;7895;;;;;https://ci.coinafrique.com/annonce/bureaux-et-commerces/location-bureaux-et-commerces-190-m-angre-5748586;2026-05-12T16:43:42+00:00
CI;Côte d'Ivoire;coinafrique;location;commercial;bureaux-et-commerces;Location entrepot 10500m² à Vridi zone portuaire;50000000;10500;4762;;;;;https://ci.coinafrique.com/annonce/bureaux-et-commerces/location-entrepot-10500m-a-vridi-zone-portuaire-5747987;2026-05-12T16:43:42+00:00
CI;Côte d'Ivoire;coinafrique;location;commercial;bureaux-et-commerces;Location entrepôt - Zine industrielle Yopougon;3500000;;;;Yopougon;;;https://ci.coinafrique.com/annonce/bureaux-et-commerces/location-entrepot-zine-industrielle-yopougon-5747166;2026-05-12T16:43:42+00:00
CI;Côte d'Ivoire;coinafrique;location;commercial;bureaux-et-commerces;Location entrepôt - autoroute de grand bassam;5000000;;;;Port-Bouet;;;https://ci.coinafrique.com/annonce/bureaux-et-commerces/location-entrepot-autoroute-de-grand-bassam-5747132;2026-05-12T16:43:42+00:00
CI;Côte d'Ivoire;coinafrique;location;commercial;bureaux-et-commerces;Location bureaux et commerces 2200 - Bingerville;5000000;;;;Bingerville;;;https://ci.coinafrique.com/annonce/bureaux-et-commerces/location-bureaux-et-commerces-2200-bingerville-5750327;2026-05-12T16:43:42+00:00
CI;Côte d'Ivoire;coinafrique;location;commercial;bureaux-et-commerces;Location entrepôt couvert de 400m² Riviera Bonoumin;1300000;400;3250;;Cocody;Riviera Bonoumin;;https://ci.coinafrique.com/annonce/bureaux-et-commerces/location-entrepot-couvert-de-400m-riviera-bonoumin-5746270;2026-05-12T16:43:42+00:00
CI;Côte d'Ivoire;coinafrique;location;commercial;bureaux-et-commerces;Location appartement 2 pièces à usage bureau - 2 Plateaux;250000;;;2;Cocody;2 Plateaux;;https://ci.coinafrique.com/annonce/bureaux-et-commerces/location-appartement-2-pieces-a-usage-bureau-2-plateaux-5745009;2026-05-12T16:43:42+00:00
CI;Côte d'Ivoire;coinafrique;location;commercial;bureaux-et-commerces;Location entrepôt 4400 m² - zone industriel de yopougon;12000000;4400;2727;;Yopougon;;;https://ci.coinafrique.com/annonce/bureaux-et-commerces/location-entrepot-4400-m-zone-industriel-de-yopougon-5744858;2026-05-12T16:43:42+00:00
CI;Côte d'Ivoire;coinafrique;location;commercial;bureaux-et-commerces;Location bureaux et commerces - Djorobité;600000;;;;Cocody;;;https://ci.coinafrique.com/annonce/bureaux-et-commerces/location-bureaux-et-commerces-djorobite-5792373;2026-05-12T16:43:42+00:00
CI;Côte d'Ivoire;coinafrique;location;commercial;bureaux-et-commerces;Poissonnerie et cafétéria à céder;1100000;;;;Cocody;;;https://ci.coinafrique.com/annonce/bureaux-et-commerces/poissonnerie-et-cafeteria-a-ceder-5789080;2026-05-12T16:43:42+00:00
CI;Côte d'Ivoire;coinafrique;location;commercial;bureaux-et-commerces;Location entrepôt - Koumassi;5000000;;;;Cocody;;;https://ci.coinafrique.com/annonce/bureaux-et-commerces/location-entrepot-koumassi-5739848;2026-05-12T16:43:42+00:00
CI;Côte d'Ivoire;coinafrique;location;commercial;bureaux-et-commerces;Location magasin - Cocody faya jules verne;450000;;;;Cocody;Faya;;https://ci.coinafrique.com/annonce/bureaux-et-commerces/location-magasin-cocody-faya-jules-verne-5743270;2026-05-12T16:43:42+00:00
CI;Côte d'Ivoire;coinafrique;location;commercial;bureaux-et-commerces;Location 2 entrepôts - Yopougon;5500000;;;;Cocody;;;https://ci.coinafrique.com/annonce/bureaux-et-commerces/location-2-entrepots-yopougon-5739418;2026-05-12T16:43:42+00:00
CI;Côte d'Ivoire;coinafrique;location;commercial;bureaux-et-commerces;Location entrepôt 1000 m² - Bassam;2500000;1000;2500;;Cocody;;;https://ci.coinafrique.com/annonce/bureaux-et-commerces/location-entrepot-1000-m-bassam-5739423;2026-05-12T16:43:42+00:00
CI;Côte d'Ivoire;coinafrique;location;commercial;bureaux-et-commerces;Location magasin - Le plateau;500000;;;;Plateau;;;https://ci.coinafrique.com/annonce/bureaux-et-commerces/location-magasin-le-plateau-5738174;2026-05-12T16:43:42+00:00
CI;Côte d'Ivoire;coinafrique;location;commercial;bureaux-et-commerces;Location magasin - Cocody 2 plateaux;550000;;;;Cocody;2 Plateaux;;https://ci.coinafrique.com/annonce/bureaux-et-commerces/location-magasin-cocody-2-plateaux-5738083;2026-05-12T16:43:42+00:00
CI;Côte d'Ivoire;coinafrique;location;commercial;bureaux-et-commerces;Location magasin - Le Plateau;500000;;;;Plateau;;;https://ci.coinafrique.com/annonce/bureaux-et-commerces/location-magasin-le-plateau-5738169;2026-05-12T16:43:42+00:00
CI;Côte d'Ivoire;coinafrique;location;commercial;bureaux-et-commerces;Location magasin - Cocody 2 plateaux;550000;;;;Cocody;2 Plateaux;;https://ci.coinafrique.com/annonce/bureaux-et-commerces/location-magasin-cocody-2-plateaux-5738147;2026-05-12T16:43:42+00:00
CI;Côte d'Ivoire;coinafrique;location;commercial;bureaux-et-commerces;Location entrepot 20000m² à l'ancienne zone industrielle de Yopougon;40000000;20000;2000;;Yopougon;;bas;https://ci.coinafrique.com/annonce/bureaux-et-commerces/location-entrepot-20000m-a-lancienne-zone-industrielle-de-yopougon-5735293;2026-05-12T16:43:42+00:00
CI;Côte d'Ivoire;coinafrique;location;commercial;bureaux-et-commerces;Location magasin - Abidjan;200000;;;;Cocody;;;https://ci.coinafrique.com/annonce/bureaux-et-commerces/location-magasin-abidjan-5738258;2026-05-12T16:43:42+00:00
CI;Côte d'Ivoire;coinafrique;location;commercial;bureaux-et-commerces;Location galerie commerciale à Yopougon - gesco;65000;;;;Yopougon;;;https://ci.coinafrique.com/annonce/bureaux-et-commerces/location-galerie-commerciale-a-yopougon-gesco-5770557;2026-05-12T16:43:42+00:00
CI;Côte d'Ivoire;coinafrique;location;commercial;bureaux-et-commerces;Location bureau de 3 pièces- cocody 2 plateaux vallon;400000;;;3;Cocody;2 Plateaux;;https://ci.coinafrique.com/annonce/bureaux-et-commerces/location-bureau-de-3-pieces-cocody-2-plateaux-vallon-5731493;2026-05-12T16:43:42+00:00
CI;Côte d'Ivoire;coinafrique;location;commercial;bureaux-et-commerces;Location magasin à Rivièra - m’badon;200000;;;;Cocody;;;https://ci.coinafrique.com/annonce/bureaux-et-commerces/location-magasin-a-riviera-mbadon-5763958;2026-05-12T16:43:42+00:00
CI;Côte d'Ivoire;coinafrique;location;commercial;bureaux-et-commerces;Location magasin en bordure sis à Rivièra - triangle;250000;;;;Cocody;;;https://ci.coinafrique.com/annonce/bureaux-et-commerces/location-magasin-en-bordure-sis-a-riviera-triangle-5763956;2026-05-12T16:43:42+00:00
CI;Côte d'Ivoire;coinafrique;location;commercial;bureaux-et-commerces;Location entrepôts à Abatta AB Center;1500000;;;;Cocody;;;https://ci.coinafrique.com/annonce/bureaux-et-commerces/location-entrepots-a-abatta-ab-center-5748318;2026-05-12T16:43:42+00:00
CI;Côte d'Ivoire;coinafrique;location;commercial;bureaux-et-commerces;Location magasin 75 m² en bordure à Marcory zone 4;600000;75;8000;;Marcory;Zone 4;;https://ci.coinafrique.com/annonce/bureaux-et-commerces/location-magasin-75-m-en-bordure-a-marcory-zone-4-5748191;2026-05-12T16:43:42+00:00
CI;Côte d'Ivoire;coinafrique;location;commercial;bureaux-et-commerces;Location entrepôt couvert à Riviera - bonoumin;1300000;;;;Cocody;Bonoumin;;https://ci.coinafrique.com/annonce/bureaux-et-commerces/location-entrepot-couvert-a-riviera-bonoumin-5748186;2026-05-12T16:43:42+00:00
CI;Côte d'Ivoire;coinafrique;location;commercial;bureaux-et-commerces;Location entrepôts 200 m² Cocody Riviera – Attoban;1000000;200;5000;;Cocody;Attoban;;https://ci.coinafrique.com/annonce/bureaux-et-commerces/location-entrepots-200-m-cocody-riviera-attoban-5748199;2026-05-12T16:43:42+00:00
CI;Côte d'Ivoire;coinafrique;location;commercial;bureaux-et-commerces;Location magasin à Riviera 3 secteur cap nord;200000;;;;Cocody;Riviera 3;;https://ci.coinafrique.com/annonce/bureaux-et-commerces/location-magasin-a-riviera-3-secteur-cap-nord-5748182;2026-05-12T16:43:42+00:00
CI;Côte d'Ivoire;coinafrique;location;commercial;bureaux-et-commerces;Location bureaux en mezzanine Bietry;1000000;;;;Marcory;;;https://ci.coinafrique.com/annonce/bureaux-et-commerces/location-bureaux-en-mezzanine-bietry-5737425;2026-05-12T16:43:42+00:00
CI;Côte d'Ivoire;coinafrique;location;commercial;bureaux-et-commerces;Location bureaux 165 m² en bordure de voie sis à Riviera - Palmeraie;850000;165;5152;;Cocody;Palmeraie;;https://ci.coinafrique.com/annonce/bureaux-et-commerces/location-bureaux-165-m-en-bordure-de-voie-sis-a-riviera-palmeraie-5754680;2026-05-12T16:43:42+00:00
CI;Côte d'Ivoire;coinafrique;location;commercial;bureaux-et-commerces;Location bureaux à la Riviera - Palmeraie;515000;;;;Cocody;Palmeraie;;https://ci.coinafrique.com/annonce/bureaux-et-commerces/location-bureaux-a-la-riviera-palmeraie-5754652;2026-05-12T16:43:42+00:00
CI;Côte d'Ivoire;coinafrique;location;commercial;bureaux-et-commerces;Location entrepôt de 2300m², 1300m2 couvert et 1000m² de cour à la nouvelle zone industrielle de Yopougon cimenterie guépard;4000000;2300;1739;;Yopougon;;;https://ci.coinafrique.com/annonce/bureaux-et-commerces/location-entrepot-de-2300m-1300m2-couvert-et-1000m-de-cour-a-la-nouvelle-zone-industrielle-de-yopougon-cimenterie-guepard-5732487;2026-05-12T16:43:42+00:00
CI;Côte d'Ivoire;coinafrique;location;commercial;bureaux-et-commerces;Location bureau de 3 pièces- cocody 2 plateaux vallon;400000;;;3;Cocody;2 Plateaux;;https://ci.coinafrique.com/annonce/bureaux-et-commerces/location-bureau-de-3-pieces-cocody-2-plateaux-vallon-5731499;2026-05-12T16:43:42+00:00
CI;Côte d'Ivoire;coinafrique;location;commercial;bureaux-et-commerces;Location bureaux et commerces - Cocody;4000000;;;;Cocody;;;https://ci.coinafrique.com/annonce/bureaux-et-commerces/location-bureaux-et-commerces-cocody-5780878;2026-05-12T16:43:42+00:00
CI;Côte d'Ivoire;coinafrique;location;commercial;bureaux-et-commerces;Location Entrepôt - Riviera abatta;1500000;;;;Cocody;;;https://ci.coinafrique.com/annonce/bureaux-et-commerces/location-entrepot-riviera-abatta-5727600;2026-05-12T16:43:42+00:00
CI;Côte d'Ivoire;coinafrique;location;commercial;bureaux-et-commerces;Location espace commercial - Cocody;500000;;;;Cocody;;;https://ci.coinafrique.com/annonce/bureaux-et-commerces/location-espace-commercial-cocody-5727616;2026-05-12T16:43:42+00:00
CI;Côte d'Ivoire;coinafrique;location;commercial;bureaux-et-commerces;Location magasin - Riviera;500000;;;;Cocody;;;https://ci.coinafrique.com/annonce/bureaux-et-commerces/location-magasin-riviera-5727587;2026-05-12T16:43:42+00:00
CI;Côte d'Ivoire;coinafrique;location;commercial;bureaux-et-commerces;Location entrepôt - Yopougon;10000000;;;;Yopougon;;;https://ci.coinafrique.com/annonce/bureaux-et-commerces/location-entrepot-yopougon-5727606;2026-05-12T16:43:42+00:00
CI;Côte d'Ivoire;coinafrique;location;commercial;bureaux-et-commerces;Location entrepôt - Yopougon;3500000;;;;Yopougon;;;https://ci.coinafrique.com/annonce/bureaux-et-commerces/location-entrepot-yopougon-5727585;2026-05-12T16:43:42+00:00
CI;Côte d'Ivoire;coinafrique;location;commercial;bureaux-et-commerces;Location entrepôt - Yopougon;10000000;;;;Yopougon;;;https://ci.coinafrique.com/annonce/bureaux-et-commerces/location-entrepot-yopougon-5727684;2026-05-12T16:43:42+00:00
CI;Côte d'Ivoire;coinafrique;location;commercial;bureaux-et-commerces;Location entrepôt - Yopougon;3000000;;;;Yopougon;;;https://ci.coinafrique.com/annonce/bureaux-et-commerces/location-entrepot-yopougon-5727671;2026-05-12T16:43:42+00:00
CI;Côte d'Ivoire;coinafrique;location;commercial;bureaux-et-commerces;Location entrepôt - Yopougon;1500000;;;;Yopougon;;;https://ci.coinafrique.com/annonce/bureaux-et-commerces/location-entrepot-yopougon-5727651;2026-05-12T16:43:42+00:00
CI;Côte d'Ivoire;coinafrique;location;commercial;bureaux-et-commerces;Location entrepôt - Yopougon;6000000;;;;Yopougon;;;https://ci.coinafrique.com/annonce/bureaux-et-commerces/location-entrepot-yopougon-5727642;2026-05-12T16:43:42+00:00
CI;Côte d'Ivoire;coinafrique;location;commercial;bureaux-et-commerces;Location entrepôt - Yopougon;10000000;;;;Yopougon;;;https://ci.coinafrique.com/annonce/bureaux-et-commerces/location-entrepot-yopougon-5727632;2026-05-12T16:43:42+00:00
CI;Côte d'Ivoire;coinafrique;location;commercial;bureaux-et-commerces;Location entrepôt - Yopougon;21000000;;;;Yopougon;;;https://ci.coinafrique.com/annonce/bureaux-et-commerces/location-entrepot-yopougon-5727624;2026-05-12T16:43:42+00:00
CI;Côte d'Ivoire;coinafrique;location;commercial;bureaux-et-commerces;Location entrepôt - Yopougon;10000000;;;;Yopougon;;;https://ci.coinafrique.com/annonce/bureaux-et-commerces/location-entrepot-yopougon-5727620;2026-05-12T16:43:42+00:00
CI;Côte d'Ivoire;coinafrique;location;commercial;bureaux-et-commerces;Location entrepôt - zone industrielle de Yopougon;12000000;;;;Yopougon;;;https://ci.coinafrique.com/annonce/bureaux-et-commerces/location-entrepot-zone-industrielle-de-yopougon-5727230;2026-05-12T16:43:42+00:00
CI;Côte d'Ivoire;coinafrique;location;commercial;bureaux-et-commerces;Location entrepôt - Zone industrielle de yopougon, un grand entrepôt de 9000m² dont 6000m² couvert et une cour de 3000m² avec un pont bscule;18000000;9000;2000;;Yopougon;;;https://ci.coinafrique.com/annonce/bureaux-et-commerces/location-entrepot-zone-industrielle-de-yopougon-un-grand-entrepot-de-9000m-dont-6000m-couvert-et-une-cour-de-3000m-avec-un-pont-bscule-5727225;2026-05-12T16:43:42+00:00
CI;Côte d'Ivoire;coinafrique;location;commercial;bureaux-et-commerces;Location bureau - Faya;430000;;;;Cocody;Faya;;https://ci.coinafrique.com/annonce/bureaux-et-commerces/location-bureau-faya-5740406;2026-05-12T16:43:42+00:00
CI;Côte d'Ivoire;coinafrique;location;commercial;bureaux-et-commerces;Location entrepôt a vridi, superficie de 7300m² avec couvert 1800m²;30000000;7300;4110;;;;;https://ci.coinafrique.com/annonce/bureaux-et-commerces/location-entrepot-a-vridi-superficie-de-7300m-avec-couvert-1800m-5726813;2026-05-12T16:43:42+00:00
CI;Côte d'Ivoire;coinafrique;location;commercial;bureaux-et-commerces;Location entrepôt a la zone portuaire de treichville,;40000000;;;;Treichville;;;https://ci.coinafrique.com/annonce/bureaux-et-commerces/location-entrepot-a-la-zone-portuaire-de-treichville-5726806;2026-05-12T16:43:42+00:00
CI;Côte d'Ivoire;coinafrique;location;commercial;bureaux-et-commerces;Location entrepôt de 400m² à koumassi bia;2500000;400;6250;;Koumassi;;;https://ci.coinafrique.com/annonce/bureaux-et-commerces/location-entrepot-de-400m-a-koumassi-bia-5756212;2026-05-12T16:43:42+00:00
CI;Côte d'Ivoire;coinafrique;location;commercial;bureaux-et-commerces;Location entrepôt - Riviera bonoumi;1300000;;;;Cocody;;;https://ci.coinafrique.com/annonce/bureaux-et-commerces/location-entrepot-riviera-bonoumi-5728486;2026-05-12T16:43:42+00:00
CI;Côte d'Ivoire;coinafrique;location;commercial;bureaux-et-commerces;Location magasin - Zone 4;25000000;;;;Cocody;;;https://ci.coinafrique.com/annonce/bureaux-et-commerces/location-magasin-zone-4-5723676;2026-05-12T16:43:42+00:00
CI;Côte d'Ivoire;coinafrique;location;commercial;bureaux-et-commerces;Location entrepôt - Riviera bonoumin;1400000;;;;Cocody;Riviera Bonoumin;;https://ci.coinafrique.com/annonce/bureaux-et-commerces/location-entrepot-riviera-bonoumin-5723424;2026-05-12T16:43:42+00:00
CI;Côte d'Ivoire;coinafrique;location;commercial;bureaux-et-commerces;Location entrepôt 400 m² - Riviera bonoumin;1400000;400;3500;;Cocody;Riviera Bonoumin;;https://ci.coinafrique.com/annonce/bureaux-et-commerces/location-entrepot-400-m-riviera-bonoumin-5723346;2026-05-12T16:43:42+00:00
CI;Côte d'Ivoire;coinafrique;location;commercial;bureaux-et-commerces;Location open space - Cocody Rivièra;1000000;;;;Cocody;;;https://ci.coinafrique.com/annonce/bureaux-et-commerces/location-open-space-cocody-riviera-5721477;2026-05-12T16:43:42+00:00
CI;Côte d'Ivoire;coinafrique;location;commercial;bureaux-et-commerces;Location open space - Angré;400000;;;;Cocody;Angré;;https://ci.coinafrique.com/annonce/bureaux-et-commerces/location-open-space-angre-5721439;2026-05-12T16:43:42+00:00
CI;Côte d'Ivoire;coinafrique;location;commercial;bureaux-et-commerces;Location 3 magasins en mezzanine collé à Cocody riviera attoban;1200000;;;;Cocody;Attoban;;https://ci.coinafrique.com/annonce/bureaux-et-commerces/location-3-magasins-en-mezzanine-colle-a-cocody-riviera-attoban-5770388;2026-05-12T16:43:42+00:00
CI;Côte d'Ivoire;coinafrique;location;commercial;bureaux-et-commerces;Location entrepôt 2400m² à Yopougon zone industrielle;3500000;2400;1458;;Yopougon;;;https://ci.coinafrique.com/annonce/bureaux-et-commerces/location-entrepot-2400m-a-yopougon-zone-industrielle-5729494;2026-05-12T16:43:42+00:00
CI;Côte d'Ivoire;coinafrique;location;commercial;bureaux-et-commerces;Location salle de coworking à Cocody Riviera Palmeraire Supermarché Quick market;400000;;;;Cocody;;;https://ci.coinafrique.com/annonce/bureaux-et-commerces/location-salle-de-coworking-a-cocody-riviera-palmeraire-supermarche-quick-market-5721028;2026-05-12T16:43:42+00:00
CI;Côte d'Ivoire;coinafrique;location;commercial;bureaux-et-commerces;Location open space -Ccocody riviera;1000000;;;;Cocody;;;https://ci.coinafrique.com/annonce/bureaux-et-commerces/location-open-space-ccocody-riviera-5762487;2026-05-12T16:43:42+00:00
CI;Côte d'Ivoire;coinafrique;location;commercial;bureaux-et-commerces;Location open Space à Cocody Riviera Palmeraire Quick market;1000000;;;;Cocody;;;https://ci.coinafrique.com/annonce/bureaux-et-commerces/location-open-space-a-cocody-riviera-palmeraire-quick-market-5720988;2026-05-12T16:43:42+00:00
CI;Côte d'Ivoire;coinafrique;location;commercial;bureaux-et-commerces;Location magasin en mezzanine à Cocody Riviera Palmeraire Quick market;1000000;;;;Cocody;;;https://ci.coinafrique.com/annonce/bureaux-et-commerces/location-magasin-en-mezzanine-a-cocody-riviera-palmeraire-quick-market-5720958;2026-05-12T16:43:42+00:00
CI;Côte d'Ivoire;coinafrique;location;commercial;bureaux-et-commerces;Location magasin en mezzanine à Cocody Riviera Faya Ancien Camp;250000;;;;Cocody;Riviera Faya;bas;https://ci.coinafrique.com/annonce/bureaux-et-commerces/location-magasin-en-mezzanine-a-cocody-riviera-faya-ancien-camp-5721047;2026-05-12T16:43:42+00:00
CI;Côte d'Ivoire;coinafrique;location;commercial;bureaux-et-commerces;Location villa 40 pièces - 2 Plateaux;10000000;;;40;Cocody;2 Plateaux;;https://ci.coinafrique.com/annonce/bureaux-et-commerces/location-villa-40-pieces-2-plateaux-5719913;2026-05-12T16:43:42+00:00
CI;Côte d'Ivoire;coinafrique;location;commercial;bureaux-et-commerces;Location entrepôt - PK 22;9000000;;;;Yopougon;;;https://ci.coinafrique.com/annonce/bureaux-et-commerces/location-entrepot-pk-22-5770556;2026-05-12T16:43:42+00:00
CI;Côte d'Ivoire;coinafrique;location;commercial;bureaux-et-commerces;Location open space 200 m² - Vallon;1800000;200;9000;;Cocody;Vallon;;https://ci.coinafrique.com/annonce/bureaux-et-commerces/location-open-space-200-m-vallon-5715608;2026-05-12T16:43:42+00:00
CI;Côte d'Ivoire;coinafrique;location;commercial;bureaux-et-commerces;Location magasin - Cocody riviera palmeraie;300000;;;;Cocody;Riviera Palmeraie;;https://ci.coinafrique.com/annonce/bureaux-et-commerces/location-magasin-cocody-riviera-palmeraie-5715427;2026-05-12T16:43:42+00:00
CI;Côte d'Ivoire;coinafrique;location;commercial;bureaux-et-commerces;Location entrepôt 700 m² à Bingerville;1000000;700;1429;;Bingerville;;;https://ci.coinafrique.com/annonce/bureaux-et-commerces/location-entrepot-700-m-a-bingerville-5754988;2026-05-12T16:43:42+00:00
CI;Côte d'Ivoire;coinafrique;location;commercial;bureaux-et-commerces;Location bureaux & commerces 700 m² - Bingerville;1000000;700;1429;;Bingerville;;;https://ci.coinafrique.com/annonce/bureaux-et-commerces/location-bureaux-et-commerces-700-m-bingerville-5754986;2026-05-12T16:43:42+00:00
CI;Côte d'Ivoire;coinafrique;location;commercial;bureaux-et-commerces;Location bureaux & commerces 20000 m² - Yopougon;40000000;20000;2000;;Yopougon;;;https://ci.coinafrique.com/annonce/bureaux-et-commerces/location-bureaux-et-commerces-20000-m-yopougon-5754967;2026-05-12T16:43:42+00:00
CI;Côte d'Ivoire;coinafrique;location;commercial;bureaux-et-commerces;Location magasin avec bureau - cocody Rivièra 3 triangle;500000;;;;Cocody;;;https://ci.coinafrique.com/annonce/bureaux-et-commerces/location-magasin-avec-bureau-cocody-riviera-3-triangle-5714426;2026-05-12T16:43:42+00:00
CI;Côte d'Ivoire;coinafrique;location;commercial;bureaux-et-commerces;Location open - space Cocody - Angré;400000;;;;Cocody;Angré;;https://ci.coinafrique.com/annonce/bureaux-et-commerces/location-open-space-cocody-angre-5719019;2026-05-12T16:43:42+00:00
CI;Côte d'Ivoire;coinafrique;location;commercial;bureaux-et-commerces;Location bureaux & commerces 3000 m² - cocody-vallons;10000000;3000;3333;;Cocody;;;https://ci.coinafrique.com/annonce/bureaux-et-commerces/location-bureaux-et-commerces-3000-m-cocody-vallons-5714188;2026-05-12T16:43:42+00:00
CI;Côte d'Ivoire;coinafrique;location;commercial;bureaux-et-commerces;Location entrepôt 400m2 à Cocody - Riviera Bonoumin;1300000;400;3250;;Cocody;Riviera Bonoumin;;https://ci.coinafrique.com/annonce/bureaux-et-commerces/location-entrepot-400m2-a-cocody-riviera-bonoumin-5737312;2026-05-12T16:43:42+00:00
CI;Côte d'Ivoire;coinafrique;location;commercial;bureaux-et-commerces;Location bureaux R+6 à Cocody Riviera Bonomé;3000000;;;;Cocody;;;https://ci.coinafrique.com/annonce/bureaux-et-commerces/location-bureaux-r6-a-cocody-riviera-bonome-5712955;2026-05-12T16:43:42+00:00
CI;Côte d'Ivoire;coinafrique;location;commercial;bureaux-et-commerces;Location magasin avec bureau - cocody riviera 3 triangle;500000;;;;Cocody;Riviera 3;;https://ci.coinafrique.com/annonce/bureaux-et-commerces/location-magasin-avec-bureau-cocody-riviera-3-triangle-5714421;2026-05-12T16:43:42+00:00
CI;Côte d'Ivoire;coinafrique;location;commercial;bureaux-et-commerces;Location magasin - Cocody riviera palmeraie;300000;;;;Cocody;Riviera Palmeraie;;https://ci.coinafrique.com/annonce/bureaux-et-commerces/location-magasin-cocody-riviera-palmeraie-5715423;2026-05-12T16:43:42+00:00
CI;Côte d'Ivoire;coinafrique;location;commercial;bureaux-et-commerces;Location magasin à Cocody 7e tranches;300000;;;;Cocody;;;https://ci.coinafrique.com/annonce/bureaux-et-commerces/location-magasin-a-cocody-7e-tranches-5720737;2026-05-12T16:43:42+00:00
CI;Côte d'Ivoire;coinafrique;location;commercial;bureaux-et-commerces;Location bureaux & commerces - 2 Plateaux;3500000;;;;Cocody;2 Plateaux;;https://ci.coinafrique.com/annonce/bureaux-et-commerces/location-bureaux-et-commerces-2-plateaux-5762989;2026-05-12T16:43:42+00:00
CI;Côte d'Ivoire;coinafrique;location;commercial;bureaux-et-commerces;Location magasin avec toilette - Cocody Rivièra bonoumin;500000;;;;Cocody;Bonoumin;;https://ci.coinafrique.com/annonce/bureaux-et-commerces/location-magasin-avec-toilette-cocody-riviera-bonoumin-5711279;2026-05-12T16:43:42+00:00
CI;Côte d'Ivoire;coinafrique;location;commercial;bureaux-et-commerces;Location magasin - 8e tranche;600000;;;;Cocody;;;https://ci.coinafrique.com/annonce/bureaux-et-commerces/location-magasin-8e-tranche-5709154;2026-05-12T16:43:42+00:00
CI;Côte d'Ivoire;coinafrique;location;commercial;bureaux-et-commerces;Location opence space Angre 8 ème tranche;400000;;;;Cocody;Angre;;https://ci.coinafrique.com/annonce/bureaux-et-commerces/location-opence-space-angre-8-eme-tranche-5710283;2026-05-12T16:43:42+00:00
CI;Côte d'Ivoire;coinafrique;location;commercial;bureaux-et-commerces;Location magasin - Cocody Rivièra abatta;200000;;;;Cocody;;;https://ci.coinafrique.com/annonce/bureaux-et-commerces/location-magasin-cocody-riviera-abatta-5713995;2026-05-12T16:43:42+00:00
CI;Côte d'Ivoire;coinafrique;location;commercial;bureaux-et-commerces;Location magasin - 2 Plateaux;1500000;;;;Cocody;2 Plateaux;;https://ci.coinafrique.com/annonce/bureaux-et-commerces/location-magasin-2-plateaux-5761681;2026-05-12T16:43:42+00:00
CI;Côte d'Ivoire;coinafrique;location;commercial;bureaux-et-commerces;Location magasin - Cocody;1000000;;;;Cocody;;;https://ci.coinafrique.com/annonce/bureaux-et-commerces/location-magasin-cocody-5709169;2026-05-12T16:43:42+00:00
CI;Côte d'Ivoire;coinafrique;location;commercial;bureaux-et-commerces;Location bureaux & commerces -Cocody 2 plateaux vallon;10000000;;;;Cocody;2 Plateaux;;https://ci.coinafrique.com/annonce/bureaux-et-commerces/location-bureaux-et-commerces-cocody-2-plateaux-vallon-5712077;2026-05-12T16:43:42+00:00
CI;Côte d'Ivoire;coinafrique;location;commercial;bureaux-et-commerces;Location bureau - Rivièra;2000000;;;;Cocody;;;https://ci.coinafrique.com/annonce/bureaux-et-commerces/location-bureau-riviera-5711532;2026-05-12T16:43:42+00:00
CI;Côte d'Ivoire;coinafrique;location;terrain;terrains;Terrain à Souemy, commune de Bingerville;40000;;;;Bingerville;;;https://ci.coinafrique.com/annonce/terrains/terrain-a-souemy-commune-de-bingerville-5878635;2026-05-12T16:43:42+00:00
CI;Côte d'Ivoire;coinafrique;location;terrain;terrains;Terrains à Marcory zone 4 - Bietry;1200000;;;;Marcory;Zone 4;;https://ci.coinafrique.com/annonce/terrains/terrains-a-marcory-zone-4-bietry-5876529;2026-05-12T16:43:42+00:00
CI;Côte d'Ivoire;coinafrique;location;terrain;terrains;Terrain 372 m2 - Angré chu institut théologique;60000000;372;161290;;;;;https://ci.coinafrique.com/annonce/terrains/terrain-372-m2-angre-chu-institut-theologique-5904348;2026-05-12T16:43:42+00:00
CI;Côte d'Ivoire;coinafrique;location;terrain;terrains;Terrain 2000 m² à la Rivièra abatta;320000000;2000;160000;;Cocody;;;https://ci.coinafrique.com/annonce/terrains/terrain-2000-m-a-la-riviera-abatta-5884349;2026-05-12T16:43:42+00:00
CI;Côte d'Ivoire;coinafrique;location;terrain;terrains;Terrains 800 m2 - Cocody attoban;400000000;800;500000;;Cocody;Attoban;;https://ci.coinafrique.com/annonce/terrains/terrains-800-m2-cocody-attoban-5888859;2026-05-12T16:43:42+00:00
CI;Côte d'Ivoire;coinafrique;location;terrain;terrains;Terrain lot de 502m² à 311m de l'océan à Mondoukou;25000000;502;49801;;Grand-Bassam;;;https://ci.coinafrique.com/annonce/terrains/terrain-lot-de-502m-a-311m-de-locean-a-mondoukou-5880596;2026-05-12T16:43:42+00:00
CI;Côte d'Ivoire;coinafrique;location;terrain;terrains;Terrains 400 m² + ACD global à Bingerville-élokaté;12000000;400;30000;;Bingerville;;;https://ci.coinafrique.com/annonce/terrains/terrains-400-m-acd-global-a-bingerville-elokate-5899714;2026-05-12T16:43:42+00:00
CI;Côte d'Ivoire;coinafrique;location;terrain;terrains;Terrains 400m2 - jacqueville;6000000;400;15000;;;;;https://ci.coinafrique.com/annonce/terrains/terrains-400m2-jacqueville-5887553;2026-05-12T16:43:42+00:00
CI;Côte d'Ivoire;coinafrique;location;terrain;terrains;Terrains 400 m² - angré;20000000;400;50000;;;;;https://ci.coinafrique.com/annonce/terrains/terrains-400-m-angre-5887575;2026-05-12T16:43:42+00:00
CI;Côte d'Ivoire;coinafrique;location;terrain;terrains;Terrain 493m2 - Cocody Angré;75000000;493;152130;;Cocody;Angré;;https://ci.coinafrique.com/annonce/terrains/terrain-493m2-cocody-angre-5903761;2026-05-12T16:43:42+00:00
CI;Côte d'Ivoire;coinafrique;location;terrain;terrains;Terrain 1525m² à Imommekofbonwm Cocody Riviera 3;1500000000;1525;983607;;Cocody;Riviera 3;;https://ci.coinafrique.com/annonce/terrains/terrain-1525m-a-imommekofbonwm-cocody-riviera-3-5873137;2026-05-12T16:43:42+00:00
CI;Côte d'Ivoire;coinafrique;location;terrain;terrains;Terrain 481 m2 + ACD à Bingervle-akandjé;55000000;481;114345;;;;;https://ci.coinafrique.com/annonce/terrains/terrain-481-m2-acd-a-bingervle-akandje-5876701;2026-05-12T16:43:42+00:00
CI;Côte d'Ivoire;coinafrique;location;terrain;terrains;Terrain 1379m² Cocody Riviera 4 M'badon;517125000;1379;375000;;Cocody;Riviera 4;;https://ci.coinafrique.com/annonce/terrains/terrain-1379m-cocody-riviera-4-mbadon-5869083;2026-05-12T16:43:42+00:00
CI;Côte d'Ivoire;coinafrique;location;terrain;terrains;Terrain 553m² à Adri¹ Cocody Riviera 3;300000000;553;542495;;Cocody;Riviera 3;;https://ci.coinafrique.com/annonce/terrains/terrain-553m-a-adri-cocody-riviera-3-5867436;2026-05-12T16:43:42+00:00
CI;Côte d'Ivoire;coinafrique;location;terrain;terrains;Terrain de 540m² à Cocody - Angré zone Djorobite1;70000000;540;129630;;Cocody;Angré;;https://ci.coinafrique.com/annonce/terrains/terrain-de-540m-a-cocody-angre-zone-djorobite1-5906922;2026-05-12T16:43:42+00:00
CI;Côte d'Ivoire;coinafrique;location;terrain;terrains;Terrain plat 400 m² Li commune de Cocody Riviera Faya zone cite sir;85000000;400;212500;;Cocody;Riviera Faya;;https://ci.coinafrique.com/annonce/terrains/terrain-plat-400-m-li-commune-de-cocody-riviera-faya-zone-cite-sir-5867406;2026-05-12T16:43:42+00:00
CI;Côte d'Ivoire;coinafrique;location;terrain;terrains;Terrain 600m² à Cocody-Angré Chu;210000000;600;350000;;Cocody;Angré;;https://ci.coinafrique.com/annonce/terrains/terrain-600m-a-cocody-angre-chu-5892039;2026-05-12T16:43:42+00:00
CI;Côte d'Ivoire;coinafrique;location;terrain;terrains;Terrain 730 m² Bingerville anan gbontchui;60000000;730;82192;;Bingerville;;;https://ci.coinafrique.com/annonce/terrains/terrain-730-m-bingerville-anan-gbontchui-5899884;2026-05-12T16:43:42+00:00
CI;Côte d'Ivoire;coinafrique;location;terrain;terrains;Terrain plat à la Riviera Abatta;180000000;;;;Riviera;;;https://ci.coinafrique.com/annonce/terrains/terrain-plat-a-la-riviera-abatta-5883676;2026-05-12T16:43:42+00:00
CI;Côte d'Ivoire;coinafrique;location;terrain;terrains;Terrain 542m² à Cocody angré nouveau chu;200000000;542;369004;;Cocody;Angré;;https://ci.coinafrique.com/annonce/terrains/terrain-542m-a-cocody-angre-nouveau-chu-5867352;2026-05-12T16:43:42+00:00
CI;Côte d'Ivoire;coinafrique;location;terrain;terrains;Terrain 530 m2 + ACD à Cocody-angré chu;135000000;530;254717;;Cocody;Angré;;https://ci.coinafrique.com/annonce/terrains/terrain-530-m2-acd-a-cocody-angre-chu-5874708;2026-05-12T16:43:42+00:00
CI;Côte d'Ivoire;coinafrique;location;terrain;terrains;Terrains à Marcory zone 4 - Bietry;1200000;;;;Marcory;Zone 4;;https://ci.coinafrique.com/annonce/terrains/terrains-a-marcory-zone-4-bietry-5876457;2026-05-12T16:43:42+00:00
CI;Côte d'Ivoire;coinafrique;location;terrain;terrains;Terrain de 1000m2;260000000;1000;260000;;;;;https://ci.coinafrique.com/annonce/terrains/terrain-de-1000m2-5906844;2026-05-12T16:43:42+00:00
CI;Côte d'Ivoire;coinafrique;location;terrain;terrains;Terrain 1800m² à Cocody Angré Chu;600000000;1800;333333;;Cocody;Angré;;https://ci.coinafrique.com/annonce/terrains/terrain-1800m-a-cocody-angre-chu-5870481;2026-05-12T16:43:42+00:00
CI;Côte d'Ivoire;coinafrique;location;terrain;terrains;Terrain 530 m² + ACD à Cocody-angré chu;135000000;530;254717;;Cocody;Angré;;https://ci.coinafrique.com/annonce/terrains/terrain-530-m-acd-a-cocody-angre-chu-5874807;2026-05-12T16:43:42+00:00
CI;Côte d'Ivoire;coinafrique;location;terrain;terrains;Terrains 560 m2 - Cocody riviera 3;450000000;560;803571;;Cocody;Riviera 3;;https://ci.coinafrique.com/annonce/terrains/terrains-560-m2-cocody-riviera-3-5867309;2026-05-12T16:43:42+00:00
CI;Côte d'Ivoire;coinafrique;location;terrain;terrains;Terrain 150lots de 400m² Dabou;4000000;400;10000;;Cocody;;;https://ci.coinafrique.com/annonce/terrains/terrain-150lots-de-400m-dabou-5870144;2026-05-12T16:43:42+00:00
CI;Côte d'Ivoire;coinafrique;location;terrain;terrains;Terrain 600m² à l'angle Cocody - Riviera Faya zone Sir;160000000;600;266667;;Cocody;Riviera Faya;;https://ci.coinafrique.com/annonce/terrains/terrain-600m-a-langle-cocody-riviera-faya-zone-sir-5905187;2026-05-12T16:43:42+00:00
CI;Côte d'Ivoire;coinafrique;location;terrain;terrains;Terrain 550m² à Cocody Riviera Faya;10000000;550;18182;;Cocody;Riviera Faya;;https://ci.coinafrique.com/annonce/terrains/terrain-550m-a-cocody-riviera-faya-5891945;2026-05-12T16:43:42+00:00
CI;Côte d'Ivoire;coinafrique;location;terrain;terrains;Terrain 481 m2 à l'angle avec acd à Bingerbille-akandjé;55000000;481;114345;;;;;https://ci.coinafrique.com/annonce/terrains/terrain-481-m2-a-langle-avec-acd-a-bingerbille-akandje-5906806;2026-05-12T16:43:42+00:00
CI;Côte d'Ivoire;coinafrique;location;terrain;terrains;Terrain 1000m² à Urb¹bwk, commune de cocody Riviera 3;560000000;1000;560000;;Cocody;Riviera 3;;https://ci.coinafrique.com/annonce/terrains/terrain-1000m-a-urbbwk-commune-de-cocody-riviera-3-5890389;2026-05-12T16:43:42+00:00
CI;Côte d'Ivoire;coinafrique;location;terrain;terrains;Terrains 802m² à Cocody 2 Plateaux;565000000;802;704489;;Cocody;2 Plateaux;;https://ci.coinafrique.com/annonce/terrains/terrains-802m-a-cocody-2-plateaux-5891933;2026-05-12T16:43:42+00:00
CI;Côte d'Ivoire;coinafrique;location;terrain;terrains;Terrain plat à Bingerville;30000000;;;;Bingerville;;;https://ci.coinafrique.com/annonce/terrains/terrain-plat-a-bingerville-5864023;2026-05-12T16:43:42+00:00
CI;Côte d'Ivoire;coinafrique;location;terrain;terrains;Terrains 3000 m² - Cocody laguna bay;1200000;3000;400;;Cocody;;;https://ci.coinafrique.com/annonce/terrains/terrains-3000-m-cocody-laguna-bay-5876492;2026-05-12T16:43:42+00:00
CI;Côte d'Ivoire;coinafrique;location;terrain;terrains;Terrain 2 lot à Abatta;65000000;;;;Cocody;;;https://ci.coinafrique.com/annonce/terrains/terrain-2-lot-a-abatta-5870355;2026-05-12T16:43:42+00:00
CI;Côte d'Ivoire;coinafrique;location;terrain;terrains;Terrain 300m² ACD Bingerville akandje;35000000;300;116667;;Bingerville;;;https://ci.coinafrique.com/annonce/terrains/terrain-300m-acd-bingerville-akandje-5898212;2026-05-12T16:43:42+00:00
CI;Côte d'Ivoire;coinafrique;location;terrain;terrains;Terrain 540m² à l'angle Cocody Angré Chu djorobité 1;65000000;540;120370;;Cocody;Angré;;https://ci.coinafrique.com/annonce/terrains/terrain-540m-a-langle-cocody-angre-chu-djorobite-1-5868892;2026-05-12T16:43:42+00:00
CI;Côte d'Ivoire;coinafrique;location;terrain;terrains;Terrain plat 600m² à Jacqueville secteur Avagou extension 1;16000000;600;26667;;Cocody;;;https://ci.coinafrique.com/annonce/terrains/terrain-plat-600m-a-jacqueville-secteur-avagou-extension-1-5862151;2026-05-12T16:43:42+00:00
CI;Côte d'Ivoire;coinafrique;location;terrain;terrains;Terrain 5806m² - Brvw commune de Cocody Riviera mbadon;1200000;5806;207;;Cocody;Riviera Mbadon;;https://ci.coinafrique.com/annonce/terrains/terrain-5806m-brvw-commune-de-cocody-riviera-mbadon-5878181;2026-05-12T16:43:42+00:00
CI;Côte d'Ivoire;coinafrique;location;terrain;terrains;Terrain 481 m2 + ACD à Bingerville-Akandjé;55000000;481;114345;;Bingerville;;;https://ci.coinafrique.com/annonce/terrains/terrain-481-m2-acd-a-bingerville-akandje-5872922;2026-05-12T16:43:42+00:00
CI;Côte d'Ivoire;coinafrique;location;terrain;terrains;Terrain 13 lots jumelés 600m² Guilg commune de songon;18000000;600;30000;;Cocody;;;https://ci.coinafrique.com/annonce/terrains/terrain-13-lots-jumeles-600m-guilg-commune-de-songon-5878174;2026-05-12T16:43:42+00:00
CI;Côte d'Ivoire;coinafrique;location;terrain;terrains;Terrain 600m² Angré Djorobité 1;70000000;600;116667;;;;;https://ci.coinafrique.com/annonce/terrains/terrain-600m-angre-djorobite-1-5898181;2026-05-12T16:43:42+00:00
CI;Côte d'Ivoire;coinafrique;location;terrain;terrains;Terrains 400m² - songon;7000000;400;17500;;Songon;;;https://ci.coinafrique.com/annonce/terrains/terrains-400m-songon-5906723;2026-05-12T16:43:42+00:00
CI;Côte d'Ivoire;coinafrique;location;terrain;terrains;Terrain 2ha à Bingerville;120000;;;;Bingerville;;;https://ci.coinafrique.com/annonce/terrains/terrain-2ha-a-bingerville-5870397;2026-05-12T16:43:42+00:00
CI;Côte d'Ivoire;coinafrique;location;terrain;terrains;Terrain à Ywsbam Cocody Riviera golf 4;1400000;;;;Cocody;Riviera Golf;;https://ci.coinafrique.com/annonce/terrains/terrain-a-ywsbam-cocody-riviera-golf-4-5896440;2026-05-12T16:43:42+00:00
CI;Côte d'Ivoire;coinafrique;location;terrain;terrains;Terrain à Bingerville feh késsé;720000000;;;;Bingerville;;;https://ci.coinafrique.com/annonce/terrains/terrain-a-bingerville-feh-kesse-5896421;2026-05-12T16:43:42+00:00
CI;Côte d'Ivoire;coinafrique;location;terrain;terrains;Terrain à l'angle 481 m2 + acd à Bingerville-akandjé;55000000;481;114345;;Bingerville;;;https://ci.coinafrique.com/annonce/terrains/terrain-a-langle-481-m2-acd-a-bingerville-akandje-5887054;2026-05-12T16:43:42+00:00
CI;Côte d'Ivoire;coinafrique;location;terrain;terrains;Terrain avec ACD individuel à Songon Abgan bitte;180000000;;;;Cocody;;;https://ci.coinafrique.com/annonce/terrains/terrain-avec-acd-individuel-a-songon-abgan-bitte-5872890;2026-05-12T16:43:42+00:00
CI;Côte d'Ivoire;coinafrique;location;terrain;terrains;Terrains 400 m2 + ACD global à Bingerville-élokaté;12000000;400;30000;;Bingerville;;;https://ci.coinafrique.com/annonce/terrains/terrains-400-m2-acd-global-a-bingerville-elokate-5906695;2026-05-12T16:43:42+00:00
CI;Côte d'Ivoire;coinafrique;location;terrain;terrains;Terrain 2 000 m² – Riviera Saint Viateur;250000000;0;;;Cocody;;;https://ci.coinafrique.com/annonce/terrains/terrain-2-000-m-riviera-saint-viateur-5883609;2026-05-12T16:43:42+00:00
CI;Côte d'Ivoire;coinafrique;location;terrain;terrains;Terrain résidentiel 300 m2 à cocody-angré chu cité Gestoci;120000000;300;400000;;Cocody;Angré;;https://ci.coinafrique.com/annonce/terrains/terrain-residentiel-300-m2-a-cocody-angre-chu-cite-gestoci-5867187;2026-05-12T16:43:42+00:00
CI;Côte d'Ivoire;coinafrique;location;terrain;terrains;Terrains 1073m² - Cocody riviera golf beverly hills;965700000;1073;900000;;Cocody;Riviera Golf;;https://ci.coinafrique.com/annonce/terrains/terrains-1073m-cocody-riviera-golf-beverly-hills-5879777;2026-05-12T16:43:42+00:00
CI;Côte d'Ivoire;coinafrique;location;terrain;terrains;Terrain 1223 m² à Bingerville;100000000;1223;81766;;Bingerville;;;https://ci.coinafrique.com/annonce/terrains/terrain-1223-m-a-bingerville-5870340;2026-05-12T16:43:42+00:00
CI;Côte d'Ivoire;coinafrique;location;terrain;terrains;Terrain à Angré route chu et château;60000000;;;;Cocody;Angré;;https://ci.coinafrique.com/annonce/terrains/terrain-a-angre-route-chu-et-chateau-5905034;2026-05-12T16:43:42+00:00
CI;Côte d'Ivoire;coinafrique;location;terrain;terrains;Terrain 1800m² à Marcory Bietry Zone 4;1200000;1800;667;;Marcory;Zone 4;;https://ci.coinafrique.com/annonce/terrains/terrain-1800m-a-marcory-bietry-zone-4-5870318;2026-05-12T16:43:42+00:00
CI;Côte d'Ivoire;coinafrique;location;terrain;terrains;Parcelle à la Rivera Abatta;300000;;;;Cocody;;;https://ci.coinafrique.com/annonce/terrains/parcelle-a-la-rivera-abatta-5888623;2026-05-12T16:43:42+00:00
CI;Côte d'Ivoire;coinafrique;location;terrain;terrains;Terrain 240 m2 avec ACD à Cocody-angré Nouveau chu;37000000;240;154167;;Cocody;Angré;;https://ci.coinafrique.com/annonce/terrains/terrain-240-m2-avec-acd-a-cocody-angre-nouveau-chu-5867075;2026-05-12T16:43:42+00:00
CI;Côte d'Ivoire;coinafrique;location;terrain;terrains;Terrainen 800m² à Bingerville anan;65000000;800;81250;;Bingerville;;;https://ci.coinafrique.com/annonce/terrains/terrainen-800m-a-bingerville-anan-5883509;2026-05-12T16:43:42+00:00
CI;Côte d'Ivoire;coinafrique;location;terrain;terrains;Terrain 481m² à Bingerville;55000000;481;114345;;Bingerville;;;https://ci.coinafrique.com/annonce/terrains/terrain-481m-a-bingerville-5903563;2026-05-12T16:43:42+00:00
CI;Côte d'Ivoire;coinafrique;location;terrain;terrains;Terrain 560 m² à Daloa;3700000;560;6607;;;;;https://ci.coinafrique.com/annonce/terrains/terrain-560-m-a-daloa-5867038;2026-05-12T16:43:42+00:00
CI;Côte d'Ivoire;coinafrique;location;terrain;terrains;Terrain commercial 6988 m2 - Cocody-angré;300000;6988;43;;Cocody;Angré;;https://ci.coinafrique.com/annonce/terrains/terrain-commercial-6988-m2-cocody-angre-5876260;2026-05-12T16:43:42+00:00
CI;Côte d'Ivoire;coinafrique;location;terrain;terrains;Terrain 560 m2 à Daloa;3700000;560;6607;;;;;https://ci.coinafrique.com/annonce/terrains/terrain-560-m2-a-daloa-5867017;2026-05-12T16:43:42+00:00
CI;Côte d'Ivoire;coinafrique;location;terrain;terrains;Parcelle en bordure de lagune à Bingerville;115000;;;;Bingerville;;;https://ci.coinafrique.com/annonce/terrains/parcelle-en-bordure-de-lagune-a-bingerville-5901131;2026-05-12T16:43:42+00:00
CI;Côte d'Ivoire;coinafrique;location;terrain;terrains;Terrain 300m² à Bingerville;35000000;300;116667;;Bingerville;;;https://ci.coinafrique.com/annonce/terrains/terrain-300m-a-bingerville-5903535;2026-05-12T16:43:42+00:00
CI;Côte d'Ivoire;coinafrique;location;terrain;terrains;Terrain 470 m² Riviera abata;90000000;470;191489;;Cocody;;;https://ci.coinafrique.com/annonce/terrains/terrain-470-m-riviera-abata-5901109;2026-05-12T16:43:42+00:00
CI;Côte d'Ivoire;coinafrique;location;terrain;terrains;Terrain 600m² Gebochris Cocody Riviera 3 EECI;350000000;600;583333;;Cocody;Riviera 3;;https://ci.coinafrique.com/annonce/terrains/terrain-600m-gebochris-cocody-riviera-3-eeci-5885103;2026-05-12T16:43:42+00:00
CI;Côte d'Ivoire;coinafrique;location;terrain;terrains;Terrain à l'angle 481 m2 + acd à Bingerville-akandjé;55000000;481;114345;;Bingerville;;;https://ci.coinafrique.com/annonce/terrains/terrain-a-langle-481-m2-acd-a-bingerville-akandje-5894399;2026-05-12T16:43:42+00:00
CI;Côte d'Ivoire;coinafrique;location;terrain;terrains;Terrains ACD à Bingerville;45000000;;;;Bingerville;;;https://ci.coinafrique.com/annonce/terrains/terrains-acd-a-bingerville-5894390;2026-05-12T16:43:42+00:00
CI;Côte d'Ivoire;coinafrique;location;terrain;terrains;Terrain 1073 m² à la Rivera beverhill;850000;1073;792;;Cocody;;;https://ci.coinafrique.com/annonce/terrains/terrain-1073-m-a-la-rivera-beverhill-5886852;2026-05-12T16:43:42+00:00
CI;Côte d'Ivoire;coinafrique;location;terrain;terrains;Terrain à la Riviera palmeraie saint viateur;90000000;;;;Cocody;Riviera Palmeraie;;https://ci.coinafrique.com/annonce/terrains/terrain-a-la-riviera-palmeraie-saint-viateur-5904901;2026-05-12T16:43:42+00:00
CI;Côte d'Ivoire;coinafrique;location;terrain;terrains;Terrains 500 m2 - Cocody angré château;130000000;500;260000;;Cocody;Angré;;https://ci.coinafrique.com/annonce/terrains/terrains-500-m2-cocody-angre-chateau-5901077;2026-05-12T16:43:42+00:00
CI;Côte d'Ivoire;coinafrique;location;terrain;terrains;Terrains 1000m² - Cocody riviera m’badon avec une belle vue sur la lagune;370000000;1000;370000;;Cocody;;;https://ci.coinafrique.com/annonce/terrains/terrains-1000m-cocody-riviera-mbadon-avec-une-belle-vue-sur-la-lagune-5863753;2026-05-12T16:43:42+00:00
CI;Côte d'Ivoire;coinafrique;location;terrain;terrains;Terrain 8100m² à Cocody, Angré Chu;300000;8100;37;;Cocody;Angré;;https://ci.coinafrique.com/annonce/terrains/terrain-8100m-a-cocody-angre-chu-5870263;2026-05-12T16:43:42+00:00
CI;Côte d'Ivoire;coinafrique;location;terrain;terrains;Terrains 950 m² - Angré;500000000;950;526316;;;;;https://ci.coinafrique.com/annonce/terrains/terrains-950-m-angre-5874478;2026-05-12T16:43:42+00:00
CI;Côte d'Ivoire;coinafrique;location;terrain;terrains;Terrain 599 m2 Riviera abata cité mugefci;100000000;599;166945;;Cocody;;;https://ci.coinafrique.com/annonce/terrains/terrain-599-m2-riviera-abata-cite-mugefci-5901055;2026-05-12T16:43:42+00:00
CI;Côte d'Ivoire;coinafrique;location;terrain;terrains;Terrains avec acd - Bingerville;45000000;;;;Bingerville;;;https://ci.coinafrique.com/annonce/terrains/terrains-avec-acd-bingerville-5902436;2026-05-12T16:43:42+00:00
CI;Côte d'Ivoire;coinafrique;location;terrain;terrains;Terrains 400 m2 + ACD global à Bingerville-élokaté;12000000;400;30000;;Bingerville;;;https://ci.coinafrique.com/annonce/terrains/terrains-400-m2-acd-global-a-bingerville-elokate-5899565;2026-05-12T16:43:42+00:00
CI;Côte d'Ivoire;coinafrique;location;terrain;terrains;Terrains 800m² - Cocody deux plateaux Vallon;620000000;800;775000;;Cocody;Deux Plateaux;;https://ci.coinafrique.com/annonce/terrains/terrains-800m-cocody-deux-plateaux-vallon-5876126;2026-05-12T16:43:42+00:00
CI;Côte d'Ivoire;coinafrique;location;terrain;terrains;Terrain commercial à Cocody-angré chu;210000000;;;;Cocody;Angré;;https://ci.coinafrique.com/annonce/terrains/terrain-commercial-a-cocody-angre-chu-5879606;2026-05-12T16:43:42+00:00
CI;Côte d'Ivoire;coinafrique;location;terrain;terrains;Terrain Zone 4 blvd marseille vers wafou;1300000;;;;Marcory;Zone 4;;https://ci.coinafrique.com/annonce/terrains/terrain-zone-4-blvd-marseille-vers-wafou-5876116;2026-05-12T16:43:42+00:00
CI;Côte d'Ivoire;coinafrique;location;terrain;terrains;Terrains 400 m2 + ACD global à bingerville-élokaté;12000000;400;30000;;Bingerville;;;https://ci.coinafrique.com/annonce/terrains/terrains-400-m2-acd-global-a-bingerville-elokate-5899550;2026-05-12T16:43:42+00:00
CI;Côte d'Ivoire;coinafrique;location;terrain;terrains;Terrain 400m2 à Jacqueville;7000000;400;17500;;;;;https://ci.coinafrique.com/annonce/terrains/terrain-400m2-a-jacqueville-5883399;2026-05-12T16:43:42+00:00
CI;Côte d'Ivoire;coinafrique;location;terrain;terrains;Terrain 60 ha ACD Romy Songon;35000;;;;Cocody;;;https://ci.coinafrique.com/annonce/terrains/terrain-60-ha-acd-romy-songon-5884965;2026-05-12T16:43:42+00:00
CI;Côte d'Ivoire;coinafrique;location;terrain;terrains;Terrain 481m² à Bingerville Akandje vers le boulevard;55000000;481;114345;;Cocody;;;https://ci.coinafrique.com/annonce/terrains/terrain-481m-a-bingerville-akandje-vers-le-boulevard-5889722;2026-05-12T16:43:42+00:00
CI;Côte d'Ivoire;coinafrique;location;terrain;terrains;Terrain 1553m2 à bingerville nord-est en bordure du boulevard situé entre 3 voies;250000000;1553;160979;;Bingerville;;;https://ci.coinafrique.com/annonce/terrains/terrain-1553m2-a-bingerville-nord-est-en-bordure-du-boulevard-situe-entre-3-voies-5875446;2026-05-12T16:43:42+00:00
CI;Côte d'Ivoire;coinafrique;location;terrain;terrains;Terrain 15,5 ha à Ebimpé;30000;;;;Anyama;;;https://ci.coinafrique.com/annonce/terrains/terrain-15-5-ha-a-ebimpe-5880704;2026-05-12T16:43:42+00:00
CI;Côte d'Ivoire;coinafrique;location;terrain;terrains;Terrain avec une vue lagunaire 1000m²à Cocody Abatta résidentiel;245000000;;;;Cocody;;;https://ci.coinafrique.com/annonce/terrains/terrain-avec-une-vue-lagunaire-1000ma-cocody-abatta-residentiel-5880668;2026-05-12T16:43:42+00:00
CI;Côte d'Ivoire;coinafrique;location;terrain;terrains;Terrain 1200m² Gebochris commune de Cocody Riviera 3 cité EECI;700000000;1200;583333;;Cocody;Riviera 3;;https://ci.coinafrique.com/annonce/terrains/terrain-1200m-gebochris-commune-de-cocody-riviera-3-cite-eeci-5879583;2026-05-12T16:43:42+00:00
CI;Côte d'Ivoire;coinafrique;location;terrain;terrains;Terrain à Assinie KM18 – 1 400 m² avec façade protégée et vue imprenable sur l’ile Ehotilé;250000000;400;625000;;;;;https://ci.coinafrique.com/annonce/terrains/terrain-a-assinie-km18-1-400-m-avec-facade-protegee-et-vue-imprenable-sur-lile-ehotile-5883453;2026-05-12T16:43:42+00:00
CI;Côte d'Ivoire;coinafrique;location;terrain;terrains;Terrains 400 m² à Bingerville-Elokaté;12000000;400;30000;;Bingerville;;;https://ci.coinafrique.com/annonce/terrains/terrains-400-m-a-bingerville-elokate-5903481;2026-05-12T16:43:42+00:00
CI;Côte d'Ivoire;coinafrique;location;terrain;terrains;Terrains 400 m² à bingerville-elokaté;12000000;400;30000;;Bingerville;;;https://ci.coinafrique.com/annonce/terrains/terrains-400-m-a-bingerville-elokate-5903478;2026-05-12T16:43:42+00:00
CI;Côte d'Ivoire;coinafrique;location;terrain;terrains;Terrain commercial à Cocody-angré chu;210000000;;;;Cocody;Angré;;https://ci.coinafrique.com/annonce/terrains/terrain-commercial-a-cocody-angre-chu-5879538;2026-05-12T16:43:42+00:00
CI;Côte d'Ivoire;coinafrique;location;terrain;terrains;Terrain commercial à Bingerville Akandjé;55000000;;;;Cocody;;;https://ci.coinafrique.com/annonce/terrains/terrain-commercial-a-bingerville-akandje-5883370;2026-05-12T16:43:42+00:00
CI;Côte d'Ivoire;coinafrique;location;terrain;terrains;Terrain 600 m2 ACD Angré château sainte clementine;115000000;600;191667;;Cocody;Angré;;https://ci.coinafrique.com/annonce/terrains/terrain-600-m2-acd-angre-chateau-sainte-clementine-5906415;2026-05-12T16:43:42+00:00
CI;Côte d'Ivoire;coinafrique;location;terrain;terrains;Terrain 600 m2 + ACD à Cocody-angré château;60000000;600;100000;;Cocody;Angré;;https://ci.coinafrique.com/annonce/terrains/terrain-600-m2-acd-a-cocody-angre-chateau-5899518;2026-05-12T16:43:42+00:00
CI;Côte d'Ivoire;coinafrique;location;terrain;terrains;Terrain dans une cité Cocody Riviera faya cité Prestige;140000000;;;;Cocody;Riviera Faya;haut;https://ci.coinafrique.com/annonce/terrains/terrain-dans-une-cite-cocody-riviera-faya-cite-prestige-5877690;2026-05-12T16:43:42+00:00
CI;Côte d'Ivoire;coinafrique;location;terrain;terrains;Terrain cloturé 4129 m² à Kpas Koumassi;2000000000;4129;484379;;Cocody;;;https://ci.coinafrique.com/annonce/terrains/terrain-cloture-4129-m-a-kpas-koumassi-5884832;2026-05-12T16:43:42+00:00
CI;Côte d'Ivoire;coinafrique;location;terrain;terrains;Terrain 600m² à Jacqueville;16000000;600;26667;;;;;https://ci.coinafrique.com/annonce/terrains/terrain-600m-a-jacqueville-5881007;2026-05-12T16:43:42+00:00
CI;Côte d'Ivoire;coinafrique;location;terrain;terrains;Terrain 600m² - Cocody;190000000;600;316667;;Cocody;;;https://ci.coinafrique.com/annonce/terrains/terrain-600m-cocody-5872574;2026-05-12T16:43:42+00:00
CI;Côte d'Ivoire;coinafrique;location;terrain;terrains;Terrain 800m² - Cocody;320000000;800;400000;;Cocody;;;https://ci.coinafrique.com/annonce/terrains/terrain-800m-cocody-5872568;2026-05-12T16:43:42+00:00
CI;Côte d'Ivoire;coinafrique;location;terrain;terrains;Terrain 570m² - Cocody angre nouveau chu;150000000;570;263158;;Cocody;Angre;;https://ci.coinafrique.com/annonce/terrains/terrain-570m-cocody-angre-nouveau-chu-5875953;2026-05-12T16:43:42+00:00
CI;Côte d'Ivoire;coinafrique;location;terrain;terrains;Terrain 240 m² - Cocody Angre chu a djôrôgôbité-1;35000000;240;145833;;Cocody;Angre;;https://ci.coinafrique.com/annonce/terrains/terrain-240-m-cocody-angre-chu-a-djorogobite-1-5874278;2026-05-12T16:43:42+00:00
CI;Côte d'Ivoire;coinafrique;location;terrain;terrains;Terrain 800 m² à Angré nouveau chu djôrôgôbité-1, un terrain de 800m2 légèrement en pente avec un ACD;100000000;800;125000;;Cocody;Angré;;https://ci.coinafrique.com/annonce/terrains/terrain-800-m-a-angre-nouveau-chu-djorogobite-1-un-terrain-de-800m2-legerement-en-pente-avec-un-acd-5874289;2026-05-12T16:43:42+00:00
CI;Côte d'Ivoire;coinafrique;location;terrain;terrains;Terrains 481 m2 - Bingerville akandjé;55000000;481;114345;;Bingerville;;;https://ci.coinafrique.com/annonce/terrains/terrains-481-m2-bingerville-akandje-5883289;2026-05-12T16:43:42+00:00
CI;Côte d'Ivoire;coinafrique;location;terrain;terrains;Terrain 800m² - Bonoumin;280000000;800;350000;;Cocody;Bonoumin;;https://ci.coinafrique.com/annonce/terrains/terrain-800m-bonoumin-5879434;2026-05-12T16:43:42+00:00
CI;Côte d'Ivoire;coinafrique;location;terrain;terrains;Terrain 481 m² à Bingerville AKANDJÉ;55000000;481;114345;;Cocody;;;https://ci.coinafrique.com/annonce/terrains/terrain-481-m-a-bingerville-akandje-5883261;2026-05-12T16:43:42+00:00
CI;Côte d'Ivoire;coinafrique;location;terrain;terrains;Terrain 3250 m² au golf;1500000;3250;462;;Cocody;;;https://ci.coinafrique.com/annonce/terrains/terrain-3250-m-au-golf-5886508;2026-05-12T16:43:42+00:00
CI;Côte d'Ivoire;coinafrique;location;terrain;terrains;Terrain 530m² à Cocody Riviera Faya Feh Kessé;55000000;530;103774;;Cocody;Riviera Faya;;https://ci.coinafrique.com/annonce/terrains/terrain-530m-a-cocody-riviera-faya-feh-kesse-5871242;2026-05-12T16:43:42+00:00
CI;Côte d'Ivoire;coinafrique;location;terrain;terrains;Terrain1000m² - Lagune;200000000;;;;Cocody;;;https://ci.coinafrique.com/annonce/terrains/terrain1000m-lagune-5900869;2026-05-12T16:43:42+00:00
CI;Côte d'Ivoire;coinafrique;location;terrain;terrains;Terrain 2H - Bingerville anna résidentiel;110000;;;;Bingerville;;;https://ci.coinafrique.com/annonce/terrains/terrain-2h-bingerville-anna-residentiel-5866569;2026-05-12T16:43:42+00:00
CI;Côte d'Ivoire;coinafrique;location;terrain;terrains;Terrain 600m² à Cocody Angré Zone Djorobité 1;130000000;600;216667;;Cocody;Angré;;https://ci.coinafrique.com/annonce/terrains/terrain-600m-a-cocody-angre-zone-djorobite-1-5903353;2026-05-12T16:43:42+00:00
CI;Côte d'Ivoire;coinafrique;location;terrain;terrains;Terrain 550m² - Angre Djorobite;95000000;550;172727;;Cocody;Angre;;https://ci.coinafrique.com/annonce/terrains/terrain-550m-angre-djorobite-5894010;2026-05-12T16:43:42+00:00
CI;Côte d'Ivoire;coinafrique;location;terrain;terrains;Terrain ACD individuel à Bingerville;15000000;;;;Cocody;;;https://ci.coinafrique.com/annonce/terrains/terrain-acd-individuel-a-bingerville-5891370;2026-05-12T16:43:42+00:00
CI;Côte d'Ivoire;coinafrique;location;terrain;terrains;Terrain avec acd - Cocody;230000000;;;;Cocody;;;https://ci.coinafrique.com/annonce/terrains/terrain-avec-acd-cocody-5904419;2026-05-12T16:43:42+00:00
CI;Côte d'Ivoire;coinafrique;location;terrain;terrains;Terrain en bordure de route 1500m² Assinie Assouinde;70000000;1500;46667;;Cocody;;;https://ci.coinafrique.com/annonce/terrains/terrain-en-bordure-de-route-1500m-assinie-assouinde-5889758;2026-05-12T16:43:42+00:00
CI;Côte d'Ivoire;coinafrique;location;terrain;terrains;Terrain 600m² à Angre Djorobite;120000000;600;200000;;Cocody;Angre;;https://ci.coinafrique.com/annonce/terrains/terrain-600m-a-angre-djorobite-5892691;2026-05-12T16:43:42+00:00
CI;Côte d'Ivoire;coinafrique;location;terrain;terrains;Terrain avec acd - Cocody Angré;60000000;;;;Cocody;Angré;;https://ci.coinafrique.com/annonce/terrains/terrain-avec-acd-cocody-angre-5904406;2026-05-12T16:43:42+00:00
CI;Côte d'Ivoire;coinafrique;location;terrain;terrains;Terrain 4 000m² bordure de lagune - Bingerville anan;600000000;0;;;Cocody;;;https://ci.coinafrique.com/annonce/terrains/terrain-4-000m-bordure-de-lagune-bingerville-anan-5883133;2026-05-12T16:43:42+00:00
CI;Côte d'Ivoire;coinafrique;location;terrain;terrains;Terrain 2,43 hectares - zone industrielle Yopoigon pk24;38000;;;;Yopougon;;;https://ci.coinafrique.com/annonce/terrains/terrain-2-43-hectares-zone-industrielle-yopoigon-pk24-5895824;2026-05-12T16:43:42+00:00
CI;Côte d'Ivoire;coinafrique;location;terrain;terrains;Terrain 900m2 -Riviera atoban;290000000;900;322222;;Cocody;;;https://ci.coinafrique.com/annonce/terrains/terrain-900m2-riviera-atoban-5884490;2026-05-12T16:43:42+00:00
CI;Côte d'Ivoire;coinafrique;location;terrain;terrains;Terrain 971m² - Cocody centre;430000000;971;442842;;Cocody;Cocody Centre;;https://ci.coinafrique.com/annonce/terrains/terrain-971m-cocody-centre-5888075;2026-05-12T16:43:42+00:00
CI;Côte d'Ivoire;coinafrique;location;terrain;terrains;Terrain 600m² - Urb¹bwk, commune de Cocody Riviera palmeraie résidentielle;140000000;600;233333;;Cocody;Riviera Palmeraie;;https://ci.coinafrique.com/annonce/terrains/terrain-600m-urbbwk-commune-de-cocody-riviera-palmeraie-residentielle-5891311;2026-05-12T16:43:42+00:00
CI;Côte d'Ivoire;coinafrique;location;terrain;terrains;Terrain 2253m² - Cocody;1300000;2253;577;;Cocody;;;https://ci.coinafrique.com/annonce/terrains/terrain-2253m-cocody-5888027;2026-05-12T16:43:42+00:00
CI;Côte d'Ivoire;coinafrique;location;terrain;terrains;Terrains 1055m² - cocody danga;1300000000;1055;1232227;;Cocody;Danga;;https://ci.coinafrique.com/annonce/terrains/terrains-1055m-cocody-danga-5873906;2026-05-12T16:43:42+00:00
CI;Côte d'Ivoire;coinafrique;location;terrain;terrains;Terrains 561m² - Cocody Rivièra 4 cité verdoyante;330000000;561;588235;;Cocody;;;https://ci.coinafrique.com/annonce/terrains/terrains-561m-cocody-riviera-4-cite-verdoyante-5873913;2026-05-12T16:43:42+00:00
CI;Côte d'Ivoire;coinafrique;location;terrain;terrains;Terrains 565m² - cocody riviera 4 cité blanche;380000000;565;672566;;Cocody;Riviera 4;;https://ci.coinafrique.com/annonce/terrains/terrains-565m-cocody-riviera-4-cite-blanche-5873902;2026-05-12T16:43:42+00:00
CI;Côte d'Ivoire;coinafrique;location;terrain;terrains;Terrain - Riviera saint viateur;90000000;;;;Cocody;;;https://ci.coinafrique.com/annonce/terrains/terrain-riviera-saint-viateur-5900605;2026-05-12T16:43:42+00:00
CI;Côte d'Ivoire;coinafrique;location;terrain;terrains;Terrains 960 m² - Cocody Angré 8iem tranche en bordure;500000000;960;520833;;Cocody;Angré;;https://ci.coinafrique.com/annonce/terrains/terrains-960-m-cocody-angre-8iem-tranche-en-bordure-5873890;2026-05-12T16:43:42+00:00
CI;Côte d'Ivoire;coinafrique;location;terrain;terrains;Terrains 461 m² - Cocody Rivièra m’badon ambassade de chine;280000000;461;607375;;Cocody;;;https://ci.coinafrique.com/annonce/terrains/terrains-461-m-cocody-riviera-mbadon-ambassade-de-chine-5886157;2026-05-12T16:43:42+00:00
CI;Côte d'Ivoire;coinafrique;achat;terrain;terrains;Vente Terrain 800 m2 - Cocody Vallon;620000000;800;775000;;Cocody;Vallon;;https://ci.coinafrique.com/annonce/terrains/vente-terrain-800-m2-cocody-vallon-5869864;2026-05-12T16:43:42+00:00
CI;Côte d'Ivoire;coinafrique;location;terrain;terrains;Terrains 1000m² - Cocody riviera 4 m'badon;375000000;1000;375000;;Cocody;Riviera 4;;https://ci.coinafrique.com/annonce/terrains/terrains-1000m-cocody-riviera-4-mbadon-5869924;2026-05-12T16:43:42+00:00
CI;Côte d'Ivoire;coinafrique;location;terrain;terrains;Terrain 500m² - Cocody rivera abatta zones cité beceao;110000000;500;220000;;Cocody;;;https://ci.coinafrique.com/annonce/terrains/terrain-500m-cocody-rivera-abatta-zones-cite-beceao-5893739;2026-05-12T16:43:42+00:00
CI;Côte d'Ivoire;coinafrique;location;terrain;terrains;Terrain- Cocody angré chu;130000000;;;;Cocody;Angré;;https://ci.coinafrique.com/annonce/terrains/terrain-cocody-angre-chu-5904159;2026-05-12T16:43:42+00:00
CI;Côte d'Ivoire;coinafrique;location;terrain;terrains;Terrain 600 m2 - Cocody-angré château;65000000;600;108333;;Cocody;Angré;;https://ci.coinafrique.com/annonce/terrains/terrain-600-m2-cocody-angre-chateau-5872157;2026-05-12T16:43:42+00:00
CI;Côte d'Ivoire;coinafrique;location;terrain;terrains;Terrain 1223 m² -Bingerville;100000000;1223;81766;;Bingerville;;;https://ci.coinafrique.com/annonce/terrains/terrain-1223-m-bingerville-5872152;2026-05-12T16:43:42+00:00
CI;Côte d'Ivoire;coinafrique;location;terrain;terrains;Terrain 4000m² - Bingerville;600000000;4000;150000;;Bingerville;;;https://ci.coinafrique.com/annonce/terrains/terrain-4000m-bingerville-5884363;2026-05-12T16:43:42+00:00
CI;Côte d'Ivoire;coinafrique;location;terrain;terrains;Terrains 630 m² - Bingerville fekesse;65000000;630;103175;;Bingerville;;;https://ci.coinafrique.com/annonce/terrains/terrains-630-m-bingerville-fekesse-5901970;2026-05-12T16:43:42+00:00
CI;Côte d'Ivoire;coinafrique;location;terrain;terrains;Terrains 500 m²- Angré chu pharmacie d’oise;70000000;500;140000;;;;;https://ci.coinafrique.com/annonce/terrains/terrains-500-m-angre-chu-pharmacie-doise-5901962;2026-05-12T16:43:42+00:00
CI;Côte d'Ivoire;coinafrique;location;terrain;terrains;Terrain 528m² - Bingerville;40000000;528;75758;;Cocody;;;https://ci.coinafrique.com/annonce/terrains/terrain-528m-bingerville-5887934;2026-05-12T16:43:42+00:00
CI;Côte d'Ivoire;coinafrique;location;terrain;terrains;Terrain à Bingerville;15000000;;;;Bingerville;;;https://ci.coinafrique.com/annonce/terrains/terrain-a-bingerville-5891132;2026-05-12T16:43:42+00:00
CI;Côte d'Ivoire;coinafrique;location;terrain;terrains;Terrain 481m2,- Bingerville akandjé;55000000;481;114345;;Cocody;;;https://ci.coinafrique.com/annonce/terrains/terrain-481m2-bingerville-akandje-5905941;2026-05-12T16:43:42+00:00
CI;Côte d'Ivoire;coinafrique;achat;terrain;terrains;Vente villa duplex - M'badon;600000000;;;;Cocody;;;https://ci.coinafrique.com/annonce/terrains/vente-villa-duplex-mbadon-5899029;2026-05-12T16:43:42+00:00
CI;Côte d'Ivoire;coinafrique;location;terrain;terrains;Terrain 4500m2 - Féh kesse;160000;4500;36;;Cocody;;;https://ci.coinafrique.com/annonce/terrains/terrain-4500m2-feh-kesse-5882807;2026-05-12T16:43:42+00:00
CI;Côte d'Ivoire;coinafrique;location;terrain;terrains;Terrain 481 m2 - Bingerville akandjé;55000000;481;114345;;Bingerville;;;https://ci.coinafrique.com/annonce/terrains/terrain-481-m2-bingerville-akandje-5885992;2026-05-12T16:43:42+00:00
CI;Côte d'Ivoire;coinafrique;location;terrain;terrains;Terrain 600 m2 + acd à cocody-angré château;60000000;600;100000;;Cocody;Angré;;https://ci.coinafrique.com/annonce/terrains/terrain-600-m2-acd-a-cocody-angre-chateau-5897180;2026-05-12T16:43:42+00:00
CI;Côte d'Ivoire;coinafrique;location;terrain;terrains;Terrain 700m² - Bonoumin;210000000;700;300000;;Cocody;Bonoumin;;https://ci.coinafrique.com/annonce/terrains/terrain-700m-bonoumin-5892480;2026-05-12T16:43:42+00:00
CI;Côte d'Ivoire;coinafrique;location;terrain;terrains;Terrain à Treichville 3 terrain à l'angle avec Documents TF;280000000;;;;Cocody;;;https://ci.coinafrique.com/annonce/terrains/terrain-a-treichville-3-terrain-a-langle-avec-documents-tf-5869706;2026-05-12T16:43:42+00:00
CI;Côte d'Ivoire;coinafrique;location;terrain;terrains;Terrain 800 m2 - Cocody 2 plateaux vallon;620000000;800;775000;;Cocody;2 Plateaux;;https://ci.coinafrique.com/annonce/terrains/terrain-800-m2-cocody-2-plateaux-vallon-5873730;2026-05-12T16:43:42+00:00
CI;Côte d'Ivoire;coinafrique;location;terrain;terrains;Terrains 400 m² - Bingerville;12000000;400;30000;;Bingerville;;;https://ci.coinafrique.com/annonce/terrains/terrains-400-m-bingerville-5901875;2026-05-12T16:43:42+00:00
CI;Côte d'Ivoire;coinafrique;location;terrain;terrains;Terrain 900m2 - Cocody;270000000;900;300000;;Cocody;Angré;;https://ci.coinafrique.com/annonce/terrains/terrain-900m2-cocody-5901860;2026-05-12T16:43:42+00:00
CI;Côte d'Ivoire;coinafrique;location;terrain;terrains;Terrain 300 m² à bingerville a 100m du boulevard Mitterrand;25000000;300;83333;;Cocody;;;https://ci.coinafrique.com/annonce/terrains/terrain-300-m-a-bingerville-a-100m-du-boulevard-mitterrand-5869701;2026-05-12T16:43:42+00:00
CI;Côte d'Ivoire;coinafrique;location;terrain;terrains;Terrain 400 m² - Bingerville;15000000;400;37500;;Cocody;;;https://ci.coinafrique.com/annonce/terrains/terrain-400-m-bingerville-5890983;2026-05-12T16:43:42+00:00
CI;Côte d'Ivoire;coinafrique;location;terrain;terrains;Terrain 3 lots à l'angle de chaque îlot;275000000;;;;Cocody;;;https://ci.coinafrique.com/annonce/terrains/terrain-3-lots-a-langle-de-chaque-ilot-5872028;2026-05-12T16:43:42+00:00
CI;Côte d'Ivoire;coinafrique;location;terrain;terrains;Terrain 481 m² + acd à bingerville-akanfjé;55000000;481;114345;;Bingerville;;;https://ci.coinafrique.com/annonce/terrains/terrain-481-m-acd-a-bingerville-akanfje-5872040;2026-05-12T16:43:42+00:00
CI;Côte d'Ivoire;coinafrique;location;terrain;terrains;Terrain collés - Ouaga 2000;4000000;;;;Yopougon;;;https://ci.coinafrique.com/annonce/terrains/terrain-colles-ouaga-2000-5864687;2026-05-12T16:43:42+00:00
CI;Côte d'Ivoire;coinafrique;location;terrain;terrains;Terrain commercial 670m² - Angré djorgobité;250000000;670;373134;;Cocody;Angré;;https://ci.coinafrique.com/annonce/terrains/terrain-commercial-670m-angre-djorgobite-5898923;2026-05-12T16:43:42+00:00
CI;Côte d'Ivoire;coinafrique;location;terrain;terrains;Terrain 800 m² - Riveira 4 cité blanche;500000000;800;625000;;Cocody;;;https://ci.coinafrique.com/annonce/terrains/terrain-800-m-riveira-4-cite-blanche-5872016;2026-05-12T16:43:42+00:00
CI;Côte d'Ivoire;coinafrique;location;terrain;terrains;Terrain 13 lots - Songon Agbant;180000000;;;;Cocody;;;https://ci.coinafrique.com/annonce/terrains/terrain-13-lots-songon-agbant-5870908;2026-05-12T16:43:42+00:00
CI;Côte d'Ivoire;coinafrique;location;terrain;terrains;Terrains 1690 m² - cocody danga;1300000;1690;769;;Cocody;Danga;;https://ci.coinafrique.com/annonce/terrains/terrains-1690-m-cocody-danga-5887746;2026-05-12T16:43:42+00:00
CI;Côte d'Ivoire;coinafrique;location;terrain;terrains;Terrains 30000 m² - assinie assoinde;20000;30000;1;;;;;https://ci.coinafrique.com/annonce/terrains/terrains-30000-m-assinie-assoinde-5887731;2026-05-12T16:43:42+00:00
CI;Côte d'Ivoire;coinafrique;location;terrain;terrains;Terrain 527m² - Bingerville;45000000;527;85389;;Cocody;;;https://ci.coinafrique.com/annonce/terrains/terrain-527m-bingerville-5885888;2026-05-12T16:43:42+00:00
CI;Côte d'Ivoire;coinafrique;location;terrain;terrains;Terrain 409 m² à bassam;15000000;409;36675;;Cocody;;;https://ci.coinafrique.com/annonce/terrains/terrain-409-m-a-bassam-5878738;2026-05-12T16:43:42+00:00
CI;Côte d'Ivoire;coinafrique;location;terrain;terrains;Terrain 10lots collés - Songon;18000000;;;;Cocody;;;https://ci.coinafrique.com/annonce/terrains/terrain-10lots-colles-songon-5901617;2026-05-12T16:43:42+00:00
CI;Côte d'Ivoire;coinafrique;location;terrain;terrains;Terrain 1000 m2 Cocody m'badon;375000000;1000;375000;;Cocody;;;https://ci.coinafrique.com/annonce/terrains/terrain-1000-m2-cocody-mbadon-5873254;2026-05-12T16:43:42+00:00
CI;Côte d'Ivoire;coinafrique;location;terrain;terrains;Terrain 1898m² - Vallons;1138800000;1898;600000;;;;;https://ci.coinafrique.com/annonce/terrains/terrain-1898m-vallons-5867871;2026-05-12T16:43:42+00:00
CI;Côte d'Ivoire;coinafrique;location;terrain;terrains;Terrain à Cocody angre nouveau Chu djorobite 1;70000000;;;;Cocody;Angre;;https://ci.coinafrique.com/annonce/terrains/terrain-a-cocody-angre-nouveau-chu-djorobite-1-5866081;2026-05-12T16:43:42+00:00
CI;Côte d'Ivoire;coinafrique;location;terrain;terrains;Terrain 372m² - Cocody angré, entre le nouveau chu et le château;60000000;372;161290;;Cocody;Angré;;https://ci.coinafrique.com/annonce/terrains/terrain-372m-cocody-angre-entre-le-nouveau-chu-et-le-chateau-5903957;2026-05-12T16:43:42+00:00
CI;Côte d'Ivoire;coinafrique;location;terrain;terrains;Terrains 1202m2 - Cocody 2 plateau;1300000;1202;1082;;Cocody;;;https://ci.coinafrique.com/annonce/terrains/terrains-1202m2-cocody-2-plateau-5877134;2026-05-12T16:43:42+00:00
CI;Côte d'Ivoire;coinafrique;location;terrain;terrains;Terrain 800m² - Cocody 2 plateau;730000000;800;912500;;Cocody;;;https://ci.coinafrique.com/annonce/terrains/terrain-800m-cocody-2-plateau-5877137;2026-05-12T16:43:42+00:00
CI;Côte d'Ivoire;coinafrique;location;terrain;terrains;Terrain 950 m² - angré 8è tranche;500000000;950;526316;;;;;https://ci.coinafrique.com/annonce/terrains/terrain-950-m-angre-8e-tranche-5875397;2026-05-12T16:43:42+00:00
CI;Côte d'Ivoire;coinafrique;location;terrain;terrains;Terrain commercial 481 m² à bingerville;55000000;481;114345;;Bingerville;;;https://ci.coinafrique.com/annonce/terrains/terrain-commercial-481-m-a-bingerville-5887702;2026-05-12T16:43:42+00:00
CI;Côte d'Ivoire;coinafrique;location;terrain;terrains;Terrains 7000 m² - cocody centre;750000;7000;107;;Cocody;Cocody Centre;;https://ci.coinafrique.com/annonce/terrains/terrains-7000-m-cocody-centre-5881687;2026-05-12T16:43:42+00:00
CI;Côte d'Ivoire;coinafrique;location;terrain;terrains;Terrain 20lots - Addoha;25000;;;;Anyama;;;https://ci.coinafrique.com/annonce/terrains/terrain-20lots-addoha-5873532;2026-05-12T16:43:42+00:00
CI;Côte d'Ivoire;coinafrique;location;terrain;terrains;Terrains 1000 m² - cocody bonoumin;420000000;1000;420000;;Cocody;Bonoumin;;https://ci.coinafrique.com/annonce/terrains/terrains-1000-m-cocody-bonoumin-5881674;2026-05-12T16:43:42+00:00
CI;Côte d'Ivoire;coinafrique;location;terrain;terrains;Terrains 4500 m2 -Cocody feh kesse;160000;4500;36;;Cocody;;;https://ci.coinafrique.com/annonce/terrains/terrains-4500-m2-cocody-feh-kesse-5880352;2026-05-12T16:43:42+00:00
CI;Côte d'Ivoire;coinafrique;location;terrain;terrains;Terrain - Bingerville;2000000000;;;;Cocody;;;https://ci.coinafrique.com/annonce/terrains/terrain-bingerville-5864661;2026-05-12T16:43:42+00:00
CI;Côte d'Ivoire;coinafrique;location;terrain;terrains;Terrains 600 m2 - Cocody angré;130000000;600;216667;;Cocody;Angré;;https://ci.coinafrique.com/annonce/terrains/terrains-600-m2-cocody-angre-5903925;2026-05-12T16:43:42+00:00
CI;Côte d'Ivoire;coinafrique;location;terrain;terrains;Terrains 425 m² - Cocody riviera 4 cité blanche;300000000;425;705882;;Cocody;Riviera 4;;https://ci.coinafrique.com/annonce/terrains/terrains-425-m-cocody-riviera-4-cite-blanche-5881656;2026-05-12T16:43:42+00:00
CI;Côte d'Ivoire;coinafrique;location;terrain;terrains;Parcelle 2 ha à Bingerville;120000;;;;Bingerville;;;https://ci.coinafrique.com/annonce/terrains/parcelle-2-ha-a-bingerville-5878837;2026-05-12T16:43:42+00:00
CI;Côte d'Ivoire;coinafrique;location;terrain;terrains;Terrain 1200m² - Cocody angré 7e tranche;2500000;1200;2083;;Cocody;7e Tranche;;https://ci.coinafrique.com/annonce/terrains/terrain-1200m-cocody-angre-7e-tranche-5877089;2026-05-12T16:43:42+00:00
CI;Côte d'Ivoire;coinafrique;location;terrain;terrains;Terrains - Bingerville-anan;45000000;;;;Bingerville;;;https://ci.coinafrique.com/annonce/terrains/terrains-bingerville-anan-5867775;2026-05-12T16:43:42+00:00
CI;Côte d'Ivoire;coinafrique;location;terrain;terrains;Terrain 1223 m² + acd avec vue lagunaire à Bingerville;100000000;1223;81766;;Bingerville;;;https://ci.coinafrique.com/annonce/terrains/terrain-1223-m-acd-avec-vue-lagunaire-a-bingerville-5869408;2026-05-12T16:43:42+00:00
CI;Côte d'Ivoire;coinafrique;location;terrain;terrains;Terrain 600 m² - Riviera 3;350000000;600;583333;;Cocody;Riviera 3;;https://ci.coinafrique.com/annonce/terrains/terrain-600-m-riviera-3-5878795;2026-05-12T16:43:42+00:00
CI;Côte d'Ivoire;coinafrique;location;terrain;terrains;Terrain 730m² - Bingerville;60000000;730;82192;;Bingerville;;;https://ci.coinafrique.com/annonce/terrains/terrain-730m-bingerville-5898746;2026-05-12T16:43:42+00:00
CI;Côte d'Ivoire;coinafrique;location;terrain;terrains;Terrain 500m2 - Cocody Angré;130000000;500;260000;;Cocody;Angré;;https://ci.coinafrique.com/annonce/terrains/terrain-500m2-cocody-angre-5892305;2026-05-12T16:43:42+00:00
CI;Côte d'Ivoire;coinafrique;location;terrain;terrains;Terrains 600 m² - cocody riviera 3;350000000;600;583333;;Cocody;Riviera 3;;https://ci.coinafrique.com/annonce/terrains/terrains-600-m-cocody-riviera-3-5878785;2026-05-12T16:43:42+00:00
CI;Côte d'Ivoire;coinafrique;location;terrain;terrains;Terrain 2100m2 - Faya;3500000;2100;1667;;Cocody;Faya;;https://ci.coinafrique.com/annonce/terrains/terrain-2100m2-faya-5880287;2026-05-12T16:43:42+00:00
CI;Côte d'Ivoire;coinafrique;location;terrain;terrains;Terrains 2253m² - Cocody danga rue lepic;3000000000;2253;1331558;;Cocody;Danga;;https://ci.coinafrique.com/annonce/terrains/terrains-2253m-cocody-danga-rue-lepic-5895202;2026-05-12T16:43:42+00:00
CI;Côte d'Ivoire;coinafrique;location;terrain;terrains;Terrains 513 m2 - Cocody m’badon;270000000;513;526316;;Cocody;;;https://ci.coinafrique.com/annonce/terrains/terrains-513-m2-cocody-mbadon-5877036;2026-05-12T16:43:42+00:00
CI;Côte d'Ivoire;coinafrique;location;terrain;terrains;Terrains 425 m2 - Cocody riviera 4;300000000;425;705882;;Cocody;Riviera 4;;https://ci.coinafrique.com/annonce/terrains/terrains-425-m2-cocody-riviera-4-5877034;2026-05-12T16:43:42+00:00
CI;Côte d'Ivoire;coinafrique;location;terrain;terrains;Terrain - Bassam;46000000;;;;Bassam;;;https://ci.coinafrique.com/annonce/terrains/terrain-bassam-5885727;2026-05-12T16:43:42+00:00
CI;Côte d'Ivoire;coinafrique;location;terrain;terrains;Terrains 960 m² - cocody angré 8iemtranche en bordure la voie principale;500000000;960;520833;;Cocody;Angré;;https://ci.coinafrique.com/annonce/terrains/terrains-960-m-cocody-angre-8iemtranche-en-bordure-la-voie-principale-5869355;2026-05-12T16:43:42+00:00
CI;Côte d'Ivoire;coinafrique;location;terrain;terrains;Terrains 500m² - Cocody deux plateaux vallon;365000000;500;730000;;Cocody;Deux Plateaux;;https://ci.coinafrique.com/annonce/terrains/terrains-500m-cocody-deux-plateaux-vallon-5895188;2026-05-12T16:43:42+00:00
CI;Côte d'Ivoire;coinafrique;location;terrain;terrains;Terrains 1000 m2 - Cocody golf 4 beverlly hills;750000000;1000;750000;;Cocody;;;https://ci.coinafrique.com/annonce/terrains/terrains-1000-m2-cocody-golf-4-beverlly-hills-5889118;2026-05-12T16:43:42+00:00
CI;Côte d'Ivoire;coinafrique;location;terrain;terrains;Terrains 1000 m2 - Cocody golf 4 beverlly hills;750000000;1000;750000;;Cocody;;;https://ci.coinafrique.com/annonce/terrains/terrains-1000-m2-cocody-golf-4-beverlly-hills-5889117;2026-05-12T16:43:42+00:00
CI;Côte d'Ivoire;coinafrique;location;terrain;terrains;Terrain 513m² -Riviera 4 m'badon;270000000;513;526316;;Riviera;;;https://ci.coinafrique.com/annonce/terrains/terrain-513m-riviera-4-mbadon-5876995;2026-05-12T16:43:42+00:00
CI;Côte d'Ivoire;coinafrique;location;terrain;terrains;Terrain résidentiel 300 m² à cocody-angré chu , cité gestoci;120000000;300;400000;;Cocody;Angré;;https://ci.coinafrique.com/annonce/terrains/terrain-residentiel-300-m-a-cocody-angre-chu-cite-gestoci-5878724;2026-05-12T16:43:42+00:00
CI;Côte d'Ivoire;coinafrique;location;terrain;terrains;Terrain 971 m² - Gebochris, commune de cocody;550000000;971;566426;;Cocody;;;https://ci.coinafrique.com/annonce/terrains/terrain-971-m-gebochris-commune-de-cocody-5890709;2026-05-12T16:43:42+00:00
CI;Côte d'Ivoire;coinafrique;location;terrain;terrains;Terrain 1434m² - Cocody-riviera golf 4 beverly hills;1075500000;1434;750000;;Cocody;Riviera Golf;;https://ci.coinafrique.com/annonce/terrains/terrain-1434m-cocody-riviera-golf-4-beverly-hills-5876981;2026-05-12T16:43:42+00:00
CI;Côte d'Ivoire;coinafrique;location;terrain;terrains;Terrain 600m2-lion de la pharmacies st viateur;185000000;600;308333;;Cocody;;;https://ci.coinafrique.com/annonce/terrains/terrain-600m2-lion-de-la-pharmacies-st-viateur-5905545;2026-05-12T16:43:42+00:00
CI;Côte d'Ivoire;coinafrique;location;terrain;terrains;Terrain bail à Cocody Riviera golf 4 en bordure;30000000;;;;Cocody;Riviera Golf;;https://ci.coinafrique.com/annonce/terrains/terrain-bail-a-cocody-riviera-golf-4-en-bordure-5864422;2026-05-12T16:43:42+00:00
CI;Côte d'Ivoire;coinafrique;location;terrain;terrains;Terrains avec acd à Bingerville;45000000;;;;Bingerville;;;https://ci.coinafrique.com/annonce/terrains/terrains-avec-acd-a-bingerville-5893201;2026-05-12T16:43:42+00:00
CI;Côte d'Ivoire;coinafrique;location;terrain;terrains;Terrain 1000 m² en bordure d'ocean atlantique Mondoukou;40000000;1000;40000;;Cocody;;;https://ci.coinafrique.com/annonce/terrains/terrain-1000-m-en-bordure-docean-atlantique-mondoukou-5878770;2026-05-12T16:43:42+00:00
CI;Côte d'Ivoire;coinafrique;location;terrain;terrains;Terrain à Bingerville vers le boulevard;25000000;;;;Bingerville;;;https://ci.coinafrique.com/annonce/terrains/terrain-a-bingerville-vers-le-boulevard-5869279;2026-05-12T16:43:42+00:00
CI;Côte d'Ivoire;coinafrique;location;terrain;terrains;Terrain à l'angle 600 m² - Cocody Angré;120000000;600;200000;;Cocody;Angré;;https://ci.coinafrique.com/annonce/terrains/terrain-a-langle-600-m-cocody-angre-5878748;2026-05-12T16:43:42+00:00
CI;Côte d'Ivoire;coinafrique;location;terrain;terrains;Terrain 600m² - Cocody angré;65000000;600;108333;;Cocody;Angré;;https://ci.coinafrique.com/annonce/terrains/terrain-600m-cocody-angre-5861045;2026-05-12T16:43:42+00:00
CI;Côte d'Ivoire;coinafrique;achat;terrain;terrains;Vente villa à la Riviera 4 dans une cité un terrain de 422m²;230000000;422;545024;;Riviera;;;https://ci.coinafrique.com/annonce/terrains/vente-villa-a-la-riviera-4-dans-une-cite-un-terrain-de-422m-5865879;2026-05-12T16:43:42+00:00
CI;Côte d'Ivoire;coinafrique;location;terrain;terrains;Terrain 400m² à Guilg commune de Treichville;250000000;400;625000;;Cocody;;;https://ci.coinafrique.com/annonce/terrains/terrain-400m-a-guilg-commune-de-treichville-5869257;2026-05-12T16:43:42+00:00
CI;Côte d'Ivoire;coinafrique;location;terrain;terrains;Terrains 372 m2 - Angré;60000000;372;161290;;;;;https://ci.coinafrique.com/annonce/terrains/terrains-372-m2-angre-5905455;2026-05-12T16:43:42+00:00
CI;Côte d'Ivoire;coinafrique;location;terrain;terrains;Terrain clôturé à Bingerville non loin de la y4;80000000;;;;Cocody;;;https://ci.coinafrique.com/annonce/terrains/terrain-cloture-a-bingerville-non-loin-de-la-y4-5878648;2026-05-12T16:43:42+00:00
CI;Côte d'Ivoire;coinafrique;location;terrain;terrains;Terrain 500m2 - Angré nouveau chu;110000000;500;220000;;;;;https://ci.coinafrique.com/annonce/terrains/terrain-500m2-angre-nouveau-chu-5880145;2026-05-12T16:43:42+00:00
CI;Côte d'Ivoire;coinafrique;location;terrain;terrains;Terrain commercial 600 m² à cocody-angré chu;210000000;600;350000;;Cocody;Angré;;https://ci.coinafrique.com/annonce/terrains/terrain-commercial-600-m-a-cocody-angre-chu-5893169;2026-05-12T16:43:42+00:00
CI;Côte d'Ivoire;coinafrique;location;terrain;terrains;Terrain 300m² - Bingerville;35000000;300;116667;;Cocody;;;https://ci.coinafrique.com/annonce/terrains/terrain-300m-bingerville-5898632;2026-05-12T16:43:42+00:00
CI;Côte d'Ivoire;coinafrique;location;terrain;terrains;Terrain à l'angle 481 m2 + acd à bingerville-akandjé;55000000;481;114345;;Bingerville;;;https://ci.coinafrique.com/annonce/terrains/terrain-a-langle-481-m2-acd-a-bingerville-akandje-5893140;2026-05-12T16:43:42+00:00
CI;Côte d'Ivoire;coinafrique;location;terrain;terrains;Terrain 481 m2 - Bingerville-akandjé;55000000;481;114345;;Bingerville;;;https://ci.coinafrique.com/annonce/terrains/terrain-481-m2-bingerville-akandje-5885601;2026-05-12T16:43:42+00:00
CI;Côte d'Ivoire;coinafrique;location;terrain;terrains;Terrain au 2 Plateaux vallons un terrain de 2000m²;1000000000;2000;500000;;;;;https://ci.coinafrique.com/annonce/terrains/terrain-au-2-plateaux-vallons-un-terrain-de-2000m-5865845;2026-05-12T16:43:42+00:00
CI;Côte d'Ivoire;coinafrique;location;terrain;terrains;Terrain à Cocody Riviera golf;900000;;;;Cocody;Riviera Golf;;https://ci.coinafrique.com/annonce/terrains/terrain-a-cocody-riviera-golf-5876907;2026-05-12T16:43:42+00:00
CI;Côte d'Ivoire;coinafrique;location;terrain;terrains;Terrain 600m² - Angré Djorobite1;70000000;600;116667;;Cocody;Angré;;https://ci.coinafrique.com/annonce/terrains/terrain-600m-angre-djorobite1-5898602;2026-05-12T16:43:42+00:00
CI;Côte d'Ivoire;coinafrique;location;terrain;terrains;Terrain à Faya feh kessé bien situé et bitumé;60000000;;;;Cocody;Faya;;https://ci.coinafrique.com/annonce/terrains/terrain-a-faya-feh-kesse-bien-situe-et-bitume-5887517;2026-05-12T16:43:42+00:00
CI;Côte d'Ivoire;coinafrique;location;terrain;terrains;Terrain 300m² - Bingerville pharmacie Akandje;35000000;300;116667;;Bingerville;;;https://ci.coinafrique.com/annonce/terrains/terrain-300m-bingerville-pharmacie-akandje-5898592;2026-05-12T16:43:42+00:00
CI;Côte d'Ivoire;coinafrique;location;terrain;terrains;Terrain 377m² - Angré;75000000;377;198939;;Cocody;Angré;;https://ci.coinafrique.com/annonce/terrains/terrain-377m-angre-5898581;2026-05-12T16:43:42+00:00
CI;Côte d'Ivoire;coinafrique;location;terrain;terrains;Terrain 1515 m² à Blwmimo Cocody Riviera golf;900000;1515;594;;Cocody;Riviera Golf;;https://ci.coinafrique.com/annonce/terrains/terrain-1515-m-a-blwmimo-cocody-riviera-golf-5876895;2026-05-12T16:43:42+00:00
CI;Côte d'Ivoire;coinafrique;location;terrain;terrains;Terrain ACD 3241 m² Kkw Cocody Riviera faya;500000;3241;154;;Cocody;Riviera Faya;;https://ci.coinafrique.com/annonce/terrains/terrain-acd-3241-m-kkw-cocody-riviera-faya-5869204;2026-05-12T16:43:42+00:00
CI;Côte d'Ivoire;coinafrique;location;terrain;terrains;Terrains à Marcory zone 4-bietry;1200000;;;;Marcory;Zone 4;;https://ci.coinafrique.com/annonce/terrains/terrains-a-marcory-zone-4-bietry-5875050;2026-05-12T16:43:42+00:00
CI;Côte d'Ivoire;coinafrique;location;terrain;terrains;Terrain 3 ha - Songon carrefour jacqueville;25000;;;;Yopougon;;;https://ci.coinafrique.com/annonce/terrains/terrain-3-ha-songon-carrefour-jacqueville-5865788;2026-05-12T16:43:42+00:00
CI;Côte d'Ivoire;coinafrique;location;terrain;terrains;Terrain 2 lots - Bingerville;27000000;;;;Cocody;;;https://ci.coinafrique.com/annonce/terrains/terrain-2-lots-bingerville-5892096;2026-05-12T16:43:42+00:00
CI;Côte d'Ivoire;coinafrique;location;terrain;terrains;Terrain 481 m2 Riviera fékéssé akandjé 2;55000000;481;114345;;Cocody;;;https://ci.coinafrique.com/annonce/terrains/terrain-481-m2-riviera-fekesse-akandje-2-5873188;2026-05-12T16:43:42+00:00
CI;Côte d'Ivoire;coinafrique;location;terrain;terrains;Terrain 633m2 avec ACD à la riviera palmeraie;110000000;633;173776;;Cocody;Riviera Palmeraie;;https://ci.coinafrique.com/annonce/terrains/terrain-633m2-avec-acd-a-la-riviera-palmeraie-5887483;2026-05-12T16:43:42+00:00
CI;Côte d'Ivoire;coinafrique;location;terrain;terrains;Terrain 200 m2 Angré nouveau chu;35000000;200;175000;;Cocody;Angré;;https://ci.coinafrique.com/annonce/terrains/terrain-200-m2-angre-nouveau-chu-5873197;2026-05-12T16:43:42+00:00
CI;Côte d'Ivoire;coinafrique;location;terrain;terrains;Terrain 400 m² à Bingerville;35000000;400;87500;;Cocody;;;https://ci.coinafrique.com/annonce/terrains/terrain-400-m-a-bingerville-5860894;2026-05-12T16:43:42+00:00
CI;Côte d'Ivoire;coinafrique;location;terrain;terrains;Terrain 4ha à Bingerville M'batto Bouaké;45000;;;;Bingerville;;;https://ci.coinafrique.com/annonce/terrains/terrain-4ha-a-bingerville-mbatto-bouake-5871622;2026-05-12T16:43:42+00:00
CI;Côte d'Ivoire;coinafrique;location;terrain;terrains;Terrain 1000m² à Cocody-riviera 4 m'badon dans une cité;500000000;1000;500000;;Cocody;Riviera 4;;https://ci.coinafrique.com/annonce/terrains/terrain-1000m-a-cocody-riviera-4-mbadon-dans-une-cite-5887472;2026-05-12T16:43:42+00:00
CI;Côte d'Ivoire;coinafrique;location;terrain;terrains;terrain commercial cloturé 1200 m² Li Cocody Riviera Faya ( zone cité sir feu de la cité sir;115000000;1200;95833;;Cocody;Faya;;https://ci.coinafrique.com/annonce/terrains/terrain-commercial-cloture-1200-m-li-cocody-riviera-faya-zone-cite-sir-feu-de-la-cite-sir-5867537;2026-05-12T16:43:42+00:00
CI;Côte d'Ivoire;coinafrique;location;terrain;terrains;Terrain de 240 m² Cocody Angre chu Djorogobité 1;38000000;240;158333;;Cocody;Angre;;https://ci.coinafrique.com/annonce/terrains/terrain-de-240-m-cocody-angre-chu-djorogobite-1-5864241;2026-05-12T16:43:42+00:00
CI;Côte d'Ivoire;coinafrique;location;terrain;terrains;Terrains 300m² à Songon;6500000;300;21667;;Songon;;;https://ci.coinafrique.com/annonce/terrains/terrains-300m-a-songon-5881409;2026-05-12T16:43:42+00:00
CI;Côte d'Ivoire;coinafrique;location;terrain;terrains;Terrain 623m² Cocody - Riviera Palmeraie;140000000;623;224719;;Cocody;Riviera Palmeraie;;https://ci.coinafrique.com/annonce/terrains/terrain-623m-cocody-riviera-palmeraie-5901473;2026-05-12T16:43:42+00:00
CI;Côte d'Ivoire;coinafrique;location;terrain;terrains;Terrain 600 m² à Angré djorobité 1;130000000;600;216667;;;;;https://ci.coinafrique.com/annonce/terrains/terrain-600-m-a-angre-djorobite-1-5902826;2026-05-12T16:43:42+00:00
CI;Côte d'Ivoire;coinafrique;location;terrain;terrains;Terrain de 377m² à Cocody Angré Zone Chateau;55000000;377;145889;;Cocody;Angré;;https://ci.coinafrique.com/annonce/terrains/terrain-de-377m-a-cocody-angre-zone-chateau-5903764;2026-05-12T16:43:42+00:00
CI;Côte d'Ivoire;coinafrique;location;terrain;terrains;Terrains de 400m² zone Songon M'braté carrefour yacé;15000000;400;37500;;Cocody;;;https://ci.coinafrique.com/annonce/terrains/terrains-de-400m-zone-songon-mbrate-carrefour-yace-5899832;2026-05-12T16:43:42+00:00
CI;Côte d'Ivoire;coinafrique;location;terrain;terrains;Terrain à Riviera attoban;400000000;;;;Cocody;Attoban;;https://ci.coinafrique.com/annonce/terrains/terrain-a-riviera-attoban-5888914;2026-05-12T16:43:42+00:00
CI;Côte d'Ivoire;coinafrique;location;terrain;terrains;Terrain 600 m² à Cocody angre Nouveau Chu Djorobite1;130000000;600;216667;;Cocody;Angre;;https://ci.coinafrique.com/annonce/terrains/terrain-600-m-a-cocody-angre-nouveau-chu-djorobite1-5902819;2026-05-12T16:43:42+00:00
CI;Côte d'Ivoire;coinafrique;location;terrain;terrains;Terrain 481 M² à Bingerville;55000000;481;114345;;Cocody;;;https://ci.coinafrique.com/annonce/terrains/terrain-481-m-a-bingerville-5860856;2026-05-12T16:43:42+00:00
CI;Côte d'Ivoire;coinafrique;location;terrain;terrains;Terrains 10000 - Grand-bassam Mondoukou bordure de mer;60000;;;;Grand-Bassam;;;https://ci.coinafrique.com/annonce/terrains/terrains-10000-grand-bassam-mondoukou-bordure-de-mer-5901394;2026-05-12T16:43:42+00:00
CI;Côte d'Ivoire;coinafrique;location;terrain;terrains;Terrains 500m² - Bingerville;30000000;500;60000;;Bingerville;;;https://ci.coinafrique.com/annonce/terrains/terrains-500m-bingerville-5887276;2026-05-12T16:43:42+00:00
CI;Côte d'Ivoire;coinafrique;location;terrain;terrains;Terrains 1300m² - Jacqueville baie des milliardaires avec ACD eau et électricité;50000000;1300;38462;;;;;https://ci.coinafrique.com/annonce/terrains/terrains-1300m-jacqueville-baie-des-milliardaires-avec-acd-eau-et-electricite-5885218;2026-05-12T16:43:42+00:00
CI;Côte d'Ivoire;coinafrique;location;terrain;terrains;Terrains 459m² - Angré;275000000;459;599129;;;;;https://ci.coinafrique.com/annonce/terrains/terrains-459m-angre-5873732;2026-05-12T16:43:42+00:00
CI;Côte d'Ivoire;coinafrique;location;terrain;terrains;Terrain à Songon M’braté;15000000;;;;Cocody;;;https://ci.coinafrique.com/annonce/terrains/terrain-a-songon-mbrate-5887352;2026-05-12T16:43:42+00:00
CI;Côte d'Ivoire;coinafrique;location;terrain;terrains;Terrains 3000m² - Jacqueville bordure de voie;55000000;3000;18333;;;;;https://ci.coinafrique.com/annonce/terrains/terrains-3000m-jacqueville-bordure-de-voie-5901303;2026-05-12T16:43:42+00:00
CI;Côte d'Ivoire;coinafrique;location;terrain;terrains;Terrains 432m² - Angré;75000000;432;173611;;;;;https://ci.coinafrique.com/annonce/terrains/terrains-432m-angre-5873713;2026-05-12T16:43:42+00:00
CI;Côte d'Ivoire;coinafrique;location;terrain;terrains;Terrains 1000 m² - Assinie;35000000;1000;35000;;;;;https://ci.coinafrique.com/annonce/terrains/terrains-1000-m-assinie-5873690;2026-05-12T16:43:42+00:00
CI;Côte d'Ivoire;coinafrique;location;terrain;terrains;Terrains 5000 m² - jacqueville baie des milliardaires pied dans le lac bakre;25000;5000;5;;;;;https://ci.coinafrique.com/annonce/terrains/terrains-5000-m-jacqueville-baie-des-milliardaires-pied-dans-le-lac-bakre-5875451;2026-05-12T16:43:42+00:00
CI;Côte d'Ivoire;coinafrique;location;terrain;terrains;Terrains 2247m² - Angré 9e tranche (zone cnps);200000;2247;89;;;;;https://ci.coinafrique.com/annonce/terrains/terrains-2247m-angre-9e-tranche-zone-cnps-5901243;2026-05-12T16:43:42+00:00
CI;Côte d'Ivoire;coinafrique;location;terrain;terrains;Terrain 393m² à Cocody Faya Jules verne;65000000;393;165394;;Cocody;Faya;;https://ci.coinafrique.com/annonce/terrains/terrain-393m-a-cocody-faya-jules-verne-5896432;2026-05-12T16:43:42+00:00
CI;Côte d'Ivoire;coinafrique;location;terrain;terrains;Terrain 618m² à Cocody Riviera 3;420000000;618;679612;;Cocody;Riviera 3;;https://ci.coinafrique.com/annonce/terrains/terrain-618m-a-cocody-riviera-3-5860624;2026-05-12T16:43:42+00:00
CI;Côte d'Ivoire;coinafrique;location;terrain;terrains;Terrain 950m² à Cocody Angre 8em Tranche;500000000;950;526316;;Cocody;Angre;;https://ci.coinafrique.com/annonce/terrains/terrain-950m-a-cocody-angre-8em-tranche-5860572;2026-05-12T16:43:42+00:00
CI;Côte d'Ivoire;coinafrique;location;terrain;terrains;Terrain 1000m² ACD - route Abatta;250000000;1000;250000;;Cocody;;;https://ci.coinafrique.com/annonce/terrains/terrain-1000m-acd-route-abatta-5877901;2026-05-12T16:43:42+00:00
CI;Côte d'Ivoire;coinafrique;location;terrain;terrains;Terrain à Yopougon PK 24;35000;;;;Cocody;;;https://ci.coinafrique.com/annonce/terrains/terrain-a-yopougon-pk-24-5866779;2026-05-12T16:43:42+00:00
CI;Côte d'Ivoire;coinafrique;achat;terrain;terrains;Vente appartement 4 Riviera golf 1 les élias;190000000;;;;Cocody;Riviera Golf;;https://ci.coinafrique.com/annonce/terrains/vente-appartement-4-riviera-golf-1-les-elias-5877814;2026-05-12T16:43:42+00:00
CI;Côte d'Ivoire;coinafrique;location;terrain;terrains;Terrain 1300m² - Cocody;950000;1300;731;;Cocody;;;https://ci.coinafrique.com/annonce/terrains/terrain-1300m-cocody-5866747;2026-05-12T16:43:42+00:00
CI;Côte d'Ivoire;coinafrique;location;terrain;terrains;Terrains 41796m² - Autoroutes pk42 avec acd;30000;41796;1;;Yopougon;;;https://ci.coinafrique.com/annonce/terrains/terrains-41796m-autoroutes-pk42-avec-acd-5904576;2026-05-12T16:43:42+00:00
CI;Côte d'Ivoire;coinafrique;location;terrain;terrains;Terrains 3800m2 - Yopougon zone industrielle;171000000;3800;45000;;Yopougon;;;https://ci.coinafrique.com/annonce/terrains/terrains-3800m2-yopougon-zone-industrielle-5904516;2026-05-12T16:43:42+00:00
CI;Côte d'Ivoire;coinafrique;location;terrain;terrains;Terrain 800m² - Riviera golf 4;500000000;800;625000;;Cocody;Riviera Golf;;https://ci.coinafrique.com/annonce/terrains/terrain-800m-riviera-golf-4-5900787;2026-05-12T16:43:42+00:00
CI;Côte d'Ivoire;coinafrique;location;terrain;terrains;Terrain 1286m² - Grand-bassam;110000000;1286;85537;;Grand-Bassam;;;https://ci.coinafrique.com/annonce/terrains/terrain-1286m-grand-bassam-5900536;2026-05-12T16:43:42+00:00
CI;Côte d'Ivoire;coinafrique;location;terrain;terrains;Terrain 600m² à Cocody Faya;165000000;600;275000;;Cocody;Faya;;https://ci.coinafrique.com/annonce/terrains/terrain-600m-a-cocody-faya-5881943;2026-05-12T16:43:42+00:00
CI;Côte d'Ivoire;coinafrique;location;terrain;terrains;Terrain 4824 m² - Abidjan yopougon AZITO;650000000;4824;134743;;Cocody;;;https://ci.coinafrique.com/annonce/terrains/terrain-4824-m-abidjan-yopougon-azito-5873810;2026-05-12T16:43:42+00:00
CI;Côte d'Ivoire;coinafrique;location;terrain;terrains;Terrain 800m² à Abidjan Cocody vallon;600000000;800;750000;;Cocody;Vallon;;https://ci.coinafrique.com/annonce/terrains/terrain-800m-a-abidjan-cocody-vallon-5869828;2026-05-12T16:43:42+00:00
CI;Côte d'Ivoire;coinafrique;location;terrain;terrains;Terrain à Abidjan Cocody Riviéra golf ambassades;2800000;;;;Cocody;;;https://ci.coinafrique.com/annonce/terrains/terrain-a-abidjan-cocody-riviera-golf-ambassades-5880563;2026-05-12T16:43:42+00:00
CI;Côte d'Ivoire;coinafrique;location;terrain;terrains;Terrain 2000m² - Abidjan cocody golf;1000000;2000;500;;Cocody;;;https://ci.coinafrique.com/annonce/terrains/terrain-2000m-abidjan-cocody-golf-5873786;2026-05-12T16:43:42+00:00
CI;Côte d'Ivoire;coinafrique;location;terrain;terrains;Terrain 6044m² - Abidjan boulevard de marseille;1500000000;6044;248180;;Cocody;;;https://ci.coinafrique.com/annonce/terrains/terrain-6044m-abidjan-boulevard-de-marseille-5873780;2026-05-12T16:43:42+00:00
CI;Côte d'Ivoire;coinafrique;location;terrain;terrains;Terrain 1553m2 - Abidjan bingerville;250000000;1553;160979;;Cocody;;;https://ci.coinafrique.com/annonce/terrains/terrain-1553m2-abidjan-bingerville-5879096;2026-05-12T16:43:42+00:00
CI;Côte d'Ivoire;coinafrique;location;terrain;terrains;Terrains 15H - Bingerville;1250000000;;;;Bingerville;;;https://ci.coinafrique.com/annonce/terrains/terrains-15h-bingerville-5900466;2026-05-12T16:43:42+00:00
CI;Côte d'Ivoire;coinafrique;location;terrain;terrains;Terrains 960m² - Angré;500000000;960;520833;;;;;https://ci.coinafrique.com/annonce/terrains/terrains-960m-angre-5900458;2026-05-12T16:43:42+00:00
CI;Côte d'Ivoire;coinafrique;location;terrain;terrains;Terrains 20H - Cocody;25000;;;;Cocody;;;https://ci.coinafrique.com/annonce/terrains/terrains-20h-cocody-5900456;2026-05-12T16:43:42+00:00
CI;Côte d'Ivoire;coinafrique;location;terrain;terrains;Terrains 400m² - Jacqueville;5000000;400;12500;;;;;https://ci.coinafrique.com/annonce/terrains/terrains-400m-jacqueville-5900447;2026-05-12T16:43:42+00:00
CI;Côte d'Ivoire;coinafrique;location;terrain;terrains;Terrains 500m² - Yamoussoukro;20000;500;40;;;;;https://ci.coinafrique.com/annonce/terrains/terrains-500m-yamoussoukro-5900444;2026-05-12T16:43:42+00:00
CI;Côte d'Ivoire;coinafrique;location;terrain;terrains;Terrain 500m2 - Yamoussoukro;2000000;500;4000;;;;;https://ci.coinafrique.com/annonce/terrains/terrain-500m2-yamoussoukro-5900435;2026-05-12T16:43:42+00:00
CI;Côte d'Ivoire;coinafrique;achat;terrain;terrains;Terrain en vente;25000000;;;;Grand-Bassam;;;https://ci.coinafrique.com/annonce/terrains/terrain-en-vente-5904073;2026-05-12T16:43:42+00:00
CI;Côte d'Ivoire;coinafrique;achat;terrain;terrains;Terrain en vente;25000000;;;;Grand-Bassam;;;https://ci.coinafrique.com/annonce/terrains/terrain-en-vente-5904063;2026-05-12T16:43:42+00:00
CI;Côte d'Ivoire;coinafrique;location;terrain;terrains;Terrain - Angré Djorogobité 1;100000000;;;;Cocody;Angré;;https://ci.coinafrique.com/annonce/terrains/terrain-angre-djorogobite-1-5877290;2026-05-12T16:43:42+00:00
CI;Côte d'Ivoire;coinafrique;location;terrain;terrains;Terrain 600m² - Abidjan cocody zone 4;600000000;600;1000000;;Cocody;;;https://ci.coinafrique.com/annonce/terrains/terrain-600m-abidjan-cocody-zone-4-5861331;2026-05-12T16:43:42+00:00
CI;Côte d'Ivoire;coinafrique;achat;terrain;terrains;1000 en vente à la Riviera 2 sainte Famille;650000000;;;;Cocody;Riviera 2;;https://ci.coinafrique.com/annonce/terrains/1000-en-vente-a-la-riviera-2-sainte-famille-5904048;2026-05-12T16:43:42+00:00
CI;Côte d'Ivoire;coinafrique;location;terrain;terrains;Terrain - Bingerville derriere anader;120000000;;;;Cocody;;;https://ci.coinafrique.com/annonce/terrains/terrain-bingerville-derriere-anader-5900385;2026-05-12T16:43:42+00:00
CI;Côte d'Ivoire;coinafrique;location;terrain;terrains;Terrains 400 m²- Laforêt;6000000;400;15000;;;;;https://ci.coinafrique.com/annonce/terrains/terrains-400-m-laforet-5904043;2026-05-12T16:43:42+00:00
CI;Côte d'Ivoire;coinafrique;achat;terrain;terrains;400 M2 en vente à Faya Lauriers 15;55000000;400;137500;;Cocody;Faya;;https://ci.coinafrique.com/annonce/terrains/400-m2-en-vente-a-faya-lauriers-15-5904036;2026-05-12T16:43:42+00:00
CI;Côte d'Ivoire;coinafrique;location;terrain;terrains;Terrain 653m² -Yamousoukoro;6000000;653;9188;;;;;https://ci.coinafrique.com/annonce/terrains/terrain-653m-yamousoukoro-5873528;2026-05-12T16:43:42+00:00
CI;Côte d'Ivoire;coinafrique;location;terrain;terrains;Terrain - Abidjan;800000000;;;;Cocody;;;https://ci.coinafrique.com/annonce/terrains/terrain-abidjan-5861052;2026-05-12T16:43:42+00:00
CI;Côte d'Ivoire;coinafrique;location;terrain;terrains;Terrain à Abidjan Marcory zone 4;1300000;;;;Cocody;;;https://ci.coinafrique.com/annonce/terrains/terrain-a-abidjan-marcory-zone-4-5862562;2026-05-12T16:43:42+00:00
CI;Côte d'Ivoire;coinafrique;location;terrain;terrains;Terrain à Abidjan cocody en face universités FHB;1400;;;;Cocody;;;https://ci.coinafrique.com/annonce/terrains/terrain-a-abidjan-cocody-en-face-universites-fhb-5876914;2026-05-12T16:43:42+00:00
CI;Côte d'Ivoire;coinafrique;location;terrain;terrains;Terrain 1000m² à Riviera 4 M'badon;800000000;1000;800000;;Riviera;;;https://ci.coinafrique.com/annonce/terrains/terrain-1000m-a-riviera-4-mbadon-5859772;2026-05-12T16:43:42+00:00
CI;Côte d'Ivoire;coinafrique;location;terrain;terrains;Terrain 240 m² à Angré Nouveau Chu;37000000;240;154167;;;;;https://ci.coinafrique.com/annonce/terrains/terrain-240-m-a-angre-nouveau-chu-5859671;2026-05-12T16:43:42+00:00
CI;Côte d'Ivoire;coinafrique;location;terrain;terrains;Terrain 240 m² à Angré Nouveau Chu;37000000;240;154167;;;;;https://ci.coinafrique.com/annonce/terrains/terrain-240-m-a-angre-nouveau-chu-5859608;2026-05-12T16:43:42+00:00
CI;Côte d'Ivoire;coinafrique;location;terrain;terrains;Terrain 240m² à Angré Chu Djorogobité 1;35000000;240;145833;;;;;https://ci.coinafrique.com/annonce/terrains/terrain-240m-a-angre-chu-djorogobite-1-5859544;2026-05-12T16:43:42+00:00
CI;Côte d'Ivoire;coinafrique;location;terrain;terrains;Terrain 481m² à Bingerville Akandje;55000000;481;114345;;Cocody;;;https://ci.coinafrique.com/annonce/terrains/terrain-481m-a-bingerville-akandje-5859491;2026-05-12T16:43:42+00:00
CI;Côte d'Ivoire;coinafrique;location;terrain;terrains;Terrain 240 m² à Angre Chu Djorobité1;35000000;240;145833;;;;;https://ci.coinafrique.com/annonce/terrains/terrain-240-m-a-angre-chu-djorobite1-5859509;2026-05-12T16:43:42+00:00
CI;Côte d'Ivoire;coinafrique;location;terrain;terrains;Terrain 240 m² à Cocody Angre Chu Djorobité 1;38000000;240;158333;;Cocody;Angre;;https://ci.coinafrique.com/annonce/terrains/terrain-240-m-a-cocody-angre-chu-djorobite-1-5859411;2026-05-12T16:43:42+00:00
CI;Côte d'Ivoire;coinafrique;location;terrain;terrains;Terrain plat 393m2 Cocody Faya Jules verne;70000000;393;178117;;Cocody;Faya;;https://ci.coinafrique.com/annonce/terrains/terrain-plat-393m2-cocody-faya-jules-verne-5894532;2026-05-12T16:43:42+00:00
CI;Côte d'Ivoire;coinafrique;location;terrain;terrains;Terrain;45000000;;;;Yopougon;;;https://ci.coinafrique.com/annonce/terrains/terrain-5861086;2026-05-12T16:43:42+00:00
CI;Côte d'Ivoire;coinafrique;location;terrain;terrains;Terrain 481m² à Bingervilla;55000000;481;114345;;Cocody;;;https://ci.coinafrique.com/annonce/terrains/terrain-481m-a-bingervilla-5859186;2026-05-12T16:43:42+00:00
CI;Côte d'Ivoire;coinafrique;location;terrain;terrains;Terrain plat à l'angle à Angré 8ème tranche;245000000;;;;Cocody;Angré;;https://ci.coinafrique.com/annonce/terrains/terrain-plat-a-langle-a-angre-8eme-tranche-5894159;2026-05-12T16:43:42+00:00
CI;Côte d'Ivoire;coinafrique;location;terrain;terrains;Terrains 500 m² à Angré Kofakoi;40000000;500;80000;;;;;https://ci.coinafrique.com/annonce/terrains/terrains-500-m-a-angre-kofakoi-5903167;2026-05-12T16:43:42+00:00
CI;Côte d'Ivoire;coinafrique;location;terrain;terrains;Terrains 810 m² à Angré Kofakoi;45000000;810;55556;;;;;https://ci.coinafrique.com/annonce/terrains/terrains-810-m-a-angre-kofakoi-5903161;2026-05-12T16:43:42+00:00
CI;Côte d'Ivoire;coinafrique;location;terrain;terrains;Terrains 600m² à Bingerville akandje derrière la pharmacie akandje;40000000;600;66667;;Bingerville;;;https://ci.coinafrique.com/annonce/terrains/terrains-600m-a-bingerville-akandje-derriere-la-pharmacie-akandje-5903144;2026-05-12T16:43:42+00:00
CI;Côte d'Ivoire;coinafrique;location;terrain;terrains;Terrain 1515 m² à Cocody;1136250000;1515;750000;;Cocody;;;https://ci.coinafrique.com/annonce/terrains/terrain-1515-m-a-cocody-5903047;2026-05-12T16:43:42+00:00
CI;Côte d'Ivoire;coinafrique;location;terrain;terrains;Terrain 580m² -Angré 8e Tranche;185000000;580;318966;;Cocody;Angré;;https://ci.coinafrique.com/annonce/terrains/terrain-580m-angre-8e-tranche-5858274;2026-05-12T16:43:42+00:00
CI;Côte d'Ivoire;coinafrique;location;terrain;terrains;Terrain 409 m² - Mondoukou;15000000;409;36675;;Cocody;;;https://ci.coinafrique.com/annonce/terrains/terrain-409-m-mondoukou-5884080;2026-05-12T16:43:42+00:00
CI;Côte d'Ivoire;coinafrique;location;terrain;terrains;Terrains ACD à Bingerville-anan;45000000;;;;Bingerville;;;https://ci.coinafrique.com/annonce/terrains/terrains-acd-a-bingerville-anan-5857948;2026-05-12T16:43:42+00:00
CI;Côte d'Ivoire;coinafrique;location;terrain;terrains;Terrain 481 m2 + ACD à Bingerville;55000000;481;114345;;Bingerville;;;https://ci.coinafrique.com/annonce/terrains/terrain-481-m2-acd-a-bingerville-5857786;2026-05-12T16:43:42+00:00
CI;Côte d'Ivoire;coinafrique;location;terrain;terrains;Terrains 4 lots Collés à Bingerville;95000000;;;;Cocody;;;https://ci.coinafrique.com/annonce/terrains/terrains-4-lots-colles-a-bingerville-5860742;2026-05-12T16:43:42+00:00
CI;Côte d'Ivoire;coinafrique;location;terrain;terrains;Terrain 500 m2 Riviera Abatta;120000000;500;240000;;Marcory;;;https://ci.coinafrique.com/annonce/terrains/terrain-500-m2-riviera-abatta-5856634;2026-05-12T16:43:42+00:00
CI;Côte d'Ivoire;coinafrique;location;terrain;terrains;Terrain 600m² - Zone 4;600000000;600;1000000;;Marcory;Zone 4;;https://ci.coinafrique.com/annonce/terrains/terrain-600m-zone-4-5855324;2026-05-12T16:43:42+00:00
CI;Côte d'Ivoire;coinafrique;location;terrain;terrains;Terrain vers Feh Kessé cité Oribat 2;60000000;;;;Cocody;;;https://ci.coinafrique.com/annonce/terrains/terrain-vers-feh-kesse-cite-oribat-2-5856260;2026-05-12T16:43:42+00:00
CI;Côte d'Ivoire;coinafrique;location;terrain;terrains;Terrain à Bassam Modest;18000000;;;;Cocody;;;https://ci.coinafrique.com/annonce/terrains/terrain-a-bassam-modest-5857766;2026-05-12T16:43:42+00:00
CI;Côte d'Ivoire;coinafrique;location;terrain;terrains;Terrain à Songon Aéwayi;12000000;;;;Cocody;;;https://ci.coinafrique.com/annonce/terrains/terrain-a-songon-aewayi-5857629;2026-05-12T16:43:42+00:00
CI;Côte d'Ivoire;coinafrique;location;terrain;terrains;Parcelle 40 hectares + TF de l'autoroute de Bassam;20000;;;;Bassam;;;https://ci.coinafrique.com/annonce/terrains/parcelle-40-hectares-tf-de-lautoroute-de-bassam-5856182;2026-05-12T16:43:42+00:00
CI;Côte d'Ivoire;coinafrique;location;terrain;terrains;Terrains 570 m2 Cocody situé Angre Nouveau chut;120000000;570;210526;;Cocody;Angre;;https://ci.coinafrique.com/annonce/terrains/terrains-570-m2-cocody-situe-angre-nouveau-chut-5874646;2026-05-12T16:43:42+00:00
CI;Côte d'Ivoire;coinafrique;location;terrain;terrains;Terrains 600m² - Cocody nouveau chut djorobite 1;70000000;600;116667;;Cocody;;;https://ci.coinafrique.com/annonce/terrains/terrains-600m-cocody-nouveau-chut-djorobite-1-5898134;2026-05-12T16:43:42+00:00
CI;Côte d'Ivoire;coinafrique;location;terrain;terrains;Terrains 300 - Bingerville la pharmacie akandje;33000000;;;;Bingerville;;;https://ci.coinafrique.com/annonce/terrains/terrains-300-bingerville-la-pharmacie-akandje-5896342;2026-05-12T16:43:42+00:00
CI;Côte d'Ivoire;coinafrique;location;terrain;terrains;Terrain à Bingerville;60000000;;;;Cocody;;;https://ci.coinafrique.com/annonce/terrains/terrain-a-bingerville-5894455;2026-05-12T16:43:42+00:00
CI;Côte d'Ivoire;coinafrique;location;terrain;terrains;Terrains 540 m² à Bingervil;45000000;540;83333;;Cocody;;;https://ci.coinafrique.com/annonce/terrains/terrains-540-m-a-bingervil-5870280;2026-05-12T16:43:42+00:00
CI;Côte d'Ivoire;coinafrique;achat;terrain;terrains;Vente appartement 4 pièces Abata résidence bellerive;13000000;;;4;Cocody;;;https://ci.coinafrique.com/annonce/terrains/vente-appartement-4-pieces-abata-residence-bellerive-5856051;2026-05-12T16:43:42+00:00
CI;Côte d'Ivoire;coinafrique;location;terrain;terrains;Terrains - 40 hectares Toumodi en bordure;20000;;;;Cocody;;;https://ci.coinafrique.com/annonce/terrains/terrains-40-hectares-toumodi-en-bordure-5857670;2026-05-12T16:43:42+00:00
CI;Côte d'Ivoire;coinafrique;location;terrain;terrains;Terrains 240 m² à Cocody Nouveau Chut;35000000;240;145833;;Cocody;;;https://ci.coinafrique.com/annonce/terrains/terrains-240-m-a-cocody-nouveau-chut-5870272;2026-05-12T16:43:42+00:00
CI;Côte d'Ivoire;coinafrique;location;terrain;terrains;Terrains 540m² - Cocody;65000000;540;120370;;Cocody;;;https://ci.coinafrique.com/annonce/terrains/terrains-540m-cocody-5866965;2026-05-12T16:43:42+00:00
CI;Côte d'Ivoire;coinafrique;location;terrain;terrains;Terrain 1495m² - Voie Mitterrad;650000000;1495;434783;;Cocody;;;https://ci.coinafrique.com/annonce/terrains/terrain-1495m-voie-mitterrad-5900944;2026-05-12T16:43:42+00:00
CI;Côte d'Ivoire;coinafrique;location;terrain;terrains;Terrains 481 m² à Bingervil akandje 50 mettre du boulevard;45000000;481;93555;;Cocody;;;https://ci.coinafrique.com/annonce/terrains/terrains-481-m-a-bingervil-akandje-50-mettre-du-boulevard-5872628;2026-05-12T16:43:42+00:00
CI;Côte d'Ivoire;coinafrique;location;terrain;terrains;Terrains 500 m² - bingervil derrière l'hôpital mer enfant cité bad;50000000;500;100000;;Cocody;;;https://ci.coinafrique.com/annonce/terrains/terrains-500-m-bingervil-derriere-lhopital-mer-enfant-cite-bad-5865023;2026-05-12T16:43:42+00:00
CI;Côte d'Ivoire;coinafrique;location;terrain;terrains;Terrains 1700m² - Assinie km18 avec acd près de key 19;425000000;1700;250000;;;;;https://ci.coinafrique.com/annonce/terrains/terrains-1700m-assinie-km18-avec-acd-pres-de-key-19-5855545;2026-05-12T16:43:42+00:00
CI;Côte d'Ivoire;coinafrique;location;terrain;terrains;Terrain 2800m² -Angré château;700000000;2800;250000;;Cocody;Angré;;https://ci.coinafrique.com/annonce/terrains/terrain-2800m-angre-chateau-5855487;2026-05-12T16:43:42+00:00
CI;Côte d'Ivoire;coinafrique;location;terrain;terrains;Terrains 500m² - Cocody;115000000;500;230000;;Cocody;;;https://ci.coinafrique.com/annonce/terrains/terrains-500m-cocody-5880474;2026-05-12T16:43:42+00:00
CI;Côte d'Ivoire;coinafrique;location;terrain;terrains;Terrains 400 m² - cocody 10em tranche avec acd disponible;34000000;400;85000;;Cocody;;;https://ci.coinafrique.com/annonce/terrains/terrains-400-m-cocody-10em-tranche-avec-acd-disponible-5857027;2026-05-12T16:43:42+00:00
CI;Côte d'Ivoire;coinafrique;location;terrain;terrains;Terrain 540m² - Cocody-angré nouveau chu djorogobité 1;70000000;540;129630;;Cocody;Angré;;https://ci.coinafrique.com/annonce/terrains/terrain-540m-cocody-angre-nouveau-chu-djorogobite-1-5855253;2026-05-12T16:43:42+00:00
CI;Côte d'Ivoire;coinafrique;location;terrain;terrains;Terrain 540 m² -Angré nouveau chu djorogobité 1;70000000;540;129630;;;;;https://ci.coinafrique.com/annonce/terrains/terrain-540-m-angre-nouveau-chu-djorogobite-1-5855192;2026-05-12T16:43:42+00:00
CI;Côte d'Ivoire;coinafrique;location;terrain;terrains;Terrains 617m² - Cocody nouveau chut très bien placé;150000000;617;243112;;Cocody;;;https://ci.coinafrique.com/annonce/terrains/terrains-617m-cocody-nouveau-chut-tres-bien-place-5855039;2026-05-12T16:43:42+00:00
CI;Côte d'Ivoire;coinafrique;achat;terrain;terrains;Vente terrains 1000 - cocody 7ieme tranche;750000000;;;;Cocody;;;https://ci.coinafrique.com/annonce/terrains/vente-terrains-1000-cocody-7ieme-tranche-5856955;2026-05-12T16:43:42+00:00
CI;Côte d'Ivoire;coinafrique;location;terrain;terrains;Terrains 300m² - Cocody nouveau chut dans une cité;50000000;300;166667;;Cocody;;;https://ci.coinafrique.com/annonce/terrains/terrains-300m-cocody-nouveau-chut-dans-une-cite-5854961;2026-05-12T16:43:42+00:00
CI;Côte d'Ivoire;coinafrique;location;terrain;terrains;Terrains 617m2 - Cocody 8em tranche dans une cité possible de faire relus 2;270000000;617;437601;;Cocody;;;https://ci.coinafrique.com/annonce/terrains/terrains-617m2-cocody-8em-tranche-dans-une-cite-possible-de-faire-relus-2-5864309;2026-05-12T16:43:42+00:00
CI;Côte d'Ivoire;coinafrique;location;terrain;terrains;Terrains - Bingervil fekessé dans une cité;60000000;;;;Cocody;;;https://ci.coinafrique.com/annonce/terrains/terrains-bingervil-fekesse-dans-une-cite-5856546;2026-05-12T16:43:42+00:00
CI;Côte d'Ivoire;coinafrique;location;terrain;terrains;Terrains 900 m2 - Cocody 7ème tranche a l'angle;650000000;900;722222;;Cocody;;;https://ci.coinafrique.com/annonce/terrains/terrains-900-m2-cocody-7eme-tranche-a-langle-5856564;2026-05-12T16:43:42+00:00
CI;Côte d'Ivoire;coinafrique;location;terrain;terrains;Terrains 600m2 - Cocody nouveau chut en bordure de la grande voie;180000000;600;300000;;Cocody;;;https://ci.coinafrique.com/annonce/terrains/terrains-600m2-cocody-nouveau-chut-en-bordure-de-la-grande-voie-5864240;2026-05-12T16:43:42+00:00
CI;Côte d'Ivoire;coinafrique;location;terrain;terrains;Terrain 728 m² à Cocody 2plateaux;350000000;728;480769;;Cocody;;;https://ci.coinafrique.com/annonce/terrains/terrain-728-m-a-cocody-2plateaux-5853592;2026-05-12T16:43:42+00:00
CI;Côte d'Ivoire;coinafrique;location;terrain;terrains;Terrain 600 m² – angré château;200000000;600;333333;;Cocody;Angré;;https://ci.coinafrique.com/annonce/terrains/terrain-600-m-angre-chateau-5853590;2026-05-12T16:43:42+00:00
CI;Côte d'Ivoire;coinafrique;location;terrain;terrains;Terrain 600m² -Angré château;65000000;600;108333;;;;;https://ci.coinafrique.com/annonce/terrains/terrain-600m-angre-chateau-5853994;2026-05-12T16:43:42+00:00
CI;Côte d'Ivoire;coinafrique;location;terrain;terrains;Terrain 600 m² - marcory zone 4;820000;600;1367;;Marcory;Zone 4;;https://ci.coinafrique.com/annonce/terrains/terrain-600-m-marcory-zone-4-5853881;2026-05-12T16:43:42+00:00
CI;Côte d'Ivoire;coinafrique;location;terrain;terrains;Terrains 1500m2 - Yopougon;110000000;1500;73333;;Yopougon;;;https://ci.coinafrique.com/annonce/terrains/terrains-1500m2-yopougon-5866254;2026-05-12T16:43:42+00:00
CI;Côte d'Ivoire;coinafrique;location;terrain;terrains;Terrain 613 m² à Abrebi pont de Jacqueville;55000000;613;89723;;;;;https://ci.coinafrique.com/annonce/terrains/terrain-613-m-a-abrebi-pont-de-jacqueville-5853618;2026-05-12T16:43:42+00:00
CI;Côte d'Ivoire;coinafrique;location;terrain;terrains;Terrain 600 m² - Dantog commune de cocody, riviera faya ephrata;185000000;600;308333;;Cocody;Riviera Faya;;https://ci.coinafrique.com/annonce/terrains/terrain-600-m-dantog-commune-de-cocody-riviera-faya-ephrata-5853541;2026-05-12T16:43:42+00:00
CI;Côte d'Ivoire;coinafrique;location;terrain;terrains;Terrain 482 m² à Cocody Riviera Faya Ephrata;110000000;482;228216;;Cocody;Riviera Faya;;https://ci.coinafrique.com/annonce/terrains/terrain-482-m-a-cocody-riviera-faya-ephrata-5853379;2026-05-12T16:43:42+00:00
CI;Côte d'Ivoire;coinafrique;location;terrain;terrains;Terrain 600m² à Cocody Riviera Bonoumin;320000000;600;533333;;Cocody;Riviera Bonoumin;;https://ci.coinafrique.com/annonce/terrains/terrain-600m-a-cocody-riviera-bonoumin-5853333;2026-05-12T16:43:42+00:00
CI;Côte d'Ivoire;coinafrique;location;terrain;terrains;Terrains 8539m² - Assinie mafia km17;250000;8539;29;;;;;https://ci.coinafrique.com/annonce/terrains/terrains-8539m-assinie-mafia-km17-5852956;2026-05-12T16:43:42+00:00
CI;Côte d'Ivoire;coinafrique;location;terrain;terrains;Terrains 7007m² - Assinie mafia km 17;1751750000;7007;250000;;;;;https://ci.coinafrique.com/annonce/terrains/terrains-7007m-assinie-mafia-km-17-5852946;2026-05-12T16:43:42+00:00
CI;Côte d'Ivoire;coinafrique;location;terrain;terrains;Terrains - Dabou;1500000;;;;Yopougon;;;https://ci.coinafrique.com/annonce/terrains/terrains-dabou-5897267;2026-05-12T16:43:42+00:00
CI;Côte d'Ivoire;coinafrique;location;terrain;terrains;Terrain 600m² - Riviéra palmeraie;85000000;600;141667;;;;;https://ci.coinafrique.com/annonce/terrains/terrain-600m-riviera-palmeraie-5852231;2026-05-12T16:43:42+00:00
CI;Côte d'Ivoire;coinafrique;location;terrain;terrains;Terrain 600m2 -Cocody angré mahou;220000000;600;366667;;Cocody;Angré;;https://ci.coinafrique.com/annonce/terrains/terrain-600m2-cocody-angre-mahou-5850885;2026-05-12T16:43:42+00:00
CI;Côte d'Ivoire;coinafrique;location;terrain;terrains;Terrains 875 m² - grand-bassam;70000000;875;80000;;Grand-Bassam;;;https://ci.coinafrique.com/annonce/terrains/terrains-875-m-grand-bassam-5853561;2026-05-12T16:43:42+00:00
CI;Côte d'Ivoire;coinafrique;location;terrain;terrains;Terrain 560 m² à Daloa;3700000;560;6607;;;;;https://ci.coinafrique.com/annonce/terrains/terrain-560-m-a-daloa-5850330;2026-05-12T16:43:42+00:00
CI;Côte d'Ivoire;coinafrique;location;terrain;terrains;Terrain - Cocody;5000000;;;;Cocody;;;https://ci.coinafrique.com/annonce/terrains/terrain-cocody-5894422;2026-05-12T16:43:42+00:00
CI;Côte d'Ivoire;coinafrique;location;terrain;terrains;Terrain - Bassam;27000000;;;;Grand-Bassam;;;https://ci.coinafrique.com/annonce/terrains/terrain-bassam-5894366;2026-05-12T16:43:42+00:00
CI;Côte d'Ivoire;coinafrique;location;terrain;terrains;Terrain 400m² - Songon;27000000;400;67500;;Songon;;;https://ci.coinafrique.com/annonce/terrains/terrain-400m-songon-5894194;2026-05-12T16:43:42+00:00
CI;Côte d'Ivoire;coinafrique;location;terrain;terrains;Terrain 400 m² - Songon;27000000;400;67500;;Songon;;;https://ci.coinafrique.com/annonce/terrains/terrain-400-m-songon-5894163;2026-05-12T16:43:42+00:00
CI;Côte d'Ivoire;coinafrique;location;terrain;terrains;Ile paradisiaque de Motobé;5000000;;;;Grand-Bassam;;;https://ci.coinafrique.com/annonce/terrains/ile-paradisiaque-de-motobe-5894127;2026-05-12T16:43:42+00:00
CI;Côte d'Ivoire;coinafrique;location;terrain;terrains;Terrain - Bingerville anan;90000000;;;;Cocody;;;https://ci.coinafrique.com/annonce/terrains/terrain-bingerville-anan-5894121;2026-05-12T16:43:42+00:00
CI;Côte d'Ivoire;coinafrique;location;terrain;terrains;Terrain 617m² - Cocody rivera palmeraie saint viateur;90000000;617;145867;;Cocody;Palmeraie;;https://ci.coinafrique.com/annonce/terrains/terrain-617m-cocody-rivera-palmeraie-saint-viateur-5849866;2026-05-12T16:43:42+00:00
CI;Côte d'Ivoire;coinafrique;location;terrain;terrains;Terrain 3 lots collés - Angré 9e tranche derrière la CNPS très très accessible avec un Titre Foncier ( TF ).Prix 100 Millions/ lot a débattre;100000000;;;;Cocody;Angré;;https://ci.coinafrique.com/annonce/terrains/terrain-3-lots-colles-angre-9e-tranche-derriere-la-cnps-tres-tres-accessible-avec-un-titre-foncier-tf-prix-100-millions-lot-a-debattre-5849773;2026-05-12T16:43:42+00:00
CI;Côte d'Ivoire;coinafrique;location;terrain;terrains;Parcelle de 2740m² à fékessé -abidjan;650000000;2740;237226;;Bingerville;;;https://ci.coinafrique.com/annonce/terrains/parcelle-de-2740m-a-fekesse-abidjan-5893464;2026-05-12T16:43:42+00:00
CI;Côte d'Ivoire;coinafrique;location;terrain;terrains;Terrain 600 m2 + ACD à Cocody-angré château;65000000;600;108333;;Cocody;Angré;;https://ci.coinafrique.com/annonce/terrains/terrain-600-m2-acd-a-cocody-angre-chateau-5849390;2026-05-12T16:43:42+00:00
CI;Côte d'Ivoire;coinafrique;location;terrain;terrains;Terrain 580m² à Cocody-Angré;195000000;580;336207;;Cocody;Angré;;https://ci.coinafrique.com/annonce/terrains/terrain-580m-a-cocody-angre-5849213;2026-05-12T16:43:42+00:00
CI;Côte d'Ivoire;coinafrique;location;terrain;terrains;Terrain 875m² à Bassam;130000000;875;148571;;Cocody;;;https://ci.coinafrique.com/annonce/terrains/terrain-875m-a-bassam-5849151;2026-05-12T16:43:42+00:00
CI;Côte d'Ivoire;coinafrique;location;terrain;terrains;Terrains 20000m² - Cocody;21500;20000;1;;Cocody;;;https://ci.coinafrique.com/annonce/terrains/terrains-20000m-cocody-5892784;2026-05-12T16:43:42+00:00
CI;Côte d'Ivoire;coinafrique;location;terrain;terrains;Terrain 407 m² à cocody rivera faya zones jules verne;60000000;407;147420;;Cocody;Faya;;https://ci.coinafrique.com/annonce/terrains/terrain-407-m-a-cocody-rivera-faya-zones-jules-verne-5848551;2026-05-12T16:43:42+00:00
CI;Côte d'Ivoire;coinafrique;location;terrain;terrains;Terrain à bassam;22000000;;;;Cocody;;;https://ci.coinafrique.com/annonce/terrains/terrain-a-bassam-5892491;2026-05-12T16:43:42+00:00
CI;Côte d'Ivoire;coinafrique;location;terrain;terrains;Terrain 596 m² - Marcory zone 4;596000000;596;1000000;;Marcory;Zone 4;;https://ci.coinafrique.com/annonce/terrains/terrain-596-m-marcory-zone-4-5848340;2026-05-12T16:43:42+00:00
CI;Côte d'Ivoire;coinafrique;location;terrain;terrains;Terrain 2800m2 à Cocody-riviera 4 m'badon vue lagunaire;1400000000;2800;500000;;Cocody;Riviera 4;;https://ci.coinafrique.com/annonce/terrains/terrain-2800m2-a-cocody-riviera-4-mbadon-vue-lagunaire-5848103;2026-05-12T16:43:42+00:00
CI;Côte d'Ivoire;coinafrique;location;terrain;terrains;Terrain 84643m2 Abidjan autoroute du nord D'attingue zone industrielle;33000;84643;0;;;;;https://ci.coinafrique.com/annonce/terrains/terrain-84643m2-abidjan-autoroute-du-nord-dattingue-zone-industrielle-5848001;2026-05-12T16:43:42+00:00
CI;Côte d'Ivoire;coinafrique;location;terrain;terrains;Terrain 640m2 à Riviéra 4 M'badon;280000000;640;437500;;Cocody;;;https://ci.coinafrique.com/annonce/terrains/terrain-640m2-a-riviera-4-mbadon-5847970;2026-05-12T16:43:42+00:00
CI;Côte d'Ivoire;coinafrique;location;terrain;terrains;Terrain 500m ² - aux vallon;350000000;;;;Cocody;Vallon;;https://ci.coinafrique.com/annonce/terrains/terrain-500m-aux-vallon-5891932;2026-05-12T16:43:42+00:00
CI;Côte d'Ivoire;coinafrique;location;terrain;terrains;Terrains 50000m² - Jacqueville;1250000000;50000;25000;;;;;https://ci.coinafrique.com/annonce/terrains/terrains-50000m-jacqueville-5891852;2026-05-12T16:43:42+00:00
CI;Côte d'Ivoire;coinafrique;location;terrain;terrains;Terrain 620m² à Grand-bassam – zone lycée d’excellence;46000000;620;74194;;Grand-Bassam;;;https://ci.coinafrique.com/annonce/terrains/terrain-620m-a-grand-bassam-zone-lycee-dexcellence-5885224;2026-05-12T16:43:42+00:00
CI;Côte d'Ivoire;coinafrique;location;terrain;terrains;Terrains 4 lots de 600m² à Bingerville Ital;35000000;600;58333;;Cocody;;;https://ci.coinafrique.com/annonce/terrains/terrains-4-lots-de-600m-a-bingerville-ital-5856142;2026-05-12T16:43:42+00:00
CI;Côte d'Ivoire;coinafrique;location;terrain;terrains;Terrain 8000m² à Bingerville Sebia-yao;440000000;8000;55000;;Bingerville;;;https://ci.coinafrique.com/annonce/terrains/terrain-8000m-a-bingerville-sebia-yao-5866978;2026-05-12T16:43:42+00:00
CI;Côte d'Ivoire;coinafrique;location;terrain;terrains;Terrain 728 m² à Cocody 2 plateaux;350000000;728;480769;;Cocody;2 Plateaux;;https://ci.coinafrique.com/annonce/terrains/terrain-728-m-a-cocody-2-plateaux-5847462;2026-05-12T16:43:42+00:00
CI;Côte d'Ivoire;coinafrique;location;terrain;terrains;Terrain 400m² - Ebimpe village;10000000;400;25000;;Cocody;;;https://ci.coinafrique.com/annonce/terrains/terrain-400m-ebimpe-village-5891688;2026-05-12T16:43:42+00:00
CI;Côte d'Ivoire;coinafrique;location;terrain;terrains-agricoles;Terrains agricoles 80000m² - Adzopé;1800000;80000;22;;;;;https://ci.coinafrique.com/annonce/terrains-agricoles/terrains-agricoles-80000m-adzope-5890227;2026-05-12T16:43:42+00:00
CI;Côte d'Ivoire;coinafrique;location;terrain;terrains-agricoles;Terrain 2 lots 500 m² avec acd à Port bouet;45000000;500;90000;;Port-Bouet;;;https://ci.coinafrique.com/annonce/terrains-agricoles/terrain-2-lots-500-m-avec-acd-a-port-bouet-5838394;2026-05-12T16:43:42+00:00
CI;Côte d'Ivoire;coinafrique;location;terrain;terrains-agricoles;Location terrain cloturé 4054m² à Saint viateur;2000;4054;0;;Cocody;;;https://ci.coinafrique.com/annonce/terrains-agricoles/location-terrain-cloture-4054m-a-saint-viateur-5868662;2026-05-12T16:43:42+00:00
CI;Côte d'Ivoire;coinafrique;location;terrain;terrains-agricoles;Terrain agricole 50ha à Agboville;3000000;;;;Cocody;;;https://ci.coinafrique.com/annonce/terrains-agricoles/terrain-agricole-50ha-a-agboville-5828010;2026-05-12T16:43:42+00:00
CI;Côte d'Ivoire;coinafrique;location;terrain;terrains-agricoles;Terre agricole - Bénin;800000;;;;Abobo;;;https://ci.coinafrique.com/annonce/terrains-agricoles/terre-agricole-benin-5854171;2026-05-12T16:43:42+00:00
CI;Côte d'Ivoire;coinafrique;location;terrain;terrains-agricoles;Terrains agricoles 10000 m² - Adzopé;2500000;10000;250;;;;;https://ci.coinafrique.com/annonce/terrains-agricoles/terrains-agricoles-10000-m-adzope-5853142;2026-05-12T16:43:42+00:00
CI;Côte d'Ivoire;coinafrique;location;terrain;terrains-agricoles;Location terrains agricoles 6000 m² - Yopougon;5000000;6000;833;;Yopougon;;;https://ci.coinafrique.com/annonce/terrains-agricoles/location-terrains-agricoles-6000-m-yopougon-5846167;2026-05-12T16:43:42+00:00
CI;Côte d'Ivoire;coinafrique;location;terrain;terrains-agricoles;Terrain agricoles - Yamoussokro;500000;;;;Cocody;;;https://ci.coinafrique.com/annonce/terrains-agricoles/terrain-agricoles-yamoussokro-5802729;2026-05-12T16:43:42+00:00
CI;Côte d'Ivoire;coinafrique;location;terrain;terrains-agricoles;Terrains agricoles 10000 m² - Agboville;1300000;10000;130;;;;;https://ci.coinafrique.com/annonce/terrains-agricoles/terrains-agricoles-10000-m-agboville-5810705;2026-05-12T16:43:42+00:00
CI;Côte d'Ivoire;coinafrique;location;terrain;terrains-agricoles;Location terrains agricoles 450 m² - angré djorogobité 1;850000;450;1889;;;;;https://ci.coinafrique.com/annonce/terrains-agricoles/location-terrains-agricoles-450-m-angre-djorogobite-1-5808245;2026-05-12T16:43:42+00:00
CI;Côte d'Ivoire;coinafrique;location;terrain;terrains-agricoles;Terrain 1200m² - Cocody;1300000;1200;1083;;Cocody;;;https://ci.coinafrique.com/annonce/terrains-agricoles/terrain-1200m-cocody-5738469;2026-05-12T16:43:42+00:00
CI;Côte d'Ivoire;coinafrique;location;terrain;terrains-agricoles;Location terrain 2400m2 à Bingerville anan;800000;2400;333;;Bingerville;;;https://ci.coinafrique.com/annonce/terrains-agricoles/location-terrain-2400m2-a-bingerville-anan-5757219;2026-05-12T16:43:42+00:00
CI;Côte d'Ivoire;coinafrique;location;terrain;terrains-agricoles;Location terrain de 500 m² à angré gestoci;500000;500;1000;;Cocody;Angré;;https://ci.coinafrique.com/annonce/terrains-agricoles/location-terrain-de-500-m-a-angre-gestoci-5755113;2026-05-12T16:43:42+00:00
CI;Côte d'Ivoire;coinafrique;location;terrain;terrains-agricoles;Terrain agricole 50000 m² - Alépé;2500000;50000;50;;;;;https://ci.coinafrique.com/annonce/terrains-agricoles/terrain-agricole-50000-m-alepe-5771061;2026-05-12T16:43:42+00:00
CI;Côte d'Ivoire;coinafrique;location;terrain;terrains-agricoles;Terrain agricole - Cocody palmeraie st. Viateur;500000;;;;Cocody;Palmeraie;;https://ci.coinafrique.com/annonce/terrains-agricoles/terrain-agricole-cocody-palmeraie-st-viateur-5716218;2026-05-12T16:43:42+00:00
CI;Côte d'Ivoire;coinafrique;location;terrain;terrains-agricoles;Location terrains agricoles 20000 m² - grand-bassam;1500;20000;0;;Grand-Bassam;;;https://ci.coinafrique.com/annonce/terrains-agricoles/location-terrains-agricoles-20000-m-grand-bassam-5711157;2026-05-12T16:43:42+00:00
CI;Côte d'Ivoire;coinafrique;location;terrain;terrains-agricoles;Terrain agricole 700m² - Bouaké;7000000;700;10000;;;;;https://ci.coinafrique.com/annonce/terrains-agricoles/terrain-agricole-700m-bouake-5749247;2026-05-12T16:43:42+00:00
CI;Côte d'Ivoire;coinafrique;location;terrain;terrains-agricoles;Terrain 600m² Riviera triangle;500000;600;833;;Cocody;;;https://ci.coinafrique.com/annonce/terrains-agricoles/terrain-600m-riviera-triangle-5653581;2026-05-12T16:43:42+00:00
CI;Côte d'Ivoire;coinafrique;location;terrain;terrains-agricoles;Terrain agricole 500 m² - Yamoussoukro;4000000;500;8000;;;;;https://ci.coinafrique.com/annonce/terrains-agricoles/terrain-agricole-500-m-yamoussoukro-5657825;2026-05-12T16:43:42+00:00
CI;Côte d'Ivoire;coinafrique;location;terrain;terrains-agricoles;Terrain de 800 m² avec ACD - Zone Vases;430000000;800;537500;;Cocody;;;https://ci.coinafrique.com/annonce/terrains-agricoles/terrain-de-800-m-avec-acd-zone-vases-5612191;2026-05-12T16:43:42+00:00
CI;Côte d'Ivoire;coinafrique;location;terrain;terrains-agricoles;Terrain 1400m2-Cocody;1000000;1400;714;;Cocody;;;https://ci.coinafrique.com/annonce/terrains-agricoles/terrain-1400m2-cocody-5589524;2026-05-12T16:43:42+00:00
CI;Côte d'Ivoire;coinafrique;location;terrain;terrains-agricoles;Terrain 700m2-Angre;300000;700;429;;Cocody;Angre;;https://ci.coinafrique.com/annonce/terrains-agricoles/terrain-700m2-angre-5553754;2026-05-12T16:43:42+00:00
CI;Côte d'Ivoire;coinafrique;location;terrain;terrains-agricoles;Terrain agricole 600 m² - Bingerville;3000000;600;5000;;Cocody;;;https://ci.coinafrique.com/annonce/terrains-agricoles/terrain-agricole-600-m-bingerville-5592943;2026-05-12T16:43:42+00:00
CI;Côte d'Ivoire;coinafrique;location;terrain;terrains-agricoles;Location terrain 600m² à Angré Chu Djorobite 1;300000;600;500;;Cocody;Angré;;https://ci.coinafrique.com/annonce/terrains-agricoles/location-terrain-600m-a-angre-chu-djorobite-1-5533495;2026-05-12T16:43:42+00:00
CI;Côte d'Ivoire;coinafrique;location;terrain;terrains-agricoles;Terrains agricoles 800m² cloturé -7e tranche;1300000;800;1625;;Cocody;7e Tranche;;https://ci.coinafrique.com/annonce/terrains-agricoles/terrains-agricoles-800m-cloture-7e-tranche-5521293;2026-05-12T16:43:42+00:00
CI;Côte d'Ivoire;coinafrique;location;terrain;terrains-agricoles;Terrain agricole 30 ha - Cocody;5000000;;;;Cocody;;;https://ci.coinafrique.com/annonce/terrains-agricoles/terrain-agricole-30-ha-cocody-5568177;2026-05-12T16:43:42+00:00
CI;Côte d'Ivoire;coinafrique;location;terrain;terrains-agricoles;Terrain 12ha -Tabou;1120000000;;;;Cocody;;;https://ci.coinafrique.com/annonce/terrains-agricoles/terrain-12ha-tabou-5555278;2026-05-12T16:43:42+00:00
CI;Côte d'Ivoire;coinafrique;location;terrain;terrains-agricoles;Terrains agricoles 10H - Anyama;300000000;;;;Anyama;;;https://ci.coinafrique.com/annonce/terrains-agricoles/terrains-agricoles-10h-anyama-5549669;2026-05-12T16:43:42+00:00
CI;Côte d'Ivoire;coinafrique;location;terrain;terrains-agricoles;Terrain agricole 1000 m² - Abidjan;40000000;1000;40000;;Yopougon;;;https://ci.coinafrique.com/annonce/terrains-agricoles/terrain-agricole-1000-m-abidjan-5549325;2026-05-12T16:43:42+00:00
CI;Côte d'Ivoire;coinafrique;location;terrain;terrains-agricoles;Terrain 500m² - Attinguié;7500000;500;15000;;Abobo;;;https://ci.coinafrique.com/annonce/terrains-agricoles/terrain-500m-attinguie-5543127;2026-05-12T16:43:42+00:00
CI;Côte d'Ivoire;coinafrique;location;terrain;terrains-agricoles;Location terrains agricoles 499 m² - Angré;300000;499;601;;;;;https://ci.coinafrique.com/annonce/terrains-agricoles/location-terrains-agricoles-499-m-angre-5542531;2026-05-12T16:43:42+00:00
CI;Côte d'Ivoire;coinafrique;location;terrain;terrains-agricoles;Terrain agricole 21587 m² - Abidjan Songon;50000;21587;2;;Yopougon;;;https://ci.coinafrique.com/annonce/terrains-agricoles/terrain-agricole-21587-m-abidjan-songon-5534313;2026-05-12T16:43:42+00:00
CI;Côte d'Ivoire;coinafrique;achat;terrain;terrains-agricoles;Vente cite 5H - Azaguié;145000000;;;;Yopougon;;;https://ci.coinafrique.com/annonce/terrains-agricoles/vente-cite-5h-azaguie-5504378;2026-05-12T16:43:42+00:00
CI;Côte d'Ivoire;coinafrique;location;terrain;terrains-agricoles;Terrain 600 m² - Bingerville;60000000;600;100000;;Adjamé;;;https://ci.coinafrique.com/annonce/terrains-agricoles/terrain-600-m-bingerville-5473500;2026-05-12T16:43:42+00:00
CI;Côte d'Ivoire;coinafrique;location;terrain;terrains-agricoles;Terrain - Adiake kakoukro;8000;;;;Cocody;;;https://ci.coinafrique.com/annonce/terrains-agricoles/terrain-adiake-kakoukro-5486066;2026-05-12T16:43:42+00:00
CI;Côte d'Ivoire;coinafrique;location;terrain;terrains-agricoles;Terrain agricole 499 m² - Gonzague;60000000;499;120240;;Port-Bouet;;;https://ci.coinafrique.com/annonce/terrains-agricoles/terrain-agricole-499-m-gonzague-5484601;2026-05-12T16:43:42+00:00
CI;Côte d'Ivoire;coinafrique;location;terrain;terrains-agricoles;Parcelle clôturée 3096 m² ACD Commune d' Assinie Assinie mafia pk 19.5;150000000;3096;48450;;Cocody;;;https://ci.coinafrique.com/annonce/terrains-agricoles/parcelle-cloturee-3096-m-acd-commune-d-assinie-assinie-mafia-pk-195-5428330;2026-05-12T16:43:42+00:00
CI;Côte d'Ivoire;coinafrique;location;terrain;terrains-agricoles;Terrain 544m² à Bingerville non loin du palais de justice;35000000;544;64338;;Adjamé;;;https://ci.coinafrique.com/annonce/terrains-agricoles/terrain-544m-a-bingerville-non-loin-du-palais-de-justice-5422339;2026-05-12T16:43:42+00:00
CI;Côte d'Ivoire;coinafrique;location;terrain;terrains-agricoles;Terrain plat angle 700m² - Cocody Riviéra triangle non loin de la pharmacie Y4;230000000;700;328571;;Cocody;;;https://ci.coinafrique.com/annonce/terrains-agricoles/terrain-plat-angle-700m-cocody-riviera-triangle-non-loin-de-la-pharmacie-y4-5422332;2026-05-12T16:43:42+00:00
CI;Côte d'Ivoire;coinafrique;location;terrain;terrains-agricoles;Trois terrains avec ACD et vu lagunaire à Bingerville;12000000;;;;Bingerville;;;https://ci.coinafrique.com/annonce/terrains-agricoles/trois-terrains-avec-acd-et-vu-lagunaire-a-bingerville-5416392;2026-05-12T16:43:42+00:00
CI;Côte d'Ivoire;coinafrique;location;terrain;terrains-agricoles;terrain agricole 8 ha - Songon;25000;;;;Songon;;;https://ci.coinafrique.com/annonce/terrains-agricoles/terrain-agricole-8-ha-songon-5412061;2026-05-12T16:43:42+00:00
CI;Côte d'Ivoire;coinafrique;location;terrain;terrains-agricoles;Terrain 1000m² -Cocody Rivera Bonoumin non loin d'Abidjan mool;800000;1000;800;;Cocody;Bonoumin;;https://ci.coinafrique.com/annonce/terrains-agricoles/terrain-1000m-cocody-rivera-bonoumin-non-loin-dabidjan-mool-5409005;2026-05-12T16:43:42+00:00
CI;Côte d'Ivoire;coinafrique;location;terrain;terrains-agricoles;Terrain agricole - Riviera golf4;1680000000;;;;Riviera;;;https://ci.coinafrique.com/annonce/terrains-agricoles/terrain-agricole-riviera-golf4-5455420;2026-05-12T16:43:42+00:00
CI;Côte d'Ivoire;coinafrique;location;terrain;terrains-agricoles;Terrain agricole - Anyama;8000000;;;;Anyama;;;https://ci.coinafrique.com/annonce/terrains-agricoles/terrain-agricole-anyama-5439479;2026-05-12T16:43:42+00:00
CI;Côte d'Ivoire;coinafrique;location;terrain;terrains-agricoles;Terrain 1000m² -Riviera - Bonoumin;800000;1000;800;;Cocody;Bonoumin;;https://ci.coinafrique.com/annonce/terrains-agricoles/terrain-1000m-riviera-bonoumin-5399480;2026-05-12T16:43:42+00:00
CI;Côte d'Ivoire;coinafrique;location;terrain;terrains-agricoles;Terrain agricoles 1000m² -Riviera Bonoumin;800000;1000;800;;Cocody;Riviera Bonoumin;;https://ci.coinafrique.com/annonce/terrains-agricoles/terrain-agricoles-1000m-riviera-bonoumin-5399479;2026-05-12T16:43:42+00:00
CI;Côte d'Ivoire;coinafrique;location;terrain;terrains-agricoles;Terrain 1200m² -Riviera 2;2500000;1200;2083;;Cocody;Riviera 2;;https://ci.coinafrique.com/annonce/terrains-agricoles/terrain-1200m-riviera-2-5390681;2026-05-12T16:43:42+00:00
CI;Côte d'Ivoire;coinafrique;location;terrain;terrains-agricoles;Terrain agricole 20000m² - Akoupé;1900000;20000;95;;;;;https://ci.coinafrique.com/annonce/terrains-agricoles/terrain-agricole-20000m-akoupe-5406601;2026-05-12T16:43:42+00:00
CI;Côte d'Ivoire;coinafrique;location;terrain;terrains-agricoles;Terrain agricole 20000 m² - Anyama;100000;20000;5;;Anyama;;;https://ci.coinafrique.com/annonce/terrains-agricoles/terrain-agricole-20000-m-anyama-5406579;2026-05-12T16:43:42+00:00
CI;Côte d'Ivoire;coinafrique;location;terrain;terrains-agricoles;Location terrains agricoles 1500 - cocody bonoumin non loin de Abidjan mall;1000000;;;;Cocody;Bonoumin;;https://ci.coinafrique.com/annonce/terrains-agricoles/location-terrains-agricoles-1500-cocody-bonoumin-non-loin-de-abidjan-mall-5360524;2026-05-12T16:43:42+00:00
CI;Côte d'Ivoire;coinafrique;location;terrain;terrains-agricoles;Terrain agricole 600 m² - Port Bouet Gonzague;27000000;600;45000;;Port-Bouet;;;https://ci.coinafrique.com/annonce/terrains-agricoles/terrain-agricole-600-m-port-bouet-gonzague-5399400;2026-05-12T16:43:42+00:00
CI;Côte d'Ivoire;coinafrique;location;terrain;terrains-agricoles;Terrain agricole 1500 m² - Riviera Golf 1;700000;1500;467;;Cocody;Riviera Golf;;https://ci.coinafrique.com/annonce/terrains-agricoles/terrain-agricole-1500-m-riviera-golf-1-5389052;2026-05-12T16:43:42+00:00
CI;Côte d'Ivoire;coinafrique;location;terrain;terrains-agricoles;Terrains 1000m² à Cocody;1000000;1000;1000;;Cocody;;;https://ci.coinafrique.com/annonce/terrains-agricoles/terrains-1000m-a-cocody-5333939;2026-05-12T16:43:42+00:00
CI;Côte d'Ivoire;coinafrique;location;terrain;terrains-agricoles;Terrain commercial 3750m² - Marcory Bietry;7500000;3750;2000;;Marcory;;;https://ci.coinafrique.com/annonce/terrains-agricoles/terrain-commercial-3750m-marcory-bietry-5313451;2026-05-12T16:43:42+00:00
CI;Côte d'Ivoire;coinafrique;location;terrain;terrains-agricoles;Terrain agricoles - Abidjan;11000000;;;;Anyama;;;https://ci.coinafrique.com/annonce/terrains-agricoles/terrain-agricoles-abidjan-5359710;2026-05-12T16:43:42+00:00
CI;Côte d'Ivoire;coinafrique;location;terrain;terrains-agricoles;Terrains agricoles 3H - Anyama;13000000;;;;Anyama;;;https://ci.coinafrique.com/annonce/terrains-agricoles/terrains-agricoles-3h-anyama-5344456;2026-05-12T16:43:42+00:00
CI;Côte d'Ivoire;coinafrique;location;terrain;terrains-agricoles;Terrain 300m2 - Riviera Abatta.;100000;300;333;;Cocody;;;https://ci.coinafrique.com/annonce/terrains-agricoles/terrain-300m2-riviera-abatta-5338760;2026-05-12T16:43:42+00:00
CI;Côte d'Ivoire;coinafrique;location;terrain;terrains-agricoles;Location terrain agricole 1600m² -Riviera;1500000;1600;938;;Cocody;;;https://ci.coinafrique.com/annonce/terrains-agricoles/location-terrain-agricole-1600m-riviera-5292101;2026-05-12T16:43:42+00:00
CI;Côte d'Ivoire;coinafrique;location;terrain;terrains-agricoles;Terrain agricole 1 ha - Songon;30000000;;;;Yopougon;;;https://ci.coinafrique.com/annonce/terrains-agricoles/terrain-agricole-1-ha-songon-5322830;2026-05-12T16:43:42+00:00
CI;Côte d'Ivoire;coinafrique;location;terrain;terrains-agricoles;Terrain agricole 2 ha - Autoroute du Nord;12000000;;;;Yopougon;;;https://ci.coinafrique.com/annonce/terrains-agricoles/terrain-agricole-2-ha-autoroute-du-nord-5316388;2026-05-12T16:43:42+00:00
CI;Côte d'Ivoire;coinafrique;location;terrain;terrains-agricoles;Terrains agricoles 80000m² - Agboville;20000000;80000;250;;;;;https://ci.coinafrique.com/annonce/terrains-agricoles/terrains-agricoles-80000m-agboville-5291882;2026-05-12T16:43:42+00:00
CI;Côte d'Ivoire;coinafrique;location;terrain;terrains-agricoles;Location entrepôt à Gonzagueville;2700000;;;;Cocody;;;https://ci.coinafrique.com/annonce/terrains-agricoles/location-entrepot-a-gonzagueville-5268397;2026-05-12T16:43:42+00:00
CI;Côte d'Ivoire;coinafrique;location;terrain;terrains-agricoles;Location terrains agricoles 1 ha - Anyama;150000;;;;Anyama;;;https://ci.coinafrique.com/annonce/terrains-agricoles/location-terrains-agricoles-1-ha-anyama-5312998;2026-05-12T16:43:42+00:00
CI;Côte d'Ivoire;coinafrique;location;terrain;terrains-agricoles;Terrain agricole 20000m` - Anyama;150000;;;;Anyama;;;https://ci.coinafrique.com/annonce/terrains-agricoles/terrain-agricole-20000m-anyama-5308148;2026-05-12T16:43:42+00:00
CI;Côte d'Ivoire;coinafrique;location;terrain;terrains-agricoles;Terrain agricole 600m² -Chu;1000000;600;1667;;Cocody;;;https://ci.coinafrique.com/annonce/terrains-agricoles/terrain-agricole-600m-chu-5252214;2026-05-12T16:43:42+00:00
CI;Côte d'Ivoire;coinafrique;achat;terrain;terrains-agricoles;Vente terrains agricoles 84643m² - Attinguié;30000;84643;0;;Anyama;;;https://ci.coinafrique.com/annonce/terrains-agricoles/vente-terrains-agricoles-84643m-attinguie-5240770;2026-05-12T16:43:42+00:00
CI;Côte d'Ivoire;coinafrique;location;terrain;terrains-agricoles;Terrain clôturé à louer situé à Cocody angre nouveau chu djorobite 1 idéal pour restaurant ou d'autres activités;500000;;;;Cocody;Angre;;https://ci.coinafrique.com/annonce/terrains-agricoles/terrain-cloture-a-louer-situe-a-cocody-angre-nouveau-chu-djorobite-1-ideal-pour-restaurant-ou-dautres-activites-5237757;2026-05-12T16:43:42+00:00
CI;Côte d'Ivoire;coinafrique;achat;terrain;terrains-agricoles;Vente terrains agricoles 500m² - Assinie;10000000;500;20000;;;;;https://ci.coinafrique.com/annonce/terrains-agricoles/vente-terrains-agricoles-500m-assinie-5264042;2026-05-12T16:43:42+00:00
CI;Côte d'Ivoire;coinafrique;location;terrain;terrains-agricoles;Terrain à Cocody Angre nouveau chu en bordure de voie idéal pour toutes activités sauf église;1000000;;;;Cocody;Angre;;https://ci.coinafrique.com/annonce/terrains-agricoles/terrain-a-cocody-angre-nouveau-chu-en-bordure-de-voie-ideal-pour-toutes-activites-sauf-eglise-5222110;2026-05-12T16:43:42+00:00
CI;Côte d'Ivoire;coinafrique;location;terrain;terrains-agricoles;Terrain agricole 700m² clôturé -Cocody Riviera 4 M'badon;800000;700;1143;;Cocody;Riviera 4;;https://ci.coinafrique.com/annonce/terrains-agricoles/terrain-agricole-700m-cloture-cocody-riviera-4-mbadon-5206410;2026-05-12T16:43:42+00:00
CI;Côte d'Ivoire;coinafrique;location;terrain;terrains-agricoles;Terrain agricole 500 m² - Yaoundé;3000000;500;6000;;;;;https://ci.coinafrique.com/annonce/terrains-agricoles/terrain-agricole-500-m-yaounde-5206966;2026-05-12T16:43:42+00:00
CI;Côte d'Ivoire;coinafrique;location;terrain;terrains-agricoles;Terrain agricole 600 m² - Cité Sir;100000000;600;166667;;;;;https://ci.coinafrique.com/annonce/terrains-agricoles/terrain-agricole-600-m-cite-sir-5244312;2026-05-12T16:43:42+00:00
CI;Côte d'Ivoire;coinafrique;location;terrain;terrains-agricoles;Terrain 2000m² - Rodz Cocody Riviera Faya;1500000;2000;750;;Cocody;Riviera Faya;;https://ci.coinafrique.com/annonce/terrains-agricoles/terrain-2000m-rodz-cocody-riviera-faya-5182302;2026-05-12T16:43:42+00:00
CI;Côte d'Ivoire;coinafrique;location;terrain;terrains-agricoles;Terrain agricole - Cote d Ivoire;3000000;;;;Songon;;;https://ci.coinafrique.com/annonce/terrains-agricoles/terrain-agricole-cote-d-ivoire-5224600;2026-05-12T16:43:42+00:00
CI;Côte d'Ivoire;coinafrique;location;terrain;terrains-agricoles;Location terrain agricole 1000m² -Riviera;1500000;1000;1500;;Cocody;;;https://ci.coinafrique.com/annonce/terrains-agricoles/location-terrain-agricole-1000m-riviera-5184987;2026-05-12T16:43:42+00:00
CI;Côte d'Ivoire;coinafrique;location;terrain;terrains-agricoles;Location terrains agricoles 1500m² - Cocody Riviera Bonoumin;1000000;1500;667;;Cocody;Riviera Bonoumin;;https://ci.coinafrique.com/annonce/terrains-agricoles/location-terrains-agricoles-1500m-cocody-riviera-bonoumin-5185275;2026-05-12T16:43:42+00:00
CI;Côte d'Ivoire;coinafrique;location;terrain;terrains-agricoles;Location terrains agricoles 1500m² - Cocody Riviera Bonoumin;1000000;1500;667;;Cocody;Riviera Bonoumin;;https://ci.coinafrique.com/annonce/terrains-agricoles/location-terrains-agricoles-1500m-cocody-riviera-bonoumin-5168385;2026-05-12T16:43:42+00:00
CI;Côte d'Ivoire;coinafrique;location;terrain;terrains-agricoles;Terrain commercial 700m² -Mbadon;800000;700;1143;;Cocody;;;https://ci.coinafrique.com/annonce/terrains-agricoles/terrain-commercial-700m-mbadon-5161375;2026-05-12T16:43:42+00:00
CI;Côte d'Ivoire;coinafrique;achat;terrain;terrains-agricoles;Vente ferme -Route Allepe;25000000;;;;Cocody;;;https://ci.coinafrique.com/annonce/terrains-agricoles/vente-ferme-route-allepe-5161775;2026-05-12T16:43:42+00:00
CI;Côte d'Ivoire;coinafrique;location;terrain;terrains-agricoles;Terrain au 2 Plateau ENA;1300000000;;;;Cocody;;;https://ci.coinafrique.com/annonce/terrains-agricoles/terrain-au-2-plateau-ena-5160987;2026-05-12T16:43:42+00:00
CI;Côte d'Ivoire;coinafrique;location;terrain;terrains-agricoles;Terrain commercial 1000m² -Latille 2 Plateaux;1200000000;1000;1200000;;;;;https://ci.coinafrique.com/annonce/terrains-agricoles/terrain-commercial-1000m-latille-2-plateaux-5153172;2026-05-12T16:43:42+00:00
CI;Côte d'Ivoire;coinafrique;location;terrain;terrains-agricoles;Terrain -Cocody Riviera Abatta;600000;;;;Cocody;;;https://ci.coinafrique.com/annonce/terrains-agricoles/terrain-cocody-riviera-abatta-5135239;2026-05-12T16:43:42+00:00
CI;Côte d'Ivoire;coinafrique;location;terrain;terrains-agricoles;Terrain agricole 500 m² - Yamoussoukro;1000000;500;2000;;;;;https://ci.coinafrique.com/annonce/terrains-agricoles/terrain-agricole-500-m-yamoussoukro-5181971;2026-05-12T16:43:42+00:00
CI;Côte d'Ivoire;coinafrique;location;terrain;terrains-agricoles;Location terrain agricole 600m² -Angré;600000;600;1000;;Cocody;Angré;;https://ci.coinafrique.com/annonce/terrains-agricoles/location-terrain-agricole-600m-angre-5158090;2026-05-12T16:43:42+00:00
CI;Côte d'Ivoire;coinafrique;location;terrain;terrains-agricoles;Terrain 550m² ACD - Bingerville;35000000;550;63636;;Cocody;;;https://ci.coinafrique.com/annonce/terrains-agricoles/terrain-550m-acd-bingerville-5128352;2026-05-12T16:43:42+00:00
CI;Côte d'Ivoire;coinafrique;location;terrain;terrains-agricoles;Terrain 9100m² - Bingerville Akoué AGBAN 2, côté ANAN;80000;9100;9;;Cocody;;;https://ci.coinafrique.com/annonce/terrains-agricoles/terrain-9100m-bingerville-akoue-agban-2-cote-anan-5127091;2026-05-12T16:43:42+00:00
CI;Côte d'Ivoire;coinafrique;location;terrain;terrains-agricoles;Location espace plein avec tout le matériel à Cocody Angre nouveau chu;600000;;;;Cocody;Angre;;https://ci.coinafrique.com/annonce/terrains-agricoles/location-espace-plein-avec-tout-le-materiel-a-cocody-angre-nouveau-chu-5127253;2026-05-12T16:43:42+00:00
CI;Côte d'Ivoire;coinafrique;location;terrain;terrains-agricoles;Terrain agricoles - Yopougon;130000000;;;;Yopougon;;;https://ci.coinafrique.com/annonce/terrains-agricoles/terrain-agricoles-yopougon-5173557;2026-05-12T16:43:42+00:00
CI;Côte d'Ivoire;coinafrique;location;terrain;terrains-agricoles;Terrain agricoles 5000m2 - Yopougon;800000000;5000;160000;;Yopougon;;;https://ci.coinafrique.com/annonce/terrains-agricoles/terrain-agricoles-5000m2-yopougon-5173549;2026-05-12T16:43:42+00:00
CI;Côte d'Ivoire;coinafrique;location;terrain;terrains-agricoles;Terrain 5000m² - Y4 Angre Chu;3500000;5000;700;;;;;https://ci.coinafrique.com/annonce/terrains-agricoles/terrain-5000m-y4-angre-chu-5128754;2026-05-12T16:43:42+00:00
CI;Côte d'Ivoire;coinafrique;location;terrain;terrains-agricoles;Terrain agricole - PK90;25000;;;;Cocody;;;https://ci.coinafrique.com/annonce/terrains-agricoles/terrain-agricole-pk90-5170982;2026-05-12T16:43:42+00:00
CI;Côte d'Ivoire;coinafrique;location;terrain;terrains-agricoles;Du nouveau a Yamoussokro Lolobo lotissement menou plateau;2000000;;;;Plateau;;;https://ci.coinafrique.com/annonce/terrains-agricoles/du-nouveau-a-yamoussokro-lolobo-lotissement-menou-plateau-5151282;2026-05-12T16:43:42+00:00
CI;Côte d'Ivoire;coinafrique;location;terrain;terrains-agricoles;Terrain 600m² - Tehevr ,Commune de cocody, ( route cité sir- Angré chu;500000;600;833;;Cocody;Angré;;https://ci.coinafrique.com/annonce/terrains-agricoles/terrain-600m-tehevr-commune-de-cocody-route-cite-sir-angre-chu-5099138;2026-05-12T16:43:42+00:00
CI;Côte d'Ivoire;coinafrique;location;terrain;terrains-agricoles;Terrain 1 ha - Yopougon;60000;;;;Yopougon;;;https://ci.coinafrique.com/annonce/terrains-agricoles/terrain-1-ha-yopougon-5093292;2026-05-12T16:43:42+00:00
CI;Côte d'Ivoire;coinafrique;location;terrain;terrains-agricoles;Terrain commercial - Attaplomb Cocody Riviera Palmeraie axe saint viateur- chu Angré;800000;;;;Cocody;Riviera Palmeraie;;https://ci.coinafrique.com/annonce/terrains-agricoles/terrain-commercial-attaplomb-cocody-riviera-palmeraie-axe-saint-viateur-chu-angre-5073369;2026-05-12T16:43:42+00:00
CI;Côte d'Ivoire;coinafrique;location;terrain;terrains-agricoles;Urbain, commune de cocody, Angré château, 40 em arrondissement Très vastes parcelle de 5000 m² à l'angle de 3 voies est mis en location pour toutes types d'activités. Loyer : 2 700 000×5 (2-2-1);2700000;5000;540;;Cocody;Angré;;https://ci.coinafrique.com/annonce/terrains-agricoles/urbain-commune-de-cocody-angre-chateau-40-em-arrondissement-tres-vastes-parcelle-de-5000-m-a-langle-de-3-voies-est-mis-en-location-pour-toutes-types-dactivites-loyer-2-700-0005-2-2-1-5063911;2026-05-12T16:43:42+00:00
CI;Côte d'Ivoire;coinafrique;location;terrain;terrains-agricoles;Terrain agricole 17ha à Bouaflé;850000;;;;Cocody;;;https://ci.coinafrique.com/annonce/terrains-agricoles/terrain-agricole-17ha-a-bouafle-5062283;2026-05-12T16:43:42+00:00
CI;Côte d'Ivoire;coinafrique;location;terrain;terrains-agricoles;Entrepôt à louer situé à Abidjan Treichville non loin de sococer;3000000;;;;Cocody;;;https://ci.coinafrique.com/annonce/terrains-agricoles/entrepot-a-louer-situe-a-abidjan-treichville-non-loin-de-sococer-5018302;2026-05-12T16:43:42+00:00
CI;Côte d'Ivoire;coinafrique;location;terrain;terrains-agricoles;Terrain 400m² - Ci Treichville;25000000;400;62500;;Cocody;;;https://ci.coinafrique.com/annonce/terrains-agricoles/terrain-400m-ci-treichville-5013196;2026-05-12T16:43:42+00:00
CI;Côte d'Ivoire;coinafrique;location;terrain;terrains-agricoles;Terrain 600m² - Cocody Riviera Faya;600000;600;1000;;Cocody;Riviera Faya;;https://ci.coinafrique.com/annonce/terrains-agricoles/terrain-600m-cocody-riviera-faya-4999302;2026-05-12T16:43:42+00:00
CI;Côte d'Ivoire;coinafrique;location;terrain;terrains-agricoles;Terrain avec ferme dessus à Montezo route d'Alepe;14000000;;;;Cocody;;;https://ci.coinafrique.com/annonce/terrains-agricoles/terrain-avec-ferme-dessus-a-montezo-route-dalepe-4986902;2026-05-12T16:43:42+00:00
CI;Côte d'Ivoire;coinafrique;location;terrain;terrains-agricoles;Terrain agricole 5 ha - Anyama;15000000;;;;Anyama;;;https://ci.coinafrique.com/annonce/terrains-agricoles/terrain-agricole-5-ha-anyama-5034030;2026-05-12T16:43:42+00:00
CI;Côte d'Ivoire;coinafrique;location;terrain;terrains-agricoles;Terrain agricole 425 m² - Jacqueville;75000000;425;176471;;;;;https://ci.coinafrique.com/annonce/terrains-agricoles/terrain-agricole-425-m-jacqueville-5015025;2026-05-12T16:43:42+00:00
CI;Côte d'Ivoire;coinafrique;location;terrain;terrains-agricoles;Terrain agricole à Anyama;3500000;;;;Anyama;;;https://ci.coinafrique.com/annonce/terrains-agricoles/terrain-agricole-a-anyama-5014241;2026-05-12T16:43:42+00:00
CI;Côte d'Ivoire;coinafrique;location;terrain;terrains-agricoles;Location terrain - Cocody;2500000;;;;Cocody;;;https://ci.coinafrique.com/annonce/terrains-agricoles/location-terrain-cocody-5014068;2026-05-12T16:43:42+00:00
CI;Côte d'Ivoire;coinafrique;location;terrain;terrains-agricoles;Terrain agricole 1000m² -Cocody Riviera Bonoumin;800000;1000;800;;Cocody;Riviera Bonoumin;;https://ci.coinafrique.com/annonce/terrains-agricoles/terrain-agricole-1000m-cocody-riviera-bonoumin-4956793;2026-05-12T16:43:42+00:00
CI;Côte d'Ivoire;coinafrique;location;terrain;terrains-agricoles;Location terrain à la Riviera Bonoumin;800000;;;;Cocody;Riviera Bonoumin;;https://ci.coinafrique.com/annonce/terrains-agricoles/location-terrain-a-la-riviera-bonoumin-4955925;2026-05-12T16:43:42+00:00
CI;Côte d'Ivoire;coinafrique;location;terrain;terrains-agricoles;Location terrain à la riviera bonoumiTerrain 1000 m² à la Riviera Bonoumin non loin d' abidjan mall;800000;1000;800;;Cocody;Riviera Bonoumin;;https://ci.coinafrique.com/annonce/terrains-agricoles/location-terrain-a-la-riviera-bonoumiterrain-1000-m-a-la-riviera-bonoumin-non-loin-d-abidjan-mall-4955882;2026-05-12T16:43:42+00:00
CI;Côte d'Ivoire;coinafrique;location;terrain;terrains-agricoles;Terrain 1000m² à la Riviera Bonoumin en bordure du goudron;800000;1000;800;;Cocody;Riviera Bonoumin;;https://ci.coinafrique.com/annonce/terrains-agricoles/terrain-1000m-a-la-riviera-bonoumin-en-bordure-du-goudron-4957033;2026-05-12T16:43:42+00:00
CI;Côte d'Ivoire;coinafrique;location;terrain;terrains-agricoles;Location terrain à Cocody Angré Nouveau Chu;1500000;;;;Cocody;Angré;;https://ci.coinafrique.com/annonce/terrains-agricoles/location-terrain-a-cocody-angre-nouveau-chu-4955424;2026-05-12T16:43:42+00:00
CI;Côte d'Ivoire;coinafrique;location;terrain;terrains-agricoles;Terrain à la Riviera Faya derrière Playce;400000;;;;Cocody;Riviera Faya;;https://ci.coinafrique.com/annonce/terrains-agricoles/terrain-a-la-riviera-faya-derriere-playce-4951968;2026-05-12T16:43:42+00:00
CI;Côte d'Ivoire;coinafrique;location;terrain;terrains-agricoles;Terrain Marcantouy Cocody;500000;;;;Cocody;;;https://ci.coinafrique.com/annonce/terrains-agricoles/terrain-marcantouy-cocody-4950233;2026-05-12T16:43:42+00:00
CI;Côte d'Ivoire;coinafrique;location;terrain;terrains-agricoles;Terrain agricole 400m² - Port-Bouet;25000000;400;62500;;Port-Bouet;;;https://ci.coinafrique.com/annonce/terrains-agricoles/terrain-agricole-400m-port-bouet-4944549;2026-05-12T16:43:42+00:00
CI;Côte d'Ivoire;coinafrique;location;terrain;terrains-agricoles;Terrain agricole - Bingerville;2000000;;;;Abobo;;;https://ci.coinafrique.com/annonce/terrains-agricoles/terrain-agricole-bingerville-4987048;2026-05-12T16:43:42+00:00
CI;Côte d'Ivoire;coinafrique;location;terrain;terrains-agricoles;Terrain agricole 5 lots - Bingerville;6000000;;;;Bingerville;;;https://ci.coinafrique.com/annonce/terrains-agricoles/terrain-agricole-5-lots-bingerville-4978778;2026-05-12T16:43:42+00:00
CI;Côte d'Ivoire;coinafrique;location;terrain;terrains-agricoles;Terrain à Cocody Riviera fekesse;1500000;;;;Cocody;;;https://ci.coinafrique.com/annonce/terrains-agricoles/terrain-a-cocody-riviera-fekesse-4931166;2026-05-12T16:43:42+00:00
CI;Côte d'Ivoire;coinafrique;location;terrain;terrains-agricoles;Terrain agricole à l'angle et clôturé - Cocody;1500000;;;;Cocody;;;https://ci.coinafrique.com/annonce/terrains-agricoles/terrain-agricole-a-langle-et-cloture-cocody-4930564;2026-05-12T16:43:42+00:00
CI;Côte d'Ivoire;coinafrique;achat;terrain;terrains-agricoles;Vente et location de terres agricoles;500000;;;;Abobo;;;https://ci.coinafrique.com/annonce/terrains-agricoles/vente-et-location-de-terres-agricoles-4974336;2026-05-12T16:43:42+00:00
CI;Côte d'Ivoire;coinafrique;location;terrain;terrains-agricoles;Terrain agricole - Cocody Riviera;90000000;;;;Cocody;;;https://ci.coinafrique.com/annonce/terrains-agricoles/terrain-agricole-cocody-riviera-4919097;2026-05-12T16:43:42+00:00
CI;Côte d'Ivoire;coinafrique;location;terrain;terrains-agricoles;Location terrain dans la zone de Faya;500000;;;;Cocody;Faya;;https://ci.coinafrique.com/annonce/terrains-agricoles/location-terrain-dans-la-zone-de-faya-4931381;2026-05-12T16:43:42+00:00
CI;Côte d'Ivoire;coinafrique;location;terrain;terrains-agricoles;Terrain agricole - Abobo;500000;;;;Abobo;;;https://ci.coinafrique.com/annonce/terrains-agricoles/terrain-agricole-abobo-4962274;2026-05-12T16:43:42+00:00
CI;Côte d'Ivoire;coinafrique;location;terrain;terrains-agricoles;Location grand espace plein air à Cocody Riviera Faya zone cité sir;700000;;;;Cocody;Riviera Faya;;https://ci.coinafrique.com/annonce/terrains-agricoles/location-grand-espace-plein-air-a-cocody-riviera-faya-zone-cite-sir-4949663;2026-05-12T16:43:42+00:00
CI;Côte d'Ivoire;coinafrique;location;terrain;terrains-agricoles;Terrain 500m² - Cocody Riviera Faya;500000;500;1000;;Cocody;Riviera Faya;;https://ci.coinafrique.com/annonce/terrains-agricoles/terrain-500m-cocody-riviera-faya-4929762;2026-05-12T16:43:42+00:00
CI;Côte d'Ivoire;coinafrique;location;terrain;terrains-agricoles;Terrain 1400m² à Cocody Angré nouveau CHU djorobité;55000000;1400;39286;;Cocody;Angré;;https://ci.coinafrique.com/annonce/terrains-agricoles/terrain-1400m-a-cocody-angre-nouveau-chu-djorobite-4940982;2026-05-12T16:43:42+00:00
CI;Côte d'Ivoire;coinafrique;achat;terrain;terrains-agricoles;Vente terrains agricoles 214ha - Abobo;5000000;;;;Abobo;;;https://ci.coinafrique.com/annonce/terrains-agricoles/vente-terrains-agricoles-214ha-abobo-4901860;2026-05-12T16:43:42+00:00
CI;Côte d'Ivoire;coinafrique;achat;terrain;terrains-agricoles;Vente terrains agricoles 500m² - Sikensi;6000000;500;12000;;;;;https://ci.coinafrique.com/annonce/terrains-agricoles/vente-terrains-agricoles-500m-sikensi-4901852;2026-05-12T16:43:42+00:00
CI;Côte d'Ivoire;coinafrique;location;terrain;terrains-agricoles;Terrain agricole 1200 m² - Abatta;500000;1200;417;;Cocody;;;https://ci.coinafrique.com/annonce/terrains-agricoles/terrain-agricole-1200-m-abatta-4904051;2026-05-12T16:43:42+00:00
CI;Côte d'Ivoire;coinafrique;location;terrain;terrains-agricoles;Terrain 640m² - Cocody Angre chu;500000;640;781;;Cocody;Angre;;https://ci.coinafrique.com/annonce/terrains-agricoles/terrain-640m-cocody-angre-chu-4894036;2026-05-12T16:43:42+00:00
CI;Côte d'Ivoire;coinafrique;location;terrain;terrains-agricoles;Parcelles 500m² à Agboville;1000000;500;2000;;;;;https://ci.coinafrique.com/annonce/terrains-agricoles/parcelles-500m-a-agboville-4894207;2026-05-12T16:43:42+00:00
CI;Côte d'Ivoire;coinafrique;location;terrain;terrains-agricoles;Terrain à Anyama acoupé;3000000;;;;Anyama;;;https://ci.coinafrique.com/annonce/terrains-agricoles/terrain-a-anyama-acoupe-4930076;2026-05-12T16:43:42+00:00
CI;Côte d'Ivoire;coinafrique;location;terrain;terrains-agricoles;Location terrain agricole 2ha - Anyama;200000;;;;Anyama;;;https://ci.coinafrique.com/annonce/terrains-agricoles/location-terrain-agricole-2ha-anyama-4925276;2026-05-12T16:43:42+00:00
CI;Côte d'Ivoire;coinafrique;location;terrain;terrains-agricoles;Terrain agricole 20ha - Cocody;35000;;;;Cocody;;;https://ci.coinafrique.com/annonce/terrains-agricoles/terrain-agricole-20ha-cocody-4924975;2026-05-12T16:43:42+00:00
CI;Côte d'Ivoire;coinafrique;location;terrain;terrains-agricoles;Terrain agricole 500 m² - Jacqueville;5000000;500;10000;;;;;https://ci.coinafrique.com/annonce/terrains-agricoles/terrain-agricole-500-m-jacqueville-4922986;2026-05-12T16:43:42+00:00
CI;Côte d'Ivoire;coinafrique;location;terrain;terrains-agricoles;Terrain agricole 150 m² - Alepe;3000000;150;20000;;Cocody;;;https://ci.coinafrique.com/annonce/terrains-agricoles/terrain-agricole-150-m-alepe-4918453;2026-05-12T16:43:42+00:00
CI;Côte d'Ivoire;coinafrique;location;terrain;terrains-agricoles;Terrain agricole 1000m² - Yopougon Sogon;180000000;1000;180000;;Cocody;;;https://ci.coinafrique.com/annonce/terrains-agricoles/terrain-agricole-1000m-yopougon-sogon-4868309;2026-05-12T16:43:42+00:00
CI;Côte d'Ivoire;coinafrique;location;terrain;terrains-agricoles;Terrain agricole 2200 m² - Songon;25000000;2200;11364;;Yopougon;;;https://ci.coinafrique.com/annonce/terrains-agricoles/terrain-agricole-2200-m-songon-4908916;2026-05-12T16:43:42+00:00
CI;Côte d'Ivoire;coinafrique;location;terrain;terrains-agricoles;Terrain agricole 400 m² - Songon;12000000;400;30000;;Yopougon;;;https://ci.coinafrique.com/annonce/terrains-agricoles/terrain-agricole-400-m-songon-4903733;2026-05-12T16:43:42+00:00
CI;Côte d'Ivoire;coinafrique;location;terrain;terrains-agricoles;Terrain agricole 813m² - Cocody;365000000;813;448954;;Cocody;;;https://ci.coinafrique.com/annonce/terrains-agricoles/terrain-agricole-813m-cocody-4852809;2026-05-12T16:43:42+00:00
CI;Côte d'Ivoire;coinafrique;location;terrain;terrains-agricoles;Location terrain agricole 1200m² - Cocody Riviera 4 ciad;1200000;1200;1000;;Cocody;Riviera 4;;https://ci.coinafrique.com/annonce/terrains-agricoles/location-terrain-agricole-1200m-cocody-riviera-4-ciad-4836638;2026-05-12T16:43:42+00:00
CI;Côte d'Ivoire;coinafrique;location;terrain;terrains-agricoles;Terrain agricole 10000 m² - Yopougon;120000;10000;12;;Yopougon;;;https://ci.coinafrique.com/annonce/terrains-agricoles/terrain-agricole-10000-m-yopougon-4877891;2026-05-12T16:43:42+00:00
CI;Côte d'Ivoire;coinafrique;location;terrain;terrains-agricoles;Location terrains agricoles 1000 m2 - Bonoumin;800000;1000;800;;Cocody;Bonoumin;;https://ci.coinafrique.com/annonce/terrains-agricoles/location-terrains-agricoles-1000-m2-bonoumin-4854504;2026-05-12T16:43:42+00:00
CI;Côte d'Ivoire;coinafrique;location;terrain;terrains-agricoles;Terrain agricole 400 m² - Anayama;1000000;400;2500;;Anyama;;;https://ci.coinafrique.com/annonce/terrains-agricoles/terrain-agricole-400-m-anayama-4874902;2026-05-12T16:43:42+00:00
CI;Côte d'Ivoire;coinafrique;location;terrain;terrains-agricoles;Location terrain 300 m2 - Cocody Angre 9éme Tranche;300000;300;1000;;Cocody;Angre;;https://ci.coinafrique.com/annonce/terrains-agricoles/location-terrain-300-m2-cocody-angre-9eme-tranche-4793171;2026-05-12T16:43:42+00:00
CI;Côte d'Ivoire;coinafrique;location;terrain;terrains-agricoles;Terrain à Cocody angre nouveau chu en bordure de voie secondaire bitumé;500000;;;;Cocody;Angre;;https://ci.coinafrique.com/annonce/terrains-agricoles/terrain-a-cocody-angre-nouveau-chu-en-bordure-de-voie-secondaire-bitume-4792148;2026-05-12T16:43:42+00:00
CI;Côte d'Ivoire;coinafrique;location;terrain;terrains-agricoles;Terrains agricole 690 m2 - Cocody Angre Nouveau Chu;600000;690;870;;Cocody;Angre;;https://ci.coinafrique.com/annonce/terrains-agricoles/terrains-agricole-690-m2-cocody-angre-nouveau-chu-4779506;2026-05-12T16:43:42+00:00
CI;Côte d'Ivoire;coinafrique;achat;terrain;terrains-agricoles;Vente terrains agricoles 10000 m2 - Adzopé;2200000;10000;220;;;;;https://ci.coinafrique.com/annonce/terrains-agricoles/vente-terrains-agricoles-10000-m2-adzope-4821777;2026-05-12T16:43:42+00:00
CI;Côte d'Ivoire;coinafrique;location;terrain;terrains-agricoles;Terrains agricoles 80000 m² - Adzopé;1600000;80000;20;;;;;https://ci.coinafrique.com/annonce/terrains-agricoles/terrains-agricoles-80000-m-adzope-4819618;2026-05-12T16:43:42+00:00
CI;Côte d'Ivoire;coinafrique;location;terrain;terrains-agricoles;Terrain agricole 5000m² - Angré chu;3000000;5000;600;;Cocody;Angré;;https://ci.coinafrique.com/annonce/terrains-agricoles/terrain-agricole-5000m-angre-chu-4758780;2026-05-12T16:43:42+00:00
CI;Côte d'Ivoire;coinafrique;location;terrain;terrains-agricoles;Location terrain agricole 600m² - Cocody Angre nouveau chu;300000;600;500;;Cocody;Angre;;https://ci.coinafrique.com/annonce/terrains-agricoles/location-terrain-agricole-600m-cocody-angre-nouveau-chu-4748932;2026-05-12T16:43:42+00:00
CI;Côte d'Ivoire;coinafrique;location;terrain;terrains-agricoles;Terrain agricole 8 ha - N'douci;3000;;;;Cocody;;;https://ci.coinafrique.com/annonce/terrains-agricoles/terrain-agricole-8-ha-ndouci-4769866;2026-05-12T16:43:42+00:00
CI;Côte d'Ivoire;coinafrique;achat;terrain;terrains-agricoles;Vente terrains agricoles 50000 m2 - Adzopé;2500000;50000;50;;;;;https://ci.coinafrique.com/annonce/terrains-agricoles/vente-terrains-agricoles-50000-m2-adzope-4779254;2026-05-12T16:43:42+00:00
CI;Côte d'Ivoire;coinafrique;location;terrain;terrains-agricoles;Location terrains agricoles 20000 m2 - Anyama;200000;20000;10;;Anyama;;;https://ci.coinafrique.com/annonce/terrains-agricoles/location-terrains-agricoles-20000-m2-anyama-4777042;2026-05-12T16:43:42+00:00
CI;Côte d'Ivoire;coinafrique;location;terrain;terrains-agricoles;Terrains agricoles 30000m² - Agboville;2150000;30000;72;;;;;https://ci.coinafrique.com/annonce/terrains-agricoles/terrains-agricoles-30000m-agboville-4728829;2026-05-12T16:43:42+00:00
CI;Côte d'Ivoire;coinafrique;location;terrain;terrains-agricoles;Plantation de palmier à huile - Aboisso;5000000;;;;Cocody;;;https://ci.coinafrique.com/annonce/terrains-agricoles/plantation-de-palmier-a-huile-aboisso-4703492;2026-05-12T16:43:42+00:00
CI;Côte d'Ivoire;coinafrique;location;terrain;terrains-agricoles;Terrain agricole 300m² - Angré;5000000;300;16667;;;;;https://ci.coinafrique.com/annonce/terrains-agricoles/terrain-agricole-300m-angre-4729212;2026-05-12T16:43:42+00:00
CI;Côte d'Ivoire;coinafrique;location;terrain;terrains-agricoles;Terrain agricole 300m² - Angré;5000000;300;16667;;;;;https://ci.coinafrique.com/annonce/terrains-agricoles/terrain-agricole-300m-angre-4729205;2026-05-12T16:43:42+00:00
CI;Côte d'Ivoire;coinafrique;location;terrain;terrains-agricoles;Terrain agricole 20000m² - Adzopé;5000000;20000;250;;;;;https://ci.coinafrique.com/annonce/terrains-agricoles/terrain-agricole-20000m-adzope-4721755;2026-05-12T16:43:42+00:00
CI;Côte d'Ivoire;coinafrique;location;terrain;terrains-agricoles;Location terrain agricole 800m² - Cocody Angre nouveau chu;1500000;800;1875;;Cocody;Angre;;https://ci.coinafrique.com/annonce/terrains-agricoles/location-terrain-agricole-800m-cocody-angre-nouveau-chu-4669516;2026-05-12T16:43:42+00:00
CI;Côte d'Ivoire;coinafrique;location;terrain;terrains-agricoles;Terrain agricole 400m²- Cocody riviera abatta;300000;400;750;;Cocody;;;https://ci.coinafrique.com/annonce/terrains-agricoles/terrain-agricole-400m-cocody-riviera-abatta-4649601;2026-05-12T16:43:42+00:00
CI;Côte d'Ivoire;coinafrique;location;terrain;terrains-agricoles;Terrain 1300m² - Cocody Riviera faya;1500000;1300;1154;;Cocody;Riviera Faya;;https://ci.coinafrique.com/annonce/terrains-agricoles/terrain-1300m-cocody-riviera-faya-4641090;2026-05-12T16:43:42+00:00
CI;Côte d'Ivoire;coinafrique;location;terrain;terrains-agricoles;Terrain agricole 1800m² - Cocody Angré;1500000;1800;833;;Cocody;Angré;;https://ci.coinafrique.com/annonce/terrains-agricoles/terrain-agricole-1800m-cocody-angre-4651165;2026-05-12T16:43:42+00:00
CI;Côte d'Ivoire;coinafrique;location;terrain;terrains-agricoles;Terrain agricole 8ha - Agboville Cechi;4000000;;;;Cocody;;;https://ci.coinafrique.com/annonce/terrains-agricoles/terrain-agricole-8ha-agboville-cechi-4624028;2026-05-12T16:43:42+00:00
CI;Côte d'Ivoire;coinafrique;location;terrain;terrains-agricoles;Terrain agricoles 1000m² - Cocody riviéra;1500000;1000;1500;;Cocody;;;https://ci.coinafrique.com/annonce/terrains-agricoles/terrain-agricoles-1000m-cocody-riviera-4671415;2026-05-12T16:43:42+00:00
CI;Côte d'Ivoire;coinafrique;location;terrain;terrains-agricoles;Terrain agricole 500m²- Azaguie Ahoua;11111;500;22;;Anyama;;;https://ci.coinafrique.com/annonce/terrains-agricoles/terrain-agricole-500m-azaguie-ahoua-4668971;2026-05-12T16:43:42+00:00
CI;Côte d'Ivoire;coinafrique;location;terrain;terrains-agricoles;Location terrains agricoles 650 m2 - Angré Nouveau Chu;600000;650;923;;Adjamé;;;https://ci.coinafrique.com/annonce/terrains-agricoles/location-terrains-agricoles-650-m2-angre-nouveau-chu-4614750;2026-05-12T16:43:42+00:00
CI;Côte d'Ivoire;coinafrique;location;terrain;terrains-agricoles;Parcelle 40 ha - Commune de Anyama;5000;;;;Anyama;;;https://ci.coinafrique.com/annonce/terrains-agricoles/parcelle-40-ha-commune-de-anyama-4612495;2026-05-12T16:43:42+00:00
CI;Côte d'Ivoire;coinafrique;location;terrain;terrains-agricoles;Location terrain agricole 2554m² - Cocody;6000000;2554;2349;;Cocody;;;https://ci.coinafrique.com/annonce/terrains-agricoles/location-terrain-agricole-2554m-cocody-4590367;2026-05-12T16:43:42+00:00
CI;Côte d'Ivoire;coinafrique;location;terrain;terrains-agricoles;Terrain agricole 69ha - Grand Bassam;10000000;;;;Grand-Bassam;;;https://ci.coinafrique.com/annonce/terrains-agricoles/terrain-agricole-69ha-grand-bassam-4632402;2026-05-12T16:43:42+00:00
CI;Côte d'Ivoire;coinafrique;location;terrain;terrains-agricoles;Terrain agricoles 500m² -Yamoussoukro;1000000;500;2000;;;;;https://ci.coinafrique.com/annonce/terrains-agricoles/terrain-agricoles-500m-yamoussoukro-4611827;2026-05-12T16:43:42+00:00
CI;Côte d'Ivoire;coinafrique;location;terrain;terrains-agricoles;Terrain agricole 40 hectares - Tiébissou;6000000;;;;Cocody;;;https://ci.coinafrique.com/annonce/terrains-agricoles/terrain-agricole-40-hectares-tiebissou-4607331;2026-05-12T16:43:42+00:00
CI;Côte d'Ivoire;coinafrique;location;terrain;terrains-agricoles;Terrain agricole 35 ha - Palmiers;250000000;;;;Cocody;;;https://ci.coinafrique.com/annonce/terrains-agricoles/terrain-agricole-35-ha-palmiers-4561440;2026-05-12T16:43:42+00:00
CI;Côte d'Ivoire;coinafrique;location;terrain;terrains-agricoles;Terrains agricoles 3ha - Anyama;12000000;;;;Anyama;;;https://ci.coinafrique.com/annonce/terrains-agricoles/terrains-agricoles-3ha-anyama-4602341;2026-05-12T16:43:42+00:00
CI;Côte d'Ivoire;coinafrique;location;terrain;terrains-agricoles;Terrain agricole 10 ha - Agboville;1500;;;;Yopougon;;;https://ci.coinafrique.com/annonce/terrains-agricoles/terrain-agricole-10-ha-agboville-4601973;2026-05-12T16:43:42+00:00
CI;Côte d'Ivoire;coinafrique;location;terrain;terrains-agricoles;Location terrains agricoles 2553 m2 - Cocody Riviera;6000000;2553;2350;;Cocody;;;https://ci.coinafrique.com/annonce/terrains-agricoles/location-terrains-agricoles-2553-m2-cocody-riviera-4552668;2026-05-12T16:43:42+00:00
CI;Côte d'Ivoire;coinafrique;location;terrain;terrains-agricoles;Terrain agricole 250ha - Cocody;30000000;;;;Cocody;;;https://ci.coinafrique.com/annonce/terrains-agricoles/terrain-agricole-250ha-cocody-4592323;2026-05-12T16:43:42+00:00
CI;Côte d'Ivoire;coinafrique;location;terrain;terrains-agricoles;Terrain agricole 500m² - Yopougon;9000000;500;18000;;Yopougon;;;https://ci.coinafrique.com/annonce/terrains-agricoles/terrain-agricole-500m-yopougon-4581469;2026-05-12T16:43:42+00:00
CI;Côte d'Ivoire;coinafrique;location;terrain;terrains-agricoles;Terrain agricole 10 lots de 300m² - Yopougon;6000000;300;20000;;Yopougon;;;https://ci.coinafrique.com/annonce/terrains-agricoles/terrain-agricole-10-lots-de-300m-yopougon-4581458;2026-05-12T16:43:42+00:00
CI;Côte d'Ivoire;coinafrique;location;terrain;terrains-agricoles;Location terrain agricole 600m² - Abatta;600000;600;1000;;;;;https://ci.coinafrique.com/annonce/terrains-agricoles/location-terrain-agricole-600m-abatta-4538407;2026-05-12T16:43:42+00:00
CI;Côte d'Ivoire;coinafrique;location;terrain;terrains-agricoles;Terrain agricole 700m² - Cocody Angre;400000;700;571;;Cocody;Angre;;https://ci.coinafrique.com/annonce/terrains-agricoles/terrain-agricole-700m-cocody-angre-4518462;2026-05-12T16:43:42+00:00
CI;Côte d'Ivoire;coinafrique;location;terrain;terrains-agricoles;Terrain agricole 70000m² - Anyama;35000000;70000;500;;Anyama;;;https://ci.coinafrique.com/annonce/terrains-agricoles/terrain-agricole-70000m-anyama-4532790;2026-05-12T16:43:42+00:00
CI;Côte d'Ivoire;coinafrique;location;terrain;terrains-agricoles;Location terrain agricole - Angré Chu;500000;;;;Cocody;Angré;;https://ci.coinafrique.com/annonce/terrains-agricoles/location-terrain-agricole-angre-chu-4488124;2026-05-12T16:43:42+00:00
CI;Côte d'Ivoire;coinafrique;location;terrain;terrains-agricoles;Location terrain agricole - Angré Chu;1000000;;;;Cocody;Angré;;https://ci.coinafrique.com/annonce/terrains-agricoles/location-terrain-agricole-angre-chu-4488117;2026-05-12T16:43:42+00:00
CI;Côte d'Ivoire;coinafrique;location;terrain;terrains-agricoles;Location terrain agricole - 600m² - Abatta;600000;600;1000;;;;;https://ci.coinafrique.com/annonce/terrains-agricoles/location-terrain-agricole-600m-abatta-4489572;2026-05-12T16:43:42+00:00
CI;Côte d'Ivoire;coinafrique;location;terrain;terrains-agricoles;Location terrain 1000 m2 - Cocody Riviera Bonoumin;1200000;1000;1200;;Cocody;Riviera Bonoumin;;https://ci.coinafrique.com/annonce/terrains-agricoles/location-terrain-1000-m2-cocody-riviera-bonoumin-4467434;2026-05-12T16:43:42+00:00
CI;Côte d'Ivoire;coinafrique;location;terrain;terrains-agricoles;Plantation 26 ha - Pk 103;5000000;;;;Yopougon;;;https://ci.coinafrique.com/annonce/terrains-agricoles/plantation-26-ha-pk-103-4435100;2026-05-12T16:43:42+00:00
CI;Côte d'Ivoire;coinafrique;location;terrain;terrains-agricoles;Location terrain agricole 1000m² - Cocody Riviera Bonoumin;1200000;1000;1200;;Cocody;Riviera Bonoumin;;https://ci.coinafrique.com/annonce/terrains-agricoles/location-terrain-agricole-1000m-cocody-riviera-bonoumin-4413827;2026-05-12T16:43:42+00:00
CI;Côte d'Ivoire;coinafrique;location;terrain;terrains-agricoles;Location terrain agricole 600 m² - Derrière mondial béton;600000;600;1000;;;;;https://ci.coinafrique.com/annonce/terrains-agricoles/location-terrain-agricole-600-m-derriere-mondial-beton-4447793;2026-05-12T16:43:42+00:00
CI;Côte d'Ivoire;coinafrique;location;terrain;terrains-agricoles;Terrain agricole - Assanie;8000000;;;;Port-Bouet;;;https://ci.coinafrique.com/annonce/terrains-agricoles/terrain-agricole-assanie-4442956;2026-05-12T16:43:42+00:00
CI;Côte d'Ivoire;coinafrique;location;terrain;terrains-agricoles;Terrains agricole 20000m² - Adzopé;1900000;20000;95;;;;;https://ci.coinafrique.com/annonce/terrains-agricoles/terrains-agricole-20000m-adzope-4440401;2026-05-12T16:43:42+00:00
CI;Côte d'Ivoire;coinafrique;location;terrain;terrains-agricoles;Location terrains agricoles 30000 m² - Agboville;100000;30000;3;;;;;https://ci.coinafrique.com/annonce/terrains-agricoles/location-terrains-agricoles-30000-m-agboville-4406152;2026-05-12T16:43:42+00:00
CI;Côte d'Ivoire;coinafrique;achat;terrain;terrains-agricoles;Vente plantation d'hevea - Agboville;12000000;;;;Cocody;;;https://ci.coinafrique.com/annonce/terrains-agricoles/vente-plantation-dhevea-agboville-4392105;2026-05-12T16:43:42+00:00
CI;Côte d'Ivoire;coinafrique;location;terrain;terrains-agricoles;Terrain agricole 10 ha - Toumodi;35000000;;;;Cocody;;;https://ci.coinafrique.com/annonce/terrains-agricoles/terrain-agricole-10-ha-toumodi-4411229;2026-05-12T16:43:42+00:00
CI;Côte d'Ivoire;coinafrique;location;terrain;terrains-agricoles;Terrain agricole 6 ha - Anyama;5000000;;;;Abobo;;;https://ci.coinafrique.com/annonce/terrains-agricoles/terrain-agricole-6-ha-anyama-4406948;2026-05-12T16:43:42+00:00
ML;Mali;coinafrique;location;appartement;appartements;Location appartement 2 pièces - Faya;160000;;;2;Yopougon;;;https://ml.coinafrique.com/annonce/appartements/location-appartement-2-pieces-faya-3194075;2026-05-12T16:43:42+00:00
ML;Mali;coinafrique;location;appartement;appartements-meubles;Location appartement meublé 4 pièces s - Cocody;500000;;;4;Cocody;;;https://ml.coinafrique.com/annonce/appartements-meubles/location-appartement-meuble-4-pieces-s-cocody-3553993;2026-05-12T16:43:42+00:00
ML;Mali;coinafrique;location;terrain;terrains;Terrain 250m² - Bamako;7500000;250;30000;;;;;https://ml.coinafrique.com/annonce/terrains/terrain-250m-bamako-5894378;2026-05-12T16:43:42+00:00
ML;Mali;coinafrique;location;terrain;terrains;Terrain 600 m² - Bamako;36000000;600;60000;;;;;https://ml.coinafrique.com/annonce/terrains/terrain-600-m-bamako-5763600;2026-05-12T16:43:42+00:00
ML;Mali;coinafrique;location;terrain;terrains;Terrain 495 m² - Bamako;120000000;495;242424;;;;;https://ml.coinafrique.com/annonce/terrains/terrain-495-m-bamako-5719001;2026-05-12T16:43:42+00:00
ML;Mali;coinafrique;location;terrain;terrains;Terrain 300 m² - Bamako;18000000;300;60000;;;;;https://ml.coinafrique.com/annonce/terrains/terrain-300-m-bamako-5718999;2026-05-12T16:43:42+00:00
ML;Mali;coinafrique;location;terrain;terrains;Terrain 300 m² - Bamako;15000000;300;50000;;;;;https://ml.coinafrique.com/annonce/terrains/terrain-300-m-bamako-5718989;2026-05-12T16:43:42+00:00
ML;Mali;coinafrique;location;terrain;terrains;Terrain 300 m² - Bamako;25000000;300;83333;;;;;https://ml.coinafrique.com/annonce/terrains/terrain-300-m-bamako-5718959;2026-05-12T16:43:42+00:00
ML;Mali;coinafrique;location;terrain;terrains;Terrain 300 m² - Bamako;8500000;300;28333;;;;;https://ml.coinafrique.com/annonce/terrains/terrain-300-m-bamako-5660405;2026-05-12T16:43:42+00:00
ML;Mali;coinafrique;location;terrain;terrains;Terrain 376 m² - Diatoula Cité EDM;8000000;376;21277;;;;;https://ml.coinafrique.com/annonce/terrains/terrain-376-m-diatoula-cite-edm-5653037;2026-05-12T16:43:42+00:00
ML;Mali;coinafrique;location;terrain;terrains;Terrain 200m² - Bamako;35000000;200;175000;;;;;https://ml.coinafrique.com/annonce/terrains/terrain-200m-bamako-5648424;2026-05-12T16:43:42+00:00
ML;Mali;coinafrique;location;terrain;terrains;Terrain 300 m² - Golf;62000000;300;206667;;;;;https://ml.coinafrique.com/annonce/terrains/terrain-300-m-golf-5646163;2026-05-12T16:43:42+00:00
ML;Mali;coinafrique;location;terrain;terrains;Terrain 300 m² - Sègue;300000;300;1000;;;;;https://ml.coinafrique.com/annonce/terrains/terrain-300-m-segue-5640907;2026-05-12T16:43:42+00:00
ML;Mali;coinafrique;location;terrain;terrains;Terrain 300m² - Bamako;3500000;300;11667;;;;;https://ml.coinafrique.com/annonce/terrains/terrain-300m-bamako-5618173;2026-05-12T16:43:42+00:00
ML;Mali;coinafrique;location;terrain;terrains;Parcelle 300m² - Bamako;48000000;300;160000;;;;;https://ml.coinafrique.com/annonce/terrains/parcelle-300m-bamako-5596599;2026-05-12T16:43:42+00:00
ML;Mali;coinafrique;location;terrain;terrains;Terrain 150m² - Bamako;3600;150;24;;;;;https://ml.coinafrique.com/annonce/terrains/terrain-150m-bamako-5582575;2026-05-12T16:43:42+00:00
ML;Mali;coinafrique;location;terrain;terrains;Terrain 1000 m² - Banankoro;225000000;1000;225000;;;;;https://ml.coinafrique.com/annonce/terrains/terrain-1000-m-banankoro-5558323;2026-05-12T16:43:42+00:00
ML;Mali;coinafrique;location;terrain;terrains;Terrain 594 m² - Bamako;170000000;594;286195;;;;;https://ml.coinafrique.com/annonce/terrains/terrain-594-m-bamako-5540062;2026-05-12T16:43:42+00:00
ML;Mali;coinafrique;location;terrain;terrains;Parcelle 400m² – Kalabancoura;55000000;400;137500;;;;;https://ml.coinafrique.com/annonce/terrains/parcelle-400m-kalabancoura-5537103;2026-05-12T16:43:42+00:00
ML;Mali;coinafrique;location;terrain;terrains;Terrain 300 m² - Baguineda;2000000;300;6667;;;;;https://ml.coinafrique.com/annonce/terrains/terrain-300-m-baguineda-5537044;2026-05-12T16:43:42+00:00
ML;Mali;coinafrique;location;terrain;terrains;Terrain 300 m² - Sangarebougou Marseille;9000000;300;30000;;;;;https://ml.coinafrique.com/annonce/terrains/terrain-300-m-sangarebougou-marseille-5514923;2026-05-12T16:43:42+00:00
ML;Mali;coinafrique;location;terrain;terrains;Terrain 2960 m² - Sénou Banankor;350000000;2960;118243;;;;;https://ml.coinafrique.com/annonce/terrains/terrain-2960-m-senou-banankor-5508913;2026-05-12T16:43:42+00:00
ML;Mali;coinafrique;location;terrain;terrains;Terrain 1123 m² - Bamako;1200000000;1123;1068566;;;;;https://ml.coinafrique.com/annonce/terrains/terrain-1123-m-bamako-5501688;2026-05-12T16:43:42+00:00
ML;Mali;coinafrique;location;terrain;terrains;Terrain 4440m² - Bamako;850000000;4440;191441;;;;;https://ml.coinafrique.com/annonce/terrains/terrain-4440m-bamako-5500763;2026-05-12T16:43:42+00:00
ML;Mali;coinafrique;location;terrain;terrains;Terrain 300m²- Safo;5000000;300;16667;;;;;https://ml.coinafrique.com/annonce/terrains/terrain-300m-safo-5493626;2026-05-12T16:43:42+00:00
ML;Mali;coinafrique;location;terrain;terrains;Terrain 250 m² - Banankoro;4000000;250;16000;;;;;https://ml.coinafrique.com/annonce/terrains/terrain-250-m-banankoro-5482682;2026-05-12T16:43:42+00:00
ML;Mali;coinafrique;location;terrain;terrains;Terrain 250 m² - Banankoro;4000000;250;16000;;;;;https://ml.coinafrique.com/annonce/terrains/terrain-250-m-banankoro-5482674;2026-05-12T16:43:42+00:00
ML;Mali;coinafrique;location;terrain;terrains;Terrain 250 m² - Banankoro;4000000;250;16000;;;;;https://ml.coinafrique.com/annonce/terrains/terrain-250-m-banankoro-5482672;2026-05-12T16:43:42+00:00
ML;Mali;coinafrique;location;terrain;terrains;Terrain 250 m² - Banankoro;4000000;250;16000;;;;;https://ml.coinafrique.com/annonce/terrains/terrain-250-m-banankoro-5482669;2026-05-12T16:43:42+00:00
ML;Mali;coinafrique;location;terrain;terrains;Terrain 250 m² - Banankoro;4000000;250;16000;;;;;https://ml.coinafrique.com/annonce/terrains/terrain-250-m-banankoro-5482665;2026-05-12T16:43:42+00:00
ML;Mali;coinafrique;location;terrain;terrains;Terrain 1000 m² - Kabala;180000000;1000;180000;;;;;https://ml.coinafrique.com/annonce/terrains/terrain-1000-m-kabala-5442109;2026-05-12T16:43:42+00:00
ML;Mali;coinafrique;location;terrain;terrains;Terrains - Moribabougou Plateau;800000;;;;Plateau;;;https://ml.coinafrique.com/annonce/terrains/terrains-moribabougou-plateau-5439859;2026-05-12T16:43:42+00:00
ML;Mali;coinafrique;location;terrain;terrains;Terrain 300 m² - Kati;18000000;300;60000;;;;;https://ml.coinafrique.com/annonce/terrains/terrain-300-m-kati-5439712;2026-05-12T16:43:42+00:00
ML;Mali;coinafrique;location;terrain;terrains;Terrain 239m² - Bamako;16000000;239;66946;;;;;https://ml.coinafrique.com/annonce/terrains/terrain-239m-bamako-5437095;2026-05-12T16:43:42+00:00
ML;Mali;coinafrique;location;terrain;terrains;Terrain 300 m² - Tiekénina;7500000;300;25000;;;;;https://ml.coinafrique.com/annonce/terrains/terrain-300-m-tiekenina-5433798;2026-05-12T16:43:42+00:00
ML;Mali;coinafrique;location;terrain;terrains;Terrain 900 m² - Dialokorodji;2000000;900;2222;;;;;https://ml.coinafrique.com/annonce/terrains/terrain-900-m-dialokorodji-5430319;2026-05-12T16:43:42+00:00
ML;Mali;coinafrique;location;terrain;terrains;Terrains 300m² - Bamako;7500000;300;25000;;;;;https://ml.coinafrique.com/annonce/terrains/terrains-300m-bamako-5429464;2026-05-12T16:43:42+00:00
ML;Mali;coinafrique;location;terrain;terrains;Terrain 300 m² - Dialakorokougou Tiegana;6000000;300;20000;;;;;https://ml.coinafrique.com/annonce/terrains/terrain-300-m-dialakorokougou-tiegana-5421531;2026-05-12T16:43:42+00:00
ML;Mali;coinafrique;location;terrain;terrains;Terrain 300m² - Attbougou;14000000;300;46667;;;;;https://ml.coinafrique.com/annonce/terrains/terrain-300m-attbougou-5402295;2026-05-12T16:43:42+00:00
ML;Mali;coinafrique;location;terrain;terrains;Terrain 530 m² - Moussabougou;170000000;530;320755;;;;;https://ml.coinafrique.com/annonce/terrains/terrain-530-m-moussabougou-5392564;2026-05-12T16:43:42+00:00
ML;Mali;coinafrique;location;terrain;terrains;Terrain 300m²- Mali;8500000;300;28333;;;;;https://ml.coinafrique.com/annonce/terrains/terrain-300m-mali-5388066;2026-05-12T16:43:42+00:00
ML;Mali;coinafrique;location;terrain;terrains;Terrain 300 m² - Biatoula;4500000;300;15000;;;;;https://ml.coinafrique.com/annonce/terrains/terrain-300-m-biatoula-5386798;2026-05-12T16:43:42+00:00
ML;Mali;coinafrique;location;terrain;terrains;Terrain 300m² - Niamakoro courani;9000000;300;30000;;;;;https://ml.coinafrique.com/annonce/terrains/terrain-300m-niamakoro-courani-5378565;2026-05-12T16:43:42+00:00
ML;Mali;coinafrique;location;terrain;terrains;Terrain 714m²- Sirakoro;46000000;714;64426;;;;;https://ml.coinafrique.com/annonce/terrains/terrain-714m-sirakoro-5376501;2026-05-12T16:43:42+00:00
ML;Mali;coinafrique;location;terrain;terrains;Terrains 250m² - Mali;13500000;250;54000;;;;;https://ml.coinafrique.com/annonce/terrains/terrains-250m-mali-5295886;2026-05-12T16:43:42+00:00
ML;Mali;coinafrique;location;terrain;terrains;Terrain 400 m² - Kati;11000000;400;27500;;;;;https://ml.coinafrique.com/annonce/terrains/terrain-400-m-kati-5266561;2026-05-12T16:43:42+00:00
ML;Mali;coinafrique;location;terrain;terrains;Terrain 562m² - Sebenikoro;80000000;562;142349;;;;;https://ml.coinafrique.com/annonce/terrains/terrain-562m-sebenikoro-5249743;2026-05-12T16:43:42+00:00
ML;Mali;coinafrique;location;terrain;terrains;Terrain 900 m² - Sebenikoro;250000000;900;277778;;;;;https://ml.coinafrique.com/annonce/terrains/terrain-900-m-sebenikoro-5245978;2026-05-12T16:43:42+00:00
ML;Mali;coinafrique;location;terrain;terrains;Terrains 322m2 - Kati;13000000;322;40373;;;;;https://ml.coinafrique.com/annonce/terrains/terrains-322m2-kati-5227601;2026-05-12T16:43:42+00:00
ML;Mali;coinafrique;location;terrain;terrains;Terrain 400 m² - Bamako;60000000;400;150000;;;;;https://ml.coinafrique.com/annonce/terrains/terrain-400-m-bamako-5218341;2026-05-12T16:43:42+00:00
ML;Mali;coinafrique;location;terrain;terrains;Terrains 250m2 - Bamako;9000000;250;36000;;;;;https://ml.coinafrique.com/annonce/terrains/terrains-250m2-bamako-5209141;2026-05-12T16:43:42+00:00
ML;Mali;coinafrique;location;terrain;terrains;Terrain 600 m² - Dialakorobougou;12000000;600;20000;;;;;https://ml.coinafrique.com/annonce/terrains/terrain-600-m-dialakorobougou-5205579;2026-05-12T16:43:42+00:00
ML;Mali;coinafrique;location;terrain;terrains;Terrain 250 m² - Bamako;4000000;250;16000;;;;;https://ml.coinafrique.com/annonce/terrains/terrain-250-m-bamako-5175951;2026-05-12T16:43:42+00:00
ML;Mali;coinafrique;location;terrain;terrains;Parcelle 400m2 -Ségou;6000000;400;15000;;;;;https://ml.coinafrique.com/annonce/terrains/parcelle-400m2-segou-5131706;2026-05-12T16:43:42+00:00
ML;Mali;coinafrique;location;terrain;terrains;Terrains 656m2 - Bamako;120000000;656;182927;;;;;https://ml.coinafrique.com/annonce/terrains/terrains-656m2-bamako-5130329;2026-05-12T16:43:42+00:00
ML;Mali;coinafrique;location;terrain;terrains;Terrain 300 m² - Dialakorobougou;30000000;300;100000;;;;;https://ml.coinafrique.com/annonce/terrains/terrain-300-m-dialakorobougou-5094635;2026-05-12T16:43:42+00:00
ML;Mali;coinafrique;location;terrain;terrains;Terrain 300 m² - Bamako;17000000;300;56667;;;;;https://ml.coinafrique.com/annonce/terrains/terrain-300-m-bamako-5083647;2026-05-12T16:43:42+00:00
ML;Mali;coinafrique;location;terrain;terrains;Terrain 300 m² - Sakoiba;200000;300;667;;;;;https://ml.coinafrique.com/annonce/terrains/terrain-300-m-sakoiba-5066303;2026-05-12T16:43:42+00:00
ML;Mali;coinafrique;location;terrain;terrains;Terrain 332m² - Missabougou;35000000;332;105422;;;;;https://ml.coinafrique.com/annonce/terrains/terrain-332m-missabougou-5065374;2026-05-12T16:43:42+00:00
ML;Mali;coinafrique;location;terrain;terrains;Terrain 479 m² - Hamdallaye ACI2000;315000000;479;657620;;;;;https://ml.coinafrique.com/annonce/terrains/terrain-479-m-hamdallaye-aci2000-5059856;2026-05-12T16:43:42+00:00
ML;Mali;coinafrique;location;terrain;terrains;Terrain 250 m² - Sénou;4500000;250;18000;;;;;https://ml.coinafrique.com/annonce/terrains/terrain-250-m-senou-5032090;2026-05-12T16:43:42+00:00
ML;Mali;coinafrique;location;terrain;terrains;Terrain 250 m² - Sénou;4500000;250;18000;;;;;https://ml.coinafrique.com/annonce/terrains/terrain-250-m-senou-5032088;2026-05-12T16:43:42+00:00
ML;Mali;coinafrique;location;terrain;terrains;Terrain 250 m² - Sénou;4500000;250;18000;;;;;https://ml.coinafrique.com/annonce/terrains/terrain-250-m-senou-5032085;2026-05-12T16:43:42+00:00
ML;Mali;coinafrique;location;terrain;terrains;Terrain 250 m² - Bra Mali;4500000;250;18000;;;;;https://ml.coinafrique.com/annonce/terrains/terrain-250-m-bra-mali-5032066;2026-05-12T16:43:42+00:00
ML;Mali;coinafrique;location;terrain;terrains;Terrain 250 m² - Sénou;4500000;250;18000;;;;;https://ml.coinafrique.com/annonce/terrains/terrain-250-m-senou-5032062;2026-05-12T16:43:42+00:00
ML;Mali;coinafrique;location;terrain;terrains;Terrain 375 m² - Mountougoula;10500000;375;28000;;;;;https://ml.coinafrique.com/annonce/terrains/terrain-375-m-mountougoula-5015411;2026-05-12T16:43:42+00:00
ML;Mali;coinafrique;location;terrain;terrains;Terrain 5000 m² - Senou;105000000;5000;21000;;;;;https://ml.coinafrique.com/annonce/terrains/terrain-5000-m-senou-5015197;2026-05-12T16:43:42+00:00
ML;Mali;coinafrique;location;terrain;terrains;Terrain 375 m² - Bamako;27000000;375;72000;;;;;https://ml.coinafrique.com/annonce/terrains/terrain-375-m-bamako-4999409;2026-05-12T16:43:42+00:00
ML;Mali;coinafrique;location;terrain;terrains;Terrains 4000 m² - Bamako;10000000;4000;2500;;;;;https://ml.coinafrique.com/annonce/terrains/terrains-4000-m-bamako-4998812;2026-05-12T16:43:42+00:00
ML;Mali;coinafrique;location;terrain;terrains;Terrains 6000 m² - Bamako;15000000;6000;2500;;;;;https://ml.coinafrique.com/annonce/terrains/terrains-6000-m-bamako-4998808;2026-05-12T16:43:42+00:00
ML;Mali;coinafrique;location;terrain;terrains;Terrain 310 m² - Bamako;90000000;310;290323;;;;;https://ml.coinafrique.com/annonce/terrains/terrain-310-m-bamako-4983314;2026-05-12T16:43:42+00:00
ML;Mali;coinafrique;location;terrain;terrains;Terrains 1000 m² - Bamako;26000000;1000;26000;;;;;https://ml.coinafrique.com/annonce/terrains/terrains-1000-m-bamako-4982085;2026-05-12T16:43:42+00:00
ML;Mali;coinafrique;location;terrain;terrains;Terrain 600 m² - Bamako;10000000;600;16667;;;;;https://ml.coinafrique.com/annonce/terrains/terrain-600-m-bamako-4967527;2026-05-12T16:43:42+00:00
ML;Mali;coinafrique;location;terrain;terrains;Terrain - Kalaban coura plateau;200000000;;;;Plateau;;;https://ml.coinafrique.com/annonce/terrains/terrain-kalaban-coura-plateau-4932118;2026-05-12T16:43:42+00:00
ML;Mali;coinafrique;location;terrain;terrains;Terrain 300 m² - Mountougoulà;13000000;300;43333;;;;;https://ml.coinafrique.com/annonce/terrains/terrain-300-m-mountougoula-4873762;2026-05-12T16:43:42+00:00
ML;Mali;coinafrique;location;terrain;terrains;Parcelle 992m² - Niamana;30000000;992;30242;;;;;https://ml.coinafrique.com/annonce/terrains/parcelle-992m-niamana-4866592;2026-05-12T16:43:42+00:00
ML;Mali;coinafrique;location;terrain;terrains;Terrains 7200m² - Kati;1750000;7200;243;;;;;https://ml.coinafrique.com/annonce/terrains/terrains-7200m-kati-4860739;2026-05-12T16:43:42+00:00
ML;Mali;coinafrique;location;terrain;terrains;Terrains 300m² à Touréla 15/20;950000;300;3167;;;;;https://ml.coinafrique.com/annonce/terrains/terrains-300m-a-tourela-15-20-4855974;2026-05-12T16:43:42+00:00
ML;Mali;coinafrique;location;terrain;terrains;Terrain 300m² - Bamako;4500000;300;15000;;;;;https://ml.coinafrique.com/annonce/terrains/terrain-300m-bamako-4852688;2026-05-12T16:43:42+00:00
ML;Mali;coinafrique;location;terrain;terrains;Terrains 300m² - Bamako;5000000;300;16667;;;;;https://ml.coinafrique.com/annonce/terrains/terrains-300m-bamako-4810873;2026-05-12T16:43:42+00:00
ML;Mali;coinafrique;achat;terrain;terrains;Vente terrains 800 m2 - Bamako;170000000;800;212500;;;;;https://ml.coinafrique.com/annonce/terrains/vente-terrains-800-m2-bamako-4810855;2026-05-12T16:43:42+00:00
ML;Mali;coinafrique;achat;terrain;terrains;Vente terrains 250 m2 - Bamako;7500000;250;30000;;;;;https://ml.coinafrique.com/annonce/terrains/vente-terrains-250-m2-bamako-4773159;2026-05-12T16:43:42+00:00
ML;Mali;coinafrique;achat;terrain;terrains;Vente terrains 300 m2 - Kati;350000;300;1167;;;;;https://ml.coinafrique.com/annonce/terrains/vente-terrains-300-m2-kati-4773144;2026-05-12T16:43:42+00:00
ML;Mali;coinafrique;location;terrain;terrains-agricoles;Terrain agricole 2960 m² - Sénou Banankoro;350000000;2960;118243;;;;;https://ml.coinafrique.com/annonce/terrains-agricoles/terrain-agricole-2960-m-senou-banankoro-5508915;2026-05-12T16:43:42+00:00
ML;Mali;coinafrique;location;terrain;terrains-agricoles;Terrain agricole 25000m² - Bamako;13000000;25000;520;;;;;https://ml.coinafrique.com/annonce/terrains-agricoles/terrain-agricole-25000m-bamako-4460262;2026-05-12T16:43:42+00:00
NE;Niger;coinafrique;location;villa;villas;Terrain 325m² -Ancien école Bedir;120000000;325;369231;;;;bas;https://ne.coinafrique.com/annonce/villas/terrain-325m-ancien-ecole-bedir-5688857;2026-05-12T16:43:42+00:00
NE;Niger;coinafrique;location;terrain;terrains;Parcelles 400m² - Tahoua;250000000;400;625000;;;;;https://ne.coinafrique.com/annonce/terrains/parcelles-400m-tahoua-5837698;2026-05-12T16:43:42+00:00
NE;Niger;coinafrique;location;terrain;terrains;Parcelle 800m²- Fenifoot;140000000;800;175000;;;;;https://ne.coinafrique.com/annonce/terrains/parcelle-800m-fenifoot-5698284;2026-05-12T16:43:42+00:00
NE;Niger;coinafrique;location;terrain;terrains;Terrain 400 m² - Niamey;15000000;400;37500;;;;;https://ne.coinafrique.com/annonce/terrains/terrain-400-m-niamey-5669903;2026-05-12T16:43:42+00:00
NE;Niger;coinafrique;location;terrain;terrains;Parcelle 400m² - Bobiel;38000000;400;95000;;;;;https://ne.coinafrique.com/annonce/terrains/parcelle-400m-bobiel-5587016;2026-05-12T16:43:42+00:00
NE;Niger;coinafrique;location;terrain;terrains;Terrain - Bangoula Plateau;800000;;;;Plateau;;;https://ne.coinafrique.com/annonce/terrains/terrain-bangoula-plateau-5566969;2026-05-12T16:43:42+00:00
NE;Niger;coinafrique;location;terrain;terrains;Terrain 500m² - Talladje est;5500000;500;11000;;;;;https://ne.coinafrique.com/annonce/terrains/terrain-500m-talladje-est-5557755;2026-05-12T16:43:42+00:00
NE;Niger;coinafrique;location;terrain;terrains;Terrain 400 m² - Karssamba;1500000;400;3750;;;;;https://ne.coinafrique.com/annonce/terrains/terrain-400-m-karssamba-5547742;2026-05-12T16:43:42+00:00
NE;Niger;coinafrique;location;terrain;terrains;Terrain 400m² -Niamey;15000000;400;37500;;;;;https://ne.coinafrique.com/annonce/terrains/terrain-400m-niamey-5476884;2026-05-12T16:43:42+00:00
NE;Niger;coinafrique;location;terrain;terrains;Terrain 300m² - Bobiel;20000000;300;66667;;;;;https://ne.coinafrique.com/annonce/terrains/terrain-300m-bobiel-5398105;2026-05-12T16:43:42+00:00
NE;Niger;coinafrique;location;terrain;terrains;Parcelle 1300m² - Gabon;85000000;1300;65385;;;;;https://ne.coinafrique.com/annonce/terrains/parcelle-1300m-gabon-5344821;2026-05-12T16:43:42+00:00
NE;Niger;coinafrique;location;terrain;terrains;Terrains 400m² - Niamey;8000000;400;20000;;;;;https://ne.coinafrique.com/annonce/terrains/terrains-400m-niamey-5320747;2026-05-12T16:43:42+00:00
NE;Niger;coinafrique;location;terrain;terrains;Terrain 400m² - Bobiel;28000000;400;70000;;;;;https://ne.coinafrique.com/annonce/terrains/terrain-400m-bobiel-5303316;2026-05-12T16:43:42+00:00
NE;Niger;coinafrique;location;terrain;terrains;Terrain 400m² - Bobiel;25000000;400;62500;;;;;https://ne.coinafrique.com/annonce/terrains/terrain-400m-bobiel-5303313;2026-05-12T16:43:42+00:00
NE;Niger;coinafrique;location;terrain;terrains;Terrain 625 m² - Niamey;33000000;625;52800;;;;;https://ne.coinafrique.com/annonce/terrains/terrain-625-m-niamey-5297191;2026-05-12T16:43:42+00:00
NE;Niger;coinafrique;location;terrain;terrains;Terrain 8000 m² - Niamey;50000000;8000;6250;;;;;https://ne.coinafrique.com/annonce/terrains/terrain-8000-m-niamey-5189550;2026-05-12T16:43:42+00:00
NE;Niger;coinafrique;location;terrain;terrains;Terrain 400 m² - Niamey;500000;400;1250;;;;;https://ne.coinafrique.com/annonce/terrains/terrain-400-m-niamey-5114781;2026-05-12T16:43:42+00:00
NE;Niger;coinafrique;location;terrain;terrains;Terrain 295 m² - Niamey;45000000;295;152542;;;;;https://ne.coinafrique.com/annonce/terrains/terrain-295-m-niamey-5050545;2026-05-12T16:43:42+00:00
NE;Niger;coinafrique;location;terrain;terrains;Parcelle de 400m² - Karma;91189750;400;227974;;;;;https://ne.coinafrique.com/annonce/terrains/parcelle-de-400m-karma-5035442;2026-05-12T16:43:42+00:00
NE;Niger;coinafrique;location;terrain;terrains;Terrain 800 m² - Niamey;4000000;800;5000;;;;;https://ne.coinafrique.com/annonce/terrains/terrain-800-m-niamey-5031921;2026-05-12T16:43:42+00:00
NE;Niger;coinafrique;location;terrain;terrains;Terrain 600 m² - Boukoki;30000000;600;50000;;;;;https://ne.coinafrique.com/annonce/terrains/terrain-600-m-boukoki-5014951;2026-05-12T16:43:42+00:00
NE;Niger;coinafrique;location;terrain;terrains;Terrains 850 m² - Niamey;50000000;850;58824;;;;;https://ne.coinafrique.com/annonce/terrains/terrains-850-m-niamey-4982073;2026-05-12T16:43:42+00:00
NE;Niger;coinafrique;location;terrain;terrains;Terrains 55000 m² - Niamey;80000000;55000;1455;;;;;https://ne.coinafrique.com/annonce/terrains/terrains-55000-m-niamey-4982071;2026-05-12T16:43:42+00:00
NE;Niger;coinafrique;location;terrain;terrains;Terrain 200m² - Sise Goudel;7000000;200;35000;;;;;https://ne.coinafrique.com/annonce/terrains/terrain-200m-sise-goudel-4951970;2026-05-12T16:43:42+00:00
NE;Niger;coinafrique;location;terrain;terrains;Terrains 400m² - Niamey;2800000;400;7000;;;;;https://ne.coinafrique.com/annonce/terrains/terrains-400m-niamey-4936850;2026-05-12T16:43:42+00:00
NE;Niger;coinafrique;location;terrain;terrains;Terrains à Yaboni plateau 1;950000;;;;Plateau;;;https://ne.coinafrique.com/annonce/terrains/terrains-a-yaboni-plateau-1-4888787;2026-05-12T16:43:42+00:00
NE;Niger;coinafrique;location;terrain;terrains;Terrains 400m2 - Niamey;1000000;400;2500;;;;;https://ne.coinafrique.com/annonce/terrains/terrains-400m2-niamey-4887180;2026-05-12T16:43:42+00:00
NE;Niger;coinafrique;location;terrain;terrains;Terrain 600 m2 - Tchangarey;20000000;600;33333;;;;;https://ne.coinafrique.com/annonce/terrains/terrain-600-m2-tchangarey-4829484;2026-05-12T16:43:42+00:00
NE;Niger;coinafrique;location;terrain;terrains;Terrain 400 m2 - Tchangarey;12000000;400;30000;;;;;https://ne.coinafrique.com/annonce/terrains/terrain-400-m2-tchangarey-4829483;2026-05-12T16:43:42+00:00
NE;Niger;coinafrique;location;terrain;terrains;Terrain 400m² - Yaware;5500000;400;13750;;;;;https://ne.coinafrique.com/annonce/terrains/terrain-400m-yaware-4768466;2026-05-12T16:43:42+00:00
NE;Niger;coinafrique;location;terrain;terrains;Parcelle 400m² - Kalley;2500000;400;6250;;;;;https://ne.coinafrique.com/annonce/terrains/parcelle-400m-kalley-4765087;2026-05-12T16:43:42+00:00
NE;Niger;coinafrique;location;terrain;terrains;Parcelles 400m² - Cité de la garde natinale;125000;400;312;;;;;https://ne.coinafrique.com/annonce/terrains/parcelles-400m-cite-de-la-garde-natinale-4676776;2026-05-12T16:43:42+00:00
NE;Niger;coinafrique;location;terrain;terrains;Parcelles 5000m² - Hamdalay;250000;5000;50;;;;;https://ne.coinafrique.com/annonce/terrains/parcelles-5000m-hamdalay-4676772;2026-05-12T16:43:42+00:00
NE;Niger;coinafrique;location;terrain;terrains;Terrain 625m² + 8 villas - Niamey;90000000;625;144000;;;;;https://ne.coinafrique.com/annonce/terrains/terrain-625m-8-villas-niamey-4654952;2026-05-12T16:43:42+00:00
NE;Niger;coinafrique;location;terrain;terrains;Terrains 300m² - Niamey;50000000;300;166667;;;;;https://ne.coinafrique.com/annonce/terrains/terrains-300m-niamey-4654929;2026-05-12T16:43:42+00:00
NE;Niger;coinafrique;location;terrain;terrains;Terrain 400m² - Kobontafa;4500000;400;11250;;;;;https://ne.coinafrique.com/annonce/terrains/terrain-400m-kobontafa-4589645;2026-05-12T16:43:42+00:00
NE;Niger;coinafrique;location;terrain;terrains;Terrains 400m² - Dosso;3000000;400;7500;;;;;https://ne.coinafrique.com/annonce/terrains/terrains-400m-dosso-4578100;2026-05-12T16:43:42+00:00
NE;Niger;coinafrique;location;terrain;terrains;Terrains 400 m² - Agadez;4500000;400;11250;;;;;https://ne.coinafrique.com/annonce/terrains/terrains-400-m-agadez-4301250;2026-05-12T16:43:42+00:00
NE;Niger;coinafrique;location;terrain;terrains;Terrains 300m² - Niamey;100000000;300;333333;;;;;https://ne.coinafrique.com/annonce/terrains/terrains-300m-niamey-4296945;2026-05-12T16:43:42+00:00
NE;Niger;coinafrique;location;terrain;terrains;Parcelle 700m²;137000000;700;195714;;;;;https://ne.coinafrique.com/annonce/terrains/parcelle-700m-4261305;2026-05-12T16:43:42+00:00
NE;Niger;coinafrique;location;terrain;terrains;Terrain 400m² - Tchangarey;20000000;400;50000;;;;;https://ne.coinafrique.com/annonce/terrains/terrain-400m-tchangarey-4221870;2026-05-12T16:43:42+00:00
NE;Niger;coinafrique;location;terrain;terrains;Terrain 400 m²;26000000;400;65000;;;;;https://ne.coinafrique.com/annonce/terrains/terrain-400-m-4216581;2026-05-12T16:43:42+00:00
NE;Niger;coinafrique;location;terrain;terrains;Parcelle 200 m² - Tahoua;3500000;200;17500;;;;;https://ne.coinafrique.com/annonce/terrains/parcelle-200-m-tahoua-4201876;2026-05-12T16:43:42+00:00
NE;Niger;coinafrique;location;terrain;terrains;Parcelle 400 m² - Cité Malikaa;2200000;400;5500;;;;;https://ne.coinafrique.com/annonce/terrains/parcelle-400-m-cite-malikaa-4170286;2026-05-12T16:43:42+00:00
NE;Niger;coinafrique;location;terrain;terrains;Parcelle 200 m2 - Niamey;3000000;200;15000;;;;;https://ne.coinafrique.com/annonce/terrains/parcelle-200-m2-niamey-3948647;2026-05-12T16:43:42+00:00
NE;Niger;coinafrique;location;terrain;terrains;Parcelle 800 m2 - Tahoua Niger;9500000;800;11875;;;;;https://ne.coinafrique.com/annonce/terrains/parcelle-800-m2-tahoua-niger-3859357;2026-05-12T16:43:42+00:00
NE;Niger;coinafrique;location;terrain;terrains;Terrains 1030 m² - Niamey;400000000;1030;388350;;;;;https://ne.coinafrique.com/annonce/terrains/terrains-1030-m-niamey-3774175;2026-05-12T16:43:42+00:00
NE;Niger;coinafrique;location;terrain;terrains;Terrain 1 lot 400m² - Kaley Plateau;1200000;400;3000;;Plateau;;;https://ne.coinafrique.com/annonce/terrains/terrain-1-lot-400m-kaley-plateau-3767645;2026-05-12T16:43:42+00:00
NE;Niger;coinafrique;location;terrain;terrains;Terrains 400m² - Niamey cité 2010;12000000;400;30000;;;;;https://ne.coinafrique.com/annonce/terrains/terrains-400m-niamey-cite-2010-3767447;2026-05-12T16:43:42+00:00
NE;Niger;coinafrique;location;terrain;terrains;Terrains 20000 m² - Niamey;1900000000;20000;95000;;;;;https://ne.coinafrique.com/annonce/terrains/terrains-20000-m-niamey-3720531;2026-05-12T16:43:42+00:00
NE;Niger;coinafrique;location;terrain;terrains;Terrains 400 m2 - Niamey;26000000;400;65000;;;;;https://ne.coinafrique.com/annonce/terrains/terrains-400-m2-niamey-3211139;2026-05-12T16:43:42+00:00
NE;Niger;coinafrique;achat;terrain;terrains;Vente Terrain 2000 m² - Niamey;200000000;2000;100000;;;;;https://ne.coinafrique.com/annonce/terrains/vente-terrain-2000-m-niamey-3140283;2026-05-12T16:43:42+00:00
NE;Niger;coinafrique;location;terrain;terrains;Terrains 300 m2 - Niamey;15000000;300;50000;;;;;https://ne.coinafrique.com/annonce/terrains/terrains-300-m2-niamey-2937400;2026-05-12T16:43:42+00:00
NE;Niger;coinafrique;achat;terrain;terrains;Vente Terrain 300m² - Niamey;15000000;300;50000;;;;;https://ne.coinafrique.com/annonce/terrains/vente-terrain-300m-niamey-2909301;2026-05-12T16:43:42+00:00
NE;Niger;coinafrique;achat;terrain;terrains;Vente Terrain 400 m² - Niamey;250000;400;625;;;;;https://ne.coinafrique.com/annonce/terrains/vente-terrain-400-m-niamey-2769756;2026-05-12T16:43:42+00:00
NE;Niger;coinafrique;location;terrain;terrains;Terrain 890 m2 - Niamey;150000000;890;168539;;;;;https://ne.coinafrique.com/annonce/terrains/terrain-890-m2-niamey-2758508;2026-05-12T16:43:42+00:00
NE;Niger;coinafrique;achat;terrain;terrains;Vente terrains 800 m2 - Niamey;85000000;800;106250;;;;;https://ne.coinafrique.com/annonce/terrains/vente-terrains-800-m2-niamey-2138794;2026-05-12T16:43:42+00:00
NE;Niger;coinafrique;achat;terrain;terrains;Vente terrain 400 m2;3850000;400;9625;;;;;https://ne.coinafrique.com/annonce/terrains/vente-terrain-400-m2-1718849;2026-05-12T16:43:42+00:00
NE;Niger;coinafrique;location;terrain;terrains;Deux(02) parcelle de 400m² - Niamey;9000000;400;22500;;;;;https://ne.coinafrique.com/annonce/terrains/deux02-parcelle-de-400m-niamey-1291078;2026-05-12T16:43:42+00:00
NE;Niger;coinafrique;achat;terrain;terrains;Vente terrain 600m² - Tchangarey;30000000;600;50000;;;;;https://ne.coinafrique.com/annonce/terrains/vente-terrain-600m-tchangarey-1291069;2026-05-12T16:43:42+00:00
SN;Sénégal;coinafrique;location;appartement;appartements;Location appartement F4 à Dakar PLATEAU;525000;;;;Plateau;;;https://sn.coinafrique.com/annonce/appartements/location-appartement-f4-a-dakar-plateau-5899852;2026-05-12T16:43:42+00:00
SN;Sénégal;coinafrique;location;appartement;appartements;Location appartement f4 haut standing - Dakar plateau;900000;;;;Plateau;;haut;https://sn.coinafrique.com/annonce/appartements/location-appartement-f4-haut-standing-dakar-plateau-5902626;2026-05-12T16:43:42+00:00
SN;Sénégal;coinafrique;location;appartement;appartements;Location appartement f3 - dakar plateaul;375000;;;;Plateau;;;https://sn.coinafrique.com/annonce/appartements/location-appartement-f3-dakar-plateaul-5902699;2026-05-12T16:43:42+00:00
SN;Sénégal;coinafrique;location;appartement;appartements;Location appartement F4 standing centre ville rue assane ndoye;1150000;;;;Plateau;;;https://sn.coinafrique.com/annonce/appartements/location-appartement-f4-standing-centre-ville-rue-assane-ndoye-5901223;2026-05-12T16:43:42+00:00
SN;Sénégal;coinafrique;location;appartement;appartements;Location penthouse duplex haut plateau - Dakar;3500000;;;;Plateau;;;https://sn.coinafrique.com/annonce/appartements/location-penthouse-duplex-haut-plateau-dakar-5876542;2026-05-12T16:43:42+00:00
SN;Sénégal;coinafrique;location;appartement;appartements;Location appartements 4 pièces - Dakar Plateau;1150000;;;4;Plateau;;;https://sn.coinafrique.com/annonce/appartements/location-appartements-4-pieces-dakar-plateau-5876068;2026-05-12T16:43:42+00:00
SN;Sénégal;coinafrique;location;appartement;appartements;Location appartement 4 pièces -Centre ville;950000;;;4;Plateau;;;https://sn.coinafrique.com/annonce/appartements/location-appartement-4-pieces-centre-ville-5861529;2026-05-12T16:43:42+00:00
SN;Sénégal;coinafrique;location;appartement;appartements;Location appartements - dakar plateau;1000000;;;;Plateau;;;https://sn.coinafrique.com/annonce/appartements/location-appartements-dakar-plateau-5853685;2026-05-12T16:43:42+00:00
SN;Sénégal;coinafrique;location;appartement;appartements;Location appartement bureau ou habitation - Dakar plateau;250000;;;;Plateau;;;https://sn.coinafrique.com/annonce/appartements/location-appartement-bureau-ou-habitation-dakar-plateau-5841321;2026-05-12T16:43:42+00:00
SN;Sénégal;coinafrique;location;appartement;appartements;Location appartement 3 pièces - Centre ville;850000;;;3;Plateau;;;https://sn.coinafrique.com/annonce/appartements/location-appartement-3-pieces-centre-ville-5839359;2026-05-12T16:43:42+00:00
SN;Sénégal;coinafrique;location;appartement;appartements;Location appartement f2 à Dakar Plateau;250000;;;;Plateau;;;https://sn.coinafrique.com/annonce/appartements/location-appartement-f2-a-dakar-plateau-5839535;2026-05-12T16:43:42+00:00
SN;Sénégal;coinafrique;location;appartement;appartements;Location appartements 5 pièces - dakar plateau;1500000;;;5;Plateau;;;https://sn.coinafrique.com/annonce/appartements/location-appartements-5-pieces-dakar-plateau-5865811;2026-05-12T16:43:42+00:00
SN;Sénégal;coinafrique;location;appartement;appartements-meubles;Location appartements meublés 2 pièces - dakar plateau;55000;;;2;Plateau;;;https://sn.coinafrique.com/annonce/appartements-meubles/location-appartements-meubles-2-pieces-dakar-plateau-5893499;2026-05-12T16:43:42+00:00
SN;Sénégal;coinafrique;location;appartement;appartements-meubles;Location appartements meublés 2 pièces - dakar plateau;45000;;;2;Plateau;;;https://sn.coinafrique.com/annonce/appartements-meubles/location-appartements-meubles-2-pieces-dakar-plateau-5866139;2026-05-12T16:43:42+00:00
SN;Sénégal;coinafrique;location;appartement;appartements-meubles;Location appartements meublés 2 pièces - dakar plateau;45000;;;2;Plateau;;;https://sn.coinafrique.com/annonce/appartements-meubles/location-appartements-meubles-2-pieces-dakar-plateau-5866128;2026-05-12T16:43:42+00:00
SN;Sénégal;coinafrique;location;appartement;appartements-meubles;Location appartement meublé Dakar plateau;850000;;;;Plateau;;;https://sn.coinafrique.com/annonce/appartements-meubles/location-appartement-meuble-dakar-plateau-5814929;2026-05-12T16:43:42+00:00
SN;Sénégal;coinafrique;location;appartement;appartements-meubles;Location appartement meublé 4 pièces - Plateau;1500000;;;4;Plateau;;;https://sn.coinafrique.com/annonce/appartements-meubles/location-appartement-meuble-4-pieces-plateau-5784829;2026-05-12T16:43:42+00:00
SN;Sénégal;coinafrique;location;appartement;appartements-meubles;Location appartement meublé 3 pièces - Immeuble Adoha;40000;;;3;Plateau;;;https://sn.coinafrique.com/annonce/appartements-meubles/location-appartement-meuble-3-pieces-immeuble-adoha-5786335;2026-05-12T16:43:42+00:00
SN;Sénégal;coinafrique;location;appartement;appartements-meubles;Location appartement 3 pièces - immeuble Adoha;40000;;;3;Plateau;;;https://sn.coinafrique.com/annonce/appartements-meubles/location-appartement-3-pieces-immeuble-adoha-5786334;2026-05-12T16:43:42+00:00
SN;Sénégal;coinafrique;location;appartement;appartements-meubles;Location appartements meublés 2 pièces - Dakar plateau;50000;;;2;Plateau;;;https://sn.coinafrique.com/annonce/appartements-meubles/location-appartements-meubles-2-pieces-dakar-plateau-5804431;2026-05-12T16:43:42+00:00
SN;Sénégal;coinafrique;location;appartement;appartements-meubles;Location appartements meublés 1 pièces - dakar plateau;35000;;;1;Plateau;;;https://sn.coinafrique.com/annonce/appartements-meubles/location-appartements-meubles-1-pieces-dakar-plateau-5766239;2026-05-12T16:43:42+00:00
SN;Sénégal;coinafrique;location;appartement;appartements-meubles;Chambre meublée dans un appartement en collocation;250000;;;;Plateau;;;https://sn.coinafrique.com/annonce/appartements-meubles/chambre-meublee-dans-un-appartement-en-collocation-5749590;2026-05-12T16:43:42+00:00
SN;Sénégal;coinafrique;location;appartement;appartements-meubles;Location studio meublé à Avenue Djily Mba;950000;;;;Plateau;;;https://sn.coinafrique.com/annonce/appartements-meubles/location-studio-meuble-a-avenue-djily-mba-5682250;2026-05-12T16:43:42+00:00
SN;Sénégal;coinafrique;location;appartement;appartements-meubles;Location appartements meublés 3 pièces - Dakar Plateau;45000;;;3;Plateau;;;https://sn.coinafrique.com/annonce/appartements-meubles/location-appartements-meubles-3-pieces-dakar-plateau-5716619;2026-05-12T16:43:42+00:00
SN;Sénégal;coinafrique;location;appartement;appartements-meubles;Location appartement meublé 2 pièces - Dakar plateau;35000;;;2;Plateau;;;https://sn.coinafrique.com/annonce/appartements-meubles/location-appartement-meuble-2-pieces-dakar-plateau-5716609;2026-05-12T16:43:42+00:00
SN;Sénégal;coinafrique;location;appartement;appartements-meubles;Location F3 meublé Dakar plateau;2500000;;;;Plateau;;;https://sn.coinafrique.com/annonce/appartements-meubles/location-f3-meuble-dakar-plateau-5656066;2026-05-12T16:43:42+00:00
SN;Sénégal;coinafrique;location;appartement;appartements-meubles;Location appartement F3 meublé Dakar plateau;2500000;;;;Plateau;;;https://sn.coinafrique.com/annonce/appartements-meubles/location-appartement-f3-meuble-dakar-plateau-5656075;2026-05-12T16:43:42+00:00
SN;Sénégal;coinafrique;location;appartement;appartements-meubles;Location appartements meublés 4 pièces à Grand Bassam;1100000;;;4;Bassam;;;https://sn.coinafrique.com/annonce/appartements-meubles/location-appartements-meubles-4-pieces-a-grand-bassam-5646998;2026-05-12T16:43:42+00:00
SN;Sénégal;coinafrique;location;appartement;appartements-meubles;Location appartements meublés 3 pièces - Cocody;50000;;;3;Cocody;;;https://sn.coinafrique.com/annonce/appartements-meubles/location-appartements-meubles-3-pieces-cocody-5619357;2026-05-12T16:43:42+00:00
SN;Sénégal;coinafrique;location;villa;villas;Villa 300m² à louer;500000;300;1667;;;;;https://sn.coinafrique.com/annonce/villas/villa-300m-a-louer-5892441;2026-05-12T16:43:42+00:00
SN;Sénégal;coinafrique;location;villa;villas;Villa à louer au plateau;2000000;;;;Plateau;;;https://sn.coinafrique.com/annonce/villas/villa-a-louer-au-plateau-5866065;2026-05-12T16:43:42+00:00
SN;Sénégal;coinafrique;location;villa;villas;Location villas 6 pièces - Dakar plateau;3500000;;;6;Plateau;;;https://sn.coinafrique.com/annonce/villas/location-villas-6-pieces-dakar-plateau-5863457;2026-05-12T16:43:42+00:00
SN;Sénégal;coinafrique;location;villa;villas;Villa R+1 de 150m² à Keur Massar;65000000;150;433333;;;;;https://sn.coinafrique.com/annonce/villas/villa-r1-de-150m-a-keur-massar-5861137;2026-05-12T16:43:42+00:00
SN;Sénégal;coinafrique;location;villa;villas;Maison de 150 m2 TF;150000000;150;1000000;;;;;https://sn.coinafrique.com/annonce/villas/maison-de-150-m2-tf-5857296;2026-05-12T16:43:42+00:00
SN;Sénégal;coinafrique;location;villa;villas;Villa basse 150m2,angle unité 3 parcelles assainies dakar;90000000;150;600000;;;;;https://sn.coinafrique.com/annonce/villas/villa-basse-150m2-angle-unite-3-parcelles-assainies-dakar-5849582;2026-05-12T16:43:42+00:00
SN;Sénégal;coinafrique;location;studio;chambres;Location chambre - Dakar Plateau;100000;;;;Plateau;;;https://sn.coinafrique.com/annonce/chambres/location-chambre-dakar-plateau-5642714;2026-05-12T16:43:42+00:00
SN;Sénégal;coinafrique;location;studio;chambres;Location chambre meublée - Avenue Lamine Gueye;350000;;;;Plateau;;;https://sn.coinafrique.com/annonce/chambres/location-chambre-meublee-avenue-lamine-gueye-5615373;2026-05-12T16:43:42+00:00
SN;Sénégal;coinafrique;location;commercial;bureaux-et-commerces;Location studio f2 bureau - Dakar plateau;250000;;;;Plateau;;;https://sn.coinafrique.com/annonce/bureaux-et-commerces/location-studio-f2-bureau-dakar-plateau-5900267;2026-05-12T16:43:42+00:00
SN;Sénégal;coinafrique;location;commercial;bureaux-et-commerces;Location plateaux de bureau de 273 m2 - Fann résidence;2730000;273;10000;;;;;https://sn.coinafrique.com/annonce/bureaux-et-commerces/location-plateaux-de-bureau-de-273-m2-fann-residence-5874616;2026-05-12T16:43:42+00:00
SN;Sénégal;coinafrique;location;commercial;bureaux-et-commerces;Location show room 1600m2 - vdn liberté 6 extension;8500;1600;5;;;;;https://sn.coinafrique.com/annonce/bureaux-et-commerces/location-show-room-1600m2-vdn-liberte-6-extension-5902077;2026-05-12T16:43:42+00:00
SN;Sénégal;coinafrique;location;commercial;bureaux-et-commerces;Location plateau de bureaux - Face de la vdn;3600000;;;;Plateau;;;https://sn.coinafrique.com/annonce/bureaux-et-commerces/location-plateau-de-bureaux-face-de-la-vdn-5900403;2026-05-12T16:43:42+00:00
SN;Sénégal;coinafrique;location;commercial;bureaux-et-commerces;Location plateau de bureau -Fann résidence;2730000;;;;Plateau;;;https://sn.coinafrique.com/annonce/bureaux-et-commerces/location-plateau-de-bureau-fann-residence-5864465;2026-05-12T16:43:42+00:00
SN;Sénégal;coinafrique;location;commercial;bureaux-et-commerces;Location studio F2 bureau à Dakar plateau;250000;;;;Plateau;;;https://sn.coinafrique.com/annonce/bureaux-et-commerces/location-studio-f2-bureau-a-dakar-plateau-5869212;2026-05-12T16:43:42+00:00
SN;Sénégal;coinafrique;location;commercial;bureaux-et-commerces;Location grand dépôt à Dakar plateau;400000;;;;Plateau;;;https://sn.coinafrique.com/annonce/bureaux-et-commerces/location-grand-depot-a-dakar-plateau-5869217;2026-05-12T16:43:42+00:00
SN;Sénégal;coinafrique;location;commercial;bureaux-et-commerces;Location bureaux - Dakar;4056000;;;;Plateau;;;https://sn.coinafrique.com/annonce/bureaux-et-commerces/location-bureaux-dakar-5862965;2026-05-12T16:43:42+00:00
SN;Sénégal;coinafrique;location;commercial;bureaux-et-commerces;Location studio - Dakar plateau;250000;;;;Plateau;;;https://sn.coinafrique.com/annonce/bureaux-et-commerces/location-studio-dakar-plateau-5866681;2026-05-12T16:43:42+00:00
SN;Sénégal;coinafrique;location;commercial;bureaux-et-commerces;Location local plateau bureau 225m2 - Almadies;1500000;225;6667;;Plateau;;;https://sn.coinafrique.com/annonce/bureaux-et-commerces/location-local-plateau-bureau-225m2-almadies-5878360;2026-05-12T16:43:42+00:00
SN;Sénégal;coinafrique;location;commercial;bureaux-et-commerces;Location bureaux & commerces 140m² - mariste;250000;140;1786;;;;;https://sn.coinafrique.com/annonce/bureaux-et-commerces/location-bureaux-et-commerces-140m-mariste-5900449;2026-05-12T16:43:42+00:00
SN;Sénégal;coinafrique;location;commercial;bureaux-et-commerces;Location bureaux & commerces 1000m² - Diamniadio;3000000;1000;3000;;;;;https://sn.coinafrique.com/annonce/bureaux-et-commerces/location-bureaux-et-commerces-1000m-diamniadio-5892909;2026-05-12T16:43:42+00:00
SN;Sénégal;coinafrique;location;commercial;bureaux-et-commerces;Location dépôt à dakar plateau;400000;;;;Plateau;;;https://sn.coinafrique.com/annonce/bureaux-et-commerces/location-depot-a-dakar-plateau-5836313;2026-05-12T16:43:42+00:00
SN;Sénégal;coinafrique;location;commercial;bureaux-et-commerces;Location studio à usage de bureau à dakar plateau lamine gueye;250000;;;;Plateau;;;https://sn.coinafrique.com/annonce/bureaux-et-commerces/location-studio-a-usage-de-bureau-a-dakar-plateau-lamine-gueye-5836212;2026-05-12T16:43:42+00:00
SN;Sénégal;coinafrique;location;commercial;bureaux-et-commerces;Location entrepot 800 m2 - Bourguiba;4000000;800;5000;;;;;https://sn.coinafrique.com/annonce/bureaux-et-commerces/location-entrepot-800-m2-bourguiba-5826570;2026-05-12T16:43:42+00:00
SN;Sénégal;coinafrique;location;commercial;bureaux-et-commerces;Location show room 600m2 - Mermoz-;5000000;600;8333;;;;;https://sn.coinafrique.com/annonce/bureaux-et-commerces/location-show-room-600m2-mermoz-5824875;2026-05-12T16:43:42+00:00
SN;Sénégal;coinafrique;location;commercial;bureaux-et-commerces;Location plateau de bureaux à la cité Keur Gorgui;1000000;;;;Plateau;;;https://sn.coinafrique.com/annonce/bureaux-et-commerces/location-plateau-de-bureaux-a-la-cite-keur-gorgui-5816395;2026-05-12T16:43:42+00:00
SN;Sénégal;coinafrique;location;commercial;bureaux-et-commerces;Location dépôt à Dakar Plateau Sandaga;400000;;;;Plateau;;;https://sn.coinafrique.com/annonce/bureaux-et-commerces/location-depot-a-dakar-plateau-sandaga-5808911;2026-05-12T16:43:42+00:00
SN;Sénégal;coinafrique;location;commercial;bureaux-et-commerces;Location entrepôts 3800 m² - Diamniadio;8000000;3800;2105;;;;;https://sn.coinafrique.com/annonce/bureaux-et-commerces/location-entrepots-3800-m-diamniadio-5803155;2026-05-12T16:43:42+00:00
SN;Sénégal;coinafrique;location;commercial;bureaux-et-commerces;Location bureaux & commerces 3800 m² - Diamniadio;5750000;3800;1513;;;;;https://sn.coinafrique.com/annonce/bureaux-et-commerces/location-bureaux-et-commerces-3800-m-diamniadio-5803149;2026-05-12T16:43:42+00:00
SN;Sénégal;coinafrique;location;commercial;bureaux-et-commerces;Location bureau F3 à Dakar plateau Ponty;750000;;;;Plateau;;;https://sn.coinafrique.com/annonce/bureaux-et-commerces/location-bureau-f3-a-dakar-plateau-ponty-5771691;2026-05-12T16:43:42+00:00
SN;Sénégal;coinafrique;location;commercial;bureaux-et-commerces;Location espace de 165 m² au centre commercial - Patte d’oie Builders;1000000;165;6061;;;;;https://sn.coinafrique.com/annonce/bureaux-et-commerces/location-espace-de-165-m-au-centre-commercial-patte-doie-builders-5779137;2026-05-12T16:43:42+00:00
SN;Sénégal;coinafrique;location;commercial;bureaux-et-commerces;Location bureaux et commerces - Dakar Plateau;1300000;;;;Plateau;;;https://sn.coinafrique.com/annonce/bureaux-et-commerces/location-bureaux-et-commerces-dakar-plateau-5766402;2026-05-12T16:43:42+00:00
SN;Sénégal;coinafrique;location;commercial;bureaux-et-commerces;Location dépôt 120 m² - Mermoz;600000;120;5000;;;;;https://sn.coinafrique.com/annonce/bureaux-et-commerces/location-depot-120-m-mermoz-5740439;2026-05-12T16:43:42+00:00
SN;Sénégal;coinafrique;location;commercial;bureaux-et-commerces;Location bureaux à Dakar Plateau Ponty;750000;;;;Plateau;;;https://sn.coinafrique.com/annonce/bureaux-et-commerces/location-bureaux-a-dakar-plateau-ponty-5692887;2026-05-12T16:43:42+00:00
SN;Sénégal;coinafrique;location;commercial;bureaux-et-commerces;Location appartement F3 à Dakar Plateau Ponty;400000;;;;Plateau;;;https://sn.coinafrique.com/annonce/bureaux-et-commerces/location-appartement-f3-a-dakar-plateau-ponty-5691094;2026-05-12T16:43:42+00:00
SN;Sénégal;coinafrique;location;commercial;bureaux-et-commerces;Location plateau bureau T3 à Dakar plateau Ponty;750000;;;;Plateau;;;https://sn.coinafrique.com/annonce/bureaux-et-commerces/location-plateau-bureau-t3-a-dakar-plateau-ponty-5691074;2026-05-12T16:43:42+00:00
SN;Sénégal;coinafrique;location;commercial;bureaux-et-commerces;Location plateau bureau Centre Ville;2000000;;;;Plateau;;;https://sn.coinafrique.com/annonce/bureaux-et-commerces/location-plateau-bureau-centre-ville-5688736;2026-05-12T16:43:42+00:00
SN;Sénégal;coinafrique;location;commercial;bureaux-et-commerces;Location plateau de bureau cite Keur Gorgui;1300000;;;;Plateau;;;https://sn.coinafrique.com/annonce/bureaux-et-commerces/location-plateau-de-bureau-cite-keur-gorgui-5688738;2026-05-12T16:43:42+00:00
SN;Sénégal;coinafrique;location;commercial;bureaux-et-commerces;Location dépot à Dakar Plateau;1200000;;;;Plateau;;;https://sn.coinafrique.com/annonce/bureaux-et-commerces/location-depot-a-dakar-plateau-5670987;2026-05-12T16:43:42+00:00
SN;Sénégal;coinafrique;location;commercial;bureaux-et-commerces;Location bureaux et commerces 800m2 - Almadies;3500000;800;4375;;;;;https://sn.coinafrique.com/annonce/bureaux-et-commerces/location-bureaux-et-commerces-800m2-almadies-5644919;2026-05-12T16:43:42+00:00
SN;Sénégal;coinafrique;location;commercial;bureaux-et-commerces;Location bureaux à Dakar Plateau;700000;;;;Plateau;;;https://sn.coinafrique.com/annonce/bureaux-et-commerces/location-bureaux-a-dakar-plateau-5634903;2026-05-12T16:43:42+00:00
SN;Sénégal;coinafrique;location;commercial;bureaux-et-commerces;Location grand showroom à Dakar plateau;1300000;;;;Plateau;;;https://sn.coinafrique.com/annonce/bureaux-et-commerces/location-grand-showroom-a-dakar-plateau-5634879;2026-05-12T16:43:42+00:00
SN;Sénégal;coinafrique;location;commercial;bureaux-et-commerces;Location showroom -Dakar plateau;1300000;;;;Plateau;;;https://sn.coinafrique.com/annonce/bureaux-et-commerces/location-showroom-dakar-plateau-5632514;2026-05-12T16:43:42+00:00
SN;Sénégal;coinafrique;location;commercial;bureaux-et-commerces;Local commercial de 70 m2 à louer - Sipres 2;350000;70;5000;;;;;https://sn.coinafrique.com/annonce/bureaux-et-commerces/local-commercial-de-70-m2-a-louer-sipres-2-5632284;2026-05-12T16:43:42+00:00
SN;Sénégal;coinafrique;location;commercial;bureaux-et-commerces;Location plateau de bureau sur la route de l'ancien aéroport de yoof-omono;350000;;;;Plateau;;bas;https://sn.coinafrique.com/annonce/bureaux-et-commerces/location-plateau-de-bureau-sur-la-route-de-lancien-aeroport-de-yoof-omono-5613447;2026-05-12T16:43:42+00:00
SN;Sénégal;coinafrique;location;commercial;bureaux-et-commerces;Location grand plateau bureau à Dakar plateau;700000;;;;Plateau;;;https://sn.coinafrique.com/annonce/bureaux-et-commerces/location-grand-plateau-bureau-a-dakar-plateau-5602562;2026-05-12T16:43:42+00:00
SN;Sénégal;coinafrique;location;commercial;bureaux-et-commerces;Location bureaux et commerces 350 - Dakar plateau;2500000;;;;Plateau;;;https://sn.coinafrique.com/annonce/bureaux-et-commerces/location-bureaux-et-commerces-350-dakar-plateau-5599331;2026-05-12T16:43:42+00:00
SN;Sénégal;coinafrique;location;commercial;bureaux-et-commerces;Location plateau de bureaux -Yoff-omono;350000;;;;Plateau;;;https://sn.coinafrique.com/annonce/bureaux-et-commerces/location-plateau-de-bureaux-yoff-omono-5593219;2026-05-12T16:43:42+00:00
SN;Sénégal;coinafrique;location;commercial;bureaux-et-commerces;Location plateau de bureau -Cité cpi sur la vdn;500000;;;;Plateau;;;https://sn.coinafrique.com/annonce/bureaux-et-commerces/location-plateau-de-bureau-cite-cpi-sur-la-vdn-5581465;2026-05-12T16:43:42+00:00
SN;Sénégal;coinafrique;location;commercial;bureaux-et-commerces;Location bureaux et commerces 350 - Dakar plateau;2500000;;;;Plateau;;;https://sn.coinafrique.com/annonce/bureaux-et-commerces/location-bureaux-et-commerces-350-dakar-plateau-5567045;2026-05-12T16:43:42+00:00
SN;Sénégal;coinafrique;location;commercial;bureaux-et-commerces;Location magasin 60m2 - Cite biagui;300000;60;5000;;;;;https://sn.coinafrique.com/annonce/bureaux-et-commerces/location-magasin-60m2-cite-biagui-5562258;2026-05-12T16:43:42+00:00
SN;Sénégal;coinafrique;location;commercial;bureaux-et-commerces;Location bureaux et commerces 350m2 - Dakar plateau;2500000;350;7143;;Plateau;;;https://sn.coinafrique.com/annonce/bureaux-et-commerces/location-bureaux-et-commerces-350m2-dakar-plateau-5551573;2026-05-12T16:43:42+00:00
SN;Sénégal;coinafrique;location;commercial;bureaux-et-commerces;Location magasin 60m2 - Cte biagui;325000;60;5417;;;;;https://sn.coinafrique.com/annonce/bureaux-et-commerces/location-magasin-60m2-cte-biagui-5544352;2026-05-12T16:43:42+00:00
SN;Sénégal;coinafrique;location;commercial;bureaux-et-commerces;Location burreau 400m² à Dakar Plateau;2500000;400;6250;;Plateau;;;https://sn.coinafrique.com/annonce/bureaux-et-commerces/location-burreau-400m-a-dakar-plateau-5536509;2026-05-12T16:43:42+00:00
SN;Sénégal;coinafrique;location;commercial;bureaux-et-commerces;Location bureau équipé à Dakar Plateau;250000;;;;Plateau;;;https://sn.coinafrique.com/annonce/bureaux-et-commerces/location-bureau-equipe-a-dakar-plateau-5548234;2026-05-12T16:43:42+00:00
SN;Sénégal;coinafrique;location;commercial;bureaux-et-commerces;Location bureau 20 m² au Plateau Felix faure x mass diokhané;250000;20;12500;;Plateau;;;https://sn.coinafrique.com/annonce/bureaux-et-commerces/location-bureau-20-m-au-plateau-felix-faure-x-mass-diokhane-5533545;2026-05-12T16:43:42+00:00
SN;Sénégal;coinafrique;location;commercial;bureaux-et-commerces;Location bureaux et commerces 40m2 - Dakar;180000;40;4500;;;;;https://sn.coinafrique.com/annonce/bureaux-et-commerces/location-bureaux-et-commerces-40m2-dakar-5564957;2026-05-12T16:43:42+00:00
SN;Sénégal;coinafrique;location;commercial;bureaux-et-commerces;Location entrepôt 200 m² - Sodida;1200000;200;6000;;;;;https://sn.coinafrique.com/annonce/bureaux-et-commerces/location-entrepot-200-m-sodida-5561033;2026-05-12T16:43:42+00:00
SN;Sénégal;coinafrique;location;commercial;bureaux-et-commerces;Local commercial 155m2 à VDN -sacré coeur 3;180000000;155;1161290;;;;;https://sn.coinafrique.com/annonce/bureaux-et-commerces/local-commercial-155m2-a-vdn-sacre-coeur-3-5516844;2026-05-12T16:43:42+00:00
SN;Sénégal;coinafrique;location;commercial;bureaux-et-commerces;Location bureaux & commerces 300 - Dakar plateau;2500000;;;;Plateau;;;https://sn.coinafrique.com/annonce/bureaux-et-commerces/location-bureaux-et-commerces-300-dakar-plateau-5510256;2026-05-12T16:43:42+00:00
SN;Sénégal;coinafrique;location;commercial;bureaux-et-commerces;Location plateau de bureaux 175 m2 - Almadies;1500000;175;8571;;Plateau;;;https://sn.coinafrique.com/annonce/bureaux-et-commerces/location-plateau-de-bureaux-175-m2-almadies-5502809;2026-05-12T16:43:42+00:00
SN;Sénégal;coinafrique;location;commercial;bureaux-et-commerces;Location bureaux et commerces 1000 m² - Almadies;3500000;1000;3500;;;;;https://sn.coinafrique.com/annonce/bureaux-et-commerces/location-bureaux-et-commerces-1000-m-almadies-5497587;2026-05-12T16:43:42+00:00
SN;Sénégal;coinafrique;location;commercial;bureaux-et-commerces;Location bureaux et commerces 140m² - Sicap liberté;494400;140;3531;;;;;https://sn.coinafrique.com/annonce/bureaux-et-commerces/location-bureaux-et-commerces-140m-sicap-liberte-5492601;2026-05-12T16:43:42+00:00
SN;Sénégal;coinafrique;location;commercial;bureaux-et-commerces;Location bureaux et commerces - Dakar Plateau;1500000;;;;Plateau;;;https://sn.coinafrique.com/annonce/bureaux-et-commerces/location-bureaux-et-commerces-dakar-plateau-5533577;2026-05-12T16:43:42+00:00
SN;Sénégal;coinafrique;location;commercial;bureaux-et-commerces;Location bureaux et commerces 140m² - Sicap liberté;494400;140;3531;;;;;https://sn.coinafrique.com/annonce/bureaux-et-commerces/location-bureaux-et-commerces-140m-sicap-liberte-5450528;2026-05-12T16:43:42+00:00
SN;Sénégal;coinafrique;location;commercial;bureaux-et-commerces;Location hangars 1500 m² - diamniadio;4000000;1500;2667;;;;;https://sn.coinafrique.com/annonce/bureaux-et-commerces/location-hangars-1500-m-diamniadio-5482306;2026-05-12T16:43:42+00:00
SN;Sénégal;coinafrique;location;commercial;bureaux-et-commerces;Location plateau bureau - Guediawaye;170000;;;;Plateau;;;https://sn.coinafrique.com/annonce/bureaux-et-commerces/location-plateau-bureau-guediawaye-5492091;2026-05-12T16:43:42+00:00
SN;Sénégal;coinafrique;location;commercial;bureaux-et-commerces;Location magasin 200m² - Yoff aéroport lss;700000;200;3500;;;;;https://sn.coinafrique.com/annonce/bureaux-et-commerces/location-magasin-200m-yoff-aeroport-lss-5423138;2026-05-12T16:43:42+00:00
SN;Sénégal;coinafrique;location;commercial;bureaux-et-commerces;Location bureaux et commerces 600m² - Colobane;1700000;600;2833;;;;;https://sn.coinafrique.com/annonce/bureaux-et-commerces/location-bureaux-et-commerces-600m-colobane-5421866;2026-05-12T16:43:42+00:00
SN;Sénégal;coinafrique;location;commercial;bureaux-et-commerces;Location bureaux et commerces 1000m² - Diamniadio;3000000;1000;3000;;;;;https://sn.coinafrique.com/annonce/bureaux-et-commerces/location-bureaux-et-commerces-1000m-diamniadio-5417324;2026-05-12T16:43:42+00:00
SN;Sénégal;coinafrique;location;commercial;bureaux-et-commerces;Location bureaux et commerces 2000m² - Diamniadio;5000000;2000;2500;;;;;https://sn.coinafrique.com/annonce/bureaux-et-commerces/location-bureaux-et-commerces-2000m-diamniadio-5417310;2026-05-12T16:43:42+00:00
SN;Sénégal;coinafrique;location;commercial;bureaux-et-commerces;Location bureaux et commerces 250m² -Mariste;2500000;250;10000;;;;;https://sn.coinafrique.com/annonce/bureaux-et-commerces/location-bureaux-et-commerces-250m-mariste-5436283;2026-05-12T16:43:42+00:00
SN;Sénégal;coinafrique;location;commercial;bureaux-et-commerces;Location bureaux et commerces 354m² - Dakar plateau;2500000;354;7062;;Plateau;;;https://sn.coinafrique.com/annonce/bureaux-et-commerces/location-bureaux-et-commerces-354m-dakar-plateau-5436274;2026-05-12T16:43:42+00:00
SN;Sénégal;coinafrique;location;commercial;bureaux-et-commerces;Location bureaux et commerces 300m² - Sicap liberté;400000;300;1333;;;;;https://sn.coinafrique.com/annonce/bureaux-et-commerces/location-bureaux-et-commerces-300m-sicap-liberte-5417533;2026-05-12T16:43:42+00:00
SN;Sénégal;coinafrique;location;commercial;bureaux-et-commerces;Location bureaux et commerces 95m² - Mermoz-Sacré coeur;500000;95;5263;;;;;https://sn.coinafrique.com/annonce/bureaux-et-commerces/location-bureaux-et-commerces-95m-mermoz-sacre-coeur-5419102;2026-05-12T16:43:42+00:00
SN;Sénégal;coinafrique;location;terrain;terrains;Terrains 150 m² - bambilor rufisque;18500000;150;123333;;;;;https://sn.coinafrique.com/annonce/terrains/terrains-150-m-bambilor-rufisque-5869743;2026-05-12T16:43:42+00:00
SN;Sénégal;coinafrique;location;terrain;terrains;Terrains 897m² - Virage almadies;1000000000;897;1114827;;;;;https://sn.coinafrique.com/annonce/terrains/terrains-897m-virage-almadies-5898410;2026-05-12T16:43:42+00:00
SN;Sénégal;coinafrique;location;terrain;terrains;Terrain 200m2 Keur Massar;20000000;200;100000;;;;;https://sn.coinafrique.com/annonce/terrains/terrain-200m2-keur-massar-5880014;2026-05-12T16:43:42+00:00
SN;Sénégal;coinafrique;location;terrain;terrains;Terrains 800 m² - saly;44000000;800;55000;;;;;https://sn.coinafrique.com/annonce/terrains/terrains-800-m-saly-5865743;2026-05-12T16:43:42+00:00
SN;Sénégal;coinafrique;location;terrain;terrains;Terrains 800 m² - saly;61600000;800;77000;;;;;https://sn.coinafrique.com/annonce/terrains/terrains-800-m-saly-5865742;2026-05-12T16:43:42+00:00
SN;Sénégal;coinafrique;location;terrain;terrains;Terrains 199 m² - bambilor;21890000;199;110000;;;;;https://sn.coinafrique.com/annonce/terrains/terrains-199-m-bambilor-5865712;2026-05-12T16:43:42+00:00
SN;Sénégal;coinafrique;location;terrain;terrains;Terrains 156 m² - bambilor;17160000;156;110000;;;;;https://sn.coinafrique.com/annonce/terrains/terrains-156-m-bambilor-5865703;2026-05-12T16:43:42+00:00
SN;Sénégal;coinafrique;location;terrain;terrains;Terrains 217 m² - bambilor;23870000;217;110000;;;;;https://sn.coinafrique.com/annonce/terrains/terrains-217-m-bambilor-5865699;2026-05-12T16:43:42+00:00
SN;Sénégal;coinafrique;location;terrain;terrains;Terrains 192 m² - Almadies 2;21120000;192;110000;;;;;https://sn.coinafrique.com/annonce/terrains/terrains-192-m-almadies-2-5865666;2026-05-12T16:43:42+00:00
SN;Sénégal;coinafrique;location;terrain;terrains;Terrains 28835m² - Mermoz en face de la vdn commercial;1000000;28835;35;;;;;https://sn.coinafrique.com/annonce/terrains/terrains-28835m-mermoz-en-face-de-la-vdn-commercial-5905032;2026-05-12T16:43:42+00:00
SN;Sénégal;coinafrique;location;terrain;terrains;Terrain 467m² -Ouakam;775000;467;1660;;;;;https://sn.coinafrique.com/annonce/terrains/terrain-467m-ouakam-5906158;2026-05-12T16:43:42+00:00
SN;Sénégal;coinafrique;location;terrain;terrains;Terrain 600 m² à Kahone;12000000;600;20000;;;;;https://sn.coinafrique.com/annonce/terrains/terrain-600-m-a-kahone-5903248;2026-05-12T16:43:42+00:00
SN;Sénégal;coinafrique;location;terrain;terrains;Terrains 2835m² - Mermoz en face vdn;1000000;2835;353;;;;;https://sn.coinafrique.com/annonce/terrains/terrains-2835m-mermoz-en-face-vdn-5899033;2026-05-12T16:43:42+00:00
SN;Sénégal;coinafrique;location;terrain;terrains;Terrain de 900 m² 2ème ligne route nationale gandigal - mbour;40000000;900;44444;;;;;https://sn.coinafrique.com/annonce/terrains/terrain-de-900-m-2eme-ligne-route-nationale-gandigal-mbour-5879050;2026-05-12T16:43:42+00:00
SN;Sénégal;coinafrique;location;terrain;terrains;Terrains 150 m² - niague rufisque;14000000;150;93333;;;;;https://sn.coinafrique.com/annonce/terrains/terrains-150-m-niague-rufisque-5869729;2026-05-12T16:43:42+00:00
SN;Sénégal;coinafrique;location;terrain;terrains;Terrains 150 m² - noflaye rufisque;7000000;150;46667;;;;;https://sn.coinafrique.com/annonce/terrains/terrains-150-m-noflaye-rufisque-5869716;2026-05-12T16:43:42+00:00
SN;Sénégal;coinafrique;location;terrain;terrains;Terrains 897m² - Almadies;1010101;897;1126;;;;;https://sn.coinafrique.com/annonce/terrains/terrains-897m-almadies-5901787;2026-05-12T16:43:42+00:00
SN;Sénégal;coinafrique;location;terrain;terrains;Terrain 3705m² - Warang;450000000;3705;121457;;;;;https://sn.coinafrique.com/annonce/terrains/terrain-3705m-warang-5873649;2026-05-12T16:43:42+00:00
SN;Sénégal;coinafrique;location;terrain;terrains;Terrain 324 m² à grand Mbour;18000000;324;55556;;;;;https://sn.coinafrique.com/annonce/terrains/terrain-324-m-a-grand-mbour-5897037;2026-05-12T16:43:42+00:00
SN;Sénégal;coinafrique;location;terrain;terrains;Terrains 150 m² - tivaoune peulh;7500000;150;50000;;;;;https://sn.coinafrique.com/annonce/terrains/terrains-150-m-tivaoune-peulh-5896998;2026-05-12T16:43:42+00:00
SN;Sénégal;coinafrique;location;terrain;terrains;Terrain 700m² - Zone résidence de Mbour;32000000;700;45714;;;;;https://sn.coinafrique.com/annonce/terrains/terrain-700m-zone-residence-de-mbour-5873585;2026-05-12T16:43:42+00:00
SN;Sénégal;coinafrique;location;terrain;terrains;Terrains 210m² - Sacré-coeur;250000000;210;1190476;;;;;https://sn.coinafrique.com/annonce/terrains/terrains-210m-sacre-coeur-5901551;2026-05-12T16:43:42+00:00
SN;Sénégal;coinafrique;location;terrain;terrains;Terrains 13000m² à Rufisque;280000000;13000;21538;;;;;https://sn.coinafrique.com/annonce/terrains/terrains-13000m-a-rufisque-5892003;2026-05-12T16:43:42+00:00
SN;Sénégal;coinafrique;location;terrain;terrains;Terrain 300m² à Saly;26000000;300;86667;;;;;https://sn.coinafrique.com/annonce/terrains/terrain-300m-a-saly-5882255;2026-05-12T16:43:42+00:00
SN;Sénégal;coinafrique;location;terrain;terrains;Terrain de 153m² bail sise au virage recasement²;80000000;153;522876;;;;;https://sn.coinafrique.com/annonce/terrains/terrain-de-153m-bail-sise-au-virage-recasement-5904902;2026-05-12T16:43:42+00:00
SN;Sénégal;coinafrique;location;terrain;terrains;Terrain 582 m² - zoné résidence Mbour;22000000;582;37801;;;;;https://sn.coinafrique.com/annonce/terrains/terrain-582-m-zone-residence-mbour-5877655;2026-05-12T16:43:42+00:00
SN;Sénégal;coinafrique;location;terrain;terrains;Terrain 500 m² en bordure de route à Saly carrefour;65000000;500;130000;;;;;https://sn.coinafrique.com/annonce/terrains/terrain-500-m-en-bordure-de-route-a-saly-carrefour-5862909;2026-05-12T16:43:42+00:00
SN;Sénégal;coinafrique;location;terrain;terrains;Terrain 300 m² à la zone sonatel de Mbour;11000000;300;36667;;;;;https://sn.coinafrique.com/annonce/terrains/terrain-300-m-a-la-zone-sonatel-de-mbour-5862895;2026-05-12T16:43:42+00:00
SN;Sénégal;coinafrique;location;terrain;terrains;Terrains 399m² - Mariste;165000000;399;413534;;;;;https://sn.coinafrique.com/annonce/terrains/terrains-399m-mariste-5900003;2026-05-12T16:43:42+00:00
SN;Sénégal;coinafrique;location;terrain;terrains;Terrain 390m² - Sicap liberté 6;270000000;390;692308;;;;;https://sn.coinafrique.com/annonce/terrains/terrain-390m-sicap-liberte-6-5894003;2026-05-12T16:43:42+00:00
SN;Sénégal;coinafrique;location;terrain;terrains;Terrains 200m2 -Keur moussa;4000000;200;20000;;;;;https://sn.coinafrique.com/annonce/terrains/terrains-200m2-keur-moussa-5864952;2026-05-12T16:43:42+00:00
SN;Sénégal;coinafrique;location;terrain;terrains;Parcelles 225m2 - Toglou;4000000;225;17778;;;;;https://sn.coinafrique.com/annonce/terrains/parcelles-225m2-toglou-5864949;2026-05-12T16:43:42+00:00
SN;Sénégal;coinafrique;location;terrain;terrains;Terrain 600m² - Ngor almadie;650000000;600;1083333;;;;;https://sn.coinafrique.com/annonce/terrains/terrain-600m-ngor-almadie-5861494;2026-05-12T16:43:42+00:00
SN;Sénégal;coinafrique;location;terrain;terrains;Terrains 210m² - Sacré-coeur;250000000;210;1190476;;;;;https://sn.coinafrique.com/annonce/terrains/terrains-210m-sacre-coeur-5898920;2026-05-12T16:43:42+00:00
SN;Sénégal;coinafrique;location;terrain;terrains;Terrains 1600m2 - Saly;120000000;1600;75000;;;;;https://sn.coinafrique.com/annonce/terrains/terrains-1600m2-saly-5870961;2026-05-12T16:43:42+00:00
SN;Sénégal;coinafrique;location;terrain;terrains;Terrains 1800m2 - Saly;66000000;1800;36667;;;;;https://sn.coinafrique.com/annonce/terrains/terrains-1800m2-saly-5870959;2026-05-12T16:43:42+00:00
SN;Sénégal;coinafrique;location;terrain;terrains;Terrains 3500m2 - Saly;275000000;3500;78571;;;;;https://sn.coinafrique.com/annonce/terrains/terrains-3500m2-saly-5870953;2026-05-12T16:43:42+00:00
SN;Sénégal;coinafrique;location;terrain;terrains;Terrains 150m² - Mbao;30000000;150;200000;;;;;https://sn.coinafrique.com/annonce/terrains/terrains-150m-mbao-5898804;2026-05-12T16:43:42+00:00
SN;Sénégal;coinafrique;location;terrain;terrains;Terrains 194m² - Almadies;100000000;194;515464;;;;;https://sn.coinafrique.com/annonce/terrains/terrains-194m-almadies-5898714;2026-05-12T16:43:42+00:00
SN;Sénégal;coinafrique;location;terrain;terrains;Terrain TF 570 m² Point E;450000000;570;789474;;;;;https://sn.coinafrique.com/annonce/terrains/terrain-tf-570-m-point-e-5862552;2026-05-12T16:43:42+00:00
SN;Sénégal;coinafrique;location;terrain;terrains;Terrain 467m²- Ouakam;338500000;467;724839;;;;;https://sn.coinafrique.com/annonce/terrains/terrain-467m-ouakam-5870740;2026-05-12T16:43:42+00:00
SN;Sénégal;coinafrique;location;terrain;terrains;Terrain 467m² - Ouakam;338500000;467;724839;;;;;https://sn.coinafrique.com/annonce/terrains/terrain-467m-ouakam-5870737;2026-05-12T16:43:42+00:00
SN;Sénégal;coinafrique;location;terrain;terrains;Terrains 150m² - Lac rose;6000000;150;40000;;;;;https://sn.coinafrique.com/annonce/terrains/terrains-150m-lac-rose-5861655;2026-05-12T16:43:42+00:00
SN;Sénégal;coinafrique;location;terrain;terrains;Terrain 150m² - Thies;650000;150;4333;;;;;https://sn.coinafrique.com/annonce/terrains/terrain-150m-thies-5868757;2026-05-12T16:43:42+00:00
SN;Sénégal;coinafrique;location;terrain;terrains;Terrains 10606m² - mbour;31000000;10606;2923;;;;;https://sn.coinafrique.com/annonce/terrains/terrains-10606m-mbour-5897998;2026-05-12T16:43:42+00:00
SN;Sénégal;coinafrique;location;terrain;terrains;Terrain 150 m² - Keur Massar;20000000;150;133333;;;;;https://sn.coinafrique.com/annonce/terrains/terrain-150-m-keur-massar-5858200;2026-05-12T16:43:42+00:00
SN;Sénégal;coinafrique;location;terrain;terrains;Terrains 150m2 - Cité baobab Mbao;48000000;150;320000;;;;;https://sn.coinafrique.com/annonce/terrains/terrains-150m2-cite-baobab-mbao-5854067;2026-05-12T16:43:42+00:00
SN;Sénégal;coinafrique;location;terrain;terrains;Terrains 150m² - Almadie 2 rufisque;28000000;150;186667;;;;;https://sn.coinafrique.com/annonce/terrains/terrains-150m-almadie-2-rufisque-5854061;2026-05-12T16:43:42+00:00
SN;Sénégal;coinafrique;location;terrain;terrains;Terrains 2500 m² - dakar plateau;1000000;2500;400;;Plateau;;;https://sn.coinafrique.com/annonce/terrains/terrains-2500-m-dakar-plateau-5853697;2026-05-12T16:43:42+00:00
SN;Sénégal;coinafrique;location;terrain;terrains;Terrain 225 m² - Village de Raffo;3000000;225;13333;;;;;https://sn.coinafrique.com/annonce/terrains/terrain-225-m-village-de-raffo-5895071;2026-05-12T16:43:42+00:00
SN;Sénégal;coinafrique;location;terrain;terrains;Terrain 225m² - Saly;8000000;225;35556;;;;;https://sn.coinafrique.com/annonce/terrains/terrain-225m-saly-5894424;2026-05-12T16:43:42+00:00
SN;Sénégal;coinafrique;location;terrain;terrains;Terrain 225m² -Lelo payable sur 2 ans;6000000;225;26667;;;;;https://sn.coinafrique.com/annonce/terrains/terrain-225m-lelo-payable-sur-2-ans-5894379;2026-05-12T16:43:42+00:00
SN;Sénégal;coinafrique;location;terrain;terrains;Terrain 393 m² - Fass mbao - titre foncier;35000000;393;89059;;;;;https://sn.coinafrique.com/annonce/terrains/terrain-393-m-fass-mbao-titre-foncier-5893088;2026-05-12T16:43:42+00:00
SN;Sénégal;coinafrique;location;terrain;terrains;Terrain 225m² - Thies;600000;225;2667;;;;;https://sn.coinafrique.com/annonce/terrains/terrain-225m-thies-5893036;2026-05-12T16:43:42+00:00
SN;Sénégal;coinafrique;location;terrain;terrains;Terrain 150m² - Keur Massar;28000000;150;186667;;;;;https://sn.coinafrique.com/annonce/terrains/terrain-150m-keur-massar-5893035;2026-05-12T16:43:42+00:00
SN;Sénégal;coinafrique;location;terrain;terrains;Terrains 200 m² - Keur Massar;40000000;200;200000;;;;;https://sn.coinafrique.com/annonce/terrains/terrains-200-m-keur-massar-5853631;2026-05-12T16:43:42+00:00
SN;Sénégal;coinafrique;location;terrain;terrains;Terrains 150 m² - Niague socabeg;7000000;150;46667;;;;;https://sn.coinafrique.com/annonce/terrains/terrains-150-m-niague-socabeg-5892196;2026-05-12T16:43:42+00:00
SN;Sénégal;coinafrique;location;terrain;terrains;Terrain 225 m² - Diass;4500000;225;20000;;;;;https://sn.coinafrique.com/annonce/terrains/terrain-225-m-diass-5850491;2026-05-12T16:43:42+00:00
SN;Sénégal;coinafrique;location;terrain;terrains;Maison à démolir 243 m²;90000000;243;370370;;;;;https://sn.coinafrique.com/annonce/terrains/maison-a-demolir-243-m-5891003;2026-05-12T16:43:42+00:00
SN;Sénégal;coinafrique;location;terrain;terrains;Terrain 300 m² - Zac mbao;56000000;300;186667;;;;;https://sn.coinafrique.com/annonce/terrains/terrain-300-m-zac-mbao-5890848;2026-05-12T16:43:42+00:00
SN;Sénégal;coinafrique;location;terrain;terrains;Terrain 225m² - Thies;1500000;225;6667;;;;;https://sn.coinafrique.com/annonce/terrains/terrain-225m-thies-5890670;2026-05-12T16:43:42+00:00
SN;Sénégal;coinafrique;location;terrain;terrains;Terrain 300m²- Sindia;4500000;300;15000;;;;;https://sn.coinafrique.com/annonce/terrains/terrain-300m-sindia-5889569;2026-05-12T16:43:42+00:00
SN;Sénégal;coinafrique;location;terrain;terrains;Terrains 2000 m² - Almadies;1000000;2000;500;;;;;https://sn.coinafrique.com/annonce/terrains/terrains-2000-m-almadies-5864723;2026-05-12T16:43:42+00:00
SN;Sénégal;coinafrique;location;terrain;terrains;Terrains 150 m² - Sangalkam;13000000;150;86667;;;;;https://sn.coinafrique.com/annonce/terrains/terrains-150-m-sangalkam-5864629;2026-05-12T16:43:42+00:00
SN;Sénégal;coinafrique;location;terrain;terrains;Terrains 160 m² - Almadies;110000000;160;687500;;;;;https://sn.coinafrique.com/annonce/terrains/terrains-160-m-almadies-5845070;2026-05-12T16:43:42+00:00
SN;Sénégal;coinafrique;location;terrain;terrains;Terrain 150m² -Sébikhotane;6000000;150;40000;;;;;https://sn.coinafrique.com/annonce/terrains/terrain-150m-sebikhotane-5839360;2026-05-12T16:43:42+00:00
SN;Sénégal;coinafrique;location;terrain;terrains;Terrains 165m² à Ouakam;120000000;165;727273;;;;;https://sn.coinafrique.com/annonce/terrains/terrains-165m-a-ouakam-5848756;2026-05-12T16:43:42+00:00
SN;Sénégal;coinafrique;location;terrain;terrains;Terrains 180m² à Ouakam;160000000;180;888889;;;;;https://sn.coinafrique.com/annonce/terrains/terrains-180m-a-ouakam-5848743;2026-05-12T16:43:42+00:00
SN;Sénégal;coinafrique;location;terrain;terrains;Terrains 467m² à Ouakam;750000;467;1606;;;;;https://sn.coinafrique.com/annonce/terrains/terrains-467m-a-ouakam-5848740;2026-05-12T16:43:42+00:00
SN;Sénégal;coinafrique;location;terrain;terrains;Terrains 300m² à Ouakam;160000000;300;533333;;;;;https://sn.coinafrique.com/annonce/terrains/terrains-300m-a-ouakam-5848752;2026-05-12T16:43:42+00:00
SN;Sénégal;coinafrique;location;terrain;terrains;Terrains 236m² - Gueule tapée;160000000;236;677966;;;;;https://sn.coinafrique.com/annonce/terrains/terrains-236m-gueule-tapee-5849644;2026-05-12T16:43:42+00:00
SN;Sénégal;coinafrique;location;terrain;terrains;Terrains 206m² à Gueule Tapée;150000000;206;728155;;;;;https://sn.coinafrique.com/annonce/terrains/terrains-206m-a-gueule-tapee-5849320;2026-05-12T16:43:42+00:00
SN;Sénégal;coinafrique;location;terrain;terrains;Terrains 300m² - Medina;250000000;300;833333;;;;;https://sn.coinafrique.com/annonce/terrains/terrains-300m-medina-5849280;2026-05-12T16:43:42+00:00
SN;Sénégal;coinafrique;location;terrain;terrains;Terrains 200 m² - Almadies;99000000;200;495000;;;;;https://sn.coinafrique.com/annonce/terrains/terrains-200-m-almadies-5881847;2026-05-12T16:43:42+00:00
SN;Sénégal;coinafrique;location;terrain;terrains;Terrain 420m² - Saly veligara;20000000;420;47619;;;;;https://sn.coinafrique.com/annonce/terrains/terrain-420m-saly-veligara-5839959;2026-05-12T16:43:42+00:00
SN;Sénégal;coinafrique;location;terrain;terrains;Terrain 314m² -Mbour Medine;12000000;314;38217;;;;;https://sn.coinafrique.com/annonce/terrains/terrain-314m-mbour-medine-5839951;2026-05-12T16:43:42+00:00
SN;Sénégal;coinafrique;location;terrain;terrains;Terrain 365m² tf cité bceao yoff;260000000;365;712329;;;;;https://sn.coinafrique.com/annonce/terrains/terrain-365m-tf-cite-bceao-yoff-5836437;2026-05-12T16:43:42+00:00
SN;Sénégal;coinafrique;location;terrain;terrains;Terrain tf 4000m² - Yoff;1900000000;4000;475000;;;;;https://sn.coinafrique.com/annonce/terrains/terrain-tf-4000m-yoff-5836267;2026-05-12T16:43:42+00:00
SN;Sénégal;coinafrique;location;terrain;terrains;Terrains 150 m² à Sicap Keur Massar;13000000;150;86667;;;;;https://sn.coinafrique.com/annonce/terrains/terrains-150-m-a-sicap-keur-massar-5839723;2026-05-12T16:43:42+00:00
SN;Sénégal;coinafrique;location;terrain;terrains;Terrain 150 m² - Keur Massar;14000000;150;93333;;;;;https://sn.coinafrique.com/annonce/terrains/terrain-150-m-keur-massar-5881295;2026-05-12T16:43:42+00:00
SN;Sénégal;coinafrique;location;terrain;terrains;Terrains 919 m² - Ngaparou;60000000;919;65288;;;;;https://sn.coinafrique.com/annonce/terrains/terrains-919-m-ngaparou-5879992;2026-05-12T16:43:42+00:00
SN;Sénégal;coinafrique;location;terrain;terrains;Terrain 180 m² - Thiès;2000000;180;11111;;;;;https://sn.coinafrique.com/annonce/terrains/terrain-180-m-thies-5879797;2026-05-12T16:43:42+00:00
SN;Sénégal;coinafrique;location;terrain;terrains;Terrain 225 m² - Thiès;3500000;225;15556;;;;;https://sn.coinafrique.com/annonce/terrains/terrain-225-m-thies-5878736;2026-05-12T16:43:42+00:00
SN;Sénégal;coinafrique;location;terrain;terrains;Terrain 350m² à Saly Djambar;13000000;350;37143;;;;;https://sn.coinafrique.com/annonce/terrains/terrain-350m-a-saly-djambar-5837653;2026-05-12T16:43:42+00:00
SN;Sénégal;coinafrique;location;terrain;terrains;Terrain 300 m² - Mbodiène;8000000;300;26667;;;;;https://sn.coinafrique.com/annonce/terrains/terrain-300-m-mbodiene-5878069;2026-05-12T16:43:42+00:00
SN;Sénégal;coinafrique;location;terrain;terrains;Terrain 300m² - Yenne;10000000;300;33333;;;;;https://sn.coinafrique.com/annonce/terrains/terrain-300m-yenne-5877728;2026-05-12T16:43:42+00:00
SN;Sénégal;coinafrique;location;terrain;terrains;Terrain 300m2 angle - Nguekokh caricas;6500000;300;21667;;;;;https://sn.coinafrique.com/annonce/terrains/terrain-300m2-angle-nguekokh-caricas-5835894;2026-05-12T16:43:42+00:00
SN;Sénégal;coinafrique;location;terrain;terrains;Terrains 345m² - Mbour;20000000;345;57971;;;;;https://sn.coinafrique.com/annonce/terrains/terrains-345m-mbour-5834764;2026-05-12T16:43:42+00:00
SN;Sénégal;coinafrique;location;terrain;terrains;Terrain 300m² -Mbour;20000000;300;66667;;;;;https://sn.coinafrique.com/annonce/terrains/terrain-300m-mbour-5834696;2026-05-12T16:43:42+00:00
SN;Sénégal;coinafrique;location;terrain;terrains;Terrains 150 m² - lac rose;1500000;150;10000;;;;;https://sn.coinafrique.com/annonce/terrains/terrains-150-m-lac-rose-5873269;2026-05-12T16:43:42+00:00
SN;Sénégal;coinafrique;location;terrain;terrains;Terrain 595 m² à Saly;35000000;595;58824;;;;;https://sn.coinafrique.com/annonce/terrains/terrain-595-m-a-saly-5831904;2026-05-12T16:43:42+00:00
SN;Sénégal;coinafrique;location;terrain;terrains;Terrain 1250 m² - Saly;93000000;1250;74400;;;;;https://sn.coinafrique.com/annonce/terrains/terrain-1250-m-saly-5831903;2026-05-12T16:43:42+00:00
SN;Sénégal;coinafrique;location;terrain;terrains;Terrain 915 m² - Saly;55000000;915;60109;;;;;https://sn.coinafrique.com/annonce/terrains/terrain-915-m-saly-5831900;2026-05-12T16:43:42+00:00
SN;Sénégal;coinafrique;location;terrain;terrains;Terrains 300 m² - Saly;18000000;300;60000;;;;;https://sn.coinafrique.com/annonce/terrains/terrains-300-m-saly-5831888;2026-05-12T16:43:42+00:00
SN;Sénégal;coinafrique;location;terrain;terrains;Terrains 97100m² - Kébémer;19400000;97100;200;;;;;https://sn.coinafrique.com/annonce/terrains/terrains-97100m-kebemer-5872133;2026-05-12T16:43:42+00:00
SN;Sénégal;coinafrique;location;terrain;terrains;Terrain 270 m² - Saint louis;4000000;270;14815;;;;;https://sn.coinafrique.com/annonce/terrains/terrain-270-m-saint-louis-5870523;2026-05-12T16:43:42+00:00
SN;Sénégal;coinafrique;location;terrain;terrains;Terrains 150m² - Mamelles;33000000;150;220000;;;;;https://sn.coinafrique.com/annonce/terrains/terrains-150m-mamelles-5826304;2026-05-12T16:43:42+00:00
SN;Sénégal;coinafrique;location;terrain;terrains;Terrains 157m² à Mbao;20000000;157;127389;;;;;https://sn.coinafrique.com/annonce/terrains/terrains-157m-a-mbao-5827738;2026-05-12T16:43:42+00:00
SN;Sénégal;coinafrique;location;terrain;terrains;Terrains 200 m² - Almadies;150000000;200;750000;;;;;https://sn.coinafrique.com/annonce/terrains/terrains-200-m-almadies-5865345;2026-05-12T16:43:42+00:00
SN;Sénégal;coinafrique;location;terrain;terrains;Terrains 493m² - Point e;500000000;493;1014199;;;;;https://sn.coinafrique.com/annonce/terrains/terrains-493m-point-e-5865203;2026-05-12T16:43:42+00:00
SN;Sénégal;coinafrique;location;terrain;terrains;Terrains 30000 m² - dakar;150000;30000;5;;;;;https://sn.coinafrique.com/annonce/terrains/terrains-30000-m-dakar-5822300;2026-05-12T16:43:42+00:00
SN;Sénégal;coinafrique;location;terrain;terrains;Terrains 185 m² - Dakar;123000000;185;664865;;;;;https://sn.coinafrique.com/annonce/terrains/terrains-185-m-dakar-5822260;2026-05-12T16:43:42+00:00
SN;Sénégal;coinafrique;location;terrain;terrains;Terrains 246m² - Dakar;9000000;246;36585;;;;;https://sn.coinafrique.com/annonce/terrains/terrains-246m-dakar-5821962;2026-05-12T16:43:42+00:00
SN;Sénégal;coinafrique;location;terrain;terrains;Terrains 225m² - Lelo;6000000;225;26667;;;;;https://sn.coinafrique.com/annonce/terrains/terrains-225m-lelo-5863710;2026-05-12T16:43:42+00:00
SN;Sénégal;coinafrique;location;terrain;terrains;Terrain 300 m² - Keur Massar;130000000;300;433333;;;;;https://sn.coinafrique.com/annonce/terrains/terrain-300-m-keur-massar-5862373;2026-05-12T16:43:42+00:00
SN;Sénégal;coinafrique;location;terrain;terrains;Terrain 500m2 - Saly;23700000;500;47400;;;;;https://sn.coinafrique.com/annonce/terrains/terrain-500m2-saly-5861596;2026-05-12T16:43:42+00:00
SN;Sénégal;coinafrique;achat;terrain;terrains;Terrain 300m2 et 600m2 à Vendre Sindia;4350000;300;14500;;;;;https://sn.coinafrique.com/annonce/terrains/terrain-300m2-et-600m2-a-vendre-sindia-5861578;2026-05-12T16:43:42+00:00
SN;Sénégal;coinafrique;location;terrain;terrains;Terrains 225m² à Ndiass;6000000;225;26667;;;;;https://sn.coinafrique.com/annonce/terrains/terrains-225m-a-ndiass-5860988;2026-05-12T16:43:42+00:00
SN;Sénégal;coinafrique;location;terrain;terrains;Terrains 2500 m² - Lac rose;23000000;2500;9200;;;;;https://sn.coinafrique.com/annonce/terrains/terrains-2500-m-lac-rose-5858901;2026-05-12T16:43:42+00:00
SN;Sénégal;coinafrique;location;terrain;terrains;Terrain 300 m2 Saly aérodrome;36500000;300;121667;;;;;https://sn.coinafrique.com/annonce/terrains/terrain-300-m2-saly-aerodrome-5857187;2026-05-12T16:43:42+00:00
SN;Sénégal;coinafrique;location;terrain;terrains;Terrains 300 m² - Sangué;1500000;300;5000;;;;;https://sn.coinafrique.com/annonce/terrains/terrains-300-m-sangue-5856231;2026-05-12T16:43:42+00:00
SN;Sénégal;coinafrique;location;terrain;terrains;Terrains 221 m² - HLM;100000000;221;452489;;;;;https://sn.coinafrique.com/annonce/terrains/terrains-221-m-hlm-5813630;2026-05-12T16:43:42+00:00
SN;Sénégal;coinafrique;location;terrain;terrains;Terrains 390 m² - sicap liberté;260000000;390;666667;;;;;https://sn.coinafrique.com/annonce/terrains/terrains-390-m-sicap-liberte-5813619;2026-05-12T16:43:42+00:00
SN;Sénégal;coinafrique;location;terrain;terrains;Terrains 160 m² - sicap liberté;130000000;160;812500;;;;;https://sn.coinafrique.com/annonce/terrains/terrains-160-m-sicap-liberte-5813609;2026-05-12T16:43:42+00:00
SN;Sénégal;coinafrique;location;terrain;terrains;Terrains 318m² - Sicap liberté;300000000;318;943396;;;;;https://sn.coinafrique.com/annonce/terrains/terrains-318m-sicap-liberte-5813476;2026-05-12T16:43:42+00:00
SN;Sénégal;coinafrique;location;terrain;terrains;Terrain 300m² - Toubab dialao;7500000;300;25000;;;;;https://sn.coinafrique.com/annonce/terrains/terrain-300m-toubab-dialao-5853725;2026-05-12T16:43:42+00:00
SN;Sénégal;coinafrique;location;terrain;terrains;Terrains 200 m² - Keur Massar;40000000;200;200000;;;;;https://sn.coinafrique.com/annonce/terrains/terrains-200-m-keur-massar-5853607;2026-05-12T16:43:42+00:00
SN;Sénégal;coinafrique;location;terrain;terrains;Terrain 150 m² - Angle;28000000;150;186667;;;;;https://sn.coinafrique.com/annonce/terrains/terrain-150-m-angle-5853494;2026-05-12T16:43:42+00:00
SN;Sénégal;coinafrique;location;terrain;terrains;Terrain 240 m² - Almadies 2;55000000;240;229167;;;;;https://sn.coinafrique.com/annonce/terrains/terrain-240-m-almadies-2-5853268;2026-05-12T16:43:42+00:00
SN;Sénégal;coinafrique;location;terrain;terrains;Terrain 1200 m² - nicade et sortir;45000000;1200;37500;;;;;https://sn.coinafrique.com/annonce/terrains/terrain-1200-m-nicade-et-sortir-5851281;2026-05-12T16:43:42+00:00
SN;Sénégal;coinafrique;location;terrain;terrains;Terrain 300m² - Thies;6000000;300;20000;;;;;https://sn.coinafrique.com/annonce/terrains/terrain-300m-thies-5851083;2026-05-12T16:43:42+00:00
SN;Sénégal;coinafrique;location;terrain;terrains;Terrains 300 m² - mbour;13000000;300;43333;;;;;https://sn.coinafrique.com/annonce/terrains/terrains-300-m-mbour-5849998;2026-05-12T16:43:42+00:00
SN;Sénégal;coinafrique;location;terrain;terrains;Terrains 300 m² - Mbour;8500000;300;28333;;;;;https://sn.coinafrique.com/annonce/terrains/terrains-300-m-mbour-5849581;2026-05-12T16:43:42+00:00
SN;Sénégal;coinafrique;location;terrain;terrains;Terrain de 300m2 zac mbao;55000000;300;183333;;;;;https://sn.coinafrique.com/annonce/terrains/terrain-de-300m2-zac-mbao-5848840;2026-05-12T16:43:42+00:00
SN;Sénégal;coinafrique;location;terrain;terrains;Terrains 150 m2 - Lac rose;5000000;150;33333;;;;;https://sn.coinafrique.com/annonce/terrains/terrains-150-m2-lac-rose-5848057;2026-05-12T16:43:42+00:00
SN;Sénégal;coinafrique;location;terrain;terrains;Terrain de 225m2 aéroport diass;4500000;225;20000;;;;;https://sn.coinafrique.com/annonce/terrains/terrain-de-225m2-aeroport-diass-5846655;2026-05-12T16:43:42+00:00
SN;Sénégal;coinafrique;location;terrain;terrains;Terrain 150m2 à l'aéroport diass;3500000;150;23333;;;;;https://sn.coinafrique.com/annonce/terrains/terrain-150m2-a-laeroport-diass-5846651;2026-05-12T16:43:42+00:00
SN;Sénégal;coinafrique;location;terrain;terrains;Terrain 150 m² Mbao villeneuve;25000000;150;166667;;;;haut;https://sn.coinafrique.com/annonce/terrains/terrain-150-m-mbao-villeneuve-5806514;2026-05-12T16:43:42+00:00
SN;Sénégal;coinafrique;location;terrain;terrains;Terrains 180 m² - Diamniadio;6000000;180;33333;;;;;https://sn.coinafrique.com/annonce/terrains/terrains-180-m-diamniadio-5844306;2026-05-12T16:43:42+00:00
SN;Sénégal;coinafrique;location;terrain;terrains;Terrain 300m² - Thiès;30000000;300;100000;;;;;https://sn.coinafrique.com/annonce/terrains/terrain-300m-thies-5843958;2026-05-12T16:43:42+00:00
SN;Sénégal;coinafrique;location;terrain;terrains;Terrain 150 m² - A lmadies;84500000;150;563333;;;;;https://sn.coinafrique.com/annonce/terrains/terrain-150-m-a-lmadies-5843403;2026-05-12T16:43:42+00:00
SN;Sénégal;coinafrique;location;terrain;terrains;Parcelle 300 m² - Saly Aérodrome;35000000;300;116667;;;;;https://sn.coinafrique.com/annonce/terrains/parcelle-300-m-saly-aerodrome-5841620;2026-05-12T16:43:42+00:00
SN;Sénégal;coinafrique;location;terrain;terrains;Terrains 2600 m² - Saly;75000000;2600;28846;;;;;https://sn.coinafrique.com/annonce/terrains/terrains-2600-m-saly-5841607;2026-05-12T16:43:42+00:00
SN;Sénégal;coinafrique;location;terrain;terrains;Terrain - Niakourap;10000000;;;;Plateau;;;https://sn.coinafrique.com/annonce/terrains/terrain-niakourap-5841346;2026-05-12T16:43:42+00:00
SN;Sénégal;coinafrique;location;terrain;terrains;Terrains 150 m² - Zac mbao;23000000;150;153333;;;;;https://sn.coinafrique.com/annonce/terrains/terrains-150-m-zac-mbao-5841137;2026-05-12T16:43:42+00:00
SN;Sénégal;coinafrique;location;terrain;terrains;Terrains 300 m² à Mamelles;250000000;300;833333;;;;;https://sn.coinafrique.com/annonce/terrains/terrains-300-m-a-mamelles-5798176;2026-05-12T16:43:42+00:00
SN;Sénégal;coinafrique;location;terrain;terrains;Terrains 170 m² - Almadies;95000000;170;558824;;;;;https://sn.coinafrique.com/annonce/terrains/terrains-170-m-almadies-5796873;2026-05-12T16:43:42+00:00
SN;Sénégal;coinafrique;location;terrain;terrains;Terrains 201 m² - Almadies;110000000;201;547264;;;;;https://sn.coinafrique.com/annonce/terrains/terrains-201-m-almadies-5796866;2026-05-12T16:43:42+00:00
SN;Sénégal;coinafrique;location;terrain;terrains;Terrains 245 m² - Mariste;120000000;245;489796;;;;;https://sn.coinafrique.com/annonce/terrains/terrains-245-m-mariste-5796854;2026-05-12T16:43:42+00:00
SN;Sénégal;coinafrique;location;terrain;terrains;Terrains 165m² - Almadies;135000000;165;818182;;;;;https://sn.coinafrique.com/annonce/terrains/terrains-165m-almadies-5796843;2026-05-12T16:43:42+00:00
SN;Sénégal;coinafrique;location;terrain;terrains;Terrains 204 m²- Almadies;150000000;204;735294;;;;;https://sn.coinafrique.com/annonce/terrains/terrains-204-m-almadies-5796833;2026-05-12T16:43:42+00:00
SN;Sénégal;coinafrique;location;terrain;terrains;Terrains 300m² - Almadies;180000000;300;600000;;;;;https://sn.coinafrique.com/annonce/terrains/terrains-300m-almadies-5796820;2026-05-12T16:43:42+00:00
SN;Sénégal;coinafrique;location;terrain;terrains;Terrains 307 m² - Sicap liberté;215000000;307;700326;;;;;https://sn.coinafrique.com/annonce/terrains/terrains-307-m-sicap-liberte-5796805;2026-05-12T16:43:42+00:00
SN;Sénégal;coinafrique;location;terrain;terrains;Terrains 225m² - Sacré-coeur;250000000;225;1111111;;;;;https://sn.coinafrique.com/annonce/terrains/terrains-225m-sacre-coeur-5796786;2026-05-12T16:43:42+00:00
SN;Sénégal;coinafrique;location;terrain;terrains;Terrains 500m² - Dakar;500000000;500;1000000;;;;;https://sn.coinafrique.com/annonce/terrains/terrains-500m-dakar-5796764;2026-05-12T16:43:42+00:00
SN;Sénégal;coinafrique;location;terrain;terrains;Terrains 1000m² - Almadies;600000000;1000;600000;;;;;https://sn.coinafrique.com/annonce/terrains/terrains-1000m-almadies-5796756;2026-05-12T16:43:42+00:00
SN;Sénégal;coinafrique;location;terrain;terrains;Terrains 569m² - Sacré-coeur;620000000;569;1089631;;;;;https://sn.coinafrique.com/annonce/terrains/terrains-569m-sacre-coeur-5796743;2026-05-12T16:43:42+00:00
SN;Sénégal;coinafrique;location;terrain;terrains;Terrains 3500 m² - Sicap foire;650000;3500;186;;;;;https://sn.coinafrique.com/annonce/terrains/terrains-3500-m-sicap-foire-5796610;2026-05-12T16:43:42+00:00
SN;Sénégal;coinafrique;location;terrain;terrains;Terrains 1247 m² - Dakar;1300000;1247;1043;;;;;https://sn.coinafrique.com/annonce/terrains/terrains-1247-m-dakar-5796586;2026-05-12T16:43:42+00:00
SN;Sénégal;coinafrique;location;terrain;terrains;Terrains 1000m² - Dakar;1100000000;1000;1100000;;;;;https://sn.coinafrique.com/annonce/terrains/terrains-1000m-dakar-5796567;2026-05-12T16:43:42+00:00
SN;Sénégal;coinafrique;location;terrain;terrains;Terrains 243m²- Almadies;185000000;243;761317;;;;;https://sn.coinafrique.com/annonce/terrains/terrains-243m-almadies-5796526;2026-05-12T16:43:42+00:00
SN;Sénégal;coinafrique;location;terrain;terrains;Terrains 210 m² - Mamelles;175000000;210;833333;;;;;https://sn.coinafrique.com/annonce/terrains/terrains-210-m-mamelles-5794675;2026-05-12T16:43:42+00:00
SN;Sénégal;coinafrique;location;terrain;terrains;Terrain 500m² - Almadies;1000000;500;2000;;;;;https://sn.coinafrique.com/annonce/terrains/terrain-500m-almadies-5824216;2026-05-12T16:43:42+00:00
SN;Sénégal;coinafrique;location;terrain;terrains;Terrains 150 m² à sébikhotane;5000000;150;33333;;;;;https://sn.coinafrique.com/annonce/terrains/terrains-150-m-a-sebikhotane-5836300;2026-05-12T16:43:42+00:00
SN;Sénégal;coinafrique;location;terrain;terrains;Terrains 400 m² - Ndiass;8000000;400;20000;;;;;https://sn.coinafrique.com/annonce/terrains/terrains-400-m-ndiass-5835946;2026-05-12T16:43:42+00:00
SN;Sénégal;coinafrique;location;terrain;terrains;250m² bail/rond point 6;150000000;250;600000;;;;;https://sn.coinafrique.com/annonce/terrains/250m-bail-rond-point-6-5835895;2026-05-12T16:43:42+00:00
SN;Sénégal;coinafrique;location;terrain;terrains;Terrain 150m² - Dakar;2000000;150;13333;;;;;https://sn.coinafrique.com/annonce/terrains/terrain-150m-dakar-5835185;2026-05-12T16:43:42+00:00
SN;Sénégal;coinafrique;location;terrain;terrains;Terrain 201m² - Angle keur massar roind point gouygui;45000000;201;223881;;;;;https://sn.coinafrique.com/annonce/terrains/terrain-201m-angle-keur-massar-roind-point-gouygui-5834826;2026-05-12T16:43:42+00:00
SN;Sénégal;coinafrique;location;terrain;terrains;Terrains 225 m² - Thicky diass;2500000;225;11111;;;;;https://sn.coinafrique.com/annonce/terrains/terrains-225-m-thicky-diass-5834576;2026-05-12T16:43:42+00:00
SN;Sénégal;coinafrique;location;terrain;terrains;Terrain 150m² - Diamniadio Mbalibor - TF Global;9500000;150;63333;;;;;https://sn.coinafrique.com/annonce/terrains/terrain-150m-diamniadio-mbalibor-tf-global-5834506;2026-05-12T16:43:42+00:00
SN;Sénégal;coinafrique;location;terrain;terrains;Terrain 600m² - Mbour;35000000;600;58333;;;;;https://sn.coinafrique.com/annonce/terrains/terrain-600m-mbour-5834062;2026-05-12T16:43:42+00:00
SN;Sénégal;coinafrique;location;terrain;terrains;Terrains 300 m² - Malikounda thakoum;2500000;300;8333;;;;;https://sn.coinafrique.com/annonce/terrains/terrains-300-m-malikounda-thakoum-5792999;2026-05-12T16:43:42+00:00
SN;Sénégal;coinafrique;location;terrain;terrains;Terrains 800 m² - Ziguinchor;40000000;800;50000;;;;;https://sn.coinafrique.com/annonce/terrains/terrains-800-m-ziguinchor-5803176;2026-05-12T16:43:42+00:00
SN;Sénégal;coinafrique;location;terrain;terrains;Terrains 800 m² - ziguinchor cap skirring;39000000;800;48750;;;;;https://sn.coinafrique.com/annonce/terrains/terrains-800-m-ziguinchor-cap-skirring-5803163;2026-05-12T16:43:42+00:00
SN;Sénégal;coinafrique;location;terrain;terrains;Terrains 150 m² - kounoune fass;17000000;150;113333;;;;;https://sn.coinafrique.com/annonce/terrains/terrains-150-m-kounoune-fass-5803135;2026-05-12T16:43:42+00:00
SN;Sénégal;coinafrique;location;terrain;terrains;Terrains 300m² - Sindia;15000000;300;50000;;;;;https://sn.coinafrique.com/annonce/terrains/terrains-300m-sindia-5803126;2026-05-12T16:43:42+00:00
SN;Sénégal;coinafrique;location;terrain;terrains;Terrain 160 m2 Mariste;100000000;160;625000;;;;;https://sn.coinafrique.com/annonce/terrains/terrain-160-m2-mariste-5800327;2026-05-12T16:43:42+00:00
SN;Sénégal;coinafrique;location;terrain;terrains;Terrain 225 m² - Diass;3500000;225;15556;;;;;https://sn.coinafrique.com/annonce/terrains/terrain-225-m-diass-5830252;2026-05-12T16:43:42+00:00
SN;Sénégal;coinafrique;location;terrain;terrains;Terrain 400 m² - Saly;25000000;400;62500;;;;;https://sn.coinafrique.com/annonce/terrains/terrain-400-m-saly-5830235;2026-05-12T16:43:42+00:00
SN;Sénégal;coinafrique;location;terrain;terrains;Terrains 150 m² - Bambilor;2500000;150;16667;;;;;https://sn.coinafrique.com/annonce/terrains/terrains-150-m-bambilor-5829814;2026-05-12T16:43:42+00:00
SN;Sénégal;coinafrique;location;terrain;terrains;Terrains 150 m2- Kounoune 1;18000000;150;120000;;;;;https://sn.coinafrique.com/annonce/terrains/terrains-150-m2-kounoune-1-5796401;2026-05-12T16:43:42+00:00
SN;Sénégal;coinafrique;location;terrain;terrains;Terrains 188 m² - Mariste;90000000;188;478723;;;;;https://sn.coinafrique.com/annonce/terrains/terrains-188-m-mariste-5827931;2026-05-12T16:43:42+00:00
SN;Sénégal;coinafrique;location;terrain;terrains;Terrain titre foncier 1000m2 - Saly;130000000;1000;130000;;;;;https://sn.coinafrique.com/annonce/terrains/terrain-titre-foncier-1000m2-saly-5784232;2026-05-12T16:43:42+00:00
SN;Sénégal;coinafrique;location;terrain;terrains;Terrains 10200m² - route de Ngaparou/ngerigne;57000;10200;6;;;;;https://sn.coinafrique.com/annonce/terrains/terrains-10200m-route-de-ngaparou-ngerigne-5784200;2026-05-12T16:43:42+00:00
SN;Sénégal;coinafrique;location;terrain;terrains;Terrains 18000m² - route de Ngaparou/ngerigne;50000;18000;3;;;;;https://sn.coinafrique.com/annonce/terrains/terrains-18000m-route-de-ngaparou-ngerigne-5784194;2026-05-12T16:43:42+00:00
SN;Sénégal;coinafrique;location;terrain;terrains;Terrains 241m² - ngor;2411;241;10;;;;;https://sn.coinafrique.com/annonce/terrains/terrains-241m-ngor-5821677;2026-05-12T16:43:42+00:00
SN;Sénégal;coinafrique;location;terrain;terrains;Location terrains 700 m²- Point E;1500000;700;2143;;;;;https://sn.coinafrique.com/annonce/terrains/location-terrains-700-m-point-e-5820024;2026-05-12T16:43:42+00:00
SN;Sénégal;coinafrique;location;terrain;terrains;Terrains 10000m² - Thies;250000000;10000;25000;;;;;https://sn.coinafrique.com/annonce/terrains/terrains-10000m-thies-5771721;2026-05-12T16:43:42+00:00
SN;Sénégal;coinafrique;location;terrain;terrains;Terrain 150 m² - Parcelle Assainies;15000000;150;100000;;;;;https://sn.coinafrique.com/annonce/terrains/terrain-150-m-parcelle-assainies-5818157;2026-05-12T16:43:42+00:00
SN;Sénégal;coinafrique;location;terrain;terrains;Terrains 501 m² - Ngaparou;75000000;501;149701;;;;;https://sn.coinafrique.com/annonce/terrains/terrains-501-m-ngaparou-5816969;2026-05-12T16:43:42+00:00
SN;Sénégal;coinafrique;location;terrain;terrains;Terrains 150 m² - Barny ville verte;7000000;150;46667;;;;;https://sn.coinafrique.com/annonce/terrains/terrains-150-m-barny-ville-verte-5815396;2026-05-12T16:43:42+00:00
SN;Sénégal;coinafrique;location;terrain;terrains;Terrain 300 m² - Rufisque;6000000;300;20000;;;;;https://sn.coinafrique.com/annonce/terrains/terrain-300-m-rufisque-5814787;2026-05-12T16:43:42+00:00
SN;Sénégal;coinafrique;location;terrain;terrains;Terrains 150m² - Guediawaye;42000000;150;280000;;;;;https://sn.coinafrique.com/annonce/terrains/terrains-150m-guediawaye-5814544;2026-05-12T16:43:42+00:00
SN;Sénégal;coinafrique;location;terrain;terrains;Terrain 150m² - Diamniadio ndoukhoura wolof;3500000;150;23333;;;;;https://sn.coinafrique.com/annonce/terrains/terrain-150m-diamniadio-ndoukhoura-wolof-5814260;2026-05-12T16:43:42+00:00
SN;Sénégal;coinafrique;location;terrain;terrains;Terrains 150 m² - Thiès;3000000;150;20000;;;;;https://sn.coinafrique.com/annonce/terrains/terrains-150-m-thies-5814196;2026-05-12T16:43:42+00:00
SN;Sénégal;coinafrique;location;terrain;terrains;Terrain 225m² - Thies;5000000;225;22222;;;;;https://sn.coinafrique.com/annonce/terrains/terrain-225m-thies-5814192;2026-05-12T16:43:42+00:00
SN;Sénégal;coinafrique;location;terrain;terrains;Terrain 400 m² - Mboro;6000000;400;15000;;;;;https://sn.coinafrique.com/annonce/terrains/terrain-400-m-mboro-5811749;2026-05-12T16:43:42+00:00
SN;Sénégal;coinafrique;location;terrain;terrains;Terrain 225 m² - Thiès;4500000;225;20000;;;;;https://sn.coinafrique.com/annonce/terrains/terrain-225-m-thies-5810767;2026-05-12T16:43:42+00:00
SN;Sénégal;coinafrique;achat;terrain;terrains;Terrain à vendre à Dougar;60000000;;;;Plateau;;;https://sn.coinafrique.com/annonce/terrains/terrain-a-vendre-a-dougar-5809552;2026-05-12T16:43:42+00:00
SN;Sénégal;coinafrique;location;terrain;terrains;Terrain 300m² - Sénégal;180000000;300;600000;;;;;https://sn.coinafrique.com/annonce/terrains/terrain-300m-senegal-5774485;2026-05-12T16:43:42+00:00
SN;Sénégal;coinafrique;location;terrain;terrains;Terrain 351m² - Sénégal;351000000;351;1000000;;;;;https://sn.coinafrique.com/annonce/terrains/terrain-351m-senegal-5774466;2026-05-12T16:43:42+00:00
SN;Sénégal;coinafrique;location;terrain;terrains;Terrain 225m² - Sacré coeur;250000000;225;1111111;;;;;https://sn.coinafrique.com/annonce/terrains/terrain-225m-sacre-coeur-5774460;2026-05-12T16:43:42+00:00
SN;Sénégal;coinafrique;location;terrain;terrains;Terrain 150 m² - Dakar;1500000;150;10000;;;;;https://sn.coinafrique.com/annonce/terrains/terrain-150-m-dakar-5809133;2026-05-12T16:43:42+00:00
SN;Sénégal;coinafrique;achat;terrain;terrains;Vente terrain 569 m² sur corniche des mamelles;569000000;569;1000000;;;;;https://sn.coinafrique.com/annonce/terrains/vente-terrain-569-m-sur-corniche-des-mamelles-5808777;2026-05-12T16:43:42+00:00
SN;Sénégal;coinafrique;location;terrain;terrains;Des terrains de 180m2 papiers délibération disponible a toglou;2500000;180;13889;;;;;https://sn.coinafrique.com/annonce/terrains/des-terrains-de-180m2-papiers-deliberation-disponible-a-toglou-5807624;2026-05-12T16:43:42+00:00
SN;Sénégal;coinafrique;location;terrain;terrains;Terrain 300m² - Thies;10000000;300;33333;;;;;https://sn.coinafrique.com/annonce/terrains/terrain-300m-thies-5807029;2026-05-12T16:43:42+00:00
SN;Sénégal;coinafrique;location;terrain;terrains;Terrain 173m² Dakar Yoff Hangar Pellerin;95000000;173;549133;;;;;https://sn.coinafrique.com/annonce/terrains/terrain-173m-dakar-yoff-hangar-pellerin-5786545;2026-05-12T16:43:42+00:00
SN;Sénégal;coinafrique;location;terrain;terrains;Terrain 170 m² - Dakar virage;95000000;170;558824;;;;;https://sn.coinafrique.com/annonce/terrains/terrain-170-m-dakar-virage-5786542;2026-05-12T16:43:42+00:00
SN;Sénégal;coinafrique;location;terrain;terrains;Terrain 150 m² - Keur Massar;25000000;150;166667;;;;;https://sn.coinafrique.com/annonce/terrains/terrain-150-m-keur-massar-5804612;2026-05-12T16:43:42+00:00
SN;Sénégal;coinafrique;location;terrain;terrains;Terrain 300 m² - Malicounda;7000000;300;23333;;;;;https://sn.coinafrique.com/annonce/terrains/terrain-300-m-malicounda-5803977;2026-05-12T16:43:42+00:00
SN;Sénégal;coinafrique;location;terrain;terrains;Terrain 225 m² - Zac mbao cite oryx;35000000;225;155556;;;;;https://sn.coinafrique.com/annonce/terrains/terrain-225-m-zac-mbao-cite-oryx-5802474;2026-05-12T16:43:42+00:00
SN;Sénégal;coinafrique;achat;terrain;terrains;Terrain de 366m² à vendre à bambilor à côté de la station elton très bien positionné;9000000;366;24590;;;;;https://sn.coinafrique.com/annonce/terrains/terrain-de-366m-a-vendre-a-bambilor-a-cote-de-la-station-elton-tres-bien-positionne-5802407;2026-05-12T16:43:42+00:00
SN;Sénégal;coinafrique;location;terrain;terrains;Terrain 300m²- Zac mbao;55000000;300;183333;;;;;https://sn.coinafrique.com/annonce/terrains/terrain-300m-zac-mbao-5799877;2026-05-12T16:43:42+00:00
SN;Sénégal;coinafrique;location;terrain;terrains;Terrain 150m² - Diamniadio;12500000;150;83333;;;;;https://sn.coinafrique.com/annonce/terrains/terrain-150m-diamniadio-5799870;2026-05-12T16:43:42+00:00
SN;Sénégal;coinafrique;location;terrain;terrains;Terrains 200m² - Mamelles;190000000;200;950000;;;;;https://sn.coinafrique.com/annonce/terrains/terrains-200m-mamelles-5799747;2026-05-12T16:43:42+00:00
SN;Sénégal;coinafrique;location;terrain;terrains;Terrain 300 m² - Diamniadio;35000000;300;116667;;;;;https://sn.coinafrique.com/annonce/terrains/terrain-300-m-diamniadio-5798979;2026-05-12T16:43:42+00:00
SN;Sénégal;coinafrique;location;terrain;terrains;Terrains 296 m² - Mbour;13000000;296;43919;;;;;https://sn.coinafrique.com/annonce/terrains/terrains-296-m-mbour-5796875;2026-05-12T16:43:42+00:00
SN;Sénégal;coinafrique;location;terrain;terrains;Terrains 150 m² - Rufisque;4000000;150;26667;;;;;https://sn.coinafrique.com/annonce/terrains/terrains-150-m-rufisque-5770802;2026-05-12T16:43:42+00:00
SN;Sénégal;coinafrique;location;terrain;terrains;Terrains 150 m² - Niaga;14000000;150;93333;;;;;https://sn.coinafrique.com/annonce/terrains/terrains-150-m-niaga-5770777;2026-05-12T16:43:42+00:00
SN;Sénégal;coinafrique;location;terrain;terrains;Terrains 300m² - Almadies;185000000;300;616667;;;;;https://sn.coinafrique.com/annonce/terrains/terrains-300m-almadies-5749424;2026-05-12T16:43:42+00:00
SN;Sénégal;coinafrique;location;terrain;terrains;Plateau 3 pièces;8500;;;3;Plateau;;;https://sn.coinafrique.com/annonce/terrains/plateau-3-pieces-5748697;2026-05-12T16:43:42+00:00
SN;Sénégal;coinafrique;location;terrain;terrains;Terrains 150m² - Niakhirate tf sangalkam;17000000;150;113333;;;;;https://sn.coinafrique.com/annonce/terrains/terrains-150m-niakhirate-tf-sangalkam-5772542;2026-05-12T16:43:42+00:00
SN;Sénégal;coinafrique;location;terrain;terrains;Terrains 150m2 - Ndiakhirate;24000000;150;160000;;;;;https://sn.coinafrique.com/annonce/terrains/terrains-150m2-ndiakhirate-5772530;2026-05-12T16:43:42+00:00
SN;Sénégal;coinafrique;location;terrain;terrains;Terrain 150m² - Gorom 2;8000000;150;53333;;;;;https://sn.coinafrique.com/annonce/terrains/terrain-150m-gorom-2-5789962;2026-05-12T16:43:42+00:00
SN;Sénégal;coinafrique;location;terrain;terrains;Terrain 225m² - Keur moussa;4500000;225;20000;;;;;https://sn.coinafrique.com/annonce/terrains/terrain-225m-keur-moussa-5789652;2026-05-12T16:43:42+00:00
SN;Sénégal;coinafrique;location;terrain;terrains;Terrain 150m² - Bambilor;4000000;150;26667;;;;;https://sn.coinafrique.com/annonce/terrains/terrain-150m-bambilor-5789646;2026-05-12T16:43:42+00:00
SN;Sénégal;coinafrique;location;terrain;terrains;Terrain 150 m² - Dakar;35000000;150;233333;;;;;https://sn.coinafrique.com/annonce/terrains/terrain-150-m-dakar-5789392;2026-05-12T16:43:42+00:00
SN;Sénégal;coinafrique;location;terrain;terrains;Terrains 600 m² - Ndoukhoura;10000000;600;16667;;;;;https://sn.coinafrique.com/annonce/terrains/terrains-600-m-ndoukhoura-5788668;2026-05-12T16:43:42+00:00
SN;Sénégal;coinafrique;location;terrain;terrains;Terrain 300m² - Toubab dialao;10500000;300;35000;;;;;https://sn.coinafrique.com/annonce/terrains/terrain-300m-toubab-dialao-5788250;2026-05-12T16:43:42+00:00
SN;Sénégal;coinafrique;location;terrain;terrains;Terrain 300m² - Toubab dialao;12000000;300;40000;;;;;https://sn.coinafrique.com/annonce/terrains/terrain-300m-toubab-dialao-5788248;2026-05-12T16:43:42+00:00
SN;Sénégal;coinafrique;location;terrain;terrains;"Terrain 349 m² - Patte d""Oie";80000000;349;229226;;;;;https://sn.coinafrique.com/annonce/terrains/terrain-349-m-patte-doie-5787894;2026-05-12T16:43:42+00:00
SN;Sénégal;coinafrique;location;terrain;terrains;Terrain 400 m² - Touba;3300000;400;8250;;;;;https://sn.coinafrique.com/annonce/terrains/terrain-400-m-touba-5787453;2026-05-12T16:43:42+00:00
SN;Sénégal;coinafrique;location;terrain;terrains;Terrain 1000 m² angle aux Almadies;1500000000;1000;1500000;;;;;https://sn.coinafrique.com/annonce/terrains/terrain-1000-m-angle-aux-almadies-5741789;2026-05-12T16:43:42+00:00
SN;Sénégal;coinafrique;location;terrain;terrains;Terrain 2072 m²- Corniche des almadies;1400000;2072;676;;;;;https://sn.coinafrique.com/annonce/terrains/terrain-2072-m-corniche-des-almadies-5786929;2026-05-12T16:43:42+00:00
SN;Sénégal;coinafrique;location;terrain;terrains;Terrain 300 m² - Lac Rose;12000000;300;40000;;;;;https://sn.coinafrique.com/annonce/terrains/terrain-300-m-lac-rose-5786802;2026-05-12T16:43:42+00:00
SN;Sénégal;coinafrique;location;terrain;terrains;Terrain 280 m² à Mamelle;1100000;280;3929;;;;;https://sn.coinafrique.com/annonce/terrains/terrain-280-m-a-mamelle-5741303;2026-05-12T16:43:42+00:00
SN;Sénégal;coinafrique;location;terrain;terrains;Terrains 250m² - Almadies;225000000;250;900000;;;;;https://sn.coinafrique.com/annonce/terrains/terrains-250m-almadies-5737671;2026-05-12T16:43:42+00:00
SN;Sénégal;coinafrique;location;terrain;terrains;Terrains 501m² - Almadies;450000000;501;898204;;;;;https://sn.coinafrique.com/annonce/terrains/terrains-501m-almadies-5737654;2026-05-12T16:43:42+00:00
SN;Sénégal;coinafrique;location;terrain;terrains;Terrain 200m² - Almadie;200000000;200;1000000;;;;;https://sn.coinafrique.com/annonce/terrains/terrain-200m-almadie-5739255;2026-05-12T16:43:42+00:00
SN;Sénégal;coinafrique;location;terrain;terrains;Terrain 200m² - Mamelles;150000000;200;750000;;;;;https://sn.coinafrique.com/annonce/terrains/terrain-200m-mamelles-5739250;2026-05-12T16:43:42+00:00
SN;Sénégal;coinafrique;location;terrain;terrains-agricoles;Terrains agricoles 7783m² - Thies;4900000;7783;630;;;;;https://sn.coinafrique.com/annonce/terrains-agricoles/terrains-agricoles-7783m-thies-5880205;2026-05-12T16:43:42+00:00
SN;Sénégal;coinafrique;location;terrain;terrains-agricoles;Terrains agricoles 10557m² - Thies;6750000;10557;639;;;;;https://sn.coinafrique.com/annonce/terrains-agricoles/terrains-agricoles-10557m-thies-5869181;2026-05-12T16:43:42+00:00
SN;Sénégal;coinafrique;location;terrain;terrains-agricoles;Terrains agricoles 4300m² - Thies;3400000;4300;791;;;;;https://sn.coinafrique.com/annonce/terrains-agricoles/terrains-agricoles-4300m-thies-5846002;2026-05-12T16:43:42+00:00
SN;Sénégal;coinafrique;location;terrain;terrains-agricoles;Terrains agricoles 23339 m² - thies;12698500;23339;544;;;;;https://sn.coinafrique.com/annonce/terrains-agricoles/terrains-agricoles-23339-m-thies-5838807;2026-05-12T16:43:42+00:00
SN;Sénégal;coinafrique;location;terrain;terrains-agricoles;Terrains agricoles 10000 m² - Thies;6000000;10000;600;;;;;https://sn.coinafrique.com/annonce/terrains-agricoles/terrains-agricoles-10000-m-thies-5852301;2026-05-12T16:43:42+00:00
SN;Sénégal;coinafrique;location;terrain;terrains-agricoles;Terrains agricoles 1288m2 - Thies;7040000;1288;5466;;;;;https://sn.coinafrique.com/annonce/terrains-agricoles/terrains-agricoles-1288m2-thies-5774247;2026-05-12T16:43:42+00:00
SN;Sénégal;coinafrique;location;terrain;terrains-agricoles;Terrain agricole 300 m² - Notto Gouye Diama;20000000;300;66667;;;;;https://sn.coinafrique.com/annonce/terrains-agricoles/terrain-agricole-300-m-notto-gouye-diama-5802398;2026-05-12T16:43:42+00:00
SN;Sénégal;coinafrique;location;terrain;terrains-agricoles;Terrain 5000m² - ferme avicole;95000000;5000;19000;;;;;https://sn.coinafrique.com/annonce/terrains-agricoles/terrain-5000m-ferme-avicole-5779782;2026-05-12T16:43:42+00:00
SN;Sénégal;coinafrique;location;terrain;terrains-agricoles;Terrains agricoles 4471 m² - Mboro;10500000;4471;2348;;;;;https://sn.coinafrique.com/annonce/terrains-agricoles/terrains-agricoles-4471-m-mboro-5779052;2026-05-12T16:43:42+00:00
SN;Sénégal;coinafrique;location;terrain;terrains-agricoles;Terrains agricoles 10000 m² - Saint Louis;25000000;10000;2500;;;;;https://sn.coinafrique.com/annonce/terrains-agricoles/terrains-agricoles-10000-m-saint-louis-5754462;2026-05-12T16:43:42+00:00
SN;Sénégal;coinafrique;achat;terrain;terrains-agricoles;Vente terrains agricoles 20000 m² - Thiès;25000000;20000;1250;;;;;https://sn.coinafrique.com/annonce/terrains-agricoles/vente-terrains-agricoles-20000-m-thies-5723354;2026-05-12T16:43:42+00:00
SN;Sénégal;coinafrique;achat;terrain;terrains-agricoles;Vente terrains agricoles 4471m2 -Mboro;12500000;4471;2796;;;;;https://sn.coinafrique.com/annonce/terrains-agricoles/vente-terrains-agricoles-4471m2-mboro-5572529;2026-05-12T16:43:42+00:00
SN;Sénégal;coinafrique;location;terrain;terrains-agricoles;Terrain agricole 4471 m² - Mboro;15000000;4471;3355;;;;;https://sn.coinafrique.com/annonce/terrains-agricoles/terrain-agricole-4471-m-mboro-5568558;2026-05-12T16:43:42+00:00
SN;Sénégal;coinafrique;location;terrain;terrains-agricoles;Terrain agricole 25000 m² - Louly;45000000;25000;1800;;;;;https://sn.coinafrique.com/annonce/terrains-agricoles/terrain-agricole-25000-m-louly-5583379;2026-05-12T16:43:42+00:00
SN;Sénégal;coinafrique;location;terrain;terrains-agricoles;Terrain agricole 25000 m²- - Mbour;45000000;25000;1800;;;;;https://sn.coinafrique.com/annonce/terrains-agricoles/terrain-agricole-25000-m-mbour-5571273;2026-05-12T16:43:42+00:00
SN;Sénégal;coinafrique;location;terrain;terrains-agricoles;Terrains agricoles 20000 m² - Mbour;58000000;20000;2900;;;;;https://sn.coinafrique.com/annonce/terrains-agricoles/terrains-agricoles-20000-m-mbour-5569678;2026-05-12T16:43:42+00:00
SN;Sénégal;coinafrique;location;terrain;terrains-agricoles;Terrains agricoles 150 m² - Mboro;60000000;150;400000;;;;;https://sn.coinafrique.com/annonce/terrains-agricoles/terrains-agricoles-150-m-mboro-5563802;2026-05-12T16:43:42+00:00
SN;Sénégal;coinafrique;location;terrain;terrains-agricoles;Terrain agricole 9551m² - Thies;37000000;9551;3874;;;;;https://sn.coinafrique.com/annonce/terrains-agricoles/terrain-agricole-9551m-thies-5528173;2026-05-12T16:43:42+00:00
SN;Sénégal;coinafrique;location;terrain;terrains-agricoles;Terrains agricoles 4000 m² - Sandiara;20000000;4000;5000;;;;;https://sn.coinafrique.com/annonce/terrains-agricoles/terrains-agricoles-4000-m-sandiara-5505525;2026-05-12T16:43:42+00:00
SN;Sénégal;coinafrique;location;terrain;terrains-agricoles;terrain agricole 50 ha - Tivaouane;125000000;;;;Plateau;;;https://sn.coinafrique.com/annonce/terrains-agricoles/terrain-agricole-50-ha-tivaouane-5452396;2026-05-12T16:43:42+00:00
SN;Sénégal;coinafrique;location;terrain;terrains-agricoles;Terrain agricole 600m² - Louga;2500000;600;4167;;;;;https://sn.coinafrique.com/annonce/terrains-agricoles/terrain-agricole-600m-louga-5451653;2026-05-12T16:43:42+00:00
SN;Sénégal;coinafrique;location;terrain;terrains-agricoles;Terrains agricoles 54000m² - Touba;10000000;54000;185;;;;;https://sn.coinafrique.com/annonce/terrains-agricoles/terrains-agricoles-54000m-touba-5446208;2026-05-12T16:43:42+00:00
SN;Sénégal;coinafrique;location;terrain;terrains-agricoles;Terrain agricole 6800 m² - Sebikotane;105000000;6800;15441;;;;;https://sn.coinafrique.com/annonce/terrains-agricoles/terrain-agricole-6800-m-sebikotane-5417038;2026-05-12T16:43:42+00:00
SN;Sénégal;coinafrique;location;terrain;terrains-agricoles;Location terrain 3500m2 à Camberene;2000;3500;1;;;;;https://sn.coinafrique.com/annonce/terrains-agricoles/location-terrain-3500m2-a-camberene-5398901;2026-05-12T16:43:42+00:00
SN;Sénégal;coinafrique;location;terrain;terrains-agricoles;Location terrains agricoles 5000 m² - Thiès;500000;5000;100;;;;;https://sn.coinafrique.com/annonce/terrains-agricoles/location-terrains-agricoles-5000-m-thies-5386335;2026-05-12T16:43:42+00:00
SN;Sénégal;coinafrique;location;terrain;terrains-agricoles;Terrains agricoles 26554m² - Mbour;25000000;26554;941;;;;;https://sn.coinafrique.com/annonce/terrains-agricoles/terrains-agricoles-26554m-mbour-5345102;2026-05-12T16:43:42+00:00
SN;Sénégal;coinafrique;location;terrain;terrains-agricoles;Terrains agricoles 1750m² - Saint louis;20000000;1750;11429;;;;;https://sn.coinafrique.com/annonce/terrains-agricoles/terrains-agricoles-1750m-saint-louis-5384832;2026-05-12T16:43:42+00:00
SN;Sénégal;coinafrique;achat;terrain;terrains-agricoles;Vente terrains agricoles 10000m² - Mbour;11000000;10000;1100;;;;;https://sn.coinafrique.com/annonce/terrains-agricoles/vente-terrains-agricoles-10000m-mbour-5341108;2026-05-12T16:43:42+00:00
SN;Sénégal;coinafrique;location;terrain;terrains-agricoles;Terrain agricole 5700 m² - Tene Toubab;10000000;5700;1754;;;;;https://sn.coinafrique.com/annonce/terrains-agricoles/terrain-agricole-5700-m-tene-toubab-5357272;2026-05-12T16:43:42+00:00
SN;Sénégal;coinafrique;location;terrain;terrains-agricoles;Terrain agricole 50000m² - Thies;115000000;50000;2300;;;;;https://sn.coinafrique.com/annonce/terrains-agricoles/terrain-agricole-50000m-thies-5347190;2026-05-12T16:43:42+00:00
SN;Sénégal;coinafrique;location;terrain;terrains-agricoles;Terrain agricole 300 m² - Toubab Dialao;18000000;300;60000;;;;;https://sn.coinafrique.com/annonce/terrains-agricoles/terrain-agricole-300-m-toubab-dialao-5334367;2026-05-12T16:43:42+00:00
SN;Sénégal;coinafrique;location;terrain;terrains-agricoles;Terrain agricole 1116 m² - Mboro;45000000;1116;40323;;;;;https://sn.coinafrique.com/annonce/terrains-agricoles/terrain-agricole-1116-m-mboro-5269635;2026-05-12T16:43:42+00:00
SN;Sénégal;coinafrique;location;terrain;terrains-agricoles;Terrain agricole 500 m² - Ndialakhar;4200000;500;8400;;;;;https://sn.coinafrique.com/annonce/terrains-agricoles/terrain-agricole-500-m-ndialakhar-5257722;2026-05-12T16:43:42+00:00
SN;Sénégal;coinafrique;location;terrain;terrains-agricoles;Terrains agricoles 11390m² - Thies;20000000;11390;1756;;;;;https://sn.coinafrique.com/annonce/terrains-agricoles/terrains-agricoles-11390m-thies-5240192;2026-05-12T16:43:42+00:00
SN;Sénégal;coinafrique;location;terrain;terrains-agricoles;Location terrains agricoles 125m² -Mermoz-sacré coeur;900000;125;7200;;;;;https://sn.coinafrique.com/annonce/terrains-agricoles/location-terrains-agricoles-125m-mermoz-sacre-coeur-5052227;2026-05-12T16:43:42+00:00
SN;Sénégal;coinafrique;location;terrain;terrains-agricoles;Terrain 5000m² - Mboro;12500000;5000;2500;;;;;https://sn.coinafrique.com/annonce/terrains-agricoles/terrain-5000m-mboro-5024039;2026-05-12T16:43:42+00:00
SN;Sénégal;coinafrique;location;terrain;terrains-agricoles;Terrains agricoles 6000m² - Fatick;8000000;6000;1333;;;;;https://sn.coinafrique.com/annonce/terrains-agricoles/terrains-agricoles-6000m-fatick-5012285;2026-05-12T16:43:42+00:00
SN;Sénégal;coinafrique;location;terrain;terrains-agricoles;Terrains agricoles 2000m² - Thies;40000000;2000;20000;;;;;https://sn.coinafrique.com/annonce/terrains-agricoles/terrains-agricoles-2000m-thies-5004648;2026-05-12T16:43:42+00:00
SN;Sénégal;coinafrique;location;terrain;terrains-agricoles;Location terrains agricoles 500m²- Putt ( 50 km de dakar );100000;500;200;;;;;https://sn.coinafrique.com/annonce/terrains-agricoles/location-terrains-agricoles-500m-putt-50-km-de-dakar-4977438;2026-05-12T16:43:42+00:00
SN;Sénégal;coinafrique;location;terrain;terrains-agricoles;Terrain agricole 2ha 800m² - Thies;45000000;800;56250;;;;;https://sn.coinafrique.com/annonce/terrains-agricoles/terrain-agricole-2ha-800m-thies-4941389;2026-05-12T16:43:42+00:00
SN;Sénégal;coinafrique;location;terrain;terrains-agricoles;Terrain 300m2 a ngerigne;10000000;300;33333;;;;;https://sn.coinafrique.com/annonce/terrains-agricoles/terrain-300m2-a-ngerigne-4978578;2026-05-12T16:43:42+00:00
SN;Sénégal;coinafrique;location;terrain;terrains-agricoles;Terrains agricoles 10000m² - Thiès;3500000;10000;350;;;;;https://sn.coinafrique.com/annonce/terrains-agricoles/terrains-agricoles-10000m-thies-4829165;2026-05-12T16:43:42+00:00
SN;Sénégal;coinafrique;location;terrain;terrains-agricoles;Terrain agricole 500 m² - Mboro;899000;500;1798;;;;;https://sn.coinafrique.com/annonce/terrains-agricoles/terrain-agricole-500-m-mboro-4712675;2026-05-12T16:43:42+00:00
SN;Sénégal;coinafrique;location;terrain;terrains-agricoles;Terrains agricoles 1000m²- Rufisque;45000000;1000;45000;;;;;https://sn.coinafrique.com/annonce/terrains-agricoles/terrains-agricoles-1000m-rufisque-4677879;2026-05-12T16:43:42+00:00
SN;Sénégal;coinafrique;location;terrain;terrains-agricoles;Terrain agricole 30000m² - Thies;8000000;30000;267;;;;;https://sn.coinafrique.com/annonce/terrains-agricoles/terrain-agricole-30000m-thies-4707735;2026-05-12T16:43:42+00:00
SN;Sénégal;coinafrique;location;terrain;terrains-agricoles;Terrain agricole 11000m² - Thiès;250000000;11000;22727;;;;;https://sn.coinafrique.com/annonce/terrains-agricoles/terrain-agricole-11000m-thies-4659003;2026-05-12T16:43:42+00:00
SN;Sénégal;coinafrique;location;terrain;terrains-agricoles;Terrain agricole 3000m² - Mbour;45000000;3000;15000;;;;;https://sn.coinafrique.com/annonce/terrains-agricoles/terrain-agricole-3000m-mbour-4703085;2026-05-12T16:43:42+00:00
SN;Sénégal;coinafrique;achat;terrain;terrains-agricoles;Vente champ clôturé 6000 m2 - Niakoulrob;205000000;6000;34167;;;;;https://sn.coinafrique.com/annonce/terrains-agricoles/vente-champ-cloture-6000-m2-niakoulrob-4645627;2026-05-12T16:43:42+00:00
SN;Sénégal;coinafrique;location;terrain;terrains-agricoles;Terrain agricole 986m² - Patte d'oie;400000000;986;405680;;;;;https://sn.coinafrique.com/annonce/terrains-agricoles/terrain-agricole-986m-patte-doie-4644111;2026-05-12T16:43:42+00:00
SN;Sénégal;coinafrique;location;terrain;terrains-agricoles;Terrain agricole 10000m² - Mbour;75000000;10000;7500;;;;;https://sn.coinafrique.com/annonce/terrains-agricoles/terrain-agricole-10000m-mbour-4629161;2026-05-12T16:43:42+00:00
SN;Sénégal;coinafrique;location;terrain;terrains-agricoles;Terrain agricole 10000m² - Matam;50000000;10000;5000;;;;;https://sn.coinafrique.com/annonce/terrains-agricoles/terrain-agricole-10000m-matam-4636352;2026-05-12T16:43:42+00:00
SN;Sénégal;coinafrique;location;terrain;terrains-agricoles;Terrain agricole 500 m² - Mboro;499000;500;998;;;;;https://sn.coinafrique.com/annonce/terrains-agricoles/terrain-agricole-500-m-mboro-4569292;2026-05-12T16:43:42+00:00
SN;Sénégal;coinafrique;location;terrain;terrains-agricoles;Terrain agricole 500 m² - Mboro;499000;500;998;;;;;https://sn.coinafrique.com/annonce/terrains-agricoles/terrain-agricole-500-m-mboro-4569281;2026-05-12T16:43:42+00:00
SN;Sénégal;coinafrique;location;terrain;terrains-agricoles;Terrain agricole 35000m² - Mbour;29500000;35000;843;;;;;https://sn.coinafrique.com/annonce/terrains-agricoles/terrain-agricole-35000m-mbour-4571437;2026-05-12T16:43:42+00:00
SN;Sénégal;coinafrique;location;terrain;terrains-agricoles;Location terrain agricoles 40000 m²- Diogo;30000000;40000;750;;;;;https://sn.coinafrique.com/annonce/terrains-agricoles/location-terrain-agricoles-40000-m-diogo-4571291;2026-05-12T16:43:42+00:00
SN;Sénégal;coinafrique;location;terrain;terrains-agricoles;Terrain agricole 2 ha 700m² - Bayakh;20000;700;29;;;;;https://sn.coinafrique.com/annonce/terrains-agricoles/terrain-agricole-2-ha-700m-bayakh-4517742;2026-05-12T16:43:42+00:00
SN;Sénégal;coinafrique;location;terrain;terrains-agricoles;Verger 1 ha 2300m² - Sandiara;78000000;2300;33913;;;;;https://sn.coinafrique.com/annonce/terrains-agricoles/verger-1-ha-2300m-sandiara-4549925;2026-05-12T16:43:42+00:00
SN;Sénégal;coinafrique;location;terrain;terrains-agricoles;Terrain agricole 300m² - Diass;2500000;300;8333;;;;;https://sn.coinafrique.com/annonce/terrains-agricoles/terrain-agricole-300m-diass-4545665;2026-05-12T16:43:42+00:00
SN;Sénégal;coinafrique;location;terrain;terrains-agricoles;Terrain agricole 300m² - Thiès;5000000;300;16667;;;;;https://sn.coinafrique.com/annonce/terrains-agricoles/terrain-agricole-300m-thies-4481080;2026-05-12T16:43:42+00:00
SN;Sénégal;coinafrique;location;terrain;terrains-agricoles;Terrain agricole 15000m² - Touba;3500000;15000;233;;;;;https://sn.coinafrique.com/annonce/terrains-agricoles/terrain-agricole-15000m-touba-4469477;2026-05-12T16:43:42+00:00
SN;Sénégal;coinafrique;location;terrain;terrains-agricoles;Terrains agricoles 20000m² - Sandiara-mbour;39000000;20000;1950;;;;;https://sn.coinafrique.com/annonce/terrains-agricoles/terrains-agricoles-20000m-sandiara-mbour-4355493;2026-05-12T16:43:42+00:00
SN;Sénégal;coinafrique;location;terrain;terrains-agricoles;Terrain 13000 m² - Diogo;2500000;13000;192;;;;;https://sn.coinafrique.com/annonce/terrains-agricoles/terrain-13000-m-diogo-4277839;2026-05-12T16:43:42+00:00
SN;Sénégal;coinafrique;location;terrain;terrains-agricoles;Terrains agricoles 8000m² - Diogo;3000000;8000;375;;;;;https://sn.coinafrique.com/annonce/terrains-agricoles/terrains-agricoles-8000m-diogo-4204613;2026-05-12T16:43:42+00:00
SN;Sénégal;coinafrique;location;terrain;terrains-agricoles;Terrains agricoles 100m² - Mbour;700000000;100;7000000;;;;;https://sn.coinafrique.com/annonce/terrains-agricoles/terrains-agricoles-100m-mbour-4174408;2026-05-12T16:43:42+00:00
SN;Sénégal;coinafrique;location;terrain;terrains-agricoles;Champs 8000m2 - Diogo;1500000;8000;188;;;;;https://sn.coinafrique.com/annonce/terrains-agricoles/champs-8000m2-diogo-4143578;2026-05-12T16:43:42+00:00
SN;Sénégal;coinafrique;location;terrain;terrains-agricoles;Terrain agricole 4245 m² - Mboro;38000000;4245;8952;;;;;https://sn.coinafrique.com/annonce/terrains-agricoles/terrain-agricole-4245-m-mboro-4134902;2026-05-12T16:43:42+00:00
SN;Sénégal;coinafrique;location;terrain;terrains-agricoles;Terrains agricoles 50000m² - Diamniadio;40000;50000;1;;;;;https://sn.coinafrique.com/annonce/terrains-agricoles/terrains-agricoles-50000m-diamniadio-4131527;2026-05-12T16:43:42+00:00
SN;Sénégal;coinafrique;location;terrain;terrains-agricoles;Terrains agricoles 2500m² - Thies;37000000;2500;14800;;;;;https://sn.coinafrique.com/annonce/terrains-agricoles/terrains-agricoles-2500m-thies-4059899;2026-05-12T16:43:42+00:00
SN;Sénégal;coinafrique;location;terrain;terrains-agricoles;Terrains agricoles 25000 m2 - Diender;50000000;25000;2000;;;;;https://sn.coinafrique.com/annonce/terrains-agricoles/terrains-agricoles-25000-m2-diender-4015309;2026-05-12T16:43:42+00:00
SN;Sénégal;coinafrique;location;terrain;terrains-agricoles;Terrain agricole 39000 m² - Thiès;800000000;39000;20513;;;;;https://sn.coinafrique.com/annonce/terrains-agricoles/terrain-agricole-39000-m-thies-3965717;2026-05-12T16:43:42+00:00
SN;Sénégal;coinafrique;location;terrain;terrains-agricoles;Terrain agricole 2961 m² - Thiès;16000000;2961;5404;;;;;https://sn.coinafrique.com/annonce/terrains-agricoles/terrain-agricole-2961-m-thies-4001034;2026-05-12T16:43:42+00:00
SN;Sénégal;coinafrique;location;terrain;terrains-agricoles;Terrains agricoles 8916m² - Lac Rose;7500;8916;1;;;;;https://sn.coinafrique.com/annonce/terrains-agricoles/terrains-agricoles-8916m-lac-rose-3997055;2026-05-12T16:43:42+00:00
SN;Sénégal;coinafrique;location;terrain;terrains-agricoles;Location terrains agricoles 500 m2 - Sicap liberté;550000;500;1100;;;;;https://sn.coinafrique.com/annonce/terrains-agricoles/location-terrains-agricoles-500-m2-sicap-liberte-3929247;2026-05-12T16:43:42+00:00
SN;Sénégal;coinafrique;location;terrain;terrains-agricoles;Terrains agricoles 12373m² - Bayakh-Thiès;160849000;12373;13000;;;;;https://sn.coinafrique.com/annonce/terrains-agricoles/terrains-agricoles-12373m-bayakh-thies-3955038;2026-05-12T16:43:42+00:00
SN;Sénégal;coinafrique;location;terrain;terrains-agricoles;Terrains agricoles 4200m² - Mboro;65000000;4200;15476;;;;;https://sn.coinafrique.com/annonce/terrains-agricoles/terrains-agricoles-4200m-mboro-3952525;2026-05-12T16:43:42+00:00
SN;Sénégal;coinafrique;location;terrain;terrains-agricoles;Terrains agricoles 20000 m2 - Mboro;13000000;20000;650;;;;;https://sn.coinafrique.com/annonce/terrains-agricoles/terrains-agricoles-20000-m2-mboro-3924283;2026-05-12T16:43:42+00:00
SN;Sénégal;coinafrique;location;terrain;terrains-agricoles;Terrains agricoles 9000 m2 - Lac Rose;45000000;9000;5000;;;;;https://sn.coinafrique.com/annonce/terrains-agricoles/terrains-agricoles-9000-m2-lac-rose-3881416;2026-05-12T16:43:42+00:00
SN;Sénégal;coinafrique;location;terrain;terrains-agricoles;Terrains agricoles 2800m² - Thies;13000000;2800;4643;;;;;https://sn.coinafrique.com/annonce/terrains-agricoles/terrains-agricoles-2800m-thies-3811773;2026-05-12T16:43:42+00:00
SN;Sénégal;coinafrique;location;terrain;terrains-agricoles;Terrains agricoles 2800 m² - Thiés;13000000;2800;4643;;;;;https://sn.coinafrique.com/annonce/terrains-agricoles/terrains-agricoles-2800-m-thies-3811186;2026-05-12T16:43:42+00:00
SN;Sénégal;coinafrique;location;terrain;terrains-agricoles;Terrain agricole 2800 m² - Thiès;13000000;2800;4643;;;;;https://sn.coinafrique.com/annonce/terrains-agricoles/terrain-agricole-2800-m-thies-3791834;2026-05-12T16:43:42+00:00
SN;Sénégal;coinafrique;location;terrain;terrains-agricoles;Terrain agricole 1 ha 700 m2 - Pout;320000000;700;457143;;;;;https://sn.coinafrique.com/annonce/terrains-agricoles/terrain-agricole-1-ha-700-m2-pout-3732992;2026-05-12T16:43:42+00:00
TG;Togo;coinafrique;location;appartement;appartements;Location appartement 3 pièces - Agoe plateau;80000;;;3;Plateau;;;https://tg.coinafrique.com/annonce/appartements/location-appartement-3-pieces-agoe-plateau-5895440;2026-05-12T16:43:42+00:00
TG;Togo;coinafrique;location;appartement;appartements;Location appartement - Agoe plateau;80000;;;;Plateau;;;https://tg.coinafrique.com/annonce/appartements/location-appartement-agoe-plateau-5870827;2026-05-12T16:43:42+00:00
TG;Togo;coinafrique;location;appartement;appartements;Location appartement 3 pièces - Agoé plateau;80000;;;3;Plateau;;;https://tg.coinafrique.com/annonce/appartements/location-appartement-3-pieces-agoe-plateau-5866423;2026-05-12T16:43:42+00:00
TG;Togo;coinafrique;location;appartement;appartements;Location appartement 3 pièces à Agoè bar le plateau;35000;;;3;Plateau;;;https://tg.coinafrique.com/annonce/appartements/location-appartement-3-pieces-a-agoe-bar-le-plateau-5865766;2026-05-12T16:43:42+00:00
TG;Togo;coinafrique;location;appartement;appartements;Location appartement 2 chambres salon wc douche cuisine interne à Agoé plateau;100000;;;2;Plateau;;;https://tg.coinafrique.com/annonce/appartements/location-appartement-2-chambres-salon-wc-douche-cuisine-interne-a-agoe-plateau-5856154;2026-05-12T16:43:42+00:00
TG;Togo;coinafrique;location;appartement;appartements;Location appartement au r+1 de 2 chambre à Agoé plateau;90000;;;2;Plateau;;;https://tg.coinafrique.com/annonce/appartements/location-appartement-au-r1-de-2-chambre-a-agoe-plateau-5842581;2026-05-12T16:43:42+00:00
TG;Togo;coinafrique;location;villa;villas;Terrain 301m² 3 chambres salon à Tokoin Wuiti;70000000;301;232558;3;;;;https://tg.coinafrique.com/annonce/villas/terrain-301m-3-chambres-salon-a-tokoin-wuiti-5883709;2026-05-12T16:43:42+00:00
TG;Togo;coinafrique;location;commercial;bureaux-et-commerces;Location grande magasin de 150 m² sur 600 m² à Vakpossito;350000;150;2333;;;;;https://tg.coinafrique.com/annonce/bureaux-et-commerces/location-grande-magasin-de-150-m-sur-600-m-a-vakpossito-5788237;2026-05-12T16:43:42+00:00
TG;Togo;coinafrique;location;commercial;bureaux-et-commerces;Location showroom de 900 m² à Agoè legbassito;3000000;900;3333;;;;;https://tg.coinafrique.com/annonce/bureaux-et-commerces/location-showroom-de-900-m-a-agoe-legbassito-5781438;2026-05-12T16:43:42+00:00
TG;Togo;coinafrique;location;commercial;bureaux-et-commerces;Location bureaux et commerces - Bassam;300000;;;;Bassam;;;https://tg.coinafrique.com/annonce/bureaux-et-commerces/location-bureaux-et-commerces-bassam-5816477;2026-05-12T16:43:42+00:00
TG;Togo;coinafrique;location;commercial;bureaux-et-commerces;Location entrepôt 100m² Tokoin casablanca au bord du goudron;300000;100;3000;;;;;https://tg.coinafrique.com/annonce/bureaux-et-commerces/location-entrepot-100m-tokoin-casablanca-au-bord-du-goudron-5684432;2026-05-12T16:43:42+00:00
TG;Togo;coinafrique;location;commercial;bureaux-et-commerces;Location restaurant de 300 m2 à Bé Yesuvito;200000;300;667;;;;;https://tg.coinafrique.com/annonce/bureaux-et-commerces/location-restaurant-de-300-m2-a-be-yesuvito-5670240;2026-05-12T16:43:42+00:00
TG;Togo;coinafrique;location;commercial;bureaux-et-commerces;Location restaurant 300 m2 à Bé yesuvito;200000;300;667;;;;;https://tg.coinafrique.com/annonce/bureaux-et-commerces/location-restaurant-300-m2-a-be-yesuvito-5670242;2026-05-12T16:43:42+00:00
TG;Togo;coinafrique;location;commercial;bureaux-et-commerces;Entrepôt sur 1003 m² à Akodessewa non loin du port;350000000;1003;348953;;;;;https://tg.coinafrique.com/annonce/bureaux-et-commerces/entrepot-sur-1003-m-a-akodessewa-non-loin-du-port-5619856;2026-05-12T16:43:42+00:00
TG;Togo;coinafrique;location;commercial;bureaux-et-commerces;Location bureaux & commerces 80m2 - Tokoin hôpital;350000;80;4375;;;;;https://tg.coinafrique.com/annonce/bureaux-et-commerces/location-bureaux-et-commerces-80m2-tokoin-hopital-5657202;2026-05-12T16:43:42+00:00
TG;Togo;coinafrique;location;commercial;bureaux-et-commerces;Location magasins 386m² Togo 2000 à 200m du goudron;45000000;386;116580;;;;;https://tg.coinafrique.com/annonce/bureaux-et-commerces/location-magasins-386m-togo-2000-a-200m-du-goudron-5592869;2026-05-12T16:43:42+00:00
TG;Togo;coinafrique;location;commercial;bureaux-et-commerces;Location entrepôt 960 m² - Amoutiévé;650000000;960;677083;;;;;https://tg.coinafrique.com/annonce/bureaux-et-commerces/location-entrepot-960-m-amoutieve-5571843;2026-05-12T16:43:42+00:00
TG;Togo;coinafrique;location;commercial;bureaux-et-commerces;Location boutique de 100m2 Ramco;400000;100;4000;;;;;https://tg.coinafrique.com/annonce/bureaux-et-commerces/location-boutique-de-100m2-ramco-5551337;2026-05-12T16:43:42+00:00
TG;Togo;coinafrique;location;commercial;bureaux-et-commerces;Location entrepôt sur 750m² -Zone portuaire;1000000;750;1333;;;;;https://tg.coinafrique.com/annonce/bureaux-et-commerces/location-entrepot-sur-750m-zone-portuaire-5539170;2026-05-12T16:43:42+00:00
TG;Togo;coinafrique;location;commercial;bureaux-et-commerces;Location magasin 200m² à Nukafu;600000;200;3000;;;;;https://tg.coinafrique.com/annonce/bureaux-et-commerces/location-magasin-200m-a-nukafu-5559555;2026-05-12T16:43:42+00:00
TG;Togo;coinafrique;location;commercial;bureaux-et-commerces;Location magasin 100m² à Ablogamé Sarakawa;600000;100;6000;;;;;https://tg.coinafrique.com/annonce/bureaux-et-commerces/location-magasin-100m-a-ablogame-sarakawa-5559556;2026-05-12T16:43:42+00:00
TG;Togo;coinafrique;location;commercial;bureaux-et-commerces;Location boutique 240m² -Attikoumé;700000;240;2917;;;;;https://tg.coinafrique.com/annonce/bureaux-et-commerces/location-boutique-240m-attikoume-5521347;2026-05-12T16:43:42+00:00
TG;Togo;coinafrique;location;commercial;bureaux-et-commerces;Location boutique 48m² -Atikoumé;200000;48;4167;;;;;https://tg.coinafrique.com/annonce/bureaux-et-commerces/location-boutique-48m-atikoume-5507873;2026-05-12T16:43:42+00:00
TG;Togo;coinafrique;location;commercial;bureaux-et-commerces;Location entrepôt de 1500m² dans la zone portuaire;4500000;1500;3000;;;;;https://tg.coinafrique.com/annonce/bureaux-et-commerces/location-entrepot-de-1500m-dans-la-zone-portuaire-5483535;2026-05-12T16:43:42+00:00
TG;Togo;coinafrique;location;commercial;bureaux-et-commerces;Location entrepôt 500 m² - Lomé;1200000;500;2400;;;;;https://tg.coinafrique.com/annonce/bureaux-et-commerces/location-entrepot-500-m-lome-5492631;2026-05-12T16:43:42+00:00
TG;Togo;coinafrique;location;commercial;bureaux-et-commerces;Location magasin 335m² -Ablogamé;600000;335;1791;;;;;https://tg.coinafrique.com/annonce/bureaux-et-commerces/location-magasin-335m-ablogame-5441895;2026-05-12T16:43:42+00:00
TG;Togo;coinafrique;location;commercial;bureaux-et-commerces;Location bureaux et commerces 400m²-Lomé;75000;400;188;;;;;https://tg.coinafrique.com/annonce/bureaux-et-commerces/location-bureaux-et-commerces-400m-lome-5459029;2026-05-12T16:43:42+00:00
TG;Togo;coinafrique;location;commercial;bureaux-et-commerces;Location entrepôt 5801m² -Zone portuaire;9500000;5801;1638;;;;;https://tg.coinafrique.com/annonce/bureaux-et-commerces/location-entrepot-5801m-zone-portuaire-5256475;2026-05-12T16:43:42+00:00
TG;Togo;coinafrique;location;terrain;terrains;Terrain 1/2 lot 10/30m soit 300m² clôturé à à Agoè Légbassito Bokokpo;13000000;300;43333;;;;;https://tg.coinafrique.com/annonce/terrains/terrain-1-2-lot-10-30m-soit-300m-cloture-a-a-agoe-legbassito-bokokpo-5899438;2026-05-12T16:43:42+00:00
TG;Togo;coinafrique;location;terrain;terrains;Terrain 1/2 lot 10/30m) soit une superficie de 296m² 4 pièces à Agoè Koffi panou;17000000;296;57432;4;;;;https://tg.coinafrique.com/annonce/terrains/terrain-1-2-lot-10-30m-soit-une-superficie-de-296m-4-pieces-a-agoe-koffi-panou-5869143;2026-05-12T16:43:42+00:00
TG;Togo;coinafrique;location;terrain;terrains;Terrain 1/2 lot carré (15/20m) soit 300m² en angle rue, à déduire de 1 lot le tout solidement clôturé ,à Apéssito Ancienne Barrière Covid;8000000;300;26667;;;;bas;https://tg.coinafrique.com/annonce/terrains/terrain-1-2-lot-carre-15-20m-soit-300m-en-angle-rue-a-deduire-de-1-lot-le-tout-solidement-cloture-a-apessito-ancienne-barriere-covid-5869139;2026-05-12T16:43:42+00:00
TG;Togo;coinafrique;location;terrain;terrains;Terrain 420m² à Avedji sito au bord du goudron;80000000;420;190476;;;;;https://tg.coinafrique.com/annonce/terrains/terrain-420m-a-avedji-sito-au-bord-du-goudron-5878455;2026-05-12T16:43:42+00:00
TG;Togo;coinafrique;location;terrain;terrains;Terrain 1 lot 523m² clôturé - Amadahomé;28000000;523;53537;;;;;https://tg.coinafrique.com/annonce/terrains/terrain-1-lot-523m-cloture-amadahome-5883717;2026-05-12T16:43:42+00:00
TG;Togo;coinafrique;location;terrain;terrains;Terrain 1/2 lot 300m² clôturé à Noépé;13000000;300;43333;;;;;https://tg.coinafrique.com/annonce/terrains/terrain-1-2-lot-300m-cloture-a-noepe-5862323;2026-05-12T16:43:42+00:00
TG;Togo;coinafrique;location;terrain;terrains;Terrain 1/2 lot 300m² clôturé à Agoè Légbassito;15000000;300;50000;;;;;https://tg.coinafrique.com/annonce/terrains/terrain-1-2-lot-300m-cloture-a-agoe-legbassito-5865685;2026-05-12T16:43:42+00:00
TG;Togo;coinafrique;location;terrain;terrains;Terrain 1 lot 600m² clôturé à Agoè Légbassito atiemé.;28000000;600;46667;;;;;https://tg.coinafrique.com/annonce/terrains/terrain-1-lot-600m-cloture-a-agoe-legbassito-atieme-5862315;2026-05-12T16:43:42+00:00
TG;Togo;coinafrique;location;terrain;terrains;Terrain 1/2 lot 300m² collés à Sanguéra;11000000;300;36667;;;;;https://tg.coinafrique.com/annonce/terrains/terrain-1-2-lot-300m-colles-a-sanguera-5864125;2026-05-12T16:43:42+00:00
TG;Togo;coinafrique;location;terrain;terrains;Terrain 1 lot 600m² â Kpogan Afidegnigba;22000000;600;36667;;;;;https://tg.coinafrique.com/annonce/terrains/terrain-1-lot-600m-a-kpogan-afidegnigba-5867409;2026-05-12T16:43:42+00:00
TG;Togo;coinafrique;location;terrain;terrains;Terrain 1/2 lot 10/30 300m² clôturé avec garage et une petite entrée ,à Agoè Assiyéyé;25000000;300;83333;;;;;https://tg.coinafrique.com/annonce/terrains/terrain-1-2-lot-10-30-300m-cloture-avec-garage-et-une-petite-entree-a-agoe-assiyeye-5864119;2026-05-12T16:43:42+00:00
TG;Togo;coinafrique;location;terrain;terrains;Terrain 1 lot et 1/3 796m² à zanguéra;25000000;796;31407;;;;;https://tg.coinafrique.com/annonce/terrains/terrain-1-lot-et-1-3-796m-a-zanguera-5865671;2026-05-12T16:43:42+00:00
TG;Togo;coinafrique;location;terrain;terrains;Terrain 1 lot 600m² à Klikame;65000000;600;108333;;;;;https://tg.coinafrique.com/annonce/terrains/terrain-1-lot-600m-a-klikame-5869078;2026-05-12T16:43:42+00:00
TG;Togo;coinafrique;location;terrain;terrains;Terrain 1/4 de lot soit 150m² clôturé à Hédzranawoé École réveil d'or;16000000;150;106667;;;;;https://tg.coinafrique.com/annonce/terrains/terrain-1-4-de-lot-soit-150m-cloture-a-hedzranawoe-ecole-reveil-dor-5864105;2026-05-12T16:43:42+00:00
TG;Togo;coinafrique;location;terrain;terrains;Terrain 1 lot soit 600m² cerné de fondation de clôture à Apéssito Station d'essence SADKO .;20000000;600;33333;;;;;https://tg.coinafrique.com/annonce/terrains/terrain-1-lot-soit-600m-cerne-de-fondation-de-cloture-a-apessito-station-dessence-sadko-5865659;2026-05-12T16:43:42+00:00
TG;Togo;coinafrique;location;terrain;terrains;Terrain 1/2 lot 300m² 10/30m clôturé à Agoè Sogbossito Station somayaf;14000000;300;46667;;;;;https://tg.coinafrique.com/annonce/terrains/terrain-1-2-lot-300m-10-30m-cloture-a-agoe-sogbossito-station-somayaf-5862284;2026-05-12T16:43:42+00:00
TG;Togo;coinafrique;location;terrain;terrains;Terrain 1 lot soit 600m² clôturé à Kpogan Station d'essence total;26000000;600;43333;;;;;https://tg.coinafrique.com/annonce/terrains/terrain-1-lot-soit-600m-cloture-a-kpogan-station-dessence-total-5867395;2026-05-12T16:43:42+00:00
TG;Togo;coinafrique;location;terrain;terrains;Terrain 1/2 lot 300m² très bien situé à 200m de goudron à Zanguéra Aképédo;9000000;300;30000;;;;;https://tg.coinafrique.com/annonce/terrains/terrain-1-2-lot-300m-tres-bien-situe-a-200m-de-goudron-a-zanguera-akepedo-5867402;2026-05-12T16:43:42+00:00
TG;Togo;coinafrique;location;terrain;terrains;Terrain 600m² à Baguida côté plage;37000000;600;61667;;;;;https://tg.coinafrique.com/annonce/terrains/terrain-600m-a-baguida-cote-plage-5883690;2026-05-12T16:43:42+00:00
TG;Togo;coinafrique;location;terrain;terrains;Terrain 1 lot soit 600m² à Adidomé Cour Primaire.;7000000;600;11667;;;;;https://tg.coinafrique.com/annonce/terrains/terrain-1-lot-soit-600m-a-adidome-cour-primaire-5865664;2026-05-12T16:43:42+00:00
TG;Togo;coinafrique;location;terrain;terrains;Terrain 1 lot et 1/4 711m² à Tokoin OBA;90000000;711;126582;;;;;https://tg.coinafrique.com/annonce/terrains/terrain-1-lot-et-1-4-711m-a-tokoin-oba-5867389;2026-05-12T16:43:42+00:00
TG;Togo;coinafrique;location;terrain;terrains;Terrain 1 lot soit 600m² en angle rue à sanguéra bien situé sur une voie de 16 m, à 400m du goudron.;30000000;600;50000;;;;;https://tg.coinafrique.com/annonce/terrains/terrain-1-lot-soit-600m-en-angle-rue-a-sanguera-bien-situe-sur-une-voie-de-16-m-a-400m-du-goudron-5865654;2026-05-12T16:43:42+00:00
TG;Togo;coinafrique;location;terrain;terrains;Terrain 1 lot 600m² à Adakpamé Rond Point;30000000;600;50000;;;;;https://tg.coinafrique.com/annonce/terrains/terrain-1-lot-600m-a-adakpame-rond-point-5862273;2026-05-12T16:43:42+00:00
TG;Togo;coinafrique;location;terrain;terrains;Terrain 600m² à Novissi;80000000;600;133333;;;;;https://tg.coinafrique.com/annonce/terrains/terrain-600m-a-novissi-5881278;2026-05-12T16:43:42+00:00
TG;Togo;coinafrique;location;terrain;terrains;Terrain 150m² à Dangbéssito Kpalamonou.;7000000;150;46667;;;;;https://tg.coinafrique.com/annonce/terrains/terrain-150m-a-dangbessito-kpalamonou-5870479;2026-05-12T16:43:42+00:00
TG;Togo;coinafrique;location;terrain;terrains;Terrain 300m² à ségbé;16000000;300;53333;;;;;https://tg.coinafrique.com/annonce/terrains/terrain-300m-a-segbe-5870471;2026-05-12T16:43:42+00:00
TG;Togo;coinafrique;location;terrain;terrains;Terrain 92m² à Adidoadin en angle;10000000;92;108696;;;;;https://tg.coinafrique.com/annonce/terrains/terrain-92m-a-adidoadin-en-angle-5883640;2026-05-12T16:43:42+00:00
TG;Togo;coinafrique;location;terrain;terrains;Terrain 796m² à Zanguera;25000000;796;31407;;;;;https://tg.coinafrique.com/annonce/terrains/terrain-796m-a-zanguera-5883611;2026-05-12T16:43:42+00:00
TG;Togo;coinafrique;location;terrain;terrains;Terrain 300m2 à Adevie Aglekpoe;3000000;300;10000;;;;;https://tg.coinafrique.com/annonce/terrains/terrain-300m2-a-adevie-aglekpoe-5878193;2026-05-12T16:43:42+00:00
TG;Togo;coinafrique;location;terrain;terrains;Terrain 300m² à Legbassito Zovadjin;15000000;300;50000;;;;;https://tg.coinafrique.com/annonce/terrains/terrain-300m-a-legbassito-zovadjin-5905098;2026-05-12T16:43:42+00:00
TG;Togo;coinafrique;location;terrain;terrains;Terrain 2 lots 1200m² à Agoe Cacaveli;57000000;1200;47500;;;;;https://tg.coinafrique.com/annonce/terrains/terrain-2-lots-1200m-a-agoe-cacaveli-5868785;2026-05-12T16:43:42+00:00
TG;Togo;coinafrique;location;terrain;terrains;Terrain 600m² à Agoe Madjigbeto;24000000;600;40000;;;;;https://tg.coinafrique.com/annonce/terrains/terrain-600m-a-agoe-madjigbeto-5862095;2026-05-12T16:43:42+00:00
TG;Togo;coinafrique;location;terrain;terrains;Terrain 1/2 Lot de 300m² clôturé à Sogbossito;17000000;300;56667;;;;;https://tg.coinafrique.com/annonce/terrains/terrain-1-2-lot-de-300m-cloture-a-sogbossito-5868791;2026-05-12T16:43:42+00:00
TG;Togo;coinafrique;location;terrain;terrains;Terrain 499m² à Tokoin Forever;70000000;499;140281;;;;;https://tg.coinafrique.com/annonce/terrains/terrain-499m-a-tokoin-forever-5870336;2026-05-12T16:43:42+00:00
TG;Togo;coinafrique;location;terrain;terrains;Terrain 600m² à Lomé - Kpalimé;9000000;600;15000;;;;;https://tg.coinafrique.com/annonce/terrains/terrain-600m-a-lome-kpalime-5905012;2026-05-12T16:43:42+00:00
TG;Togo;coinafrique;location;terrain;terrains;Terrain 1/4 de lot Carré (150m²) en angle de rue à Ségbé Démé;5000000;150;33333;;;;;https://tg.coinafrique.com/annonce/terrains/terrain-1-4-de-lot-carre-150m-en-angle-de-rue-a-segbe-deme-5866996;2026-05-12T16:43:42+00:00
TG;Togo;coinafrique;location;terrain;terrains;Terrain à Zanguéra 1/2lot 300m² 1lot clôturé à Zanguéra;13000000;300;43333;;;;;https://tg.coinafrique.com/annonce/terrains/terrain-a-zanguera-1-2lot-300m-1lot-cloture-a-zanguera-5899408;2026-05-12T16:43:42+00:00
TG;Togo;coinafrique;location;terrain;terrains;Terrain 1 lot 600m² clôturé à Adidogomé Amadahomé;35000000;600;58333;;;;;https://tg.coinafrique.com/annonce/terrains/terrain-1-lot-600m-cloture-a-adidogome-amadahome-5866986;2026-05-12T16:43:42+00:00
TG;Togo;coinafrique;location;terrain;terrains;Terrain 600m² à GTA école la madone;80000000;600;133333;;;;;https://tg.coinafrique.com/annonce/terrains/terrain-600m-a-gta-ecole-la-madone-5866982;2026-05-12T16:43:42+00:00
TG;Togo;coinafrique;location;terrain;terrains;Terrain 1/2 lot 300m² au bord du goudron , très bien situé avec une construction de 2 fois chambre salon, 2 boutique + 2 pièces à Totsi bar 5 Étoiles;30000000;300;100000;2;;;;https://tg.coinafrique.com/annonce/terrains/terrain-1-2-lot-300m-au-bord-du-goudron-tres-bien-situe-avec-une-construction-de-2-fois-chambre-salon-2-boutique-2-pieces-a-totsi-bar-5-etoiles-5866971;2026-05-12T16:43:42+00:00
TG;Togo;coinafrique;achat;terrain;terrains;Vente villa duplex TF 600m² à Kegué Kpatcha;400000000;600;666667;;;;;https://tg.coinafrique.com/annonce/terrains/vente-villa-duplex-tf-600m-a-kegue-kpatcha-5883442;2026-05-12T16:43:42+00:00
TG;Togo;coinafrique;location;terrain;terrains;Terrain 499m² à Tokoin forever;70000000;499;140281;;;;;https://tg.coinafrique.com/annonce/terrains/terrain-499m-a-tokoin-forever-5866962;2026-05-12T16:43:42+00:00
TG;Togo;coinafrique;location;terrain;terrains;Terrain 344m² à Assigamé Nopato;200000000;344;581395;;;;;https://tg.coinafrique.com/annonce/terrains/terrain-344m-a-assigame-nopato-5886812;2026-05-12T16:43:42+00:00
TG;Togo;coinafrique;location;terrain;terrains;Terrain 387m² à Tokoin;150000000;387;387597;;;;;https://tg.coinafrique.com/annonce/terrains/terrain-387m-a-tokoin-5881080;2026-05-12T16:43:42+00:00
TG;Togo;coinafrique;location;terrain;terrains;Terrain 344m² à Assigamé Nopato;200000000;344;581395;;;;;https://tg.coinafrique.com/annonce/terrains/terrain-344m-a-assigame-nopato-5881073;2026-05-12T16:43:42+00:00
TG;Togo;coinafrique;location;terrain;terrains;Terrain 295m2 - Adidogomé;9000000;295;30508;;;;;https://tg.coinafrique.com/annonce/terrains/terrain-295m2-adidogome-5863623;2026-05-12T16:43:42+00:00
TG;Togo;coinafrique;location;terrain;terrains;Terrain 300m² à Carrefour bleu;22000000;300;73333;;;;;https://tg.coinafrique.com/annonce/terrains/terrain-300m-a-carrefour-bleu-5883327;2026-05-12T16:43:42+00:00
TG;Togo;coinafrique;location;terrain;terrains;Terrain 998m² à Super Taco;65000000;998;65130;;;;;https://tg.coinafrique.com/annonce/terrains/terrain-998m-a-super-taco-5880999;2026-05-12T16:43:42+00:00
TG;Togo;coinafrique;location;terrain;terrains;Terrain 800 m² à Agbalepedo pharmacie vigueur;70000000;800;87500;;;;;https://tg.coinafrique.com/annonce/terrains/terrain-800-m-a-agbalepedo-pharmacie-vigueur-5897743;2026-05-12T16:43:42+00:00
TG;Togo;coinafrique;location;terrain;terrains;Terrain 700m² à Atikoume Klikamé;60000000;700;85714;;;;;https://tg.coinafrique.com/annonce/terrains/terrain-700m-a-atikoume-klikame-5880960;2026-05-12T16:43:42+00:00
TG;Togo;coinafrique;location;terrain;terrains;Terrain 300m² - Attiégou base 2;20000000;300;66667;;;;;https://tg.coinafrique.com/annonce/terrains/terrain-300m-attiegou-base-2-5866673;2026-05-12T16:43:42+00:00
TG;Togo;coinafrique;location;terrain;terrains;Terrain 2 lots collés 1085m² - Agoe Sogbossito;40000000;1085;36866;;;;;https://tg.coinafrique.com/annonce/terrains/terrain-2-lots-colles-1085m-agoe-sogbossito-5904617;2026-05-12T16:43:42+00:00
TG;Togo;coinafrique;achat;terrain;terrains-agricoles;Vente terrains agricoles 60000 m² - Kpalimé;2000000;60000;33;;;;;https://tg.coinafrique.com/annonce/terrains-agricoles/vente-terrains-agricoles-60000-m-kpalime-5709166;2026-05-12T16:43:42+00:00
TG;Togo;coinafrique;location;terrain;terrains-agricoles;Terrain agricole 90000m² - Grand Marché de Lomé;800000;90000;9;;;;;https://tg.coinafrique.com/annonce/terrains-agricoles/terrain-agricole-90000m-grand-marche-de-lome-5671681;2026-05-12T16:43:42+00:00
TG;Togo;coinafrique;location;terrain;terrains-agricoles;Terrain agricole - Abobo;4000000;;;;Abobo;;;https://tg.coinafrique.com/annonce/terrains-agricoles/terrain-agricole-abobo-5628306;2026-05-12T16:43:42+00:00
TG;Togo;coinafrique;location;terrain;terrains-agricoles;Terrain agricole 20000 m² - Logokpé;1800000;20000;90;;;;;https://tg.coinafrique.com/annonce/terrains-agricoles/terrain-agricole-20000-m-logokpe-5620205;2026-05-12T16:43:42+00:00
TG;Togo;coinafrique;location;terrain;terrains-agricoles;Terrain agricole 9778 m² - Tsevié;90000000;9778;9204;;;;;https://tg.coinafrique.com/annonce/terrains-agricoles/terrain-agricole-9778-m-tsevie-5571642;2026-05-12T16:43:42+00:00
TG;Togo;coinafrique;location;terrain;terrains-agricoles;Terrains agricoles 9600 m² - Kpalimé;1500000;9600;156;;;;;https://tg.coinafrique.com/annonce/terrains-agricoles/terrains-agricoles-9600-m-kpalime-5382187;2026-05-12T16:43:42+00:00
TG;Togo;coinafrique;location;terrain;terrains-agricoles;Terrains agricoles 32m² - Agbodrafo;80000;32;2500;;;;;https://tg.coinafrique.com/annonce/terrains-agricoles/terrains-agricoles-32m-agbodrafo-5345409;2026-05-12T16:43:42+00:00
TG;Togo;coinafrique;location;terrain;terrains-agricoles;Terrain agricole 150 m² - Agoto.;15000;150;100;;;;;https://tg.coinafrique.com/annonce/terrains-agricoles/terrain-agricole-150-m-agoto-5337633;2026-05-12T16:43:42+00:00
