"Date","Dernier","Ouv."," Plus Haut","Plus Bas","Vol.","Variation %"
"29/05/2026","0,4109","0,4101","0,4111","0,4098","","-0,11%"
"28/05/2026","0,4113","0,4097","0,4115","0,4083","","0,34%"
"27/05/2026","0,4099","0,4109","0,4112","0,4094","","-0,10%"
"26/05/2026","0,4103","0,4113","0,4126","0,4094","","-0,24%"
"25/05/2026","0,4113","0,4124","0,4134","0,4103","","-0,15%"
"22/05/2026","0,4119","0,4123","0,4134","0,4107","","-0,22%"
"21/05/2026","0,4128","0,4118","0,4137","0,4111","","0,39%"
"20/05/2026","0,4112","0,4111","0,4148","0,4094","","0,02%"
"19/05/2026","0,4111","0,4109","0,4121","0,4096","","-0,02%"
"18/05/2026","0,4112","0,4119","0,4127","0,4095","","0,00%"
"15/05/2026","0,4112","0,4090","0,4123","0,4069","","0,91%"
"14/05/2026","0,4075","0,4085","0,4098","0,4070","","-0,24%"
"13/05/2026","0,4085","0,4069","0,4095","0,4049","","0,39%"
"12/05/2026","0,4069","0,4074","0,4087","0,4045","","-0,05%"
"11/05/2026","0,4071","0,4109","0,4118","0,4050","","-0,73%"
"08/05/2026","0,4101","0,4103","0,4116","0,4084","","-0,05%"
"07/05/2026","0,4103","0,4111","0,4130","0,4085","","-0,41%"
"06/05/2026","0,4120","0,4103","0,4136","0,4091","","0,46%"
"05/05/2026","0,4101","0,4085","0,4118","0,4063","","0,39%"
"04/05/2026","0,4085","0,4075","0,4100","0,4062","","0,37%"
"01/05/2026","0,4070","0,4085","0,4094","0,4063","","-0,34%"
"30/04/2026","0,4084","0,4074","0,4095","0,4056","","0,27%"
"29/04/2026","0,4073","0,4074","0,4090","0,4050","","-0,02%"
"28/04/2026","0,4074","0,4106","0,4121","0,4054","","-0,68%"
"27/04/2026","0,4102","0,4133","0,4152","0,4092","","-0,82%"
"24/04/2026","0,4136","0,4147","0,4156","0,4118","","-0,41%"
"23/04/2026","0,4153","0,4143","0,4156","0,4111","","0,24%"
"22/04/2026","0,4143","0,4147","0,4159","0,4111","","0,02%"
"21/04/2026","0,4142","0,4152","0,4158","0,4113","","0,12%"
"20/04/2026","0,4137","0,4140","0,4160","0,4122","","-0,24%"
"17/04/2026","0,4147","0,4147","0,4155","0,4128","","0,10%"
"16/04/2026","0,4143","0,4149","0,4157","0,4130","","-0,12%"
"15/04/2026","0,4148","0,4121","0,4219","0,4110","","0,66%"
"14/04/2026","0,4121","0,4130","0,4174","0,4104","","0,02%"
"13/04/2026","0,4120","0,4130","0,4142","0,4079","","-0,24%"
"10/04/2026","0,4130","0,4134","0,4151","0,4113","","-0,10%"
"09/04/2026","0,4134","0,4072","0,4144","0,4062","","1,42%"
"08/04/2026","0,4076","0,4102","0,4135","0,4065","","-0,61%"
"07/04/2026","0,4101","0,4122","0,4131","0,4092","","-0,51%"
"06/04/2026","0,4122","0,4130","0,4135","0,4102","","-0,15%"
"03/04/2026","0,4128","0,4121","0,4132","0,4110","","0,17%"
"02/04/2026","0,4121","0,4104","0,4183","0,4086","","0,32%"
"01/04/2026","0,4108","0,4129","0,4177","0,4095","","-0,44%"
"31/03/2026","0,4126","0,4130","0,4140","0,4100","","-0,02%"
"30/03/2026","0,4127","0,4124","0,4133","0,4094","","0,27%"
"27/03/2026","0,4116","0,4099","0,4124","0,4081","","0,41%"
"26/03/2026","0,4099","0,4082","0,4172","0,4063","","0,42%"
"25/03/2026","0,4082","0,4095","0,4116","0,4063","","-0,37%"
"24/03/2026","0,4097","0,4123","0,4175","0,4080","","-0,58%"
"23/03/2026","0,4121","0,4223","0,4228","0,4106","","-2,32%"
"20/03/2026","0,4219","0,4212","0,4229","0,4197","","0,17%"
"19/03/2026","0,4212","0,4193","0,4222","0,4167","","0,50%"
"18/03/2026","0,4191","0,4221","0,4233","0,4167","","-0,71%"
"17/03/2026","0,4221","0,4206","0,4261","0,4182","","0,36%"
"16/03/2026","0,4206","0,4127","0,4224","0,4017","","1,89%"
"13/03/2026","0,4128","0,4084","0,4139","0,4061","","1,15%"
"12/03/2026","0,4081","0,4058","0,4101","0,4026","","0,87%"
"11/03/2026","0,4046","0,4032","0,4076","0,4021","","0,20%"
"10/03/2026","0,4038","0,4062","0,4068","0,3989","","-0,59%"
"09/03/2026","0,4062","0,4069","0,4071","0,3979","","-0,05%"
"06/03/2026","0,4064","0,4080","0,4081","0,4041","","-0,25%"
"05/03/2026","0,4074","0,4077","0,4085","0,4055","","-0,07%"
"04/03/2026","0,4077","0,4081","0,4099","0,4017","","-0,10%"
"03/03/2026","0,4081","0,4083","0,4102","0,4029","","-0,10%"
"02/03/2026","0,4085","0,4088","0,4101","0,4047","","0,10%"
"27/02/2026","0,4081","0,4093","0,4102","0,4061","","-0,32%"
"26/02/2026","0,4094","0,4092","0,4124","0,4074","","0,10%"
"25/02/2026","0,4090","0,4104","0,4159","0,4082","","-0,39%"
"24/02/2026","0,4106","0,4144","0,4145","0,4095","","-0,87%"
"23/02/2026","0,4142","0,4152","0,4165","0,4107","","-0,17%"
"20/02/2026","0,4149","0,4131","0,4192","0,4106","","0,66%"
"19/02/2026","0,4122","0,4141","0,4168","0,4109","","-0,39%"
"18/02/2026","0,4138","0,4121","0,4169","0,3970","","0,41%"
"17/02/2026","0,4121","0,4104","0,4149","0,4084","","0,41%"
"16/02/2026","0,4104","0,4091","0,4109","0,4083","","0,49%"
"13/02/2026","0,4084","0,4078","0,4097","0,4069","","-0,02%"
"12/02/2026","0,4085","0,4074","0,4090","0,4054","","0,27%"
"11/02/2026","0,4074","0,4083","0,4116","0,4057","","-0,17%"
"10/02/2026","0,4081","0,4086","0,4110","0,4051","","0,05%"
"09/02/2026","0,4079","0,4078","0,4103","0,4072","","0,25%"
"06/02/2026","0,4069","0,4063","0,4083","0,4042","","-0,12%"
"05/02/2026","0,4074","0,4063","0,4084","0,4026","","0,27%"
"04/02/2026","0,4063","0,4014","0,4072","0,3975","","1,91%"
"03/02/2026","0,3987","0,3967","0,4036","0,3719","","0,50%"
"02/02/2026","0,3967","0,3951","0,3984","0,3930","","0,08%"
"30/01/2026","0,3964","0,3952","0,3977","0,3933","","0,25%"
"29/01/2026","0,3954","0,3922","0,4019","0,3914","","0,82%"
"28/01/2026","0,3922","0,3925","0,3993","0,3890","","-0,08%"
"27/01/2026","0,3925","0,3909","0,3974","0,3903","","0,41%"
"26/01/2026","0,3909","0,3931","0,3979","0,3893","","-0,61%"
"23/01/2026","0,3933","0,3941","0,3955","0,3920","","-0,05%"
"22/01/2026","0,3935","0,3941","0,3958","0,3922","","-0,15%"
"21/01/2026","0,3941","0,3960","0,3984","0,3934","","-0,48%"
"20/01/2026","0,3960","0,3972","0,3990","0,3951","","-0,30%"
"19/01/2026","0,3972","0,3977","0,3989","0,3967","","-0,30%"
"16/01/2026","0,3984","0,3966","0,3993","0,3960","","0,45%"
"15/01/2026","0,3966","0,3957","0,3980","0,3946","","0,15%"
"14/01/2026","0,3960","0,3956","0,3969","0,3944","","0,10%"
"13/01/2026","0,3956","0,3945","0,3964","0,3940","","0,30%"
"12/01/2026","0,3944","0,3966","0,3969","0,3942","","0,00%"
"09/01/2026","0,3944","0,3943","0,3966","0,3931","","0,03%"
"08/01/2026","0,3943","0,3940","0,3963","0,3929","","0,05%"
"07/01/2026","0,3941","0,3921","0,3963","0,3905","","0,51%"
"06/01/2026","0,3921","0,3910","0,3928","0,3897","","0,28%"
"05/01/2026","0,3910","0,3890","0,3913","0,3845","","0,36%"
"02/01/2026","0,3896","0,3865","0,3910","0,3865","","0,80%"
"01/01/2026","0,3865","0,3870","0,3877","0,3865","","-0,13%"
"31/12/2025","0,3870","0,3831","0,3923","0,3825","","1,02%"
"30/12/2025","0,3831","0,3834","0,3863","0,3825","","0,21%"
"29/12/2025","0,3823","0,3840","0,3855","0,3823","","-0,39%"
"26/12/2025","0,3838","0,3835","0,3850","0,3831","","0,08%"
"25/12/2025","0,3835","0,3836","0,3846","0,3833","","-0,03%"
"24/12/2025","0,3836","0,3834","0,3872","0,3830","","0,16%"
"23/12/2025","0,3830","0,3841","0,3863","0,3818","","-0,29%"
"22/12/2025","0,3841","0,3837","0,3873","0,3823","","0,16%"
"19/12/2025","0,3835","0,3837","0,3840","0,3819","","-0,05%"
"18/12/2025","0,3837","0,3848","0,3857","0,3822","","-0,42%"
"17/12/2025","0,3853","0,3834","0,3854","0,3822","","0,34%"
"16/12/2025","0,3840","0,3854","0,3856","0,3830","","-0,29%"
"15/12/2025","0,3851","0,3857","0,3858","0,3839","","0,16%"
"12/12/2025","0,3845","0,3862","0,3875","0,3833","","-0,47%"
"11/12/2025","0,3863","0,3874","0,3895","0,3853","","-0,28%"
"10/12/2025","0,3874","0,3882","0,3886","0,3866","","-0,23%"
"09/12/2025","0,3883","0,3876","0,3890","0,3863","","0,05%"
"08/12/2025","0,3881","0,3885","0,3921","0,3867","","0,00%"
"05/12/2025","0,3881","0,3883","0,3891","0,3871","","-0,05%"
"04/12/2025","0,3883","0,3891","0,3901","0,3877","","-0,21%"
"03/12/2025","0,3891","0,3935","0,3948","0,3879","","-1,12%"
"02/12/2025","0,3935","0,3936","0,3947","0,3902","","-0,03%"
"01/12/2025","0,3936","0,3947","0,3948","0,3895","","0,82%"
"28/11/2025","0,3904","0,3938","0,3949","0,3866","","-0,86%"
"27/11/2025","0,3938","0,3936","0,3954","0,3906","","0,05%"
"26/11/2025","0,3936","0,3930","0,3953","0,3905","","0,15%"
"25/11/2025","0,3930","0,3913","0,3935","0,3898","","0,49%"
"24/11/2025","0,3911","0,3926","0,3926","0,3890","","-0,28%"
"21/11/2025","0,3922","0,3919","0,3927","0,3907","","0,08%"
"20/11/2025","0,3919","0,3891","0,3926","0,3868","","0,59%"
"19/11/2025","0,3896","0,3903","0,3911","0,3881","","-0,15%"
"18/11/2025","0,3902","0,3910","0,3921","0,3888","","-0,20%"
"17/11/2025","0,3910","0,3931","0,3932","0,3906","","-0,43%"
"14/11/2025","0,3927","0,3929","0,3940","0,3914","","-0,05%"
"13/11/2025","0,3929","0,3918","0,3948","0,3912","","0,10%"
"12/11/2025","0,3925","0,3954","0,3954","0,3924","","-0,46%"
"11/11/2025","0,3943","0,3945","0,3960","0,3890","","-0,08%"
"10/11/2025","0,3946","0,3964","0,3967","0,3942","","-0,45%"
"07/11/2025","0,3964","0,3964","0,3976","0,3953","","0,03%"
"06/11/2025","0,3963","0,3963","0,3981","0,3951","","0,00%"
"05/11/2025","0,3963","0,3950","0,3978","0,3935","","0,43%"
"04/11/2025","0,3946","0,3941","0,3966","0,3935","","0,13%"
"03/11/2025","0,3941","0,3992","0,4052","0,3902","","-1,28%"
"31/10/2025","0,3992","0,3906","0,4036","0,3883","","2,12%"
"30/10/2025","0,3909","0,3892","0,3917","0,3711","","0,44%"
"29/10/2025","0,3892","0,3869","0,3901","0,3864","","0,57%"
"28/10/2025","0,3870","0,3870","0,3892","0,3826","","0,00%"
"27/10/2025","0,3870","0,3876","0,3887","0,3823","","-0,08%"
"24/10/2025","0,3873","0,3857","0,3883","0,3852","","0,41%"
"23/10/2025","0,3857","0,3862","0,3878","0,3847","","-0,16%"
"22/10/2025","0,3863","0,3848","0,3869","0,3832","","0,39%"
"21/10/2025","0,3848","0,3830","0,3856","0,3819","","0,44%"
"20/10/2025","0,3831","0,3813","0,3838","0,3796","","0,47%"
"17/10/2025","0,3813","0,3824","0,3850","0,3804","","-0,34%"
"16/10/2025","0,3826","0,3838","0,3877","0,3824","","-0,34%"
"15/10/2025","0,3839","0,3886","0,3896","0,3839","","-1,36%"
"14/10/2025","0,3892","0,3872","0,3893","0,3858","","0,54%"
"13/10/2025","0,3871","0,3877","0,3897","0,3868","","-0,15%"
"10/10/2025","0,3877","0,3827","0,3889","0,3711","","1,31%"
"09/10/2025","0,3827","0,3834","0,3848","0,3826","","0,03%"
"08/10/2025","0,3826","0,3821","0,3841","0,3811","","0,13%"
"07/10/2025","0,3821","0,3813","0,3833","0,3799","","0,29%"
"06/10/2025","0,3810","0,3805","0,3832","0,3803","","0,18%"
"03/10/2025","0,3803","0,3799","0,3831","0,3791","","0,11%"
"02/10/2025","0,3799","0,3773","0,3834","0,3722","","1,06%"
"01/10/2025","0,3759","0,3766","0,3782","0,3757","","-0,19%"
"30/09/2025","0,3766","0,3775","0,3792","0,3761","","0,05%"
"29/09/2025","0,3764","0,3761","0,3790","0,3753","","0,16%"
"26/09/2025","0,3758","0,3748","0,3776","0,3711","","0,27%"
"25/09/2025","0,3748","0,3720","0,3766","0,3716","","0,75%"
"24/09/2025","0,3720","0,3732","0,3742","0,3714","","-0,32%"
"23/09/2025","0,3732","0,3737","0,3754","0,3726","","-0,13%"
"22/09/2025","0,3737","0,3715","0,3748","0,3709","","0,43%"
"19/09/2025","0,3721","0,3699","0,3724","0,3689","","0,46%"
"18/09/2025","0,3704","0,3733","0,3751","0,3689","","-0,78%"
"17/09/2025","0,3733","0,3725","0,3755","0,3713","","0,46%"
"16/09/2025","0,3716","0,3732","0,3754","0,3714","","-0,43%"
"15/09/2025","0,3732","0,3724","0,3735","0,3711","","0,16%"
"12/09/2025","0,3726","0,3724","0,3759","0,3704","","0,19%"
"11/09/2025","0,3719","0,3727","0,3745","0,3711","","-0,24%"
"10/09/2025","0,3728","0,3705","0,3735","0,3685","","0,62%"
"09/09/2025","0,3705","0,3709","0,3719","0,3692","","-0,22%"
"08/09/2025","0,3713","0,3704","0,3744","0,3683","","0,84%"
"05/09/2025","0,3682","0,3688","0,3709","0,3674","","-0,16%"
"04/09/2025","0,3688","0,3704","0,3717","0,3670","","0,49%"
"03/09/2025","0,3670","0,3642","0,3707","0,3639","","0,94%"
"02/09/2025","0,3636","0,3661","0,3688","0,3633","","-0,66%"
"01/09/2025","0,3660","0,3658","0,3684","0,3657","","0,05%"
"29/08/2025","0,3658","0,3674","0,3680","0,3658","","-0,49%"
"28/08/2025","0,3676","0,3669","0,3686","0,3660","","0,22%"
"27/08/2025","0,3668","0,3671","0,3772","0,3662","","-0,08%"
"26/08/2025","0,3671","0,3649","0,3681","0,3647","","0,58%"
"25/08/2025","0,3650","0,3684","0,3723","0,3643","","-0,92%"
"22/08/2025","0,3684","0,3673","0,3689","0,3654","","0,30%"
"21/08/2025","0,3673","0,3657","0,3680","0,3651","","0,44%"
"20/08/2025","0,3657","0,3661","0,3678","0,3651","","-0,22%"
"19/08/2025","0,3665","0,3664","0,3699","0,3647","","0,30%"
"18/08/2025","0,3654","0,3674","0,3675","0,3651","","-0,52%"
"15/08/2025","0,3673","0,3671","0,3676","0,3651","","0,05%"
"14/08/2025","0,3671","0,3652","0,3683","0,3642","","0,52%"
"13/08/2025","0,3652","0,3677","0,3692","0,3643","","-0,68%"
"12/08/2025","0,3677","0,3663","0,3687","0,3659","","0,38%"
"11/08/2025","0,3663","0,3669","0,3690","0,3659","","-0,14%"
"08/08/2025","0,3668","0,3676","0,3698","0,3659","","-0,22%"
"07/08/2025","0,3676","0,3696","0,3762","0,3657","","-0,46%"
"06/08/2025","0,3693","0,3638","0,3727","0,3638","","1,09%"
"05/08/2025","0,3653","0,3724","0,3735","0,3653","","-1,85%"
"04/08/2025","0,3722","0,3779","0,3804","0,3698","","-0,61%"
"01/08/2025","0,3745","0,3706","0,3753","0,3696","","1,05%"
"31/07/2025","0,3706","0,3712","0,3756","0,3700","","-0,24%"
"30/07/2025","0,3715","0,3645","0,3774","0,3644","","1,98%"
"29/07/2025","0,3643","0,3659","0,3782","0,3643","","-0,44%"
"28/07/2025","0,3659","0,3652","0,3668","0,3639","","0,49%"
"25/07/2025","0,3641","0,3637","0,3650","0,3633","","0,05%"
"24/07/2025","0,3639","0,3643","0,3670","0,3634","","-0,11%"
"23/07/2025","0,3643","0,3676","0,3689","0,3640","","-0,60%"
"22/07/2025","0,3665","0,3678","0,3690","0,3654","","-0,46%"
"21/07/2025","0,3682","0,3691","0,3692","0,3661","","-0,03%"
"18/07/2025","0,3683","0,3690","0,3708","0,3671","","-0,57%"
"17/07/2025","0,3704","0,3691","0,3708","0,3674","","0,35%"
"16/07/2025","0,3691","0,3675","0,3700","0,3664","","0,44%"
"15/07/2025","0,3675","0,3679","0,3683","0,3658","","0,41%"
"14/07/2025","0,3660","0,3671","0,3680","0,3649","","-0,16%"
"11/07/2025","0,3666","0,3650","0,3679","0,3638","","0,44%"
"10/07/2025","0,3650","0,3651","0,3673","0,3639","","-0,03%"
"09/07/2025","0,3651","0,3638","0,3664","0,3627","","0,36%"
"08/07/2025","0,3638","0,3636","0,3659","0,3628","","0,19%"
"07/07/2025","0,3631","0,3637","0,3654","0,3625","","0,03%"
"04/07/2025","0,3630","0,3624","0,3643","0,3624","","0,17%"
"03/07/2025","0,3624","0,3636","0,3655","0,3624","","-0,33%"
"02/07/2025","0,3636","0,3628","0,3662","0,3621","","0,22%"
"01/07/2025","0,3628","0,3639","0,3655","0,3615","","-0,33%"
"30/06/2025","0,3640","0,3629","0,3674","0,3621","","0,36%"
"27/06/2025","0,3627","0,3631","0,3684","0,3615","","-0,11%"
"26/06/2025","0,3631","0,3647","0,3699","0,3609","","-0,44%"
"25/06/2025","0,3647","0,3657","0,3686","0,3641","","-0,25%"
"24/06/2025","0,3656","0,3681","0,3690","0,3645","","-0,68%"
"23/06/2025","0,3681","0,3688","0,3696","0,3661","","-0,27%"
"20/06/2025","0,3691","0,3690","0,3700","0,3671","","0,03%"
"19/06/2025","0,3690","0,3680","0,3701","0,3666","","0,27%"
"18/06/2025","0,3680","0,3672","0,3688","0,3660","","-0,11%"
"17/06/2025","0,3684","0,3678","0,3688","0,3662","","0,16%"
"16/06/2025","0,3678","0,3675","0,3739","0,3642","","0,08%"
"13/06/2025","0,3675","0,3696","0,3751","0,3659","","-0,65%"
"12/06/2025","0,3699","0,3687","0,3750","0,3676","","-0,70%"
"11/06/2025","0,3725","0,3713","0,3736","0,3676","","0,32%"
"10/06/2025","0,3713","0,3684","0,3732","0,3675","","0,79%"
"09/06/2025","0,3684","0,3685","0,3692","0,3671","","-0,19%"
"06/06/2025","0,3691","0,3685","0,3693","0,3666","","0,11%"
"05/06/2025","0,3687","0,3651","0,3703","0,3632","","0,99%"
"04/06/2025","0,3651","0,3635","0,3672","0,3628","","0,44%"
"03/06/2025","0,3635","0,3633","0,3642","0,3621","","0,19%"
"02/06/2025","0,3628","0,3647","0,3663","0,3623","","-0,47%"
"30/05/2025","0,3645","0,3661","0,3670","0,3643","","-0,44%"
"29/05/2025","0,3661","0,3649","0,3662","0,3637","","0,33%"
"28/05/2025","0,3649","0,3647","0,3658","0,3641","","-0,05%"
"27/05/2025","0,3651","0,3653","0,3658","0,3639","","-0,05%"
"26/05/2025","0,3653","0,3647","0,3661","0,3643","","0,25%"
"23/05/2025","0,3644","0,3650","0,3660","0,3642","","-0,03%"
"22/05/2025","0,3645","0,3624","0,3651","0,3620","","0,55%"
"21/05/2025","0,3625","0,3648","0,3682","0,3601","","-0,63%"
"20/05/2025","0,3648","0,3651","0,3666","0,3575","","-0,05%"
"19/05/2025","0,3650","0,3651","0,3665","0,3590","","-0,05%"
"16/05/2025","0,3652","0,3607","0,3664","0,3588","","1,22%"
"15/05/2025","0,3608","0,3616","0,3621","0,3590","","-0,17%"
"14/05/2025","0,3614","0,3596","0,3621","0,3593","","0,50%"
"13/05/2025","0,3596","0,3601","0,3612","0,3590","","0,11%"
"12/05/2025","0,3592","0,3590","0,3611","0,3575","","0,00%"
"09/05/2025","0,3592","0,3585","0,3611","0,3573","","0,20%"
"08/05/2025","0,3585","0,3591","0,3596","0,3580","","-0,17%"
"07/05/2025","0,3591","0,3585","0,3600","0,3570","","0,17%"
"06/05/2025","0,3585","0,3592","0,3620","0,3580","","-0,19%"
"05/05/2025","0,3592","0,3596","0,3607","0,3574","","-0,22%"
"02/05/2025","0,3600","0,3595","0,3608","0,3579","","0,14%"
"01/05/2025","0,3595","0,3610","0,3615","0,3577","","-0,42%"
"30/04/2025","0,3610","0,3589","0,3618","0,3575","","0,59%"
"29/04/2025","0,3589","0,3598","0,3613","0,3581","","-0,25%"
"28/04/2025","0,3598","0,3589","0,3600","0,3573","","0,50%"
"25/04/2025","0,3580","0,3590","0,3606","0,3571","","-0,17%"
"24/04/2025","0,3586","0,3583","0,3593","0,3567","","0,08%"
"23/04/2025","0,3583","0,3558","0,3588","0,3528","","0,65%"
"22/04/2025","0,3560","0,3596","0,3619","0,3539","","-0,20%"
"21/04/2025","0,3567","0,3594","0,3607","0,3568","","0,03%"
"18/04/2025","0,3566","0,3608","0,3610","0,3567","","-0,14%"
"17/04/2025","0,3571","0,3601","0,3639","0,3571","","0,39%"
"16/04/2025","0,3557","0,3606","0,3688","0,3566","","-0,59%"
"15/04/2025","0,3578","0,3574","0,3651","0,3555","","0,56%"
"14/04/2025","0,3558","0,3712","0,3754","0,3565","","-2,71%"
"11/04/2025","0,3657","0,3748","0,3759","0,3659","","-1,72%"
"10/04/2025","0,3721","0,3780","0,3789","0,3661","","-0,75%"
"09/04/2025","0,3749","0,3862","0,3864","0,3615","","-2,19%"
"08/04/2025","0,3833","0,3761","0,3869","0,3667","","2,60%"
"07/04/2025","0,3736","0,3880","0,3900","0,3631","","-3,04%"
"04/04/2025","0,3853","0,3890","0,3913","0,3874","","-0,57%"
"03/04/2025","0,3875","0,3946","0,3975","0,3883","","-1,32%"
"02/04/2025","0,3927","0,3933","0,3976","0,3929","","0,49%"
"01/04/2025","0,3908","0,3944","0,3972","0,3924","","-0,31%"
"31/03/2025","0,3920","0,3983","0,3991","0,3944","","-0,36%"
"28/03/2025","0,3934","0,3963","0,3974","0,3940","","0,08%"
"27/03/2025","0,3931","0,3962","0,3982","0,3943","","-0,51%"
"26/03/2025","0,3951","0,3977","0,3992","0,3947","","-0,43%"
"25/03/2025","0,3968","0,3984","0,3991","0,3932","","-0,08%"
"24/03/2025","0,3971","0,3942","0,3990","0,3900","","2,90%"
"21/03/2025","0,3859","0,3965","0,3965","0,3887","","-2,40%"
"20/03/2025","0,3954","0,3961","0,3972","0,3880","","0,33%"
"19/03/2025","0,3941","0,3928","0,3999","0,3872","","0,97%"
"18/03/2025","0,3903","0,3907","0,3963","0,3873","","-0,09%"
"17/03/2025","0,3907","0,3912","0,3950","0,3873","","0,50%"
"14/03/2025","0,3887","0,3859","0,4005","0,3859","","1,97%"
"13/03/2025","0,3812","0,3930","0,3994","0,3859","","-2,36%"
"12/03/2025","0,3904","0,3938","0,3938","0,3878","","-0,20%"
"11/03/2025","0,3912","0,3943","0,4004","0,3916","","-0,15%"
"10/03/2025","0,3918","0,3997","0,4011","0,3932","","-1,24%"
"07/03/2025","0,3967","0,4040","0,4082","0,3979","","-1,17%"
"06/03/2025","0,4014","0,4123","0,4123","0,4040","","-1,93%"
"05/03/2025","0,4093","0,4177","0,4195","0,4092","","-1,35%"
"04/03/2025","0,4149","0,4193","0,4209","0,4148","","-0,17%"
"03/03/2025","0,4156","0,4200","0,4214","0,4179","","-1,05%"
"28/02/2025","0,4200","0,4175","0,4211","0,4168","","1,28%"
"27/02/2025","0,4147","0,4178","0,4196","0,4158","","-0,12%"
"26/02/2025","0,4152","0,4185","0,4188","0,4175","","-0,17%"
"25/02/2025","0,4159","0,4155","0,4196","0,4144","","0,73%"
"24/02/2025","0,4129","0,4155","0,4203","0,4126","","-0,31%"
"21/02/2025","0,4142","0,4168","0,4217","0,4148","","0,15%"
"20/02/2025","0,4136","0,4163","0,4256","0,4150","","0,12%"
"19/02/2025","0,4131","0,4166","0,4177","0,4149","","-0,48%"
"18/02/2025","0,4151","0,4140","0,4172","0,4136","","0,90%"
"17/02/2025","0,4114","0,4135","0,4163","0,4126","","-0,39%"
"14/02/2025","0,4130","0,4164","0,4186","0,4133","","-0,63%"
"13/02/2025","0,4156","0,4220","0,4252","0,4104","","-0,91%"
"12/02/2025","0,4194","0,4244","0,4252","0,4177","","-0,57%"
"11/02/2025","0,4218","0,4238","0,4252","0,4214","","-0,07%"
"10/02/2025","0,4221","0,4217","0,4250","0,4195","","0,26%"
"07/02/2025","0,4210","0,4219","0,4236","0,4181","","0,41%"
"06/02/2025","0,4193","0,4211","0,4234","0,4181","","0,22%"
"05/02/2025","0,4184","0,4272","0,4277","0,4195","","-1,44%"
"04/02/2025","0,4245","0,4313","0,4338","0,4246","","-1,88%"
"03/02/2025","0,4326","0,4256","0,4372","0,4067","","2,31%"
"31/01/2025","0,4229","0,4201","0,4372","0,4186","","1,29%"
"30/01/2025","0,4175","0,4060","0,4223","0,4053","","3,47%"
"29/01/2025","0,4035","0,4055","0,4178","0,4029","","0,12%"
"28/01/2025","0,4030","0,4041","0,4161","0,4037","","0,35%"
"27/01/2025","0,4016","0,4047","0,4104","0,4017","","-0,30%"
"24/01/2025","0,4028","0,4053","0,4169","0,4015","","-0,60%"
"23/01/2025","0,4053","0,4049","0,4133","0,4032","","0,07%"
"22/01/2025","0,4049","0,4063","0,4103","0,4031","","-0,33%"
"21/01/2025","0,4063","0,4091","0,4117","0,4052","","-0,68%"
"20/01/2025","0,4091","0,4119","0,4128","0,4042","","-0,20%"
"17/01/2025","0,4099","0,4083","0,4123","0,4083","","0,38%"
"16/01/2025","0,4083","0,4099","0,4184","0,4051","","-0,38%"
"15/01/2025","0,4099","0,4115","0,4137","0,4053","","-0,40%"
"14/01/2025","0,4115","0,4142","0,4169","0,4071","","-0,65%"
"13/01/2025","0,4142","0,4155","0,4179","0,4085","","0,86%"
"10/01/2025","0,4107","0,4107","0,4155","0,4062","","0,00%"
"09/01/2025","0,4107","0,4112","0,4157","0,4063","","-0,12%"
"08/01/2025","0,4112","0,4092","0,4139","0,4045","","0,50%"
"07/01/2025","0,4092","0,4137","0,4166","0,4075","","-1,09%"
"06/01/2025","0,4137","0,4153","0,4171","0,4085","","0,07%"
"03/01/2025","0,4133","0,4088","0,4179","0,4075","","1,11%"
"02/01/2025","0,4088","0,4082","0,4123","0,4071","","0,42%"
"01/01/2025","0,4071","0,4082","0,4101","0,4078","","-0,27%"
"31/12/2024","0,4082","0,4081","0,4107","0,4071","","0,01%"
"30/12/2024","0,4081","0,4067","0,4119","0,4035","","0,34%"
"27/12/2024","0,4067","0,4107","0,4123","0,4038","","-0,33%"
"26/12/2024","0,4081","0,4105","0,4109","0,4067","","0,00%"
"25/12/2024","0,4081","0,4081","0,4081","0,4081","","0,12%"
"24/12/2024","0,4076","0,4067","0,4107","0,4067","","0,22%"
"23/12/2024","0,4067","0,4110","0,4121","0,4033","","-0,39%"
"20/12/2024","0,4083","0,4067","0,4114","0,4066","","0,38%"
"19/12/2024","0,4067","0,4018","0,4101","0,4014","","1,22%"
"18/12/2024","0,4018","0,4012","0,4094","0,3814","","0,16%"
"17/12/2024","0,4012","0,4073","0,4080","0,4006","","-0,89%"
"16/12/2024","0,4048","0,4085","0,4102","0,4011","","0,04%"
"13/12/2024","0,4047","0,4028","0,4085","0,4026","","0,46%"
"12/12/2024","0,4028","0,4024","0,4088","0,3986","","0,09%"
"11/12/2024","0,4024","0,4015","0,4091","0,4008","","0,25%"
"10/12/2024","0,4015","0,4024","0,4059","0,4012","","-0,25%"
"09/12/2024","0,4024","0,3900","0,4076","0,3793","","0,80%"
"06/12/2024","0,3993","0,3880","0,4042","0,3663","","2,91%"
"05/12/2024","0,3880","0,3832","0,4023","0,3799","","1,24%"
"04/12/2024","0,3832","0,3740","0,3873","0,3691","","2,45%"
"03/12/2024","0,3740","0,3724","0,3799","0,3691","","0,43%"
"02/12/2024","0,3724","0,3686","0,3756","0,3650","","1,04%"
"29/11/2024","0,3686","0,3714","0,3778","0,3671","","-0,75%"
"28/11/2024","0,3714","0,3699","0,3859","0,3698","","0,41%"
"27/11/2024","0,3699","0,3704","0,3729","0,3681","","-0,13%"
"26/11/2024","0,3704","0,3733","0,3768","0,3672","","-0,79%"
"25/11/2024","0,3733","0,3698","0,3803","0,3645","","1,23%"
"22/11/2024","0,3688","0,3677","0,3731","0,3670","","0,31%"
"21/11/2024","0,3677","0,3686","0,3728","0,3676","","-0,24%"
"20/11/2024","0,3686","0,3693","0,3713","0,3614","","-0,22%"
"19/11/2024","0,3693","0,3710","0,3762","0,3628","","-0,43%"
"18/11/2024","0,3710","0,3745","0,3757","0,3661","","-0,50%"
"15/11/2024","0,3728","0,3708","0,3801","0,3679","","0,55%"
"14/11/2024","0,3708","0,3681","0,3713","0,3632","","0,73%"
"13/11/2024","0,3681","0,3671","0,3692","0,3593","","0,26%"
"12/11/2024","0,3671","0,3668","0,3754","0,3655","","0,07%"
"11/11/2024","0,3668","0,3658","0,3752","0,3548","","0,73%"
"08/11/2024","0,3642","0,3634","0,3695","0,3571","","0,22%"
"07/11/2024","0,3634","0,3654","0,3695","0,3550","","-0,53%"
"06/11/2024","0,3654","0,3627","0,3675","0,3582","","0,74%"
"05/11/2024","0,3627","0,3613","0,3683","0,3561","","-1,05%"
"04/11/2024","0,3665","0,3656","0,3698","0,3544","","-0,27%"
"01/11/2024","0,3675","0,3677","0,3700","0,3618","","-0,05%"
"31/10/2024","0,3677","0,3690","0,3704","0,3631","","-0,37%"
"30/10/2024","0,3690","0,3693","0,3728","0,3618","","-0,08%"
"29/10/2024","0,3693","0,3689","0,3706","0,3596","","0,12%"
"28/10/2024","0,3689","0,3689","0,3735","0,3614","","0,00%"
"25/10/2024","0,3689","0,3692","0,3738","0,3617","","-0,08%"
"24/10/2024","0,3692","0,3702","0,3736","0,3661","","-0,28%"
"23/10/2024","0,3702","0,3686","0,3747","0,3662","","0,45%"
"22/10/2024","0,3686","0,3681","0,3729","0,3640","","0,12%"
"21/10/2024","0,3681","0,3663","0,3718","0,3613","","-0,31%"
"18/10/2024","0,3693","0,3689","0,3714","0,3647","","0,11%"
"17/10/2024","0,3689","0,3688","0,3729","0,3610","","0,03%"
"16/10/2024","0,3688","0,3684","0,3758","0,3603","","0,10%"
"15/10/2024","0,3684","0,3672","0,3766","0,3632","","0,33%"
"14/10/2024","0,3672","0,3656","0,3730","0,3627","","-0,80%"
"11/10/2024","0,3702","0,3702","0,3728","0,3625","","0,00%"
"10/10/2024","0,3702","0,3695","0,3762","0,3609","","0,18%"
"09/10/2024","0,3695","0,3683","0,3762","0,3636","","0,33%"
"08/10/2024","0,3683","0,3697","0,3713","0,3607","","-0,35%"
"07/10/2024","0,3697","0,3586","0,3724","0,3586","","0,69%"
"04/10/2024","0,3671","0,3579","0,3679","0,3522","","2,57%"
"03/10/2024","0,3579","0,3536","0,3684","0,3480","","1,22%"
"02/10/2024","0,3536","0,3544","0,3692","0,3530","","-0,23%"
"01/10/2024","0,3544","0,3514","0,3686","0,3505","","0,87%"
"30/09/2024","0,3514","0,3532","0,3604","0,3498","","-0,52%"
"27/09/2024","0,3532","0,3559","0,3605","0,3503","","-0,76%"
"26/09/2024","0,3559","0,3539","0,3669","0,3489","","0,55%"
"25/09/2024","0,3539","0,3675","0,3690","0,3512","","-3,42%"
"24/09/2024","0,3665","0,3604","0,3704","0,3600","","1,71%"
"23/09/2024","0,3604","0,3584","0,3809","0,3538","","0,54%"
"20/09/2024","0,3584","0,3591","0,3691","0,3539","","-0,19%"
"19/09/2024","0,3591","0,3598","0,3697","0,3550","","-0,18%"
"18/09/2024","0,3598","0,3611","0,3658","0,3553","","-0,36%"
"17/09/2024","0,3611","0,3609","0,3913","0,3571","","0,03%"
"16/09/2024","0,3609","0,3595","0,3629","0,3575","","-0,06%"
"13/09/2024","0,3611","0,3596","0,3769","0,3573","","0,42%"
"12/09/2024","0,3596","0,3591","0,3968","0,3575","","0,17%"
"11/09/2024","0,3591","0,3612","0,3697","0,3591","","-0,60%"
"10/09/2024","0,3612","0,3606","0,3724","0,3596","","0,17%"
"09/09/2024","0,3606","0,3641","0,3704","0,3583","","-1,98%"
"06/09/2024","0,3679","0,3686","0,3695","0,3607","","-0,20%"
"05/09/2024","0,3686","0,3696","0,3778","0,3639","","-0,26%"
"04/09/2024","0,3696","0,3736","0,3758","0,3669","","-1,07%"
"03/09/2024","0,3736","0,3717","0,3775","0,3670","","0,50%"
"02/09/2024","0,3717","0,3697","0,3736","0,3679","","-0,03%"
"30/08/2024","0,3719","0,3719","0,3736","0,3674","","0,00%"
"29/08/2024","0,3719","0,3750","0,3790","0,3665","","-0,84%"
"28/08/2024","0,3750","0,3760","0,3810","0,3708","","-0,27%"
"27/08/2024","0,3760","0,3778","0,3810","0,3717","","-0,48%"
"26/08/2024","0,3778","0,3769","0,3828","0,3717","","-0,94%"
"23/08/2024","0,3814","0,3814","0,3848","0,3734","","0,00%"
"22/08/2024","0,3814","0,3814","0,3851","0,3684","","0,00%"
"21/08/2024","0,3814","0,3811","0,3845","0,3715","","0,00%"
"20/08/2024","0,3814","0,3738","0,3814","0,3691","","2,05%"
"19/08/2024","0,3738","0,3788","0,3854","0,3664","","-1,15%"
"16/08/2024","0,3781","0,3781","0,3848","0,3679","","0,00%"
"15/08/2024","0,3781","0,3781","0,3856","0,3731","","0,00%"
"14/08/2024","0,3781","0,3781","0,3862","0,3721","","0,00%"
"13/08/2024","0,3781","0,3784","0,3917","0,3728","","-0,08%"
"12/08/2024","0,3784","0,3781","0,3862","0,3713","","0,48%"
"09/08/2024","0,3766","0,3774","0,3857","0,3677","","-0,23%"
"08/08/2024","0,3774","0,3875","0,3914","0,3681","","-2,61%"
"07/08/2024","0,3875","0,3802","0,3979","0,3711","","1,93%"
"06/08/2024","0,3802","0,3798","0,3805","0,3679","","0,12%"
"05/08/2024","0,3798","0,3847","0,3862","0,3698","","-1,20%"
"02/08/2024","0,3844","0,3658","0,3850","0,3651","","5,09%"
"01/08/2024","0,3658","0,3641","0,3769","0,3636","","0,45%"
"31/07/2024","0,3641","0,3644","0,3769","0,3620","","-0,08%"
"30/07/2024","0,3644","0,3734","0,3807","0,3644","","-2,41%"
"29/07/2024","0,3734","0,3734","0,3899","0,3702","","0,00%"
"26/07/2024","0,3734","0,3739","0,3925","0,3711","","-0,13%"
"25/07/2024","0,3739","0,3744","0,3997","0,3733","","-0,12%"
"24/07/2024","0,3744","0,3713","0,3935","0,3712","","0,81%"
"23/07/2024","0,3713","0,3711","0,3997","0,3711","","0,08%"
"22/07/2024","0,3711","0,3799","0,3866","0,3704","","0,00%"
"19/07/2024","0,3711","0,3708","0,3821","0,3668","","0,07%"
"18/07/2024","0,3708","0,3783","0,3856","0,3620","","-2,00%"
"17/07/2024","0,3783","0,3778","0,3874","0,3729","","0,16%"
"16/07/2024","0,3778","0,3775","0,3992","0,3768","","0,07%"
"15/07/2024","0,3775","0,3775","0,3892","0,3750","","0,00%"
"12/07/2024","0,3775","0,3787","0,3904","0,3762","","-0,32%"
"11/07/2024","0,3787","0,3811","0,4108","0,3754","","-0,63%"
"10/07/2024","0,3811","0,3951","0,4112","0,3806","","-3,54%"
"09/07/2024","0,3951","0,3947","0,4027","0,3922","","0,10%"
"08/07/2024","0,3947","0,3943","0,4126","0,3927","","0,10%"
"05/07/2024","0,3943","0,3975","0,4142","0,3933","","-0,79%"
"04/07/2024","0,3975","0,3979","0,4063","0,3958","","-0,11%"
"03/07/2024","0,3979","0,3992","0,4139","0,3963","","-0,31%"
"02/07/2024","0,3992","0,4007","0,4162","0,3970","","-0,39%"
"01/07/2024","0,4007","0,4048","0,4180","0,3987","","-0,32%"
"28/06/2024","0,4020","0,4025","0,4154","0,3994","","-0,12%"
"27/06/2024","0,4025","0,4025","0,4154","0,3999","","0,00%"
"26/06/2024","0,4025","0,4020","0,4123","0,4006","","0,11%"
"25/06/2024","0,4020","0,4046","0,4182","0,4011","","-0,63%"
"24/06/2024","0,4046","0,4051","0,4170","0,4033","","-0,11%"
"21/06/2024","0,4051","0,4093","0,4181","0,4029","","-1,04%"
"20/06/2024","0,4093","0,4087","0,4165","0,4056","","0,16%"
"19/06/2024","0,4087","0,4093","0,4182","0,4059","","-0,16%"
"18/06/2024","0,4093","0,4138","0,4166","0,4026","","-0,20%"
"17/06/2024","0,4101","0,4128","0,4146","0,4117","","0,79%"
"14/06/2024","0,4069","0,3983","0,4171","0,3955","","2,17%"
"13/06/2024","0,3983","0,4040","0,4208","0,3983","","-1,42%"
"12/06/2024","0,4040","0,3999","0,4165","0,3985","","1,03%"
"11/06/2024","0,3999","0,4040","0,4180","0,3995","","-1,03%"
"10/06/2024","0,4040","0,4053","0,4232","0,3965","","-2,86%"
"07/06/2024","0,4160","0,4026","0,4196","0,3972","","3,33%"
"06/06/2024","0,4026","0,4027","0,4169","0,3977","","-0,05%"
"05/06/2024","0,4027","0,4022","0,4177","0,3981","","0,14%"
"04/06/2024","0,4022","0,4073","0,4171","0,3980","","-1,01%"
"03/06/2024","0,4063","0,4081","0,4153","0,4012","","0,20%"
"31/05/2024","0,4055","0,5070","0,5070","0,4017","","-19,50%"
"30/05/2024","0,5037","0,4576","0,5071","0,4065","","10,32%"
"29/05/2024","0,4566","0,4369","0,4629","0,4202","","-0,76%"
"28/05/2024","0,4601","0,4110","0,4658","0,4083","","12,66%"
"27/05/2024","0,4084","0,4110","0,4131","0,4018","","0,00%"
"24/05/2024","0,4084","0,4117","0,4119","0,4079","","-0,15%"
"23/05/2024","0,4090","0,4182","0,4271","0,4054","","-2,07%"
"22/05/2024","0,4177","0,4262","0,4272","0,4114","","-1,74%"
"21/05/2024","0,4250","0,3942","0,4272","0,3936","","8,21%"
"20/05/2024","0,3928","0,4114","0,4148","0,3936","","-3,91%"
"17/05/2024","0,4088","0,3966","0,4205","0,3950","","3,73%"
"16/05/2024","0,3941","0,4000","0,4005","0,3904","","-0,83%"
"15/05/2024","0,3974","0,4056","0,4123","0,3936","","-1,44%"
"14/05/2024","0,4032","0,4284","0,4404","0,3986","","-5,29%"
"13/05/2024","0,4257","0,4227","0,4363","0,4126","","1,50%"
"10/05/2024","0,4194","0,4270","0,4270","0,4162","","-1,13%"
"09/05/2024","0,4242","0,4343","0,4343","0,4198","","-1,87%"
"08/05/2024","0,4323","0,4386","0,4403","0,4262","","-1,32%"
"07/05/2024","0,4381","0,4413","0,4451","0,4380","","-0,30%"
"06/05/2024","0,4394","0,4430","0,4478","0,4339","","-0,16%"
"03/05/2024","0,4401","0,4536","0,4552","0,4346","","-2,33%"
"02/05/2024","0,4506","0,4394","0,4536","0,4381","","2,50%"
"01/05/2024","0,4396","0,4403","0,4408","0,4392","","0,48%"
"30/04/2024","0,4375","0,4327","0,4493","0,4327","","-2,43%"
"29/04/2024","0,4484","0,4449","0,4548","0,4421","","-2,29%"
"26/04/2024","0,4589","0,4802","0,4802","0,4433","","-3,81%"
"25/04/2024","0,4771","0,4908","0,4908","0,4385","","-2,15%"
"24/04/2024","0,4876","0,5002","0,5002","0,4567","","-1,89%"
"23/04/2024","0,4970","0,5002","0,5065","0,4703","","0,00%"
"22/04/2024","0,4970","0,6142","0,6142","0,4904","","-18,54%"
"19/04/2024","0,6101","0,5385","0,6173","0,4579","","14,04%"
"18/04/2024","0,5350","0,5319","0,5440","0,5239","","1,23%"
"17/04/2024","0,5285","0,5422","0,5548","0,5272","","-2,09%"
"16/04/2024","0,5398","0,5337","0,5430","0,5194","","1,81%"
"15/04/2024","0,5302","0,5336","0,5512","0,5162","","-0,04%"
"12/04/2024","0,5304","0,4897","0,5347","0,4836","","9,02%"
"11/04/2024","0,4865","0,4891","0,4902","0,4843","","-0,71%"
"10/04/2024","0,4900","0,4879","0,4935","0,4843","","1,85%"
"09/04/2024","0,4811","0,4918","0,4922","0,4837","","-1,53%"
"08/04/2024","0,4886","0,4860","0,4969","0,4686","","1,20%"
"05/04/2024","0,4828","0,4540","0,4895","0,4509","","6,34%"
"04/04/2024","0,4540","0,4553","0,4944","0,4466","","-0,29%"
"03/04/2024","0,4553","0,4770","0,4969","0,4487","","-3,92%"
"02/04/2024","0,4739","0,4660","0,4814","0,4197","","2,38%"
"01/04/2024","0,4629","0,4667","0,4674","0,4658","","-0,49%"
"29/03/2024","0,4652","0,4288","0,4668","0,4288","","9,20%"
"28/03/2024","0,4260","0,4268","0,4714","0,4257","","0,28%"
"27/03/2024","0,4248","0,4306","0,4719","0,3911","","-1,14%"
"26/03/2024","0,4297","0,4182","0,4748","0,3833","","3,42%"
"25/03/2024","0,4155","0,4179","0,4404","0,3647","","0,07%"
"22/03/2024","0,4152","0,4252","0,4491","0,3824","","-2,24%"
"21/03/2024","0,4247","0,3865","0,4618","0,3844","","10,60%"
"20/03/2024","0,3840","0,4089","0,4252","0,3826","","-5,63%"
"19/03/2024","0,4069","0,3828","0,4092","0,3826","","6,66%"
"18/03/2024","0,3815","0,3740","0,4303","0,3740","","2,47%"
"15/03/2024","0,3723","0,3770","0,3821","0,3725","","-0,61%"
"14/03/2024","0,3746","0,3763","0,3785","0,3757","","0,16%"
"13/03/2024","0,3740","0,3925","0,3925","0,3720","","1,19%"
"12/03/2024","0,3696","0,3689","0,3929","0,3672","","-5,10%"
"11/03/2024","0,3895","0,3763","0,4128","0,3689","","4,16%"
"08/03/2024","0,3739","0,3787","0,3986","0,3763","","-0,64%"
"07/03/2024","0,3763","0,3794","0,3821","0,3784","","-0,19%"
"06/03/2024","0,3770","0,3878","0,3887","0,3784","","-2,23%"
"05/03/2024","0,3856","0,3912","0,4035","0,3871","","-0,80%"
"04/03/2024","0,3887","0,3928","0,4395","0,3912","","-0,26%"
"01/03/2024","0,3897","0,3745","0,4672","0,3744","","4,73%"
"29/02/2024","0,3721","0,3718","0,4661","0,3708","","0,73%"
"28/02/2024","0,3694","0,3841","0,4010","0,3707","","-3,20%"
"27/02/2024","0,3816","0,4018","0,4023","0,3647","","-4,41%"
"26/02/2024","0,3992","0,4067","0,4067","0,3880","","-1,21%"
"23/02/2024","0,4041","0,4058","0,4125","0,3762","","0,22%"
"22/02/2024","0,4032","0,3776","0,4072","0,3769","","7,41%"
"21/02/2024","0,3754","0,3785","0,4289","0,3625","","-0,21%"
"20/02/2024","0,3762","0,4089","0,4098","0,3789","","-7,41%"
"19/02/2024","0,4063","0,4089","0,4883","0,3975","","0,00%"
"16/02/2024","0,4063","0,4026","0,4092","0,3990","","1,58%"
"15/02/2024","0,4000","0,4040","0,4223","0,4017","","-0,35%"
"14/02/2024","0,4014","0,4018","0,4202","0,4018","","0,53%"
"13/02/2024","0,3993","0,4040","0,4191","0,4004","","-1,18%"
"12/02/2024","0,4040","0,4126","0,4865","0,4040","","-1,45%"
"09/02/2024","0,4100","0,4211","0,4866","0,4119","","-2,01%"
"08/02/2024","0,4184","0,4296","0,4873","0,4204","","-1,97%"
"07/02/2024","0,4268","0,4332","0,4334","0,4251","","-0,84%"
"06/02/2024","0,4304","0,4283","0,4866","0,4283","","1,15%"
"05/02/2024","0,4255","0,4263","0,5538","0,4263","","0,47%"
"02/02/2024","0,4235","0,4477","0,6702","0,4257","","-4,79%"
"01/02/2024","0,4448","0,5082","0,5530","0,4469","","-11,89%"
"31/01/2024","0,5048","0,5507","0,5547","0,5076","","-7,85%"
"30/01/2024","0,5478","0,6780","0,6780","0,5507","","-19,14%"
"29/01/2024","0,6775","0,6745","0,6811","0,6657","","1,13%"
"26/01/2024","0,6699","0,6790","0,6790","0,6690","","-0,65%"
"25/01/2024","0,6743","0,6701","0,6798","0,6696","","1,19%"
"24/01/2024","0,6664","0,6575","0,6933","0,6575","","2,07%"
"23/01/2024","0,6529","0,6757","0,7086","0,6528","","-2,70%"
"22/01/2024","0,6710","0,6756","0,6757","0,6570","","-0,07%"
"19/01/2024","0,6715","0,6722","0,7013","0,6626","","0,58%"
"18/01/2024","0,6676","0,7019","0,7031","0,6610","","-3,89%"
"17/01/2024","0,6946","0,7036","0,7080","0,6637","","-0,59%"
"16/01/2024","0,6987","0,6899","0,7039","0,6594","","1,99%"
"15/01/2024","0,6851","0,6230","0,6939","0,6230","","10,48%"
"12/01/2024","0,6201","0,6241","0,6256","0,6194","","-0,18%"
"11/01/2024","0,6212","0,6301","0,6311","0,6225","","-0,72%"
"10/01/2024","0,6257","0,6545","0,6572","0,6282","","-4,40%"
"09/01/2024","0,6545","0,6761","0,6783","0,6539","","0,58%"
"08/01/2024","0,6507","0,6564","0,6791","0,6542","","-0,32%"
"05/01/2024","0,6528","0,6571","0,6787","0,6551","","0,05%"
"04/01/2024","0,6525","0,6711","0,6761","0,6554","","-2,09%"
"03/01/2024","0,6664","0,6727","0,6808","0,6658","","-0,94%"
"02/01/2024","0,6727","0,6720","0,6763","0,6568","","0,81%"
"01/01/2024","0,6673","0,6720","0,6720","0,6720","","0,00%"
"29/12/2023","0,6673","0,6581","0,6736","0,6566","","2,13%"
"28/12/2023","0,6534","0,6712","0,6786","0,6516","","-2,62%"
"27/12/2023","0,6709","0,6574","0,6729","0,6558","","2,78%"
"26/12/2023","0,6528","0,6625","0,6642","0,6564","","-0,53%"
"25/12/2023","0,6563","0,6563","0,6563","0,6563","","0,00%"
"22/12/2023","0,6563","0,6633","0,6633","0,6581","","-0,36%"
"21/12/2023","0,6587","0,7261","0,7286","0,6625","","-8,88%"
"20/12/2023","0,7229","0,7270","0,7316","0,7246","","0,14%"
"19/12/2023","0,7219","0,7605","0,7610","0,7243","","-4,40%"
"18/12/2023","0,7551","0,7554","0,7624","0,7552","","0,68%"
"15/12/2023","0,7500","0,7620","0,7641","0,7508","","-0,87%"
"14/12/2023","0,7566","0,7575","0,7712","0,7493","","0,58%"
"13/12/2023","0,7522","0,7598","0,7723","0,7565","","-0,32%"
"12/12/2023","0,7546","0,7709","0,7728","0,7583","","-1,42%"
"11/12/2023","0,7655","0,7696","0,7724","0,7583","","-0,07%"
"08/12/2023","0,7660","0,7597","0,7714","0,7578","","1,75%"
"07/12/2023","0,7528","0,7584","0,7720","0,7576","","-0,04%"
"06/12/2023","0,7531","0,7569","0,7594","0,7556","","0,20%"
"05/12/2023","0,7516","0,7522","0,7695","0,7404","","0,04%"
"04/12/2023","0,7513","0,7634","0,7657","0,7473","","-1,04%"
"01/12/2023","0,7592","0,7565","0,7692","0,7551","","1,01%"
"30/11/2023","0,7516","0,7524","0,7589","0,7524","","0,55%"
"29/11/2023","0,7475","0,7584","0,7584","0,7524","","-0,80%"
"28/11/2023","0,7535","0,7490","0,7594","0,7424","","1,26%"
"27/11/2023","0,7441","0,7455","0,7594","0,7423","","-0,18%"
"24/11/2023","0,7455","0,7474","0,7478","0,7438","","0,38%"
"23/11/2023","0,7426","0,7474","0,7611","0,7445","","0,00%"
"22/11/2023","0,7426","0,7333","0,7474","0,7331","","1,94%"
"21/11/2023","0,7285","0,7322","0,7368","0,7289","","0,15%"
"20/11/2023","0,7274","0,7205","0,7420","0,7103","","1,61%"
"17/11/2023","0,7159","0,7315","0,7361","0,7158","","-1,51%"
"16/11/2023","0,7269","0,7264","0,7363","0,7158","","0,71%"
"15/11/2023","0,7218","0,7247","0,7340","0,7139","","0,10%"
"14/11/2023","0,7211","0,7637","0,7690","0,7240","","-4,92%"
"13/11/2023","0,7584","0,7662","0,7696","0,7615","","-0,39%"
"10/11/2023","0,7614","0,7631","0,7673","0,7623","","0,48%"
"09/11/2023","0,7578","0,7646","0,7691","0,7623","","-0,26%"
"08/11/2023","0,7598","0,7796","0,7885","0,7570","","-1,92%"
"07/11/2023","0,7747","0,7635","0,7806","0,7570","","1,96%"
"06/11/2023","0,7598","0,7648","0,7746","0,7570","","-0,03%"
"03/11/2023","0,7600","0,7850","0,7890","0,7570","","-2,58%"
"02/11/2023","0,7801","0,7832","0,7867","0,7814","","0,24%"
"01/11/2023","0,7782","0,7851","0,7853","0,7812","","-0,76%"
"31/10/2023","0,7842","0,7900","0,7916","0,7836","","-0,11%"
"30/10/2023","0,7850","0,7862","0,7925","0,7780","","0,47%"
"27/10/2023","0,7813","0,7752","0,7925","0,7752","","1,41%"
"26/10/2023","0,7704","0,7792","0,7860","0,7721","","-0,50%"
"25/10/2023","0,7743","0,7776","0,7917","0,7770","","0,21%"
"24/10/2023","0,7727","0,7003","0,7788","0,6967","","11,02%"
"23/10/2023","0,6960","0,7218","0,7267","0,7003","","-2,97%"
"20/10/2023","0,7173","0,8127","0,8127","0,7200","","-11,74%"
"19/10/2023","0,8127","0,8007","0,8134","0,8007","","2,14%"
"18/10/2023","0,7957","0,8134","0,8178","0,8007","","-1,51%"
"17/10/2023","0,8079","0,8133","0,8196","0,8105","","-0,20%"
"16/10/2023","0,8095","0,8072","0,8202","0,8040","","-0,03%"
"13/10/2023","0,8098","0,8031","0,8112","0,7962","","1,59%"
"12/10/2023","0,7971","0,8138","0,8202","0,8015","","-1,43%"
"11/10/2023","0,8087","0,8130","0,8198","0,7976","","0,10%"
"10/10/2023","0,8079","0,8209","0,8231","0,8000","","-0,97%"
"09/10/2023","0,8158","0,8054","0,8270","0,8052","","1,94%"
"06/10/2023","0,8003","0,8248","0,8248","0,8052","","-1,73%"
"05/10/2023","0,8144","0,8379","0,8418","0,8099","","-2,20%"
"04/10/2023","0,8327","0,8162","0,8416","0,8104","","2,66%"
"03/10/2023","0,8111","0,8087","0,8176","0,7846","","0,93%"
"02/10/2023","0,8036","0,8044","0,8177","0,8037","","-0,22%"
"29/09/2023","0,8054","0,7978","0,8073","0,7921","","1,58%"
"28/09/2023","0,7928","0,7978","0,7983","0,7774","","0,00%"
"27/09/2023","0,7928","0,7957","0,8066","0,7928","","0,27%"
"26/09/2023","0,7907","0,7905","0,7966","0,7857","","0,66%"
"25/09/2023","0,7855","0,8008","0,8209","0,7839","","-1,29%"
"22/09/2023","0,7958","0,8025","0,8033","0,7976","","-0,20%"
"21/09/2023","0,7974","0,7959","0,8026","0,7889","","0,86%"
"20/09/2023","0,7906","0,7908","0,7986","0,7829","","0,62%"
"19/09/2023","0,7857","0,8091","0,8092","0,7782","","-2,28%"
"18/09/2023","0,8040","0,8012","0,8106","0,7758","","0,75%"
"15/09/2023","0,7980","0,7789","0,8034","0,7772","","3,17%"
"14/09/2023","0,7735","0,8177","0,8190","0,7772","","-4,79%"
"13/09/2023","0,8124","0,7936","0,8257","0,7936","","2,90%"
"12/09/2023","0,7895","0,8282","0,8299","0,7920","","-4,06%"
"11/09/2023","0,8229","0,7752","0,8314","0,7752","","6,83%"
"08/09/2023","0,7703","0,7803","0,7803","0,7727","","-0,64%"
"07/09/2023","0,7753","0,8103","0,8127","0,7786","","-4,24%"
"06/09/2023","0,8096","0,8009","0,8108","0,8002","","1,73%"
"05/09/2023","0,7958","0,7979","0,8212","0,7923","","0,39%"
"04/09/2023","0,7927","0,7979","0,7979","0,7979","","0,00%"
"01/09/2023","0,7927","0,7779","0,8148","0,7760","","2,56%"
"31/08/2023","0,7729","0,7805","0,7805","0,7779","","-0,34%"
"30/08/2023","0,7755","0,7845","0,8165","0,7721","","-0,51%"
"29/08/2023","0,7795","0,7835","0,7979","0,7835","","0,13%"
"28/08/2023","0,7785","0,7872","0,7883","0,7835","","-1,11%"
"25/08/2023","0,7872","0,7996","0,8211","0,7802","","-1,54%"
"24/08/2023","0,7996","0,8008","0,8019","0,7835","","-0,15%"
"23/08/2023","0,8008","0,7875","0,8010","0,7875","","1,70%"
"22/08/2023","0,7875","0,8086","0,8086","0,7801","","-2,06%"
"21/08/2023","0,8040","0,8085","0,8106","0,7830","","-0,56%"
"18/08/2023","0,8085","0,7849","0,8092","0,7841","","3,01%"
"17/08/2023","0,7849","0,7983","0,8238","0,7849","","-1,27%"
"16/08/2023","0,7950","0,8134","0,8249","0,7966","","-2,13%"
"15/08/2023","0,8123","0,8151","0,8268","0,8091","","0,74%"
"14/08/2023","0,8063","0,8120","0,8151","0,8109","","-0,30%"
"11/08/2023","0,8087","0,8094","0,8124","0,8018","","0,31%"
"10/08/2023","0,8062","0,8099","0,8105","0,7969","","-0,06%"
"09/08/2023","0,8067","0,8181","0,8184","0,8085","","-0,97%"
"08/08/2023","0,8146","0,7948","0,8326","0,7948","","2,48%"
"07/08/2023","0,7948","0,7805","0,7948","0,7581","","1,84%"
"04/08/2023","0,7805","0,7714","0,7825","0,7677","","-2,30%"
"03/08/2023","0,7989","0,8029","0,8225","0,7547","","-0,11%"
"02/08/2023","0,7998","0,8199","0,8314","0,8027","","1,53%"
"01/08/2023","0,7878","0,7825","0,8015","0,7703","","0,68%"
"31/07/2023","0,7825","0,7612","0,7857","0,7451","","2,79%"
"28/07/2023","0,7612","0,7614","0,7689","0,7475","","-0,03%"
"27/07/2023","0,7614","0,7512","0,7785","0,7475","","1,36%"
"26/07/2023","0,7512","0,7462","0,7521","0,7462","","0,66%"
"25/07/2023","0,7462","0,7456","0,7578","0,7455","","0,71%"
"24/07/2023","0,7410","0,7597","0,7597","0,7433","","-2,46%"
"21/07/2023","0,7597","0,7402","0,7605","0,7382","","2,63%"
"20/07/2023","0,7402","0,7460","0,7531","0,7371","","-0,78%"
"19/07/2023","0,7460","0,7535","0,7544","0,7283","","1,55%"
"18/07/2023","0,7346","0,7515","0,7555","0,7358","","-2,24%"
"17/07/2023","0,7515","0,7538","0,7569","0,7515","","-0,31%"
"14/07/2023","0,7538","0,7573","0,7582","0,7538","","-0,46%"
"13/07/2023","0,7573","0,7740","0,7740","0,7517","","-2,16%"
"12/07/2023","0,7740","0,7700","0,7908","0,7603","","0,51%"
"11/07/2023","0,7700","0,7614","0,7903","0,7603","","1,94%"
"10/07/2023","0,7554","0,7843","0,7843","0,7608","","-2,93%"
"07/07/2023","0,7782","0,7786","0,7887","0,7771","","-0,04%"
"06/07/2023","0,7786","0,7776","0,7857","0,7746","","0,12%"
"05/07/2023","0,7776","0,7814","0,7814","0,7746","","-0,48%"
"04/07/2023","0,7814","0,7836","0,7879","0,7775","","0,00%"
"03/07/2023","0,7814","0,8239","0,8280","0,7756","","-4,77%"
"30/06/2023","0,8205","0,8343","0,8358","0,8105","","-1,25%"
"29/06/2023","0,8309","0,7950","0,8344","0,7933","","4,52%"
"28/06/2023","0,7950","0,7844","0,7966","0,7844","","1,34%"
"27/06/2023","0,7844","0,8122","0,8122","0,7844","","-3,42%"
"26/06/2023","0,8122","0,7932","0,8122","0,7839","","-1,07%"
"23/06/2023","0,8209","0,8360","0,8582","0,7922","","-1,41%"
"22/06/2023","0,8326","0,8338","0,8513","0,8191","","0,28%"
"21/06/2023","0,8303","0,9072","0,9081","0,8334","","-8,06%"
"20/06/2023","0,9031","0,8823","0,9093","0,8689","","4,15%"
"19/06/2023","0,8671","0,9132","0,9661","0,8728","","-5,05%"
"16/06/2023","0,9132","1,0098","1,0534","0,9129","","-9,56%"
"15/06/2023","1,0098","1,0181","1,0494","0,9540","","-0,83%"
"14/06/2023","1,0182","1,3146","1,3146","0,9495","","-21,85%"
"13/06/2023","1,3029","1,3170","1,3170","1,2829","","-0,40%"
"12/06/2023","1,3081","1,3759","1,3765","1,3138","","-4,60%"
"09/06/2023","1,3712","1,3253","1,3767","1,3253","","4,17%"
"08/06/2023","1,3163","1,3283","1,3316","1,3154","","-0,23%"
"07/06/2023","1,3193","1,3277","1,3297","1,2911","","0,00%"
"06/06/2023","1,3193","1,3287","1,3297","1,3160","","-0,03%"
"05/06/2023","1,3197","1,3210","1,3349","1,3199","","-0,27%"
"02/06/2023","1,3233","1,3327","1,3336","1,3320","","-0,03%"
"01/06/2023","1,3237","1,3322","1,3336","1,3200","","0,04%"
"31/05/2023","1,3232","1,3326","1,3347","1,3303","","-0,02%"
"30/05/2023","1,3235","1,3260","1,3367","1,3175","","0,49%"
"29/05/2023","1,3170","1,3260","1,3260","1,3260","","0,01%"
"26/05/2023","1,3169","1,3276","1,3339","1,3221","","-0,12%"
"25/05/2023","1,3185","1,3206","1,3276","1,3117","","0,53%"
"24/05/2023","1,3116","1,3184","1,3281","1,3043","","0,17%"
"23/05/2023","1,3094","1,3161","1,3198","1,3156","","0,01%"
"22/05/2023","1,3093","1,3134","1,3178","1,3059","","0,38%"
"19/05/2023","1,3044","1,3149","1,3169","1,3075","","-0,11%"
"18/05/2023","1,3059","1,3138","1,3166","1,3116","","0,09%"
"17/05/2023","1,3047","1,3087","1,3153","1,3082","","0,38%"
"16/05/2023","1,2997","1,3094","1,3112","1,3084","","-0,13%"
"15/05/2023","1,3014","1,3029","1,3122","1,2967","","0,33%"
"12/05/2023","1,2971","1,3039","1,3081","1,2990","","0,01%"
"11/05/2023","1,2970","1,2962","1,3049","1,2919","","0,68%"
"10/05/2023","1,2883","1,2955","1,2995","1,2946","","-0,03%"
"09/05/2023","1,2887","1,2909","1,3046","1,2898","","0,53%"
"08/05/2023","1,2819","1,2914","1,3070","1,2859","","-0,04%"
"05/05/2023","1,2824","1,2893","1,2948","1,2881","","0,04%"
"04/05/2023","1,2819","1,2909","1,2953","1,2901","","0,00%"
"03/05/2023","1,2819","1,2948","1,2954","1,2901","","-0,30%"
"02/05/2023","1,2858","1,2952","1,2982","1,2916","","-0,03%"
"01/05/2023","1,2862","1,2949","1,2960","1,2914","","0,02%"
"28/04/2023","1,2859","1,2927","1,2963","1,2907","","0,17%"
"27/04/2023","1,2837","1,2927","1,3098","1,2889","","0,00%"
"26/04/2023","1,2837","1,2920","1,2937","1,2889","","0,05%"
"25/04/2023","1,2830","1,2969","1,2973","1,2903","","-0,38%"
"24/04/2023","1,2879","1,3012","1,3088","1,2950","","-0,33%"
"21/04/2023","1,2922","1,2983","1,3030","1,2979","","0,22%"
"20/04/2023","1,2893","1,2985","1,3012","1,2953","","-0,02%"
"19/04/2023","1,2895","1,3000","1,3025","1,2985","","-0,11%"
"18/04/2023","1,2909","1,2961","1,3000","1,2947","","0,30%"
"17/04/2023","1,2871","1,2879","1,2977","1,2862","","0,64%"
"14/04/2023","1,2789","1,3047","1,3186","1,2858","","-1,30%"
"13/04/2023","1,2957","1,3051","1,3204","1,2935","","-0,02%"
"12/04/2023","1,2960","1,3051","1,3120","1,3024","","0,00%"
"11/04/2023","1,2960","1,3051","1,3104","1,3040","","0,00%"
"10/04/2023","1,2960","1,3002","1,3059","1,3002","","-1,72%"
"07/04/2023","1,3187","1,3142","1,3263","1,2980","","0,90%"
"06/04/2023","1,3070","1,3001","1,3233","1,3001","","1,23%"
"05/04/2023","1,2911","1,3077","1,3094","1,2980","","-0,59%"
"04/04/2023","1,2987","1,3077","1,3179","1,3061","","0,00%"
"03/04/2023","1,2987","1,3121","1,3226","1,3033","","-0,34%"
"31/03/2023","1,3031","1,3132","1,3175","1,3034","","-0,08%"
"30/03/2023","1,3041","1,3154","1,3155","1,3132","","-0,18%"
"29/03/2023","1,3064","1,3164","1,3240","1,3144","","-0,08%"
"28/03/2023","1,3074","1,3239","1,3697","1,3142","","-0,56%"
"27/03/2023","1,3148","1,3332","1,3332","1,3160","","0,60%"
"24/03/2023","1,3070","1,3046","1,3393","1,3046","","0,88%"
"23/03/2023","1,2956","1,3232","1,3232","1,3044","","-1,41%"
"22/03/2023","1,3141","1,3304","1,3319","1,3199","","-0,54%"
"21/03/2023","1,3213","1,3375","1,3375","1,3290","","-0,53%"
"20/03/2023","1,3284","1,3362","1,3470","1,3361","","0,09%"
"17/03/2023","1,3272","1,3427","1,3431","1,3343","","-0,49%"
"16/03/2023","1,3337","1,3268","1,3430","1,3266","","1,21%"
"15/03/2023","1,3177","1,3333","1,3497","1,3262","","-0,49%"
"14/03/2023","1,3242","1,3278","1,3355","1,3268","","0,41%"
"13/03/2023","1,3188","1,3431","1,3444","1,3268","","-1,14%"
"10/03/2023","1,3340","1,3491","1,3496","1,3420","","-0,45%"
"09/03/2023","1,3400","1,3507","1,3519","1,3474","","-0,13%"
"08/03/2023","1,3417","1,3324","1,3537","1,3312","","1,39%"
"07/03/2023","1,3233","1,3372","1,3381","1,3324","","-0,37%"
"06/03/2023","1,3282","1,3448","1,3478","1,3359","","-0,32%"
"03/03/2023","1,3325","1,3389","1,3821","1,3377","","0,20%"
"02/03/2023","1,3298","1,3410","1,3432","1,3377","","-0,28%"
"01/03/2023","1,3336","1,3454","1,3493","1,3280","","-0,20%"
"28/02/2023","1,3363","1,3508","1,3627","1,3432","","-0,41%"
"27/02/2023","1,3418","1,3455","1,3530","1,3443","","0,40%"
"24/02/2023","1,3364","1,3346","1,3478","1,3346","","0,66%"
"23/02/2023","1,3277","1,3367","1,3549","1,3346","","0,01%"
"22/02/2023","1,3276","1,3376","1,3499","1,3354","","-0,21%"
"21/02/2023","1,3304","1,3321","1,3431","1,3321","","0,55%"
"20/02/2023","1,3231","1,3378","1,3382","1,3311","","-0,39%"
"17/02/2023","1,3283","1,3305","1,3410","1,3304","","0,52%"
"16/02/2023","1,3214","1,3293","1,3408","1,3275","","0,08%"
"15/02/2023","1,3203","1,3267","1,3398","1,3250","","0,20%"
"14/02/2023","1,3176","1,3333","1,3369","1,3245","","-0,50%"
"13/02/2023","1,3242","1,3292","1,3483","1,3274","","0,31%"
"10/02/2023","1,3201","1,3275","1,3328","1,3269","","0,13%"
"09/02/2023","1,3184","1,3276","1,3312","1,3230","","-0,02%"
"08/02/2023","1,3186","1,3276","1,3306","1,3238","","0,00%"
"07/02/2023","1,3186","1,3220","1,3327","1,3186","","0,43%"
"06/02/2023","1,3130","1,3066","1,3290","1,2954","","1,19%"
"03/02/2023","1,2976","1,3017","1,3138","1,2928","","0,93%"
"02/02/2023","1,2857","1,3099","1,3099","1,2931","","-1,17%"
"01/02/2023","1,3009","1,3132","1,3141","1,3091","","-0,25%"
"31/01/2023","1,3042","1,3119","1,3162","1,3073","","0,10%"
"30/01/2023","1,3029","1,3101","1,3119","1,3075","","0,22%"
"27/01/2023","1,3000","1,3052","1,3103","1,3038","","0,29%"
"26/01/2023","1,2962","1,3088","1,3094","1,3036","","-0,38%"
"25/01/2023","1,3011","1,3108","1,3182","1,3075","","-0,16%"
"24/01/2023","1,3032","1,3284","1,3302","1,3076","","-0,76%"
"23/01/2023","1,3132","1,3296","1,3328","1,3094","","-0,55%"
"20/01/2023","1,3204","1,3388","1,3388","1,3284","","-0,69%"
"19/01/2023","1,3296","1,3366","1,3407","1,3165","","0,17%"
"18/01/2023","1,3274","1,3361","1,3405","1,3160","","0,04%"
"17/01/2023","1,3269","1,3521","1,3521","1,3181","","-1,19%"
"16/01/2023","1,3429","1,3368","1,3521","1,3138","","1,15%"
"13/01/2023","1,3276","1,3480","1,3480","1,3352","","-0,84%"
"12/01/2023","1,3388","1,3513","1,3513","1,3470","","-0,25%"
"11/01/2023","1,3421","1,3581","1,3587","1,3494","","-0,50%"
"10/01/2023","1,3488","1,3654","1,3737","1,3562","","-0,54%"
"09/01/2023","1,3561","1,3865","1,3865","1,3643","","-1,53%"
"06/01/2023","1,3772","1,3770","1,3866","1,3753","","0,69%"
"05/01/2023","1,3677","1,3786","1,3807","1,3742","","-0,12%"
"04/01/2023","1,3693","1,3756","1,3796","1,3687","","0,15%"
"03/01/2023","1,3673","1,3753","1,3839","1,3711","","0,10%"
"02/01/2023","1,3660","1,3736","1,3871","1,3683","","-0,36%"
"30/12/2022","1,3710","1,3802","1,3820","1,3716","","0,01%"
"29/12/2022","1,3708","1,3770","1,3852","1,3741","","0,15%"
"28/12/2022","1,3687","1,4497","1,4532","1,3770","","-5,02%"
"27/12/2022","1,4411","1,3825","1,4503","1,3606","","4,95%"
"26/12/2022","1,3731","1,3831","1,3848","1,3814","","-0,05%"
"23/12/2022","1,3738","1,3793","1,3884","1,3780","","0,17%"
"22/12/2022","1,3715","1,3841","1,3914","1,3795","","-0,23%"
"21/12/2022","1,3747","1,3875","1,3875","1,3570","","-0,25%"
"20/12/2022","1,3781","1,3835","1,3883","1,3829","","0,29%"
"19/12/2022","1,3741","1,3839","1,3873","1,3679","","-0,20%"
"16/12/2022","1,3768","1,4562","1,4562","1,3812","","-4,91%"
"15/12/2022","1,4479","1,4531","1,4597","1,3857","","0,22%"
"14/12/2022","1,4447","1,4582","1,4636","1,3822","","-0,58%"
"13/12/2022","1,4532","1,4720","1,4730","1,4530","","-0,92%"
"12/12/2022","1,4667","1,4086","1,4768","1,3945","","4,83%"
"09/12/2022","1,3991","1,4086","1,4105","1,3929","","-0,55%"
"08/12/2022","1,4068","1,4090","1,4202","1,4026","","0,40%"
"07/12/2022","1,4013","1,4067","1,4151","1,3905","","0,29%"
"06/12/2022","1,3973","1,3997","1,4467","1,3985","","0,50%"
"05/12/2022","1,3903","1,4760","1,4783","1,3978","","-5,49%"
"02/12/2022","1,4711","1,4777","1,4849","1,4569","","-0,11%"
"01/12/2022","1,4727","1,4259","1,4906","1,4259","","3,97%"
"30/11/2022","1,4164","1,4259","1,4276","1,4248","","0,00%"
"29/11/2022","1,4164","1,4239","1,4265","1,4239","","0,14%"
"28/11/2022","1,4144","1,4190","1,4260","1,4178","","0,35%"
"25/11/2022","1,4095","1,4308","1,4309","1,3953","","-0,83%"
"24/11/2022","1,4213","1,4313","1,4313","1,4308","","-0,04%"
"23/11/2022","1,4218","1,4432","1,4441","1,4305","","-0,82%"
"22/11/2022","1,4336","1,4413","1,4443","1,4392","","0,13%"
"21/11/2022","1,4318","1,4289","1,4561","1,4283","","0,87%"
"18/11/2022","1,4194","1,4276","1,4507","1,4276","","0,09%"
"17/11/2022","1,4181","1,4303","1,4538","1,4253","","-0,19%"
"16/11/2022","1,4208","1,4309","1,4316","1,4263","","-0,04%"
"15/11/2022","1,4213","1,4394","1,4395","1,4291","","-0,59%"
"14/11/2022","1,4298","1,4531","1,4794","1,4394","","-0,95%"
"11/11/2022","1,4435","1,4791","1,4806","1,4531","","-2,16%"
"10/11/2022","1,4753","1,4803","1,4842","1,4720","","0,31%"
"09/11/2022","1,4707","1,5255","1,5279","1,4789","","-0,74%"
"08/11/2022","1,4817","1,5020","1,5172","1,4894","","-0,71%"
"07/11/2022","1,4923","1,5277","1,5277","1,4965","","-1,69%"
"04/11/2022","1,5180","1,5029","1,5280","1,5025","","1,66%"
"03/11/2022","1,4932","1,5039","1,5279","1,5012","","-0,29%"
"02/11/2022","1,4976","1,5045","1,5088","1,5019","","0,19%"
"01/11/2022","1,4948","1,5051","1,5057","1,4910","","-0,04%"
"31/10/2022","1,4954","1,5057","1,5057","1,4791","","-0,04%"
"28/10/2022","1,4960","1,4892","1,5150","1,4878","","1,12%"
"27/10/2022","1,4795","1,5004","1,5025","1,4878","","-0,75%"
"26/10/2022","1,4907","1,5211","1,5509","1,4990","","-1,37%"
"25/10/2022","1,5114","1,5235","1,5240","1,5206","","-0,15%"
"24/10/2022","1,5137","1,5380","1,5396","1,5176","","-0,95%"
"21/10/2022","1,5282","1,5363","1,5392","1,5345","","0,11%"
"20/10/2022","1,5265","1,5293","1,5372","1,5279","","0,46%"
"19/10/2022","1,5195","1,5252","1,5412","1,5252","","0,27%"
"18/10/2022","1,5154","1,5479","1,5503","1,5252","","-1,48%"
"17/10/2022","1,5381","1,5932","1,5932","1,5239","","-3,12%"
"14/10/2022","1,5877","1,5545","1,5976","1,5419","","2,64%"
"13/10/2022","1,5469","1,5526","1,5559","1,5312","","0,27%"
"12/10/2022","1,5427","1,5566","1,5597","1,5282","","-0,27%"
"11/10/2022","1,5468","1,5521","1,5572","1,5278","","0,30%"
"10/10/2022","1,5422","1,5454","1,5673","1,5221","","1,77%"
"07/10/2022","1,5154","1,5280","1,5468","1,5183","","-0,18%"
"06/10/2022","1,5182","1,5219","1,5280","1,5170","","0,41%"
"05/10/2022","1,5120","1,5352","1,6046","1,5201","","-0,87%"
"04/10/2022","1,5253","1,5468","1,5878","1,5335","","-0,75%"
"03/10/2022","1,5369","1,5699","1,5879","1,5468","","-1,47%"
"30/09/2022","1,5599","1,5711","1,6015","1,5439","","-0,08%"
"29/09/2022","1,5611","1,5922","1,5947","1,5623","","-1,33%"
"28/09/2022","1,5822","1,5766","1,6217","1,5739","","1,00%"
"27/09/2022","1,5666","1,5707","1,5771","1,5694","","0,37%"
"26/09/2022","1,5608","1,5568","1,5819","1,5505","","0,91%"
"23/09/2022","1,5468","1,5528","1,5637","1,5398","","0,26%"
"22/09/2022","1,5428","1,5412","1,5542","1,5283","","0,76%"
"21/09/2022","1,5312","1,5227","1,5450","1,5227","","1,22%"
"20/09/2022","1,5128","1,5309","1,5368","1,5227","","-0,64%"
"19/09/2022","1,5226","1,5301","1,5427","1,5070","","-0,03%"
"16/09/2022","1,5231","1,5328","1,5414","1,5088","","0,01%"
"15/09/2022","1,5229","1,5112","1,5353","1,5024","","1,45%"
"14/09/2022","1,5012","1,5122","1,5232","1,4863","","-0,11%"
"13/09/2022","1,5029","1,5056","1,5419","1,5034","","0,49%"
"12/09/2022","1,4956","1,5208","1,5489","1,4918","","-1,01%"
"09/09/2022","1,5108","1,5495","1,5495","1,5193","","-2,01%"
"08/09/2022","1,5418","1,5542","1,5542","1,5386","","-0,16%"
"07/09/2022","1,5442","1,5921","1,5968","1,5542","","-2,76%"
"06/09/2022","1,5880","1,5551","1,5934","1,5413","","2,60%"
"05/09/2022","1,5478","1,5505","1,5646","1,5075","","0,48%"
"02/09/2022","1,5404","1,5504","1,5521","1,5460","","0,01%"
"01/09/2022","1,5403","1,5538","1,5976","1,5477","","-0,37%"
"31/08/2022","1,5460","1,5483","1,5553","1,5466","","0,51%"
"30/08/2022","1,5382","1,5627","1,5739","1,5469","","-0,92%"
"29/08/2022","1,5525","1,5526","1,5636","1,5303","","0,50%"
"26/08/2022","1,5448","1,5543","1,5608","1,5517","","0,04%"
"25/08/2022","1,5442","1,5631","1,5691","1,5543","","-0,57%"
"24/08/2022","1,5530","1,5693","1,5704","1,5585","","-0,39%"
"23/08/2022","1,5591","1,5562","1,5723","1,5380","","0,85%"
"22/08/2022","1,5460","1,5464","1,5757","1,5262","","0,56%"
"19/08/2022","1,5374","1,5364","1,5470","1,5349","","0,73%"
"18/08/2022","1,5262","1,5359","1,5419","1,5239","","0,03%"
"17/08/2022","1,5257","1,5328","1,5412","1,5221","","0,57%"
"16/08/2022","1,5171","1,5177","1,5488","1,5177","","0,64%"
"15/08/2022","1,5075","1,5183","1,5309","1,5006","","-0,04%"
"12/08/2022","1,5081","1,5172","1,5195","1,5147","","0,07%"
"11/08/2022","1,5070","1,5358","1,5364","1,5160","","-1,14%"
"10/08/2022","1,5244","1,5378","1,5420","1,5309","","-0,21%"
"09/08/2022","1,5276","1,5378","1,5418","1,5372","","0,00%"
"08/08/2022","1,5276","1,5351","1,5440","1,5124","","0,18%"
"05/08/2022","1,5249","1,5389","1,5526","1,5340","","-0,59%"
"04/08/2022","1,5340","1,5462","1,5499","1,5353","","0,31%"
"03/08/2022","1,5293","1,5450","1,5493","1,5372","","-0,14%"
"02/08/2022","1,5314","1,5402","1,5537","1,5392","","0,01%"
"01/08/2022","1,5312","1,5402","1,5528","1,5379","","0,08%"
"29/07/2022","1,5299","1,5561","1,5636","1,5402","","-1,03%"
"28/07/2022","1,5458","1,5555","1,5720","1,5474","","0,04%"
"27/07/2022","1,5452","1,5443","1,5698","1,5428","","0,01%"
"26/07/2022","1,5451","1,5497","1,5631","1,5434","","0,37%"
"25/07/2022","1,5394","1,5601","1,5625","1,5124","","-0,67%"
"22/07/2022","1,5498","1,5461","1,5736","1,5461","","0,91%"
"21/07/2022","1,5358","1,5395","1,5649","1,5394","","0,43%"
"20/07/2022","1,5292","1,5455","1,5578","1,5395","","-0,39%"
"19/07/2022","1,5352","1,5575","1,5585","1,5455","","-1,34%"
"18/07/2022","1,5561","1,5756","1,5768","1,5173","","-0,59%"
"15/07/2022","1,5653","1,5735","1,5756","1,5732","","0,14%"
"14/07/2022","1,5631","1,5735","1,5783","1,5735","","0,00%"
"13/07/2022","1,5631","1,5572","1,5735","1,5200","","1,05%"
"12/07/2022","1,5469","1,5572","1,5784","1,5572","","0,00%"
"11/07/2022","1,5469","1,5572","1,5755","1,5564","","0,00%"
"08/07/2022","1,5469","1,5503","1,5683","1,5446","","0,45%"
"07/07/2022","1,5400","1,5392","1,5525","1,5023","","0,73%"
"06/07/2022","1,5289","1,5212","1,5446","1,5075","","1,19%"
"05/07/2022","1,5109","1,5117","1,5289","1,5117","","0,63%"
"04/07/2022","1,5014","1,5117","1,5195","1,4946","","0,00%"
"01/07/2022","1,5014","1,5111","1,5117","1,5111","","0,04%"
"30/06/2022","1,5008","1,5051","1,5135","1,5044","","0,40%"
"29/06/2022","1,4948","1,4917","1,5090","1,4917","","0,90%"
"28/06/2022","1,4815","1,4928","1,5142","1,4907","","-0,07%"
"27/06/2022","1,4826","1,5025","1,5155","1,4792","","-0,64%"
"24/06/2022","1,4922","1,5039","1,5042","1,4851","","-0,10%"
"23/06/2022","1,4937","1,4983","1,5073","1,4983","","0,38%"
"22/06/2022","1,4881","1,4979","1,5077","1,4975","","0,03%"
"21/06/2022","1,4877","1,4998","1,5244","1,4953","","-0,13%"
"20/06/2022","1,4896","1,4998","1,5188","1,4863","","-0,09%"
"17/06/2022","1,4909","1,5183","1,5183","1,4976","","-1,13%"
"16/06/2022","1,5080","1,5058","1,5208","1,5058","","0,84%"
"15/06/2022","1,4955","1,5086","1,5126","1,5058","","-0,19%"
"14/06/2022","1,4983","1,5067","1,5322","1,4859","","0,12%"
"13/06/2022","1,4965","1,4857","1,5103","1,4856","","1,42%"
"10/06/2022","1,4755","1,4749","1,5236","1,4749","","0,10%"
"09/06/2022","1,4740","1,4785","1,4821","1,4665","","0,39%"
"08/06/2022","1,4683","1,4694","1,4806","1,4694","","0,62%"
"07/06/2022","1,4592","1,4695","1,4803","1,4635","","-0,01%"
"06/06/2022","1,4593","1,4695","1,4750","1,4677","","0,00%"
"03/06/2022","1,4593","1,4798","1,4799","1,4695","","-0,70%"
"02/06/2022","1,4696","1,4742","1,4982","1,4742","","0,38%"
"01/06/2022","1,4640","1,4703","1,4751","1,4703","","0,27%"
"31/05/2022","1,4601","1,4703","1,4756","1,4703","","0,00%"
"30/05/2022","1,4601","1,4703","1,4703","1,4703","","0,00%"
"27/05/2022","1,4601","1,4788","1,4806","1,4691","","-0,57%"
"26/05/2022","1,4685","1,4789","1,4824","1,4769","","-0,01%"
"25/05/2022","1,4687","1,4741","1,4825","1,4729","","0,26%"
"24/05/2022","1,4649","1,4896","1,4931","1,4717","","-0,85%"
"23/05/2022","1,4774","1,4947","1,4977","1,4888","","-0,64%"
"20/05/2022","1,4869","1,4973","1,5087","1,4922","","-0,45%"
"19/05/2022","1,4936","1,5023","1,5248","1,4945","","0,10%"
"18/05/2022","1,4921","1,5160","1,5161","1,5023","","-0,90%"
"17/05/2022","1,5057","1,5160","1,5237","1,5102","","0,00%"
"16/05/2022","1,5057","1,5189","1,5260","1,5160","","-0,20%"
"13/05/2022","1,5087","1,5097","1,5209","1,5037","","0,62%"
"12/05/2022","1,4994","1,5000","1,5115","1,4958","","0,64%"
"11/05/2022","1,4898","1,4989","1,5023","1,4981","","0,08%"
"10/05/2022","1,4886","1,5014","1,5083","1,4970","","-0,33%"
"09/05/2022","1,4935","1,5048","1,5057","1,4998","","-0,05%"
"06/05/2022","1,4942","1,5025","1,5048","1,4954","","0,13%"
"05/05/2022","1,4923","1,5018","1,5035","1,4921","","0,02%"
"04/05/2022","1,4920","1,5012","1,5031","1,4974","","0,19%"
"03/05/2022","1,4891","1,4957","1,5143","1,4951","","0,24%"
"02/05/2022","1,4855","1,4955","1,4991","1,4950","","0,02%"
"29/04/2022","1,4852","1,4982","1,5000","1,4955","","-0,19%"
"28/04/2022","1,4880","1,4774","1,5023","1,4774","","1,42%"
"27/04/2022","1,4672","1,4772","1,4928","1,4772","","0,01%"
"26/04/2022","1,4670","1,4744","1,4915","1,4670","","0,19%"
"25/04/2022","1,4642","1,4594","1,4747","1,4594","","0,76%"
"22/04/2022","1,4531","1,4455","1,4638","1,4455","","1,23%"
"21/04/2022","1,4354","1,4597","1,4597","1,4439","","-0,97%"
"20/04/2022","1,4495","1,4656","1,4724","1,4343","","-0,57%"
"19/04/2022","1,4578","1,4668","1,4680","1,4638","","-0,07%"
"18/04/2022","1,4588","1,4504","1,4668","1,4504","","1,24%"
"15/04/2022","1,4409","1,4505","1,4508","1,4495","","-0,52%"
"14/04/2022","1,4484","1,4611","1,4641","1,4482","","-0,17%"
"13/04/2022","1,4509","1,4563","1,4723","1,4563","","0,33%"
"12/04/2022","1,4461","1,4473","1,4644","1,4461","","0,63%"
"11/04/2022","1,4371","1,4543","1,4543","1,4460","","-0,49%"
"08/04/2022","1,4442","1,4616","1,4709","1,4484","","-0,82%"
"07/04/2022","1,4561","1,4594","1,4630","1,4396","","0,15%"
"06/04/2022","1,4539","1,4577","1,4618","1,4301","","1,88%"
"05/04/2022","1,4271","1,4276","1,4586","1,4276","","0,68%"
"04/04/2022","1,4175","1,4276","1,4339","1,4265","","0,00%"
"01/04/2022","1,4175","1,4143","1,4446","1,4143","","0,95%"
"31/03/2022","1,4042","1,4192","1,4198","1,4132","","-0,34%"
"30/03/2022","1,4090","1,4324","1,4338","1,4186","","-0,97%"
"29/03/2022","1,4228","1,4396","1,4396","1,4299","","-0,47%"
"28/03/2022","1,4295","1,4306","1,4501","1,4306","","0,64%"
"25/03/2022","1,4204","1,4312","1,4447","1,4306","","-0,04%"
"24/03/2022","1,4210","1,4312","1,4634","1,4312","","0,00%"
"23/03/2022","1,4210","1,4375","1,4449","1,4287","","-0,45%"
"22/03/2022","1,4274","1,4240","1,4431","1,4234","","0,96%"
"21/03/2022","1,4138","1,4240","1,4482","1,4240","","0,00%"
"18/03/2022","1,4138","1,4293","1,4459","1,4219","","-0,38%"
"17/03/2022","1,4192","1,4383","1,4488","1,4279","","-0,63%"
"16/03/2022","1,4282","1,4341","1,4610","1,4341","","0,13%"
"15/03/2022","1,4263","1,4346","1,4451","1,4328","","0,13%"
"14/03/2022","1,4245","1,4345","1,4467","1,4333","","-0,54%"
"11/03/2022","1,4323","1,4255","1,4409","1,4252","","1,20%"
"10/03/2022","1,4153","1,4453","1,4459","1,4237","","-1,38%"
"09/03/2022","1,4351","1,4519","1,4519","1,4417","","-0,46%"
"08/03/2022","1,4417","1,4480","1,4528","1,4480","","0,19%"
"07/03/2022","1,4390","1,4325","1,4605","1,4325","","1,17%"
"04/03/2022","1,4223","1,4208","1,4400","1,4208","","0,82%"
"03/03/2022","1,4107","1,4207","1,4226","1,4184","","-0,05%"
"02/03/2022","1,4114","1,4408","1,4497","1,4048","","-1,79%"
"01/03/2022","1,4371","1,4104","1,4457","1,4036","","2,63%"
"28/02/2022","1,4003","1,4072","1,4315","1,4063","","0,23%"
"25/02/2022","1,3971","1,4036","1,4227","1,3886","","0,26%"
"24/02/2022","1,3935","1,3910","1,4244","1,3910","","0,91%"
"23/02/2022","1,3809","1,3958","1,4020","1,3898","","-0,35%"
"22/02/2022","1,3857","1,3874","1,4050","1,3872","","0,61%"
"21/02/2022","1,3773","1,3874","1,3995","1,3868","","0,00%"
"18/02/2022","1,3773","1,3881","1,3995","1,3839","","-0,05%"
"17/02/2022","1,3780","1,3870","1,4002","1,3851","","0,07%"
"16/02/2022","1,3770","1,3931","1,4076","1,3855","","-0,43%"
"15/02/2022","1,3830","1,3837","1,4029","1,3817","","0,68%"
"14/02/2022","1,3736","1,3789","1,4074","1,3786","","0,09%"
"11/02/2022","1,3724","1,3769","1,3921","1,3758","","0,41%"
"10/02/2022","1,3668","1,3798","1,3882","1,3760","","-0,21%"
"09/02/2022","1,3697","1,3792","1,3969","1,3762","","-0,13%"
"08/02/2022","1,3715","1,3769","1,3953","1,3750","","0,20%"
"07/02/2022","1,3687","1,3756","1,4004","1,3738","","-1,75%"
"04/02/2022","1,3931","1,3992","1,4022","1,3744","","-0,11%"
"03/02/2022","1,3946","1,4166","1,4199","1,3941","","-1,22%"
"02/02/2022","1,4118","1,4069","1,4224","1,3966","","1,08%"
"01/02/2022","1,3967","1,4135","1,4170","1,4039","","-0,47%"
"31/01/2022","1,4033","1,4177","1,4290","1,4106","","-0,30%"
"28/01/2022","1,4075","1,4078","1,4372","1,4078","","0,70%"
"27/01/2022","1,3977","1,3989","1,4089","1,3971","","0,64%"
"26/01/2022","1,3888","1,3966","1,4160","1,3956","","0,17%"
"25/01/2022","1,3865","1,3951","1,4207","1,3942","","0,11%"
"24/01/2022","1,3850","1,3948","1,4128","1,3929","","0,03%"
"21/01/2022","1,3846","1,3918","1,4134","1,3918","","0,22%"
"20/01/2022","1,3816","1,3964","1,3969","1,3905","","-0,42%"
"19/01/2022","1,3874","1,3925","1,3964","1,3884","","0,12%"
"18/01/2022","1,3857","1,3813","1,3925","1,3805","","1,06%"
"17/01/2022","1,3712","1,3813","1,3813","1,3773","","0,00%"
"14/01/2022","1,3712","1,3819","1,3834","1,3795","","-0,04%"
"13/01/2022","1,3718","1,3952","1,3970","1,3789","","-0,95%"
"12/01/2022","1,3850","1,3989","1,3991","1,3925","","-0,31%"
"11/01/2022","1,3893","1,3992","1,4008","1,3950","","0,02%"
"10/01/2022","1,3890","1,4043","1,4046","1,3976","","-0,42%"
"07/01/2022","1,3949","1,4067","1,4097","1,4036","","-0,17%"
"06/01/2022","1,3973","1,4063","1,4098","1,4046","","0,03%"
"05/01/2022","1,3969","1,4083","1,4089","1,4029","","-0,14%"
"04/01/2022","1,3989","1,4016","1,4086","1,3967","","0,47%"
"03/01/2022","1,3923","1,4080","1,4098","1,4004","","-0,45%"
"31/12/2021","1,3986","1,4091","1,4278","1,4080","","-0,09%"
"30/12/2021","1,3998","1,4118","1,4310","1,4061","","-0,19%"
"29/12/2021","1,4024","1,4093","1,4252","1,4027","","0,18%"
"28/12/2021","1,3999","1,4087","1,4243","1,4078","","0,04%"
"27/12/2021","1,3993","1,4057","1,4289","1,4057","","0,12%"
"24/12/2021","1,3976","1,4080","1,4095","1,4057","","-0,31%"
"23/12/2021","1,4019","1,4156","1,4327","1,4057","","-0,34%"
"22/12/2021","1,4067","1,4152","1,4164","1,4128","","-0,04%"
"21/12/2021","1,4073","1,4214","1,4214","1,4116","","-0,33%"
"20/12/2021","1,4120","1,4180","1,4341","1,4062","","0,04%"
"17/12/2021","1,4115","1,4171","1,4189","1,4093","","0,26%"
"16/12/2021","1,4078","1,4196","1,4333","1,4133","","-0,17%"
"15/12/2021","1,4102","1,4190","1,4303","1,4088","","-0,36%"
"14/12/2021","1,4153","1,4185","1,4285","1,4063","","0,35%"
"13/12/2021","1,4104","1,4172","1,4217","1,4028","","0,18%"
"10/12/2021","1,4078","1,4184","1,4388","1,4147","","0,09%"
"09/12/2021","1,4065","1,4177","1,4256","1,4110","","-0,13%"
"08/12/2021","1,4083","1,4188","1,4375","1,4162","","0,09%"
"07/12/2021","1,4071","1,4198","1,4297","1,4150","","-0,32%"
"06/12/2021","1,4116","1,4178","1,4365","1,4057","","0,13%"
"03/12/2021","1,4097","1,4158","1,4263","1,4136","","0,09%"
"02/12/2021","1,4084","1,4159","1,4315","1,4119","","0,16%"
"01/12/2021","1,4061","1,4144","1,4345","1,4119","","0,08%"
"30/11/2021","1,4050","1,4211","1,4211","1,4126","","-0,54%"
"29/11/2021","1,4126","1,4236","1,4294","1,4087","","-0,28%"
"26/11/2021","1,4166","1,4261","1,4361","1,4217","","0,21%"
"25/11/2021","1,4136","1,4230","1,4285","1,4230","","-0,44%"
"24/11/2021","1,4199","1,4242","1,4268","1,4209","","0,36%"
"23/11/2021","1,4148","1,4330","1,4343","1,4160","","-1,15%"
"22/11/2021","1,4313","1,4063","1,4339","1,4059","","0,44%"
"19/11/2021","1,4251","1,4094","1,4275","1,3790","","1,79%"
"18/11/2021","1,4000","1,4117","1,4126","1,4094","","-0,42%"
"17/11/2021","1,4059","1,4044","1,4301","1,4043","","0,78%"
"16/11/2021","1,3950","1,3941","1,4295","1,3941","","0,74%"
"15/11/2021","1,3847","1,3954","1,3954","1,3857","","-0,32%"
"12/11/2021","1,3891","1,3918","1,4077","1,3899","","0,48%"
"11/11/2021","1,3824","1,4036","1,4068","1,3804","","-1,33%"
"10/11/2021","1,4011","1,3899","1,4041","1,3780","","1,03%"
"09/11/2021","1,3868","1,3907","1,3989","1,3628","","-0,07%"
"08/11/2021","1,3878","1,3824","1,3981","1,3531","","1,08%"
"05/11/2021","1,3730","1,3937","1,3988","1,3788","","-1,36%"
"04/11/2021","1,3919","1,3868","1,3954","1,3689","","0,48%"
"03/11/2021","1,3853","1,3910","1,3929","1,3668","","-0,27%"
"02/11/2021","1,3891","1,3704","1,3979","1,3704","","1,59%"
"01/11/2021","1,3674","1,3703","1,3778","1,3598","","0,48%"
"29/10/2021","1,3609","1,3853","1,3853","1,3703","","-0,60%"
"28/10/2021","1,3691","1,3886","1,3970","1,3757","","-1,28%"
"27/10/2021","1,3869","1,3790","1,4027","1,3778","","1,26%"
"26/10/2021","1,3697","1,3676","1,3822","1,3676","","0,27%"
"25/10/2021","1,3660","1,3716","1,3816","1,3628","","0,18%"
"22/10/2021","1,3635","1,3735","1,3847","1,3714","","0,01%"
"21/10/2021","1,3634","1,3746","1,3921","1,3691","","0,09%"
"20/10/2021","1,3622","1,3769","1,3839","1,3728","","-0,21%"
"19/10/2021","1,3650","1,3738","1,3780","1,3725","","0,23%"
"18/10/2021","1,3619","1,3768","1,3866","1,3640","","-0,34%"
"15/10/2021","1,3665","1,3752","1,3959","1,3726","","0,04%"
"14/10/2021","1,3660","1,3826","1,3838","1,3728","","-0,34%"
"13/10/2021","1,3707","1,3794","1,3901","1,3737","","0,23%"
"12/10/2021","1,3675","1,3834","1,3864","1,3736","","-0,29%"
"11/10/2021","1,3715","1,3833","1,3917","1,3743","","-0,04%"
"08/10/2021","1,3720","1,3897","1,3928","1,3796","","-0,54%"
"07/10/2021","1,3794","1,4209","1,4209","1,3754","","0,81%"
"06/10/2021","1,3683","1,3766","1,3967","1,3754","","0,26%"
"05/10/2021","1,3647","1,3760","1,3803","1,3742","","0,04%"
"04/10/2021","1,3641","1,3786","1,3907","1,3531","","-0,19%"
"01/10/2021","1,3667","1,3657","1,3806","1,3639","","0,95%"
"30/09/2021","1,3538","1,3679","1,3985","1,3643","","-0,35%"
"29/09/2021","1,3585","1,3710","1,3830","1,3591","","-0,04%"
"28/09/2021","1,3591","1,3579","1,3769","1,3576","","0,85%"
"27/09/2021","1,3477","1,3579","1,3655","1,3513","","0,04%"
"24/09/2021","1,3471","1,3615","1,3740","1,3546","","-0,31%"
"23/09/2021","1,3513","1,3815","1,3822","1,3596","","-1,80%"
"22/09/2021","1,3760","1,3596","1,3820","1,3564","","1,96%"
"21/09/2021","1,3495","1,3609","1,3705","1,3585","","-0,45%"
"20/09/2021","1,3556","1,3535","1,3801","1,3535","","0,54%"
"17/09/2021","1,3483","1,3518","1,3579","1,3518","","0,50%"
"16/09/2021","1,3416","1,3625","1,3670","1,3463","","-1,23%"
"15/09/2021","1,3583","1,3501","1,3675","1,3466","","1,37%"
"14/09/2021","1,3399","1,3529","1,3684","1,3501","","-0,22%"
"13/09/2021","1,3428","1,3466","1,3720","1,3460","","0,25%"
"10/09/2021","1,3395","1,3481","1,3500","1,3459","","0,03%"
"09/09/2021","1,3391","1,3486","1,3524","1,3466","","-0,04%"
"08/09/2021","1,3397","1,3440","1,3509","1,3412","","0,31%"
"07/09/2021","1,3355","1,3420","1,3483","1,3411","","0,27%"
"06/09/2021","1,3319","1,3420","1,3653","1,3420","","0,00%"
"03/09/2021","1,3319","1,3512","1,3537","1,3419","","-0,68%"
"02/09/2021","1,3410","1,3512","1,3573","1,3442","","0,00%"
"01/09/2021","1,3410","1,3512","1,3530","1,3479","","0,00%"
"31/08/2021","1,3410","1,3512","1,3566","1,3464","","0,00%"
"30/08/2021","1,3410","1,3543","1,3573","1,3495","","-0,23%"
"27/08/2021","1,3441","1,3573","1,3654","1,3543","","-0,22%"
"26/08/2021","1,3471","1,3571","1,3586","1,3536","","0,01%"
"25/08/2021","1,3469","1,3587","1,3606","1,3547","","-0,12%"
"24/08/2021","1,3485","1,3613","1,3664","1,3578","","-0,20%"
"23/08/2021","1,3512","1,3639","1,3642","1,3593","","-0,18%"
"20/08/2021","1,3537","1,3563","1,3723","1,3560","","0,39%"
"19/08/2021","1,3485","1,3602","1,3703","1,3560","","-0,11%"
"18/08/2021","1,3500","1,3616","1,3720","1,3558","","-0,14%"
"17/08/2021","1,3519","1,3621","1,3621","1,3508","","0,00%"
"16/08/2021","1,3519","1,3585","1,3621","1,3525","","0,27%"
"13/08/2021","1,3483","1,3615","1,3648","1,3585","","-0,22%"
"12/08/2021","1,3513","1,3615","1,3714","1,3580","","0,04%"
"11/08/2021","1,3508","1,3487","1,3621","1,3487","","0,91%"
"10/08/2021","1,3386","1,3487","1,3709","1,3487","","0,01%"
"09/08/2021","1,3385","1,3487","1,3588","1,3470","","-0,01%"
"06/08/2021","1,3386","1,3457","1,3495","1,3457","","0,05%"
"05/08/2021","1,3379","1,3403","1,3470","1,3400","","0,59%"
"04/08/2021","1,3301","1,3421","1,3424","1,3390","","-0,14%"
"03/08/2021","1,3319","1,3403","1,3421","1,3400","","0,14%"
"02/08/2021","1,3301","1,3500","1,3537","1,3403","","-0,72%"
"30/07/2021","1,3398","1,3462","1,3525","1,3397","","-0,28%"
"29/07/2021","1,3436","1,3500","1,3547","1,3405","","0,28%"
"28/07/2021","1,3398","1,3512","1,3607","1,3476","","-0,09%"
"27/07/2021","1,3410","1,3589","1,3718","1,3474","","-1,10%"
"26/07/2021","1,3559","1,3540","1,3618","1,3493","","0,90%"
"23/07/2021","1,3438","1,3512","1,3573","1,3500","","0,21%"
"22/07/2021","1,3410","1,3577","1,3612","1,3500","","-0,91%"
"21/07/2021","1,3533","1,3529","1,3723","1,3500","","0,78%"
"20/07/2021","1,3428","1,3700","1,3700","1,3512","","-1,25%"
"19/07/2021","1,3598","1,3500","1,3707","1,3500","","1,49%"
"16/07/2021","1,3398","1,3476","1,3508","1,3451","","0,18%"
"15/07/2021","1,3374","1,3517","1,3533","1,3451","","-0,36%"
"14/07/2021","1,3422","1,3445","1,3536","1,3402","","0,59%"
"13/07/2021","1,3343","1,3426","1,3460","1,3390","","0,14%"
"12/07/2021","1,3325","1,3506","1,3508","1,3426","","-0,59%"
"09/07/2021","1,3404","1,3543","1,3592","1,3459","","-0,78%"
"08/07/2021","1,3510","1,3482","1,3727","1,3461","","0,97%"
"07/07/2021","1,3380","1,3415","1,3482","1,3415","","0,50%"
"06/07/2021","1,3313","1,3482","1,3503","1,3390","","-0,50%"
"05/07/2021","1,3380","1,3482","1,3540","1,3476","","0,00%"
"02/07/2021","1,3380","1,3445","1,3519","1,3424","","0,22%"
"01/07/2021","1,3350","1,3403","1,3687","1,3354","","0,37%"
"30/06/2021","1,3301","1,3401","1,3578","1,3354","","0,09%"
"29/06/2021","1,3289","1,3354","1,3428","1,3342","","0,02%"
"28/06/2021","1,3287","1,3354","1,3468","1,3329","","0,14%"
"25/06/2021","1,3268","1,3354","1,3407","1,3338","","0,12%"
"24/06/2021","1,3252","1,3372","1,3392","1,3329","","-0,14%"
"23/06/2021","1,3271","1,3407","1,3450","1,3351","","-0,26%"
"22/06/2021","1,3305","1,3453","1,3501","1,3380","","-0,34%"
"21/06/2021","1,3351","1,3423","1,3572","1,3422","","0,23%"
"18/06/2021","1,3321","1,3375","1,3446","1,3375","","0,36%"
"17/06/2021","1,3273","1,3175","1,3440","1,3175","","1,53%"
"16/06/2021","1,3073","1,3096","1,3279","1,3083","","1,01%"
"15/06/2021","1,2942","1,3131","1,3225","1,3059","","-0,19%"
"14/06/2021","1,2967","1,3047","1,3216","1,3047","","0,65%"
"11/06/2021","1,2883","1,3073","1,3187","1,3047","","-0,19%"
"10/06/2021","1,2908","1,3060","1,3373","1,3060","","0,09%"
"09/06/2021","1,2896","1,3066","1,3245","1,3057","","-0,05%"
"08/06/2021","1,2902","1,3078","1,3305","1,3066","","-0,09%"
"07/06/2021","1,2914","1,3133","1,3262","1,3075","","-0,42%"
"04/06/2021","1,2968","1,3030","1,3230","1,3026","","0,65%"
"03/06/2021","1,2884","1,2994","1,3146","1,2988","","0,42%"
"02/06/2021","1,2830","1,2980","1,3116","1,2980","","0,10%"
"01/06/2021","1,2817","1,3022","1,3111","1,2962","","-0,32%"
"31/05/2021","1,2858","1,3040","1,3175","1,3007","","-0,14%"
"28/05/2021","1,2876","1,3028","1,3215","1,2998","","0,09%"
"27/05/2021","1,2864","1,2992","1,3057","1,2968","","0,28%"
"26/05/2021","1,2828","1,2974","1,3125","1,2943","","0,14%"
"25/05/2021","1,2810","1,3009","1,3083","1,2943","","-0,28%"
"24/05/2021","1,2846","1,3024","1,3109","1,2992","","-0,38%"
"21/05/2021","1,2895","1,3034","1,3056","1,2987","","0,19%"
"20/05/2021","1,2870","1,2986","1,3273","1,2986","","0,37%"
"19/05/2021","1,2822","1,3012","1,3279","1,2967","","-0,21%"
"18/05/2021","1,2849","1,3071","1,3124","1,2991","","-0,49%"
"17/05/2021","1,2912","1,3135","1,3420","1,3058","","-0,45%"
"14/05/2021","1,2970","1,4184","1,4331","1,3130","","-7,84%"
"13/05/2021","1,4073","1,4184","1,4211","1,4168","","0,00%"
"12/05/2021","1,4073","1,4184","1,4223","1,4170","","0,00%"
"11/05/2021","1,4073","1,4177","1,4290","1,4129","","0,05%"
"10/05/2021","1,4066","1,4236","1,4304","1,4167","","-0,56%"
"07/05/2021","1,4145","1,4314","1,4385","1,4196","","-0,42%"
"06/05/2021","1,4204","1,4366","1,4366","1,4196","","-0,36%"
"05/05/2021","1,4256","1,4329","1,4366","1,4210","","0,27%"
"04/05/2021","1,4218","1,4302","1,4336","1,4197","","0,19%"
"03/05/2021","1,4191","1,4218","1,4541","1,4197","","0,60%"
"30/04/2021","1,4107","1,4205","1,4324","1,4194","","0,09%"
"29/04/2021","1,4094","1,4381","1,4410","1,4182","","-1,60%"
"28/04/2021","1,4323","1,4257","1,4530","1,4211","","1,25%"
"27/04/2021","1,4146","1,4231","1,4392","1,4208","","0,18%"
"26/04/2021","1,4120","1,4290","1,4316","1,4198","","-0,42%"
"23/04/2021","1,4179","1,4316","1,4342","1,4255","","-0,37%"
"22/04/2021","1,4231","1,4328","1,4417","1,4276","","0,08%"
"21/04/2021","1,4220","1,4264","1,4571","1,4251","","0,47%"
"20/04/2021","1,4153","1,4369","1,4421","1,4238","","-0,74%"
"19/04/2021","1,4258","1,4380","1,4585","1,4329","","-0,08%"
"16/04/2021","1,4269","1,4388","1,4587","1,4342","","-0,06%"
"15/04/2021","1,4277","1,4473","1,4657","1,4342","","-0,59%"
"14/04/2021","1,4362","1,4493","1,4500","1,4386","","-0,14%"
"13/04/2021","1,4382","1,4473","1,4744","1,4440","","0,14%"
"12/04/2021","1,4362","1,4473","1,4522","1,4460","","0,00%"
"09/04/2021","1,4362","1,4486","1,4494","1,4471","","-0,09%"
"08/04/2021","1,4375","1,4578","1,4579","1,4477","","-0,64%"
"07/04/2021","1,4467","1,4604","1,4654","1,4502","","-0,66%"
"06/04/2021","1,4563","1,4618","1,4764","1,4554","","0,39%"
"05/04/2021","1,4507","1,4618","1,4705","1,4615","","-1,31%"
"02/04/2021","1,4699","1,4723","1,4767","1,4598","","0,14%"
"01/04/2021","1,4678","1,4782","1,4803","1,4642","","-0,40%"
"31/03/2021","1,4737","1,4651","1,4953","1,4628","","1,36%"
"30/03/2021","1,4539","1,4611","1,4848","1,4581","","0,27%"
"29/03/2021","1,4500","1,4572","1,4823","1,4572","","0,27%"
"26/03/2021","1,4461","1,4825","1,4831","1,4572","","-2,05%"
"25/03/2021","1,4763","1,4433","1,4832","1,4433","","3,08%"
"24/03/2021","1,4322","1,4485","1,4604","1,4421","","-0,67%"
"23/03/2021","1,4418","1,4486","1,4604","1,4421","","0,30%"
"22/03/2021","1,4375","1,4388","1,4574","1,4387","","0,69%"
"19/03/2021","1,4277","1,4434","1,4651","1,4388","","-1,80%"
"18/03/2021","1,4539","1,4514","1,4655","1,4408","","0,39%"
"17/03/2021","1,4482","1,4607","1,4678","1,4408","","-0,65%"
"16/03/2021","1,4577","1,4434","1,4623","1,4408","","1,68%"
"15/03/2021","1,4336","1,4414","1,4638","1,4394","","0,31%"
"12/03/2021","1,4292","1,4421","1,4492","1,4396","","-0,13%"
"11/03/2021","1,4310","1,4487","1,4568","1,4412","","-0,46%"
"10/03/2021","1,4376","1,4610","1,4703","1,4476","","-1,37%"
"09/03/2021","1,4576","1,4676","1,4722","1,4447","","-0,48%"
"08/03/2021","1,4646","1,4283","1,4777","1,4260","","3,34%"
"05/03/2021","1,4172","1,4283","1,4320","1,4260","","-0,05%"
"04/03/2021","1,4179","1,4321","1,4322","1,4247","","-0,22%"
"03/03/2021","1,4210","1,4323","1,4441","1,4248","","-0,01%"
"02/03/2021","1,4212","1,4237","1,4346","1,4172","","0,23%"
"01/03/2021","1,4179","1,4184","1,4407","1,4158","","0,75%"
"26/02/2021","1,4073","1,4145","1,4210","1,4137","","0,28%"
"25/02/2021","1,4034","1,4164","1,4180","1,4143","","-0,14%"
"24/02/2021","1,4053","1,4142","1,4211","1,4123","","0,15%"
"23/02/2021","1,4032","1,4223","1,4241","1,4117","","-0,57%"
"22/02/2021","1,4112","1,4196","1,4310","1,4185","","0,00%"
"19/02/2021","1,4112","1,4293","1,4305","1,4196","","-0,49%"
"18/02/2021","1,4182","1,4253","1,4304","1,4221","","0,28%"
"17/02/2021","1,4143","1,4181","1,4282","1,4161","","0,52%"
"16/02/2021","1,4070","1,4181","1,4357","1,4168","","0,00%"
"15/02/2021","1,4070","1,4194","1,4442","1,4164","","-0,10%"
"12/02/2021","1,4084","1,4192","1,4219","1,4154","","0,01%"
"11/02/2021","1,4082","1,4186","1,4229","1,4153","","0,05%"
"10/02/2021","1,4075","1,4245","1,4268","1,4169","","-0,42%"
"09/02/2021","1,4134","1,4298","1,4400","1,4219","","-0,37%"
"08/02/2021","1,4187","1,4383","1,4449","1,4271","","-0,60%"
"05/02/2021","1,4272","1,4330","1,4399","1,4284","","0,37%"
"04/02/2021","1,4219","1,4304","1,4492","1,4271","","0,18%"
"03/02/2021","1,4193","1,4258","1,4513","1,4204","","0,33%"
"02/02/2021","1,4147","1,4454","1,4456","1,4169","","-1,72%"
"01/02/2021","1,4394","1,4232","1,4461","1,4153","","1,75%"
"29/01/2021","1,4147","1,4232","1,4258","1,4135","","0,18%"
"28/01/2021","1,4121","1,4154","1,4234","1,4139","","0,56%"
"27/01/2021","1,4043","1,4192","1,4210","1,4141","","-0,28%"
"26/01/2021","1,4082","1,4133","1,4248","1,4128","","0,42%"
"25/01/2021","1,4023","1,4160","1,4173","1,4130","","-0,19%"
"22/01/2021","1,4049","1,4186","1,4224","1,4135","","-0,18%"
"21/01/2021","1,4075","1,4152","1,4226","1,4127","","0,24%"
"20/01/2021","1,4042","1,4218","1,4222","1,4134","","-0,46%"
"19/01/2021","1,4107","1,4435","1,4471","1,4166","","-1,51%"
"18/01/2021","1,4324","1,4179","1,4513","1,4173","","-0,95%"
"15/01/2021","1,4462","1,4166","1,4507","1,4133","","2,89%"
"14/01/2021","1,4056","1,4086","1,4186","1,4081","","0,57%"
"13/01/2021","1,3976","1,4351","1,4411","1,4086","","-2,29%"
"12/01/2021","1,4304","1,4417","1,4451","1,3996","","-0,46%"
"11/01/2021","1,4370","1,3975","1,4438","1,3953","","3,65%"
"08/01/2021","1,3864","1,3969","1,4342","1,3956","","0,04%"
"07/01/2021","1,3859","1,3963","1,4212","1,3952","","0,04%"
"06/01/2021","1,3853","1,4022","1,4251","1,3963","","-0,42%"
"05/01/2021","1,3911","1,4028","1,4066","1,4009","","-0,04%"
"04/01/2021","1,3917","1,4009","1,4055","1,3960","","0,14%"
"01/01/2021","1,3898","1,4009","1,4009","1,4009","","0,00%"
"31/12/2020","1,3898","1,4007","1,4051","1,3983","","0,01%"
"30/12/2020","1,3897","1,4048","1,4069","1,4001","","-0,29%"
"29/12/2020","1,3938","1,4074","1,4110","1,4035","","-0,38%"
"28/12/2020","1,3991","1,4094","1,4341","1,4061","","0,06%"
"25/12/2020","1,3983","1,4098","1,4098","1,4094","","-0,04%"
"24/12/2020","1,3989","1,4325","1,4329","1,4094","","-2,03%"
"23/12/2020","1,4279","1,4383","1,4383","1,4074","","-0,28%"
"22/12/2020","1,4319","1,4055","1,4398","1,4049","","2,69%"
"21/12/2020","1,3944","1,4048","1,4343","1,4043","","-1,82%"
"18/12/2020","1,4202","1,4087","1,4318","1,4043","","1,33%"
"17/12/2020","1,4016","1,4147","1,4183","1,4061","","-0,14%"
"16/12/2020","1,4036","1,4166","1,4206","1,4127","","-0,14%"
"15/12/2020","1,4056","1,4166","1,4404","1,4141","","0,01%"
"14/12/2020","1,4055","1,4159","1,4406","1,4153","","-0,10%"
"11/12/2020","1,4069","1,4192","1,4328","1,4143","","-0,09%"
"10/12/2020","1,4082","1,4203","1,4253","1,4140","","-0,28%"
"09/12/2020","1,4121","1,4166","1,4309","1,4152","","0,56%"
"08/12/2020","1,4042","1,4091","1,4357","1,3407","","-1,27%"
"07/12/2020","1,4223","1,4152","1,4529","1,4152","","1,29%"
"04/12/2020","1,4042","1,4226","1,4287","1,4127","","-0,64%"
"03/12/2020","1,4132","1,4252","1,4327","1,4203","","-0,06%"
"02/12/2020","1,4141","1,4383","1,4386","1,4224","","-0,92%"
"01/12/2020","1,4272","1,4429","1,4436","1,4340","","-0,32%"
"30/11/2020","1,4318","1,4422","1,4434","1,4370","","0,05%"
"27/11/2020","1,4311","1,4460","1,4543","1,4419","","-0,26%"
"26/11/2020","1,4349","1,4461","1,4677","1,4460","","-0,01%"
"25/11/2020","1,4350","1,4520","1,4523","1,4451","","-0,41%"
"24/11/2020","1,4409","1,4500","1,4560","1,4499","","0,14%"
"23/11/2020","1,4389","1,4520","1,4573","1,4487","","-0,14%"
"20/11/2020","1,4409","1,4520","1,4564","1,4506","","0,00%"
"19/11/2020","1,4409","1,4520","1,4567","1,4514","","0,00%"
"18/11/2020","1,4409","1,4507","1,4610","1,4507","","0,09%"
"17/11/2020","1,4396","1,4680","1,4697","1,4507","","-1,70%"
"16/11/2020","1,4645","1,4560","1,4775","1,4455","","1,31%"
"13/11/2020","1,4455","1,4611","1,4805","1,4543","","-0,04%"
"12/11/2020","1,4461","1,4566","1,4649","1,4560","","-0,03%"
"11/11/2020","1,4466","1,4566","1,4637","1,4511","","0,08%"
"10/11/2020","1,4455","1,4539","1,4592","1,4539","","0,25%"
"09/11/2020","1,4419","1,4539","1,4672","1,4511","","-1,60%"
"06/11/2020","1,4654","1,5002","1,5046","1,4516","","-0,39%"
"05/11/2020","1,4711","1,5135","1,5154","1,4623","","-0,90%"
"04/11/2020","1,4844","1,4796","1,5202","1,4741","","1,09%"
"03/11/2020","1,4684","1,4796","1,4880","1,4752","","0,00%"
"02/11/2020","1,4684","1,4638","1,4912","1,4633","","1,08%"
"30/10/2020","1,4527","1,4638","1,4861","1,4619","","0,00%"
"29/10/2020","1,4527","1,4560","1,4695","1,4540","","0,54%"
"28/10/2020","1,4449","1,4560","1,4682","1,4540","","0,28%"
"27/10/2020","1,4409","1,4537","1,4770","1,4526","","-0,13%"
"26/10/2020","1,4428","1,4553","1,4688","1,4514","","-0,10%"
"23/10/2020","1,4442","1,4510","1,4657","1,4510","","0,23%"
"22/10/2020","1,4409","1,4615","1,4694","1,4491","","-0,50%"
"21/10/2020","1,4482","1,4622","1,4669","1,4534","","-0,20%"
"20/10/2020","1,4511","1,4701","1,4891","1,4594","","-0,54%"
"19/10/2020","1,4590","1,4701","1,4745","1,4647","","0,08%"
"16/10/2020","1,4578","1,4662","1,4977","1,4633","","0,41%"
"15/10/2020","1,4518","1,4662","1,5001","1,4646","","-0,23%"
"14/10/2020","1,4551","1,4563","1,5033","1,4563","","0,69%"
"13/10/2020","1,4452","1,4563","1,4779","1,4563","","0,00%"
"12/10/2020","1,4452","1,4621","1,4635","1,4563","","-0,40%"
"09/10/2020","1,4510","1,4629","1,4655","1,4550","","-0,01%"
"08/10/2020","1,4511","1,4642","1,4922","1,4613","","-0,14%"
"07/10/2020","1,4531","1,4681","1,4711","1,4591","","-0,27%"
"06/10/2020","1,4570","1,4695","1,4708","1,4655","","0,00%"
"05/10/2020","1,4570","1,4655","1,4708","1,4644","","0,18%"
"02/10/2020","1,4544","1,4655","1,4710","1,4655","","0,00%"
"01/10/2020","1,4544","1,4681","1,4711","1,4642","","-0,18%"
"30/09/2020","1,4570","1,4734","1,4760","1,4681","","-0,36%"
"29/09/2020","1,4623","1,4806","1,4833","1,4712","","-0,49%"
"28/09/2020","1,4695","1,4747","1,5399","1,4720","","0,30%"
"25/09/2020","1,4651","1,4747","1,4819","1,4706","","0,10%"
"24/09/2020","1,4636","1,4725","1,4824","1,4674","","0,15%"
"23/09/2020","1,4614","1,4681","1,4756","1,4668","","0,30%"
"22/09/2020","1,4570","1,4516","1,4695","1,4507","","1,14%"
"21/09/2020","1,4406","1,4517","1,4571","1,4507","","0,00%"
"18/09/2020","1,4406","1,4514","1,4625","1,4492","","0,02%"
"17/09/2020","1,4403","1,4513","1,4662","1,4503","","-0,04%"
"16/09/2020","1,4409","1,4507","1,4913","1,4488","","-0,90%"
"15/09/2020","1,4540","1,4507","1,4897","1,4478","","1,00%"
"14/09/2020","1,4396","1,4553","1,4570","1,4499","","-0,24%"
"11/09/2020","1,4430","1,4552","1,4582","1,4452","","-0,03%"
"10/09/2020","1,4435","1,4604","1,4645","1,4444","","-0,33%"
"09/09/2020","1,4483","1,4541","1,4645","1,4528","","0,42%"
"08/09/2020","1,4422","1,4566","1,4617","1,4514","","-0,23%"
"07/09/2020","1,4455","1,4566","1,4929","1,4541","","0,00%"
"04/09/2020","1,4455","1,4486","1,4621","1,4430","","0,56%"
"03/09/2020","1,4375","1,4487","1,4636","1,4380","","-0,01%"
"02/09/2020","1,4376","1,4356","1,4525","1,4350","","0,64%"
"01/09/2020","1,4285","1,4474","1,4511","1,4350","","-0,54%"
"31/08/2020","1,4363","1,4553","1,4590","1,4441","","-0,55%"
"28/08/2020","1,4442","1,4553","1,4590","1,4513","","0,00%"
"27/08/2020","1,4442","1,4548","1,4610","1,4541","","0,08%"
"26/08/2020","1,4430","1,4548","1,4624","1,4539","","-0,05%"
"25/08/2020","1,4437","1,4568","1,4615","1,4539","","-0,20%"
"24/08/2020","1,4466","1,4522","1,4607","1,4522","","0,38%"
"21/08/2020","1,4411","1,4495","1,4598","1,4492","","0,24%"
"20/08/2020","1,4377","1,4409","1,4579","1,4409","","0,55%"
"19/08/2020","1,4298","1,4515","1,4562","1,4409","","-0,74%"
"18/08/2020","1,4404","1,4514","1,4543","1,4494","","0,00%"
"17/08/2020","1,4404","1,4651","1,4651","1,4486","","-0,93%"
"14/08/2020","1,4539","1,4558","1,4651","1,4549","","0,64%"
"13/08/2020","1,4447","1,4658","1,4691","1,4535","","-0,69%"
"12/08/2020","1,4547","1,4646","1,4694","1,4626","","0,36%"
"11/08/2020","1,4495","1,4628","1,4686","1,4613","","-0,15%"
"10/08/2020","1,4517","1,4505","1,5040","1,4505","","0,85%"
"07/08/2020","1,4394","1,4505","1,4570","1,4494","","0,00%"
"06/08/2020","1,4394","1,4549","1,4570","1,4471","","-0,30%"
"05/08/2020","1,4438","1,4638","1,4652","1,4537","","-0,61%"
"04/08/2020","1,4527","1,4639","1,4847","1,4629","","0,00%"
"03/08/2020","1,4527","1,4639","1,4946","1,4613","","-0,01%"
"31/07/2020","1,4528","1,4639","1,4641","1,4615","","0,00%"
"30/07/2020","1,4528","1,4714","1,4718","1,4632","","-0,33%"
"29/07/2020","1,4576","1,4696","1,4734","1,4683","","-0,12%"
"28/07/2020","1,4594","1,4852","1,4865","1,4695","","-0,78%"
"27/07/2020","1,4708","1,4884","1,5278","1,4831","","-0,29%"
"24/07/2020","1,4751","1,4865","1,4909","1,4849","","-0,09%"
"23/07/2020","1,4764","1,5010","1,5330","1,4865","","-0,53%"
"22/07/2020","1,4842","1,5076","1,5351","1,4943","","-0,58%"
"21/07/2020","1,4928","1,4958","1,5457","1,4958","","-0,01%"
"20/07/2020","1,4930","1,5155","1,5483","1,4961","","-0,82%"
"17/07/2020","1,5053","1,5330","1,5330","1,5086","","0,31%"
"16/07/2020","1,5007","1,5273","1,5330","1,5099","","-0,71%"
"15/07/2020","1,5114","1,5304","1,5490","1,5102","","-0,99%"
"14/07/2020","1,5265","1,5227","1,5612","1,5180","","1,07%"
"13/07/2020","1,5103","1,5286","1,5330","1,5211","","-0,40%"
"10/07/2020","1,5163","1,5330","1,5330","1,5168","","0,35%"
"09/07/2020","1,5110","1,5310","1,5310","1,5054","","-0,14%"
"08/07/2020","1,5131","1,6191","1,6191","1,5233","","-5,45%"
"07/07/2020","1,6003","1,6178","1,6205","1,6090","","-0,46%"
"06/07/2020","1,6077","1,6191","1,6221","1,6124","","-0,02%"
"03/07/2020","1,6080","1,6130","1,6207","1,6130","","0,43%"
"02/07/2020","1,6011","1,6186","1,6604","1,6130","","-0,47%"
"01/07/2020","1,6086","1,6231","1,6235","1,6189","","-0,11%"
"30/06/2020","1,6104","1,6191","1,6454","1,6130","","0,36%"
"29/06/2020","1,6047","1,6191","1,6225","1,6139","","-0,33%"
"26/06/2020","1,6100","1,6186","1,6579","1,6184","","0,21%"
"25/06/2020","1,6066","1,6103","1,6220","1,6066","","0,52%"
"24/06/2020","1,5983","1,6124","1,6191","1,6090","","-0,13%"
"23/06/2020","1,6004","1,6191","1,6222","1,6100","","-0,60%"
"22/06/2020","1,6100","1,6235","1,6238","1,6168","","-0,06%"
"19/06/2020","1,6109","1,6200","1,6252","1,6138","","0,20%"
"18/06/2020","1,6077","1,6149","1,6200","1,6097","","0,26%"
"17/06/2020","1,6036","1,6165","1,6207","1,6126","","-0,06%"
"16/06/2020","1,6045","1,6165","1,6506","1,6109","","0,19%"
"15/06/2020","1,6014","1,6191","1,6191","1,6053","","0,29%"
"12/06/2020","1,5968","1,6004","1,6195","1,6003","","0,52%"
"11/06/2020","1,5885","1,6033","1,6241","1,5972","","-0,18%"
"10/06/2020","1,5914","1,6151","1,6267","1,5953","","-0,51%"
"09/06/2020","1,5996","1,6024","1,6208","1,5947","","0,29%"
"08/06/2020","1,5950","1,6026","1,6205","1,5981","","-0,21%"
"05/06/2020","1,5984","1,6242","1,6256","1,5987","","-0,21%"
"04/06/2020","1,6017","1,6222","1,6257","1,6153","","-0,48%"
"03/06/2020","1,6094","1,6248","1,6339","1,6177","","-0,25%"
"02/06/2020","1,6134","1,6191","1,6391","1,6191","","-0,44%"
"01/06/2020","1,6205","1,6372","1,6397","1,6191","","-0,25%"
"29/05/2020","1,6246","1,6515","1,6553","1,6191","","-0,78%"
"28/05/2020","1,6374","1,6644","1,6644","1,6191","","-0,94%"
"27/05/2020","1,6529","1,6692","1,6704","1,6539","","-0,25%"
"26/05/2020","1,6571","1,6670","1,6703","1,6626","","0,13%"
"25/05/2020","1,6550","1,6671","1,6671","1,6670","","-0,01%"
"22/05/2020","1,6551","1,6608","1,6687","1,6191","","0,47%"
"21/05/2020","1,6473","1,6608","1,6659","1,6191","","0,09%"
"20/05/2020","1,6458","1,6629","1,6658","1,6563","","-0,31%"
"19/05/2020","1,6509","1,6796","1,6842","1,6616","","-0,67%"
"18/05/2020","1,6620","1,6831","1,6853","1,6761","","-0,40%"
"15/05/2020","1,6686","1,6831","1,6867","1,6774","","-0,11%"
"14/05/2020","1,6705","1,6818","1,6851","1,6809","","0,22%"
"13/05/2020","1,6668","1,6830","1,6975","1,6769","","-0,05%"
"12/05/2020","1,6677","1,6796","1,6842","1,6753","","0,01%"
"11/05/2020","1,6675","1,6788","1,6819","1,6766","","0,04%"
"08/05/2020","1,6668","1,6804","1,6985","1,6763","","-0,04%"
"07/05/2020","1,6675","1,6779","1,6861","1,6707","","0,07%"
"06/05/2020","1,6664","1,6705","1,6804","1,6705","","0,48%"
"05/05/2020","1,6584","1,6650","1,6735","1,6191","","0,37%"
"04/05/2020","1,6523","1,6727","1,6816","1,6623","","-0,50%"
"01/05/2020","1,6606","1,6747","1,6772","1,6672","","-0,12%"
"30/04/2020","1,6626","1,6739","1,6777","1,6687","","0,14%"
"29/04/2020","1,6603","1,6792","1,6826","1,6735","","-0,27%"
"28/04/2020","1,6648","1,6782","1,6824","1,6755","","0,17%"
"27/04/2020","1,6620","1,6949","1,6995","1,6755","","-0,76%"
"24/04/2020","1,6747","1,6865","1,6951","1,6769","","-0,14%"
"23/04/2020","1,6770","1,6747","1,6892","1,6744","","0,86%"
"22/04/2020","1,6627","1,6743","1,6811","1,6730","","0,09%"
"21/04/2020","1,6612","1,6747","1,6784","1,6712","","-0,09%"
"20/04/2020","1,6627","1,6801","1,6890","1,6507","","-0,32%"
"17/04/2020","1,6681","1,6191","1,6977","1,6191","","0,65%"
"16/04/2020","1,6574","1,6632","1,6751","1,6191","","0,41%"
"15/04/2020","1,6506","1,6644","1,6668","1,6191","","-0,15%"
"14/04/2020","1,6530","1,6615","1,6656","1,6191","","0,22%"
"13/04/2020","1,6494","1,6616","1,6639","1,6517","","-0,01%"
"10/04/2020","1,6496","1,6740","1,6795","1,6609","","-0,75%"
"09/04/2020","1,6620","1,6774","1,6776","1,6716","","-0,20%"
"08/04/2020","1,6654","1,6740","1,6850","1,6542","","0,81%"
"07/04/2020","1,6521","1,6838","1,6856","1,6542","","-0,28%"
"06/04/2020","1,6567","1,6838","1,6971","1,6542","","-0,90%"
"03/04/2020","1,6717","1,6542","1,6845","1,6191","","1,52%"
"02/04/2020","1,6466","1,6191","1,6673","1,6191","","-0,01%"
"01/04/2020","1,6468","1,6436","1,6591","1,6191","","0,93%"
"31/03/2020","1,6316","1,6191","1,6508","1,6191","","0,00%"
"30/03/2020","1,6316","1,6511","1,6685","1,6191","","-0,46%"
"27/03/2020","1,6391","1,6692","1,6702","1,6410","","-1,10%"
"26/03/2020","1,6573","1,6803","1,6830","1,6556","","-0,32%"
"25/03/2020","1,6626","1,6815","1,6827","1,6703","","-0,18%"
"24/03/2020","1,6656","1,6433","1,7004","1,6087","","2,01%"
"23/03/2020","1,6328","1,9861","2,0066","1,6409","","-17,18%"
"20/03/2020","1,9714","1,9430","1,9903","1,8974","","5,26%"
"19/03/2020","1,8729","1,9418","1,9623","1,8945","","-2,37%"
"18/03/2020","1,9183","1,9204","1,9528","1,9032","","0,66%"
"17/03/2020","1,9058","1,9225","1,9543","1,9030","","1,10%"
"16/03/2020","1,8851","1,9151","1,9252","1,8947","","0,65%"
"13/03/2020","1,8730","1,8935","1,9180","1,8837","","-0,02%"
"12/03/2020","1,8733","1,8881","1,9089","1,8808","","-0,02%"
"11/03/2020","1,8736","1,8828","1,9203","1,8747","","0,51%"
"10/03/2020","1,8641","1,8669","1,9046","1,8615","","0,63%"
"09/03/2020","1,8524","1,9054","1,9209","1,8586","","-2,03%"
"06/03/2020","1,8908","1,9192","1,9278","1,8855","","-0,72%"
"05/03/2020","1,9046","1,9192","1,9434","1,8924","","0,00%"
"04/03/2020","1,9046","1,9200","1,9372","1,8909","","0,90%"
"03/03/2020","1,8876","1,9314","1,9499","1,9019","","-1,32%"
"02/03/2020","1,9128","1,9468","1,9468","1,9032","","-1,00%"
"28/02/2020","1,9322","1,9613","1,9622","1,9266","","-0,74%"
"27/02/2020","1,9466","1,9684","1,9686","1,9555","","0,54%"
"26/02/2020","1,9362","1,9646","1,9735","1,9596","","-0,23%"
"25/02/2020","1,9406","1,9789","1,9795","1,9610","","-1,20%"
"24/02/2020","1,9642","1,9821","1,9824","1,9628","","0,75%"
"21/02/2020","1,9495","1,9837","1,9842","1,9725","","-0,99%"
"20/02/2020","1,9690","1,9760","1,9862","1,9722","","0,72%"
"19/02/2020","1,9550","1,9733","1,9965","1,9678","","-0,27%"
"18/02/2020","1,9603","1,9751","1,9852","1,9262","","-0,01%"
"17/02/2020","1,9604","1,9753","1,9841","1,9591","","-0,01%"
"14/02/2020","1,9606","1,9681","1,9756","1,9266","","0,37%"
"13/02/2020","1,9534","1,9624","1,9895","1,9494","","0,29%"
"12/02/2020","1,9478","1,9614","1,9628","1,9527","","0,06%"
"11/02/2020","1,9467","1,9546","1,9648","1,9250","","0,35%"
"10/02/2020","1,9400","1,9048","1,9555","1,9032","","0,22%"
"07/02/2020","1,9357","1,9457","1,9720","1,9019","","0,24%"
"06/02/2020","1,9311","1,9387","1,9559","1,9019","","0,36%"
"05/02/2020","1,9241","1,9364","1,9393","1,9030","","0,29%"
"04/02/2020","1,9186","1,9045","1,9482","1,9019","","0,05%"
"03/02/2020","1,9176","1,9411","1,9480","1,8806","","-0,46%"
"31/01/2020","1,9265","1,9444","1,9524","1,9030","","-0,17%"
"30/01/2020","1,9298","1,9045","1,9506","1,9030","","0,24%"
"29/01/2020","1,9251","1,9435","1,9474","1,9032","","-0,20%"
"28/01/2020","1,9289","1,9392","1,9452","1,9032","","0,22%"
"27/01/2020","1,9246","1,9382","1,9624","1,9017","","0,05%"
"24/01/2020","1,9236","1,9292","1,9567","1,9032","","0,59%"
"23/01/2020","1,9124","1,9288","1,9685","1,9032","","-0,13%"
"22/01/2020","1,9149","1,9292","1,9366","1,9032","","0,02%"
"21/01/2020","1,9146","1,9216","1,9354","1,9032","","0,40%"
"20/01/2020","1,9070","1,9222","1,9262","1,9032","","-0,04%"
"17/01/2020","1,9077","1,9223","1,9224","1,9032","","0,00%"
"16/01/2020","1,9077","1,9230","1,9283","1,9032","","0,55%"
"15/01/2020","1,8972","1,9224","1,9283","1,9032","","-0,33%"
"14/01/2020","1,9035","1,9240","1,9459","1,9032","","-0,31%"
"13/01/2020","1,9094","1,9273","1,9273","1,9032","","-0,17%"
"10/01/2020","1,9127","1,9051","1,9275","1,9026","","0,34%"
"09/01/2020","1,9062","1,9143","1,9240","1,9026","","0,34%"
"08/01/2020","1,8997","1,9143","1,9244","1,9023","","0,00%"
"07/01/2020","1,8997","1,9170","1,9374","1,8994","","-0,14%"
"06/01/2020","1,9024","1,9176","1,9296","1,9013","","0,35%"
"03/01/2020","1,8958","1,9031","1,9245","1,8956","","0,38%"
"02/01/2020","1,8886","1,9095","1,9245","1,8987","","-0,34%"
"01/01/2020","1,8950","1,9095","1,9097","1,9030","","0,00%"
"31/12/2019","1,8950","1,9103","1,9221","1,9030","","-0,04%"
"30/12/2019","1,8958","1,9242","1,9264","1,9030","","-0,72%"
"27/12/2019","1,9096","1,9299","1,9328","1,9030","","0,30%"
"26/12/2019","1,9038","1,9294","1,9308","1,9032","","-0,64%"
"25/12/2019","1,9161","1,9307","1,9309","1,9030","","0,00%"
"24/12/2019","1,9161","1,9310","1,9471","1,9032","","0,32%"
"23/12/2019","1,9099","1,9253","1,9455","1,9032","","-0,04%"
"20/12/2019","1,9107","1,9240","1,9486","1,9011","","0,07%"
"19/12/2019","1,9094","1,9048","1,9388","1,9032","","0,15%"
"18/12/2019","1,9065","1,9312","1,9312","1,9028","","0,14%"
"17/12/2019","1,9039","1,9201","1,9362","1,9032","","-0,08%"
"16/12/2019","1,9055","1,9170","1,9357","1,9032","","0,77%"
"13/12/2019","1,8910","1,9229","1,9386","1,8951","","-0,55%"
"12/12/2019","1,9015","1,9339","1,9399","1,9005","","-0,93%"
"11/12/2019","1,9193","1,9339","1,9341","1,9032","","0,30%"
"10/12/2019","1,9135","1,9051","1,9418","1,9032","","-0,33%"
"09/12/2019","1,9199","1,9277","1,9399","1,9032","","0,36%"
"06/12/2019","1,9131","1,9318","1,9332","1,9032","","-0,26%"
"05/12/2019","1,9181","1,9326","1,9333","1,9031","","0,00%"
"04/12/2019","1,9181","1,9321","1,9449","1,9032","","0,03%"
"03/12/2019","1,9175","1,9446","1,9456","1,9030","","0,11%"
"02/12/2019","1,9154","1,9438","1,9541","1,9030","","-0,72%"
"29/11/2019","1,9292","1,9045","1,9665","1,9030","","0,05%"
"28/11/2019","1,9283","1,9429","1,9549","1,9030","","0,00%"
"27/11/2019","1,9283","1,9389","1,9518","1,9032","","0,45%"
"26/11/2019","1,9196","1,9416","1,9610","1,9032","","-0,38%"
"25/11/2019","1,9270","1,9345","1,9659","1,9032","","0,37%"
"22/11/2019","1,9199","1,9412","1,9600","1,8952","","0,05%"
"21/11/2019","1,9189","1,9272","1,9449","1,8986","","0,33%"
"20/11/2019","1,9126","1,9262","1,9453","1,8986","","0,35%"
"19/11/2019","1,9059","1,9261","1,9386","1,8986","","-0,43%"
"18/11/2019","1,9142","1,9361","1,9580","1,8986","","-0,03%"
"15/11/2019","1,9147","1,9379","1,9391","1,8989","","-0,45%"
"14/11/2019","1,9234","1,9381","1,9428","1,8989","","-0,01%"
"13/11/2019","1,9235","1,8989","1,9400","1,8989","","0,81%"
"12/11/2019","1,9080","1,9348","1,9396","1,8989","","-0,64%"
"11/11/2019","1,9203","1,9308","1,9370","1,9032","","0,21%"
"08/11/2019","1,9162","1,9325","1,9364","1,9032","","0,94%"
"07/11/2019","1,8984","1,9204","1,9543","1,9032","","0,00%"
"06/11/2019","1,8984","1,9219","1,9330","1,9032","","-0,47%"
"05/11/2019","1,9073","1,9159","1,9495","1,9030","","0,32%"
"04/11/2019","1,9013","1,9240","1,9375","1,9030","","-0,43%"
"01/11/2019","1,9095","1,9237","1,9244","1,9030","","0,02%"
"31/10/2019","1,9091","1,9242","1,9263","1,9011","","-0,03%"
"30/10/2019","1,9096","1,9242","1,9405","1,8989","","-0,01%"
"29/10/2019","1,9097","1,9223","1,9295","1,8986","","0,02%"
"28/10/2019","1,9094","1,9197","1,9464","1,8978","","0,22%"
"25/10/2019","1,9052","1,9145","1,9438","1,8956","","0,27%"
"24/10/2019","1,9000","1,9184","1,9418","1,8989","","-0,20%"
"23/10/2019","1,9039","1,8989","1,9341","1,8989","","0,21%"
"22/10/2019","1,9000","1,9119","1,9354","1,8951","","0,14%"
"21/10/2019","1,8974","1,9247","1,9474","1,9010","","0,27%"
"18/10/2019","1,8923","1,9353","1,9425","1,9032","","-1,73%"
"17/10/2019","1,9256","1,9416","1,9489","1,9014","","-0,07%"
"16/10/2019","1,9270","1,9048","1,9491","1,9032","","0,00%"
"15/10/2019","1,9270","1,9424","1,9563","1,9339","","-0,04%"
"14/10/2019","1,9278","1,9441","1,9574","1,9032","","-0,09%"
"11/10/2019","1,9295","1,9429","1,9614","1,9030","","1,28%"
"10/10/2019","1,9052","1,9494","1,9568","1,9030","","-1,53%"
"09/10/2019","1,9348","1,9495","1,9634","1,9389","","-0,01%"
"08/10/2019","1,9349","1,9495","1,9680","1,9030","","0,00%"
"07/10/2019","1,9349","1,9568","1,9709","1,9440","","-0,21%"
"04/10/2019","1,9389","1,9543","1,9674","1,9497","","-0,04%"
"03/10/2019","1,9397","1,9559","1,9657","1,9349","","0,02%"
"02/10/2019","1,9394","1,9657","1,9833","1,9294","","-0,60%"
"01/10/2019","1,9511","1,9562","1,9736","1,9544","","0,49%"
"30/09/2019","1,9416","1,9615","1,9615","1,9511","","-0,27%"
"27/09/2019","1,9468","1,9684","1,9687","1,9557","","-0,35%"
"26/09/2019","1,9537","1,9464","1,9789","1,9032","","1,13%"
"25/09/2019","1,9318","1,9484","1,9696","1,9032","","-0,10%"
"24/09/2019","1,9338","1,9508","1,9583","1,9032","","0,18%"
"23/09/2019","1,9304","1,9377","1,9687","1,9032","","0,38%"
"20/09/2019","1,9231","1,9387","1,9592","1,9032","","-0,05%"
"19/09/2019","1,9241","1,9443","1,9523","1,9032","","-0,29%"
"18/09/2019","1,9297","1,9416","1,9511","1,8905","","0,00%"
"17/09/2019","1,9297","1,9566","1,9662","1,9032","","0,64%"
"16/09/2019","1,9175","1,9054","1,9720","1,9006","","0,11%"
"13/09/2019","1,9154","1,9408","1,9529","1,8902","","-0,37%"
"12/09/2019","1,9226","1,9400","1,9584","1,9032","","-0,15%"
"11/09/2019","1,9254","1,9402","1,9631","1,9032","","0,59%"
"10/09/2019","1,9141","1,9404","1,9671","1,9143","","-0,61%"
"09/09/2019","1,9258","1,9382","1,9628","1,9096","","0,11%"
"06/09/2019","1,9236","1,9484","1,9651","1,9379","","-0,53%"
"05/09/2019","1,9338","1,9481","1,9651","1,9032","","0,02%"
"04/09/2019","1,9335","1,9553","1,9717","1,9433","","-0,46%"
"03/09/2019","1,9425","1,9395","1,9862","1,9381","","0,91%"
"02/09/2019","1,9249","1,9395","1,9753","1,9381","","-2,16%"
"30/08/2019","1,9674","1,9045","1,9749","1,9030","","3,07%"
"29/08/2019","1,9088","1,9299","1,9598","1,9030","","-1,51%"
"28/08/2019","1,9381","1,9045","1,9559","1,9030","","1,41%"
"27/08/2019","1,9111","1,9048","1,9576","1,9032","","-0,41%"
"26/08/2019","1,9189","1,9279","1,9510","1,9032","","0,29%"
"23/08/2019","1,9133","1,9292","1,9588","1,9032","","-0,07%"
"22/08/2019","1,9146","1,9294","1,9572","1,9032","","-0,01%"
"21/08/2019","1,9148","1,9511","1,9576","1,9032","","-1,52%"
"20/08/2019","1,9444","1,9290","1,9607","1,9032","","1,57%"
"19/08/2019","1,9144","1,9159","1,9534","1,9032","","0,69%"
"16/08/2019","1,9013","1,9158","1,9574","1,9032","","0,01%"
"15/08/2019","1,9012","1,9251","1,9303","1,9032","","-0,93%"
"14/08/2019","1,9190","1,9124","1,9386","1,9032","","0,32%"
"13/08/2019","1,9128","1,9134","1,9392","1,9032","","0,74%"
"12/08/2019","1,8988","1,9051","1,9410","1,9032","","-0,46%"
"09/08/2019","1,9075","1,9084","1,9364","1,9031","","0,72%"
"08/08/2019","1,8938","1,9168","1,9453","1,9032","","-0,73%"
"07/08/2019","1,9078","1,9101","1,9455","1,9032","","0,65%"
"06/08/2019","1,8955","1,9250","1,9439","1,8904","","-0,72%"
"05/08/2019","1,9093","1,9052","1,9480","1,9032","","-0,25%"
"02/08/2019","1,9141","1,9410","1,9625","1,9032","","-0,76%"
"01/08/2019","1,9288","1,9361","1,9651","1,8903","","-0,14%"
"31/07/2019","1,9316","1,9270","1,9486","1,8927","","0,80%"
"30/07/2019","1,9162","1,9290","1,9452","1,8947","","-0,06%"
"29/07/2019","1,9174","1,9052","1,9496","1,8946","","0,58%"
"26/07/2019","1,9063","1,9240","1,9503","1,9032","","-0,60%"
"25/07/2019","1,9179","1,9223","1,9515","1,8927","","0,53%"
"24/07/2019","1,9077","1,9289","1,9506","1,8947","","-0,50%"
"23/07/2019","1,9173","1,9082","1,9435","1,8893","","1,25%"
"22/07/2019","1,8936","1,9048","1,9383","1,8927","","0,38%"
"19/07/2019","1,8864","1,9048","1,9363","1,8897","","-0,45%"
"18/07/2019","1,8950","1,9018","1,9399","1,8946","","0,47%"
"17/07/2019","1,8862","1,9023","1,9384","1,8927","","-0,08%"
"16/07/2019","1,8878","1,8973","1,9357","1,8844","","0,27%"
"15/07/2019","1,8827","1,9045","1,9060","1,8920","","-0,08%"
"12/07/2019","1,8842","1,8989","1,9046","1,8942","","0,08%"
"11/07/2019","1,8827","1,9085","1,9103","1,8965","","-0,60%"
"10/07/2019","1,8940","1,9085","1,9104","1,9030","","0,00%"
"09/07/2019","1,8940","1,9048","1,9095","1,8936","","0,49%"
"08/07/2019","1,8847","1,8992","1,9048","1,8897","","0,00%"
"05/07/2019","1,8847","1,8968","1,9048","1,8920","","0,13%"
"04/07/2019","1,8822","1,9048","1,9048","1,8946","","-0,13%"
"03/07/2019","1,8847","1,8951","1,9048","1,8899","","0,22%"
"02/07/2019","1,8806","1,8769","1,8997","1,8745","","1,64%"
"01/07/2019","1,8503","1,8799","1,8891","1,8697","","-0,81%"
"28/06/2019","1,8654","1,8832","1,8840","1,8745","","-0,18%"
"27/06/2019","1,8687","1,8799","1,8865","1,8749","","0,18%"
"26/06/2019","1,8654","1,8799","1,8938","1,8749","","0,10%"
"25/06/2019","1,8635","1,8822","1,8889","1,8751","","0,17%"
"24/06/2019","1,8603","1,8928","1,9050","1,8755","","-0,96%"
"21/06/2019","1,8783","1,9051","1,9051","1,8881","","-0,07%"
"20/06/2019","1,8797","1,9123","1,9250","1,8877","","-0,95%"
"19/06/2019","1,8977","1,9043","1,9148","1,9008","","0,42%"
"18/06/2019","1,8897","1,9085","1,9114","1,8935","","-0,13%"
"17/06/2019","1,8921","1,8981","1,9152","1,8832","","0,55%"
"14/06/2019","1,8817","1,8906","1,8995","1,8863","","0,40%"
"13/06/2019","1,8742","1,8894","1,9138","1,8821","","-0,10%"
"12/06/2019","1,8761","1,8861","1,8942","1,8861","","0,09%"
"11/06/2019","1,8745","1,8999","1,9208","1,8852","","-0,57%"
"10/06/2019","1,8853","1,8999","1,9048","1,8941","","0,10%"
"07/06/2019","1,8834","1,9067","1,9126","1,8926","","-0,46%"
"06/06/2019","1,8921","1,8969","1,9107","1,8915","","0,64%"
"05/06/2019","1,8801","1,9093","1,9682","1,8965","","-0,78%"
"04/06/2019","1,8948","1,9221","1,9223","1,9084","","-0,23%"
"03/06/2019","1,8991","1,9191","1,9701","1,9032","","0,07%"
"31/05/2019","1,8978","1,9187","1,9704","1,9032","","-0,33%"
"30/05/2019","1,9041","1,9188","1,9214","1,9152","","-0,01%"
"29/05/2019","1,9042","1,9148","1,9709","1,9032","","0,21%"
"28/05/2019","1,9002","1,9118","1,9709","1,9032","","0,16%"
"27/05/2019","1,8972","1,9134","1,9134","1,9032","","-0,08%"
"24/05/2019","1,8988","1,9207","1,9694","1,9032","","0,25%"
"23/05/2019","1,8940","1,9179","1,9644","1,9124","","-0,59%"
"22/05/2019","1,9053","1,9198","1,9204","1,9157","","0,01%"
"21/05/2019","1,9052","1,9172","1,9691","1,9032","","0,14%"
"20/05/2019","1,9026","1,9048","1,9692","1,9032","","0,14%"
"17/05/2019","1,9000","1,9089","1,9686","1,9016","","0,30%"
"16/05/2019","1,8943","1,9048","1,9488","1,8998","","0,22%"
"15/05/2019","1,8902","1,9041","1,9511","1,8994","","0,21%"
"14/05/2019","1,8863","1,9061","1,9352","1,9021","","-0,27%"
"13/05/2019","1,8915","1,9068","1,9070","1,9005","","0,00%"
"10/05/2019","1,8915","1,9185","1,9215","1,9051","","-0,57%"
"09/05/2019","1,9023","1,9103","1,9215","1,9067","","0,34%"
"08/05/2019","1,8958","1,9095","1,9110","1,9064","","0,04%"
"07/05/2019","1,8950","1,9129","1,9215","1,8624","","-0,18%"
"06/05/2019","1,8984","1,9113","1,9215","1,8607","","0,09%"
"03/05/2019","1,8967","1,9116","1,9215","1,8609","","-0,02%"
"02/05/2019","1,8970","1,9140","1,9215","1,8615","","-0,13%"
"01/05/2019","1,8995","1,9141","1,9637","1,9130","","-0,04%"
"30/04/2019","1,9003","1,9284","1,9320","1,8705","","-1,22%"
"29/04/2019","1,9237","1,9215","1,9347","1,8704","","0,88%"
"26/04/2019","1,9069","1,9199","1,9245","1,8688","","0,08%"
"25/04/2019","1,9053","1,9093","1,9200","1,8586","","0,56%"
"24/04/2019","1,8947","1,9023","1,9095","1,8529","","0,32%"
"23/04/2019","1,8886","1,9017","1,9039","1,8529","","0,19%"
"22/04/2019","1,8851","1,9033","1,9037","1,8933","","-0,19%"
"19/04/2019","1,8887","1,8953","1,9156","1,8917","","0,43%"
"18/04/2019","1,8807","1,8913","1,8954","1,8411","","0,21%"
"17/04/2019","1,8768","1,8936","1,8939","1,8434","","0,08%"
"16/04/2019","1,8753","1,8988","1,9022","1,8465","","-0,14%"
"15/04/2019","1,8779","1,8963","1,9022","1,8466","","-0,21%"
"12/04/2019","1,8818","1,8948","1,9088","1,8475","","0,25%"
"11/04/2019","1,8771","1,8971","1,9045","1,8464","","0,25%"
"10/04/2019","1,8724","1,9003","1,9523","1,8494","","-0,10%"
"09/04/2019","1,8742","1,9069","1,9569","1,8569","","-0,96%"
"08/04/2019","1,8923","1,9306","1,9311","1,8798","","-0,25%"
"05/04/2019","1,8971","1,9306","1,9313","1,8798","","-0,99%"
"04/04/2019","1,9160","1,9077","1,9314","1,8575","","1,31%"
"03/04/2019","1,8913","1,9242","1,9286","1,8956","","-0,46%"
"02/04/2019","1,9001","1,9048","1,9339","1,8546","","0,52%"
"01/04/2019","1,8903","1,9051","1,9067","1,8545","","-0,01%"
"29/03/2019","1,8905","1,9000","1,9103","1,8507","","0,32%"
"28/03/2019","1,8844","1,9015","1,9080","1,8513","","-0,14%"
"27/03/2019","1,8870","1,8919","1,9021","1,8419","","0,51%"
"26/03/2019","1,8774","1,8929","1,9073","1,8426","","-0,05%"
"25/03/2019","1,8784","1,8806","1,9061","1,8270","","0,66%"
"22/03/2019","1,8661","1,8963","1,8967","1,8788","","-0,83%"
"21/03/2019","1,8817","1,8759","1,9052","1,8242","","1,73%"
"20/03/2019","1,8497","1,8861","1,8970","1,8693","","-1,17%"
"19/03/2019","1,8716","1,8878","1,8885","1,8380","","-0,09%"
"18/03/2019","1,8733","1,8919","1,8953","1,8380","","-0,21%"
"15/03/2019","1,8773","1,9177","1,9199","1,8394","","0,13%"
"14/03/2019","1,8749","1,9107","1,9107","1,8457","","-0,29%"
"13/03/2019","1,8803","1,9008","1,9123","1,8507","","-0,32%"
"12/03/2019","1,8863","1,9036","1,9036","1,8443","","-0,15%"
"11/03/2019","1,8891","1,8895","1,9038","1,8443","","1,15%"
"08/03/2019","1,8677","1,8947","1,8957","1,8432","","-0,61%"
"07/03/2019","1,8792","1,8947","1,8948","1,8355","","0,05%"
"06/03/2019","1,8783","1,8913","1,9143","1,8355","","0,08%"
"05/03/2019","1,8768","1,8862","1,8914","1,8348","","0,32%"
"04/03/2019","1,8709","1,8836","1,8966","1,8311","","-0,35%"
"01/03/2019","1,8774","1,8820","1,8986","1,8316","","0,63%"
"28/02/2019","1,8656","1,8812","1,8968","1,8355","","-0,06%"
"27/02/2019","1,8667","1,8862","1,8948","1,8355","","-0,26%"
"26/02/2019","1,8716","1,8862","1,8868","1,8355","","0,00%"
"25/02/2019","1,8716","1,8877","1,8998","1,8370","","-0,09%"
"22/02/2019","1,8732","1,8887","1,8998","1,8380","","-0,05%"
"21/02/2019","1,8742","1,8878","1,8998","1,8370","","0,05%"
"20/02/2019","1,8733","1,8944","1,9100","1,8482","","-0,35%"
"19/02/2019","1,8798","1,8998","1,8999","1,8482","","-0,29%"
"18/02/2019","1,8852","1,8996","1,8998","1,8483","","0,01%"
"15/02/2019","1,8851","1,8982","1,8996","1,8922","","0,08%"
"14/02/2019","1,8836","1,8900","1,8983","1,8857","","0,40%"
"13/02/2019","1,8761","1,8983","1,8984","1,8466","","-0,40%"
"12/02/2019","1,8837","1,8916","1,9106","1,8392","","0,66%"
"11/02/2019","1,8714","1,8893","1,8920","1,8380","","-0,18%"
"08/02/2019","1,8748","1,8848","1,8895","1,8339","","0,24%"
"07/02/2019","1,8703","1,8810","1,8853","1,8307","","0,26%"
"06/02/2019","1,8654","1,8748","1,8819","1,8243","","0,27%"
"05/02/2019","1,8603","1,8668","1,8769","1,8220","","0,54%"
"04/02/2019","1,8504","1,8660","1,8716","1,8620","","-0,06%"
"01/02/2019","1,8515","1,8544","1,8783","1,8541","","0,63%"
"31/01/2019","1,8400","1,8716","1,8724","1,8526","","-0,71%"
"30/01/2019","1,8532","1,8659","1,8809","1,8656","","0,09%"
"29/01/2019","1,8515","1,8909","1,8919","1,8267","","-0,28%"
"28/01/2019","1,8567","1,8860","1,9003","1,8412","","-0,79%"
"25/01/2019","1,8715","1,8769","1,8862","1,8324","","0,49%"
"24/01/2019","1,8624","1,8775","1,8838","1,8324","","-0,03%"
"23/01/2019","1,8630","1,8802","1,8931","1,8765","","-0,14%"
"22/01/2019","1,8657","1,8958","1,8958","1,8744","","-0,83%"
"21/01/2019","1,8813","1,8958","1,9006","1,8958","","-0,02%"
"18/01/2019","1,8817","1,8764","1,8962","1,8693","","1,06%"
"17/01/2019","1,8619","1,8708","1,8884","1,8615","","0,41%"
"16/01/2019","1,8543","1,8621","1,8726","1,8575","","0,49%"
"15/01/2019","1,8453","1,8613","1,8626","1,8577","","-0,08%"
"14/01/2019","1,8468","1,8615","1,8666","1,8507","","0,56%"
"11/01/2019","1,8366","1,8615","1,8683","1,8500","","-0,57%"
"10/01/2019","1,8471","1,8615","1,8870","1,8594","","0,00%"
"09/01/2019","1,8471","1,8640","1,8652","1,8606","","-0,14%"
"08/01/2019","1,8496","1,8689","1,8781","1,8630","","-0,26%"
"07/01/2019","1,8545","1,8769","1,8842","1,8676","","-0,43%"
"04/01/2019","1,8625","1,8765","1,8917","1,8728","","0,02%"
"03/01/2019","1,8621","1,8625","1,8777","1,8599","","0,76%"
"02/01/2019","1,8481","1,8625","1,8800","1,8598","","0,00%"
"01/01/2019","1,8481","1,8724","1,8764","1,8625","","0,00%"
"31/12/2018","1,8481","1,8625","1,8797","1,8587","","0,00%"
"28/12/2018","1,8481","1,8729","1,8790","1,8617","","-0,63%"
"27/12/2018","1,8599","1,8790","1,8983","1,8690","","-0,15%"
"26/12/2018","1,8627","1,8788","1,8878","1,8756","","-0,17%"
"25/12/2018","1,8659","1,8804","1,8815","1,8764","","0,00%"
"24/12/2018","1,8659","1,8682","1,8815","1,8658","","0,66%"
"21/12/2018","1,8537","1,8738","1,8788","1,8673","","-0,30%"
"20/12/2018","1,8593","1,8892","1,8892","1,8716","","-0,26%"
"19/12/2018","1,8642","1,8868","1,9025","1,8758","","-0,24%"
"18/12/2018","1,8686","1,8857","1,9025","1,8790","","-0,14%"
"17/12/2018","1,8712","1,8856","1,8918","1,8810","","0,01%"
"14/12/2018","1,8711","1,8897","1,8897","1,8769","","-0,31%"
"13/12/2018","1,8770","1,8896","1,8996","1,8769","","0,11%"
"12/12/2018","1,8750","1,8824","1,9045","1,8768","","0,38%"
"11/12/2018","1,8679","1,8731","1,8825","1,8682","","0,60%"
"10/12/2018","1,8567","1,8829","1,8944","1,8720","","-0,63%"
"07/12/2018","1,8684","1,8902","1,9050","1,8818","","-0,39%"
"06/12/2018","1,8757","1,8893","1,9044","1,8760","","0,05%"
"05/12/2018","1,8748","1,8822","1,9033","1,8771","","0,38%"
"04/12/2018","1,8677","1,8828","1,9399","1,8774","","-0,03%"
"03/12/2018","1,8683","1,8813","1,8839","1,8760","","0,08%"
"30/11/2018","1,8668","1,9019","1,9022","1,8725","","-0,82%"
"29/11/2018","1,8822","1,9181","1,9181","1,8929","","-0,04%"
"28/11/2018","1,8830","1,8903","1,9199","1,8348","","0,38%"
"27/11/2018","1,8758","1,8865","1,8904","1,8396","","0,21%"
"26/11/2018","1,8719","1,8771","1,8972","1,8261","","0,50%"
"23/11/2018","1,8626","1,8795","1,8883","1,8756","","-0,13%"
"22/11/2018","1,8650","1,8795","1,8795","1,8756","","0,00%"
"21/11/2018","1,8650","1,8882","1,8882","1,8285","","0,03%"
"20/11/2018","1,8645","1,8858","1,8888","1,8759","","-0,21%"
"19/11/2018","1,8684","1,8883","1,8967","1,8370","","-0,29%"
"16/11/2018","1,8738","1,8885","1,9073","1,8371","","-0,01%"
"15/11/2018","1,8740","1,8955","1,9042","1,8884","","-0,28%"
"14/11/2018","1,8793","1,9065","1,9070","1,8952","","-0,67%"
"13/11/2018","1,8919","1,8886","1,9067","1,8350","","0,95%"
"12/11/2018","1,8741","1,8888","1,8888","1,8837","","-0,01%"
"09/11/2018","1,8743","1,8711","1,9283","1,8622","","1,06%"
"08/11/2018","1,8547","1,8711","1,8768","1,8662","","-0,10%"
"07/11/2018","1,8566","1,8768","1,8770","1,8234","","-0,31%"
"06/11/2018","1,8623","1,8810","1,8928","1,8720","","-0,23%"
"05/11/2018","1,8665","1,8738","1,8811","1,8293","","0,39%"
"02/11/2018","1,8593","1,8950","1,8979","1,8370","","-0,69%"
"01/11/2018","1,8723","1,8893","1,9010","1,8370","","-0,13%"
"31/10/2018","1,8747","1,8841","1,8909","1,8323","","0,28%"
"30/10/2018","1,8695","1,8831","1,8928","1,8779","","0,05%"
"29/10/2018","1,8686","1,8798","1,8909","1,8749","","0,18%"
"26/10/2018","1,8653","1,8714","1,8802","1,8668","","0,45%"
"25/10/2018","1,8569","1,8717","1,8717","1,8672","","-0,02%"
"24/10/2018","1,8572","1,8716","1,8750","1,8639","","0,01%"
"23/10/2018","1,8571","1,8562","1,8824","1,8481","","0,84%"
"22/10/2018","1,8417","1,8528","1,8570","1,8472","","0,18%"
"19/10/2018","1,8383","1,8531","1,8604","1,8013","","-0,02%"
"18/10/2018","1,8386","1,8491","1,8532","1,8396","","0,32%"
"17/10/2018","1,8327","1,8489","1,8492","1,7967","","0,01%"
"16/10/2018","1,8326","1,8595","1,8607","1,7967","","-0,67%"
"15/10/2018","1,8450","1,8547","1,8727","1,7967","","0,27%"
"12/10/2018","1,8401","1,8636","1,8818","1,8053","","-0,49%"
"11/10/2018","1,8491","1,8723","1,8766","1,8528","","-0,47%"
"10/10/2018","1,8578","1,8690","1,8856","1,8165","","0,18%"
"09/10/2018","1,8545","1,8640","1,8690","1,8166","","0,27%"
"08/10/2018","1,8495","1,8627","1,8712","1,8618","","0,07%"
"05/10/2018","1,8482","1,8673","1,8748","1,8578","","-0,25%"
"04/10/2018","1,8528","1,8520","1,8745","1,8476","","0,83%"
"03/10/2018","1,8375","1,8598","1,8610","1,8069","","-0,42%"
"02/10/2018","1,8453","1,8525","1,8598","1,8476","","0,40%"
"01/10/2018","1,8380","1,8463","1,8525","1,8274","","0,70%"
"28/09/2018","1,8252","1,8345","1,8412","1,8232","","0,29%"
"27/09/2018","1,8200","1,8222","1,8690","1,7703","","0,68%"
"26/09/2018","1,8077","1,8246","1,8649","1,7727","","-0,14%"
"25/09/2018","1,8102","1,8264","1,8272","1,8187","","-0,09%"
"24/09/2018","1,8119","1,8199","1,8651","1,8177","","0,35%"
"21/09/2018","1,8055","1,8354","1,8769","1,8142","","-0,85%"
"20/09/2018","1,8209","1,8354","1,8358","1,8293","","0,00%"
"19/09/2018","1,8209","1,8356","1,8358","1,7830","","-0,01%"
"18/09/2018","1,8211","1,8319","1,8537","1,7892","","-0,46%"
"17/09/2018","1,8296","1,8377","1,8519","1,8257","","0,68%"
"14/09/2018","1,8173","1,8564","1,8624","1,7978","","-1,12%"
"13/09/2018","1,8378","1,8501","1,8626","1,7873","","0,13%"
"12/09/2018","1,8355","1,8624","1,8672","1,8392","","-0,67%"
"11/09/2018","1,8478","1,8434","1,8799","1,7841","","1,03%"
"10/09/2018","1,8289","1,8435","1,8631","1,8343","","-0,01%"
"07/09/2018","1,8290","1,8445","1,8475","1,7908","","0,03%"
"06/09/2018","1,8285","1,8341","1,8558","1,8275","","1,00%"
"05/09/2018","1,8104","1,8353","1,8543","1,7853","","-0,34%"
"04/09/2018","1,8165","1,8362","1,8387","1,7830","","-0,29%"
"03/09/2018","1,8217","1,8362","1,8379","1,7830","","0,00%"
"31/08/2018","1,8217","1,8379","1,8388","1,8306","","-0,10%"
"30/08/2018","1,8235","1,8379","1,8383","1,8330","","0,11%"
"29/08/2018","1,8215","1,8374","1,8534","1,8340","","0,02%"
"28/08/2018","1,8211","1,8555","1,8791","1,8365","","-1,08%"
"27/08/2018","1,8409","1,8552","1,8555","1,8506","","0,01%"
"24/08/2018","1,8407","1,8552","1,8642","1,8013","","0,20%"
"23/08/2018","1,8371","1,8643","1,8695","1,8101","","-0,31%"
"22/08/2018","1,8428","1,8529","1,8816","1,8529","","-0,37%"
"21/08/2018","1,8497","1,8800","1,8807","1,8633","","-0,84%"
"20/08/2018","1,8654","1,8847","1,8861","1,8246","","-0,25%"
"17/08/2018","1,8701","1,8952","1,8952","1,8332","","-0,30%"
"16/08/2018","1,8757","1,8887","1,8967","1,8260","","0,48%"
"15/08/2018","1,8667","1,8811","1,8901","1,8261","","0,11%"
"14/08/2018","1,8647","1,8849","1,8870","1,8272","","-0,30%"
"13/08/2018","1,8703","1,8776","1,8970","1,7990","","2,11%"
"10/08/2018","1,8316","1,8691","1,8834","1,7904","","-0,21%"
"09/08/2018","1,8354","1,8486","1,8730","1,7904","","0,07%"
"08/08/2018","1,8341","1,8626","1,8673","1,7904","","-0,25%"
"07/08/2018","1,8387","1,8694","1,8717","1,8014","","-0,16%"
"06/08/2018","1,8416","1,8521","1,8773","1,7902","","0,32%"
"03/08/2018","1,8357","1,8473","1,8682","1,7884","","0,16%"
"02/08/2018","1,8328","1,8513","1,8629","1,7823","","0,75%"
"01/08/2018","1,8191","1,8509","1,8573","1,7885","","-0,24%"
"31/07/2018","1,8235","1,8499","1,8563","1,7904","","0,04%"
"30/07/2018","1,8227","1,8296","1,8543","1,7751","","0,42%"
"27/07/2018","1,8151","1,8297","1,8525","1,7752","","-0,01%"
"26/07/2018","1,8152","1,8497","1,8623","1,7854","","-0,48%"
"25/07/2018","1,8239","1,7905","1,8537","1,7725","","3,69%"
"24/07/2018","1,7590","1,8457","1,8564","1,7809","","-3,85%"
"23/07/2018","1,8294","1,8455","1,8566","1,7899","","-0,09%"
"20/07/2018","1,8310","1,9184","1,9191","1,8440","","-4,03%"
"19/07/2018","1,9078","1,9169","1,9240","1,8567","","0,17%"
"18/07/2018","1,9045","1,8431","1,9169","1,7767","","4,80%"
"17/07/2018","1,8173","1,8375","1,8393","1,7823","","-0,31%"
"16/07/2018","1,8230","1,8393","1,8474","1,7918","","-0,54%"
"13/07/2018","1,8329","1,8520","1,8691","1,8328","","0,61%"
"12/07/2018","1,8217","1,8267","1,8701","1,8250","","0,54%"
"11/07/2018","1,8119","1,8639","1,8674","1,8250","","-0,83%"
"10/07/2018","1,8270","1,8517","1,8706","1,8004","","0,14%"
"09/07/2018","1,8244","1,8021","1,8586","1,8021","","2,05%"
"06/07/2018","1,7877","1,8743","1,8743","1,8003","","-3,59%"
"05/07/2018","1,8543","1,8743","1,8823","1,8189","","0,00%"
"04/07/2018","1,8543","1,8743","1,8743","1,8160","","0,00%"
"03/07/2018","1,8543","1,9169","1,9174","1,8606","","-2,46%"
"02/07/2018","1,9010","1,8425","1,9209","1,8391","","2,06%"
"29/06/2018","1,8627","1,9233","1,9238","1,8458","","-2,67%"
"28/06/2018","1,9138","1,9191","1,9242","1,8652","","0,36%"
"27/06/2018","1,9069","1,9136","1,9208","1,8570","","0,64%"
"26/06/2018","1,8947","1,8521","1,9136","1,8506","","3,64%"
"25/06/2018","1,8282","1,8588","1,9132","1,8521","","-0,65%"
"22/06/2018","1,8401","1,8621","1,9147","1,8577","","-0,44%"
"21/06/2018","1,8482","1,8628","1,9202","1,8601","","-0,07%"
"20/06/2018","1,8495","1,9162","1,9186","1,8621","","-2,78%"
"19/06/2018","1,9024","1,8568","1,9211","1,8548","","4,71%"
"18/06/2018","1,8169","1,8573","1,8614","1,8450","","-1,34%"
"15/06/2018","1,8416","1,8597","1,8624","1,8573","","-0,26%"
"14/06/2018","1,8464","1,8976","1,9067","1,8434","","-1,09%"
"13/06/2018","1,8667","1,8479","1,9028","1,8421","","2,41%"
"12/06/2018","1,8228","1,9014","1,9046","1,8457","","-2,67%"
"11/06/2018","1,8728","1,9010","1,9042","1,8445","","-0,21%"
"08/06/2018","1,8767","1,8985","1,9058","1,8476","","0,43%"
"07/06/2018","1,8686","1,9021","1,9070","1,8479","","-0,30%"
"06/06/2018","1,8742","1,9052","1,9078","1,8492","","-0,26%"
"05/06/2018","1,8791","1,9078","1,9121","1,8489","","-0,27%"
"04/06/2018","1,8842","1,9091","1,9134","1,8519","","-0,33%"
"01/06/2018","1,8904","1,9067","1,9109","1,8509","","0,38%"
"31/05/2018","1,8833","1,8546","1,9108","1,8522","","2,55%"
"30/05/2018","1,8365","1,9207","1,9212","1,8235","","-3,74%"
"29/05/2018","1,9078","1,9007","1,9238","1,8958","","0,64%"
"28/05/2018","1,8957","1,8871","1,9015","1,8396","","0,36%"
"25/05/2018","1,8889","1,8264","1,8979","1,8264","","3,87%"
"24/05/2018","1,8185","1,8295","1,8851","1,8256","","-3,37%"
"23/05/2018","1,8820","1,8746","1,8875","1,8206","","0,81%"
