pays;titreES;instrument;precisions;dateOperation;dateValeur;echeance;maturiteMois;differeAnnee;montantM;montantSoumisM;montantRetenuM;isin;tauxInteret;prixMarginal;tauxMarginalPct;prixMoyenPondere;tauxMoyenPonderePct;rendementMoyenPondere;typeAmortissement;ponderationPct;etat;url
Côte d'Ivoire;ES (Titre 1);OAT;;2026-06-19;2026-06-22;2030-10-08;48;;110663;104662.5400;104662.5400;CI0000009551;5.7000;9466.0000;;9466.0000;;7.1800;In Fine;;réalisée;https://www.umoatitres.org/fr/emission/emission-et-rachat-de-bons-et-dobligations-du-tresor-de-cote-divoire-du-19-06-2026/
Côte d'Ivoire;ES (Titre 2);OAT;;2026-06-19;2026-06-22;2031-06-17;60;;110663;4000.0000;4000.0000;CI0000010385;5.4500;9150.0000;;9150.0000;;7.3300;In Fine;;réalisée;https://www.umoatitres.org/fr/emission/emission-et-rachat-de-bons-et-dobligations-du-tresor-de-cote-divoire-du-19-06-2026/
Côte d'Ivoire;ES (Titre 3);OAT;;2026-06-19;2026-06-22;2033-04-08;84;;110663;2000.0000;2000.0000;CI0000010161;5.7000;9300.0000;;9300.0000;;7.1700;In Fine;;réalisée;https://www.umoatitres.org/fr/emission/emission-et-rachat-de-bons-et-dobligations-du-tresor-de-cote-divoire-du-19-06-2026/
Niger;ES (Titre 1);BAT;Echange;2026-05-21;2026-05-22;2027-05-20;12;;180810;10841.0000;10841.0000;NE0000002730;multiple;;9.8000;;8.9821;9.8800;In Fine;;réalisée;https://www.umoatitres.org/fr/emission/emission-et-rachat-de-bons-et-dobligations-du-tresor-du-niger-du-21-05-2026/
Niger;ES (Titre 2);OAT;Echange;2026-05-21;2026-05-22;2029-05-22;36;;180810;164414.3500;164414.3500;NE0000002748;6.3000;9000.0000;;9335.4800;;8.9200;In Fine;;réalisée;https://www.umoatitres.org/fr/emission/emission-et-rachat-de-bons-et-dobligations-du-tresor-du-niger-du-21-05-2026/
Niger;ES (Titre 3);OAT;Echange;2026-05-21;2026-05-22;2031-05-22;60;;180810;5554.9100;5554.9100;NE0000002755;6.5000;8850.7600;;9690.9500;;7.2600;In Fine;;réalisée;https://www.umoatitres.org/fr/emission/emission-et-rachat-de-bons-et-dobligations-du-tresor-du-niger-du-21-05-2026/
Togo;ES (Titre 1);BAT;;2026-04-30;2026-05-04;2027-04-05;11;;63457;13500.0000;13500.0000;TG0000003359;multiple;;5.7000;;5.5209;5.5200;In Fine;;réalisée;https://www.umoatitres.org/fr/emission/emission-et-rachat-de-bons-et-dobligations-de-tresor-du-togo-du-30-04-2026/
Togo;ES (Titre 2);OAT;;2026-04-30;2026-05-04;2029-04-07;36;;63457;47812.2700;47812.2700;TG0000003383;6.1500;9600.0000;;9864.2600;;6.6700;In Fine;;réalisée;https://www.umoatitres.org/fr/emission/emission-et-rachat-de-bons-et-dobligations-de-tresor-du-togo-du-30-04-2026/
Togo;ES (Titre 3);OAT;;2026-04-30;2026-05-04;2031-04-07;60;;63457;2175.0000;2175.0000;TG0000003391;6.3500;9681.0000;;9681.0000;;7.1400;Linéaire;;réalisée;https://www.umoatitres.org/fr/emission/emission-et-rachat-de-bons-et-dobligations-de-tresor-du-togo-du-30-04-2026/
Sénégal;ES (Titre 1);BAT;;2026-04-30;2026-05-04;2027-04-25;12;;30000;10060.0000;10060.0000;SN0000004888;multiple;;7.0000;;6.7961;7.2900;In Fine;;réalisée;https://www.umoatitres.org/fr/emission/emission-simultanee-du-tresor-du-senegal-du-30-04-2026/
Sénégal;ES (Titre 2);OAT;;2026-04-30;2026-05-04;2029-04-27;36;;30000;24500.0000;16000.0000;SN0000004896;6.3000;9550.0000;;9550.6600;;8.0500;In Fine;;réalisée;https://www.umoatitres.org/fr/emission/emission-simultanee-du-tresor-du-senegal-du-30-04-2026/
Côte d'Ivoire;ES (Titre 1);OAT;;2026-04-29;2026-04-30;2029-04-22;36;;54155;54154.8100;54154.8100;CI0000010189;5.2000;9750.3400;;9750.3400;;6.1400;In Fine;;réalisée;https://www.umoatitres.org/fr/emission/emission-et-rachat-de-bons-et-dobligations-du-tresor-de-la-cote-divoire-du-29-04-2026/
Sénégal;ES (Titre 1);BAT;;2026-06-19;2026-06-22;2027-06-20;12;;100000;15848.0000;13281.0000;SN0000005034;multiple;;7.2500;;7.1879;7.7500;In Fine;;réalisée;https://www.umoatitres.org/fr/emission/emission-simultanee-de-bons-et-dobligations-du-tresor-du-senegal-du-19-06-2026/
Sénégal;ES (Titre 2);OAT;;2026-06-19;2026-06-22;2029-06-22;36;;100000;120070.5300;87583.5400;SN0000005042;6.3000;9360.0000;;9564.8000;;7.9900;In Fine;;réalisée;https://www.umoatitres.org/fr/emission/emission-simultanee-de-bons-et-dobligations-du-tresor-du-senegal-du-19-06-2026/
Sénégal;ES (Titre 4);OAT;;2026-06-19;2026-06-22;2033-06-22;84;;100000;9265.0000;6260.0000;SN0000005067;6.6000;9276.9900;;9291.4500;;7.9600;In Fine;;réalisée;https://www.umoatitres.org/fr/emission/emission-simultanee-de-bons-et-dobligations-du-tresor-du-senegal-du-19-06-2026/
Burkina Faso;ES (Titre 2);OAT;;2026-06-17;2026-06-18;2027-06-18;36;;40000;61278.4900;30260.0000;BF0000004838;6.0000;9651.0000;;9683.0400;;7.2100;In Fine;;réalisée;https://www.umoatitres.org/fr/emission/emission-simultanee-de-bons-et-dobligations-du-tresor-du-burkina-du-17-06-2026/
Burkina Faso;ES (Titre 3);OAT;;2026-06-17;2026-06-18;2031-06-18;60;;40000;7500.0000;7500.0000;BF0000004846;6.2000;9475.0000;;9475.5300;;7.5000;In Fine;;réalisée;https://www.umoatitres.org/fr/emission/emission-simultanee-de-bons-et-dobligations-du-tresor-du-burkina-du-17-06-2026/
Burkina Faso;ES (Titre 4);OAT;;2026-06-17;2026-06-18;2033-06-18;84;;40000;6240.0000;6240.0000;BF0000004853;6.4000;9406.0000;;9416.6600;;7.5000;In Fine;;réalisée;https://www.umoatitres.org/fr/emission/emission-simultanee-de-bons-et-dobligations-du-tresor-du-burkina-du-17-06-2026/
Côte d'Ivoire;ES (Titre 2);OAT;;2026-06-16;2026-06-17;2029-06-17;36;;100000;63000.0000;47490.0000;CI0000010377;5.2000;9616.0000;;9640.5100;;6.5600;In Fine;;réalisée;https://www.umoatitres.org/fr/emission/emission-simultanee-de-bons-et-dobligations-du-tresor-de-la-cote-divoire-du-16-06-2026/
Côte d'Ivoire;ES (Titre 3);OAT;;2026-06-16;2026-06-17;2031-06-17;60;;100000;62510.0000;62510.0000;CI0000010385;5.4500;9300.0000;;9335.2200;;7.0700;In Fine;;réalisée;https://www.umoatitres.org/fr/emission/emission-simultanee-de-bons-et-dobligations-du-tresor-de-la-cote-divoire-du-16-06-2026/
Togo;ES (Titre 2);OAT;;2026-06-12;2026-06-15;2029-06-15;36;;35000;36589.8900;5000.0000;TG0000003516;6.1500;9900.0000;;9933.0100;;6.4000;In Fine;;réalisée;https://www.umoatitres.org/fr/emission/emission-simultanee-de-bons-et-dobligations-du-tresor-du-togo-du-12-06-2026/
Togo;ES (Titre 3);OAT;;2026-06-12;2026-06-15;2031-06-15;60;;35000;27577.2500;27000.0000;TG0000003524;6.3500;9556.0000;;9601.3500;;7.3300;In Fine;;réalisée;https://www.umoatitres.org/fr/emission/emission-simultanee-de-bons-et-dobligations-du-tresor-du-togo-du-12-06-2026/
Togo;ES (Titre 4);OAT;;2026-06-12;2026-06-15;2033-06-15;84;;35000;6503.5000;6500.0000;TG0000003532;6.5000;9410.0000;;9474.0800;;7.4900;In Fine;;réalisée;https://www.umoatitres.org/fr/emission/emission-simultanee-de-bons-et-dobligations-du-tresor-du-togo-du-12-06-2026/
Bénin;ES (Titre 1);BAT;;2026-06-11;2026-06-12;2026-09-10;3;;20000;13075.0000;10075.0000;BJ0000002762;multiple;;3.5000;;3.1703;3.2000;In Fine;;réalisée;https://www.umoatitres.org/fr/emission/emission-simultanee-de-bons-et-dobligations-du-tresor-du-benin-du-11-06-2026/
Bénin;ES (Titre 2);BAT;;2026-06-11;2026-06-12;2026-12-10;6;;20000;33771.0000;11925.0000;BJ0000002754;multiple;;3.4500;;3.3351;3.3900;In Fine;;réalisée;https://www.umoatitres.org/fr/emission/emission-simultanee-de-bons-et-dobligations-du-tresor-du-benin-du-11-06-2026/
Mali;ES (Titre 1);BAT;;2026-06-10;2026-06-11;2027-06-09;12;;50000;35160.0000;11728.0000;ML0000004381;multiple;;4.8888;;4.7842;5.0300;In Fine;;réalisée;https://www.umoatitres.org/fr/emission/emission-simultanee-de-bons-et-dobligations-du-tresor-du-mali-du-10-06-2026/
Mali;ES (Titre 2);OAT;;2026-06-10;2026-06-11;2029-06-11;36;;50000;49711.0400;42380.5000;ML0000004399;6.0000;9470.0000;;9510.5600;;7.9000;In Fine;;réalisée;https://www.umoatitres.org/fr/emission/emission-simultanee-de-bons-et-dobligations-du-tresor-du-mali-du-10-06-2026/
Mali;ES (Titre 3);OAT;;2026-06-10;2026-06-11;2031-06-11;60;;50000;3891.5000;891.5000;ML0000004407;6.2000;9600.0000;;9600.0000;;7.1800;In Fine;;réalisée;https://www.umoatitres.org/fr/emission/emission-simultanee-de-bons-et-dobligations-du-tresor-du-mali-du-10-06-2026/
Guinée Bissau;ES (Titre 2);OAT;;2026-06-09;2026-06-10;2029-06-10;36;;15000;70141.3300;15000.0000;GW0000001689;6.2500;9450.0000;;9471.9600;;8.3100;In Fine;;réalisée;https://www.umoatitres.org/fr/emission/emission-simultanee-de-bons-et-dobligations-du-tresor-de-la-guinee-bissau-du-09-06-2026/
Sénégal;ES (Titre 1);BAT;;2026-06-05;2026-06-08;2027-06-06;12;;90000;24238.0000;24238.0000;SN0000004995;multiple;;7.5000;;6.8830;7.4000;In Fine;;réalisée;https://www.umoatitres.org/fr/emission/emission-simultanee-de-bons-et-dobligations-du-tresor-du-senegal-du-05-06-2026/
Sénégal;ES (Titre 2);OAT;;2026-06-05;2026-06-08;2029-06-08;36;;90000;44379.8600;42379.8600;SN0000005000;6.3000;9300.0000;;9566.7800;;7.9800;In Fine;;réalisée;https://www.umoatitres.org/fr/emission/emission-simultanee-de-bons-et-dobligations-du-tresor-du-senegal-du-05-06-2026/
Sénégal;ES (Titre 3);OAT;;2026-06-05;2026-06-08;2031-06-08;60;;90000;10494.0300;8494.0300;SN0000005018;6.4500;9305.5500;;9445.4900;;7.8300;In Fine;;réalisée;https://www.umoatitres.org/fr/emission/emission-simultanee-de-bons-et-dobligations-du-tresor-du-senegal-du-05-06-2026/
Sénégal;ES (Titre 4);OAT;;2026-06-05;2026-06-08;2033-06-08;84;;90000;17393.2400;17393.2400;SN0000005026;6.6000;9250.0000;;9377.0500;;7.7900;In Fine;;réalisée;https://www.umoatitres.org/fr/emission/emission-simultanee-de-bons-et-dobligations-du-tresor-du-senegal-du-05-06-2026/
Burkina Faso;ES (Titre 2);OAT;;2026-06-03;2026-06-04;2029-06-04;36;;45000;38908.7700;16356.0000;BF0000004796;6.0000;9630.0000;;9682.7600;;7.2100;In Fine;;réalisée;https://www.umoatitres.org/fr/emission/emission-simultanee-de-bons-et-dobligations-du-tresor-du-burkina-du-03-06-2026/
Burkina Faso;ES (Titre 3);OAT;;2026-06-03;2026-06-04;2031-06-04;60;;45000;18444.0000;15444.0000;BF0000004804;6.2000;9460.0000;;9464.2200;;7.5300;In Fine;;réalisée;https://www.umoatitres.org/fr/emission/emission-simultanee-de-bons-et-dobligations-du-tresor-du-burkina-du-03-06-2026/
Burkina Faso;ES (Titre 4);OAT;;2026-06-03;2026-06-04;2033-06-04;84;;45000;18200.0000;13200.0000;BF0000004812;6.4000;9405.0000;;9471.3600;;7.3900;In Fine;;réalisée;https://www.umoatitres.org/fr/emission/emission-simultanee-de-bons-et-dobligations-du-tresor-du-burkina-du-03-06-2026/
Togo;ES (Titre 2);OAT;;2026-05-29;2026-06-01;2029-06-01;36;;25000;51602.0500;11720.0000;TG0000003482;6.1500;9850.0000;;9891.1400;;6.5600;In Fine;;réalisée;https://www.umoatitres.org/fr/emission/emission-simultanee-de-bons-et-dobligations-du-tresor-du-togo-du-29-05-2026/
Togo;ES (Titre 3);OAT;;2026-05-29;2026-06-01;2031-06-01;60;;25000;15780.0000;15780.0000;TG0000003490;6.3500;9555.0000;;9670.8900;;7.1600;In Fine;;réalisée;https://www.umoatitres.org/fr/emission/emission-simultanee-de-bons-et-dobligations-du-tresor-du-togo-du-29-05-2026/
Côte d'Ivoire;ES (Titre 1);BAT;;2026-06-02;2026-06-03;2027-06-01;12;;80000;37228.0000;10605.0000;CI0000010336;multiple;;3.6000;;3.5694;3.7000;In Fine;;réalisée;https://www.umoatitres.org/fr/emission/emission-simultanee-de-bons-et-dobligations-du-tresor-du-cote-divoire-du-02-06-2026/
Côte d'Ivoire;ES (Titre 2);OAT;;2026-06-02;2026-06-03;2029-06-03;36;;80000;60775.0000;58775.0000;CI0000010344;5.2000;9615.0000;;9665.4400;;6.4600;In Fine;;réalisée;https://www.umoatitres.org/fr/emission/emission-simultanee-de-bons-et-dobligations-du-tresor-du-cote-divoire-du-02-06-2026/
Côte d'Ivoire;ES (Titre 3);OAT;;2026-06-02;2026-06-03;2031-06-03;60;;80000;23620.0000;18620.0000;CI0000010351;5.4500;9303.0000;;9319.1800;;7.1200;In Fine;;réalisée;https://www.umoatitres.org/fr/emission/emission-simultanee-de-bons-et-dobligations-du-tresor-du-cote-divoire-du-02-06-2026/
Mali;ES (Titre 1);BAT;;2026-05-27;2026-05-29;2027-05-27;12;;35000;29000.0000;9463.0000;ML0000004324;multiple;;5.0000;;4.8114;5.0600;In Fine;;réalisée;https://www.umoatitres.org/fr/emission/emission-simultanee-de-bons-et-dobligations-du-tresor-du-mali-du-27-05-2026/
Mali;ES (Titre 2);OAT;;2026-05-27;2026-05-29;2029-05-29;36;;35000;36305.1900;22537.0000;ML0000004332;6.0000;9470.0000;;9512.2300;;7.8900;In Fine;;réalisée;https://www.umoatitres.org/fr/emission/emission-simultanee-de-bons-et-dobligations-du-tresor-du-mali-du-27-05-2026/
Mali;ES (Titre 3);OAT;;2026-05-27;2026-05-29;2031-05-29;60;;35000;9500.0000;6500.0000;ML0000004340;6.2000;9520.0000;;9523.8500;;7.3700;In Fine;;réalisée;https://www.umoatitres.org/fr/emission/emission-simultanee-de-bons-et-dobligations-du-tresor-du-mali-du-27-05-2026/
Sénégal;ES (Titre 1);BAT;;2026-05-22;2026-05-26;2027-05-24;12;;50000;29120.0000;21910.0000;SN0000004953;multiple;;7.0000;;6.9387;7.4600;In Fine;;réalisée;https://www.umoatitres.org/fr/emission/emission-simultanee-de-bons-et-dobligations-du-tresor-du-senegal-du-22-05-2026/
Sénégal;ES (Titre 2);OAT;;2026-05-22;2026-05-26;2029-05-26;36;;50000;34256.9100;19390.0000;SN0000004961;6.3000;9510.0000;;9539.9800;;8.0900;In Fine;;réalisée;https://www.umoatitres.org/fr/emission/emission-simultanee-de-bons-et-dobligations-du-tresor-du-senegal-du-22-05-2026/
Sénégal;ES (Titre 3);OAT;;2026-05-22;2026-05-26;2031-05-26;60;;50000;9519.0000;9519.0000;SN0000004979;6.4500;9400.0000;;9451.2100;;7.8200;In Fine;;réalisée;https://www.umoatitres.org/fr/emission/emission-simultanee-de-bons-et-dobligations-du-tresor-du-senegal-du-22-05-2026/
Sénégal;ES (Titre 4);OAT;;2026-05-22;2026-05-26;2033-05-26;84;;50000;4182.7000;4181.0000;SN0000004987;6.6000;9315.0000;;9379.2900;;7.7800;In Fine;;réalisée;https://www.umoatitres.org/fr/emission/emission-simultanee-de-bons-et-dobligations-du-tresor-du-senegal-du-22-05-2026/
Côte d'Ivoire;ES (Titre 2);OAT;;2026-05-26;2026-05-29;2029-05-29;36;;100000;38550.0000;20878.9800;CI0000010310;5.2000;9615.0000;;9671.8900;;6.4400;In Fine;;réalisée;https://www.umoatitres.org/fr/emission/emission-simultanee-de-bons-et-dobligations-du-tresor-de-la-cote-divoire-du-26-05-2026/
Côte d'Ivoire;ES (Titre 3);OAT;;2026-05-26;2026-05-29;2031-05-29;60;;100000;89121.0200;89121.0200;CI0000010328;5.4500;9300.0000;;9302.1200;;7.1600;In Fine;;réalisée;https://www.umoatitres.org/fr/emission/emission-simultanee-de-bons-et-dobligations-du-tresor-de-la-cote-divoire-du-26-05-2026/
Burkina Faso;ES (Titre 2);OAT;;2026-05-20;2026-05-21;2029-05-21;36;;50000;44859.6300;29309.7800;BF0000004754;6.0000;9615.0000;;9655.1800;;7.3200;In Fine;;réalisée;https://www.umoatitres.org/fr/emission/emission-simultanee-de-bons-et-dobligations-du-tresor-du-burkina-faso-du-20-05-2026/
Burkina Faso;ES (Titre 3);OAT;;2026-05-20;2026-05-21;2031-05-21;60;;50000;14967.2200;14967.2200;BF0000004762;6.2000;9457.0000;;9490.0000;;7.4600;In Fine;;réalisée;https://www.umoatitres.org/fr/emission/emission-simultanee-de-bons-et-dobligations-du-tresor-du-burkina-faso-du-20-05-2026/
Burkina Faso;ES (Titre 4);OAT;;2026-05-20;2026-05-21;2033-05-21;84;;50000;16023.0000;5723.0000;BF0000004770;6.4000;9401.0000;;9432.8100;;7.4700;In Fine;;réalisée;https://www.umoatitres.org/fr/emission/emission-simultanee-de-bons-et-dobligations-du-tresor-du-burkina-faso-du-20-05-2026/
Côte d'Ivoire;ES (Titre 1);BAT;;2026-05-19;2026-05-20;2027-05-18;12;;100000;41700.0000;3000.0000;CI0000010260;multiple;;3.6000;;3.6000;3.7400;In Fine;;réalisée;https://www.umoatitres.org/fr/emission/emission-simultanee-de-bons-et-dobligations-du-tresor-de-la-cote-divoire-du-19-05-2026/
Côte d'Ivoire;ES (Titre 2);OAT;;2026-05-19;2026-05-20;2029-05-20;36;;100000;142529.0000;66035.3800;CI0000010286;5.2000;9667.0000;;9685.2400;;6.3900;In Fine;;réalisée;https://www.umoatitres.org/fr/emission/emission-simultanee-de-bons-et-dobligations-du-tresor-de-la-cote-divoire-du-19-05-2026/
Côte d'Ivoire;ES (Titre 3);OAT;;2026-05-19;2026-05-20;2031-05-20;60;;100000;40964.6200;40964.6200;CI0000010294;5.4500;9305.0000;;9326.2300;;7.1000;In Fine;;réalisée;https://www.umoatitres.org/fr/emission/emission-simultanee-de-bons-et-dobligations-du-tresor-de-la-cote-divoire-du-19-05-2026/
Mali;ES (Titre 1);BAT;;2026-05-13;2026-05-15;2027-05-13;12;;50000;26000.0000;18830.0000;ML0000004290;multiple;;5.1500;;4.9133;5.1700;In Fine;;réalisée;https://www.umoatitres.org/fr/emission/emission-simultanee-de-bons-et-dobligations-du-tresor-du-mali-du-13-05-2026/
Mali;ES (Titre 2);OAT;;2026-05-13;2026-05-15;2029-05-15;36;;50000;32170.0000;29170.0000;ML0000004308;6.0000;9450.0000;;9519.2700;;7.8600;In Fine;;réalisée;https://www.umoatitres.org/fr/emission/emission-simultanee-de-bons-et-dobligations-du-tresor-du-mali-du-13-05-2026/
Mali;ES (Titre 3);OAT;;2026-05-13;2026-05-15;2031-05-15;60;;50000;10000.0000;7000.0000;ML0000004316;6.2000;9520.0000;;9530.0000;;7.3600;In Fine;;réalisée;https://www.umoatitres.org/fr/emission/emission-simultanee-de-bons-et-dobligations-du-tresor-du-mali-du-13-05-2026/
Guinée Bissau;ES (Titre 1);BAT;;2026-05-12;2026-05-13;2027-05-03;12;;15000;5328.0000;5328.0000;GW0000001655;multiple;6.5000;;;4.7532;4.9900;In Fine;;réalisée;https://www.umoatitres.org/fr/emission/emission-simultanee-de-bons-et-dobligations-du-tresor-de-la-guinee-bissau-du-12-05-2026/
Guinée Bissau;ES (Titre 2);OAT;;2026-05-12;2026-05-13;2029-05-05;36;;15000;27499.9500;9672.0000;GW0000001663;6.2500;9275.0000;;9459.0600;;8.3700;In Fine;;réalisée;https://www.umoatitres.org/fr/emission/emission-simultanee-de-bons-et-dobligations-du-tresor-de-la-guinee-bissau-du-12-05-2026/
Sénégal;ES (Titre 1);BAT;;2026-05-08;2026-05-11;2027-05-09;12;;35000;19214.0000;19214.0000;SN0000004920;multiple;;7.0500;;6.4357;6.8800;In Fine;;réalisée;https://www.umoatitres.org/fr/emission/emission-simultanee-de-bons-et-dobligations-du-tresor-du-senegal-du-08-05-2026/
Sénégal;ES (Titre 2);OAT;;2026-05-08;2026-05-11;2029-05-11;36;;35000;14112.0300;6612.0300;SN0000004938;6.3000;9480.0000;;9544.0200;;8.0700;In Fine;;réalisée;https://www.umoatitres.org/fr/emission/emission-simultanee-de-bons-et-dobligations-du-tresor-du-senegal-du-08-05-2026/
Sénégal;ES (Titre 3);OAT;;2026-05-08;2026-05-11;2031-05-11;60;;35000;3200.0000;3200.0000;SN0000004946;6.4500;9456.9900;;9486.9000;;7.7300;In Fine;;réalisée;https://www.umoatitres.org/fr/emission/emission-simultanee-de-bons-et-dobligations-du-tresor-du-senegal-du-08-05-2026/
Niger;ES (Titre 1);OAT;Echange;2026-05-07;2026-05-08;2028-02-21;24;;386676;27784.7300;27784.7300;NE0000002367;6.3000;9512.6500;;9535.1700;;9.2000;In Fine;;réalisée;https://www.umoatitres.org/fr/emission/emission-simultanee-de-bons-et-dobligations-du-tresor-du-niger-du-07-05-2026-2/
Niger;ES (Titre 2);BAT;Echange;2026-05-07;2026-05-08;2027-05-06;36;;386676;37131.0000;37131.0000;NE0000002706;multiple;;9.0000;;8.9504;9.8740;In Fine;;réalisée;https://www.umoatitres.org/fr/emission/emission-simultanee-de-bons-et-dobligations-du-tresor-du-niger-du-07-05-2026-2/
Niger;ES (Titre 3);OAT;Echange;2026-05-07;2026-05-08;2031-05-08;60;;386676;111520.1600;111520.1600;NE0000002722;6.5000;8848.0900;;8848.0900;;9.5000;In Fine;;réalisée;https://www.umoatitres.org/fr/emission/emission-simultanee-de-bons-et-dobligations-du-tresor-du-niger-du-07-05-2026-2/
Niger;ES (Titre 4);OAT;Echange;2026-05-07;2026-05-08;2029-05-08;36;;386676;210239.6700;210239.6700;NE0000002714;6.3000;9244.6500;;9271.1200;;9.1900;In Fine;;réalisée;https://www.umoatitres.org/fr/emission/emission-simultanee-de-bons-et-dobligations-du-tresor-du-niger-du-07-05-2026-2/
Burkina Faso;ES (Titre 2);OAT;;2026-05-06;2026-05-07;2029-05-07;36;;45000;26392.4000;14723.7000;BF0000004713;6.0000;9660.0000;;9666.0100;;7.2800;In Fine;;réalisée;https://www.umoatitres.org/fr/emission/emission-simultanee-de-bons-et-dobligations-du-tresor-du-niger-du-06-05-2026/
Burkina Faso;ES (Titre 3);OAT;;2026-05-06;2026-05-07;2031-05-07;60;;45000;13754.3000;13754.3000;BF0000004721;6.2000;9486.0000;;9574.4500;;7.2400;In Fine;;réalisée;https://www.umoatitres.org/fr/emission/emission-simultanee-de-bons-et-dobligations-du-tresor-du-niger-du-06-05-2026/
Burkina Faso;ES (Titre 4);OAT;;2026-05-06;2026-05-07;2033-05-07;84;;45000;21022.0000;21022.0000;BF0000004739;6.4000;9385.0000;;9477.7000;;7.3800;In Fine;;réalisée;https://www.umoatitres.org/fr/emission/emission-simultanee-de-bons-et-dobligations-du-tresor-du-niger-du-06-05-2026/
Côte d'Ivoire;ES (Titre 1);BAT;;2026-05-05;2026-05-06;2027-05-04;12;;100000;45000.0000;10000.0000;CI0000010237;multiple;;3.8500;;3.8500;4.0100;In Fine;;réalisée;https://www.umoatitres.org/fr/emission/emission-simultanee-de-bons-et-dobligations-du-tresor-de-la-cote-divoire-du-05-05-2026/
Côte d'Ivoire;ES (Titre 2);OAT;;2026-05-05;2026-05-06;2029-05-06;36;;100000;40165.0000;16474.1300;CI0000010245;5.2000;9665.0000;;9671.2200;;6.4400;In Fine;;réalisée;https://www.umoatitres.org/fr/emission/emission-simultanee-de-bons-et-dobligations-du-tresor-de-la-cote-divoire-du-05-05-2026/
Côte d'Ivoire;ES (Titre 3);OAT;;2026-05-05;2026-05-06;2031-05-06;60;;100000;83525.8700;83525.8700;CI0000010252;5.4500;9300.0000;;9341.4900;;7.0600;In Fine;;réalisée;https://www.umoatitres.org/fr/emission/emission-simultanee-de-bons-et-dobligations-du-tresor-de-la-cote-divoire-du-05-05-2026/
Bénin;ES (Titre 1);BAT;;2026-05-14;2026-05-15;2026-08-13;3;;20000;44653.0000;12000.0000;BJ0000002739;multiple;;3.2499;;3.1784;3.2000;In Fine;;réalisée;https://www.umoatitres.org/fr/emission/emission-simultanee-de-bons-du-tresor-du-benin-du-14-05-2026/
Bénin;ES (Titre 2);BAT;;2026-05-14;2026-05-15;2026-11-12;6;;20000;51020.0000;10000.0000;BJ0000002747;multiple;;3.4998;;3.4994;3.5600;In Fine;;réalisée;https://www.umoatitres.org/fr/emission/emission-simultanee-de-bons-du-tresor-du-benin-du-14-05-2026/
Côte d'Ivoire;ES (Titre 1);OAT;Echange;2026-04-27;2026-04-28;2029-04-22;36;;42188;42188.2500;42188.2500;CI0000010189;5.2000;9786.9900;;9786.9900;;6.0000;In Fine;;réalisée;https://www.umoatitres.org/fr/emission/emission-et-rachat-de-bons-et-dobligations-du-tresor-de-la-cote-divoire-du-27-04-2026/
Guinée Bissau;ES (Titre 1);BAT;;2026-05-04;2026-05-05;2027-05-03;12;;15000;5540.0000;2880.0000;GW0000001655;multiple;;5.6000;;5.6000;5.9400;In Fine;;réalisée;https://www.umoatitres.org/fr/emission/emission-simultanee-du-tresor-de-guinee-bissau-du-04-05-2026/
Guinée Bissau;ES (Titre 2);OAT;;2026-05-04;2026-05-05;2029-05-05;36;;15000;12120.1900;12120.1900;GW0000001663;6.2500;9300.0000;;9445.4200;;8.4200;In Fine;;réalisée;https://www.umoatitres.org/fr/emission/emission-simultanee-du-tresor-de-guinee-bissau-du-04-05-2026/
Côte d'Ivoire;ES (Titre 2);OAT;;2026-04-28;2026-04-29;2029-04-29;36;;70000;78800.0000;70000.0000;CI0000010211;5.2000;9615.0000;;9662.2700;;6.4700;In Fine;;réalisée;https://www.umoatitres.org/fr/emission/emission-simultanee-de-bons-et-dobligations-du-tresor-de-la-cote-divoire-du-28-04-2026/
Guinée Bissau;ES (Titre 1);BAT;;2026-04-27;2026-04-28;2027-04-12;12;;15000;8432.0000;3609.0000;GW0000001630;multiple;;5.8500;;5.8500;6.2000;In Fine;;réalisée;https://www.umoatitres.org/fr/emission/emission-simultanee-de-bons-et-dobligations-du-tresor-de-guinee-bissau-du-27-04-2026/
Guinée Bissau;ES (Titre 2);OAT;;2026-04-27;2026-04-28;2029-04-14;36;;15000;11391.9100;11391.9100;GW0000001648;6.2500;9450.0000;;9515.2600;;8.1500;In Fine;;réalisée;https://www.umoatitres.org/fr/emission/emission-simultanee-de-bons-et-dobligations-du-tresor-de-guinee-bissau-du-27-04-2026/
Mali;ES (Titre 1);BAT;;2026-04-29;2026-04-30;2027-04-28;12;;50000;39362.0000;13644.0000;ML0000004274;multiple;;5.1500;;4.8678;5.1200;In Fine;;réalisée;https://www.umoatitres.org/fr/emission/emission-simultanee-de-bons-et-dobligations-du-tresor-du-mali-du-29-04-2026/
Mali;ES (Titre 2);OAT;;2026-04-29;2026-04-30;2029-04-30;36;;50000;33826.8100;29576.0000;ML0000004282;6.0000;9440.0000;;9509.8800;;7.9000;In Fine;;réalisée;https://www.umoatitres.org/fr/emission/emission-simultanee-de-bons-et-dobligations-du-tresor-du-mali-du-29-04-2026/
Mali;ES (Titre 3);OAT;;2026-04-29;2026-04-30;2031-04-16;60;;50000;10680.0000;10680.0000;ML0000004258;6.2000;9450.0000;;9566.7200;;7.2700;In Fine;;réalisée;https://www.umoatitres.org/fr/emission/emission-simultanee-de-bons-et-dobligations-du-tresor-du-mali-du-29-04-2026/
Mali;ES (Titre 4);OAT;;2026-04-29;2026-04-30;2033-04-16;84;;50000;3100.0000;1100.0000;ML0000004266;6.4000;9400.0000;;9406.8200;;7.5200;In Fine;;réalisée;https://www.umoatitres.org/fr/emission/emission-simultanee-de-bons-et-dobligations-du-tresor-du-mali-du-29-04-2026/
Burkina Faso;ES (Titre 2);OAT;;2026-04-22;2026-04-23;2029-04-23;36;;45000;42145.6600;28865.0000;BF0000004655;6.0000;9575.0000;;9614.1500;;7.4800;In Fine;;réalisée;https://www.umoatitres.org/fr/emission/emission-simultanee-de-bons-et-dobligations-du-tresor-du-burkina-du-22-04-2026/
Burkina Faso;ES (Titre 3);OAT;;2026-04-22;2026-04-23;2031-04-23;60;;45000;9815.0000;9665.0000;BF0000004689;6.2000;9496.0000;;9502.2200;;7.4300;In Fine;;réalisée;https://www.umoatitres.org/fr/emission/emission-simultanee-de-bons-et-dobligations-du-tresor-du-burkina-du-22-04-2026/
Burkina Faso;ES (Titre 4);OAT;;2026-04-22;2026-04-23;2033-04-23;84;;45000;18180.0000;10970.0000;BF0000004697;6.4000;9401.0000;;9421.9300;;7.4900;In Fine;;réalisée;https://www.umoatitres.org/fr/emission/emission-simultanee-de-bons-et-dobligations-du-tresor-du-burkina-du-22-04-2026/
Sénégal;ES (Titre 1);BAT;;2026-04-24;2026-04-27;2027-04-25;12;;65000;17438.0000;14870.0000;SN0000004888;multiple;;6.6450;;6.3704;6.8100;In Fine;;réalisée;https://www.umoatitres.org/fr/emission/emission-simultanee-de-bons-et-dobligations-du-tresor-du-senegal-du-24-04-2026/
Sénégal;ES (Titre 2);OAT;;2026-04-24;2026-04-27;2029-04-27;36;;65000;52796.9200;50790.0000;SN0000004896;6.3000;9475.0000;;9565.0300;;7.9900;In Fine;;réalisée;https://www.umoatitres.org/fr/emission/emission-simultanee-de-bons-et-dobligations-du-tresor-du-senegal-du-24-04-2026/
Sénégal;ES (Titre 3);OAT;;2026-04-24;2026-04-27;2031-04-27;60;;65000;8153.1300;310.0000;SN0000004904;6.4500;9450.0000;;9465.2400;;7.7800;In Fine;;réalisée;https://www.umoatitres.org/fr/emission/emission-simultanee-de-bons-et-dobligations-du-tresor-du-senegal-du-24-04-2026/
Sénégal;ES (Titre 4);OAT;;2026-04-24;2026-04-27;2033-04-27;84;;65000;2066.3000;2060.0000;SN0000004912;6.6000;9426.0000;;9430.3700;;7.6800;In Fine;;réalisée;https://www.umoatitres.org/fr/emission/emission-simultanee-de-bons-et-dobligations-du-tresor-du-senegal-du-24-04-2026/
Niger;ES (Titre 1);OAT;;2026-04-23;2026-04-24;2029-04-10;36;;35000;20582.0000;20582.0000;NE0000002680;6.3000;9000.0000;;9736.4800;;7.3200;In Fine;;réalisée;https://www.umoatitres.org/fr/emission/emission-simultanee-de-bons-et-dobligations-du-tresor-du-niger-du-23-04-2026/
Niger;ES (Titre 2);OAT;;2026-04-23;2026-04-24;2031-04-10;60;;35000;9000.0000;9000.0000;NE0000002698;6.5000;8750.0000;;8783.3300;;9.7000;In Fine;;réalisée;https://www.umoatitres.org/fr/emission/emission-simultanee-de-bons-et-dobligations-du-tresor-du-niger-du-23-04-2026/
Côte d'Ivoire;ES (Titre 1);BAT;;2026-04-21;2026-04-22;2027-04-20;12;;60000;63050.0000;2000.0000;CI0000010179;multiple;;4.0500;;4.0500;4.2200;In Fine;;réalisée;https://www.umoatitres.org/fr/emission/emission-simultanee-de-bons-et-dobligations-du-tresor-du-21-04-2026/
Côte d'Ivoire;ES (Titre 2);OAT;;2026-04-21;2026-04-22;2029-04-22;36;;60000;108071.0800;7226.0000;CI0000010189;5.2000;9650.0000;;9892.0300;;5.6000;In Fine;;réalisée;https://www.umoatitres.org/fr/emission/emission-simultanee-de-bons-et-dobligations-du-tresor-du-21-04-2026/
Côte d'Ivoire;ES (Titre 3);OAT;;2026-04-21;2026-04-22;2031-04-22;60;;60000;56774.0000;56774.0000;CI0000010195;5.4500;9300.0000;;9313.4500;;7.1300;In Fine;;réalisée;https://www.umoatitres.org/fr/emission/emission-simultanee-de-bons-et-dobligations-du-tresor-du-21-04-2026/
Côte d'Ivoire;ES (Titre 1);OAT;Echange;2026-04-14;2026-04-15;2028-04-09;24;;95501;41326.2900;41326.2900;CI0000009031;5.7000;9927.0600;;9927.0600;;6.1000;In Fine;;réalisée;https://www.umoatitres.org/fr/emission/emission-et-rachat-de-bons-et-dobligations-du-tresor-de-la-cote-divoire-du-14-04-2026/
Côte d'Ivoire;ES (Titre 2);OAT;Echange;2026-04-14;2026-04-15;2029-04-08;36;;95501;25000.0000;25000.0000;CI0000010146;5.2000;9606.1600;;9606.1600;;6.7000;In Fine;;réalisée;https://www.umoatitres.org/fr/emission/emission-et-rachat-de-bons-et-dobligations-du-tresor-de-la-cote-divoire-du-14-04-2026/
Côte d'Ivoire;ES (Titre 3);OAT;Echange;2026-04-14;2026-04-15;2031-04-08;60;;95501;29174.8300;29174.8300;CI0000010153;5.4500;9327.1000;;9327.1000;;7.1000;In Fine;;réalisée;https://www.umoatitres.org/fr/emission/emission-et-rachat-de-bons-et-dobligations-du-tresor-de-la-cote-divoire-du-14-04-2026/
Sénégal;ES (Titre 1);BAT;Echange;2026-04-10;2026-04-13;2027-04-11;12;;88249;35963.0000;35963.0000;SN0000004854;multiple;;6.3500;;6.3500;6.7900;In Fine;;réalisée;https://www.umoatitres.org/fr/emission/emission-et-rachat-de-bons-et-dobligations-du-tresor-du-senegal-du-10-04-2026/
Sénégal;ES (Titre 2);OAT;Echange;2026-04-10;2026-04-13;2029-04-13;36;;88249;52285.7600;52285.7600;SN0000004862;6.3000;9654.9400;;9654.9400;;7.6300;In Fine;;réalisée;https://www.umoatitres.org/fr/emission/emission-et-rachat-de-bons-et-dobligations-du-tresor-du-senegal-du-10-04-2026/
Togo;ES (Titre 1);OAT;;2026-04-17;2026-04-20;2029-04-07;36;;30000;57621.6800;10000.0000;TG0000003383;6.1500;10000.0000;;10000.0000;;6.1500;In Fine;;réalisée;https://www.umoatitres.org/fr/emission/emission-simultanee-du-tresor-de-guinee-bissau-du-13-04-2026/
Togo;ES (Titre 2);OAT;;2026-04-17;2026-04-20;2031-04-07;60;;30000;21587.5000;10400.0000;TG0000003391;6.3500;9600.0000;;9657.9500;;7.1900;In Fine;;réalisée;https://www.umoatitres.org/fr/emission/emission-simultanee-du-tresor-de-guinee-bissau-du-13-04-2026/
Togo;ES (Titre 3);OAT;;2026-04-17;2026-04-20;2033-04-07;84;;30000;12622.5000;12600.0000;TG0000003441;6.5000;9525.5000;;9601.6700;;7.2500;In Fine;;réalisée;https://www.umoatitres.org/fr/emission/emission-simultanee-du-tresor-de-guinee-bissau-du-13-04-2026/
Guinée Bissau;ES (Titre 1);BAT;;2026-04-13;2026-04-14;2026-10-12;6;;20000;6000.0000;3131.0000;GW0000001622;multiple;;5.6000;;5.5988;5.7600;In Fine;;réalisée;https://www.umoatitres.org/fr/emission/emission-simultanee-du-tresor-de-guinee-bissau-du-14-04-2026/
Guinée Bissau;ES (Titre 2);BAT;;2026-04-13;2026-04-14;2027-04-12;364;;20000;13202.0000;10102.0000;GW0000001630;multiple;;6.2500;;5.7962;6.1600;In Fine;;réalisée;https://www.umoatitres.org/fr/emission/emission-simultanee-du-tresor-de-guinee-bissau-du-14-04-2026/
Guinée Bissau;ES (Titre 3);OAT;;2026-04-13;2026-04-14;2029-04-14;36;;20000;23765.7700;8766.0000;GW0000001648;6.2500;9483.0000;;9495.2600;;8.2200;In Fine;;réalisée;https://www.umoatitres.org/fr/emission/emission-simultanee-du-tresor-de-guinee-bissau-du-14-04-2026/
Niger;ES (Titre 1);OAT;;2026-04-09;2026-04-10;2029-04-10;36;;45000;27130.0000;27130.0000;NE0000002680;6.3000;9000.0000;;9051.9400;;10.1200;In Fine;;réalisée;https://www.umoatitres.org/fr/emission/emission-simultanee-du-tresor-du-niger-du-09-04-2026/
Niger;ES (Titre 2);OAT;;2026-04-09;2026-04-10;2031-04-10;84;;45000;12800.0000;12800.0000;NE0000002698;6.5000;8739.0000;;8963.3000;;9.1800;In Fine;;réalisée;https://www.umoatitres.org/fr/emission/emission-simultanee-du-tresor-du-niger-du-09-04-2026/
Mali;ES (Titre 1);BAT;;2026-04-15;2026-04-16;2027-04-14;12;;50000;40302.0000;2500.0000;ML0000004217;multiple;;5.1500;;5.1500;5.4300;In Fine;;réalisée;https://www.umoatitres.org/fr/emission/emission-simultanee-du-tresor-du-mali-du-15-04-2026/
Mali;ES (Titre 2);OAT;;2026-04-15;2026-04-16;2029-04-16;36;;50000;56254.7700;36470.0000;ML0000004225;6.0000;9450.0000;;9534.1800;;7.8000;In Fine;;réalisée;https://www.umoatitres.org/fr/emission/emission-simultanee-du-tresor-du-mali-du-15-04-2026/
Mali;ES (Titre 3);OAT;;2026-04-15;2026-04-16;2031-04-16;60;;50000;16030.0000;16030.0000;ML0000004258;6.2000;9430.0000;;9714.0200;;6.9000;In Fine;;réalisée;https://www.umoatitres.org/fr/emission/emission-simultanee-du-tresor-du-mali-du-15-04-2026/
Bénin;ES (Titre 1);BAT;;2026-04-16;2026-04-17;2026-07-16;3;;20000;60657.0000;13870.0000;BJ0000002713;multiple;;3.6499;;3.5662;3.6000;In Fine;;réalisée;https://www.umoatitres.org/fr/emission/emission-simultanee-du-tresor-du-benin-du-16-04-2026/
Bénin;ES (Titre 2);BAT;;2026-04-16;2026-04-17;2026-10-15;6;;20000;75169.0000;8130.0000;BJ0000002721;multiple;;3.9000;;3.8243;3.9000;In Fine;;réalisée;https://www.umoatitres.org/fr/emission/emission-simultanee-du-tresor-du-benin-du-16-04-2026/
Sénégal;ES (Titre 1);BAT;;2026-04-10;2026-04-13;2027-04-11;12;;65000;37634.0000;37634.0000;SN0000004854;multiple;;7.0000;;6.3726;6.8100;In Fine;;réalisée;https://www.umoatitres.org/fr/emission/emission-simultanee-du-tresor-du-senegal-du-10-04-2026/
Sénégal;ES (Titre 2);OAT;;2026-04-10;2026-04-13;2029-04-13;36;;65000;32750.9500;17250.9500;SN0000004862;6.3000;9470.0000;;9566.0400;;7.9800;In Fine;;réalisée;https://www.umoatitres.org/fr/emission/emission-simultanee-du-tresor-du-senegal-du-10-04-2026/
Sénégal;ES (Titre 3);OAT;;2026-04-10;2026-04-13;2031-04-13;60;;65000;5480.7000;5480.7000;SN0000004870;6.4500;9380.0000;;9474.4200;;7.7600;In Fine;;réalisée;https://www.umoatitres.org/fr/emission/emission-simultanee-du-tresor-du-senegal-du-10-04-2026/
Côte d'Ivoire;ES (Titre 1);BAT;;2026-04-07;2026-04-08;2027-04-06;12;;100000;81570.0000;17000.0000;CI0000010112;multiple;;4.4500;;4.3204;4.5200;In Fine;;réalisée;https://www.umoatitres.org/fr/emission/emission-simultanee-du-tresor-de-la-cote-divoire-du-07-04-2026/
Côte d'Ivoire;ES (Titre 2);OAT;;2026-04-07;2026-04-08;2029-04-08;36;;100000;74750.0000;56000.0000;CI0000010146;5.2000;9580.0000;;9594.4900;;6.7400;In Fine;;réalisée;https://www.umoatitres.org/fr/emission/emission-simultanee-du-tresor-de-la-cote-divoire-du-07-04-2026/
Côte d'Ivoire;ES (Titre 3);OAT;;2026-04-07;2026-04-08;2031-04-08;60;;100000;37000.0000;37000.0000;CI0000010153;5.4500;9320.0000;;9329.0500;;7.0900;In Fine;;réalisée;https://www.umoatitres.org/fr/emission/emission-simultanee-du-tresor-de-la-cote-divoire-du-07-04-2026/
Mali;ES (Titre 1);OAT;Echange;2026-04-01;2026-04-02;2031-03-05;60;;18088;11961.9000;11961.9000;ML0000004183;6.2000;9420.0200;;9420.0200;;7.6500;In Fine;;réalisée;https://www.umoatitres.org/fr/emission/emission-et-rachat-de-bons-et-dobligations-du-tresor-du-mali-du-01-04-2026/
Mali;ES (Titre 2);OAT;Echange;2026-04-01;2026-04-02;2029-03-19;36;;18088;6126.3100;6126.3100;ML0000004209;6.0000;9450.0000;;9450.0000;;8.1600;In Fine;;réalisée;https://www.umoatitres.org/fr/emission/emission-et-rachat-de-bons-et-dobligations-du-tresor-du-mali-du-01-04-2026/
Burkina Faso;ES (Titre 1);BAT;;2026-04-08;2026-04-09;2027-04-07;12;;70000;65377.0000;26195.0000;BF0000004598;multiple;;5.2000;;5.0759;5.3500;In Fine;;réalisée;https://www.umoatitres.org/fr/emission/emission-simultanee-du-tresor-du-burkina-du-08-04-2026/
Burkina Faso;ES (Titre 2);OAT;;2026-04-08;2026-04-09;2029-04-09;36;;70000;32260.0000;19980.0000;BF0000004606;6.0000;9500.0000;;9521.9900;;7.8500;In Fine;;réalisée;https://www.umoatitres.org/fr/emission/emission-simultanee-du-tresor-du-burkina-du-08-04-2026/
Burkina Faso;ES (Titre 3);OAT;;2026-04-08;2026-04-09;2031-04-09;60;;70000;12310.0000;12310.0000;BF0000004622;6.2000;9485.7700;;9514.1900;;7.4000;In Fine;;réalisée;https://www.umoatitres.org/fr/emission/emission-simultanee-du-tresor-du-burkina-du-08-04-2026/
Burkina Faso;ES (Titre 4);OAT;;2026-04-08;2026-04-09;2033-04-09;84;;70000;14515.0000;14015.0000;BF0000004630;6.4000;9306.7700;;9376.4900;;7.5800;In Fine;;réalisée;https://www.umoatitres.org/fr/emission/emission-simultanee-du-tresor-du-burkina-du-08-04-2026/
Togo;ES (Titre 2);OAT;;2026-04-03;2023-04-07;2029-04-07;36;;30000;68184.3900;20000.0000;TG0000003383;6.1500;9905.0000;;9997.6300;;6.1600;In Fine;;réalisée;https://www.umoatitres.org/fr/emission/emission-simultanee-du-tresor-du-togo-du-03-04-2026/
Togo;ES (Titre 3);OAT;;2026-04-03;2023-04-07;2031-04-07;60;;30000;10962.0400;10000.0000;TG0000003391;6.3500;9555.0000;;9571.9000;;7.4100;In Fine;;réalisée;https://www.umoatitres.org/fr/emission/emission-simultanee-du-tresor-du-togo-du-03-04-2026/
Togo;ES (Titre 4);OAT;;2026-04-03;2023-04-07;2033-04-07;84;;30000;3460.9500;3000.0000;TG0000003441;6.5000;9550.0000;;9566.0000;;7.3100;In Fine;;réalisée;https://www.umoatitres.org/fr/emission/emission-simultanee-du-tresor-du-togo-du-03-04-2026/
Côte d'Ivoire;ES (Titre 1);BAT;;2026-03-31;2026-04-01;2027-03-30;12;;60000;113163.0000;7405.0000;CI0000010070;multiple;;4.4999;;4.4999;4.7100;In Fine;;réalisée;https://www.umoatitres.org/fr/emission/emission-simultanee-du-tresor-de-la-cote-divoire-du-31-03-2026/
Côte d'Ivoire;ES (Titre 2);OAT;;2026-03-31;2026-04-01;2029-04-01;36;;60000;52508.0000;20837.0000;CI0000010096;5.2000;9578.0000;;9615.9300;;6.6500;In Fine;;réalisée;https://www.umoatitres.org/fr/emission/emission-simultanee-du-tresor-de-la-cote-divoire-du-31-03-2026/
Côte d'Ivoire;ES (Titre 3);OAT;;2026-03-31;2026-04-01;2031-04-01;60;;60000;67758.0000;37758.0000;CI0000010104;5.4500;9300.0000;;9317.0900;;7.1200;In Fine;;réalisée;https://www.umoatitres.org/fr/emission/emission-simultanee-du-tresor-de-la-cote-divoire-du-31-03-2026/
Bénin;ES (Titre 1);OAT;;2026-04-02;2006-04-03;2026-07-02;3;;20000;76723.0000;9497.0000;BJ0000002697;multiple;;4.0000;;3.8098;3.8500;In Fine;;réalisée;https://www.umoatitres.org/fr/emission/emission-simultanee-du-tresor-du-benin-du-02-04-2026/
Bénin;ES (Titre 2);OAT;;2026-04-02;2006-04-03;2026-10-01;6;;20000;84223.0000;12503.0000;BJ0000002705;multiple;;4.2477;;4.0452;4.1300;In Fine;;réalisée;https://www.umoatitres.org/fr/emission/emission-simultanee-du-tresor-du-benin-du-02-04-2026/
Sénégal;ES (Titre 1);BAT;;2026-03-27;2026-03-30;2027-03-28;12;;50000;28577.0000;24400.0000;SN0000004813;multiple;;6.4500;;6.2021;6.6200;In Fine;;réalisée;https://www.umoatitres.org/fr/emission/emission-simultanee-du-tresor-du-senegal-du-27-03-2026/
Sénégal;ES (Titre 2);OAT;;2026-03-27;2026-03-30;2029-03-30;36;;50000;24755.2100;24750.0000;SN0000004821;6.3000;9460.0000;;9654.4300;;7.6300;In Fine;;réalisée;https://www.umoatitres.org/fr/emission/emission-simultanee-du-tresor-du-senegal-du-27-03-2026/
Sénégal;ES (Titre 3);OAT;;2026-03-27;2026-03-30;2031-03-30;60;;50000;3091.7200;3090.0000;SN0000004839;6.4500;9500.0000;;9521.0800;;7.6400;In Fine;;réalisée;https://www.umoatitres.org/fr/emission/emission-simultanee-du-tresor-du-senegal-du-27-03-2026/
Sénégal;ES (Titre 4);OAT;;2026-03-27;2026-03-30;2033-03-30;84;;50000;2760.0000;2760.0000;SN0000004847;6.6000;9410.9900;;9478.5400;;7.5900;In Fine;;réalisée;https://www.umoatitres.org/fr/emission/emission-simultanee-du-tresor-du-senegal-du-27-03-2026/
Côte d'Ivoire;ES (Titre 1);BAT;;2026-03-24;2026-03-25;2027-03-23;12;;80000;148457.0000;12130.0000;CI0000010047;multiple;;4.9895;;4.9363;5.2000;In Fine;;réalisée;https://www.umoatitres.org/fr/emission/emission-simultanee-du-tresor-de-la-cote-divoire-du-24-03-2026/
Côte d'Ivoire;ES (Titre 2);OAT;;2026-03-24;2026-03-25;2029-03-25;36;;80000;46213.5600;14013.5600;CI0000010054;5.3500;9600.0000;;9616.6500;;6.8100;In Fine;;réalisée;https://www.umoatitres.org/fr/emission/emission-simultanee-du-tresor-de-la-cote-divoire-du-24-03-2026/
Côte d'Ivoire;ES (Titre 3);OAT;;2026-03-24;2026-03-25;2031-03-25;60;;80000;61855.8800;61855.8800;CI0000010062;5.6000;9300.0000;;9307.2100;;7.3000;In Fine;;réalisée;https://www.umoatitres.org/fr/emission/emission-simultanee-du-tresor-de-la-cote-divoire-du-24-03-2026/
Burkina Faso;ES (Titre 1);BAT;;2026-03-25;2026-03-26;2027-03-24;12;;70000;78830.0000;16686.0000;BF0000004556;multiple;;5.6500;;5.4343;5.7500;In Fine;;réalisée;https://www.umoatitres.org/fr/emission/emission-simultanee-du-tresor-du-burkina-du-25-03-2026/
Burkina Faso;ES (Titre 2);OAT;;2026-03-25;2026-03-26;2029-03-26;36;;70000;34463.2600;34463.2600;BF0000004564;6.0000;9470.0000;;9528.5200;;7.8200;In Fine;;réalisée;https://www.umoatitres.org/fr/emission/emission-simultanee-du-tresor-du-burkina-du-25-03-2026/
Burkina Faso;ES (Titre 3);OAT;;2026-03-25;2026-03-26;2031-03-26;60;;70000;11160.0000;11100.0000;BF0000004572;6.2000;9500.0000;;9533.1000;;7.3500;In Fine;;réalisée;https://www.umoatitres.org/fr/emission/emission-simultanee-du-tresor-du-burkina-du-25-03-2026/
Burkina Faso;ES (Titre 4);OAT;;2026-03-25;2026-03-26;2033-03-26;84;;70000;14750.0000;14750.0000;BF0000004580;6.4000;9401.0000;;9474.9600;;7.3900;In Fine;;réalisée;https://www.umoatitres.org/fr/emission/emission-simultanee-du-tresor-du-burkina-du-25-03-2026/
Guinée Bissau;ES (Titre 1);BAT;;2026-03-23;2026-03-24;2027-03-22;12;;15000;16303.0000;2500.0000;GW0000001606;multiple;;5.8000;;5.8000;6.1600;In Fine;;réalisée;https://www.umoatitres.org/fr/emission/emission-simultanee-du-tresor-de-guinee-bissau-du-23-03-2026/
Guinée Bissau;ES (Titre 2);OAT;;2026-03-23;2026-03-24;2029-03-24;36;;15000;34055.0700;12500.0000;GW0000001614;6.2500;9406.7700;;9434.0500;;8.4600;In Fine;;réalisée;https://www.umoatitres.org/fr/emission/emission-simultanee-du-tresor-de-guinee-bissau-du-23-03-2026/
Sénégal;;BAT;;2026-03-13;2026-03-16;2027-02-28;12;;100000;149039.0000;110000.0000;SN0000004706;multiple;;6.6000;;6.4115;6.8400;In Fine;;réalisée;https://www.umoatitres.org/fr/emission/emission-simultanee-du-tresor-du-senegal-du-13-03-2026/
Mali;ES (Titre 1);BAT;;2026-03-18;2026-03-19;2027-03-17;12;;50000;44848.0000;15585.0000;ML0000004191;multiple;;6.0000;;5.8244;6.1900;In Fine;;réalisée;https://www.umoatitres.org/fr/emission/emission-simultanee-du-tresor-du-mali-du-18-03-2026/
Mali;ES (Titre 2);OAT;;2026-03-18;2026-03-19;2029-03-19;36;;50000;49738.3600;34388.3600;ML0000004209;6.0000;9340.0000;;9442.9400;;8.1700;In Fine;;réalisée;https://www.umoatitres.org/fr/emission/emission-simultanee-du-tresor-du-mali-du-18-03-2026/
Mali;ES (Titre 3);OAT;;2026-03-18;2026-03-19;2031-03-05;60;;50000;3700.0000;3700.0000;ML0000004183;6.2000;9405.0000;;9414.2700;;7.6600;In Fine;;réalisée;https://www.umoatitres.org/fr/emission/emission-simultanee-du-tresor-du-mali-du-18-03-2026/
Guinée Bissau;ES (Titre 1);BAT;;2026-03-16;2026-03-17;2027-03-09;12;;15000;10789.0000;4976.0000;GW0000001580;multiple;;6.3000;;6.2872;6.7100;In Fine;;réalisée;https://www.umoatitres.org/fr/emission/emission-simultanee-du-tresor-de-la-guinee-bissau-du-16-03-2026/
Guinée Bissau;ES (Titre 2);OAT;;2026-03-16;2026-03-17;2029-03-11;36;;15000;40414.1000;10024.0000;GW0000001598;6.2500;9356.0000;;9380.4900;;8.6900;In Fine;;réalisée;https://www.umoatitres.org/fr/emission/emission-simultanee-du-tresor-de-la-guinee-bissau-du-16-03-2026/
Côte d'Ivoire;ES (Titre 1);BAT;;2026-03-17;2026-03-18;2027-03-16;12;;110000;245399.0000;64282.0000;CI0000009957;multiple;;5.3494;;5.0489;5.3200;In Fine;;réalisée;https://www.umoatitres.org/fr/emission/emission-simultanee-du-tresor-de-la-cote-divoire-du-17-03-2026/
Côte d'Ivoire;ES (Titre 2);OAT;;2026-03-17;2026-03-18;2029-03-18;36;;110000;33966.5000;33966.5000;CI0000010021;5.3500;9540.0000;;9576.5500;;6.9600;In Fine;;réalisée;https://www.umoatitres.org/fr/emission/emission-simultanee-du-tresor-de-la-cote-divoire-du-17-03-2026/
Côte d'Ivoire;ES (Titre 3);OAT;;2026-03-17;2026-03-18;2031-03-18;60;;110000;11751.5000;11751.5000;CI0000010039;5.6000;9301.9900;;9340.5900;;7.2200;In Fine;;réalisée;https://www.umoatitres.org/fr/emission/emission-simultanee-du-tresor-de-la-cote-divoire-du-17-03-2026/
Togo;ES (Titre 1);BAT;;2026-03-20;2026-03-23;2027-03-21;12;;25000;51061.0000;5000.0000;TG0000003318;multiple;;5.2000;;5.1600;5.4400;In Fine;;réalisée;https://www.umoatitres.org/fr/emission/emission-simultanee-du-tresor-du-burkina-du-11-03-2026-2/
Togo;ES (Titre 2);OAT;;2026-03-20;2026-03-23;2029-03-23;36;;25000;70474.7100;9500.0000;TG0000003334;6.1500;9801.0000;;9805.4600;;6.8900;In Fine;;réalisée;https://www.umoatitres.org/fr/emission/emission-simultanee-du-tresor-du-burkina-du-11-03-2026-2/
Togo;ES (Titre 3);OAT;;2026-03-20;2026-03-23;2031-03-23;60;;25000;13039.8200;13000.0000;TG0000003342;6.3500;9530.0000;;9593.7400;;7.3500;In Fine;;réalisée;https://www.umoatitres.org/fr/emission/emission-simultanee-du-tresor-du-burkina-du-11-03-2026-2/
Sénégal;ES (Titre 1);BAT;Echange;2026-03-09;2026-03-10;2027-03-08;12;;108245;22400.0000;22400.0000;SN0000004730;multiple;;6.9800;;6.9800;7.5100;In Fine;;réalisée;https://www.umoatitres.org/fr/emission/emission-et-rachat-de-bons-et-dobligations-du-tresor-du-senegal-du-09-03-2026/
Sénégal;ES (Titre 2);OAT;Echange;2026-03-09;2026-03-10;2029-03-10;36;;108245;85844.6000;85844.6000;SN0000004789;6.3000;9590.0000;;9590.0000;;7.8900;In Fine;;réalisée;https://www.umoatitres.org/fr/emission/emission-et-rachat-de-bons-et-dobligations-du-tresor-du-senegal-du-09-03-2026/
Bénin;ES (Titre 1);BAT;;2026-03-19;2026-03-20;2026-06-18;3;;30000;82731.0000;13000.0000;BJ0000002671;multiple;;4.7499;;4.5544;4.6100;In Fine;;réalisée;https://www.umoatitres.org/fr/emission/emission-simultanee-du-tresor-du-benin-du-19-03-2026/
Bénin;ES (Titre 2);BAT;;2026-03-19;2026-03-20;2026-09-17;6;;30000;129116.0000;20000.0000;BJ0000002689;multiple;;4.8000;;4.7141;4.8300;In Fine;;réalisée;https://www.umoatitres.org/fr/emission/emission-simultanee-du-tresor-du-benin-du-19-03-2026/
Sénégal;ES (Titre 1);BAT;;2026-03-09;2026-03-10;2027-03-08;12;;50000;64143.0000;50000.0000;SN0000004730;multiple;;6.7500;;6.4885;6.9400;In Fine;;réalisée;https://www.umoatitres.org/fr/emission/emission-simultanee-du-tresor-du-senegal-du-09-03-2026/
Burkina Faso;ES (Titre 1);BAT;;2026-03-11;2026-03-12;2027-03-10;12;;60000;64620.0000;1820.0000;BF0000004515;multiple;;5.9900;;5.9900;6.3800;In Fine;;réalisée;https://www.umoatitres.org/fr/emission/emission-simultanee-du-tresor-du-burkina-du-11-03-2026/
Burkina Faso;ES (Titre 2);OAT;;2026-03-11;2026-03-12;2029-03-12;36;;60000;40581.9900;40581.9900;BF0000004523;6.0000;9450.0000;;9582.6400;;7.6100;In Fine;;réalisée;https://www.umoatitres.org/fr/emission/emission-simultanee-du-tresor-du-burkina-du-11-03-2026/
Burkina Faso;ES (Titre 3);OAT;;2026-03-11;2026-03-12;2031-03-12;60;;60000;6790.1000;6790.1000;BF0000004531;6.2000;9480.0000;;9567.3900;;7.2600;In Fine;;réalisée;https://www.umoatitres.org/fr/emission/emission-simultanee-du-tresor-du-burkina-du-11-03-2026/
Burkina Faso;ES (Titre 4);OAT;;2026-03-11;2026-03-12;2033-03-12;84;;60000;16807.0000;16807.0000;BF0000004549;6.4000;9401.0000;;9473.0000;;7.3900;In Fine;;réalisée;https://www.umoatitres.org/fr/emission/emission-simultanee-du-tresor-du-burkina-du-11-03-2026/
Guinée Bissau;ES (Titre 1);BAT;;2026-03-10;2026-03-11;2026-08-24;6;;20000;6620.0000;6620.0000;GW0000001556;multiple;;6.5000;;5.7987;5.9600;In Fine;;réalisée;https://www.umoatitres.org/fr/emission/emission-simultanee-du-tresor-de-guinee-bissau-du-10-03-2026/
Guinée Bissau;ES (Titre 2);BAT;;2026-03-10;2026-03-11;2027-03-09;12;;20000;27930.0000;11380.0000;GW0000001580;multiple;;6.5000;;6.3007;6.7300;In Fine;;réalisée;https://www.umoatitres.org/fr/emission/emission-simultanee-du-tresor-de-guinee-bissau-du-10-03-2026/
Guinée Bissau;ES (Titre 3);OAT;;2026-03-10;2026-03-11;2029-03-11;36;;20000;57101.9000;4000.0000;GW0000001598;6.2500;9306.7700;;9310.2100;;8.9700;In Fine;;réalisée;https://www.umoatitres.org/fr/emission/emission-simultanee-du-tresor-de-guinee-bissau-du-10-03-2026/
Sénégal;ES (Titre 1);BAT;Echange;2026-02-27;2026-03-02;2027-02-28;12;;38911;11250.0000;11250.0000;SN0000004706;multiple;;6.9800;;6.9800;7.5100;In Fine;;réalisée;https://www.umoatitres.org/fr/emission/emission-et-rachat-de-bons-et-dobligations-du-tresor-du-senegal-du-27-02-2026/
Sénégal;ES (Titre 2);OAT;Echange;2026-02-27;2026-03-02;2029-03-02;36;;38911;27660.9400;27660.9400;SN0000004714;6.3000;9500.0000;;9500.0000;;7.8900;In Fine;;réalisée;https://www.umoatitres.org/fr/emission/emission-et-rachat-de-bons-et-dobligations-du-tresor-du-senegal-du-27-02-2026/
Côte d'Ivoire;ES (Titre 1);OAT;;2026-03-03;2026-03-04;2029-03-04;36;;60000;98100.0000;65800.0000;CI0000009999;5.3500;9550.0000;;9566.9000;;7.0000;In Fine;;réalisée;https://www.umoatitres.org/fr/emission/emission-simultanee-du-tresor-de-la-cote-divoire-du-03-03-2026/
Côte d'Ivoire;ES (Titre 3);OAT;;2026-03-03;2026-03-04;2033-03-04;84;;60000;200.0000;200.0000;CI0000010013;5.8500;9225.0000;;9225.0000;;7.3000;In Fine;;réalisée;https://www.umoatitres.org/fr/emission/emission-simultanee-du-tresor-de-la-cote-divoire-du-03-03-2026/
Niger;ES (Titre 1);OAT;;2026-02-26;2026-02-27;2029-02-24;36;;6688;6687.5100;6687.5100;NE0000002656;6.3000;9093.4100;;9111.5100;;9.8700;In Fine;;réalisée;https://www.umoatitres.org/fr/emission/emission-et-rachat-de-bons-et-dobligations-du-tresor-du-niger-du-26-02-2026/
Sénégal;ES (Titre 1);BAT;;2026-02-27;2026-03-02;2027-02-28;12;;100000;90763.0000;50224.0000;SN0000004706;multiple;;6.6000;;6.3543;6.7900;In Fine;;réalisée;https://www.umoatitres.org/fr/emission/emission-simultanee-du-tresor-du-senegal-du-27-02-2026/
Sénégal;ES (Titre 2);OAT;;2026-02-27;2026-03-02;2029-03-02;36;;100000;62928.5700;51533.5700;SN0000004714;6.3000;9591.0000;;9652.1100;;7.6400;In Fine;;réalisée;https://www.umoatitres.org/fr/emission/emission-simultanee-du-tresor-du-senegal-du-27-02-2026/
Sénégal;ES (Titre 3);OAT;;2026-02-27;2026-03-02;2031-03-02;60;;100000;7578.1200;7028.1200;SN0000004722;6.4500;9485.0000;;9497.3400;;7.7000;In Fine;;réalisée;https://www.umoatitres.org/fr/emission/emission-simultanee-du-tresor-du-senegal-du-27-02-2026/
Niger;ES (Titre 1);OAT;Echange;2026-02-24;2026-02-24;2029-02-24;36;;37464;37463.9100;37463.9100;NE0000002656;6.3000;8950.0000;;9062.6600;;10.0700;In Fine;;réalisée;https://www.umoatitres.org/fr/emission/emission-et-rachat-de-bons-et-dobligations-du-tresor-du-niger-du-24-02-2026/
Mali;ES (Titre 1);BAT;;2026-03-04;2026-03-05;2027-03-03;12;;30000;90886.0000;8250.0000;ML0000004167;multiple;;6.3500;;6.2320;6.6500;In Fine;;réalisée;https://www.umoatitres.org/fr/emission/emission-et-rachat-de-bons-et-dobligations-du-tresor-du-mali-du-04-03-2026/
Mali;ES (Titre 2);OAT;;2026-03-04;2026-03-05;2029-03-05;36;;30000;22710.0000;22710.0000;ML0000004175;6.0000;9320.0000;;9360.1400;;8.5100;In Fine;;réalisée;https://www.umoatitres.org/fr/emission/emission-et-rachat-de-bons-et-dobligations-du-tresor-du-mali-du-04-03-2026/
Mali;ES (Titre 3);OAT;;2026-03-04;2026-03-05;2031-03-05;60;;30000;2040.0000;2040.0000;ML0000004183;6.2000;9402.5000;;9403.0400;;7.6800;In Fine;;réalisée;https://www.umoatitres.org/fr/emission/emission-et-rachat-de-bons-et-dobligations-du-tresor-du-mali-du-04-03-2026/
Bénin;ES (Titre 1);BAT;;2026-03-05;2026-03-06;2026-06-04;3;;30000;101492.0000;18000.0000;BJ0000002622;multiple;;4.9375;;4.8963;4.9600;In Fine;;réalisée;https://www.umoatitres.org/fr/emission/emission-simultanee-du-tresor-du-benin-du-05-03-2026-2/
Bénin;ES (Titre 2);BAT;;2026-03-05;2026-03-06;2026-09-03;6;;30000;148384.0000;15000.0000;BJ0000002630;multiple;;5.0277;;5.0022;5.1300;In Fine;;réalisée;https://www.umoatitres.org/fr/emission/emission-simultanee-du-tresor-du-benin-du-05-03-2026-2/
Côte d'Ivoire;ES (Titre 1);OAT;;2026-02-24;2026-02-25;2029-02-25;36;;80000;77500.0000;33600.0000;CI0000009874;5.3500;9557.0000;;9595.4200;;6.8900;In Fine;;réalisée;https://www.umoatitres.org/fr/emission/emission-simultanee-du-tresor-de-la-cote-divoire-du-24-02-2026/
Côte d'Ivoire;ES (Titre 2);OAT;;2026-02-24;2026-02-25;2031-02-25;60;;80000;49200.0000;49200.0000;CI0000009932;5.6000;9300.0000;;9303.6600;;7.3100;In Fine;;réalisée;https://www.umoatitres.org/fr/emission/emission-simultanee-du-tresor-de-la-cote-divoire-du-24-02-2026/
Côte d'Ivoire;ES (Titre 3);OAT;;2026-02-24;2026-02-25;2033-02-25;84;;80000;5200.0000;5200.0000;CI0000009940;5.8500;9225.0000;;9970.1900;;5.9000;In Fine;;réalisée;https://www.umoatitres.org/fr/emission/emission-simultanee-du-tresor-de-la-cote-divoire-du-24-02-2026/
Burkina Faso;ES (Titre 1);BAT;;2026-02-25;2026-02-26;2027-02-24;12;;60000;128869.0000;23621.0000;BF0000004473;multiple;;6.4000;;6.1566;6.5700;In Fine;;réalisée;https://www.umoatitres.org/fr/emission/emission-simultanee-du-tresor-du-burkina-du-25-02-2026/
Burkina Faso;ES (Titre 2);OAT;;2026-02-25;2026-02-26;2029-02-26;36;;60000;27569.4100;24334.9100;BF0000004481;6.0000;9411.0000;;9576.5400;;7.6300;In Fine;;réalisée;https://www.umoatitres.org/fr/emission/emission-simultanee-du-tresor-du-burkina-du-25-02-2026/
Burkina Faso;ES (Titre 3);OAT;;2026-02-25;2026-02-26;2031-02-26;60;;60000;3941.6400;3941.6400;BF0000004499;6.2000;9550.0000;;9701.8000;;6.9300;In Fine;;réalisée;https://www.umoatitres.org/fr/emission/emission-simultanee-du-tresor-du-burkina-du-25-02-2026/
Burkina Faso;ES (Titre 4);OAT;;2026-02-25;2026-02-26;2033-02-26;84;;60000;14101.4900;14101.4900;BF0000004507;6.4000;9401.0000;;9489.6700;;7.3600;In Fine;;réalisée;https://www.umoatitres.org/fr/emission/emission-simultanee-du-tresor-du-burkina-du-25-02-2026/
Mali;ES (Titre 1);BAT;Echange;2026-02-18;2026-02-19;2027-02-17;12;;34220;17395.0000;17395.0000;ML0000004159;multiple;;6.7500;;6.7500;7.2400;In Fine;;réalisée;https://www.umoatitres.org/fr/emission/rachat-et-emission-de-bons-et-dobligations-du-tresor-du-mali-18-02-2026/
Mali;ES (Titre 2);OAT;Echange;2026-02-18;2026-02-19;2029-02-05;36;;34220;16825.3300;16825.3300;ML0000004142;6.0000;9369.0000;;9369.9400;;8.4900;In Fine;;réalisée;https://www.umoatitres.org/fr/emission/rachat-et-emission-de-bons-et-dobligations-du-tresor-du-mali-18-02-2026/
Guinée Bissau;ES (Titre 1);BAT;;2026-02-23;2026-02-24;2026-08-24;6;;20000;17351.0000;5528.0000;GW0000001556;multiple;;6.5000;;6.2461;6.4500;In Fine;;réalisée;https://www.umoatitres.org/fr/emission/emission-simultanee-du-tresor-de-guinee-bissau-du-23-02-2026/
Guinée Bissau;ES (Titre 2);BAT;;2026-02-23;2026-02-24;2027-02-22;12;;20000;46296.0000;2800.0000;GW0000001564;multiple;;6.8000;;6.8000;7.3000;In Fine;;réalisée;https://www.umoatitres.org/fr/emission/emission-simultanee-du-tresor-de-guinee-bissau-du-23-02-2026/
Guinée Bissau;ES (Titre 3);OAT;;2026-02-23;2026-02-24;2029-02-24;36;;20000;27006.7700;11672.7000;GW0000001572;6.2500;9135.0000;;9159.3100;;9.6100;In Fine;;réalisée;https://www.umoatitres.org/fr/emission/emission-simultanee-du-tresor-de-guinee-bissau-du-23-02-2026/
Sénégal;ES (Titre 1);BAT;;2026-02-20;2026-02-23;2027-02-21;12;;80000;109425.0000;39759.0000;SN0000004649;multiple;;6.8400;;6.6327;7.1000;In Fine;;réalisée;https://www.umoatitres.org/fr/emission/emission-simultanee-du-tresor-du-senegal-du-20-02-2026/
Sénégal;ES (Titre 2);OAT;;2026-02-20;2026-02-23;2029-02-23;36;;80000;30936.8100;21126.8100;SN0000004664;6.3000;9590.0000;;9639.8500;;7.6900;In Fine;;réalisée;https://www.umoatitres.org/fr/emission/emission-simultanee-du-tresor-du-senegal-du-20-02-2026/
Sénégal;ES (Titre 3);OAT;;2026-02-20;2026-02-23;2031-02-23;60;;80000;5199.5700;2376.3700;SN0000004672;6.4500;9496.9400;;9497.2700;;7.7000;In Fine;;réalisée;https://www.umoatitres.org/fr/emission/emission-simultanee-du-tresor-du-senegal-du-20-02-2026/
Sénégal;ES (Titre 4);OAT;;2026-02-20;2026-02-23;2033-02-23;84;;80000;1083.2000;1083.2000;SN0000004680;6.6000;9400.0000;;9404.3300;;7.7300;In Fine;;réalisée;https://www.umoatitres.org/fr/emission/emission-simultanee-du-tresor-du-senegal-du-20-02-2026/
Sénégal;ES (Titre 5);OAT;;2026-02-20;2026-02-23;2036-02-23;120;;80000;23654.5500;23654.5500;SN0000004698;6.7500;9100.0000;;9286.3200;;7.8000;In Fine;;réalisée;https://www.umoatitres.org/fr/emission/emission-simultanee-du-tresor-du-senegal-du-20-02-2026/
Togo;ES (Titre 2);OAT;;2026-03-06;2026-03-09;2029-03-09;36;;20000;73238.4700;14725.0000;TG0000003284;6.1500;9685.7700;;9730.3900;;7.1800;In Fine;;réalisée;https://www.umoatitres.org/fr/emission/emission-simultanee-du-tresor-du-togo-du-06-03-2026/
Togo;ES (Titre 3);OAT;;2026-03-06;2026-03-09;2031-03-09;60;;20000;11897.7500;7275.0000;TG0000003300;6.3500;9527.7700;;9591.5300;;7.3600;In Fine;;réalisée;https://www.umoatitres.org/fr/emission/emission-simultanee-du-tresor-du-togo-du-06-03-2026/
Côte d'Ivoire;ES (Titre 1);OAT;;2026-02-17;2026-02-18;2029-02-18;36;;150000;132997.5500;100997.5500;CI0000009841;5.3500;9546.0000;;9631.0700;;6.7500;In Fine;;réalisée;https://www.umoatitres.org/fr/emission/emission-simultanee-du-tresor-de-le-cote-divoire-du-17-02-2026/
Côte d'Ivoire;ES (Titre 2);OAT;;2026-02-17;2026-02-18;2031-02-18;60;;150000;35351.0000;35351.0000;CI0000009858;5.6000;9300.0000;;9305.1300;;7.3100;In Fine;;réalisée;https://www.umoatitres.org/fr/emission/emission-simultanee-du-tresor-de-le-cote-divoire-du-17-02-2026/
Côte d'Ivoire;ES (Titre 3);OAT;;2026-02-17;2026-02-18;2033-02-18;84;;150000;15871.0500;15871.0500;CI0000009866;5.8500;9225.0000;;9469.5200;;6.8300;In Fine;;réalisée;https://www.umoatitres.org/fr/emission/emission-simultanee-du-tresor-de-le-cote-divoire-du-17-02-2026/
Niger;ES (Titre 1);OAT;Echange;2026-02-05;2026-02-06;2028-01-24;24;;34174;1284.6500;1284.6500;NE0000002300;6.3000;9318.6900;;9318.6900;;10.3000;In Fine;;réalisée;https://www.umoatitres.org/fr/emission/rachat-et-emission-de-bons-et-dobligations-du-tresor-du-niger-05-02-2026/
Niger;ES (Titre 2);OAT;Echange;2026-02-05;2026-02-06;2029-02-02;36;;34174;18270.4700;18270.4700;NE0000002631;6.3000;9000.0000;;9000.0000;;10.3600;In Fine;;réalisée;https://www.umoatitres.org/fr/emission/rachat-et-emission-de-bons-et-dobligations-du-tresor-du-niger-05-02-2026/
Niger;ES (Titre 3);BAT;Echange;2026-02-05;2026-02-06;2027-02-04;12;;34174;14619.0000;14619.0000;NE0000002649;multiple;;9.7500;;9.7500;10.8200;In Fine;;réalisée;https://www.umoatitres.org/fr/emission/rachat-et-emission-de-bons-et-dobligations-du-tresor-du-niger-05-02-2026/
Côte d'Ivoire;ES (Titre 1);OAT;Echange;2026-02-05;2026-02-06;2028-03-15;24;;133355;41000.0000;41000.0000;CI0000006201;5.5000;9783.3000;;9783.3000;;6.6300;In Fine;;réalisée;https://www.umoatitres.org/fr/emission/rachat-et-emission-de-bons-et-dobligations-du-tresor-de-cote-divoire-05-02-2026/
Côte d'Ivoire;ES (Titre 2);OAT;Echange;2026-02-05;2026-02-06;2031-01-28;60;;133355;27284.7200;27284.7200;CI0000009726;5.6000;9300.0000;;9300.0000;;7.3300;In Fine;;réalisée;https://www.umoatitres.org/fr/emission/rachat-et-emission-de-bons-et-dobligations-du-tresor-de-cote-divoire-05-02-2026/
Côte d'Ivoire;ES (Titre 3);OAT;Echange;2026-02-05;2026-02-06;2029-02-04;36;;133355;65070.7400;65070.7400;CI0000009791;5.3500;9550.0000;;9550.0000;;7.0700;In Fine;;réalisée;https://www.umoatitres.org/fr/emission/rachat-et-emission-de-bons-et-dobligations-du-tresor-de-cote-divoire-05-02-2026/
Burkina Faso;ES (Titre 1);BAT;;2026-02-11;2026-02-12;2027-02-10;12;;60000;102379.0000;20791.0000;BF0000004465;multiple;;6.7000;;6.6980;7.1800;In Fine;;réalisée;https://www.umoatitres.org/fr/emission/emission-de-bons-et-dobligations-du-tresor-du-burkina-11-02-2026/
Burkina Faso;ES (Titre 2);OAT;;2026-02-11;2026-02-12;2029-01-15;36;;60000;21795.1800;21795.1800;BF0000004390;6.0000;9500.0000;;9532.0500;;7.8500;In Fine;;réalisée;https://www.umoatitres.org/fr/emission/emission-de-bons-et-dobligations-du-tresor-du-burkina-11-02-2026/
Burkina Faso;ES (Titre 3);OAT;;2026-02-11;2026-02-12;2031-01-15;60;;60000;6275.0000;5763.5000;BF0000004408;6.2000;9750.0000;;9750.0000;;6.8100;In Fine;;réalisée;https://www.umoatitres.org/fr/emission/emission-de-bons-et-dobligations-du-tresor-du-burkina-11-02-2026/
Burkina Faso;ES (Titre 4);OAT;;2026-02-11;2026-02-12;2033-01-15;84;;60000;17649.8700;17649.8700;BF0000004416;6.4000;9401.0000;;9534.2000;;7.2800;In Fine;;réalisée;https://www.umoatitres.org/fr/emission/emission-de-bons-et-dobligations-du-tresor-du-burkina-11-02-2026/
Guinée Bissau;ES (Titre 1);BAT;Echange;2026-02-03;2026-02-04;2027-02-01;12;;17723;4800.0000;4800.0000;GW0000001531;multiple;;7.3500;;7.1458;7.7000;In Fine;;réalisée;https://www.umoatitres.org/fr/emission/emission-et-rachat-de-bons-et-dobligations-de-la-guinee-bissau-du-03-02-2026/
Guinée Bissau;ES (Titre 2);OAT;Echange;2026-02-03;2026-02-04;2029-02-03;36;;17723;12922.6100;12922.6100;GW0000001549;6.2500;9001.0000;;9074.9700;;9.9700;In Fine;;réalisée;https://www.umoatitres.org/fr/emission/emission-et-rachat-de-bons-et-dobligations-de-la-guinee-bissau-du-03-02-2026/
Sénégal;ES (Titre 1);BAT;;2026-02-06;2026-02-09;2026-08-09;6;;130000;109947.0000;76999.0000;SN0000004631;multiple;;6.2500;;6.1907;6.3900;In Fine;;réalisée;https://www.umoatitres.org/fr/emission/emission-de-bons-et-dobligations-du-tresor-du-06-02-2026/
Sénégal;ES (Titre 2);BAT;;2026-02-06;2026-02-09;2027-02-07;12;;130000;75563.0000;30256.0000;SN0000004599;multiple;;7.0000;;6.8929;7.4100;In Fine;;réalisée;https://www.umoatitres.org/fr/emission/emission-de-bons-et-dobligations-du-tresor-du-06-02-2026/
Sénégal;ES (Titre 3);OAT;;2026-02-06;2026-02-09;2029-02-09;36;;130000;23000.6700;4365.8400;SN0000004607;6.3000;9580.0000;;9604.2300;;7.8300;In Fine;;réalisée;https://www.umoatitres.org/fr/emission/emission-de-bons-et-dobligations-du-tresor-du-06-02-2026/
Sénégal;ES (Titre 4);OAT;;2026-02-06;2026-02-09;2031-02-09;60;;130000;16546.5300;16546.5300;SN0000004615;6.4500;9400.0000;;9488.3900;;7.7200;In Fine;;réalisée;https://www.umoatitres.org/fr/emission/emission-de-bons-et-dobligations-du-tresor-du-06-02-2026/
Sénégal;ES (Titre 5);OAT;;2026-02-06;2026-02-09;2033-02-09;84;;130000;14832.6300;14832.6300;SN0000004623;6.6000;9396.1100;;9404.8800;;7.7300;In Fine;;réalisée;https://www.umoatitres.org/fr/emission/emission-de-bons-et-dobligations-du-tresor-du-06-02-2026/
Niger;ES (Titre 1);OAT;Echange;2026-01-30;2026-02-02;2027-02-25;12;;48810;1000.0000;1000.0000;NE0000001427;5.9000;9603.2700;;9603.2700;;10.0000;In Fine;;réalisée;https://www.umoatitres.org/fr/emission/rachat-et-emission-de-bons-et-dobligations-du-tresor-du-niger-du-30-01-2026/
Niger;ES (Titre 2);OAT;Echange;2026-01-30;2026-02-02;2029-02-02;36;;48810;47810.1700;47810.1700;NE0000002631;6.3000;9000.0000;;9000.0000;;10.3500;In Fine;;réalisée;https://www.umoatitres.org/fr/emission/rachat-et-emission-de-bons-et-dobligations-du-tresor-du-niger-du-30-01-2026/
Côte d'Ivoire;ES (Titre 1);OAT;Echange;2026-01-29;2026-01-30;2029-01-21;36;;167673;76973.0900;76973.0900;CI0000009684;5.3500;9633.2400;;9667.7600;;6.6200;In Fine;;réalisée;https://www.umoatitres.org/fr/emission/rachat-et-emission-de-bons-et-dobligations-du-tresor-du-29-01-2026/
Côte d'Ivoire;ES (Titre 2);OAT;Echange;2026-01-29;2026-01-30;2031-01-28;60;;167673;90730.3800;90730.3800;CI0000009726;5.6000;9309.0600;;9309.0600;;7.3000;In Fine;;réalisée;https://www.umoatitres.org/fr/emission/rachat-et-emission-de-bons-et-dobligations-du-tresor-du-29-01-2026/
Niger;ES (Titre 1);OAT;Echange;2026-01-29;2026-01-29;2027-02-25;11;;21353;3661.5200;3661.5200;NE0000001427;5.9000;9566.4400;;9566.4400;;10.3500;In Fine;;réalisée;https://www.umoatitres.org/fr/emission/rachat-et-emission-de-bons-et-dobligations-du-tresor-du-niger-du-29-01-2026/
Niger;ES (Titre 2);OAT;Echange;2026-01-29;2026-01-29;2028-10-31;36;;21353;17691.1400;17691.1400;NE0000002615;6.3000;8870.0000;;8870.0000;;11.2700;In Fine;;réalisée;https://www.umoatitres.org/fr/emission/rachat-et-emission-de-bons-et-dobligations-du-tresor-du-niger-du-29-01-2026/
Niger;ES (Titre 1);OAT;;2026-01-30;2026-01-30;2029-04-29;36;;48000;24383.3200;24383.3200;NE0000001971;6.5000;10000.0000;;10000.0000;;6.4900;In Fine;;réalisée;https://www.umoatitres.org/fr/emission/emission-simultanee-du-tresor-du-niger-du-30-01-2026/
Niger;ES (Titre 2);OAT;;2026-01-30;2026-01-30;2029-05-10;36;;48000;24000.0000;24000.0000;NE0000002003;6.5000;10000.0000;;10000.0000;;6.4900;In Fine;;réalisée;https://www.umoatitres.org/fr/emission/emission-simultanee-du-tresor-du-niger-du-30-01-2026/
Guinée Bissau;ES (Titre 1);BAT;;2026-02-02;2026-02-03;2027-02-01;12;;15000;12422.0000;11867.0000;GW0000001531;multiple;;7.3500;;6.9105;7.4300;In Fine;;réalisée;https://www.umoatitres.org/fr/emission/emission-simultanee-du-tresor-de-la-guinee-bissau-du-02-02-2026/
Guinée Bissau;ES (Titre 2);OAT;;2026-02-02;2026-02-03;2029-02-03;36;;15000;25233.3000;4633.0000;GW0000001549;6.2500;9090.0100;;9120.2600;;9.7700;In Fine;;réalisée;https://www.umoatitres.org/fr/emission/emission-simultanee-du-tresor-de-la-guinee-bissau-du-02-02-2026/
Côte d'Ivoire;ES (Titre 1);OAT;;2026-02-03;2026-02-04;2029-02-04;36;;200000;69800.7100;889.6300;CI0000009791;5.3500;9765.7700;;9765.7700;;6.2300;In Fine;;réalisée;https://www.umoatitres.org/fr/emission/emission-simultanee-du-tresor-de-le-cote-divoire-du-03-02-2026/
Côte d'Ivoire;ES (Titre 2);OAT;;2026-02-03;2026-02-04;2031-02-04;60;;200000;191025.3700;191025.3700;CI0000009825;5.6000;9300.0000;;9314.6100;;7.2800;In Fine;;réalisée;https://www.umoatitres.org/fr/emission/emission-simultanee-du-tresor-de-le-cote-divoire-du-03-02-2026/
Côte d'Ivoire;ES (Titre 3);OAT;;2026-02-03;2026-02-04;2033-02-04;84;;200000;28085.0000;28085.0000;CI0000009833;5.8500;9220.0000;;9731.9900;;6.3400;In Fine;;réalisée;https://www.umoatitres.org/fr/emission/emission-simultanee-du-tresor-de-le-cote-divoire-du-03-02-2026/
Mali;ES (Titre 1);BAT;;2026-02-04;2026-02-05;2027-02-03;12;;50000;46630.0000;35330.0000;ML0000004134;multiple;;6.7500;;6.6548;7.1300;In Fine;;réalisée;https://www.umoatitres.org/fr/emission/emission-simultanee-du-tresor-du-mali-du-04-02-2026/
Mali;ES (Titre 2);OAT;;2026-02-04;2026-02-05;2029-02-05;36;;50000;11761.7900;10760.2900;ML0000004142;6.0000;9320.0000;;9364.3500;;8.4900;In Fine;;réalisée;https://www.umoatitres.org/fr/emission/emission-simultanee-du-tresor-du-mali-du-04-02-2026/
Mali;ES (Titre 3);OAT;;2026-02-04;2026-02-05;2031-01-08;60;;50000;4035.0000;4000.0000;ML0000004100;6.2000;9401.0000;;9401.0000;;7.7000;In Fine;;réalisée;https://www.umoatitres.org/fr/emission/emission-simultanee-du-tresor-du-mali-du-04-02-2026/
Sénégal;ES (Titre 1);BAT;;2026-01-30;2026-02-02;2027-01-31;12;;120000;113317.0000;113317.0000;SN0000004557;multiple;;7.2500;;6.6741;7.1600;In Fine;;réalisée;https://www.umoatitres.org/fr/emission/emission-simultanee-du-tresor-du-senegal-du-30-01-2026/
Sénégal;ES (Titre 2);OAT;;2026-01-30;2026-02-02;2029-02-02;36;;120000;20526.0300;8162.0000;SN0000004565;6.3000;9510.0000;;9605.9000;;7.8200;In Fine;;réalisée;https://www.umoatitres.org/fr/emission/emission-simultanee-du-tresor-du-senegal-du-30-01-2026/
Sénégal;ES (Titre 3);OAT;;2026-01-30;2026-02-02;2031-02-02;60;;120000;4248.1400;4248.1400;SN0000004573;6.4500;9460.0000;;9476.1400;;7.7500;In Fine;;réalisée;https://www.umoatitres.org/fr/emission/emission-simultanee-du-tresor-du-senegal-du-30-01-2026/
Mali;ES (Titre 1);BAT;Echange;2026-01-23;2026-01-23;2027-01-20;12;;14961;7730.0000;7730.0000;ML0000004118;multiple;;6.7367;;6.7343;7.2200;In Fine;;réalisée;https://www.umoatitres.org/fr/emission/rachat-et-emission-de-bons-et-dobligations-du-tresor-du-mali/
Mali;ES (Titre 2);OAT;Echange;2026-01-23;2026-01-23;2029-01-22;36;;14961;7230.7400;7230.7400;ML0000004126;6.0000;9344.9000;;9344.9000;;8.5700;In Fine;;réalisée;https://www.umoatitres.org/fr/emission/rachat-et-emission-de-bons-et-dobligations-du-tresor-du-mali/
Côte d'Ivoire;ES (Titre 1);OAT;;2026-01-27;2026-01-28;2029-01-28;36;;150000;83213.0000;83213.0000;CI0000009718;5.3500;9550.0000;;9743.0900;;6.3200;In Fine;;réalisée;https://www.umoatitres.org/fr/emission/emission-simultanee-du-tresor-de-le-cote-divoire-du-27-01-2026/
Côte d'Ivoire;ES (Titre 3);OAT;;2026-01-27;2026-01-28;2033-01-28;84;;150000;11700.0000;11700.0000;CI0000009734;5.8500;9200.0000;;9748.5000;;6.3100;In Fine;;réalisée;https://www.umoatitres.org/fr/emission/emission-simultanee-du-tresor-de-le-cote-divoire-du-27-01-2026/
Burkina Faso;ES (Titre 1);BAT;;2026-01-28;2026-01-29;2027-01-27;12;;45000;65629.0000;33806.0000;BF0000004424;multiple;;6.8700;;6.7734;7.2700;In Fine;;réalisée;https://www.umoatitres.org/fr/emission/emission-simultanee-du-tresor-du-burkina-du-28-01-2026/
Burkina Faso;ES (Titre 2);OAT;;2026-01-28;2026-01-29;2029-01-29;36;;45000;12701.9100;10176.9100;BF0000004432;6.0000;9500.0000;;9585.7300;;7.6000;In Fine;;réalisée;https://www.umoatitres.org/fr/emission/emission-simultanee-du-tresor-du-burkina-du-28-01-2026/
Burkina Faso;ES (Titre 3);OAT;;2026-01-28;2026-01-29;2031-01-29;60;;45000;511.5000;511.5000;BF0000004440;6.2000;9500.0000;;9502.2500;;7.4300;In Fine;;réalisée;https://www.umoatitres.org/fr/emission/emission-simultanee-du-tresor-du-burkina-du-28-01-2026/
Burkina Faso;ES (Titre 4);OAT;;2026-01-28;2026-01-29;2033-01-29;84;;45000;5004.6500;5004.6500;BF0000004457;6.4000;9401.0000;;9410.8900;;7.5100;Linéaire;;réalisée;https://www.umoatitres.org/fr/emission/emission-simultanee-du-tresor-du-burkina-du-28-01-2026/
Guinée Bissau;ES (Titre 1);BAT;;2026-01-23;2026-01-26;2027-01-12;12;;10000;16175.0000;1665.0000;GW0000001515;multiple;;7.0000;;6.9964;7.5100;In Fine;;réalisée;https://www.umoatitres.org/fr/emission/emission-simultanee-du-tresor-de-la-guinee-bissau-du-23-01-2026/
Guinée Bissau;ES (Titre 2);OAT;;2026-01-23;2026-01-26;2029-01-14;36;;10000;13181.2100;8335.2100;GW0000001523;6.2500;9055.0000;;9075.1300;;10.0000;In Fine;;réalisée;https://www.umoatitres.org/fr/emission/emission-simultanee-du-tresor-de-la-guinee-bissau-du-23-01-2026/
Sénégal;ES (Titre 1);BAT;Echange;2026-01-16;2026-01-19;2026-12-13;11;;86187;50797.0000;50797.0000;SN0000004391;multiple;;6.8000;;6.8000;7.2500;In Fine;;réalisée;https://www.umoatitres.org/fr/emission/rachat-et-emission-de-bons-et-dobligations-du-tresor-du-senegal-du-16-01-2026/
Sénégal;ES (Titre 2);BAT;Echange;2026-01-16;2026-01-19;2027-01-17;12;;86187;15000.0000;15000.0000;SN0000004524;multiple;;6.9200;;6.8880;7.4000;In Fine;;réalisée;https://www.umoatitres.org/fr/emission/rachat-et-emission-de-bons-et-dobligations-du-tresor-du-senegal-du-16-01-2026/
Sénégal;ES (Titre 3);OAT;Echange;2026-01-16;2026-01-19;2028-12-22;36;;86187;12620.3500;12620.3500;SN0000004474;6.3000;9631.5700;;9631.5700;;7.7500;In Fine;;réalisée;https://www.umoatitres.org/fr/emission/rachat-et-emission-de-bons-et-dobligations-du-tresor-du-senegal-du-16-01-2026/
Sénégal;ES (Titre 4);OAT;Echange;2026-01-16;2026-01-19;2030-12-15;60;;86187;8566.1800;8566.1800;SN0000004417;6.4500;9445.6000;;9445.6000;;7.8500;In Fine;;réalisée;https://www.umoatitres.org/fr/emission/rachat-et-emission-de-bons-et-dobligations-du-tresor-du-senegal-du-16-01-2026/
Niger;ES (Titre 1);OAT;Echange;2026-01-15;2026-01-16;2029-03-25;36;;24000;18019.2100;18019.2100;NE0000001450;6.1500;9110.2200;;9110.2200;;9.5000;In Fine;;réalisée;https://www.umoatitres.org/fr/emission/rachat-et-emission-de-bons-et-dobligations-du-tresor-du-niger-du-15-01-2026/
Niger;ES (Titre 2);OAT;Echange;2026-01-15;2026-01-16;2027-09-06;24;;24000;2354.9700;2354.9700;NE0000002094;6.3000;9280.4000;;9443.5900;;10.1100;In Fine;;réalisée;https://www.umoatitres.org/fr/emission/rachat-et-emission-de-bons-et-dobligations-du-tresor-du-niger-du-15-01-2026/
Niger;ES (Titre 3);OAT;Echange;2026-01-15;2026-01-16;2028-10-31;36;;24000;3625.3800;3625.3800;NE0000002615;6.3000;8758.4100;;8758.4100;;11.7500;In Fine;;réalisée;https://www.umoatitres.org/fr/emission/rachat-et-emission-de-bons-et-dobligations-du-tresor-du-niger-du-15-01-2026/
Côte d'Ivoire;ES (Titre 2);OAT;;2026-01-20;2026-01-21;2029-01-21;36;;200000;64000.0000;19750.0000;CI0000009684;5.3500;9750.0000;;9762.6600;;6.2400;In Fine;;réalisée;https://www.umoatitres.org/fr/emission/emission-simultanee-du-tresor-de-le-cote-divoire-du-20-01-2026/
Côte d'Ivoire;ES (Titre 3);OAT;;2026-01-20;2026-01-21;2031-01-21;60;;200000;163000.0000;163000.0000;CI0000009692;5.6000;9300.0000;;9306.6000;;7.3000;In Fine;;réalisée;https://www.umoatitres.org/fr/emission/emission-simultanee-du-tresor-de-le-cote-divoire-du-20-01-2026/
Côte d'Ivoire;ES (Titre 4);OAT;;2026-01-20;2026-01-21;2033-01-21;84;;200000;37250.0000;37250.0000;CI0000009700;5.8500;9200.0000;;9210.4000;;7.3300;In Fine;;réalisée;https://www.umoatitres.org/fr/emission/emission-simultanee-du-tresor-de-le-cote-divoire-du-20-01-2026/
Côte d'Ivoire;ES (Titre 1);OAT;Echange;2026-01-15;2026-01-16;2027-04-27;12;;236304;8301.5400;8301.5400;CI0000005237;5.2000;9818.7100;;9818.7100;;6.7000;In Fine;;réalisée;https://www.umoatitres.org/fr/emission/rachat-et-emission-de-bons-et-dobligations-du-tresor-de-la-cote-divoire-du-15-01-2026/
Côte d'Ivoire;ES (Titre 2);OAT;Echange;2026-01-15;2026-01-16;2027-07-31;24;;236304;33552.1700;33552.1700;CI0000007803;5.7000;9825.7600;;9825.7600;;6.9000;In Fine;;réalisée;https://www.umoatitres.org/fr/emission/rachat-et-emission-de-bons-et-dobligations-du-tresor-de-la-cote-divoire-du-15-01-2026/
Côte d'Ivoire;ES (Titre 3);OAT;Echange;2026-01-15;2026-01-16;2028-01-29;24;;236304;32857.0200;32857.0200;CI0000008769;5.7000;9724.3800;;9755.8600;;7.0300;In Fine;;réalisée;https://www.umoatitres.org/fr/emission/rachat-et-emission-de-bons-et-dobligations-du-tresor-de-la-cote-divoire-du-15-01-2026/
Côte d'Ivoire;ES (Titre 4);OAT;Echange;2026-01-15;2026-01-16;2030-10-29;60;;236304;43027.1500;43027.1500;CI0000009601;5.6000;9330.3700;;9330.3700;;7.3000;In Fine;;réalisée;https://www.umoatitres.org/fr/emission/rachat-et-emission-de-bons-et-dobligations-du-tresor-de-la-cote-divoire-du-15-01-2026/
Côte d'Ivoire;ES (Titre 5);BAT;Echange;2026-01-15;2026-01-16;2027-01-05;12;;236304;31024.0000;31024.0000;CI0000009668;multiple;;6.1200;;6.1200;6.5100;In Fine;;réalisée;https://www.umoatitres.org/fr/emission/rachat-et-emission-de-bons-et-dobligations-du-tresor-de-la-cote-divoire-du-15-01-2026/
Côte d'Ivoire;ES (Titre 6);OAT;Echange;2026-01-15;2026-01-16;2029-01-16;36;;236304;87542.1700;87542.1700;CI0000009676;5.3500;9564.4400;;9595.6000;;6.8900;In Fine;;réalisée;https://www.umoatitres.org/fr/emission/rachat-et-emission-de-bons-et-dobligations-du-tresor-de-la-cote-divoire-du-15-01-2026/
Mali;ES (Titre 1);BAT;;2026-01-21;2026-01-22;2027-01-20;12;;50000;49782.0000;43000.0000;ML0000004118;multiple;;6.7600;;6.7367;7.2300;In Fine;;réalisée;https://www.umoatitres.org/fr/emission/emission-simultanee-du-tresor-du-mali-du-21-01-2026-2/
Mali;ES (Titre 2);OAT;;2026-01-21;2026-01-22;2029-01-22;36;;50000;9739.8200;5000.0000;ML0000004126;6.0000;9325.0000;;9345.0000;;8.5700;In Fine;;réalisée;https://www.umoatitres.org/fr/emission/emission-simultanee-du-tresor-du-mali-du-21-01-2026-2/
Mali;ES (Titre 3);OAT;;2026-01-21;2026-01-22;2031-01-08;60;;50000;7000.0000;7000.0000;ML0000004100;6.2000;9350.0000;;9350.7100;;7.8300;In Fine;;réalisée;https://www.umoatitres.org/fr/emission/emission-simultanee-du-tresor-du-mali-du-21-01-2026-2/
Sénégal;ES (Titre 1);BAT;;2026-01-16;2026-01-19;2027-01-17;12;;140000;87140.0000;71456.0000;SN0000004524;multiple;;6.9200;;6.5067;6.9600;In Fine;;réalisée;https://www.umoatitres.org/fr/emission/emission-simultanee-du-tresor-du-senegal-du-16-01-2026/
Sénégal;ES (Titre 2);OAT;;2026-01-16;2026-01-19;2029-01-19;36;;140000;65894.5200;65894.0000;SN0000004532;6.3000;9405.0000;;9743.4300;;7.2800;In Fine;;réalisée;https://www.umoatitres.org/fr/emission/emission-simultanee-du-tresor-du-senegal-du-16-01-2026/
Sénégal;ES (Titre 3);OAT;;2026-01-16;2026-01-19;2031-01-19;60;;140000;16650.0000;16650.0000;SN0000004540;6.4500;9405.0000;;9500.6200;;7.6900;In Fine;;réalisée;https://www.umoatitres.org/fr/emission/emission-simultanee-du-tresor-du-senegal-du-16-01-2026/
Bénin;ES (Titre 1);BAT;;2026-01-22;2026-01-23;2026-07-23;6;;60000;97462.0000;16898.0000;BJ0000002580;multiple;;5.2500;;5.1768;5.3200;In Fine;;réalisée;https://www.umoatitres.org/fr/emission/emission-simultanee-du-tresor-du-benin-du-22-01-2026/
Bénin;ES (Titre 2);OAT;;2026-01-22;2026-01-23;2029-01-09;36;;60000;66462.4000;44062.4000;BJ0000002549;5.7000;9755.2500;;9807.9500;;6.4300;In Fine;;réalisée;https://www.umoatitres.org/fr/emission/emission-simultanee-du-tresor-du-benin-du-22-01-2026/
Bénin;ES (Titre 3);OAT;;2026-01-22;2026-01-23;2031-01-09;60;;60000;2315.0000;2315.0000;BJ0000002556;5.9000;9670.0000;;9680.1300;;6.6800;In Fine;;réalisée;https://www.umoatitres.org/fr/emission/emission-simultanee-du-tresor-du-benin-du-22-01-2026/
Bénin;ES (Titre 4);OAT;;2026-01-22;2026-01-23;2033-01-09;84;;60000;9000.5100;2724.2000;BJ0000002564;6.0000;9475.0000;;9498.1600;;6.9300;In Fine;;réalisée;https://www.umoatitres.org/fr/emission/emission-simultanee-du-tresor-du-benin-du-22-01-2026/
Guinée Bissau;ES (Titre 1);BAT;;2026-01-13;2025-01-14;2026-04-14;3;;15000;8201.0000;2730.0000;GW0000001507;multiple;;5.1000;;5.1000;5.1700;In Fine;;réalisée;https://www.umoatitres.org/fr/emission/emission-simultanee-du-tresor-de-la-guinee-bissau-du-13-01-2026/
Guinée Bissau;ES (Titre 2);BAT;;2026-01-13;2025-01-14;2027-01-12;12;;15000;13100.0000;6786.0000;GW0000001515;multiple;;7.4900;;7.3669;7.9600;In Fine;;réalisée;https://www.umoatitres.org/fr/emission/emission-simultanee-du-tresor-de-la-guinee-bissau-du-13-01-2026/
Guinée Bissau;ES (Titre 3);OAT;;2026-01-13;2025-01-14;2029-01-14;36;;15000;5484.1300;5484.1300;GW0000001523;6.2500;9000.0000;;9037.6100;;10.1300;In Fine;;réalisée;https://www.umoatitres.org/fr/emission/emission-simultanee-du-tresor-de-la-guinee-bissau-du-13-01-2026/
Burkina Faso;ES (Titre 1);BAT;;2026-01-14;2026-01-15;2027-01-13;12;;35000;42743.0000;26336.0000;BF0000004382;multiple;;6.9800;;6.8729;7.3900;In Fine;;réalisée;https://www.umoatitres.org/fr/emission/emission-simultanee-du-tresor-du-burkina-du-14-01-2026/
Burkina Faso;ES (Titre 2);OAT;;2026-01-14;2026-01-15;2029-01-15;36;;35000;8323.5100;5322.1000;BF0000004390;6.0000;9500.0000;;9665.9900;;7.2800;In Fine;;réalisée;https://www.umoatitres.org/fr/emission/emission-simultanee-du-tresor-du-burkina-du-14-01-2026/
Burkina Faso;ES (Titre 4);OAT;;2026-01-14;2026-01-15;2033-01-15;74;;35000;6846.0000;6841.0000;BF0000004416;6.4000;9500.0000;;9548.0900;;7.2500;In Fine;;réalisée;https://www.umoatitres.org/fr/emission/emission-simultanee-du-tresor-du-burkina-du-14-01-2026/
Mali;ES (Titre 1);BAT;;2026-01-07;2026-01-08;2026-07-08;6;;40000;9541.0000;2730.0000;ML0000004076;multiple;;5.9000;;5.9000;6.0800;In Fine;;réalisée;https://www.umoatitres.org/fr/emission/emission-simultanee-du-tresor-du-mali-du-07-01-2026/
Mali;ES (Titre 2);BAT;;2026-01-07;2026-01-08;2027-01-06;12;;40000;46856.0000;18833.0000;ML0000004084;multiple;;6.8000;;6.7485;7.2400;In Fine;;réalisée;https://www.umoatitres.org/fr/emission/emission-simultanee-du-tresor-du-mali-du-07-01-2026/
Mali;ES (Titre 3);OAT;;2026-01-07;2026-01-08;2029-01-08;36;;40000;22437.2500;22437.0000;ML0000004092;6.0000;9200.0000;;9380.4400;;8.4200;In Fine;;réalisée;https://www.umoatitres.org/fr/emission/emission-simultanee-du-tresor-du-mali-du-07-01-2026/
Côte d'Ivoire;ES (Titre 1);BAT;;2026-01-06;2026-01-07;2027-01-05;12;;310000;127240.0000;4500.0000;CI0000009668;multiple;;6.1500;;6.1233;6.5300;In Fine;;réalisée;https://www.umoatitres.org/fr/emission/emission-simultanee-du-tresor-de-la-cote-divoire-du-06-01-2026/
Côte d'Ivoire;ES (Titre 2);OAT;;2026-01-06;2026-01-07;2028-10-29;36;;310000;171944.1500;158944.1500;CI0000009593;5.3500;9634.7800;;9634.7800;;6.8100;In Fine;;réalisée;https://www.umoatitres.org/fr/emission/emission-simultanee-du-tresor-de-la-cote-divoire-du-06-01-2026/
Côte d'Ivoire;ES (Titre 3);OAT;;2026-01-06;2026-01-07;2028-10-25;36;;310000;216619.2500;157321.2500;CI0000006946;5.7000;9722.2700;;9722.2700;;6.8100;In Fine;;réalisée;https://www.umoatitres.org/fr/emission/emission-simultanee-du-tresor-de-la-cote-divoire-du-06-01-2026/
Bénin;ES (Titre 1);BAT;;2026-01-08;2026-01-09;2026-04-09;3;;60000;30069.0000;22369.0000;BJ0000002531;multiple;;5.1000;;4.9469;5.0100;In Fine;;réalisée;https://www.umoatitres.org/fr/emission/emission-simultanee-du-tresor-du-benin-du-08-01-2026/
Bénin;ES (Titre 2);OAT;;2026-01-08;2026-01-09;2029-01-09;36;;60000;32725.1000;22181.0000;BJ0000002549;5.7000;9750.0000;;9830.4500;;6.3400;In Fine;;réalisée;https://www.umoatitres.org/fr/emission/emission-simultanee-du-tresor-du-benin-du-08-01-2026/
Bénin;ES (Titre 3);OAT;;2026-01-08;2026-01-09;2031-01-09;60;;60000;8150.0000;8150.0000;BJ0000002556;5.9000;9655.0000;;9801.3800;;6.3800;In Fine;;réalisée;https://www.umoatitres.org/fr/emission/emission-simultanee-du-tresor-du-benin-du-08-01-2026/
Bénin;ES (Titre 4);OAT;;2026-01-08;2026-01-09;2033-01-09;84;;60000;7300.0000;7300.0000;BJ0000002564;6.0000;9400.0000;;9527.0200;;6.8700;In Fine;;réalisée;https://www.umoatitres.org/fr/emission/emission-simultanee-du-tresor-du-benin-du-08-01-2026/
Niger;ES (Titre 1);OAT;;2025-12-29;2025-12-30;2027-09-06;24;;64076;12377.8900;12377.8900;NE0000002094;6.3000;9165.6700;;9341.3900;;10.7300;In Fine;;réalisée;https://www.umoatitres.org/fr/emission/emission-simultanee-du-tresor-du-niger-du-29-12-2025/
Niger;ES (Titre 2);OAT;;2025-12-29;2025-12-30;2027-11-29;24;;64076;6426.7900;6426.7900;NE0000002243;6.3000;9208.0000;;9209.1600;;11.0900;In Fine;;réalisée;https://www.umoatitres.org/fr/emission/emission-simultanee-du-tresor-du-niger-du-29-12-2025/
Niger;ES (Titre 3);OAT;;2025-12-29;2025-12-30;2028-02-21;24;;64076;7093.9200;7093.9200;NE0000002367;6.3000;9138.8300;;9138.8300;;11.0000;In Fine;;réalisée;https://www.umoatitres.org/fr/emission/emission-simultanee-du-tresor-du-niger-du-29-12-2025/
Niger;ES (Titre 4);OAT;;2025-12-29;2025-12-30;2028-10-31;36;;64076;8664.0600;8664.0600;NE0000002615;6.3000;8752.3500;;8752.3500;;11.7000;In Fine;;réalisée;https://www.umoatitres.org/fr/emission/emission-simultanee-du-tresor-du-niger-du-29-12-2025/
Niger;ES (Titre 5);OAT;;2025-12-29;2025-12-30;2029-04-29;36;;64076;6074.3400;6074.3400;NE0000001971;6.5000;8263.4000;;8685.4000;;11.4400;In Fine;;réalisée;https://www.umoatitres.org/fr/emission/emission-simultanee-du-tresor-du-niger-du-29-12-2025/
Niger;ES (Titre 6);OAT;;2025-12-29;2025-12-30;2029-05-10;48;;64076;6171.9900;6171.9900;NE0000002003;6.5000;8907.0600;;8907.0600;;10.5000;In Fine;;réalisée;https://www.umoatitres.org/fr/emission/emission-simultanee-du-tresor-du-niger-du-29-12-2025/
Niger;ES (Titre 7);OAT;;2025-12-29;2025-12-30;2030-04-11;48;;64076;7596.3400;7596.3400;NE0000002458;6.5000;8790.6200;;8790.6200;;10.1000;In Fine;;réalisée;https://www.umoatitres.org/fr/emission/emission-simultanee-du-tresor-du-niger-du-29-12-2025/
Niger;ES (Titre 8);OAT;;2025-12-29;2025-12-30;2030-10-31;60;;64076;9670.5900;9670.5900;NE0000002623;6.5000;8374.2500;;8695.3100;;9.8100;In Fine;;réalisée;https://www.umoatitres.org/fr/emission/emission-simultanee-du-tresor-du-niger-du-29-12-2025/
Guinée Bissau;;BAT;;2025-12-29;2025-12-30;2026-12-14;12;;5000;5052.0000;5052.0000;GW0000001481;multiple;;7.5000;;7.4950;8.0800;In Fine;;réalisée;https://www.umoatitres.org/fr/emission/emission-simultanee-du-tresor-de-la-guinee-bissau-du-29-12-2025/
Sénégal;ES (Titre 1);BAT;;2025-12-24;2025-12-26;2026-12-20;12;;55000;47570.0000;47570.0000;SN0000004425;multiple;;7.0000;;6.8442;7.3500;In Fine;;réalisée;https://www.umoatitres.org/fr/emission/emission-simultanee-du-tresor-du-senegal-du-24-12-2025/
Sénégal;ES (Titre 2);OAT;;2025-12-24;2025-12-26;2028-12-22;36;;55000;17797.5500;12427.0000;SN0000004474;6.3000;9440.0000;;9591.7500;;7.8900;In Fine;;réalisée;https://www.umoatitres.org/fr/emission/emission-simultanee-du-tresor-du-senegal-du-24-12-2025/
Mali;ES (Titre 1);BAT;;2025-12-24;2025-12-26;2026-12-24;12;;30000;32696.0000;13324.0000;ML0000004050;multiple;;6.9000;;6.8325;7.3400;In Fine;;réalisée;https://www.umoatitres.org/fr/emission/emission-simultanee-du-tresor-du-mali-du-24-12-2025-2/
Mali;ES (Titre 2);OAT;;2025-12-24;2025-12-26;2028-12-26;36;;30000;15675.6000;15675.6000;ML0000004068;6.1500;9200.0000;;9251.8500;;9.1100;In Fine;;réalisée;https://www.umoatitres.org/fr/emission/emission-simultanee-du-tresor-du-mali-du-24-12-2025-2/
Mali;ES (Titre 3);OAT;;2025-12-24;2025-12-26;2030-12-11;60;;30000;4000.0000;4000.0000;ML0000004043;6.3500;9350.0000;;9387.5000;;7.8900;In Fine;;réalisée;https://www.umoatitres.org/fr/emission/emission-simultanee-du-tresor-du-mali-du-24-12-2025-2/
Niger;ES (Titre 1);OAT;;2025-12-11;2025-12-12;2029-04-29;36;;85297;7325.5000;7325.5000;NE0000001971;6.5000;8776.6000;;8776.6000;;11.0000;In Fine;;réalisée;https://www.umoatitres.org/fr/emission/emission-simultanee-du-tresor-du-niger-du-11-12-2025/
Niger;ES (Titre 2);OAT;;2025-12-11;2025-12-12;2027-09-06;24;;85297;28837.2000;28837.2000;NE0000002094;6.3000;9215.4800;;9681.6300;;8.3200;In Fine;;réalisée;https://www.umoatitres.org/fr/emission/emission-simultanee-du-tresor-du-niger-du-11-12-2025/
Niger;ES (Titre 3);OAT;;2025-12-11;2025-12-12;2027-11-29;36;;85297;17255.3400;17255.3400;NE0000002243;6.3000;9443.1400;;9443.1400;;8.5000;In Fine;;réalisée;https://www.umoatitres.org/fr/emission/emission-simultanee-du-tresor-du-niger-du-11-12-2025/
Niger;ES (Titre 4);OAT;;2025-12-11;2025-12-12;2028-02-21;24;;85297;19319.6300;19319.6300;NE0000002367;6.3000;9300.0000;;9568.0900;;8.5200;In Fine;;réalisée;https://www.umoatitres.org/fr/emission/emission-simultanee-du-tresor-du-niger-du-11-12-2025/
Niger;ES (Titre 5);OAT;;2025-12-11;2025-12-12;2028-10-31;36;;85297;12559.1600;12559.1600;NE0000002615;6.3000;9107.5000;;9107.5000;;10.0000;In Fine;;réalisée;https://www.umoatitres.org/fr/emission/emission-simultanee-du-tresor-du-niger-du-11-12-2025/
Bénin;ES (Titre 1);OAT;;2025-12-16;2025-12-17;2030-03-21;48;;100000;113282.0000;100000.0000;BJ0000002416;5.9000;9800.0000;;9800.0000;;6.4400;In Fine;;réalisée;https://www.umoatitres.org/fr/emission/emission-simultanee-du-tresor-du-benin-du-16-12-2025/
Guinée Bissau;ES (Titre 1);BAT;;2025-12-15;2025-12-16;2026-12-14;12;;7500;1523.0000;1518.0000;GW0000001481;multiple;;7.7500;;7.4504;8.0600;In Fine;;réalisée;https://www.umoatitres.org/fr/emission/emission-simultanee-du-tresor-de-la-guinee-bissau-du-15-12-2025/
Guinée Bissau;ES (Titre 2);OAT;;2025-12-15;2025-12-16;2028-12-16;36;;7500;2538.1400;1538.1400;GW0000001499;6.2500;9000.0000;;9003.9300;;10.2700;In Fine;;réalisée;https://www.umoatitres.org/fr/emission/emission-simultanee-du-tresor-de-la-guinee-bissau-du-15-12-2025/
Sénégal;ES (Titre 2);BAT;;2025-12-09;2025-12-10;2026-12-08;12;;35000;17822.0000;17822.0000;SN0000004375;multiple;;6.8300;;6.8035;7.3100;In Fine;;réalisée;https://www.umoatitres.org/fr/emission/emission-simultanee-du-tresor-du-senegal-du-09-12-2025/
Sénégal;ES (Titre 3);OAT;;2025-12-09;2025-12-10;2028-12-10;36;;35000;17906.0000;17906.0000;SN0000004383;6.3000;9400.0000;;9575.9900;;7.9400;In Fine;;réalisée;https://www.umoatitres.org/fr/emission/emission-simultanee-du-tresor-du-senegal-du-09-12-2025/
Togo;ES (Titre 1);BAT;;2025-11-13;2025-11-14;2026-10-25;12;;30000;15365.0000;3000.0000;TG0000003250;multiple;;5.6375;;5.6369;5.9600;In Fine;;réalisée;https://www.umoatitres.org/fr/emission/emission-du-tresor-du-togo-du-13-11-2025/
Togo;ES (Titre 2);OAT;;2025-11-13;2025-11-14;2028-10-27;36;;30000;32143.9200;30000.0000;TG0000003268;6.2500;9560.0000;;9582.5600;;7.8900;In Fine;;réalisée;https://www.umoatitres.org/fr/emission/emission-du-tresor-du-togo-du-13-11-2025/
Sénégal;ES (Titre 1);BAT;Echange;2025-11-07;2025-11-07;2026-11-01;12;;4437;1125.0000;1125.0000;SN0000004219;multiple;;6.7500;;6.5000;7.2400;In Fine;;réalisée;https://www.umoatitres.org/fr/emission/rachat-et-emission-du-tresor-du-senegal-du-07-11-2025/
Sénégal;ES (Titre 2);OAT;Echange;2025-11-07;2025-11-07;2030-11-03;60;;4437;3311.9900;3311.9900;SN0000004235;6.4500;9591.4300;;9591.4300;;7.4600;In Fine;;réalisée;https://www.umoatitres.org/fr/emission/rachat-et-emission-du-tresor-du-senegal-du-07-11-2025/
Côte d'Ivoire;ES (Titre 1);BAT;Echange;2025-11-07;2025-11-10;2025-12-30;1;;47999;47699.0000;47699.0000;CI0000009544;multiple;;4.5000;;4.5000;4.5300;In Fine;;réalisée;https://www.umoatitres.org/fr/emission/rachat-et-emission-du-tresor-de-la-cote-divoire-du-07-11-2025/
Bénin;ES (Titre 1);OAT;;2025-12-26;2025-12-29;2028-12-17;36;;50000;82809.8000;47000.0000;BJ0000002291;5.7000;9900.0000;;9900.2600;;6.2300;In Fine;;réalisée;https://www.umoatitres.org/fr/emission/emission-simultanee-du-tresor-du-benin-du-26-12-2025/
Bénin;ES (Titre 2);OAT;;2025-12-26;2025-12-29;2030-03-21;60;;50000;8000.0000;8000.0000;BJ0000002416;5.9000;9801.0000;;9801.0000;;6.4400;In Fine;;réalisée;https://www.umoatitres.org/fr/emission/emission-simultanee-du-tresor-du-benin-du-26-12-2025/
Sénégal;ES (Titre 1);BAT;;2025-12-19;2025-12-22;2026-12-20;12;;20000;14417.0000;14417.0000;SN0000004425;multiple;;7.0000;;6.8245;7.3300;In Fine;;réalisée;https://www.umoatitres.org/fr/emission/emission-simultanee-du-tresor-du-togo-du-19-12-2025/
Sénégal;ES (Titre 2);OAT;;2025-12-19;2025-12-22;2028-12-22;36;;20000;18432.4500;2000.0000;SN0000004474;6.3000;9625.0000;;9627.5000;;7.7400;In Fine;;réalisée;https://www.umoatitres.org/fr/emission/emission-simultanee-du-tresor-du-togo-du-19-12-2025/
Sénégal;ES (Titre 3);OAT;;2025-12-19;2025-12-22;2030-12-15;60;;20000;5502.5900;5502.5900;SN0000004417;6.4500;9400.0000;;9536.3700;;7.6000;In Fine;;réalisée;https://www.umoatitres.org/fr/emission/emission-simultanee-du-tresor-du-togo-du-19-12-2025/
Burkina Faso;ES (Titre 1);BAT;;2025-12-17;2025-12-18;2026-12-16;12;;50000;22779.0000;12721.0000;BF0000004341;multiple;;7.0000;;6.9082;7.4300;In Fine;;réalisée;https://www.umoatitres.org/fr/emission/emission-simultanee-du-tresor-du-burkina-faso-du-17-12-2025/
Burkina Faso;ES (Titre 2);OAT;;2025-12-17;2025-12-18;2028-12-18;36;;50000;12895.1800;5732.6800;BF0000004358;6.0000;9800.0000;;9840.7500;;6.6000;In Fine;;réalisée;https://www.umoatitres.org/fr/emission/emission-simultanee-du-tresor-du-burkina-faso-du-17-12-2025/
Burkina Faso;ES (Titre 3);OAT;;2025-12-17;2025-12-18;2030-12-18;60;;50000;15223.1800;14623.1800;BF0000004366;6.2000;9700.0000;;9742.6000;;6.8200;In Fine;;réalisée;https://www.umoatitres.org/fr/emission/emission-simultanee-du-tresor-du-burkina-faso-du-17-12-2025/
Burkina Faso;ES (Titre 4);OAT;;2025-12-17;2025-12-18;2032-12-18;84;;50000;24033.6800;21922.5600;BF0000004374;6.4000;9600.0000;;9642.6200;;7.0600;In Fine;;réalisée;https://www.umoatitres.org/fr/emission/emission-simultanee-du-tresor-du-burkina-faso-du-17-12-2025/
Sénégal;ES (Titre 1);BAT;;2025-12-12;2025-12-15;2026-12-13;12;;30000;9037.0000;9037.0000;SN0000004391;multiple;;7.0000;;6.7719;7.2700;In Fine;;réalisée;https://www.umoatitres.org/fr/emission/emission-simultanee-du-tresor-du-senegal-du-12-12-2025/
Sénégal;ES (Titre 2);OAT;;2025-12-12;2025-12-15;2028-12-15;36;;30000;18097.0000;18097.0000;SN0000004409;6.3000;9400.0000;;9445.0600;;8.4700;In Fine;;réalisée;https://www.umoatitres.org/fr/emission/emission-simultanee-du-tresor-du-senegal-du-12-12-2025/
Sénégal;ES (Titre 3);OAT;;2025-12-12;2025-12-15;2030-12-15;60;;30000;3100.0000;3100.0000;SN0000004417;6.4500;9438.8000;;9532.8400;;7.6100;In Fine;;réalisée;https://www.umoatitres.org/fr/emission/emission-simultanee-du-tresor-du-senegal-du-12-12-2025/
Mali;ES (Titre 1);BAT;;2025-12-10;2025-12-11;2026-12-09;12;;30000;32100.0000;22397.0000;ML0000004027;multiple;;7.0900;;7.0459;7.5900;In Fine;;réalisée;https://www.umoatitres.org/fr/emission/emission-simultanee-du-tresor-du-mali-du-10-12-2025/
Mali;ES (Titre 2);OAT;;2025-12-10;2025-12-11;2028-12-11;36;;30000;10602.0200;10602.0200;ML0000004035;6.1500;9200.0000;;9241.5600;;9.1500;In Fine;;réalisée;https://www.umoatitres.org/fr/emission/emission-simultanee-du-tresor-du-mali-du-10-12-2025/
Burkina Faso;ES (Titre 1);BAT;;2025-12-03;2025-12-04;2026-12-02;12;;25000;29974.0000;11703.0000;BF0000004309;multiple;;7.1000;;7.0465;7.5900;In Fine;;réalisée;https://www.umoatitres.org/fr/emission/emission-simultanee-du-tresor-du-burkina-faso-du-03-12-2025/
Burkina Faso;ES (Titre 2);OAT;;2025-12-03;2025-12-04;2028-12-04;36;;25000;7009.2300;3909.2300;BF0000004317;6.0000;9500.0000;;9676.1900;;7.5900;In Fine;;réalisée;https://www.umoatitres.org/fr/emission/emission-simultanee-du-tresor-du-burkina-faso-du-03-12-2025/
Burkina Faso;ES (Titre 3);OAT;;2025-12-03;2025-12-04;2030-12-04;60;;25000;3955.0800;3955.0800;BF0000004325;6.2000;9700.0000;;9700.0000;;6.9300;In Fine;;réalisée;https://www.umoatitres.org/fr/emission/emission-simultanee-du-tresor-du-burkina-faso-du-03-12-2025/
Burkina Faso;ES (Titre 4);OAT;;2025-12-03;2025-12-04;2032-12-04;84;;25000;7932.5800;7932.5800;BF0000004333;6.4000;9300.0000;;9524.3600;;7.2900;In Fine;;réalisée;https://www.umoatitres.org/fr/emission/emission-simultanee-du-tresor-du-burkina-faso-du-03-12-2025/
Côte d'Ivoire;;BAT;;2025-12-02;2025-12-03;2025-12-30;1;;25000;58118.0000;27500.0000;CI0000009650;multiple;;4.9600;;4.4934;4.5100;In Fine;;réalisée;https://www.umoatitres.org/fr/emission/emission-simultanee-du-tresor-de-la-cote-divoire-du-02-12-2025/
Sénégal;ES (Titre 1);BAT;;2025-11-28;2025-12-01;2026-11-29;12;;30000;7957.0000;7950.0000;SN0000004334;multiple;;6.8950;;6.7822;7.2800;In Fine;;réalisée;https://www.umoatitres.org/fr/emission/emission-simultanee-du-tresor-du-senegal-du-28-11-2025/
Sénégal;ES (Titre 2);OAT;;2025-11-28;2025-12-01;2028-12-01;36;;30000;21573.3900;14230.0000;SN0000004342;6.3000;9620.0000;;9680.1000;;7.5300;In Fine;;réalisée;https://www.umoatitres.org/fr/emission/emission-simultanee-du-tresor-du-senegal-du-28-11-2025/
Sénégal;ES (Titre 3);OAT;;2025-11-28;2025-12-01;2030-12-01;60;;30000;11823.9600;10820.0000;SN0000004359;6.4500;9581.0000;;9596.5400;;7.4500;In Fine;;réalisée;https://www.umoatitres.org/fr/emission/emission-simultanee-du-tresor-du-senegal-du-28-11-2025/
Côte d'Ivoire;;BAT;;2025-11-25;2025-11-26;2025-12-23;1;;30000;97043.0000;11043.0000;CI0000009627;multiple;;5.0000;;4.5135;4.5300;In Fine;;réalisée;https://www.umoatitres.org/fr/emission/emission-simultanee-du-tresor-de-la-cote-divoire-du-25-11-2025/
Sénégal;ES (Titre 1);BAT;;2025-11-14;2025-11-17;2026-11-15;12;;90000;25938.0000;24713.0000;SN0000004300;multiple;;6.9000;;6.8160;7.3200;In Fine;;réalisée;https://www.umoatitres.org/fr/emission/emission-simultanee-du-tresor-du-senegal-du-14-11-2025/
Sénégal;ES (Titre 2);OAT;;2025-11-14;2025-11-17;2028-11-17;36;;90000;72844.0500;72844.0500;SN0000004318;6.3000;9580.0000;;9844.1400;;6.8900;In Fine;;réalisée;https://www.umoatitres.org/fr/emission/emission-simultanee-du-tresor-du-senegal-du-14-11-2025/
Sénégal;ES (Titre 3);OAT;;2025-11-14;2025-11-17;2030-11-17;60;;90000;1433.6500;1433.6500;SN0000004326;6.4500;9600.0000;;9601.6800;;7.4300;In Fine;;réalisée;https://www.umoatitres.org/fr/emission/emission-simultanee-du-tresor-du-senegal-du-14-11-2025/
Côte d'Ivoire;;BAT;;2025-11-11;2025-11-12;2025-12-30;3;;70000;79274.0000;59054.0000;CI0000009544;multiple;;5.5000;;5.4627;5.5000;In Fine;;réalisée;https://www.umoatitres.org/fr/emission/emission-simultanee-du-tresor-de-la-cote-divoire-du-11-11-2025/
Niger;ES (Titre 1);OAT;Echange;2025-10-27;2025-10-31;2029-04-29;36;;234434;11063.8000;11063.8000;NE0000001971;6.5000;8935.3300;;9109.3700;;9.5900;In Fine;;réalisée;https://www.umoatitres.org/fr/emission/emission-simultanee-du-tresor-du-niger-du-27-10-2025/
Niger;ES (Titre 2);OAT;Echange;2025-10-27;2025-10-31;2029-05-10;48;;234434;9916.8200;9916.8200;NE0000002003;6.5000;8862.1300;;8908.5300;;10.3200;In Fine;;réalisée;https://www.umoatitres.org/fr/emission/emission-simultanee-du-tresor-du-niger-du-27-10-2025/
Niger;ES (Titre 3);OAT;Echange;2025-10-27;2025-10-31;2027-09-06;24;;234434;74806.2100;74806.2100;NE0000002094;6.3000;9104.7200;;9365.5700;;10.2100;In Fine;;réalisée;https://www.umoatitres.org/fr/emission/emission-simultanee-du-tresor-du-niger-du-27-10-2025/
Niger;ES (Titre 4);OAT;Echange;2025-10-27;2025-10-31;2027-11-29;24;;234434;38645.4000;38645.4000;NE0000002243;6.3000;9081.5000;;9286.8600;;10.2700;In Fine;;réalisée;https://www.umoatitres.org/fr/emission/emission-simultanee-du-tresor-du-niger-du-27-10-2025/
Niger;ES (Titre 5);OAT;Echange;2025-10-27;2025-10-31;2028-02-21;24;;234434;27517.7100;27517.7100;NE0000002367;6.3000;9077.7900;;9171.9700;;10.4900;In Fine;;réalisée;https://www.umoatitres.org/fr/emission/emission-simultanee-du-tresor-du-niger-du-27-10-2025/
Niger;ES (Titre 6);OAT;Echange;2025-10-27;2025-10-31;2030-04-11;48;;234434;161.6300;161.6300;NE0000002458;6.5000;8626.8700;;8943.0600;;9.5000;In Fine;;réalisée;https://www.umoatitres.org/fr/emission/emission-simultanee-du-tresor-du-niger-du-27-10-2025/
Niger;ES (Titre 7);OAT;Echange;2025-10-27;2025-10-31;2028-10-31;36;;234434;64382.9200;64382.9200;NE0000002615;6.3000;8630.9600;;8826.6200;;11.1100;In Fine;;réalisée;https://www.umoatitres.org/fr/emission/emission-simultanee-du-tresor-du-niger-du-27-10-2025/
Niger;ES (Titre 8);OAT;Echange;2025-10-27;2025-10-31;2030-10-31;59;;234434;7939.1500;7939.1500;NE0000002623;6.5000;8419.3200;;9072.8000;;8.8800;In Fine;;réalisée;https://www.umoatitres.org/fr/emission/emission-simultanee-du-tresor-du-niger-du-27-10-2025/
Côte d'Ivoire;ES (Titre 1);BAT;;2025-11-04;2025-11-05;2025-12-30;3;;50000;43555.0000;43555.0000;CI0000009544;multiple;;5.5000;;5.4939;5.5400;In Fine;;réalisée;https://www.umoatitres.org/fr/emission/emission-simultanee-du-tresor-de-la-cote-divoire-du-04-11-2025/
Côte d'Ivoire;ES (Titre 2);OAT;;2025-11-04;2025-11-05;2028-10-29;36;;50000;12000.0000;992.0000;CI0000009593;5.3500;9568.0000;;9568.0000;;7.0000;In Fine;;réalisée;https://www.umoatitres.org/fr/emission/emission-simultanee-du-tresor-de-la-cote-divoire-du-04-11-2025/
Côte d'Ivoire;ES (Titre 3);OAT;;2025-11-04;2025-11-05;2030-10-29;60;;50000;2000.0000;1000.0000;CI0000009601;5.6000;9315.0000;;9315.0000;;7.2900;In Fine;;réalisée;https://www.umoatitres.org/fr/emission/emission-simultanee-du-tresor-de-la-cote-divoire-du-04-11-2025/
Côte d'Ivoire;ES (Titre 4);OAT;;2025-11-04;2025-11-05;2032-10-29;84;;50000;853.0000;853.0000;CI0000009619;5.8500;9210.0000;;9210.0000;;7.3400;In Fine;;réalisée;https://www.umoatitres.org/fr/emission/emission-simultanee-du-tresor-de-la-cote-divoire-du-04-11-2025/
Sénégal;;BAT;;2025-10-23;2025-10-24;2026-01-18;3;;50000;50797.0000;50797.0000;SN0000003609;multiple;;6.5000;;6.5000;6.6000;In Fine;;réalisée;https://www.umoatitres.org/fr/emission/emission-simultanee-du-tresor-du-senegal-du-23-10-2025/
Sénégal;ES (Titre 1);BAT;Echange;2025-10-17;2025-10-20;2026-10-11;12;;34341;24772.0000;24772.0000;SN0000004177;multiple;;6.8000;;6.7437;7.2300;In Fine;;réalisée;https://www.umoatitres.org/fr/emission/rachat-et-emission-simultanee-du-tresor-du-senegal-du-17-10-2025/
Sénégal;ES (Titre 2);OAT;Echange;2025-10-17;2025-10-20;2028-10-13;36;;34341;9569.0000;9569.0000;SN0000004185;6.3000;9560.0000;;9725.1200;;7.3600;In Fine;;réalisée;https://www.umoatitres.org/fr/emission/rachat-et-emission-simultanee-du-tresor-du-senegal-du-17-10-2025/
Sénégal;ES (Titre 1);BAT;Adjudication ciblée;2025-10-10;2025-10-13;2026-10-11;12;;40000;43586.0000;39848.0000;SN0000004177;multiple;;6.8000;;6.6918;7.1800;In Fine;;réalisée;https://www.umoatitres.org/fr/emission/emission-simultanee-du-tresor-du-senegal-du-10-10-2025/
Sénégal;ES (Titre 2);OAT;Adjudication ciblée;2025-10-10;2025-10-13;2028-10-13;36;;40000;15602.1400;3652.0000;SN0000004185;6.3000;9635.0000;;9657.4600;;7.6200;In Fine;;réalisée;https://www.umoatitres.org/fr/emission/emission-simultanee-du-tresor-du-senegal-du-10-10-2025/
Sénégal;ES (Titre 3);OAT;Adjudication ciblée;2025-10-10;2025-10-13;2030-10-13;60;;40000;10500.0000;500.0000;SN0000004193;6.4500;9581.0000;;9580.0000;;7.4900;In Fine;;réalisée;https://www.umoatitres.org/fr/emission/emission-simultanee-du-tresor-du-senegal-du-10-10-2025/
Sénégal;ES (Titre 1);BAT;;2025-10-31;2025-11-03;2026-11-01;12;;35000;30642.0000;30640.0000;SN0000004219;multiple;;7.0000;;6.7456;7.2400;In Fine;;réalisée;https://www.umoatitres.org/fr/emission/emission-simultanee-du-tresor-du-togo-du-31-10-2025/
Sénégal;ES (Titre 2);OAT;;2025-10-31;2025-11-03;2028-11-03;36;;35000;12428.1400;3960.0000;SN0000004227;6.3000;9650.0000;;9659.2000;;7.6100;In Fine;;réalisée;https://www.umoatitres.org/fr/emission/emission-simultanee-du-tresor-du-togo-du-31-10-2025/
Sénégal;ES (Titre 3);OAT;;2025-10-31;2025-11-03;2030-11-03;60;;35000;3900.0000;3900.0000;SN0000004235;6.4500;9570.0000;;9589.0100;;7.4600;In Fine;;réalisée;https://www.umoatitres.org/fr/emission/emission-simultanee-du-tresor-du-togo-du-31-10-2025/
Burkina Faso;ES (Titre 1);BAT;;2025-10-30;2025-10-31;2026-10-29;12;;25000;14073.0000;13208.0000;BF0000004184;multiple;;7.2000;;7.1363;7.6900;In Fine;;réalisée;https://www.umoatitres.org/fr/emission/emission-simultanee-du-tresor-du-burkina-faso-du-30-10-2025/
Burkina Faso;ES (Titre 2);OAT;;2025-10-30;2025-10-31;2028-10-31;36;;25000;6739.2100;90.6100;BF0000004192;6.0000;9800.0000;;9800.0000;;6.7600;In Fine;;réalisée;https://www.umoatitres.org/fr/emission/emission-simultanee-du-tresor-du-burkina-faso-du-30-10-2025/
Burkina Faso;ES (Titre 3);OAT;;2025-10-30;2025-10-31;2030-10-31;60;;25000;1241.6300;241.6300;BF0000004200;6.2000;9700.0000;;9700.0000;;6.9300;In Fine;;réalisée;https://www.umoatitres.org/fr/emission/emission-simultanee-du-tresor-du-burkina-faso-du-30-10-2025/
Burkina Faso;ES (Titre 4);OAT;;2025-10-30;2025-10-31;2032-10-31;84;;25000;3222.4400;3222.4400;BF0000004218;6.4000;9300.0000;;9334.6700;;7.6600;In Fine;;réalisée;https://www.umoatitres.org/fr/emission/emission-simultanee-du-tresor-du-burkina-faso-du-30-10-2025/
Mali;ES (Titre 1);BAT;;2025-10-29;2025-10-30;2026-10-28;12;;30000;15264.0000;14464.0000;ML0000003961;multiple;;7.2000;;7.0851;7.6300;In Fine;;réalisée;https://www.umoatitres.org/fr/emission/emission-simultanee-du-tresor-du-mali-du-29-10-2025-2/
Mali;ES (Titre 2);OAT;;2025-10-29;2025-10-30;2028-10-30;36;;30000;9104.1100;9101.6100;ML0000003979;6.1500;9200.0000;;9291.3200;;8.9500;In Fine;;réalisée;https://www.umoatitres.org/fr/emission/emission-simultanee-du-tresor-du-mali-du-29-10-2025-2/
Mali;ES (Titre 3);OAT;;2025-10-29;2025-10-30;2030-10-16;60;;30000;3247.0000;3247.0000;ML0000003953;6.3500;9500.0000;;9730.9800;;7.0100;In Fine;;réalisée;https://www.umoatitres.org/fr/emission/emission-simultanee-du-tresor-du-mali-du-29-10-2025-2/
Mali;ES (Titre 4);OAT;;2025-10-29;2025-10-30;2032-09-18;84;;30000;3247.0000;3247.0000;ML0000003904;6.4500;9500.0000;;9730.9800;;6.9500;In Fine;;réalisée;https://www.umoatitres.org/fr/emission/emission-simultanee-du-tresor-du-mali-du-29-10-2025-2/
Côte d'Ivoire;ES (Titre 1);BAT;;2025-10-28;2025-10-29;2025-12-30;3;;60000;82000.0000;18500.0000;CI0000009544;multiple;;5.4500;;5.2135;5.2600;In Fine;;réalisée;https://www.umoatitres.org/fr/emission/emission-simultanee-du-tresor-de-la-cote-divoire-du-28-10-2025/
Côte d'Ivoire;ES (Titre 2);OAT;;2025-10-28;2025-10-29;2028-10-29;36;;60000;220.0000;220.0000;CI0000009593;5.3500;9565.0000;;9568.8600;;6.9900;In Fine;;réalisée;https://www.umoatitres.org/fr/emission/emission-simultanee-du-tresor-de-la-cote-divoire-du-28-10-2025/
Togo;ES (Titre 1);BAT;;2025-10-24;2025-10-27;2026-10-25;12;;25000;32230.0000;8100.0000;TG0000003250;multiple;;5.7500;;5.5154;5.8400;In Fine;;réalisée;https://www.umoatitres.org/fr/emission/emission-simultanee-du-tresor-du-senegal-du-24-10-2025/
Togo;ES (Titre 2);OAT;;2025-10-24;2025-10-27;2028-10-27;36;;25000;20997.2200;19400.0000;TG0000003268;6.2500;9555.0000;;9592.6400;;7.8300;In Fine;;réalisée;https://www.umoatitres.org/fr/emission/emission-simultanee-du-tresor-du-senegal-du-24-10-2025/
Burkina Faso;ES (Titre 1);BAT;;2025-10-22;2025-10-23;2026-10-21;12;;30000;15802.0000;12967.0000;BF0000004093;multiple;;7.2000;;6.9567;7.4800;In Fine;;réalisée;https://www.umoatitres.org/fr/emission/emission-simultanee-du-tresor-du-burkina-faso-du-22-10-2025/
Burkina Faso;ES (Titre 2);OAT;;2025-10-22;2025-10-23;2028-10-23;36;;30000;5056.3200;2357.2800;BF0000004119;6.0000;9800.0000;;9800.0200;;6.7600;In Fine;;réalisée;https://www.umoatitres.org/fr/emission/emission-simultanee-du-tresor-du-burkina-faso-du-22-10-2025/
Burkina Faso;ES (Titre 3);OAT;;2025-10-22;2025-10-23;2030-10-23;60;;30000;6511.9000;6270.2700;BF0000004168;6.2000;9700.0000;;9700.0000;;6.9300;In Fine;;réalisée;https://www.umoatitres.org/fr/emission/emission-simultanee-du-tresor-du-burkina-faso-du-22-10-2025/
Burkina Faso;ES (Titre 4);OAT;;2025-10-22;2025-10-23;2032-10-23;84;;30000;14967.8300;11405.3900;BF0000004176;6.4000;9600.0000;;9600.1800;;7.1500;In Fine;;réalisée;https://www.umoatitres.org/fr/emission/emission-simultanee-du-tresor-du-burkina-faso-du-22-10-2025/
Guinée Bissau;ES (Titre 2);OAT;;2025-10-21;2025-10-22;2028-10-22;36;;15000;16103.3500;15000.0000;GW0000001465;6.2500;9160.0000;;9186.9200;;9.4900;In Fine;;réalisée;https://www.umoatitres.org/fr/emission/emission-simultanee-du-tresor-de-la-guinee-bissau-du-21-10-2025-2/
Mali;ES (Titre 1);BAT;;2025-10-15;2025-10-16;2026-10-14;12;;30000;21237.0000;21086.0000;ML0000003938;multiple;;7.2000;;7.1156;7.6700;In Fine;;réalisée;https://www.umoatitres.org/fr/emission/emission-simultanee-du-tresor-du-mali-du-15-10-2025-2/
Mali;ES (Titre 2);OAT;;2025-10-15;2025-10-16;2028-10-16;36;;30000;9317.9400;7697.9400;ML0000003946;6.1500;9200.0000;;9202.6000;;9.3200;In Fine;;réalisée;https://www.umoatitres.org/fr/emission/emission-simultanee-du-tresor-du-mali-du-15-10-2025-2/
Mali;ES (Titre 3);OAT;;2025-10-15;2025-10-16;2030-10-16;60;;30000;2.0800;2.0800;ML0000003953;6.3500;9580.0000;;9580.0000;;7.3800;In Fine;;réalisée;https://www.umoatitres.org/fr/emission/emission-simultanee-du-tresor-du-mali-du-15-10-2025-2/
Côte d'Ivoire;ES (Titre 1);BAT;;2025-10-14;2025-10-15;2025-12-23;3;;220000;152616.0000;144851.0000;CI0000009536;multiple;;5.7200;;5.5425;5.6000;In Fine;;réalisée;https://www.umoatitres.org/fr/emission/emission-simultanee-du-tresor-de-la-cote-divoire-du-14-10-2025/
Côte d'Ivoire;ES (Titre 2);BAT;;2025-10-14;2025-10-15;2025-12-30;3;;220000;61660.0000;56660.0000;CI0000009544;multiple;;5.7500;;5.2093;5.2700;In Fine;;réalisée;https://www.umoatitres.org/fr/emission/emission-simultanee-du-tresor-de-la-cote-divoire-du-14-10-2025/
Côte d'Ivoire;ES (Titre 3);OAT;;2025-10-14;2025-10-15;2040-10-15;180;;220000;40423.9000;39673.9000;CI0000009585;6.2500;9200.0000;;9200.0000;;7.1400;In Fine;;réalisée;https://www.umoatitres.org/fr/emission/emission-simultanee-du-tresor-de-la-cote-divoire-du-14-10-2025/
Côte d'Ivoire;ES (Titre 1);BAT;;2025-10-07;2025-10-08;2025-12-23;3;;360000;322298.0000;197715.0000;CI0000009536;multiple;;5.7500;;5.3333;5.3900;In Fine;;réalisée;https://www.umoatitres.org/fr/emission/emission-simultanee-du-tresor-de-la-cote-divoire-du-07-10-2025/
Côte d'Ivoire;ES (Titre 2);BAT;;2025-10-07;2025-10-08;2025-12-30;3;;360000;198065.0000;162265.0000;CI0000009544;multiple;;5.7500;;5.2514;5.3200;In Fine;;réalisée;https://www.umoatitres.org/fr/emission/emission-simultanee-du-tresor-de-la-cote-divoire-du-07-10-2025/
Côte d'Ivoire;ES (Titre 3);OAT;;2025-10-07;2025-10-08;2030-10-08;60;;360000;5000.0000;5000.0000;CI0000009551;5.7000;9310.0000;;9310.0000;;7.4000;In Fine;;réalisée;https://www.umoatitres.org/fr/emission/emission-simultanee-du-tresor-de-la-cote-divoire-du-07-10-2025/
Côte d'Ivoire;ES (Titre 4);OAT;;2025-10-07;2025-10-08;2032-10-08;84;;360000;15150.0000;15150.0000;CI0000009569;5.9500;9200.0000;;9209.5900;;7.4400;In Fine;;réalisée;https://www.umoatitres.org/fr/emission/emission-simultanee-du-tresor-de-la-cote-divoire-du-07-10-2025/
Côte d'Ivoire;ES (Titre 5);OAT;;2025-10-07;2025-10-08;2040-10-08;180;;360000;15869.5600;15869.5600;CI0000009577;6.2500;9200.0000;;9200.0000;;7.1400;In Fine;;réalisée;https://www.umoatitres.org/fr/emission/emission-simultanee-du-tresor-de-la-cote-divoire-du-07-10-2025/
Côte d'Ivoire;ES (Titre 1);BAT;Echange;2024-06-26;2024-06-27;2025-06-03;12;;21718;11718.0000;11718.0000;CI0000007613;multiple;;6.8000;;6.8000;7.2700;In Fine;;réalisée;https://www.umoatitres.org/fr/emission/rachat-du-tresor-de-la-cote-divoire-du-26-06-2024/
Côte d'Ivoire;ES (Titre 2);OAT;Echange;2024-06-26;2024-06-27;2027-06-05;36;;21718;10000.0000;10000.0000;CI0000007621;5.7000;9500.0000;;9500.0000;;7.5600;In Fine;;réalisée;https://www.umoatitres.org/fr/emission/rachat-du-tresor-de-la-cote-divoire-du-26-06-2024/
Burkina Faso;ES (Titre 1);BAT;Rachat;2024-08-02;2024-08-05;2025-08-03;12;;-11700;18407.0000;16561.0000;BF0000003087;multiple;;8.9000;;8.9000;9.7800;In Fine;;réalisée;https://www.umoatitres.org/fr/emission/rachat-du-tresor-du-burkina-du-02-08-2024/
Côte d'Ivoire;ES (Titre 1);BAT;Echange;2025-09-23;2025-09-23;2025-12-21;3;;42493;40000.0000;40000.0000;CI0000008660;multiple;;4.5000;;4.5000;4.5512;In Fine;;réalisée;https://www.umoatitres.org/fr/emission/rachat-et-emission-simultanee-du-tresor-du-cote-divoire-du-23-09-2025/
Côte d'Ivoire;ES (Titre 2);BAT;Echange;2025-09-23;2025-09-23;2025-12-16;3;;42493;2493.0000;2493.0000;CI0000008595;multiple;;4.5000;;4.5000;4.5483;In Fine;;réalisée;https://www.umoatitres.org/fr/emission/rachat-et-emission-simultanee-du-tresor-du-cote-divoire-du-23-09-2025/
Mali;ES (Titre 1);BAT;;2025-11-26;2025-11-27;2026-11-25;12;;40000;14080.0000;14025.0000;ML0000004019;multiple;;7.1500;;7.0908;7.6400;In Fine;;réalisée;https://www.umoatitres.org/fr/emission/emission-simultanee-du-tresor-du-mali-du-26-11-2025/
Mali;ES (Titre 2);OAT;;2025-11-26;2025-11-27;2028-11-13;36;;40000;14033.9900;13833.9900;ML0000003995;6.1500;9200.0000;;9210.5100;;9.3200;In Fine;;réalisée;https://www.umoatitres.org/fr/emission/emission-simultanee-du-tresor-du-mali-du-26-11-2025/
Mali;ES (Titre 3);OAT;;2025-11-26;2025-11-27;2030-11-13;60;;40000;13136.1400;13136.1400;ML0000004001;6.3500;9300.0000;;9423.8700;;7.7900;In Fine;;réalisée;https://www.umoatitres.org/fr/emission/emission-simultanee-du-tresor-du-mali-du-26-11-2025/
Burkina Faso;ES (Titre 1);BAT;;2025-11-19;2025-11-20;2026-11-18;12;;25000;13830.0000;13829.0000;BF0000004267;multiple;;7.2000;;7.0020;7.5355;In Fine;;réalisée;https://www.umoatitres.org/fr/emission/emission-simultanee-du-tresor-du-burkina-du-19-11-2025/
Burkina Faso;ES (Titre 2);OAT;;2025-11-19;2025-11-20;2028-11-20;36;;25000;6344.3000;3337.0000;BF0000004275;6.0000;9506.0000;;9650.0700;;7.3400;In Fine;;réalisée;https://www.umoatitres.org/fr/emission/emission-simultanee-du-tresor-du-burkina-du-19-11-2025/
Burkina Faso;ES (Titre 4);OAT;;2025-11-19;2025-11-20;2032-11-20;84;;25000;5400.0000;4800.0000;BF0000004291;6.4000;9300.0000;;9508.3300;;7.3200;In Fine;;réalisée;https://www.umoatitres.org/fr/emission/emission-simultanee-du-tresor-du-burkina-du-19-11-2025/
Guinée Bissau;ES (Titre 1);BAT;;2025-11-18;2025-11-19;2026-10-20;11;;8080;7816.0000;2059.0000;GW0000001457;multiple;;7.5000;;7.3704;7.9100;In Fine;;réalisée;https://www.umoatitres.org/fr/emission/emission-simultanee-du-tresor-de-la-guinee-bissau-du-18-11-2025/
Guinée Bissau;ES (Titre 2);OAT;;2025-11-18;2025-11-19;2028-11-04;36;;8080;6021.6600;6021.0000;GW0000001473;6.2500;9165.0000;;9179.2900;;9.5600;In Fine;;réalisée;https://www.umoatitres.org/fr/emission/emission-simultanee-du-tresor-de-la-guinee-bissau-du-18-11-2025/
Mali;ES (Titre 1);BAT;;2025-11-12;2025-11-13;2026-11-11;12;;25000;17814.0000;17588.0000;ML0000003987;multiple;;7.1500;;7.0948;7.6400;In Fine;;réalisée;https://www.umoatitres.org/fr/emission/emission-simultanee-du-tresor-du-mali-du-12-11-2025/
Mali;ES (Titre 2);OAT;;2025-11-12;2025-11-13;2028-11-13;36;;25000;6002.0000;6000.0000;ML0000003995;6.1500;9200.0000;;9308.7900;;8.8700;In Fine;;réalisée;https://www.umoatitres.org/fr/emission/emission-simultanee-du-tresor-du-mali-du-12-11-2025/
Mali;ES (Titre 3);OAT;;2025-11-12;2025-11-13;2030-11-13;60;;25000;3000.0000;3000.0000;ML0000004001;6.3500;9500.0000;;9500.0000;;7.5900;In Fine;;réalisée;https://www.umoatitres.org/fr/emission/emission-simultanee-du-tresor-du-mali-du-12-11-2025/
Burkina Faso;ES (Titre 1);BAT;;2025-11-05;2025-11-06;2026-11-04;12;;30000;5861.0000;2855.0000;BF0000004226;multiple;;7.0000;;7.0000;7.5300;In Fine;;réalisée;https://www.umoatitres.org/fr/emission/emission-simultanee-du-tresor-de-la-burkina-du-05-11-2025/
Burkina Faso;ES (Titre 2);OAT;;2025-11-05;2025-11-06;2028-11-06;36;;30000;4801.5900;4801.5900;BF0000004234;6.0000;9800.0000;;9800.0000;;6.7600;In Fine;;réalisée;https://www.umoatitres.org/fr/emission/emission-simultanee-du-tresor-de-la-burkina-du-05-11-2025/
Burkina Faso;ES (Titre 3);OAT;;2025-11-05;2025-11-06;2030-11-06;60;;30000;12477.1300;12477.1300;BF0000004242;6.2000;9700.0000;;9732.0600;;6.8500;In Fine;;réalisée;https://www.umoatitres.org/fr/emission/emission-simultanee-du-tresor-de-la-burkina-du-05-11-2025/
Burkina Faso;ES (Titre 4);OAT;;2025-11-05;2025-11-06;2032-11-06;84;;30000;12865.6900;12865.6900;BF0000004259;6.4000;9500.0000;;9598.8300;;7.1500;In Fine;;réalisée;https://www.umoatitres.org/fr/emission/emission-simultanee-du-tresor-de-la-burkina-du-05-11-2025/
Guinée Bissau;ES (Titre 1);BAT;;2025-11-03;2025-11-04;2026-10-20;12;;15000;6630.0000;6303.0000;GW0000001457;multiple;;7.8000;;7.7469;8.3800;In Fine;;réalisée;https://www.umoatitres.org/fr/emission/emission-simultanee-du-tresor-de-la-guinee-bissau-du-03-11-2025/
Guinée Bissau;ES (Titre 2);OAT;;2025-11-03;2025-11-04;2028-11-04;36;;15000;8697.8400;8697.0000;GW0000001473;6.2500;9160.0000;;9177.7400;;9.5300;In Fine;;réalisée;https://www.umoatitres.org/fr/emission/emission-simultanee-du-tresor-de-la-guinee-bissau-du-03-11-2025/
Sénégal;ES (Titre 1);BAT;;2025-10-17;2025-10-20;2026-10-11;12;;30000;22115.0000;14000.0000;SN0000004177;multiple;;6.7950;;6.7449;7.2300;In Fine;;réalisée;https://www.umoatitres.org/fr/emission/emission-simultanee-du-tresor-du-senegal-du-17-10-2025/
Sénégal;ES (Titre 2);OAT;;2025-10-17;2025-10-20;2028-10-13;36;;30000;19083.6300;19000.0000;SN0000004185;6.3000;9611.0000;;9636.2400;;7.7100;In Fine;;réalisée;https://www.umoatitres.org/fr/emission/emission-simultanee-du-tresor-du-senegal-du-17-10-2025/
Mali;ES (Titre 1);BAT;;2025-10-01;2025-10-02;2026-09-30;12;;40000;19424.0000;16510.0000;ML0000003912;multiple;;7.2500;;7.0845;7.6300;In Fine;;réalisée;https://www.umoatitres.org/fr/emission/emission-simultanee-du-tresor-du-mali-du-01-10-2025/
Mali;ES (Titre 2);OAT;;2025-10-01;2025-10-02;2028-10-02;36;;40000;11366.2200;11116.2200;ML0000003920;6.1500;9200.0000;;9233.9700;;9.1900;In Fine;;réalisée;https://www.umoatitres.org/fr/emission/emission-simultanee-du-tresor-du-mali-du-01-10-2025/
Mali;ES (Titre 3);OAT;;2025-10-01;2025-10-02;2030-09-18;60;;40000;10000.0000;10000.0000;ML0000003896;6.3500;9400.0000;;9400.0000;;7.8500;In Fine;;réalisée;https://www.umoatitres.org/fr/emission/emission-simultanee-du-tresor-du-mali-du-01-10-2025/
Côte d'Ivoire;;BAT;;2025-09-30;2025-10-01;2025-12-30;3;;100000;152419.0000;110000.0000;CI0000009544;multiple;;5.9700;;5.8350;5.9200;In Fine;;réalisée;https://www.umoatitres.org/fr/emission/emission-simultanee-du-tresor-de-la-cote-divoire-du-30-09-2025/
Guinée Bissau;ES (Titre 1);BAT;;2025-09-29;2025-09-30;2026-09-14;12;;15000;9267.0000;9267.0000;GW0000001432;multiple;;7.8527;;7.7011;8.3200;In Fine;;réalisée;https://www.umoatitres.org/fr/emission/emission-simultanee-du-tresor-de-la-guinee-bissau-du-29-09-2025/
Guinée Bissau;ES (Titre 2);OAT;;2025-09-29;2025-09-30;2028-09-16;36;;15000;7262.0200;6758.5200;GW0000001440;6.2500;9161.0000;;9174.9300;;9.5800;Linéaire;;réalisée;https://www.umoatitres.org/fr/emission/emission-simultanee-du-tresor-de-la-guinee-bissau-du-29-09-2025/
Burkina Faso;ES (Titre 1);BAT;;2025-09-24;2025-09-25;2026-09-23;12;;45000;22829.0000;19365.0000;BF0000004069;multiple;;7.2500;;7.0620;7.6100;In Fine;;réalisée;https://www.umoatitres.org/fr/emission/emission-simultanee-du-tresor-du-burkina-faso-du-24-09-2025/
Burkina Faso;ES (Titre 2);OAT;;2025-09-24;2025-09-25;2028-09-25;36;;45000;10008.2000;4062.9100;BF0000004077;6.0000;9800.0000;;9800.0000;;6.7600;In Fine;;réalisée;https://www.umoatitres.org/fr/emission/emission-simultanee-du-tresor-du-burkina-faso-du-24-09-2025/
Burkina Faso;ES (Titre 3);OAT;;2025-09-24;2025-09-25;2030-09-25;60;;45000;11428.7300;10428.7300;BF0000004085;6.2000;9700.0000;;9700.0000;;6.9300;In Fine;;réalisée;https://www.umoatitres.org/fr/emission/emission-simultanee-du-tresor-du-burkina-faso-du-24-09-2025/
Burkina Faso;ES (Titre 4);OAT;;2025-09-24;2025-09-25;2032-09-25;84;;45000;22943.0900;15643.0900;BF0000004101;6.4000;9600.0000;;9600.0000;;7.1500;In Fine;;réalisée;https://www.umoatitres.org/fr/emission/emission-simultanee-du-tresor-du-burkina-faso-du-24-09-2025/
Côte d'Ivoire;;BAT;;2025-09-23;2025-09-24;2025-12-23;3;;40000;81550.0000;40000.0000;CI0000009536;multiple;;6.0050;;5.8493;5.9400;In Fine;;réalisée;https://www.umoatitres.org/fr/emission/emission-simultanee-du-tresor-de-la-cote-divoire-du-23-09-2025/
Mali;ES (Titre 1);BAT;;2025-09-17;2025-09-18;2026-09-16;12;;25000;19948.0000;12216.0000;ML0000003854;multiple;;7.3000;;7.2441;7.8200;In Fine;;réalisée;https://www.umoatitres.org/fr/emission/emission-simultanee-du-tresor-du-mali-du-17-09-2025/
Mali;ES (Titre 2);OAT;;2025-09-17;2025-09-18;2028-09-18;36;;25000;8233.4700;7983.4700;ML0000003862;6.1500;9200.0000;;9229.8000;;9.2000;In Fine;;réalisée;https://www.umoatitres.org/fr/emission/emission-simultanee-du-tresor-du-mali-du-17-09-2025/
Mali;ES (Titre 3);OAT;;2025-09-17;2025-09-18;2030-09-18;60;;25000;5300.0000;5300.0000;ML0000003896;6.3500;9206.0000;;9389.0600;;7.8800;In Fine;;réalisée;https://www.umoatitres.org/fr/emission/emission-simultanee-du-tresor-du-mali-du-17-09-2025/
Mali;ES (Titre 4);OAT;;2025-09-17;2025-09-18;2032-09-18;84;;25000;2000.0000;2000.0000;ML0000003904;6.4500;9500.0000;;9500.0000;;7.3900;In Fine;;réalisée;https://www.umoatitres.org/fr/emission/emission-simultanee-du-tresor-du-mali-du-17-09-2025/
Guinée Bissau;ES (Titre 1);BAT;;2025-09-15;2025-09-16;2026-09-14;12;;15000;8219.0000;6870.0000;GW0000001432;multiple;;7.9500;;7.4743;8.0900;In Fine;;réalisée;https://www.umoatitres.org/fr/emission/emission-simultanee-du-tresor-de-la-guinee-bissau-du-15-09-2025/
Guinée Bissau;ES (Titre 2);OAT;;2025-09-15;2025-09-16;2028-09-16;36;;15000;8130.3400;8130.0000;GW0000001440;6.2500;9154.0000;;9193.8200;;9.4600;In Fine;;réalisée;https://www.umoatitres.org/fr/emission/emission-simultanee-du-tresor-de-la-guinee-bissau-du-15-09-2025/
Sénégal;ES (Titre 1);BAT;;2025-09-12;2025-09-15;2026-09-13;12;;30000;34238.0000;22500.0000;SN0000004136;multiple;;6.8570;;6.7231;7.2100;In Fine;;réalisée;https://www.umoatitres.org/fr/emission/emission-simultanee-du-tresor-du-senegal-du-12-09-2025/
Sénégal;ES (Titre 2);OAT;;2025-09-12;2025-09-15;2028-09-15;34;;30000;14358.9000;5500.0000;SN0000004151;6.3000;9605.0000;;9634.1700;;7.7100;In Fine;;réalisée;https://www.umoatitres.org/fr/emission/emission-simultanee-du-tresor-du-senegal-du-12-09-2025/
Sénégal;ES (Titre 3);OAT;;2025-09-12;2025-09-15;2030-09-15;60;;30000;5193.6100;5000.0000;SN0000004169;6.4500;9570.0000;;9578.3200;;7.4900;In Fine;;réalisée;https://www.umoatitres.org/fr/emission/emission-simultanee-du-tresor-du-senegal-du-12-09-2025/
Niger;;BAT;;2025-09-11;2025-09-12;2026-08-27;12;;12000;12041.0000;12000.0000;NE0000002607;multiple;;10.5000;;9.9988;11.0800;In Fine;;réalisée;https://www.umoatitres.org/fr/emission/emission-simultanee-du-tresor-du-niger-du-11-09-2025/
Côte d'Ivoire;ES (Titre 1);BAT;;2025-09-09;2025-09-10;2026-09-01;12;;40000;39124.0000;30124.0000;CI0000009494;multiple;;6.5000;;6.4375;6.8800;In Fine;;réalisée;https://www.umoatitres.org/fr/emission/emission-simultanee-du-tresor-de-cote-divoire-du-09-09-2025/
Côte d'Ivoire;ES (Titre 2);OAT;;2025-09-09;2025-09-10;2028-09-03;36;;40000;3500.0000;3500.0000;CI0000009502;5.4500;9500.0000;;9502.1400;;7.3700;In Fine;;réalisée;https://www.umoatitres.org/fr/emission/emission-simultanee-du-tresor-de-cote-divoire-du-09-09-2025/
Côte d'Ivoire;ES (Titre 3);OAT;;2025-09-09;2025-09-10;2030-09-03;60;;40000;50.0000;50.0000;CI0000009510;5.7000;9400.0000;;9400.0000;;7.1700;In Fine;;réalisée;https://www.umoatitres.org/fr/emission/emission-simultanee-du-tresor-de-cote-divoire-du-09-09-2025/
Côte d'Ivoire;ES (Titre 4);OAT;;2025-09-09;2025-09-10;2032-09-03;84;;40000;1800.0000;1800.0000;CI0000009528;5.9500;9200.0000;;9228.8900;;7.4000;In Fine;;réalisée;https://www.umoatitres.org/fr/emission/emission-simultanee-du-tresor-de-cote-divoire-du-09-09-2025/
Burkina Faso;ES (Titre 1);BAT;;2025-09-10;2025-09-11;2026-09-09;12;;35000;24773.0000;18978.0000;BF0000004028;multiple;;7.2500;;7.0109;7.5500;In Fine;;réalisée;https://www.umoatitres.org/fr/emission/emission-simultanee-du-tresor-du-burkina-du-10-09-2025/
Burkina Faso;ES (Titre 2);OAT;;2025-09-10;2025-09-11;2028-09-11;36;;35000;13202.0400;13199.5400;BF0000004036;6.0000;9225.5000;;9359.2600;;8.5100;In Fine;;réalisée;https://www.umoatitres.org/fr/emission/emission-simultanee-du-tresor-du-burkina-du-10-09-2025/
Burkina Faso;ES (Titre 3);OAT;;2025-09-10;2025-09-11;2030-09-11;60;;35000;1050.0000;1050.0000;BF0000004044;6.2000;9125.5000;;9129.0500;;8.4000;In Fine;;réalisée;https://www.umoatitres.org/fr/emission/emission-simultanee-du-tresor-du-burkina-du-10-09-2025/
Burkina Faso;ES (Titre 4);OAT;;2025-09-10;2025-09-11;2032-09-11;84;;35000;5272.0000;5272.0000;BF0000004051;6.4000;9000.0000;;9002.5700;;8.3400;In Fine;;réalisée;https://www.umoatitres.org/fr/emission/emission-simultanee-du-tresor-du-burkina-du-10-09-2025/
Côte d'Ivoire;ES (Titre 1);BAT;;2025-09-02;2025-09-03;2026-09-01;12;;60000;48542.0000;12575.0000;CI0000009494;multiple;;6.5000;;6.3090;6.7400;In Fine;;réalisée;https://www.umoatitres.org/fr/emission/emission-simultanee-du-tresor-de-cote-divoire-du-02-09-2025/
Côte d'Ivoire;ES (Titre 2);OAT;;2025-09-02;2025-09-03;2028-09-03;36;;60000;19186.0000;19186.0000;CI0000009502;5.4500;9500.0000;;9827.3400;;6.1000;In Fine;;réalisée;https://www.umoatitres.org/fr/emission/emission-simultanee-du-tresor-de-cote-divoire-du-02-09-2025/
Côte d'Ivoire;ES (Titre 3);OAT;;2025-09-02;2025-09-03;2030-09-03;60;;60000;21162.0000;21162.0000;CI0000009510;5.7000;9300.0000;;9300.0100;;7.4300;In Fine;;réalisée;https://www.umoatitres.org/fr/emission/emission-simultanee-du-tresor-de-cote-divoire-du-02-09-2025/
Côte d'Ivoire;ES (Titre 4);OAT;;2025-09-02;2025-09-03;2032-09-03;84;;60000;13076.1400;13076.1400;CI0000009528;5.9500;9205.0000;;9309.6500;;7.2400;In Fine;;réalisée;https://www.umoatitres.org/fr/emission/emission-simultanee-du-tresor-de-cote-divoire-du-02-09-2025/
Guinée Bissau;ES (Titre 1);BAT;;2025-08-29;2025-08-29;2026-07-14;12;;7809;6435.0000;6435.0000;GW0000001408;multiple;;7.4400;;7.4400;7.9669;In Fine;;réalisée;https://www.umoatitres.org/fr/emission/rachat-emission-simultanee-du-tresor-de-guinee-bissau-du-29-08-2025/
Guinée Bissau;ES (Titre 2);OAT;;2025-08-29;2025-08-29;2028-08-07;36;;7809;6374.4000;6174.4000;GW0000001424;6.2500;9183.3000;;9183.3200;;9.5600;In Fine;;réalisée;https://www.umoatitres.org/fr/emission/rachat-emission-simultanee-du-tresor-de-guinee-bissau-du-29-08-2025/
Mali;ES (Titre 1);BAT;;2025-09-03;2025-09-04;2026-09-02;12;;25000;19241.0000;11059.0000;ML0000003839;multiple;;7.5735;;7.5240;8.1400;In Fine;;réalisée;https://www.umoatitres.org/fr/emission/emission-simultanee-du-tresor-du-mali-du-03-09-2025/
Mali;ES (Titre 2);OAT;;2025-09-03;2025-09-04;2028-09-04;36;;25000;11441.0000;10441.0000;ML0000003847;6.1500;9200.0000;;9225.9200;;9.2200;In Fine;;réalisée;https://www.umoatitres.org/fr/emission/emission-simultanee-du-tresor-du-mali-du-03-09-2025/
Mali;ES (Titre 3);OAT;;2025-09-03;2025-09-04;2030-08-05;60;;25000;3100.0000;3000.0000;ML0000003805;6.3500;9500.0000;;9500.0000;;7.6000;In Fine;;réalisée;https://www.umoatitres.org/fr/emission/emission-simultanee-du-tresor-du-mali-du-03-09-2025/
Mali;ES (Titre 4);OAT;;2025-09-03;2025-09-04;2032-02-20;84;;25000;3500.0000;3000.0000;ML0000003474;6.4500;9500.0000;;9500.0000;;7.4400;In Fine;;réalisée;https://www.umoatitres.org/fr/emission/emission-simultanee-du-tresor-du-mali-du-03-09-2025/
Bénin;;BAT;;2025-09-04;2025-09-08;2025-12-07;3;;30000;84207.0000;33000.0000;BJ0000002499;multiple;;4.9999;;4.9972;5.0600;In Fine;;réalisée;https://www.umoatitres.org/fr/emission/emission-du-tresor-du-benin-du-04-09-2025/
Mali;ES (Titre 1);BAT;;2025-08-27;2025-08-28;2026-08-19;12;;17235;10132.0000;10132.0000;ML0000003813;multiple;;7.8200;;7.8200;8.4800;In Fine;;réalisée;https://www.umoatitres.org/fr/emission/rachat-et-emission-simultanee-du-tresor-du-mali-du-28-08-2025/
Mali;ES (Titre 2);OAT;;2025-08-27;2025-08-28;2028-08-21;36;;17235;7103.2200;7103.2200;ML0000003821;6.1500;9232.1200;;9232.1200;;9.2100;In Fine;;réalisée;https://www.umoatitres.org/fr/emission/rachat-et-emission-simultanee-du-tresor-du-mali-du-28-08-2025/
Niger;;BAT;;2025-08-28;2025-08-29;2026-08-27;12;;10000;12079.0000;10000.0000;NE0000002607;multiple;;10.0000;;9.9971;11.1200;In Fine;;réalisée;https://www.umoatitres.org/fr/emission/emission-du-tresor-du-niger-du-28-08-2025/
Côte d'Ivoire;ES (Titre 1);BAT;;2025-08-26;2025-08-27;2026-08-25;12;;130000;72375.0000;69375.0000;CI0000009478;multiple;;6.6500;;6.5802;7.0500;In Fine;;réalisée;https://www.umoatitres.org/fr/emission/emission-simultanee-du-tresor-de-cote-divoire-du-26-08-2025/
Côte d'Ivoire;ES (Titre 2);OAT;;2025-08-26;2025-08-27;2028-08-20;36;;130000;10185.0000;10185.0000;CI0000009429;5.4500;9500.0000;;9502.3400;;7.3700;In Fine;;réalisée;https://www.umoatitres.org/fr/emission/emission-simultanee-du-tresor-de-cote-divoire-du-26-08-2025/
Côte d'Ivoire;ES (Titre 3);OAT;;2025-08-26;2025-08-27;2030-08-27;60;;130000;61000.0000;61000.0000;CI0000009486;5.7000;9300.0000;;9300.0000;;7.4300;In Fine;;réalisée;https://www.umoatitres.org/fr/emission/emission-simultanee-du-tresor-de-cote-divoire-du-26-08-2025/
Côte d'Ivoire;ES (Titre 4);OAT;;2025-08-26;2025-08-27;2032-08-20;84;;130000;2000.0000;2000.0000;CI0000009460;5.9500;10000.0000;;10000.0000;;5.9500;In Fine;;réalisée;https://www.umoatitres.org/fr/emission/emission-simultanee-du-tresor-de-cote-divoire-du-26-08-2025/
Burkina Faso;ES (Titre 1);BAT;;2025-08-27;2025-08-28;2026-08-26;12;;45000;30263.0000;16084.0000;BF0000003988;multiple;;7.2500;;7.1026;7.6500;In Fine;;réalisée;https://www.umoatitres.org/fr/emission/emission-simultanee-du-tresor-du-burkina-du-27-08-2025/
Burkina Faso;ES (Titre 2);OAT;;2025-08-27;2025-08-28;2028-08-28;36;;45000;13398.1300;8357.5800;BF0000003996;6.0000;9225.0000;;9297.9400;;8.7600;In Fine;;réalisée;https://www.umoatitres.org/fr/emission/emission-simultanee-du-tresor-du-burkina-du-27-08-2025/
Burkina Faso;ES (Titre 3);OAT;;2025-08-27;2025-08-28;2030-08-28;60;;45000;8818.3700;8818.3700;BF0000004002;6.2000;9125.0000;;9432.2100;;7.6100;In Fine;;réalisée;https://www.umoatitres.org/fr/emission/emission-simultanee-du-tresor-du-burkina-du-27-08-2025/
Burkina Faso;ES (Titre 4);OAT;;2025-08-27;2025-08-28;2032-08-28;84;;45000;16240.0500;16240.0500;BF0000004010;6.4000;9000.0000;;9267.4800;;7.8000;In Fine;;réalisée;https://www.umoatitres.org/fr/emission/emission-simultanee-du-tresor-du-burkina-du-27-08-2025/
Sénégal;ES (Titre 1);BAT;Adjudication ciblée;2025-08-22;2025-08-25;2026-08-23;12;;40000;10764.0000;10764.0000;SN0000004102;multiple;;6.9600;;6.8224;7.3300;In Fine;;réalisée;https://www.umoatitres.org/fr/emission/emission-simultanee-du-tresor-du-senegal-du-22-08-2025/
Sénégal;ES (Titre 2);OAT;Adjudication ciblée;2025-08-22;2025-08-25;2028-08-25;36;;40000;27510.5200;22510.5200;SN0000004110;6.3000;9598.0000;;9629.3900;;7.7300;In Fine;;réalisée;https://www.umoatitres.org/fr/emission/emission-simultanee-du-tresor-du-senegal-du-22-08-2025/
Sénégal;ES (Titre 3);OAT;Adjudication ciblée;2025-08-22;2025-08-25;2030-08-25;60;;40000;7140.5200;7140.5200;SN0000004128;6.4500;9563.0000;;9567.6400;;7.5200;In Fine;;réalisée;https://www.umoatitres.org/fr/emission/emission-simultanee-du-tresor-du-senegal-du-22-08-2025/
Niger;;BAT;;2025-08-18;2025-08-18;2026-07-30;12;;15000;15000.0000;15000.0000;NE0000002599;multiple;;10.0000;;10.0000;11.0700;In Fine;;réalisée;https://www.umoatitres.org/fr/emission/emission-simultanee-du-tresor-du-niger-du-18-08-2025/
Côte d'Ivoire;ES (Titre 1);BAT;;2025-08-19;2025-08-20;2026-08-18;12;;100000;36900.0000;16346.0000;CI0000009411;multiple;;6.6500;;6.5090;6.9700;In Fine;;réalisée;https://www.umoatitres.org/fr/emission/emission-simultanee-du-tresor-de-cote-divoire-du-19-08-2025/
Côte d'Ivoire;ES (Titre 2);OAT;;2025-08-19;2025-08-20;2028-08-20;36;;100000;20003.5200;19503.5200;CI0000009429;5.4500;9500.0000;;9579.6200;;7.0500;In Fine;;réalisée;https://www.umoatitres.org/fr/emission/emission-simultanee-du-tresor-de-cote-divoire-du-19-08-2025/
Côte d'Ivoire;ES (Titre 3);OAT;;2025-08-19;2025-08-20;2030-08-20;60;;100000;65000.0000;65000.0000;CI0000009452;5.7000;9300.0000;;9300.7700;;7.4200;In Fine;;réalisée;https://www.umoatitres.org/fr/emission/emission-simultanee-du-tresor-de-cote-divoire-du-19-08-2025/
Côte d'Ivoire;ES (Titre 4);OAT;;2025-08-19;2025-08-20;2032-08-20;84;;100000;9150.0000;9150.0000;CI0000009460;5.9500;9200.0000;;9641.1800;;6.6100;In Fine;;réalisée;https://www.umoatitres.org/fr/emission/emission-simultanee-du-tresor-de-cote-divoire-du-19-08-2025/
Mali;ES (Titre 1);BAT;;2025-08-20;2025-08-21;2026-08-19;12;;20000;16920.0000;13123.0000;ML0000003813;multiple;;8.0000;;7.8247;8.5000;In Fine;;réalisée;https://www.umoatitres.org/fr/emission/emission-simultanee-du-tresor-du-mali-du-20-08-2025-2/
Mali;ES (Titre 2);OAT;;2025-08-20;2025-08-21;2028-08-21;36;;20000;6098.7000;5598.7000;ML0000003821;6.1500;9200.0000;;9228.7300;;9.2100;In Fine;;réalisée;https://www.umoatitres.org/fr/emission/emission-simultanee-du-tresor-du-mali-du-20-08-2025-2/
Mali;ES (Titre 3);OAT;;2025-08-20;2025-08-21;2030-08-05;60;;20000;75.0000;75.0000;ML0000003805;6.3500;9500.0000;;9500.0000;;7.6000;In Fine;;réalisée;https://www.umoatitres.org/fr/emission/emission-simultanee-du-tresor-du-mali-du-20-08-2025-2/
Mali;ES (Titre 1);BAT;;2025-08-07;2025-08-08;2026-08-03;12;;8921;3633.0000;3633.0000;ML0000003789;multiple;;8.2400;;8.2400;8.9800;In Fine;;réalisée;https://www.umoatitres.org/fr/emission/rachat-emission-simultanee-du-tresor-du-mali-du-07-08-2025/
Mali;ES (Titre 2);OAT;;2025-08-07;2025-08-08;2028-08-05;36;;8921;5287.9900;5287.9900;ML0000003797;6.1500;9200.0000;;9200.0000;;9.3400;In Fine;;réalisée;https://www.umoatitres.org/fr/emission/rachat-emission-simultanee-du-tresor-du-mali-du-07-08-2025/
Burkina Faso;ES (Titre 1);BAT;;2025-08-12;2025-08-13;2026-08-11;12;;40000;44326.0000;7719.0000;BF0000003939;multiple;;7.8000;;7.5214;8.1400;In Fine;;réalisée;https://www.umoatitres.org/fr/emission/emission-simultanee-du-tresor-du-burkina-du-12-08-2025/
Burkina Faso;ES (Titre 2);OAT;;2025-08-12;2025-08-13;2028-08-13;36;;40000;17607.2300;17607.2300;BF0000003947;6.0000;9205.0000;;9391.2300;;8.3800;In Fine;;réalisée;https://www.umoatitres.org/fr/emission/emission-simultanee-du-tresor-du-burkina-du-12-08-2025/
Burkina Faso;ES (Titre 3);OAT;;2025-08-12;2025-08-13;2030-08-13;60;;40000;6892.2600;6892.2600;BF0000003962;6.2000;9120.0000;;9420.1800;;7.6400;In Fine;;réalisée;https://www.umoatitres.org/fr/emission/emission-simultanee-du-tresor-du-burkina-du-12-08-2025/
Burkina Faso;ES (Titre 4);OAT;;2025-08-12;2025-08-13;2032-08-13;84;;40000;11780.8700;11780.8700;BF0000003970;6.4000;9000.0000;;9258.9400;;7.8100;In Fine;;réalisée;https://www.umoatitres.org/fr/emission/emission-simultanee-du-tresor-du-burkina-du-12-08-2025/
Togo;;BAT;;2025-08-11;2025-08-12;2025-11-10;3;;30000;60096.0000;33000.0000;TG0000003227;multiple;;5.7900;;5.5952;5.6800;In Fine;;réalisée;https://www.umoatitres.org/fr/emission/emission-du-togo-du-11-08-2025/
Côte d'Ivoire;ES (Titre 1);BAT;;2025-08-04;2025-08-05;2026-07-28;12;;24951;9745.0000;9745.0000;CI0000009379;multiple;;6.5000;;6.5000;6.9500;In Fine;;réalisée;https://www.umoatitres.org/fr/emission/rachat-emission-simultanee-du-tresor-de-cote-divoire-du-04-08-2025/
Côte d'Ivoire;ES (Titre 2);OAT;;2025-08-04;2025-08-05;2028-07-30;36;;24951;15206.1000;15206.1000;CI0000009387;5.4500;9500.0000;;9500.5100;;7.3700;In Fine;;réalisée;https://www.umoatitres.org/fr/emission/rachat-emission-simultanee-du-tresor-de-cote-divoire-du-04-08-2025/
Sénégal;ES (Titre 1);BAT;;2025-08-08;2025-08-11;2026-08-09;12;;40000;31198.0000;31198.0000;SN0000004078;multiple;;6.8575;;6.5141;6.9700;In Fine;;réalisée;https://www.umoatitres.org/fr/emission/emission-simultanee-du-tresor-du-senegal-du-08-08-2025/
Sénégal;ES (Titre 2);OAT;;2025-08-08;2025-08-11;2028-08-11;36;;40000;6627.0000;2956.7300;SN0000004086;6.3000;9600.0000;;9653.4000;;7.6400;In Fine;;réalisée;https://www.umoatitres.org/fr/emission/emission-simultanee-du-tresor-du-senegal-du-08-08-2025/
Sénégal;ES (Titre 3);OAT;;2025-08-08;2025-08-11;2030-08-11;60;;40000;5845.2700;5845.2700;SN0000004094;6.4500;9545.0000;;9561.1400;;7.5400;In Fine;;réalisée;https://www.umoatitres.org/fr/emission/emission-simultanee-du-tresor-du-senegal-du-08-08-2025/
Guinée Bissau;ES (Titre 1);BAT;;2025-08-06;2025-08-07;2026-07-14;12;;15000;26106.0000;6441.0000;GW0000001408;multiple;;7.8500;;7.4429;8.0100;In Fine;;réalisée;https://www.umoatitres.org/fr/emission/emission-simultanee-du-tresor-de-guinee-bissau-du-06-08-2025/
Guinée Bissau;ES (Titre 2);OAT;;2025-08-06;2025-08-07;2028-08-07;36;;15000;24382.9200;8559.0000;GW0000001424;6.2500;9151.0000;;9169.3500;;9.5600;In Fine;;réalisée;https://www.umoatitres.org/fr/emission/emission-simultanee-du-tresor-de-guinee-bissau-du-06-08-2025/
Côte d'Ivoire;ES (Titre 1);BAT;;2025-08-05;2025-08-06;2026-07-28;12;;60000;33920.0000;33920.0000;CI0000009379;multiple;;6.7500;;6.5448;7.0000;In Fine;;réalisée;https://www.umoatitres.org/fr/emission/emission-simultanee-du-tresor-de-cote-divoire-du-05-08-2025/
Côte d'Ivoire;ES (Titre 2);OAT;;2025-08-05;2025-08-06;2028-07-30;36;;60000;14000.0000;12500.0000;CI0000009387;5.4500;9500.0000;;9536.4000;;7.2300;In Fine;;réalisée;https://www.umoatitres.org/fr/emission/emission-simultanee-du-tresor-de-cote-divoire-du-05-08-2025/
Côte d'Ivoire;ES (Titre 3);OAT;;2025-08-05;2025-08-06;2030-07-30;60;;60000;10000.0000;10000.0000;CI0000009395;5.7000;9315.0000;;9315.0000;;7.3900;In Fine;;réalisée;https://www.umoatitres.org/fr/emission/emission-simultanee-du-tresor-de-cote-divoire-du-05-08-2025/
Côte d'Ivoire;ES (Titre 4);OAT;;2025-08-05;2025-08-06;2032-07-30;84;;60000;6367.0000;6367.0000;CI0000009403;5.9500;9200.0000;;9828.7200;;6.2600;In Fine;;réalisée;https://www.umoatitres.org/fr/emission/emission-simultanee-du-tresor-de-cote-divoire-du-05-08-2025/
Bénin;;BAT;;2025-08-07;2025-08-08;2025-11-06;3;;30000;64967.0000;33000.0000;BJ0000002481;multiple;;5.2400;;5.1287;5.2000;In Fine;;réalisée;https://www.umoatitres.org/fr/emission/emission-du-tresor-du-benin-du-07-08-2025/
Côte d'Ivoire;ES (Titre 1);BAT;;2025-07-29;2025-07-30;2026-07-28;12;;50000;21000.0000;21000.0000;CI0000009379;multiple;;6.5400;;6.4728;6.9300;In Fine;;réalisée;https://www.umoatitres.org/fr/emission/emission-simultanee-du-tresor-de-cote-divoire-du-29-07-2025/
Côte d'Ivoire;ES (Titre 2);OAT;;2025-07-29;2025-07-30;2028-07-30;36;;50000;31890.0000;20000.0000;CI0000009387;5.4500;9500.0000;;9500.0000;;7.3700;In Fine;;réalisée;https://www.umoatitres.org/fr/emission/emission-simultanee-du-tresor-de-cote-divoire-du-29-07-2025/
Côte d'Ivoire;ES (Titre 4);OAT;;2025-07-29;2025-07-30;2032-07-30;84;;50000;200.0000;200.0000;CI0000009403;5.9500;9210.0000;;9210.0000;;7.4400;In Fine;;réalisée;https://www.umoatitres.org/fr/emission/emission-simultanee-du-tresor-de-cote-divoire-du-29-07-2025/
Mali;ES (Titre 1);BAT;;2025-08-04;2025-08-05;2026-08-03;12;;30000;22725.0000;15725.0000;ML0000003789;multiple;;8.2400;;8.1015;8.8200;In Fine;;réalisée;https://www.umoatitres.org/fr/emission/emission-simultanee-du-tresor-du-mali-du-04-08-2025/
Mali;ES (Titre 2);OAT;;2025-08-04;2025-08-05;2028-08-05;36;;30000;6000.0000;4500.0000;ML0000003797;6.1500;9200.0000;;9259.1100;;9.0800;In Fine;;réalisée;https://www.umoatitres.org/fr/emission/emission-simultanee-du-tresor-du-mali-du-04-08-2025/
Mali;ES (Titre 3);OAT;;2025-08-04;2025-08-05;2030-08-05;60;;30000;1495.0000;1495.0000;ML0000003805;6.3500;9500.0000;;9500.0000;;7.5900;In Fine;;réalisée;https://www.umoatitres.org/fr/emission/emission-simultanee-du-tresor-du-mali-du-04-08-2025/
Niger;ES (Titre 1);BAT;;2025-07-31;2025-08-01;2026-01-29;6;;51000;10712.0000;10712.0000;NE0000002581;multiple;;11.0000;;9.7951;10.3100;In Fine;;réalisée;https://www.umoatitres.org/fr/emission/emission-simultanee-du-tresor-du-niger-du-31-07-2025/
Niger;ES (Titre 2);BAT;;2025-07-31;2025-08-01;2026-07-30;12;;51000;10771.0000;10771.0000;NE0000002599;multiple;;10.5000;;10.0718;11.2100;In Fine;;réalisée;https://www.umoatitres.org/fr/emission/emission-simultanee-du-tresor-du-niger-du-31-07-2025/
Burkina Faso;ES (Titre 1);BAT;;2025-07-30;2025-07-31;2026-07-29;12;;40000;27541.0000;19315.0000;BF0000003897;multiple;;8.2900;;8.1017;8.8200;In Fine;;réalisée;https://www.umoatitres.org/fr/emission/emission-simultanee-du-tresor-du-burkina-du-30-07-2025/
Burkina Faso;ES (Titre 2);OAT;;2025-07-30;2025-07-31;2028-07-31;36;;40000;6776.7100;6105.6200;BF0000003905;6.0000;9225.5000;;9239.6300;;9.0000;In Fine;;réalisée;https://www.umoatitres.org/fr/emission/emission-simultanee-du-tresor-du-burkina-du-30-07-2025/
Burkina Faso;ES (Titre 3);OAT;;2025-07-30;2025-07-31;2030-07-31;60;;40000;4965.4800;4965.4800;BF0000003913;6.2000;9105.0000;;9401.8900;;7.6900;In Fine;;réalisée;https://www.umoatitres.org/fr/emission/emission-simultanee-du-tresor-du-burkina-du-30-07-2025/
Burkina Faso;ES (Titre 4);OAT;;2025-07-30;2025-07-31;2032-07-31;84;;40000;13475.7200;13475.7200;BF0000003921;6.4000;9000.0000;;9162.0100;;8.0100;In Fine;;réalisée;https://www.umoatitres.org/fr/emission/emission-simultanee-du-tresor-du-burkina-du-30-07-2025/
Mali;ES (Titre 1);BAT;;2025-07-24;2025-07-25;2026-07-22;12;;14888;14888.0000;14888.0000;ML0000003771;multiple;;8.2500;;8.2312;8.9800;In Fine;;réalisée;https://www.umoatitres.org/fr/emission/rachat-et-emission-simultanee-du-tresor-du-mali-du-24-07-2025/
Guinée Bissau;ES (Titre 1);BAT;;2025-07-28;2025-07-29;2026-07-14;12;;12500;23456.0000;3672.0000;GW0000001408;multiple;;7.9707;;7.9545;8.6200;In Fine;;réalisée;https://www.umoatitres.org/fr/emission/emission-simultanee-du-tresor-de-guinee-bissau-du-28-07-2025/
Guinée Bissau;ES (Titre 2);OAT;;2025-07-28;2025-07-29;2028-07-16;36;;12500;15710.3400;10078.0000;GW0000001416;6.2500;9121.0000;;9181.8300;;9.5400;In Fine;;réalisée;https://www.umoatitres.org/fr/emission/emission-simultanee-du-tresor-de-guinee-bissau-du-28-07-2025/
Mali;ES (Titre 1);BAT;;2025-07-22;2025-07-22;2026-07-08;12;;11775;4222.0000;4222.0000;ML0000003755;multiple;;8.0000;;8.0000;8.6800;In Fine;;réalisée;https://www.umoatitres.org/fr/emission/rachat-et-emission-simultanee-du-tresor-du-mali-du-22-07-2025/
Mali;ES (Titre 2);OAT;;2025-07-22;2025-07-22;2028-07-10;36;;11775;8367.6800;8367.6800;ML0000003763;6.1500;9284.6900;;9284.6900;;9.0000;In Fine;;réalisée;https://www.umoatitres.org/fr/emission/rachat-et-emission-simultanee-du-tresor-du-mali-du-22-07-2025/
Sénégal;ES (Titre 1);BAT;;2025-07-25;2025-07-28;2026-07-26;12;;120000;26391.0000;5925.0000;SN0000004003;multiple;;6.5889;;6.5858;7.0600;In Fine;;réalisée;https://www.umoatitres.org/fr/emission/emission-simultanee-du-tresor-du-senegal-du-25-07-2025/
Sénégal;ES (Titre 2);OAT;;2025-07-25;2025-07-28;2028-07-28;36;;120000;142289.6500;121160.0000;SN0000004011;6.3000;9900.0000;;9900.0000;;6.6800;In Fine;;réalisée;https://www.umoatitres.org/fr/emission/emission-simultanee-du-tresor-du-senegal-du-25-07-2025/
Sénégal;ES (Titre 3);OAT;;2025-07-25;2025-07-28;2030-07-28;60;;120000;11468.0000;4915.0000;SN0000004029;6.4500;9535.0000;;9546.7900;;7.5700;In Fine;;réalisée;https://www.umoatitres.org/fr/emission/emission-simultanee-du-tresor-du-senegal-du-25-07-2025/
Sénégal;ES (Titre 1);BAT;;2025-07-21;2025-07-22;2026-07-02;12;;24;14008.0000;14008.0000;SN0000003971;multiple;;6.7000;;6.6932;7.1500;In Fine;;réalisée;https://www.umoatitres.org/fr/emission/rachat-et-emission-simultanee-du-tresor-du-senegal-du-21-07-2025/
Sénégal;ES (Titre 2);OAT;;2025-07-21;2025-07-22;2028-06-02;36;;24;8489.6300;8489.6300;SN0000003815;6.3000;9776.7600;;9776.7600;;7.1800;In Fine;;réalisée;https://www.umoatitres.org/fr/emission/rachat-et-emission-simultanee-du-tresor-du-senegal-du-21-07-2025/
Sénégal;ES (Titre 3);OAT;;2025-07-21;2025-07-22;2030-07-04;60;;24;2764.4800;2764.4800;SN0000003997;6.4500;9546.4300;;9546.4300;;7.5800;In Fine;;réalisée;https://www.umoatitres.org/fr/emission/rachat-et-emission-simultanee-du-tresor-du-senegal-du-21-07-2025/
Côte d'Ivoire;ES (Titre 1);BAT;;2025-07-22;2025-07-23;2025-11-18;4;;65000;13520.0000;13500.0000;CI0000008371;multiple;;6.2500;;5.8744;5.9900;In Fine;;réalisée;https://www.umoatitres.org/fr/emission/emission-simultanee-du-tresor-de-cote-divoire-du-22-07-2025/
Côte d'Ivoire;ES (Titre 2);BAT;;2025-07-22;2025-07-23;2025-11-25;4;;65000;31025.0000;26000.0000;CI0000008454;multiple;;6.2300;;5.4283;5.5300;In Fine;;réalisée;https://www.umoatitres.org/fr/emission/emission-simultanee-du-tresor-de-cote-divoire-du-22-07-2025/
Côte d'Ivoire;ES (Titre 3);BAT;;2025-07-22;2025-07-23;2025-12-07;5;;65000;34571.0000;32000.0000;CI0000008512;multiple;;6.4000;;6.0385;6.1800;In Fine;;réalisée;https://www.umoatitres.org/fr/emission/emission-simultanee-du-tresor-de-cote-divoire-du-22-07-2025/
Mali;ES (Titre 1);BAT;;2025-07-23;2025-07-24;2026-07-22;12;;35000;36469.0000;28726.0000;ML0000003771;multiple;;8.2500;;8.1099;8.8300;In Fine;;réalisée;https://www.umoatitres.org/fr/emission/emission-simultanee-du-tresor-du-mali-du-23-07-2025/
Mali;ES (Titre 2);OAT;;2025-07-23;2025-07-24;2028-06-26;36;;35000;8668.3300;8668.3300;ML0000003706;6.1500;9200.0000;;9259.2400;;9.1400;In Fine;;réalisée;https://www.umoatitres.org/fr/emission/emission-simultanee-du-tresor-du-mali-du-23-07-2025/
Mali;ES (Titre 3);OAT;;2025-07-23;2025-07-24;2030-05-15;60;;35000;1119.0000;1105.0000;ML0000003649;6.3500;9500.0000;;9500.0000;;7.6200;In Fine;;réalisée;https://www.umoatitres.org/fr/emission/emission-simultanee-du-tresor-du-mali-du-23-07-2025/
Côte d'Ivoire;ES (Titre 2);OAT;;2025-07-17;2025-07-18;2028-07-09;36;;87500;8975.0000;1461.2600;CI0000009346;5.7000;9531.7100;;9530.0000;;7.5100;In Fine;;réalisée;https://www.umoatitres.org/fr/emission/emission-simultanee-du-tresor-de-cote-divoire-du-17-07-2025/
Côte d'Ivoire;ES (Titre 3);OAT;;2025-07-17;2025-07-18;2028-09-15;36;;87500;43697.4600;43697.4600;CI0000004800;5.7000;9529.6900;;9529.6900;;7.4100;In Fine;;réalisée;https://www.umoatitres.org/fr/emission/emission-simultanee-du-tresor-de-cote-divoire-du-17-07-2025/
Côte d'Ivoire;ES (Titre 4);OAT;;2025-07-17;2025-07-18;2028-10-25;36;;87500;44141.2800;44141.2800;CI0000006946;5.7000;9514.0400;;9514.0300;;7.4100;In Fine;;réalisée;https://www.umoatitres.org/fr/emission/emission-simultanee-du-tresor-de-cote-divoire-du-17-07-2025/
Côte d'Ivoire;ES (Titre 5);OAT;;2025-07-17;2025-07-18;2030-07-09;60;;87500;2000.0000;2000.0000;CI0000009353;5.9000;9312.0000;;9356.7500;;7.4900;In Fine;;réalisée;https://www.umoatitres.org/fr/emission/emission-simultanee-du-tresor-de-cote-divoire-du-17-07-2025/
Côte d'Ivoire;ES (Titre 6);OAT;;2025-07-17;2025-07-18;2032-07-09;84;;87500;4950.0000;4950.0000;CI0000009361;6.0000;9200.0000;;9206.3200;;7.5000;In Fine;;réalisée;https://www.umoatitres.org/fr/emission/emission-simultanee-du-tresor-de-cote-divoire-du-17-07-2025/
Côte d'Ivoire;ES (Titre 1);BAT;;2025-07-11;2025-07-11;2026-07-07;12;;29760;9551.0000;9551.0000;CI0000009338;multiple;;6.5900;;6.5188;6.9800;In Fine;;réalisée;https://www.umoatitres.org/fr/emission/rachat-emission-simultanee-du-tresor-de-cote-divoire-du-11-07-2025/
Côte d'Ivoire;ES (Titre 2);OAT;;2025-07-11;2025-07-11;2028-07-09;36;;29760;20208.7000;20208.7000;CI0000009346;5.7000;9506.0000;;9529.9300;;7.5100;In Fine;;réalisée;https://www.umoatitres.org/fr/emission/rachat-emission-simultanee-du-tresor-de-cote-divoire-du-11-07-2025/
Burkina Faso;ES (Titre 1);BAT;;2025-07-16;2025-07-17;2026-07-15;12;;30000;29606.0000;14139.0000;BF0000003855;multiple;;8.5000;;8.3302;9.1000;In Fine;;réalisée;https://www.umoatitres.org/fr/emission/emission-simultanee-du-tresor-du-burkina-du-16-07-2025/
Burkina Faso;ES (Titre 2);OAT;;2025-07-16;2025-07-17;2028-07-17;36;;30000;6103.8400;5903.8400;BF0000003863;6.0000;9200.0000;;9233.6600;;9.0300;In Fine;;réalisée;https://www.umoatitres.org/fr/emission/emission-simultanee-du-tresor-du-burkina-du-16-07-2025/
Burkina Faso;ES (Titre 3);OAT;;2025-07-16;2025-07-17;2030-07-17;60;;30000;8456.6000;8456.6000;BF0000003871;6.2000;9100.0000;;9119.7400;;8.4300;In Fine;;réalisée;https://www.umoatitres.org/fr/emission/emission-simultanee-du-tresor-du-burkina-du-16-07-2025/
Burkina Faso;ES (Titre 4);OAT;;2025-07-16;2025-07-17;2032-07-17;84;;30000;4500.0000;4500.0000;BF0000003889;6.4000;9000.0000;;9000.6700;;8.3400;In Fine;;réalisée;https://www.umoatitres.org/fr/emission/emission-simultanee-du-tresor-du-burkina-du-16-07-2025/
Bénin;;BAT;;2025-07-18;2025-07-21;2025-10-19;3;;30000;98878.0000;33000.0000;BJ0000002473;multiple;;5.3275;;5.2727;5.3400;In Fine;;réalisée;https://www.umoatitres.org/fr/emission/emission-du-tresor-du-benin-du-17-07-2025/
Niger;ES (Titre 1);BAT;;2025-07-09;2025-07-10;2026-06-11;12;;;16623.0000;16623.0000;NE0000002565;multiple;;9.9500;;9.6478;10.6100;In Fine;;réalisée;https://www.umoatitres.org/fr/emission/emission-simultanee-du-tresor-du-niger-du-09-07-2025/
Niger;ES (Titre 2);OAT;;2025-07-09;2025-07-10;2028-06-13;36;;;3584.0000;3584.0000;NE0000002573;6.3000;9180.0000;;9180.0000;;9.6400;In Fine;;réalisée;https://www.umoatitres.org/fr/emission/emission-simultanee-du-tresor-du-niger-du-09-07-2025/
Guinée Bissau;ES (Titre 1);BAT;;2025-07-15;2025-07-16;2026-07-14;12;;10000;26630.0000;1000.0000;GW0000001408;multiple;;8.1900;;8.0166;8.7200;In Fine;;réalisée;https://www.umoatitres.org/fr/emission/emission-simultanee-du-tresor-de-guinee-bissau-du-15-07-2025/
Guinée Bissau;ES (Titre 2);OAT;;2025-07-15;2025-07-16;2028-07-16;36;;10000;24259.1100;10000.0000;GW0000001416;6.2500;9101.0000;;9169.2100;;9.5700;In Fine;;réalisée;https://www.umoatitres.org/fr/emission/emission-simultanee-du-tresor-de-guinee-bissau-du-15-07-2025/
Côte d'Ivoire;ES (Titre 1);BAT;;2025-07-08;2025-07-09;2026-07-07;12;;270000;55863.0000;14556.0000;CI0000009338;multiple;;6.5900;;6.5525;7.0200;In Fine;;réalisée;https://www.umoatitres.org/fr/emission/emission-simultanee-du-tresor-de-cote-divoire-du-08-07-2025/
Côte d'Ivoire;ES (Titre 2);OAT;;2025-07-08;2025-07-09;2028-07-09;36;;270000;8602.0000;8602.0000;CI0000009346;5.7000;9505.0000;;9508.3900;;7.5900;In Fine;;réalisée;https://www.umoatitres.org/fr/emission/emission-simultanee-du-tresor-de-cote-divoire-du-08-07-2025/
Côte d'Ivoire;ES (Titre 3);OAT;;2025-07-08;2025-07-09;2028-09-15;36;;270000;131323.8000;131323.8000;CI0000004800;5.7000;9526.1100;;9526.1100;;7.4100;In Fine;;réalisée;https://www.umoatitres.org/fr/emission/emission-simultanee-du-tresor-de-cote-divoire-du-08-07-2025/
Côte d'Ivoire;ES (Titre 4);OAT;;2025-07-08;2025-07-09;2028-10-25;36;;270000;132356.9000;132356.9000;CI0000006946;5.7000;9510.6000;;9510.6000;;7.4100;In Fine;;réalisée;https://www.umoatitres.org/fr/emission/emission-simultanee-du-tresor-de-cote-divoire-du-08-07-2025/
Côte d'Ivoire;ES (Titre 5);OAT;;2025-07-08;2025-07-09;2030-07-09;60;;270000;5600.0000;5600.0000;CI0000009353;5.9000;9305.0000;;9310.8000;;7.6100;In Fine;;réalisée;https://www.umoatitres.org/fr/emission/emission-simultanee-du-tresor-de-cote-divoire-du-08-07-2025/
Côte d'Ivoire;ES (Titre 6);OAT;;2025-07-08;2025-07-09;2032-07-09;84;;270000;4560.6600;4560.6600;CI0000009361;6.0000;9200.0000;;9651.6100;;6.6400;In Fine;;réalisée;https://www.umoatitres.org/fr/emission/emission-simultanee-du-tresor-de-cote-divoire-du-08-07-2025/
Sénégal;;BAT;;2025-07-03;2025-07-04;2026-07-02;12;;14000;14000.0000;14000.0000;SN0000003971;multiple;;6.7000;;6.6964;7.1800;In Fine;;réalisée;https://www.umoatitres.org/fr/emission/emission-du-tresor-du-senegal-du-03-07-2025/
Mali;ES (Titre 1);BAT;;2025-07-09;2025-07-10;2026-07-08;;;40000;33247.0000;17314.0000;ML0000003755;multiple;;8.3000;;8.2777;9.0300;In Fine;;réalisée;https://www.umoatitres.org/fr/emission/emission-simultanee-du-tresor-du-mali-du-09-07-2025/
Mali;ES (Titre 2);OAT;;2025-07-09;2025-07-10;2028-07-10;36;;40000;8260.5000;7260.5000;ML0000003763;6.1500;9200.0000;;9200.3600;;9.3300;In Fine;;réalisée;https://www.umoatitres.org/fr/emission/emission-simultanee-du-tresor-du-mali-du-09-07-2025/
Mali;ES (Titre 3);OAT;;2025-07-09;2025-07-10;2030-06-12;60;;40000;7939.6000;7939.6000;ML0000003680;6.3500;9300.0000;;9367.0000;;7.9500;In Fine;;réalisée;https://www.umoatitres.org/fr/emission/emission-simultanee-du-tresor-du-mali-du-09-07-2025/
Mali;ES (Titre 4);OAT;;2025-07-09;2025-07-10;2032-02-20;84;;40000;7099.3000;7099.3000;ML0000003474;6.4500;9000.0000;;9202.8000;;8.0400;In Fine;;réalisée;https://www.umoatitres.org/fr/emission/emission-simultanee-du-tresor-du-mali-du-09-07-2025/
Mali;ES (Titre 5);OAT;;2025-07-09;2025-07-10;2035-02-20;120;;40000;4786.1000;4386.1000;ML0000003482;6.5500;9300.0000;;9300.1300;;7.5900;In Fine;;réalisée;https://www.umoatitres.org/fr/emission/emission-simultanee-du-tresor-du-mali-du-09-07-2025/
Burkina Faso;ES (Titre 1);BAT;;2025-07-02;2025-07-03;2026-07-01;12;;35000;29089.0000;26696.0000;BF0000003814;multiple;;8.8000;;8.5389;9.3500;In Fine;;réalisée;https://www.umoatitres.org/fr/emission/emission-simultanee-du-tresor-du-burkina-du-02-07-2025/
Burkina Faso;ES (Titre 2);OAT;;2025-07-02;2025-07-03;2028-07-03;36;;35000;9003.5000;9003.5000;BF0000003822;6.0000;9200.0000;;9678.3400;;7.2300;In Fine;;réalisée;https://www.umoatitres.org/fr/emission/emission-simultanee-du-tresor-du-burkina-du-02-07-2025/
Burkina Faso;ES (Titre 3);OAT;;2025-07-02;2025-07-03;2030-07-03;60;;35000;800.0000;800.0000;BF0000003830;6.2000;9100.0000;;9100.0000;;8.4800;In Fine;;réalisée;https://www.umoatitres.org/fr/emission/emission-simultanee-du-tresor-du-burkina-du-02-07-2025/
Burkina Faso;ES (Titre 4);OAT;;2025-07-02;2025-07-03;2032-07-03;84;;35000;2000.0000;2000.0000;BF0000003848;6.4000;9000.0000;;9000.0000;;8.3400;In Fine;;réalisée;https://www.umoatitres.org/fr/emission/emission-simultanee-du-tresor-du-burkina-du-02-07-2025/
Sénégal;ES (Titre 1);BAT;;2025-07-03;2025-07-04;2026-07-02;12;;175000;42290.0000;17360.0000;SN0000003971;multiple;;6.7000;;6.6936;7.1800;In Fine;;réalisée;https://www.umoatitres.org/fr/emission/emission-simultanee-du-tresor-du-senegal-du-03-07-2025/
Sénégal;ES (Titre 2);OAT;;2025-07-03;2025-07-04;2028-07-04;36;;175000;194685.5700;175137.5700;SN0000003989;6.3000;9680.0000;;9680.0200;;7.5300;In Fine;;réalisée;https://www.umoatitres.org/fr/emission/emission-simultanee-du-tresor-du-senegal-du-03-07-2025/
Côte d'Ivoire;ES (Titre 1);BAT;Echange;2025-06-17;2025-06-18;2025-12-16;6;;55694;55694.0000;55694.0000;CI0000008595;multiple;;5.0000;;5.0000;5.1300;In Fine;;réalisée;https://www.umoatitres.org/fr/emission/rachat-emission-simultanee-du-tresor-de-cote-divoire-du-17-06-2025/
Niger;ES (Titre 1);BAT;;2025-06-16;2025-06-16;2025-11-06;4;;20000;20000.0000;20000.0000;NE0000002532;multiple;;8.0000;;8.0000;8.2600;In Fine;;réalisée;https://www.umoatitres.org/fr/emission/rachat-et-emission-simultanee-du-tresor-du-niger-du-16-06-2025/
Niger;;BAT;;2025-06-12;2025-06-12;2026-05-28;12;;14500;14500.0000;14500.0000;NE0000002540;multiple;;9.7500;;9.2914;10.2200;In Fine;;réalisée;https://www.umoatitres.org/fr/emission/emission-de-bons-du-tresor-du-niger-du-12-06-2025/
Côte d'Ivoire;ES (Titre 1);BAT;;2025-06-16;2025-06-17;2026-06-15;12;;30000;23015.0000;20999.0000;CI0000009288;multiple;;6.6500;;6.6474;7.1300;In Fine;;réalisée;https://www.umoatitres.org/fr/emission/emission-simultanee-du-tresor-de-cote-divoire-du-16-06-2025/
Côte d'Ivoire;ES (Titre 2);OAT;;2025-06-16;2025-06-17;2028-06-17;36;;30000;12001.0000;12001.0000;CI0000009296;5.7000;9505.0000;;9505.0200;;7.6100;In Fine;;réalisée;https://www.umoatitres.org/fr/emission/emission-simultanee-du-tresor-de-cote-divoire-du-16-06-2025/
Côte d'Ivoire;ES (Titre 1);BAT;;2025-06-03;2025-06-03;2025-12-21;6;;55000;55000.0000;55000.0000;CI0000008660;multiple;;6.6000;;6.5573;6.8100;In Fine;;réalisée;https://www.umoatitres.org/fr/emission/rachat-et-emission-du-tresor-de-la-cote-divoire-du-03-06-2025/
Mali;ES (Titre 1);OAT;;2025-06-04;2025-06-05;2028-05-15;36;;9636;6721.0400;6721.0400;ML0000003631;6.1500;9216.3900;;9216.3900;;9.3100;In Fine;;réalisée;https://www.umoatitres.org/fr/emission/rachat-et-emission-du-tresor-du-mali-du-04-06-2025/
Mali;ES (Titre 2);BAT;;2025-06-04;2025-06-05;2026-05-28;12;;9636;2915.0000;2915.0000;ML0000003656;multiple;;8.6400;;8.6400;9.4500;In Fine;;réalisée;https://www.umoatitres.org/fr/emission/rachat-et-emission-du-tresor-du-mali-du-04-06-2025/
Sénégal;ES (Titre 1);BAT;;2025-06-13;2025-06-16;2026-06-14;12;;70000;44700.0000;42471.0000;SN0000003880;multiple;;6.9800;;6.7522;7.2500;In Fine;;réalisée;https://www.umoatitres.org/fr/emission/emission-simultanee-du-tresor-du-senegal-du-12-06-2025/
Sénégal;ES (Titre 2);OAT;;2025-06-13;2025-06-16;2028-06-02;36;;70000;34528.0600;34528.0600;SN0000003815;6.3000;9530.0000;;9706.1792;;7.4385;In Fine;;réalisée;https://www.umoatitres.org/fr/emission/emission-simultanee-du-tresor-du-senegal-du-12-06-2025/
Mali;ES (Titre 1);BAT;;2025-05-30;2025-06-02;2026-05-28;12;;30413;20413.0000;20413.0000;ML0000003656;multiple;;8.6400;;8.5283;9.3300;In Fine;;réalisée;https://www.umoatitres.org/fr/emission/rachat-et-emission-du-tresor-du-mali-du-30-05-2025/
Mali;ES (Titre 2);OAT;;2025-05-30;2025-06-02;2028-05-15;36;;30413;10000.0000;10000.0000;ML0000003631;6.1500;9300.0000;;9300.0000;;8.9500;In Fine;;réalisée;https://www.umoatitres.org/fr/emission/rachat-et-emission-du-tresor-du-mali-du-30-05-2025/
Sénégal;ES (Titre 1);BAT;;2025-06-27;2025-06-30;2026-06-28;12;;205000;39328.0000;20500.0000;SN0000003898;multiple;;6.8900;;6.7220;7.2100;In Fine;;réalisée;https://www.umoatitres.org/fr/emission/emission-simultanee-du-tresor-du-senegal-du-27-06-2025/
Sénégal;ES (Titre 2);OAT;;2025-06-27;2025-06-30;2028-06-30;36;;205000;218660.9600;205000.0000;SN0000003906;6.3000;9580.0000;;9679.3800;;7.5300;In Fine;;réalisée;https://www.umoatitres.org/fr/emission/emission-simultanee-du-tresor-du-senegal-du-27-06-2025/
Mali;ES (Titre 1);BAT;;2025-06-25;2025-06-26;2026-06-24;12;;25000;28383.0000;17940.0000;ML0000003698;multiple;;8.5000;;8.4931;9.2900;In Fine;;réalisée;https://www.umoatitres.org/fr/emission/emission-simultanee-du-tresor-du-mali-du-25-06-2025/
Mali;ES (Titre 2);OAT;;2025-06-25;2025-06-26;2028-06-26;36;;25000;7328.0900;7328.0900;ML0000003706;6.1500;9200.0000;;9278.8400;;9.0000;In Fine;;réalisée;https://www.umoatitres.org/fr/emission/emission-simultanee-du-tresor-du-mali-du-25-06-2025/
Mali;ES (Titre 3);OAT;;2025-06-25;2025-06-26;2030-06-26;60;;25000;2000.0000;2000.0000;ML0000003714;6.3500;9237.0000;;9237.0000;;8.2700;In Fine;;réalisée;https://www.umoatitres.org/fr/emission/emission-simultanee-du-tresor-du-mali-du-25-06-2025/
Côte d'Ivoire;ES (Titre 1);BAT;;2025-06-24;2025-06-25;2026-06-23;12;;65000;43351.0000;15443.0000;CI0000009320;multiple;;6.6200;;6.5196;6.9800;In Fine;;réalisée;https://www.umoatitres.org/fr/emission/emission-simultanee-du-tresor-de-cote-divoire-du-24-06-2025/
Côte d'Ivoire;ES (Titre 2);OAT;;2025-06-24;2025-06-25;2028-06-17;36;;65000;32610.0000;32610.0000;CI0000009296;5.7000;9505.0000;;9695.2500;;6.8600;In Fine;;réalisée;https://www.umoatitres.org/fr/emission/emission-simultanee-du-tresor-de-cote-divoire-du-24-06-2025/
Côte d'Ivoire;ES (Titre 3);OAT;;2025-06-24;2025-06-25;2030-06-17;60;;65000;4501.1600;4501.1600;CI0000009304;5.9000;9350.0000;;9351.1600;;7.5100;In Fine;;réalisée;https://www.umoatitres.org/fr/emission/emission-simultanee-du-tresor-de-cote-divoire-du-24-06-2025/
Côte d'Ivoire;ES (Titre 4);OAT;;2025-06-24;2025-06-25;2032-06-04;84;;65000;18945.1200;18945.1200;CI0000009205;6.0000;9200.0000;;9375.1500;;7.1700;In Fine;;réalisée;https://www.umoatitres.org/fr/emission/emission-simultanee-du-tresor-de-cote-divoire-du-24-06-2025/
Bénin;ES (Titre 1);BAT;;2025-06-19;2025-06-20;2025-12-18;6;;25000;67168.0000;6500.0000;BJ0000002465;multiple;;5.7900;;5.5657;5.7200;In Fine;;réalisée;https://www.umoatitres.org/fr/emission/emission-simultanee-du-tresor-du-benin-du-19-06-2025/
Bénin;ES (Titre 2);OAT;;2025-06-19;2025-06-20;2028-01-17;36;;25000;39637.3300;10888.2100;BJ0000002291;5.7000;9902.0000;;9902.0000;;6.1000;In Fine;;réalisée;https://www.umoatitres.org/fr/emission/emission-simultanee-du-tresor-du-benin-du-19-06-2025/
Bénin;ES (Titre 3);OAT;;2025-06-19;2025-06-20;2030-03-21;60;;25000;40.0800;40.0800;BJ0000002416;5.9000;9600.0000;;9616.2900;;6.8600;In Fine;;réalisée;https://www.umoatitres.org/fr/emission/emission-simultanee-du-tresor-du-benin-du-19-06-2025/
Bénin;ES (Titre 4);OAT;;2025-06-19;2025-06-20;2032-03-21;84;;25000;10071.7100;10071.7100;BJ0000002424;6.0000;9325.0000;;9391.3600;;7.1600;In Fine;;réalisée;https://www.umoatitres.org/fr/emission/emission-simultanee-du-tresor-du-benin-du-19-06-2025/
Burkina Faso;ES (Titre 1);BAT;;2025-06-18;2025-06-19;2026-06-17;12;;30000;24990.0000;18460.0000;BF0000003772;multiple;;8.7000;;8.4700;9.2600;In Fine;;réalisée;https://www.umoatitres.org/fr/emission/emission-simultanee-du-tresor-du-burkina-du-18-06-2025/
Burkina Faso;ES (Titre 2);OAT;;2025-06-18;2025-06-19;2028-06-19;36;;30000;3360.8100;3360.8100;BF0000003780;6.0000;9100.0000;;9482.5200;;8.0100;In Fine;;réalisée;https://www.umoatitres.org/fr/emission/emission-simultanee-du-tresor-du-burkina-du-18-06-2025/
Burkina Faso;ES (Titre 3);OAT;;2025-06-18;2025-06-19;2030-06-19;60;;30000;3759.0700;3759.0700;BF0000003798;6.2000;9100.0000;;9113.4400;;8.4500;In Fine;;réalisée;https://www.umoatitres.org/fr/emission/emission-simultanee-du-tresor-du-burkina-du-18-06-2025/
Burkina Faso;ES (Titre 4);OAT;;2025-06-18;2025-06-19;2032-06-19;84;;30000;7419.6900;7419.6900;BF0000003806;6.4000;9000.0000;;9014.5300;;8.3100;In Fine;;réalisée;https://www.umoatitres.org/fr/emission/emission-simultanee-du-tresor-du-burkina-du-18-06-2025/
Guinée Bissau;ES (Titre 1);BAT;;2025-06-17;2025-06-18;2025-12-16;6;;15000;13415.0000;6005.0000;GW0000001390;multiple;;8.7000;;8.4418;8.8200;In Fine;;réalisée;https://www.umoatitres.org/fr/emission/emission-simultanee-du-tresor-de-guinee-bissau-du-17-06-2025/
Guinée Bissau;ES (Titre 2);BAT;;2025-06-17;2025-06-18;2026-05-18;12;;15000;12874.0000;4264.0000;GW0000001382;multiple;;8.7000;;8.4483;9.1700;In Fine;;réalisée;https://www.umoatitres.org/fr/emission/emission-simultanee-du-tresor-de-guinee-bissau-du-17-06-2025/
Guinée Bissau;ES (Titre 3);OAT;;2025-06-17;2025-06-18;2028-03-25;36;;15000;12738.3900;4731.0000;GW0000001366;6.2500;9061.4400;;9080.7100;;10.2100;In Fine;;réalisée;https://www.umoatitres.org/fr/emission/emission-simultanee-du-tresor-de-guinee-bissau-du-17-06-2025/
Niger;ES (Titre 1);BAT;;2025-06-12;2025-06-13;2025-09-11;3;;25000;8008.0000;7938.0000;NE0000002557;multiple;;9.5000;;9.4610;9.6900;In Fine;;réalisée;https://www.umoatitres.org/fr/emission/emission-simultanee-du-tresor-du-niger-du-12-06-2025/
Niger;ES (Titre 2);BAT;;2025-06-12;2025-06-13;2026-06-11;12;;25000;7092.0000;7060.0000;NE0000002565;multiple;;10.0000;;9.7510;10.8200;In Fine;;réalisée;https://www.umoatitres.org/fr/emission/emission-simultanee-du-tresor-du-niger-du-12-06-2025/
Niger;ES (Titre 3);OAT;;2025-06-12;2025-06-13;2028-06-13;36;;25000;7898.6200;7898.6200;NE0000002573;6.3000;9051.0000;;9184.4000;;9.5500;In Fine;;réalisée;https://www.umoatitres.org/fr/emission/emission-simultanee-du-tresor-du-niger-du-12-06-2025/
Mali;ES (Titre 1);BAT;;2025-06-11;2025-06-12;2026-06-10;12;;30000;20010.0000;20010.0000;ML0000003664;multiple;;8.8000;;8.5444;9.3523;In Fine;;réalisée;https://www.umoatitres.org/fr/emission/emission-simultanee-du-tresor-du-mali-du-11-06-2025/
Mali;ES (Titre 2);OAT;;2025-06-11;2025-06-12;2028-06-12;36;;30000;10345.0000;10345.0000;ML0000003672;6.1500;9200.0000;;9226.9744;;9.2156;In Fine;;réalisée;https://www.umoatitres.org/fr/emission/emission-simultanee-du-tresor-du-mali-du-11-06-2025/
Mali;ES (Titre 3);OAT;;2025-06-11;2025-06-12;2030-06-12;60;;30000;175.0000;175.0000;ML0000003680;6.3500;9200.0000;;9217.7143;;8.3262;In Fine;;réalisée;https://www.umoatitres.org/fr/emission/emission-simultanee-du-tresor-du-mali-du-11-06-2025/
Côte d'Ivoire;ES (Titre 1);BAT;;2025-06-10;2025-06-11;2026-06-09;12;;110000;49230.0000;37230.0000;CI0000009247;multiple;;6.7000;;6.6956;7.1818;In Fine;;réalisée;https://www.umoatitres.org/fr/emission/emission-simultanee-du-tresor-de-cote-divoire-du-10-06-2025/
Côte d'Ivoire;ES (Titre 2);OAT;;2025-06-10;2025-06-11;2028-06-04;36;;110000;29331.2500;29331.2500;CI0000009239;5.7000;9505.0000;;9509.9163;;7.5972;In Fine;;réalisée;https://www.umoatitres.org/fr/emission/emission-simultanee-du-tresor-de-cote-divoire-du-10-06-2025/
Côte d'Ivoire;ES (Titre 3);OAT;;2025-06-10;2025-06-11;2030-06-11;60;;110000;42500.0000;42500.0000;CI0000009270;5.9000;9390.0000;;9390.0000;;7.4039;In Fine;;réalisée;https://www.umoatitres.org/fr/emission/emission-simultanee-du-tresor-de-cote-divoire-du-10-06-2025/
Côte d'Ivoire;ES (Titre 4);OAT;;2025-06-10;2025-06-11;2032-06-04;84;;110000;900.0000;900.0000;CI0000009205;6.0000;9210.0000;;9210.0000;;7.4936;In Fine;;réalisée;https://www.umoatitres.org/fr/emission/emission-simultanee-du-tresor-de-cote-divoire-du-10-06-2025/
Côte d'Ivoire;ES (Titre 1);BAT;;2025-06-03;2025-06-04;2026-06-02;12;;50000;46148.0000;39148.0000;CI0000009213;multiple;;6.6000;;6.5381;7.0000;In Fine;;réalisée;https://www.umoatitres.org/fr/emission/emission-du-tresor-de-cote-divoire-du-03-06-2025/
Côte d'Ivoire;ES (Titre 2);OAT;;2025-06-03;2025-06-04;2028-06-04;36;;50000;13250.0000;13250.0000;CI0000009239;5.7000;9500.0000;;9501.4600;;7.6200;In Fine;;réalisée;https://www.umoatitres.org/fr/emission/emission-du-tresor-de-cote-divoire-du-03-06-2025/
Côte d'Ivoire;ES (Titre 4);OAT;;2025-06-03;2025-06-04;2032-06-04;84;;50000;500.0000;500.0000;CI0000009205;6.0000;9210.0000;;9210.0000;;7.4900;In Fine;;réalisée;https://www.umoatitres.org/fr/emission/emission-du-tresor-de-cote-divoire-du-03-06-2025/
Togo;;BAT;;2025-06-05;2025-06-10;2025-12-08;6;;20000;53094.0000;22000.0000;TG0000003219;multiple;;5.8500;;5.8455;6.0200;;;réalisée;https://www.umoatitres.org/fr/emission/emission-du-tresor-du-togo-du-05-06-2025/
Burkina Faso;ES (Titre 1);BAT;;2025-06-04;2025-06-05;2026-06-03;12;;35000;20102.0000;20092.0000;BF0000003731;multiple;;8.8000;;8.5756;9.3900;In Fine;;réalisée;https://www.umoatitres.org/fr/emission/emission-du-tresor-du-burkina-du-04-06-2025/
Burkina Faso;ES (Titre 2);OAT;;2025-06-04;2025-06-05;2028-06-05;36;;35000;6120.5000;442.0000;BF0000003749;6.0000;9500.0000;;9500.0000;;7.9400;In Fine;;réalisée;https://www.umoatitres.org/fr/emission/emission-du-tresor-du-burkina-du-04-06-2025/
Burkina Faso;ES (Titre 3);OAT;;2025-06-04;2025-06-05;2030-06-05;60;;35000;9958.4400;9958.4400;BF0000003756;6.2000;9100.0000;;9.0000;;7.3100;In Fine;;réalisée;https://www.umoatitres.org/fr/emission/emission-du-tresor-du-burkina-du-04-06-2025/
Burkina Faso;ES (Titre 4);OAT;;2025-06-04;2025-06-05;2032-06-05;84;;35000;7402.8200;7402.8200;BF0000003764;6.4000;9000.0000;;9.0000;;7.9300;In Fine;;réalisée;https://www.umoatitres.org/fr/emission/emission-du-tresor-du-burkina-du-04-06-2025/
Côte d'Ivoire;ES (Titre 1);BAT;;2025-05-27;2025-05-28;2026-03-24;12;;199147;42480.0000;42480.0000;CI0000008975;multiple;;6.6000;;6.6000;6.6900;In Fine;;réalisée;https://www.umoatitres.org/fr/emission/rachat-et-emission-du-tresor-de-cote-divoire-du-27-05-2025/
Côte d'Ivoire;ES (Titre 2);BAT;;2025-05-27;2025-05-28;2026-04-28;12;;199147;64000.0000;64000.0000;CI0000009080;multiple;;6.6000;;6.6000;7.0300;In Fine;;réalisée;https://www.umoatitres.org/fr/emission/rachat-et-emission-du-tresor-de-cote-divoire-du-27-05-2025/
Côte d'Ivoire;ES (Titre 3);BAT;;2025-05-27;2025-05-28;2026-05-19;12;;199147;28852.0000;28852.0000;CI0000009122;multiple;;6.6000;;6.6000;7.0600;In Fine;;réalisée;https://www.umoatitres.org/fr/emission/rachat-et-emission-du-tresor-de-cote-divoire-du-27-05-2025/
Côte d'Ivoire;ES (Titre 4);OAT;;2025-05-27;2025-05-28;2028-05-21;36;;199147;48743.6200;48743.6200;CI0000009130;5.7000;9500.0000;;9507.3600;;7.6100;In Fine;;réalisée;https://www.umoatitres.org/fr/emission/rachat-et-emission-du-tresor-de-cote-divoire-du-27-05-2025/
Côte d'Ivoire;ES (Titre 5);OAT;;2025-05-27;2025-05-28;2030-05-21;60;;199147;15071.4200;15071.4200;CI0000009148;5.9000;9431.9900;;9431.9900;;7.3000;In Fine;;réalisée;https://www.umoatitres.org/fr/emission/rachat-et-emission-du-tresor-de-cote-divoire-du-27-05-2025/
Sénégal;;OAT;;2025-05-26;2025-05-27;2028-05-27;36;;196787;210772.8700;196826.2000;SN0000003807;6.3000;9630.0000;;9630.0300;;7.7300;In Fine;;réalisée;https://www.umoatitres.org/fr/emission/emission-du-tresor-du-senegal-du-26-05-2025/
Niger;ES (Titre 1);BAT;;2025-05-28;2025-05-30;2026-05-28;12;;100000;39613.0000;39613.0000;NE0000002540;multiple;;10.3000;;9.7856;10.8600;In Fine;;réalisée;https://www.umoatitres.org/fr/emission/emission-simultanee-du-tresor-du-niger-du-28-05-2025/
Niger;ES (Titre 2);OAT;;2025-05-28;2025-05-30;2028-04-25;36;;100000;29716.0000;29716.0000;NE0000002482;6.3000;8990.0000;;9198.5200;;9.5800;In Fine;;réalisée;https://www.umoatitres.org/fr/emission/emission-simultanee-du-tresor-du-niger-du-28-05-2025/
Guinée Bissau;ES (Titre 1);BAT;;2025-05-19;2025-05-20;2025-08-07;12;;10000;12412.0000;5000.0000;GW0000001234;multiple;;8.1000;;8.1000;8.2500;In Fine;;réalisée;https://www.umoatitres.org/fr/emission/emission-simultanee-du-tresor-de-guinee-bissau-du-19-05-2025/
Guinée Bissau;ES (Titre 2);BAT;;2025-05-19;2025-05-20;2026-05-18;12;;10000;23435.0000;3413.0000;GW0000001382;multiple;;8.9628;;8.9432;9.8300;In Fine;;réalisée;https://www.umoatitres.org/fr/emission/emission-simultanee-du-tresor-de-guinee-bissau-du-19-05-2025/
Guinée Bissau;ES (Titre 3);OAT;;2025-05-19;2025-05-20;2028-03-25;36;;10000;1587.9300;1587.9300;GW0000001366;6.2500;9020.0000;;9051.6100;;10.2400;In Fine;;réalisée;https://www.umoatitres.org/fr/emission/emission-simultanee-du-tresor-de-guinee-bissau-du-19-05-2025/
Guinée Bissau;ES (Titre 1);BAT;;2025-05-09;2025-05-12;2026-04-27;12;;10829;10829.0000;10829.0000;GW0000001374;multiple;;9.2500;;9.1963;10.1021;In Fine;;réalisée;https://www.umoatitres.org/fr/emission/rachat-et-emission-du-tresor-de-guinee-bissau-du-09-05-2025/
Niger;ES (Titre 1);BAT;;2025-05-07;2025-05-08;2026-02-19;9;;14451;14451.0000;14451.0000;NE0000002359;multiple;;9.9500;;9.9500;10.8100;In Fine;;réalisée;https://www.umoatitres.org/fr/emission/rachat-et-emission-simultanee-du-tresor-du-niger-du-07-05-2025/
Niger;;BAT;;2025-05-08;2025-05-09;2025-11-06;6;;20000;20183.0000;20183.0000;NE0000002532;multiple;;10.0000;;9.5093;9.9900;In Fine;;réalisée;https://www.umoatitres.org/fr/emission/emission-simultanee-du-tresor-du-niger-du-08-05-2025/
Niger;ES (Titre 1);BAT;;2025-04-30;2025-05-02;2025-07-31;3;;147000;29881.0000;29881.0000;NE0000002490;multiple;;9.4000;;9.4000;9.6300;In Fine;;réalisée;https://www.umoatitres.org/fr/emission/emission-simultanee-du-tresor-du-niger-du-30-04-2025/
Niger;ES (Titre 2);BAT;;2025-04-30;2025-05-02;2025-10-30;6;;147000;41938.0000;41938.0000;NE0000002508;multiple;;9.9900;;9.9900;10.5200;In Fine;;réalisée;https://www.umoatitres.org/fr/emission/emission-simultanee-du-tresor-du-niger-du-30-04-2025/
Niger;ES (Titre 3);BAT;;2025-04-30;2025-05-02;2026-04-30;12;;147000;82115.0000;82115.0000;NE0000002516;multiple;;9.8500;;9.8500;10.9400;In Fine;;réalisée;https://www.umoatitres.org/fr/emission/emission-simultanee-du-tresor-du-niger-du-30-04-2025/
Côte d'Ivoire;ES (Titre 1);BAT;Echange;2025-04-28;2025-04-29;2025-11-18;12;;59899;36000.0000;36000.0000;CI0000008371;multiple;;5.5000;;5.5000;5.6800;In Fine;;réalisée;https://www.umoatitres.org/fr/emission/rachat-et-emission-simultanee-du-tresor-de-cote-divoire-du-28-04-2025/
Côte d'Ivoire;ES (Titre 2);OAT;Echange;2025-04-28;2025-04-29;2026-04-18;36;;59899;12177.2800;12177.2800;CI0000006284;5.3000;9830.0600;;9830.0600;;7.1700;In Fine;;réalisée;https://www.umoatitres.org/fr/emission/rachat-et-emission-simultanee-du-tresor-de-cote-divoire-du-28-04-2025/
Côte d'Ivoire;ES (Titre 3);OAT;Echange;2025-04-28;2025-04-29;2025-10-07;60;;59899;11721.3100;11721.3100;CI0000003893;5.8500;10010.9900;;10010.9900;;5.5000;In Fine;;réalisée;https://www.umoatitres.org/fr/emission/rachat-et-emission-simultanee-du-tresor-de-cote-divoire-du-28-04-2025/
Niger;ES (Titre 1);BAT;Echange;2025-04-25;2025-04-25;2026-04-23;12;;40773;40773.0000;40773.0000;NE0000002474;multiple;;9.7500;;9.5074;10.5200;In Fine;;réalisée;https://www.umoatitres.org/fr/emission/rachat-et-emission-simultanee-du-tresor-du-niger-du-25-04-2025/
Niger;;BAT;;2025-04-24;2025-04-25;2025-10-16;12;;23926;23926.0000;23926.0000;NE0000002128;multiple;;9.9500;;9.9500;10.4600;In Fine;;réalisée;https://www.umoatitres.org/fr/emission/rachat-et-emission-simultanee-du-tresor-du-niger-du-24-04-2025/
Sénégal;;OAT;;2025-05-30;2025-06-02;2028-06-02;36;;65000;84775.2000;66080.0000;SN0000003815;6.3000;9630.0000;;9632.6755;;7.7200;In Fine;;réalisée;https://www.umoatitres.org/fr/emission/emission-simultanee-du-tresor-du-senegal-du-30-05-2025/
Mali;ES (Titre 1);BAT;;2025-05-28;2025-05-30;2026-05-28;12;;30000;16605.0000;16605.0000;ML0000003656;multiple;;8.8499;;8.5867;9.4000;In Fine;;réalisée;https://www.umoatitres.org/fr/emission/emission-simultanee-du-tresor-du-mali-du-28-05-2025/
Mali;ES (Titre 2);OAT;;2025-05-28;2025-05-30;2028-05-15;36;;30000;13947.1300;13847.1300;ML0000003631;6.1500;9200.0000;;9384.4700;;8.5900;In Fine;;réalisée;https://www.umoatitres.org/fr/emission/emission-simultanee-du-tresor-du-mali-du-28-05-2025/
Mali;ES (Titre 3);OAT;;2025-05-28;2025-05-30;2030-05-15;60;;30000;7742.1500;7742.1500;ML0000003649;6.3500;9200.0000;;9996.1500;;6.3600;In Fine;;réalisée;https://www.umoatitres.org/fr/emission/emission-simultanee-du-tresor-du-mali-du-28-05-2025/
Côte d'Ivoire;ES (Titre 1);BAT;;2025-05-27;2025-05-28;2026-05-26;12;;75000;85578.0000;65093.0000;CI0000009163;multiple;;6.5998;;6.5506;7.0200;In Fine;;réalisée;https://www.umoatitres.org/fr/emission/emission-simultanee-du-tresor-de-cote-divoire-du-27-05-2025/
Côte d'Ivoire;ES (Titre 2);OAT;;2025-05-27;2025-05-28;2028-05-28;36;;75000;8272.0000;7772.0000;CI0000009171;5.7000;9500.0000;;9503.6800;;7.6100;In Fine;;réalisée;https://www.umoatitres.org/fr/emission/emission-simultanee-du-tresor-de-cote-divoire-du-27-05-2025/
Côte d'Ivoire;ES (Titre 4);OAT;;2025-05-27;2025-05-28;2032-05-21;84;;75000;9635.0000;9635.0000;CI0000009155;6.0000;9200.0000;;9201.2200;;7.5100;In Fine;;réalisée;https://www.umoatitres.org/fr/emission/emission-simultanee-du-tresor-de-cote-divoire-du-27-05-2025/
Togo;ES (Titre 1);BAT;;2025-05-23;2025-05-26;2025-11-23;6;;20000;63191.0000;6000.0000;TG0000003201;multiple;;6.1000;;6.1000;6.2900;In Fine;;réalisée;https://www.umoatitres.org/fr/emission/emission-simultanee-du-tresor-du-togo-du-23-05-2025/
Togo;ES (Titre 2);OAT;;2025-05-23;2025-05-26;2028-03-24;36;;20000;16720.5600;16000.0000;TG0000003078;6.2500;9530.0000;;9559.5300;;8.0400;In Fine;;réalisée;https://www.umoatitres.org/fr/emission/emission-simultanee-du-tresor-du-togo-du-23-05-2025/
Bénin;ES (Titre 1);BAT;;2025-05-22;2025-05-23;2026-05-21;12;;30000;66383.0000;4.0000;BJ0000002440;multiple;;5.9000;;5.9000;6.2700;In Fine;;réalisée;https://www.umoatitres.org/fr/emission/emission-simultanee-du-tresor-du-benin-du-22-05-2025/
Bénin;ES (Titre 2);OAT;;2025-05-22;2025-05-23;2028-01-17;36;;30000;41088.1500;12439.6300;BJ0000002291;5.7000;9801.0000;;9801.0600;;6.5200;In Fine;;réalisée;https://www.umoatitres.org/fr/emission/emission-simultanee-du-tresor-du-benin-du-22-05-2025/
Bénin;ES (Titre 3);OAT;;2025-05-22;2025-05-23;2030-03-21;60;;30000;5710.0000;5710.0000;BJ0000002416;5.9000;9535.0000;;9574.2700;;6.9600;In Fine;;réalisée;https://www.umoatitres.org/fr/emission/emission-simultanee-du-tresor-du-benin-du-22-05-2025/
Bénin;ES (Titre 4);OAT;;2025-05-22;2025-05-23;2032-03-21;84;;30000;11846.3700;11846.3700;BJ0000002424;6.0000;9300.0000;;9326.2600;;7.2800;In Fine;;réalisée;https://www.umoatitres.org/fr/emission/emission-simultanee-du-tresor-du-benin-du-22-05-2025/
Burkina Faso;ES (Titre 1);BAT;;2025-05-21;2025-05-22;2026-05-20;12;;40000;21255.0000;14925.0000;BF0000003681;multiple;;8.8000;;8.6580;9.4900;In Fine;;réalisée;https://www.umoatitres.org/fr/emission/emission-simultanee-du-tresor-du-burkina-du-21-05-2025/
Burkina Faso;ES (Titre 2);OAT;;2025-05-21;2025-05-22;2028-05-22;36;;40000;27130.5900;27110.5900;BF0000003699;6.0000;9040.0000;;9593.0100;;7.5700;In Fine;;réalisée;https://www.umoatitres.org/fr/emission/emission-simultanee-du-tresor-du-burkina-du-21-05-2025/
Burkina Faso;ES (Titre 3);OAT;;2025-05-21;2025-05-22;2030-05-22;60;;40000;1000.0000;1000.0000;BF0000003715;6.2000;9100.0000;;9100.0000;;8.4800;In Fine;;réalisée;https://www.umoatitres.org/fr/emission/emission-simultanee-du-tresor-du-burkina-du-21-05-2025/
Burkina Faso;ES (Titre 4);OAT;;2025-05-21;2025-05-22;2032-05-22;84;;40000;700.0000;700.0000;BF0000003723;6.4000;9000.0000;;9000.0000;;8.3400;In Fine;;réalisée;https://www.umoatitres.org/fr/emission/emission-simultanee-du-tresor-du-burkina-du-21-05-2025/
Côte d'Ivoire;ES (Titre 1);BAT;;2025-05-20;2025-05-21;2026-05-19;12;;70000;88442.0000;35604.0000;CI0000009122;multiple;;6.6000;;6.5926;7.0600;In Fine;;réalisée;https://www.umoatitres.org/fr/emission/emission-simultanee-du-tresor-de-cote-divoire-du-20-05-2025/
Côte d'Ivoire;ES (Titre 2);OAT;;2025-05-20;2025-05-21;2028-05-21;36;;70000;33401.0000;33401.0000;CI0000009130;5.7000;9500.0000;;9506.0700;;7.6000;In Fine;;réalisée;https://www.umoatitres.org/fr/emission/emission-simultanee-du-tresor-de-cote-divoire-du-20-05-2025/
Côte d'Ivoire;ES (Titre 3);OAT;;2025-05-20;2025-05-21;2030-05-21;60;;70000;1.0000;1.0000;CI0000009148;5.9000;9493.0000;;9493.0000;;7.1400;In Fine;;réalisée;https://www.umoatitres.org/fr/emission/emission-simultanee-du-tresor-de-cote-divoire-du-20-05-2025/
Côte d'Ivoire;ES (Titre 4);OAT;;2025-05-20;2025-05-21;2032-05-21;84;;70000;7993.0500;7993.0500;CI0000009155;6.0000;9200.0000;;9204.5300;;7.5000;In Fine;;réalisée;https://www.umoatitres.org/fr/emission/emission-simultanee-du-tresor-de-cote-divoire-du-20-05-2025/
Sénégal;ES (Titre 1);BAT;;2025-05-16;2025-05-19;2026-05-17;12;;40000;39922.0000;34250.0000;SN0000003773;multiple;;7.0000;;6.7256;7.2200;In Fine;;réalisée;https://www.umoatitres.org/fr/emission/emission-simultanee-du-tresor-du-senegal-du-16-05-2025/
Sénégal;ES (Titre 2);OAT;;2025-05-16;2025-05-19;2028-05-19;36;;40000;22252.9000;8990.0000;SN0000003781;6.3000;9530.0000;;9575.4500;;7.9500;In Fine;;réalisée;https://www.umoatitres.org/fr/emission/emission-simultanee-du-tresor-du-senegal-du-16-05-2025/
Sénégal;ES (Titre 3);OAT;;2025-05-16;2025-05-19;2030-05-19;60;;40000;760.7800;760.0000;SN0000003799;6.4500;9475.0000;;9544.1300;;7.5800;In Fine;;réalisée;https://www.umoatitres.org/fr/emission/emission-simultanee-du-tresor-du-senegal-du-16-05-2025/
Mali;ES (Titre 1);BAT;;2025-05-14;2025-05-15;2026-05-13;12;;30000;32796.0000;28350.0000;ML0000003623;multiple;;8.8500;;8.6439;9.4700;In Fine;;réalisée;https://www.umoatitres.org/fr/emission/emission-simultanee-du-tresor-du-mali-du-14-05-2025/
Mali;ES (Titre 2);OAT;;2025-05-14;2025-05-15;2028-05-15;36;;30000;6652.2500;4650.0000;ML0000003631;6.1500;9200.0000;;9203.7000;;9.3100;In Fine;;réalisée;https://www.umoatitres.org/fr/emission/emission-simultanee-du-tresor-du-mali-du-14-05-2025/
Togo;ES (Titre 1);BAT;;2025-05-09;2025-05-12;2025-11-09;6;;20000;31008.0000;7000.0000;TG0000003185;multiple;;6.4000;;6.3714;6.5800;In Fine;;réalisée;https://www.umoatitres.org/fr/emission/emission-simultanee-du-tresor-du-togo-du-09-05-2025/
Togo;ES (Titre 2);BAT;;2025-05-09;2025-05-12;2026-05-10;12;;20000;29293.0000;15000.0000;TG0000003193;multiple;;6.8500;;6.7879;7.2900;In Fine;;réalisée;https://www.umoatitres.org/fr/emission/emission-simultanee-du-tresor-du-togo-du-09-05-2025/
Burkina Faso;ES (Titre 1);BAT;;2025-05-07;2025-05-08;2026-05-06;12;;30000;18983.0000;12900.0000;BF0000003640;multiple;;8.9000;;8.5798;9.3900;In Fine;;réalisée;https://www.umoatitres.org/fr/emission/emission-simultanee-du-tresor-du-burkina-du-07-05-2025/
Burkina Faso;ES (Titre 2);OAT;;2025-05-07;2025-05-08;2028-05-08;36;;30000;7564.9200;7564.9200;BF0000003657;6.0000;9040.0000;;9254.7000;;8.9400;In Fine;;réalisée;https://www.umoatitres.org/fr/emission/emission-simultanee-du-tresor-du-burkina-du-07-05-2025/
Burkina Faso;ES (Titre 3);OAT;;2025-05-07;2025-05-08;2030-05-08;60;;30000;8354.0700;8354.0700;BF0000003665;6.2000;9100.0000;;9378.0700;;7.7500;In Fine;;réalisée;https://www.umoatitres.org/fr/emission/emission-simultanee-du-tresor-du-burkina-du-07-05-2025/
Burkina Faso;ES (Titre 4);OAT;;2025-05-07;2025-05-08;2032-05-08;84;;30000;3509.6900;3509.6900;BF0000003673;6.4000;9000.0000;;9070.9000;;8.2000;In Fine;;réalisée;https://www.umoatitres.org/fr/emission/emission-simultanee-du-tresor-du-burkina-du-07-05-2025/
Côte d'Ivoire;ES (Titre 1);BAT;;2025-05-06;2025-05-07;2026-05-05;12;;60000;99719.0000;60300.0000;CI0000009114;multiple;;6.6899;;6.6532;7.1300;In Fine;;réalisée;https://www.umoatitres.org/fr/emission/emission-simultanee-du-tresor-de-cote-divoire-du-06-05-2025/
Côte d'Ivoire;ES (Titre 2);OAT;;2025-05-06;2025-05-07;2028-04-09;36;;60000;4000.0000;4000.0000;CI0000009031;5.7000;9501.0000;;9501.0000;;7.6600;In Fine;;réalisée;https://www.umoatitres.org/fr/emission/emission-simultanee-du-tresor-de-cote-divoire-du-06-05-2025/
Côte d'Ivoire;ES (Titre 4);OAT;;2025-05-06;2025-05-07;2032-04-23;84;;60000;1700.0000;1700.0000;CI0000009072;6.0000;9200.0000;;9201.1800;;7.5100;In Fine;;réalisée;https://www.umoatitres.org/fr/emission/emission-simultanee-du-tresor-de-cote-divoire-du-06-05-2025/
Sénégal;ES (Titre 1);BAT;Adjudication ciblée;2025-05-02;2025-05-05;2026-05-03;12;;180000;51568.0000;51568.0000;SN0000003757;multiple;;7.5000;;6.7200;7.2200;In Fine;;réalisée;https://www.umoatitres.org/fr/emission/emission-simultanee-du-tresor-du-senegal-du-02-05-2025/
Sénégal;ES (Titre 2);OAT;Adjudication ciblée;2025-05-02;2025-05-05;2028-03-17;36;;180000;133035.7300;133035.7300;SN0000003732;6.3000;9450.0000;;9701.0200;;7.4900;In Fine;;réalisée;https://www.umoatitres.org/fr/emission/emission-simultanee-du-tresor-du-senegal-du-02-05-2025/
Sénégal;ES (Titre 3);OAT;Adjudication ciblée;2025-05-02;2025-05-05;2030-05-05;60;;180000;8398.5700;8398.5700;SN0000003765;6.4500;9458.0000;;9481.1100;;7.7400;In Fine;;réalisée;https://www.umoatitres.org/fr/emission/emission-simultanee-du-tresor-du-senegal-du-02-05-2025/
Niger;ES (Titre 1);BAT;Echange;2025-04-18;2025-04-22;2026-04-09;12;;14350;14350.0000;14350.0000;NE0000002433;multiple;;9.9000;;9.7901;10.8300;In Fine;;réalisée;https://www.umoatitres.org/fr/emission/emission-simultanee-du-tresor-du-niger-du-18-04-2025/
Niger;ES (Titre 1);BAT;;2025-04-17;2025-04-18;2026-04-16;12;;71182;69435.0000;69435.0000;NE0000002466;multiple;;9.7500;;9.4178;10.4100;In Fine;;réalisée;https://www.umoatitres.org/fr/emission/rachat-et-emission-simultanee-du-tresor-du-niger-du-17-04-2025/
Niger;ES (Titre 2);OAT;;2025-04-17;2025-04-18;2027-02-25;60;;71182;1746.7400;1746.7400;NE0000001427;5.9000;9250.0000;;9250.0000;;10.5300;In Fine;;réalisée;https://www.umoatitres.org/fr/emission/rachat-et-emission-simultanee-du-tresor-du-niger-du-17-04-2025/
Mali;ES (Titre 1);BAT;Echange;2025-04-16;2025-04-17;2026-04-15;12;;14720;8720.0000;8720.0000;ML0000003540;multiple;;8.9000;;8.8787;9.7500;In Fine;;réalisée;https://www.umoatitres.org/fr/emission/rachat-et-emission-simultanee-du-tresor-du-mali-du-16-04-2025/
Mali;ES (Titre 2);OAT;Echange;2025-04-16;2025-04-17;2028-04-17;36;;14720;6000.0000;6000.0000;ML0000003557;6.1500;9200.0000;;9250.0000;;9.1200;In Fine;;réalisée;https://www.umoatitres.org/fr/emission/rachat-et-emission-simultanee-du-tresor-du-mali-du-16-04-2025/
Niger;ES (Titre 1);BAT;Echange;2025-04-11;2025-04-14;2026-04-09;12;;34791;8589.0000;8589.0000;NE0000002433;multiple;;9.0000;;8.4345;9.2100;In Fine;;réalisée;https://www.umoatitres.org/fr/emission/rachat-et-emission-du-tresor-du-niger-du-11-04-2025/
Niger;ES (Titre 2);OAT;Echange;2025-04-11;2025-04-14;2026-09-03;60;;34791;4384.0400;4384.0400;NE0000001369;5.9000;9425.6300;;9425.6300;;10.5000;In Fine;;réalisée;https://www.umoatitres.org/fr/emission/rachat-et-emission-du-tresor-du-niger-du-11-04-2025/
Niger;ES (Titre 3);OAT;Echange;2025-04-11;2025-04-14;2027-02-05;60;;34791;6871.6600;6871.6600;NE0000001427;5.9000;9281.7200;;9281.7200;;10.4200;In Fine;;réalisée;https://www.umoatitres.org/fr/emission/rachat-et-emission-du-tresor-du-niger-du-11-04-2025/
Niger;ES (Titre 4);OAT;Echange;2025-04-11;2025-04-14;2028-04-11;36;;34791;14946.6800;14946.6800;NE0000002441;6.3000;9024.0600;;9160.6400;;9.6600;In Fine;;réalisée;https://www.umoatitres.org/fr/emission/rachat-et-emission-du-tresor-du-niger-du-11-04-2025/
Mali;ES (Titre 1);BAT;;2025-04-16;2025-04-17;2025-10-15;6;;60000;18363.0000;12018.0000;ML0000003532;multiple;;8.7500;;8.5952;8.9900;In Fine;;réalisée;https://www.umoatitres.org/fr/emission/emission-simultanee-du-tresor-du-mali-du-16-04-2025-2/
Mali;ES (Titre 2);BAT;;2025-04-16;2025-04-17;2026-04-15;12;;60000;22824.0000;22822.0000;ML0000003540;multiple;;8.9000;;8.8133;9.6800;In Fine;;réalisée;https://www.umoatitres.org/fr/emission/emission-simultanee-du-tresor-du-mali-du-16-04-2025-2/
Mali;ES (Titre 3);OAT;;2025-04-16;2025-04-17;2028-04-17;36;;60000;7200.0000;7200.0000;ML0000003557;6.1500;9200.0000;;9435.5600;;8.3500;In Fine;;réalisée;https://www.umoatitres.org/fr/emission/emission-simultanee-du-tresor-du-mali-du-16-04-2025-2/
Mali;ES (Titre 4);OAT;;2025-04-16;2025-04-17;2030-04-17;60;;60000;23960.0000;23960.0000;ML0000003565;6.3500;9300.0000;;9301.6700;;8.1000;In Fine;;réalisée;https://www.umoatitres.org/fr/emission/emission-simultanee-du-tresor-du-mali-du-16-04-2025-2/
Guinée Bissau;ES (Titre 1);BAT;Echange;2025-04-09;2025-04-10;2026-03-23;12;;14524;14524.0000;14524.0000;GW0000001358;multiple;;9.4500;;9.4424;10.3900;In Fine;;réalisée;https://www.umoatitres.org/fr/emission/rachat-et-emission-du-tresor-de-guinee-bissau-du-09-04-2025/
Niger;ES (Titre 1);BAT;Echange;2025-04-03;2025-04-03;2026-03-26;12;;7602;7602.0000;7602.0000;NE0000002391;multiple;;9.7500;;9.6644;10.6900;In Fine;;réalisée;https://www.umoatitres.org/fr/emission/rachat-et-emission-du-tresor-du-niger-du-03-04-2025/
Mali;ES (Titre 1);BAT;;2025-04-30;2025-05-02;2026-04-30;12;;30000;35045.0000;22204.0000;ML0000003599;multiple;;8.8605;;8.7740;9.6300;In Fine;;réalisée;https://www.umoatitres.org/fr/emission/emission-simultanee-du-tresor-du-mali-du-30-04-2025/
Mali;ES (Titre 2);OAT;;2025-04-30;2025-05-02;2028-05-02;36;;30000;4173.5000;4173.5000;ML0000003607;6.1500;9200.0000;;9226.6200;;9.2200;In Fine;;réalisée;https://www.umoatitres.org/fr/emission/emission-simultanee-du-tresor-du-mali-du-30-04-2025/
Mali;ES (Titre 3);OAT;;2025-04-30;2025-05-02;2030-05-02;60;;30000;6622.4000;6622.4000;ML0000003615;6.3500;9251.0000;;9297.8700;;8.1100;In Fine;;réalisée;https://www.umoatitres.org/fr/emission/emission-simultanee-du-tresor-du-mali-du-30-04-2025/
Côte d'Ivoire;ES (Titre 1);BAT;;2025-04-29;2025-04-30;2026-04-28;12;;140000;78080.0000;31792.0000;CI0000009080;multiple;;6.7000;;6.6456;7.1200;In Fine;;réalisée;https://www.umoatitres.org/fr/emission/emission-simultanee-du-tresor-de-cote-divoire-du-29-04-2025/
Côte d'Ivoire;ES (Titre 2);OAT;;2025-04-29;2025-04-30;2026-10-25;36;;140000;36219.9800;36219.9800;CI0000006938;5.5000;9739.0000;;9741.7600;;7.3600;In Fine;;réalisée;https://www.umoatitres.org/fr/emission/emission-simultanee-du-tresor-de-cote-divoire-du-29-04-2025/
Côte d'Ivoire;ES (Titre 3);OAT;;2025-04-29;2025-04-30;2026-11-08;36;;140000;35312.9600;35312.9600;CI0000007019;5.5000;9732.0000;;9734.5200;;7.3700;In Fine;;réalisée;https://www.umoatitres.org/fr/emission/emission-simultanee-du-tresor-de-cote-divoire-du-29-04-2025/
Côte d'Ivoire;ES (Titre 4);OAT;;2025-04-29;2025-04-30;2026-12-06;36;;140000;33000.3000;33000.3000;CI0000007050;5.5000;9720.1600;;9720.1600;;7.3800;In Fine;;réalisée;https://www.umoatitres.org/fr/emission/emission-simultanee-du-tresor-de-cote-divoire-du-29-04-2025/
Côte d'Ivoire;ES (Titre 5);OAT;;2025-04-29;2025-04-30;2028-04-09;36;;140000;7879.2100;7879.2100;CI0000009031;5.7000;9500.0000;;9500.7600;;7.6500;In Fine;;réalisée;https://www.umoatitres.org/fr/emission/emission-simultanee-du-tresor-de-cote-divoire-du-29-04-2025/
Côte d'Ivoire;ES (Titre 6);OAT;;2025-04-29;2025-04-30;2030-04-09;60;;140000;5976.8300;5976.8300;CI0000009049;5.9000;9301.0000;;9301.5100;;7.6500;In Fine;;réalisée;https://www.umoatitres.org/fr/emission/emission-simultanee-du-tresor-de-cote-divoire-du-29-04-2025/
Côte d'Ivoire;ES (Titre 7);OAT;;2025-04-29;2025-04-30;2032-04-23;84;;140000;3818.4200;3818.4200;CI0000009072;6.0000;9200.0000;;9987.4300;;6.0200;In Fine;;réalisée;https://www.umoatitres.org/fr/emission/emission-simultanee-du-tresor-de-cote-divoire-du-29-04-2025/
Guinée Bissau;ES (Titre 1);BAT;;2025-04-28;2025-04-29;2025-11-11;12;;12500;6821.0000;6582.0000;GW0000001267;multiple;;9.2477;;8.9576;9.4200;In Fine;;réalisée;https://www.umoatitres.org/fr/emission/emission-simultanee-du-tresor-de-guinee-bissau-du-28-04-2025/
Guinée Bissau;ES (Titre 2);BAT;;2025-04-28;2025-04-29;2026-04-27;12;;12500;7935.0000;2067.0000;GW0000001374;multiple;;9.2500;;9.1528;10.0900;In Fine;;réalisée;https://www.umoatitres.org/fr/emission/emission-simultanee-du-tresor-de-guinee-bissau-du-28-04-2025/
Guinée Bissau;ES (Titre 3);OAT;;2025-04-28;2025-04-29;2028-03-25;36;;12500;3851.3000;3851.3000;GW0000001366;6.2500;9020.0000;;9042.0400;;10.2200;In Fine;;réalisée;https://www.umoatitres.org/fr/emission/emission-simultanee-du-tresor-de-guinee-bissau-du-28-04-2025/
Togo;ES (Titre 1);BAT;;2025-04-25;2025-04-28;2026-04-12;12;;20000;25723.0000;11500.0000;TG0000003177;multiple;;6.9000;;6.8387;7.3300;In Fine;;réalisée;https://www.umoatitres.org/fr/emission/emission-simultanee-du-tresor-du-togo-du-25-04-2025/
Togo;ES (Titre 2);OAT;;2025-04-25;2025-04-28;2028-03-24;36;;20000;11252.6500;10500.0000;TG0000003078;6.2500;9525.0000;;9536.2800;;8.1000;In Fine;;réalisée;https://www.umoatitres.org/fr/emission/emission-simultanee-du-tresor-du-togo-du-25-04-2025/
Niger;ES (Titre 1);BAT;;2025-04-24;2025-04-25;2026-04-23;12;;45000;25429.0000;25429.0000;NE0000002474;multiple;;10.5000;;9.9268;11.0300;In Fine;;réalisée;https://www.umoatitres.org/fr/emission/emission-simultanee-du-tresor-du-niger-du-24-04-2025/
Niger;ES (Titre 2);OAT;;2025-04-24;2025-04-25;2028-04-25;36;;45000;1000.0000;1000.0000;NE0000002482;6.3000;9024.0600;;9024.0600;;10.2400;In Fine;;réalisée;https://www.umoatitres.org/fr/emission/emission-simultanee-du-tresor-du-niger-du-24-04-2025/
Burkina Faso;ES (Titre 1);BAT;;2025-04-23;2025-04-24;2026-04-22;12;;151000;25328.0000;25311.0000;BF0000003608;multiple;;8.9500;;8.5963;9.4100;In Fine;;réalisée;https://www.umoatitres.org/fr/emission/emission-simultanee-du-tresor-du-burkina-faso-du-23-04-2025/
Burkina Faso;ES (Titre 2);OAT;;2025-04-23;2025-04-24;2028-04-24;36;;151000;55235.6500;54435.6500;BF0000003616;6.0000;9050.0000;;9481.0600;;8.0100;In Fine;;réalisée;https://www.umoatitres.org/fr/emission/emission-simultanee-du-tresor-du-burkina-faso-du-23-04-2025/
Burkina Faso;ES (Titre 3);OAT;;2025-04-23;2025-04-24;2030-04-24;60;;151000;58526.5000;58526.5000;BF0000003624;6.2000;9100.0000;;9401.6200;;7.6900;In Fine;;réalisée;https://www.umoatitres.org/fr/emission/emission-simultanee-du-tresor-du-burkina-faso-du-23-04-2025/
Burkina Faso;ES (Titre 4);OAT;;2025-04-23;2025-04-24;2032-04-24;84;;151000;23077.5500;23077.5500;BF0000003632;6.4000;9000.0000;;9175.6600;;7.9800;In Fine;;réalisée;https://www.umoatitres.org/fr/emission/emission-simultanee-du-tresor-du-burkina-faso-du-23-04-2025/
Côte d'Ivoire;ES (Titre 1);BAT;;2025-04-22;2025-04-23;2026-04-21;12;;430000;42351.0000;42332.0000;CI0000009064;multiple;;6.7500;;6.7061;7.1900;In Fine;;réalisée;https://www.umoatitres.org/fr/emission/emission-simultanee-du-tresor-de-cote-divoire-du-22-04-2025/
Côte d'Ivoire;ES (Titre 2);OAT;;2025-04-22;2025-04-23;2026-10-25;36;;430000;131058.3400;131058.3400;CI0000006938;5.5000;9738.9200;;9738.9200;;7.3600;In Fine;;réalisée;https://www.umoatitres.org/fr/emission/emission-simultanee-du-tresor-de-cote-divoire-du-22-04-2025/
Côte d'Ivoire;ES (Titre 3);OAT;;2025-04-22;2025-04-23;2026-11-08;36;;430000;131430.9100;131430.9100;CI0000007019;5.5000;9731.6400;;9731.6400;;7.3700;In Fine;;réalisée;https://www.umoatitres.org/fr/emission/emission-simultanee-du-tresor-de-cote-divoire-du-22-04-2025/
Côte d'Ivoire;ES (Titre 4);OAT;;2025-04-22;2025-04-23;2026-12-06;36;;430000;132181.6300;132181.6300;CI0000007050;5.5000;9717.1400;;9717.1400;;7.3800;In Fine;;réalisée;https://www.umoatitres.org/fr/emission/emission-simultanee-du-tresor-de-cote-divoire-du-22-04-2025/
Côte d'Ivoire;ES (Titre 5);OAT;;2025-04-22;2025-04-23;2028-04-09;36;;430000;5000.0000;5000.0000;CI0000009031;5.7000;9505.0000;;9539.0600;;7.4900;In Fine;;réalisée;https://www.umoatitres.org/fr/emission/emission-simultanee-du-tresor-de-cote-divoire-du-22-04-2025/
Côte d'Ivoire;ES (Titre 6);OAT;;2025-04-22;2025-04-23;2030-04-09;60;;430000;8203.0000;8203.0000;CI0000009049;5.9000;9300.0000;;9301.2700;;7.6400;In Fine;;réalisée;https://www.umoatitres.org/fr/emission/emission-simultanee-du-tresor-de-cote-divoire-du-22-04-2025/
Côte d'Ivoire;ES (Titre 7);OAT;;2025-04-22;2025-04-23;2032-04-23;84;;430000;4000.0000;4000.0000;CI0000009072;6.0000;10000.0000;;10000.0000;;6.0000;In Fine;;réalisée;https://www.umoatitres.org/fr/emission/emission-simultanee-du-tresor-de-cote-divoire-du-22-04-2025/
Sénégal;ES (Titre 1);BAT;;2025-04-18;2025-04-22;2026-03-15;12;;90000;106572.0000;98961.0000;SN0000003724;multiple;;6.7000;;6.6998;7.1400;In Fine;;réalisée;https://www.umoatitres.org/fr/emission/emission-simultanee-du-tresor-du-senegal-du-18-04-2025/
Niger;ES (Titre 1);BAT;;2025-04-10;2025-04-11;2026-04-09;12;;50000;19211.0000;19211.0000;NE0000002433;multiple;;10.0000;;9.3143;10.2800;In Fine;;réalisée;https://www.umoatitres.org/fr/emission/emission-simultanee-du-tresor-du-niger-du-10-04-2025/
Niger;ES (Titre 2);OAT;;2025-04-10;2025-04-11;2028-04-11;36;;50000;7069.9700;7069.9700;NE0000002441;6.3000;9100.0000;;9397.0300;;8.6700;In Fine;;réalisée;https://www.umoatitres.org/fr/emission/emission-simultanee-du-tresor-du-niger-du-10-04-2025/
Niger;ES (Titre 3);OAT;;2025-04-10;2025-04-11;2030-04-11;60;;50000;11000.0000;11000.0000;NE0000002458;6.5000;9501.0000;;9500.0000;;7.7400;In Fine;;réalisée;https://www.umoatitres.org/fr/emission/emission-simultanee-du-tresor-du-niger-du-10-04-2025/
Burkina Faso;ES (Titre 1);BAT;;2025-04-09;2025-04-10;2026-04-08;12;;40000;19670.0000;16210.0000;BF0000003558;multiple;;8.9500;;8.6972;9.5400;In Fine;;réalisée;https://www.umoatitres.org/fr/emission/emission-simultanee-du-tresor-du-burkina-du-09-04-2025/
Burkina Faso;ES (Titre 2);OAT;;2025-04-09;2025-04-10;2028-04-10;36;;40000;4469.6000;3969.6000;BF0000003566;6.0000;9035.0000;;9150.5700;;9.3800;In Fine;;réalisée;https://www.umoatitres.org/fr/emission/emission-simultanee-du-tresor-du-burkina-du-09-04-2025/
Burkina Faso;ES (Titre 3);OAT;;2025-04-09;2025-04-10;2030-04-10;60;;40000;13428.5000;13428.5000;BF0000003582;6.2000;9100.0000;;9581.3800;;7.2300;In Fine;;réalisée;https://www.umoatitres.org/fr/emission/emission-simultanee-du-tresor-du-burkina-du-09-04-2025/
Burkina Faso;ES (Titre 4);OAT;;2025-04-09;2025-04-10;2032-04-10;84;;40000;6743.5000;6743.5000;BF0000003590;6.4000;9000.0000;;9314.6400;;7.7000;In Fine;;réalisée;https://www.umoatitres.org/fr/emission/emission-simultanee-du-tresor-du-burkina-du-09-04-2025/
Côte d'Ivoire;ES (Titre 1);BAT;;2025-04-08;2025-04-09;2026-04-07;12;;140000;106010.0000;36896.0000;CI0000009023;multiple;;6.6000;;6.5999;7.0700;In Fine;;réalisée;https://www.umoatitres.org/fr/emission/emission-simultanee-du-tresor-de-cote-divoire-du-08-04-2025/
Côte d'Ivoire;ES (Titre 2);OAT;;2025-04-08;2025-04-09;2028-04-09;36;;140000;2.0000;2.0000;CI0000009031;5.7000;9700.0000;;9700.0000;;6.8400;In Fine;;réalisée;https://www.umoatitres.org/fr/emission/emission-simultanee-du-tresor-de-cote-divoire-du-08-04-2025/
Côte d'Ivoire;ES (Titre 3);OAT;;2025-04-08;2025-04-09;2030-04-09;60;;140000;8.0000;8.0000;CI0000009049;5.9000;9305.0000;;9305.0000;;7.6200;In Fine;;réalisée;https://www.umoatitres.org/fr/emission/emission-simultanee-du-tresor-de-cote-divoire-du-08-04-2025/
Côte d'Ivoire;ES (Titre 4);OAT;;2025-04-08;2025-04-09;2032-04-09;84;;140000;117093.9500;117093.9500;CI0000009056;6.0000;9200.0000;;9569.2800;;6.7900;In Fine;;réalisée;https://www.umoatitres.org/fr/emission/emission-simultanee-du-tresor-de-cote-divoire-du-08-04-2025/
Togo;ES (Titre 1);BAT;;2025-04-11;2025-04-14;2025-10-12;6;;20000;54208.0000;4750.0000;TG0000003169;multiple;;6.5000;;6.4663;6.6800;In Fine;;réalisée;https://www.umoatitres.org/fr/emission/emission-du-tresor-du-togo-du-11-04-2025/
Togo;ES (Titre 2);BAT;;2025-04-11;2025-04-14;2026-04-12;12;;20000;17258.0000;17250.0000;TG0000003177;multiple;;7.0000;;6.8254;7.3300;In Fine;;réalisée;https://www.umoatitres.org/fr/emission/emission-du-tresor-du-togo-du-11-04-2025/
Bénin;ES (Titre 1);BAT;;2025-04-03;2025-04-04;2026-04-02;12;;20000;53982.0000;3000.0000;BJ0000002432;multiple;;6.1999;;6.1999;6.6100;In Fine;;réalisée;https://www.umoatitres.org/fr/emission/emission-du-tresor-du-benin-du-02-04-2025/
Bénin;ES (Titre 2);OAT;;2025-04-03;2025-04-04;2028-01-17;36;;20000;20607.0000;11400.0000;BJ0000002291;5.7000;9770.0000;;9785.7700;;6.5500;In Fine;;réalisée;https://www.umoatitres.org/fr/emission/emission-du-tresor-du-benin-du-02-04-2025/
Bénin;ES (Titre 3);OAT;;2025-04-03;2025-04-04;2030-03-21;60;;20000;442.0000;442.0000;BJ0000002416;5.9000;9530.0000;;9531.1200;;7.0500;In Fine;;réalisée;https://www.umoatitres.org/fr/emission/emission-du-tresor-du-benin-du-02-04-2025/
Bénin;ES (Titre 4);OAT;;2025-04-03;2025-04-04;2032-03-21;84;;20000;5255.7700;5255.7700;BJ0000002424;6.0000;9300.0000;;9317.3100;;7.2800;In Fine;;réalisée;https://www.umoatitres.org/fr/emission/emission-du-tresor-du-benin-du-02-04-2025/
Mali;ES (Titre 1);BAT;;2025-04-02;2025-04-03;2026-04-01;12;;40000;30500.0000;20204.0000;ML0000003524;multiple;;8.9000;;8.8341;9.7000;In Fine;;réalisée;https://www.umoatitres.org/fr/emission/emission-du-tresor-du-mali-du-02-04-2025/
Mali;ES (Titre 2);OAT;;2025-04-02;2025-04-03;2028-03-06;36;;40000;17501.7700;17001.7700;ML0000003508;6.1500;9200.0000;;9623.4900;;7.6300;In Fine;;réalisée;https://www.umoatitres.org/fr/emission/emission-du-tresor-du-mali-du-02-04-2025/
Mali;ES (Titre 3);OAT;;2025-04-02;2025-04-03;2030-03-06;60;;40000;6794.0000;6794.0000;ML0000003516;6.3500;9454.0100;;9977.7300;;6.4000;In Fine;;réalisée;https://www.umoatitres.org/fr/emission/emission-du-tresor-du-mali-du-02-04-2025/
Niger;ES (Titre 1);BAT;Echange;2025-03-24;2025-03-25;2026-03-23;12;;50194;50194.0000;50194.0000;NE0000002409;multiple;;9.7500;;9.4977;10.5100;In Fine;;réalisée;https://www.umoatitres.org/fr/emission/rachat-et-emission-du-tresor-du-niger-du-24-03-2025/
Côte d'Ivoire;ES (Titre 1);BAT;;2025-03-25;2025-03-26;2026-03-24;12;;60000;61065.0000;34473.0000;CI0000008975;multiple;;6.7500;;6.7246;7.2200;In Fine;;réalisée;https://www.umoatitres.org/fr/emission/emission-simultanee-du-tresor-de-cote-divoire-du-25-03-2025/
Côte d'Ivoire;ES (Titre 2);OAT;;2025-03-25;2025-03-26;2028-03-26;36;;60000;12030.0000;12030.0000;CI0000008983;5.7000;9500.0000;;9500.0200;;7.6300;In Fine;;réalisée;https://www.umoatitres.org/fr/emission/emission-simultanee-du-tresor-de-cote-divoire-du-25-03-2025/
Côte d'Ivoire;ES (Titre 3);OAT;;2025-03-25;2025-03-26;2030-03-26;60;;60000;5448.0000;5448.0000;CI0000009015;5.9000;9300.0000;;9300.0000;;7.6400;In Fine;;réalisée;https://www.umoatitres.org/fr/emission/emission-simultanee-du-tresor-de-cote-divoire-du-25-03-2025/
Côte d'Ivoire;ES (Titre 4);OAT;;2025-03-25;2025-03-26;2032-02-26;84;;60000;14048.5000;14048.5000;CI0000008942;6.0000;9200.0000;;9200.0300;;7.5200;In Fine;;réalisée;https://www.umoatitres.org/fr/emission/emission-simultanee-du-tresor-de-cote-divoire-du-25-03-2025/
Burkina Faso;ES (Titre 1);BAT;;2025-03-26;2025-03-27;2026-03-25;12;;35000;32756.0000;26614.0000;BF0000003509;multiple;;9.0000;;8.4338;9.2200;In Fine;;réalisée;https://www.umoatitres.org/fr/emission/emission-du-tresor-du-burkina-du-26-03-2025/
Burkina Faso;ES (Titre 2);OAT;;2025-03-26;2025-03-27;2028-03-27;36;;35000;8636.5700;8636.0000;BF0000003525;6.0000;9020.0000;;9503.9400;;7.9200;In Fine;;réalisée;https://www.umoatitres.org/fr/emission/emission-du-tresor-du-burkina-du-26-03-2025/
Burkina Faso;ES (Titre 3);OAT;;2025-03-26;2025-03-27;2030-03-27;60;;35000;250.0000;250.0000;BF0000003533;6.2000;9100.0000;;9100.0000;;8.4800;In Fine;;réalisée;https://www.umoatitres.org/fr/emission/emission-du-tresor-du-burkina-du-26-03-2025/
Burkina Faso;ES (Titre 4);OAT;;2025-03-26;2025-03-27;2032-03-27;84;;35000;3000.0000;3000.0000;BF0000003541;6.4000;9000.0000;;9000.0000;;8.3400;In Fine;;réalisée;https://www.umoatitres.org/fr/emission/emission-du-tresor-du-burkina-du-26-03-2025/
Guinée Bissau;ES (Titre 1);BAT;;2025-03-24;2025-03-25;2026-03-23;12;;15000;13315.0000;12985.0000;GW0000001358;multiple;;9.5000;;9.2881;10.2500;In Fine;;réalisée;https://www.umoatitres.org/fr/emission/emission-du-tresor-de-guinee-bissau-du-25-03-2025/
Guinée Bissau;ES (Titre 2);OAT;;2025-03-24;2025-03-25;2028-03-25;36;;15000;2715.1300;2705.1300;GW0000001366;6.2500;9000.0000;;9070.6700;;9.9900;In Fine;;réalisée;https://www.umoatitres.org/fr/emission/emission-du-tresor-de-guinee-bissau-du-25-03-2025/
Niger;ES (Titre 1);BAT;;2025-03-27;2025-03-28;2026-03-26;12;;30000;30804.0000;30804.0000;NE0000002391;multiple;;10.0000;;9.5264;10.5400;In Fine;;réalisée;https://www.umoatitres.org/fr/emission/emission-du-tresor-du-niger-du-27-03-2025/
Togo;ES (Titre 1);OAT;;2025-03-21;2025-03-24;2028-03-24;36;;15000;14982.1100;6982.1100;TG0000003078;6.2500;9515.0000;;9545.1600;;8.0200;In Fine;;réalisée;https://www.umoatitres.org/fr/emission/emission-du-tresor-du-togo-du-21-03-2025/
Togo;ES (Titre 2);OAT;;2025-03-21;2025-03-24;2030-03-24;60;;15000;2870.0000;870.0000;TG0000003086;6.5000;9459.0000;;9479.4000;;7.8000;In Fine;;réalisée;https://www.umoatitres.org/fr/emission/emission-du-tresor-du-togo-du-21-03-2025/
Côte d'Ivoire;ES (Titre 1);BAT;;2025-03-17;2025-03-18;2025-09-23;6;;80863;42493.0000;42493.0000;CI0000008207;multiple;;5.5000;;5.5000;5.6600;In Fine;;réalisée;https://www.umoatitres.org/fr/emission/rachat-et-emission-simultanee-du-tresor-de-cote-divoire-du-17-03-2025/
Côte d'Ivoire;ES (Titre 2);BAT;;2025-03-17;2025-03-18;2026-02-10;12;;80863;38370.0000;38370.0000;CI0000008801;multiple;;6.8000;;6.8000;7.2500;In Fine;;réalisée;https://www.umoatitres.org/fr/emission/rachat-et-emission-simultanee-du-tresor-de-cote-divoire-du-17-03-2025/
Guinée Bissau;ES (Titre 1);BAT;;2025-03-17;2025-03-18;2026-03-10;12;;12245;12245.0000;12245.0000;GW0000001341;multiple;;9.3500;;9.3115;10.2600;In Fine;;réalisée;https://www.umoatitres.org/fr/emission/emission-simultanee-du-tresor-de-guinee-bissau-du-17-03-2025/
Togo;ES (Titre 1);BAT;Echange;2025-03-14;2025-03-14;2026-01-25;12;;22449;10131.0000;10131.0000;TG0000003045;multiple;;7.0500;;6.9916;7.4500;In Fine;;réalisée;https://www.umoatitres.org/fr/emission/rachat-et-emission-simultanee-du-tresor-du-togo-du-14-03-2025/
Togo;ES (Titre 2);OAT;Echange;2025-03-14;2025-03-14;2028-01-13;36;;22449;12318.1900;12318.1900;TG0000002997;6.2500;9536.9700;;9539.6300;;8.1200;In Fine;;réalisée;https://www.umoatitres.org/fr/emission/rachat-et-emission-simultanee-du-tresor-du-togo-du-14-03-2025/
Côte d'Ivoire;ES (Titre 1);BAT;;2025-03-18;2025-03-19;2026-02-24;12;;150000;73597.0000;68597.0000;CI0000008918;multiple;;6.8000;;6.7603;7.2300;In Fine;;réalisée;https://www.umoatitres.org/fr/emission/emission-simultanee-du-tresor-de-cote-divoire-du-18-03-2025/
Côte d'Ivoire;ES (Titre 2);OAT;;2025-03-18;2025-03-19;2028-02-26;36;;150000;38720.3200;38720.3200;CI0000008926;5.7000;9500.0000;;9504.7600;;7.6400;In Fine;;réalisée;https://www.umoatitres.org/fr/emission/emission-simultanee-du-tresor-de-cote-divoire-du-18-03-2025/
Côte d'Ivoire;ES (Titre 3);OAT;;2025-03-18;2025-03-19;2030-02-26;60;;150000;35453.9600;35453.9600;CI0000008934;5.9000;9300.0000;;9377.2500;;7.4500;In Fine;;réalisée;https://www.umoatitres.org/fr/emission/emission-simultanee-du-tresor-de-cote-divoire-du-18-03-2025/
Côte d'Ivoire;ES (Titre 4);OAT;;2025-03-18;2025-03-19;2032-02-26;84;;150000;4971.6400;4971.6400;CI0000008942;6.0000;9200.0000;;9625.3100;;6.6900;In Fine;;réalisée;https://www.umoatitres.org/fr/emission/emission-simultanee-du-tresor-de-cote-divoire-du-18-03-2025/
Niger;ES (Titre 1);BAT;;2025-03-13;2025-03-14;2025-09-11;6;;20000;4662.0000;4662.0000;NE0000002383;multiple;;9.9999;;9.3941;9.8600;In Fine;;réalisée;https://www.umoatitres.org/fr/emission/emission-simultanee-du-tresor-du-niger-du-13-03-2025/
Niger;ES (Titre 2);BAT;;2025-03-13;2025-03-14;2025-12-04;12;;20000;10205.0000;10205.0000;NE0000002268;multiple;;10.0000;;9.7563;10.5100;In Fine;;réalisée;https://www.umoatitres.org/fr/emission/emission-simultanee-du-tresor-du-niger-du-13-03-2025/
Côte d'Ivoire;ES (Titre 1);BAT;Echange;2025-03-10;2025-03-11;2025-08-26;6;;61571;12000.0000;12000.0000;CI0000008900;multiple;;6.7000;;6.6954;6.9100;In Fine;;réalisée;https://www.umoatitres.org/fr/emission/rachat-et-emission-simultanee-du-tresor-de-cote-divoire-du-10-03-2025/
Côte d'Ivoire;ES (Titre 2);BAT;Echange;2025-03-10;2025-03-11;2025-09-23;6;;61571;8111.0000;8111.0000;CI0000008207;multiple;;6.7000;;6.6233;6.8700;In Fine;;réalisée;https://www.umoatitres.org/fr/emission/rachat-et-emission-simultanee-du-tresor-de-cote-divoire-du-10-03-2025/
Côte d'Ivoire;ES (Titre 3);OAT;Echange;2025-03-10;2025-03-11;2026-03-03;12;;61571;31172.0800;31172.0800;CI0000004230;5.6000;9855.0000;;9855.5200;;7.1800;In Fine;;réalisée;https://www.umoatitres.org/fr/emission/rachat-et-emission-simultanee-du-tresor-de-cote-divoire-du-10-03-2025/
Côte d'Ivoire;ES (Titre 4);OAT;Echange;2025-03-10;2025-03-11;2027-03-06;24;;61571;1800.8200;1800.8200;CI0000007340;5.5000;9677.7100;;9677.7100;;7.3000;In Fine;;réalisée;https://www.umoatitres.org/fr/emission/rachat-et-emission-simultanee-du-tresor-de-cote-divoire-du-10-03-2025/
Côte d'Ivoire;ES (Titre 5);OAT;Echange;2025-03-10;2025-03-11;2028-02-26;36;;61571;8486.6200;8486.6200;CI0000008926;5.7000;9536.1900;;9536.1900;;7.5000;In Fine;;réalisée;https://www.umoatitres.org/fr/emission/rachat-et-emission-simultanee-du-tresor-de-cote-divoire-du-10-03-2025/
Bénin;ES (Titre 1);BAT;;2025-03-20;2025-03-21;2025-06-19;3;;20000;84576.0000;2458.0000;BJ0000002408;multiple;;6.0487;;6.0485;6.1400;In Fine;;réalisée;https://www.umoatitres.org/fr/emission/emission-du-tresor-du-benin-du-20-03-2025-2/
Bénin;ES (Titre 2);OAT;;2025-03-20;2025-03-21;2028-01-17;36;;20000;25730.0000;9015.0000;BJ0000002291;5.7000;9759.0000;;9764.9400;;6.6300;In Fine;;réalisée;https://www.umoatitres.org/fr/emission/emission-du-tresor-du-benin-du-20-03-2025-2/
Bénin;ES (Titre 3);OAT;;2025-03-20;2025-03-21;2030-03-21;60;;20000;1190.0000;1190.0000;BJ0000002416;5.9000;9510.0000;;9562.6100;;6.9700;In Fine;;réalisée;https://www.umoatitres.org/fr/emission/emission-du-tresor-du-benin-du-20-03-2025-2/
Bénin;ES (Titre 4);OAT;;2025-03-20;2025-03-21;2032-03-21;84;;20000;9336.7200;9336.7200;BJ0000002424;6.0000;9300.0000;;9314.2500;;7.2900;In Fine;;réalisée;https://www.umoatitres.org/fr/emission/emission-du-tresor-du-benin-du-20-03-2025-2/
Sénégal;ES (Titre 1);BAT;;2025-03-14;2025-03-17;2026-03-15;12;;35000;33701.0000;29038.0000;SN0000003724;multiple;;6.8400;;6.8113;7.3200;In Fine;;réalisée;https://www.umoatitres.org/fr/emission/emission-simultanee-du-tresor-du-senegal-du-14-03-2025/
Sénégal;ES (Titre 2);OAT;;2025-03-14;2025-03-17;2028-03-17;36;;35000;9334.9800;9334.9800;SN0000003732;6.3000;9500.0000;;9569.8300;;7.9700;In Fine;;réalisée;https://www.umoatitres.org/fr/emission/emission-simultanee-du-tresor-du-senegal-du-14-03-2025/
Sénégal;ES (Titre 3);OAT;;2025-03-14;2025-03-17;2030-03-17;60;;35000;126.8500;126.8500;SN0000003740;6.4500;9450.0000;;9458.3000;;7.8000;In Fine;;réalisée;https://www.umoatitres.org/fr/emission/emission-simultanee-du-tresor-du-senegal-du-14-03-2025/
Niger;;BAT;;2025-03-07;2025-03-07;2026-03-05;12;;14500;14500.0000;14500.0000;NE0000002375;multiple;;10.0000;;9.8724;10.9700;In Fine;;réalisée;https://www.umoatitres.org/fr/emission/emission-du-tresor-du-niger-du-07-03-2025/
Burkina Faso;ES (Titre 1);BAT;;2025-03-12;2025-03-13;2026-03-11;12;;35000;21587.0000;21527.0000;BF0000003467;multiple;;9.0000;;8.7843;9.6400;In Fine;;réalisée;https://www.umoatitres.org/fr/emission/emission-du-tresor-du-burkina-du-12-03-2025/
Burkina Faso;ES (Titre 2);OAT;;2025-03-12;2025-03-13;2028-03-13;36;;35000;10636.9300;10636.9300;BF0000003475;6.0000;9020.0000;;9418.2400;;8.2700;In Fine;;réalisée;https://www.umoatitres.org/fr/emission/emission-du-tresor-du-burkina-du-12-03-2025/
Burkina Faso;ES (Titre 3);OAT;;2025-03-12;2025-03-13;2030-03-13;60;;35000;3062.0000;3062.0000;BF0000003483;6.2000;9050.0000;;9222.8000;;8.1500;In Fine;;réalisée;https://www.umoatitres.org/fr/emission/emission-du-tresor-du-burkina-du-12-03-2025/
Burkina Faso;ES (Titre 4);OAT;;2025-03-12;2025-03-13;2032-03-13;84;;35000;2327.0000;2327.0000;BF0000003491;6.4000;9000.0000;;9070.2600;;8.2000;In Fine;;réalisée;https://www.umoatitres.org/fr/emission/emission-du-tresor-du-burkina-du-12-03-2025/
Mali;ES (Titre 1);BAT;Echange;2025-03-05;2025-03-06;2026-03-04;12;;20318;17318.0000;17318.0000;ML0000003490;multiple;;8.9000;;8.8577;9.7300;In Fine;;réalisée;https://www.umoatitres.org/fr/emission/rachat-et-emission-simultanee-du-tresor-du-mali-du-05-03-2025/
Mali;ES (Titre 2);OAT;Echange;2025-03-05;2025-03-06;2030-03-06;60;;20318;3000.0000;3000.0000;ML0000003516;6.3500;9500.0000;;9500.0000;;7.5900;In Fine;;réalisée;https://www.umoatitres.org/fr/emission/rachat-et-emission-simultanee-du-tresor-du-mali-du-05-03-2025/
Guinée Bissau;ES (Titre 1);BAT;;2025-03-11;2025-03-12;2026-03-10;12;;15000;14927.0000;10855.0000;GW0000001341;multiple;;9.3500;;9.2509;10.2100;In Fine;;réalisée;https://www.umoatitres.org/fr/emission/emission-simultanee-du-tresor-de-guinee-bissau-du-11-03-2025/
Guinée Bissau;ES (Titre 2);OAT;;2025-03-11;2025-03-12;2028-01-15;36;;15000;5645.0000;5645.0000;GW0000001317;6.2500;9030.0000;;9060.8800;;10.2000;In Fine;;réalisée;https://www.umoatitres.org/fr/emission/emission-simultanee-du-tresor-de-guinee-bissau-du-11-03-2025/
Togo;ES (Titre 1);BAT;;2025-03-03;2025-03-03;2025-09-29;12;;25000;3000.0000;3000.0000;TG0000002963;multiple;;6.7500;;6.7500;7.0300;In Fine;;réalisée;https://www.umoatitres.org/fr/emission/emission-simultanee-du-tresor-du-togo-du-03-03-2025/
Togo;ES (Titre 2);OAT;;2025-03-03;2025-03-03;2026-02-27;12;;25000;5000.0000;5000.0000;TG0000002013;5.5000;9844.4800;;9844.4800;;7.1800;In Fine;;réalisée;https://www.umoatitres.org/fr/emission/emission-simultanee-du-tresor-du-togo-du-03-03-2025/
Togo;ES (Titre 3);OAT;;2025-03-03;2025-03-03;2028-02-27;36;;25000;17793.2200;17793.2200;TG0000002021;5.7000;9370.0000;;9376.2800;;8.1300;In Fine;;réalisée;https://www.umoatitres.org/fr/emission/emission-simultanee-du-tresor-du-togo-du-03-03-2025/
Sénégal;ES (Titre 1);BAT;Echange;2025-02-27;2025-02-28;2026-02-15;12;;62015;47383.0000;47383.0000;SN0000003674;multiple;;6.7200;;6.7200;7.1900;In Fine;;réalisée;https://www.umoatitres.org/fr/emission/rachat-et-emission-simultanee-du-tresor-du-senegal-du-27-02-2025/
Sénégal;ES (Titre 2);OAT;Echange;2025-02-27;2025-02-28;2028-02-17;36;;62015;4033.4400;4033.4400;SN0000003682;6.3000;9582.4700;;9582.4700;;7.9300;In Fine;;réalisée;https://www.umoatitres.org/fr/emission/rachat-et-emission-simultanee-du-tresor-du-senegal-du-27-02-2025/
Sénégal;ES (Titre 3);OAT;Echange;2025-02-27;2025-02-28;2025-11-21;36;;62015;10598.5300;10598.5300;SN0000002072;5.1000;9866.7900;;9866.7900;;6.9900;In Fine;;réalisée;https://www.umoatitres.org/fr/emission/rachat-et-emission-simultanee-du-tresor-du-senegal-du-27-02-2025/
Côte d'Ivoire;ES (Titre 1);BAT;;2025-03-04;2025-03-05;2025-06-03;3;;150000;124360.0000;87213.0000;CI0000008959;multiple;;6.4500;;6.3755;6.4800;In Fine;;réalisée;https://www.umoatitres.org/fr/emission/emission-simultanee-du-tresor-de-cote-divoire-du-04-03-2025/
Côte d'Ivoire;ES (Titre 2);BAT;;2025-03-04;2025-03-05;2025-09-02;6;;150000;23002.0000;23002.0000;CI0000008967;multiple;;6.7000;;6.5837;6.8100;In Fine;;réalisée;https://www.umoatitres.org/fr/emission/emission-simultanee-du-tresor-de-cote-divoire-du-04-03-2025/
Côte d'Ivoire;ES (Titre 3);BAT;;2025-03-04;2025-03-05;2026-02-24;12;;150000;19005.0000;19005.0000;CI0000008918;multiple;;6.7800;;6.7500;7.2300;In Fine;;réalisée;https://www.umoatitres.org/fr/emission/emission-simultanee-du-tresor-de-cote-divoire-du-04-03-2025/
Côte d'Ivoire;ES (Titre 6);OAT;;2025-03-04;2025-03-05;2032-02-26;84;;150000;20780.0000;20780.0000;CI0000008942;6.0000;9200.0000;;9301.2000;;7.3100;In Fine;;réalisée;https://www.umoatitres.org/fr/emission/emission-simultanee-du-tresor-de-cote-divoire-du-04-03-2025/
Mali;ES (Titre 1);BAT;;2025-03-05;2025-03-06;2026-03-04;12;;25000;39015.0000;27000.0000;ML0000003490;multiple;;8.9000;;8.8555;9.7300;In Fine;;réalisée;https://www.umoatitres.org/fr/emission/emission-simultanee-du-tresor-du-mali-du-05-03-2025/
Mali;ES (Titre 2);OAT;;2025-03-05;2025-03-06;2028-03-06;36;;25000;700.0000;500.0000;ML0000003508;6.1500;9200.0000;;9200.0000;;9.3300;In Fine;;réalisée;https://www.umoatitres.org/fr/emission/emission-simultanee-du-tresor-du-mali-du-05-03-2025/
Togo;ES (Titre 1);OAT;;2025-02-27;2025-02-28;2026-02-27;36;;18141;16542.2300;16541.4300;TG0000002013;5.5000;9811.0000;;9811.3000;;7.5300;In Fine;;réalisée;https://www.umoatitres.org/fr/emission/rachat-et-emission-simultanee-du-tresor-du-togo-du-27-02-2025/
Togo;ES (Titre 2);OAT;;2025-02-27;2025-02-28;2028-02-27;60;;18141;1598.8300;1598.8300;TG0000002021;5.7000;9378.1300;;9378.1300;;8.1200;In Fine;;réalisée;https://www.umoatitres.org/fr/emission/rachat-et-emission-simultanee-du-tresor-du-togo-du-27-02-2025/
Niger;ES (Titre 1);BAT;;2025-03-06;2025-03-07;2026-03-05;12;;40000;40146.0000;40146.0000;NE0000002375;multiple;;10.0000;;9.4542;10.4500;In Fine;;réalisée;https://www.umoatitres.org/fr/emission/emission-simultanee-du-tresor-du-niger-du-06-03-2025/
Niger;ES (Titre 2);OAT;;2025-03-06;2025-03-07;2028-02-21;36;;40000;1056.0400;1056.0400;NE0000002367;6.3000;9010.0000;;9010.0400;;10.3400;In Fine;;réalisée;https://www.umoatitres.org/fr/emission/emission-simultanee-du-tresor-du-niger-du-06-03-2025/
Côte d'Ivoire;ES (Titre 1);BAT;;2025-02-24;2025-02-25;2025-06-22;6;;111057;39954.0000;39954.0000;CI0000008652;multiple;;6.5000;;5.8069;5.9200;In Fine;;réalisée;https://www.umoatitres.org/fr/emission/rachat-et-emission-simultanee-du-tresor-de-cote-divoire-du-24-02-2025/
Côte d'Ivoire;ES (Titre 2);OAT;;2025-02-24;2025-02-25;2025-06-03;60;;111057;38442.9100;38442.9100;CI0000003539;5.8500;9976.5300;;9976.5300;;6.6200;In Fine;;réalisée;https://www.umoatitres.org/fr/emission/rachat-et-emission-simultanee-du-tresor-de-cote-divoire-du-24-02-2025/
Côte d'Ivoire;ES (Titre 3);OAT;;2025-02-24;2025-02-25;2026-03-03;60;;111057;4388.0700;4388.0700;CI0000004230;5.6000;9850.8600;;9850.8600;;7.1700;In Fine;;réalisée;https://www.umoatitres.org/fr/emission/rachat-et-emission-simultanee-du-tresor-de-cote-divoire-du-24-02-2025/
Côte d'Ivoire;ES (Titre 4);OAT;;2025-02-24;2025-02-25;2026-07-12;36;;111057;17202.1300;17202.1300;CI0000006607;5.5000;9773.9500;;9773.9500;;7.2500;In Fine;;réalisée;https://www.umoatitres.org/fr/emission/rachat-et-emission-simultanee-du-tresor-de-cote-divoire-du-24-02-2025/
Côte d'Ivoire;ES (Titre 5);OAT;;2025-02-24;2025-02-25;2030-01-22;60;;111057;11068.7500;11068.7500;CI0000008736;5.9000;9300.0000;;9300.0000;;7.6600;In Fine;;réalisée;https://www.umoatitres.org/fr/emission/rachat-et-emission-simultanee-du-tresor-de-cote-divoire-du-24-02-2025/
Sénégal;ES (Titre 1);BAT;;2025-02-28;2025-03-03;2026-03-01;12;;35000;33041.0000;24800.0000;SN0000003690;multiple;;6.8425;;6.7466;7.2400;In Fine;;réalisée;https://www.umoatitres.org/fr/emission/emission-du-tresor-du-senegal-du-28-02-2025/
Sénégal;ES (Titre 2);OAT;;2025-02-28;2025-03-03;2028-03-03;36;;35000;13458.7500;13400.0000;SN0000003708;6.3000;9565.0000;;9571.3900;;7.9600;In Fine;;réalisée;https://www.umoatitres.org/fr/emission/emission-du-tresor-du-senegal-du-28-02-2025/
Sénégal;ES (Titre 3);OAT;;2025-02-28;2025-03-03;2030-03-03;60;;35000;300.0000;300.0000;SN0000003716;6.4500;9451.0000;;9451.0000;;7.8200;In Fine;;réalisée;https://www.umoatitres.org/fr/emission/emission-du-tresor-du-senegal-du-28-02-2025/
Sénégal;ES (Titre 2);OAT;;2025-02-21;2025-02-24;2028-02-17;36;;20000;5318.2000;2000.0000;SN0000003682;6.3000;9575.0000;;9580.0000;;7.9400;In Fine;;réalisée;https://www.umoatitres.org/fr/emission/emission-du-tresor-du-senegal-du-21-02-2025/
Burkina Faso;ES (Titre 1);BAT;;2025-02-26;2025-02-27;2026-02-25;12;;35000;22103.0000;15090.0000;BF0000003418;multiple;;9.0000;;8.8940;9.7700;In Fine;;réalisée;https://www.umoatitres.org/fr/emission/emission-du-tresor-du-burkina-du-26-02-2025/
Burkina Faso;ES (Titre 2);OAT;;2025-02-26;2025-02-27;2028-02-27;36;;35000;8560.6500;8560.0000;BF0000003434;6.0000;9021.0000;;9052.5800;;9.8000;In Fine;;réalisée;https://www.umoatitres.org/fr/emission/emission-du-tresor-du-burkina-du-26-02-2025/
Burkina Faso;ES (Titre 3);OAT;;2025-02-26;2025-02-27;2030-02-27;60;;35000;3215.0000;3215.0000;BF0000003442;6.2000;9100.0000;;9568.9000;;7.2600;In Fine;;réalisée;https://www.umoatitres.org/fr/emission/emission-du-tresor-du-burkina-du-26-02-2025/
Burkina Faso;ES (Titre 4);OAT;;2025-02-26;2025-02-27;2032-02-27;84;;35000;11635.0000;11635.0000;BF0000003459;6.4000;9020.0000;;9311.6200;;7.7100;In Fine;;réalisée;https://www.umoatitres.org/fr/emission/emission-du-tresor-du-burkina-du-26-02-2025/
Côte d'Ivoire;ES (Titre 1);BAT;;2025-02-25;2025-02-26;2025-05-27;3;;110000;54805.0000;30988.0000;CI0000008850;multiple;;6.4799;;6.4074;6.5100;In Fine;;réalisée;https://www.umoatitres.org/fr/emission/emission-simultanee-du-tresor-de-cote-divoire-du-25-02-2025/
Côte d'Ivoire;ES (Titre 2);BAT;;2025-02-25;2025-02-26;2025-08-26;6;;110000;38581.0000;38281.0000;CI0000008900;multiple;;6.5600;;6.4283;6.6400;In Fine;;réalisée;https://www.umoatitres.org/fr/emission/emission-simultanee-du-tresor-de-cote-divoire-du-25-02-2025/
Côte d'Ivoire;ES (Titre 3);BAT;;2025-02-25;2025-02-26;2026-02-24;12;;110000;3320.0000;2220.0000;CI0000008918;multiple;;6.7900;;6.7882;7.2900;In Fine;;réalisée;https://www.umoatitres.org/fr/emission/emission-simultanee-du-tresor-de-cote-divoire-du-25-02-2025/
Côte d'Ivoire;ES (Titre 4);OAT;;2025-02-25;2025-02-26;2028-02-26;36;;110000;17810.4100;17810.4100;CI0000008926;5.7000;9500.0000;;9503.9100;;7.6100;In Fine;;réalisée;https://www.umoatitres.org/fr/emission/emission-simultanee-du-tresor-de-cote-divoire-du-25-02-2025/
Côte d'Ivoire;ES (Titre 5);OAT;;2025-02-25;2025-02-26;2030-02-26;60;;110000;18500.0000;18500.0000;CI0000008934;5.9000;9300.0000;;9388.9200;;7.4100;In Fine;;réalisée;https://www.umoatitres.org/fr/emission/emission-simultanee-du-tresor-de-cote-divoire-du-25-02-2025/
Côte d'Ivoire;ES (Titre 6);OAT;;2025-02-25;2025-02-26;2032-02-26;84;;110000;13200.0000;13200.0000;CI0000008942;6.0000;9200.0000;;9836.7400;;6.3000;In Fine;;réalisée;https://www.umoatitres.org/fr/emission/emission-simultanee-du-tresor-de-cote-divoire-du-25-02-2025/
Mali;ES (Titre 1);OAT;Echange;2025-02-19;2025-02-20;2030-02-20;60;;22667;5854.6900;5854.6900;ML0000003466;6.3500;9500.0000;;9500.0000;;7.5900;In Fine;;réalisée;https://www.umoatitres.org/fr/emission/rachat-et-emission-du-tresor-du-mali-du-19-02-2025/
Mali;ES (Titre 2);OAT;Echange;2025-02-19;2025-02-20;2032-02-20;84;;22667;6904.3300;6904.3300;ML0000003474;6.4500;9400.0000;;9400.0000;;7.5900;In Fine;;réalisée;https://www.umoatitres.org/fr/emission/rachat-et-emission-du-tresor-du-mali-du-19-02-2025/
Mali;ES (Titre 3);OAT;Echange;2025-02-19;2025-02-20;2035-02-20;120;;22667;6864.2900;6864.2900;ML0000003482;6.5500;9300.0000;;9300.0000;;7.5700;In Fine;;réalisée;https://www.umoatitres.org/fr/emission/rachat-et-emission-du-tresor-du-mali-du-19-02-2025/
Mali;ES (Titre 1);BAT;;2025-02-19;2025-02-20;2026-02-18;12;;25000;17221.0000;16781.0000;ML0000003441;multiple;;8.9000;;8.7528;9.6000;In Fine;;réalisée;https://www.umoatitres.org/fr/emission/emission-simultanee-du-tresor-du-mali-du-19-02-2025/
Mali;ES (Titre 2);OAT;;2025-02-19;2025-02-20;2028-02-20;36;;25000;7450.0000;7450.0000;ML0000003458;6.1500;9200.0000;;9200.8400;;9.3300;In Fine;;réalisée;https://www.umoatitres.org/fr/emission/emission-simultanee-du-tresor-du-mali-du-19-02-2025/
Mali;ES (Titre 3);OAT;;2025-02-19;2025-02-20;2030-02-20;60;;25000;3268.4800;3268.4800;ML0000003466;6.3500;9500.0000;;9500.0000;;7.5900;In Fine;;réalisée;https://www.umoatitres.org/fr/emission/emission-simultanee-du-tresor-du-mali-du-19-02-2025/
Guinée Bissau;ES (Titre 1);BAT;;2025-02-18;2025-02-19;2025-05-20;3;;12500;2941.0000;1085.0000;GW0000001333;multiple;;9.0000;;8.9087;9.1100;In Fine;;réalisée;https://www.umoatitres.org/fr/emission/emission-du-tresor-de-guinee-bissau-du-18-02-2025/
Guinée Bissau;ES (Titre 2);BAT;;2025-02-18;2025-02-19;2026-02-03;12;;12500;10061.0000;10061.0000;GW0000001325;multiple;;9.3500;;9.2113;10.1200;In Fine;;réalisée;https://www.umoatitres.org/fr/emission/emission-du-tresor-de-guinee-bissau-du-18-02-2025/
Guinée Bissau;ES (Titre 3);OAT;;2025-02-18;2025-02-19;2028-01-15;36;;12500;2604.1000;2604.0000;GW0000001317;6.2500;9025.0000;;9047.8900;;10.1900;In Fine;;réalisée;https://www.umoatitres.org/fr/emission/emission-du-tresor-de-guinee-bissau-du-18-02-2025/
Niger;ES (Titre 1);BAT;;2025-02-20;2025-02-21;2026-02-19;12;;25000;29000.0000;25365.0000;NE0000002359;multiple;;10.0000;;9.3911;10.3800;In Fine;;réalisée;https://www.umoatitres.org/fr/emission/emission-du-tresor-du-niger-du-20-02-2025/
Niger;ES (Titre 2);OAT;;2025-02-20;2025-02-21;2028-02-21;36;;25000;2134.6600;2134.6600;NE0000002367;6.3000;9010.0000;;9015.6800;;10.2800;In Fine;;réalisée;https://www.umoatitres.org/fr/emission/emission-du-tresor-du-niger-du-20-02-2025/
Togo;;BAT;;2025-02-21;2025-02-24;2025-05-25;3;;15000;39313.0000;16500.0000;TG0000003060;multiple;;6.7750;;6.6386;6.7500;In Fine;;réalisée;https://www.umoatitres.org/fr/emission/emission-du-tresor-du-togo-du-21-02-2025/
Côte d'Ivoire;ES (Titre 1);BAT;;2025-02-13;2025-02-14;2026-02-12;12;;206421;111905.0000;111905.0000;CI0000008843;multiple;;6.7300;;6.7233;7.2100;In Fine;;réalisée;https://www.umoatitres.org/fr/emission/rachat-et-emission-du-tresor-de-cote-divoire-du-13-02-2025/
Côte d'Ivoire;ES (Titre 2);OAT;;2025-02-13;2025-02-14;2026-04-18;12;;206421;44997.8700;44997.8700;CI0000006284;5.3000;9774.7100;;9777.4900;;7.3200;In Fine;;réalisée;https://www.umoatitres.org/fr/emission/rachat-et-emission-du-tresor-de-cote-divoire-du-13-02-2025/
Côte d'Ivoire;ES (Titre 3);OAT;;2025-02-13;2025-02-14;2028-03-15;36;;206421;24604.7600;24604.7600;CI0000006201;5.5000;9466.1300;;9466.1300;;7.5000;In Fine;;réalisée;https://www.umoatitres.org/fr/emission/rachat-et-emission-du-tresor-de-cote-divoire-du-13-02-2025/
Côte d'Ivoire;ES (Titre 4);OAT;;2025-02-13;2025-02-14;2028-02-08;36;;206421;18000.0000;18000.0000;CI0000005930;5.5000;9500.0000;;9500.0000;;7.4300;In Fine;;réalisée;https://www.umoatitres.org/fr/emission/rachat-et-emission-du-tresor-de-cote-divoire-du-13-02-2025/
Côte d'Ivoire;ES (Titre 5);OAT;;2025-02-13;2025-02-14;2030-01-22;60;;206421;6800.0000;6800.0000;CI0000008736;5.9000;9300.0000;;9300.0000;;7.6500;In Fine;;réalisée;https://www.umoatitres.org/fr/emission/rachat-et-emission-du-tresor-de-cote-divoire-du-13-02-2025/
Sénégal;ES (Titre 1);BAT;Echange;2025-02-10;2025-02-11;2026-02-01;12;;88588;6731.0000;6731.0000;SN0000003633;multiple;;6.9000;;6.9000;7.4100;In Fine;;réalisée;https://www.umoatitres.org/fr/emission/rachat-et-emission-simultanee-du-tresor-du-senegal-du-10-02-2025/
Sénégal;ES (Titre 2);OAT;Echange;2025-02-10;2025-02-11;2028-02-11;36;;88588;62299.6000;62299.6000;SN0000003666;6.3000;9575.0000;;9577.0900;;7.9400;In Fine;;réalisée;https://www.umoatitres.org/fr/emission/rachat-et-emission-simultanee-du-tresor-du-senegal-du-10-02-2025/
Sénégal;ES (Titre 3);OAT;Echange;2025-02-10;2025-02-11;2030-02-03;60;;88588;19557.2000;19557.2000;SN0000003658;6.4500;9430.0000;;9438.6100;;7.8500;In Fine;;réalisée;https://www.umoatitres.org/fr/emission/rachat-et-emission-simultanee-du-tresor-du-senegal-du-10-02-2025/
Sénégal;ES (Titre 1);BAT;;2025-02-14;2025-02-17;2026-02-15;12;;30000;25345.0000;11243.0000;SN0000003674;multiple;;6.8595;;6.7175;7.2100;In Fine;;réalisée;https://www.umoatitres.org/fr/emission/emission-simultanee-du-tresor-du-senegal-du-14-02-2025/
Sénégal;ES (Titre 2);OAT;;2025-02-14;2025-02-17;2028-02-17;36;;30000;27634.0000;21757.0000;SN0000003682;6.3000;9565.0000;;9579.8500;;7.9300;In Fine;;réalisée;https://www.umoatitres.org/fr/emission/emission-simultanee-du-tresor-du-senegal-du-14-02-2025/
Côte d'Ivoire;ES (Titre 1);BAT;;2024-12-27;2024-12-30;2025-03-27;3;;10545;3000.0000;3000.0000;CI0000007415;multiple;;6.5000;;6.5000;6.6000;In Fine;;réalisée;https://www.umoatitres.org/fr/emission/emission-et-rachat-du-tresor-de-cote-divoire-du-27-12-2024/
Côte d'Ivoire;ES (Titre 2);BAT;;2024-12-27;2024-12-30;2025-06-22;6;;10545;7545.0000;7545.0000;CI0000008652;multiple;;6.7000;;6.7000;6.9300;In Fine;;réalisée;https://www.umoatitres.org/fr/emission/emission-et-rachat-du-tresor-de-cote-divoire-du-27-12-2024/
Mali;ES (Titre 1);BAT;Echange;2025-02-06;2025-02-07;2026-02-04;12;;13949;13949.0000;13949.0000;ML0000003417;multiple;;8.5000;;8.5000;9.3000;In Fine;;réalisée;https://www.umoatitres.org/fr/emission/rachat-et-emission-simultanee-du-tresor-du-mali-du-06-02-2025/
Côte d'Ivoire;ES (Titre 1);BAT;;2025-02-11;2025-02-12;2025-05-13;3;;100000;26048.0000;26048.0000;CI0000008785;multiple;;6.5000;;6.2988;6.4000;In Fine;;réalisée;https://www.umoatitres.org/fr/emission/emission-simultanee-du-tresor-de-cote-divoire-du-11-02-2025/
Côte d'Ivoire;ES (Titre 2);BAT;;2025-02-11;2025-02-12;2025-08-12;6;;100000;17200.0000;17200.0000;CI0000008793;multiple;;6.5400;;6.5221;6.7400;In Fine;;réalisée;https://www.umoatitres.org/fr/emission/emission-simultanee-du-tresor-de-cote-divoire-du-11-02-2025/
Côte d'Ivoire;ES (Titre 3);BAT;;2025-02-11;2025-02-12;2026-02-10;12;;100000;11619.0000;9619.0000;CI0000008801;multiple;;6.7500;;6.6992;7.1900;In Fine;;réalisée;https://www.umoatitres.org/fr/emission/emission-simultanee-du-tresor-de-cote-divoire-du-11-02-2025/
Côte d'Ivoire;ES (Titre 4);OAT;;2025-02-11;2025-02-12;2028-01-29;36;;100000;3772.5000;3772.5000;CI0000008769;5.7000;9500.0000;;9835.7900;;6.3200;In Fine;;réalisée;https://www.umoatitres.org/fr/emission/emission-simultanee-du-tresor-de-cote-divoire-du-11-02-2025/
Côte d'Ivoire;ES (Titre 5);OAT;;2025-02-11;2025-02-12;2030-01-22;60;;100000;26823.3000;26823.3000;CI0000008736;5.9000;9300.0000;;9303.8600;;7.6400;In Fine;;réalisée;https://www.umoatitres.org/fr/emission/emission-simultanee-du-tresor-de-cote-divoire-du-11-02-2025/
Côte d'Ivoire;ES (Titre 6);OAT;;2025-02-11;2025-02-12;2032-01-29;84;;100000;13259.0000;13259.0000;CI0000008777;6.0000;9200.0000;;9804.9000;;6.3500;In Fine;;réalisée;https://www.umoatitres.org/fr/emission/emission-simultanee-du-tresor-de-cote-divoire-du-11-02-2025/
Côte d'Ivoire;ES (Titre 7);OAT;;2025-02-11;2025-02-12;2035-02-12;120;;100000;11800.0000;11800.0000;CI0000008819;6.2500;9200.0000;;9200.0000;;7.4100;In Fine;;réalisée;https://www.umoatitres.org/fr/emission/emission-simultanee-du-tresor-de-cote-divoire-du-11-02-2025/
Guinée Bissau;ES (Titre 1);BAT;;2025-02-05;2025-02-06;2025-08-19;6;;15774;2996.0000;2996.0000;GW0000001168;multiple;;9.0649;;9.0649;9.5300;In Fine;;réalisée;https://www.umoatitres.org/fr/emission/rachat-et-emission-du-tresor-de-guinee-bissau-du-05-02-2025/
Guinée Bissau;ES (Titre 2);BAT;;2025-02-05;2025-02-06;2026-02-03;12;;15774;12778.0000;12778.0000;GW0000001325;multiple;;9.3000;;9.3000;10.2600;In Fine;;réalisée;https://www.umoatitres.org/fr/emission/rachat-et-emission-du-tresor-de-guinee-bissau-du-05-02-2025/
Burkina Faso;ES (Titre 1);BAT;;2025-02-12;2025-02-13;2026-02-11;12;;50000;29465.0000;28706.0000;BF0000003400;multiple;;9.1000;;8.9473;9.8400;In Fine;;réalisée;https://www.umoatitres.org/fr/emission/emission-simultanee-du-tresor-du-burkina-du-12-02-2025/
Burkina Faso;ES (Titre 2);OAT;;2025-02-12;2025-02-13;2028-01-16;36;;50000;6891.2000;6891.0000;BF0000003343;6.0000;9025.0000;;9079.5600;;9.7600;In Fine;;réalisée;https://www.umoatitres.org/fr/emission/emission-simultanee-du-tresor-du-burkina-du-12-02-2025/
Burkina Faso;ES (Titre 3);OAT;;2025-02-12;2025-02-13;2030-01-16;60;;50000;6100.0000;6100.0000;BF0000003376;6.2000;9100.0000;;9526.2300;;7.3800;In Fine;;réalisée;https://www.umoatitres.org/fr/emission/emission-simultanee-du-tresor-du-burkina-du-12-02-2025/
Burkina Faso;ES (Titre 4);OAT;;2025-02-12;2025-02-13;2032-01-16;84;;50000;2269.0000;2269.0000;BF0000003384;6.4000;9020.0000;;9040.1300;;8.2700;In Fine;;réalisée;https://www.umoatitres.org/fr/emission/emission-simultanee-du-tresor-du-burkina-du-12-02-2025/
Bénin;ES (Titre 1);BAT;;2025-02-13;2025-02-14;2025-05-15;3;;25000;19082.0000;5500.0000;BJ0000002309;multiple;;6.1999;;6.1945;6.2900;In Fine;;réalisée;https://www.umoatitres.org/fr/emission/emission-simultanee-du-tresor-du-benin-du-13-02-2025/
Bénin;ES (Titre 2);BAT;;2025-02-13;2025-02-14;2025-08-14;6;;25000;46299.0000;22000.0000;BJ0000002390;multiple;;6.4999;;6.4568;6.6700;In Fine;;réalisée;https://www.umoatitres.org/fr/emission/emission-simultanee-du-tresor-du-benin-du-13-02-2025/
Togo;ES (Titre 1);BAT;Echange;2025-01-31;2025-01-31;2026-01-25;12;;19379;19879.0000;19879.0000;TG0000003045;multiple;;7.0000;;7.0000;7.5300;In Fine;;réalisée;https://www.umoatitres.org/fr/emission/rachat-et-emission-du-tresor-du-togo-du-31-01-2025/
Niger;;BAT;;2025-01-30;2025-01-31;2026-01-29;12;;10000;11600.0000;11000.0000;NE0000002342;multiple;;9.3500;;9.1535;10.0871;In Fine;;réalisée;https://www.umoatitres.org/fr/emission/emission-simultanee-du-tresor-du-niger-du-30-01-2025/
Guinée Bissau;ES (Titre 1);BAT;;2025-02-04;2025-02-05;2026-02-03;12;;10000;25518.0000;7075.0000;GW0000001325;multiple;;9.3500;;9.2652;10.2200;In Fine;;réalisée;https://www.umoatitres.org/fr/emission/emission-simultanee-du-tresor-de-guinee-bissau-du-04-02-2025/
Guinée Bissau;ES (Titre 2);OAT;;2025-02-04;2025-02-05;2028-01-15;36;;10000;3925.2900;3925.0000;GW0000001317;6.2500;9050.0000;;9069.6800;;10.0500;In Fine;;réalisée;https://www.umoatitres.org/fr/emission/emission-simultanee-du-tresor-de-guinee-bissau-du-04-02-2025/
Niger;ES (Titre 1);BAT;;2025-02-06;2025-02-07;2025-08-07;6;;25000;9295.0000;9295.0000;NE0000002318;multiple;;9.5000;;9.1979;9.6500;In Fine;;réalisée;https://www.umoatitres.org/fr/emission/emission-simultanee-du-tresor-du-niger-du-06-02-2025/
Niger;ES (Titre 2);OAT;;2025-02-06;2025-02-07;2028-01-24;36;;25000;1020.4900;1020.4900;NE0000002300;6.3000;9017.0000;;9028.2400;;10.2700;In Fine;;réalisée;https://www.umoatitres.org/fr/emission/emission-simultanee-du-tresor-du-niger-du-06-02-2025/
Togo;;BAT;;2025-02-07;2025-02-10;2025-05-11;3;;25000;32430.0000;27500.0000;TG0000003052;multiple;;6.8727;;6.5738;6.6800;In Fine;;réalisée;https://www.umoatitres.org/fr/emission/emission-du-tresor-du-togo-du-07-02-2025/
Côte d'Ivoire;ES (Titre 1);BAT;Echange;2025-01-28;2025-01-29;2025-09-23;8;;44354;15551.0000;15551.0000;CI0000008207;multiple;;6.6000;;6.6000;6.9000;In Fine;;réalisée;https://www.umoatitres.org/fr/emission/rachat-et-emission-du-tresor-de-cote-divoire-du-28-01-2025/
Côte d'Ivoire;ES (Titre 2);OAT;Echange;2025-01-28;2025-01-29;2026-03-01;12;;44354;11850.1300;11850.1300;CI0000006151;5.3000;9808.8100;;9808.8100;;7.1800;In Fine;;réalisée;https://www.umoatitres.org/fr/emission/rachat-et-emission-du-tresor-de-cote-divoire-du-28-01-2025/
Côte d'Ivoire;ES (Titre 3);OAT;Echange;2025-01-28;2025-01-29;2027-01-24;24;;44354;8817.4300;8817.4300;CI0000007100;5.5000;9676.7100;;9677.7100;;7.3000;In Fine;;réalisée;https://www.umoatitres.org/fr/emission/rachat-et-emission-du-tresor-de-cote-divoire-du-28-01-2025/
Côte d'Ivoire;ES (Titre 4);OAT;Echange;2025-01-28;2025-01-29;2030-01-22;60;;44354;8135.0200;8135.0200;CI0000008736;5.9000;9325.0000;;9258.0000;;7.5700;In Fine;;réalisée;https://www.umoatitres.org/fr/emission/rachat-et-emission-du-tresor-de-cote-divoire-du-28-01-2025/
Sénégal;ES (Titre 1);BAT;Adjuadication ciblée;2025-01-31;2025-02-03;2026-02-01;12;;50000;20466.0000;11326.0000;SN0000003633;multiple;;6.9000;;6.8326;7.3400;In Fine;;réalisée;https://www.umoatitres.org/fr/emission/adjudication-ciblee-du-tresor-du-senegal-du-31-01-2025/
Sénégal;ES (Titre 2);OAT;Adjuadication ciblée;2025-01-31;2025-02-03;2028-02-03;36;;50000;61174.3800;43674.0000;SN0000003641;6.3000;9575.0000;;9583.0500;;7.9200;In Fine;;réalisée;https://www.umoatitres.org/fr/emission/adjudication-ciblee-du-tresor-du-senegal-du-31-01-2025/
Mali;ES (Titre 1);BAT;;2025-02-05;2025-02-06;2026-02-04;12;;30000;24605.0000;24105.0000;ML0000003417;multiple;;8.9000;;8.7501;9.6000;In Fine;;réalisée;https://www.umoatitres.org/fr/emission/emission-simultanee-du-tresor-du-mali-du-05-02-2025/
Mali;ES (Titre 2);OAT;;2025-02-05;2025-02-06;2028-02-06;36;;30000;8435.0000;7935.0000;ML0000003425;6.1500;9200.0000;;9205.7700;;9.3000;In Fine;;réalisée;https://www.umoatitres.org/fr/emission/emission-simultanee-du-tresor-du-mali-du-05-02-2025/
Côte d'Ivoire;ES (Titre 1);BAT;;2025-01-28;2025-01-29;2025-04-29;3;;115000;111566.0000;90195.0000;CI0000008744;multiple;;6.5000;;5.9392;6.0300;In Fine;;réalisée;https://www.umoatitres.org/fr/emission/emission-simultanee-du-tresor-de-cote-divoire-du-28-01-2025/
Côte d'Ivoire;ES (Titre 2);BAT;;2025-01-28;2025-01-29;2026-01-27;12;;115000;14710.0000;13710.0000;CI0000008751;multiple;;6.7500;;6.7002;7.1900;In Fine;;réalisée;https://www.umoatitres.org/fr/emission/emission-simultanee-du-tresor-de-cote-divoire-du-28-01-2025/
Côte d'Ivoire;ES (Titre 3);OAT;;2025-01-28;2025-01-29;2028-01-29;36;;115000;6329.8300;6329.8300;CI0000008769;5.7000;9500.0000;;9578.7700;;7.3100;In Fine;;réalisée;https://www.umoatitres.org/fr/emission/emission-simultanee-du-tresor-de-cote-divoire-du-28-01-2025/
Côte d'Ivoire;ES (Titre 4);OAT;;2025-01-28;2025-01-29;2030-01-22;60;;115000;3000.0000;3000.0000;CI0000008736;5.9000;9315.0000;;9315.0000;;7.6000;In Fine;;réalisée;https://www.umoatitres.org/fr/emission/emission-simultanee-du-tresor-de-cote-divoire-du-28-01-2025/
Côte d'Ivoire;ES (Titre 5);OAT;;2025-01-28;2025-01-29;2032-01-29;84;;115000;13264.4400;13264.4400;CI0000008777;6.0000;9210.0000;;9970.2200;;6.0500;In Fine;;réalisée;https://www.umoatitres.org/fr/emission/emission-simultanee-du-tresor-de-cote-divoire-du-28-01-2025/
Niger;ES (Titre 1);BAT;Echange;2025-01-24;2025-01-27;2025-07-31;6;;26270;4203.0000;4203.0000;NE0000002177;multiple;;8.7000;;8.7000;9.1100;In Fine;;réalisée;https://www.umoatitres.org/fr/emission/rachat-et-emission-simultanee-du-tresor-du-niger-du-24-01-2025/
Niger;ES (Titre 2);BAT;Echange;2025-01-24;2025-01-27;2026-01-22;12;;26270;22067.0000;22067.0000;NE0000002292;multiple;;9.4000;;9.1672;10.1000;In Fine;;réalisée;https://www.umoatitres.org/fr/emission/rachat-et-emission-simultanee-du-tresor-du-niger-du-24-01-2025/
Guinée Bissau;ES (Titre 1);BAT;;2025-01-27;2025-01-28;2026-01-13;12;;10000;23461.0000;8285.0000;GW0000001309;multiple;;9.4850;;9.3384;10.2700;In Fine;;réalisée;https://www.umoatitres.org/fr/emission/emission-simultanee-du-tresor-de-guinee-bissau-du-27-01-2025/
Guinée Bissau;ES (Titre 2);OAT;;2025-01-27;2025-01-28;2028-01-15;36;;10000;2715.8200;2715.0000;GW0000001317;6.2500;9050.0000;;9053.2000;;10.1000;In Fine;;réalisée;https://www.umoatitres.org/fr/emission/emission-simultanee-du-tresor-de-guinee-bissau-du-27-01-2025/
Burkina Faso;ES (Titre 1);BAT;;2025-01-29;2025-01-30;2026-01-28;12;;30000;38580.0000;21924.0000;BF0000003392;multiple;;9.1500;;8.8485;9.7200;In Fine;;réalisée;https://www.umoatitres.org/fr/emission/emission-simultanee-du-tresor-du-burkina-du-29-01-2025/
Burkina Faso;ES (Titre 2);OAT;;2025-01-29;2025-01-30;2028-01-16;36;;30000;6323.7000;6323.7000;BF0000003343;6.0000;9080.0000;;9170.5500;;9.3300;In Fine;;réalisée;https://www.umoatitres.org/fr/emission/emission-simultanee-du-tresor-du-burkina-du-29-01-2025/
Burkina Faso;ES (Titre 3);OAT;;2025-01-29;2025-01-30;2030-01-16;60;;30000;1820.5000;1820.5000;BF0000003376;6.2000;9600.0000;;9600.0000;;7.1800;In Fine;;réalisée;https://www.umoatitres.org/fr/emission/emission-simultanee-du-tresor-du-burkina-du-29-01-2025/
Burkina Faso;ES (Titre 4);OAT;;2025-01-29;2025-01-30;2032-01-16;84;;30000;2931.3700;2931.3700;BF0000003384;6.4000;9000.0000;;9160.6200;;8.0200;In Fine;;réalisée;https://www.umoatitres.org/fr/emission/emission-simultanee-du-tresor-du-burkina-du-29-01-2025/
Côte d'Ivoire;ES (Titre 1);BAT;;2025-01-21;2025-01-22;2025-08-06;7;;60000;65800.0000;16253.0000;CI0000007837;multiple;;6.5400;;6.5350;6.7800;In Fine;;réalisée;https://www.umoatitres.org/fr/emission/emission-simultanee-du-tresor-de-cote-divoire-du-21-01-2025/
Côte d'Ivoire;ES (Titre 2);BAT;;2025-01-21;2025-01-22;2026-01-06;12;;60000;13047.0000;9547.0000;CI0000008710;multiple;;6.7000;;6.6781;7.1400;In Fine;;réalisée;https://www.umoatitres.org/fr/emission/emission-simultanee-du-tresor-de-cote-divoire-du-21-01-2025/
Côte d'Ivoire;ES (Titre 3);OAT;;2025-01-21;2025-01-22;2028-01-22;36;;60000;24000.0000;24000.0000;CI0000008728;5.7000;9500.1000;;9502.5400;;7.6200;In Fine;;réalisée;https://www.umoatitres.org/fr/emission/emission-simultanee-du-tresor-de-cote-divoire-du-21-01-2025/
Côte d'Ivoire;ES (Titre 4);OAT;;2025-01-21;2025-01-22;2030-01-22;60;;60000;16200.0000;16200.0000;CI0000008736;5.9000;9305.0000;;9343.0200;;7.5200;In Fine;;réalisée;https://www.umoatitres.org/fr/emission/emission-simultanee-du-tresor-de-cote-divoire-du-21-01-2025/
Niger;ES (Titre 1);BAT;;2025-01-23;2025-01-24;2026-01-22;12;;50000;48063.0000;48063.0000;NE0000002292;multiple;;9.5000;;9.2655;10.2200;In Fine;;réalisée;https://www.umoatitres.org/fr/emission/emission-simultanee-du-tresor-du-niger-du-23-01-2025/
Niger;ES (Titre 2);OAT;;2025-01-23;2025-01-24;2028-01-24;36;;50000;4068.1600;4068.1600;NE0000002300;6.3000;9000.0000;;9115.1400;;9.8500;In Fine;;réalisée;https://www.umoatitres.org/fr/emission/emission-simultanee-du-tresor-du-niger-du-23-01-2025/
Togo;ES (Titre 1);BAT;Echange;2025-01-17;2025-01-20;2026-01-11;12;;26733;10733.0000;10733.0000;TG0000002989;multiple;;7.0000;;7.0000;7.5200;In Fine;;réalisée;https://www.umoatitres.org/fr/emission/rachate-et-emission-simultanee-du-tresor-du-togo-du-17-01-2025/
Togo;ES (Titre 2);OAT;Echange;2025-01-17;2025-01-20;2028-01-13;36;;26733;16000.0000;16000.0000;TG0000002997;6.2500;9515.0000;;9515.0000;;8.1500;In Fine;;réalisée;https://www.umoatitres.org/fr/emission/rachate-et-emission-simultanee-du-tresor-du-togo-du-17-01-2025/
Côte d'Ivoire;ES (Titre 1);BAT;Echange;2025-01-16;2025-01-17;2026-01-06;12;;68707;14985.0000;14985.0000;CI0000008710;multiple;;6.7000;;6.7000;7.1700;In Fine;;réalisée;https://www.umoatitres.org/fr/emission/rachat-et-emission-simultanee-du-tresor-de-cote-divoire-du-16-01-2025/
Côte d'Ivoire;ES (Titre 2);OAT;Echange;2025-01-16;2025-01-17;2026-07-14;12;;68707;13614.0000;13614.0000;CI0000004669;5.6000;9763.3300;;9763.3300;;7.3000;In Fine;;réalisée;https://www.umoatitres.org/fr/emission/rachat-et-emission-simultanee-du-tresor-de-cote-divoire-du-16-01-2025/
Côte d'Ivoire;ES (Titre 3);OAT;Echange;2025-01-16;2025-01-17;2026-02-08;12;;68707;10000.0000;10000.0000;CI0000005922;5.3000;9821.0400;;9821.0400;;7.1000;In Fine;;réalisée;https://www.umoatitres.org/fr/emission/rachat-et-emission-simultanee-du-tresor-de-cote-divoire-du-16-01-2025/
Côte d'Ivoire;ES (Titre 4);OAT;Echange;2025-01-16;2025-01-17;2029-10-09;60;;68707;14362.0200;14362.0200;CI0000008280;5.9000;9300.0000;;9300.0000;;7.7100;In Fine;;réalisée;https://www.umoatitres.org/fr/emission/rachat-et-emission-simultanee-du-tresor-de-cote-divoire-du-16-01-2025/
Côte d'Ivoire;ES (Titre 5);OAT;Echange;2025-01-16;2025-01-17;2029-12-18;60;;68707;15746.2200;15746.2200;CI0000008603;5.9000;9300.0000;;9300.0000;;7.6600;In Fine;;réalisée;https://www.umoatitres.org/fr/emission/rachat-et-emission-simultanee-du-tresor-de-cote-divoire-du-16-01-2025/
Mali;ES (Titre 1);BAT;;2025-01-22;2025-01-23;2026-01-21;12;;30000;35820.0000;24900.0000;ML0000003383;multiple;;8.9000;;8.8049;9.6700;In Fine;;réalisée;https://www.umoatitres.org/fr/emission/emission-simultanee-du-tresor-du-mali-du-22-01-2025/
Mali;ES (Titre 2);OAT;;2025-01-22;2025-01-23;2028-01-23;36;;30000;5106.0000;5100.0000;ML0000003391;6.1500;9200.0000;;9200.1200;;9.3300;In Fine;;réalisée;https://www.umoatitres.org/fr/emission/emission-simultanee-du-tresor-du-mali-du-22-01-2025/
Mali;ES (Titre 3);OAT;;2025-01-22;2025-01-23;2030-01-23;60;;30000;3000.0000;3000.0000;ML0000003409;6.3500;10000.0000;;10000.0000;;6.3500;In Fine;;réalisée;https://www.umoatitres.org/fr/emission/emission-simultanee-du-tresor-du-mali-du-22-01-2025/
Togo;ES (Titre 1);BAT;;2025-01-24;2025-01-27;2026-01-25;12;;20000;31533.0000;7000.0000;TG0000003045;multiple;;6.9000;;6.8698;7.3800;In Fine;;réalisée;https://www.umoatitres.org/fr/emission/emission-simultanee-du-tresor-du-togo-du-24-01-2025/
Togo;ES (Titre 2);OAT;;2025-01-24;2025-01-27;2028-01-13;36;;20000;15299.1800;15000.0000;TG0000002997;6.2500;9515.0000;;9524.3840;;8.1200;In Fine;;réalisée;https://www.umoatitres.org/fr/emission/emission-simultanee-du-tresor-du-togo-du-24-01-2025/
Sénégal;ES (Titre 1);BAT;Adjudication ciblée;2025-01-17;2025-01-20;2026-01-18;12;;40000;22402.0000;4800.0000;SN0000003609;multiple;;6.9300;;6.8633;7.3800;In Fine;;réalisée;https://www.umoatitres.org/fr/emission/adjudication-ciblee-du-tresor-du-senegal-du-17-01-2025/
Sénégal;ES (Titre 2);OAT;Adjudication ciblée;2025-01-17;2025-01-20;2028-01-20;36;;40000;49658.1700;34658.1700;SN0000003617;6.3000;9575.0000;;9587.8200;;7.9000;In Fine;;réalisée;https://www.umoatitres.org/fr/emission/adjudication-ciblee-du-tresor-du-senegal-du-17-01-2025/
Sénégal;ES (Titre 3);OAT;Adjudication ciblée;2025-01-17;2025-01-20;2030-01-20;60;;40000;4070.5000;4070.5000;SN0000003625;6.4500;9425.0000;;9470.7200;;7.7700;In Fine;;réalisée;https://www.umoatitres.org/fr/emission/adjudication-ciblee-du-tresor-du-senegal-du-17-01-2025/
Côte d'Ivoire;ES (Titre 1);BAT;Echange;2025-01-09;2025-01-10;2025-07-08;6;;82145;6299.0000;6299.0000;CI0000007746;multiple;;6.6000;;6.6000;6.8300;In Fine;;réalisée;https://www.umoatitres.org/fr/emission/rachate-et-emission-simultanee-du-tresor-de-cote-divoire-du-09-01-2025/
Côte d'Ivoire;ES (Titre 2);BAT;Echange;2025-01-09;2025-01-10;2026-01-06;12;;82145;65823.0000;65823.0000;CI0000008710;multiple;;6.8000;;6.8000;7.3000;In Fine;;réalisée;https://www.umoatitres.org/fr/emission/rachate-et-emission-simultanee-du-tresor-de-cote-divoire-du-09-01-2025/
Côte d'Ivoire;ES (Titre 3);OAT;Echange;2025-01-09;2025-01-10;2027-12-23;36;;82145;1066.2700;1066.2700;CI0000008678;5.7000;9500.0000;;9500.0000;;7.6500;In Fine;;réalisée;https://www.umoatitres.org/fr/emission/rachate-et-emission-simultanee-du-tresor-de-cote-divoire-du-09-01-2025/
Côte d'Ivoire;ES (Titre 4);OAT;Echange;2025-01-09;2025-01-10;2029-12-23;60;;82145;8956.2900;8956.2900;CI0000008686;5.9000;9300.0000;;9300.0000;;7.6500;In Fine;;réalisée;https://www.umoatitres.org/fr/emission/rachate-et-emission-simultanee-du-tresor-de-cote-divoire-du-09-01-2025/
Burkina Faso;ES (Titre 1);BAT;;2025-01-15;2025-01-16;2026-01-14;12;;30000;28954.0000;18590.0000;BF0000003335;multiple;;9.3800;;8.4755;9.2700;In Fine;;réalisée;https://www.umoatitres.org/fr/emission/emission-simultanee-du-tresor-du-burkina-du-15-01-2025/
Burkina Faso;ES (Titre 2);OAT;;2025-01-15;2025-01-16;2028-01-16;36;;30000;5310.8000;5310.0000;BF0000003343;6.0000;9070.0000;;9127.4800;;9.4800;In Fine;;réalisée;https://www.umoatitres.org/fr/emission/emission-simultanee-du-tresor-du-burkina-du-15-01-2025/
Burkina Faso;ES (Titre 3);OAT;;2025-01-15;2025-01-16;2030-01-16;60;;30000;8000.0000;8000.0000;BF0000003376;6.2000;9041.0000;;9461.0300;;7.5300;In Fine;;réalisée;https://www.umoatitres.org/fr/emission/emission-simultanee-du-tresor-du-burkina-du-15-01-2025/
Burkina Faso;ES (Titre 4);OAT;;2025-01-15;2025-01-16;2032-01-16;84;;30000;1100.0000;1100.0000;BF0000003384;6.4000;9500.0000;;9500.0000;;7.3400;In Fine;;réalisée;https://www.umoatitres.org/fr/emission/emission-simultanee-du-tresor-du-burkina-du-15-01-2025/
Guinée Bissau;ES (Titre 1);BAT;;2025-01-14;2025-01-15;2025-07-15;6;;10000;5221.0000;5221.0000;GW0000001291;multiple;;9.5000;;9.1754;9.6200;In Fine;;réalisée;https://www.umoatitres.org/fr/emission/emission-simultanee-du-tresor-de-guinee-bissau-du-14-01-2025/
Guinée Bissau;ES (Titre 2);BAT;;2025-01-14;2025-01-15;2026-01-13;12;;10000;8709.0000;2940.0000;GW0000001309;multiple;;9.5000;;9.4836;10.4900;In Fine;;réalisée;https://www.umoatitres.org/fr/emission/emission-simultanee-du-tresor-de-guinee-bissau-du-14-01-2025/
Guinée Bissau;ES (Titre 3);OAT;;2025-01-14;2025-01-15;2028-01-15;36;;10000;3369.5000;2839.0000;GW0000001317;6.2500;9050.0000;;9057.6000;;10.0400;In Fine;;réalisée;https://www.umoatitres.org/fr/emission/emission-simultanee-du-tresor-de-guinee-bissau-du-14-01-2025/
Bénin;ES (Titre 1);BAT;;2025-01-16;2025-01-17;2025-07-17;6;;30000;58071.0000;20564.0000;BJ0000002234;multiple;;6.6400;;6.5629;6.7900;In Fine;;réalisée;https://www.umoatitres.org/fr/emission/emission-simultanee-du-tresor-du-benin-du-16-01-2025/
Bénin;ES (Titre 2);BAT;;2025-01-16;2025-01-17;2026-01-15;12;;30000;11961.0000;2555.0000;BJ0000002283;multiple;;6.5000;;6.4992;6.9600;In Fine;;réalisée;https://www.umoatitres.org/fr/emission/emission-simultanee-du-tresor-du-benin-du-16-01-2025/
Bénin;ES (Titre 3);OAT;;2025-01-16;2025-01-17;2028-01-17;36;;30000;8326.7100;6881.0000;BJ0000002291;5.7000;9705.0000;;9713.6200;;6.7900;In Fine;;réalisée;https://www.umoatitres.org/fr/emission/emission-simultanee-du-tresor-du-benin-du-16-01-2025/
Mali;ES (Titre 1);BAT;;2025-01-08;2025-01-09;2026-01-07;12;;30000;17201.0000;13656.0000;ML0000003367;multiple;;8.9000;;8.6817;9.5200;In Fine;;réalisée;https://www.umoatitres.org/fr/emission/emission-simultanee-du-tresor-du-mali-du-08-01-2025/
Mali;ES (Titre 2);OAT;;2025-01-08;2025-01-09;2028-01-09;36;;30000;16234.5300;15984.5300;ML0000003375;6.1500;9150.0000;;9803.3500;;6.9000;In Fine;;réalisée;https://www.umoatitres.org/fr/emission/emission-simultanee-du-tresor-du-mali-du-08-01-2025/
Togo;ES (Titre 1);BAT;;2025-01-10;2025-01-13;2026-01-11;12;;20000;40117.0000;15314.0000;TG0000002989;multiple;;7.0480;;7.0059;7.5400;In Fine;;réalisée;https://www.umoatitres.org/fr/emission/emission-simultanee-du-tresor-du-togo-du-10-01-2025/
Togo;ES (Titre 2);OAT;;2025-01-10;2025-01-13;2028-01-13;36;;20000;7627.7900;6686.0000;TG0000002997;6.2500;9510.0000;;9550.1500;;8.0000;In Fine;;réalisée;https://www.umoatitres.org/fr/emission/emission-simultanee-du-tresor-du-togo-du-10-01-2025/
Côte d'Ivoire;ES (Titre 1);BAT;;2025-01-07;2025-01-08;2025-04-30;12;;60000;64000.0000;27000.0000;CI0000007514;multiple;;6.5000;;6.4807;6.6200;In Fine;;réalisée;https://www.umoatitres.org/fr/emission/emission-simultanee-du-tresor-de-cote-divoire-du-07-01-2025/
Côte d'Ivoire;ES (Titre 2);BAT;;2025-01-07;2025-01-08;2025-05-06;12;;60000;43500.0000;29960.0000;CI0000007555;multiple;;6.6000;;6.5750;6.7200;In Fine;;réalisée;https://www.umoatitres.org/fr/emission/emission-simultanee-du-tresor-de-cote-divoire-du-07-01-2025/
Côte d'Ivoire;ES (Titre 3);BAT;;2025-01-07;2025-01-08;2026-01-06;12;;60000;9040.0000;9040.0000;CI0000008710;multiple;;6.7500;;6.7468;7.2400;In Fine;;réalisée;https://www.umoatitres.org/fr/emission/emission-simultanee-du-tresor-de-cote-divoire-du-07-01-2025/
Côte d'Ivoire;ES (Titre 1);BAT;;2024-12-27;2024-12-30;2024-12-31;;;10537;-10300.0000;10300.0000;CI0000008223;multiple;;2.5000;;2.8544;2.8500;In Fine;;réalisée;https://www.umoatitres.org/fr/emission/emission-et-rachat-du-tresor-de-cote-divoire-du-31-12-2024/
Côte d'Ivoire;ES (Titre 2);BAT;;2024-12-27;2024-12-30;2025-06-22;6;;10537;3000.0000;3000.0000;CI0000008652;multiple;;6.5000;;6.5000;6.6000;In Fine;;réalisée;https://www.umoatitres.org/fr/emission/emission-et-rachat-du-tresor-de-cote-divoire-du-31-12-2024/
Côte d'Ivoire;ES (Titre 3);BAT;;2024-12-27;2024-12-30;2025-03-27;3;;10537;7545.0000;7545.0000;CI0000007415;multiple;;6.7000;;6.7000;6.9300;In Fine;;réalisée;https://www.umoatitres.org/fr/emission/emission-et-rachat-du-tresor-de-cote-divoire-du-31-12-2024/
Burkina Faso;ES (Titre 1);BAT;;2024-12-27;2024-12-30;2025-03-30;3;;30000;4110.0000;4110.0000;BF0000003301;multiple;;9.5000;;9.1746;9.3900;In Fine;;réalisée;https://www.umoatitres.org/fr/emission/emission-simultanee-du-tresor-du-burkina-du-27-12-2024bis/
Burkina Faso;ES (Titre 2);BAT;;2024-12-27;2024-12-30;2025-12-28;12;;30000;19383.0000;19383.0000;BF0000003319;multiple;;9.5000;;8.7278;9.5700;In Fine;;réalisée;https://www.umoatitres.org/fr/emission/emission-simultanee-du-tresor-du-burkina-du-27-12-2024bis/
Burkina Faso;ES (Titre 3);OAT;;2024-12-27;2024-12-30;2027-12-05;36;;30000;5701.8300;5701.8300;BF0000003277;6.0000;9070.0000;;9114.4100;;9.6000;In Fine;;réalisée;https://www.umoatitres.org/fr/emission/emission-simultanee-du-tresor-du-burkina-du-27-12-2024bis/
Sénégal;ES (Titre 1);BAT;Adjudication ciblée;2024-12-26;2024-12-27;2025-12-25;12;;150000;91407.0000;78969.0000;SN0000003575;multiple;;7.0500;;6.8641;7.3800;In Fine;;réalisée;https://www.umoatitres.org/fr/emission/adjudication-ciblee-du-senegal-du-26-12-2024/
Sénégal;ES (Titre 2);OAT;Adjudication ciblée;2024-12-26;2024-12-27;2027-12-27;36;;150000;86977.5800;56955.5800;SN0000003583;6.3000;9575.0000;;9682.1200;;7.5200;In Fine;;réalisée;https://www.umoatitres.org/fr/emission/adjudication-ciblee-du-senegal-du-26-12-2024/
Sénégal;ES (Titre 3);OAT;Adjudication ciblée;2024-12-26;2024-12-27;2029-12-27;60;;150000;29074.7300;29074.7300;SN0000003591;6.4500;9425.0000;;9535.0600;;7.6000;In Fine;;réalisée;https://www.umoatitres.org/fr/emission/adjudication-ciblee-du-senegal-du-26-12-2024/
Côte d'Ivoire;ES (Titre 1);BAT;Echange;2024-12-17;2024-12-17;2025-03-18;3;;17261;17263.0000;17263.0000;CI0000008074;multiple;;6.0000;;6.0000;6.0900;In Fine;;réalisée;https://www.umoatitres.org/fr/emission/emission-et-rachat-du-tresor-de-cote-divoire-du-17-12-2024/
Côte d'Ivoire;ES (Titre 1);BAT;;2024-12-20;2024-12-23;2025-03-23;3;;110000;19099.0000;14880.0000;CI0000008629;multiple;;6.4990;;6.4825;6.5900;In Fine;;réalisée;https://www.umoatitres.org/fr/emission/emission-simultanee-du-tresor-de-cote-divoire-du-20-12-2024/
Côte d'Ivoire;ES (Titre 2);BAT;;2024-12-20;2024-12-23;2025-06-22;6;;110000;7000.0000;7000.0000;CI0000008652;multiple;;6.6999;;6.5571;6.7800;In Fine;;réalisée;https://www.umoatitres.org/fr/emission/emission-simultanee-du-tresor-de-cote-divoire-du-20-12-2024/
Côte d'Ivoire;ES (Titre 3);BAT;;2024-12-20;2024-12-23;2025-12-21;12;;110000;4000.0000;4000.0000;CI0000008660;multiple;;6.7500;;6.7500;7.2400;In Fine;;réalisée;https://www.umoatitres.org/fr/emission/emission-simultanee-du-tresor-de-cote-divoire-du-20-12-2024/
Côte d'Ivoire;ES (Titre 4);OAT;;2024-12-20;2024-12-23;2027-12-23;36;;110000;15600.0000;15600.0000;CI0000008678;5.7000;9500.0000;;9769.2600;;6.5700;In Fine;;réalisée;https://www.umoatitres.org/fr/emission/emission-simultanee-du-tresor-de-cote-divoire-du-20-12-2024/
Côte d'Ivoire;ES (Titre 5);OAT;;2024-12-20;2024-12-23;2029-12-23;60;;110000;41150.0000;41150.0000;CI0000008686;5.9000;9300.0000;;9588.3100;;6.9000;In Fine;;réalisée;https://www.umoatitres.org/fr/emission/emission-simultanee-du-tresor-de-cote-divoire-du-20-12-2024/
Côte d'Ivoire;ES (Titre 6);OAT;;2024-12-20;2024-12-23;2031-12-23;84;;110000;32869.5700;32869.5700;CI0000008694;6.0000;9200.0000;;9712.2100;;6.5300;In Fine;;réalisée;https://www.umoatitres.org/fr/emission/emission-simultanee-du-tresor-de-cote-divoire-du-20-12-2024/
Côte d'Ivoire;ES (Titre 7);OAT;;2024-12-20;2024-12-23;2034-12-23;120;;110000;5500.0000;5500.0000;CI0000008702;6.2500;9250.0000;;9477.2700;;6.9900;In Fine;;réalisée;https://www.umoatitres.org/fr/emission/emission-simultanee-du-tresor-de-cote-divoire-du-20-12-2024/
Sénégal;ES (Titre 2);OAT;Adjudication ciblée;2024-12-13;2024-12-16;2027-12-16;36;;35000;13862.6200;9901.2100;SN0000003559;6.3000;9600.0000;;9608.0300;;7.8200;In Fine;;réalisée;https://www.umoatitres.org/fr/emission/adjudication-ciblee-du-senegal-du-13-12-2024/
Sénégal;ES (Titre 3);OAT;Adjudication ciblée;2024-12-13;2024-12-16;2029-12-16;60;;35000;33421.3700;28336.3700;SN0000003567;6.4500;9425.0000;;9447.0800;;7.8300;In Fine;;réalisée;https://www.umoatitres.org/fr/emission/adjudication-ciblee-du-senegal-du-13-12-2024/
Niger;ES (Titre 1);BAT;;2024-12-12;2024-12-13;2025-03-13;3;;20000;11460.0000;11460.0000;NE0000002276;multiple;;9.3000;;8.8831;9.0900;In Fine;;réalisée;https://www.umoatitres.org/fr/emission/emission-simultanee-de-bons-du-tresor-du-niger-du-12-12-2024/
Niger;ES (Titre 2);BAT;;2024-12-12;2024-12-13;2025-12-11;12;;20000;3500.0000;3500.0000;NE0000002284;multiple;;9.5000;;9.3286;10.3000;In Fine;;réalisée;https://www.umoatitres.org/fr/emission/emission-simultanee-de-bons-du-tresor-du-niger-du-12-12-2024/
Togo;ES (Titre 1);BAT;Echange;2024-12-06;2024-12-06;2025-02-23;6;;12132;4257.0000;4257.0000;TG0000002948;multiple;;6.5000;;6.5000;6.6000;In Fine;;réalisée;https://www.umoatitres.org/fr/emission/emission-rachat-du-tresor-du-togo-du-06-12-2024/
Togo;ES (Titre 2);OAT;Echange;2024-12-06;2024-12-06;2025-10-26;60;;12132;7388.9600;7388.9600;TG0000001460;6.4000;9939.6000;;9942.5900;;7.0600;In Fine;;réalisée;https://www.umoatitres.org/fr/emission/emission-rachat-du-tresor-du-togo-du-06-12-2024/
Guinée Bissau;ES (Titre 1);BAT;Echange;2024-12-04;2024-12-24;2025-03-04;3;;2187;2187.0000;2187.0000;GW0000001283;multiple;;8.5800;;8.5000;8.6900;In Fine;;réalisée;https://www.umoatitres.org/fr/emission/emission-rachat-du-tresor-du-guinee-bissau-du-04-12-2024/
Côte d'Ivoire;ES (Titre 1);BAT;;2024-12-06;2024-12-09;2025-03-09;3;;195000;135800.0000;135800.0000;CI0000008496;multiple;;6.5000;;6.4790;6.5900;In Fine;;réalisée;https://www.umoatitres.org/fr/emission/emission-simultanee-du-tresor-de-cote-divoire-du-06-12-2024/
Côte d'Ivoire;ES (Titre 2);BAT;;2024-12-06;2024-12-09;2025-06-08;6;;195000;15080.0000;15000.0000;CI0000008504;multiple;;6.5300;;4.1793;4.2700;In Fine;;réalisée;https://www.umoatitres.org/fr/emission/emission-simultanee-du-tresor-de-cote-divoire-du-06-12-2024/
Côte d'Ivoire;ES (Titre 3);BAT;;2024-12-06;2024-12-09;2025-12-07;12;;195000;18000.0000;18000.0000;CI0000008512;multiple;;6.8000;;5.3889;5.7000;In Fine;;réalisée;https://www.umoatitres.org/fr/emission/emission-simultanee-du-tresor-de-cote-divoire-du-06-12-2024/
Côte d'Ivoire;ES (Titre 4);OAT;;2024-12-06;2024-12-09;2027-12-09;36;;195000;25000.0000;25000.0000;CI0000008520;5.7000;9500.0000;;9500.0000;;7.6300;In Fine;;réalisée;https://www.umoatitres.org/fr/emission/emission-simultanee-du-tresor-de-cote-divoire-du-06-12-2024/
Côte d'Ivoire;ES (Titre 5);OAT;;2024-12-06;2024-12-09;2029-11-27;60;;195000;2000.0000;2000.0000;CI0000008470;5.9000;9305.0000;;9305.0000;;7.6300;In Fine;;réalisée;https://www.umoatitres.org/fr/emission/emission-simultanee-du-tresor-de-cote-divoire-du-06-12-2024/
Côte d'Ivoire;ES (Titre 6);OAT;;2024-12-06;2024-12-09;2031-11-27;84;;195000;12717.4100;12217.4100;CI0000008488;6.0000;9220.0000;;9220.0000;;7.4800;In Fine;;réalisée;https://www.umoatitres.org/fr/emission/emission-simultanee-du-tresor-de-cote-divoire-du-06-12-2024/
Côte d'Ivoire;ES (Titre 1);BAT;Echange;2024-12-03;2024-12-03;2025-11-18;12;;53130;53103.0000;53103.0000;CI0000008371;multiple;;6.0000;;6.0000;6.3700;In Fine;;réalisée;https://www.umoatitres.org/fr/emission/emission-et-rachat-du-tresor-de-cote-divoire-du-03-12-2024/
Burkina Faso;ES (Titre 1);BAT;;2024-12-04;2024-12-05;2025-03-05;3;;100000;3709.0000;3709.0000;BF0000003251;multiple;;9.2000;;8.7152;8.9100;In Fine;;réalisée;https://www.umoatitres.org/fr/emission/emission-simultanee-de-bons-et-obligations-du-tresor-du-burkina-du-04-12-2024/
Burkina Faso;ES (Titre 2);BAT;;2024-12-04;2024-12-05;2025-12-03;12;;100000;23742.0000;23742.0000;BF0000003269;multiple;;9.5000;;8.5530;9.3600;In Fine;;réalisée;https://www.umoatitres.org/fr/emission/emission-simultanee-de-bons-et-obligations-du-tresor-du-burkina-du-04-12-2024/
Burkina Faso;ES (Titre 3);OAT;;2024-12-04;2024-12-05;2027-12-05;36;;100000;6850.0000;6850.0000;BF0000003277;6.0000;9070.0000;;9145.0100;;9.4000;In Fine;;réalisée;https://www.umoatitres.org/fr/emission/emission-simultanee-de-bons-et-obligations-du-tresor-du-burkina-du-04-12-2024/
Burkina Faso;ES (Titre 4);OAT;;2024-12-04;2024-12-05;2029-12-05;60;;100000;36794.0000;36794.0000;BF0000003285;6.2000;9007.0000;;9516.4500;;7.3900;In Fine;;réalisée;https://www.umoatitres.org/fr/emission/emission-simultanee-de-bons-et-obligations-du-tresor-du-burkina-du-04-12-2024/
Burkina Faso;ES (Titre 5);OAT;;2024-12-04;2024-12-05;2031-12-05;84;;100000;7388.0000;7388.0000;BF0000003293;6.4000;9000.0000;;9350.4300;;7.6300;In Fine;;réalisée;https://www.umoatitres.org/fr/emission/emission-simultanee-de-bons-et-obligations-du-tresor-du-burkina-du-04-12-2024/
Niger;ES (Titre 1);BAT;;2024-11-28;2024-11-29;2025-05-29;6;;25000;13300.0000;13300.0000;NE0000002219;multiple;;9.2500;;8.6447;9.0400;In Fine;;réalisée;https://www.umoatitres.org/fr/emission/emission-simultanee-de-bons-et-obligations-du-tresor-du-niger-du-28-11-2024/
Niger;ES (Titre 2);BAT;;2024-11-28;2024-11-29;2025-11-27;12;;25000;8550.0000;8550.0000;NE0000002227;multiple;;9.5000;;9.4719;10.4800;In Fine;;réalisée;https://www.umoatitres.org/fr/emission/emission-simultanee-de-bons-et-obligations-du-tresor-du-niger-du-28-11-2024/
Niger;ES (Titre 3);OAT;;2024-11-28;2024-11-29;2027-11-29;36;;25000;900.0000;900.0000;NE0000002243;6.3000;9000.0000;;9044.4400;;10.1500;In Fine;;réalisée;https://www.umoatitres.org/fr/emission/emission-simultanee-de-bons-et-obligations-du-tresor-du-niger-du-28-11-2024/
Côte d'Ivoire;ES (Titre 1);BAT;Echange;2024-10-29;2024-10-30;2025-01-28;3;;5000;5000.0000;5000.0000;CI0000008348;multiple;;6.5000;;6.5000;6.6100;In Fine;;réalisée;https://www.umoatitres.org/fr/emission/emission-et-rachat-du-tresor-de-cote-divoire-du-29-10-2024/
Guinée Bissau;ES (Titre 1);BAT;Echange;2024-11-22;2024-11-25;2025-02-11;2;;850;850.0000;850.0000;GW0000001259;multiple;;9.0000;;9.0000;9.1800;In Fine;;réalisée;https://www.umoatitres.org/fr/emission/emission-rachat-du-tresor-du-guinee-bissau-du-22-11-2024/
Côte d'Ivoire;ES (Titre 1);BAT;;2024-11-19;2024-11-20;2025-01-21;3;;100141;3100.0000;3100.0000;CI0000007092;multiple;;6.5000;;6.5000;6.5700;In Fine;;réalisée;https://www.umoatitres.org/fr/emission/emission-et-rachat-simultanee-du-tresor-de-cote-divoire-du-19-11-2024/
Côte d'Ivoire;ES (Titre 2);BAT;;2024-11-19;2024-11-20;2025-02-18;3;;100141;5000.0000;5000.0000;CI0000007134;multiple;;6.5000;;6.5000;6.6100;In Fine;;réalisée;https://www.umoatitres.org/fr/emission/emission-et-rachat-simultanee-du-tresor-de-cote-divoire-du-19-11-2024/
Côte d'Ivoire;ES (Titre 3);BAT;;2024-11-19;2024-11-20;2025-02-26;6;;100141;38329.0000;38329.0000;CI0000007316;multiple;;6.5000;;5.4356;5.5200;In Fine;;réalisée;https://www.umoatitres.org/fr/emission/emission-et-rachat-simultanee-du-tresor-de-cote-divoire-du-19-11-2024/
Côte d'Ivoire;ES (Titre 4);BAT;;2024-11-19;2024-11-20;2025-01-28;3;;100141;27137.0000;27137.0000;CI0000008348;multiple;;5.0000;;5.0000;5.0500;In Fine;;réalisée;https://www.umoatitres.org/fr/emission/emission-et-rachat-simultanee-du-tresor-de-cote-divoire-du-19-11-2024/
Côte d'Ivoire;ES (Titre 5);BAT;;2024-11-19;2024-11-20;2025-02-18;3;;100141;20000.0000;20000.0000;CI0000008363;multiple;;6.5000;;6.2850;6.3900;In Fine;;réalisée;https://www.umoatitres.org/fr/emission/emission-et-rachat-simultanee-du-tresor-de-cote-divoire-du-19-11-2024/
Côte d'Ivoire;ES (Titre 6);BAT;;2024-11-19;2024-11-20;2025-11-18;12;;100141;6575.0000;6575.0000;CI0000008371;multiple;;6.8000;;6.8000;7.3000;In Fine;;réalisée;https://www.umoatitres.org/fr/emission/emission-et-rachat-simultanee-du-tresor-de-cote-divoire-du-19-11-2024/
Guinée Bissau;;BAT;;2024-11-19;2024-11-20;2025-02-11;3;;4000;3934.0000;3934.0000;GW0000001259;multiple;;9.5000;;9.5000;9.7200;In Fine;;réalisée;https://www.umoatitres.org/fr/emission/emission-du-tresor-de-guinee-bissau-du-19-11-2024/
Mali;ES (Titre 1);BAT;Echange;2024-11-14;2024-11-14;2025-10-29;12;;10000;10105.0000;9355.0000;ML0000003151;multiple;;8.9500;;8.5271;9.3000;In Fine;;réalisée;https://www.umoatitres.org/fr/emission/rachat-et-emission-du-tresor-du-mali-du-14-11-2024/
Sénégal;ES (Titre 1);BAT;Adjudication ciblée;2024-10-25;2024-10-28;2025-10-26;12;;30000;22042.0000;20042.0000;SN0000003476;multiple;;6.9600;;6.8984;7.4200;In Fine;;réalisée;https://www.umoatitres.org/fr/emission/adjudication-ciblee-du-senegal-du-25-10-2024/
Sénégal;ES (Titre 2);OAT;Adjudication ciblée;2024-10-25;2024-10-28;2027-10-28;36;;30000;4955.9700;4955.9700;SN0000003492;6.3000;9580.0000;;9587.9400;;7.9000;In Fine;;réalisée;https://www.umoatitres.org/fr/emission/adjudication-ciblee-du-senegal-du-25-10-2024/
Sénégal;ES (Titre 3);OAT;Adjudication ciblée;2024-10-25;2024-10-28;2029-10-28;60;;30000;4522.6000;4522.6000;SN0000003500;6.4500;9425.0000;;9439.2500;;7.8500;In Fine;;réalisée;https://www.umoatitres.org/fr/emission/adjudication-ciblee-du-senegal-du-25-10-2024/
Côte d'Ivoire;ES (Titre 1);BAT;;2024-10-29;2024-10-30;2024-11-26;1;;55000;34000.0000;34000.0000;CI0000008330;multiple;;6.1400;;5.1341;5.1500;In Fine;;réalisée;https://www.umoatitres.org/fr/emission/emission-simultanee-du-tresor-de-cote-divoire-du-29-10-2024/
Côte d'Ivoire;ES (Titre 2);BAT;;2024-10-29;2024-10-30;2025-01-28;3;;55000;29050.0000;23760.0000;CI0000008348;multiple;;6.4800;;5.2325;5.3000;In Fine;;réalisée;https://www.umoatitres.org/fr/emission/emission-simultanee-du-tresor-de-cote-divoire-du-29-10-2024/
Côte d'Ivoire;ES (Titre 3);OAT;;2024-10-29;2024-10-30;2027-10-09;36;;55000;40.0000;40.0000;CI0000008272;5.7000;9550.0000;;9550.0000;;7.4600;In Fine;;réalisée;https://www.umoatitres.org/fr/emission/emission-simultanee-du-tresor-de-cote-divoire-du-29-10-2024/
Côte d'Ivoire;ES (Titre 5);OAT;;2024-10-29;2024-10-30;2031-09-11;84;;55000;200.0000;200.0000;CI0000008041;6.0000;9205.0000;;9205.0000;;7.5200;In Fine;;réalisée;https://www.umoatitres.org/fr/emission/emission-simultanee-du-tresor-de-cote-divoire-du-29-10-2024/
Bénin;ES (Titre 1);BAT;;2024-11-14;2024-11-15;2025-11-13;12;;20000;6993.0000;6993.0000;BJ0000002218;multiple;;7.0000;;6.3764;6.8200;In Fine;;réalisée;https://www.umoatitres.org/fr/emission/emission-simultanee-du-tresor-du-benin-du-14-11-2024/
Bénin;ES (Titre 2);OAT;;2024-11-14;2024-11-15;2027-10-18;36;;20000;5797.9100;5797.9100;BJ0000002192;5.7000;9700.5400;;9702.5100;;6.8500;In Fine;;réalisée;https://www.umoatitres.org/fr/emission/emission-simultanee-du-tresor-du-benin-du-14-11-2024/
Bénin;ES (Titre 3);OAT;;2024-11-14;2024-11-15;2029-10-18;60;;20000;2400.0600;2400.0600;BJ0000002200;5.9000;9500.0000;;9528.2400;;7.0600;In Fine;;réalisée;https://www.umoatitres.org/fr/emission/emission-simultanee-du-tresor-du-benin-du-14-11-2024/
Bénin;ES (Titre 4);OAT;;2024-11-14;2024-11-15;2031-11-15;84;;20000;16359.7000;4359.7000;BJ0000002226;6.0000;9300.0000;;9448.5200;;7.0200;In Fine;;réalisée;https://www.umoatitres.org/fr/emission/emission-simultanee-du-tresor-du-benin-du-14-11-2024/
Niger;ES (Titre 1);BAT;Echange;2024-10-17;2024-10-18;2025-10-16;12;;9906;9906.0000;9906.0000;NE0000002128;multiple;;9.5000;;9.5000;10.5100;In Fine;;réalisée;https://www.umoatitres.org/fr/emission/emission-simultanee-de-bons-du-tresor-du-niger-du-17-10-2024/
Sénégal;ES (Titre 1);BAT;Adjudication ciblée;2024-10-18;2024-10-21;2025-10-19;12;;90000;46691.0000;46691.0000;SN0000003377;multiple;;6.9500;;6.8587;7.3700;In Fine;;réalisée;https://www.umoatitres.org/fr/emission/adjudication-ciblee-du-senegal-du-18-10-2024/
Sénégal;ES (Titre 2);OAT;Adjudication ciblée;2024-10-18;2024-10-21;2027-10-21;36;;90000;43476.0000;43476.0000;SN0000003385;6.3000;9580.0000;;9592.4500;;7.8800;In Fine;;réalisée;https://www.umoatitres.org/fr/emission/adjudication-ciblee-du-senegal-du-18-10-2024/
Sénégal;ES (Titre 3);OAT;Adjudication ciblée;2024-10-18;2024-10-21;2029-10-21;60;;90000;8827.9600;8827.9600;SN0000003393;6.4500;9425.0000;;9473.6500;;7.7600;In Fine;;réalisée;https://www.umoatitres.org/fr/emission/adjudication-ciblee-du-senegal-du-18-10-2024/
Sénégal;ES (Titre 1);BAT;Echange;2024-10-10;2024-10-11;2025-06-01;12;;35000;27078.0000;24920.0000;SN0000003153;multiple;;6.6950;;6.6950;7.0000;In Fine;;réalisée;https://www.umoatitres.org/fr/emission/emission-simultanee-du-tresor-du-senegal-du-10-10-2024/
Sénégal;ES (Titre 2);OAT;Echange;2024-10-10;2024-10-11;2027-09-30;36;;35000;13580.0000;13580.0000;SN0000003302;6.3000;9589.9000;;9589.9000;;7.9000;In Fine;;réalisée;https://www.umoatitres.org/fr/emission/emission-simultanee-du-tresor-du-senegal-du-10-10-2024/
Burkina Faso;ES (Titre 1);BAT;;2024-12-27;2024-12-30;2025-03-30;3;;30000;10320.0000;5000.0000;BF0000003301;multiple;;6.9800;;6.9800;7.1100;In Fine;;réalisée;https://www.umoatitres.org/fr/emission/emission-simultanee-du-tresor-du-burkina-du-27-12-2024/
Burkina Faso;ES (Titre 2);BAT;;2024-12-27;2024-12-30;2025-12-28;12;;30000;27579.0000;7662.0000;BF0000003319;multiple;;8.0000;;7.9935;8.7000;In Fine;;réalisée;https://www.umoatitres.org/fr/emission/emission-simultanee-du-tresor-du-burkina-du-27-12-2024/
Burkina Faso;ES (Titre 3);OAT;;2024-12-27;2024-12-30;2027-12-05;36;;30000;18385.7000;12511.1300;BF0000003277;6.0000;9250.0000;;9263.3500;;8.9600;In Fine;;réalisée;https://www.umoatitres.org/fr/emission/emission-simultanee-du-tresor-du-burkina-du-27-12-2024/
Burkina Faso;ES (Titre 4);OAT;;2024-12-27;2024-12-30;2029-12-30;60;;30000;5692.6500;5692.6500;BF0000003327;6.2000;9015.0000;;9548.8800;;7.3100;In Fine;;réalisée;https://www.umoatitres.org/fr/emission/emission-simultanee-du-tresor-du-burkina-du-27-12-2024/
Burkina Faso;ES (Titre 5);OAT;;2024-12-27;2024-12-30;2031-12-05;84;;30000;2134.2200;2134.2200;BF0000003293;6.4000;9031.0000;;9170.3700;;8.0000;In Fine;;réalisée;https://www.umoatitres.org/fr/emission/emission-simultanee-du-tresor-du-burkina-du-27-12-2024/
Mali;ES (Titre 1);BAT;;2024-12-23;2024-12-24;2025-12-22;12;;100000;10761.0000;4616.0000;ML0000003334;multiple;;8.9000;;8.5967;9.4200;In Fine;;réalisée;https://www.umoatitres.org/fr/emission/emission-simultanee-du-tresor-du-mali-du-23-12-2024/
Mali;ES (Titre 2);OAT;;2024-12-23;2024-12-24;2026-12-07;36;;100000;28077.6100;28077.6100;ML0000002716;6.0000;10000.0000;;10000.0000;;6.0000;In Fine;;réalisée;https://www.umoatitres.org/fr/emission/emission-simultanee-du-tresor-du-mali-du-23-12-2024/
Mali;ES (Titre 3);OAT;;2024-12-23;2024-12-24;2027-12-24;36;;100000;73164.7400;73164.3900;ML0000003342;6.1500;9150.0000;;9659.5900;;7.4600;In Fine;;réalisée;https://www.umoatitres.org/fr/emission/emission-simultanee-du-tresor-du-mali-du-23-12-2024/
Mali;ES (Titre 4);OAT;;2024-12-23;2024-12-24;2029-12-24;60;;100000;4642.0000;4142.0000;ML0000003359;6.3500;9300.0000;;9305.7900;;8.0900;In Fine;;réalisée;https://www.umoatitres.org/fr/emission/emission-simultanee-du-tresor-du-mali-du-23-12-2024/
Côte d'Ivoire;ES (Titre 1);BAT;;2024-12-17;2024-12-18;2025-06-17;6;;50000;34880.0000;34880.0000;CI0000008587;multiple;;6.7400;;6.1393;6.3400;In Fine;;réalisée;https://www.umoatitres.org/fr/emission/emission-simultanee-du-tresor-de-cote-divoire-du-17-12-2024/
Côte d'Ivoire;ES (Titre 2);BAT;;2024-12-17;2024-12-18;2025-12-16;12;;50000;4087.0000;4082.0000;CI0000008595;multiple;;6.7999;;6.6283;7.1000;In Fine;;réalisée;https://www.umoatitres.org/fr/emission/emission-simultanee-du-tresor-de-cote-divoire-du-17-12-2024/
Côte d'Ivoire;ES (Titre 3);OAT;;2024-12-17;2024-12-18;2027-12-11;36;;50000;10250.0000;10250.0000;CI0000008553;5.7000;9500.0000;;9501.5500;;7.6300;In Fine;;réalisée;https://www.umoatitres.org/fr/emission/emission-simultanee-du-tresor-de-cote-divoire-du-17-12-2024/
Côte d'Ivoire;ES (Titre 4);OAT;;2024-12-17;2024-12-18;2029-12-18;60;;50000;4128.5000;4128.5000;CI0000008603;5.9000;9310.0000;;9455.7100;;7.2400;In Fine;;réalisée;https://www.umoatitres.org/fr/emission/emission-simultanee-du-tresor-de-cote-divoire-du-17-12-2024/
Côte d'Ivoire;ES (Titre 5);OAT;;2024-12-17;2024-12-18;2031-12-18;84;;50000;1450.0000;1450.0000;CI0000008611;6.0000;9225.0000;;9243.9700;;7.4200;In Fine;;réalisée;https://www.umoatitres.org/fr/emission/emission-simultanee-du-tresor-de-cote-divoire-du-17-12-2024/
Mali;ES (Titre 1);BAT;;2024-12-11;2024-12-12;2025-12-10;12;;30000;7338.0000;6638.0000;ML0000003276;multiple;;8.9500;;8.8494;9.7200;In Fine;;réalisée;https://www.umoatitres.org/fr/emission/emission-simultanee-du-tresor-du-mali-du-11-12-2024/
Mali;ES (Titre 2);OAT;;2024-12-11;2024-12-12;2027-12-12;36;;30000;23137.9100;17672.9800;ML0000003292;6.1500;9150.0000;;9190.3500;;9.3700;In Fine;;réalisée;https://www.umoatitres.org/fr/emission/emission-simultanee-du-tresor-du-mali-du-11-12-2024/
Mali;ES (Titre 3);OAT;;2024-12-11;2024-12-12;2029-12-12;60;;30000;8689.0200;8689.0200;ML0000003300;6.3500;9150.0000;;9804.4700;;6.8200;In Fine;;réalisée;https://www.umoatitres.org/fr/emission/emission-simultanee-du-tresor-du-mali-du-11-12-2024/
Côte d'Ivoire;ES (Titre 1);BAT;;2024-12-10;2024-12-11;2025-06-10;6;;75000;16150.0000;16000.0000;CI0000008538;multiple;;6.5500;;6.3625;6.5700;In Fine;;réalisée;https://www.umoatitres.org/fr/emission/emission-simultanee-du-tresor-de-cote-divoire-du-10-12-2024/
Côte d'Ivoire;ES (Titre 2);BAT;;2024-12-10;2024-12-11;2025-12-09;12;;75000;6705.0000;6705.0000;CI0000008546;multiple;;6.8000;;6.7836;7.2800;In Fine;;réalisée;https://www.umoatitres.org/fr/emission/emission-simultanee-du-tresor-de-cote-divoire-du-10-12-2024/
Côte d'Ivoire;ES (Titre 3);OAT;;2024-12-10;2024-12-11;2027-12-11;36;;75000;8104.6600;604.6600;CI0000008553;5.7000;9501.0000;;9506.6100;;7.6000;In Fine;;réalisée;https://www.umoatitres.org/fr/emission/emission-simultanee-du-tresor-de-cote-divoire-du-10-12-2024/
Côte d'Ivoire;ES (Titre 4);OAT;;2024-12-10;2024-12-11;2029-12-11;60;;75000;33706.1600;33706.1600;CI0000008561;5.9000;9300.0000;;9304.4100;;7.6200;In Fine;;réalisée;https://www.umoatitres.org/fr/emission/emission-simultanee-du-tresor-de-cote-divoire-du-10-12-2024/
Côte d'Ivoire;ES (Titre 5);OAT;;2024-12-10;2024-12-11;2031-12-11;84;;75000;11682.0800;11682.0800;CI0000008579;6.0000;9216.0000;;9662.1200;;6.6200;In Fine;;réalisée;https://www.umoatitres.org/fr/emission/emission-simultanee-du-tresor-de-cote-divoire-du-10-12-2024/
Niger;ES (Titre 1);BAT;;2024-12-05;2024-12-06;2025-03-06;3;;55000;38982.0000;38982.0000;NE0000002250;multiple;;9.2000;;8.6589;8.8500;In Fine;;réalisée;https://www.umoatitres.org/fr/emission/emission-simultanee-du-tresor-du-niger-du-05-12-2024/
Niger;ES (Titre 2);BAT;;2024-12-05;2024-12-06;2025-12-04;12;;55000;21.0000;21.0000;NE0000002268;multiple;;9.5000;;9.4238;10.4200;In Fine;;réalisée;https://www.umoatitres.org/fr/emission/emission-simultanee-du-tresor-du-niger-du-05-12-2024/
Guinée Bissau;ES (Titre 1);BAT;;2024-12-03;2024-12-04;2025-03-04;3;;9830;4194.0000;4194.0000;GW0000001283;multiple;;9.5000;;9.1234;9.3400;In Fine;;réalisée;https://www.umoatitres.org/fr/emission/emission-simultanee-du-tresor-de-guinee-bissau-du-03-12-2024/
Guinée Bissau;ES (Titre 2);BAT;;2024-12-03;2024-12-04;2025-11-11;12;;9830;1751.0000;1751.0000;GW0000001267;multiple;;9.7000;;9.5982;10.5600;In Fine;;réalisée;https://www.umoatitres.org/fr/emission/emission-simultanee-du-tresor-de-guinee-bissau-du-03-12-2024/
Guinée Bissau;ES (Titre 3);OAT;;2024-12-03;2024-12-04;2027-11-13;36;;9830;1697.0000;1697.0000;GW0000001275;6.2500;9045.0000;;9067.6100;;10.0600;In Fine;;réalisée;https://www.umoatitres.org/fr/emission/emission-simultanee-du-tresor-de-guinee-bissau-du-03-12-2024/
Mali;ES (Titre 1);BAT;;2024-11-27;2024-11-28;2025-11-26;12;;30000;5517.0000;5500.0000;ML0000003185;multiple;;8.9000;;8.6273;9.4500;In Fine;;réalisée;https://www.umoatitres.org/fr/emission/emission-simultanee-du-tresor-du-mali-du-27-11-2024/
Mali;ES (Titre 2);OAT;;2024-11-27;2024-11-28;2027-11-28;36;;30000;16709.9400;9921.9500;ML0000003250;6.1500;9150.0000;;9299.0800;;8.9100;In Fine;;réalisée;https://www.umoatitres.org/fr/emission/emission-simultanee-du-tresor-du-mali-du-27-11-2024/
Mali;ES (Titre 3);OAT;;2024-11-27;2024-11-28;2029-11-28;60;;30000;17978.0500;17578.0500;ML0000003268;6.3500;9150.0000;;9371.3800;;7.9200;In Fine;;réalisée;https://www.umoatitres.org/fr/emission/emission-simultanee-du-tresor-du-mali-du-27-11-2024/
Côte d'Ivoire;ES (Titre 1);BAT;;2024-11-26;2024-11-27;2024-12-24;1;;250000;6006.0000;5988.0000;CI0000008389;multiple;;5.9400;;5.9090;5.9400;In Fine;;réalisée;https://www.umoatitres.org/fr/emission/emission-simultanee-du-tresor-de-cote-divoire-du-26-11-2024/
Côte d'Ivoire;ES (Titre 2);BAT;;2024-11-26;2024-11-27;2025-02-25;3;;250000;193667.0000;193667.0000;CI0000008421;multiple;;6.5000;;5.4608;5.5400;In Fine;;réalisée;https://www.umoatitres.org/fr/emission/emission-simultanee-du-tresor-de-cote-divoire-du-26-11-2024/
Côte d'Ivoire;ES (Titre 3);BAT;;2024-11-26;2024-11-27;2025-11-25;12;;250000;12700.0000;12700.0000;CI0000008454;multiple;;6.7000;;2.2559;2.3100;In Fine;;réalisée;https://www.umoatitres.org/fr/emission/emission-simultanee-du-tresor-de-cote-divoire-du-26-11-2024/
Côte d'Ivoire;ES (Titre 4);OAT;;2024-11-26;2024-11-27;2027-11-27;36;;250000;50000.0000;50000.0000;CI0000008462;5.7000;9500.0000;;9500.0000;;7.6300;In Fine;;réalisée;https://www.umoatitres.org/fr/emission/emission-simultanee-du-tresor-de-cote-divoire-du-26-11-2024/
Côte d'Ivoire;ES (Titre 5);OAT;;2024-11-26;2024-11-27;2029-11-27;60;;250000;8388.2600;8388.2600;CI0000008470;5.9000;9300.0000;;9302.5300;;7.6300;In Fine;;réalisée;https://www.umoatitres.org/fr/emission/emission-simultanee-du-tresor-de-cote-divoire-du-26-11-2024/
Côte d'Ivoire;ES (Titre 6);OAT;;2024-11-26;2024-11-27;2031-11-27;84;;250000;4256.3800;4256.3800;CI0000008488;6.0000;9200.0000;;9692.6300;;6.5600;In Fine;;réalisée;https://www.umoatitres.org/fr/emission/emission-simultanee-du-tresor-de-cote-divoire-du-26-11-2024/
Guinée Bissau;ES (Titre 1);BAT;;2024-11-22;2024-11-25;2025-02-11;3;;10000;2137.0000;468.0000;GW0000001259;multiple;;9.2500;;9.1699;9.3600;In Fine;;réalisée;https://www.umoatitres.org/fr/emission/emission-simultanee-du-tresor-du-guinee-bissau-du-22-11-2024/
Guinée Bissau;ES (Titre 2);BAT;;2024-11-22;2024-11-25;2025-11-11;12;;10000;3011.0000;3011.0000;GW0000001267;multiple;;9.7000;;9.6375;10.6400;In Fine;;réalisée;https://www.umoatitres.org/fr/emission/emission-simultanee-du-tresor-du-guinee-bissau-du-22-11-2024/
Guinée Bissau;ES (Titre 3);OAT;;2024-11-22;2024-11-25;2027-11-13;36;;10000;7521.0300;7521.0000;GW0000001275;6.2500;9005.0000;;9037.6400;;10.1600;In Fine;;réalisée;https://www.umoatitres.org/fr/emission/emission-simultanee-du-tresor-du-guinee-bissau-du-22-11-2024/
Côte d'Ivoire;ES (Titre 1);BAT;;2024-11-19;2024-11-20;2024-12-17;1;;85000;27005.0000;27000.0000;CI0000008355;multiple;;5.9800;;5.3630;5.3900;In Fine;;réalisée;https://www.umoatitres.org/fr/emission/emission-simultanee-du-tresor-de-cote-divoire-du-19-11-2024/
Côte d'Ivoire;ES (Titre 2);BAT;;2024-11-19;2024-11-20;2025-02-18;3;;85000;28589.0000;28589.0000;CI0000008363;multiple;;6.4800;;1.7725;1.7800;In Fine;;réalisée;https://www.umoatitres.org/fr/emission/emission-simultanee-du-tresor-de-cote-divoire-du-19-11-2024/
Côte d'Ivoire;ES (Titre 3);BAT;;2024-11-19;2024-11-20;2025-11-18;12;;85000;3500.0000;3500.0000;CI0000008371;multiple;;6.7500;;6.6757;7.1600;In Fine;;réalisée;https://www.umoatitres.org/fr/emission/emission-simultanee-du-tresor-de-cote-divoire-du-19-11-2024/
Côte d'Ivoire;ES (Titre 4);OAT;;2024-11-19;2024-11-20;2027-10-02;36;;85000;8510.0000;8510.0000;CI0000008231;5.7000;9505.0000;;9512.1000;;7.6500;In Fine;;réalisée;https://www.umoatitres.org/fr/emission/emission-simultanee-du-tresor-de-cote-divoire-du-19-11-2024/
Côte d'Ivoire;ES (Titre 5);OAT;;2024-11-19;2024-11-20;2029-10-09;60;;85000;17600.0000;17600.0000;CI0000008280;5.9000;9300.0000;;9303.0000;;7.6600;In Fine;;réalisée;https://www.umoatitres.org/fr/emission/emission-simultanee-du-tresor-de-cote-divoire-du-19-11-2024/
Sénégal;ES (Titre 1);BAT;Adjudication Ciblée;2024-11-15;2024-11-18;2024-12-15;1;;130000;93660.0000;51660.0000;SN0000003518;multiple;;7.0000;;6.6873;6.7200;In Fine;;réalisée;https://www.umoatitres.org/fr/emission/emission-simultanee-du-tresor-du-senegal-du-15-11-2024/
Sénégal;ES (Titre 2);BAT;Adjudication Ciblée;2024-11-15;2024-11-18;2025-11-16;12;;130000;38644.0000;38644.0000;SN0000003526;multiple;;7.1500;;6.9084;7.4300;In Fine;;réalisée;https://www.umoatitres.org/fr/emission/emission-simultanee-du-tresor-du-senegal-du-15-11-2024/
Sénégal;ES (Titre 3);OAT;Adjudication Ciblée;2024-11-15;2024-11-18;2027-11-18;36;;130000;1481.6500;1481.6500;SN0000003534;6.3000;9575.0000;;9589.3500;;7.8900;In Fine;;réalisée;https://www.umoatitres.org/fr/emission/emission-simultanee-du-tresor-du-senegal-du-15-11-2024/
Mali;ES (Titre 1);BAT;;2024-11-13;2024-11-14;2025-10-29;12;;20000;16500.0000;6550.0000;ML0000003151;multiple;;8.0000;;8.0000;8.6700;In Fine;;réalisée;https://www.umoatitres.org/fr/emission/emission-simultanee-du-tresor-du-mali-du-13-11-2024/
Mali;ES (Titre 2);OAT;;2024-11-13;2024-11-14;2027-10-31;36;;20000;15500.0000;15450.0000;ML0000003169;6.1500;9150.0000;;9150.0000;;9.5800;In Fine;;réalisée;https://www.umoatitres.org/fr/emission/emission-simultanee-du-tresor-du-mali-du-13-11-2024/
Guinée Bissau;ES (Titre 1);BAT;;2024-11-12;2024-11-13;2025-02-11;3;;10000;2802.0000;406.0000;GW0000001259;multiple;-1.0000;9.0000;;8.9926;9.2000;In Fine;;réalisée;https://www.umoatitres.org/fr/emission/emission-simultanee-du-tresor-de-guinee-bissau-du-12-11-2024/
Guinée Bissau;ES (Titre 2);BAT;;2024-11-12;2024-11-13;2025-11-11;12;;10000;3127.0000;3127.0000;GW0000001267;multiple;;9.7000;;9.6446;10.6900;In Fine;;réalisée;https://www.umoatitres.org/fr/emission/emission-simultanee-du-tresor-de-guinee-bissau-du-12-11-2024/
Guinée Bissau;ES (Titre 3);OAT;;2024-11-12;2024-11-13;2027-11-13;36;;10000;7467.4800;7467.0000;GW0000001275;6.2500;9005.0000;;9076.6800;;9.9600;In Fine;;réalisée;https://www.umoatitres.org/fr/emission/emission-simultanee-du-tresor-de-guinee-bissau-du-12-11-2024/
Niger;ES (Titre 1);BAT;;2024-11-07;2024-11-08;2025-02-06;3;;20000;17902.0000;17902.0000;NE0000002144;multiple;;9.0000;;7.1338;7.2600;In Fine;;réalisée;https://www.umoatitres.org/fr/emission/emission-simultanee-du-tresor-du-niger-du-07-11-2024/
Niger;ES (Titre 2);BAT;;2024-11-07;2024-11-08;2025-11-06;12;;20000;3604.0000;3604.0000;NE0000002151;multiple;;9.5000;;9.3474;10.3200;In Fine;;réalisée;https://www.umoatitres.org/fr/emission/emission-simultanee-du-tresor-du-niger-du-07-11-2024/
Mali;ES (Titre 1);BAT;;2024-10-30;2024-10-31;2025-10-29;12;;25000;3305.0000;3305.0000;ML0000003151;multiple;;8.9500;;8.9086;9.7900;In Fine;;réalisée;https://www.umoatitres.org/fr/emission/emission-simultanee-du-tresor-du-mali-du-30-10-2024/
Mali;ES (Titre 2);OAT;;2024-10-30;2024-10-31;2027-10-31;36;;25000;15350.0000;9850.0000;ML0000003169;6.1500;9100.0000;;9238.4300;;9.1700;In Fine;;réalisée;https://www.umoatitres.org/fr/emission/emission-simultanee-du-tresor-du-mali-du-30-10-2024/
Niger;ES (Titre 1);BAT;Adjudication ciblée;2024-10-24;2024-10-25;2025-10-23;12;;50000;21136.0000;21136.0000;NE0000002136;multiple;;9.5200;;8.9319;9.8200;In Fine;;réalisée;https://www.umoatitres.org/fr/emission/emission-simultanee-du-tresor-du-niger-du-24-10-2024/
Niger;ES (Titre 2);OAT;Adjudication ciblée;2024-10-24;2024-10-25;2027-07-19;36;;50000;17716.4000;17716.4000;NE0000002086;6.3000;9010.0000;;9369.2400;;8.9800;In Fine;;réalisée;https://www.umoatitres.org/fr/emission/emission-simultanee-du-tresor-du-niger-du-24-10-2024/
Niger;ES (Titre 3);OAT;Adjudication ciblée;2024-10-24;2024-10-25;2026-03-12;60;;50000;15000.0000;15000.0000;NE0000001203;6.1500;9400.0000;;9400.0000;;11.0200;In Fine;;réalisée;https://www.umoatitres.org/fr/emission/emission-simultanee-du-tresor-du-niger-du-24-10-2024/
Côte d'Ivoire;ES (Titre 1);BAT;;2024-10-22;2024-10-23;2024-11-19;1;;70000;41000.0000;38391.0000;CI0000008322;multiple;;6.2500;;5.3769;5.4000;In Fine;;réalisée;https://www.umoatitres.org/fr/emission/emission-simultanee-du-tresor-de-cote-divoire-du-22-10-2024/
Côte d'Ivoire;ES (Titre 2);BAT;;2024-10-22;2024-10-23;2025-01-07;3;;70000;14600.0000;14600.0000;CI0000008264;multiple;;6.5000;;6.4983;6.5900;In Fine;;réalisée;https://www.umoatitres.org/fr/emission/emission-simultanee-du-tresor-de-cote-divoire-du-22-10-2024/
Côte d'Ivoire;ES (Titre 3);OAT;;2024-10-22;2024-10-23;2027-10-09;36;;70000;120.0000;120.0000;CI0000008272;5.7000;9550.0000;;9550.0000;;7.4500;In Fine;;réalisée;https://www.umoatitres.org/fr/emission/emission-simultanee-du-tresor-de-cote-divoire-du-22-10-2024/
Côte d'Ivoire;ES (Titre 4);OAT;;2024-10-22;2024-10-23;2029-10-09;60;;70000;7932.9400;7932.9400;CI0000008280;5.9000;9300.0000;;9300.1300;;7.6500;In Fine;;réalisée;https://www.umoatitres.org/fr/emission/emission-simultanee-du-tresor-de-cote-divoire-du-22-10-2024/
Côte d'Ivoire;ES (Titre 5);OAT;;2024-10-22;2024-10-23;2031-09-11;84;;70000;15956.4700;15956.0600;CI0000008041;6.0000;9200.0000;;9598.9200;;6.7400;In Fine;;réalisée;https://www.umoatitres.org/fr/emission/emission-simultanee-du-tresor-de-cote-divoire-du-22-10-2024/
Mali;ES (Titre 1);BAT;;2024-10-16;2024-10-17;2025-10-15;12;;25000;10715.0000;3000.0000;ML0000003144;multiple;;8.9500;;8.9242;9.8100;In Fine;;réalisée;https://www.umoatitres.org/fr/emission/emission-simultanee-du-tresor-du-mali-du-16-10-2024/
Mali;ES (Titre 2);OAT;;2024-10-16;2024-10-17;2027-09-19;36;;25000;15700.0000;12700.0000;ML0000003136;6.1500;9100.0000;;9320.4700;;8.8800;In Fine;;réalisée;https://www.umoatitres.org/fr/emission/emission-simultanee-du-tresor-du-mali-du-16-10-2024/
Guinée Bissau;ES (Titre 1);BAT;;2024-10-15;2024-10-16;2025-04-15;6;;10000;2217.0000;2217.0000;GW0000001218;multiple;;9.5000;;9.1477;9.5900;In Fine;;réalisée;https://www.umoatitres.org/fr/emission/emission-de-bons-et-obligations-assimilables-du-tresor-de-la-guinee-bissau-du-15-10-2024/
Guinée Bissau;ES (Titre 2);BAT;;2024-10-15;2024-10-16;2025-10-02;12;;10000;5672.0000;5672.0000;GW0000001200;multiple;;9.7000;;9.4932;10.4600;In Fine;;réalisée;https://www.umoatitres.org/fr/emission/emission-de-bons-et-obligations-assimilables-du-tresor-de-la-guinee-bissau-du-15-10-2024/
Guinée Bissau;ES (Titre 3);OAT;;2024-10-15;2024-10-16;2027-05-22;36;;10000;2140.9700;2140.9700;GW0000001093;6.2500;9050.0000;;9119.8400;;10.2500;In Fine;;réalisée;https://www.umoatitres.org/fr/emission/emission-de-bons-et-obligations-assimilables-du-tresor-de-la-guinee-bissau-du-15-10-2024/
Burkina Faso;ES (Titre 1);BAT;;2024-10-09;2024-10-10;2025-10-08;12;;30000;17706.0000;17706.0000;BF0000003244;multiple;;9.5000;;8.9414;9.8300;In Fine;;réalisée;https://www.umoatitres.org/fr/emission/emission-simultanee-du-tresor-du-burkina-du-09-10-2024/
Burkina Faso;ES (Titre 2);OAT;;2024-10-09;2024-10-10;2027-08-05;36;;30000;4112.5000;3925.0000;BF0000003095;6.0000;9055.0000;;9143.9400;;9.5900;In Fine;;réalisée;https://www.umoatitres.org/fr/emission/emission-simultanee-du-tresor-du-burkina-du-09-10-2024/
Burkina Faso;ES (Titre 3);OAT;;2024-10-09;2024-10-10;2029-08-05;60;;30000;2309.1100;2309.1100;BF0000003103;6.2000;9005.0000;;9068.9800;;8.6300;In Fine;;réalisée;https://www.umoatitres.org/fr/emission/emission-simultanee-du-tresor-du-burkina-du-09-10-2024/
Burkina Faso;ES (Titre 4);OAT;;2024-10-09;2024-10-10;2031-08-05;84;;30000;2000.0000;2000.0000;BF0000003111;6.4000;9100.0000;;9100.0000;;8.1700;In Fine;;réalisée;https://www.umoatitres.org/fr/emission/emission-simultanee-du-tresor-du-burkina-du-09-10-2024/
Côte d'Ivoire;ES (Titre 1);BAT;;2024-10-08;2024-10-09;2025-01-07;3;;60000;21955.0000;16955.0000;CI0000008264;multiple;;6.5000;;6.4920;6.6000;In Fine;;réalisée;https://www.umoatitres.org/fr/emission/emission-de-bons-assimilables-du-tresor-de-la-cote-divoire-du-08-10-2024/
Côte d'Ivoire;ES (Titre 2);BAT;;2024-10-08;2024-10-09;2025-03-18;6;;60000;38003.0000;38003.0000;CI0000008074;multiple;;6.7000;;5.9406;6.1000;In Fine;;réalisée;https://www.umoatitres.org/fr/emission/emission-de-bons-assimilables-du-tresor-de-la-cote-divoire-du-08-10-2024/
Côte d'Ivoire;ES (Titre 3);OAT;;2024-10-08;2024-10-09;2027-10-09;36;;60000;184.0000;184.0000;CI0000008272;5.7000;9519.0000;;9519.0000;;7.5500;In Fine;;réalisée;https://www.umoatitres.org/fr/emission/emission-de-bons-assimilables-du-tresor-de-la-cote-divoire-du-08-10-2024/
Bénin;ES (Titre 1);BAT;;2024-10-17;2024-10-18;2025-10-16;12;;20000;12932.0000;8932.0000;BJ0000002150;multiple;;6.5400;;6.4075;6.8500;In Fine;;réalisée;https://www.umoatitres.org/fr/emission/emission-simultanee-de-bons-et-dobligations-du-tresor-du-benin-du-17-10-2024/
Bénin;ES (Titre 2);OAT;;2024-10-17;2024-10-18;2027-10-18;36;;20000;2851.0000;2601.0000;BJ0000002192;5.7000;9701.0000;;9707.8000;;6.8100;In Fine;;réalisée;https://www.umoatitres.org/fr/emission/emission-simultanee-de-bons-et-dobligations-du-tresor-du-benin-du-17-10-2024/
Bénin;ES (Titre 3);OAT;;2024-10-17;2024-10-18;2029-10-18;60;;20000;8905.0000;4405.0000;BJ0000002200;5.9000;9500.0000;;9511.2500;;7.1000;In Fine;;réalisée;https://www.umoatitres.org/fr/emission/emission-simultanee-de-bons-et-dobligations-du-tresor-du-benin-du-17-10-2024/
Togo;ES (Titre 1);BAT;;2024-09-30;2024-10-01;2025-03-31;6;;15000;4515.0000;1515.0000;TG0000002971;multiple;;7.2500;;7.0452;7.3100;In Fine;;réalisée;https://www.umoatitres.org/fr/emission/emission-simultanee-de-bons-et-dobligations-du-tresor-du-togo-du-30-09-2024/
Togo;ES (Titre 2);BAT;;2024-09-30;2024-10-01;2025-09-29;12;;15000;6710.0000;6680.0000;TG0000002963;multiple;;7.1000;;6.9550;7.4800;In Fine;;réalisée;https://www.umoatitres.org/fr/emission/emission-simultanee-de-bons-et-dobligations-du-tresor-du-togo-du-30-09-2024/
Togo;ES (Titre 3);OAT;;2024-09-30;2024-10-01;2027-07-29;36;;15000;7310.0000;2310.0000;TG0000002914;6.1500;9510.0000;;9524.4156;;8.0900;In Fine;;réalisée;https://www.umoatitres.org/fr/emission/emission-simultanee-de-bons-et-dobligations-du-tresor-du-togo-du-30-09-2024/
Côte d'Ivoire;ES (Titre 1);BAT;;2024-10-01;2024-10-02;2024-12-31;3;;145000;71894.0000;69894.0000;CI0000008223;multiple;;6.5000;;6.4936;6.6000;In Fine;;réalisée;https://www.umoatitres.org/fr/emission/emission-de-bons-assimilables-du-tresor-de-la-cote-divoire-du-01-10-2024/
Côte d'Ivoire;ES (Titre 2);BAT;;2024-10-01;2024-10-02;2025-09-23;12;;145000;8421.0000;6421.0000;CI0000008207;multiple;;6.8000;;6.5468;7.0000;In Fine;;réalisée;https://www.umoatitres.org/fr/emission/emission-de-bons-assimilables-du-tresor-de-la-cote-divoire-du-01-10-2024/
Côte d'Ivoire;ES (Titre 3);OAT;;2024-10-01;2024-10-02;2027-10-02;36;;145000;5100.0000;5100.0000;CI0000008231;5.7000;9500.0000;;9500.4902;;7.6250;In Fine;;réalisée;https://www.umoatitres.org/fr/emission/emission-de-bons-assimilables-du-tresor-de-la-cote-divoire-du-01-10-2024/
Côte d'Ivoire;ES (Titre 4);OAT;;2024-10-01;2024-10-02;2029-10-02;60;;145000;24863.9100;24863.9100;CI0000008249;5.9000;9300.5000;;9320.0732;;7.5840;In Fine;;réalisée;https://www.umoatitres.org/fr/emission/emission-de-bons-assimilables-du-tresor-de-la-cote-divoire-du-01-10-2024/
Côte d'Ivoire;ES (Titre 5);OAT;;2024-10-01;2024-10-02;2031-10-02;84;;145000;35515.4000;35515.4000;CI0000008256;6.0000;9200.0000;;9388.6414;;7.1400;In Fine;;réalisée;https://www.umoatitres.org/fr/emission/emission-de-bons-assimilables-du-tresor-de-la-cote-divoire-du-01-10-2024/
Guinée Bissau;ES (Titre 2);BAT;;2024-10-03;2024-10-04;2025-10-02;12;;10000;11801.0000;11000.0000;GW0000001200;multiple;;9.6000;;9.4175;10.4100;In Fine;;réalisée;https://www.umoatitres.org/fr/emission/emission-de-bons-assimilables-du-tresor-de-la-guinee-bissau-du-03-10-2024/
Sénégal;ES (Titre 1);BAT;;2024-09-27;2024-09-30;2025-09-28;12;;35000;31263.0000;22217.0000;SN0000003294;multiple;;6.9700;;6.8601;7.3700;In Fine;;réalisée;https://www.umoatitres.org/fr/emission/emission-de-bons-et-dobligations-assimilables-du-tresor-du-senegal-du-27-09-2024/
Sénégal;ES (Titre 2);OAT;;2024-09-27;2024-09-30;2027-09-30;36;;35000;16282.3200;16282.3200;SN0000003302;6.3000;9588.0000;;9599.0296;;7.8500;In Fine;;réalisée;https://www.umoatitres.org/fr/emission/emission-de-bons-et-dobligations-assimilables-du-tresor-du-senegal-du-27-09-2024/
Côte d'Ivoire;ES (Titre 1);BAT;;2024-09-17;2024-09-18;2024-10-15;1;;62924;13000.0000;13000.0000;CI0000008058;multiple;;6.0000;;6.0000;6.0300;In Fine;;réalisée;https://www.umoatitres.org/fr/emission/emission-de-bons-et-obligations-assimilables-du-tresor-de-la-cote-divoire-du-17-09-2024/
Côte d'Ivoire;ES (Titre 2);BAT;;2024-09-17;2024-09-18;2024-12-17;3;;62924;6000.0000;6000.0000;CI0000008066;multiple;;6.5000;;6.5000;6.6100;In Fine;;réalisée;https://www.umoatitres.org/fr/emission/emission-de-bons-et-obligations-assimilables-du-tresor-de-la-cote-divoire-du-17-09-2024/
Côte d'Ivoire;ES (Titre 3);BAT;;2024-09-17;2024-09-18;2025-03-18;6;;62924;6000.0000;6000.0000;CI0000008074;multiple;;6.8000;;6.8000;7.0400;In Fine;;réalisée;https://www.umoatitres.org/fr/emission/emission-de-bons-et-obligations-assimilables-du-tresor-de-la-cote-divoire-du-17-09-2024/
Côte d'Ivoire;ES (Titre 4);BAT;;2024-09-17;2024-09-18;2025-08-06;12;;62924;28924.0000;28924.0000;CI0000007837;multiple;;6.8000;;6.8000;7.2400;In Fine;;réalisée;https://www.umoatitres.org/fr/emission/emission-de-bons-et-obligations-assimilables-du-tresor-de-la-cote-divoire-du-17-09-2024/
Côte d'Ivoire;ES (Titre 5);OAT;;2024-09-17;2024-09-18;2027-09-11;36;;62924;9000.0000;9000.0000;CI0000008025;5.7000;9500.0000;;9500.0000;;7.6400;In Fine;;réalisée;https://www.umoatitres.org/fr/emission/emission-de-bons-et-obligations-assimilables-du-tresor-de-la-cote-divoire-du-17-09-2024/
Niger;ES (Titre 1);BAT;Echange;2024-09-06;2024-09-09;2025-07-31;12;;3246;3246.0000;3246.0000;NE0000002177;multiple;;9.4000;;9.4000;10.2700;In Fine;;réalisée;https://www.umoatitres.org/fr/emission/echange-de-bons-et-obligations-assimilables-du-tresor-du-niger-du-06-09-2024/
Burkina Faso;ES (Titre 1);BAT;;2024-09-11;2024-09-12;2025-09-10;12;;40000;15895.0000;13895.0000;BF0000003145;multiple;;9.0500;;8.7110;9.5500;In Fine;;réalisée;https://www.umoatitres.org/fr/emission/emission-de-bons-et-obligations-assimilables-du-tresor-du-burkina-du-11-09-2024/
Burkina Faso;ES (Titre 2);OAT;;2024-09-11;2024-09-12;2027-08-05;36;;40000;1631.0300;1631.0300;BF0000003095;6.0000;9060.0000;;9630.3011;;7.4600;In Fine;;réalisée;https://www.umoatitres.org/fr/emission/emission-de-bons-et-obligations-assimilables-du-tresor-du-burkina-du-11-09-2024/
Burkina Faso;ES (Titre 3);OAT;;2024-09-11;2024-09-12;2029-08-05;60;;40000;18723.1700;18723.1700;BF0000003103;6.2000;9015.0000;;9611.9121;;7.1600;In Fine;;réalisée;https://www.umoatitres.org/fr/emission/emission-de-bons-et-obligations-assimilables-du-tresor-du-burkina-du-11-09-2024/
Burkina Faso;ES (Titre 4);OAT;;2024-09-11;2024-09-12;2031-08-05;84;;40000;5537.4400;5537.4400;BF0000003111;6.4000;9500.0000;;9608.0093;;7.1400;In Fine;;réalisée;https://www.umoatitres.org/fr/emission/emission-de-bons-et-obligations-assimilables-du-tresor-du-burkina-du-11-09-2024/
Niger;ES (Titre 1);BAT;;2024-09-05;2024-09-06;2025-03-06;6;;20000;10390.0000;10125.0000;NE0000002185;multiple;;9.5000;;8.9150;9.3400;In Fine;;réalisée;https://www.umoatitres.org/fr/emission/emission-de-bons-et-obligations-assimilables-du-tresor-du-niger-du-05-09-2024/
Mali;ES (Titre 1);BAT;Echange;2024-08-13;2024-08-14;2025-06-11;10;;11705;11705.0000;11705.0000;ML0000003045;multiple;;8.9000;;8.5583;9.2200;In Fine;;réalisée;https://www.umoatitres.org/fr/emission/rachat-et-emission-simultanee-de-bons-et-obligations-assimilables-du-tresor-du-mali-du-13-08-2024/
Togo;ES (Titre 1);OAT;Echange;2024-08-09;2024-08-12;2027-07-29;36;;6200;6200.0000;6200.0000;TG0000002914;6.1500;9510.0000;;9510.0000;;8.0700;In Fine;;réalisée;https://www.umoatitres.org/fr/emission/rachat-et-emission-simultanee-de-bons-et-obligations-assimilables-du-tresor-du-togo-du-09-08-2024/
Burkina Faso;ES (Titre 1);BAT;;2024-09-25;2024-09-26;2025-09-24;12;;30000;15528.0000;15528.0000;BF0000003152;multiple;;9.5000;;8.7031;9.5400;In Fine;;réalisée;https://www.umoatitres.org/fr/emission/emission-de-bons-et-obligations-assimilables-du-tresor-du-burkina-du-25-09-2024/
Burkina Faso;ES (Titre 2);OAT;;2024-09-25;2024-09-26;2027-08-05;36;;30000;7499.9200;7490.0500;BF0000003095;6.0000;9050.0000;;9165.3590;;9.4500;In Fine;;réalisée;https://www.umoatitres.org/fr/emission/emission-de-bons-et-obligations-assimilables-du-tresor-du-burkina-du-25-09-2024/
Burkina Faso;ES (Titre 3);OAT;;2024-09-25;2024-09-26;2029-08-05;60;;30000;6456.0000;6456.0000;BF0000003103;6.2000;9005.0000;;9427.0988;;7.6500;In Fine;;réalisée;https://www.umoatitres.org/fr/emission/emission-de-bons-et-obligations-assimilables-du-tresor-du-burkina-du-25-09-2024/
Burkina Faso;ES (Titre 4);OAT;;2024-09-25;2024-09-26;2031-08-05;84;;30000;1127.0000;1127.0000;BF0000003111;6.4000;9500.0000;;9849.3789;;6.6800;In Fine;;réalisée;https://www.umoatitres.org/fr/emission/emission-de-bons-et-obligations-assimilables-du-tresor-du-burkina-du-25-09-2024/
Côte d'Ivoire;ES (Titre 1);BAT;;2024-09-24;2024-09-25;2024-12-24;3;;135000;38790.0000;33682.0000;CI0000008199;multiple;;6.5000;;6.4919;6.6000;In Fine;;réalisée;https://www.umoatitres.org/fr/emission/emission-de-bons-et-obligations-assimilables-du-tresor-de-la-cote-divoire-du-24-09-2024/
Côte d'Ivoire;ES (Titre 2);BAT;;2024-09-24;2024-09-25;2025-09-23;12;;135000;510.0000;510.0000;CI0000008207;multiple;;6.8000;;6.7941;7.3000;In Fine;;réalisée;https://www.umoatitres.org/fr/emission/emission-de-bons-et-obligations-assimilables-du-tresor-de-la-cote-divoire-du-24-09-2024/
Côte d'Ivoire;ES (Titre 3);OAT;;2024-09-24;2024-09-25;2027-09-11;36;;135000;38000.0000;33000.0000;CI0000008025;5.7000;9500.0000;;9500.0000;;7.6500;In Fine;;réalisée;https://www.umoatitres.org/fr/emission/emission-de-bons-et-obligations-assimilables-du-tresor-de-la-cote-divoire-du-24-09-2024/
Côte d'Ivoire;ES (Titre 4);OAT;;2024-09-24;2024-09-25;2029-09-11;60;;135000;43576.7900;43576.7900;CI0000008033;5.9000;9300.0000;;9385.4408;;7.4200;In Fine;;réalisée;https://www.umoatitres.org/fr/emission/emission-de-bons-et-obligations-assimilables-du-tresor-de-la-cote-divoire-du-24-09-2024/
Côte d'Ivoire;ES (Titre 5);OAT;;2024-09-24;2024-09-25;2031-09-11;84;;135000;23730.4800;23730.4800;CI0000008041;6.0000;9200.0000;;9669.3016;;6.6100;In Fine;;réalisée;https://www.umoatitres.org/fr/emission/emission-de-bons-et-obligations-assimilables-du-tresor-de-la-cote-divoire-du-24-09-2024/
Côte d'Ivoire;ES (Titre 6);OAT;;2024-09-24;2024-09-25;2034-09-25;120;;135000;14000.0000;14000.0000;CI0000008215;6.2500;9200.0000;;9200.0000;;7.4100;In Fine;;réalisée;https://www.umoatitres.org/fr/emission/emission-de-bons-et-obligations-assimilables-du-tresor-de-la-cote-divoire-du-24-09-2024/
Sénégal;ES (Titre 2);BAT;Adjudication Ciblée;2024-09-20;2024-09-23;2025-09-21;12;;40000;13543.0000;6718.0000;SN0000003278;multiple;;7.0000;;6.9104;7.4300;In Fine;;réalisée;https://www.umoatitres.org/fr/emission/emission-de-bons-et-obligations-assimilables-du-tresor-du-senegal-du-20-09-2024/
Sénégal;ES (Titre 3);OAT;Adjudication Ciblée;2024-09-20;2024-09-23;2027-09-23;36;;40000;38764.6200;37282.0000;SN0000003286;6.3000;9587.0000;;9600.1300;;7.8500;In Fine;;réalisée;https://www.umoatitres.org/fr/emission/emission-de-bons-et-obligations-assimilables-du-tresor-du-senegal-du-20-09-2024/
Mali;ES (Titre 1);BAT;;2024-09-18;2024-09-19;2025-02-05;6;;25000;12842.0000;9108.0000;ML0000002773;multiple;;8.9600;;8.5501;8.8400;In Fine;;réalisée;https://www.umoatitres.org/fr/emission/emission-de-bons-et-obligations-assimilables-du-tresor-du-mali-du-18-09-2024/
Mali;ES (Titre 2);OAT;;2024-09-18;2024-09-19;2027-09-19;36;;25000;15975.0000;15975.0000;ML0000003136;6.1500;9110.0000;;9186.7762;;9.3800;In Fine;;réalisée;https://www.umoatitres.org/fr/emission/emission-de-bons-et-obligations-assimilables-du-tresor-du-mali-du-18-09-2024/
Guinée Bissau;ES (Titre 1);BAT;;2024-09-17;2024-09-18;2024-12-17;3;;10000;5112.0000;5112.0000;GW0000001176;multiple;;9.5000;;8.6274;8.8200;In Fine;;réalisée;https://www.umoatitres.org/fr/emission/emission-de-bons-et-obligations-assimilables-du-tresor-de-la-guinee-bissau-du-17-09-2024/
Guinée Bissau;ES (Titre 2);BAT;;2024-09-17;2024-09-18;2025-09-16;12;;10000;6791.0000;5888.0000;GW0000001184;multiple;;9.6000;;9.3256;10.3000;In Fine;;réalisée;https://www.umoatitres.org/fr/emission/emission-de-bons-et-obligations-assimilables-du-tresor-de-la-guinee-bissau-du-17-09-2024/
Sénégal;;BAT;;2024-09-13;2024-09-16;2025-03-16;6;;40000;64412.0000;44000.0000;SN0000003229;multiple;;6.9500;;6.7414;6.9800;In Fine;;réalisée;https://www.umoatitres.org/fr/emission/emission-de-bons-et-obligations-assimilables-du-tresor-du-senegal-du-13-09-2024/
Bénin;ES (Titre 1);BAT;;2024-09-12;2024-09-13;2025-09-11;12;;20000;16809.0000;7050.0000;BJ0000002143;multiple;;6.4000;;6.3702;6.8100;In Fine;;réalisée;https://www.umoatitres.org/fr/emission/emission-de-bons-et-obligations-assimilables-du-tresor-du-benin-du-12-09-2024/
Bénin;ES (Titre 2);OAT;;2024-09-12;2024-09-13;2027-07-12;36;;20000;2933.6000;2815.0000;BJ0000002127;5.7500;9720.0000;;9791.6625;;6.5700;In Fine;;réalisée;https://www.umoatitres.org/fr/emission/emission-de-bons-et-obligations-assimilables-du-tresor-du-benin-du-12-09-2024/
Bénin;ES (Titre 3);OAT;;2024-09-12;2024-09-13;2029-07-12;60;;20000;12122.0900;12122.0900;BJ0000002135;5.9000;9500.0000;;9503.2063;;7.1500;In Fine;;réalisée;https://www.umoatitres.org/fr/emission/emission-de-bons-et-obligations-assimilables-du-tresor-du-benin-du-12-09-2024/
Côte d'Ivoire;ES (Titre 1);BAT;;2024-09-10;2024-09-11;2024-12-10;3;;80000;43417.0000;36917.0000;CI0000008017;multiple;;6.5000;;6.4897;6.6000;In Fine;;réalisée;https://www.umoatitres.org/fr/emission/emission-de-bons-et-obligations-assimilables-du-tresor-de-la-cote-divoire-du-10-09-2024/
Côte d'Ivoire;ES (Titre 2);BAT;;2024-09-10;2024-09-11;2025-09-02;12;;80000;27569.0000;27539.0000;CI0000008009;multiple;;6.8000;;6.7614;7.2500;In Fine;;réalisée;https://www.umoatitres.org/fr/emission/emission-de-bons-et-obligations-assimilables-du-tresor-de-la-cote-divoire-du-10-09-2024/
Côte d'Ivoire;ES (Titre 3);OAT;;2024-09-10;2024-09-11;2027-09-11;36;;80000;15224.0000;15224.0000;CI0000008025;5.7000;9500.0000;;9502.8005;;7.6200;In Fine;;réalisée;https://www.umoatitres.org/fr/emission/emission-de-bons-et-obligations-assimilables-du-tresor-de-la-cote-divoire-du-10-09-2024/
Côte d'Ivoire;ES (Titre 4);OAT;;2024-09-10;2024-09-11;2029-09-11;60;;80000;4000.0000;4000.0000;CI0000008033;5.9000;9300.0000;;9300.0000;;7.6400;In Fine;;réalisée;https://www.umoatitres.org/fr/emission/emission-de-bons-et-obligations-assimilables-du-tresor-de-la-cote-divoire-du-10-09-2024/
Côte d'Ivoire;ES (Titre 5);OAT;;2024-09-10;2024-09-11;2031-09-11;84;;80000;2285.0000;2285.0000;CI0000008041;6.0000;9205.0000;;9900.8425;;6.1800;In Fine;;réalisée;https://www.umoatitres.org/fr/emission/emission-de-bons-et-obligations-assimilables-du-tresor-de-la-cote-divoire-du-10-09-2024/
Togo;;BAT;;2024-09-06;2024-09-09;2024-12-08;3;;30000;30393.0000;28393.0000;TG0000002955;multiple;;7.0700;;6.6919;6.8100;In Fine;;réalisée;https://www.umoatitres.org/fr/emission/emission-de-bons-assimilables-du-tresor-du-togo-du-06-09-2024/
Mali;ES (Titre 1);BAT;;2024-09-04;2024-09-05;2025-09-03;12;;25000;13877.0000;12292.0000;ML0000003128;multiple;;8.9500;;8.8563;9.7300;In Fine;;réalisée;https://www.umoatitres.org/fr/emission/emission-de-bons-et-obligations-assimilables-du-tresor-du-mali-du-04-09-2024/
Mali;ES (Titre 2);OAT;;2024-09-04;2024-09-05;2027-06-27;36;;25000;12194.6900;10194.6900;ML0000003086;6.1500;9110.0000;;9141.0200;;9.7800;In Fine;;réalisée;https://www.umoatitres.org/fr/emission/emission-de-bons-et-obligations-assimilables-du-tresor-du-mali-du-04-09-2024/
Mali;ES (Titre 3);OAT;;2024-09-04;2024-09-05;2029-08-22;60;;25000;168.5000;168.5000;ML0000003110;6.3500;9105.0000;;9117.0200;;8.6100;In Fine;;réalisée;https://www.umoatitres.org/fr/emission/emission-de-bons-et-obligations-assimilables-du-tresor-du-mali-du-04-09-2024/
Côte d'Ivoire;ES (Titre 1);BAT;;2024-09-03;2024-09-04;2024-12-03;3;;100000;102113.0000;93000.0000;CI0000007993;multiple;;6.5000;;2.4641;2.4800;In Fine;;réalisée;https://www.umoatitres.org/fr/emission/emission-de-bons-et-obligations-assimilables-du-tresor-de-la-cote-divoire-du-03-09-2024/
Côte d'Ivoire;ES (Titre 2);BAT;;2024-09-03;2024-09-04;2025-09-02;12;;100000;3006.0000;2996.0000;CI0000008009;multiple;;6.7800;;6.7112;7.2000;In Fine;;réalisée;https://www.umoatitres.org/fr/emission/emission-de-bons-et-obligations-assimilables-du-tresor-de-la-cote-divoire-du-03-09-2024/
Côte d'Ivoire;ES (Titre 3);OAT;;2024-09-03;2024-09-04;2027-08-08;36;;100000;12375.8100;12375.8100;CI0000007845;5.7000;9500.0000;9500.0000;9560.7000;;7.4200;In Fine;;réalisée;https://www.umoatitres.org/fr/emission/emission-de-bons-et-obligations-assimilables-du-tresor-de-la-cote-divoire-du-03-09-2024/
Côte d'Ivoire;ES (Titre 4);OAT;;2024-09-03;2024-09-04;2029-08-28;60;;100000;1181.2600;1181.2600;CI0000007761;5.9000;9300.0000;;9300.1700;;7.6400;In Fine;;réalisée;https://www.umoatitres.org/fr/emission/emission-de-bons-et-obligations-assimilables-du-tresor-de-la-cote-divoire-du-03-09-2024/
Côte d'Ivoire;ES (Titre 1);BAT;;2024-08-27;2024-08-28;2024-11-26;3;;60000;36283.0000;29146.0000;CI0000007985;multiple;;6.5000;;6.3264;6.4300;In Fine;;réalisée;https://www.umoatitres.org/fr/emission/emission-de-bons-et-obligations-assimilables-du-tresor-de-la-cote-divoire-du-27-08-2024/
Côte d'Ivoire;ES (Titre 2);BAT;;2024-08-27;2024-08-28;2025-08-06;12;;60000;5077.0000;4077.0000;CI0000007837;multiple;;6.7800;;6.7509;7.2200;In Fine;;réalisée;https://www.umoatitres.org/fr/emission/emission-de-bons-et-obligations-assimilables-du-tresor-de-la-cote-divoire-du-27-08-2024/
Côte d'Ivoire;ES (Titre 3);OAT;;2024-08-27;2024-08-28;2027-08-08;36;;60000;3203.6200;3203.6200;CI0000007845;5.7000;9500.0000;;9504.3500;;7.6400;In Fine;;réalisée;https://www.umoatitres.org/fr/emission/emission-de-bons-et-obligations-assimilables-du-tresor-de-la-cote-divoire-du-27-08-2024/
Côte d'Ivoire;ES (Titre 4);OAT;;2024-08-27;2024-08-28;2029-08-28;60;;60000;16100.0000;16100.0000;CI0000007761;5.9000;9300.0000;;9565.2200;;6.9600;In Fine;;réalisée;https://www.umoatitres.org/fr/emission/emission-de-bons-et-obligations-assimilables-du-tresor-de-la-cote-divoire-du-27-08-2024/
Côte d'Ivoire;ES (Titre 5);OAT;;2024-08-27;2024-08-28;2031-08-08;84;;60000;743.0000;743.0000;CI0000007852;6.0000;9200.0000;;9226.9200;;7.4600;In Fine;;réalisée;https://www.umoatitres.org/fr/emission/emission-de-bons-et-obligations-assimilables-du-tresor-de-la-cote-divoire-du-27-08-2024/
Togo;ES (Titre 1);BAT;;2024-08-22;2024-08-26;2025-02-23;6;;30000;12860.0000;12300.0000;TG0000002948;multiple;;7.3800;;6.6581;6.8900;In Fine;;réalisée;https://www.umoatitres.org/fr/emission/emission-de-bons-et-obligations-assimilables-du-tresor-du-togo-du-22-08-2024/
Togo;ES (Titre 2);OAT;;2024-08-22;2024-08-26;2027-07-29;36;;30000;19724.1100;16248.7100;TG0000002914;6.1500;9510.0000;;9634.4300;;7.5800;In Fine;;réalisée;https://www.umoatitres.org/fr/emission/emission-de-bons-et-obligations-assimilables-du-tresor-du-togo-du-22-08-2024/
Togo;ES (Titre 3);OAT;;2024-08-22;2024-08-26;2029-02-05;60;;30000;916.9500;901.9500;TG0000002633;6.4000;9450.0000;;9483.5900;;7.8000;In Fine;;réalisée;https://www.umoatitres.org/fr/emission/emission-de-bons-et-obligations-assimilables-du-tresor-du-togo-du-22-08-2024/
Mali;ES (Titre 1);BAT;;2024-08-21;2024-08-22;2025-06-25;12;;25000;8228.0000;7628.0000;ML0000003078;multiple;;8.9500;;8.8663;9.5900;In Fine;;réalisée;https://www.umoatitres.org/fr/emission/emission-de-bons-et-obligations-assimilables-du-tresor-du-mali-du-21-08-2024/
Mali;ES (Titre 2);OAT;;2024-08-21;2024-08-22;2027-06-27;36;;25000;6552.1000;452.1000;ML0000003086;6.1500;9105.0000;;9127.1600;;9.8000;In Fine;;réalisée;https://www.umoatitres.org/fr/emission/emission-de-bons-et-obligations-assimilables-du-tresor-du-mali-du-21-08-2024/
Mali;ES (Titre 3);OAT;;2024-08-21;2024-08-22;2029-08-22;60;;25000;50.0000;50.0000;ML0000003110;6.3500;9105.0000;;9127.5000;;8.5700;In Fine;;réalisée;https://www.umoatitres.org/fr/emission/emission-de-bons-et-obligations-assimilables-du-tresor-du-mali-du-21-08-2024/
Guinée Bissau;ES (Titre 1);BAT;;2024-08-20;2024-08-21;2024-11-19;3;;10000;12124.0000;11000.0000;GW0000001150;multiple;;9.0000;;9.0000;9.2100;In Fine;;réalisée;https://www.umoatitres.org/fr/emission/emission-simultanee-de-bons-assimilables-du-tresor-de-la-guinee-bissau-du-20-08-2024/
Burkina Faso;ES (Titre 1);BAT;;2024-08-14;2024-08-16;2025-08-13;12;;30000;18253.0000;16253.0000;BF0000003129;multiple;;9.0000;;8.6791;9.5100;In Fine;;réalisée;https://www.umoatitres.org/fr/emission/emission-de-bons-et-obligations-assimilables-du-tresor-du-burkina-du-14-08-2024/
Burkina Faso;ES (Titre 2);OAT;;2024-08-14;2024-08-16;2027-08-05;36;;30000;2317.0600;2312.0600;BF0000003095;6.0000;9050.0000;;9144.5900;;9.4300;In Fine;;réalisée;https://www.umoatitres.org/fr/emission/emission-de-bons-et-obligations-assimilables-du-tresor-du-burkina-du-14-08-2024/
Burkina Faso;ES (Titre 3);OAT;;2024-08-14;2024-08-16;2029-08-05;60;;30000;9655.0000;9655.0000;BF0000003103;6.2000;9000.0000;;9062.4900;;8.5900;In Fine;;réalisée;https://www.umoatitres.org/fr/emission/emission-de-bons-et-obligations-assimilables-du-tresor-du-burkina-du-14-08-2024/
Côte d'Ivoire;ES (Titre 1);BAT;;2024-08-13;2024-08-14;2024-11-12;3;;40000;35949.0000;24949.0000;CI0000007860;multiple;;6.5050;;6.5004;6.6100;In Fine;;réalisée;https://www.umoatitres.org/fr/emission/emission-de-bons-et-obligations-assimilables-du-tresor-de-la-cote-divoire-du-13-08-2024/
Côte d'Ivoire;ES (Titre 2);BAT;;2024-08-13;2024-08-14;2025-08-06;12;;40000;5179.0000;5179.0000;CI0000007837;multiple;;6.7900;;6.7121;7.1900;In Fine;;réalisée;https://www.umoatitres.org/fr/emission/emission-de-bons-et-obligations-assimilables-du-tresor-de-la-cote-divoire-du-13-08-2024/
Burkina Faso;;BAT;;2024-08-02;2024-08-05;2025-08-03;12;;12808;12808.0000;12808.0000;BF0000003087;multiple;;8.9000;;8.9000;9.7800;In Fine;;réalisée;https://www.umoatitres.org/fr/emission/rachat-et-emission-de-bons-et-obligations-assimilables-du-tresor-du-burkina-du-02-08-2024/
Mali;ES (Titre 1);BAT;Echange;2024-08-02;2024-08-02;2025-07-23;12;;16310;12888.0000;12888.0000;ML0000003201;multiple;;8.9400;;8.9400;9.8100;In Fine;;réalisée;https://www.umoatitres.org/fr/emission/rachat-et-emission-de-bons-et-obligations-assimilables-du-tresor-du-mali-du-02-08-2024/
Mali;ES (Titre 2);OAT;Echange;2024-08-02;2024-08-02;2027-06-27;36;;16310;3421.6900;3421.6900;ML0000003086;6.1500;9100.0000;;9100.0000;;9.8600;In Fine;;réalisée;https://www.umoatitres.org/fr/emission/rachat-et-emission-de-bons-et-obligations-assimilables-du-tresor-du-mali-du-02-08-2024/
Togo;ES (Titre 1);BAT;;2024-08-09;2024-08-12;2025-02-09;6;;30000;4116.0000;4116.0000;TG0000002922;multiple;;6.5000;;6.4962;6.7200;In Fine;;réalisée;https://www.umoatitres.org/fr/emission/emission-simultanee-de-bons-et-obligations-assimilables-du-tresor-du-togo-du-09-08-2024/
Togo;ES (Titre 2);BAT;;2024-08-09;2024-08-12;2025-08-10;12;;30000;23242.0000;23242.0000;TG0000002930;multiple;;7.2500;;7.1902;7.7500;In Fine;;réalisée;https://www.umoatitres.org/fr/emission/emission-simultanee-de-bons-et-obligations-assimilables-du-tresor-du-togo-du-09-08-2024/
Togo;ES (Titre 3);OAT;;2024-08-09;2024-08-12;2029-02-05;60;;30000;5435.7400;5435.0000;TG0000002633;6.4000;9450.0000;;9470.4100;;7.8300;In Fine;;réalisée;https://www.umoatitres.org/fr/emission/emission-simultanee-de-bons-et-obligations-assimilables-du-tresor-du-togo-du-09-08-2024/
Côte d'Ivoire;ES (Titre 1);BAT;;2024-08-06;2024-08-08;2024-11-06;3;;85000;33000.0000;32000.0000;CI0000007829;multiple;;6.5000;;6.1828;6.2800;In Fine;;réalisée;https://www.umoatitres.org/fr/emission/emission-de-bons-et-obligations-assimilables-du-tresor-de-la-cote-divoire-du-06-08-2024/
Côte d'Ivoire;ES (Titre 2);BAT;;2024-08-06;2024-08-08;2025-08-06;12;;85000;1006.0000;1006.0000;CI0000007837;multiple;;6.7950;;6.7932;7.2900;In Fine;;réalisée;https://www.umoatitres.org/fr/emission/emission-de-bons-et-obligations-assimilables-du-tresor-de-la-cote-divoire-du-06-08-2024/
Côte d'Ivoire;ES (Titre 3);OAT;;2024-08-06;2024-08-08;2027-08-08;36;;85000;6154.5000;6154.5000;CI0000007845;5.7000;9500.5000;;9519.7700;;7.5500;In Fine;;réalisée;https://www.umoatitres.org/fr/emission/emission-de-bons-et-obligations-assimilables-du-tresor-de-la-cote-divoire-du-06-08-2024/
Côte d'Ivoire;ES (Titre 4);OAT;;2024-08-06;2024-08-08;2029-07-31;60;;85000;36050.0000;36050.0000;CI0000007811;5.9000;9300.0000;;9610.9600;;6.8500;In Fine;;réalisée;https://www.umoatitres.org/fr/emission/emission-de-bons-et-obligations-assimilables-du-tresor-de-la-cote-divoire-du-06-08-2024/
Côte d'Ivoire;ES (Titre 5);OAT;;2024-08-06;2024-08-08;2031-08-08;84;;85000;11800.0000;11800.0000;CI0000007852;6.0000;10000.0000;;10000.0000;;6.0000;In Fine;;réalisée;https://www.umoatitres.org/fr/emission/emission-de-bons-et-obligations-assimilables-du-tresor-de-la-cote-divoire-du-06-08-2024/
Guinée Bissau;ES (Titre 1);BAT;;2024-08-08;2024-08-09;2025-02-06;6;;10000;1617.0000;1617.0000;GW0000001226;multiple;;9.0000;;8.9938;9.4200;In Fine;;réalisée;https://www.umoatitres.org/fr/emission/emission-de-bons-et-obligations-assimilables-du-tresor-de-guinee-bissau-du-08-08-2024/
Guinée Bissau;ES (Titre 2);BAT;;2024-08-08;2024-08-09;2025-08-07;12;;10000;3934.0000;3934.0000;GW0000001234;multiple;;9.5000;;8.9778;9.8700;In Fine;;réalisée;https://www.umoatitres.org/fr/emission/emission-de-bons-et-obligations-assimilables-du-tresor-de-guinee-bissau-du-08-08-2024/
Guinée Bissau;ES (Titre 3);OAT;;2024-08-08;2024-08-09;2027-08-09;36;;10000;4450.6600;4450.0000;GW0000001242;6.2500;9000.0000;;9073.3300;;9.9700;In Fine;;réalisée;https://www.umoatitres.org/fr/emission/emission-de-bons-et-obligations-assimilables-du-tresor-de-guinee-bissau-du-08-08-2024/
Mali;ES (Titre 1);BAT;;2024-08-07;2024-08-08;2025-02-05;6;;25000;6650.0000;2650.0000;ML0000003219;multiple;;8.6000;;8.5943;8.9800;In Fine;;réalisée;https://www.umoatitres.org/fr/emission/emission-de-bons-et-obligations-assimilables-du-tresor-du-mali-du-07-08-2024/
Mali;ES (Titre 2);BAT;;2024-08-07;2024-08-08;2025-06-11;12;;25000;17079.0000;17079.0000;ML0000003045;multiple;;8.9500;;8.9198;9.6600;In Fine;;réalisée;https://www.umoatitres.org/fr/emission/emission-de-bons-et-obligations-assimilables-du-tresor-du-mali-du-07-08-2024/
Mali;ES (Titre 3);OAT;;2024-08-07;2024-08-08;2027-06-13;36;;25000;3750.0000;500.0000;ML0000003052;6.1500;9105.0000;;9105.0000;;9.8900;In Fine;;réalisée;https://www.umoatitres.org/fr/emission/emission-de-bons-et-obligations-assimilables-du-tresor-du-mali-du-07-08-2024/
Burkina Faso;ES (Titre 1);BAT;;2024-08-02;2024-08-05;2025-08-03;12;;35000;18407.0000;16561.0000;BF0000003087;multiple;;8.9000;;8.5277;9.3300;In Fine;;réalisée;https://www.umoatitres.org/fr/emission/emission-simultanee-de-bons-et-obligations-assimilables-du-tresor-du-burkina-du-02-08-2024/
Burkina Faso;ES (Titre 2);OAT;;2024-08-02;2024-08-05;2027-08-05;36;;35000;3933.0000;3933.0000;BF0000003095;6.0000;9500.0000;;9500.0000;;7.9400;In Fine;;réalisée;https://www.umoatitres.org/fr/emission/emission-simultanee-de-bons-et-obligations-assimilables-du-tresor-du-burkina-du-02-08-2024/
Burkina Faso;ES (Titre 3);OAT;;2024-08-02;2024-08-05;2029-08-05;60;;35000;12153.7900;12153.7900;BF0000003103;6.2000;9050.0000;;9369.6200;;7.7700;In Fine;;réalisée;https://www.umoatitres.org/fr/emission/emission-simultanee-de-bons-et-obligations-assimilables-du-tresor-du-burkina-du-02-08-2024/
Burkina Faso;ES (Titre 4);OAT;;2024-08-02;2024-08-05;2031-08-05;84;;35000;5851.6200;5851.6200;BF0000003111;6.4000;9000.0000;;9277.8400;;7.7800;In Fine;;réalisée;https://www.umoatitres.org/fr/emission/emission-simultanee-de-bons-et-obligations-assimilables-du-tresor-du-burkina-du-02-08-2024/
Côte d'Ivoire;ES (Titre 1);BAT;Echange;2024-07-23;2024-07-24;2025-07-08;12;;3500;3500.0000;3500.0000;CI0000007746;multiple;;6.7800;;6.7800;7.2600;In Fine;;réalisée;https://www.umoatitres.org/fr/emission/rachat-et-emission-de-bons-assimilables-du-tresor-de-la-cote-divoire-du-23-07-2024/
Guinée Bissau;ES (Titre 1);BAT;Echange;2024-07-23;2024-07-24;2025-07-16;12;;2189;2189.0000;2189.0000;GW0000001135;multiple;;9.0000;;9.0000;9.8800;In Fine;;réalisée;https://www.umoatitres.org/fr/emission/rachat-et-emission-de-bons-assimilables-du-tresor-de-la-guinee-bissau-du-23-07-2024/
Côte d'Ivoire;ES (Titre 1);BAT;;2024-07-30;2024-07-31;2024-10-29;3;;70000;22000.0000;22000.0000;CI0000007795;multiple;;6.5050;;6.4736;6.5800;In Fine;;réalisée;https://www.umoatitres.org/fr/emission/emission-de-bons-et-obligations-assimilables-du-tresor-de-la-cote-divoire-du-30-07-2024/
Côte d'Ivoire;ES (Titre 2);OAT;;2024-07-30;2024-07-31;2027-07-31;36;;70000;29212.9900;29112.9900;CI0000007803;5.7000;9500.0000;;9672.7900;;6.9500;In Fine;;réalisée;https://www.umoatitres.org/fr/emission/emission-de-bons-et-obligations-assimilables-du-tresor-de-la-cote-divoire-du-30-07-2024/
Côte d'Ivoire;ES (Titre 3);OAT;;2024-07-30;2024-07-31;2029-07-31;60;;70000;2000.0000;2000.0000;CI0000007811;5.9000;10000.0000;;10000.0000;;5.9000;In Fine;;réalisée;https://www.umoatitres.org/fr/emission/emission-de-bons-et-obligations-assimilables-du-tresor-de-la-cote-divoire-du-30-07-2024/
Côte d'Ivoire;ES (Titre 4);OAT;;2024-07-30;2024-07-31;2031-07-10;84;;70000;21233.1400;21233.1400;CI0000007753;6.0000;9200.0000;;9200.5400;;7.5177;In Fine;;réalisée;https://www.umoatitres.org/fr/emission/emission-de-bons-et-obligations-assimilables-du-tresor-de-la-cote-divoire-du-30-07-2024/
Sénégal;ES (Titre 1);BAT;;2024-07-29;2024-07-30;2024-09-29;3;;70000;9000.0000;3000.0000;SN0000003195;multiple;;6.5500;;6.4817;6.5500;In Fine;;réalisée;https://www.umoatitres.org/fr/emission/emission-simultanee-de-bons-assimilables-du-tresor-du-senegal-du-29-07-2024/
Sénégal;ES (Titre 2);BAT;;2024-07-29;2024-07-30;2024-10-28;3;;70000;68268.0000;63268.0000;SN0000003211;multiple;;6.7400;;6.5977;6.7100;In Fine;;réalisée;https://www.umoatitres.org/fr/emission/emission-simultanee-de-bons-assimilables-du-tresor-du-senegal-du-29-07-2024/
Niger;ES (Titre 1);BAT;;2024-08-01;2024-08-02;2025-01-30;6;;20000;11154.0000;11154.0000;NE0000002169;multiple;;9.0000;;8.7228;9.1300;In Fine;;réalisée;https://www.umoatitres.org/fr/emission/emission-simultanee-de-bons-assimilables-du-tresor-du-niger-du-01-08-2024/
Niger;ES (Titre 2);BAT;;2024-08-01;2024-08-02;2025-07-31;12;;20000;1390.0000;1390.0000;NE0000002177;multiple;;10.5700;;9.4144;10.4000;In Fine;;réalisée;https://www.umoatitres.org/fr/emission/emission-simultanee-de-bons-assimilables-du-tresor-du-niger-du-01-08-2024/
Togo;ES (Titre 1);BAT;;2024-07-26;2024-07-29;2025-07-27;12;;30000;18638.0000;18600.0000;TG0000003003;multiple;;7.2401;;6.9577;7.4800;In Fine;;réalisée;https://www.umoatitres.org/fr/emission/emission-de-bons-et-obligations-assimilables-du-tresor-du-togo-du-26-07-2024/
Togo;ES (Titre 2);OAT;;2024-07-26;2024-07-29;2027-07-29;36;;30000;11368.3300;11300.0000;TG0000002914;6.1500;9513.0000;;9601.2900;;7.6900;In Fine;;réalisée;https://www.umoatitres.org/fr/emission/emission-de-bons-et-obligations-assimilables-du-tresor-du-togo-du-26-07-2024/
Togo;ES (Titre 3);OAT;;2024-07-26;2024-07-29;2029-02-05;60;;30000;2290.0000;2200.0000;TG0000002633;6.4000;9465.0000;;9475.9100;;7.8000;In Fine;;réalisée;https://www.umoatitres.org/fr/emission/emission-de-bons-et-obligations-assimilables-du-tresor-du-togo-du-26-07-2024/
Mali;ES (Titre 1);BAT;;2024-07-24;2024-07-25;2025-07-23;12;;25000;12978.0000;12852.0000;ML0000003201;multiple;;8.9800;;8.9388;9.8300;In Fine;;réalisée;https://www.umoatitres.org/fr/emission/emission-de-bons-et-obligations-assimilables-du-tresor-du-mali-du-24-07-2024/
Mali;ES (Titre 2);OAT;;2024-07-24;2024-07-25;2027-05-03;36;;25000;12541.2900;12541.2900;ML0000002963;6.1500;9100.0000;;9224.9200;;9.4400;In Fine;;réalisée;https://www.umoatitres.org/fr/emission/emission-de-bons-et-obligations-assimilables-du-tresor-du-mali-du-24-07-2024/
Côte d'Ivoire;ES (Titre 1);BAT;;2024-07-23;2024-07-24;2024-11-26;6;;70000;15511.0000;15511.0000;CI0000007589;multiple;;6.6500;;6.5628;6.7200;In Fine;;réalisée;https://www.umoatitres.org/fr/emission/emission-de-bons-et-obligations-assimilables-du-tresor-de-la-cote-divoire-du-23-07-2024/
Côte d'Ivoire;ES (Titre 2);BAT;;2024-07-23;2024-07-24;2025-07-08;12;;70000;5156.0000;5156.0000;CI0000007746;multiple;;6.8000;;6.7709;7.2500;In Fine;;réalisée;https://www.umoatitres.org/fr/emission/emission-de-bons-et-obligations-assimilables-du-tresor-de-la-cote-divoire-du-23-07-2024/
Côte d'Ivoire;ES (Titre 3);OAT;;2024-07-23;2024-07-24;2027-07-24;36;;70000;21571.8700;21571.8700;CI0000007787;5.7000;9500.0000;;9500.1300;;7.6300;In Fine;;réalisée;https://www.umoatitres.org/fr/emission/emission-de-bons-et-obligations-assimilables-du-tresor-de-la-cote-divoire-du-23-07-2024/
Côte d'Ivoire;ES (Titre 4);OAT;;2024-07-23;2024-07-24;2029-07-03;60;;70000;19609.1400;19609.1400;CI0000007688;5.9000;9300.0000;;9746.8500;;6.5100;In Fine;;réalisée;https://www.umoatitres.org/fr/emission/emission-de-bons-et-obligations-assimilables-du-tresor-de-la-cote-divoire-du-23-07-2024/
Côte d'Ivoire;ES (Titre 5);OAT;;2024-07-23;2024-07-24;2031-07-10;84;;70000;15169.4800;15151.9900;CI0000007753;6.0000;9200.0000;;9200.0100;;7.5200;In Fine;;réalisée;https://www.umoatitres.org/fr/emission/emission-de-bons-et-obligations-assimilables-du-tresor-de-la-cote-divoire-du-23-07-2024/
Burkina Faso;ES (Titre 1);OAT;;2024-07-22;2024-07-23;2029-07-23;60;;150000;15805.0000;15805.0000;BF0000003160;5.7500;9000.0000;;9842.5700;;6.1300;In Fine;;réalisée;https://www.umoatitres.org/fr/emission/emission-simultanee-de-bons-et-obligations-assimilables-du-tresor-du-burkina-du-22-07-2024/
Burkina Faso;ES (Titre 2);OAT;;2024-07-22;2024-07-23;2031-07-23;84;;150000;96974.0000;96974.0000;BF0000003053;6.0000;9100.0000;;9998.1400;;6.0000;In Fine;;réalisée;https://www.umoatitres.org/fr/emission/emission-simultanee-de-bons-et-obligations-assimilables-du-tresor-du-burkina-du-22-07-2024/
Mali;ES (Titre 1);OAT;Echange;2024-07-10;2024-07-11;2027-06-27;3;;15000;11677.1000;11677.1000;ML0000003086;6.1500;9100.0000;;9142.8200;;9.6100;In Fine;;réalisée;https://www.umoatitres.org/fr/emission/rachat-et-emission-simultanee-de-bons-et-dobligations-assimilables-du-tresor-du-mali-du-10-07-2024/
Mali;ES (Titre 2);OAT;Echange;2024-07-10;2024-07-11;2029-05-16;60;;15000;4547.7200;4547.7200;ML0000002997;6.3500;9300.0000;;9300.0000;;8.1500;In Fine;;réalisée;https://www.umoatitres.org/fr/emission/rachat-et-emission-simultanee-de-bons-et-dobligations-assimilables-du-tresor-du-mali-du-10-07-2024/
Guinée Bissau;ES (Titre 1);BAT;;2024-07-16;2024-07-18;2025-01-15;6;;10000;5242.0000;3242.0000;GW0000001127;multiple;;9.0000;;8.9408;9.3600;In Fine;;réalisée;https://www.umoatitres.org/fr/emission/emission-simultanee-de-bons-et-dobligations-assimilables-du-tresor-de-la-guinee-bissau-du-16-07-2024/
Guinée Bissau;ES (Titre 2);BAT;;2024-07-16;2024-07-18;2025-07-16;12;;10000;5977.0000;1677.0000;GW0000001135;multiple;;9.2300;;8.9905;9.8900;In Fine;;réalisée;https://www.umoatitres.org/fr/emission/emission-simultanee-de-bons-et-dobligations-assimilables-du-tresor-de-la-guinee-bissau-du-16-07-2024/
Guinée Bissau;ES (Titre 3);OAT;;2024-07-16;2024-07-18;2027-07-18;36;;10000;6354.0600;6081.0000;GW0000001143;6.2500;9050.0000;;9095.0600;;9.8800;In Fine;;réalisée;https://www.umoatitres.org/fr/emission/emission-simultanee-de-bons-et-dobligations-assimilables-du-tresor-de-la-guinee-bissau-du-16-07-2024/
Niger;ES (Titre 1);BAT;;2024-07-18;2024-07-19;2025-07-17;12;;20000;15675.0000;14606.0000;NE0000002078;multiple;;9.5000;;9.2159;10.1600;In Fine;;réalisée;https://www.umoatitres.org/fr/emission/emission-simultanee-de-bons-et-obligations-assimilables-du-tresor-du-niger-du-18-07-2024/
Niger;ES (Titre 2);OAT;;2024-07-18;2024-07-19;2027-07-19;36;;20000;7394.6200;7394.0000;NE0000002086;6.3000;9000.0000;;9397.5500;;8.6700;In Fine;;réalisée;https://www.umoatitres.org/fr/emission/emission-simultanee-de-bons-et-obligations-assimilables-du-tresor-du-niger-du-18-07-2024/
Côte d'Ivoire;ES (Titre 1);BAT;ADJUDICATION CIBLEE;2024-07-09;2024-07-10;2024-10-08;3;;65000;23516.0000;23006.0000;CI0000007738;multiple;;6.5000;;6.4985;6.6100;In Fine;;réalisée;https://www.umoatitres.org/fr/emission/emission-de-bons-et-obligations-assimilables-du-tresor-de-la-cote-divoire-du-09-07-2024/
Côte d'Ivoire;ES (Titre 2);BAT;ADJUDICATION CIBLEE;2024-07-09;2024-07-10;2024-11-26;6;;65000;2000.0000;2000.0000;CI0000007589;multiple;;6.4985;;6.4985;6.6700;In Fine;;réalisée;https://www.umoatitres.org/fr/emission/emission-de-bons-et-obligations-assimilables-du-tresor-de-la-cote-divoire-du-09-07-2024/
Côte d'Ivoire;ES (Titre 3);BAT;ADJUDICATION CIBLEE;2024-07-09;2024-07-10;2025-07-08;12;;65000;5115.0000;5115.0000;CI0000007746;multiple;;6.8000;;6.7727;7.2700;In Fine;;réalisée;https://www.umoatitres.org/fr/emission/emission-de-bons-et-obligations-assimilables-du-tresor-de-la-cote-divoire-du-09-07-2024/
Côte d'Ivoire;ES (Titre 4);OAT;ADJUDICATION CIBLEE;2024-07-09;2024-07-10;2027-06-05;36;;65000;10590.0200;10590.0200;CI0000007621;5.7000;9500.0000;;9809.0100;;6.4400;In Fine;;réalisée;https://www.umoatitres.org/fr/emission/emission-de-bons-et-obligations-assimilables-du-tresor-de-la-cote-divoire-du-09-07-2024/
Côte d'Ivoire;ES (Titre 5);OAT;ADJUDICATION CIBLEE;2024-07-09;2024-07-10;2029-07-03;60;;65000;10500.0000;10500.0000;CI0000007688;5.9000;9300.0000;;9300.0000;;7.6400;In Fine;;réalisée;https://www.umoatitres.org/fr/emission/emission-de-bons-et-obligations-assimilables-du-tresor-de-la-cote-divoire-du-09-07-2024/
Côte d'Ivoire;ES (Titre 6);OAT;ADJUDICATION CIBLEE;2024-07-09;2024-07-10;2031-07-10;84;;65000;8465.5100;8465.5100;CI0000007753;6.0000;9200.0000;;9200.0000;;7.5100;In Fine;;réalisée;https://www.umoatitres.org/fr/emission/emission-de-bons-et-obligations-assimilables-du-tresor-de-la-cote-divoire-du-09-07-2024/
Côte d'Ivoire;ES (Titre 7);OAT;ADJUDICATION CIBLEE;2024-07-09;2024-07-10;2034-07-03;120;;65000;5298.3100;5298.3100;CI0000007720;6.2500;9200.0000;;9200.3100;;7.4100;In Fine;;réalisée;https://www.umoatitres.org/fr/emission/emission-de-bons-et-obligations-assimilables-du-tresor-de-la-cote-divoire-du-09-07-2024/
Togo;ES (Titre 1);BAT;;2024-07-12;2024-07-15;2025-07-13;12;;35000;18041.0000;17500.0000;TG0000002906;multiple;;7.2455;;7.1608;7.7200;In Fine;;réalisée;https://www.umoatitres.org/fr/emission/emission-de-bons-et-obligations-assimilables-du-tresor-du-togo-du-12-07-2024/
Togo;ES (Titre 2);OAT;;2024-07-12;2024-07-15;2027-06-10;36;;35000;18792.3800;11200.0000;TG0000002864;6.1500;9523.0000;;9546.5500;;7.9500;In Fine;;réalisée;https://www.umoatitres.org/fr/emission/emission-de-bons-et-obligations-assimilables-du-tresor-du-togo-du-12-07-2024/
Togo;ES (Titre 3);OAT;;2024-07-12;2024-07-15;2029-02-05;60;;35000;2671.6100;1600.0000;TG0000002633;6.4000;9450.0000;;9459.2200;;7.8400;In Fine;;réalisée;https://www.umoatitres.org/fr/emission/emission-de-bons-et-obligations-assimilables-du-tresor-du-togo-du-12-07-2024/
Mali;ES (Titre 1);BAT;;2024-07-10;2024-07-11;2025-01-08;6;;30000;8868.0000;8568.0000;ML0000003102;multiple;;8.6000;;8.5264;8.9100;In Fine;;réalisée;https://www.umoatitres.org/fr/emission/emission-simultanee-de-bons-et-dobligations-assimilables-du-tresor-du-mali-du-10-07-2024/
Mali;ES (Titre 2);OAT;;2024-07-10;2024-07-11;2027-06-27;36;;30000;17762.8400;7762.8400;ML0000003086;6.1500;9100.0000;;9158.2100;;9.5400;In Fine;;réalisée;https://www.umoatitres.org/fr/emission/emission-simultanee-de-bons-et-dobligations-assimilables-du-tresor-du-mali-du-10-07-2024/
Mali;ES (Titre 3);OAT;;2024-07-10;2024-07-11;2029-05-16;60;;30000;16300.0000;16300.0000;ML0000002997;6.3500;9200.0000;;9261.3500;;8.2500;In Fine;;réalisée;https://www.umoatitres.org/fr/emission/emission-simultanee-de-bons-et-dobligations-assimilables-du-tresor-du-mali-du-10-07-2024/
Burkina Faso;ES (Titre 1);BAT;;2024-07-03;2024-07-04;2025-07-02;12;;30000;20525.0000;20325.0000;BF0000003046;multiple;;8.9800;;8.6292;9.4500;In Fine;;réalisée;https://www.umoatitres.org/fr/emission/emission-simultanee-de-bons-et-dobligations-assimilables-du-tresor-du-burkina-du-03-07-2024/
Burkina Faso;ES (Titre 2);OAT;;2024-07-03;2024-07-04;2027-03-28;36;;30000;7767.1900;7767.1900;BF0000002956;6.0000;9100.0000;;9378.8100;;8.6300;In Fine;;réalisée;https://www.umoatitres.org/fr/emission/emission-simultanee-de-bons-et-dobligations-assimilables-du-tresor-du-burkina-du-03-07-2024/
Burkina Faso;ES (Titre 3);OAT;;2024-07-03;2024-07-04;2029-06-06;60;;30000;4001.3900;4001.3900;BF0000003012;6.2000;9001.0000;;9300.5500;;7.9700;In Fine;;réalisée;https://www.umoatitres.org/fr/emission/emission-simultanee-de-bons-et-dobligations-assimilables-du-tresor-du-burkina-du-03-07-2024/
Côte d'Ivoire;ES (Titre 1);BAT;;2024-07-02;2024-07-03;2024-10-01;3;;75000;50000.0000;40000.0000;CI0000007654;multiple;;6.5000;;6.4531;6.5600;In Fine;;réalisée;https://www.umoatitres.org/fr/emission/emission-de-bons-et-obligations-assimilables-du-tresor-de-la-cote-divoire-du-02-07-2024/
Côte d'Ivoire;ES (Titre 2);BAT;;2024-07-02;2024-07-03;2025-07-01;12;;75000;38907.0000;28907.0000;CI0000007670;multiple;;6.8000;;6.7886;7.2900;In Fine;;réalisée;https://www.umoatitres.org/fr/emission/emission-de-bons-et-obligations-assimilables-du-tresor-de-la-cote-divoire-du-02-07-2024/
Côte d'Ivoire;ES (Titre 3);OAT;;2024-07-02;2024-07-03;2029-07-03;60;;75000;3800.0000;3800.0000;CI0000007688;5.9000;9300.0000;;9300.0000;;7.6400;In Fine;;réalisée;https://www.umoatitres.org/fr/emission/emission-de-bons-et-obligations-assimilables-du-tresor-de-la-cote-divoire-du-02-07-2024/
Côte d'Ivoire;ES (Titre 4);OAT;;2024-07-02;2024-07-03;2034-07-03;120;;75000;8150.0000;7610.0000;CI0000007720;6.2500;9200.0000;;9200.0500;;7.4100;In Fine;;réalisée;https://www.umoatitres.org/fr/emission/emission-de-bons-et-obligations-assimilables-du-tresor-de-la-cote-divoire-du-02-07-2024/
Bénin;ES (Titre 1);BAT;;2024-07-11;2024-07-12;2024-10-10;3;;40000;32294.0000;19515.0000;BJ0000002119;multiple;;6.6797;;6.1678;6.2700;In Fine;;réalisée;https://www.umoatitres.org/fr/emission/emission-simultanee-de-bons-et-obligations-assimilables-du-tresor-du-benin-du-11-07-2024/
Bénin;ES (Titre 2);OAT;;2024-07-11;2024-07-12;2027-07-12;36;;40000;14666.2400;11368.9400;BJ0000002127;5.7500;9650.0000;;9789.2900;;6.5500;In Fine;;réalisée;https://www.umoatitres.org/fr/emission/emission-simultanee-de-bons-et-obligations-assimilables-du-tresor-du-benin-du-11-07-2024/
Bénin;ES (Titre 3);OAT;;2024-07-11;2024-07-12;2029-07-12;60;;40000;20116.6500;9116.6500;BJ0000002135;5.9000;9500.0000;;9506.6600;;7.1100;In Fine;;réalisée;https://www.umoatitres.org/fr/emission/emission-simultanee-de-bons-et-obligations-assimilables-du-tresor-du-benin-du-11-07-2024/
Togo;;BAT;;2024-06-24;2024-06-25;2025-06-23;12;;6118;6118.0000;6118.0000;TG0000002898;multiple;;7.1000;;7.1000;7.6500;In Fine;;réalisée;https://www.umoatitres.org/fr/emission/emission-de-bons-assimilables-du-tresor-du-togo-du-24-06-2024/
Sénégal;ES (Titre 1);BAT;;2024-06-28;2024-07-01;2024-09-29;3;;40000;12001.0000;7000.0000;SN0000003195;multiple;;6.4999;;6.4999;6.6100;In Fine;;réalisée;https://www.umoatitres.org/fr/emission/adjudication-ciblee-du-tresor-du-senegal-du-28-06-2024/
Sénégal;ES (Titre 2);BAT;;2024-06-28;2024-07-01;2024-12-29;6;;40000;42220.0000;33139.0000;SN0000003203;multiple;;6.9599;;6.7625;7.0000;In Fine;;réalisée;https://www.umoatitres.org/fr/emission/adjudication-ciblee-du-tresor-du-senegal-du-28-06-2024/
Niger;ES (Titre 1);BAT;;2024-06-27;2024-06-28;2024-12-19;6;;25000;1780.0000;1780.0000;NE0000002045;multiple;;9.0000;;8.9719;9.3800;In Fine;;réalisée;https://www.umoatitres.org/fr/emission/emission-simultanee-de-bons-assimilables-du-tresor-du-niger-du-27-06-2024/
Niger;ES (Titre 2);BAT;;2024-06-27;2024-06-28;2025-06-26;12;;25000;7431.0000;7431.0000;NE0000002060;multiple;;9.5000;;9.3882;10.3700;In Fine;;réalisée;https://www.umoatitres.org/fr/emission/emission-simultanee-de-bons-assimilables-du-tresor-du-niger-du-27-06-2024/
Côte d'Ivoire;;BAT;;2024-06-25;2024-06-26;2024-09-24;3;;30000;33534.0000;29534.0000;CI0000007662;multiple;;6.5000;;6.2895;6.3900;In Fine;;réalisée;https://www.umoatitres.org/fr/emission/emission-de-bons-assimilables-du-tresor-de-la-cote-divoire-du-24-06-2024/
Mali;ES (Titre 1);BAT;;2024-06-26;2024-06-27;2024-12-25;6;;25000;5730.0000;5200.0000;ML0000003060;multiple;;8.6000;;8.4897;8.8700;In Fine;;réalisée;https://www.umoatitres.org/fr/emission/emission-simultanee-de-bons-et-dobligations-assimilables-du-tresor-du-mali-du-26-06-2024/
Mali;ES (Titre 2);BAT;;2024-06-26;2024-06-27;2025-06-25;12;;25000;10097.0000;9997.0000;ML0000003078;multiple;;8.9505;;8.8783;9.7500;In Fine;;réalisée;https://www.umoatitres.org/fr/emission/emission-simultanee-de-bons-et-dobligations-assimilables-du-tresor-du-mali-du-26-06-2024/
Mali;ES (Titre 3);OAT;;2024-06-26;2024-06-27;2027-06-27;36;;25000;885.6000;885.6000;ML0000003086;6.1500;9100.0000;;9107.6800;;9.7200;In Fine;;réalisée;https://www.umoatitres.org/fr/emission/emission-simultanee-de-bons-et-dobligations-assimilables-du-tresor-du-mali-du-26-06-2024/
Mali;ES (Titre 4);OAT;;2024-06-26;2024-06-27;2029-06-27;60;;25000;10001.2000;10000.0000;ML0000003094;6.3500;9500.0000;;9500.0000;;7.5900;In Fine;;réalisée;https://www.umoatitres.org/fr/emission/emission-simultanee-de-bons-et-dobligations-assimilables-du-tresor-du-mali-du-26-06-2024/
Togo;ES (Titre 1);BAT;;2024-06-24;2024-06-25;2025-06-23;12;;30000;26202.0000;26202.0000;TG0000002898;multiple;;7.2500;;7.1066;7.6600;In Fine;;réalisée;https://www.umoatitres.org/fr/emission/emission-simultanee-de-bons-et-dobligations-assimilables-du-tresor-du-togo-du-24-06-2024/
Togo;ES (Titre 2);OAT;;2024-06-24;2024-06-25;2027-06-10;36;;30000;5601.1800;5601.0000;TG0000002864;6.1500;9501.0000;;9548.1100;;7.9200;In Fine;;réalisée;https://www.umoatitres.org/fr/emission/emission-simultanee-de-bons-et-dobligations-assimilables-du-tresor-du-togo-du-24-06-2024/
Togo;ES (Titre 3);OAT;;2024-06-24;2024-06-25;2029-02-05;60;;30000;309.3200;309.0000;TG0000002633;6.4000;9440.0000;;9453.5900;;7.8400;In Fine;;réalisée;https://www.umoatitres.org/fr/emission/emission-simultanee-de-bons-et-dobligations-assimilables-du-tresor-du-togo-du-24-06-2024/
Burkina Faso;ES (Titre 1);BAT;;2024-06-19;2024-06-20;2025-06-18;12;;60000;15084.0000;15084.0000;BF0000003020;multiple;;9.0000;;8.3404;9.1100;In Fine;;réalisée;https://www.umoatitres.org/fr/emission/emission-simultanee-de-bons-et-dobligations-assimilables-du-tresor-du-burkina-du-19-06-2024/
Burkina Faso;ES (Titre 2);OAT;;2024-06-19;2024-06-20;2027-05-10;36;;60000;4400.0000;2400.0000;BF0000002972;6.0000;9228.0000;;9273.9600;;8.9500;In Fine;;réalisée;https://www.umoatitres.org/fr/emission/emission-simultanee-de-bons-et-dobligations-assimilables-du-tresor-du-burkina-du-19-06-2024/
Burkina Faso;ES (Titre 3);OAT;;2024-06-19;2024-06-20;2029-06-20;60;;60000;26707.7300;26707.7300;BF0000003038;6.2000;9200.0000;;9517.6300;;7.3900;In Fine;;réalisée;https://www.umoatitres.org/fr/emission/emission-simultanee-de-bons-et-dobligations-assimilables-du-tresor-du-burkina-du-19-06-2024/
Burkina Faso;ES (Titre 4);OAT;;2024-06-19;2024-06-20;2031-05-10;84;;60000;14089.0300;14089.0300;BF0000002998;6.4000;9000.0000;;9358.0500;;7.6300;In Fine;;réalisée;https://www.umoatitres.org/fr/emission/emission-simultanee-de-bons-et-dobligations-assimilables-du-tresor-du-burkina-du-19-06-2024/
Niger;ES (Titre 1);BAT;;2024-06-20;2024-06-21;2024-12-19;6;;25000;4296.0000;4296.0000;NE0000002045;multiple;;9.0000;;8.9705;9.4000;In Fine;;réalisée;https://www.umoatitres.org/fr/emission/emission-simultanee-de-bons-assimilables-du-tresor-du-niger-du-20-06-2024/
Niger;ES (Titre 2);BAT;;2024-06-20;2024-06-21;2025-06-19;12;;25000;20751.0000;20751.0000;NE0000002052;multiple;;9.5000;;9.3360;10.3100;In Fine;;réalisée;https://www.umoatitres.org/fr/emission/emission-simultanee-de-bons-assimilables-du-tresor-du-niger-du-20-06-2024/
Niger;ES (Titre 1);BAT;Echange;2024-06-06;2024-06-07;2025-06-05;12;;22237;22237.0000;22237.0000;NE0000002011;multiple;;8.9500;;8.9600;9.8400;In Fine;;réalisée;https://www.umoatitres.org/fr/emission/emission-rachat-simultanee-de-bons-assimilables-du-tresor-du-niger-du-06-06-2024/
Guinée Bissau;ES (Titre 1);BAT;;2024-06-18;2024-06-19;2024-12-17;6;;10000;1161.0000;1161.0000;GW0000001101;multiple;;9.0000;;8.7251;9.1300;In Fine;;réalisée;https://www.umoatitres.org/fr/emission/emission-simultanee-de-bons-et-dobligations-assimilables-du-tresor-de-la-guinee-bissau-du-18-06-2024-2/
Guinée Bissau;ES (Titre 2);BAT;;2024-06-18;2024-06-19;2025-06-17;12;;10000;8475.0000;8475.0000;GW0000001119;multiple;;9.2500;;9.0067;9.9100;In Fine;;réalisée;https://www.umoatitres.org/fr/emission/emission-simultanee-de-bons-et-dobligations-assimilables-du-tresor-de-la-guinee-bissau-du-18-06-2024-2/
Guinée Bissau;ES (Titre 3);OAT;;2024-06-18;2024-06-19;2027-04-26;36;;10000;1364.0100;1364.0000;GW0000001036;6.2500;9055.0000;;9077.9600;;10.1200;In Fine;;réalisée;https://www.umoatitres.org/fr/emission/emission-simultanee-de-bons-et-dobligations-assimilables-du-tresor-de-la-guinee-bissau-du-18-06-2024-2/
Niger;ES (Titre 1);BAT;;2024-06-11;2024-06-11;2024-09-09;3;;19000;10000.0000;10000.0000;NE0000002037;multiple;;8.2500;;8.1875;8.3600;In Fine;;réalisée;https://www.umoatitres.org/fr/emission/emission-simultanee-de-bons-assimilables-du-tresor-du-niger-du-11-06-2024/
Niger;ES (Titre 2);BAT;;2024-06-11;2024-06-11;2024-12-05;6;;19000;9000.0000;9000.0000;NE0000002029;multiple;;8.9500;;8.8500;9.2500;In Fine;;réalisée;https://www.umoatitres.org/fr/emission/emission-simultanee-de-bons-assimilables-du-tresor-du-niger-du-11-06-2024/
Côte d'Ivoire;;BAT;;2024-06-14;2024-06-18;2024-07-15;1;;70000;70556.0000;55020.0000;CI0000007647;multiple;;5.9000;;5.3893;5.4100;In Fine;;réalisée;https://www.umoatitres.org/fr/emission/emission-de-bons-assimilables-du-tresor-de-la-cote-divoire-du-14-06-2024/
Niger;ES (Titre 1);BAT;Echange;2024-06-10;2024-06-10;2024-12-05;6;;17446;5527.0000;5527.0000;NE0000002029;multiple;;9.0000;;9.0000;9.4200;In Fine;;réalisée;https://www.umoatitres.org/fr/emission/emission-et-rachat-simultanee-de-bons-et-obligations-assimilables-du-tresor-du-niger-du-10-06-2024/
Niger;ES (Titre 2);BAT;Echange;2024-06-10;2024-06-10;2025-05-08;12;;17446;11919.0000;11919.0000;NE0000001989;multiple;;9.5000;;9.3900;10.2800;In Fine;;réalisée;https://www.umoatitres.org/fr/emission/emission-et-rachat-simultanee-de-bons-et-obligations-assimilables-du-tresor-du-niger-du-10-06-2024/
Côte d'Ivoire;ES (Titre 1);BAT;;2024-06-11;2024-06-12;2024-09-10;3;;55000;39000.0000;35000.0000;CI0000007639;multiple;;6.5000;;6.4804;6.5900;In Fine;;réalisée;https://www.umoatitres.org/fr/emission/emission-simultanee-de-bons-et-dobligations-assimilables-du-tresor-de-la-cote-divoire-du-11-06-2024/
Côte d'Ivoire;ES (Titre 2);BAT;;2024-06-11;2024-06-12;2025-06-03;12;;55000;6800.0000;6800.0000;CI0000007613;multiple;;6.7900;;6.7853;7.2700;In Fine;;réalisée;https://www.umoatitres.org/fr/emission/emission-simultanee-de-bons-et-dobligations-assimilables-du-tresor-de-la-cote-divoire-du-11-06-2024/
Côte d'Ivoire;ES (Titre 3);OAT;;2024-06-11;2024-06-12;2027-06-05;36;;55000;7500.0000;7500.0000;CI0000007621;5.7000;9501.0000;;9503.6700;;7.6200;In Fine;;réalisée;https://www.umoatitres.org/fr/emission/emission-simultanee-de-bons-et-dobligations-assimilables-du-tresor-de-la-cote-divoire-du-11-06-2024/
Côte d'Ivoire;ES (Titre 4);OAT;;2024-06-11;2024-06-12;2029-05-02;60;;55000;3555.0000;3555.0000;CI0000007522;5.9000;9300.0000;;9300.7100;;7.6600;In Fine;;réalisée;https://www.umoatitres.org/fr/emission/emission-simultanee-de-bons-et-dobligations-assimilables-du-tresor-de-la-cote-divoire-du-11-06-2024/
Bénin;ES (Titre 1);BAT;;2024-06-13;2024-06-14;2024-09-12;3;;40000;35384.0000;29000.0000;BJ0000002093;multiple;;6.7500;;6.6897;6.8000;In Fine;;réalisée;https://www.umoatitres.org/fr/emission/emission-simultanee-de-bons-assimilables-du-tresor-du-benin-du-13-06-2024/
Bénin;ES (Titre 2);BAT;;2024-06-13;2024-06-14;2024-12-12;6;;40000;18067.0000;11000.0000;BJ0000002102;multiple;;6.7000;;6.5481;6.7700;In Fine;;réalisée;https://www.umoatitres.org/fr/emission/emission-simultanee-de-bons-assimilables-du-tresor-du-benin-du-13-06-2024/
Mali;ES (Titre 1);BAT;;2024-06-12;2024-06-13;2024-12-11;6;;25000;9951.0000;9951.0000;ML0000003037;multiple;;8.5000;;8.4549;8.8300;In Fine;;réalisée;https://www.umoatitres.org/fr/emission/emission-simultanee-de-bons-et-dobligations-assimilables-du-tresor-du-mali-du-12-06-2024/
Mali;ES (Titre 2);BAT;;2024-06-12;2024-06-13;2025-06-11;12;;25000;12841.0000;7841.0000;ML0000003045;multiple;;8.9700;;8.9275;9.8100;In Fine;;réalisée;https://www.umoatitres.org/fr/emission/emission-simultanee-de-bons-et-dobligations-assimilables-du-tresor-du-mali-du-12-06-2024/
Mali;ES (Titre 3);OAT;;2024-06-12;2024-06-13;2027-06-13;36;;25000;4026.3300;4026.3300;ML0000003052;6.1500;9100.0000;;9101.6300;;9.7500;In Fine;;réalisée;https://www.umoatitres.org/fr/emission/emission-simultanee-de-bons-et-dobligations-assimilables-du-tresor-du-mali-du-12-06-2024/
Niger;ES (Titre 1);BAT;;2024-06-06;2024-06-07;2024-12-05;6;;25000;55.0000;55.0000;NE0000002029;multiple;;8.9500;;8.8773;9.2900;In Fine;;réalisée;https://www.umoatitres.org/fr/emission/emission-simultanee-de-bons-assimilables-du-tresor-du-niger-du-06-06-2024/
Niger;ES (Titre 2);BAT;;2024-06-06;2024-06-07;2025-06-05;12;;25000;25849.0000;25849.0000;NE0000002011;multiple;;9.0000;;8.9558;8.9558;In Fine;;réalisée;https://www.umoatitres.org/fr/emission/emission-simultanee-de-bons-assimilables-du-tresor-du-niger-du-06-06-2024/
Côte d'Ivoire;ES (Titre 1);BAT;;2024-06-04;2024-06-05;2024-09-03;3;;65000;28620.0000;21620.0000;CI0000007597;multiple;;6.5000;;6.4739;6.5800;In Fine;;réalisée;https://www.umoatitres.org/fr/emission/emission-simultanee-de-bons-et-dobligations-assimilables-du-tresor-de-la-cote-divoire-du-04-06-2024/
Côte d'Ivoire;ES (Titre 2);BAT;;2024-06-04;2024-06-05;2025-06-03;12;;65000;29571.0000;24571.0000;CI0000007613;multiple;;6.8000;;6.7977;7.3000;In Fine;;réalisée;https://www.umoatitres.org/fr/emission/emission-simultanee-de-bons-et-dobligations-assimilables-du-tresor-de-la-cote-divoire-du-04-06-2024/
Côte d'Ivoire;ES (Titre 3);OAT;;2024-06-04;2024-06-05;2027-06-05;36;;65000;9509.5000;6509.5000;CI0000007621;5.7000;9505.0000;;9506.1000;;7.6000;In Fine;;réalisée;https://www.umoatitres.org/fr/emission/emission-simultanee-de-bons-et-dobligations-assimilables-du-tresor-de-la-cote-divoire-du-04-06-2024/
Côte d'Ivoire;ES (Titre 4);OAT;;2024-06-04;2024-06-05;2029-05-02;60;;65000;500.0000;500.0000;CI0000007522;5.9000;9305.0000;;9305.0000;;7.6500;In Fine;;réalisée;https://www.umoatitres.org/fr/emission/emission-simultanee-de-bons-et-dobligations-assimilables-du-tresor-de-la-cote-divoire-du-04-06-2024/
Burkina Faso;ES (Titre 1);BAT;;2024-06-05;2024-06-06;2025-06-04;12;;30000;24752.0000;19802.0000;BF0000003004;multiple;;8.9800;;8.2609;9.0100;In Fine;;réalisée;https://www.umoatitres.org/fr/emission/emission-simultanee-de-bons-et-dobligations-assimilables-du-tresor-du-burkina-du-05-06-2024/
Burkina Faso;ES (Titre 2);OAT;;2024-06-05;2024-06-06;2027-03-28;36;;30000;8347.7000;8347.7000;BF0000002956;6.0000;9005.0000;;9339.6700;;8.7400;In Fine;;réalisée;https://www.umoatitres.org/fr/emission/emission-simultanee-de-bons-et-dobligations-assimilables-du-tresor-du-burkina-du-05-06-2024/
Burkina Faso;ES (Titre 3);OAT;;2024-06-05;2024-06-06;2029-06-06;60;;30000;4220.0000;4220.0000;BF0000003012;6.2000;9050.0000;;9114.6900;;8.4400;In Fine;;réalisée;https://www.umoatitres.org/fr/emission/emission-simultanee-de-bons-et-dobligations-assimilables-du-tresor-du-burkina-du-05-06-2024/
Togo;ES (Titre 1);BAT;;2024-06-07;2024-06-10;2024-12-08;6;;35000;33420.0000;32300.0000;TG0000002872;multiple;;6.6600;;6.5530;6.7800;In Fine;;réalisée;https://www.umoatitres.org/fr/emission/emission-simultanee-de-bons-et-dobligations-assimilables-du-tresor-du-togo-du-07-06-2024/
Togo;ES (Titre 3);OAT;;2024-06-07;2024-06-10;2029-02-05;60;;35000;4624.0000;4600.0000;TG0000002633;6.4000;9420.0000;;9462.1800;;7.8000;In Fine;;réalisée;https://www.umoatitres.org/fr/emission/emission-simultanee-de-bons-et-dobligations-assimilables-du-tresor-du-togo-du-07-06-2024/
Sénégal;ES (Titre 1);BAT;Adjudication Ciblée;2024-05-31;2024-06-03;2025-06-01;12;;70000;26325.0000;25791.0000;SN0000003153;multiple;;7.1000;;6.9837;7.5100;In Fine;;réalisée;https://www.umoatitres.org/fr/emission/emission-simultanee-de-bons-et-dobligations-assimilables-du-tresor-du-senegal-du-31-05-2024/
Sénégal;ES (Titre 2);OAT;Adjudication Ciblée;2024-05-31;2024-06-03;2027-06-03;36;;70000;45676.8000;32178.1300;SN0000003161;6.3000;9525.0000;;9569.5000;;7.9700;In Fine;;réalisée;https://www.umoatitres.org/fr/emission/emission-simultanee-de-bons-et-dobligations-assimilables-du-tresor-du-senegal-du-31-05-2024/
Sénégal;ES (Titre 3);OAT;Adjudication Ciblée;2024-05-31;2024-06-03;2029-06-03;60;;70000;10910.3700;10540.8700;SN0000003179;6.4500;9455.0000;;9530.5600;;7.6100;In Fine;;réalisée;https://www.umoatitres.org/fr/emission/emission-simultanee-de-bons-et-dobligations-assimilables-du-tresor-du-senegal-du-31-05-2024/
Guinée Bissau;;BAT;;2024-05-24;2024-05-27;2025-05-20;12;;6560;6560.0000;6560.0000;GW0000001085;multiple;;8.9500;;8.9500;9.8300;In Fine;;réalisée;https://www.umoatitres.org/fr/emission/emission-de-bons-assimilables-du-tresor-de-la-guinee-bissau-du-24-05-2024/
Côte d'Ivoire;ES (Titre 1);BAT;;2024-05-28;2024-05-29;2024-11-26;6;;50000;27406.0000;23406.0000;CI0000007589;multiple;;6.7800;;6.6613;6.8900;In Fine;;réalisée;https://www.umoatitres.org/fr/emission/emission-simultanee-de-bons-et-dobligations-assimilables-du-tresor-de-la-cote-divoire-du-28-05-2024/
Côte d'Ivoire;ES (Titre 2);BAT;;2024-05-28;2024-05-29;2025-05-06;12;;50000;8121.0000;8121.0000;CI0000007555;multiple;;6.8000;;6.7898;7.2600;In Fine;;réalisée;https://www.umoatitres.org/fr/emission/emission-simultanee-de-bons-et-dobligations-assimilables-du-tresor-de-la-cote-divoire-du-28-05-2024/
Côte d'Ivoire;ES (Titre 3);OAT;;2024-05-28;2024-05-29;2027-05-08;36;;50000;19156.3800;19156.3800;CI0000007563;5.7000;9500.0000;;9508.9700;;7.6200;In Fine;;réalisée;https://www.umoatitres.org/fr/emission/emission-simultanee-de-bons-et-dobligations-assimilables-du-tresor-de-la-cote-divoire-du-28-05-2024/
Mali;ES (Titre 1);BAT;;2024-05-29;2024-05-30;2025-05-28;12;;25000;18155.0000;18155.0000;ML0000003003;multiple;;8.9800;;8.9253;9.8100;In Fine;;réalisée;https://www.umoatitres.org/fr/emission/emission-simultanee-de-bons-et-dobligations-assimilables-du-tresor-du-mali-du-29-05-2024/
Mali;ES (Titre 2);OAT;;2024-05-29;2024-05-30;2027-05-30;36;;25000;8383.2500;7883.2500;ML0000003011;6.1500;9100.0000;;9102.2000;;9.7400;In Fine;;réalisée;https://www.umoatitres.org/fr/emission/emission-simultanee-de-bons-et-dobligations-assimilables-du-tresor-du-mali-du-29-05-2024/
Guinée Bissau;ES (Titre 1);BAT;;2024-05-21;2024-05-22;2024-08-20;3;;7000;4103.0000;3544.0000;GW0000001077;multiple;;9.0000;;8.9222;9.1300;In Fine;;réalisée;https://www.umoatitres.org/fr/emission/emission-simultanee-de-bons-et-dobligations-assimilables-du-tresor-de-la-guinee-bissau-du-21-05-2024/
Guinée Bissau;ES (Titre 2);BAT;;2024-05-21;2024-05-22;2025-05-20;12;;7000;2716.0000;2716.0000;GW0000001085;multiple;;9.0000;;8.9604;9.8500;In Fine;;réalisée;https://www.umoatitres.org/fr/emission/emission-simultanee-de-bons-et-dobligations-assimilables-du-tresor-de-la-guinee-bissau-du-21-05-2024/
Guinée Bissau;ES (Titre 3);OAT;;2024-05-21;2024-05-22;2027-05-22;36;;7000;740.0000;740.0000;GW0000001093;6.2500;9050.0000;;9085.6800;;9.9200;In Fine;;réalisée;https://www.umoatitres.org/fr/emission/emission-simultanee-de-bons-et-dobligations-assimilables-du-tresor-de-la-guinee-bissau-du-21-05-2024/
Togo;ES (Titre 1);BAT;;2024-05-24;2024-05-27;2024-11-24;6;;35000;46801.0000;9800.0000;TG0000002856;multiple;;6.6800;;6.6798;6.9100;In Fine;;réalisée;https://www.umoatitres.org/fr/emission/emission-simultanee-de-bons-et-dobligations-assimilables-du-tresor-du-togo-du-24-05-2024/
Togo;ES (Titre 2);OAT;;2024-05-24;2024-05-27;2027-04-30;36;;35000;22970.5800;21900.0000;TG0000002823;6.1500;9500.0000;;9564.2300;;7.8700;In Fine;;réalisée;https://www.umoatitres.org/fr/emission/emission-simultanee-de-bons-et-dobligations-assimilables-du-tresor-du-togo-du-24-05-2024/
Togo;ES (Titre 3);OAT;;2024-05-24;2024-05-27;2029-02-05;60;;35000;7041.0800;6800.0000;TG0000002633;6.4000;9415.0000;;9496.3000;;7.7000;In Fine;;réalisée;https://www.umoatitres.org/fr/emission/emission-simultanee-de-bons-et-dobligations-assimilables-du-tresor-du-togo-du-24-05-2024/
Mali;ES (Titre 1);BAT;;2024-05-15;2024-05-16;2025-05-14;12;;25000;21055.0000;21055.0000;ML0000002971;multiple;;8.9805;;8.5667;9.3800;In Fine;;réalisée;https://www.umoatitres.org/fr/emission/emission-simultanee-de-bons-et-dobligations-assimilables-du-tresor-du-mali-du-15-05-2024/
Mali;ES (Titre 2);OAT;;2024-05-15;2024-05-16;2027-05-16;36;;25000;6755.7400;5755.7400;ML0000002989;6.1500;9100.0000;;9203.8900;;9.3100;In Fine;;réalisée;https://www.umoatitres.org/fr/emission/emission-simultanee-de-bons-et-dobligations-assimilables-du-tresor-du-mali-du-15-05-2024/
Mali;ES (Titre 3);OAT;;2024-05-15;2024-05-16;2029-05-16;60;;25000;70.0000;70.0000;ML0000002997;6.3500;9152.7600;;9166.2600;;8.4600;In Fine;;réalisée;https://www.umoatitres.org/fr/emission/emission-simultanee-de-bons-et-dobligations-assimilables-du-tresor-du-mali-du-15-05-2024/
Côte d'Ivoire;ES (Titre 1);BAT;;2024-05-14;2024-05-15;2024-08-13;3;;50000;27000.0000;27000.0000;CI0000007571;multiple;;6.5000;;6.4718;6.5800;In Fine;;réalisée;https://www.umoatitres.org/fr/emission/emission-simultanee-de-bons-et-dobligations-assimilables-du-tresor-de-la-cote-divoire-du-14-05-2024/
Côte d'Ivoire;ES (Titre 2);BAT;;2024-05-14;2024-05-15;2025-05-06;12;;50000;10270.0000;10270.0000;CI0000007555;multiple;;6.8000;;6.7853;7.2700;In Fine;;réalisée;https://www.umoatitres.org/fr/emission/emission-simultanee-de-bons-et-dobligations-assimilables-du-tresor-de-la-cote-divoire-du-14-05-2024/
Côte d'Ivoire;ES (Titre 3);OAT;;2024-05-14;2024-05-15;2027-05-08;36;;50000;13514.0200;13514.0200;CI0000007563;5.7000;9505.4900;;9516.9700;;7.5700;In Fine;;réalisée;https://www.umoatitres.org/fr/emission/emission-simultanee-de-bons-et-dobligations-assimilables-du-tresor-de-la-cote-divoire-du-14-05-2024/
Guinée Bissau;ES (Titre 1);BAT;;2024-05-13;2024-05-14;2024-08-12;3;;10000;4383.0000;4200.0000;GW0000001044;multiple;;9.0000;;8.5827;8.7700;In Fine;;réalisée;https://www.umoatitres.org/fr/emission/emission-simultanee-de-bons-et-dobligations-assimilables-du-tresor-de-la-guinee-bissau-du-13-05-2024/
Guinée Bissau;ES (Titre 2);BAT;;2024-05-13;2024-05-14;2025-05-12;12;;10000;5377.0000;5377.0000;GW0000001051;multiple;;9.0000;;8.8869;9.7600;In Fine;;réalisée;https://www.umoatitres.org/fr/emission/emission-simultanee-de-bons-et-dobligations-assimilables-du-tresor-de-la-guinee-bissau-du-13-05-2024/
Guinée Bissau;ES (Titre 3);OAT;;2024-05-13;2024-05-14;2027-05-14;36;;10000;1423.7500;1423.0000;GW0000001016;6.2500;9050.0000;;9092.3700;;9.8900;In Fine;;réalisée;https://www.umoatitres.org/fr/emission/emission-simultanee-de-bons-et-dobligations-assimilables-du-tresor-de-la-guinee-bissau-du-13-05-2024/
Burkina Faso;ES (Titre 1);BAT;;2024-05-08;2024-05-10;2025-05-08;12;;80000;22438.0000;15387.0000;BF0000002964;multiple;;8.7400;;8.4083;9.1900;In Fine;;réalisée;https://www.umoatitres.org/fr/emission/emission-simultanee-de-bons-et-dobligations-assimilables-du-tresor-du-burkina-du-08-05-2024/
Burkina Faso;ES (Titre 2);OAT;;2024-05-08;2024-05-10;2027-05-10;36;;80000;9790.9200;9592.9200;BF0000002972;6.0000;9100.0000;;9230.0400;;9.0400;In Fine;;réalisée;https://www.umoatitres.org/fr/emission/emission-simultanee-de-bons-et-dobligations-assimilables-du-tresor-du-burkina-du-08-05-2024/
Burkina Faso;ES (Titre 3);OAT;;2024-05-08;2024-05-10;2029-05-10;60;;80000;40849.1700;40849.0000;BF0000002980;6.2000;9216.9900;;9594.8400;;7.1900;In Fine;;réalisée;https://www.umoatitres.org/fr/emission/emission-simultanee-de-bons-et-dobligations-assimilables-du-tresor-du-burkina-du-08-05-2024/
Burkina Faso;ES (Titre 4);OAT;;2024-05-08;2024-05-10;2031-05-10;84;;80000;22276.0700;22171.0700;BF0000002998;6.4000;9001.0000;;9398.8100;;7.5400;In Fine;;réalisée;https://www.umoatitres.org/fr/emission/emission-simultanee-de-bons-et-dobligations-assimilables-du-tresor-du-burkina-du-08-05-2024/
Togo;ES (Titre 1);BAT;;2024-05-10;2024-05-13;2024-08-11;3;;30000;36251.0000;17700.0000;TG0000002831;multiple;;6.5000;;6.4910;6.6000;In Fine;;réalisée;https://www.umoatitres.org/fr/emission/emission-simultanee-de-bons-et-dobligations-assimilables-du-tresor-du-togo-du-10-05-2024/
Togo;ES (Titre 3);OAT;;2024-05-10;2024-05-13;2027-04-30;36;;30000;15338.0800;15300.0000;TG0000002823;6.1500;9510.0000;;9541.7800;;7.9400;In Fine;;réalisée;https://www.umoatitres.org/fr/emission/emission-simultanee-de-bons-et-dobligations-assimilables-du-tresor-du-togo-du-10-05-2024/
Côte d'Ivoire;ES (Titre 1);BAT;;2024-05-07;2024-05-08;2024-08-06;3;;50000;26550.0000;26550.0000;CI0000007548;multiple;;6.5000;;6.1747;6.2700;In Fine;;réalisée;https://www.umoatitres.org/fr/emission/emission-simultanee-de-bons-et-dobligations-assimilables-du-tresor-de-la-cote-divoire-du-07-05-2024/
Côte d'Ivoire;ES (Titre 2);BAT;;2024-05-07;2024-05-08;2025-05-06;12;;50000;20860.0000;13860.0000;CI0000007555;multiple;;6.8000;;6.7837;7.2800;In Fine;;réalisée;https://www.umoatitres.org/fr/emission/emission-simultanee-de-bons-et-dobligations-assimilables-du-tresor-de-la-cote-divoire-du-07-05-2024/
Côte d'Ivoire;ES (Titre 3);OAT;;2024-05-07;2024-05-08;2027-05-08;36;;50000;11000.0000;4000.0000;CI0000007563;5.7000;9502.9900;;9512.2100;;7.5800;In Fine;;réalisée;https://www.umoatitres.org/fr/emission/emission-simultanee-de-bons-et-dobligations-assimilables-du-tresor-de-la-cote-divoire-du-07-05-2024/
Niger;ES (Titre 2);OAT;PROGRAMME DE RACHAT BCEAO;2024-05-06;2024-05-10;2027-05-10;36;;70000;148996.1100;57828.5300;NE0000001997;6.3000;9316.5500;;9316.5500;;9.0000;In Fine;;réalisée;https://www.umoatitres.org/fr/emission/emission-simultanee-de-bons-et-dobligations-assimilables-du-tresor-du-niger-du-06-05-2024/
Niger;ES (Titre 3);OAT;PROGRAMME DE RACHAT BCEAO;2024-05-06;2024-05-10;2029-05-10;60;;70000;19170.4700;19171.4700;NE0000002003;6.5000;9001.0000;;9195.8000;;8.5400;In Fine;;réalisée;https://www.umoatitres.org/fr/emission/emission-simultanee-de-bons-et-dobligations-assimilables-du-tresor-du-niger-du-06-05-2024/
Sénégal;ES (Titre 1);BAT;;2024-05-03;2024-05-06;2025-05-04;12;;30000;20255.0000;15515.0000;SN0000002957;multiple;;7.0100;;6.9449;7.4700;In Fine;;réalisée;https://www.umoatitres.org/fr/emission/emission-simultanee-de-bons-et-dobligations-assimilables-du-tresor-du-senegal-du-03-05-2024/
Sénégal;ES (Titre 2);OAT;;2024-05-03;2024-05-06;2027-05-06;36;;30000;13015.0000;12965.0000;SN0000003146;6.3000;9605.0000;;9659.0700;;7.6100;In Fine;;réalisée;https://www.umoatitres.org/fr/emission/emission-simultanee-de-bons-et-dobligations-assimilables-du-tresor-du-senegal-du-03-05-2024/
Bénin;ES (Titre 1);OAT;;2024-05-06;2024-05-08;2029-05-08;60;;70000;21906.8100;21906.8100;BJ0000002069;5.9000;9500.0000;;9527.9900;;7.0500;In Fine;;réalisée;https://www.umoatitres.org/fr/emission/emission-simultanee-de-bons-et-dobligations-assimilables-du-tresor-du-benin-du-06-05-2024/
Bénin;ES (Titre 2);OAT;;2024-05-06;2024-05-08;2031-05-08;84;;70000;29947.9500;29947.9500;BJ0000002077;6.1000;9400.0000;;9447.0300;;7.1300;In Fine;;réalisée;https://www.umoatitres.org/fr/emission/emission-simultanee-de-bons-et-dobligations-assimilables-du-tresor-du-benin-du-06-05-2024/
Bénin;ES (Titre 3);OAT;;2024-05-06;2024-05-08;2034-05-08;120;;70000;22925.7000;22925.7000;BJ0000002085;6.2500;9300.0000;;9356.4200;;7.1700;In Fine;;réalisée;https://www.umoatitres.org/fr/emission/emission-simultanee-de-bons-et-dobligations-assimilables-du-tresor-du-benin-du-06-05-2024/
Guinée Bissau;;BAT;;2024-04-26;2024-04-26;2025-04-24;12;;7644;7644.0000;7644.0000;GW0000001028;multiple;;8.9500;;8.8645;9.7500;In Fine;;réalisée;https://www.umoatitres.org/fr/emission/rachat-et-emission-de-bons-assimilables-du-tresor-de-guinee-bissau-du-26-04-2024/
Mali;ES (Titre 1);BAT;;2024-05-02;2024-05-03;2024-10-31;6;;25000;2460.0000;2460.0000;ML0000002948;multiple;;8.5000;;8.3425;8.7100;In Fine;;réalisée;https://www.umoatitres.org/fr/emission/emission-simultanee-de-bons-et-dobligations-assimilables-du-tresor-du-mali-du-02-05-2024/
Mali;ES (Titre 2);BAT;;2024-05-02;2024-05-03;2025-05-01;12;;25000;19125.0000;18975.0000;ML0000002955;multiple;;8.9805;;8.7865;9.6400;In Fine;;réalisée;https://www.umoatitres.org/fr/emission/emission-simultanee-de-bons-et-dobligations-assimilables-du-tresor-du-mali-du-02-05-2024/
Mali;ES (Titre 3);OAT;;2024-05-02;2024-05-03;2027-05-03;36;;25000;3462.5000;3457.5000;ML0000002963;6.1500;9100.0000;;9100.0000;;9.7500;In Fine;;réalisée;https://www.umoatitres.org/fr/emission/emission-simultanee-de-bons-et-dobligations-assimilables-du-tresor-du-mali-du-02-05-2024/
Guinée Bissau;ES (Titre 1);BAT;;2024-04-25;2024-04-26;2024-07-25;3;;10000;1360.0000;625.0000;GW0000001010;multiple;;9.0000;;8.4532;8.6400;In Fine;;réalisée;https://www.umoatitres.org/fr/emission/emission-simultanee-de-bons-et-dobligations-assimilables-du-tresor-de-la-guinee-bissau-du-25-04-2024/
Guinée Bissau;ES (Titre 2);BAT;;2024-04-25;2024-04-26;2025-04-24;12;;10000;5498.0000;5498.0000;GW0000001028;multiple;;9.2500;;8.9898;9.8900;In Fine;;réalisée;https://www.umoatitres.org/fr/emission/emission-simultanee-de-bons-et-dobligations-assimilables-du-tresor-de-la-guinee-bissau-du-25-04-2024/
Guinée Bissau;ES (Titre 3);OAT;;2024-04-25;2024-04-26;2027-04-26;36;;10000;4877.2800;4877.0000;GW0000001036;6.2500;9050.0000;;9115.1600;;9.8000;In Fine;;réalisée;https://www.umoatitres.org/fr/emission/emission-simultanee-de-bons-et-dobligations-assimilables-du-tresor-de-la-guinee-bissau-du-25-04-2024/
Niger;ES (Titre 1);BAT;;2024-04-26;2024-04-29;2025-04-27;12;;419050;304679.0000;304679.0000;NE0000001955;multiple;;9.0000;;8.4979;9.3000;In Fine;;réalisée;https://www.umoatitres.org/fr/emission/emission-simultanee-de-bons-et-dobligations-assimilables-du-tresor-du-niger-du-26-04-2024/
Niger;ES (Titre 2);OAT;;2024-04-26;2024-04-29;2027-04-29;36;;419050;122306.7200;122306.7200;NE0000001963;6.3000;9115.0000;;9232.2700;;9.3500;In Fine;;réalisée;https://www.umoatitres.org/fr/emission/emission-simultanee-de-bons-et-dobligations-assimilables-du-tresor-du-niger-du-26-04-2024/
Niger;ES (Titre 3);OAT;;2024-04-26;2024-04-29;2029-04-29;60;;419050;31005.7300;31005.7300;NE0000001971;6.5000;9009.0000;;9144.5800;;8.6800;In Fine;;réalisée;https://www.umoatitres.org/fr/emission/emission-simultanee-de-bons-et-dobligations-assimilables-du-tresor-du-niger-du-26-04-2024/
Togo;ES (Titre 1);BAT;;2024-04-26;2024-04-30;2025-04-28;12;;30000;29106.0000;21000.0000;TG0000002815;multiple;;7.2200;;7.1016;7.6500;In Fine;;réalisée;https://www.umoatitres.org/fr/emission/emission-simultanee-de-bons-et-dobligations-assimilables-du-tresor-du-togo-du-26-04-2024/
Togo;ES (Titre 2);OAT;;2024-04-26;2024-04-30;2027-04-30;36;;30000;18971.1300;11900.0000;TG0000002823;6.1500;9517.7700;;9544.8300;;7.9100;In Fine;;réalisée;https://www.umoatitres.org/fr/emission/emission-simultanee-de-bons-et-dobligations-assimilables-du-tresor-du-togo-du-26-04-2024/
Côte d'Ivoire;ES (Titre 1);BAT;;2024-04-30;2024-05-02;2024-10-30;6;;65500;6005.0000;4005.0000;CI0000007506;multiple;;6.7000;;6.6999;6.9300;In Fine;;réalisée;https://www.umoatitres.org/fr/emission/emission-simultanee-de-bons-et-dobligations-assimilables-du-tresor-de-la-cote-divoire-du-30-04-2024/
Côte d'Ivoire;ES (Titre 2);BAT;;2024-04-30;2024-05-02;2025-04-30;12;;65500;34726.0000;34726.0000;CI0000007514;multiple;;6.8000;;6.7636;7.2600;In Fine;;réalisée;https://www.umoatitres.org/fr/emission/emission-simultanee-de-bons-et-dobligations-assimilables-du-tresor-de-la-cote-divoire-du-30-04-2024/
Côte d'Ivoire;ES (Titre 3);OAT;;2024-04-30;2024-05-02;2027-04-24;36;;65500;25201.0000;25201.0000;CI0000007480;5.7000;9500.0000;;9597.8800;;7.2500;In Fine;;réalisée;https://www.umoatitres.org/fr/emission/emission-simultanee-de-bons-et-dobligations-assimilables-du-tresor-de-la-cote-divoire-du-30-04-2024/
Côte d'Ivoire;ES (Titre 4);OAT;;2024-04-30;2024-05-02;2029-05-02;60;;65500;265.0000;265.0000;CI0000007522;5.9000;9300.0000;;9300.5700;;7.6300;In Fine;;réalisée;https://www.umoatitres.org/fr/emission/emission-simultanee-de-bons-et-dobligations-assimilables-du-tresor-de-la-cote-divoire-du-30-04-2024/
Côte d'Ivoire;ES (Titre 1);BAT;;2024-04-23;2024-04-24;2024-07-23;3;;81000;48664.0000;41379.0000;CI0000007428;multiple;;6.4995;;6.4470;6.5500;In Fine;;réalisée;https://www.umoatitres.org/fr/emission/emission-simultanee-de-bons-et-dobligations-assimilables-du-tresor-de-la-cote-divoire-du-23-04-2024/
Côte d'Ivoire;ES (Titre 2);BAT;;2024-04-23;2024-04-24;2025-04-09;12;;81000;21550.0000;21550.0000;CI0000007456;multiple;;6.8000;;6.6528;7.1100;In Fine;;réalisée;https://www.umoatitres.org/fr/emission/emission-simultanee-de-bons-et-dobligations-assimilables-du-tresor-de-la-cote-divoire-du-23-04-2024/
Côte d'Ivoire;ES (Titre 3);OAT;;2024-04-23;2024-04-24;2027-04-24;36;;81000;14311.9000;14311.9000;CI0000007480;5.7000;9505.0000;;9521.5700;;7.5400;In Fine;;réalisée;https://www.umoatitres.org/fr/emission/emission-simultanee-de-bons-et-dobligations-assimilables-du-tresor-de-la-cote-divoire-du-23-04-2024/
Guinée Bissau;ES (Titre 1);BAT;Echange;2024-04-11;2024-04-12;2025-03-18;12;;16737;9729.0000;9729.0000;GW0000000947;multiple;;8.9500;;8.9143;9.7400;In Fine;;réalisée;https://www.umoatitres.org/fr/emission/rachat-emission-de-bons-et-dobligations-assimilables-du-tresor-de-la-guinee-bissau-du-11-04-2024/
Guinée Bissau;ES (Titre 2);BAT;Echange;2024-04-11;2024-04-12;2025-04-10;12;;16737;7008.0000;7008.0000;GW0000000970;multiple;;8.9500;;8.8249;9.6900;In Fine;;réalisée;https://www.umoatitres.org/fr/emission/rachat-emission-de-bons-et-dobligations-assimilables-du-tresor-de-la-guinee-bissau-du-11-04-2024/
Mali;ES (Titre 1);BAT;;2024-04-17;2024-04-18;2025-04-16;12;;25000;20370.0000;20220.0000;ML0000002906;multiple;;8.9500;;8.5722;9.3900;In Fine;;réalisée;https://www.umoatitres.org/fr/emission/emission-simultanee-de-bons-et-dobligations-assimilables-du-tresor-du-mali-du-17-04-2024/
Mali;ES (Titre 2);OAT;;2024-04-17;2024-04-18;2027-04-18;36;;25000;7191.1600;171.1600;ML0000002914;6.1500;9210.0000;;9236.9000;;9.1700;In Fine;;réalisée;https://www.umoatitres.org/fr/emission/emission-simultanee-de-bons-et-dobligations-assimilables-du-tresor-du-mali-du-17-04-2024/
Côte d'Ivoire;;BAT;;2024-04-16;2024-04-17;2024-07-16;3;;30000;62450.0000;33000.0000;CI0000007464;multiple;;6.5000;;6.3781;6.4800;In Fine;;réalisée;https://www.umoatitres.org/fr/emission/emission-de-bons-assimilables-du-tresor-de-la-cote-divoire-du-16-04-2024/
Guinée Bissau;ES (Titre 2);BAT;;2024-04-11;2024-04-12;2024-10-10;6;;10000;2242.0000;2242.0000;GW0000000962;multiple;;9.0000;;8.8811;9.3000;In Fine;;réalisée;https://www.umoatitres.org/fr/emission/emission-simultanee-de-bons-et-dobligations-assimilables-du-tresor-de-la-guinee-bissau-du-11-04-2024/
Guinée Bissau;ES (Titre 3);BAT;;2024-04-11;2024-04-12;2025-04-10;12;;10000;7920.0000;7900.0000;GW0000000970;multiple;;9.0500;;8.9572;9.8500;In Fine;;réalisée;https://www.umoatitres.org/fr/emission/emission-simultanee-de-bons-et-dobligations-assimilables-du-tresor-de-la-guinee-bissau-du-11-04-2024/
Guinée Bissau;ES (Titre 4);OAT;;2024-04-11;2024-04-12;2027-01-22;36;;10000;1103.7600;858.0000;GW0000000871;6.2500;9105.0000;;9131.6400;;9.9500;In Fine;;réalisée;https://www.umoatitres.org/fr/emission/emission-simultanee-de-bons-et-dobligations-assimilables-du-tresor-de-la-guinee-bissau-du-11-04-2024/
Burkina Faso;ES (Titre 1);BAT;;2024-03-28;2024-03-28;2025-03-26;12;;6799;4479.0000;4479.0000;BF0000002949;multiple;;8.7500;;8.7500;9.6000;In Fine;;réalisée;https://www.umoatitres.org/fr/emission/echange-simultanee-de-bons-et-dobligations-de-relance-du-tresor-du-burkina-du-28-03-2024/
Burkina Faso;ES (Titre 2);OAT;;2024-03-28;2024-03-28;2027-03-28;36;;6799;2313.7900;2313.7900;BF0000002956;6.0000;9100.0000;;9100.0000;;9.5900;In Fine;;réalisée;https://www.umoatitres.org/fr/emission/echange-simultanee-de-bons-et-dobligations-de-relance-du-tresor-du-burkina-du-28-03-2024/
Côte d'Ivoire;ES (Titre 2);BAT;;2024-04-08;2024-04-11;2025-04-09;12;;100000;18151.0000;7737.0000;CI0000007456;multiple;;6.6400;;6.6077;7.0800;In Fine;;réalisée;https://www.umoatitres.org/fr/emission/emission-simultanee-de-bons-et-dobligations-assimilables-du-tresor-de-la-cote-divoire-du-08-04-2024/
Côte d'Ivoire;ES (Titre 3);OAT;;2024-04-08;2024-04-11;2027-03-29;36;;100000;18529.0000;18529.0000;CI0000007423;5.7000;9500.0000;;9512.7908;;7.5900;In Fine;;réalisée;https://www.umoatitres.org/fr/emission/emission-simultanee-de-bons-et-dobligations-assimilables-du-tresor-de-la-cote-divoire-du-08-04-2024/
Côte d'Ivoire;ES (Titre 4);OAT;;2024-04-08;2024-04-11;2029-03-29;60;;100000;62633.8600;62283.8600;CI0000007431;5.9000;9300.0000;;9412.4342;;7.3500;In Fine;;réalisée;https://www.umoatitres.org/fr/emission/emission-simultanee-de-bons-et-dobligations-assimilables-du-tresor-de-la-cote-divoire-du-08-04-2024/
Côte d'Ivoire;ES (Titre 5);OAT;;2024-04-08;2024-04-11;2034-02-28;120;;100000;21450.0000;21450.0000;CI0000007225;6.2500;9200.0000;;9202.7993;;7.4100;In Fine;;réalisée;https://www.umoatitres.org/fr/emission/emission-simultanee-de-bons-et-dobligations-assimilables-du-tresor-de-la-cote-divoire-du-08-04-2024/
Togo;ES (Titre 1);BAT;;2024-04-12;2024-04-15;2024-07-14;3;;30000;13496.0000;5039.0000;TG0000002799;multiple;;6.5000;;6.4899;6.6000;In Fine;;réalisée;https://www.umoatitres.org/fr/emission/emission-simultanee-de-bons-et-dobligations-assimilables-du-tresor-du-togo-du-12-04-2024/
Togo;ES (Titre 2);BAT;;2024-04-12;2024-04-15;2025-04-13;12;;30000;25520.0000;22544.0000;TG0000002807;multiple;;7.2500;;7.0606;7.6000;In Fine;;réalisée;https://www.umoatitres.org/fr/emission/emission-simultanee-de-bons-et-dobligations-assimilables-du-tresor-du-togo-du-12-04-2024/
Togo;ES (Titre 3);OAT;;2024-04-12;2024-04-15;2029-02-05;60;;30000;7582.2100;5417.0000;TG0000002633;6.4000;9440.7800;;9451.7400;;7.8000;In Fine;;réalisée;https://www.umoatitres.org/fr/emission/emission-simultanee-de-bons-et-dobligations-assimilables-du-tresor-du-togo-du-12-04-2024/
Côte d'Ivoire;ES (Titre 2);BAT;Adjudication Ciblée;2024-03-28;2024-03-29;2024-09-26;6;;150000;39050.0000;37373.0000;CI0000007407;multiple;;6.7950;;6.5897;6.8200;In Fine;;réalisée;https://www.umoatitres.org/fr/emission/emission-simultanee-de-bons-et-dobligations-assimilables-du-tresor-de-la-cote-d-ivoire-du-28-03-2024/
Côte d'Ivoire;ES (Titre 3);BAT;Adjudication Ciblée;2024-03-28;2024-03-29;2025-03-27;12;;150000;59842.0000;59642.0000;CI0000007415;multiple;;6.8500;;6.6300;7.1000;In Fine;;réalisée;https://www.umoatitres.org/fr/emission/emission-simultanee-de-bons-et-dobligations-assimilables-du-tresor-de-la-cote-d-ivoire-du-28-03-2024/
Côte d'Ivoire;ES (Titre 4);OAT;Adjudication Ciblée;2024-03-28;2024-03-29;2027-03-29;36;;150000;29936.3500;29936.3500;CI0000007423;5.7000;9500.0000;;9539.7265;;7.4700;In Fine;;réalisée;https://www.umoatitres.org/fr/emission/emission-simultanee-de-bons-et-dobligations-assimilables-du-tresor-de-la-cote-d-ivoire-du-28-03-2024/
Côte d'Ivoire;ES (Titre 5);OAT;Adjudication Ciblée;2024-03-28;2024-03-29;2029-03-29;60;;150000;17500.0000;17500.0000;CI0000007431;5.9000;9300.0000;;9301.7143;;7.6300;In Fine;;réalisée;https://www.umoatitres.org/fr/emission/emission-simultanee-de-bons-et-dobligations-assimilables-du-tresor-de-la-cote-d-ivoire-du-28-03-2024/
Côte d'Ivoire;ES (Titre 6);OAT;Adjudication Ciblée;2024-03-28;2024-03-29;2034-02-28;120;;150000;20547.9300;20547.9300;CI0000007225;6.2500;9200.0000;;9400.4961;;7.1100;In Fine;;réalisée;https://www.umoatitres.org/fr/emission/emission-simultanee-de-bons-et-dobligations-assimilables-du-tresor-de-la-cote-d-ivoire-du-28-03-2024/
Burkina Faso;ES (Titre 1);BAT;;2024-03-27;2024-03-28;2024-09-25;6;;25000;10606.0000;10493.0000;BF0000002907;multiple;;8.7500;;8.2159;8.5700;In Fine;;réalisée;https://www.umoatitres.org/fr/emission/emission-simultanee-de-bons-et-dobligations-assimilables-du-tresor-du-burkina-du-27-03-2024/
Burkina Faso;ES (Titre 2);BAT;;2024-03-27;2024-03-28;2025-03-26;12;;25000;7198.0000;6898.0000;BF0000002949;multiple;;9.0000;;8.7769;9.6300;In Fine;;réalisée;https://www.umoatitres.org/fr/emission/emission-simultanee-de-bons-et-dobligations-assimilables-du-tresor-du-burkina-du-27-03-2024/
Burkina Faso;ES (Titre 3);OAT;;2024-03-27;2024-03-28;2027-03-28;36;;25000;9258.8600;9258.8600;BF0000002956;6.0000;8980.0000;;9095.7862;;9.6100;In Fine;;réalisée;https://www.umoatitres.org/fr/emission/emission-simultanee-de-bons-et-dobligations-assimilables-du-tresor-du-burkina-du-27-03-2024/
Mali;ES (Titre 1);OAT;Echange;2024-03-21;2024-03-21;2027-03-21;36;;14207;14206.7800;14206.7800;ML0000002898;6.1500;9072.0000;;9072.0000;;9.8700;In Fine;;réalisée;https://www.umoatitres.org/fr/emission/rachat-et-emission-simultanee-de-bons-et-dobligations-assimilables-du-tresor-du-mali-du-20-03-2024/
Togo;ES (Titre 1);BAT;Echange;2024-03-15;2024-03-18;2025-02-02;12;;62005;10466.0000;10466.0000;TG0000002625;multiple;;7.0500;;7.0500;7.5200;In Fine;;réalisée;https://www.umoatitres.org/fr/emission/rachat-et-emission-simultanee-de-bons-et-dobligations-assimilables-du-tresor-du-togo-du-15-03-2024/
Togo;ES (Titre 2);BAT;Echange;2024-03-15;2024-03-18;2025-03-02;12;;62005;28870.0000;28870.0000;TG0000002716;multiple;;7.0500;;7.0500;7.5700;In Fine;;réalisée;https://www.umoatitres.org/fr/emission/rachat-et-emission-simultanee-de-bons-et-dobligations-assimilables-du-tresor-du-togo-du-15-03-2024/
Togo;ES (Titre 3);BAT;Echange;2024-03-15;2024-03-18;2025-03-16;12;;62005;10107.0000;10107.0000;TG0000002724;multiple;;7.0500;;7.0500;7.5900;In Fine;;réalisée;https://www.umoatitres.org/fr/emission/rachat-et-emission-simultanee-de-bons-et-dobligations-assimilables-du-tresor-du-togo-du-15-03-2024/
Togo;ES (Titre 4);OAT;Echange;2024-03-15;2024-03-18;2027-01-23;3;;62005;12562.4100;12562.4100;TG0000002617;6.1500;9445.0300;;9445.0300;;8.4000;In Fine;;réalisée;https://www.umoatitres.org/fr/emission/rachat-et-emission-simultanee-de-bons-et-dobligations-assimilables-du-tresor-du-togo-du-15-03-2024/
Mali;ES (Titre 1);BAT;;2024-03-20;2024-03-21;2024-06-19;3;;25000;15698.0000;9668.0000;ML0000002872;multiple;;8.0000;;7.6382;7.7900;In Fine;;réalisée;https://www.umoatitres.org/fr/emission/emission-simultanee-de-bons-et-dobligations-assimilables-du-tresor-du-mali-du-20-03-2024/
Mali;ES (Titre 2);BAT;;2024-03-20;2024-03-21;2025-03-19;12;;25000;9499.0000;9378.0000;ML0000002880;multiple;;8.5000;;8.4995;9.3000;In Fine;;réalisée;https://www.umoatitres.org/fr/emission/emission-simultanee-de-bons-et-dobligations-assimilables-du-tresor-du-mali-du-20-03-2024/
Mali;ES (Titre 3);OAT;;2024-03-20;2024-03-21;2027-03-21;36;;25000;594.7300;162.7100;ML0000002898;6.1500;9200.0000;;9289.6500;;8.9500;In Fine;;réalisée;https://www.umoatitres.org/fr/emission/emission-simultanee-de-bons-et-dobligations-assimilables-du-tresor-du-mali-du-20-03-2024/
Guinée Bissau;ES (Titre 1);BAT;;2024-03-12;2024-03-13;2024-06-27;3.57;;6000;2500.0000;2000.0000;GW0000000715;multiple;;9.0000;;8.7500;8.9800;In Fine;;réalisée;https://www.umoatitres.org/fr/emission/emission-simultanee-de-bons-assimilables-du-tresor-de-la-guinee-bissau-du-12-03-2024/
Guinée Bissau;ES (Titre 2);BAT;;2024-03-12;2024-03-13;2025-02-11;11.2;;6000;4000.0000;4000.0000;GW0000000921;multiple;;9.0000;;8.8500;9.6500;In Fine;;réalisée;https://www.umoatitres.org/fr/emission/emission-simultanee-de-bons-assimilables-du-tresor-de-la-guinee-bissau-du-12-03-2024/
Guinée Bissau;ES (Titre 1);BAT;;2024-03-19;2024-03-20;2024-09-17;6;;17500;3765.0000;3765.0000;GW0000000939;multiple;;9.0000;;8.7504;9.1600;In Fine;;réalisée;https://www.umoatitres.org/fr/emission/emission-simultanee-de-bons-et-dobligations-assimilables-du-tresor-de-la-guinee-bissau-du-19-03-2024/
Guinée Bissau;ES (Titre 2);BAT;;2024-03-19;2024-03-20;2025-03-18;12;;17500;4729.0000;4700.0000;GW0000000947;multiple;;9.0200;;8.8336;9.7000;In Fine;;réalisée;https://www.umoatitres.org/fr/emission/emission-simultanee-de-bons-et-dobligations-assimilables-du-tresor-de-la-guinee-bissau-du-19-03-2024/
Guinée Bissau;ES (Titre 3);OAT;;2024-03-19;2024-03-20;2027-01-22;36;;17500;4352.7100;3358.2300;GW0000000871;6.2500;9100.0000;;9141.3400;;9.8300;In Fine;;réalisée;https://www.umoatitres.org/fr/emission/emission-simultanee-de-bons-et-dobligations-assimilables-du-tresor-de-la-guinee-bissau-du-19-03-2024/
Côte d'Ivoire;ES (Titre 1);BAT;;2024-03-12;2024-03-13;2024-09-10;6;;50000;18000.0000;10000.0000;CI0000007373;multiple;;6.8000;;6.7695;7.0100;In Fine;;réalisée;https://www.umoatitres.org/fr/emission/emission-simultanee-de-bons-et-dobligations-assimilables-du-tresor-de-la-cote-divoire-du-12-03-2024/
Côte d'Ivoire;ES (Titre 2);BAT;;2024-03-12;2024-03-13;2025-03-11;12;;50000;27887.0000;27887.0000;CI0000007381;multiple;;6.8000;;6.7968;7.3000;In Fine;;réalisée;https://www.umoatitres.org/fr/emission/emission-simultanee-de-bons-et-dobligations-assimilables-du-tresor-de-la-cote-divoire-du-12-03-2024/
Côte d'Ivoire;ES (Titre 3);OAT;;2024-03-12;2024-03-13;2027-03-06;36;;50000;6423.6000;6323.7600;CI0000007340;5.5000;9500.0000;;9503.2000;;7.4200;In Fine;;réalisée;https://www.umoatitres.org/fr/emission/emission-simultanee-de-bons-et-dobligations-assimilables-du-tresor-de-la-cote-divoire-du-12-03-2024/
Mali;;BAT;;2024-03-07;2024-03-07;2025-03-05;12;;17497;17497.0000;17497.0000;ML0000002831;multiple;;9.1000;;9.1000;10.0200;In Fine;;réalisée;https://www.umoatitres.org/fr/emission/rachat-et-emission-de-bons-assimilables-du-tresor-du-mali-du-07-03-2024/
Côte d'Ivoire;ES (Titre 1);BAT;;2024-03-06;2024-03-06;2025-03-04;12;;50002;40002.0000;40002.0000;CI0000007332;multiple;;6.8000;;6.8000;7.3000;In Fine;;réalisée;https://www.umoatitres.org/fr/emission/rachat-et-emission-de-bons-et-dobligations-assimilables-du-tresor-de-la-cote-divoire-du-06-03-2024/
Côte d'Ivoire;ES (Titre 2);OAT;;2024-03-06;2024-03-06;2027-03-06;36;;50002;10000.0000;10000.0000;CI0000007340;5.5000;9505.0000;;9505.0000;;7.4000;In Fine;;réalisée;https://www.umoatitres.org/fr/emission/rachat-et-emission-de-bons-et-dobligations-assimilables-du-tresor-de-la-cote-divoire-du-06-03-2024/
Togo;ES (Titre 1);BAT;;2024-03-15;2024-03-18;2025-03-16;12;;35000;29707.0000;28682.0000;TG0000002724;multiple;;7.3000;;7.0830;7.6300;In Fine;;réalisée;https://www.umoatitres.org/fr/emission/emission-simultanee-de-bons-et-dobligations-assimilables-du-tresor-du-togo-du-15-03-2024/
Togo;ES (Titre 2);OAT;;2024-03-15;2024-03-18;2027-01-23;36;;35000;4816.2500;4509.2500;TG0000002617;6.1500;9489.9900;;9565.4300;;7.8900;In Fine;;réalisée;https://www.umoatitres.org/fr/emission/emission-simultanee-de-bons-et-dobligations-assimilables-du-tresor-du-togo-du-15-03-2024/
Togo;ES (Titre 3);OAT;;2024-03-15;2024-03-18;2029-02-05;60;;35000;1105.0000;1105.0000;TG0000002633;6.4000;9400.0000;;9569.2300;;7.4700;In Fine;;réalisée;https://www.umoatitres.org/fr/emission/emission-simultanee-de-bons-et-dobligations-assimilables-du-tresor-du-togo-du-15-03-2024/
Burkina Faso;ES (Titre 1);BAT;;2024-03-13;2024-03-14;2025-03-12;12;;30000;18349.0000;15349.0000;BF0000002873;multiple;;9.1000;;8.7474;9.6000;In Fine;;réalisée;https://www.umoatitres.org/fr/emission/emission-simultanee-de-bons-et-dobligations-assimilables-du-tresor-du-burkina-du-13-03-2024/
Burkina Faso;ES (Titre 2);OAT;;2024-03-13;2024-03-14;2027-03-14;36;;30000;7973.7600;7973.7600;BF0000002881;6.0000;8950.0000;;9107.2700;;9.5600;In Fine;;réalisée;https://www.umoatitres.org/fr/emission/emission-simultanee-de-bons-et-dobligations-assimilables-du-tresor-du-burkina-du-13-03-2024/
Burkina Faso;ES (Titre 3);OAT;;2024-03-13;2024-03-14;2029-03-14;60;;30000;6002.0000;6002.0000;BF0000002899;6.2000;9000.0000;;9169.6200;;8.3000;In Fine;;réalisée;https://www.umoatitres.org/fr/emission/emission-simultanee-de-bons-et-dobligations-assimilables-du-tresor-du-burkina-du-13-03-2024/
Sénégal;ES (Titre 1);BAT;ADJUDICATION CIBLEE;2024-03-08;2024-03-11;2025-03-09;12;;40000;23056.0000;20056.0000;SN0000002890;multiple;;7.1550;;6.9145;7.4300;In Fine;;réalisée;https://www.umoatitres.org/fr/emission/emission-simultanee-de-bons-et-dobligations-assimilables-du-tresor-du-senegal-du-08-03-2024/
Sénégal;ES (Titre 2);OAT;ADJUDICATION CIBLEE;2024-03-08;2024-03-11;2027-03-11;36;;40000;8060.0000;8060.0000;SN0000002908;6.2000;9591.0000;;9604.9600;;7.7300;In Fine;;réalisée;https://www.umoatitres.org/fr/emission/emission-simultanee-de-bons-et-dobligations-assimilables-du-tresor-du-senegal-du-08-03-2024/
Sénégal;ES (Titre 3);OAT;ADJUDICATION CIBLEE;2024-03-08;2024-03-11;2029-03-11;60;;40000;13719.0000;12719.0000;SN0000002940;6.3500;9455.0000;;9492.5300;;7.6100;In Fine;;réalisée;https://www.umoatitres.org/fr/emission/emission-simultanee-de-bons-et-dobligations-assimilables-du-tresor-du-senegal-du-08-03-2024/
Côte d'Ivoire;ES (Titre 1);BAT;;2024-03-05;2024-03-06;2024-06-04;3;;60000;33369.0000;31369.0000;CI0000007324;multiple;;6.5000;;6.4332;6.5400;In Fine;;réalisée;https://www.umoatitres.org/fr/emission/emission-simultanee-de-bons-et-dobligations-assimilables-du-tresor-de-la-cote-divoire-du-05-03-2024/
Côte d'Ivoire;ES (Titre 2);BAT;;2024-03-05;2024-03-06;2025-03-04;12;;60000;25844.0000;25844.0000;CI0000007332;multiple;;6.8000;;6.7970;7.3000;In Fine;;réalisée;https://www.umoatitres.org/fr/emission/emission-simultanee-de-bons-et-dobligations-assimilables-du-tresor-de-la-cote-divoire-du-05-03-2024/
Côte d'Ivoire;ES (Titre 3);OAT;;2024-03-05;2024-03-06;2027-03-06;36;;60000;7307.0000;7307.0000;CI0000007340;5.5000;9505.0000;;9516.7100;;7.3500;In Fine;;réalisée;https://www.umoatitres.org/fr/emission/emission-simultanee-de-bons-et-dobligations-assimilables-du-tresor-de-la-cote-divoire-du-05-03-2024/
Côte d'Ivoire;ES (Titre 1);BAT;;2024-02-29;2024-02-29;2025-02-18;12;;54179;20539.0000;20539.0000;CI0000007134;multiple;;6.7500;;6.7500;7.2300;In Fine;;réalisée;https://www.umoatitres.org/fr/emission/emission-et-rachat-de-bons-et-dobligations-assimilables-du-tresor-de-la-cote-divoire-du-29-02-2024/
Côte d'Ivoire;ES (Titre 2);BAT;;2024-02-29;2024-02-29;2025-02-26;12;;54179;31487.0000;31487.0000;CI0000007316;multiple;;6.7500;;6.7500;7.2400;In Fine;;réalisée;https://www.umoatitres.org/fr/emission/emission-et-rachat-de-bons-et-dobligations-assimilables-du-tresor-de-la-cote-divoire-du-29-02-2024/
Côte d'Ivoire;ES (Titre 3);OAT;;2024-02-29;2024-02-29;2026-02-08;24;;54179;2153.0000;2153.0000;CI0000005922;5.3000;9682.7500;;9682.7500;;7.1000;In Fine;;réalisée;https://www.umoatitres.org/fr/emission/emission-et-rachat-de-bons-et-dobligations-assimilables-du-tresor-de-la-cote-divoire-du-29-02-2024/
Burkina Faso;;BAT;Echange;2024-02-28;2024-02-29;2025-02-26;12;;11791;11791.0000;11791.0000;BF0000002865;multiple;;8.9500;;8.9500;9.8400;In Fine;;réalisée;https://www.umoatitres.org/fr/emission/emission-de-bons-assimilables-du-tresor-du-burkina-du-28-02-2024/
Mali;ES (Titre 1);BAT;;2024-03-06;2024-03-07;2024-09-04;6;;25000;1807.0000;900.0000;ML0000002823;multiple;;8.4900;;8.2250;8.5800;In Fine;;réalisée;https://www.umoatitres.org/fr/emission/emission-simultanee-de-bons-et-dobligations-assimilables-du-tresor-du-mali-du-06-03-2024/
Mali;ES (Titre 2);BAT;;2024-03-06;2024-03-07;2025-03-05;12;;25000;18326.0000;18301.0000;ML0000002831;multiple;;9.1000;;8.9615;9.8500;In Fine;;réalisée;https://www.umoatitres.org/fr/emission/emission-simultanee-de-bons-et-dobligations-assimilables-du-tresor-du-mali-du-06-03-2024/
Mali;ES (Titre 3);OAT;;2024-03-06;2024-03-07;2027-02-22;36;;25000;7837.0000;6837.0000;ML0000002815;6.1500;9000.0000;;9005.0700;;10.2000;In Fine;;réalisée;https://www.umoatitres.org/fr/emission/emission-simultanee-de-bons-et-dobligations-assimilables-du-tresor-du-mali-du-06-03-2024/
Togo;ES (Titre 1);BAT;;2024-03-01;2024-03-04;2024-09-01;6;;35000;17544.0000;3187.0000;TG0000002708;multiple;;6.8200;;6.7661;7.0100;In Fine;;réalisée;https://www.umoatitres.org/fr/emission/emission-simultanee-de-bons-et-dobligations-assimilables-du-tresor-du-togo-du-01-03-2024/
Togo;ES (Titre 2);BAT;;2024-03-01;2024-03-04;2025-03-02;12;;35000;23978.0000;10455.0000;TG0000002716;multiple;;7.1200;;6.9003;7.4200;In Fine;;réalisée;https://www.umoatitres.org/fr/emission/emission-simultanee-de-bons-et-dobligations-assimilables-du-tresor-du-togo-du-01-03-2024/
Togo;ES (Titre 3);OAT;;2024-03-01;2024-03-04;2027-01-23;36;;35000;24858.3900;24858.0000;TG0000002617;6.1500;9450.0000;;9672.8700;;7.4300;In Fine;;réalisée;https://www.umoatitres.org/fr/emission/emission-simultanee-de-bons-et-dobligations-assimilables-du-tresor-du-togo-du-01-03-2024/
Mali;;OAT;Echange;2024-02-21;2024-02-22;2027-02-22;36;;8820;8820.3300;8820.3300;ML0000002815;6.1500;9050.0000;;9069.8000;;9.8800;In Fine;;réalisée;https://www.umoatitres.org/fr/emission/emission-dobligations-assimilables-du-tresor-du-mali-du-21-02-2024/
Côte d'Ivoire;ES (Titre 1);BAT;;2024-02-27;2024-02-28;2024-08-27;6;;60000;51050.0000;38050.0000;CI0000007217;multiple;;6.8000;;6.6300;6.8600;In Fine;;réalisée;https://www.umoatitres.org/fr/emission/emission-simultanee-de-bons-et-dobligations-assimilables-du-tresor-de-la-cote-divoire-du-27-02-2024/
Côte d'Ivoire;ES (Titre 2);BAT;;2024-02-27;2024-02-28;2025-02-18;12;;60000;5519.0000;5519.0000;CI0000007134;multiple;;6.8500;;6.8242;7.3200;In Fine;;réalisée;https://www.umoatitres.org/fr/emission/emission-simultanee-de-bons-et-dobligations-assimilables-du-tresor-de-la-cote-divoire-du-27-02-2024/
Côte d'Ivoire;ES (Titre 3);OAT;;2024-02-27;2024-02-28;2027-02-21;36;;60000;5577.5000;5527.5000;CI0000007167;5.5000;9503.0000;;9516.0700;10.0000;7.3700;In Fine;;réalisée;https://www.umoatitres.org/fr/emission/emission-simultanee-de-bons-et-dobligations-assimilables-du-tresor-de-la-cote-divoire-du-27-02-2024/
Côte d'Ivoire;ES (Titre 4);OAT;;2024-02-27;2024-02-28;2034-02-28;120;;60000;3520.0000;3520.0000;CI0000007225;6.2500;9205.0000;;9256.4500;;7.3200;In Fine;;réalisée;https://www.umoatitres.org/fr/emission/emission-simultanee-de-bons-et-dobligations-assimilables-du-tresor-de-la-cote-divoire-du-27-02-2024/
Burkina Faso;ES (Titre 1);BAT;;2024-02-28;2024-02-29;2024-05-29;91;;30000;9349.0000;7347.0000;BF0000002832;multiple;;8.2500;;7.6993;7.8500;In Fine;;réalisée;https://www.umoatitres.org/fr/emission/emission-simultanee-de-bons-et-dobligations-assimilables-du-tresor-du-burkina-du-28-02-2024/
Burkina Faso;ES (Titre 2);BAT;;2024-02-28;2024-02-29;2025-02-26;12;;30000;14456.0000;14457.0000;BF0000002865;multiple;;9.1000;;8.9545;9.8500;In Fine;;réalisée;https://www.umoatitres.org/fr/emission/emission-simultanee-de-bons-et-dobligations-assimilables-du-tresor-du-burkina-du-28-02-2024/
Burkina Faso;ES (Titre 3);OAT;;2024-02-28;2024-02-29;2027-01-18;36;;30000;8128.1000;8026.1000;BF0000002758;6.0000;9020.0000;;9119.6500;;9.6300;In Fine;;réalisée;https://www.umoatitres.org/fr/emission/emission-simultanee-de-bons-et-dobligations-assimilables-du-tresor-du-burkina-du-28-02-2024/
Sénégal;ES (Titre 1);BAT;;2024-02-23;2024-02-26;2024-08-25;6;;30000;20083.0000;20083.0000;SN0000002858;multiple;;7.2500;;6.7639;7.0000;In Fine;;réalisée;https://www.umoatitres.org/fr/emission/emission-simultanee-de-bons-et-dobligations-assimilables-du-tresor-du-senegal-du-23-02-2024/
Sénégal;ES (Titre 2);BAT;;2024-02-23;2024-02-26;2025-02-23;12;;30000;6524.0000;5374.0000;SN0000002866;multiple;;7.0000;;6.7952;7.3000;In Fine;;réalisée;https://www.umoatitres.org/fr/emission/emission-simultanee-de-bons-et-dobligations-assimilables-du-tresor-du-senegal-du-23-02-2024/
Sénégal;ES (Titre 3);OAT;;2024-02-23;2024-02-26;2027-02-26;36;;30000;5342.4200;4860.7600;SN0000002874;6.2000;9589.0000;;9626.8800;;7.6400;In Fine;;réalisée;https://www.umoatitres.org/fr/emission/emission-simultanee-de-bons-et-dobligations-assimilables-du-tresor-du-senegal-du-23-02-2024/
Côte d'Ivoire;ES (Titre 1);BAT;;2024-02-20;2024-02-21;2024-05-21;3;;55000;88024.0000;41534.0000;CI0000007126;multiple;;6.5000;;6.4912;6.6000;In Fine;;réalisée;https://www.umoatitres.org/fr/emission/emission-simultanee-de-bons-et-dobligations-assimilables-du-tresor-de-la-cote-divoire-du-20-02-2024/
Côte d'Ivoire;ES (Titre 2);BAT;;2024-02-20;2024-02-21;2025-02-18;12;;55000;8303.0000;8303.0000;CI0000007134;multiple;;6.8500;;6.7505;7.2500;In Fine;;réalisée;https://www.umoatitres.org/fr/emission/emission-simultanee-de-bons-et-dobligations-assimilables-du-tresor-de-la-cote-divoire-du-20-02-2024/
Côte d'Ivoire;ES (Titre 3);OAT;;2024-02-20;2024-02-21;2027-02-21;36;;55000;10224.0000;8633.0000;CI0000007167;5.5000;9506.0000;;9529.4200;;7.3000;In Fine;;réalisée;https://www.umoatitres.org/fr/emission/emission-simultanee-de-bons-et-dobligations-assimilables-du-tresor-de-la-cote-divoire-du-20-02-2024/
Côte d'Ivoire;ES (Titre 4);OAT;;2024-02-20;2024-02-21;2029-02-21;60;;55000;4180.0000;2030.0000;CI0000007209;5.7000;9300.0000;;9327.0900;;7.3600;In Fine;;réalisée;https://www.umoatitres.org/fr/emission/emission-simultanee-de-bons-et-dobligations-assimilables-du-tresor-de-la-cote-divoire-du-20-02-2024/
Guinée Bissau;ES (Titre 1);BAT;;2024-02-14;2024-02-15;2025-02-11;12;;4174;4174.0000;4174.0000;GW0000000921;multiple;;8.8000;;8.4354;9.2200;In Fine;;réalisée;https://www.umoatitres.org/fr/emission/emission-simultanee-de-bons-assimilables-du-tresor-de-guinee-bissau-du-15-02-2024/
Mali;ES (Titre 1);BAT;;2024-02-21;2024-02-22;2025-02-19;12;;25000;11625.0000;11349.0000;ML0000002807;multiple;;9.1500;;8.5907;9.4100;In Fine;;réalisée;https://www.umoatitres.org/fr/emission/emission-simultanee-de-bons-et-dobligations-assimilables-du-tresor-du-mali-du-21-02-2024/
Mali;ES (Titre 2);OAT;;2024-02-21;2024-02-22;2027-02-22;36;;25000;16150.7800;16150.7800;ML0000002815;6.1500;9000.0000;;9072.4500;;9.8700;In Fine;;réalisée;https://www.umoatitres.org/fr/emission/emission-simultanee-de-bons-et-dobligations-assimilables-du-tresor-du-mali-du-21-02-2024/
Togo;ES (Titre 1);BAT;;2024-02-16;2024-02-19;2024-05-19;3;;25000;70778.0000;21393.0000;TG0000002690;multiple;;6.5500;;6.5153;6.6200;In Fine;;réalisée;https://www.umoatitres.org/fr/emission/emission-simultanee-de-bons-et-dobligations-assimilables-du-tresor-du-togo-du-16-02-2024/
Togo;ES (Titre 2);OAT;;2024-02-16;2024-02-19;2027-01-23;36;;25000;18871.1600;6107.0000;TG0000002617;6.1500;9600.0000;;9641.5300;;7.5600;In Fine;;réalisée;https://www.umoatitres.org/fr/emission/emission-simultanee-de-bons-et-dobligations-assimilables-du-tresor-du-togo-du-16-02-2024/
Burkina Faso;ES (Titre 1);BAT;;2024-02-14;2024-02-15;2024-08-14;6;;25000;11975.0000;5925.0000;BF0000002824;multiple;;8.1000;;7.7097;8.0200;In Fine;;réalisée;https://www.umoatitres.org/fr/emission/emission-simultanee-de-bons-et-dobligations-assimilables-du-tresor-du-burkina-du-14-02-2024/
Burkina Faso;ES (Titre 2);OAT;;2024-02-14;2024-02-15;2027-01-18;36;;25000;20573.0000;20023.0000;BF0000002758;6.0000;9020.0000;;9111.9600;;9.6200;In Fine;;réalisée;https://www.umoatitres.org/fr/emission/emission-simultanee-de-bons-et-dobligations-assimilables-du-tresor-du-burkina-du-14-02-2024/
Mali;ES (Titre 1);BAT;;2024-02-07;2024-02-08;2025-02-05;12;;25000;12588.0000;10588.0000;ML0000002773;multiple;;8.6000;;8.1914;8.9300;In Fine;;réalisée;https://www.umoatitres.org/fr/emission/emission-simultanee-de-bons-et-dobligations-assimilables-du-tresor-du-mali-du-07-02-2024/
Mali;ES (Titre 2);OAT;;2024-02-07;2024-02-08;2027-02-08;36;;25000;12846.9600;11346.9600;ML0000002781;6.1500;9000.0000;;9080.3800;;9.8400;In Fine;;réalisée;https://www.umoatitres.org/fr/emission/emission-simultanee-de-bons-et-dobligations-assimilables-du-tresor-du-mali-du-07-02-2024/
Guinée Bissau;ES (Titre 1);BAT;;2024-02-13;2024-02-14;2024-08-13;6;;10000;10865.0000;5705.0000;GW0000000913;multiple;;8.7500;;8.6780;9.0800;In Fine;;réalisée;https://www.umoatitres.org/fr/emission/emission-simultanee-de-bons-assimilables-du-tresor-de-guinee-bissau-du-13-02-2024/
Guinée Bissau;ES (Titre 2);BAT;;2024-02-13;2024-02-14;2025-02-11;12;;10000;8295.0000;5295.0000;GW0000000921;multiple;;9.1600;;8.7279;9.5700;In Fine;;réalisée;https://www.umoatitres.org/fr/emission/emission-simultanee-de-bons-assimilables-du-tresor-de-guinee-bissau-du-13-02-2024/
Côte d'Ivoire;;BAT;;2024-02-06;2024-02-07;2024-08-06;6;;30000;38291.0000;21249.0000;CI0000007118;multiple;;6.7500;;6.6507;6.8800;In Fine;;réalisée;https://www.umoatitres.org/fr/emission/emission-bons-assimilables-du-tresor-de-cote-divoire-du-06-02-2024/
Bénin;ES (Titre 1);BAT;;2024-02-08;2024-02-09;2024-05-09;3;;20000;12101.0000;12091.0000;BJ0000002010;multiple;;6.9500;;6.6878;6.8000;In Fine;;réalisée;https://www.umoatitres.org/fr/emission/emission-simultanee-de-bons-et-dobligations-assimilables-du-tresor-du-benin-du-08-02-2024/
Bénin;ES (Titre 2);BAT;;2024-02-08;2024-02-09;2024-08-08;6;;20000;45600.0000;1450.0000;BJ0000002028;multiple;;6.7600;;6.6689;6.9000;In Fine;;réalisée;https://www.umoatitres.org/fr/emission/emission-simultanee-de-bons-et-dobligations-assimilables-du-tresor-du-benin-du-08-02-2024/
Bénin;ES (Titre 3);OAT;;2024-02-08;2024-02-09;2027-01-19;36;;20000;13183.2200;50.3000;BJ0000002002;5.7500;9631.9900;;9699.8000;;6.9100;In Fine;;réalisée;https://www.umoatitres.org/fr/emission/emission-simultanee-de-bons-et-dobligations-assimilables-du-tresor-du-benin-du-08-02-2024/
Togo;ES (Titre 1);BAT;;2024-02-02;2024-02-05;2025-02-02;12;;30000;27853.0000;26515.0000;TG0000002625;multiple;;7.5000;;7.1333;7.6900;In Fine;;réalisée;https://www.umoatitres.org/fr/emission/emission-simultanee-de-bons-et-obligations-assimilables-du-tresor-du-togo-du-02-02-2024/
Togo;ES (Titre 2);OAT;;2024-02-02;2024-02-05;2029-02-05;60;;30000;4029.7200;4029.7200;TG0000002633;6.4000;9172.4700;;9476.6700;;7.7000;In Fine;;réalisée;https://www.umoatitres.org/fr/emission/emission-simultanee-de-bons-et-obligations-assimilables-du-tresor-du-togo-du-02-02-2024/
Côte d'Ivoire;ES (Titre 1);BAT;;2024-01-25;2024-01-25;2025-01-07;12;;44472;12294.0000;12294.0000;CI0000007076;multiple;;6.4000;;6.4000;6.8200;In Fine;;réalisée;https://www.umoatitres.org/fr/emission/rachat-et-emission-simultanee-de-bons-et-dobligations-assimilables-du-tresor-de-cote-divoire-du-25-01-2024/
Côte d'Ivoire;ES (Titre 2);OAT;;2024-01-25;2024-01-25;2025-03-23;36;;44472;16209.8000;16209.8000;CI0000005138;5.0000;9755.9400;;9755.9400;;7.2500;In Fine;;réalisée;https://www.umoatitres.org/fr/emission/rachat-et-emission-simultanee-de-bons-et-dobligations-assimilables-du-tresor-de-cote-divoire-du-25-01-2024/
Côte d'Ivoire;ES (Titre 3);OAT;;2024-01-25;2024-01-25;2025-03-27;60;;44472;15967.3300;15967.3300;CI0000003315;5.8500;9845.3400;;9845.3400;;7.2500;In Fine;;réalisée;https://www.umoatitres.org/fr/emission/rachat-et-emission-simultanee-de-bons-et-dobligations-assimilables-du-tresor-de-cote-divoire-du-25-01-2024/
Guinée Bissau;ES (Titre 1);BAT;;2024-01-19;2024-01-22;2024-07-21;6;;5460;3210.0000;3210.0000;GW0000000863;multiple;;8.7500;;8.7500;9.1500;In Fine;;réalisée;https://www.umoatitres.org/fr/emission/rachat-et-emission-simultanee-de-bons-et-dobligations-assimilables-du-tresor-de-guinee-bissau-du-19-01-2024/
Guinée Bissau;ES (Titre 2);OAT;;2024-01-19;2024-01-22;2027-01-22;36;;5460;2249.7900;2249.7900;GW0000000871;6.2500;9090.0000;;9090.0000;;9.9000;In Fine;;réalisée;https://www.umoatitres.org/fr/emission/rachat-et-emission-simultanee-de-bons-et-dobligations-assimilables-du-tresor-de-guinee-bissau-du-19-01-2024/
Sénégal;ES (Titre 1);BAT;ADJUDICATION CIBLEE;2024-01-25;2024-01-26;2025-01-23;12;;80000;40202.0000;40200.0000;SN0000002791;multiple;;6.9400;;6.8026;7.3100;In Fine;;réalisée;https://www.umoatitres.org/fr/emission/emission-simultanee-de-bons-et-dobligations-assimilables-du-tresor-du-senegal-du-25-01-2024/
Sénégal;ES (Titre 2);OAT;ADJUDICATION CIBLEE;2024-01-25;2024-01-26;2027-01-26;36;;80000;43752.3000;43752.3000;SN0000002809;6.2000;9610.0000;;9655.6500;;7.5200;In Fine;;réalisée;https://www.umoatitres.org/fr/emission/emission-simultanee-de-bons-et-dobligations-assimilables-du-tresor-du-senegal-du-25-01-2024/
Sénégal;ES (Titre 3);OAT;ADJUDICATION CIBLEE;2024-01-25;2024-01-26;2029-01-26;60;;80000;2320.0000;2318.0000;SN0000002841;6.3500;9425.0000;;9520.3900;;7.5400;In Fine;;réalisée;https://www.umoatitres.org/fr/emission/emission-simultanee-de-bons-et-dobligations-assimilables-du-tresor-du-senegal-du-25-01-2024/
Côte d'Ivoire;ES (Titre 1);BAT;;2024-01-23;2024-01-24;2024-04-23;3;;60000;12607.0000;11607.0000;CI0000007084;multiple;;6.7000;;6.5542;6.6600;In Fine;;réalisée;https://www.umoatitres.org/fr/emission/emission-simultanee-de-bons-et-dobligations-assimilables-du-tresor-de-la-cote-divoire-du-23-01-2024-2/
Côte d'Ivoire;ES (Titre 2);BAT;;2024-01-23;2024-01-24;2025-01-21;12;;60000;46850.0000;44750.0000;CI0000007092;multiple;;6.7500;;6.5152;6.9700;In Fine;;réalisée;https://www.umoatitres.org/fr/emission/emission-simultanee-de-bons-et-dobligations-assimilables-du-tresor-de-la-cote-divoire-du-23-01-2024-2/
Côte d'Ivoire;ES (Titre 3);OAT;;2024-01-23;2024-01-24;2027-01-24;36;;60000;10647.7200;7647.7200;CI0000007100;5.5000;9500.0000;;9510.0600;;7.3800;In Fine;;réalisée;https://www.umoatitres.org/fr/emission/emission-simultanee-de-bons-et-dobligations-assimilables-du-tresor-de-la-cote-divoire-du-23-01-2024-2/
Mali;ES (Titre 1);BAT;;2024-01-24;2024-01-25;2024-04-24;3;;25000;10059.0000;8507.0000;ML0000002740;multiple;;8.0000;;7.5319;7.6800;In Fine;;réalisée;https://www.umoatitres.org/fr/emission/emission-simultanee-de-bons-et-dobligations-assimilables-du-tresor-du-mali-du-24-01-2024/
Mali;ES (Titre 2);OAT;;2024-01-24;2024-01-25;2027-01-25;36;;25000;16087.1100;16087.1100;ML0000002757;6.1500;9000.0000;;9045.8600;;9.9900;In Fine;;réalisée;https://www.umoatitres.org/fr/emission/emission-simultanee-de-bons-et-dobligations-assimilables-du-tresor-du-mali-du-24-01-2024/
Mali;ES (Titre 3);OAT;;2024-01-24;2024-01-25;2029-01-25;60;;25000;285.1700;205.1700;ML0000002765;6.3500;9005.0000;;9104.8500;;8.6300;In Fine;;réalisée;https://www.umoatitres.org/fr/emission/emission-simultanee-de-bons-et-dobligations-assimilables-du-tresor-du-mali-du-24-01-2024/
Guinée Bissau;ES (Titre 1);BAT;;2024-01-19;2024-01-22;2024-07-21;6;;15000;11712.0000;11712.0000;GW0000000863;multiple;;8.7500;;8.3426;8.7100;In Fine;;réalisée;https://www.umoatitres.org/fr/emission/emission-simultanee-de-bons-et-obligations-assimilables-du-tresor-de-guinee-bissau-du-19-01-2024/
Guinée Bissau;ES (Titre 2);OAT;;2024-01-19;2024-01-22;2027-01-22;36;;15000;4491.5700;4491.5700;GW0000000871;6.2500;8952.3200;;9076.5300;;9.9600;In Fine;;réalisée;https://www.umoatitres.org/fr/emission/emission-simultanee-de-bons-et-obligations-assimilables-du-tresor-de-guinee-bissau-du-19-01-2024/
Togo;ES (Titre 1);BAT;;2024-01-22;2024-01-23;2024-04-22;3;;25000;31784.0000;27500.0000;TG0000002609;multiple;;6.6000;;6.5262;6.6400;In Fine;;réalisée;https://www.umoatitres.org/fr/emission/emission-simultanee-de-bons-et-obligations-assimilables-du-tresor-du-togo-du-22-01-2024/
Sénégal;ES (Titre 1);BAT;Echange;2024-01-12;2024-01-12;2024-07-11;6;;15418;15929.0000;15629.0000;;multiple;;5.7500;;6.7491;6.9900;In Fine;;réalisée;https://www.umoatitres.org/fr/emission/emission-rachat-de-bons-et-obligations-assimilables-du-tresor-du-senegal-du-12-01-2024/
Mali;ES (Titre 1);BAT;;2024-01-11;2024-01-11;2024-07-10;6;;10214;1000.0000;1000.0000;ML0000002724;multiple;;8.2900;;8.2920;8.6800;In Fine;;réalisée;https://www.umoatitres.org/fr/emission/emission-simultanee-de-bons-et-dobligations-assimilables-du-tresor-du-mali-du-11-01-2024/
Mali;ES (Titre 2);OAT;;2024-01-11;2024-01-11;2027-01-11;36;;10214;9214.0000;9214.0000;ML0000002732;6.0000;9031.3000;;9031.3000;;9.8900;In Fine;;réalisée;https://www.umoatitres.org/fr/emission/emission-simultanee-de-bons-et-dobligations-assimilables-du-tresor-du-mali-du-11-01-2024/
Burkina Faso;ES (Titre 1);BAT;;2024-01-17;2024-01-18;2025-01-15;12;;30000;21608.0000;17158.0000;BF0000002741;multiple;;8.2500;;8.0046;8.7100;In Fine;;réalisée;https://www.umoatitres.org/fr/emission/emission-simultanee-de-bons-et-obligations-assimilables-du-tresor-du-burkina-du-17-01-2024/
Burkina Faso;ES (Titre 2);OAT;;2024-01-17;2024-01-18;2027-01-18;36;;30000;16856.0700;14856.0700;BF0000002758;6.0000;9050.0000;;9221.5800;;9.0800;In Fine;;réalisée;https://www.umoatitres.org/fr/emission/emission-simultanee-de-bons-et-obligations-assimilables-du-tresor-du-burkina-du-17-01-2024/
Sénégal;ES (Titre 2);BAT;;2024-01-11;2024-01-12;2025-01-09;12;;25000;30216.0000;25000.0000;SN0000002783;multiple;;6.9699;;6.7899;7.2900;In Fine;;réalisée;https://www.umoatitres.org/fr/emission/emission-simultanee-de-bons-assimilables-du-tresor-du-senegal-du-11-01-2024/
Bénin;ES (Titre 1);BAT;;2024-01-18;2024-01-19;2024-07-18;6;;35000;26250.0000;20500.0000;BJ0000001988;multiple;;7.0000;;6.8419;7.0900;In Fine;;réalisée;https://www.umoatitres.org/fr/emission/emission-simultanee-de-bons-et-obligations-assimilables-du-tresor-du-benin-du-18-01-2024/
Bénin;ES (Titre 2);BAT;;2024-01-18;2024-01-19;2025-01-16;12;;35000;13455.0000;675.0000;BJ0000001996;multiple;;6.8000;;6.6333;7.1100;In Fine;;réalisée;https://www.umoatitres.org/fr/emission/emission-simultanee-de-bons-et-obligations-assimilables-du-tresor-du-benin-du-18-01-2024/
Bénin;ES (Titre 3);OAT;;2024-01-18;2024-01-19;2027-01-19;36;;35000;15703.2300;15703.2300;BJ0000002002;5.7500;9400.0000;;9588.7000;;7.3300;In Fine;;réalisée;https://www.umoatitres.org/fr/emission/emission-simultanee-de-bons-et-obligations-assimilables-du-tresor-du-benin-du-18-01-2024/
Togo;ES (Titre 1);BAT;;2024-01-12;2024-01-15;2024-04-14;3;;25000;26382.0000;18050.0000;TG0000002583;multiple;;6.5500;;6.5300;6.6400;In Fine;;réalisée;https://www.umoatitres.org/fr/emission/emission-simultanee-de-bons-assimilables-du-tresor-du-togo-du-12-01-2024/
Togo;ES (Titre 2);BAT;;2024-01-12;2024-01-15;2025-01-12;12;;25000;12929.0000;7539.0000;TG0000002591;multiple;;7.2800;;7.1969;7.7600;In Fine;;réalisée;https://www.umoatitres.org/fr/emission/emission-simultanee-de-bons-assimilables-du-tresor-du-togo-du-12-01-2024/
Mali;ES (Titre 1);BAT;;2024-01-10;2024-01-11;2024-07-10;6;;25000;18006.0000;16506.0000;ML0000002724;multiple;;8.4200;;8.0607;8.4000;In Fine;;réalisée;https://www.umoatitres.org/fr/emission/emission-simultanee-de-bons-et-dobligations-assimilables-du-tresor-du-mali-du-10-01-2024/
Mali;ES (Titre 2);OAT;;2024-01-10;2024-01-11;2027-01-11;36;;25000;7833.2000;7783.2000;ML0000002732;6.0000;9000.0000;;9081.5000;;9.6700;In Fine;;réalisée;https://www.umoatitres.org/fr/emission/emission-simultanee-de-bons-et-dobligations-assimilables-du-tresor-du-mali-du-10-01-2024/
Côte d'Ivoire;ES (Titre 1);BAT;;2024-01-09;2024-01-10;2024-04-09;3;;50000;44836.0000;43399.0000;CI0000007068;multiple;;6.7000;;6.4229;6.5300;In Fine;;réalisée;https://www.umoatitres.org/fr/emission/emission-simultanee-de-bons-et-dobligations-assimilables-du-tresor-de-la-cote-divoire-du-09-01-2024/
Côte d'Ivoire;ES (Titre 2);BAT;;2024-01-09;2024-01-10;2025-01-07;12;;50000;13405.0000;10403.0000;CI0000007076;multiple;;6.7500;;6.7326;7.2200;In Fine;;réalisée;https://www.umoatitres.org/fr/emission/emission-simultanee-de-bons-et-dobligations-assimilables-du-tresor-de-la-cote-divoire-du-09-01-2024/
Côte d'Ivoire;ES (Titre 1);BAT;;2023-12-27;2023-12-28;2024-03-19;0.230555556;;70000;17152.0000;17152.0000;CI0000006227;multiple;;6.6000;;6.4326;6.5300;In Fine;;réalisée;https://www.umoatitres.org/fr/emission/emission-simultanee-de-bons-et-dobligations-assimilables-du-tresor-de-la-cote-divoire-du-27-12-2023/
Côte d'Ivoire;ES (Titre 2);BAT;;2023-12-27;2023-12-28;2024-05-14;0.386111111;;70000;56240.0000;51240.0000;CI0000006417;multiple;;6.6000;;6.5925;6.7600;In Fine;;réalisée;https://www.umoatitres.org/fr/emission/emission-simultanee-de-bons-et-dobligations-assimilables-du-tresor-de-la-cote-divoire-du-27-12-2023/
Côte d'Ivoire;ES (Titre 3);OAT;;2023-12-27;2023-12-28;2026-10-11;36;;70000;4534.3200;4514.3200;CI0000006888;5.5000;9510.0000;;9510.1269;;7.5000;In Fine;;réalisée;https://www.umoatitres.org/fr/emission/emission-simultanee-de-bons-et-dobligations-assimilables-du-tresor-de-la-cote-divoire-du-27-12-2023/
Côte d'Ivoire;ES (Titre 1);BAT;;2023-12-12;2023-12-13;2024-04-04;12;;20000;18175.0000;18175.0000;CI0000006250;multiple;;6.5900;;6.1607;6.2800;In Fine;;réalisée;https://www.umoatitres.org/fr/emission/emission-simultanee-de-bons-et-dobligations-assimilables-du-tresor-de-la-cote-divoire-du-12-12-2023/
Côte d'Ivoire;ES (Titre 2);OAT;;2023-12-12;2023-12-13;2026-12-06;36;;20000;4418.0000;3418.0000;CI0000007050;5.5000;9500.0000;;9508.1100;;7.4000;In Fine;;réalisée;https://www.umoatitres.org/fr/emission/emission-simultanee-de-bons-et-dobligations-assimilables-du-tresor-de-la-cote-divoire-du-12-12-2023/
Sénégal;;BAT;;2023-12-07;2023-12-08;2023-12-24;1;;30000;32365.0000;28365.0000;SN0000002718;multiple;;6.2000;;5.7898;5.8100;In Fine;;réalisée;https://www.umoatitres.org/fr/emission/emission-de-bons-assimilables-du-tresor-du-senegal-du-07-12-2023/
Burkina Faso;ES (Titre 1);BAT;;2023-12-13;2023-12-14;2024-03-13;3;;15000;2725.0000;2700.0000;BF0000002725;multiple;;7.5000;;6.9830;7.1100;In Fine;;réalisée;https://www.umoatitres.org/fr/emission/emission-de-bons-et-obligations-assimilables-du-tresor-du-burkina-du-13-12-2023/
Burkina Faso;ES (Titre 2);BAT;;2023-12-13;2023-12-14;2024-12-11;12;;15000;3869.0000;3869.0000;BF0000002733;multiple;;8.2000;;7.7425;8.4000;In Fine;;réalisée;https://www.umoatitres.org/fr/emission/emission-de-bons-et-obligations-assimilables-du-tresor-du-burkina-du-13-12-2023/
Burkina Faso;ES (Titre 3);OAT;;2023-12-13;2023-12-14;2028-08-17;60;;15000;8572.7200;8525.7200;BF0000002642;6.2000;9185.0000;;9202.5700;;8.3100;In Fine;;réalisée;https://www.umoatitres.org/fr/emission/emission-de-bons-et-obligations-assimilables-du-tresor-du-burkina-du-13-12-2023/
Mali;ES (Titre 1);BAT;;2023-12-06;2023-12-07;2024-06-05;6;;20000;13153.0000;13153.0000;ML0000002666;multiple;;8.2500;;8.0147;8.3500;In Fine;;réalisée;https://www.umoatitres.org/fr/emission/emission-simultanee-de-bons-et-dobligations-assimilables-du-tresor-du-mali-du-06-12-2023/
Mali;ES (Titre 2);BAT;;2023-12-06;2023-12-07;2024-12-04;12;;20000;397.0000;377.0000;ML0000002708;multiple;;8.1000;;7.9668;8.6600;In Fine;;réalisée;https://www.umoatitres.org/fr/emission/emission-simultanee-de-bons-et-dobligations-assimilables-du-tresor-du-mali-du-06-12-2023/
Mali;ES (Titre 3);OAT;;2023-12-06;2023-12-07;2026-12-07;36;;20000;6651.6000;6651.6000;ML0000002716;6.0000;9000.0000;;9015.4100;;9.9600;In Fine;;réalisée;https://www.umoatitres.org/fr/emission/emission-simultanee-de-bons-et-dobligations-assimilables-du-tresor-du-mali-du-06-12-2023/
Côte d'Ivoire;ES (Titre 1);BAT;;2023-12-05;2023-12-06;2024-04-04;12;;40000;16624.0000;16224.0000;CI0000006250;multiple;;6.4400;;6.3990;6.5400;In Fine;;réalisée;https://www.umoatitres.org/fr/emission/emission-simultanee-de-bons-et-dobligations-assimilables-du-tresor-de-la-cote-divoire-du-05-12-2023/
Côte d'Ivoire;ES (Titre 2);OAT;;2023-12-05;2023-12-06;2026-12-06;36;;40000;29165.5000;26665.5000;CI0000007050;5.5000;9506.0000;;9543.2900;;7.2500;In Fine;;réalisée;https://www.umoatitres.org/fr/emission/emission-simultanee-de-bons-et-dobligations-assimilables-du-tresor-de-la-cote-divoire-du-05-12-2023/
Côte d'Ivoire;ES (Titre 1);BAT;;2023-11-28;2023-11-29;2023-12-26;1;;50000;7000.0000;7000.0000;CI0000007043;multiple;;5.2400;;5.0971;5.1200;In Fine;;réalisée;https://www.umoatitres.org/fr/emission/emission-simultanee-de-bons-et-dobligations-assimilables-du-tresor-de-la-cote-divoire-du-28-11-2023/
Côte d'Ivoire;ES (Titre 2);BAT;;2023-11-28;2023-11-29;2024-02-13;12;;50000;14535.0000;14535.0000;CI0000006128;multiple;;6.2599;;6.1780;6.2600;In Fine;;réalisée;https://www.umoatitres.org/fr/emission/emission-simultanee-de-bons-et-dobligations-assimilables-du-tresor-de-la-cote-divoire-du-28-11-2023/
Côte d'Ivoire;ES (Titre 3);BAT;;2023-11-28;2023-11-29;2024-03-19;12;;50000;20152.0000;20152.0000;CI0000006227;multiple;;6.2099;;5.6004;5.7000;In Fine;;réalisée;https://www.umoatitres.org/fr/emission/emission-simultanee-de-bons-et-dobligations-assimilables-du-tresor-de-la-cote-divoire-du-28-11-2023/
Côte d'Ivoire;ES (Titre 4);BAT;;2023-11-28;2023-11-29;2024-04-04;12;;50000;7313.0000;7313.0000;CI0000006250;multiple;;6.3800;;6.1522;6.2900;In Fine;;réalisée;https://www.umoatitres.org/fr/emission/emission-simultanee-de-bons-et-dobligations-assimilables-du-tresor-de-la-cote-divoire-du-28-11-2023/
Côte d'Ivoire;ES (Titre 5);OAT;;2023-11-28;2023-11-29;2026-11-08;36;;50000;6000.0000;6000.0000;CI0000007019;5.5000;9512.0000;;9544.7300;;7.2700;In Fine;;réalisée;https://www.umoatitres.org/fr/emission/emission-simultanee-de-bons-et-dobligations-assimilables-du-tresor-de-la-cote-divoire-du-28-11-2023/
Sénégal;;BAT;ADJUDICATION CIBLEE;2023-11-24;2023-11-27;2023-12-24;1;;35000;56280.0000;38500.0000;SN0000002718;multiple;;5.7400;;5.6440;5.6700;In Fine;;réalisée;https://www.umoatitres.org/fr/emission/emission-simultanee-de-bons-et-dobligations-assimilables-du-tresor-du-senegal-du-24-11-2023/
Mali;ES (Titre 1);BAT;;2023-11-23;2023-11-24;2024-11-04;12;;30000;12052.0000;12052.0000;ML0000002633;multiple;;8.1500;;7.9995;8.6700;In Fine;;réalisée;https://www.umoatitres.org/fr/emission/emission-simultanee-de-bons-et-dobligations-assimilables-du-tresor-du-mali-du-23-11-2023/
Mali;ES (Titre 2);OAT;;2023-11-23;2023-11-24;2026-09-21;36;;30000;7618.0000;7618.0000;ML0000002559;6.0000;9000.0000;;9081.1100;;9.8700;In Fine;;réalisée;https://www.umoatitres.org/fr/emission/emission-simultanee-de-bons-et-dobligations-assimilables-du-tresor-du-mali-du-23-11-2023/
Mali;ES (Titre 3);OAT;;2023-11-23;2023-11-24;2028-11-24;60;;30000;1319.9500;1319.9500;ML0000002658;6.2000;9200.0000;;9214.4200;;8.1800;In Fine;;réalisée;https://www.umoatitres.org/fr/emission/emission-simultanee-de-bons-et-dobligations-assimilables-du-tresor-du-mali-du-23-11-2023/
Burkina Faso;ES (Titre 1);BAT;;2023-11-22;2023-11-23;2024-11-20;12;;15000;3635.0000;3535.0000;BF0000002683;multiple;;8.0000;;7.8062;8.4800;In Fine;;réalisée;https://www.umoatitres.org/fr/emission/emission-simultanee-de-bons-et-dobligations-assimilables-du-tresor-du-burkina-du-22-11-2023/
Burkina Faso;ES (Titre 2);OAT;;2023-11-22;2023-11-23;2026-08-17;36;;15000;12040.4800;11858.4800;BF0000002634;6.0000;9308.0000;;9473.9600;;8.2100;In Fine;;réalisée;https://www.umoatitres.org/fr/emission/emission-simultanee-de-bons-et-dobligations-assimilables-du-tresor-du-burkina-du-22-11-2023/
Côte d'Ivoire;ES (Titre 1);BAT;;2023-11-14;2023-11-15;2023-12-12;1;;40000;10000.0000;10000.0000;CI0000007035;multiple;;5.0900;;5.0400;5.0600;In Fine;;réalisée;https://www.umoatitres.org/fr/emission/emission-simultanee-de-bons-et-dobligations-assimilables-du-tresor-de-la-cote-divoire-du-14-11-2023/
Côte d'Ivoire;ES (Titre 2);BAT;;2023-11-14;2023-11-15;2024-02-13;12;;40000;8072.0000;8072.0000;CI0000006128;multiple;;6.0999;;6.0685;6.1600;In Fine;;réalisée;https://www.umoatitres.org/fr/emission/emission-simultanee-de-bons-et-dobligations-assimilables-du-tresor-de-la-cote-divoire-du-14-11-2023/
Côte d'Ivoire;ES (Titre 3);BAT;;2023-11-14;2023-11-15;2024-03-19;12;;40000;8500.0000;8500.0000;CI0000006227;multiple;;6.2099;;6.2099;6.3500;In Fine;;réalisée;https://www.umoatitres.org/fr/emission/emission-simultanee-de-bons-et-dobligations-assimilables-du-tresor-de-la-cote-divoire-du-14-11-2023/
Côte d'Ivoire;ES (Titre 4);BAT;;2023-11-14;2023-11-15;2024-04-04;12;;40000;6525.0000;6500.0000;CI0000006250;multiple;;6.2599;;6.2599;6.4200;In Fine;;réalisée;https://www.umoatitres.org/fr/emission/emission-simultanee-de-bons-et-dobligations-assimilables-du-tresor-de-la-cote-divoire-du-14-11-2023/
Côte d'Ivoire;ES (Titre 6);OAT;;2023-11-14;2023-11-15;2033-11-08;120;;40000;8613.7000;8113.7000;CI0000007027;6.0000;9200.3100;;9200.0000;;7.1500;In Fine;;réalisée;https://www.umoatitres.org/fr/emission/emission-simultanee-de-bons-et-dobligations-assimilables-du-tresor-de-la-cote-divoire-du-14-11-2023/
Sénégal;;BAT;;2023-11-09;2023-11-10;2023-12-07;1;;30000;32170.0000;30170.0000;SN0000002700;multiple;;6.1000;;5.4457;5.4700;In Fine;;réalisée;https://www.umoatitres.org/fr/emission/emission-simultanee-de-bons-assimilables-du-tresor-du-senegal-du-09-11-2023/
Côte d'Ivoire;ES (Titre 1);BAT;;2023-11-07;2023-11-08;2023-12-05;1;;50000;29159.0000;29159.0000;CI0000006995;multiple;;5.0999;;4.5235;4.5400;In Fine;;réalisée;https://www.umoatitres.org/fr/emission/emission-simultanee-de-bons-et-dobligations-assimilables-du-tresor-de-la-cote-divoire-du-07-11-2023/
Côte d'Ivoire;ES (Titre 2);BAT;;2023-11-07;2023-11-08;2024-11-05;12;;50000;2000.0000;2000.0000;CI0000007001;multiple;;6.5000;;6.5000;6.9600;In Fine;;réalisée;https://www.umoatitres.org/fr/emission/emission-simultanee-de-bons-et-dobligations-assimilables-du-tresor-de-la-cote-divoire-du-07-11-2023/
Côte d'Ivoire;ES (Titre 3);OAT;;2023-11-07;2023-11-08;2026-11-08;36;;50000;5088.5000;5088.5000;CI0000007019;5.5000;9550.0000;;9556.8800;;7.1900;In Fine;;réalisée;https://www.umoatitres.org/fr/emission/emission-simultanee-de-bons-et-dobligations-assimilables-du-tresor-de-la-cote-divoire-du-07-11-2023/
Côte d'Ivoire;ES (Titre 4);OAT;;2023-11-07;2023-11-08;2033-11-08;120;;50000;14608.6900;14608.6900;CI0000007027;6.0000;9200.0000;;9583.3300;;6.5800;In Fine;;réalisée;https://www.umoatitres.org/fr/emission/emission-simultanee-de-bons-et-dobligations-assimilables-du-tresor-de-la-cote-divoire-du-07-11-2023/
Guinée Bissau;ES (Titre 1);BAT;;2023-11-03;2023-11-06;2024-05-05;6;;10500;4580.0000;4580.0000;GW0000000830;multiple;;8.7500;;8.4973;8.8800;In Fine;;réalisée;https://www.umoatitres.org/fr/emission/emission-simultanee-de-bons-et-dobligations-assimilables-du-tresor-de-la-guinee-bissau-du-03-11-2023/
Guinée Bissau;ES (Titre 2);OAT;;2023-11-03;2023-11-06;2026-11-06;36;;10500;4365.1700;4365.1700;GW0000000848;6.2500;9100.0000;;9139.9200;;9.6900;In Fine;;réalisée;https://www.umoatitres.org/fr/emission/emission-simultanee-de-bons-et-dobligations-assimilables-du-tresor-de-la-guinee-bissau-du-03-11-2023/
Guinée Bissau;ES (Titre 3);OAT;;2023-11-03;2023-11-06;2028-11-06;60;;10500;822.0000;822.0000;GW0000000855;6.3500;8962.2400;;9188.2300;;8.4000;In Fine;;réalisée;https://www.umoatitres.org/fr/emission/emission-simultanee-de-bons-et-dobligations-assimilables-du-tresor-de-la-guinee-bissau-du-03-11-2023/
Sénégal;;BAT;ADJUDICATION CIBLEE;2023-10-27;2023-10-30;2023-11-26;1;;40000;49984.0000;44000.0000;SN0000002692;multiple;;5.4299;;5.0817;5.1000;In Fine;;réalisée;https://www.umoatitres.org/fr/emission/emission-simultanee-de-bons-assimilables-du-tresor-du-senegal-du-27-10-2023/
Mali;ES (Titre 1);BAT;;2023-11-06;2023-11-07;2024-05-06;6;;30000;4313.0000;4263.0000;ML0000002641;multiple;;8.0000;;7.8293;8.1500;In Fine;;réalisée;https://www.umoatitres.org/fr/emission/emission-simultanee-de-bons-et-dobligations-assimilables-du-tresor-du-mali-du-06-11-2023/
Mali;ES (Titre 2);BAT;;2023-11-06;2023-11-07;2024-11-04;12;;30000;8375.0000;8375.0000;ML0000002633;multiple;;8.0000;;7.8821;8.5600;In Fine;;réalisée;https://www.umoatitres.org/fr/emission/emission-simultanee-de-bons-et-dobligations-assimilables-du-tresor-du-mali-du-06-11-2023/
Mali;ES (Titre 3);OAT;;2023-11-06;2023-11-07;2028-08-24;60;;30000;18152.0000;18152.0000;ML0000002526;6.2000;9200.0000;;9260.4200;;8.1100;In Fine;;réalisée;https://www.umoatitres.org/fr/emission/emission-simultanee-de-bons-et-dobligations-assimilables-du-tresor-du-mali-du-06-11-2023/
Côte d'Ivoire;ES (Titre 1);BAT;;2023-10-24;2023-10-25;2024-10-22;12;;50000;8724.0000;8724.0000;CI0000006920;multiple;;6.5000;;6.4401;6.8900;In Fine;;réalisée;https://www.umoatitres.org/fr/emission/emission-simultanee-de-bons-et-dobligations-assimilables-du-tresor-de-la-cote-divoire-du-24-10-2023/
Côte d'Ivoire;ES (Titre 2);OAT;;2023-10-24;2023-10-25;2026-10-25;36;;50000;18020.0000;8020.0000;CI0000006938;5.5000;9550.0000;;9550.0700;;7.2200;In Fine;;réalisée;https://www.umoatitres.org/fr/emission/emission-simultanee-de-bons-et-dobligations-assimilables-du-tresor-de-la-cote-divoire-du-24-10-2023/
Côte d'Ivoire;ES (Titre 3);OAT;;2023-10-24;2023-10-25;2028-10-25;60;;50000;5078.4000;5078.4000;CI0000006946;5.7000;9300.0000;;9300.0400;;7.4300;In Fine;;réalisée;https://www.umoatitres.org/fr/emission/emission-simultanee-de-bons-et-dobligations-assimilables-du-tresor-de-la-cote-divoire-du-24-10-2023/
Côte d'Ivoire;ES (Titre 4);OAT;;2023-10-24;2023-10-25;2030-10-25;84;;50000;18677.3000;18677.3000;CI0000006987;6.0000;9200.0000;;9200.3200;;7.5100;In Fine;;réalisée;https://www.umoatitres.org/fr/emission/emission-simultanee-de-bons-et-dobligations-assimilables-du-tresor-de-la-cote-divoire-du-24-10-2023/
Côte d'Ivoire;ES (Titre 1);BAT;;2023-10-16;2023-10-17;2023-11-13;1;;30000;22000.0000;22000.0000;CI0000006896;multiple;;5.1000;;4.2955;4.3100;In Fine;;réalisée;https://www.umoatitres.org/fr/emission/emission-simultanee-de-bons-et-dobligations-assimilables-du-tresor-de-la-cote-divoire-du-16-10-2023/
Côte d'Ivoire;ES (Titre 2);OAT;;2023-10-16;2023-10-17;2028-09-20;60;;30000;10918.9800;8918.9800;CI0000006797;5.7000;9300.0000;;9300.0000;;7.4500;In Fine;;réalisée;https://www.umoatitres.org/fr/emission/emission-simultanee-de-bons-et-dobligations-assimilables-du-tresor-de-la-cote-divoire-du-16-10-2023/
Guinée Bissau;ES (Titre 1);BAT;;2023-10-17;2023-10-18;2024-10-15;12;;7000;3676.0000;3676.0000;GW0000000814;multiple;;8.0500;;7.9889;8.6900;In Fine;;réalisée;https://www.umoatitres.org/fr/emission/emission-simultanee-de-bons-et-dobligations-assimilables-du-tresor-de-la-guinee-bissau-du-17-10-2023/
Guinée Bissau;ES (Titre 2);OAT;;2023-10-17;2023-10-18;2026-10-18;36;;7000;2336.8100;2336.8100;GW0000000822;6.2500;9200.0000;;9321.9000;;8.9300;In Fine;;réalisée;https://www.umoatitres.org/fr/emission/emission-simultanee-de-bons-et-dobligations-assimilables-du-tresor-de-la-guinee-bissau-du-17-10-2023/
Mali;ES (Titre 1);BAT;;2023-10-18;2023-10-19;2024-10-16;12;;25000;11374.0000;11374.0000;ML0000002625;multiple;;8.1000;;7.9053;8.5900;In Fine;;réalisée;https://www.umoatitres.org/fr/emission/emission-simultanee-de-bons-et-dobligations-assimilables-du-tresor-du-mali-du-18-10-2023/
Mali;ES (Titre 2);OAT;;2023-10-18;2023-10-19;2026-08-24;36;;25000;11279.8000;11279.8000;ML0000002518;6.0000;9300.0000;;9302.2000;;8.8700;In Fine;;réalisée;https://www.umoatitres.org/fr/emission/emission-simultanee-de-bons-et-dobligations-assimilables-du-tresor-du-mali-du-18-10-2023/
Mali;ES (Titre 3);OAT;;2023-10-18;2023-10-19;2028-08-24;60;;25000;3572.0000;3302.0000;ML0000002526;6.2000;9206.0000;;9241.1600;;8.1500;In Fine;;réalisée;https://www.umoatitres.org/fr/emission/emission-simultanee-de-bons-et-dobligations-assimilables-du-tresor-du-mali-du-18-10-2023/
Côte d'Ivoire;ES (Titre 1);BAT;;2023-10-10;2023-10-11;2023-11-07;1;;60000;33201.0000;25000.0000;CI0000006854;multiple;;4.6999;;4.0200;4.0300;In Fine;;réalisée;https://www.umoatitres.org/fr/emission/emission-simultanee-de-bons-et-dobligations-assimilables-du-tresor-de-la-cote-divoire-du-10-10-2023/
Côte d'Ivoire;ES (Titre 2);BAT;;2023-10-10;2023-10-11;2024-10-08;12;;60000;17308.0000;6808.0000;CI0000006870;multiple;;6.5000;;6.4671;6.9200;In Fine;;réalisée;https://www.umoatitres.org/fr/emission/emission-simultanee-de-bons-et-dobligations-assimilables-du-tresor-de-la-cote-divoire-du-10-10-2023/
Côte d'Ivoire;ES (Titre 3);OAT;;2023-10-10;2023-10-11;2026-10-11;36;;60000;16653.5000;6100.0000;CI0000006888;5.5000;9560.0000;;9586.0700;;7.0800;In Fine;;réalisée;https://www.umoatitres.org/fr/emission/emission-simultanee-de-bons-et-dobligations-assimilables-du-tresor-de-la-cote-divoire-du-10-10-2023/
Côte d'Ivoire;ES (Titre 1);BAT;;2023-10-04;2023-10-05;2024-09-26;12;;76609;66553.0000;66553.0000;CI0000006813;multiple;;6.5000;;6.5000;6.9500;In Fine;;réalisée;https://www.umoatitres.org/fr/emission/rachat-et-emission-de-bons-et-dobligations-assimilables-du-tresor-de-la-cote-divoire-du-04-10-2023/
Côte d'Ivoire;ES (Titre 2);OAT;;2023-10-04;2023-10-05;2026-09-08;36;;76609;10425.9600;10425.9600;CI0000006771;5.5000;9550.0000;;9550.0000;;7.2600;In Fine;;réalisée;https://www.umoatitres.org/fr/emission/rachat-et-emission-de-bons-et-dobligations-assimilables-du-tresor-de-la-cote-divoire-du-04-10-2023/
Togo;ES (Titre 2);OAT;Programme rachat BCEAO;2023-09-25;2023-09-29;2026-09-29;36;;100000;119028.7300;72067.8400;TG0000002567;6.0000;9551.0000;;9586.6211;;7.5900;In Fine;;réalisée;https://www.umoatitres.org/fr/emission/emission-simultanee-de-bons-et-obligations-assimilables-du-tresor-du-togo-du-25-09-2023/
Togo;ES (Titre 3);OAT;Programme rachat BCEAO;2023-09-25;2023-09-29;2028-09-29;60;;100000;37932.1600;37932.1600;TG0000002575;6.2500;9310.0000;;9418.7866;;7.6900;In Fine;;réalisée;https://www.umoatitres.org/fr/emission/emission-simultanee-de-bons-et-obligations-assimilables-du-tresor-du-togo-du-25-09-2023/
Sénégal;ES (Titre 2);OAT;PROGRAMME RACHAT BCEAO;2023-09-25;2023-05-29;2026-09-29;36;;205000;318588.8000;193877.4100;SN0000002676;6.0000;9584.6700;;9630.8621;;7.4200;In Fine;;réalisée;https://www.umoatitres.org/fr/emission/emission-simultanee-de-bons-et-obligations-assimilables-du-tresor-du-senegal-du-25-09-2023/
Sénégal;ES (Titre 3);OAT;PROGRAMME RACHAT BCEAO;2023-09-25;2023-05-29;2028-09-29;60;;205000;31622.5900;31622.5900;SN0000002684;6.1500;9400.0000;;9488.6566;;7.4100;In Fine;;réalisée;https://www.umoatitres.org/fr/emission/emission-simultanee-de-bons-et-obligations-assimilables-du-tresor-du-senegal-du-25-09-2023/
Mali;ES (Titre 2);OAT;PROGRAMME DE RACHAT;2023-09-25;2023-09-29;2026-09-29;36;;111000;143373.6000;79317.9200;ML0000002583;6.0000;9398.1900;;9690.3110;;7.1800;In Fine;;réalisée;https://www.umoatitres.org/fr/emission/emission-simultanee-de-bons-et-obligations-assimilables-du-tresor-du-mali-du-25-09-2023/
Mali;ES (Titre 3);OAT;PROGRAMME DE RACHAT;2023-09-25;2023-09-29;2028-09-29;60;;111000;45197.3600;42782.0800;ML0000002591;6.2000;9351.0000;;9379.7500;;7.7400;In Fine;;réalisée;https://www.umoatitres.org/fr/emission/emission-simultanee-de-bons-et-obligations-assimilables-du-tresor-du-mali-du-25-09-2023/
Guinée Bissau;ES (Titre 2);OAT;PROGRAMME DE RACHAT BCEAO;2023-09-25;2023-09-29;2026-09-29;36;;12000;34428.1700;13200.0000;GW0000000798;6.2500;9425.0000;;9479.9533;;8.2800;In Fine;;réalisée;https://www.umoatitres.org/fr/emission/emission-simultanee-de-bons-et-obligations-assimilables-du-tresor-de-la-guinee-du-25-09-2023/
Côte d'Ivoire;ES (Titre 2);OAT;PROGRAMME DE RACHAT BCEAO;2023-09-25;2023-09-29;2026-09-29;36;;295000;482802.0200;279009.1400;CI0000006839;5.5000;9555.0000;;9591.8779;;7.0600;In Fine;;réalisée;https://www.umoatitres.org/fr/emission/emission-simultanee-de-bons-et-dobligations-assimilables-du-tresor-de-la-cote-divoire-du-25-09-2023/
Côte d'Ivoire;ES (Titre 3);OAT;PROGRAMME DE RACHAT BCEAO;2023-09-25;2023-09-29;2028-09-29;60;;295000;50113.8600;45490.8600;CI0000006847;5.7000;9300.0100;;9384.4632;;7.2100;In Fine;;réalisée;https://www.umoatitres.org/fr/emission/emission-simultanee-de-bons-et-dobligations-assimilables-du-tresor-de-la-cote-divoire-du-25-09-2023/
Burkina Faso;ES (Titre 1);BAT;PROGRAMME DE RACHAT BCEAO;2023-09-25;2023-09-29;2024-09-26;12;;130000;36691.0000;35691.0000;BF0000002659;multiple;;7.8000;;7.3867;7.9800;In Fine;;réalisée;https://www.umoatitres.org/fr/emission/emission-simultanee-de-bons-et-obligations-assimilables-du-tresor-du-burkina-du-25-09-2023/
Burkina Faso;ES (Titre 2);OAT;PROGRAMME DE RACHAT BCEAO;2023-09-25;2023-09-29;2026-09-29;36;;130000;77872.7400;77872.7400;BF0000002667;6.0000;9358.0000;;9552.1100;;7.7300;In Fine;;réalisée;https://www.umoatitres.org/fr/emission/emission-simultanee-de-bons-et-obligations-assimilables-du-tresor-du-burkina-du-25-09-2023/
Burkina Faso;ES (Titre 3);OAT;PROGRAMME DE RACHAT BCEAO;2023-09-25;2023-09-29;2028-09-29;60;;130000;21800.2200;20800.2200;BF0000002675;6.2000;9353.0000;;9470.7000;;7.5100;In Fine;;réalisée;https://www.umoatitres.org/fr/emission/emission-simultanee-de-bons-et-obligations-assimilables-du-tresor-du-burkina-du-25-09-2023/
Bénin;ES (Titre 1);BAT;PROGRAMME RACHAT BCEAO;2023-09-25;2023-09-29;2024-09-26;12;;80000;58370.0000;1067.0000;BJ0000001913;multiple;;6.3477;;5.5331;5.8600;In Fine;;réalisée;https://www.umoatitres.org/fr/emission/emission-simultanee-de-bons-et-obligations-assimilables-du-tresor-du-benin-du-25-09-2023/
Bénin;ES (Titre 2);OAT;PROGRAMME RACHAT BCEAO;2023-09-25;2023-09-29;2026-09-29;36;;80000;135338.1300;71748.0000;BJ0000001921;5.5000;9550.0100;;9624.6100;;6.9300;In Fine;;réalisée;https://www.umoatitres.org/fr/emission/emission-simultanee-de-bons-et-obligations-assimilables-du-tresor-du-benin-du-25-09-2023/
Bénin;ES (Titre 3);OAT;PROGRAMME RACHAT BCEAO;2023-09-25;2023-09-29;2028-06-30;60;;80000;12032.8900;12032.0000;BJ0000001897;5.7500;9516.0700;;9637.2000;;6.6600;In Fine;;réalisée;https://www.umoatitres.org/fr/emission/emission-simultanee-de-bons-et-obligations-assimilables-du-tresor-du-benin-du-25-09-2023/
Togo;ES (Titre 1);BAT;;2023-09-15;2023-09-18;2024-09-15;12;;11800;10242.0000;10242.0000;TG0000002542;multiple;;7.0000;;7.0000;7.5300;In Fine;;réalisée;https://www.umoatitres.org/fr/emission/rachat-et-emission-de-bons-et-obligations-assimilables-du-tresor-du-togo-du-15-09-2023-2/
Togo;ES (Titre 2);OAT;;2023-09-15;2023-09-18;2026-07-31;35;;11800;1557.7300;1557.7300;TG0000002245;6.0000;9504.8700;;9504.8700;;7.9900;In Fine;;réalisée;https://www.umoatitres.org/fr/emission/rachat-et-emission-de-bons-et-obligations-assimilables-du-tresor-du-togo-du-15-09-2023-2/
Côte d'Ivoire;ES (Titre 1);BAT;;2023-09-19;2023-09-20;2024-09-17;12;;180000;131448.0000;116448.0000;CI0000006789;multiple;;6.5000;;6.4673;6.9200;In Fine;;réalisée;https://www.umoatitres.org/fr/emission/rachat-et-emission-de-bons-et-dobligations-assimilables-du-tresor-de-la-cote-divoire-du-19-09-2023/
Côte d'Ivoire;ES (Titre 2);OAT;;2023-09-19;2023-09-20;2026-08-30;36;;180000;55332.0000;48332.0000;CI0000006748;5.5000;9550.0000;;9550.0000;;7.2500;In Fine;;réalisée;https://www.umoatitres.org/fr/emission/rachat-et-emission-de-bons-et-dobligations-assimilables-du-tresor-de-la-cote-divoire-du-19-09-2023/
Côte d'Ivoire;ES (Titre 3);OAT;;2023-09-19;2023-09-20;2028-09-20;60;;180000;4000.0000;4000.0000;CI0000006797;5.7000;9300.0000;;9300.0000;;7.4300;In Fine;;réalisée;https://www.umoatitres.org/fr/emission/rachat-et-emission-de-bons-et-dobligations-assimilables-du-tresor-de-la-cote-divoire-du-19-09-2023/
Côte d'Ivoire;ES (Titre 4);OAT;;2023-09-19;2023-09-20;2030-09-20;84;;180000;2300.0000;2300.0000;CI0000006805;6.0000;9200.0000;;9228.2600;;7.4500;In Fine;;réalisée;https://www.umoatitres.org/fr/emission/rachat-et-emission-de-bons-et-dobligations-assimilables-du-tresor-de-la-cote-divoire-du-19-09-2023/
Mali;ES (Titre 1);BAT;;2023-09-20;2023-09-21;2024-09-18;12;;25000;20076.0000;20076.0000;ML0000002534;multiple;;8.0000;;7.9803;8.6800;In Fine;;réalisée;https://www.umoatitres.org/fr/emission/emission-simultanee-de-bons-et-obligations-assimilables-du-tresor-du-mali-du-20-09-2023/
Mali;ES (Titre 2);OAT;;2023-09-20;2023-09-21;2026-09-21;36;;25000;5255.1000;5255.1000;ML0000002559;6.0000;9350.0000;;9355.5000;;8.5200;In Fine;;réalisée;https://www.umoatitres.org/fr/emission/emission-simultanee-de-bons-et-obligations-assimilables-du-tresor-du-mali-du-20-09-2023/
Mali;ES (Titre 3);OAT;;2023-09-20;2023-09-21;2028-09-21;60;;25000;200.0000;200.0000;ML0000002567;6.2000;9205.6500;;9526.0000;;7.3700;In Fine;;réalisée;https://www.umoatitres.org/fr/emission/emission-simultanee-de-bons-et-obligations-assimilables-du-tresor-du-mali-du-20-09-2023/
Bénin;ES (Titre 1);BAT;;2023-09-21;2023-09-22;2024-09-19;12;;30000;21062.0000;21062.0000;BJ0000001905;multiple;;8.0000;;7.3119;7.9000;In Fine;;réalisée;https://www.umoatitres.org/fr/emission/emission-simultanee-de-bons-et-obligations-assimilables-du-tresor-du-benin-du-21-09-2023/
Bénin;ES (Titre 2);OAT;;2023-09-21;2023-09-22;2026-06-30;36;;30000;1000.0000;1000.0000;BJ0000001889;5.5000;9605.0000;;9605.0000;;7.1100;In Fine;;réalisée;https://www.umoatitres.org/fr/emission/emission-simultanee-de-bons-et-obligations-assimilables-du-tresor-du-benin-du-21-09-2023/
Bénin;ES (Titre 3);OAT;;2023-09-21;2023-09-22;2028-06-30;60;;30000;9071.6600;9071.6600;BJ0000001897;5.7500;9400.0000;;9634.2500;;6.6600;In Fine;;réalisée;https://www.umoatitres.org/fr/emission/emission-simultanee-de-bons-et-obligations-assimilables-du-tresor-du-benin-du-21-09-2023/
Côte d'Ivoire;ES (Titre 1);BAT;;2023-09-14;2023-09-15;2023-12-07;3;;50000;21022.0000;20022.0000;CI0000006755;multiple;;6.0400;;6.0258;6.1100;In Fine;;réalisée;https://www.umoatitres.org/fr/emission/emission-simultanee-de-bons-et-dobligations-assimilables-du-tresor-de-la-cote-divoire-du-14-09-2023/
Côte d'Ivoire;ES (Titre 2);BAT;;2023-09-14;2023-09-15;2024-09-05;12;;50000;30110.0000;26030.0000;CI0000006763;multiple;;6.5000;;6.4594;6.9000;In Fine;;réalisée;https://www.umoatitres.org/fr/emission/emission-simultanee-de-bons-et-dobligations-assimilables-du-tresor-de-la-cote-divoire-du-14-09-2023/
Côte d'Ivoire;ES (Titre 3);OAT;;2023-09-14;2023-09-15;2026-09-08;36;;50000;1049.9900;1049.9900;CI0000006771;5.5000;9500.0000;;9554.0900;;7.2100;In Fine;;réalisée;https://www.umoatitres.org/fr/emission/emission-simultanee-de-bons-et-dobligations-assimilables-du-tresor-de-la-cote-divoire-du-14-09-2023/
Guinée Bissau;ES (Titre 1);BAT;;2023-09-12;2023-09-13;2024-03-12;6;;9500;6072.0000;6072.0000;GW0000000764;multiple;;8.0000;;7.5492;7.8500;In Fine;;réalisée;https://www.umoatitres.org/fr/emission/emission-simultanee-de-bons-et-obligations-assimilables-du-tresor-de-la-guinee-du-12-09-2023/
Guinée Bissau;ES (Titre 2);BAT;;2023-09-12;2023-09-13;2024-09-10;12;;9500;2610.0000;2610.0000;GW0000000772;multiple;;8.0000;;7.5577;8.1800;In Fine;;réalisée;https://www.umoatitres.org/fr/emission/emission-simultanee-de-bons-et-obligations-assimilables-du-tresor-de-la-guinee-du-12-09-2023/
Guinée Bissau;ES (Titre 3);OAT;;2023-09-12;2023-09-13;2026-06-20;36;;9500;1034.3000;818.0000;GW0000000707;6.2500;9150.0000;;9278.1600;;9.3100;In Fine;;réalisée;https://www.umoatitres.org/fr/emission/emission-simultanee-de-bons-et-obligations-assimilables-du-tresor-de-la-guinee-du-12-09-2023/
Togo;ES (Titre 1);BAT;;2023-09-15;2023-09-18;2024-09-15;12;;30000;9135.0000;8135.0000;TG0000002542;multiple;;7.4900;;6.9390;7.4600;In Fine;;réalisée;https://www.umoatitres.org/fr/emission/emission-simultanee-de-bons-et-obligations-assimilables-du-tresor-du-togo-du-15-09-2023/
Togo;ES (Titre 2);OAT;;2023-09-15;2023-09-18;2026-07-31;34;;30000;16755.7000;16755.7000;TG0000002245;6.0000;9500.0000;;9505.0200;;7.9900;In Fine;;réalisée;https://www.umoatitres.org/fr/emission/emission-simultanee-de-bons-et-obligations-assimilables-du-tresor-du-togo-du-15-09-2023/
Togo;ES (Titre 3);OAT;;2023-09-15;2023-09-18;2028-07-31;59;;30000;7108.9200;7108.9200;TG0000002252;6.2500;9303.0000;;9410.9200;;7.7400;In Fine;;réalisée;https://www.umoatitres.org/fr/emission/emission-simultanee-de-bons-et-obligations-assimilables-du-tresor-du-togo-du-15-09-2023/
Togo;ES (Titre 1);BAT;;2023-09-01;2023-09-04;2024-09-01;12;;17100;15511.0000;15511.0000;TG0000002534;multiple;;6.7500;;6.7500;7.2444;In Fine;;réalisée;https://www.umoatitres.org/fr/emission/rachat-et-emission-de-bons-et-obligations-assimilables-du-tresor-du-togo-du-01-09-2023/
Togo;ES (Titre 2);OAT;;2023-09-01;2023-09-04;2026-07-31;35;;17100;2000.0000;2000.0000;TG0000002245;6.0000;9500.0000;;9500.0000;;7.9887;In Fine;;réalisée;https://www.umoatitres.org/fr/emission/rachat-et-emission-de-bons-et-obligations-assimilables-du-tresor-du-togo-du-01-09-2023/
Sénégal;ES (Titre 1);OAT;;2023-09-08;2023-09-11;2025-11-09;26;;30000;13361.0000;3361.0000;SN0000001488;6.0000;9680.0000;;9706.4700;;7.5100;In Fine;;réalisée;https://www.umoatitres.org/fr/emission/emission-simultanee-dobligations-assimilables-du-tresor-du-senegal-du-08-09-2023/
Sénégal;ES (Titre 2);OAT;;2023-09-08;2023-09-11;2026-09-11;36;;30000;23578.8200;23578.8200;SN0000002643;6.0000;9403.0000;;9545.2600;;7.7600;In Fine;;réalisée;https://www.umoatitres.org/fr/emission/emission-simultanee-dobligations-assimilables-du-tresor-du-senegal-du-08-09-2023/
Sénégal;ES (Titre 3);OAT;;2023-09-08;2023-09-11;2028-09-11;60;;30000;3325.0000;3325.2100;SN0000002650;6.1500;9430.0000;;9459.4300;;7.4900;In Fine;;réalisée;https://www.umoatitres.org/fr/emission/emission-simultanee-dobligations-assimilables-du-tresor-du-senegal-du-08-09-2023/
Mali;ES (Titre 1);BAT;;2023-09-06;2023-09-07;2024-08-21;12;;25000;24572.0000;24072.0000;ML0000002500;multiple;;7.9900;;7.8448;8.4900;In Fine;;réalisée;https://www.umoatitres.org/fr/emission/emission-simultanee-de-bons-et-obligations-assimilables-du-tresor-du-mali-du-06-09-2023/
Mali;ES (Titre 2);OAT;;2023-09-06;2023-09-07;2026-08-24;36;;25000;21.3500;21.3500;ML0000002518;6.0000;9400.0000;;9412.6500;;8.3100;In Fine;;réalisée;https://www.umoatitres.org/fr/emission/emission-simultanee-de-bons-et-obligations-assimilables-du-tresor-du-mali-du-06-09-2023/
Mali;ES (Titre 3);OAT;;2023-09-06;2023-09-07;2028-08-24;60;;25000;1346.0000;1346.0000;ML0000002526;6.2000;9280.0000;;9287.8200;;7.9900;In Fine;;réalisée;https://www.umoatitres.org/fr/emission/emission-simultanee-de-bons-et-obligations-assimilables-du-tresor-du-mali-du-06-09-2023/
Côte d'Ivoire;;BAT;;2023-08-14;2023-08-16;2023-11-14;3;;30000;85769.0000;33000.0000;CI0000006664;multiple;;6.1000;;6.0592;6.1500;In Fine;;réalisée;https://www.umoatitres.org/fr/emission/emission-simultanee-de-bons-et-obligations-assimilables-du-tresor-de-la-cote-divoire-du-14-08-2023/
Côte d'Ivoire;;BAT;;2023-07-24;2023-07-25;2023-10-23;;;30000;32000.0000;31600.0000;CI0000006623;multiple;;6.3500;;6.2404;6.3400;In Fine;;réalisée;https://www.umoatitres.org/fr/emission/emission-de-bons-assimilables-du-tresor-de-la-cote-divoire-du-24-07-2023/
Côte d'Ivoire;ES (Titre 1);BAT;;2023-08-29;2023-08-30;2023-11-28;3;;40000;24787.0000;22277.0000;CI0000006722;multiple;;6.0400;;5.5956;5.6800;In Fine;;réalisée;https://www.umoatitres.org/fr/emission/emission-simultanee-de-bons-et-obligations-assimilables-du-tresor-de-la-cote-divoire-du-29-08-2023/
Côte d'Ivoire;ES (Titre 2);BAT;;2023-08-29;2023-08-30;2024-08-27;12;;40000;16700.0000;15700.0000;CI0000006730;multiple;;6.5000;;6.4650;6.9200;In Fine;;réalisée;https://www.umoatitres.org/fr/emission/emission-simultanee-de-bons-et-obligations-assimilables-du-tresor-de-la-cote-divoire-du-29-08-2023/
Côte d'Ivoire;ES (Titre 3);OAT;;2023-08-29;2023-08-30;2026-08-30;36;;40000;2396.5200;2396.5200;CI0000006748;5.5000;9555.5000;;9560.0694;;7.1800;In Fine;;réalisée;https://www.umoatitres.org/fr/emission/emission-simultanee-de-bons-et-obligations-assimilables-du-tresor-de-la-cote-divoire-du-29-08-2023/
Togo;ES (Titre 1);BAT;;2023-08-25;2023-08-28;2024-08-25;12;;25000;18774.0000;17769.0000;TG0000002526;multiple;;7.6300;;7.2013;7.7700;In Fine;;réalisée;https://www.umoatitres.org/fr/emission/emission-simultanee-dobligations-assimilables-du-tresor-du-togo-du-25-08-2023/
Togo;ES (Titre 3);OAT;;2023-08-25;2023-08-28;2028-07-31;60;;25000;7671.5000;5671.5000;TG0000002252;6.2500;9400.0000;;9476.8972;;7.5600;In Fine;;réalisée;https://www.umoatitres.org/fr/emission/emission-simultanee-dobligations-assimilables-du-tresor-du-togo-du-25-08-2023/
Mali;ES (Titre 1);BAT;;2023-08-23;2023-08-24;2024-08-21;12;;25000;9650.0000;8400.0000;ML0000002500;multiple;;7.9900;;7.8774;8.5600;In Fine;;réalisée;https://www.umoatitres.org/fr/emission/emission-simultanee-de-bons-et-obligations-assimilables-du-tresor-du-mali-du-23-08-2023/
Mali;ES (Titre 2);OAT;;2023-08-23;2023-08-24;2026-08-24;36;;25000;385.0000;385.0000;ML0000002518;6.0000;9370.0000;;9536.3636;;7.7900;In Fine;;réalisée;https://www.umoatitres.org/fr/emission/emission-simultanee-de-bons-et-obligations-assimilables-du-tresor-du-mali-du-23-08-2023/
Mali;ES (Titre 3);OAT;;2023-08-23;2023-08-24;2028-08-24;60;;25000;770.0000;770.0000;ML0000002526;6.2000;9261.0000;;9299.3117;;7.9500;In Fine;;réalisée;https://www.umoatitres.org/fr/emission/emission-simultanee-de-bons-et-obligations-assimilables-du-tresor-du-mali-du-23-08-2023/
Côte d'Ivoire;ES (Titre 1);BAT;;2023-08-22;2023-08-23;2023-11-21;3;;80000;40984.0000;31955.0000;CI0000006714;multiple;;6.0699;;4.7629;4.8200;In Fine;;réalisée;https://www.umoatitres.org/fr/emission/emission-simultanee-de-bons-et-obligations-assimilables-du-tresor-de-la-cote-divoire-du-22-08-2023/
Côte d'Ivoire;ES (Titre 2);BAT;;2023-08-22;2023-08-23;2024-08-20;12;;80000;23012.0000;10500.0000;CI0000006672;multiple;;6.5000;;6.3476;6.7800;In Fine;;réalisée;https://www.umoatitres.org/fr/emission/emission-simultanee-de-bons-et-obligations-assimilables-du-tresor-de-la-cote-divoire-du-22-08-2023/
Côte d'Ivoire;ES (Titre 3);OAT;;2023-08-22;2023-08-23;2026-08-23;36;;80000;48815.0000;45545.0000;CI0000006706;5.5000;9550.0000;;9580.9850;;7.1000;In Fine;;réalisée;https://www.umoatitres.org/fr/emission/emission-simultanee-de-bons-et-obligations-assimilables-du-tresor-de-la-cote-divoire-du-22-08-2023/
Sénégal;ES (Titre 1);OAT;Adjdications Ciblée;2023-08-24;2023-08-25;2025-07-27;23;;90000;50433.5000;49430.0300;SN0000001397;6.0000;9700.0000;;9820.0899;;7.0300;In Fine;;réalisée;https://www.umoatitres.org/fr/emission/emission-simultanee-de-bons-et-obligations-assimilables-du-tresor-du-senegal-du-24-08-2023/
Sénégal;ES (Titre 2);OAT;Adjdications Ciblée;2023-08-24;2023-08-25;2026-08-25;36;;90000;31739.3800;31739.3800;SN0000002627;6.0000;9550.0000;;9607.8602;;7.5100;In Fine;;réalisée;https://www.umoatitres.org/fr/emission/emission-simultanee-de-bons-et-obligations-assimilables-du-tresor-du-senegal-du-24-08-2023/
Sénégal;ES (Titre 3);OAT;Adjdications Ciblée;2023-08-24;2023-08-25;2028-08-25;60;;90000;17830.5900;17830.5900;SN0000002635;6.1500;9425.0000;;9449.1191;;7.5100;In Fine;;réalisée;https://www.umoatitres.org/fr/emission/emission-simultanee-de-bons-et-obligations-assimilables-du-tresor-du-senegal-du-24-08-2023/
Burkina Faso;ES (Titre 1);BAT;;2023-08-16;2023-08-17;2024-02-14;6;;30000;14388.0000;11355.0000;BF0000002626;multiple;;7.8000;;7.2961;7.5800;In Fine;;réalisée;https://www.umoatitres.org/fr/emission/emission-simultanee-de-bons-et-obligations-assimilables-du-tresor-du-burkina-du-16-08-2023/
Burkina Faso;ES (Titre 2);OAT;;2023-08-16;2023-08-17;2026-08-17;36;;30000;7500.0000;7500.0000;BF0000002634;6.0000;9355.0000;;9590.7600;;7.5800;In Fine;;réalisée;https://www.umoatitres.org/fr/emission/emission-simultanee-de-bons-et-obligations-assimilables-du-tresor-du-burkina-du-16-08-2023/
Burkina Faso;ES (Titre 3);OAT;;2023-08-16;2023-08-17;2028-08-17;60;;30000;8200.0000;8200.0000;BF0000002642;6.2000;9351.0000;;9443.0500;;7.5800;In Fine;;réalisée;https://www.umoatitres.org/fr/emission/emission-simultanee-de-bons-et-obligations-assimilables-du-tresor-du-burkina-du-16-08-2023/
Togo;ES (Titre 1);BAT;;2023-08-11;2023-08-14;2024-08-11;12;;35000;34029.0000;23979.0000;TG0000002518;multiple;;7.5000;;7.1940;7.7600;In Fine;;réalisée;https://www.umoatitres.org/fr/emission/emission-simultanee-de-bons-et-obligations-assimilables-du-tresor-du-togo-du-11-08-2023/
Togo;ES (Titre 2);OAT;;2023-08-11;2023-08-14;2026-07-31;36;;35000;9231.3400;9131.3400;TG0000002245;6.0000;9502.5500;;9530.0000;;7.8300;In Fine;;réalisée;https://www.umoatitres.org/fr/emission/emission-simultanee-de-bons-et-obligations-assimilables-du-tresor-du-togo-du-11-08-2023/
Togo;ES (Titre 3);OAT;;2023-08-11;2023-08-14;2028-07-31;60;;35000;5301.8500;5299.8500;TG0000002252;6.2500;9415.0000;;9457.0000;;7.6000;In Fine;;réalisée;https://www.umoatitres.org/fr/emission/emission-simultanee-de-bons-et-obligations-assimilables-du-tresor-du-togo-du-11-08-2023/
Mali;ES (Titre 1);BAT;;2023-08-09;2023-08-10;2024-02-07;6;;30000;7078.0000;5013.0000;ML0000002476;multiple;;7.7000;;7.2511;7.5300;In Fine;;réalisée;https://www.umoatitres.org/fr/emission/emission-simultanee-de-bons-et-obligations-assimilables-du-tresor-du-mali-du-09-08-2023/
Mali;ES (Titre 2);BAT;;2023-08-09;2023-08-10;2024-08-07;12;;30000;16201.0000;16190.0000;ML0000002484;multiple;;7.9900;;7.6471;8.2900;In Fine;;réalisée;https://www.umoatitres.org/fr/emission/emission-simultanee-de-bons-et-obligations-assimilables-du-tresor-du-mali-du-09-08-2023/
Mali;ES (Titre 3);OAT;;2023-08-09;2023-08-10;2026-08-10;36;;30000;2452.0000;2450.0000;ML0000002492;6.0000;9336.0000;;9488.4700;;7.9800;In Fine;;réalisée;https://www.umoatitres.org/fr/emission/emission-simultanee-de-bons-et-obligations-assimilables-du-tresor-du-mali-du-09-08-2023/
Guinée Bissau;ES (Titre 1);BAT;;2023-08-08;2023-08-09;2023-11-07;3;;10000;4407.0000;3572.0000;GW0000000756;multiple;;7.8000;;7.3517;7.4900;In Fine;;réalisée;https://www.umoatitres.org/fr/emission/emission-simultanee-de-bons-et-obligations-assimilables-du-tresor-de-la-guinee-bissau-du-08-08-2023/
Guinée Bissau;ES (Titre 2);BAT;;2023-08-08;2023-08-09;2024-06-27;12;;10000;8170.0000;7428.0000;GW0000000715;multiple;;7.2500;;7.1898;7.7500;In Fine;;réalisée;https://www.umoatitres.org/fr/emission/emission-simultanee-de-bons-et-obligations-assimilables-du-tresor-de-la-guinee-bissau-du-08-08-2023/
Côte d'Ivoire;ES (Titre 1);BAT;;2023-08-01;2023-08-02;2023-10-31;3;;50000;64802.0000;27580.0000;CI0000006631;multiple;;6.2099;;6.1342;6.2300;In Fine;;réalisée;https://www.umoatitres.org/fr/emission/emission-simultanee-de-bons-et-obligations-assimilables-du-tresor-de-la-cote-divoire-du-01-08-2023/
Côte d'Ivoire;ES (Titre 2);BAT;;2023-08-01;2023-08-02;2024-07-30;12;;50000;21320.0000;21320.0000;CI0000006649;multiple;;6.7500;;6.6141;7.0900;In Fine;;réalisée;https://www.umoatitres.org/fr/emission/emission-simultanee-de-bons-et-obligations-assimilables-du-tresor-de-la-cote-divoire-du-01-08-2023/
Côte d'Ivoire;ES (Titre 3);OAT;;2023-08-01;2023-08-02;2026-08-02;36;;50000;6100.0000;6100.0000;CI0000006656;5.5000;9535.0000;;9552.2600;;7.2100;In Fine;;réalisée;https://www.umoatitres.org/fr/emission/emission-simultanee-de-bons-et-obligations-assimilables-du-tresor-de-la-cote-divoire-du-01-08-2023/
Côte d'Ivoire;ES (Titre 1);BAT;;2023-07-14;2023-07-17;2024-06-27;12;;80249;20000.0000;20000.0000;CI0000006508;multiple;;6.2500;;6.2500;6.6396;In Fine;;réalisée;https://www.umoatitres.org/fr/emission/rachat-et-emission-simultanee-de-bons-et-obligations-assimilables-du-tresor-de-la-cote-divoire-du-14-07-2023/
Côte d'Ivoire;ES (Titre 2);BAT;;2023-07-14;2023-07-17;2024-09-27;12;;80249;40658.0000;40658.0000;CI0000006557;multiple;;6.2500;;6.2500;6.6507;In Fine;;réalisée;https://www.umoatitres.org/fr/emission/rachat-et-emission-simultanee-de-bons-et-obligations-assimilables-du-tresor-de-la-cote-divoire-du-14-07-2023/
Côte d'Ivoire;ES (Titre 3);BAT;;2023-07-14;2023-07-17;2024-07-09;12;;80249;19591.0000;19591.0000;CI0000006599;multiple;;6.5000;;6.4264;6.8664;In Fine;;réalisée;https://www.umoatitres.org/fr/emission/rachat-et-emission-simultanee-de-bons-et-obligations-assimilables-du-tresor-de-la-cote-divoire-du-14-07-2023/
Togo;ES (Titre 1);BAT;;2023-07-27;2023-07-31;2024-01-28;6;;35000;20873.0000;19873.0000;TG0000002229;multiple;;7.5000;;6.9848;7.2400;In Fine;;réalisée;https://www.umoatitres.org/fr/emission/emission-simultanee-de-bons-et-obligations-assimilables-du-tresor-du-togo-du-27-07-2023/
Togo;ES (Titre 2);OAT;;2023-07-27;2023-07-31;2026-07-31;36;;35000;14018.9100;13018.9100;TG0000002245;6.0000;9503.0000;;9528.2500;;7.8200;In Fine;;réalisée;https://www.umoatitres.org/fr/emission/emission-simultanee-de-bons-et-obligations-assimilables-du-tresor-du-togo-du-27-07-2023/
Togo;ES (Titre 3);OAT;;2023-07-27;2023-07-31;2028-07-31;60;;35000;4102.8800;4102.8800;TG0000002252;6.2500;9410.0000;;9509.8700;;7.4600;In Fine;;réalisée;https://www.umoatitres.org/fr/emission/emission-simultanee-de-bons-et-obligations-assimilables-du-tresor-du-togo-du-27-07-2023/
Guinée Bissau;ES (Titre 1);BAT;;2023-07-25;2023-07-26;2024-01-23;6;;12500;10502.0000;10502.0000;GW0000000749;;;8.0000;;7.4166;7.7100;In Fine;;réalisée;https://www.umoatitres.org/fr/emission/emission-simultanee-de-bons-et-obligations-assimilables-du-tresor-de-guinee-bissau-du-25-07-2023/
Guinée Bissau;ES (Titre 2);OAT;;2023-07-25;2023-07-26;2026-06-20;36;;12500;3247.8100;3247.8100;GW0000000707;6.2500;9200.0000;;9309.0500;;9.0500;In Fine;;réalisée;https://www.umoatitres.org/fr/emission/emission-simultanee-de-bons-et-obligations-assimilables-du-tresor-de-guinee-bissau-du-25-07-2023/
Sénégal;ES (Titre 2);OAT;;2023-07-21;2023-07-24;2026-07-24;36;;30000;25854.6000;25854.0000;SN0000002601;6.0000;9550.0000;;9650.7500;;7.3400;In Fine;;réalisée;https://www.umoatitres.org/fr/emission/emission-simultanee-de-bons-et-obligations-assimilables-du-tresor-du-senegal-du-21-07-2023/
Sénégal;ES (Titre 3);OAT;;2023-07-21;2023-07-24;2028-07-24;60;;30000;7106.0000;7106.0000;SN0000002619;6.1500;9400.0000;;9554.9200;;7.2400;In Fine;;réalisée;https://www.umoatitres.org/fr/emission/emission-simultanee-de-bons-et-obligations-assimilables-du-tresor-du-senegal-du-21-07-2023/
Côte d'Ivoire;;BAT;;2023-07-18;2023-07-19;2023-10-17;3;;115000;120445.0000;120425.0000;CI0000006615;multiple;;6.3490;;6.1613;6.2600;In Fine;;réalisée;https://www.umoatitres.org/fr/emission/emission-simultanee-de-bons-et-obligations-assimilables-du-tresor-de-la-cote-divoire-du-18-07-2023/
Niger;ES (Titre 1);BAT;;2023-07-20;2023-07-21;2024-01-18;6;;40000;4329.0000;2829.0000;NE0000001930;multiple;;7.6000;;7.5266;7.8200;In Fine;;réalisée;https://www.umoatitres.org/fr/emission/emission-simultanee-de-bons-et-obligations-assimilables-du-tresor-du-niger-du-20-07-2023/
Niger;ES (Titre 2);BAT;;2023-07-20;2023-07-21;2024-07-18;12;;40000;8460.0000;8460.0000;NE0000001948;multiple;;7.5313;;7.1329;7.6900;In Fine;;réalisée;https://www.umoatitres.org/fr/emission/emission-simultanee-de-bons-et-obligations-assimilables-du-tresor-du-niger-du-20-07-2023/
Niger;ES (Titre 3);OAT;;2023-07-20;2023-07-21;2026-06-09;36;;40000;30434.4000;29934.4000;NE0000001864;6.0000;9300.0000;;9654.2600;;7.3700;In Fine;;réalisée;https://www.umoatitres.org/fr/emission/emission-simultanee-de-bons-et-obligations-assimilables-du-tresor-du-niger-du-20-07-2023/
Burkina Faso;ES (Titre 1);BAT;;2023-07-19;2023-07-20;2024-07-17;12;;30000;14401.0000;14401.0000;BF0000002584;multiple;;7.9500;;7.3905;7.9900;In Fine;;réalisée;https://www.umoatitres.org/fr/emission/emission-simultanee-de-bons-et-obligations-assimilables-du-tresor-du-burkina-du-19-07-2023/
Burkina Faso;ES (Titre 2);OAT;;2023-07-19;2023-07-20;2026-05-25;36;;30000;6300.0000;6300.0000;BF0000002519;6.0000;9456.0000;;9563.9700;;7.7500;In Fine;;réalisée;https://www.umoatitres.org/fr/emission/emission-simultanee-de-bons-et-obligations-assimilables-du-tresor-du-burkina-du-19-07-2023/
Burkina Faso;ES (Titre 3);OAT;;2023-07-19;2023-07-20;2030-05-11;84;;30000;12082.0000;7402.0000;BF0000002493;6.4000;9105.0000;;9414.8700;;7.5200;In Fine;;réalisée;https://www.umoatitres.org/fr/emission/emission-simultanee-de-bons-et-obligations-assimilables-du-tresor-du-burkina-du-19-07-2023/
Togo;ES (Titre 1);BAT;;2023-07-14;2023-07-17;2024-01-14;6;;30000;18838.0000;2000.0000;TG0000002211;multiple;;6.7500;;6.7500;6.9900;In Fine;;réalisée;https://www.umoatitres.org/fr/emission/emission-simultanee-de-bons-et-obligations-assimilables-du-tresor-du-togo-du-14-07-2023/
Togo;ES (Titre 2);OAT;;2023-07-14;2023-07-17;2026-05-08;36;;30000;2325.0700;2325.0700;TG0000002120;6.0000;9501.0000;;9633.0700;;7.4800;In Fine;;réalisée;https://www.umoatitres.org/fr/emission/emission-simultanee-de-bons-et-obligations-assimilables-du-tresor-du-togo-du-14-07-2023/
Togo;ES (Titre 3);OAT;;2023-07-14;2023-07-17;2028-05-22;60;;30000;12120.0600;12120.0600;TG0000002146;6.2500;9400.0000;;9525.0600;;7.4500;In Fine;;réalisée;https://www.umoatitres.org/fr/emission/emission-simultanee-de-bons-et-obligations-assimilables-du-tresor-du-togo-du-14-07-2023/
Côte d'Ivoire;ES (Titre 1);BAT;;2023-07-11;2023-07-12;2023-10-10;3;;60000;35317.0000;35310.0000;CI0000006581;multiple;;6.3500;;6.0922;6.1900;In Fine;;réalisée;https://www.umoatitres.org/fr/emission/emission-simultanee-de-bons-et-obligations-assimilables-du-tresor-de-la-cote-divoire-du-11-07-2023/
Côte d'Ivoire;ES (Titre 2);BAT;;2023-07-11;2023-07-12;2024-07-09;12;;60000;29936.0000;19911.0000;CI0000006599;multiple;;6.7500;;6.5804;7.0500;In Fine;;réalisée;https://www.umoatitres.org/fr/emission/emission-simultanee-de-bons-et-obligations-assimilables-du-tresor-de-la-cote-divoire-du-11-07-2023/
Côte d'Ivoire;ES (Titre 3);OAT;;2023-07-11;2023-07-12;2026-07-12;36;;60000;9839.5800;9839.5800;CI0000006607;5.5000;9532.0000;;9625.7237;;6.9200;In Fine;;réalisée;https://www.umoatitres.org/fr/emission/emission-simultanee-de-bons-et-obligations-assimilables-du-tresor-de-la-cote-divoire-du-11-07-2023/
Sénégal;ES (Titre 2);OAT;;2023-06-27;2023-06-30;2026-06-30;36;;205000;286485.7500;204041.5000;SN0000002577;6.0000;9633.0000;;9641.2200;;7.3800;In Fine;;réalisée;https://www.umoatitres.org/fr/emission/emission-simultanee-de-bons-et-obligations-assimilables-du-tresor-du-senegal-du-27-06-2023/
Sénégal;ES (Titre 3);OAT;;2023-06-27;2023-06-30;2028-06-30;60;;205000;22458.5000;21458.5000;SN0000002585;6.1500;9520.0000;;9536.0700;;7.2900;In Fine;;réalisée;https://www.umoatitres.org/fr/emission/emission-simultanee-de-bons-et-obligations-assimilables-du-tresor-du-senegal-du-27-06-2023/
Côte d'Ivoire;ES (Titre 2);OAT;;2023-06-27;2023-06-30;2026-06-30;36;;295000;353260.8100;272572.1000;CI0000006565;5.5000;9530.2000;;9611.9900;;6.9800;In Fine;;réalisée;https://www.umoatitres.org/fr/emission/emission-simultanee-dobligations-assimilables-du-tresor-de-la-cote-divoire-du-27-06-2023-2/
Côte d'Ivoire;ES (Titre 3);OAT;;2023-06-27;2023-06-30;2028-06-30;60;;295000;51927.9000;51927.9000;CI0000006573;5.7000;9309.2500;;9545.9000;;6.8000;In Fine;;réalisée;https://www.umoatitres.org/fr/emission/emission-simultanee-dobligations-assimilables-du-tresor-de-la-cote-divoire-du-27-06-2023-2/
Guinée Bissau;ES (Titre 2);OAT;;2023-06-27;2023-06-30;2026-06-30;36;;12000;28770.0000;5600.0000;GW0000000723;6.2500;9360.0000;;9499.0300;;8.2000;In Fine;;réalisée;https://www.umoatitres.org/fr/emission/emission-simultanee-de-bons-et-obligations-assimilables-du-tresor-de-guinee-bissau-du-27-06-2023/
Guinée Bissau;ES (Titre 3);OAT;;2023-06-27;2023-06-30;2028-06-30;60;;12000;7600.0000;7600.0000;GW0000000731;6.3500;9300.0000;;9417.7600;;7.8000;In Fine;;réalisée;https://www.umoatitres.org/fr/emission/emission-simultanee-de-bons-et-obligations-assimilables-du-tresor-de-guinee-bissau-du-27-06-2023/
Togo;ES (Titre 1);BAT;;2023-06-27;2023-06-30;2024-06-27;12;;100000;27012.0000;18185.0000;TG0000002187;multiple;;6.6775;;6.4528;6.9000;In Fine;;réalisée;https://www.umoatitres.org/fr/emission/emission-simultanee-de-bons-et-obligations-assimilables-du-tresor-du-togo-du-27-06-2023/
Togo;ES (Titre 2);OAT;;2023-06-27;2023-06-30;2026-06-30;36;;100000;129568.2900;77854.5700;TG0000002195;6.0000;9534.4400;;9588.6600;;7.5800;In Fine;;réalisée;https://www.umoatitres.org/fr/emission/emission-simultanee-de-bons-et-obligations-assimilables-du-tresor-du-togo-du-27-06-2023/
Togo;ES (Titre 3);OAT;;2023-06-27;2023-06-30;2028-06-30;60;;100000;13960.4300;13960.4300;TG0000002203;6.2500;9450.0000;;9613.0100;;7.2000;In Fine;;réalisée;https://www.umoatitres.org/fr/emission/emission-simultanee-de-bons-et-obligations-assimilables-du-tresor-du-togo-du-27-06-2023/
Bénin;ES (Titre 2);OAT;;2023-06-27;2023-06-30;2026-06-30;36;;80000;172720.4500;74000.0000;BJ0000001889;5.5000;9656.0000;;9709.8900;;6.6000;In Fine;;réalisée;https://www.umoatitres.org/fr/emission/emission-simultanee-de-bons-et-obligations-assimilables-du-tresor-du-benin-du-27-06-2023/
Bénin;ES (Titre 3);OAT;;2023-06-27;2023-06-30;2028-06-30;60;;80000;22020.0000;14000.0000;BJ0000001897;5.7500;9800.0100;;9864.2900;;6.0700;In Fine;;réalisée;https://www.umoatitres.org/fr/emission/emission-simultanee-de-bons-et-obligations-assimilables-du-tresor-du-benin-du-27-06-2023/
Burkina Faso;ES (Titre 1);BAT;;2023-06-27;2023-06-30;2024-06-27;12;;130000;42965.0000;20227.0000;BF0000002550;multiple;;6.8800;;6.6830;7.1700;In Fine;;réalisée;https://www.umoatitres.org/fr/emission/emission-simultanee-de-bons-et-obligations-assimilables-du-tresor-du-burkina-du-27-06-2023/
Burkina Faso;ES (Titre 2);OAT;;2023-06-27;2023-06-30;2026-06-30;36;;130000;150296.5300;106023.0000;BF0000002568;6.0000;9584.6700;;9602.9800;;7.5300;In Fine;;réalisée;https://www.umoatitres.org/fr/emission/emission-simultanee-de-bons-et-obligations-assimilables-du-tresor-du-burkina-du-27-06-2023/
Burkina Faso;ES (Titre 3);OAT;;2023-06-27;2023-06-30;2028-06-30;60;;130000;16750.0000;16750.0000;BF0000002576;6.2000;9320.0000;;9427.5500;;7.6200;In Fine;;réalisée;https://www.umoatitres.org/fr/emission/emission-simultanee-de-bons-et-obligations-assimilables-du-tresor-du-burkina-du-27-06-2023/
Niger;ES (Titre 1);BAT;;2023-06-27;2023-06-30;2024-06-27;12;;70000;78046.0000;35500.0000;NE0000001898;multiple;;7.0000;;6.5816;7.0500;In Fine;;réalisée;https://www.umoatitres.org/fr/emission/emission-simultanee-de-bons-et-obligations-assimilables-du-tresor-du-niger-du-27-06-2023/
Niger;ES (Titre 2);OAT;;2023-06-27;2023-06-30;2026-06-30;36;;70000;41719.1800;39938.4100;NE0000001906;6.0000;9422.7600;;9585.1200;;7.6000;In Fine;;réalisée;https://www.umoatitres.org/fr/emission/emission-simultanee-de-bons-et-obligations-assimilables-du-tresor-du-niger-du-27-06-2023/
Niger;ES (Titre 3);OAT;;2023-06-27;2023-06-30;2028-06-30;60;;70000;1561.5900;1561.5900;NE0000001922;6.2000;9800.0000;;9800.0000;;6.6800;In Fine;;réalisée;https://www.umoatitres.org/fr/emission/emission-simultanee-de-bons-et-obligations-assimilables-du-tresor-du-niger-du-27-06-2023/
Mali;ES (Titre 2);OAT;;2023-06-27;2023-06-30;2026-06-30;36;;111000;131526.9300;94130.0300;ML0000002450;5.9000;9335.9500;;9404.4200;;8.2200;In Fine;;réalisée;https://www.umoatitres.org/fr/emission/emission-simultanee-de-bons-et-obligations-assimilables-du-tresor-du-mali-du-27-06-2023/
Mali;ES (Titre 3);OAT;;2023-06-27;2023-06-30;2028-06-30;60;;111000;36677.9700;27969.9700;ML0000002468;6.2000;9315.0000;;9426.2500;;7.6200;In Fine;;réalisée;https://www.umoatitres.org/fr/emission/emission-simultanee-de-bons-et-obligations-assimilables-du-tresor-du-mali-du-27-06-2023/
Guinée Bissau;ES (Titre 1);BAT;;2023-06-19;2023-06-20;2024-06-17;12;;18000;14150.0000;14150.0000;GW0000000699;multiple;;8.0000;;7.9597;8.6600;In Fine;;réalisée;https://www.umoatitres.org/fr/emission/rachat-emission-de-bons-et-obligations-assimilables-du-tresor-de-guinee-bissau-du-19-06-2023/
Guinée Bissau;ES (Titre 2);OAT;;2023-06-19;2023-06-20;2026-06-20;36;;18000;4250.0000;4250.0000;GW0000000707;6.2500;9280.0000;;9336.1500;;8.8700;In Fine;;réalisée;https://www.umoatitres.org/fr/emission/rachat-emission-de-bons-et-obligations-assimilables-du-tresor-de-guinee-bissau-du-19-06-2023/
Niger;ES (Titre 1);BAT;Echange;2023-06-12;2023-06-13;2024-06-10;12;;36917;37616.0000;37616.0000;NE0000001872;multiple;;7.8000;;7.5266;8.1500;In Fine;;réalisée;https://www.umoatitres.org/fr/emission/emission-de-bons-assimilables-du-tresor-du-niger-du-12-06-2023/
Togo;ES (Titre 1);BAT;;2023-05-19;2023-05-22;2023-11-19;6;;30000;44289.0000;20789.0000;TG0000002139;multiple;;7.3000;;7.1921;7.4600;In Fine;;réalisée;https://www.umoatitres.org/fr/emission/emission-simultanee-de-bons-et-obligations-assimilables-du-tresor-du-togo-du-19-05-2023/
Togo;ES (Titre 2);OAT;;2023-05-19;2023-05-22;2026-05-08;36;;30000;6264.7400;4211.7400;TG0000002120;6.0000;9610.0000;;9630.1500;;7.4300;In Fine;;réalisée;https://www.umoatitres.org/fr/emission/emission-simultanee-de-bons-et-obligations-assimilables-du-tresor-du-togo-du-19-05-2023/
Togo;ES (Titre 3);OAT;;2023-05-19;2023-05-22;2028-05-22;60;;30000;6275.4700;6275.4700;TG0000002146;6.2500;9525.0000;;9636.2700;;7.1400;In Fine;;réalisée;https://www.umoatitres.org/fr/emission/emission-simultanee-de-bons-et-obligations-assimilables-du-tresor-du-togo-du-19-05-2023/
Côte d'Ivoire;;BAT;;2023-05-02;2023-05-03;2023-08-01;3;;30000;58000.0000;33000.0000;CI0000006326;multiple;;6.0000;;5.9105;6.0000;In Fine;;réalisée;https://www.umoatitres.org/fr/emission/emission-simultanee-de-bons-assimilables-du-tresor-de-la-cote-divoire-du-02-05-2023/
Mali;ES (Titre 1);BAT;;2023-06-26;2023-06-27;2024-06-24;12;;70000;12733.0000;11733.0000;ML0000002419;multiple;;7.7500;;7.5341;8.1600;In Fine;;réalisée;https://www.umoatitres.org/fr/emission/emission-simultanee-dobligations-assimilables-du-tresor-du-mali-du-26-06-2023/
Mali;ES (Titre 2);OAT;;2023-06-26;2023-06-27;2026-06-27;36;;70000;56238.7500;56138.7500;ML0000002427;6.0000;10000.0000;;10000.0000;;6.0000;In Fine;;réalisée;https://www.umoatitres.org/fr/emission/emission-simultanee-dobligations-assimilables-du-tresor-du-mali-du-26-06-2023/
Mali;ES (Titre 3);OAT;;2023-06-26;2023-06-27;2028-06-27;60;;70000;1169.5000;1169.5000;ML0000002435;6.2500;9281.0000;;9338.0700;;7.9000;In Fine;;réalisée;https://www.umoatitres.org/fr/emission/emission-simultanee-dobligations-assimilables-du-tresor-du-mali-du-26-06-2023/
Sénégal;ES (Titre 1);BAT;;2023-06-23;2023-06-26;2024-06-23;12;;50000;48009.0000;43209.0000;SN0000002536;multiple;;6.4985;;6.2966;6.7200;In Fine;;réalisée;https://www.umoatitres.org/fr/emission/emission-simultanee-dobligations-assimilables-du-tresor-du-senegal-du-23-06-2023/
Sénégal;ES (Titre 2);OAT;;2023-06-23;2023-06-26;2026-06-26;36;;50000;6812.3000;6801.8000;SN0000002544;6.0000;9609.9500;;9624.3000;;7.4400;In Fine;;réalisée;https://www.umoatitres.org/fr/emission/emission-simultanee-dobligations-assimilables-du-tresor-du-senegal-du-23-06-2023/
Sénégal;ES (Titre 3);OAT;;2023-06-23;2023-06-26;2028-06-26;60;;50000;4778.5000;4362.5000;SN0000002551;6.1500;9500.0000;;9523.4700;;7.3200;In Fine;;réalisée;https://www.umoatitres.org/fr/emission/emission-simultanee-dobligations-assimilables-du-tresor-du-senegal-du-23-06-2023/
Niger;ES (Titre 1);BAT;;2023-06-22;2023-06-23;2023-12-21;6;;40000;26870.0000;18061.0000;NE0000001880;multiple;;7.8500;;7.8218;8.1400;In Fine;;réalisée;https://www.umoatitres.org/fr/emission/emission-simultanee-de-bons-et-obligations-assimilables-du-tresor-du-niger-du-22-06-2023/
Niger;ES (Titre 2);BAT;;2023-06-22;2023-06-23;2024-04-25;12;;40000;23900.0000;20867.0000;NE0000001807;multiple;;7.5000;;7.5000;8.0100;In Fine;;réalisée;https://www.umoatitres.org/fr/emission/emission-simultanee-de-bons-et-obligations-assimilables-du-tresor-du-niger-du-22-06-2023/
Niger;ES (Titre 3);OAT;;2023-06-22;2023-06-23;2026-06-09;36;;40000;8239.3000;5072.0000;NE0000001864;6.0000;9700.0000;;9700.0600;;7.1600;In Fine;;réalisée;https://www.umoatitres.org/fr/emission/emission-simultanee-de-bons-et-obligations-assimilables-du-tresor-du-niger-du-22-06-2023/
Burkina Faso;ES (Titre 1);BAT;;2023-06-21;2023-06-22;2024-06-19;12;;30000;17370.0000;16370.0000;BF0000002543;multiple;;8.0287;;7.6831;8.3300;In Fine;;réalisée;https://www.umoatitres.org/fr/emission/emission-simultanee-de-bons-et-obligations-assimilables-du-tresor-du-burkina-du-21-06-2023/
Burkina Faso;ES (Titre 2);OAT;;2023-06-21;2023-06-22;2026-05-25;36;;30000;5632.0000;5632.0000;BF0000002519;6.0000;9350.0000;;9360.8700;;8.5600;In Fine;;réalisée;https://www.umoatitres.org/fr/emission/emission-simultanee-de-bons-et-obligations-assimilables-du-tresor-du-burkina-du-21-06-2023/
Burkina Faso;ES (Titre 3);OAT;;2023-06-21;2023-06-22;2028-06-08;60;;30000;8500.0000;8500.0000;BF0000002535;6.2000;9300.0000;;9324.5600;;7.9000;In Fine;;réalisée;https://www.umoatitres.org/fr/emission/emission-simultanee-de-bons-et-obligations-assimilables-du-tresor-du-burkina-du-21-06-2023/
Côte d'Ivoire;ES (Titre 1);BAT;;2023-06-20;2023-06-21;2023-09-19;3;;50000;33432.0000;18186.0000;CI0000006490;multiple;;6.0987;;5.9442;6.0300;In Fine;;réalisée;https://www.umoatitres.org/fr/emission/emission-simultanee-de-bons-assimilables-du-tresor-de-la-cote-divoire-du-20-06-2023/
Côte d'Ivoire;ES (Titre 2);BAT;;2023-06-20;2023-06-21;2024-06-18;12;;50000;16884.0000;16814.0000;CI0000006508;multiple;;6.7000;;6.6942;7.1800;In Fine;;réalisée;https://www.umoatitres.org/fr/emission/emission-simultanee-de-bons-assimilables-du-tresor-de-la-cote-divoire-du-20-06-2023/
Côte d'Ivoire;ES (Titre 3);OAT;;2023-06-20;2023-06-21;2026-06-21;36;;50000;20000.0000;20000.0000;CI0000006516;5.5000;9530.0000;;9530.0000;;7.3000;In Fine;;réalisée;https://www.umoatitres.org/fr/emission/emission-simultanee-de-bons-assimilables-du-tresor-de-la-cote-divoire-du-20-06-2023/
Togo;ES (Titre 1);BAT;;2023-06-16;2023-06-19;2024-06-16;12;;30000;26117.0000;25117.0000;TG0000002161;multiple;;7.7490;;7.1357;7.6900;In Fine;;réalisée;https://www.umoatitres.org/fr/emission/emission-simultanee-de-bons-et-obligations-assimilables-du-tresor-du-togo-du-16-06-2023/
Togo;ES (Titre 2);OAT;;2023-06-16;2023-06-19;2026-05-08;36;;30000;4508.7000;3008.7000;TG0000002120;6.0000;9468.0000;;9540.1600;;7.8300;In Fine;;réalisée;https://www.umoatitres.org/fr/emission/emission-simultanee-de-bons-et-obligations-assimilables-du-tresor-du-togo-du-16-06-2023/
Togo;ES (Titre 3);OAT;;2023-06-16;2023-06-19;2028-05-22;60;;30000;2640.9600;2640.9600;TG0000002146;6.2500;9400.0000;;9520.4300;;7.4400;In Fine;;réalisée;https://www.umoatitres.org/fr/emission/emission-simultanee-de-bons-et-obligations-assimilables-du-tresor-du-togo-du-16-06-2023/
Mali;ES (Titre 1);BAT;;2023-06-14;2023-06-15;2023-12-13;6;;40000;4173.0000;3073.0000;ML0000002393;multiple;;7.6000;;7.5235;7.8200;In Fine;;réalisée;https://www.umoatitres.org/fr/emission/emission-simultanee-de-bons-assimilables-du-tresor-du-mali-du-14-06-2023/
Mali;ES (Titre 2);BAT;;2023-06-14;2023-06-15;2024-06-12;12;;40000;37068.0000;37068.0000;ML0000002401;multiple;;7.7500;;7.5236;8.1400;In Fine;;réalisée;https://www.umoatitres.org/fr/emission/emission-simultanee-de-bons-assimilables-du-tresor-du-mali-du-14-06-2023/
Côte d'Ivoire;ES (Titre 2);BAT;;2023-06-13;2023-06-14;2024-06-11;12;;50000;30865.0000;30360.0000;CI0000006474;multiple;;6.7500;;6.6701;7.1500;In Fine;;réalisée;https://www.umoatitres.org/fr/emission/emission-simultanee-de-bons-et-obligations-assimilables-du-tresor-de-la-cote-divoire-du-13-06-2023/
Côte d'Ivoire;ES (Titre 3);OAT;;2023-06-13;2023-06-14;2026-06-14;36;;50000;26642.0400;24639.5400;CI0000006482;5.5000;9530.0000;;9543.9400;;7.2500;In Fine;;réalisée;https://www.umoatitres.org/fr/emission/emission-simultanee-de-bons-et-obligations-assimilables-du-tresor-de-la-cote-divoire-du-13-06-2023/
Sénégal;ES (Titre 1);BAT;Adjudication Ciblée;2023-06-09;2023-06-12;2024-06-09;12;;50000;42259.0000;38142.0000;SN0000002502;multiple;;6.5000;;6.4136;6.8600;In Fine;;réalisée;https://www.umoatitres.org/fr/emission/emission-simultanee-dobligations-assimilables-du-tresor-du-senegal-du-09-06-2023/
Sénégal;ES (Titre 2);OAT;Adjudication Ciblée;2023-06-09;2023-06-12;2026-06-12;36;;50000;13021.0000;11271.0000;SN0000002510;6.0000;9609.9200;;9620.0900;;7.4600;In Fine;;réalisée;https://www.umoatitres.org/fr/emission/emission-simultanee-dobligations-assimilables-du-tresor-du-senegal-du-09-06-2023/
Sénégal;ES (Titre 3);OAT;Adjudication Ciblée;2023-06-09;2023-06-12;2028-06-12;36;;50000;5586.7700;5586.7700;SN0000002528;6.1500;9505.0000;;9575.7600;;7.1900;In Fine;;réalisée;https://www.umoatitres.org/fr/emission/emission-simultanee-dobligations-assimilables-du-tresor-du-senegal-du-09-06-2023/
Niger;ES (Titre 1);BAT;;2023-06-08;2023-06-09;2023-12-07;6;;30000;33133.0000;27895.0000;NE0000001856;multiple;;7.6550;;7.5703;7.8700;In Fine;;réalisée;https://www.umoatitres.org/fr/emission/emission-simultanee-de-bons-et-obligations-assimilables-du-tresor-du-niger-du-08-06-2023/
Niger;ES (Titre 2);BAT;;2023-06-08;2023-06-09;2024-04-25;12;;30000;1002.0000;1000.0000;NE0000001807;multiple;;7.5000;;7.5000;8.0400;In Fine;;réalisée;https://www.umoatitres.org/fr/emission/emission-simultanee-de-bons-et-obligations-assimilables-du-tresor-du-niger-du-08-06-2023/
Niger;ES (Titre 3);OAT;;2023-06-08;2023-06-09;2026-06-09;36;;30000;4235.4100;4105.0000;NE0000001864;6.0000;9326.0000;;9427.2100;;8.2300;In Fine;;réalisée;https://www.umoatitres.org/fr/emission/emission-simultanee-de-bons-et-obligations-assimilables-du-tresor-du-niger-du-08-06-2023/
Burkina Faso;ES (Titre 1);BAT;;2023-06-07;2023-06-08;2024-06-05;12;;30000;26306.0000;26306.0000;BF0000002527;multiple;;8.1002;;7.6186;8.2500;In Fine;;réalisée;https://www.umoatitres.org/fr/emission/emission-de-bons-assimilables-du-tresor-du-burkina-du-07-06-2023/
Burkina Faso;ES (Titre 2);OAT;;2023-06-07;2023-06-08;2026-05-11;36;;30000;1381.0000;22.0000;BF0000002485;6.0000;9500.0000;;9500.0900;;7.9800;In Fine;;réalisée;https://www.umoatitres.org/fr/emission/emission-de-bons-assimilables-du-tresor-du-burkina-du-07-06-2023/
Burkina Faso;ES (Titre 3);OAT;;2023-06-07;2023-06-08;2028-06-08;60;;30000;2841.5000;2591.5000;BF0000002535;6.2000;9305.0000;;9325.3400;;7.8800;In Fine;;réalisée;https://www.umoatitres.org/fr/emission/emission-de-bons-assimilables-du-tresor-du-burkina-du-07-06-2023/
Togo;ES (Titre 1);BAT;;2023-06-02;2023-06-05;2023-12-03;6;;30000;36339.0000;26339.0000;TG0000002153;multiple;;7.6000;;6.9916;7.2500;In Fine;;réalisée;https://www.umoatitres.org/fr/emission/emission-simultanee-de-bons-et-obligations-assimilables-du-tresor-du-togo-du-02-06-2023/
Togo;ES (Titre 2);OAT;;2023-06-02;2023-06-05;2026-05-08;36;;30000;4072.6300;4072.6300;TG0000002120;6.0000;9530.4700;;9584.5200;;7.6300;In Fine;;réalisée;https://www.umoatitres.org/fr/emission/emission-simultanee-de-bons-et-obligations-assimilables-du-tresor-du-togo-du-02-06-2023/
Togo;ES (Titre 3);OAT;;2023-06-02;2023-06-05;2028-05-22;60;;30000;1121.8000;1121.8000;TG0000002146;6.2500;9450.0300;;9617.8000;;7.1900;In Fine;;réalisée;https://www.umoatitres.org/fr/emission/emission-simultanee-de-bons-et-obligations-assimilables-du-tresor-du-togo-du-02-06-2023/
Mali;ES (Titre 1);BAT;;2023-05-31;2023-06-01;2024-05-29;12;;35000;28041.0000;26911.0000;ML0000002351;multiple;;7.9500;;7.6713;8.3200;In Fine;;réalisée;https://www.umoatitres.org/fr/emission/emission-simultanee-dobligations-assimilables-du-tresor-du-mali-du-31-05-2023/
Mali;ES (Titre 2);OAT;;2023-05-31;2023-06-01;2026-06-01;36;;35000;6945.6600;6818.3600;ML0000002377;6.0000;9326.0000;;9351.4300;;8.5400;In Fine;;réalisée;https://www.umoatitres.org/fr/emission/emission-simultanee-dobligations-assimilables-du-tresor-du-mali-du-31-05-2023/
Mali;ES (Titre 3);OAT;;2023-05-31;2023-06-01;2028-06-01;60;;35000;1520.0000;1520.0000;ML0000002385;6.2500;9300.0000;;9320.7200;;7.9500;In Fine;;réalisée;https://www.umoatitres.org/fr/emission/emission-simultanee-dobligations-assimilables-du-tresor-du-mali-du-31-05-2023/
Côte d'Ivoire;ES (Titre 1);BAT;;2023-05-30;2023-05-31;2023-11-28;6;;65000;29500.0000;24500.0000;CI0000006433;multiple;;6.5800;;6.3404;6.5500;In Fine;;réalisée;https://www.umoatitres.org/fr/emission/emission-simultanee-de-bons-et-obligations-assimilables-du-tresor-de-la-cote-divoire-du-30-05-2023/
Côte d'Ivoire;ES (Titre 2);BAT;;2023-05-30;2023-05-31;2024-05-28;12;;65000;29240.0000;29240.0000;CI0000006441;multiple;;6.7500;;6.5769;7.0500;In Fine;;réalisée;https://www.umoatitres.org/fr/emission/emission-simultanee-de-bons-et-obligations-assimilables-du-tresor-de-la-cote-divoire-du-30-05-2023/
Côte d'Ivoire;ES (Titre 3);OAT;;2023-05-30;2023-05-31;2026-05-31;36;;65000;7844.2300;5703.2300;CI0000006458;5.5000;9516.0000;;9539.7000;;7.2600;In Fine;;réalisée;https://www.umoatitres.org/fr/emission/emission-simultanee-de-bons-et-obligations-assimilables-du-tresor-de-la-cote-divoire-du-30-05-2023/
Sénégal;ES (Titre 1);BAT;;2023-05-26;2023-05-30;2024-05-27;12;;20000;25709.0000;14959.0000;SN0000002486;multiple;;6.3500;;6.2967;6.7200;In Fine;;réalisée;https://www.umoatitres.org/fr/emission/emission-simultanee-de-bons-et-obligations-assimilables-du-tresor-du-senegal-du-26-05-2023/
Sénégal;ES (Titre 2);OAT;;2023-05-26;2023-05-30;2026-05-30;36;;20000;12233.7600;5226.9900;SN0000002494;6.0000;9615.0000;;9692.4400;;7.1800;In Fine;;réalisée;https://www.umoatitres.org/fr/emission/emission-simultanee-de-bons-et-obligations-assimilables-du-tresor-du-senegal-du-26-05-2023/
Niger;ES (Titre 1);BAT;;2023-05-25;2023-05-26;2023-11-23;6;;30000;46209.0000;25981.0000;NE0000001831;multiple;;7.5775;;7.2981;7.5800;In Fine;;réalisée;https://www.umoatitres.org/fr/emission/emission-simultanee-de-bons-assimilables-du-tresor-du-niger-du-25-05-2023/
Niger;ES (Titre 2);BAT;;2023-05-25;2023-05-26;2024-04-25;12;;30000;15426.0000;7019.0000;NE0000001807;multiple;;7.5000;;6.9843;7.4700;In Fine;;réalisée;https://www.umoatitres.org/fr/emission/emission-simultanee-de-bons-assimilables-du-tresor-du-niger-du-25-05-2023/
Burkina Faso;ES (Titre 1);BAT;;2023-05-24;2023-05-25;2024-05-22;12;;30000;24031.0000;23031.0000;BF0000002501;multiple;;8.1000;;7.4220;8.0200;In Fine;;réalisée;https://www.umoatitres.org/fr/emission/emission-simultanee-dobligations-assimilables-du-tresor-du-burkina-du-24-05-2023/
Burkina Faso;ES (Titre 2);OAT;;2023-05-24;2023-05-25;2026-05-25;36;;30000;7185.9300;3185.9300;BF0000002519;6.0000;9306.4700;;9467.5000;;8.0700;In Fine;;réalisée;https://www.umoatitres.org/fr/emission/emission-simultanee-dobligations-assimilables-du-tresor-du-burkina-du-24-05-2023/
Burkina Faso;ES (Titre 3);OAT;;2023-05-24;2023-05-25;2030-05-11;84;;30000;3956.6600;3956.6600;BF0000002493;6.4000;9003.0000;;9377.6500;;7.5800;In Fine;;réalisée;https://www.umoatitres.org/fr/emission/emission-simultanee-dobligations-assimilables-du-tresor-du-burkina-du-24-05-2023/
Guinée Bissau;ES (Titre 2);BAT;;2023-05-23;2023-05-24;2024-05-21;12;;12500;9725.0000;9725.0000;GW0000000673;multiple;;8.0000;;7.1841;7.7500;In Fine;;réalisée;https://www.umoatitres.org/fr/emission/emission-simultanee-de-bons-et-obligations-assimilables-du-tresor-de-la-guinee-bissau-du-23-05-2023/
Guinée Bissau;ES (Titre 3);OAT;;2023-05-23;2023-05-24;2026-05-24;36;;12500;4152.3000;4025.0000;GW0000000681;6.2500;9300.0000;;9434.1200;;8.4600;In Fine;;réalisée;https://www.umoatitres.org/fr/emission/emission-simultanee-de-bons-et-obligations-assimilables-du-tresor-de-la-guinee-bissau-du-23-05-2023/
Mali;ES (Titre 1);BAT;;2023-05-17;2023-05-19;2024-05-16;12;;35000;27129.0000;25129.0000;ML0000002344;multiple;;7.9500;;7.6680;8.3100;In Fine;;réalisée;https://www.umoatitres.org/fr/emission/emission-simultanee-dobligations-assimilables-du-tresor-du-mali-du-17-05-2023/
Mali;ES (Titre 2);OAT;;2023-05-17;2023-05-19;2026-02-23;36;;35000;5062.0000;5003.0000;ML0000002203;5.9000;9423.0000;;9423.1100;;8.3000;In Fine;;réalisée;https://www.umoatitres.org/fr/emission/emission-simultanee-dobligations-assimilables-du-tresor-du-mali-du-17-05-2023/
Mali;ES (Titre 3);OAT;;2023-05-17;2023-05-19;2028-02-23;60;;35000;4000.0000;4000.0000;ML0000002211;6.2000;9298.0000;;9424.0000;;7.6800;In Fine;;réalisée;https://www.umoatitres.org/fr/emission/emission-simultanee-dobligations-assimilables-du-tresor-du-mali-du-17-05-2023/
Côte d'Ivoire;ES (Titre 1);BAT;;2023-05-16;2023-05-17;2023-08-15;3;;65000;47000.0000;47000.0000;CI0000006409;multiple;;6.1000;;6.0007;6.0900;In Fine;;réalisée;https://www.umoatitres.org/fr/emission/emission-simultanee-de-bons-et-obligations-assimilables-du-tresor-de-la-cote-divoire-du-16-05-2023/
Côte d'Ivoire;ES (Titre 2);BAT;;2023-05-16;2023-05-17;2024-05-14;12;;65000;5500.0000;5500.0000;CI0000006417;multiple;;6.5000;;6.4091;6.8500;In Fine;;réalisée;https://www.umoatitres.org/fr/emission/emission-simultanee-de-bons-et-obligations-assimilables-du-tresor-de-la-cote-divoire-du-16-05-2023/
Côte d'Ivoire;ES (Titre 3);OAT;;2023-05-16;2023-05-17;2026-05-17;36;;65000;15822.2000;15822.2000;CI0000006425;5.5000;9515.0000;;9535.4700;;7.2800;In Fine;;réalisée;https://www.umoatitres.org/fr/emission/emission-simultanee-de-bons-et-obligations-assimilables-du-tresor-de-la-cote-divoire-du-16-05-2023/
Sénégal;ES (Titre 1);BAT;;2023-05-12;2023-05-15;2023-11-12;6;;35000;42366.0000;31366.0000;SN0000002452;multiple;;6.4000;;6.1374;6.3300;In Fine;;réalisée;https://www.umoatitres.org/fr/emission/emission-simultanee-de-bons-et-obligations-assimilables-du-tresor-du-senegal-du-12-05-2023/
Sénégal;ES (Titre 2);BAT;;2023-05-12;2023-05-15;2024-05-12;12;;35000;9514.0000;4008.0000;SN0000002460;multiple;;6.3499;;6.2648;6.6900;In Fine;;réalisée;https://www.umoatitres.org/fr/emission/emission-simultanee-de-bons-et-obligations-assimilables-du-tresor-du-senegal-du-12-05-2023/
Sénégal;ES (Titre 3);OAT;;2023-05-12;2023-05-15;2026-05-15;36;;35000;7950.4900;3083.4200;SN0000002478;6.0000;9610.9900;;9740.2300;;6.9900;In Fine;;réalisée;https://www.umoatitres.org/fr/emission/emission-simultanee-de-bons-et-obligations-assimilables-du-tresor-du-senegal-du-12-05-2023/
Niger;ES (Titre 1);BAT;;2023-05-11;2023-05-12;2023-11-09;6;;30000;21176.0000;21176.0000;NE0000001815;multiple;;7.8000;;7.3305;7.6100;In Fine;;réalisée;https://www.umoatitres.org/fr/emission/emission-simultanee-de-bons-et-obligations-assimilables-du-tresor-du-niger-du-11-05-2023/
Niger;ES (Titre 2);BAT;;2023-05-11;2023-05-12;2024-05-09;12;;30000;4050.0000;4050.0000;NE0000001823;multiple;;7.6200;;7.0605;7.6000;In Fine;;réalisée;https://www.umoatitres.org/fr/emission/emission-simultanee-de-bons-et-obligations-assimilables-du-tresor-du-niger-du-11-05-2023/
Niger;ES (Titre 3);OAT;;2023-05-11;2023-05-12;2026-04-17;36;;30000;5733.6500;5733.6500;NE0000001781;5.9000;9300.0000;;9473.9100;;7.9800;In Fine;;réalisée;https://www.umoatitres.org/fr/emission/emission-simultanee-de-bons-et-obligations-assimilables-du-tresor-du-niger-du-11-05-2023/
Burkina Faso;ES (Titre 1);BAT;;2023-05-10;2023-05-11;2023-11-08;6;;30000;15130.0000;15130.0000;BF0000002477;multiple;;7.5010;;7.1609;7.4300;In Fine;;réalisée;https://www.umoatitres.org/fr/emission/emission-simultanee-de-bons-assimilables-du-tresor-du-burkina-du-10-05-2023/
Burkina Faso;ES (Titre 2);OAT;;2023-05-10;2023-05-11;2026-05-11;36;;30000;13111.9300;9000.0000;BF0000002485;6.0000;9408.4700;;9493.1000;;7.9700;In Fine;;réalisée;https://www.umoatitres.org/fr/emission/emission-simultanee-de-bons-assimilables-du-tresor-du-burkina-du-10-05-2023/
Burkina Faso;ES (Titre 3);OAT;;2023-05-10;2023-05-11;2030-05-11;84;;30000;5119.7800;5119.7800;BF0000002493;6.4000;9001.0000;;9456.6400;;7.4200;In Fine;;réalisée;https://www.umoatitres.org/fr/emission/emission-simultanee-de-bons-assimilables-du-tresor-du-burkina-du-10-05-2023/
Côte d'Ivoire;ES (Titre 1);BAT;Adjudication Ciblée;2023-05-09;2023-05-10;2023-08-08;3;;70000;28250.0000;3491.0000;CI0000006342;multiple;;6.0000;;5.9161;6.0100;In Fine;;réalisée;https://www.umoatitres.org/fr/emission/emission-simultanee-de-bons-et-obligations-assimilables-du-tresor-de-la-cote-divoire-du-09-05-2023/
Côte d'Ivoire;ES (Titre 2);BAT;Adjudication Ciblée;2023-05-09;2023-05-10;2023-11-07;6;;70000;31935.0000;31935.0000;CI0000006359;multiple;;6.3500;;6.3423;6.5500;In Fine;;réalisée;https://www.umoatitres.org/fr/emission/emission-simultanee-de-bons-et-obligations-assimilables-du-tresor-de-la-cote-divoire-du-09-05-2023/
Côte d'Ivoire;ES (Titre 3);BAT;Adjudication Ciblée;2023-05-09;2023-05-10;2024-05-07;12;;70000;15654.0000;15654.0000;CI0000006367;multiple;;6.5501;;6.4272;6.8700;In Fine;;réalisée;https://www.umoatitres.org/fr/emission/emission-simultanee-de-bons-et-obligations-assimilables-du-tresor-de-la-cote-divoire-du-09-05-2023/
Côte d'Ivoire;ES (Titre 4);OAT;Adjudication Ciblée;2023-05-09;2023-05-10;2026-05-10;36;;70000;26170.4500;25920.0000;CI0000006375;6.0000;9650.0000;;9683.4800;;7.2100;In Fine;;réalisée;https://www.umoatitres.org/fr/emission/emission-simultanee-de-bons-et-obligations-assimilables-du-tresor-de-la-cote-divoire-du-09-05-2023/
Togo;ES (Titre 1);BAT;;2023-05-05;2023-05-08;2023-11-05;6;;30000;47289.0000;25411.0000;TG0000002104;multiple;;7.3000;;6.7947;7.0400;In Fine;;réalisée;https://www.umoatitres.org/fr/emission/emission-simultanee-de-bons-et-obligations-assimilables-du-tresor-du-togo-du-05-05-2023/
Togo;ES (Titre 3);OAT;;2023-05-05;2023-05-08;2026-05-08;36;;30000;7589.0400;7589.0000;TG0000002120;6.0000;9600.0000;;9706.7900;;7.1200;In Fine;;réalisée;https://www.umoatitres.org/fr/emission/emission-simultanee-de-bons-et-obligations-assimilables-du-tresor-du-togo-du-05-05-2023/
Mali;ES (Titre 1);BAT;;2023-05-03;2023-05-04;2023-11-01;6;;30000;26100.0000;26100.0000;ML0000002336;multiple;;7.5000;;7.1870;7.4600;In Fine;;réalisée;https://www.umoatitres.org/fr/emission/emission-simultanee-de-bons-et-obligations-assimilables-du-tresor-du-mali-du-03-05-2023/
Mali;ES (Titre 3);OAT;;2023-05-03;2023-05-04;2028-02-23;60;;30000;4241.6300;4241.6300;ML0000002211;6.2000;9300.0000;;9434.2000;;7.6400;In Fine;;réalisée;https://www.umoatitres.org/fr/emission/emission-simultanee-de-bons-et-obligations-assimilables-du-tresor-du-mali-du-03-05-2023/
Sénégal;ES (Titre 1);BAT;;2023-04-28;2023-05-02;2023-10-30;6;;50000;37134.0000;5900.0000;SN0000002387;multiple;;6.1500;;5.9652;6.1500;In Fine;;réalisée;https://www.umoatitres.org/fr/emission/emission-simultanee-de-bons-et-obligations-assimilables-du-tresor-du-senegal-du-28-04-2023/
Sénégal;ES (Titre 3);OAT;;2023-04-28;2023-05-02;2026-05-02;36;;50000;49109.3000;49100.0000;SN0000002445;6.0000;9500.0000;;9870.2000;;6.4900;In Fine;;réalisée;https://www.umoatitres.org/fr/emission/emission-simultanee-de-bons-et-obligations-assimilables-du-tresor-du-senegal-du-28-04-2023/
Niger;ES (Titre 1);BAT;;2023-04-27;2023-04-28;2023-10-26;6;;40000;35939.0000;35939.0000;NE0000001799;multiple;;7.6000;;7.0054;7.2600;In Fine;;réalisée;https://www.umoatitres.org/fr/emission/emission-simultanee-de-bons-et-obligations-assimilables-du-tresor-du-niger-du-27-04-2023/
Niger;ES (Titre 2);BAT;;2023-04-27;2023-04-28;2024-04-25;12;;40000;5130.0000;5130.0000;NE0000001807;multiple;;7.5000;;7.3242;7.9100;In Fine;;réalisée;https://www.umoatitres.org/fr/emission/emission-simultanee-de-bons-et-obligations-assimilables-du-tresor-du-niger-du-27-04-2023/
Burkina Faso;ES (Titre 1);BAT;;2023-04-26;2023-04-27;2023-10-25;6;;30000;18235.0000;18235.0000;BF0000002469;multiple;;7.4000;;7.0149;7.2700;In Fine;;réalisée;https://www.umoatitres.org/fr/emission/emission-simultanee-de-bons-et-obligations-assimilables-du-tresor-du-burkina-faso-du-26-04-2023/
Burkina Faso;ES (Titre 2);OAT;;2023-04-26;2023-04-27;2026-03-30;36;;30000;6551.0000;6551.0000;BF0000002386;5.7000;9255.0000;;9583.4100;;7.3300;In Fine;;réalisée;https://www.umoatitres.org/fr/emission/emission-simultanee-de-bons-et-obligations-assimilables-du-tresor-du-burkina-faso-du-26-04-2023/
Burkina Faso;ES (Titre 3);OAT;;2023-04-26;2023-04-27;2028-02-16;60;;30000;7402.5000;7402.5000;BF0000002329;5.9500;9250.0000;;9530.8200;;7.1300;In Fine;;réalisée;https://www.umoatitres.org/fr/emission/emission-simultanee-de-bons-et-obligations-assimilables-du-tresor-du-burkina-faso-du-26-04-2023/
Côte d'Ivoire;ES (Titre 1);BAT;;2023-04-25;2023-04-26;2023-07-25;3;;60000;56100.0000;41884.0000;CI0000006300;multiple;;6.0000;;5.7172;5.8000;In Fine;;réalisée;https://www.umoatitres.org/fr/emission/emission-de-bons-assimilables-du-tresor-de-la-cote-divoire-du-25-04-2023/
Côte d'Ivoire;ES (Titre 2);BAT;;2023-04-25;2023-04-26;2024-04-23;12;;60000;21500.0000;21500.0000;CI0000006318;multiple;;6.5501;;6.4794;6.9300;In Fine;;réalisée;https://www.umoatitres.org/fr/emission/emission-de-bons-assimilables-du-tresor-de-la-cote-divoire-du-25-04-2023/
Côte d'Ivoire;ES (Titre 3);OAT;;2023-04-25;2023-04-26;2026-04-18;36;;60000;2615.9500;2615.9500;CI0000006284;5.3000;9567.0000;;9729.8500;;6.3200;In Fine;;réalisée;https://www.umoatitres.org/fr/emission/emission-de-bons-assimilables-du-tresor-de-la-cote-divoire-du-25-04-2023/
Togo;ES (Titre 1);BAT;;2023-04-24;2023-04-25;2023-10-23;6;;30000;31000.0000;26000.0000;TG0000002096;multiple;;7.4000;;6.3762;6.5900;In Fine;;réalisée;https://www.umoatitres.org/fr/emission/emission-simultanee-de-bons-et-obligations-assimilables-du-tresor-du-togo-du-24-04-2023/
Togo;ES (Titre 2);OAT;;2023-04-24;2023-04-25;2026-03-27;36;;30000;9000.0000;7000.0000;TG0000002054;5.7000;9500.0000;;9744.6400;;6.6900;In Fine;;réalisée;https://www.umoatitres.org/fr/emission/emission-simultanee-de-bons-et-obligations-assimilables-du-tresor-du-togo-du-24-04-2023/
Bénin;ES (Titre 1);BAT;;2023-05-04;2023-05-05;2023-11-02;6;;35000;33900.0000;28500.0000;BJ0000001848;multiple;;6.5000;;6.3576;6.5700;In Fine;;réalisée;https://www.umoatitres.org/fr/emission/emission-simultanee-de-bons-et-obligations-assimilables-du-tresor-du-benin-du-04-05-2023/
Bénin;ES (Titre 3);OAT;;2023-05-04;2023-05-05;2026-05-05;36;;35000;12419.7700;10000.0000;BJ0000001863;5.5000;9850.0000;;9875.0000;;5.9700;In Fine;;réalisée;https://www.umoatitres.org/fr/emission/emission-simultanee-de-bons-et-obligations-assimilables-du-tresor-du-benin-du-04-05-2023/
Côte d'Ivoire;ES (Titre 1);BAT;;2023-04-17;2023-04-18;2023-10-16;6;;60000;52500.0000;40399.0000;CI0000006268;multiple;;6.5000;;6.3461;6.5600;In Fine;;réalisée;https://www.umoatitres.org/fr/emission/emission-simultanee-de-bons-et-obligations-assimilables-du-tresor-de-cote-divoire-du-17-04-2023/
Côte d'Ivoire;ES (Titre 2);BAT;;2023-04-17;2023-04-18;2024-04-15;12;;60000;21500.0000;21500.0000;CI0000006276;multiple;;6.5530;;6.4003;6.8400;In Fine;;réalisée;https://www.umoatitres.org/fr/emission/emission-simultanee-de-bons-et-obligations-assimilables-du-tresor-de-cote-divoire-du-17-04-2023/
Côte d'Ivoire;ES (Titre 3);OAT;;2023-04-17;2023-04-18;2026-04-18;36;;60000;4101.8400;4101.0000;CI0000006284;5.3000;9528.0500;;9648.6200;;6.6300;In Fine;;réalisée;https://www.umoatitres.org/fr/emission/emission-simultanee-de-bons-et-obligations-assimilables-du-tresor-de-cote-divoire-du-17-04-2023/
Mali;ES (Titre 1);BAT;;2023-04-19;2023-04-20;2023-10-18;6;;30000;19630.0000;19630.0000;ML0000002328;multiple;;7.4000;;6.8760;7.1200;In Fine;;réalisée;https://www.umoatitres.org/fr/emission/emission-simultanee-de-bons-et-obligations-assimilables-du-tresor-du-mali-du-19-04-2023/
Mali;ES (Titre 2);BAT;;2023-04-19;2023-04-20;2024-04-03;12;;30000;8500.0000;8500.0000;ML0000002294;multiple;;7.5000;;7.0000;7.5100;In Fine;;réalisée;https://www.umoatitres.org/fr/emission/emission-simultanee-de-bons-et-obligations-assimilables-du-tresor-du-mali-du-19-04-2023/
Mali;ES (Titre 3);OAT;;2023-04-19;2023-04-20;2026-04-06;36;;30000;2004.0000;2004.0000;ML0000002302;5.9000;9450.0000;;9500.5900;;7.8500;In Fine;;réalisée;https://www.umoatitres.org/fr/emission/emission-simultanee-de-bons-et-obligations-assimilables-du-tresor-du-mali-du-19-04-2023/
Guinée Bissau;ES (Titre 1);BAT;;2023-04-18;2023-04-19;2023-10-17;6;;15000;13221.0000;9900.0000;GW0000000640;multiple;;7.0000;;6.7897;7.0300;In Fine;;réalisée;https://www.umoatitres.org/fr/emission/emission-simultanee-de-bons-assimilables-du-tresor-de-guinee-bissau-du-18-04-2023/
Guinée Bissau;ES (Titre 2);BAT;;2023-04-18;2023-04-19;2024-04-16;12;;15000;6600.0000;6600.0000;GW0000000657;multiple;;7.0000;;6.7497;7.2400;In Fine;;réalisée;https://www.umoatitres.org/fr/emission/emission-simultanee-de-bons-assimilables-du-tresor-de-guinee-bissau-du-18-04-2023/
Niger;ES (Titre 1);BAT;;2023-04-14;2023-04-17;2023-10-15;6;;30000;34690.0000;23100.0000;NE0000001765;multiple;;6.7260;;6.4427;6.6600;In Fine;;réalisée;https://www.umoatitres.org/fr/emission/emission-simultanee-de-bons-et-obligations-assimilables-du-tresor-du-niger-du-14-04-2023/
Niger;ES (Titre 2);BAT;;2023-04-14;2023-04-17;2024-04-14;12;;30000;9000.0000;8900.0000;NE0000001773;multiple;;6.6300;;6.2671;6.6900;In Fine;;réalisée;https://www.umoatitres.org/fr/emission/emission-simultanee-de-bons-et-obligations-assimilables-du-tresor-du-niger-du-14-04-2023/
Niger;ES (Titre 3);OAT;;2023-04-14;2023-04-17;2026-04-17;36;;30000;1000.0000;1000.0000;NE0000001781;5.9000;9700.0000;;9700.0000;;7.0400;In Fine;;réalisée;https://www.umoatitres.org/fr/emission/emission-simultanee-de-bons-et-obligations-assimilables-du-tresor-du-niger-du-14-04-2023/
Sénégal;ES (Titre 1);BAT;;2023-04-13;2023-04-14;2023-07-13;3;;50000;49664.0000;39000.0000;SN0000002346;multiple;;5.7500;;5.4294;5.5000;In Fine;;réalisée;https://www.umoatitres.org/fr/emission/emission-simultanee-de-bons-et-obligations-assimilables-du-tresor-du-senegal-du-13-04-2023/
Sénégal;ES (Titre 2);BAT;;2023-04-13;2023-04-14;2024-04-11;12;;50000;22370.0000;16000.0000;SN0000002353;multiple;;6.2499;;6.2452;6.6700;In Fine;;réalisée;https://www.umoatitres.org/fr/emission/emission-simultanee-de-bons-et-obligations-assimilables-du-tresor-du-senegal-du-13-04-2023/
Burkina Faso;ES (Titre 1);BAT;;2023-04-12;2023-04-13;2023-09-13;6;;30000;19295.0000;9295.0000;BF0000002352;multiple;;7.0000;;6.1413;6.3100;In Fine;;réalisée;https://www.umoatitres.org/fr/emission/emission-simultanee-de-bons-et-obligations-assimilables-du-tresor-du-burkina-du-12-04-2023/
Burkina Faso;ES (Titre 2);OAT;;2023-04-12;2023-04-13;2026-03-16;36;;30000;12120.0000;6751.3800;BF0000002360;5.7000;9550.0000;-1.0000;9624.2400;;7.1600;In Fine;;réalisée;https://www.umoatitres.org/fr/emission/emission-simultanee-de-bons-et-obligations-assimilables-du-tresor-du-burkina-du-12-04-2023/
Burkina Faso;ES (Titre 3);OAT;;2023-04-12;2023-04-13;2028-04-13;60;;30000;16953.6200;16953.6200;BF0000002451;5.9500;9403.0000;;9706.6200;;6.6600;In Fine;;réalisée;https://www.umoatitres.org/fr/emission/emission-simultanee-de-bons-et-obligations-assimilables-du-tresor-du-burkina-du-12-04-2023/
Côte d'Ivoire;ES (Titre 1);BAT;;2023-04-06;2023-04-07;2023-10-05;6;;65000;67258.0000;67258.0000;CI0000006243;multiple;;6.4000;;6.1453;6.3400;In Fine;;réalisée;https://www.umoatitres.org/fr/emission/emission-simultanee-de-bons-assimilables-du-tresor-de-cote-divoire-du-06-04-2023/
Côte d'Ivoire;ES (Titre 2);BAT;;2023-04-06;2023-04-07;2024-04-04;12;;65000;955.0000;955.0000;CI0000006250;multiple;;6.1500;;5.9764;6.3600;In Fine;;réalisée;https://www.umoatitres.org/fr/emission/emission-simultanee-de-bons-assimilables-du-tresor-de-cote-divoire-du-06-04-2023/
Togo;ES (Titre 1);BAT;;2023-04-07;2023-04-11;2023-10-09;6;;30000;19015.0000;19015.0000;TG0000002088;multiple;;7.0000;;6.6526;6.8800;In Fine;;réalisée;https://www.umoatitres.org/fr/emission/emission-simultanee-de-bons-et-obligations-assimilables-du-tresor-du-togo-du-07-04-2023/
Togo;ES (Titre 2);OAT;;2023-04-07;2023-04-11;2026-03-27;36;;30000;1617.5700;1617.5700;TG0000002054;5.7000;9500.0000;;9589.4700;;7.2900;In Fine;;réalisée;https://www.umoatitres.org/fr/emission/emission-simultanee-de-bons-et-obligations-assimilables-du-tresor-du-togo-du-07-04-2023/
Togo;ES (Titre 3);OAT;;2023-04-07;2023-04-11;2028-03-27;60;;30000;12881.3000;11431.3000;TG0000002062;6.0000;9501.0000;;9582.0800;;7.0300;In Fine;;réalisée;https://www.umoatitres.org/fr/emission/emission-simultanee-de-bons-et-obligations-assimilables-du-tresor-du-togo-du-07-04-2023/
Mali;ES (Titre 1);BAT;;2023-04-05;2023-04-06;2024-04-03;12;;35000;5050.0000;5050.0000;ML0000002294;multiple;;6.8500;;6.7574;7.2500;In Fine;;réalisée;https://www.umoatitres.org/fr/emission/emission-simultanee-de-bons-et-obligations-assimilables-du-tresor-du-mali-du-05-04-2023/
Mali;ES (Titre 2);OAT;;2023-04-05;2023-04-06;2026-04-06;36;;35000;380.8000;380.8000;ML0000002302;5.9000;9500.0000;;9500.0000;;7.8300;In Fine;;réalisée;https://www.umoatitres.org/fr/emission/emission-simultanee-de-bons-et-obligations-assimilables-du-tresor-du-mali-du-05-04-2023/
Mali;ES (Titre 3);OAT;;2023-04-05;2023-04-06;2028-04-06;60;;35000;5042.5000;5042.5000;ML0000002310;6.2000;9450.0000;;9461.9500;;7.5300;In Fine;;réalisée;https://www.umoatitres.org/fr/emission/emission-simultanee-de-bons-et-obligations-assimilables-du-tresor-du-mali-du-05-04-2023/
Togo;ES (Titre 1);BAT;;2023-03-24;2023-03-27;2024-03-24;12;;40000;8060.0000;7060.0000;TG0000002047;multiple;;6.2500;;5.9275;6.3100;In Fine;;réalisée;https://www.umoatitres.org/fr/emission/emission-simultanee-de-bons-et-obligations-assimilables-du-tresor-du-togo-du-24-03-2023/
Togo;ES (Titre 2);OAT;;2023-03-24;2023-03-27;2026-03-27;36;;40000;200.0000;100.0000;TG0000002054;5.7000;9700.0000;;9700.0000;;6.8400;In Fine;;réalisée;https://www.umoatitres.org/fr/emission/emission-simultanee-de-bons-et-obligations-assimilables-du-tresor-du-togo-du-24-03-2023/
Togo;ES (Titre 3);OAT;;2023-03-24;2023-03-27;2028-03-27;60;;40000;1417.4800;1417.4800;TG0000002062;6.0000;9501.0000;;9643.4500;;6.8700;In Fine;;réalisée;https://www.umoatitres.org/fr/emission/emission-simultanee-de-bons-et-obligations-assimilables-du-tresor-du-togo-du-24-03-2023/
Niger;ES (Titre 1);BAT;;2023-03-30;2023-03-31;2023-09-28;6;;30000;27000.0000;27000.0000;NE0000001732;multiple;;7.0000;;6.5444;6.7700;In Fine;;réalisée;https://www.umoatitres.org/fr/emission/emission-simultanee-de-bons-et-obligations-assimilables-du-tresor-du-niger-du-30-03-2023/
Burkina Faso;ES (Titre 1);BAT;;2023-03-29;2023-03-30;2023-06-28;3;;30000;13580.0000;8580.0000;BF0000002378;multiple;;6.2500;;5.9048;5.9900;In Fine;;réalisée;https://www.umoatitres.org/fr/emission/emission-simultanee-dobligations-assimilables-du-tresor-du-burkina-du-29-03-2023/
Burkina Faso;ES (Titre 2);OAT;;2023-03-29;2023-03-30;2026-03-30;36;;30000;4545.0000;3772.0000;BF0000002386;5.7000;9550.0000;;9611.1800;;7.1900;In Fine;;réalisée;https://www.umoatitres.org/fr/emission/emission-simultanee-dobligations-assimilables-du-tresor-du-burkina-du-29-03-2023/
Burkina Faso;ES (Titre 3);OAT;;2023-03-29;2023-03-30;2028-02-16;60;;30000;10470.0000;10470.0000;BF0000002329;5.9500;9500.1000;;9659.4100;;6.7900;In Fine;;réalisée;https://www.umoatitres.org/fr/emission/emission-simultanee-dobligations-assimilables-du-tresor-du-burkina-du-29-03-2023/
Côte d'Ivoire;ES (Titre 1);BAT;;2023-03-28;2023-03-29;2023-09-19;6;;85000;79000.0000;79000.0000;CI0000006219;multiple;;6.1500;;5.9076;6.0900;In Fine;;réalisée;https://www.umoatitres.org/fr/emission/emission-simultanee-de-bons-et-obligations-assimilables-du-tresor-de-cote-divoire-du-28-03-2023/
Côte d'Ivoire;ES (Titre 2);OAT;;2023-03-28;2023-03-29;2026-03-15;36;;85000;5616.6000;5000.0000;CI0000006185;5.3000;9750.0000;;9810.0000;;6.0200;In Fine;;réalisée;https://www.umoatitres.org/fr/emission/emission-simultanee-de-bons-et-obligations-assimilables-du-tresor-de-cote-divoire-du-28-03-2023/
Côte d'Ivoire;ES (Titre 1);BAT;;2023-03-17;2023-03-20;2023-06-13;3;;80000;66009.0000;66009.0000;CI0000006177;multiple;;5.7000;;5.4550;5.5300;In Fine;;réalisée;https://www.umoatitres.org/fr/emission/emission-simultanee-de-bons-et-obligations-assimilables-du-tresor-de-cote-divoire-du-17-03-2023/
Côte d'Ivoire;ES (Titre 2);OAT;;2023-03-17;2023-03-20;2026-03-15;36;;80000;14003.0000;14003.0000;CI0000006185;5.3000;9700.0000;;9700.3300;;6.4300;In Fine;;réalisée;https://www.umoatitres.org/fr/emission/emission-simultanee-de-bons-et-obligations-assimilables-du-tresor-de-cote-divoire-du-17-03-2023/
Niger;ES (Titre 1);BAT;;2023-03-16;2023-03-17;2023-09-14;6;;35000;21000.0000;21000.0000;NE0000001716;multiple;;6.7275;;6.3394;6.5500;In Fine;;réalisée;https://www.umoatitres.org/fr/emission/emission-simultanee-de-bons-et-obligations-assimilables-du-tresor-du-niger-du-16-03-2023/
Niger;ES (Titre 2);BAT;;2023-03-16;2023-03-17;2024-03-14;12;;35000;3500.0000;3500.0000;NE0000001724;multiple;;5.9000;;5.5043;5.8300;In Fine;;réalisée;https://www.umoatitres.org/fr/emission/emission-simultanee-de-bons-et-obligations-assimilables-du-tresor-du-niger-du-16-03-2023/
Niger;ES (Titre 3);OAT;;2023-03-16;2023-03-17;2026-02-03;36;;35000;10106.0000;10106.0000;NE0000001658;5.6000;9500.0000;;9716.5400;;6.7100;In Fine;;réalisée;https://www.umoatitres.org/fr/emission/emission-simultanee-de-bons-et-obligations-assimilables-du-tresor-du-niger-du-16-03-2023/
Burkina Faso;ES (Titre 1);BAT;;2023-03-15;2023-03-16;2023-09-13;6;;30000;4560.0000;4560.0000;BF0000002352;multiple;;5.8900;;5.1254;5.2600;In Fine;;réalisée;https://www.umoatitres.org/fr/emission/emission-simultanee-de-bons-et-obligations-assimilables-du-tresor-du-burkina-du-15-03-2023/
Burkina Faso;ES (Titre 2);OAT;;2023-03-15;2023-03-16;2026-03-16;36;;30000;6200.0000;6200.0000;BF0000002360;5.7000;9600.0000;;9721.6100;;6.7600;In Fine;;réalisée;https://www.umoatitres.org/fr/emission/emission-simultanee-de-bons-et-obligations-assimilables-du-tresor-du-burkina-du-15-03-2023/
Togo;ES (Titre 1);BAT;;2023-03-10;2023-03-13;2023-06-11;3;;25000;5225.0000;5225.0000;TG0000002039;multiple;;5.5000;;5.3349;5.4100;In Fine;;réalisée;https://www.umoatitres.org/fr/emission/emission-simultanee-de-bons-et-obligations-assimilables-du-tresor-du-togo-du-10-03-2023/
Togo;ES (Titre 2);OAT;;2023-03-10;2023-03-13;2028-01-30;60;;25000;4456.0000;4456.0000;TG0000001965;5.7000;9520.0000;;9569.4100;;6.7600;In Fine;;réalisée;https://www.umoatitres.org/fr/emission/emission-simultanee-de-bons-et-obligations-assimilables-du-tresor-du-togo-du-10-03-2023/
Mali;ES (Titre 1);BAT;;2023-03-08;2023-03-09;2023-09-06;6;;30000;7060.0000;4060.0000;ML0000002229;multiple;;5.9500;;5.6991;5.8700;In Fine;;réalisée;https://www.umoatitres.org/fr/emission/emission-simultanee-de-bons-et-obligations-assimilables-du-tresor-du-mali-du-08-03-2023/
Mali;ES (Titre 2);OAT;;2023-03-08;2023-03-09;2026-03-09;36;;30000;1500.0000;1500.0000;ML0000002237;5.9000;9482.8500;;9488.7600;;7.8800;In Fine;;réalisée;https://www.umoatitres.org/fr/emission/emission-simultanee-de-bons-et-obligations-assimilables-du-tresor-du-mali-du-08-03-2023/
Mali;ES (Titre 3);OAT;;2023-03-08;2023-03-09;2028-03-09;60;;30000;1787.0000;1787.0000;ML0000002245;6.2000;9451.0000;;9498.4900;;7.4400;In Fine;;réalisée;https://www.umoatitres.org/fr/emission/emission-simultanee-de-bons-et-obligations-assimilables-du-tresor-du-mali-du-08-03-2023/
Côte d'Ivoire;ES (Titre 1);BAT;;2023-02-28;2023-03-01;2023-08-29;6;;85000;22200.0000;22200.0000;CI0000006136;multiple;;5.5000;;5.0644;5.2000;In Fine;;réalisée;https://www.umoatitres.org/fr/emission/emission-simultanee-de-bons-et-obligations-assimilables-du-tresor-de-cote-divoire-du-28-02-2023/
Togo;ES (Titre 1);BAT;;2023-02-24;2023-02-27;2024-02-25;12;;35000;6500.0000;6500.0000;TG0000002005;multiple;;5.5000;;5.0708;5.3400;In Fine;;réalisée;https://www.umoatitres.org/fr/emission/emission-simultanee-de-bons-et-obligations-assimilables-du-tresor-du-togo-du-24-02-2023/
Togo;ES (Titre 2);OAT;;2023-02-24;2023-02-27;2026-02-27;36;;35000;7588.5000;6588.5000;TG0000002013;5.5000;9510.0000;;9571.4700;;7.1400;In Fine;;réalisée;https://www.umoatitres.org/fr/emission/emission-simultanee-de-bons-et-obligations-assimilables-du-tresor-du-togo-du-24-02-2023/
Togo;ES (Titre 3);OAT;;2023-02-24;2023-02-27;2028-02-27;60;;35000;2535.8700;1035.8700;TG0000002021;5.7000;9509.9900;;9557.5100;;6.7700;In Fine;;réalisée;https://www.umoatitres.org/fr/emission/emission-simultanee-de-bons-et-obligations-assimilables-du-tresor-du-togo-du-24-02-2023/
Guinée Bissau;ES (Titre 1);BAT;;2023-02-21;2023-02-22;2023-05-23;3;;12500;4050.0000;3050.0000;GW0000000616;multiple;;5.5000;;4.8789;4.9400;In Fine;;réalisée;https://www.umoatitres.org/fr/emission/emission-simultanee-de-bons-et-obligations-assimilables-du-tresor-de-guinee-bissau-du-21-02-2023/
Guinée Bissau;ES (Titre 2);OAT;;2023-02-21;2023-02-22;2030-02-22;84;;12500;2700.0000;2600.0000;GW0000000624;6.3000;9500.0000;;9524.3200;;7.1900;In Fine;;réalisée;https://www.umoatitres.org/fr/emission/emission-simultanee-de-bons-et-obligations-assimilables-du-tresor-de-guinee-bissau-du-21-02-2023/
Mali;ES (Titre 1);OAT;;2023-02-22;2023-02-23;2026-02-23;36;;35000;11496.0000;11491.0000;ML0000002203;5.9000;9475.0100;;9676.4700;;7.1400;In Fine;;réalisée;https://www.umoatitres.org/fr/emission/emission-simultanee-dobligations-assimilables-du-tresor-du-mali-du-22-02-2023/
Mali;ES (Titre 2);OAT;;2023-02-22;2023-02-23;2028-02-23;60;;35000;1426.0000;1426.0000;ML0000002211;6.2000;9451.0000;;9495.6000;;7.4400;In Fine;;réalisée;https://www.umoatitres.org/fr/emission/emission-simultanee-dobligations-assimilables-du-tresor-du-mali-du-22-02-2023/
Sénégal;ES (Titre 2);OAT;;2023-02-17;2023-02-20;2026-02-20;36;;40000;38756.8700;34756.8700;SN0000002296;5.5000;9505.0000;;9623.1400;;6.9300;In Fine;;réalisée;https://www.umoatitres.org/fr/emission/emission-simultanee-de-bons-et-obligations-assimilables-du-tresor-du-senegal-du-17-02-2023/
Niger;ES (Titre 1);BAT;;2023-02-16;2023-02-17;2024-02-15;12;;35000;13400.0000;13400.0000;NE0000001666;multiple;;5.5000;;5.0906;5.3700;In Fine;;réalisée;https://www.umoatitres.org/fr/emission/emission-simultanee-de-bons-et-obligations-assimilables-du-tresor-du-niger-du-16-02-2023/
Niger;ES (Titre 2);OAT;;2023-02-16;2023-02-17;2030-02-17;84;;35000;4731.8000;4731.8000;NE0000001674;6.0000;9506.0000;;9702.2500;;6.5400;In Fine;;réalisée;https://www.umoatitres.org/fr/emission/emission-simultanee-de-bons-et-obligations-assimilables-du-tresor-du-niger-du-16-02-2023/
Côte d'Ivoire;ES (Titre 1);BAT;;2023-02-14;2023-02-15;2023-08-15;6;;65000;58974.0000;32974.0000;CI0000006037;multiple;;4.0000;;3.8642;3.9400;In Fine;;réalisée;https://www.umoatitres.org/fr/emission/emission-simultanee-de-bons-assimilables-du-tresor-de-cote-divoire-du-14-02-2023/
Côte d'Ivoire;ES (Titre 2);BAT;;2023-02-14;2023-02-15;2024-02-13;12;;65000;32000.0000;12000.0000;CI0000006128;multiple;;4.5000;;4.5000;4.7100;In Fine;;réalisée;https://www.umoatitres.org/fr/emission/emission-simultanee-de-bons-assimilables-du-tresor-de-cote-divoire-du-14-02-2023/
Burkina Faso;ES (Titre 1);BAT;;2023-02-15;2023-02-16;2023-08-16;6;;30000;12255.0000;8200.0000;BF0000002311;multiple;;4.8000;;4.5439;4.6500;In Fine;;réalisée;https://www.umoatitres.org/fr/emission/emission-simultanee-de-bons-et-obligations-assimilables-du-tresor-du-burkina-du-15-02-2023/
Burkina Faso;ES (Titre 2);OAT;;2023-02-15;2023-02-16;2028-02-16;60;;30000;25231.0000;21731.0000;BF0000002329;5.9500;9501.7500;;9628.7600;;6.8500;In Fine;;réalisée;https://www.umoatitres.org/fr/emission/emission-simultanee-de-bons-et-obligations-assimilables-du-tresor-du-burkina-du-15-02-2023/
Togo;ES (Titre 1);BAT;;2023-02-10;2023-02-13;2023-05-14;3;;35000;24500.0000;15100.0000;TG0000001973;multiple;;4.1000;;3.8742;3.9100;In Fine;;réalisée;https://www.umoatitres.org/fr/emission/emission-simultanee-de-bons-et-obligations-assimilables-du-tresor-du-togo-du-10-02-2023/
Togo;ES (Titre 2);OAT;;2023-02-10;2023-02-13;2026-02-13;36;;35000;19007.0000;10007.0000;TG0000001981;5.5000;9670.0000;;9787.2400;;6.3000;In Fine;;réalisée;https://www.umoatitres.org/fr/emission/emission-simultanee-de-bons-et-obligations-assimilables-du-tresor-du-togo-du-10-02-2023/
Togo;ES (Titre 3);OAT;;2023-02-10;2023-02-13;2028-02-13;60;;35000;12691.7000;9691.7000;TG0000001999;5.7000;9585.5100;;9691.9400;;6.4400;In Fine;;réalisée;https://www.umoatitres.org/fr/emission/emission-simultanee-de-bons-et-obligations-assimilables-du-tresor-du-togo-du-10-02-2023/
Côte d'Ivoire;ES (Titre 1);BAT;;2023-02-07;2023-02-08;2023-05-09;3;;65000;66100.0000;40000.0000;CI0000005856;multiple;;3.5000;;3.2347;3.2600;In Fine;;réalisée;https://www.umoatitres.org/fr/emission/emission-simultanee-de-bons-assimilables-du-tresor-de-cote-divoire-du-07-02-2023/
Côte d'Ivoire;ES (Titre 2);OAT;;2023-02-07;2023-02-08;2026-02-08;36;;65000;38000.0000;22000.0000;CI0000005922;5.3000;9800.0000;;9803.4100;;6.0400;In Fine;;réalisée;https://www.umoatitres.org/fr/emission/emission-simultanee-de-bons-assimilables-du-tresor-de-cote-divoire-du-07-02-2023/
Mali;ES (Titre 1);BAT;;2023-02-08;2023-02-09;2023-05-10;3;;35000;13515.0000;5015.0000;ML0000002195;multiple;;4.2500;;4.1446;4.1900;In Fine;;réalisée;https://www.umoatitres.org/fr/emission/emission-simultanee-de-bons-et-obligations-assimilables-du-tresor-du-mali-du-08-02-2023/
Mali;ES (Titre 2);OAT;;2023-02-08;2023-02-09;2026-01-26;36;;35000;9830.0000;7830.0000;ML0000002179;5.9000;9475.0100;;9584.6100;;7.5100;In Fine;;réalisée;https://www.umoatitres.org/fr/emission/emission-simultanee-de-bons-et-obligations-assimilables-du-tresor-du-mali-du-08-02-2023/
Mali;ES (Titre 3);OAT;;2023-02-08;2023-02-09;2028-01-26;60;;35000;20262.0600;19262.0600;ML0000002187;6.2000;9400.0000;;9620.2100;;7.1300;In Fine;;réalisée;https://www.umoatitres.org/fr/emission/emission-simultanee-de-bons-et-obligations-assimilables-du-tresor-du-mali-du-08-02-2023/
Bénin;ES (Titre 2);OAT;;2023-02-09;2023-02-10;2026-01-13;36;;15000;28505.0000;4000.0000;BJ0000001806;5.2000;9786.0000;;9843.0000;;5.8000;In Fine;;réalisée;https://www.umoatitres.org/fr/emission/emission-simultanee-de-bons-et-obligations-assimilables-du-tresor-du-benin-du-09-02-2023/
Bénin;ES (Titre 3);OAT;;2023-02-09;2023-02-10;2028-01-27;60;;15000;18700.0000;11200.0000;BJ0000001822;5.3000;9800.0000;;9840.1800;;5.6800;In Fine;;réalisée;https://www.umoatitres.org/fr/emission/emission-simultanee-de-bons-et-obligations-assimilables-du-tresor-du-benin-du-09-02-2023/
Sénégal;ES (Titre 1);BAT;;2023-02-03;2023-02-06;2024-02-04;12;;40000;21056.0000;15056.0000;SN0000002254;multiple;;4.0500;;3.8798;4.0400;In Fine;;réalisée;https://www.umoatitres.org/fr/emission/emission-simultanee-de-bons-et-obligations-assimilables-du-tresor-du-senegal-du-03-02-2023/
Sénégal;ES (Titre 2);OAT;;2023-02-03;2023-02-06;2026-02-06;36;;40000;30703.9400;25703.9400;SN0000002270;5.5000;9521.8500;;9725.1500;;6.5400;In Fine;;réalisée;https://www.umoatitres.org/fr/emission/emission-simultanee-de-bons-et-obligations-assimilables-du-tresor-du-senegal-du-03-02-2023/
Niger;ES (Titre 1);BAT;;2023-02-02;2023-02-03;2023-05-04;3;;35000;17000.0000;11000.0000;NE0000001641;multiple;;4.0000;;3.8045;3.8400;In Fine;;réalisée;https://www.umoatitres.org/fr/emission/emission-simultanee-de-bons-et-obligations-assimilables-du-tresor-du-niger-du-02-02-2023/
Niger;ES (Titre 2);OAT;;2023-02-02;2023-02-03;2026-02-03;36;;35000;35336.5000;27500.0000;NE0000001658;5.6000;9425.0000;;9718.8000;;6.6600;In Fine;;réalisée;https://www.umoatitres.org/fr/emission/emission-simultanee-de-bons-et-obligations-assimilables-du-tresor-du-niger-du-02-02-2023/
Côte d'Ivoire;ES (Titre 1);BAT;;2023-01-31;2023-02-01;2023-08-01;6;;60000;46800.0000;31800.0000;CI0000005831;multiple;;3.6800;;3.5220;3.5900;In Fine;;réalisée;https://www.umoatitres.org/fr/emission/emission-simultanee-de-bons-assimilables-du-tresor-de-cote-divoire-du-31-01-2023/
Côte d'Ivoire;ES (Titre 2);BAT;;2023-01-31;2023-02-01;2024-01-30;12;;60000;33950.0000;28950.0000;CI0000005849;multiple;;4.0500;;3.8377;3.9900;In Fine;;réalisée;https://www.umoatitres.org/fr/emission/emission-simultanee-de-bons-assimilables-du-tresor-de-cote-divoire-du-31-01-2023/
Togo;ES (Titre 1);BAT;;2023-01-27;2023-01-30;2023-07-30;6;;35000;19000.0000;16000.0000;TG0000001940;multiple;;4.0000;;3.6819;3.7500;In Fine;;réalisée;https://www.umoatitres.org/fr/emission/emission-simultanee-de-bons-et-obligations-assimilables-du-tresor-du-togo-du-27-01-2023/
Togo;ES (Titre 2);OAT;;2023-01-27;2023-01-30;2026-01-30;36;;35000;12450.0000;2950.0000;TG0000001957;5.4500;9750.7700;;9853.9400;;6.0000;In Fine;;réalisée;https://www.umoatitres.org/fr/emission/emission-simultanee-de-bons-et-obligations-assimilables-du-tresor-du-togo-du-27-01-2023/
Togo;ES (Titre 3);OAT;;2023-01-27;2023-01-30;2028-01-30;60;;35000;15008.6000;11258.6000;TG0000001965;5.7000;9800.0000;;9820.9400;;6.1300;In Fine;;réalisée;https://www.umoatitres.org/fr/emission/emission-simultanee-de-bons-et-obligations-assimilables-du-tresor-du-togo-du-27-01-2023/
Guinée Bissau;ES (Titre 1);BAT;;2023-01-24;2023-01-25;2024-01-23;12;;12500;4510.0000;4510.0000;GW0000000590;multiple;;4.4700;;4.0398;4.2100;In Fine;;réalisée;https://www.umoatitres.org/fr/emission/emission-simultanee-de-bons-et-obligations-assimilables-du-tresor-de-guinee-bissau-du-24-01-2023/
Guinée Bissau;ES (Titre 2);OAT;;2023-01-24;2023-01-25;2026-01-25;36;;12500;6892.0000;6892.0000;GW0000000608;5.9000;9600.0000;;9724.6500;;6.9500;In Fine;;réalisée;https://www.umoatitres.org/fr/emission/emission-simultanee-de-bons-et-obligations-assimilables-du-tresor-de-guinee-bissau-du-24-01-2023/
Mali;ES (Titre 1);OAT;;2023-01-25;2023-01-26;2026-01-26;36;;35000;13820.0000;13820.0000;ML0000002179;5.9000;9571.0000;;9751.4300;;6.8400;In Fine;;réalisée;https://www.umoatitres.org/fr/emission/emission-simultanee-dobligations-assimilables-du-tresor-du-mali-du-25-01-2023/
Mali;ES (Titre 2);OAT;;2023-01-25;2023-01-26;2028-01-26;60;;35000;14026.7500;14026.7500;ML0000002187;6.2000;9471.0000;;9697.7000;;6.9400;In Fine;;réalisée;https://www.umoatitres.org/fr/emission/emission-simultanee-dobligations-assimilables-du-tresor-du-mali-du-25-01-2023/
Bénin;ES (Titre 1);BAT;;2023-01-26;2023-01-27;2024-01-25;12;;40000;16024.0000;11600.0000;BJ0000001814;multiple;;4.1325;;3.9235;4.0900;In Fine;;réalisée;https://www.umoatitres.org/fr/emission/emission-simultanee-de-bons-et-obligations-assimilables-du-tresor-du-benin-du-26-01-2023/
Bénin;ES (Titre 2);OAT;;2023-01-26;2023-01-27;2026-01-13;36;;40000;43200.0000;14900.0000;BJ0000001806;5.2000;9705.7700;;9772.8500;;6.0600;In Fine;;réalisée;https://www.umoatitres.org/fr/emission/emission-simultanee-de-bons-et-obligations-assimilables-du-tresor-du-benin-du-26-01-2023/
Bénin;ES (Titre 3);OAT;;2023-01-26;2023-01-27;2028-01-27;60;;40000;13520.0000;13520.0000;BJ0000001822;5.3000;9602.5300;;9700.8300;;6.0100;In Fine;;réalisée;https://www.umoatitres.org/fr/emission/emission-simultanee-de-bons-et-obligations-assimilables-du-tresor-du-benin-du-26-01-2023/
Sénégal;ES (Titre 1);BAT;;2023-01-20;2023-01-23;2023-04-23;3;;50000;23000.0000;12500.0000;SN0000002189;multiple;;3.8500;;3.5240;3.5600;In Fine;;réalisée;https://www.umoatitres.org/fr/emission/emission-simultanee-de-bons-et-obligations-assimilables-du-tresor-du-senegal-du-20-01-2023/
Sénégal;ES (Titre 2);BAT;;2023-01-20;2023-01-23;2024-01-21;12;;50000;10500.0000;10500.0000;SN0000002197;multiple;;3.8000;;3.6490;3.7900;In Fine;;réalisée;https://www.umoatitres.org/fr/emission/emission-simultanee-de-bons-et-obligations-assimilables-du-tresor-du-senegal-du-20-01-2023/
Sénégal;ES (Titre 3);OAT;;2023-01-20;2023-01-23;2026-01-23;36;;50000;18350.5000;18350.5000;SN0000002247;5.2000;9610.0000;;9826.3000;;5.8500;In Fine;;réalisée;https://www.umoatitres.org/fr/emission/emission-simultanee-de-bons-et-obligations-assimilables-du-tresor-du-senegal-du-20-01-2023/
Côte d'Ivoire;ES (Titre 1);BAT;;2023-01-17;2023-01-18;2023-04-18;3;;65000;88500.0000;59495.0000;CI0000005815;multiple;;3.3000;;3.2257;3.2500;In Fine;;réalisée;https://www.umoatitres.org/fr/emission/emission-simultanee-de-bons-et-obligations-assimilables-du-tresor-de-cote-divoire-du-17-01-2023/
Côte d'Ivoire;ES (Titre 2);OAT;;2023-01-17;2023-01-18;2026-01-18;36;;65000;18004.5000;12004.5000;CI0000005823;5.2000;9880.0000;;9880.0400;;5.6500;In Fine;;réalisée;https://www.umoatitres.org/fr/emission/emission-simultanee-de-bons-et-obligations-assimilables-du-tresor-de-cote-divoire-du-17-01-2023/
Togo;ES (Titre 1);OAT;;2023-01-13;2023-01-16;2026-01-16;36;;30000;21523.0000;11523.0000;TG0000001924;5.3000;9860.7700;;9922.7400;;5.5900;In Fine;;réalisée;https://www.umoatitres.org/fr/emission/emission-simultanee-dobligations-assimilables-du-tresor-du-togo-du-13-01-2023/
Togo;ES (Titre 2);OAT;;2023-01-13;2023-01-16;2030-01-16;84;;30000;4550.0000;4550.0000;TG0000001932;5.9000;9850.4700;;9864.6500;;6.1400;In Fine;;réalisée;https://www.umoatitres.org/fr/emission/emission-simultanee-dobligations-assimilables-du-tresor-du-togo-du-13-01-2023/
Niger;;OAT;;2023-01-19;2023-01-20;2028-01-20;60;;30000;53447.0000;33000.0000;NE0000001633;5.9000;9610.0000;;9800.2700;;6.3800;In Fine;;réalisée;https://www.umoatitres.org/fr/emission/emission-simultanee-dobligations-assimilables-du-tresor-du-niger-du-19-01-2023/
Bénin;ES (Titre 1);BAT;;2023-01-12;2023-01-13;2024-01-11;12;;25000;8069.0000;4500.0000;BJ0000001798;multiple;;3.6000;;3.5068;3.6400;In Fine;;réalisée;https://www.umoatitres.org/fr/emission/emission-simultanee-de-bons-et-obligations-assimilables-du-tresor-du-benin-du-12-01-2023/
Bénin;ES (Titre 2);OAT;;2023-01-12;2023-01-13;2026-01-13;36;;25000;59654.3000;23000.0000;BJ0000001806;5.2000;9920.0600;;9943.3300;;5.4100;In Fine;;réalisée;https://www.umoatitres.org/fr/emission/emission-simultanee-de-bons-et-obligations-assimilables-du-tresor-du-benin-du-12-01-2023/
Mali;ES (Titre 1);BAT;;2023-01-11;2023-01-12;2024-01-10;12;;35000;6600.0000;6600.0000;ML0000002153;multiple;;4.9900;;4.3409;4.5400;In Fine;;réalisée;https://www.umoatitres.org/fr/emission/emission-simultanee-de-bons-et-obligations-assimilables-du-tresor-du-mali-du-11-01-2023/
Mali;ES (Titre 2);OAT;;2023-01-11;2023-01-12;2026-01-12;36;;35000;29412.0000;29412.0000;ML0000002161;5.9000;9601.0000;;9777.3200;;6.7400;In Fine;;réalisée;https://www.umoatitres.org/fr/emission/emission-simultanee-de-bons-et-obligations-assimilables-du-tresor-du-mali-du-11-01-2023/
Côte d'Ivoire;ES (Titre 1);BAT;;2023-01-09;2023-01-10;2023-04-10;3;;65000;96000.0000;53500.0000;CI0000005799;multiple;;3.3900;;3.1742;3.2000;In Fine;;réalisée;https://www.umoatitres.org/fr/emission/emission-simultanee-de-bons-assimilables-du-tresor-de-cote-divoire-du-09-01-2023/
Côte d'Ivoire;ES (Titre 2);BAT;;2023-01-09;2023-01-10;2024-01-08;12;;65000;36500.0000;18000.0000;CI0000005807;multiple;;3.5000;;3.5000;3.6300;In Fine;;réalisée;https://www.umoatitres.org/fr/emission/emission-simultanee-de-bons-assimilables-du-tresor-de-cote-divoire-du-09-01-2023/
Sénégal;ES (Titre 1);BAT;;2023-01-06;2023-01-09;2023-04-09;3;;50000;37000.0000;37000.0000;SN0000002155;multiple;;4.0000;;3.3993;3.4300;In Fine;;réalisée;https://www.umoatitres.org/fr/emission/emission-simultanee-de-bons-et-obligations-assimilables-du-tresor-du-senegal-du-06-01-2023/
Sénégal;ES (Titre 2);BAT;;2023-01-06;2023-01-09;2024-01-07;12;;50000;20000.0000;10000.0000;SN0000002163;multiple;;3.5000;;3.4590;3.5800;In Fine;;réalisée;https://www.umoatitres.org/fr/emission/emission-simultanee-de-bons-et-obligations-assimilables-du-tresor-du-senegal-du-06-01-2023/
Sénégal;ES (Titre 3);OAT;;2023-01-06;2023-01-09;2026-01-09;36;;50000;8652.5000;8000.0000;SN0000002171;5.1000;9850.4700;;9905.5100;;5.4500;In Fine;;réalisée;https://www.umoatitres.org/fr/emission/emission-simultanee-de-bons-et-obligations-assimilables-du-tresor-du-senegal-du-06-01-2023/
Côte d'Ivoire;ES (Titre 1);BAT;Bons de Soutien et de Résilience (BSR) et Obligations de Relance (OdR);2022-12-20;2022-12-21;2023-12-04;12;;35000;32800.0000;32800.0000;CI0000005765;multiple;;3.5000;;3.4889;3.6100;In Fine;;réalisée;https://www.umoatitres.org/fr/emission/emission-simultanee-de-bons-de-soutien-et-de-resilience-et-dobligations-de-relance-du-tresor-de-cote-divoire-du-20-12-2022/
Sénégal;ES (Titre 1);OAT;Obligations de Relance (OdR);2022-12-21;2022-12-22;2025-12-22;36;;25000;10392.0000;8192.0000;SN0000002130;5.1000;9918.9100;;9952.9000;;5.2700;In Fine;;réalisée;https://www.umoatitres.org/fr/emission/emission-simultane-dobligations-de-relance-du-tresor-du-senegal-du-21-12-2022/
Sénégal;ES (Titre 2);OAT;Obligations de Relance (OdR);2022-12-21;2022-12-22;2027-12-22;60;;25000;19907.2000;8907.0000;SN0000002148;5.5000;9902.4700;;9934.3400;;5.6500;In Fine;;réalisée;https://www.umoatitres.org/fr/emission/emission-simultane-dobligations-de-relance-du-tresor-du-senegal-du-21-12-2022/
Côte d'Ivoire;ES (Titre 1);BAT;Bons de Soutien et de Résilience (BSR) et Obligations de Relance (OdR);2022-12-13;2022-12-14;2023-12-12;12;;35000;33000.0000;27500.0000;CI0000005781;multiple;;3.4500;;3.3998;3.5200;In Fine;;réalisée;https://www.umoatitres.org/fr/emission/emission-simultanee-de-bons-de-soutien-et-de-resilience-et-dobligations-de-relance-du-tresor-de-cote-divoire-du-13-12-2022/
Côte d'Ivoire;ES (Titre 2);OAT;Bons de Soutien et de Résilience (BSR) et Obligations de Relance (OdR);2022-12-13;2022-12-14;2025-12-06;36;;35000;11000.0000;11000.0000;CI0000005773;5.2000;9900.0000;;9901.1800;;5.5700;In Fine;;réalisée;https://www.umoatitres.org/fr/emission/emission-simultanee-de-bons-de-soutien-et-de-resilience-et-dobligations-de-relance-du-tresor-de-cote-divoire-du-13-12-2022/
Mali;ES (Titre 1);BAT;Bons de Soutien et de Résilience (BSR) et Obligations de Relance (OdR);2022-12-14;2022-12-15;2023-12-13;12;;30000;5000.0000;5000.0000;ML0000002138;multiple;;3.5000;;3.5000;3.6300;In Fine;;réalisée;https://www.umoatitres.org/fr/emission/emission-simultanee-de-bons-de-soutien-et-de-resilience-et-dobligations-de-relance-du-tresor-du-mali-du-14-12-2022/
Mali;ES (Titre 2);OAT;Bons de Soutien et de Résilience (BSR) et Obligations de Relance (OdR);2022-12-14;2022-12-15;2025-12-15;36;;30000;4001.5000;4001.5000;ML0000002146;5.8500;9900.0000;;9926.6300;;6.1300;In Fine;;réalisée;https://www.umoatitres.org/fr/emission/emission-simultanee-de-bons-de-soutien-et-de-resilience-et-dobligations-de-relance-du-tresor-du-mali-du-14-12-2022/
Sénégal;ES (Titre 1);OAT;Obligations de Relance (OdR);2022-12-09;2022-12-12;2025-12-12;36;;30000;24800.0000;24800.0000;SN0000002114;5.1000;9906.0000;;9954.4600;;5.2700;In Fine;;réalisée;https://www.umoatitres.org/fr/emission/emission-simultane-dobligations-de-relance-du-tresor-du-senegal-du-09-12-2022/
Sénégal;ES (Titre 2);OAT;Obligations de Relance (OdR);2022-12-09;2022-12-12;2027-12-12;60;;30000;9750.0000;8200.0000;SN0000002122;5.5000;9925.0000;;9940.7000;;5.6400;In Fine;;réalisée;https://www.umoatitres.org/fr/emission/emission-simultane-dobligations-de-relance-du-tresor-du-senegal-du-09-12-2022/
Guinée Bissau;ES (Titre 1);BAT;Bons de Soutien et de Résilience (BSR) et Obligations de Relance (OdR);2022-12-08;2022-12-09;2023-11-14;12;;12500;8000.0000;8000.0000;GW0000000574;multiple;;3.5000;;3.4600;3.5800;In Fine;;réalisée;https://www.umoatitres.org/fr/emission/emission-simultanee-de-bons-de-soutien-et-de-resilience-et-dobligations-de-relance-du-tresor-de-guinee-bissau-du-08-12-2022/
Guinée Bissau;ES (Titre 2);OAT;Bons de Soutien et de Résilience (BSR) et Obligations de Relance (OdR);2022-12-08;2022-12-09;2029-12-09;84;;12500;8551.5100;5551.5100;GW0000000582;6.3000;9905.0000;;9909.8500;;6.4600;In Fine;;réalisée;https://www.umoatitres.org/fr/emission/emission-simultanee-de-bons-de-soutien-et-de-resilience-et-dobligations-de-relance-du-tresor-de-guinee-bissau-du-08-12-2022/
Côte d'Ivoire;ES (Titre 1);BAT;Bons de Soutien et de Résilience (BSR) et Obligations de Relance (OdR);2022-12-05;2022-12-06;2023-04-11;12;;30000;24500.0000;7000.0000;CI0000005195;multiple;;2.6900;;2.6900;2.7200;In Fine;;réalisée;https://www.umoatitres.org/fr/emission/emission-simultanee-dobligations-de-relance-du-tresor-de-cote-divoire-du-05-12-2022/
Côte d'Ivoire;ES (Titre 2);BAT;Bons de Soutien et de Résilience (BSR) et Obligations de Relance (OdR);2022-12-05;2022-12-06;2023-12-04;12;;30000;22000.0000;14147.0000;CI0000005765;multiple;;3.4500;;3.4171;3.5400;In Fine;;réalisée;https://www.umoatitres.org/fr/emission/emission-simultanee-dobligations-de-relance-du-tresor-de-cote-divoire-du-05-12-2022/
Côte d'Ivoire;ES (Titre 3);OAT;Bons de Soutien et de Résilience (BSR) et Obligations de Relance (OdR);2022-12-05;2022-12-06;2025-12-06;36;;30000;11853.0000;11853.0000;CI0000005773;5.2000;9900.0000;;9903.2400;;5.5600;In Fine;;réalisée;https://www.umoatitres.org/fr/emission/emission-simultanee-dobligations-de-relance-du-tresor-de-cote-divoire-du-05-12-2022/
Niger;;BAT;Bons de Soutien et de Résilience (BSR);2022-11-03;2022-11-04;2023-11-02;12;;35000;35300.0000;35300.0000;NE0000001617;multiple;;3.5000;;3.4494;3.5700;In Fine;;réalisée;https://www.umoatitres.org/fr/emission/emission-de-bons-de-soutien-et-de-resilience-du-tresor-du-niger-du-03-11-2022/
Guinée Bissau;;OAT;Obligations de Relance (OdR);2022-10-25;2022-10-26;2025-10-26;36;;12500;21429.5000;13674.5000;GW0000000558;5.9000;9950.0000;;9963.9500;;6.0300;In Fine;;réalisée;https://www.umoatitres.org/fr/emission/emission-dobligations-de-relance-du-tresor-de-guinee-bissau-du-25-10-2022/
Bénin;ES (Titre 1);OAT;Obligations de Relance (OdR);2022-10-06;2022-10-07;2025-08-05;36;;20000;26416.6000;17245.0000;BJ0000001772;5.2000;9955.0000;;9965.9900;;5.3300;In Fine;;réalisée;https://www.umoatitres.org/fr/emission/emission-simultanee-dobligations-de-relance-du-tresor-du-benin-du-06-10-2022/
Bénin;ES (Titre 2);OAT;Obligations de Relance (OdR);2022-10-06;2022-10-07;2027-09-19;60;;20000;4755.0000;4755.0000;BJ0000001780;5.3000;9900.0000;;9967.6900;;5.3700;In Fine;;réalisée;https://www.umoatitres.org/fr/emission/emission-simultanee-dobligations-de-relance-du-tresor-du-benin-du-06-10-2022/
Sénégal;ES (Titre 1);BAT;Bons de Soutien et de Résilience (BSR) et Obligations de Relance (OdR);2022-11-25;2022-11-28;2023-11-26;12;;25000;19500.0000;12500.0000;SN0000002106;multiple;;3.4480;;3.4125;3.5300;In Fine;;réalisée;https://www.umoatitres.org/fr/emission/emission-simultanee-dobligations-de-relance-du-tresor-du-senegal-du-25-11-2022/
Sénégal;ES (Titre 2);OAT;Bons de Soutien et de Résilience (BSR) et Obligations de Relance (OdR);2022-11-25;2022-11-28;2025-11-21;36;;25000;4002.0000;2002.0000;SN0000002072;5.1000;9935.0000;;9938.0700;;5.3300;In Fine;;réalisée;https://www.umoatitres.org/fr/emission/emission-simultanee-dobligations-de-relance-du-tresor-du-senegal-du-25-11-2022/
Sénégal;ES (Titre 3);OAT;Bons de Soutien et de Résilience (BSR) et Obligations de Relance (OdR);2022-11-25;2022-11-28;2027-10-31;60;;25000;13395.0000;11395.0000;SN0000002049;5.5000;9935.0000;;9947.4700;;5.6200;In Fine;;réalisée;https://www.umoatitres.org/fr/emission/emission-simultanee-dobligations-de-relance-du-tresor-du-senegal-du-25-11-2022/
Sénégal;ES (Titre 1);BAT;Bons de Soutien et de Résilience (BSR) et Obligations de Relance (OdR);2022-11-18;2022-11-21;2023-11-19;12;;35000;30500.0000;30500.0000;SN0000002098;multiple;;3.4980;;3.3972;3.5200;In Fine;;réalisée;https://www.umoatitres.org/fr/emission/emission-simultanee-dobligations-de-relance-du-tresor-du-senegal-du-18-11-2022/
Sénégal;ES (Titre 2);OAT;Bons de Soutien et de Résilience (BSR) et Obligations de Relance (OdR);2022-11-18;2022-11-21;2025-11-21;36;;35000;3506.0000;3506.0000;SN0000002072;5.1000;9900.0000;;9944.1400;;5.3100;In Fine;;réalisée;https://www.umoatitres.org/fr/emission/emission-simultanee-dobligations-de-relance-du-tresor-du-senegal-du-18-11-2022/
Sénégal;ES (Titre 3);OAT;Bons de Soutien et de Résilience (BSR) et Obligations de Relance (OdR);2022-11-18;2022-11-21;2029-11-21;84;;35000;1650.0000;1650.0000;SN0000002080;5.8500;9911.0000;;9934.3200;;5.9700;In Fine;;réalisée;https://www.umoatitres.org/fr/emission/emission-simultanee-dobligations-de-relance-du-tresor-du-senegal-du-18-11-2022/
Mali;ES (Titre 1);BAT;Bons de Soutien et de Résilience (BSR) et Obligation de Relance (OdR);2022-11-16;2022-11-17;2023-11-15;12;;30000;5550.0000;5550.0000;ML0000002096;multiple;;3.5000;;3.4488;3.5700;In Fine;;réalisée;https://www.umoatitres.org/fr/emission/emission-simultanee-de-bons-de-soutien-et-de-resilience-et-dobligations-de-relance-du-tresor-du-mali-du-16-11-2022/
Mali;ES (Titre 2);OAT;Bons de Soutien et de Résilience (BSR) et Obligation de Relance (OdR);2022-11-16;2022-11-17;2027-11-17;60;;30000;8095.0000;8095.0000;ML0000002104;6.1500;9900.0000;;9900.9500;;6.3900;In Fine;;réalisée;https://www.umoatitres.org/fr/emission/emission-simultanee-de-bons-de-soutien-et-de-resilience-et-dobligations-de-relance-du-tresor-du-mali-du-16-11-2022/
Mali;ES (Titre 3);OAT;Bons de Soutien et de Résilience (BSR) et Obligation de Relance (OdR);2022-11-16;2022-11-17;2029-11-17;84;;30000;6460.0000;6460.0000;ML0000002088;6.2500;9701.0000;;9789.1200;;6.6400;In Fine;;réalisée;https://www.umoatitres.org/fr/emission/emission-simultanee-de-bons-de-soutien-et-de-resilience-et-dobligations-de-relance-du-tresor-du-mali-du-16-11-2022/
Guinée Bissau;ES (Titre 1);BAT;Bons de Soutien et de Résilience (BSR) et Obligations de Relance (OdR);2022-11-15;2022-11-16;2023-11-14;12;;12500;8050.0000;1965.0000;GW0000000574;multiple;;3.4400;;3.4354;3.5600;In Fine;;réalisée;https://www.umoatitres.org/fr/emission/emission-dobligations-de-relance-du-tresor-de-guinee-bissau-du-15-11-2022/
Guinée Bissau;ES (Titre 2);OAT;Bons de Soutien et de Résilience (BSR) et Obligations de Relance (OdR);2022-11-15;2022-11-16;2027-11-16;60;;12500;11785.1400;11785.0000;GW0000000566;6.1000;9905.0000;;9986.4200;;6.1300;In Fine;;réalisée;https://www.umoatitres.org/fr/emission/emission-dobligations-de-relance-du-tresor-de-guinee-bissau-du-15-11-2022/
Togo;ES (Titre 1);OAT;Obligations de Relance (OdR);2022-11-11;2022-11-14;2025-11-14;36;;30000;29454.4700;28370.0000;TG0000001916;5.3000;9926.0000;;9960.9800;;5.4400;In Fine;;réalisée;https://www.umoatitres.org/fr/emission/emission-simultanee-dobligations-de-relance-du-tresor-du-togo-du-11-11-2022/
Togo;ES (Titre 2);OAT;Obligations de Relance (OdR);2022-11-11;2022-11-14;2032-11-14;120;;30000;4630.0000;4630.0000;TG0000001908;6.0000;9810.0000;;9970.0000;;6.0400;In Fine;;réalisée;https://www.umoatitres.org/fr/emission/emission-simultanee-dobligations-de-relance-du-tresor-du-togo-du-11-11-2022/
Côte d'Ivoire;ES (Titre 1);OAT;Obligations de Relance (OdR);2022-11-22;2022-11-23;2025-11-23;36;;30000;30145.0600;30145.0600;CI0000005740;5.2000;9900.0000;;9906.3200;;5.5500;In Fine;;réalisée;https://www.umoatitres.org/fr/emission/emission-simultanee-dobligations-de-relance-du-tresor-de-cote-divoire-du-22-11-2022/
Côte d'Ivoire;ES (Titre 2);OAT;Obligations de Relance (OdR);2022-11-22;2022-11-23;2027-11-23;60;;30000;2100.0000;2100.0000;CI0000005732;5.4000;9900.0000;;9902.3800;;5.6300;In Fine;;réalisée;https://www.umoatitres.org/fr/emission/emission-simultanee-dobligations-de-relance-du-tresor-de-cote-divoire-du-22-11-2022/
Sénégal;ES (Titre 1);BAT;Bons de Soutien et de Résilience (BSR) et Obligations de Relance (OdR);2022-11-04;2022-11-07;2023-11-05;12;;30000;29550.0000;21500.0000;SN0000002056;multiple;;3.4592;;3.3743;3.4900;In Fine;;réalisée;https://www.umoatitres.org/fr/emission/emission-simultanee-de-bons-de-soutien-et-de-resilience-et-dobligations-de-relance-du-tresor-du-senegal-du-04-11-2022/
Sénégal;ES (Titre 2);OAT;Bons de Soutien et de Résilience (BSR) et Obligations de Relance (OdR);2022-11-04;2022-11-07;2025-11-07;36;;30000;11500.0000;11500.0000;SN0000002064;5.1000;9925.0000;;9943.6900;;5.3100;In Fine;;réalisée;https://www.umoatitres.org/fr/emission/emission-simultanee-de-bons-de-soutien-et-de-resilience-et-dobligations-de-relance-du-tresor-du-senegal-du-04-11-2022/
Mali;ES (Titre 1);OAT;Obligations de Relance (OdR);2022-11-02;2022-11-03;2025-11-03;36;;40000;9400.0000;9400.0000;ML0000002070;5.8500;9900.0000;;9906.3600;;6.2000;In Fine;;réalisée;https://www.umoatitres.org/fr/emission/emission-simultanee-dobligations-de-relance-du-tresor-du-mali-du-02-11-2022/
Mali;ES (Titre 2);OAT;Obligations de Relance (OdR);2022-11-02;2022-11-03;2029-11-03;84;;40000;14350.0000;12350.0000;ML0000002062;6.2500;9700.1000;;9801.1600;;6.6100;In Fine;;réalisée;https://www.umoatitres.org/fr/emission/emission-simultanee-dobligations-de-relance-du-tresor-du-mali-du-02-11-2022/
Sénégal;ES (Titre 1);OAT;Obligations de Relance (OdR);2022-10-28;2022-10-31;2027-10-31;60;;35000;17349.0000;17349.0000;SN0000002049;5.5000;9925.5000;;9953.3600;;5.6100;In Fine;;réalisée;https://www.umoatitres.org/fr/emission/emission-simultanee-dobligations-de-relance-du-tresor-du-senegal-du-28-10-2022/
Sénégal;ES (Titre 2);OAT;Obligations de Relance (OdR);2022-10-28;2022-10-31;2029-10-31;84;;35000;26392.0000;11892.0000;SN0000002031;5.8500;9840.0000;;9912.8300;;6.0100;In Fine;;réalisée;https://www.umoatitres.org/fr/emission/emission-simultanee-dobligations-de-relance-du-tresor-du-senegal-du-28-10-2022/
Sénégal;ES (Titre 1);OAT;Obligations de Relance (OdR);2022-10-21;2022-10-24;2025-10-24;36;;35000;57877.7700;33038.0800;SN0000002015;5.1000;9945.0000;;9952.6300;;5.2700;In Fine;;réalisée;https://www.umoatitres.org/fr/emission/emission-simultanee-dobligations-de-relance-du-tresor-du-niger-du-21-10-2022/
Sénégal;ES (Titre 2);OAT;Obligations de Relance (OdR);2022-10-21;2022-10-24;2032-10-24;120;;35000;19053.9200;5461.9200;SN0000002023;6.0000;9925.0000;;9946.7900;;6.0700;In Fine;;réalisée;https://www.umoatitres.org/fr/emission/emission-simultanee-dobligations-de-relance-du-tresor-du-niger-du-21-10-2022/
Niger;;BAT;Bons de Soutien et de Résilience (BSR);2022-10-20;2022-10-21;2023-10-19;12;;35000;61010.0000;38500.0000;NE0000001609;multiple;;3.4599;;3.3927;3.5100;In Fine;;réalisée;https://www.umoatitres.org/fr/emission/emission-de-bons-de-soutien-et-de-resilience-du-tresor-du-niger-du-20-10-2022/
Mali;ES (Titre 1);BAT;Bons et Obligations de Relance (OdR);2022-10-19;2022-10-20;2023-04-05;6;;40000;9051.0000;3000.0000;ML0000002021;multiple;;3.8019;;3.5004;3.5600;In Fine;;réalisée;https://www.umoatitres.org/fr/emission/emission-simultanee-de-bons-et-dobligations-de-relance-du-tresor-du-mali-du-19-10-2022/
Mali;ES (Titre 2);OAT;Bons et Obligations de Relance (OdR);2022-10-19;2022-10-20;2027-10-20;60;;40000;17990.8500;17990.8500;ML0000002054;6.1500;9900.0000;;9902.8400;;6.3800;In Fine;;réalisée;https://www.umoatitres.org/fr/emission/emission-simultanee-de-bons-et-dobligations-de-relance-du-tresor-du-mali-du-19-10-2022/
Mali;ES (Titre 3);OAT;Bons et Obligations de Relance (OdR);2022-10-19;2022-10-20;2029-10-20;84;;40000;28969.4200;23009.1500;ML0000002047;6.2500;9701.0000;;9811.6600;;6.5900;In Fine;;réalisée;https://www.umoatitres.org/fr/emission/emission-simultanee-de-bons-et-dobligations-de-relance-du-tresor-du-mali-du-19-10-2022/
Togo;ES (Titre 1);OAT;Obligations de Relance (OdR);2022-10-14;2022-10-17;2027-08-08;60;;30000;43389.5700;22994.4700;TG0000001874;5.7500;9957.5000;;9971.7600;;5.8100;In Fine;;réalisée;https://www.umoatitres.org/fr/emission/emission-simultanee-dobligations-de-relance-du-tresor-du-togo-du-14-10-2022/
Togo;ES (Titre 2);OAT;Obligations de Relance (OdR);2022-10-14;2022-10-17;2029-08-22;84;;30000;26905.5300;10005.5300;TG0000001882;5.9000;9950.0000;;9965.0200;;5.9600;In Fine;;réalisée;https://www.umoatitres.org/fr/emission/emission-simultanee-dobligations-de-relance-du-tresor-du-togo-du-14-10-2022/
Côte d'Ivoire;;BAT;;2022-10-13;2022-10-14;2022-11-10;1;;25000;60000.0000;27500.0000;CI0000005666;multiple;;2.5500;;2.5118;2.5200;In Fine;;réalisée;https://www.umoatitres.org/fr/emission/emission-dobligations-de-relance-du-tresor-de-cote-divoire-du-13-10-2022/
Sénégal;ES (Titre 1);BAT;Bons et Obligations de Relance (OdR);2022-10-07;2022-10-10;2023-04-09;6;;30000;62779.0000;16754.0000;SN0000002007;multiple;;3.0000;;2.7945;2.8300;In Fine;;réalisée;https://www.umoatitres.org/fr/emission/emission-simultanee-de-bons-et-dobligations-de-relance-du-tresor-du-senegal-du-07-10-2022/
Sénégal;ES (Titre 2);OAT;Bons et Obligations de Relance (OdR);2022-10-07;2022-10-10;2029-10-10;84;;30000;25307.0000;14307.0000;SN0000001991;5.8500;9880.0000;;9949.9300;;5.9400;In Fine;;réalisée;https://www.umoatitres.org/fr/emission/emission-simultanee-de-bons-et-dobligations-de-relance-du-tresor-du-senegal-du-07-10-2022/
Mali;ES (Titre 1);BAT;Obligations de Relance (OdR);2022-10-05;2022-10-06;2023-04-05;6;;30000;10001.0000;2000.0000;ML0000002021;multiple;;3.9000;;3.5767;3.6400;In Fine;;réalisée;https://www.umoatitres.org/fr/emission/emission-simultanee-dobligations-de-relance-du-tresor-du-mali-du-05-10-2022/
Mali;ES (Titre 2);OAT;Obligations de Relance (OdR);2022-10-05;2022-10-06;2025-10-06;36;;30000;13100.0000;13100.0000;ML0000002039;5.8500;9900.0000;;9907.1800;;6.2000;In Fine;;réalisée;https://www.umoatitres.org/fr/emission/emission-simultanee-dobligations-de-relance-du-tresor-du-mali-du-05-10-2022/
Mali;ES (Titre 3);OAT;Obligations de Relance (OdR);2022-10-05;2022-10-06;2029-10-06;84;;30000;24000.0000;17900.0000;ML0000002013;6.2500;9701.0000;;9774.7500;;6.6600;In Fine;;réalisée;https://www.umoatitres.org/fr/emission/emission-simultanee-dobligations-de-relance-du-tresor-du-mali-du-05-10-2022/
Sénégal;ES (Titre 1);OAT;Obligations de Relance (OdR);2022-09-30;2022-10-03;2025-10-03;36;;35000;34370.0000;15020.0000;SN0000001983;5.1000;9940.5000;;9945.8600;;5.3000;In Fine;;réalisée;https://www.umoatitres.org/fr/emission/emission-dobligations-de-relance-du-tresor-du-senegal-du-30-09-2022/
Sénégal;ES (Titre 2);OAT;Obligations de Relance (OdR);2022-09-30;2022-10-03;2027-10-03;60;;35000;25300.0000;20000.0000;SN0000001975;5.5000;9920.0000;;9951.0500;;5.6100;In Fine;;réalisée;https://www.umoatitres.org/fr/emission/emission-dobligations-de-relance-du-tresor-du-senegal-du-30-09-2022/
Côte d'Ivoire;;BAT;;2022-09-27;2022-09-28;2022-12-27;3;;30000;36000.0000;20000.0000;CI0000005633;multiple;;3.0000;;2.7880;2.8100;In Fine;;réalisée;https://www.umoatitres.org/fr/emission/emission-de-bons-assimilables-du-tresor-de-cote-divoire-du-27-09-2022/
Sénégal;;OAT;Obligations de Relance (OdR);2022-09-23;2022-09-26;2025-09-26;36;;30000;38916.8500;30000.0000;SN0000001967;5.1000;9932.5000;;9962.0700;;5.2400;In Fine;;réalisée;https://www.umoatitres.org/fr/emission/emission-dobligations-de-relance-du-tresor-du-senegal-du-23-09-2022/
Niger;;BAT;Bons Assimilables du Trésor (BAT);2022-09-22;2022-09-23;2022-12-22;3;;20000;34115.0000;22000.0000;NE0000001591;multiple;;3.4500;;3.2810;3.3100;In Fine;;réalisée;https://www.umoatitres.org/fr/emission/emission-de-bons-assimilables-du-tresor-du-niger-du-22-09-2022/
Mali;ES (Titre 1);OAT;Obligations de Relance (OdR);2022-09-21;2022-09-22;2025-09-22;36;;30000;8510.0000;8510.0000;ML0000001999;5.8500;9900.0000;;9900.7400;;6.2200;In Fine;;réalisée;https://www.umoatitres.org/fr/emission/emission-simultanee-dobligations-de-relance-du-tresor-du-mali-du-21-09-2022/
Mali;ES (Titre 2);OAT;Obligations de Relance (OdR);2022-09-21;2022-09-22;2027-09-22;60;;30000;9495.9300;9495.9300;ML0000002005;6.1500;9900.1100;;9955.1200;;6.2600;In Fine;;réalisée;https://www.umoatitres.org/fr/emission/emission-simultanee-dobligations-de-relance-du-tresor-du-mali-du-21-09-2022/
Côte d'Ivoire;ES (Titre 1);BAT;Bons et Obligations de Relance (OdR);2022-09-20;2022-09-21;2022-12-20;3;;65000;47356.0000;16356.0000;CI0000005609;multiple;;2.7700;;2.7101;2.7300;In Fine;;réalisée;https://www.umoatitres.org/fr/emission/emission-simultanee-de-bons-et-dobligations-de-relance-du-tresor-de-cote-divoire-du-20-09-2022/
Côte d'Ivoire;ES (Titre 2);OAT;Bons et Obligations de Relance (OdR);2022-09-20;2022-09-21;2025-09-21;36;;65000;44880.0000;44880.0000;CI0000005617;5.2000;9900.0000;;9906.6200;;5.5500;In Fine;;réalisée;https://www.umoatitres.org/fr/emission/emission-simultanee-de-bons-et-dobligations-de-relance-du-tresor-de-cote-divoire-du-20-09-2022/
Côte d'Ivoire;ES (Titre 3);OAT;Bons et Obligations de Relance (OdR);2022-09-20;2022-09-21;2027-09-21;60;;65000;4500.0000;4500.0000;CI0000005625;5.4000;9900.0000;;9902.4700;;5.6300;In Fine;;réalisée;https://www.umoatitres.org/fr/emission/emission-simultanee-de-bons-et-dobligations-de-relance-du-tresor-de-cote-divoire-du-20-09-2022/
Guinée Bissau;;OAT;Obligations de Relance (OdR);2022-09-13;2022-09-14;2027-09-14;60;;11000;15520.0000;12020.0000;GW0000000541;6.1000;9945.0000;;9983.3000;;6.1400;In Fine;;réalisée;https://www.umoatitres.org/fr/emission/emission-dobligations-de-relance-du-tresor-de-guinee-bissau-du-13-09-2022/
Burkina Faso;ES (Titre 1);OAT;Obligations de Relance (OdR);2022-09-14;2022-09-16;2027-09-16;60;;30000;11300.0000;11300.0000;BF0000002246;5.8000;9926.1500;;9939.0400;;5.9400;In Fine;;réalisée;https://www.umoatitres.org/fr/emission/emission-simultanee-dobligations-de-relance-du-tresor-du-burkina-du-14-09-2022/
Burkina Faso;ES (Titre 2);OAT;Obligations de Relance (OdR);2022-09-14;2022-09-16;2029-09-16;84;;30000;20850.0000;18700.0000;BF0000002253;6.1000;9600.0000;;9766.5500;;6.5300;In Fine;;réalisée;https://www.umoatitres.org/fr/emission/emission-simultanee-dobligations-de-relance-du-tresor-du-burkina-du-14-09-2022/
Côte d'Ivoire;ES (Titre 1);OAT;;2022-09-06;2022-09-07;2025-09-07;36;;62089;47773.1800;47773.1800;CI0000005591;5.2000;9900.0000;;9914.2200;;5.5200;In Fine;;réalisée;https://www.umoatitres.org/fr/emission/rachats-et-emission-simultanee-dobligations-de-relance-du-tresor-de-cote-divoire-du-06-09-2022/
Côte d'Ivoire;ES (Titre 2);OAT;;2022-09-06;2022-09-07;2027-09-07;60;;62089;11764.1600;11764.1600;CI0000005575;5.4000;9900.0000;;9902.1400;;5.6300;In Fine;;réalisée;https://www.umoatitres.org/fr/emission/rachats-et-emission-simultanee-dobligations-de-relance-du-tresor-de-cote-divoire-du-06-09-2022/
Côte d'Ivoire;ES (Titre 3);OAT;;2022-09-06;2022-09-07;2029-09-07;84;;62089;4552.4000;4552.4000;CI0000005583;5.6000;9900.0000;;9901.6600;;5.7700;In Fine;;réalisée;https://www.umoatitres.org/fr/emission/rachats-et-emission-simultanee-dobligations-de-relance-du-tresor-de-cote-divoire-du-06-09-2022/
Bénin;ES (Titre 1);OAT;Obligations de Relance (OdR);2022-09-16;2022-09-19;2025-08-05;36;;25000;31876.3000;22500.0000;BJ0000001772;5.2000;9946.7900;;9962.2800;;5.3400;In Fine;;réalisée;https://www.umoatitres.org/fr/emission/emission-simultanee-dobligations-de-relance-du-tresor-du-benin-du-16-09-2022/
Bénin;ES (Titre 2);OAT;Obligations de Relance (OdR);2022-09-16;2022-09-19;2027-09-19;60;;25000;20008.5000;5000.0000;BJ0000001780;5.3000;9930.0000;;9964.6500;;5.3800;In Fine;;réalisée;https://www.umoatitres.org/fr/emission/emission-simultanee-dobligations-de-relance-du-tresor-du-benin-du-16-09-2022/
Côte d'Ivoire;ES (Titre 1);BAT;Bons et Obligations de Relance (OdR);2022-09-06;2022-09-07;2022-12-06;3;;50000;49500.0000;25000.0000;CI0000005567;multiple;;2.7500;;2.6880;2.7100;In Fine;;réalisée;https://www.umoatitres.org/fr/emission/emission-simultanee-de-bon-et-dobligations-de-relance-du-tresor-de-cote-divoire-du-06-09-2022/
Côte d'Ivoire;ES (Titre 2);OAT;Bons et Obligations de Relance (OdR);2022-09-06;2022-09-07;2027-09-07;60;;50000;12070.6300;12070.6300;CI0000005575;5.4000;9900.0000;;9900.0250;;5.6300;In Fine;;réalisée;https://www.umoatitres.org/fr/emission/emission-simultanee-de-bon-et-dobligations-de-relance-du-tresor-de-cote-divoire-du-06-09-2022/
Sénégal;ES (Titre 1);BAT;Bons de Soutien et de Résilience (BSR) et Obligations de Relance (OdR);2022-09-09;2022-05-12;2023-09-10;12;;50000;38380.0000;38380.0000;SN0000001959;multiple;;3.5000;;3.3088;3.4200;In Fine;;réalisée;https://www.umoatitres.org/fr/emission/emission-simultanee-de-bons-de-soutien-et-de-resilience-et-obligations-de-relance-du-tresor-du-senegal-du-09-09-2022/
Sénégal;ES (Titre 2);OAT;Bons de Soutien et de Résilience (BSR) et Obligations de Relance (OdR);2022-09-09;2022-05-12;2029-09-12;84;;50000;29168.1000;7238.1000;SN0000001942;5.6500;9800.0000;;9886.0700;;5.8500;In Fine;;réalisée;https://www.umoatitres.org/fr/emission/emission-simultanee-de-bons-de-soutien-et-de-resilience-et-obligations-de-relance-du-tresor-du-senegal-du-09-09-2022/
Mali;ES (Titre 1);BAT;Bons et Obligations de Relance (OdR);2022-09-07;2022-09-08;2023-03-08;6;;30000;6503.0000;6503.0000;ML0000001981;multiple;;4.0000;;3.2971;3.3500;In Fine;;réalisée;https://www.umoatitres.org/fr/emission/emission-simultanee-de-bons-et-obligations-de-relance-du-tresor-du-mali-du-07-09-2022/
Mali;ES (Titre 2);OAT;Bons et Obligations de Relance (OdR);2022-09-07;2022-09-08;2025-09-08;36;;30000;25117.5000;25117.5000;ML0000001973;5.8500;9900.0000;;9928.8400;;6.1200;In Fine;;réalisée;https://www.umoatitres.org/fr/emission/emission-simultanee-de-bons-et-obligations-de-relance-du-tresor-du-mali-du-07-09-2022/
Guinée Bissau;;BAT;Bons de Soutien et de Résilience (BSR);2022-09-05;2022-09-06;2023-09-04;12;;10000;12000.0000;11000.0000;GW0000000533;multiple;;3.5000;;3.4327;3.5600;In Fine;;réalisée;https://www.umoatitres.org/fr/emission/emission-de-bons-de-soutien-et-de-resilience-du-tresor-de-la-guinee-bissau-du-05-09-2022/
Niger;;BAT;Bons de Soutien et de Résilience (BSR);2022-09-08;2022-09-09;2023-09-07;12;;30000;35500.0000;33000.0000;NE0000001577;multiple;;3.5000;;3.3589;3.4800;In Fine;;réalisée;https://www.umoatitres.org/fr/emission/emission-de-bons-de-soutien-et-de-resilience-du-tresor-du-niger-du-08-09-2022/
Togo;ES (Titre 1);OAT;Obligations de Relance (OdR);2022-09-02;2022-09-05;2027-08-08;60;;30000;37374.5000;23000.0000;TG0000001874;5.7500;9963.0000;;9971.4400;;5.8200;In Fine;;réalisée;https://www.umoatitres.org/fr/emission/emission-simultanee-dobligations-de-relance-du-tresor-du-togo-du-02-09-2022/
Togo;ES (Titre 2);OAT;Obligations de Relance (OdR);2022-09-02;2022-09-05;2029-08-22;84;;30000;35228.5000;10000.0000;TG0000001882;5.9000;9957.7700;;9975.9800;;5.9400;In Fine;;réalisée;https://www.umoatitres.org/fr/emission/emission-simultanee-dobligations-de-relance-du-tresor-du-togo-du-02-09-2022/
Côte d'Ivoire;ES (Titre 1);BAT;Bons et Obligations de Relance (OdR);2022-08-30;2022-08-31;2022-11-29;3;;60000;73060.0000;30000.0000;CI0000005559;multiple;;2.7000;;2.6337;2.6500;In Fine;;réalisée;https://www.umoatitres.org/fr/emission/emission-simultanee-de-bons-et-obligations-de-relance-du-tresor-de-la-cote-divoire-du-30-08-2022/
Côte d'Ivoire;ES (Titre 2);OAT;Bons et Obligations de Relance (OdR);2022-08-30;2022-08-31;2025-08-31;36;;60000;32141.0000;29000.0000;CI0000005534;5.2000;9920.0000;;9922.2900;;5.4900;In Fine;;réalisée;https://www.umoatitres.org/fr/emission/emission-simultanee-de-bons-et-obligations-de-relance-du-tresor-de-la-cote-divoire-du-30-08-2022/
Côte d'Ivoire;ES (Titre 3);OAT;Bons et Obligations de Relance (OdR);2022-08-30;2022-08-31;2027-08-31;60;;60000;7000.0000;7000.0000;CI0000005542;5.4000;9900.0000;;9906.2700;;5.6200;In Fine;;réalisée;https://www.umoatitres.org/fr/emission/emission-simultanee-de-bons-et-obligations-de-relance-du-tresor-de-la-cote-divoire-du-30-08-2022/
Sénégal;;BAT;Bons de Soutien et de Résilience (BSR);2022-08-26;2022-08-29;2023-08-27;12;;35000;83610.0000;38500.0000;SN0000001934;multiple;;3.2500;;3.1093;3.2100;In Fine;;réalisée;https://www.umoatitres.org/fr/emission/emission-de-bons-de-soutien-et-de-resilience-du-tresor-du-senegal-du-26-08-2022/
Niger;;BAT;;2022-08-25;2022-08-26;2022-11-24;3;;35000;47700.0000;38500.0000;NE0000001567;multiple;;3.2200;;2.9907;3.0100;In Fine;;réalisée;https://www.umoatitres.org/fr/emission/emission-de-bons-assimilables-du-tresor-du-niger-du-25-08-2022/
Burkina Faso;ES (Titre 1);BAT;Bons de Soutien et de Résilience (BSR) et Obligations de Relance (BSR);2022-08-17;2022-08-18;2023-08-16;12;;30000;22035.0000;22035.0000;BF0000002238;multiple;;3.5000;;3.3544;3.4700;In Fine;;réalisée;https://www.umoatitres.org/fr/emission/emission-simultanee-de-bons-de-soutien-et-de-resilience-et-obligations-de-relance-du-tresor-du-burkina-du-17-08-2022/
Burkina Faso;ES (Titre 2);OAT;Bons de Soutien et de Résilience (BSR) et Obligations de Relance (BSR);2022-08-17;2022-08-18;2025-08-18;36;;30000;29690.0000;10690.0000;BF0000002220;5.5500;9912.0000;;9926.3200;;5.8200;In Fine;;réalisée;https://www.umoatitres.org/fr/emission/emission-simultanee-de-bons-de-soutien-et-de-resilience-et-obligations-de-relance-du-tresor-du-burkina-du-17-08-2022/
Togo;ES (Titre 1);OAT;Obligations de Relance (OdR);2022-08-19;2022-08-22;2027-08-08;60;;30000;43862.8000;33000.0000;TG0000001874;5.7500;9960.0000;;9968.5100;;5.8200;In Fine;;réalisée;https://www.umoatitres.org/fr/emission/emission-simultanee-dobligations-de-relance-du-tresor-du-togo-du-19-08-2022/
Côte d'Ivoire;;BAT;;2022-08-16;2022-08-17;2022-11-15;3;;20000;32600.0000;20000.0000;CI0000005526;multiple;;2.7300;;2.6758;2.6900;In Fine;;réalisée;https://www.umoatitres.org/fr/emission/emission-de-bons-assimilables-du-tresor-de-cote-divoire-du-16-08-2022/
Niger;;BAT;Bons de Soutien et de Résilience (BSR);2022-08-11;2022-08-12;2023-08-10;12;;40000;69600.0000;44000.0000;NE0000001557;multiple;;3.3799;;3.2152;3.3200;In Fine;;réalisée;https://www.umoatitres.org/fr/emission/emission-de-bons-de-soutien-et-de-resilience-du-tresor-du-niger-du-11-08-2022/
Mali;ES (Titre 1);BAT;Bons de Soutien de Résilience(BSR) et Obligations de Relance (OdR);2022-08-09;2022-08-10;2023-08-08;12;;270000;72237.0000;72237.0000;ML0000001940;multiple;;3.5000;;3.4663;3.5900;In Fine;;réalisée;https://www.umoatitres.org/fr/emission/emission-simultanee-de-bons-et-obligations-de-relance-du-tresor-du-mali-du-09-08-2022/
Mali;ES (Titre 2);OAT;Bons de Soutien de Résilience(BSR) et Obligations de Relance (OdR);2022-08-09;2022-08-10;2025-08-10;36;;270000;98401.1500;98401.1500;ML0000001957;5.8500;9900.0000;;9902.6500;;6.2200;In Fine;;réalisée;https://www.umoatitres.org/fr/emission/emission-simultanee-de-bons-et-obligations-de-relance-du-tresor-du-mali-du-09-08-2022/
Mali;ES (Titre 3);OAT;Bons de Soutien de Résilience(BSR) et Obligations de Relance (OdR);2022-08-09;2022-08-10;2027-08-10;60;;270000;106732.9100;106732.9100;ML0000001965;6.1500;9900.0000;;9929.7000;;6.3200;In Fine;;réalisée;https://www.umoatitres.org/fr/emission/emission-simultanee-de-bons-et-obligations-de-relance-du-tresor-du-mali-du-09-08-2022/
Burkina Faso;ES (Titre 1);OAT;Obligations de Relance (OdR);2022-08-03;2022-08-04;2025-08-04;36;;35000;10500.0000;10500.0000;BF0000002196;5.5500;9910.0000;;9961.5700;;5.6900;In Fine;;réalisée;https://www.umoatitres.org/fr/emission/emission-simultanee-dobligations-de-relance-du-tresor-du-burkina-du-03-08-2022/
Burkina Faso;ES (Titre 2);OAT;Obligations de Relance (OdR);2022-08-03;2022-08-04;2029-08-04;84;;35000;25313.3000;25313.3000;BF0000002204;6.1000;9720.0000;;9835.1800;;6.4000;In Fine;;réalisée;https://www.umoatitres.org/fr/emission/emission-simultanee-dobligations-de-relance-du-tresor-du-burkina-du-03-08-2022/
Togo;;OAT;Obligations de Relance (OdR);2022-08-05;2022-08-08;2027-08-08;60;;25000;42132.5000;25000.0000;TG0000001874;5.7500;9960.0000;;9993.6500;;5.7600;In Fine;;réalisée;https://www.umoatitres.org/fr/emission/emission-dobligations-de-relance-du-tresor-du-togo-du-05-08-2022/
Côte d'Ivoire;ES (Titre 1);BAT;Bons et Obligations de Relance (OdR);2022-08-02;2022-08-03;2022-11-01;3;;65000;66700.0000;22400.0000;CI0000005492;multiple;;2.7200;;2.7092;2.7300;In Fine;;réalisée;https://www.umoatitres.org/fr/emission/emission-simultanee-de-bons-et-obligations-de-relance-du-tresor-de-la-cote-divoire-du-02-08-2022/
Côte d'Ivoire;ES (Titre 2);OAT;Bons et Obligations de Relance (OdR);2022-08-02;2022-08-03;2025-08-03;36;;65000;44900.0000;42600.0000;CI0000005500;5.2000;9920.0000;;9936.8900;;5.4300;In Fine;;réalisée;https://www.umoatitres.org/fr/emission/emission-simultanee-de-bons-et-obligations-de-relance-du-tresor-de-la-cote-divoire-du-02-08-2022/
Bénin;;OAT;Obligations de Relance (OdR);2022-08-04;2022-08-05;2025-08-05;36;;25000;44194.1200;27500.0000;BJ0000001772;5.2000;9955.5500;;9993.8300;;5.2200;In Fine;;réalisée;https://www.umoatitres.org/fr/emission/emission-dobligations-de-relance-du-tresor-du-benin-du-04-08-2022/
Burkina Faso;ES (Titre 1);OAT;Obligations de Relance (OdR);2022-07-20;2022-07-21;2025-07-21;36;;30000;22503.2000;12503.2000;BF0000002188;5.6500;9950.0000;;10000.5344;;5.6500;In Fine;;réalisée;https://www.umoatitres.org/fr/emission/emission-simultanee-dobligations-de-relance-du-treso-du-burkina-du-20-07-2022-2/
Burkina Faso;ES (Titre 2);OAT;Obligations de Relance (OdR);2022-07-20;2022-07-21;2027-07-21;60;;30000;22250.0000;17750.0000;BF0000002170;5.9000;9927.0000;;9991.8785;;5.9200;In Fine;;réalisée;https://www.umoatitres.org/fr/emission/emission-simultanee-dobligations-de-relance-du-treso-du-burkina-du-20-07-2022-2/
Côte d'Ivoire;ES (Titre 1);OAT;Rachat de Bons et Obligations Assimilables du Trésor;2022-07-13;2022-07-14;2025-07-14;36;;116298;99232.4900;99232.4900;CI0000005435;5.2000;9900.0000;;9920.7093;;5.4900;In Fine;;réalisée;https://www.umoatitres.org/fr/emission/rachat-emission-simultanee-dobligations-et-de-bons-du-tresor-de-la-cote-divoire-du-13-07-2022/
Côte d'Ivoire;ES (Titre 2);OAT;Rachat de Bons et Obligations Assimilables du Trésor;2022-07-13;2022-07-14;2027-07-14;60;;116298;17065.3900;17065.3900;CI0000005443;5.4000;9900.0000;;9911.7024;;5.6100;In Fine;;réalisée;https://www.umoatitres.org/fr/emission/rachat-emission-simultanee-dobligations-et-de-bons-du-tresor-de-la-cote-divoire-du-13-07-2022/
Niger;ES (Titre 1);OAT;Obligations de Relance (OdR);2022-07-28;2022-07-29;2027-07-29;60;;35000;37488.0000;18500.0000;NE0000001542;5.9000;9984.0000;;9995.9900;;5.9100;In Fine;;réalisée;https://www.umoatitres.org/fr/emission/emission-simultanee-dobligations-de-relance-du-treso-du-niger-du-28-07-2022/
Niger;ES (Titre 2);OAT;Obligations de Relance (OdR);2022-07-28;2022-07-29;2032-07-29;120;;35000;21792.4200;20000.0000;NE0000001559;6.2500;9805.0000;;9964.7300;;6.3000;In Fine;;réalisée;https://www.umoatitres.org/fr/emission/emission-simultanee-dobligations-de-relance-du-treso-du-niger-du-28-07-2022/
Guinée Bissau;;OAT;Obligations de Relance (OdR);2022-07-26;2022-07-27;2027-01-26;60;;11000;15364.3700;11364.3700;GW0000000491;6.1000;9980.0000;;10011.9900;;6.0600;In Fine;;réalisée;https://www.umoatitres.org/fr/emission/emission-dobligations-de-relance-du-tresor-de-la-guinee-bissau-du-26-07-2022/
Côte d'Ivoire;ES (Titre 1);BAT;Obligations de Relance (OdR);2022-07-19;2022-07-20;2022-10-18;3;;60000;23105.0000;19949.0000;CI0000005476;multiple;;2.7500;;2.7223;2.7400;In Fine;;réalisée;https://www.umoatitres.org/fr/emission/emission-dobligations-de-relance-du-tresor-de-la-cote-divoire-du-19-07-2022/
Côte d'Ivoire;ES (Titre 2);OAT;Obligations de Relance (OdR);2022-07-19;2022-07-20;2025-07-20;36;;60000;40000.0000;37000.0000;CI0000005468;5.2000;9950.0000;;9950.6559;;5.3800;In Fine;;réalisée;https://www.umoatitres.org/fr/emission/emission-dobligations-de-relance-du-tresor-de-la-cote-divoire-du-19-07-2022/
Côte d'Ivoire;ES (Titre 3);OAT;Obligations de Relance (OdR);2022-07-19;2022-07-20;2027-07-20;60;;60000;9051.0000;9051.0000;CI0000005450;5.4000;9900.0000;;9901.0275;;5.6300;In Fine;;réalisée;https://www.umoatitres.org/fr/emission/emission-dobligations-de-relance-du-tresor-de-la-cote-divoire-du-19-07-2022/
Sénégal;ES (Titre 1);OAT;Obligations de Relance (OdR);2022-07-15;2022-07-18;2025-07-18;36;;35000;64782.5000;12657.0000;SN0000001900;5.1000;9995.9900;;10005.5612;;5.0800;In Fine;;réalisée;https://www.umoatitres.org/fr/emission/emission-dobligations-de-relance-du-tresor-du-senegal-du-15-07-2022/
Sénégal;ES (Titre 2);OAT;Obligations de Relance (OdR);2022-07-15;2022-07-18;2027-07-18;60;;35000;18212.5000;18212.5000;SN0000001926;5.3500;9904.0000;;9948.9216;;5.4700;In Fine;;réalisée;https://www.umoatitres.org/fr/emission/emission-dobligations-de-relance-du-tresor-du-senegal-du-15-07-2022/
Sénégal;ES (Titre 3);OAT;Obligations de Relance (OdR);2022-07-15;2022-07-18;2029-07-18;84;;35000;7470.2000;7470.2000;SN0000001918;5.6500;9727.0000;;9890.6937;;5.8400;In Fine;;réalisée;https://www.umoatitres.org/fr/emission/emission-dobligations-de-relance-du-tresor-du-senegal-du-15-07-2022/
Côte d'Ivoire;ES (Titre 1);OAT;Obligations de Relance (OdR);2022-07-12;2022-07-13;2025-07-13;36;;35000;25000.0000;25000.0000;CI0000005419;5.2000;9955.0500;;9993.0460;;5.2300;In Fine;;réalisée;https://www.umoatitres.org/fr/emission/emission-simultanee-dobligations-de-relance-du-tresor-de-la-cote-divoire-du-12-07-2022/
Côte d'Ivoire;ES (Titre 2);OAT;Obligations de Relance (OdR);2022-07-12;2022-07-13;2027-07-13;60;;35000;11001.2000;11001.2000;CI0000005427;5.4000;9910.0000;;9948.1820;;5.5200;In Fine;;réalisée;https://www.umoatitres.org/fr/emission/emission-simultanee-dobligations-de-relance-du-tresor-de-la-cote-divoire-du-12-07-2022/
Niger;ES (Titre 1);OAT;Obligations de Relance (OdR)Obligations de Relance (OdR);2022-07-14;2022-07-15;2025-07-15;36;;35000;55857.0000;10000.0000;NE0000001534;5.7500;10000.2000;;10011.8816;;5.7100;In Fine;;réalisée;https://www.umoatitres.org/fr/emission/emission-simultanee-dobligations-de-relance-du-tresor-du-niger-du-14-07-2022/
Niger;ES (Titre 2);OAT;Obligations de Relance (OdR)Obligations de Relance (OdR);2022-07-14;2022-07-15;2029-07-15;84;;35000;53530.9800;28500.0000;NE0000001526;6.1500;10000.0000;;10006.5833;;6.1400;In Fine;;réalisée;https://www.umoatitres.org/fr/emission/emission-simultanee-dobligations-de-relance-du-tresor-du-niger-du-14-07-2022/
Sénégal;ES (Titre 1);OAT;Obligations de Relance (OdR)Obligations de Relance (OdR);2022-07-01;2022-07-04;2025-07-04;36;;99877;87726.1500;87726.1500;SN0000001892;5.1500;9932.4300;;9947.8100;;5.3400;In Fine;;réalisée;https://www.umoatitres.org/fr/emission/emission-simultanee-dobligations-de-relance-du-tresor-du-senegal-du-01-07-2022/
Sénégal;ES (Titre 2);OAT;Obligations de Relance (OdR)Obligations de Relance (OdR);2022-07-01;2022-07-04;2027-07-04;60;;99877;29870.6600;29870.6600;SN0000001884;5.4000;9914.8300;;9930.4300;;5.5600;In Fine;;réalisée;https://www.umoatitres.org/fr/emission/emission-simultanee-dobligations-de-relance-du-tresor-du-senegal-du-01-07-2022/
Togo;ES (Titre 1);OAT;Obligations de Relance (OdR);2022-07-08;2022-07-12;2027-07-12;60;;30000;45390.2500;20000.0000;TG0000001866;5.8000;9995.0000;;10002.8000;;5.7900;In Fine;;réalisée;https://www.umoatitres.org/fr/emission/emission-dobligations-de-relance-du-tresor-du-togo-du-08-07-2022/
Togo;ES (Titre 2);OAT;Obligations de Relance (OdR);2022-07-08;2022-07-12;2032-07-12;120;;30000;42222.4700;10000.0000;TG0000001858;6.1500;9985.2500;;10017.3600;;6.1300;In Fine;;réalisée;https://www.umoatitres.org/fr/emission/emission-dobligations-de-relance-du-tresor-du-togo-du-08-07-2022/
Côte d'Ivoire;ES (Titre 1);BAT;Bons et Obligations de Relance (OdR);2022-06-28;2022-06-29;2022-09-27;3;;65000;38000.0000;30000.0000;CI0000005369;multiple;;2.7500;;2.7360;2.7600;In Fine;;réalisée;https://www.umoatitres.org/fr/emission/emission-simultanee-de-bons-et-obligations-de-relance-du-tresor-du-cote-divoire-du-28-06-2022/
Côte d'Ivoire;ES (Titre 2);OAT;Bons et Obligations de Relance (OdR);2022-06-28;2022-06-29;2025-06-29;36;;65000;43000.0000;40000.0000;CI0000005351;5.0000;9975.0000;;9977.0000;;5.0800;In Fine;;réalisée;https://www.umoatitres.org/fr/emission/emission-simultanee-de-bons-et-obligations-de-relance-du-tresor-du-cote-divoire-du-28-06-2022/
Togo;ES (Titre 1);OAT;Obligations de Relance (OdR);2022-06-24;2022-06-27;2025-06-13;36;;25000;53695.8700;18750.0000;TG0000001841;5.3000;10004.9000;;10018.5800;;5.2300;In Fine;;réalisée;https://www.umoatitres.org/fr/emission/emission-simultanee-dobligations-de-relance-du-tresor-du-togo-du-24-06-2022/
Togo;ES (Titre 2);OAT;Obligations de Relance (OdR);2022-06-24;2022-06-27;2029-04-19;84;;25000;27701.8300;6251.0000;TG0000001809;5.8000;9900.0000;;9925.8500;;5.9300;In Fine;;réalisée;https://www.umoatitres.org/fr/emission/emission-simultanee-dobligations-de-relance-du-tresor-du-togo-du-24-06-2022/
Sénégal;ES (Titre 1);OAT;Obligations de Relance (OdR);2022-06-17;2022-06-20;2025-06-20;36;;50000;30671.0000;30671.0000;SN0000001876;5.0000;9946.6000;;9985.2600;;5.0500;In Fine;;réalisée;https://www.umoatitres.org/fr/emission/emission-simultanee-dobligations-de-relance-du-tresor-du-senegal-du-17-06-2022/
Sénégal;ES (Titre 2);OAT;Obligations de Relance (OdR);2022-06-17;2022-06-20;2027-06-20;60;;50000;29786.0000;20686.0000;SN0000001868;5.2500;9950.0000;;9985.6300;;5.2800;In Fine;;réalisée;https://www.umoatitres.org/fr/emission/emission-simultanee-dobligations-de-relance-du-tresor-du-senegal-du-17-06-2022/
Bénin;ES (Titre 1);OAT;Obligations de Relance (OdR);2022-06-23;2022-06-24;2027-06-10;60;;20000;4000.0000;4000.0000;BJ0000001749;5.1000;9910.0000;;9947.5000;;5.2200;In Fine;;réalisée;https://www.umoatitres.org/fr/emission/emission-simultanee-dobligations-de-relance-du-tresor-du-benin-du-23-06-2022/
Bénin;ES (Titre 2);OAT;Obligations de Relance (OdR);2022-06-23;2022-06-24;2029-02-04;84;;20000;26250.0000;16000.0000;BJ0000001657;5.2000;9750.0000;;9820.1900;;5.5300;In Fine;;réalisée;https://www.umoatitres.org/fr/emission/emission-simultanee-dobligations-de-relance-du-tresor-du-benin-du-23-06-2022/
Côte d'Ivoire;ES (Titre 1);BAT;Bons et Obligations de Relance (OdR);2022-06-14;2022-06-15;2022-09-13;3;;60000;44000.0000;33999.0000;CI0000005328;multiple;;2.7500;;2.6315;2.6500;In Fine;;réalisée;https://www.umoatitres.org/fr/emission/emission-simultanee-de-bons-et-obligations-de-relance-du-tresor-de-cote-divoire-du-14-06-2022/
Côte d'Ivoire;ES (Titre 2);OAT;Bons et Obligations de Relance (OdR);2022-06-14;2022-06-15;2027-06-15;60;;60000;32001.0000;32001.0000;CI0000005336;5.2000;9900.0000;;9918.9000;;5.3900;In Fine;;réalisée;https://www.umoatitres.org/fr/emission/emission-simultanee-de-bons-et-obligations-de-relance-du-tresor-de-cote-divoire-du-14-06-2022/
Niger;ES (Titre 1);BAT;Bons de Soutien et de Résilience (BSR)& Obligations de Relance (OdR);2022-06-16;2022-06-17;2023-06-15;12;;35000;22141.0000;11279.0000;NE0000001518;multiple;;3.2001;;3.0641;3.1600;In Fine;;réalisée;https://www.umoatitres.org/fr/emission/emission-de-bons-de-soutien-et-de-resilience-du-tresor-du-niger-du-16-06-2022/
Niger;ES (Titre 2);OAT;Bons de Soutien et de Résilience (BSR)& Obligations de Relance (OdR);2022-06-16;2022-06-17;2025-06-17;36;;35000;41033.0000;27221.0000;NE0000001500;5.6000;10000.0500;;10060.8400;;5.3800;In Fine;;réalisée;https://www.umoatitres.org/fr/emission/emission-de-bons-de-soutien-et-de-resilience-du-tresor-du-niger-du-16-06-2022/
Togo;;OAT;Obligations de Relance (OdR);2022-06-10;2022-06-13;2025-06-13;36;;25000;77215.2000;25000.0000;TG0000001841;5.3000;10005.0000;;10086.4900;;4.9800;In Fine;;réalisée;https://www.umoatitres.org/fr/emission/emission-dobligations-de-relance-du-tresor-du-togo-du-10-06-2022/
Bénin;;OAT;Obligations de Relance (OdR);2022-06-09;2022-06-10;2027-06-10;60;;25000;25005.5000;25000.0000;BJ0000001749;5.1000;9900.0000;;9960.9800;;5.1900;In Fine;;réalisée;https://www.umoatitres.org/fr/emission/emission-dobligations-de-relance-du-tresor-du-benin-du-09-06-2022/
Bénin;;BAT;Bons de Soutien et de Résilience (BSR);2022-05-24;2022-05-25;2023-05-23;12;;30000;31800.0000;31800.0000;BJ0000001715;multiple;;3.5000;;3.0259;3.1200;In Fine;;réalisée;https://www.umoatitres.org/fr/emission/emission-de-bons-de-soutien-et-de-resilience-du-tresor-du-benin-du-24-05-2022/
Sénégal;;OAT;Obligations de Relance (OdR);2022-05-20;2022-05-23;2027-05-23;60;;35000;67027.0000;35000.0000;SN0000001843;5.2500;10000.0000;;10005.0000;;5.2400;In Fine;;réalisée;https://www.umoatitres.org/fr/emission/emission-dobligations-de-relance-du-tresor-du-senegal-du-20-05-2022/
Côte d'Ivoire;ES (Titre 1);BAT;Bons et Obligations de Relance (OdR);2022-05-31;2022-06-02;2022-11-29;6;;70000;36040.0000;30591.0000;CI0000005294;multiple;;2.6500;;2.6299;2.6700;In Fine;;réalisée;https://www.umoatitres.org/fr/emission/emission-simultanee-de-bons-et-obligations-de-relance-du-tresor-de-cote-divoire-du-31-05-2022/
Côte d'Ivoire;ES (Titre 2);OAT;Bons et Obligations de Relance (OdR);2022-05-31;2022-06-02;2027-06-01;60;;70000;32709.0000;32209.0000;CI0000005302;5.2000;9950.0000;;9961.8900;;5.2900;In Fine;;réalisée;https://www.umoatitres.org/fr/emission/emission-simultanee-de-bons-et-obligations-de-relance-du-tresor-de-cote-divoire-du-31-05-2022/
Côte d'Ivoire;ES (Titre 3);OAT;Bons et Obligations de Relance (OdR);2022-05-31;2022-06-02;2029-04-20;84;;70000;14200.0000;14200.0000;CI0000005211;5.3000;9900.0000;;9900.0700;;5.4800;In Fine;;réalisée;https://www.umoatitres.org/fr/emission/emission-simultanee-de-bons-et-obligations-de-relance-du-tresor-de-cote-divoire-du-31-05-2022/
Togo;;OAT;Obligations de Relance (OdR);2022-05-27;2022-05-30;2037-05-30;180;;35000;36439.8000;11000.0000;TG0000001825;6.1500;9900.0000;;9965.2200;;6.1900;In Fine;;réalisée;https://www.umoatitres.org/fr/emission/emission-dobligations-de-relance-du-27-05-2022/
Burkina Faso;ES (Titre 1);OAT;Obligations de Relance (OdR);2022-05-25;2022-05-26;2027-05-27;60;;40000;1100.0000;700.0000;BF0000002154;5.8000;9925.0000;;9955.1400;;5.9100;In Fine;;réalisée;https://www.umoatitres.org/fr/emission/emission-simultanee-dobligations-de-relance-du-burkina-du-25-05-2022/
Burkina Faso;ES (Titre 2);OAT;Obligations de Relance (OdR);2022-05-25;2022-05-26;2029-05-27;84;;40000;25307.0000;17807.0000;BF0000002162;6.1000;9750.0000;;9786.7100;;6.4900;In Fine;;réalisée;https://www.umoatitres.org/fr/emission/emission-simultanee-dobligations-de-relance-du-burkina-du-25-05-2022/
Côte d'Ivoire;ES (Titre 1);BAT;Bons et Obligations de Relance;2022-05-17;2022-05-18;2022-08-16;3;;70000;56500.0000;36000.0000;CI0000005278;multiple;;2.5000;;2.4055;2.4200;In Fine;;réalisée;https://www.umoatitres.org/fr/emission/emission-simultanee-de-bons-assimilables-du-tresor-et-obligations-de-relance-de-cote-divoire-du-17-05-2022/
Côte d'Ivoire;ES (Titre 2);OAT;Bons et Obligations de Relance;2022-05-17;2022-05-18;2027-05-18;60;;70000;50501.0000;41000.0000;CI0000005286;5.2000;9991.4400;;10000.8500;;5.2000;In Fine;;réalisée;https://www.umoatitres.org/fr/emission/emission-simultanee-de-bons-assimilables-du-tresor-et-obligations-de-relance-de-cote-divoire-du-17-05-2022/
Bénin;ES (Titre 1);OAT;Obligations de Relance (OdR);2022-05-12;2022-05-13;2025-05-13;36;;50000;78011.0000;36997.0000;BJ0000001707;5.0000;10026.0000;;10126.9500;;4.5400;In Fine;;réalisée;https://www.umoatitres.org/fr/emission/emission-simultanee-dobligations-de-relance-du-benin-du-12-05-2022/
Bénin;ES (Titre 2);OAT;Obligations de Relance (OdR);2022-05-12;2022-05-13;2027-04-29;60;;50000;54296.0000;18003.0000;BJ0000001699;5.1000;10000.0000;;10017.4500;;5.0600;In Fine;;réalisée;https://www.umoatitres.org/fr/emission/emission-simultanee-dobligations-de-relance-du-benin-du-12-05-2022/
Burkina Faso;ES (Titre 1);OAT;Obligations de Relance (OdR);2022-05-11;2022-05-12;2027-04-28;60;;50000;11203.0000;11203.0000;BF0000002121;5.8000;9925.1000;;9972.1000;;5.8600;In Fine;;réalisée;https://www.umoatitres.org/fr/emission/emission-simultanee-dobligations-de-relance-du-burkina-du-11-05-2022/
Burkina Faso;ES (Titre 2);OAT;Obligations de Relance (OdR);2022-05-11;2022-05-12;2029-05-12;84;;50000;40941.0000;28888.0000;BF0000002147;6.1000;9750.0000;;9888.6890;;6.3000;In Fine;;réalisée;https://www.umoatitres.org/fr/emission/emission-simultanee-dobligations-de-relance-du-burkina-du-11-05-2022/
Guinée Bissau;;BAT;;2022-05-10;2022-05-11;2022-08-09;3;;10000;10000.0000;10000.0000;GW0000000525;multiple;;4.0000;;3.1825;3.2100;In Fine;;réalisée;https://www.umoatitres.org/fr/emission/emission-de-bons-de-soutien-et-de-resilience-du-tresor-de-la-guinee-bissau-du-10-05-2022/
Sénégal;;BAT;Bons de Soutien et de Résilience (BSR);2022-05-06;2022-05-09;2023-05-07;12;;55000;61559.0000;50555.0000;SN0000001835;multiple;;3.3000;;2.7857;2.8700;In Fine;;réalisée;https://www.umoatitres.org/fr/emission/emission-de-bons-de-soutien-et-de-resilience-du-tresor-du-senegal-du-06-05-2022/
Côte d'Ivoire;ES (Titre 1);BAT;Bons Assimilables du Trésor et Bons de Soutien et de Résilience (BSR);2022-05-05;2022-05-06;2022-11-03;6;;50000;32000.0000;32000.0000;CI0000005252;multiple;;2.6000;;2.5628;2.6000;In Fine;;réalisée;https://www.umoatitres.org/fr/emission/emission-simultanee-de-bons-assimilables-du-tresor-de-cote-divoire-du-05-05-2022/
Côte d'Ivoire;ES (Titre 2);BAT;Bons Assimilables du Trésor et Bons de Soutien et de Résilience (BSR);2022-05-05;2022-05-06;2023-05-04;12;;50000;20000.0000;20000.0000;CI0000005260;multiple;;2.8000;;2.7975;2.8800;In Fine;;réalisée;https://www.umoatitres.org/fr/emission/emission-simultanee-de-bons-assimilables-du-tresor-de-cote-divoire-du-05-05-2022/
Togo;;OAT;Obligations de Relance (OdR);2022-04-29;2022-05-04;2032-05-04;120;;30000;40031.0000;33000.0000;TG0000001817;5.9000;9952.0000;;10024.6200;;5.8700;In Fine;;réalisée;https://www.umoatitres.org/fr/emission/emission-dobligations-de-relance-du-tresor-du-togo-du-29-04-2022/
Bénin;;OAT;Obligations de Relance (OdR);2022-04-28;2022-04-29;2027-04-29;60;;40000;47001.0000;41000.0000;BJ0000001699;5.1000;10000.0000;;10012.4800;;5.0700;In Fine;;réalisée;https://www.umoatitres.org/fr/emission/emission-dobligations-de-relance-du-tresor-du-benin-du-28-04-2022-2/
Burkina Faso;ES (Titre 1);BAT;Bons de Soutien et de Résilience (BSR) et Obligations de Relance (OdR);2022-04-27;2022-04-28;2023-04-26;12;;25000;3000.0000;3000.0000;BF0000002139;multiple;;3.5000;;3.3942;3.5100;In Fine;;réalisée;https://www.umoatitres.org/fr/emission/emission-simultanee-de-bons-et-obligations-de-relance-du-tresor-du-burkina-du-27-04-2022/
Burkina Faso;ES (Titre 2);OAT;Bons de Soutien et de Résilience (BSR) et Obligations de Relance (OdR);2022-04-27;2022-04-28;2027-04-28;60;;25000;31050.0000;22550.0000;BF0000002121;5.8000;9950.0000;;9983.8500;;5.8400;In Fine;;réalisée;https://www.umoatitres.org/fr/emission/emission-simultanee-de-bons-et-obligations-de-relance-du-tresor-du-burkina-du-27-04-2022/
Côte d'Ivoire;ES (Titre 1);BAT;Bons et Obligations de Relance (OdR);2022-04-26;2022-04-27;2022-10-25;6;;65000;39000.0000;25000.0000;CI0000005245;multiple;;2.5000;;2.4879;2.5200;In Fine;;réalisée;https://www.umoatitres.org/fr/emission/emission-simultanee-de-bons-et-obligations-de-relance-du-tresor-de-cote-divoire-du-26-04-2022/
Côte d'Ivoire;ES (Titre 2);OAT;Bons et Obligations de Relance (OdR);2022-04-26;2022-04-27;2027-04-27;60;;65000;64954.0000;28153.0000;CI0000005237;5.2000;10000.0000;;10009.6300;;5.1800;In Fine;;réalisée;https://www.umoatitres.org/fr/emission/emission-simultanee-de-bons-et-obligations-de-relance-du-tresor-de-cote-divoire-du-26-04-2022/
Sénégal;;OAT;Obligations de Relance (OdR);2022-04-22;2022-04-25;2027-04-25;60;;55000;103292.3100;60500.0000;SN0000001793;5.5000;10000.0000;;10097.9700;;5.2700;In Fine;;réalisée;https://www.umoatitres.org/fr/emission/emission-dobligations-de-relance-du-tresor-du-senegal-du-22-04-2022/
Niger;;OAT;Obligations de Relance (OdR);2022-04-21;2022-04-22;2032-04-22;120;;35000;71078.0000;38500.0000;NE0000001484;6.2500;10000.0000;;10056.2600;;6.1700;In Fine;;réalisée;https://www.umoatitres.org/fr/emission/emission-dobligations-de-relance-du-tresor-du-niger-du-21-04-2022/
Côte d'Ivoire;ES (Titre 1);BAT;;2022-04-19;2022-04-20;2022-07-19;3;;70000;29500.0000;16643.0000;CI0000005229;multiple;;2.4000;;2.3435;2.3600;In Fine;;réalisée;https://www.umoatitres.org/fr/emission/emission-simultanee-de-bons-assimilables-du-tresor-et-obligations-de-relance-de-la-cote-divoire-du-19-04-2022/
Côte d'Ivoire;ES (Titre 2);OAT;;2022-04-19;2022-04-20;2027-04-20;60;;70000;77856.3300;45856.3300;CI0000005203;5.2000;10000.0000;;10018.9300;;5.1600;In Fine;;réalisée;https://www.umoatitres.org/fr/emission/emission-simultanee-de-bons-assimilables-du-tresor-et-obligations-de-relance-de-la-cote-divoire-du-19-04-2022/
Côte d'Ivoire;ES (Titre 3);OAT;;2022-04-19;2022-04-20;2029-04-20;84;;70000;44000.0000;14500.0000;CI0000005211;5.3000;9950.0000;;9956.2800;;5.3800;In Fine;;réalisée;https://www.umoatitres.org/fr/emission/emission-simultanee-de-bons-assimilables-du-tresor-et-obligations-de-relance-de-la-cote-divoire-du-19-04-2022/
Burkina Faso;;OAT;Obligations de Relance (OdR);2022-04-13;2022-04-14;2029-04-14;84;;50000;76705.2500;51654.7500;BF0000002113;6.1000;9753.0000;;9985.5000;;6.1300;In Fine;;réalisée;https://www.umoatitres.org/fr/emission/emission-dobligations-de-relance-du-tresor-du-burkina-du-13-04-2022/
Togo;;OAT;Obligations de Relance (OdR);2022-04-15;2022-04-19;2029-04-19;84;;30000;68701.0000;32000.0000;TG0000001809;5.8000;9957.0000;;10006.2600;;5.7900;In Fine;;réalisée;https://www.umoatitres.org/fr/emission/emission-dobligations-de-relance-du-tresor-du-togo-du-15-04-2022/
Côte d'Ivoire;ES (Titre 1);BAT;BAT et BSR;2022-04-12;2022-04-13;2022-10-11;6;;50000;28000.0000;20000.0000;CI0000005187;multiple;;2.4000;;2.3985;2.4300;In Fine;;réalisée;https://www.umoatitres.org/fr/emission/emission-simultanee-de-bons-assimilables-du-tresor-et-bons-de-soutien-et-de-resilience-du-du-12-04-2022/
Côte d'Ivoire;ES (Titre 2);BAT;BAT et BSR;2022-04-12;2022-04-13;2023-04-11;12;;50000;41500.0000;30000.0000;CI0000005195;multiple;;2.7000;;2.7000;2.7800;In Fine;;réalisée;https://www.umoatitres.org/fr/emission/emission-simultanee-de-bons-assimilables-du-tresor-et-bons-de-soutien-et-de-resilience-du-du-12-04-2022/
Sénégal;;OAT;Obligations de Relance (OdR);2022-04-08;2022-04-11;2032-04-11;120;;55000;67672.9600;57000.0000;SN0000001785;5.8000;9951.0000;;9986.3400;;5.8200;In Fine;;réalisée;https://www.umoatitres.org/fr/emission/emission-dobligations-de-relance-du-tresor-du-senegal-du-08-04-2022/
Bénin;;OAT;;2022-04-14;2022-04-15;2029-02-04;84;;40000;47527.7000;10027.7000;BJ0000001657;5.2000;9957.0000;;10005.8500;;5.1900;In Fine;;réalisée;https://www.umoatitres.org/fr/emission/emission-dobligations-assimilables-du-tresor-du-benin-du-14-04-2022/
Niger;;BAT;Bons de Soutien et de Résilience;2022-04-07;2022-04-08;2023-04-06;12;;30000;50900.0000;33000.0000;NE0000001476;multiple;;3.2000;;3.0380;3.1300;In Fine;;réalisée;https://www.umoatitres.org/fr/emission/emission-de-bons-de-soutien-et-de-resilience-du-niger-du-07-04-2022/
Guinée Bissau;;OAT;Obligations de Relance (OdR);2022-04-05;2022-04-06;2029-04-06;84;;12500;26241.0100;11936.0500;GW0000000517;6.3000;10163.2500;;10239.6000;;5.8700;In Fine;;réalisée;https://www.umoatitres.org/fr/emission/emission-dobligations-de-relance-du-tresor-de-la-guinee-bissau-du-05-04-2022/
Bénin;;OAT;;2022-03-31;2022-04-01;2025-04-01;36;;40000;95567.8100;44000.0000;BJ0000001681;5.0000;10156.0000;;10204.7200;;4.2600;In Fine;;réalisée;https://www.umoatitres.org/fr/emission/emission-dobligations-assimilables-du-tresor-du-benin-du-31-03-2022/
Côte d'Ivoire;ES (Titre 1);OAT;;2022-03-22;2022-03-23;2025-03-23;36;;35000;56330.0000;22633.0000;CI0000005138;5.0000;10100.0000;;10156.9500;;4.4300;In Fine;;réalisée;https://www.umoatitres.org/fr/emission/emission-dobligations-assimilables-du-tresor-de-la-cote-divoire-du-22-03-2022/
Côte d'Ivoire;ES (Titre 2);OAT;;2022-03-22;2022-03-23;2027-03-23;60;;35000;44367.0000;15867.0000;CI0000005120;5.2000;10076.7700;;10138.0800;;4.8800;In Fine;;réalisée;https://www.umoatitres.org/fr/emission/emission-dobligations-assimilables-du-tresor-de-la-cote-divoire-du-22-03-2022/
Togo;;OAT;;2022-03-18;2022-03-21;2027-03-21;60;;30000;104076.0000;30000.0000;TG0000001791;5.6000;10171.0000;;10294.0600;;4.9200;In Fine;;réalisée;https://www.umoatitres.org/fr/emission/emission-dobligations-assimilables-du-tresor-du-togo-du-18-03-2022/
Burkina Faso;;BAT;;2022-03-16;2022-03-17;2023-03-15;12;;25000;26180.0000;25327.0000;BF0000002105;multiple;;4.5000;;3.8586;4.0200;In Fine;;réalisée;https://www.umoatitres.org/fr/emission/emission-de-bons-assimilables-du-tresor-du-burkina-du-16-03-2022/
Côte d'Ivoire;ES (Titre 1);BAT;;2022-03-15;2022-03-16;2022-06-14;3;;65000;45800.0000;10300.0000;CI0000005104;multiple;;2.3000;;2.2686;2.2800;In Fine;;réalisée;https://www.umoatitres.org/fr/emission/emission-simultanee-de-bons-et-dobligations-assimilables-du-tresor-de-la-cote-divoire-du-15-03-2022/
Côte d'Ivoire;ES (Titre 2);OAT;;2022-03-15;2022-03-16;2027-03-16;60;;65000;103802.0000;35802.0000;CI0000005112;5.2000;10000.6600;;10213.0100;;4.7100;In Fine;;réalisée;https://www.umoatitres.org/fr/emission/emission-simultanee-de-bons-et-dobligations-assimilables-du-tresor-de-la-cote-divoire-du-15-03-2022/
Sénégal;;OAT;;2022-03-11;2022-03-14;2029-03-14;84;;55000;95374.3700;55000.0000;SN0000001777;5.6500;10000.0000;;10074.5000;;5.5200;In Fine;;réalisée;https://www.umoatitres.org/fr/emission/emission-de-bons-assimilables-du-tresor-du-senegal-du-11-03-2022/
Niger;;BAT;;2022-03-10;2022-03-11;2022-06-09;3;;30000;37000.0000;33000.0000;NE0000001443;multiple;;2.9899;;2.5411;2.5600;In Fine;;réalisée;https://www.umoatitres.org/fr/emission/emission-de-bons-assimilables-du-tresor-du-niger-du-10-03-2022/
Guinée Bissau;;BAT;;2022-03-08;2022-03-09;2022-09-06;6;;10000;15900.0000;10400.0000;GW0000000509;multiple;;3.2985;;2.7707;2.8100;In Fine;;réalisée;https://www.umoatitres.org/fr/emission/emission-de-bons-assimilables-du-tresor-de-guinee-bissau-du-08-03-2022/
Togo;;OAT;;2022-03-04;2022-03-07;2037-03-07;180;;30000;57211.9000;30000.0000;TG0000001775;6.0000;9755.7700;6.0000;9954.5200;;6.0500;In Fine;;réalisée;https://www.umoatitres.org/fr/emission/emission-de-obligations-assimilables-du-tresor-du-burkina-du-04-03-2022-2/
Burkina Faso;ES (Titre 1);OAT;;2022-03-02;2022-03-03;2025-03-03;36;;50000;14627.0000;8490.0000;BF0000002089;5.5500;10000.5000;;10186.0700;;4.8700;In Fine;;réalisée;https://www.umoatitres.org/fr/emission/emission-simultanee-de-obligations-assimilables-du-tresor-du-burkina-du-02-03-2022/
Burkina Faso;ES (Titre 2);OAT;;2022-03-02;2022-03-03;2032-03-03;120;;50000;41368.0000;41368.0000;BF0000002097;6.2000;9650.0000;;10041.2700;;6.1400;In Fine;;réalisée;https://www.umoatitres.org/fr/emission/emission-simultanee-de-obligations-assimilables-du-tresor-du-burkina-du-02-03-2022/
Côte d'Ivoire;ES (Titre 1);BAT;;2022-03-01;2022-03-02;2022-08-30;6;;60000;35395.0000;25700.0000;CI0000005088;multiple;;2.3825;;2.3632;2.3900;In Fine;;réalisée;https://www.umoatitres.org/fr/emission/emission-simultanee-de-bons-assimilables-du-tresor-de-la-cote-divoire-du-01-03-2022/
Côte d'Ivoire;ES (Titre 2);BAT;;2022-03-01;2022-03-02;2023-02-28;12;;60000;44300.0000;34300.0000;CI0000005070;multiple;;2.6895;;2.6653;2.7400;In Fine;;réalisée;https://www.umoatitres.org/fr/emission/emission-simultanee-de-bons-assimilables-du-tresor-de-la-cote-divoire-du-01-03-2022/
Sénégal;;OAT;;2022-02-25;2022-02-28;2037-02-28;180;;50000;79864.7400;55000.0000;SN0000001751;6.0000;10000.0000;;10037.0600;;5.9600;In Fine;;réalisée;https://www.umoatitres.org/fr/emission/emission-obligations-assimilables-du-tresor-du-senegal-du-25-02-2022/
Niger;;OAT;;2022-02-24;2022-02-25;2027-02-25;60;;35000;114836.8300;38500.0000;NE0000001427;5.9000;10257.6300;;10487.0900;;4.7800;In Fine;;réalisée;https://www.umoatitres.org/fr/emission/emission-obligations-assimilables-du-tresor-du-niger-du-24-02-2022/
Côte d'Ivoire;ES (Titre 1);BAT;;2022-02-22;2022-02-23;2022-08-23;6;;65000;59556.0000;24458.0000;CI0000005054;multiple;;2.4000;;2.3758;2.4000;In Fine;;réalisée;https://www.umoatitres.org/fr/emission/emission-simultanee-de-bons-et-obligations-assimilables-du-tresor-de-cote-divoire-du-22-02-2022/
Côte d'Ivoire;ES (Titre 2);OAT;;2022-02-22;2022-02-23;2029-02-23;84;;65000;38300.0000;30300.0000;CI0000005062;5.3000;10000.0000;;10019.0500;;5.2700;In Fine;;réalisée;https://www.umoatitres.org/fr/emission/emission-simultanee-de-bons-et-obligations-assimilables-du-tresor-de-cote-divoire-du-22-02-2022/
Côte d'Ivoire;ES (Titre 3);OAT;;2022-02-22;2022-02-23;2032-02-23;120;;65000;17241.1300;10241.1300;CI0000005047;5.5000;10000.0000;;10000.7300;;5.5000;In Fine;;réalisée;https://www.umoatitres.org/fr/emission/emission-simultanee-de-bons-et-obligations-assimilables-du-tresor-de-cote-divoire-du-22-02-2022/
Burkina Faso;;BAT;;2022-02-16;2022-02-17;2022-08-17;6;;30000;50850.0000;33000.0000;BF0000002071;multiple;;3.4900;;3.0864;3.1400;In Fine;;réalisée;https://www.umoatitres.org/fr/emission/emission-de-bons-assimilables-du-tresor-du-burkina-du-16-02-2022/
Côte d'Ivoire;;BAT;;2022-02-15;2022-02-16;2022-05-17;3;;30000;76300.0000;30000.0000;CI0000005039;multiple;;2.3000;;2.2484;2.2600;In Fine;;réalisée;https://www.umoatitres.org/fr/emission/emission-de-bons-assimilables-du-tresor-de-la-cote-divoire-du-15-02-2022/
Sénégal;;BAT;;2022-02-11;2022-02-14;2022-05-15;3;;35000;106760.0000;35000.0000;SN0000001744;multiple;;2.3300;;2.2779;2.2900;In Fine;;réalisée;https://www.umoatitres.org/fr/emission/emission-de-bons-assimilables-du-tresor-du-niger-du-11-02-2022/
Niger;;BAT;;2022-02-10;2022-02-11;2023-02-09;12;;30000;50597.0000;33000.0000;NE0000001419;multiple;;2.8000;;2.5999;2.6700;In Fine;;réalisée;https://www.umoatitres.org/fr/emission/emission-de-bons-assimilables-du-tresor-du-niger-du-10-02-2022/
Côte d'Ivoire;ES (Titre 1);BAT;;2022-02-08;2022-02-09;2022-08-09;6;;60000;50240.0000;25050.0000;CI0000005013;multiple;;2.4700;;2.4208;2.4500;In Fine;;réalisée;https://www.umoatitres.org/fr/emission/emission-simultanee-de-bons-assimilables-du-tresor-de-cote-divoire-du-08-02-2022/
Côte d'Ivoire;ES (Titre 2);BAT;;2022-02-08;2022-02-09;2023-02-07;12;;60000;93203.0000;35000.0000;CI0000005021;multiple;;2.6900;;2.6392;2.7100;In Fine;;réalisée;https://www.umoatitres.org/fr/emission/emission-simultanee-de-bons-assimilables-du-tresor-de-cote-divoire-du-08-02-2022/
Burkina Faso;;OAT;;2022-02-02;2022-02-03;2025-02-03;36;;30000;58855.6700;27855.6700;BF0000002063;5.5500;10000.0000;;10136.0700;;5.0500;In Fine;;réalisée;https://www.umoatitres.org/fr/emission/emission-dobligations-assimilables-du-tresor-du-burkina-du-02-02-2022/
Togo;;OAT;;2022-02-04;2022-02-07;2032-02-07;120;;35000;69834.5500;35000.0000;TG0000001759;5.9000;10000.0000;;10085.9300;;5.7800;In Fine;;réalisée;https://www.umoatitres.org/fr/emission/emission-dobligations-assimilables-du-tresor-du-togo-du-04-02-2022/
Côte d'Ivoire;;OAT;;2022-02-01;2022-02-02;2027-02-02;60;;35000;80701.0000;38500.0000;CI0000004982;5.2000;10285.0000;;10427.3500;;4.2300;In Fine;;réalisée;https://www.umoatitres.org/fr/emission/emission-dobligations-assimilables-du-tresor-de-la-cote-divoire-du-01-02-2022/
Guinée Bissau;;OAT;;2022-01-25;2022-01-26;2027-01-26;60;;11000;44478.1100;11359.1200;GW0000000491;6.1000;10488.7700;;10632.7100;;4.6500;In Fine;;réalisée;https://www.umoatitres.org/fr/emission/emission-dobligations-assimilables-du-tresor-de-la-guinee-bissau-du-25-01-2022/
Bénin;ES (Titre 1);OAT;;2022-02-03;2022-02-04;2029-02-04;84;;70000;117194.2400;36000.0000;BJ0000001657;5.2000;10001.0000;;10117.6000;;5.0000;In Fine;;réalisée;https://www.umoatitres.org/fr/emission/emission-simultanee-dobligations-assimilables-du-tresor-du-benin-du-03-02-2022/
Bénin;ES (Titre 2);OAT;;2022-02-03;2022-02-04;2032-02-04;120;;70000;81268.8100;41000.0000;BJ0000001640;5.3000;10000.0000;;10043.4900;;5.2400;In Fine;;réalisée;https://www.umoatitres.org/fr/emission/emission-simultanee-dobligations-assimilables-du-tresor-du-benin-du-03-02-2022/
Togo;;OAT;;2022-01-21;2022-01-24;2029-01-24;84;;35000;84008.0000;37000.0000;TG0000001742;5.8000;10405.0000;;10489.3166;;4.9600;In Fine;;réalisée;https://www.umoatitres.org/fr/emission/emission-dobligations-assimilables-du-tresor-du-togo-du-21-01-2022/
Niger;;OAT;;2022-01-27;2022-01-28;2025-01-28;36;;30000;102051.7000;33000.0000;NE0000001401;5.6000;10457.0000;;10539.7100;;3.6700;In Fine;;réalisée;https://www.umoatitres.org/fr/emission/emission-dobligations-assimilables-du-tresor-du-niger-du-27-01-2022/
Sénégal;;OAT;;2022-01-28;2022-01-31;2032-01-31;120;;50000;63933.6400;55000.0000;SN0000001736;5.8000;10000.0000;;10164.2700;;5.5800;In Fine;;réalisée;https://www.umoatitres.org/fr/emission/emission-dobligations-assimilables-du-tresor-du-senegal-du-28-01-2022/
Burkina Faso;;OAT;;2022-01-19;2022-01-20;2027-01-20;60;;40000;105337.6800;44000.0000;BF0000002055;5.8000;10575.2500;;10614.4118;;4.4000;In Fine;;réalisée;https://www.umoatitres.org/fr/emission/emission-dobligations-assimilables-du-tresor-du-burkina-du-19-01-2022/
Côte d'Ivoire;ES (Titre 1);BAT;;2022-01-18;2022-01-19;2022-04-19;3;;60000;38188.0000;26000.0000;CI0000004966;multiple;;2.3400;;2.3135;2.3300;In Fine;;réalisée;https://www.umoatitres.org/fr/emission/emission-simultanee-de-bons-assimilables-du-tresor-de-la-cote-divoire-du-18-01-2022/
Côte d'Ivoire;ES (Titre 2);BAT;;2022-01-18;2022-01-19;2022-07-19;6;;60000;59600.0000;40000.0000;CI0000004958;multiple;;2.5000;;2.4759;2.5100;In Fine;;réalisée;https://www.umoatitres.org/fr/emission/emission-simultanee-de-bons-assimilables-du-tresor-de-la-cote-divoire-du-18-01-2022/
Sénégal;;OAT;;2022-01-14;2022-01-17;2027-01-17;60;;37500;179633.8000;40000.0000;SN0000001728;5.5000;10439.0900;;10551.0633;;4.2500;In Fine;;réalisée;https://www.umoatitres.org/fr/emission/emission-dobligations-assimilables-du-tresor-du-senegal-du-14-01-2022/
Côte d'Ivoire;ES (Titre 1);BAT;;2022-01-11;2022-01-12;2022-07-12;6;;60000;74600.0000;26000.0000;CI0000004941;multiple;;2.5500;;2.4169;2.4500;In Fine;;réalisée;https://www.umoatitres.org/fr/emission/emission-simultanee-de-bons-assimilables-du-tresor-de-la-cote-divoire-du-11-01-2022/
Côte d'Ivoire;ES (Titre 2);BAT;;2022-01-11;2022-01-12;2023-01-10;12;;60000;127306.0000;40000.0000;CI0000004933;multiple;;2.7500;;2.6575;2.7300;In Fine;;réalisée;https://www.umoatitres.org/fr/emission/emission-simultanee-de-bons-assimilables-du-tresor-de-la-cote-divoire-du-11-01-2022/
Togo;;BAT;;2022-01-07;2022-01-10;2022-07-10;6;;25000;77188.0000;27500.0000;TG0000001734;multiple;;2.9995;;2.7552;2.7900;In Fine;;réalisée;https://www.umoatitres.org/fr/emission/emission-de-bons-assimilables-du-tresor-du-togo-du-07-01-2022/
Burkina Faso;;BAT;;2022-01-05;2022-01-06;2023-01-04;12;;35000;45037.0000;36500.0000;BF0000002048;multiple;;3.4427;;2.9225;3.0100;In Fine;;réalisée;https://www.umoatitres.org/fr/emission/emission-de-bons-assimilables-du-tresor-du-burkina-du-05-01-2022/
Sénégal;;OAT;Obligations de Relance (OdR);2021-12-10;2021-12-13;2036-12-13;180;;70000;165767.9800;75372.9600;SN0000001710;6.1500;10048.2500;;10150.9700;;5.9900;In Fine;;réalisée;https://www.umoatitres.org/fr/emission/emission-dobligations-de-relance-du-tresor-du-senegal-du-10-12-2021/
Sénégal;;OAT;Obligations de Relance (OdR);2021-11-05;2021-11-08;2024-11-08;36;;50000;135100.0000;55000.0000;SN0000001686;5.0000;10348.5400;;10398.6700;;3.5700;In Fine;;réalisée;https://www.umoatitres.org/fr/emission/emission-dobligations-de-relance-du-tresor-du-senegal-du-05-11-2021/
Togo;;OAT;Obligations de Relance (OdR);2021-11-19;2021-11-22;2036-11-22;180;;50000;132639.0800;55000.0000;TG0000001718;6.3000;10016.7700;;10078.3400;;6.2200;In Fine;;réalisée;https://www.umoatitres.org/fr/emission/emission-dobligations-de-relance-du-tresor-du-togo-du-19-11-2021/
Sénégal;;BAT;Bons de Soutien et de Résilience;2021-10-22;2021-10-25;2022-10-23;12;;50000;124337.0000;50000.0000;SN0000001678;multiple;;2.7000;;2.6329;2.7000;In Fine;;réalisée;https://www.umoatitres.org/fr/emission/emission-de-bons-de-soutien-et-de-resilience-du-tresor-du-senegal-du-22-10-2021/
Burkina Faso;;BAT;Bons de Soutien et de Résilience;2021-12-15;2021-12-16;2022-12-14;12;;30000;41700.0000;33000.0000;BF0000002030;multiple;;2.5000;;2.4614;2.5200;In Fine;;réalisée;https://www.umoatitres.org/fr/emission/emission-de-bons-de-soutien-et-de-resilience-du-tresor-du-burkina-du-15-12-2021/
Mali;;BAT;Bons de Soutien et de Résilience;2021-12-08;2021-12-09;2022-12-07;12;;20000;50605.0000;20200.0000;ML0000001916;multiple;;2.5299;;2.4857;2.5500;In Fine;;réalisée;https://www.umoatitres.org/fr/emission/emission-de-bons-de-soutien-et-de-resilience-du-tresor-du-mali-du-08-12-2021/
Burkina Faso;ES (Titre 1);OAT;Obligations de Relance (OdR);2021-12-01;2021-12-02;2024-11-04;36;;30000;18460.0000;3750.0000;BF0000001990;5.5500;10545.5000;;10569.9200;;3.4600;In Fine;;réalisée;https://www.umoatitres.org/fr/emission/emission-simultanee-dobligations-de-relance-du-tresor-du-burkina-du-01-12-2021/
Burkina Faso;ES (Titre 2);OAT;Obligations de Relance (OdR);2021-12-01;2021-12-02;2026-12-02;60;;30000;54554.0000;29250.0000;BF0000002022;5.8000;10540.2700;;10558.8200;;4.5300;In Fine;;réalisée;https://www.umoatitres.org/fr/emission/emission-simultanee-dobligations-de-relance-du-tresor-du-burkina-du-01-12-2021/
Mali;;OAT;Obligations de Relance (OdR);2021-11-24;2021-11-25;2026-11-25;60;;25000;48600.0000;25000.0000;ML0000001908;5.9000;10510.0700;;10569.4000;;4.6000;In Fine;;réalisée;https://www.umoatitres.org/fr/emission/emission-dobligations-de-relance-du-tresor-du-mali-du-24-11-2021/
Côte d'Ivoire;;BAT;Bons de Soutien et de Résilience;2021-11-30;2021-12-01;2022-11-29;12;;35000;59388.0000;38500.0000;CI0000004917;multiple;;2.5300;;2.4440;2.5100;In Fine;;réalisée;https://www.umoatitres.org/fr/emission/emission-de-bons-de-soutien-et-de-resilience-du-tresor-de-cote-divoire-du-30-11-2021/
Côte d'Ivoire;;BAT;Bons de Soutien et de Résilience;2021-11-23;2021-11-24;2022-11-22;12;;45000;101878.0000;49000.0000;CI0000004909;multiple;;2.5500;;2.5168;2.5800;In Fine;;réalisée;https://www.umoatitres.org/fr/emission/emission-de-bons-de-soutien-et-de-resilience-du-tresor-de-cote-divoire-du-23-11-2021/
Burkina Faso;;BAT;Bons de Soutien et de Résilience;2021-11-17;2021-11-18;2022-11-16;12;;30000;68031.0000;31981.0000;BF0000002014;multiple;;2.6808;;2.6328;2.7000;In Fine;;réalisée;https://www.umoatitres.org/fr/emission/emission-de-bons-de-soutien-et-de-resilience-du-tresor-du-burkina-du-17-11-2021/
Guinée Bissau;;BAT;Bons de Soutien et de Résilience;2021-11-16;2021-11-17;2022-11-15;12;;11700;35600.0000;12870.0000;GW0000000483;multiple;;2.9000;;2.6976;2.7700;In Fine;;réalisée;https://www.umoatitres.org/fr/emission/emission-de-bons-de-soutien-et-de-resilience-du-tresor-de-guinee-bissau-du-16-11-2021/
Niger;;BAT;Bons de Soutien et de Résilience;2021-11-11;2021-11-12;2022-11-10;12;;25000;42700.0000;27500.0000;NE0000001393;multiple;;3.2089;;2.7557;2.8300;In Fine;;réalisée;https://www.umoatitres.org/fr/emission/emission-de-bons-de-soutien-et-de-resilience-du-tresor-du-niger-du-11-11-2021/
Mali;;OAT;Obligations de Relance (OdR);2021-11-10;2021-10-11;2031-11-11;120;;25000;44236.4500;25000.0000;ML0000001890;6.2500;10320.0000;;10356.8400;;5.7700;In Fine;;réalisée;https://www.umoatitres.org/fr/emission/emission-dobligations-de-relance-du-tresor-du-mali-du-10-11-2021/
Burkina Faso;ES (Titre 1);OAT;Obligations de Relance (OdR);2021-11-03;2021-11-04;2024-11-04;36;;30000;21069.0000;1919.0000;BF0000001990;5.5500;10430.0000;;10467.7700;;3.8700;In Fine;;réalisée;https://www.umoatitres.org/fr/emission/emission-simultanee-dobligations-de-relance-du-tresor-du-burkina-du-03-11-2021/
Burkina Faso;ES (Titre 2);OAT;Obligations de Relance (OdR);2021-11-03;2021-11-04;2026-11-04;60;;30000;65363.0000;30800.0000;BF0000002006;5.8000;10525.3300;;10554.9800;;4.5300;In Fine;;réalisée;https://www.umoatitres.org/fr/emission/emission-simultanee-dobligations-de-relance-du-tresor-du-burkina-du-03-11-2021/
Mali;;OAT;Obligations de Relance (OdR);2021-10-27;2021-10-28;2028-10-28;84;;25000;57506.7000;25000.0000;ML0000001882;6.1500;10300.0000;;10350.5000;;5.5300;In Fine;;réalisée;https://www.umoatitres.org/fr/emission/emission-dobligations-de-relance-du-tresor-du-mali-du-27-10-2021/
Côte d'Ivoire;;BAT;Bons de Soutien et de Résilience;2021-10-26;2021-10-27;2022-10-25;12;;45000;109978.0000;49000.0000;CI0000004883;multiple;;2.6900;;2.6510;2.7200;In Fine;;réalisée;https://www.umoatitres.org/fr/emission/emission-de-bons-de-soutien-et-de-resilience-du-tresor-de-cote-divoire-du-26-10-2021/
Burkina Faso;;BAT;Bons de Soutien et de Résilience;2021-10-20;2021-10-21;2022-10-19;12;;30000;78590.0000;31200.0000;BF0000001982;multiple;;2.7025;;2.6366;2.7100;In Fine;;réalisée;https://www.umoatitres.org/fr/emission/emission-de-bons-de-soutien-et-de-resilience-du-tresor-du-burkina-du-20-10-2021/
Mali;;OAT;Obligations de Relance (OdR);2021-10-13;2021-10-14;2024-10-14;36;;25000;70406.0000;25000.0000;ML0000001866;5.6000;10350.0000;;10424.7300;;4.0700;In Fine;;réalisée;https://www.umoatitres.org/fr/emission/emission-dobligations-de-relance-du-tresor-du-mali-du-13-10-2021/
Côte d'Ivoire;;BAT;Bons de Soutien et de Résilience;2021-10-12;2021-10-13;2022-10-11;12;;45000;167300.0000;49500.0000;CI0000004875;multiple;;2.7500;;2.7001;2.7800;In Fine;;réalisée;https://www.umoatitres.org/fr/emission/emission-de-bons-de-soutien-et-de-resilience-du-tresor-de-cote-divoire-du-12-10-2021/
Burkina Faso;;BAT;Bons de Soutien et de Résilience (BSR);2021-10-08;2021-10-11;2022-10-09;12;;45000;89812.0000;47062.0000;BF0000001974;multiple;;2.9500;;2.8365;2.9200;In Fine;;réalisée;https://www.umoatitres.org/fr/emission/emission-de-bons-de-soutien-et-de-resilience-du-tresor-du-burkina-du-08-10-2021/
Burkina Faso;ES (Titre 1);OAT;Obligations de Relance (OdR);2021-10-06;2021-10-07;2026-10-07;60;;40000;71145.0000;9800.0000;BF0000001958;5.8000;10480.2200;;10521.8000;;4.6100;In Fine;;réalisée;https://www.umoatitres.org/fr/emission/emission-simultanee-dobligations-de-relance-du-tresor-du-burkina-du-06-10-2021/
Burkina Faso;ES (Titre 2);OAT;Obligations de Relance (OdR);2021-10-06;2021-10-07;2028-10-07;84;;40000;56981.0000;33946.0000;BF0000001966;6.1000;10231.9800;;10279.3200;;5.6100;In Fine;;réalisée;https://www.umoatitres.org/fr/emission/emission-simultanee-dobligations-de-relance-du-tresor-du-burkina-du-06-10-2021/
Burkina Faso;;BAT;Bons de Soutien et de Résilience (BSR);2021-09-22;2021-09-23;2022-09-21;12;;45000;51500.0000;45500.0000;BF0000001941;multiple;;3.0000;;2.7220;2.8000;In Fine;;réalisée;https://www.umoatitres.org/fr/emission/emission-de-bons-de-soutien-et-de-resilience-du-tresor-du-burkina-du-22-09-2021/
Niger;;BAT;Bons de Soutien et de Résilience;2021-09-23;2021-09-24;2022-09-22;12;;75000;77000.0000;75000.0000;NE0000001385;multiple;;3.5000;;2.9853;3.0800;In Fine;;réalisée;https://www.umoatitres.org/fr/emission/emission-de-bons-de-soutien-et-de-resilience-du-tresor-du-niger-du-23-09-2021/
Niger;;BAT;Bons de Soutien et de Résilience (BSR);2021-08-16;2021-08-17;2022-08-15;12;;90000;139900.0000;90000.0000;NE0000001351;multiple;;3.1000;;2.5432;2.6100;In Fine;;réalisée;https://www.umoatitres.org/fr/emission/emission-de-bons-assimilables-du-tresor-du-senegal-du-13-08-2021/
Sénégal;ES (Titre 1);OAT;Obligations de Relance (OdR);2021-09-03;2021-09-06;2026-09-06;60;;50000;102044.7000;11500.0000;SN0000001652;5.6000;10230.0000;;10236.1304;;5.0500;In Fine;;réalisée;https://www.umoatitres.org/fr/emission/emission-simultanee-dobligations-de-relance-du-tresor-du-senegal-du-03-09-2021/
Sénégal;ES (Titre 2);OAT;Obligations de Relance (OdR);2021-09-03;2021-09-06;2028-09-06;84;;50000;181336.9000;43500.0000;SN0000001660;5.8000;10226.0000;;10286.1648;;5.3000;In Fine;;réalisée;https://www.umoatitres.org/fr/emission/emission-simultanee-dobligations-de-relance-du-tresor-du-senegal-du-03-09-2021/
Sénégal;;BAT;Bons de Soutien et de Résilience (BSR);2021-08-20;2021-08-23;2022-08-21;12;;50000;107312.0000;55000.0000;SN0000001645;multiple;;2.9499;;2.7470;2.8300;In Fine;;réalisée;https://www.umoatitres.org/fr/emission/emission-de-bons-de-soutien-et-de-resilience-du-tresor-du-senegal-du-20-08-2021/
Mali;ES (Titre 1);OAT;Obligations de Relance (OdR);2021-09-29;2021-09-30;2026-09-30;60;;50000;57000.0000;20000.0000;ML0000001841;5.9000;10362.0000;;10453.3900;;4.8600;In Fine;;réalisée;https://www.umoatitres.org/fr/emission/emission-simultanee-dobligations-de-relance-du-tresor-du-mali-du-29-09-2021/
Mali;ES (Titre 2);OAT;Obligations de Relance (OdR);2021-09-29;2021-09-30;2031-09-30;120;;50000;100245.3900;30000.0000;ML0000001858;6.2500;10225.0000;;10339.4300;;5.7900;In Fine;;réalisée;https://www.umoatitres.org/fr/emission/emission-simultanee-dobligations-de-relance-du-tresor-du-mali-du-29-09-2021/
Côte d'Ivoire;ES (Titre 2);OAT;;2021-09-28;2021-09-29;2031-09-29;120;;30000;52000.0000;33000.0000;CI0000004867;5.8500;9901.0000;;9991.9848;;5.8600;In Fine;;réalisée;https://www.umoatitres.org/fr/emission/emission-simultanee-dobligations-de-relance-du-tresor-de-cote-divoire-du-28-09-2021/
Togo;ES (Titre 1);OAT;Obligations de Relance (OdR);2021-09-17;2021-09-20;2028-09-20;84;;60000;33012.0000;16500.0000;TG0000001700;5.9000;10227.3000;;10289.0297;;5.3900;In Fine;;réalisée;https://www.umoatitres.org/fr/emission/emission-simultanee-dobligations-de-relance-du-tresor-du-togo-du-17-09-2021/
Togo;ES (Titre 2);OAT;Obligations de Relance (OdR);2021-09-17;2021-09-20;2031-09-20;120;;60000;120141.0000;49500.0000;TG0000001692;6.1000;10205.0000;;10325.4247;;5.6600;In Fine;;réalisée;https://www.umoatitres.org/fr/emission/emission-simultanee-dobligations-de-relance-du-tresor-du-togo-du-17-09-2021/
Burkina Faso;;OAT;Obligations de Relance (OdR);2021-09-15;2021-09-16;2026-06-24;60;;25000;103330.0000;27500.0000;BF0000001883;5.8000;10352.0000;;10459.2538;;4.7000;In Fine;;réalisée;https://www.umoatitres.org/fr/emission/emission-dobligations-de-relance-du-tresor-du-burkina-du-15-09-2021/
Côte d'Ivoire;ES (Titre 2);OAT;Bons et Obligations de Relance;2021-09-14;2021-08-15;2026-09-15;60;;60000;88436.0000;26000.0000;CI0000004826;5.6000;10261.0000;;10275.7100;;4.9600;In Fine;;réalisée;https://www.umoatitres.org/fr/emission/emission-de-bons-et-obligations-de-relance-du-tresor-de-cote-divoire-du-14-09-2021-2/
Côte d'Ivoire;ES (Titre 3);OAT;Bons et Obligations de Relance;2021-09-14;2021-08-15;2028-09-15;84;;60000;44500.0000;40000.0000;CI0000004800;5.7000;10005.7700;;10194.8600;;5.3600;In Fine;;réalisée;https://www.umoatitres.org/fr/emission/emission-de-bons-et-obligations-de-relance-du-tresor-de-cote-divoire-du-14-09-2021-2/
Côte d'Ivoire;;BAT;;2021-09-09;2021-09-10;2021-12-09;3;;30000;67805.0000;33000.0000;CI0000004792;multiple;;2.3500;;2.3125;2.3500;In Fine;;réalisée;https://www.umoatitres.org/fr/emission/emission-de-bons-assimilables-du-tresor-de-cote-divoire-du-09-09-2021/
Mali;;OAT;Obligations de Relance (OdR);2021-09-08;2021-09-09;2028-09-09;84;;30000;50325.5000;30000.0000;ML0000001833;6.1500;10225.0000;;10301.2000;;5.6200;In Fine;;réalisée;https://www.umoatitres.org/fr/emission/emission-dobligations-de-relance-du-tresor-du-mali-du-08-09-2021/
Guinée Bissau;ES (Titre 1);OAT;Obligations de Relance (OdR);2021-09-07;2021-09-08;2026-09-08;60;;15000;16713.0000;5000.0000;GW0000000467;6.1000;10295.5600;;10328.8240;;5.3300;In Fine;;réalisée;https://www.umoatitres.org/fr/emission/emission-simultanee-dobligations-de-relance-du-tresor-de-guinee-bissau-du-07-09-2021/
Guinée Bissau;ES (Titre 2);OAT;Obligations de Relance (OdR);2021-09-07;2021-09-08;2028-09-08;84;;15000;64432.4800;9491.5200;GW0000000475;6.4000;10301.0000;;10362.5069;;5.7600;In Fine;;réalisée;https://www.umoatitres.org/fr/emission/emission-simultanee-dobligations-de-relance-du-tresor-de-guinee-bissau-du-07-09-2021/
Niger;ES (Titre 2);OAT;Obligations de Relance (OdR);2021-09-02;2021-09-03;2031-09-03;120;;25000;131193.4000;27500.0000;NE0000001377;6.2500;10221.3000;;10235.8300;;5.9300;In Fine;;réalisée;https://www.umoatitres.org/fr/emission/emission-simultanee-dobligations-de-relance-du-tresor-du-niger-du-02-09-2021/
Burkina Faso;;OAT;Obligations de Relance (OdR);2021-09-01;2021-09-02;2028-05-27;84;;25000;119331.9000;27500.0000;BF0000001842;6.1000;10195.7700;;10221.0687;;5.6900;In Fine;;réalisée;https://www.umoatitres.org/fr/emission/emission-dobligations-de-relance-du-tresor-du-burkina-du-01-09-2021/
Mali;ES (Titre 1);OAT;;2021-08-25;2021-08-26;2024-08-26;36;;30000;22601.0000;10000.0000;ML0000001817;5.6000;10180.0000;;10192.9800;;4.8900;In Fine;;réalisée;https://www.umoatitres.org/fr/emission/emission-simultanee-dobligations-de-relance-du-tresor-du-mali-du-25-08-2021/
Mali;ES (Titre 2);OAT;;2021-08-25;2021-08-26;2026-08-26;60;;30000;74526.0000;20000.0000;ML0000001825;5.9000;10171.7700;;10178.4400;;5.4800;In Fine;;réalisée;https://www.umoatitres.org/fr/emission/emission-simultanee-dobligations-de-relance-du-tresor-du-mali-du-25-08-2021/
Côte d'Ivoire;ES (Titre 2);OAT;;2021-08-24;2021-08-25;2024-08-25;36;;60000;79661.0000;24000.0000;CI0000004768;5.5000;10071.0000;;10119.6201;;5.0600;In Fine;;réalisée;https://www.umoatitres.org/fr/emission/emission-simultanee-de-bons-et-dobligations-de-relance-du-tresor-de-cote-divoire-du-24-08-2021/
Côte d'Ivoire;ES (Titre 3);OAT;;2021-08-24;2021-08-25;2026-08-25;60;;60000;98600.5300;42000.0000;CI0000004776;5.6000;10061.0000;;10071.8095;;5.4300;In Fine;;réalisée;https://www.umoatitres.org/fr/emission/emission-simultanee-de-bons-et-dobligations-de-relance-du-tresor-de-cote-divoire-du-24-08-2021/
Togo;;OAT;Obligations de Relance (OdR);2021-08-20;2021-08-23;2031-08-23;120;;25000;120982.7500;27500.0000;TG0000001684;6.1500;10087.0000;;10092.0921;;6.0200;In Fine;;réalisée;https://www.umoatitres.org/fr/emission/emission-dobligations-de-relance-du-tresor-du-togo-du-20-08-2021/
Burkina Faso;;BAT;;2021-08-18;2021-08-19;2021-11-17;3;;30000;87978.0000;33000.0000;BF0000001933;multiple;;2.4900;;2.4452;2.4600;In Fine;;réalisée;https://www.umoatitres.org/fr/emission/emission-de-bons-assimilables-du-tresor-du-burkina-du-18-08-2021/
Côte d'Ivoire;;BAT;;2021-08-17;2021-08-18;2021-11-16;3;;30000;36000.0000;31000.0000;CI0000004750;multiple;;2.4950;;2.4924;2.5100;In Fine;;réalisée;https://www.umoatitres.org/fr/emission/emission-de-bons-assimilables-du-tresor-de-cote-divoire-du-17-08-2021/
Niger;;BAT;;2021-08-05;2021-08-06;2022-08-04;12;;20000;61753.0000;22000.0000;NE0000001336;multiple;;3.7195;;3.5092;3.6400;In Fine;;réalisée;https://www.umoatitres.org/fr/emission/emission-de-bons-assimilables-du-tresor-du-niger-du-05-08-2021/
Mali;ES (Titre 1);OAT;Obligations de Relance (OdR);2021-08-04;2021-08-05;2024-08-05;36;;50000;93500.0000;25000.0000;ML0000001791;5.6000;10176.0000;;10176.8800;;4.9500;In Fine;;réalisée;https://www.umoatitres.org/fr/emission/emission-simultanee-dobligations-de-relance-du-tresor-du-mali-du-04-08-2021/
Mali;ES (Titre 2);OAT;Obligations de Relance (OdR);2021-08-04;2021-08-05;2031-08-05;120;;50000;65681.5100;25000.0000;ML0000001809;6.2500;10031.0900;;10051.7900;;6.1800;In Fine;;réalisée;https://www.umoatitres.org/fr/emission/emission-simultanee-dobligations-de-relance-du-tresor-du-mali-du-04-08-2021/
Côte d'Ivoire;ES (Titre 1);BAT;;2021-08-03;2021-08-04;2021-11-02;3;;55000;47170.0000;16307.0000;CI0000004727;multiple;;2.5000;;2.4878;2.5000;In Fine;;réalisée;https://www.umoatitres.org/fr/emission/emission-simultanee-de-bons-assimilables-du-tresor-de-cote-divoire-du-03-08-2021/
Côte d'Ivoire;ES (Titre 2);BAT;;2021-08-03;2021-08-04;2022-08-02;12;;55000;89608.0000;40000.0000;CI0000004735;multiple;;4.0000;;3.9201;4.0800;In Fine;;réalisée;https://www.umoatitres.org/fr/emission/emission-simultanee-de-bons-assimilables-du-tresor-de-cote-divoire-du-03-08-2021/
Burkina Faso;ES (Titre 1);OAT;Obligations de Relance (OdR);2021-07-28;2021-07-29;2024-07-29;36;;50000;84697.5000;16500.0000;BF0000001917;5.5500;10147.7700;;10155.2436;;4.9800;In Fine;;réalisée;https://www.umoatitres.org/fr/emission/emission-simultanee-dobligations-de-relance-du-tresor-du-burkina-du-28-07-2021/
Burkina Faso;ES (Titre 2);OAT;Obligations de Relance (OdR);2021-07-28;2021-07-29;2031-07-29;120;;50000;93205.4500;38500.0000;BF0000001925;6.2000;10021.9000;;10034.6484;;6.1500;In Fine;;réalisée;https://www.umoatitres.org/fr/emission/emission-simultanee-dobligations-de-relance-du-tresor-du-burkina-du-28-07-2021/
Côte d'Ivoire;;BAT;;2021-07-27;2021-07-28;2021-10-26;3;;30000;50881.0000;33000.0000;CI0000004693;multiple;;2.5400;;2.5188;2.5300;In Fine;;réalisée;https://www.umoatitres.org/fr/emission/emission-de-bons-assimilables-du-tresor-de-cote-divoire-du-27-07-2021/
Togo;;OAT;Obligations de Relance (OdR);2021-07-23;2021-07-26;2031-07-26;120;;25000;86705.4300;27500.0000;TG0000001676;6.2000;10015.0000;;10037.6100;;6.1500;In Fine;;réalisée;https://www.umoatitres.org/fr/emission/emission-dobligations-de-relance-du-tresor-du-togo-du-23-07-2021/
Côte d'Ivoire;ES (Titre 1);BAT;;2021-07-13;2021-07-14;2021-10-12;3;;60000;40860.0000;28462.0000;CI0000004677;multiple;;2.5500;;2.5462;2.5600;In Fine;;réalisée;https://www.umoatitres.org/fr/emission/emission-simultanee-de-bons-et-dobligations-de-relance-du-tresor-de-cote-divoire-du-13-07-2021/
Côte d'Ivoire;ES (Titre 2);OAT;;2021-07-13;2021-07-14;2026-07-14;60;;60000;53937.6600;32437.6600;CI0000004669;5.6000;9915.0000;;9949.9800;;5.7200;In Fine;;réalisée;https://www.umoatitres.org/fr/emission/emission-simultanee-de-bons-et-dobligations-de-relance-du-tresor-de-cote-divoire-du-13-07-2021/
Côte d'Ivoire;ES (Titre 3);OAT;;2021-07-13;2021-07-14;2028-07-14;84;;60000;5600.0000;5100.0000;CI0000004685;5.7000;9875.0000;;9902.1300;;5.8700;In Fine;;réalisée;https://www.umoatitres.org/fr/emission/emission-simultanee-de-bons-et-dobligations-de-relance-du-tresor-de-cote-divoire-du-13-07-2021/
Niger;ES (Titre 1);OAT;Obligations de Relance (OdR);2021-07-08;2021-07-09;2026-07-09;60;;60000;43800.0000;16000.0000;NE0000001302;5.9000;10100.0000;;10136.0000;;5.5800;In Fine;;réalisée;https://www.umoatitres.org/fr/emission/emission-simultanee-dobligations-de-relance-du-tresor-du-niger-du-08-07-2021/
Niger;ES (Titre 2);OAT;Obligations de Relance (OdR);2021-07-08;2021-07-09;2028-07-09;84;;60000;36722.8100;15322.8100;NE0000001310;6.1500;10065.8000;;10072.6600;;6.0200;In Fine;;réalisée;https://www.umoatitres.org/fr/emission/emission-simultanee-dobligations-de-relance-du-tresor-du-niger-du-08-07-2021/
Niger;ES (Titre 3);OAT;Obligations de Relance (OdR);2021-07-08;2021-07-09;2031-07-09;120;;60000;106214.4700;34677.1900;NE0000001328;6.2500;10000.0000;;10009.6200;;6.2400;In Fine;;réalisée;https://www.umoatitres.org/fr/emission/emission-simultanee-dobligations-de-relance-du-tresor-du-niger-du-08-07-2021/
Mali;;OAT;Obligations de Relance (OdR);2021-07-14;2021-07-15;2026-07-15;60;;30000;68029.2000;30000.0000;ML0000001783;5.9000;10100.0000;;10137.5300;;5.5800;In Fine;;réalisée;https://www.umoatitres.org/fr/emission/emission-dobligations-de-relance-du-tresor-du-mali-du-14-07-2021/
Côte d'Ivoire;;BAT;;2021-07-06;2021-07-07;2021-10-05;3;;30000;43000.0000;33000.0000;CI0000004651;multiple;;2.5500;;2.5224;2.5400;In Fine;;réalisée;https://www.umoatitres.org/fr/emission/emission-de-bons-assimilables-du-tresor-de-cote-divoire-du-06-07-2021/
Burkina Faso;;BAT;;2021-07-07;2021-07-08;2022-07-06;12;;35000;80754.0000;36500.0000;BF0000001909;multiple;;3.7988;;3.6940;3.8400;In Fine;;réalisée;https://www.umoatitres.org/fr/emission/emission-de-bons-assimilables-du-tresor-du-burkina-du-07-07-2021/
Côte d'Ivoire;ES (Titre 1);BAT;;2021-06-29;2021-06-30;2021-09-28;3;;60000;26002.0000;24002.0000;CI0000004537;multiple;;2.5500;;2.5304;2.5500;In Fine;;réalisée;https://www.umoatitres.org/fr/emission/emission-simultanee-de-bons-assimilables-du-tresor-de-cote-divoire-du-29-06-2021/
Côte d'Ivoire;ES (Titre 2);BAT;;2021-06-29;2021-06-30;2021-12-28;6;;60000;43500.0000;27000.0000;CI0000004545;multiple;;2.6000;;2.5822;2.6200;In Fine;;réalisée;https://www.umoatitres.org/fr/emission/emission-simultanee-de-bons-assimilables-du-tresor-de-cote-divoire-du-29-06-2021/
Côte d'Ivoire;ES (Titre 1);OAT;;2021-06-22;2021-06-23;2026-06-23;60;;35000;36500.0000;27200.0000;CI0000004511;5.6000;9910.0000;;9927.5800;;5.7700;In Fine;;réalisée;https://www.umoatitres.org/fr/emission/emission-simultanee-dobligations-de-relance-du-tresor-de-cote-divoire-du-22-06-2021-2/
Côte d'Ivoire;ES (Titre 2);OAT;;2021-06-22;2021-06-23;2033-06-23;144;;35000;11800.0000;11300.0000;CI0000004529;5.9000;9820.0000;;9821.1500;;6.1100;In Fine;;réalisée;https://www.umoatitres.org/fr/emission/emission-simultanee-dobligations-de-relance-du-tresor-de-cote-divoire-du-22-06-2021-2/
Côte d'Ivoire;ES (Titre 1);BAT;;2021-06-15;2021-06-16;2021-12-14;6;;65000;70500.0000;19925.0000;CI0000004461;multiple;;2.6000;;2.5614;2.5900;In Fine;;réalisée;https://www.umoatitres.org/fr/emission/emission-simultanee-de-bons-et-dobligations-de-relance-du-tresor-de-cote-divoire-du-15-06-2021/
Côte d'Ivoire;ES (Titre 2);OAT;;2021-06-15;2021-06-16;2024-06-16;36;;65000;83055.0000;45075.0000;CI0000004453;5.5000;9980.0000;;9984.9892;;5.5600;In Fine;;réalisée;https://www.umoatitres.org/fr/emission/emission-simultanee-de-bons-et-dobligations-de-relance-du-tresor-de-cote-divoire-du-15-06-2021/
Côte d'Ivoire;ES (Titre 2);OAT;BAT-Obligations de Relance;2021-06-08;2021-06-09;2026-06-09;60;;65000;66500.0000;38250.0000;CI0000004446;5.6000;9902.0000;;9965.0200;;5.6800;In Fine;;réalisée;https://www.umoatitres.org/fr/emission/emission-simultanee-de-bons-et-dobligations-de-relance-du-tresor-de-cote-divoire-du-08-06-2021/
Côte d'Ivoire;ES (Titre 3);OAT;BAT-Obligations de Relance;2021-06-08;2021-06-09;2031-06-09;120;;65000;35620.0000;33250.0000;CI0000004420;5.8500;9851.0000;;9855.4100;;6.0500;In Fine;;réalisée;https://www.umoatitres.org/fr/emission/emission-simultanee-de-bons-et-dobligations-de-relance-du-tresor-de-cote-divoire-du-08-06-2021/
Côte d'Ivoire;;OAT;Obligations de Relance (OdR);2021-05-25;2021-05-26;2024-05-26;36;;35000;55700.0000;38500.0000;CI0000004412;5.5000;9961.0000;;9976.1600;;5.5900;In Fine;;réalisée;https://www.umoatitres.org/fr/emission/emission-dobligations-de-relance-du-tresor-de-cote-divoire-du-25-05-2021/
Burkina Faso;ES (Titre 1);OAT;Obligations de Relance (OdR);2021-04-28;2021-04-29;2024-04-29;36;;60000;45211.0000;14500.0000;BF0000001800;5.5500;10010.0000;;10020.0300;;5.4800;In Fine;;réalisée;https://www.umoatitres.org/fr/emission/emission-simultanee-dobligations-de-relance-du-tresor-du-burkina-du-28-04-2021/
Burkina Faso;ES (Titre 2);OAT;Obligations de Relance (OdR);2021-04-28;2021-04-29;2026-04-29;60;;60000;93800.0000;51500.0000;BF0000001792;5.8000;10020.0000;;10037.4800;;5.7100;In Fine;;réalisée;https://www.umoatitres.org/fr/emission/emission-simultanee-dobligations-de-relance-du-tresor-du-burkina-du-28-04-2021/
Côte d'Ivoire;ES (Titre 1);BAT;;2021-05-18;2021-05-19;2021-11-16;6;;60000;52000.0000;19000.0000;CI0000004396;multiple;;2.6000;;2.5505;2.5800;In Fine;;réalisée;https://www.umoatitres.org/fr/emission/emission-simultanee-de-bons-assimilables-du-tresor-de-cote-divoire-du-18-05-2021/
Côte d'Ivoire;ES (Titre 2);BAT;;2021-05-18;2021-05-19;2022-05-17;12;;60000;40500.0000;40500.0000;CI0000004404;multiple;;4.1300;;4.0764;4.2500;In Fine;;réalisée;https://www.umoatitres.org/fr/emission/emission-simultanee-de-bons-assimilables-du-tresor-de-cote-divoire-du-18-05-2021/
Côte d'Ivoire;ES (Titre 1);BAT;;2021-05-11;2021-05-12;2021-11-09;6;;60000;52250.0000;11650.0000;CI0000004388;multiple;;2.6000;;2.5541;2.5900;In Fine;;réalisée;https://www.umoatitres.org/fr/emission/emission-simultanee-de-bons-et-dobligations-de-relance-du-tresor-de-cote-divoire-du-11-05-2021/
Côte d'Ivoire;ES (Titre 2);OAT;;2021-05-11;2021-05-12;2024-05-12;36;;60000;48800.0000;34393.2900;CI0000004370;5.5000;9961.0000;;9974.6500;;5.5900;In Fine;;réalisée;https://www.umoatitres.org/fr/emission/emission-simultanee-de-bons-et-dobligations-de-relance-du-tresor-de-cote-divoire-du-11-05-2021/
Côte d'Ivoire;ES (Titre 3);OAT;;2021-05-11;2021-05-12;2028-05-12;84;;60000;29956.7100;19956.7100;CI0000004362;5.7000;9865.0000;;9869.0000;;5.9300;In Fine;;réalisée;https://www.umoatitres.org/fr/emission/emission-simultanee-de-bons-et-dobligations-de-relance-du-tresor-de-cote-divoire-du-11-05-2021/
Côte d'Ivoire;ES (Titre 1);BAT;Obligations de Relance (OdR);2021-04-27;2021-04-28;2021-07-27;3;;60000;92700.0000;21000.0000;CI0000004347;multiple;;2.5500;;2.5157;2.5300;In Fine;;réalisée;https://www.umoatitres.org/fr/emission/emission-simultanee-de-bons-et-dobligations-de-relance-du-tresor-de-cote-divoire-du-27-04-2021/
Côte d'Ivoire;ES (Titre 2);OAT;Obligations de Relance (OdR);2021-04-27;2021-04-28;2024-04-28;36;;60000;64500.0000;45000.0000;CI0000004339;5.5000;9960.0000;;9972.8900;;5.6000;In Fine;;réalisée;https://www.umoatitres.org/fr/emission/emission-simultanee-de-bons-et-dobligations-de-relance-du-tresor-de-cote-divoire-du-27-04-2021/
Sénégal;ES (Titre 1);OAT;Obligations de Relance (OdR);2021-04-23;2021-04-26;2026-04-26;60;;50000;87441.9000;13851.9000;SN0000001603;5.6000;10031.0000;;10042.2900;;5.5000;In Fine;;réalisée;https://www.umoatitres.org/fr/emission/emission-simultanee-dobligations-de-relance-du-tresor-du-senegal-du-23-04-2021/
Sénégal;ES (Titre 2);OAT;Obligations de Relance (OdR);2021-04-23;2021-04-26;2031-04-26;120;;50000;127573.0000;41148.1000;SN0000001611;6.0000;9926.7000;;9964.3600;;6.0500;In Fine;;réalisée;https://www.umoatitres.org/fr/emission/emission-simultanee-dobligations-de-relance-du-tresor-du-senegal-du-23-04-2021/
Côte d'Ivoire;;OAT;Obligations de Relance (OdR);2021-04-22;2021-04-23;2024-04-23;36;;30000;63450.0000;33000.0000;CI0000004354;5.5000;9951.0000;;9991.5400;;5.5300;In Fine;;réalisée;https://www.umoatitres.org/fr/emission/emission-dobligations-de-relance-du-tresor-de-cote-divoire-du-22-04-2021/
Mali;;OAT;Obligations de Relance (OdR);2021-06-30;2021-07-01;2028-07-01;84;;25000;42367.6900;25000.0000;ML0000001775;6.1500;10066.4700;;10081.3500;;6.0000;In Fine;;réalisée;https://www.umoatitres.org/fr/emission/emission-dobligations-de-relance-du-tresor-du-mali-du-30-06-2021/
Burkina Faso;ES (Titre 1);OAT;Obligations de Relance (OdR);2021-06-23;2021-06-24;2024-06-24;36;;70000;45610.0000;10510.0000;BF0000001875;5.5500;10091.0000;;10120.2600;;5.1100;In Fine;;réalisée;https://www.umoatitres.org/fr/emission/emission-simultanee-dobligations-de-relance-du-tresor-du-burkina-du-23-06-2021/
Burkina Faso;ES (Titre 2);OAT;Obligations de Relance (OdR);2021-06-23;2021-06-24;2026-06-24;60;;70000;21126.9400;11406.9400;BF0000001883;5.8000;10055.0000;;10073.2200;;5.6300;In Fine;;réalisée;https://www.umoatitres.org/fr/emission/emission-simultanee-dobligations-de-relance-du-tresor-du-burkina-du-23-06-2021/
Burkina Faso;ES (Titre 3);OAT;Obligations de Relance (OdR);2021-06-23;2021-06-24;2028-06-24;84;;70000;93295.2900;54312.4500;BF0000001891;6.1000;10051.4100;;10061.5700;;5.9900;In Fine;;réalisée;https://www.umoatitres.org/fr/emission/emission-simultanee-dobligations-de-relance-du-tresor-du-burkina-du-23-06-2021/
Bénin;;OAT;Obligations de Relance (OdR);2021-06-17;2021-06-18;2024-06-18;36;;60000;182642.5000;66000.0000;BJ0000001590;5.2000;10052.0000;;10064.6811;;4.9600;In Fine;;réalisée;https://www.umoatitres.org/fr/emission/emission-simultanee-dobligations-de-relance-du-tresor-du-benin-du-17-06-2021/
Mali;;BAT;;2021-06-16;2021-06-17;2022-06-15;12;;25000;46305.0000;25000.0000;ML0000001734;multiple;;3.9500;;3.8200;3.9700;In Fine;;réalisée;https://www.umoatitres.org/fr/emission/emission-de-bons-assimilables-du-tresor-du-mali-du-16-06-2021/
Togo;;OAT;Obligations de Relance (OdR);2021-06-11;2021-06-14;2028-06-14;84;;25000;61362.0000;27500.0000;TG0000001619;5.9800;10006.0000;;10043.9200;;5.9000;In Fine;;réalisée;https://www.umoatitres.org/fr/emission/emission-dobligations-de-relance-du-tresor-du-togo-du-11-06-2021/
Niger;ES (Titre 1);OAT;Obligations de Relance (OdR);2021-06-10;2021-06-11;2024-06-11;36;;40000;64241.8000;11000.0000;NE0000001278;5.6000;10111.0000;;10111.0000;;5.1900;In Fine;;réalisée;https://www.umoatitres.org/fr/emission/emission-simultanee-dobligations-de-relance-du-tresor-du-burkina-du-10-06-2021/
Niger;ES (Titre 2);OAT;Obligations de Relance (OdR);2021-06-10;2021-06-11;2028-06-11;84;;40000;88915.3400;32720.7100;NE0000001260;6.1500;10062.2700;;10070.1600;;6.0200;In Fine;;réalisée;https://www.umoatitres.org/fr/emission/emission-simultanee-dobligations-de-relance-du-tresor-du-burkina-du-10-06-2021/
Burkina Faso;;BAT;;2021-06-09;2021-06-10;2022-06-08;12;;30000;90240.0000;32240.0000;BF0000001859;multiple;;3.9500;;3.8010;3.9500;In Fine;;réalisée;https://www.umoatitres.org/fr/emission/emission-de-bons-assimilables-du-tresor-du-burkina-du-09-06-2021/
Mali;ES (Titre 2);OAT;Obligations de Relance (OdR);2021-06-02;2021-06-03;2028-06-03;84;;40000;87806.6200;44000.0000;ML0000001718;6.1500;10061.0000;;10070.6600;;6.0200;In Fine;;réalisée;https://www.umoatitres.org/fr/emission/emission-simultanee-dobligations-de-relance-du-tresor-du-mali-du-02-06-2021/
Guinée Bissau;;BAT;;2021-06-01;2021-06-02;2021-11-30;6;;10000;31443.0000;10225.0000;GW0000000459;multiple;;3.6103;;3.4816;3.5400;In Fine;;réalisée;https://www.umoatitres.org/fr/emission/emission-de-bons-assimilables-du-tresor-du-togo-du-01-06-2021/
Togo;;OAT;Obligations de Relance (OdR);2021-05-28;2021-05-31;2026-05-03;60;;25000;92508.5100;27500.0000;TG0000001577;5.8000;10045.0000;;10057.4200;;5.6600;In Fine;;réalisée;https://www.umoatitres.org/fr/emission/emission-dobligation-de-relance-du-tresor-du-togo-du-28-05-2021/
Burkina Faso;ES (Titre 1);OAT;Obligations de Relance (OdR);2021-05-26;2021-05-27;2024-05-27;36;;80000;52025.1200;15000.0000;BF0000001834;5.5500;10045.0000;;10050.5800;;5.3600;In Fine;;réalisée;https://www.umoatitres.org/fr/emission/emission-simultanee-dobligation-de-relance-du-tresor-du-burkina-du-26-05-2021/
Burkina Faso;ES (Titre 2);OAT;Obligations de Relance (OdR);2021-05-26;2021-05-27;2028-05-27;84;;80000;24799.2700;15750.0000;BF0000001842;6.1000;10020.2500;;10046.1600;;6.0200;In Fine;;réalisée;https://www.umoatitres.org/fr/emission/emission-simultanee-dobligation-de-relance-du-tresor-du-burkina-du-26-05-2021/
Burkina Faso;ES (Titre 3);OAT;Obligations de Relance (OdR);2021-05-26;2021-05-27;2031-05-27;120;;80000;91952.2500;57181.2500;BF0000001826;6.2000;9971.0000;;9993.0700;;6.2100;In Fine;;réalisée;https://www.umoatitres.org/fr/emission/emission-simultanee-dobligation-de-relance-du-tresor-du-burkina-du-26-05-2021/
Mali;ES (Titre 2);OAT;Obligations de Relance (OdR);2021-05-19;2021-05-20;2026-05-20;60;;65000;65118.2700;9000.0000;ML0000001684;5.9000;10050.0100;;10050.7800;;5.7800;In Fine;;réalisée;https://www.umoatitres.org/fr/emission/emission-simultanee-dobligations-de-relance-du-tresor-du-mali-du-19-05-2021/
Mali;ES (Titre 3);OAT;Obligations de Relance (OdR);2021-05-19;2021-05-20;2031-05-20;120;;65000;83382.9100;56000.0000;ML0000001692;6.2500;9951.0000;;9971.8900;;6.2900;In Fine;;réalisée;https://www.umoatitres.org/fr/emission/emission-simultanee-dobligations-de-relance-du-tresor-du-mali-du-19-05-2021/
Togo;;OAT;Obligations de Relance (OdR);2021-05-21;2021-05-25;2028-05-25;84;;20000;56759.0000;22000.0000;TG0000001593;6.0000;10018.0000;;10030.2100;;5.9500;In Fine;;réalisée;https://www.umoatitres.org/fr/emission/emission-dobligations-de-relance-du-tresor-du-togo-du-21-05-2021/
Bénin;;OAT;Obligations de Relance (OdR);2021-05-27;2021-05-28;2024-05-28;36;;60000;170805.0000;66000.0000;BJ0000001582;5.2500;10026.0000;;10043.8300;;5.0900;In Fine;;réalisée;https://www.umoatitres.org/fr/emission/emission-dobligations-de-relance-du-tresor-du-benin-du-27-05-2021/
Burkina Faso;;BAT;;2021-05-10;2021-05-11;2021-11-08;6;;30000;45710.0000;33000.0000;BF0000001818;multiple;;3.5000;;3.4227;3.4800;In Fine;;réalisée;https://www.umoatitres.org/fr/emission/emission-de-bons-assimilables-du-tresor-du-burkina-du-10-05-2021/
Niger;ES (Titre 1);OAT;Obligations de Relance (OdR);2021-05-06;2021-05-07;2024-05-07;36;;70000;10050.0000;7538.9000;NE0000001237;5.6000;10038.0900;;10047.0700;;5.4300;In Fine;;réalisée;https://www.umoatitres.org/fr/emission/emission-simultanee-dobligations-de-relance-du-tresor-du-niger-du-06-05-2021/
Niger;ES (Titre 2);OAT;Obligations de Relance (OdR);2021-05-06;2021-05-07;2026-05-07;60;;70000;48664.8000;25450.0000;NE0000001245;5.9000;10033.0000;;10046.9300;;5.7900;In Fine;;réalisée;https://www.umoatitres.org/fr/emission/emission-simultanee-dobligations-de-relance-du-tresor-du-niger-du-06-05-2021/
Niger;ES (Titre 3);OAT;Obligations de Relance (OdR);2021-05-06;2021-05-07;2031-05-07;120;;70000;99673.9800;44011.1000;NE0000001252;6.2500;9940.0000;;9968.9500;;6.2900;In Fine;;réalisée;https://www.umoatitres.org/fr/emission/emission-simultanee-dobligations-de-relance-du-tresor-du-niger-du-06-05-2021/
Mali;;BAT;;2021-05-05;2021-05-06;2022-05-04;12;;25000;55640.0000;27500.0000;ML0000001676;multiple;;4.0531;;4.0157;4.1900;In Fine;;réalisée;https://www.umoatitres.org/fr/emission/emission-de-bons-assimilables-du-tresor-du-mali-du-05-05-2021/
Guinée Bissau;ES (Titre 1);OAT;Obligations de Relance (OdR);2021-05-04;2021-05-05;2026-05-05;60;;20000;11761.9100;6081.4300;GW0000000442;6.1000;10030.0000;;10038.8000;;6.0100;In Fine;;réalisée;https://www.umoatitres.org/fr/emission/emission-simultanee-dobligations-de-relance-du-tresor-de-la-guinee-bissau-du-04-05-2021/
Guinée Bissau;ES (Titre 2);OAT;Obligations de Relance (OdR);2021-05-04;2021-05-05;2028-05-05;84;;20000;24582.8300;15918.5700;GW0000000434;6.4000;10000.0000;;10023.4800;;6.3600;In Fine;;réalisée;https://www.umoatitres.org/fr/emission/emission-simultanee-dobligations-de-relance-du-tresor-de-la-guinee-bissau-du-04-05-2021/
Togo;;OAT;Obligations de Relance (OdR);2021-04-30;2021-05-03;2026-05-03;60;;20000;52515.0000;22000.0000;TG0000001577;5.8000;10027.1600;;10045.8500;;5.6900;In Fine;;réalisée;https://www.umoatitres.org/fr/emission/emission-dobligations-de-relance-du-tresor-du-togo-du-30-04-2021/
Burkina Faso;;BAT;;2021-04-14;2021-04-15;2022-04-13;12;;30000;116075.0000;33000.0000;BF0000001784;multiple;;4.0900;;4.0068;4.1800;In Fine;;réalisée;https://www.umoatitres.org/fr/emission/emission-de-bons-assimilables-du-tresor-du-burkina-du-14-04-2021/
Côte d'Ivoire;ES (Titre 1);BAT;;2021-04-15;2021-04-16;2021-07-15;3;;60000;44000.0000;40000.0000;CI0000004305;multiple;;2.6500;;2.6500;2.6700;In Fine;;réalisée;https://www.umoatitres.org/fr/emission/emission-de-bons-assimilables-du-tresor-de-cote-divoire-du-15-04-2021/
Côte d'Ivoire;ES (Titre 2);BAT;;2021-04-15;2021-04-16;2021-10-14;6;;60000;67000.0000;17000.0000;CI0000004297;multiple;;2.7000;;2.6088;2.6400;In Fine;;réalisée;https://www.umoatitres.org/fr/emission/emission-de-bons-assimilables-du-tresor-de-cote-divoire-du-15-04-2021/
Guinée Bissau;ES (Titre 1);OAT;Obligations de Relance (OdR);2021-04-13;2021-04-14;2024-04-14;36;;21000;24789.4500;8567.0000;GW0000000426;6.1000;10050.0000;;10052.8900;;5.9000;In Fine;;réalisée;https://www.umoatitres.org/fr/emission/emission-simultanee-dobligations-de-relance-du-tresor-de-guinee-bissau-du-13-04-2021/
Guinée Bissau;ES (Titre 2);OAT;Obligations de Relance (OdR);2021-04-13;2021-04-14;2026-04-14;60;;21000;24999.6300;14533.0000;GW0000000418;6.2500;10021.0000;;10031.7100;;6.1700;In Fine;;réalisée;https://www.umoatitres.org/fr/emission/emission-simultanee-dobligations-de-relance-du-tresor-de-guinee-bissau-du-13-04-2021/
Togo;ES (Titre 1);OAT;Obligations de Relance (OdR);2021-04-16;2021-04-19;2026-04-19;60;;75000;67811.0800;8250.0000;TG0000001551;5.9000;10050.0000;;10051.1700;;5.7800;In Fine;;réalisée;https://www.umoatitres.org/fr/emission/emission-simultanee-dobligations-de-relance-du-tresor-du-togo-du-16-04-2021/
Togo;ES (Titre 2);OAT;Obligations de Relance (OdR);2021-04-16;2021-04-19;2028-04-19;84;;75000;44334.5900;15512.9400;TG0000001569;6.1500;10015.0000;;10031.2500;;6.0900;In Fine;;réalisée;https://www.umoatitres.org/fr/emission/emission-simultanee-dobligations-de-relance-du-tresor-du-togo-du-16-04-2021/
Togo;ES (Titre 3);OAT;Obligations de Relance (OdR);2021-04-16;2021-04-19;2031-04-19;120;;75000;86737.0600;58737.0600;TG0000001544;6.2500;9900.0000;;9946.2400;;6.3200;In Fine;;réalisée;https://www.umoatitres.org/fr/emission/emission-simultanee-dobligations-de-relance-du-tresor-du-togo-du-16-04-2021/
Sénégal;;BAT;;2021-04-09;2021-04-12;2021-10-10;6;;50000;139550.0000;55000.0000;SN0000001595;multiple;;3.4397;;2.8959;2.9400;In Fine;;réalisée;https://www.umoatitres.org/fr/emission/emission-de-bons-assimilables-du-tresor-du-senegal-du-09-04-2021/
Niger;;BAT;;2021-04-08;2021-04-09;2022-04-07;12;;30000;79395.0000;33000.0000;NE0000001229;multiple;;4.2025;;4.1554;4.3400;In Fine;;réalisée;https://www.umoatitres.org/fr/emission/emission-de-bons-assimilables-du-tresor-du-niger-du-08-04-2021/
Burkina Faso;ES (Titre 1);OAT;Obligations de Relance (OdR);2021-04-07;2021-04-08;2026-04-08;60;;80000;73832.0000;28150.0000;BF0000001776;6.0500;10037.0000;;10041.8400;;5.9500;In Fine;;réalisée;https://www.umoatitres.org/fr/emission/emission-dobligations-de-relance-du-tresor-du-burkina-du-07-04-2021/
Burkina Faso;ES (Titre 2);OAT;Obligations de Relance (OdR);2021-04-07;2021-04-08;2028-04-08;84;;80000;114664.4800;59850.0000;BF0000001768;6.2500;10006.0000;;10015.9200;;6.2200;In Fine;;réalisée;https://www.umoatitres.org/fr/emission/emission-dobligations-de-relance-du-tresor-du-burkina-du-07-04-2021/
Mali;ES (Titre 2);OAT;Obligations de Relance (OdR);2021-02-24;2021-02-25;2026-02-25;60;;80000;47563.0700;35063.0700;ML0000001619;6.1000;10000.0000;;10009.7000;;6.0800;In Fine;;réalisée;https://www.umoatitres.org/fr/emission/emission-simultanee-dobligations-assimilables-du-tresor-du-mali-du-24-02-2021/
Mali;ES (Titre 3);OAT;Obligations de Relance (OdR);2021-02-24;2021-02-25;2028-02-25;84;;80000;76140.0000;52735.0000;ML0000001601;6.3000;9950.0000;;9999.2400;;6.3000;In Fine;;réalisée;https://www.umoatitres.org/fr/emission/emission-simultanee-dobligations-assimilables-du-tresor-du-mali-du-24-02-2021/
Côte d'Ivoire;ES (Titre 1);BAT;;2021-02-09;2021-02-10;2021-08-10;6;;65000;74909.0000;29700.0000;CI0000004164;multiple;;2.9900;;2.9740;3.0200;In Fine;;réalisée;https://www.umoatitres.org/fr/emission/emission-simultanee-de-bons-assimilables-du-tresor-de-la-cote-divoire-du-09-02-2021/
Côte d'Ivoire;ES (Titre 2);BAT;;2021-02-09;2021-02-10;2022-02-08;12;;65000;66800.0000;41800.0000;CI0000004156;multiple;;4.3000;;4.2085;4.4000;In Fine;;réalisée;https://www.umoatitres.org/fr/emission/emission-simultanee-de-bons-assimilables-du-tresor-de-la-cote-divoire-du-09-02-2021/
Mali;ES (Titre 1);OAT;Obligations de Relance (OdR);2021-03-31;2021-04-01;2024-04-01;36;;40000;43653.6800;14445.2100;ML0000001650;5.8500;10041.0000;;10045.1500;;5.6800;In Fine;;réalisée;https://www.umoatitres.org/fr/emission/emission-simultanee-dobligations-assimilables-du-tresor-du-mali-du-31-03-2021/
Mali;ES (Titre 2);OAT;Obligations de Relance (OdR);2021-03-31;2021-04-01;2028-04-01;84;;40000;65512.5600;29554.7900;ML0000001643;6.3000;10000.8700;;10012.4800;;6.2800;In Fine;;réalisée;https://www.umoatitres.org/fr/emission/emission-simultanee-dobligations-assimilables-du-tresor-du-mali-du-31-03-2021/
Côte d'Ivoire;;BAT;;2021-03-30;2021-03-31;2021-09-28;6;;30000;68000.0000;28000.0000;CI0000004289;multiple;;2.7100;;2.6116;2.6500;In Fine;;réalisée;https://www.umoatitres.org/fr/emission/emission-de-bons-assimilables-du-tresor-de-la-cote-divoire-du-30-03-2021/
Burkina Faso;;BAT;;2021-03-24;2021-03-25;2022-03-23;12;;30000;82003.0000;33000.0000;BF0000001750;multiple;;4.2500;;4.1342;4.3100;In Fine;;réalisée;https://www.umoatitres.org/fr/emission/emission-de-bons-assimilables-du-tresor-du-burkina-du-24-03-2021/
Togo;;OAT;Obligations de Relance (OdR);2021-03-19;2021-03-22;2028-03-22;84;;20000;53708.8300;22000.0000;TG0000001536;6.3000;10020.0000;;10042.2500;;6.2200;In Fine;;réalisée;https://www.umoatitres.org/fr/emission/emission-dobligations-assimilables-du-tresor-du-togo-du-19-03-2021/
Côte d'Ivoire;ES (Titre 1);BAT;Obligations de Relance (OdR);2021-03-16;2021-03-17;2021-06-15;3;;65000;68900.0000;22900.0000;CI0000004263;multiple;;2.7300;;2.6315;2.6500;In Fine;;réalisée;https://www.umoatitres.org/fr/emission/emission-simultanee-dobligations-assimilables-du-tresor-de-la-cote-divoire-du-16-03-2021/
Côte d'Ivoire;ES (Titre 2);OAT;Obligations de Relance (OdR);2021-03-16;2021-03-17;2026-03-17;60;;65000;21220.0000;21220.0000;CI0000004255;5.6000;9900.0000;;9904.8100;;5.8200;In Fine;;réalisée;https://www.umoatitres.org/fr/emission/emission-simultanee-dobligations-assimilables-du-tresor-de-la-cote-divoire-du-16-03-2021/
Niger;ES (Titre 1);OAT;Obligations de Relance (OdR);2021-03-11;2021-03-12;2024-03-12;36;;60000;34142.2000;10300.0000;NE0000001195;5.9000;10045.0000;;10049.6100;;5.7200;In Fine;;réalisée;https://www.umoatitres.org/fr/emission/emission-dobligations-assimilables-du-tresor-du-niger-du-11-03-2021/
Niger;ES (Titre 2);OAT;Obligations de Relance (OdR);2021-03-11;2021-03-12;2026-03-12;60;;60000;44184.9900;24424.3000;NE0000001203;6.1500;10000.0000;;10030.0000;;6.0800;In Fine;;réalisée;https://www.umoatitres.org/fr/emission/emission-dobligations-assimilables-du-tresor-du-niger-du-11-03-2021/
Niger;ES (Titre 3);OAT;Obligations de Relance (OdR);2021-03-11;2021-03-12;2028-03-12;84;;60000;59903.7000;31275.7000;NE0000001211;6.3000;9976.0000;;10004.0900;;6.2900;In Fine;;réalisée;https://www.umoatitres.org/fr/emission/emission-dobligations-assimilables-du-tresor-du-niger-du-11-03-2021/
Mali;;BAT;;2021-03-10;2021-03-11;2022-03-09;12;;25000;46825.0000;27500.0000;ML0000001635;multiple;;4.4000;;4.2984;4.4900;In Fine;;réalisée;https://www.umoatitres.org/fr/emission/emission-de-bons-assimilables-du-tresor-de-la-mali-du-10-03-2021/
Guinée Bissau;ES (Titre 1);OAT;Obligations de Relance (OdR);2021-03-09;2021-03-10;2024-03-10;36;;15000;17072.2000;6302.9000;GW0000000392;6.1000;10045.0000;;10061.9800;;5.8700;In Fine;;réalisée;https://www.umoatitres.org/fr/emission/emission-simultanee-dobligations-assimilables-du-tresor-de-la-guinee-du-09-03-2021/
Guinée Bissau;ES (Titre 2);OAT;Obligations de Relance (OdR);2021-03-09;2021-03-10;2026-03-10;60;;15000;28950.5400;10197.1000;GW0000000400;6.2500;10028.7700;;10039.1600;;6.1600;In Fine;;réalisée;https://www.umoatitres.org/fr/emission/emission-simultanee-dobligations-assimilables-du-tresor-de-la-guinee-du-09-03-2021/
Togo;ES (Titre 1);OAT;Obligations de Relance (OdR);2021-03-05;2021-03-08;2024-03-08;36;;40000;39055.0000;13700.0000;TG0000001528;5.8500;10040.2900;;10059.0400;;5.6300;In Fine;;réalisée;https://www.umoatitres.org/fr/emission/emission-simultanee-dobligations-assimilables-du-tresor-du-togo-du-05-03-2021/
Togo;ES (Titre 2);OAT;Obligations de Relance (OdR);2021-03-05;2021-03-08;2026-02-22;60;;40000;109330.6600;26300.0000;TG0000001510;6.1000;10035.0000;;10043.3100;;5.9900;In Fine;;réalisée;https://www.umoatitres.org/fr/emission/emission-simultanee-dobligations-assimilables-du-tresor-du-togo-du-05-03-2021/
Côte d'Ivoire;ES (Titre 1);BAT;Obligations de Relance (OdR);2021-03-02;2021-03-03;2021-08-31;6;;65000;55500.0000;16600.0000;CI0000004248;multiple;;2.8000;;2.7051;2.7400;In Fine;;réalisée;https://www.umoatitres.org/fr/emission/emission-simultanee-de-bons-et-obligations-assimilables-du-tresor-de-cote-divoire-du-02-03-2021/
Côte d'Ivoire;ES (Titre 2);OAT;Obligations de Relance (OdR);2021-03-02;2021-03-03;2024-03-03;36;;65000;43000.0000;43000.0000;CI0000004271;5.5000;9910.0000;;9938.9500;;5.7300;In Fine;;réalisée;https://www.umoatitres.org/fr/emission/emission-simultanee-de-bons-et-obligations-assimilables-du-tresor-de-cote-divoire-du-02-03-2021/
Côte d'Ivoire;ES (Titre 3);OAT;Obligations de Relance (OdR);2021-03-02;2021-03-03;2026-03-03;60;;65000;7000.0000;7000.0000;CI0000004230;5.6000;9906.7700;;9938.6200;;5.7400;In Fine;;réalisée;https://www.umoatitres.org/fr/emission/emission-simultanee-de-bons-et-obligations-assimilables-du-tresor-de-cote-divoire-du-02-03-2021/
Sénégal;ES (Titre 1);OAT;Obligations de Relance (OdR);2021-02-26;2021-03-01;2024-03-01;36;;75000;61280.0000;15000.0000;SN0000001561;5.6000;10050.0000;;10050.0000;;5.4100;In Fine;;réalisée;https://www.umoatitres.org/fr/emission/emission-simultanee-dobligations-assimilables-du-tresor-du-senegal-du-26-02-2021/
Sénégal;ES (Titre 2);OAT;Obligations de Relance (OdR);2021-02-26;2021-03-01;2026-03-01;60;;75000;38212.0000;18662.0000;SN0000001587;5.7000;9975.0000;;9977.7400;;5.7500;In Fine;;réalisée;https://www.umoatitres.org/fr/emission/emission-simultanee-dobligations-assimilables-du-tresor-du-senegal-du-26-02-2021/
Sénégal;ES (Titre 3);OAT;Obligations de Relance (OdR);2021-02-26;2021-03-01;2028-03-01;84;;75000;70903.0000;48543.0000;SN0000001579;5.8000;9850.0000;;9903.5100;;5.9700;In Fine;;réalisée;https://www.umoatitres.org/fr/emission/emission-simultanee-dobligations-assimilables-du-tresor-du-senegal-du-26-02-2021/
Côte d'Ivoire;ES (Titre 1);BAT;Obligations de Relance (OdR);2021-02-23;2021-02-24;2021-08-24;6;;65000;69350.0000;32700.0000;CI0000004214;multiple;;2.8000;;2.6714;2.7100;In Fine;;réalisée;https://www.umoatitres.org/fr/emission/emission-simultanee-dobligations-assimilables-du-tresor-de-la-cote-divoire-du-23-02-2021/
Côte d'Ivoire;ES (Titre 2);OAT;Obligations de Relance (OdR);2021-02-23;2021-02-24;2024-02-24;36;;65000;78050.0000;38800.0000;CI0000004206;5.5000;9950.0000;;9961.8800;;5.6400;In Fine;;réalisée;https://www.umoatitres.org/fr/emission/emission-simultanee-dobligations-assimilables-du-tresor-de-la-cote-divoire-du-23-02-2021/
Togo;;OAT;Obligations de Relance (OdR);2021-02-19;2021-02-22;2026-02-22;60;;20000;112696.5800;22000.0000;TG0000001510;6.1000;10025.2500;;10035.3000;;6.0200;In Fine;;réalisée;https://www.umoatitres.org/fr/emission/emission-dobligations-assimilables-du-tresor-du-togo-du-19-02-2021/
Côte d'Ivoire;;BAT;;2021-02-16;2021-02-17;2021-05-18;3;;30000;109102.0000;33000.0000;CI0000004198;multiple;;2.6800;;2.6800;2.7000;In Fine;;réalisée;https://www.umoatitres.org/fr/emission/emission-de-bons-assimilables-du-tresor-de-la-cote-divoire-du-16-02-2021/
Niger;;BAT;;2021-02-11;2021-02-12;2022-02-10;12;;30000;75115.0000;33000.0000;NE0000001187;multiple;;4.5712;;4.4350;4.6400;In Fine;;réalisée;https://www.umoatitres.org/fr/emission/emission-de-bons-assimilables-du-tresor-du-niger-du-11-02-2021/
Mali;;BAT;;2021-02-10;2021-02-11;2022-02-09;12;;25000;49360.0000;27500.0000;ML0000001593;multiple;;4.6000;;4.4077;4.6100;In Fine;;réalisée;https://www.umoatitres.org/fr/emission/emission-de-bons-assimilables-du-tresor-du-mali-du-10-02-2021/
Sénégal;ES (Titre 1);OAT;;2021-02-05;2021-02-08;2024-02-08;36;;75000;60423.0000;28284.0000;SN0000001538;5.6000;10000.0000;;10011.4000;;5.5600;In Fine;;réalisée;https://www.umoatitres.org/fr/emission/emission-simultanee-dobligations-assimilables-du-tresor-du-senegal-du-05-02-2021/
Sénégal;ES (Titre 2);OAT;;2021-02-05;2021-02-08;2026-02-08;60;;75000;28703.0000;18803.0000;SN0000001546;5.7000;9901.0000;;9953.3300;;5.8100;In Fine;;réalisée;https://www.umoatitres.org/fr/emission/emission-simultanee-dobligations-assimilables-du-tresor-du-senegal-du-05-02-2021/
Sénégal;ES (Titre 3);OAT;;2021-02-05;2021-02-08;2028-02-08;84;;75000;56413.0000;35413.0000;SN0000001553;5.8000;9800.0000;;9899.3200;;5.9800;In Fine;;réalisée;https://www.umoatitres.org/fr/emission/emission-simultanee-dobligations-assimilables-du-tresor-du-senegal-du-05-02-2021/
Burkina Faso;;BAT;;2021-02-17;2021-02-18;2021-08-18;6;;30000;112925.0000;33000.0000;BF0000001727;multiple;;3.9500;;3.9012;3.9800;In Fine;;réalisée;https://www.umoatitres.org/fr/emission/emission-de-bons-assimilables-du-tresor-du-burkina-du-17-02-2021/
Côte d'Ivoire;ES (Titre 1);BAT;;2021-02-02;2021-02-03;2021-08-03;6;;65000;69759.0000;25000.0000;CI0000004131;multiple;;3.0000;;2.9645;3.0100;In Fine;;réalisée;https://www.umoatitres.org/fr/emission/emission-simultanee-de-bons-et-obligations-assimilables-du-tresor-de-cote-divoire-du-02-02-2021/
Côte d'Ivoire;ES (Titre 2);OAT;;2021-02-02;2021-02-03;2024-02-03;36;;65000;50500.0000;46500.0000;CI0000004123;5.5000;9910.0000;;9915.3600;;5.8200;In Fine;;réalisée;https://www.umoatitres.org/fr/emission/emission-simultanee-de-bons-et-obligations-assimilables-du-tresor-de-cote-divoire-du-02-02-2021/
Burkina Faso;;OAT;;2021-02-03;2021-02-04;2026-02-04;60;;30000;129293.0900;33000.0000;BF0000001735;6.2500;10012.0000;;10041.5000;;6.1500;In Fine;;réalisée;https://www.umoatitres.org/fr/emission/emission-dobligations-assimilables-du-tresor-du-burkina-du-03-02-2021/
Guinée Bissau;;BAT;;2021-01-26;2021-01-27;2021-04-27;3;;11000;24572.0000;12100.0000;GW0000000384;multiple;;4.0500;;3.8309;3.8700;In Fine;;réalisée;https://www.umoatitres.org/fr/emission/emission-de-bons-assimilables-du-tresor-de-la-guinee-bissau-du-26-01-2021/
Mali;ES (Titre 1);OAT;;2021-01-27;2021-01-28;2024-01-28;36;;40000;39779.0000;14168.0000;ML0000001577;6.0000;10003.0000;;10036.3500;;5.8600;In Fine;;réalisée;https://www.umoatitres.org/fr/emission/emission-simultanee-dobligation-assimilables-du-tresor-du-mali-du-27-01-2021/
Mali;ES (Titre 2);OAT;;2021-01-27;2021-01-28;2026-01-28;60;;40000;43583.9300;29832.0000;ML0000001585;6.2000;9955.0000;;9990.6200;;6.2200;In Fine;;réalisée;https://www.umoatitres.org/fr/emission/emission-simultanee-dobligation-assimilables-du-tresor-du-mali-du-27-01-2021/
Togo;ES (Titre 1);OAT;;2021-01-22;2021-01-25;2024-01-25;36;;80000;76297.4900;24365.9700;TG0000001486;6.1500;10008.0000;;10013.1800;;6.1000;In Fine;;réalisée;https://www.umoatitres.org/fr/emission/emission-simultanee-dobligation-assimilables-du-tresor-du-togo-du-22-01-2021/
Togo;ES (Titre 2);OAT;;2021-01-22;2021-01-25;2026-01-25;60;;80000;52050.0400;22785.0400;TG0000001494;6.4000;10000.0000;;10008.1500;;6.3800;In Fine;;réalisée;https://www.umoatitres.org/fr/emission/emission-simultanee-dobligation-assimilables-du-tresor-du-togo-du-22-01-2021/
Togo;ES (Titre 3);OAT;;2021-01-22;2021-01-25;2028-01-25;84;;80000;73618.9900;40848.9900;TG0000001502;6.5000;9950.0000;;9981.4000;;6.5300;In Fine;;réalisée;https://www.umoatitres.org/fr/emission/emission-simultanee-dobligation-assimilables-du-tresor-du-togo-du-22-01-2021/
Burkina Faso;;OAT;;2021-01-20;2021-01-21;2024-01-21;36;;30000;111019.2500;33000.0000;BF0000001719;6.1500;10005.9900;;10010.7100;;6.1100;In Fine;;réalisée;https://www.umoatitres.org/fr/emission/emission-dobligations-assimilables-du-tresor-du-burkina-du-20-01-2021/
Côte d'Ivoire;;BAT;;2021-01-19;2021-01-20;2021-07-20;6;;30000;69009.0000;33000.0000;CI0000004115;multiple;;2.9900;;2.9900;3.0400;In Fine;;réalisée;https://www.umoatitres.org/fr/emission/emission-de-bons-assimilables-du-tresor-de-la-cote-divoire-du-19-01-2021/
Niger;;OAT;;2021-01-14;2021-01-15;2024-01-15;36;;20000;89989.6000;22000.0000;NE0000001179;6.1500;10005.0000;;10022.8500;;6.0600;In Fine;;réalisée;https://www.umoatitres.org/fr/emission/emission-dobligations-assimilables-du-tresor-du-niger-du-14-01-2021/
Sénégal;ES (Titre 1);OAT;;2021-01-15;2021-01-18;2024-01-18;36;;75000;39754.0000;36750.0000;SN0000001512;5.6000;9973.0000;;9995.3400;;5.6200;In Fine;;réalisée;https://www.umoatitres.org/fr/emission/emission-simultanee-dobligation-assimilables-du-tresor-du-senegal-du-15-01-2021/
Sénégal;ES (Titre 2);OAT;;2021-01-15;2021-01-18;2026-01-18;60;;75000;45051.0000;43050.0000;SN0000001520;5.7000;9850.0000;;9922.5800;;5.8800;In Fine;;réalisée;https://www.umoatitres.org/fr/emission/emission-simultanee-dobligation-assimilables-du-tresor-du-senegal-du-15-01-2021/
Mali;;BAT;;2021-01-13;2021-01-14;2021-07-14;6;;25000;50007.0000;27500.0000;ML0000001569;multiple;;4.1500;;4.0551;4.1400;In Fine;;réalisée;https://www.umoatitres.org/fr/emission/emission-de-bons-assimilables-du-tresor-du-mali-du-13-01-2021/
Côte d'Ivoire;ES (Titre 1);BAT;;2021-01-12;2021-01-13;2021-04-13;3;;65000;60355.0000;28000.0000;CI0000004107;multiple;;3.0500;;2.9604;2.9800;In Fine;;réalisée;https://www.umoatitres.org/fr/emission/emission-simultanee-de-bons-assimilables-du-tresor-de-la-cote-divoire-du-12-01-2021/
Côte d'Ivoire;ES (Titre 2);BAT;;2021-01-12;2021-01-13;2022-01-11;12;;65000;31750.0000;30500.0000;CI0000004099;multiple;;4.4000;;4.3697;4.5700;In Fine;;réalisée;https://www.umoatitres.org/fr/emission/emission-simultanee-de-bons-assimilables-du-tresor-de-la-cote-divoire-du-12-01-2021/
Togo;;BAT;;2021-01-08;2021-01-11;2021-07-11;6;;25000;39300.0000;27500.0000;TG0000001478;multiple;;4.2300;;4.0838;4.1700;In Fine;;réalisée;https://www.umoatitres.org/fr/emission/emission-de-bons-assimilables-du-tresor-du-togo-du-08-01-2021/
Burkina Faso;;BAT;;2021-01-06;2021-01-07;2022-01-05;12;;30000;70231.0000;32980.0000;BF0000001701;multiple;;4.4300;;4.3283;4.5300;In Fine;;réalisée;https://www.umoatitres.org/fr/emission/emission-de-bons-assimilables-du-tresor-du-burkina-du-06-01-2021/
Bénin;ES (Titre 1);OAT;;2021-01-07;2021-01-08;2024-01-08;36;;75000;60930.8100;29041.5000;BJ0000001533;5.9000;9991.0000;;10005.5148;;5.8800;In Fine;;réalisée;https://www.umoatitres.org/fr/emission/emission-simultanee-dobligations-assimilables-du-tresor-du-benin-du-07-01-2021/
Bénin;ES (Titre 2);OAT;;2021-01-07;2021-01-08;2026-01-08;60;;75000;100114.9000;53458.5000;BJ0000001541;6.0000;9926.0000;;9965.4657;;6.0800;In Fine;;réalisée;https://www.umoatitres.org/fr/emission/emission-simultanee-dobligations-assimilables-du-tresor-du-benin-du-07-01-2021/
Côte d'Ivoire;ES (Titre 1);BAT;;2020-12-29;2020-12-30;2021-03-23;2.8;;105000;75014.0000;53014.0000;CI0000004081;multiple;;3.0500;;2.8366;2.8600;In Fine;;réalisée;https://www.umoatitres.org/fr/emission/emission-simultanee-de-bons-assimilables-du-tresor-de-la-cote-divoire-du-29-12-2020/
Côte d'Ivoire;ES (Titre 3);BAT;;2020-12-29;2020-12-30;2021-12-15;11.7;;105000;89500.0000;55486.0000;CI0000004073;multiple;;4.4000;;4.3192;4.5100;In Fine;;réalisée;https://www.umoatitres.org/fr/emission/emission-simultanee-de-bons-assimilables-du-tresor-de-la-cote-divoire-du-29-12-2020/
Côte d'Ivoire;ES (Titre 1);BAT;;2020-12-22;2020-12-23;2021-03-23;3;;105000;33009.0000;33000.0000;CI0000004081;multiple;;3.0500;;2.9467;2.9700;In Fine;;réalisée;https://www.umoatitres.org/fr/emission/emission-simultanee-de-bons-assimilables-du-tresor-de-la-cote-divoire-du-22-12-2020/
Côte d'Ivoire;ES (Titre 2);BAT;;2020-12-22;2020-12-23;2021-12-15;12;;105000;78500.0000;78000.0000;CI0000004073;multiple;;4.4000;;4.3422;4.5400;In Fine;;réalisée;https://www.umoatitres.org/fr/emission/emission-simultanee-de-bons-assimilables-du-tresor-de-la-cote-divoire-du-22-12-2020/
Sénégal;;OAT;;2020-12-18;2020-12-21;2023-12-21;36;;25000;76773.4200;27500.0000;SN0000001504;5.7500;10030.5000;;10053.0400;;5.5500;In Fine;;réalisée;https://www.umoatitres.org/fr/emission/emission-dobligations-assimilables-du-tresor-du-senegal-du-18-12-2020/
Côte d'Ivoire;ES (Titre 1);BAT;;2020-12-16;2020-12-17;2021-02-09;12;;103000;23000.0000;23000.0000;CI0000003216;multiple;;2.8000;;2.3813;2.3900;In Fine;;réalisée;https://www.umoatitres.org/fr/emission/emission-simultanee-de-bons-assimilables-du-tresor-de-la-cote-divoire-du-16-12-2020/
Côte d'Ivoire;ES (Titre 2);BAT;;2020-12-16;2020-12-17;2021-07-06;12;;103000;40500.0000;25000.0000;CI0000003638;multiple;;3.1000;;2.8246;2.8700;In Fine;;réalisée;https://www.umoatitres.org/fr/emission/emission-simultanee-de-bons-assimilables-du-tresor-de-la-cote-divoire-du-16-12-2020/
Côte d'Ivoire;ES (Titre 3);BAT;;2020-12-16;2020-12-17;2021-12-15;12;;103000;82400.0000;65300.0000;CI0000004073;multiple;;4.3000;;4.0520;4.2300;In Fine;;réalisée;https://www.umoatitres.org/fr/emission/emission-simultanee-de-bons-assimilables-du-tresor-de-la-cote-divoire-du-16-12-2020/
Mali;ES (Titre 2);OAT;;2020-12-23;2020-12-24;2023-11-12;36;;30000;48659.8700;33000.0000;ML0000001528;6.1000;10000.0000;;10018.9900;;6.0200;In Fine;;réalisée;https://www.umoatitres.org/fr/emission/emission-simultanee-de-bons-et-obligations-assimilables-du-tresor-du-mali-du-23-12-2020/
Côte d'Ivoire;ES (Titre 1);OAT;;2020-12-08;2020-12-09;2025-12-09;60;;50000;37000.0000;32000.0000;CI0000004016;5.6000;9850.0000;;9861.7200;;5.9300;In Fine;;réalisée;https://www.umoatitres.org/fr/emission/emission-simultanee-dobligations-assimilables-du-tresor-de-la-cote-divoire-du-08-12-2020/
Côte d'Ivoire;ES (Titre 2);OAT;;2020-12-08;2020-12-09;2027-12-09;84;;50000;22500.0000;20000.0000;CI0000004024;5.7000;9810.0000;;9810.0000;;6.0400;In Fine;;réalisée;https://www.umoatitres.org/fr/emission/emission-simultanee-dobligations-assimilables-du-tresor-de-la-cote-divoire-du-08-12-2020/
Côte d'Ivoire;ES (Titre 3);OAT;;2020-12-08;2020-12-09;2030-12-09;120;;50000;18000.0000;3000.0000;CI0000004032;5.8500;9850.0000;;9855.6700;;6.0500;In Fine;;réalisée;https://www.umoatitres.org/fr/emission/emission-simultanee-dobligations-assimilables-du-tresor-de-la-cote-divoire-du-08-12-2020/
Bénin;;BAT;Bons COVID-19;2020-12-02;2020-12-03;2020-12-30;1;;133000;429700.0000;133000.0000;BJ0000001525;multiple;;2.4280;;2.3536;2.3600;In Fine;;réalisée;https://www.umoatitres.org/fr/emission/emission-bons-covid-19-du-tresor-du-benin-du-02-12-2020/
Côte d'Ivoire;;BAT;Bons COVID-19;2020-12-07;2020-12-08;2021-01-04;1;;110000;619660.0000;110000.0000;CI0000004008;multiple;;2.1400;;2.0631;2.0700;In Fine;;réalisée;https://www.umoatitres.org/fr/emission/emission-bons-covid-19-du-tresor-de-la-cote-divoire-du-07-12-2020/
Côte d'Ivoire;;BAT;Bons COVID-19;2020-11-30;2020-12-01;2020-12-28;1;;200000;481000.0000;202000.0000;CI0000003992;multiple;;2.6900;;2.4584;2.4600;In Fine;;réalisée;https://www.umoatitres.org/fr/emission/emission-bons-covid-19-du-tresor-de-la-cote-divoire-du-30-11-2020/
Sénégal;;BAT;Bons COVID-19;2020-11-24;2020-11-25;2020-12-22;1;;103130;227000.0000;103130.0000;SN0000001496;multiple;;2.4780;;2.4161;2.4200;In Fine;;réalisée;https://www.umoatitres.org/fr/emission/emission-bons-covid-19-du-tresor-du-senegal-du-24-11-2020/
Niger;;BAT;Bons COVID-19;2020-11-10;2020-11-11;2020-12-08;1;;110000;163632.0000;110000.0000;NE0000001146;multiple;;2.5994;;2.5236;2.5300;In Fine;;réalisée;https://www.umoatitres.org/fr/emission/emission-bons-covid-19-du-tresor-du-niger-du-10-11-2020/
Mali;ES (Titre 1);OAT;;2020-11-11;2020-11-12;2023-11-12;36;;40000;28439.4800;19498.8000;ML0000001528;6.1000;10000.0000;;10002.9500;;6.0900;In Fine;;réalisée;https://www.umoatitres.org/fr/emission/emission-simultanee-dobligations-assimilables-du-tresor-du-mali-du-11-11-2020/
Mali;ES (Titre 2);OAT;;2020-11-11;2020-11-12;2025-11-12;60;;40000;43542.2000;24501.2000;ML0000001536;6.2500;9985.0000;;9996.7300;;6.2600;In Fine;;réalisée;https://www.umoatitres.org/fr/emission/emission-simultanee-dobligations-assimilables-du-tresor-du-mali-du-11-11-2020/
Bénin;;BAT;Bons COVID-19;2020-11-04;2020-11-05;2020-12-02;1;;133000;229000.0000;133000.0000;BJ0000001517;multiple;;2.6500;;2.5431;2.5500;In Fine;;réalisée;https://www.umoatitres.org/fr/emission/emission-bons-covid-19-du-tresor-du-benin-du-04-11-2020/
Mali;;BAT;Bons COVID-19;2020-11-03;2020-11-04;2020-12-01;1;;25000;71000.0000;27500.0000;ML0000001510;multiple;;2.6500;;2.4171;2.4200;In Fine;;réalisée;https://www.umoatitres.org/fr/emission/emission-bons-covid-19-du-tresor-du-mali-du-03-11-2020/
Côte d'Ivoire;;BAT;Bons COVID-19;2020-11-06;2020-11-10;2020-12-07;1;;100000;241000.0000;110000.0000;CI0000003943;multiple;;2.5999;;2.5283;2.5300;In Fine;;réalisée;https://www.umoatitres.org/fr/emission/emission-bons-covid-19-du-tresor-de-la-cote-divoire-du-06-11-2020/
Côte d'Ivoire;;BAT;Bons COVID-19;2020-11-02;2020-11-03;2020-11-30;1;;200000;321000.0000;200000.0000;CI0000003935;multiple;;2.8400;;2.6029;2.6100;In Fine;;réalisée;https://www.umoatitres.org/fr/emission/emission-bons-covid-19-du-tresor-de-la-cote-divoire-du-02-11-2020/
Sénégal;;BAT;Bons COVID-19;2020-10-27;2020-10-28;2020-11-24;1;;103130;268870.0000;103130.0000;SN0000001470;multiple;;2.1904;;2.1416;2.1500;In Fine;;réalisée;https://www.umoatitres.org/fr/emission/emission-bons-covid-19-du-tresor-du-senegal-du-27-10-2020/
Mali;;OAT;;2020-10-28;2020-10-30;2023-10-30;36;;25000;49402.7900;27500.0000;ML0000001502;6.1000;10000.0000;;10005.1300;;6.0800;In Fine;;réalisée;https://www.umoatitres.org/fr/emission/emission-dobligations-assimilables-du-tresor-du-mali-du-28-10-2020/
Mali;;BAT;;2020-10-14;2020-10-15;2021-10-13;12;;25000;46325.0000;27500.0000;ML0000001494;multiple;;4.8899;;4.5801;4.8000;In Fine;;réalisée;https://www.umoatitres.org/fr/emission/bons-assimilables-du-tresor-du-mali-du-15-10-2020/
Côte d'Ivoire;;BAT;;2020-12-11;2020-12-14;2021-06-13;6;;30000;115900.0000;33000.0000;CI0000004040;multiple;;2.9900;;2.9597;3.0000;In Fine;;réalisée;https://www.umoatitres.org/fr/emission/emission-de-bons-assimilables-du-tresor-de-cote-divoire-du-11-12-2020/
Burkina Faso;;BAT;;2020-12-02;2020-12-03;2021-12-01;12;;30000;98509.0000;33000.0000;BF0000001693;multiple;;4.3300;;4.2981;4.4900;In Fine;;réalisée;https://www.umoatitres.org/fr/emission/emission-de-bons-assimilables-du-tresor-du-burkina-du-02-12-2020/
Togo;ES (Titre 1);OAT;;2020-11-27;2020-11-30;2025-10-26;60;;20000;36501.0000;9285.0000;TG0000001460;6.4000;10020.0000;;10036.1400;;6.3100;In Fine;;réalisée;https://www.umoatitres.org/fr/emission/emission-de-obligations-assimilables-du-tresor-togo-du-27-11-2020/
Togo;ES (Titre 2);OAT;;2020-11-27;2020-11-30;2027-03-16;84;;20000;23338.9500;12715.0000;TG0000001353;6.5000;10000.0200;;10000.6500;;6.4900;In Fine;;réalisée;https://www.umoatitres.org/fr/emission/emission-de-obligations-assimilables-du-tresor-togo-du-27-11-2020/
Niger;;BAT;;2020-11-26;2020-11-27;2021-11-25;12;;25000;62153.0000;27500.0000;NE0000001161;multiple;;4.5099;;4.4495;4.6600;In Fine;;réalisée;https://www.umoatitres.org/fr/emission/emission-de-bons-assimilables-du-tresor-niger-du-26-11-2020/
Bénin;ES (Titre 2);OAT;;2020-11-19;2020-11-20;2027-10-09;84;;20000;36893.2600;22000.0000;BJ0000001509;6.4000;10000.0000;;10001.6400;;6.3900;In Fine;;réalisée;https://www.umoatitres.org/fr/emission/emission-simultanee-dobligations-assimilables-du-tresor-du-benin-du-19-11-2020/
Burkina Faso;ES (Titre 1);OAT;;2020-11-18;2020-11-19;2023-11-19;36;;50000;60241.1000;27950.0000;BF0000001677;6.1500;10005.0000;;10010.4800;;6.1100;In Fine;;réalisée;https://www.umoatitres.org/fr/emission/emission-dobligations-assimilables-du-tresor-du-burkina-du-18-11-2020/
Burkina Faso;ES (Titre 2);OAT;;2020-11-18;2020-11-19;2025-11-19;60;;50000;76130.0000;27050.0000;BF0000001685;6.2500;9995.0000;;9998.4300;;6.2500;In Fine;;réalisée;https://www.umoatitres.org/fr/emission/emission-dobligations-assimilables-du-tresor-du-burkina-du-18-11-2020/
Niger;;OAT;;2020-11-12;2020-11-13;2025-11-13;60;;40000;83119.3700;37914.3700;NE0000001153;6.5000;10000.0000;;10000.0700;;6.5000;In Fine;;réalisée;https://www.umoatitres.org/fr/emission/emission-dobligations-assimilables-du-tresor-du-niger-du-12-11-2020/
Guinée Bissau;ES (Titre 1);OAT;;2020-11-05;2020-11-06;2023-09-16;36;;10000;6600.0000;2275.0000;GW0000000360;6.2500;10000.0000;;10002.7300;;6.2300;In Fine;;réalisée;https://www.umoatitres.org/fr/emission/emission-dobligations-assimilables-du-tresor-de-la-guinee-bissau-du-05-11-2020/
Guinée Bissau;ES (Titre 2);OAT;;2020-11-05;2020-11-06;2025-09-16;60;;10000;16885.0000;8035.0000;GW0000000378;6.5000;9906.6800;;9968.2800;;6.5700;In Fine;;réalisée;https://www.umoatitres.org/fr/emission/emission-dobligations-assimilables-du-tresor-de-la-guinee-bissau-du-05-11-2020/
Côte d'Ivoire;;BAT;;2020-11-09;2020-11-10;2020-12-07;1;;30000;60000.0000;33000.0000;CI0000003950;multiple;;1.9900;;1.9809;1.9800;In Fine;;réalisée;https://www.umoatitres.org/fr/emission/emission-de-bons-assimilables-du-tresor-de-cote-divoire-du-09-11-2020/
Sénégal;;OAT;;2020-11-06;2020-11-09;2025-11-09;60;;25000;43533.0000;27500.0000;SN0000001488;6.0000;9980.0000;;9997.6100;;6.0100;In Fine;;réalisée;https://www.umoatitres.org/fr/emission/emission-simultanee-de-bons-et-dobligations-assimilables-du-tresor-du-senegal-du-06-11-2020/
Burkina Faso;;OAT;;2020-11-04;2020-11-05;2027-11-05;84;;40000;73904.4000;40404.4000;BF0000001669;6.4000;9905.0000;;9992.2600;;6.4100;In Fine;;réalisée;https://www.umoatitres.org/fr/emission/emission-de-obligations-assimilables-du-tresor-du-burkina-du-04-11-2020/
Togo;ES (Titre 1);OAT;;2020-10-23;2020-10-26;2025-10-26;60;;25000;56464.5900;3285.7100;TG0000001460;6.4000;10083.0000;;10083.0000;;6.2000;In Fine;;réalisée;https://www.umoatitres.org/fr/emission/emission-simultanee-dobligation-assimilables-du-tresor-du-togo-du-23-10-2020/
Togo;ES (Titre 2);OAT;;2020-10-23;2020-10-26;2027-03-16;84;;25000;38470.6700;24214.2900;TG0000001353;6.5000;10000.0000;;10001.1200;;6.4900;In Fine;;réalisée;https://www.umoatitres.org/fr/emission/emission-simultanee-dobligation-assimilables-du-tresor-du-togo-du-23-10-2020/
Bénin;ES (Titre 2);OAT;;2020-10-22;2020-10-23;2027-10-09;84;;20000;56141.7500;22000.0000;BJ0000001509;6.4000;10000.0000;;10001.6100;;6.4000;In Fine;;réalisée;https://www.umoatitres.org/fr/emission/emission-simultanee-dobligation-assimilables-du-tresor-du-benin-du-22-10-2020/
Burkina Faso;;OAT;;2020-10-21;2020-10-22;2027-10-22;84;;20000;77547.7200;22000.0000;BF0000001651;6.4000;9975.2000;;9993.6500;;6.4100;In Fine;;réalisée;https://www.umoatitres.org/fr/emission/emission-dobligation-assimilables-du-tresor-du-burkina-du-21-10-2020/
Côte d'Ivoire;;BAT;;2020-10-20;2020-10-21;2020-11-17;1;;30000;57800.0000;33000.0000;CI0000003927;multiple;;2.0000;;1.9939;2.0000;In Fine;;réalisée;https://www.umoatitres.org/fr/emission/emission-de-bons-assimilables-du-tresor-de-cote-divoire-du-20-10-2020/
Niger;;BAT;;2020-10-15;2020-10-16;2021-10-14;12;;20000;49040.0000;22000.0000;NE0000001138;multiple;;4.6950;;4.5321;4.7500;In Fine;;réalisée;https://www.umoatitres.org/fr/emission/bons-assimilables-du-tresor-du-niger-du-15-10-2020/
Sénégal;ES (Titre 1);OAT;;2020-10-16;2020-10-19;2023-10-19;36;;150000;112296.5000;48469.3800;SN0000001421;5.8500;10000.0000;;10006.1100;;5.8300;In Fine;;réalisée;https://www.umoatitres.org/fr/emission/emission-simultanee-dobligations-assimilables-du-tresor-du-senegal-du-16-10-2020/
Sénégal;ES (Titre 2);OAT;;2020-10-16;2020-10-19;2025-10-19;60;;150000;68696.5400;42775.0000;SN0000001439;6.0000;9950.0000;;9989.5200;;6.0300;In Fine;;réalisée;https://www.umoatitres.org/fr/emission/emission-simultanee-dobligations-assimilables-du-tresor-du-senegal-du-16-10-2020/
Sénégal;ES (Titre 3);OAT;;2020-10-16;2020-10-19;2027-10-19;84;;150000;80728.6200;73755.6200;SN0000001447;6.1500;9850.0000;;9921.3100;;6.2900;In Fine;;réalisée;https://www.umoatitres.org/fr/emission/emission-simultanee-dobligations-assimilables-du-tresor-du-senegal-du-16-10-2020/
Côte d'Ivoire;ES (Titre 1);OAT;;2020-10-06;2020-10-07;2023-10-07;36;;30000;39400.0000;33000.0000;CI0000003885;5.7500;9925.0000;;9930.4700;;6.0100;In Fine;;réalisée;https://www.umoatitres.org/fr/emission/emission-simultanee-dobligations-assimilables-du-tresor-de-la-cote-divoire-du-06-10-2020/
Bénin;ES (Titre 2);OAT;;2020-10-08;2020-10-09;2027-10-09;84;;20000;48272.3600;21761.0000;BJ0000001509;6.4000;10000.0000;;10000.6200;;6.4000;In Fine;;réalisée;https://www.umoatitres.org/fr/emission/emission-simultanee-dobligations-assimilables-du-tresor-du-benin-du-08-10-2020/
Burkina Faso;;BAT;;2020-10-07;2020-10-08;2021-10-06;12;;25000;97609.0000;27500.0000;BF0000001644;multiple;;4.5000;;4.4700;4.6800;In Fine;;réalisée;https://www.umoatitres.org/fr/emission/emission-de-bons-assimilables-du-tresor-du-burkina-faso-du-07-10-2020/
Côte d'Ivoire;;BAT;;2020-09-14;2020-09-15;2020-12-14;3;;30000;43600.0000;33000.0000;CI0000003810;multiple;;3.0000;;3.0000;3.0200;In Fine;;réalisée;https://www.umoatitres.org/fr/emission/emission-simultanee-de-bons-assimilables-du-tresor-de-cote-divoire-du-14-09-2020/
Niger;;BAT;;2020-08-27;2020-08-28;2021-08-26;12;;25000;64904.0000;27500.0000;NE0000001104;multiple;;4.9883;;4.8762;5.1300;In Fine;;réalisée;https://www.umoatitres.org/fr/emission/bons-assimilables-du-tresor-du-niger-du-27-08-2020/
Côte d'Ivoire;;BAT;Bons COVID-19;2020-08-10;2020-08-11;2020-11-09;3;;100000;182500.0000;100000.0000;CI0000003760;multiple;;2.3900;;2.2176;2.2300;In Fine;;réalisée;https://www.umoatitres.org/fr/emission/bons-covid-19-du-tresor-de-la-cote-divoire-du-10-08-2020/
Côte d'Ivoire;;BAT;Bons Covid-19;2020-08-03;2020-08-04;2020-11-02;3;;200000;326000.0000;200000.0000;CI0000003729;multiple;;2.3980;;2.2747;2.2900;In Fine;;réalisée;https://www.umoatitres.org/fr/emission/bons-covid-19-du-tresor-de-la-cote-divoire-du-03-08-2020/
Côte d'Ivoire;ES (Titre 1);BAT;;2020-08-04;2020-08-05;2020-11-03;3;;55000;46619.0000;40399.0000;CI0000003745;multiple;;3.4500;;3.1644;3.1900;In Fine;;réalisée;https://www.umoatitres.org/fr/emission/emission-simultanee-dobligations-assimilables-du-tresor-de-cote-divoire-du-04-08-2020/
Côte d'Ivoire;ES (Titre 2);OAT;;2020-08-04;2020-08-05;2023-08-05;36;;55000;23601.0000;20101.0000;CI0000003752;5.7500;9900.0000;;9902.5248;;6.1200;In Fine;;réalisée;https://www.umoatitres.org/fr/emission/emission-simultanee-dobligations-assimilables-du-tresor-de-cote-divoire-du-04-08-2020/
Bénin;;BAT;Bons COVID-19;2020-07-30;2020-08-06;2020-11-04;3;;133000;368800.0000;133000.0000;BJ0000001426;multiple;;2.2489;;2.2081;2.2200;In Fine;;réalisée;https://www.umoatitres.org/fr/emission/bons-covid-19-du-tresor-du-benin-du-30-07-2020/
Niger;;BAT;Bons COVID-19;2020-08-11;2020-08-12;2020-11-10;3;;100000;146500.0000;110000.0000;NE0000001096;multiple;;2.3900;;2.3107;2.3200;In Fine;;réalisée;https://www.umoatitres.org/fr/emission/bons-covid-19-du-tresor-du-niger-du-11-08-2020/
Togo;;BAT;Bons Covid-19;2020-08-13;2020-08-14;2020-11-12;3;;70000;160900.0000;70000.0000;TG0000001411;multiple;;2.2943;;2.2506;2.2600;In Fine;;réalisée;https://www.umoatitres.org/fr/emission/bons-covid-19-du-tresor-du-togo-du-13-08-2020/
Guinée Bissau;;BAT;Bons Covid-19;2020-08-06;2020-08-07;2020-11-05;3;;10000;20200.0000;10000.0000;GW0000000350;multiple;;2.3075;;2.2381;2.2500;In Fine;;réalisée;https://www.umoatitres.org/fr/emission/bons-covid-19-du-tresor-du-guinee-bissau-du-06-08-2020/
Mali;;BAT;Bons Covid-19;2020-08-04;2020-08-05;2020-11-03;3;;55000;190600.0000;55000.0000;ML0000001478;multiple;;2.2375;;2.1891;2.2000;In Fine;;réalisée;https://www.umoatitres.org/fr/emission/bons-covid-19-du-tresor-du-mali-du-04-08-2020/
Burkina Faso;;BAT;Bons COVID-19;2020-07-29;2020-08-03;2020-11-01;3;;50000;219500.0000;50000.0000;BF0000001594;multiple;;2.3300;;2.2501;2.2600;In Fine;;réalisée;https://www.umoatitres.org/fr/emission/bons-assimilables-du-tresor-du-burkina-du-29-07-2020/
Sénégal;;BAT;Bons COVID-19;2020-07-28;2020-07-29;2020-10-27;3;;103130;400500.0000;103130.0000;SN0000001405;multiple;;2.4984;;2.4558;2.4700;In Fine;;réalisée;https://www.umoatitres.org/fr/emission/bons-assimilables-du-tresor-du-senegal-du-28-07-2020/
Côte d'Ivoire;ES (Titre 2);OAT;;2020-09-29;2020-09-30;2023-09-30;36;;55000;68909.1400;45350.0000;CI0000003869;5.7500;9900.0000;;9918.1700;;6.0600;In Fine;;réalisée;https://www.umoatitres.org/fr/emission/emission-simultanee-de-bons-et-obligations-assimilables-du-tresor-de-cote-divoire-du-29-09-2020/
Côte d'Ivoire;ES (Titre 3);OAT;;2020-09-29;2020-09-30;2025-09-30;60;;55000;16150.0000;15150.0000;CI0000003877;5.8500;9850.0000;;9862.2600;;6.1800;In Fine;;réalisée;https://www.umoatitres.org/fr/emission/emission-simultanee-de-bons-et-obligations-assimilables-du-tresor-de-cote-divoire-du-29-09-2020/
Togo;;OAT;;2020-09-25;2020-09-28;2025-08-24;60;;25000;71199.0600;27500.0000;TG0000001452;6.4000;10000.0600;;10003.8000;;6.3900;In Fine;;réalisée;https://www.umoatitres.org/fr/emission/obligations-assimilables-du-tresor-du-togo-du-25-09-2020/
Côte d'Ivoire;;BAT;;2020-09-18;2020-09-21;2020-12-20;3;;25000;60099.0000;27500.0000;CI0000003828;multiple;;3.0000;;2.9633;2.9900;In Fine;;réalisée;https://www.umoatitres.org/fr/emission/bons-assimilables-du-tresor-de-cote-divoire-du-18-09-2020/
Niger;;BAT;;2020-09-17;2020-09-18;2021-03-18;6;;20000;40632.0000;22000.0000;NE0000001120;multiple;;4.4800;;4.1955;4.2900;In Fine;;réalisée;https://www.umoatitres.org/fr/emission/bons-assimilables-du-tresor-du-niger-du-17-09-2020/
Burkina Faso;;BAT;;2020-09-16;2020-09-17;2021-09-15;12;;25000;82181.0000;27500.0000;BF0000001636;multiple;;4.7499;;4.6242;4.8500;In Fine;;réalisée;https://www.umoatitres.org/fr/emission/bons-assimilables-du-tresor-du-burkina-du-16-09-2020/
Guinée Bissau;ES (Titre 1);OAT;;2020-09-15;2020-09-16;2023-09-16;36;;10000;19987.8800;4750.0000;GW0000000360;6.2500;10005.0000;;10005.5300;;6.2300;In Fine;;réalisée;https://www.umoatitres.org/fr/emission/emission-simultanee-dobligations-assimilables-du-tresor-de-guinee-bissau-du-15-09-2020/
Guinée Bissau;ES (Titre 2);OAT;;2020-09-15;2020-09-16;2025-09-16;60;;10000;21999.2800;6250.0000;GW0000000378;6.5000;10000.0000;;10000.0200;;6.5000;In Fine;;réalisée;https://www.umoatitres.org/fr/emission/emission-simultanee-dobligations-assimilables-du-tresor-de-guinee-bissau-du-15-09-2020/
Togo;;OAT;;2020-09-11;2020-09-14;2023-08-24;36;;25000;69503.0700;27500.0000;TG0000001445;6.1500;10000.0000;;10000.6400;;6.1500;In Fine;;réalisée;https://www.umoatitres.org/fr/emission/obligations-assimilables-du-tresor-du-togo-du-11-09-2020/
Bénin;ES (Titre 1);OAT;;2020-09-10;2020-09-11;2025-07-03;60;;25000;38469.8500;7571.7000;BJ0000001400;6.0000;9951.0000;;9952.2500;;6.1100;In Fine;;réalisée;https://www.umoatitres.org/fr/emission/emission-simultanee-dobligations-assimilables-du-tresor-du-benin-du-10-09-2020/
Bénin;ES (Titre 2);OAT;;2020-09-10;2020-09-11;2027-05-26;84;;25000;39335.2900;19928.3000;BJ0000001384;6.4000;9900.0000;;9944.7900;;6.5000;In Fine;;réalisée;https://www.umoatitres.org/fr/emission/emission-simultanee-dobligations-assimilables-du-tresor-du-benin-du-10-09-2020/
Côte d'Ivoire;ES (Titre 2);OAT;;2020-09-08;2020-09-09;2023-08-05;36;;60000;44265.0000;34700.0000;CI0000003752;5.7500;9900.0000;;9902.5900;;6.1200;In Fine;;réalisée;https://www.umoatitres.org/fr/emission/emission-simultanee-de-bons-et-obligations-assimilables-du-tresor-de-cote-divoire-du-08-09-2020/
Côte d'Ivoire;ES (Titre 3);OAT;;2020-09-08;2020-09-09;2025-06-03;60;;60000;40705.0000;31300.0000;CI0000003539;5.8500;9900.0000;;9971.9300;;5.9100;In Fine;;réalisée;https://www.umoatitres.org/fr/emission/emission-simultanee-de-bons-et-obligations-assimilables-du-tresor-de-cote-divoire-du-08-09-2020/
Niger;;BAT;;2020-09-03;2020-09-04;2021-09-02;12;;20000;51993.0000;22000.0000;NE0000001112;multiple;;4.8757;;4.7923;5.0400;In Fine;;réalisée;https://www.umoatitres.org/fr/emission/bons-assimilables-du-tresor-du-niger-du-03-09-2020/
Burkina Faso;;OAT;;2020-09-01;2020-09-02;2023-09-02;36;;20000;88366.4100;22000.0000;BF0000001628;6.1500;9975.0000;;9986.5700;;6.2000;In Fine;;réalisée;https://www.umoatitres.org/fr/emission/obligations-assimilables-du-tresor-du-burkina-du-01-09-2020/
Côte d'Ivoire;ES (Titre 1);BAT;;2020-08-25;2020-08-26;2020-11-24;3;;50000;25100.0000;8300.0000;CI0000003786;multiple;;3.3800;;3.3316;3.3600;In Fine;;réalisée;https://www.umoatitres.org/fr/emission/emission-simultanee-de-bons-assimilables-du-tresor-de-cote-divoire-du-25-08-2020/
Côte d'Ivoire;ES (Titre 2);BAT;;2020-08-25;2020-08-26;2021-08-24;12;;50000;50300.0000;46700.0000;CI0000003794;multiple;;4.9500;;4.8658;5.1200;In Fine;;réalisée;https://www.umoatitres.org/fr/emission/emission-simultanee-de-bons-assimilables-du-tresor-de-cote-divoire-du-25-08-2020/
Togo;ES (Titre 1);OAT;;2020-08-21;2020-08-24;2023-08-24;36;;30000;50614.8900;12457.5400;TG0000001445;6.1500;9920.7000;;9972.2900;;6.2500;In Fine;;réalisée;https://www.umoatitres.org/fr/emission/emission-simultanee-dobligations-assimilables-du-tresor-du-togo-du-21-08-2020/
Togo;ES (Titre 2);OAT;;2020-08-21;2020-08-24;2025-08-24;60;;30000;26037.4600;20542.4600;TG0000001452;6.4000;9900.0000;;9957.2300;;6.5000;In Fine;;réalisée;https://www.umoatitres.org/fr/emission/emission-simultanee-dobligations-assimilables-du-tresor-du-togo-du-21-08-2020/
Bénin;;OAT;;2020-08-20;2020-08-21;2023-08-07;36;;20000;39205.0000;20000.0000;BJ0000001434;5.9000;9900.0000;;9935.8000;;6.1400;In Fine;;réalisée;https://www.umoatitres.org/fr/emission/obligations-assimilables-du-tresor-du-benin-du-20-08-2020/
Burkina Faso;;BAT;;2020-08-19;2020-08-20;2021-08-18;12;;25000;76814.0000;27500.0000;BF0000001610;multiple;;5.0074;;4.8360;5.0800;In Fine;;réalisée;https://www.umoatitres.org/fr/emission/bons-assimilables-du-tresor-du-burkina-du-19-08-2020/
Côte d'Ivoire;;BAT;;2020-08-17;2020-08-18;2020-11-16;3;;25000;39600.0000;27500.0000;CI0000003778;multiple;;3.4000;;3.2541;3.2800;In Fine;;réalisée;https://www.umoatitres.org/fr/emission/bons-assimilables-du-tresor-de-cote-divoire-du-17-08-2020/
Sénégal;;BAT;;2020-08-14;2020-08-17;2021-08-15;12;;50000;67148.0000;55000.0000;SN0000001413;multiple;;5.0495;;4.9173;5.1700;In Fine;;réalisée;https://www.umoatitres.org/fr/emission/bons-assimilables-du-tresor-du-senegal-du-14-08-2020/
Mali;;BAT;;2020-08-12;2020-08-13;2021-08-11;12;;30000;69591.0000;33000.0000;ML0000001486;multiple;;5.1000;;4.9639;5.2300;In Fine;;réalisée;https://www.umoatitres.org/fr/emission/bons-assimilables-du-tresor-du-mali-du-12-08-2020/
Burkina Faso;;OAT;;2020-08-11;2020-08-12;2023-08-12;36;;25000;59090.4800;27500.0000;BF0000001602;6.1500;9827.0000;;9872.6400;;6.6300;In Fine;;réalisée;https://www.umoatitres.org/fr/emission/obligations-assimilables-du-tresor-du-burkina-du-11-08-2020/
Togo;ES (Titre 1);OAT;;2020-08-10;2020-08-11;2023-08-11;36;;25000;28042.9300;24300.0000;TG0000001429;6.1500;9835.0000;;9886.7603;;6.5800;In Fine;;réalisée;https://www.umoatitres.org/fr/emission/emission-simultanee-dobligations-assimilables-du-tresor-du-togo-du-10-08-2020/
Togo;ES (Titre 2);OAT;;2020-08-10;2020-08-11;2025-08-11;60;;25000;8547.0000;3200.0000;TG0000001437;6.4000;9900.0000;;9931.1750;;6.5700;In Fine;;réalisée;https://www.umoatitres.org/fr/emission/emission-simultanee-dobligations-assimilables-du-tresor-du-togo-du-10-08-2020/
Bénin;;OAT;;2020-08-06;2020-08-07;2023-08-07;36;;30000;37706.4300;30000.0000;BJ0000001434;5.9000;9825.7000;;9872.6859;;6.3800;In Fine;;réalisée;https://www.umoatitres.org/fr/emission/obligations-assimilables-du-tresor-du-benin-du-06-08-2020/
Guinée Bissau;;OAT;;2020-07-28;2020-07-29;2023-07-29;36;;10000;11919.0500;10332.0500;GW0000000343;6.2500;9700.0000;;9761.8140;;7.1600;In Fine;;réalisée;https://www.umoatitres.org/fr/emission/obligations-assimilables-du-tresor-de-guinee-bissau-du-28-07-2020/
Côte d'Ivoire;;BAT;;2020-07-27;2020-07-28;2020-10-26;3;;30000;50523.0000;33000.0000;CI0000003687;multiple;;3.4500;;3.4500;3.4800;In Fine;;réalisée;https://www.umoatitres.org/fr/emission/bons-assimilables-du-tresor-de-cote-divoire-du-27-07-2020/
Sénégal;;OAT;;2020-07-24;2020-07-27;2025-07-27;60;;30000;34985.0000;33000.0000;SN0000001397;6.0000;9800.5600;;9848.7600;;6.3600;In Fine;;réalisée;https://www.umoatitres.org/fr/emission/obligations-assimilables-du-tresor-du-senegal-du-24-07-2020/
Mali;;OAT;;2020-07-22;2020-07-23;2025-07-23;60;;20000;25610.2800;21110.2800;ML0000001460;6.2500;9751.0000;;9803.1400;;6.7300;In Fine;;réalisée;https://www.umoatitres.org/fr/emission/obligations-assimilables-du-tresor-du-mali-du-22-07-2020/
Côte d'Ivoire;ES (Titre 1);OAT;;2020-07-21;2020-07-22;2023-07-22;36;;350000;144526.9000;144326.9000;CI0000003695;5.7500;9850.0000;;9854.9700;;6.3000;In Fine;;réalisée;https://www.umoatitres.org/fr/emission/emission-simultanee-dobligations-assimilables-du-tresor-de-cote-divoire-du-21-07-2020/
Côte d'Ivoire;ES (Titre 2);OAT;;2020-07-21;2020-07-22;2025-07-22;60;;350000;145155.8300;83423.9900;CI0000003703;5.8500;9850.0000;;9928.7900;;6.0200;In Fine;;réalisée;https://www.umoatitres.org/fr/emission/emission-simultanee-dobligations-assimilables-du-tresor-de-cote-divoire-du-21-07-2020/
Côte d'Ivoire;ES (Titre 3);OAT;;2020-07-21;2020-07-22;2027-07-22;84;;350000;15407.0700;15106.0300;CI0000003711;5.9500;9800.0000;;9826.0000;;6.2600;In Fine;;réalisée;https://www.umoatitres.org/fr/emission/emission-simultanee-dobligations-assimilables-du-tresor-de-cote-divoire-du-21-07-2020/
Burkina Faso;;BAT;;2020-07-15;2020-07-16;2021-07-14;12;;25000;48370.0000;27500.0000;BF0000001586;multiple;;5.2970;;5.0897;5.3700;In Fine;;réalisée;https://www.umoatitres.org/fr/emission/bons-assimilables-du-tresor-du-burkina-du-15-07-2020/
Côte d'Ivoire;ES (Titre 1);BAT;;2020-07-14;2020-07-15;2020-10-13;3;;50000;7010.0000;7009.0000;CI0000003661;multiple;;3.7000;;3.6385;3.6700;In Fine;;réalisée;https://www.umoatitres.org/fr/emission/emission-simultanee-de-bons-et-obligations-assimilables-du-tresor-de-cote-divoire-du-14-07-2020/
Côte d'Ivoire;ES (Titre 2);OAT;;2020-07-14;2020-07-15;2023-07-15;36;;50000;29600.0000;28100.0000;CI0000003679;5.7500;9900.0000;;9900.0000;;6.1200;In Fine;;réalisée;https://www.umoatitres.org/fr/emission/emission-simultanee-de-bons-et-obligations-assimilables-du-tresor-de-cote-divoire-du-14-07-2020/
Niger;;BAT;;2020-07-09;2020-07-10;2021-07-08;12;;25000;42000.0000;27500.0000;NE0000001070;multiple;;5.1501;;5.0218;5.2900;In Fine;;réalisée;https://www.umoatitres.org/fr/emission/bons-assimilables-du-tresor-du-niger-du-09-07-2020/
Burkina Faso;;OAT;;2020-07-06;2020-07-07;2023-07-07;36;;25000;35651.0400;25000.0000;BF0000001578;6.1500;9826.0000;;9866.7696;;6.6500;In Fine;;réalisée;https://www.umoatitres.org/fr/emission/obligations-assimilables-du-tresor-du-burkina-du-06-07-2020/
Togo;ES (Titre 1);OAT;;2020-07-10;2020-07-13;2023-07-13;36;;30000;40456.9000;31306.9000;TG0000001395;6.1500;9850.0000;;9903.6171;;6.5100;In Fine;;réalisée;https://www.umoatitres.org/fr/emission/emission-simultanee-dobligations-assimilables-du-tresor-du-togo-du-10-07-2020/
Togo;ES (Titre 2);OAT;;2020-07-10;2020-07-13;2025-07-13;60;;30000;26953.1000;1622.5000;TG0000001403;6.4000;9900.0000;;9930.8166;;6.5700;In Fine;;réalisée;https://www.umoatitres.org/fr/emission/emission-simultanee-dobligations-assimilables-du-tresor-du-togo-du-10-07-2020/
Mali;;OAT;;2020-07-08;2020-07-09;2023-07-09;36;;25000;32131.0300;26930.0000;ML0000001452;6.1000;9802.0000;;9870.6811;;6.5900;In Fine;;réalisée;https://www.umoatitres.org/fr/emission/obligations-assimilables-du-tresor-du-mali-du-08-07-2020/
Côte d'Ivoire;ES (Titre 1);BAT;;2020-07-07;2020-07-08;2020-10-06;3;;45000;15500.0000;10500.0000;CI0000003620;multiple;;3.7500;;3.6729;3.7100;In Fine;;réalisée;https://www.umoatitres.org/fr/emission/emission-simultanee-de-bons-assimilables-du-tresor-de-cote-divoire-du-07-07-2020/
Côte d'Ivoire;ES (Titre 2);BAT;;2020-07-07;2020-07-08;2021-07-06;12;;45000;26000.0000;25000.0000;CI0000003638;multiple;;4.9500;;4.9105;5.1700;In Fine;;réalisée;https://www.umoatitres.org/fr/emission/emission-simultanee-de-bons-assimilables-du-tresor-de-cote-divoire-du-07-07-2020/
Sénégal;;OAT;;2020-07-03;2020-07-06;2023-07-06;36;;35000;45081.0000;38500.0000;SN0000001389;5.8500;9915.0000;;9928.1817;;6.1200;In Fine;;réalisée;https://www.umoatitres.org/fr/emission/obligations-assimilables-du-tresor-du-senegal-du-03-07-2020/
Bénin;ES (Titre 1);OAT;;2020-07-02;2020-07-03;2023-07-03;36;;25000;16005.0000;15414.8800;BJ0000001392;5.9000;9800.0000;;9857.0689;;6.4400;In Fine;;réalisée;https://www.umoatitres.org/fr/emission/emission-simultanee-dobligations-assimilables-du-tresor-du-benin-du-02-07-2020/
Bénin;ES (Titre 2);OAT;;2020-07-02;2020-07-03;2025-07-03;60;;25000;10586.1600;10585.1200;BJ0000001400;6.0000;9705.0000;;9764.8948;;6.5700;In Fine;;réalisée;https://www.umoatitres.org/fr/emission/emission-simultanee-dobligations-assimilables-du-tresor-du-benin-du-02-07-2020/
Côte d'Ivoire;;BAT;;2016-11-24;2016-11-25;2017-11-23;12;;75000;97930.0000;82500.0000;CI0000002010;multiple;;4.7499;;4.5409;4.7594;In Fine;;réalisée;https://www.umoatitres.org/fr/emission/bons-assimilables-du-tresor-de-la-cote-divoire-du-24-11-2016/
Côte d'Ivoire;;BAT;;2016-10-21;2016-10-24;2016-11-20;1;;50000;90415.0000;50000.0000;CI0000001913;multiple;;3.7500;;3.4438;3.4530;In Fine;;réalisée;https://www.umoatitres.org/fr/emission/bons-assimilables-du-tresor-de-la-cote-divoire-du-21-10-2016/
Côte d'Ivoire;;BAT;;2016-07-29;2016-08-01;2016-10-30;3;;120000;157730.0000;120000.0000;CI0000001855;multiple;;3.2700;;3.2527;3.2797;In Fine;;réalisée;https://www.umoatitres.org/fr/emission/bons-assimilables-du-tresor-de-la-cote-divoire-du-29-07-2016/
Niger;;BAT;;2016-05-31;2016-06-01;2016-08-30;3;;15000;26796.0000;16500.0000;NE0000000312;multiple;;4.7000;;4.0473;4.0891;In Fine;;réalisée;https://www.umoatitres.org/fr/emission/bons-assimilables-du-tresor-du-niger-du-31-05-2016/
Côte d'Ivoire;;BAT;;2016-11-14;2016-11-16;2016-12-13;1;;50000;44395.0000;35895.0000;CI0000001947;multiple;;3.7500;;3.6347;3.6450;In Fine;;réalisée;https://www.umoatitres.org/fr/emission/bons-assimilables-du-tresor-de-la-cote-divoire-du-14-11-2016/
Sénégal;;BAT;;2016-09-09;2016-09-13;2016-12-12;3;;40000;70760.0000;40000.0000;SN0000000977;multiple;;3.9500;;3.5693;3.6018;In Fine;;réalisée;https://www.umoatitres.org/fr/emission/bons-assimilables-du-tresor-du-senegal-du-09-09-2016/
Mali;;BAT;;2016-07-13;2016-07-14;2017-07-12;12;;35000;55640.0000;38500.0000;ML0000000553;multiple;;5.2500;;5.0583;5.3310;In Fine;;réalisée;https://www.umoatitres.org/fr/emission/bons-assimilables-du-tresor-du-mali-du-13-07-2016/
Guinée Bissau;;BAT;;2016-04-28;2016-04-29;2016-10-27;6;;12000;23500.0000;13000.0000;GW0000000053;multiple;;4.9998;;4.6084;4.7183;In Fine;;réalisée;https://www.umoatitres.org/fr/emission/bons-assimilables-du-tresor-de-la-guinee-bissau-du-28-04-2016/
Niger;;BAT;;2016-04-14;2016-04-15;2016-10-13;6;;40000;45365.0000;44000.0000;NE0000000304;multiple;;5.5055;;5.0801;5.2140;In Fine;;réalisée;https://www.umoatitres.org/fr/emission/bons-assimilables-du-tresor-du-niger-du-14-04-2016/
Côte d'Ivoire;;BAT;;2016-12-20;2016-12-21;2018-12-18;24;;78000;58850.0000;57050.0000;CI0000002036;multiple;;5.5000;;5.4098;6.0743;In Fine;;réalisée;https://www.umoatitres.org/fr/emission/bons-assimilables-du-tresor-de-la-cote-divoire-du-20-12-2016/
Guinée Bissau;;BAT;;2016-10-25;2016-10-26;2018-10-23;24;;13000;17000.0000;14300.0000;GW0000000079;multiple;;6.2985;;5.9979;6.8258;In Fine;;réalisée;https://www.umoatitres.org/fr/emission/bons-assimilables-du-tresor-de-la-guinee-bissau-du-25-10-2016/
Niger;;BAT;;2016-10-06;2016-10-07;2018-10-04;24;;40000;34110.0000;34110.0000;NE0000000338;multiple;;6.5000;;6.0303;6.8678;In Fine;;réalisée;https://www.umoatitres.org/fr/emission/bons-assimilables-du-tresor-du-niger-du-06-10-2016/
Bénin;;BAT;;2016-07-19;2016-07-20;2017-07-18;12;;35000;40995.0000;35000.0000;BJ0000000691;multiple;;5.5000;;5.2854;5.5838;In Fine;;réalisée;https://www.umoatitres.org/fr/emission/bons-assimilables-du-tresor-du-benin-du-19-07-2016/
Sénégal;;BAT;;2016-05-18;2016-05-19;2016-08-17;3;;35000;65840.0000;36250.0000;SN0000000951;multiple;;4.2500;;4.1106;4.1538;In Fine;;réalisée;https://www.umoatitres.org/fr/emission/bons-assimilables-du-tresor-du-senegal-du-18-05-2016/
Sénégal;;BAT;;2016-04-19;2016-04-20;2017-04-18;12;;30000;83000.0000;33000.0000;SN0000000944;multiple;;4.6995;;4.4862;4.6994;In Fine;;réalisée;https://www.umoatitres.org/fr/emission/bons-assimilables-du-tresor-du-senegal-du-19-04-2016/
Bénin;;BAT;;2016-04-13;2016-04-14;2017-04-12;12;;30000;55930.0000;33000.0000;BJ0000000675;multiple;;5.5025;;5.4132;5.7266;In Fine;;réalisée;https://www.umoatitres.org/fr/emission/bons-assimilables-du-tresor-du-benin-du-13-04-2016/
Sénégal;;BAT;;2016-02-25;2016-02-26;2018-02-22;24;;30000;68088.0000;32508.0000;SN0000000928;multiple;;5.0000;;4.9053;5.4455;In Fine;;réalisée;https://www.umoatitres.org/fr/emission/bons-assimilables-du-tresor-du-senegal-du-25-02-2016/
Côte d'Ivoire;ES (Titre 1);OAT;;2020-06-02;2020-06-03;2023-06-03;36;;40000;22250.0000;22250.0000;CI0000003521;5.7500;9800.0000;;9877.8600;;6.2100;In Fine;;réalisée;https://www.umoatitres.org/fr/emission/emission-simultanee-dobligations-assimilables-du-tresor-de-cote-divoire-du-02-06-2020/
Côte d'Ivoire;ES (Titre 2);OAT;;2020-06-02;2020-06-03;2025-06-03;60;;40000;13000.0000;13000.0000;CI0000003539;5.8500;9850.0000;;9850.0000;;6.2100;In Fine;;réalisée;https://www.umoatitres.org/fr/emission/emission-simultanee-dobligations-assimilables-du-tresor-de-cote-divoire-du-02-06-2020/
Côte d'Ivoire;ES (Titre 3);OAT;;2020-06-02;2020-06-03;2027-06-03;84;;40000;7000.0000;7000.0000;CI0000003547;5.9500;9780.0000;;9780.0000;;6.3500;In Fine;;réalisée;https://www.umoatitres.org/fr/emission/emission-simultanee-dobligations-assimilables-du-tresor-de-cote-divoire-du-02-06-2020/
Sénégal;ES (Titre 1);OAT;;2020-05-29;2020-06-02;2023-06-02;36;;75000;56476.4000;28476.4000;SN0000001330;5.8500;9875.0000;;9942.4314;;6.0700;In Fine;;réalisée;https://www.umoatitres.org/fr/emission/emission-simultanee-dobligations-assimilables-du-tresor-du-senegal-du-29-05-2020/
Sénégal;ES (Titre 2);OAT;;2020-05-29;2020-06-02;2025-06-02;60;;75000;55427.0000;54023.6000;SN0000001348;6.0000;9800.1000;;9865.6222;;6.3200;In Fine;;réalisée;https://www.umoatitres.org/fr/emission/emission-simultanee-dobligations-assimilables-du-tresor-du-senegal-du-29-05-2020/
Sénégal;ES (Titre 1);OAT;;2020-06-12;2020-06-15;2023-06-15;36;;50000;35982.0000;24980.0000;SN0000001355;5.8500;9925.0000;;9952.4796;;6.0300;In Fine;;réalisée;https://www.umoatitres.org/fr/emission/emission-simultanee-de-bons-et-obligations-assimilables-du-tresor-du-senegal-du-12-juin-2020/
Sénégal;ES (Titre 2);OAT;;2020-06-12;2020-06-15;2025-06-15;60;;50000;30592.0000;30020.0000;SN0000001363;6.0000;9801.0000;;9873.8641;;6.3000;In Fine;;réalisée;https://www.umoatitres.org/fr/emission/emission-simultanee-de-bons-et-obligations-assimilables-du-tresor-du-senegal-du-12-juin-2020/
Guinée Bissau;;OAT;;2020-04-22;2020-04-23;2023-04-23;36;;10000;13342.1900;11000.0000;GW0000000319;6.2500;9700.0000;;9761.6900;;7.1600;In Fine;;réalisée;https://www.umoatitres.org/fr/emission/obligations-assimilables-du-tresor-de-la-guinee-bissau-du-22-04-2020/
Guinée Bissau;;OAT;;2019-06-11;2019-06-12;2022-06-12;36;;10000;14945.4100;11000.0000;GW0000000228;6.5000;9703.0000;;9820.2270;;7.1802;In Fine;;réalisée;https://www.umoatitres.org/fr/emission/obligations-assimilables-du-tresor-de-la-guinee-bissau-du-11-06-2019/
Guinée Bissau;;OAT;;2019-03-12;2019-03-13;2022-03-13;36;;6000;6899.4200;6566.4300;GW0000000202;6.5000;9601.0000;;9652.5069;;7.8367;In Fine;;réalisée;https://www.umoatitres.org/fr/emission/obligations-assimilables-du-tresor-de-la-guinee-bissau-du-12-03-2019/
Bénin;OS (Titre 1);BAT;;2017-09-21;2017-09-22;2018-09-20;12;;55000;8877.0000;8847.0000;BJ0000000873;multiple;;5.8999;;5.5836;5.9177;In Fine;10.0000;réalisée;https://www.umoatitres.org/fr/emission/obligation-synthetique-du-benin-du-21-09-2017/
Bénin;OS (Titre 2);OAT;;2017-09-21;2017-09-22;2020-09-22;36;;55000;4201.9000;2330.0400;BJ0000000881;6.0000;9795.0000;;9857.6244;;6.5322;In Fine;20.0000;réalisée;https://www.umoatitres.org/fr/emission/obligation-synthetique-du-benin-du-21-09-2017/
Bénin;OS (Titre 3);OAT;;2017-09-21;2017-09-22;2022-09-22;60;;55000;10238.5000;5238.5000;BJ0000000899;6.1500;9725.0000;;9788.2695;;6.6580;In Fine;35.0000;réalisée;https://www.umoatitres.org/fr/emission/obligation-synthetique-du-benin-du-21-09-2017/
Bénin;OS (Titre 4);OAT;;2017-09-21;2017-09-22;2024-09-22;84;;55000;11635.0000;8349.0000;BJ0000000907;6.3000;9700.0000;;9782.4290;;6.6944;In Fine;30.0000;réalisée;https://www.umoatitres.org/fr/emission/obligation-synthetique-du-benin-du-21-09-2017/
Bénin;OS (Titre 5);OAT;;2017-09-21;2017-09-22;2027-09-22;120;;55000;5916.0000;4415.5000;BJ0000000915;6.5000;9700.0000;;9779.9570;;6.8066;In Fine;5.0000;réalisée;https://www.umoatitres.org/fr/emission/obligation-synthetique-du-benin-du-21-09-2017/
Côte d'Ivoire;OS (Titre 1);OAT;;2017-09-12;2017-09-13;2020-09-13;36;;80000;39929.9100;37929.9100;CI0000002341;5.7000;9775.0000;;9912.4158;;6.0225;In Fine;10.0000;réalisée;https://www.umoatitres.org/fr/emission/obligation-synthetique-de-la-cote-divoire-du-12-09-2017/
Côte d'Ivoire;OS (Titre 2);OAT;;2017-09-12;2017-09-13;2022-09-13;60;;80000;10406.4800;9406.4800;CI0000002358;5.8500;9750.0000;;9828.0441;;6.2576;In Fine;30.0000;réalisée;https://www.umoatitres.org/fr/emission/obligation-synthetique-de-la-cote-divoire-du-12-09-2017/
Côte d'Ivoire;OS (Titre 3);OAT;;2017-09-12;2017-09-13;2024-09-13;84;;80000;12378.2600;5378.2600;CI0000002366;6.1000;9700.0000;;9899.9862;;6.2762;In Fine;40.0000;réalisée;https://www.umoatitres.org/fr/emission/obligation-synthetique-de-la-cote-divoire-du-12-09-2017/
Côte d'Ivoire;OS (Titre 4);OAT;;2017-09-12;2017-09-13;2027-09-13;120;;80000;9409.0000;2109.0000;CI0000002374;6.2000;9920.0000;;9924.1347;;6.3009;In Fine;20.0000;réalisée;https://www.umoatitres.org/fr/emission/obligation-synthetique-de-la-cote-divoire-du-12-09-2017/
Guinée Bissau;;BAT;;2020-04-07;2020-04-08;2021-04-06;12;;10000;10744.0000;10070.0000;GW0000000301;multiple;;5.7500;;5.4240;5.7400;In Fine;;réalisée;https://www.umoatitres.org/fr/emission/bons-assimilables-du-tresor-de-la-guinee-bissau-du-07-04-2020/
Guinée Bissau;;BAT;;2019-04-02;2019-04-03;2020-03-31;12;;8000;12841.0000;8800.0000;GW0000000210;multiple;;6.4450;;6.3445;6.7800;In Fine;;réalisée;https://www.umoatitres.org/fr/emission/bons-assimilables-du-tresor-de-la-guinee-bissau-du-02-04-2019/
Guinée Bissau;;BAT;;2019-02-05;2019-02-06;2020-02-04;12;;6000;4008.0000;4008.0000;GW0000000194;multiple;;6.6000;;6.4750;6.9300;In Fine;;réalisée;https://www.umoatitres.org/fr/emission/bons-assimilables-du-tresor-de-la-guinee-bissau-du-05-02-2019/
Burkina Faso;;OAT;;2014-12-30;2014-12-31;2019-12-31;60;1;30000;78380.1100;41676.0000;BF0000000406;6.2500;9900.0000;;9954.9600;;6.5091;Linéaire;;réalisée;https://www.umoatitres.org/fr/emission/obligations-assimilables-du-tresor-du-burkina-faso-du-30-12-2014/
Mali;;OAT;;2014-10-21;2014-10-22;2019-10-22;60;1;40000;44110.0000;44110.0000;ML0000000363;6.2500;9500.0000;;9857.0000;;6.7215;Linéaire;;réalisée;https://www.umoatitres.org/fr/emission/obligations-assimilables-du-tresor-du-mali-du-21-10-2014/
Niger;;OAT;;2014-08-21;2014-08-22;2019-08-22;60;1;30000;57191.7700;30000.0000;NE0000000213;6.2500;9930.0000;;9977.5400;;6.3175;Linéaire;;réalisée;https://www.umoatitres.org/fr/emission/obligations-assimilables-du-tresor-du-niger-du-21-08-2014/
Bénin;;OAT;;2015-08-27;2015-08-28;2020-07-31;60;1;40000;64936.0000;44000.0000;BJ0000000618;6.2500;10105.0000;;10119.9432;;5.8395;Linéaire;;réalisée;https://www.umoatitres.org/fr/emission/obligations-assimilables-du-tresor-du-benin-du-27-08-2015/
Côte d'Ivoire;;OAT;;2014-10-28;2014-10-29;2019-10-29;60;2;40000;43200.0000;43200.0000;CI0000001632;5.8000;10000.0000;;10000.0000;;5.8808;Linéaire;;réalisée;https://www.umoatitres.org/fr/emission/obligations-assimilables-du-tresor-de-la-cote-divoire-du-28-10-2014/
Sénégal;;OAT;;2014-05-07;2014-05-08;2017-05-07;36;;30000;48929.5800;30895.0000;SN0000000704;6.0000;9850.0000;;9913.8210;;6.4632;Linéaire;;réalisée;https://www.umoatitres.org/fr/emission/obligations-assimilables-du-tresor-du-senegal-du-07-05-2014/
Niger;;OAT;;2014-04-02;2014-04-03;2019-04-03;60;1;25000;74071.1871;63300.0000;NE0000000197;6.2500;9900.0000;;9970.8210;;6.3413;Linéaire;;réalisée;https://www.umoatitres.org/fr/emission/obligations-assimilables-du-tresor-du-niger-du-02-04-2014/
Bénin;;OAT;;2015-10-27;2015-10-28;2020-07-31;60;1;30000;63210.0400;33000.0000;BJ0000000618;6.2500;10106.0000;;10116.2829;;5.8271;Linéaire;;réalisée;https://www.umoatitres.org/fr/emission/obligations-assimilables-du-tresor-du-benin-du-27-10-2015/
Togo;;OAT;;2014-11-13;2014-11-14;2019-11-14;60;1;41000;39209.0000;39209.0000;TG0000000496;6.2500;9500.0000;;9824.0900;;6.8326;Linéaire;;réalisée;https://www.umoatitres.org/fr/emission/obligations-assimilables-du-tresor-du-togo-du-13-11-2014/
Côte d'Ivoire;;OAT;;2014-10-15;2014-10-16;2019-10-16;60;2;40000;65152.5200;57402.5200;CI0000001624;5.8000;10000.0000;;10000.0000;;5.8808;Linéaire;;réalisée;https://www.umoatitres.org/fr/emission/obligations-assimilables-du-tresor-de-la-cote-divoire-du-15-10-2014/
Togo;;OAT;;2014-07-17;2014-07-18;2019-07-18;60;1;35000;40304.1000;38000.0000;TG0000000462;6.5000;9700.0000;;9850.0781;;6.9976;Linéaire;;réalisée;https://www.umoatitres.org/fr/emission/obligations-assimilables-du-tresor-du-togo-du-17-07-2014/
Sénégal;;OAT;;2014-04-09;2014-04-10;2019-04-10;60;;35000;37166.0400;37166.0400;SN0000000696;6.2500;9750.0000;;9813.6803;;6.9427;Linéaire;;réalisée;https://www.umoatitres.org/fr/emission/obligations-assimilables-du-tresor-du-senegal-du-09-04-2014/
Côte d'Ivoire;;OAT;;2014-03-06;2014-03-07;2021-03-07;84;3;50000;29256.0000;29256.0000;CI0000001558;6.5000;9800.0000;;9842.0000;;6.9754;Linéaire;;réalisée;https://www.umoatitres.org/fr/emission/obligations-assimilables-du-tresor-de-la-cote-divoire-du-06-03-2014/
Bénin;;OAT;;2015-09-30;2015-10-01;2018-07-09;36;-;35000;36580.0000;36580.0000;BJ0000000600;5.5000;10000.0000;;10033.0262;;5.3541;In Fine;;réalisée;https://www.umoatitres.org/fr/emission/obligations-assimilables-du-tresor-du-benin-du-30-09-2015/
Togo;;OAT;;2014-09-04;2014-09-05;2019-09-05;60;1;30000;50039.2800;40000.0000;TG0000000470;6.5000;9780.0000;;9894.0000;;6.8489;Linéaire;;réalisée;https://www.umoatitres.org/fr/emission/obligations-assimilables-du-tresor-du-togo-du-04-09-2014/
Côte d'Ivoire;;OAT;;2014-07-14;2014-07-15;2017-07-15;36;1;40000;29200.0000;27200.0000;CI0000001608;6.0000;9800.0000;;9934.0000;;6.2873;Linéaire;;réalisée;https://www.umoatitres.org/fr/emission/obligations-assimilables-du-tresor-de-la-cote-divoire-du-14-07-2014/
Côte d'Ivoire;;OAT;;2014-04-28;2014-04-29;2022-04-29;96;4;100000;124641.0000;124000.0000;CI0000001582;6.5500;9850.0000;;9851.0000;;6.8379;Linéaire;;réalisée;https://www.umoatitres.org/fr/emission/obligations-assimilables-du-tresor-de-la-cote-divoire-du-28-04-2014/
Sénégal;;OAT;;2014-03-05;2014-03-06;2017-03-06;36;;35000;44057.2800;35000.0000;SN0000000688;6.0000;9750.0000;;9878.5425;;6.6570;Linéaire;;réalisée;https://www.umoatitres.org/fr/emission/obligations-assimilables-du-tresor-du-senegal-du-05-03-2014/
Côte d'Ivoire;;OAT;;2014-02-25;2014-02-26;2021-02-26;84;3;250000;265755.9600;241767.6700;CI0000001541;6.5000;9900.0000;;9903.0000;;6.8991;Linéaire;;réalisée;https://www.umoatitres.org/fr/emission/obligations-assimilables-du-tresor-de-la-cote-divoire-du-25-02-2014/
Côte d'Ivoire;;BAT;Bons COVID-19;2020-05-11;2020-05-12;2020-08-10;3;;175000;600271.0000;175000.0000;CI0000003463;multiple;;2.9994;;2.9265;2.9500;In Fine;;réalisée;https://www.umoatitres.org/fr/emission/bons-assimilables-du-tresor-de-la-cote-divoire-du-11-05-2020/
Niger;;BAT;Bons COVID-19;2020-05-12;2020-05-13;2020-08-11;3;;100000;416700.0000;110000.0000;NE0000001039;multiple;;2.8994;;2.8447;2.8700;In Fine;;réalisée;https://www.umoatitres.org/fr/emission/bons-assimilables-du-tresor-du-niger-du-12-05-2020/
Guinée Bissau;;BAT;Bons COVID-19;2020-05-07;2020-05-08;2020-08-06;3;;15000;52725.0000;15500.0000;GW0000000327;multiple;;3.0998;;3.0489;3.0700;In Fine;;réalisée;https://www.umoatitres.org/fr/emission/bons-assimilables-du-tresor-de-la-guinee-bissau-du-07-05-2020/
Bénin;;BAT;Bons COVID-19;2020-05-06;2020-05-07;2020-08-05;3;;130000;583212.0000;133000.0000;BJ0000001350;multiple;;3.1400;;3.1095;3.1300;In Fine;;réalisée;https://www.umoatitres.org/fr/emission/bons-assimilables-du-tresor-du-benin-du-06-05-2020/
Côte d'Ivoire;;BAT;Bons COVID-19;2020-05-04;2020-05-05;2020-08-03;3;;180000;611751.0000;180000.0000;CI0000003455;multiple;;3.3498;;3.2176;3.2400;In Fine;;réalisée;https://www.umoatitres.org/fr/emission/bons-assimilables-du-tresor-de-la-cote-divoire-du-04-05-2020/
Togo;;BAT;Bons COVID-19;2020-05-14;2020-05-15;2020-08-13;3;;108000;224000.0000;108000.0000;TG0000001379;multiple;;2.7943;;2.7574;2.7800;In Fine;;réalisée;https://www.umoatitres.org/fr/emission/bons-assimilables-du-tresor-du-togo-du-14-05-2020/
Mali;;BAT;;2020-05-05;2020-05-06;2020-08-04;3;;80000;391176.0000;88000.0000;ML0000001361;multiple;;3.2473;;3.1899;3.2200;In Fine;;réalisée;https://www.umoatitres.org/fr/emission/bons-assimilables-du-tresor-du-mali-du-05-05-2020/
Burkina Faso;;BAT;Bons COVID-19;2020-04-30;2020-05-04;2020-08-02;3;;76000;395183.0000;80000.0000;BF0000001495;multiple;;3.3499;;3.2654;3.2900;In Fine;;réalisée;https://www.umoatitres.org/fr/emission/bons-assimilables-du-tresor-du-burkina-faso-du-30-04-2020/
Sénégal;;BAT;Bons COVID-19;2020-04-28;2020-04-29;2020-07-28;3;;100000;426035.0000;103130.0000;SN0000001314;multiple;;3.4750;;3.3687;3.4000;In Fine;;réalisée;https://www.umoatitres.org/fr/emission/bons-assimilables-du-tresor-du-senegal-du-28-04-2020/
Côte d'Ivoire;;BAT;Bons COVID-19;2020-04-27;2020-04-28;2020-07-27;3;;180000;508880.0000;180000.0000;CI0000003448;multiple;;3.6199;;3.5208;3.5500;In Fine;;réalisée;https://www.umoatitres.org/fr/emission/bons-assimilables-du-tresor-de-la-cote-divoire-du-27-04-2020/
Burkina Faso;ES (Titre 1);OAT;;2020-06-29;2020-06-30;2023-02-13;36;;35000;34097.8000;12538.5100;BF0000001404;6.1500;9905.0000;;9975.0637;;6.2400;In Fine;;réalisée;https://www.umoatitres.org/fr/emission/emission-simultanee-du-burkina-faso-du-29-06-2020/
Burkina Faso;ES (Titre 2);OAT;;2020-06-29;2020-06-30;2025-04-09;60;;35000;26682.1400;25961.4900;BF0000001453;6.2500;9805.0000;;9845.1473;;6.6300;In Fine;;réalisée;https://www.umoatitres.org/fr/emission/emission-simultanee-du-burkina-faso-du-29-06-2020/
Mali;ES (Titre 2);OAT;;2020-06-24;2020-06-25;2023-06-25;36;;25000;40700.2700;27500.0000;ML0000001437;6.1000;9855.0000;;9889.7323;;6.5200;In Fine;;réalisée;https://www.umoatitres.org/fr/emission/emission-simultanee-du-mali-du-24-06-2020/
Mali;ES (Titre 1);OAT;;2020-06-10;2020-06-11;2023-06-11;36;;30000;20062.0300;17382.0300;ML0000001403;6.1000;9825.0000;;9869.8994;;6.5900;In Fine;;réalisée;https://www.umoatitres.org/fr/emission/emission-simultanee-du-mali-du-10-06-2020/
Mali;ES (Titre 2);OAT;;2020-06-10;2020-06-11;2025-06-11;60;;30000;15097.8600;8250.0000;ML0000001411;6.2500;9801.0000;;9844.0309;;6.6300;In Fine;;réalisée;https://www.umoatitres.org/fr/emission/emission-simultanee-du-mali-du-10-06-2020/
Mali;ES (Titre 3);OAT;;2020-06-10;2020-06-11;2027-06-11;84;;30000;11263.2100;6213.2100;ML0000001429;6.4000;9700.1000;;9868.2177;;6.6400;In Fine;;réalisée;https://www.umoatitres.org/fr/emission/emission-simultanee-du-mali-du-10-06-2020/
Côte d'Ivoire;ES (Titre 1);BAT;;2020-06-08;2020-06-09;2020-12-07;6;;60000;55002.0000;43300.0000;CI0000003562;multiple;;4.1500;;4.0291;4.1100;In Fine;;réalisée;https://www.umoatitres.org/fr/emission/emission-simultanee-de-la-cote-divoire-du-08-06-2020/
Côte d'Ivoire;ES (Titre 2);OAT;;2020-06-08;2020-06-09;2023-06-09;36;;60000;19200.0000;16700.0000;CI0000003570;5.7500;9900.0000;;9900.0000;;6.1200;In Fine;;réalisée;https://www.umoatitres.org/fr/emission/emission-simultanee-de-la-cote-divoire-du-08-06-2020/
Bénin;ES (Titre 1);OAT;;2020-06-04;2020-06-05;2023-05-26;36;;30000;25260.0000;14260.0000;BJ0000001368;5.9000;9805.8900;;9935.6061;;6.0800;In Fine;;réalisée;https://www.umoatitres.org/fr/emission/emission-simultanee-du-benin-du-04-06-2020/
Bénin;ES (Titre 3);OAT;;2020-06-04;2020-06-05;2027-05-26;84;;30000;14086.8100;13981.8100;BJ0000001384;6.4000;9750.0000;;9821.3509;;6.7000;In Fine;;réalisée;https://www.umoatitres.org/fr/emission/emission-simultanee-du-benin-du-04-06-2020/
Côte d'Ivoire;;BAT;;2020-06-30;2020-07-01;2021-06-29;12;;30000;38100.0000;33000.0000;CI0000003612;multiple;;4.9500;;4.8311;5.0800;In Fine;;réalisée;https://www.umoatitres.org/fr/emission/bons-assimilables-du-tresor-de-la-cote-divoire-du-30-06-2020/
Niger;;BAT;;2020-06-25;2020-06-26;2021-06-24;12;;25000;27505.0000;26500.0000;NE0000001062;multiple;;5.1999;;4.9899;5.2500;In Fine;;réalisée;https://www.umoatitres.org/fr/emission/bons-assimilables-du-tresor-du-niger-du-25-06-2020/
Côte d'Ivoire;;BAT;;2020-06-19;2020-06-22;2020-09-20;3;;25000;39000.0000;27500.0000;CI0000003604;multiple;;3.5200;;3.4927;3.5200;In Fine;;réalisée;https://www.umoatitres.org/fr/emission/bons-assimilables-du-tresor-de-la-cote-divoire-du-19-06-2020/
Burkina Faso;;BAT;;2020-06-17;2020-06-18;2020-12-16;6;;25000;51657.0000;27500.0000;BF0000001545;multiple;;5.1900;;4.9648;5.0900;In Fine;;réalisée;https://www.umoatitres.org/fr/emission/bons-assimilables-du-tresor-du-burkina-faso-du-17-06-2020/
Togo;;BAT;;2020-06-05;2020-06-08;2021-06-06;12;;20000;26318.0000;21818.0000;TG0000001387;multiple;;5.2000;;4.8530;5.1000;In Fine;;réalisée;https://www.umoatitres.org/fr/emission/bons-assimilables-du-tresor-du-togo-du-05-06-2020/
Niger;;BAT;;2020-06-11;2020-06-12;2021-06-10;12;;25000;37790.0000;27500.0000;NE0000001054;multiple;;5.2427;;5.0855;5.3600;In Fine;;réalisée;https://www.umoatitres.org/fr/emission/bons-assimilables-du-tresor-du-niger-du-11-06-2020/
Guinée Bissau;;BAT;;2020-06-09;2020-06-10;2020-12-08;6;;5000;8680.0000;5500.0000;GW0000000335;multiple;;5.1998;;4.9964;5.1300;In Fine;;réalisée;https://www.umoatitres.org/fr/emission/bons-assimilables-du-tresor-de-la-guinee-bissau-du-09-06-2020/
Burkina Faso;;BAT;;2020-06-03;2020-06-04;2021-06-02;12;;25000;89282.0000;27500.0000;BF0000001529;multiple;;4.6555;;4.5031;4.7200;In Fine;;réalisée;https://www.umoatitres.org/fr/emission/bons-assimilables-du-tresor-du-burkina-faso-du-03-06-2020/
Côte d'Ivoire;;BAT;;2020-06-02;2020-06-03;2020-09-01;3;;30000;68818.0000;30000.0000;CI0000003554;multiple;;3.7500;;3.7222;3.7600;In Fine;;réalisée;https://www.umoatitres.org/fr/emission/bons-assimilables-du-tresor-de-la-cote-divoire-du-02-06-2020/
Niger;;OAT;;2020-05-28;2020-05-29;2023-05-29;36;;30000;29688.3500;28188.3500;NE0000001047;6.1500;9700.0100;;9858.1941;;6.6900;In Fine;;réalisée;https://www.umoatitres.org/fr/emission/obligation-assimilables-du-tresor-du-niger-du-28-05-2020/
Mali;;BAT;;2020-05-27;2020-05-28;2021-05-26;12;;30000;34209.0000;30981.0000;ML0000001395;multiple;;5.1000;;4.7131;4.9500;In Fine;;réalisée;https://www.umoatitres.org/fr/emission/bons-assimilables-du-tresor-du-mali-du-27-05-2020/
Niger;;OAT;;2020-04-24;2020-04-27;2025-04-27;60;;20000;24538.0000;21775.0000;NE0000001021;6.2500;9750.0000;;9872.3200;;6.5600;In Fine;;réalisée;https://www.umoatitres.org/fr/emission/obligation-assimilables-du-tresor-du-niger-du-24-04-2020/
Niger;;OAT;;2020-03-12;2020-03-13;2023-03-13;36;;20000;43033.0000;22000.0000;NE0000001005;6.1500;9987.0000;;9999.7000;;6.1500;In Fine;;réalisée;https://www.umoatitres.org/fr/emission/obligations-assimilables-du-tresor-du-niger-du-12-03-2020/
Côte d'Ivoire;;OAT;;2020-03-03;2020-03-04;2025-03-04;60;;35000;38500.0000;37500.0000;CI0000003257;5.8500;9850.0000;;9861.2300;;6.1800;In Fine;;réalisée;https://www.umoatitres.org/fr/emission/obligations-assimilables-du-tresor-de-la-cote-divoire-du-03-03-2020/
Mali;;OAT;;2020-02-19;2020-02-20;2023-02-20;36;;30000;38400.8000;33000.0000;ML0000001296;6.1000;10000.0000;;10001.8500;;6.0900;In Fine;;réalisée;https://www.umoatitres.org/fr/emission/obligations-assimilables-du-tresor-du-mali-du-19-02-2020/
Burkina Faso;;OAT;;2020-02-12;2020-02-13;2023-02-13;36;;20000;96745.7000;22000.0000;BF0000001404;6.1500;10005.2700;;10039.1800;;6.0000;In Fine;;réalisée;https://www.umoatitres.org/fr/emission/obligations-assimilables-du-tresor-du-burkina-faso-du-12-02-2020/
Togo;;OAT;;2020-01-31;2020-02-03;2023-02-03;36;;25000;74052.5000;27500.0000;TG0000001320;6.1500;10000.0000;;10010.8300;;6.1100;In Fine;;réalisée;https://www.umoatitres.org/fr/emission/obligations-assimilables-du-tresor-du-togo-du-31-01-2020/
Togo;;OAT;;2020-02-28;2020-03-02;2025-03-02;60;;25000;56185.6100;27500.0000;TG0000001338;6.4000;10000.0000;;10013.9200;;6.3700;In Fine;;réalisée;https://www.umoatitres.org/fr/emission/obligations-assimilables-du-tresor-du-togo-du-28-02-2020/
Togo;;OAT;;2020-02-14;2020-02-17;2023-02-03;36;;25000;52838.0000;27500.0000;TG0000001320;6.1500;10000.0000;;10003.9400;;6.1400;In Fine;;réalisée;https://www.umoatitres.org/fr/emission/obligations-assimilables-du-tresor-du-togo-du-14-02-2020/
Bénin;;OAT;;2020-02-06;2020-02-07;2025-02-07;60;;35000;61104.0000;38500.0000;BJ0000001293;6.0000;9825.0000;;9894.5500;;6.2500;In Fine;;réalisée;https://www.umoatitres.org/fr/emission/obligations-assimilables-du-tresor-du-benin-du-06-02-2020/
Burkina Faso;;OAT;;2020-01-22;2020-01-23;2023-01-23;36;;20000;110169.8100;22000.0000;BF0000001396;6.1500;10045.9900;;10075.6800;;5.8700;In Fine;;réalisée;https://www.umoatitres.org/fr/emission/obligations-assimilables-du-tresor-du-burkina-faso-du-22-01-2020/
Mali;;OAT;;2019-11-21;2019-11-22;2022-11-22;36;;20000;71340.6700;22000.0000;ML0000001254;6.1500;10005.0100;;10009.7000;;6.1100;In Fine;;réalisée;https://www.umoatitres.org/fr/emission/obligations-assimilables-du-tresor-du-mali-du-21-11-2019/
Togo;;OAT;;2019-10-04;2019-10-07;2022-10-07;36;;20000;47340.8800;22000.0000;TG0000001296;6.2500;9925.0000;;9960.1500;;6.4000;In Fine;;réalisée;https://www.umoatitres.org/fr/emission/obligations-assimilables-du-tresor-du-togo-du-04-10-2019/
Niger;;OAT;;2020-02-13;2020-02-14;2027-02-14;84;;15000;31490.5900;16500.0000;NE0000000999;6.5000;9875.0000;;9967.9000;;6.5600;In Fine;;réalisée;https://www.umoatitres.org/fr/emission/obligations-assimilables-du-tresor-du-niger-du-13-02-2020/
Mali;;OAT;;2020-02-05;2020-02-06;2023-02-06;36;;25000;41896.3500;27500.0000;ML0000001288;6.1000;10000.0000;;10002.9400;;6.0900;In Fine;;réalisée;https://www.umoatitres.org/fr/emission/obligations-assimilables-du-tresor-du-mali-du-05-02-2020/
Bénin;;OAT;;2020-01-23;2020-01-24;2023-01-24;36;;35000;51206.4000;38500.0000;BJ0000001285;5.9000;9905.0000;;9991.4400;;5.9300;In Fine;;réalisée;https://www.umoatitres.org/fr/emission/obligations-assimilables-du-tresor-du-benin-du-23-01-2020/
Sénégal;;OAT;;2020-01-10;2020-01-13;2023-01-13;36;;35000;74509.1800;38500.0000;SN0000001231;5.8500;10000.0000;;10004.1400;;5.8300;In Fine;;réalisée;https://www.umoatitres.org/fr/emission/obligations-assimilables-du-tresor-du-senegal-du-10-01-2020/
Mali;;OAT;;2019-10-23;2019-10-24;2024-10-24;60;;15000;75441.0600;16500.0000;ML0000001247;6.4000;10000.0000;;10000.0300;;6.4000;In Fine;;réalisée;https://www.umoatitres.org/fr/emission/obligations-assimilables-du-tresor-du-mali-du-23-10-2019/
Mali;;OAT;;2019-09-25;2019-09-26;2022-09-26;36;;20000;50796.7200;22000.0000;ML0000001213;6.1500;10000.0000;;10000.0000;;6.1500;In Fine;;réalisée;https://www.umoatitres.org/fr/emission/obligations-assimilables-du-tresor-du-mali-du-25-09-2019/
Mali;;OAT;;2019-09-11;2019-09-12;2024-09-12;60;3;20000;48744.8100;22000.0000;ML0000001221;6.4000;9850.0500;;9898.3100;;6.6600;Linéaire;;réalisée;https://www.umoatitres.org/fr/emission/obligations-assimilables-du-tresor-du-mali-du-11-09-2019/
Togo;;OAT;;2019-09-06;2019-09-09;2024-09-09;60;;20000;48465.5900;22000.0000;TG0000001288;6.5000;9902.0000;;9947.2200;;6.6200;In Fine;;réalisée;https://www.umoatitres.org/fr/emission/obligations-assimilables-du-tresor-du-togo-du-06-09-2019/
Burkina Faso;;OAT;;2019-09-04;2019-09-05;2024-09-05;60;;20000;57990.3500;22000.0000;BF0000001339;6.2500;9900.0000;;9930.6900;;6.4100;In Fine;;réalisée;https://www.umoatitres.org/fr/emission/obligations-assimilables-du-tresor-du-burkina-faso-du-04-09-2019/
Mali;;OAT;;2019-08-28;2019-08-29;2022-08-29;36;;25000;70288.0500;27500.0000;ML0000001205;6.1500;9881.0000;;9912.8300;;6.4700;In Fine;;réalisée;https://www.umoatitres.org/fr/emission/obligations-assimilables-du-tresor-du-mali-du-28-08-2019/
Mali;;OAT;;2019-08-14;2019-08-16;2024-08-16;60;;20000;19245.9800;16745.9800;ML0000001189;6.4000;9600.0000;;9726.1600;;7.0600;In Fine;;réalisée;https://www.umoatitres.org/fr/emission/obligations-assimilables-du-tresor-du-mali-du-14-08-2019/
Togo;;OAT;;2019-08-09;2019-08-13;2022-07-15;36;;20000;29557.2900;22000.0000;TG0000001270;6.2500;9850.0000;;9918.5599;;6.5536;In Fine;;réalisée;https://www.umoatitres.org/fr/emission/obligations-assimilables-du-tresor-du-togo-du-09-08-2019/
Togo;;OAT;;2019-07-26;2019-07-29;2024-03-11;60;;20000;37525.4500;22000.0000;TG0000001197;6.5000;9900.0000;;9921.9640;;6.6826;In Fine;;réalisée;https://www.umoatitres.org/fr/emission/obligations-assimilables-du-tresor-du-togo-du-26-07-2019/
Burkina Faso;;OAT;;2019-07-10;2019-07-11;2022-07-11;36;;25000;49063.6900;27500.0000;BF0000001297;6.1500;9900.0000;;9939.4700;;6.3700;In Fine;;réalisée;https://www.umoatitres.org/fr/emission/obligations-assimilables-du-tresor-du-burkina-faso-du-10-07-2019/
Mali;;OAT;;2019-07-31;2019-08-01;2022-08-01;36;;20000;50621.1700;22000.0000;ML0000001171;6.1500;9875.1100;;9924.4915;;6.4500;In Fine;;réalisée;https://www.umoatitres.org/fr/emission/obligations-assimilables-du-tresor-du-mali-du-31-07-2019/
Togo;;OAT;;2019-07-12;2019-07-15;2022-07-15;36;;20000;43060.3500;22000.0000;TG0000001270;6.2500;9900.0000;;9927.3101;;6.5181;In Fine;;réalisée;https://www.umoatitres.org/fr/emission/obligations-assimilables-du-tresor-du-togo-du-12-07-2019/
Burkina Faso;;OAT;;2019-06-07;2019-06-11;2022-05-09;36;;20000;44435.8800;22000.0000;BF0000001248;6.1500;9951.0000;;9987.8024;;6.1855;In Fine;;réalisée;https://www.umoatitres.org/fr/emission/obligations-assimilables-du-tresor-du-burkina-faso-du-07-06-2019/
Mali;;OAT;;2019-05-29;2019-05-31;2024-05-31;60;;20000;32978.8800;22000.0000;ML0000001155;6.4000;9852.0000;;9877.9115;;6.6900;In Fine;;réalisée;https://www.umoatitres.org/fr/emission/obligations-assimilables-du-tresor-du-mali-du-29-05-2019/
Niger;;OAT;;2019-05-09;2019-05-10;2022-05-10;36;;20000;66340.6400;22000.0000;NE0000000825;6.1500;9980.0000;;9998.6512;;6.1500;In Fine;;réalisée;https://www.umoatitres.org/fr/emission/obligations-assimilables-du-tresor-du-niger-du-09-05-2019/
Mali;;OAT;;2019-04-10;2019-04-11;2022-04-11;36;;20000;74106.8300;22000.0000;ML0000001130;6.1500;9725.0000;;9748.0784;;7.1000;In Fine;;réalisée;https://www.umoatitres.org/fr/emission/obligations-assimilables-du-tresor-du-mali-du-10-04-2019/
Burkina Faso;;OAT;;2019-08-06;2019-08-07;2022-08-07;36;;20000;35762.9200;22000.0000;BF0000001313;6.1500;9902.0000;;9931.5727;;6.4000;In Fine;;réalisée;https://www.umoatitres.org/fr/emission/obligations-assimilables-du-tresor-du-burkina-faso-du-06-08-2019/
Côte d'Ivoire;;OAT;;2019-07-23;2019-07-24;2022-07-24;36;;25000;27002.0000;26202.0000;CI0000002986;5.7000;9800.0000;;9807.6763;;6.4200;In Fine;;réalisée;https://www.umoatitres.org/fr/emission/obligations-assimilables-du-tresor-de-la-cote-divoire-du-23-07-2019/
Togo;;OAT;;2019-06-28;2019-07-01;2022-06-03;36;;20000;40205.3000;22000.0000;TG0000001254;6.2500;9801.5100;;9901.8600;;6.6185;In Fine;;réalisée;https://www.umoatitres.org/fr/emission/obligations-assimilables-du-tresor-du-togo-du-28-06-2019/
Togo;;OAT;;2019-05-31;2019-06-03;2022-06-03;36;;15000;41788.8100;16500.0000;TG0000001254;6.2500;9907.0000;;9988.8156;;6.2900;In Fine;;réalisée;https://www.umoatitres.org/fr/emission/obligations-assimilables-du-tresor-du-togo-du-31-05-2019/
Togo;;OAT;;2019-05-17;2019-05-20;2024-03-11;60;;20000;62070.2900;22000.0000;TG0000001197;6.5000;9901.0000;;9947.6400;;6.6157;In Fine;;réalisée;https://www.umoatitres.org/fr/emission/obligations-assimilables-du-tresor-du-togo-du-17-05-2019/
Mali;;OAT;;2019-04-24;2019-04-25;2024-02-28;60;3;15000;57194.8400;16500.0000;ML0000001106;6.4000;9850.0000;;9873.7444;;6.7300;Linéaire;;réalisée;https://www.umoatitres.org/fr/emission/obligations-assimilables-du-tresor-du-mali-du-24-04-2019/
Togo;;OAT;;2019-04-05;2019-04-08;2022-03-11;36;;20000;77238.8400;22000.0000;TG0000001205;6.2500;9750.0000;;9760.5145;;7.1744;In Fine;;réalisée;https://www.umoatitres.org/fr/emission/obligations-assimilables-du-tresor-du-togo-du-05-04-2019/
Niger;;OAT;;2019-03-28;2019-03-29;2022-03-29;36;;20000;69324.7500;22000.0000;NE0000000809;6.1500;9653.0000;;9676.9050;;7.3825;In Fine;;réalisée;https://www.umoatitres.org/fr/emission/obligations-assimilables-du-tresor-du-niger-du-28-03-2019/
Mali;;OAT;;2019-03-27;2019-03-28;2022-03-28;36;;20000;52943.7000;22000.0000;ML0000001122;6.1500;9605.0000;;9666.9196;;7.4217;In Fine;;réalisée;https://www.umoatitres.org/fr/emission/obligations-assimilables-du-tresor-du-mali-du-27-03-2019/
Côte d'Ivoire;;OAT;;2019-03-19;2019-03-20;2024-03-20;60;2;30000;31500.0000;31500.0000;CI0000002788;5.8000;9500.0000;;9655.1114;;6.8100;Linéaire;;réalisée;https://www.umoatitres.org/fr/emission/obligations-assimilables-du-tresor-de-la-cote-divoire-du-19-03-2019/
Niger;;OAT;;2019-03-14;2019-03-15;2024-03-15;60;2;30000;42625.2300;33000.0000;NE0000000791;6.2500;9605.0000;;9763.9410;;6.9400;Linéaire;;réalisée;https://www.umoatitres.org/fr/emission/obligations-assimilables-du-tresor-du-niger-du-14-03-2019/
Bénin;;OAT;;2019-03-07;2019-03-08;2024-03-08;60;;15000;20319.9900;13319.9900;BJ0000001210;6.3000;9500.0000;;9714.8000;;6.9913;In Fine;;réalisée;https://www.umoatitres.org/fr/emission/obligations-assimilables-du-tresor-du-benin-du-07-03-2019/
Togo;;OAT;;2019-02-08;2019-02-11;2022-02-11;36;;20000;27846.7500;20000.0000;TG0000001189;6.2500;9550.0000;;9656.2884;;7.5700;In Fine;;réalisée;https://www.umoatitres.org/fr/emission/obligations-assimilables-du-tresor-du-togo-du-08-02-2019/
Bénin;;OAT;;2019-02-07;2019-02-08;2022-01-25;36;;20000;40082.5700;22000.0000;BJ0000001194;6.1000;9701.0000;;9766.4500;;6.9907;In Fine;;réalisée;https://www.umoatitres.org/fr/emission/obligations-assimilables-du-tresor-du-benin-du-07-02-2019/
Togo;;OAT;;2019-01-25;2019-01-28;2022-01-28;36;;20000;36093.7700;22000.0000;TG0000001171;6.2500;9651.6700;;9702.8318;;7.3800;In Fine;;réalisée;https://www.umoatitres.org/fr/emission/obligations-assimilables-du-tresor-du-togo-du-25-01-2019/
Bénin;;OAT;;2018-12-14;2018-12-17;2020-05-11;36;;25000;29391.0500;18991.0500;BJ0000000790;6.0000;9550.0000;;9604.8400;;9.0700;In Fine;;réalisée;https://www.umoatitres.org/fr/emission/obligations-assimilables-du-tresor-du-benin-du-14-12-2018/
Niger;;OAT;;2018-11-22;2018-11-23;2021-10-05;36;;30000;22868.6300;22868.6300;NE0000000718;6.2000;9505.0000;;9527.1700;;8.1000;In Fine;;réalisée;https://www.umoatitres.org/fr/emission/obligations-assimilables-du-tresor-du-niger-du-22-11-2018/
Guinée Bissau;;OAT;;2018-11-08;2018-11-09;2021-11-09;36;;5000;5653.9900;3327.3500;GW0000000178;6.5000;9600.2000;;9617.2465;;7.9800;In Fine;;réalisée;https://www.umoatitres.org/fr/emission/obligations-assimilables-du-tresor-de-la-guinee-bissau-du-08-11-2018/
Mali;;OAT;;2018-11-07;2018-11-08;2021-11-08;36;;25000;26625.0000;24625.0000;ML0000001049;6.1500;9650.0000;;9661.8497;;7.4400;In Fine;;réalisée;https://www.umoatitres.org/fr/emission/obligations-assimilables-du-tresor-du-mali-du-07-11-2018/
Niger;;OAT;;2018-10-30;2018-10-31;2023-10-31;60;3;30000;28303.9100;28303.9100;NE0000000742;6.2500;9500.0000;;9731.4778;;6.9600;Linéaire;;réalisée;https://www.umoatitres.org/fr/emission/obligations-assimilables-du-tresor-du-niger-du-30-10-2018/
Togo;;OAT;;2019-02-22;2019-02-25;2021-04-23;36;;15000;35678.7100;13000.0000;TG0000001064;6.2500;9661.0000;;9683.7100;;7.8800;In Fine;;réalisée;https://www.umoatitres.org/fr/emission/obligations-assimilables-du-tresor-du-togo-du-22-02-2019/
Mali;;OAT;;2019-01-30;2019-01-31;2022-01-31;36;;20000;14777.7200;14707.7200;ML0000001080;6.1500;9601.0000;;9667.5568;;7.4200;In Fine;;réalisée;https://www.umoatitres.org/fr/emission/obligations-assimilables-du-tresor-du-mali-du-30-01-2019/
Bénin;;OAT;;2019-01-24;2019-01-25;2022-01-25;36;;20000;47425.1100;22000.0000;BJ0000001194;6.1000;9700.0000;;9716.2300;;7.1829;In Fine;;réalisée;https://www.umoatitres.org/fr/emission/obligations-assimilables-du-tresor-du-benin-du-24-01-2019/
Bénin;;OAT;;2018-11-29;2018-11-30;2021-11-30;36;;15000;24036.2500;16500.0000;BJ0000001178;6.1000;9550.0000;;9676.3900;;7.3339;In Fine;;réalisée;https://www.umoatitres.org/fr/emission/obligations-assimilables-du-tresor-du-benin-du-29-11-2018/
Burkina Faso;;OAT;;2018-11-14;2018-11-15;2021-11-15;36;;30000;14354.2500;13689.2500;BF0000001099;6.1500;9600.0000;;9648.3492;;7.5000;In Fine;;réalisée;https://www.umoatitres.org/fr/emission/obligations-assimilables-du-tresor-du-burkina-faso-du-14-11-2018/
Bénin;;OAT;;2018-10-25;2018-10-26;2021-09-19;36;;15000;23462.2900;13322.2900;BJ0000001160;6.1000;9550.0000;;9682.6800;;7.3401;In Fine;;réalisée;https://www.umoatitres.org/fr/emission/obligations-assimilables-du-tresor-du-benin-du-25-10-2018/
Burkina Faso;;OAT;;2018-10-17;2018-10-18;2021-10-18;36;;20000;24892.8300;20000.0000;BF0000001073;6.1500;9500.0000;;9546.3900;;7.8997;In Fine;;réalisée;https://www.umoatitres.org/fr/emission/obligations-assimilables-du-tresor-du-burkina-faso-du-17-10-2018/
Bénin;;OAT;;2018-09-18;2018-09-19;2021-09-19;36;;15000;25718.9200;16500.0000;BJ0000001160;6.1000;9600.0000;;9711.8700;;7.1952;In Fine;;réalisée;https://www.umoatitres.org/fr/emission/obligations-assimilables-du-tresor-du-benin-du-18-09-2018/
Burkina Faso;;OAT;;2018-09-05;2018-09-06;2021-09-06;36;;25000;21189.6700;20589.6700;BF0000001040;6.1500;9600.0000;;9663.3500;;7.4362;In Fine;;réalisée;https://www.umoatitres.org/fr/emission/obligations-assimilables-du-tresor-du-burkina-faso-du-05-09-2018/
Togo;;OAT;;2018-08-31;2018-09-03;2021-09-03;36;;20000;29318.0000;21218.0000;TG0000001122;6.2500;9650.0000;;9656.3200;;7.5666;In Fine;;réalisée;https://www.umoatitres.org/fr/emission/obligations-assimilables-du-tresor-du-togo-du-31-08-2018/
Mali;;OAT;;2018-08-02;2018-08-03;2023-08-03;60;3;20000;22300.1700;22000.0000;ML0000000983;6.4000;9601.0000;;9642.8652;;7.3600;Linéaire;;réalisée;https://www.umoatitres.org/fr/emission/obligations-assimilables-du-tresor-du-mali-du-02-08-2018/
Togo;;OAT;;2018-06-08;2018-06-11;2021-06-11;36;;20000;14565.6000;14565.6000;TG0000001080;6.2500;9500.0000;;9587.6200;;7.8380;In Fine;;réalisée;https://www.umoatitres.org/fr/emission/obligations-assimilables-du-tresor-du-togo-du-08-06-2018/
Guinée Bissau;;OAT;;2018-08-28;2018-08-29;2021-08-29;36;;6000;6072.8700;6072.8700;GW0000000152;6.5000;9500.0000;;9621.0638;;7.9600;In Fine;;réalisée;https://www.umoatitres.org/fr/emission/obligations-assimilables-du-tresor-de-la-guinee-bissau-du-28-08-2018/
Mali;;OAT;;2018-07-18;2018-07-19;2021-07-19;36;;20000;25099.0000;22000.0000;ML0000000975;6.1500;9652.0000;;9676.2063;;7.3900;In Fine;;réalisée;https://www.umoatitres.org/fr/emission/obligations-assimilables-du-tresor-du-mali-du-18-07-2018/
Burkina Faso;;OAT;;2018-06-27;2018-06-28;2021-06-28;36;;20000;25261.3400;21389.1100;BF0000000943;6.1500;9600.0000;;9838.2100;;6.7575;In Fine;;réalisée;https://www.umoatitres.org/fr/emission/obligations-assimilables-du-tresor-du-burkina-faso-du-27-06-2018/
Mali;;OAT;;2018-05-09;2018-05-10;2020-11-20;36;;20000;32800.0000;22000.0000;ML0000000827;6.1500;9751.0000;;9775.4182;;7.1200;In Fine;;réalisée;https://www.umoatitres.org/fr/emission/obligations-assimilables-du-tresor-du-mali-du-09-05-2018/
Burkina Faso;;OAT;;2018-03-21;2018-03-22;2020-11-23;36;;25000;16512.5600;13512.5600;BF0000000810;6.0000;9525.0000;;9564.6500;;7.8385;In Fine;;réalisée;https://www.umoatitres.org/fr/emission/obligations-assimilables-du-tresor-du-burkina-faso-du-21-03-2018/
Mali;;OAT;;2018-02-28;2018-03-01;2025-03-01;84;2;30000;27900.2400;27000.0000;ML0000000884;6.2500;10000.0000;;10000.0000;;6.3400;Linéaire;;réalisée;https://www.umoatitres.org/fr/emission/obligations-assimilables-du-tresor-du-mali-du-28-02-2018/
Togo;;OAT;;2018-08-17;2018-08-20;2020-04-21;36;;20000;17096.7000;14451.7000;TG0000000785;6.0000;9700.0000;;9702.8300;;7.9200;In Fine;;réalisée;https://www.umoatitres.org/fr/emission/obligations-assimilables-du-tresor-du-togo-du-17-08-2018/
Burkina Faso;;OAT;;2018-07-11;2018-07-12;2021-07-12;36;;25000;26570.0000;23270.0000;BF0000000968;6.1500;9600.0000;;9629.0900;;7.5700;In Fine;;réalisée;https://www.umoatitres.org/fr/emission/obligations-assimilables-du-tresor-du-burkina-faso-du-11-07-2018/
Bénin;;OAT;;2018-05-24;2018-05-25;2021-03-16;36;;20000;9638.7000;9638.7000;BJ0000001004;6.0000;9505.0500;;9578.2600;;7.7050;In Fine;;réalisée;https://www.umoatitres.org/fr/emission/obligations-assimilables-du-tresor-du-benin-du-24-05-2018/
Togo;;OAT;;2018-04-20;2018-04-23;2021-04-23;36;;15000;17215.2500;15715.2500;TG0000001064;6.2500;9500.0000;;9661.1000;;7.5470;In Fine;;réalisée;https://www.umoatitres.org/fr/emission/obligations-assimilables-du-tresor-du-togo-du-20-04-2018/
Mali;;OAT;;2018-04-11;2018-04-12;2021-04-12;36;;20000;31583.3600;21307.2500;ML0000000918;6.2000;9610.0000;;9765.3433;;7.0900;In Fine;;réalisée;https://www.umoatitres.org/fr/emission/obligations-assimilables-du-tresor-du-mali-du-11-04-2018/
Togo;;OAT;;2018-03-30;2018-04-03;2023-04-03;60;2;20000;21718.1800;21604.5000;TG0000001049;6.5000;9600.0000;;9622.3800;;7.6300;Linéaire;;réalisée;https://www.umoatitres.org/fr/emission/obligations-assimilables-du-tresor-du-togo-du-30-03-2018/
Bénin;;OAT;;2018-02-15;2018-02-16;2021-02-02;36;;15000;10006.3200;6838.3200;BJ0000000998;6.0000;9600.0000;;9678.0500;;7.2260;In Fine;;réalisée;https://www.umoatitres.org/fr/emission/obligations-assimilables-du-tresor-du-benin-du-15-02-2018/
Niger;;OAT;;2018-02-08;2018-02-09;2020-10-16;36;;20000;5376.3900;5376.3900;NE0000000460;6.0000;9500.0000;;9654.0918;;7.4400;In Fine;;réalisée;https://www.umoatitres.org/fr/emission/obligations-assimilables-du-tresor-du-niger-du-08-02-2018/
Bénin;;OAT;;2018-02-01;2018-02-02;2021-02-02;36;;15000;6421.9900;5003.5700;BJ0000000998;6.0000;9685.0000;;9764.4900;;6.8900;In Fine;;réalisée;https://www.umoatitres.org/fr/emission/obligations-assimilables-du-tresor-du-benin-du-01-02-2018/
Togo;;OAT;;2018-01-26;2018-01-29;2021-01-29;36;;15000;16092.9400;16040.0100;TG0000001015;6.2500;9500.0000;;9626.0900;;7.6900;In Fine;;réalisée;https://www.umoatitres.org/fr/emission/obligations-assimilables-du-tresor-du-togo-du-26-01-2018/
Mali;;OAT;;2017-12-27;2017-12-28;2024-12-28;84;1;33000;30134.1100;29997.8000;ML0000000850;6.0000;10000.0000;;10000.0000;;6.0000;Linéaire;;réalisée;https://www.umoatitres.org/fr/emission/obligations-assimilables-du-tresor-du-mali-du-27-12-2017/
Burkina Faso;;OAT;;2017-12-13;2017-12-14;2020-11-23;36;;35000;16316.0000;15816.0000;BF0000000810;6.0000;9600.0000;;9665.8700;;7.2916;In Fine;;réalisée;https://www.umoatitres.org/fr/emission/obligations-assimilables-du-tresor-du-burkina-faso-du-13-12-2017/
Mali;;OAT;;2017-10-10;2017-10-11;2022-09-07;60;;15000;10727.7900;10686.4300;ML0000000793;6.1500;9700.0000;;9726.8447;;6.8100;In Fine;;réalisée;https://www.umoatitres.org/fr/emission/obligations-assimilables-du-tresor-du-mali-du-10-10-2017/
Burkina Faso;;OAT;;2017-10-05;2017-10-06;2020-09-29;36;;40000;28610.0000;21270.0000;BF0000000752;6.0000;9701.0000;;9723.9984;;7.0500;In Fine;;réalisée;https://www.umoatitres.org/fr/emission/obligations-assimilables-du-tresor-du-burkina-faso-du-05-10-2017/
Mali;;OAT;;2017-09-27;2017-09-28;2020-07-07;36;;15000;18901.0000;15058.0000;ML0000000751;6.0000;9700.0000;;9794.9695;;6.7700;In Fine;;réalisée;https://www.umoatitres.org/fr/emission/obligations-assimilables-du-tresor-du-mali-du-27-09-2017/
Niger;;OAT;;2017-09-15;2017-09-18;2020-09-18;36;;30000;37978.4200;33000.0000;NE0000000445;6.0000;9600.0000;;9753.8322;;6.9300;In Fine;;réalisée;https://www.umoatitres.org/fr/emission/obligations-assimilables-du-tresor-du-niger-du-15-09-2017/
Bénin;;OAT;;2017-10-18;2017-10-19;2020-09-22;36;;25000;20165.0000;14060.0000;BJ0000000881;6.0000;9705.0000;;9747.7639;;6.9710;In Fine;;réalisée;https://www.umoatitres.org/fr/emission/obligations-assimilables-du-tresor-du-benin-du-18-10-2017/
Guinée Bissau;;OAT;;2017-10-06;2017-10-09;2020-04-11;36;;5000;14668.2000;4505.4000;GW0000000111;6.5000;9857.0000;;9919.6431;;6.8000;In Fine;;réalisée;https://www.umoatitres.org/fr/emission/obligations-assimilables-du-tresor-de-la-guinee-bissau-du-06-10-2017/
Niger;;OAT;;2017-08-17;2017-08-18;2022-08-18;60;3;30000;25887.6900;25887.6900;NE0000000437;6.2500;9503.0000;;9637.8094;;7.2200;Linéaire;;réalisée;https://www.umoatitres.org/fr/emission/obligations-assimilables-du-tresor-du-niger-du-17-08-2017/
Bénin;;OAT;;2017-08-09;2017-08-10;2020-08-10;36;;25000;20134.0000;15634.0000;BJ0000000832;6.0000;9700.0000;;9816.5661;;6.6900;In Fine;;réalisée;https://www.umoatitres.org/fr/emission/obligations-assimilables-du-tresor-du-benin-du-09-08-2017/
Mali;;OAT;;2017-08-04;2017-08-07;2022-08-07;60;3;17000;20605.0000;14065.0000;ML0000000777;6.1500;9700.0000;;9811.6246;;6.6400;Linéaire;;réalisée;https://www.umoatitres.org/fr/emission/obligations-assimilables-du-tresor-du-mali-du-04-08-2017/
Bénin;;OAT;;2017-07-25;2017-07-26;2022-07-26;60;;60000;65430.7700;65430.7700;BJ0000000824;6.1500;9850.0000;;9850.0000;;6.5074;In Fine;;réalisée;https://www.umoatitres.org/fr/emission/obligations-assimilables-du-tresor-du-benin-du-25-07-2017/
Burkina Faso;;OAT;;2018-01-24;2018-01-25;2021-01-25;36;;20000;20013.0000;20013.0000;BF0000000851;6.0000;9550.0000;;9610.7100;;7.4902;In Fine;;réalisée;https://www.umoatitres.org/fr/emission/obligations-assimilables-du-tresor-du-burkina-faso-du-24-01-2018/
Côte d'Ivoire;;OAT;;2017-12-14;2017-12-15;2022-12-15;60;2;60000;30100.0000;30000.0000;CI0000002444;5.7500;9900.0000;;9900.0000;;6.1400;Linéaire;;réalisée;https://www.umoatitres.org/fr/emission/obligations-assimilables-du-tresor-de-la-cote-divoire-du-14-12-2017/
Mali;;OAT;;2017-11-17;2017-11-20;2020-11-20;36;;15000;15810.0000;13810.0000;ML0000000827;6.1500;9550.0000;;9621.9718;;7.6000;In Fine;;réalisée;https://www.umoatitres.org/fr/emission/obligations-assimilables-du-tresor-du-mali-du-17-11-2017/
Niger;;OAT;;2017-10-13;2017-10-16;2020-10-16;36;;20000;15751.6500;10000.0000;NE0000000460;6.0000;9600.0000;;9672.1283;;7.2500;In Fine;;réalisée;https://www.umoatitres.org/fr/emission/obligations-assimilables-du-tresor-du-niger-du-13-10-2017/
Mali;;OAT;;2017-09-06;2017-09-07;2022-09-07;60;;15000;22104.0000;16500.0000;ML0000000793;6.1500;9657.0000;;9770.8791;;6.7000;In Fine;;réalisée;https://www.umoatitres.org/fr/emission/obligations-assimilables-du-tresor-du-mali-du-06-09-2017/
Togo;;OAT;;2017-08-08;2017-08-09;2024-08-09;84;3;166000;182051.1500;181051.1500;TG0000000892;7.0000;9600.0000;;9981.9310;;7.0400;Linéaire;;réalisée;https://www.umoatitres.org/fr/emission/obligations-assimilables-du-tresor-du-togo-du-08-08-2017/
Côte d'Ivoire;;OAT;;2017-07-19;2017-07-21;2020-07-21;36;;100000;115090.1800;110000.0000;CI0000002333;5.7000;9800.0000;;9804.8172;;6.4300;In Fine;;réalisée;https://www.umoatitres.org/fr/emission/obligations-assimilables-du-tresor-de-la-cote-divoire-du-19-07-2017/
Mali;;OAT;;2017-07-06;2017-07-07;2020-07-07;36;;17000;17332.9700;16332.9700;ML0000000751;6.0000;9600.0000;;9741.0314;;6.9800;In Fine;;réalisée;https://www.umoatitres.org/fr/emission/obligations-assimilables-du-tresor-du-mali-du-06-07-2017/
Niger;;OAT;;2017-06-28;2017-06-29;2022-06-29;60;1;40000;45956.3500;37326.3500;NE0000000429;6.0000;9750.0000;;9754.8931;;6.8200;Linéaire;;réalisée;https://www.umoatitres.org/fr/emission/obligations-assimilables-du-tresor-du-niger-du-28-06-2017/
Mali;;OAT;;2017-02-01;2017-02-02;2022-02-02;60;3;30000;17550.0000;10500.0000;ML0000000629;5.7500;9800.0000;;9890.4762;;6.0300;Linéaire;;réalisée;https://www.umoatitres.org/fr/emission/obligations-assimilables-du-tresor-du-mali-du-01-02-2017/
Sénégal;;OAT;;2016-12-08;2016-12-09;2019-12-09;36;;34000;54645.0000;37400.0000;SN0000001009;5.5000;9855.0000;;9913.8175;;5.8200;In Fine;;réalisée;https://www.umoatitres.org/fr/emission/obligations-assimilables-du-tresor-du-senegal-du-08-12-2016/
Sénégal;;OAT;;2016-11-16;2016-11-17;2019-11-17;36;;40000;43650.0000;40000.0000;SN0000000993;5.5000;9850.0000;;9916.0134;;5.8100;In Fine;;réalisée;https://www.umoatitres.org/fr/emission/obligations-assimilables-du-tresor-du-senegal-du-16-11-2016/
Bénin;;OAT;;2016-11-03;2016-11-04;2021-10-14;60;3;25000;31062.5000;25000.0000;BJ0000000717;6.0000;9510.0000;;9639.0357;;6.9700;Linéaire;;réalisée;https://www.umoatitres.org/fr/emission/obligations-assimilables-du-tresor-du-benin-du-03-11-2016/
Togo;;OAT;;2017-02-08;2017-02-09;2020-02-09;36;;25000;12255.5000;10055.5000;TG0000000777;6.0000;9502.0000;;9751.7277;;6.9500;In Fine;;réalisée;https://www.umoatitres.org/fr/emission/obligations-assimilables-du-tresor-du-togo-du-08-02-2017/
Togo;;OAT;;2016-12-15;2016-12-16;2021-02-05;60;3;30000;34547.0000;33000.0000;TG0000000660;6.2500;9500.1000;;9699.6235;;7.2100;Linéaire;;réalisée;https://www.umoatitres.org/fr/emission/obligations-assimilables-du-tresor-du-togo-du-15-12-2016/
Burkina Faso;;OAT;;2016-11-10;2016-11-11;2021-04-08;60;3;35000;38600.0000;35000.0000;BF0000000521;6.0000;9505.0000;;9670.6491;;6.9700;Linéaire;;réalisée;https://www.umoatitres.org/fr/emission/obligations-assimilables-du-tresor-du-burkina-faso-du-10-11-2016/
Mali;;OAT;;2016-11-02;2016-11-03;2023-08-19;84;3;35000;35641.0000;35000.0000;ML0000000579;6.2000;9500.0000;;9697.6879;;6.8900;Linéaire;;réalisée;https://www.umoatitres.org/fr/emission/obligations-assimilables-du-tresor-du-mali-du-02-11-2016/
Togo;;OAT;;2016-10-20;2016-10-21;2023-07-15;84;3;30000;37012.2000;33000.0000;TG0000000728;6.5000;9500.0000;;9654.4724;;7.3100;Linéaire;;réalisée;https://www.umoatitres.org/fr/emission/obligations-assimilables-du-tresor-du-togo-du-20-10-2016/
Mali;;OAT;;2016-10-05;2016-10-06;2019-10-06;36;;30000;30837.5000;30000.0000;ML0000000595;5.5000;9600.0000;;9751.0165;;6.4400;In Fine;;réalisée;https://www.umoatitres.org/fr/emission/obligations-assimilables-du-tresor-du-mali-du-05-10-2016/
Côte d'Ivoire;;OAT;;2016-09-27;2016-09-28;2023-09-28;84;3;50000;46502.4000;40502.4000;CI0000001897;5.7000;9900.0000;;9943.2073;;5.8200;Linéaire;;réalisée;https://www.umoatitres.org/fr/emission/obligations-assimilables-du-tresor-de-la-cote-divoire-du-27-09-2016/
Niger;;OAT;;2016-11-17;2016-11-18;2023-11-18;84;3;30000;31488.7500;30000.0000;NE0000000346;6.5000;9506.0000;;9651.2627;;7.2900;Linéaire;;réalisée;https://www.umoatitres.org/fr/emission/obligations-assimilables-du-tresor-du-niger-du-17-11-2016/
Côte d'Ivoire;;OAT;;2016-10-28;2016-10-31;2021-10-31;60;3;141900;145000.0000;142000.0000;CI0000001921;5.4500;9900.0000;;9985.2837;;5.4800;Linéaire;;réalisée;https://www.umoatitres.org/fr/emission/obligations-assimilables-du-tresor-de-la-cote-divoire-du-28-10-2016/
Bénin;;OAT;;2016-10-13;2016-10-14;2021-10-14;60;3;40000;80068.0000;44000.0000;BJ0000000717;6.0000;9700.0000;;9777.4652;;6.5800;Linéaire;;réalisée;https://www.umoatitres.org/fr/emission/obligations-assimilables-du-tresor-du-benin-du-13-10-2016/
Côte d'Ivoire;;OAT;;2016-09-13;2016-09-14;2021-09-14;60;2;70000;59425.0000;54255.0000;CI0000001863;5.5000;9800.0000;;9948.8342;;5.6446;Linéaire;;réalisée;https://www.umoatitres.org/fr/emission/obligations-assimilables-du-tresor-de-la-cote-divoire-du-13-09-2016/
Mali;;OAT;;2016-09-08;2016-09-09;2021-09-09;60;3;30000;32937.5000;30000.0000;ML0000000587;6.0000;9600.0000;;9877.6257;;6.3177;Linéaire;;réalisée;https://www.umoatitres.org/fr/emission/obligations-assimilables-du-tresor-du-mali-du-08-09-2016/
Bénin;;OAT;;2016-09-02;2016-09-05;2021-09-05;60;3;35000;30547.2000;29547.2000;BJ0000000709;5.5000;9500.0000;;9674.4267;;6.3520;Linéaire;;réalisée;https://www.umoatitres.org/fr/emission/obligations-assimilables-du-tresor-du-benin-du-02-09-2016/
Burkina Faso;;OAT;;2016-09-01;2016-09-02;2023-09-02;84;3;50000;61114.1400;50000.0000;BF0000000570;6.5000;9850.0000;;9900.3200;;6.7208;Linéaire;;réalisée;https://www.umoatitres.org/fr/emission/obligations-assimilables-du-tresor-du-burkina-faso-du-01-09-2016/
Mali;;OAT;;2016-08-18;2016-08-19;2023-08-19;84;3;35000;40003.0000;35000.0000;ML0000000579;6.2000;10000.0000;;10009.6040;;6.1757;Linéaire;;réalisée;https://www.umoatitres.org/fr/emission/obligations-assimilables-du-tresor-du-mali-du-18-08-2016/
Guinée Bissau;;OAT;;2016-07-11;2016-07-12;2019-07-12;36;;11000;11000.0000;11000.0000;GW0000000061;5.5000;9500.0000;;9629.5455;;6.9093;In Fine;;réalisée;https://www.umoatitres.org/fr/emission/obligations-assimilables-du-tresor-de-la-guinee-bissau-du-11-07-2016/
Burkina Faso;;OAT;;2016-06-16;2016-06-17;2019-06-17;36;;40000;67949.0000;40000.0000;BF0000000547;5.5000;9976.0000;;9988.7921;;5.5416;In Fine;;réalisée;https://www.umoatitres.org/fr/emission/obligations-assimilables-du-tresor-du-burkina-faso-du-16-06-2016/
Côte d'Ivoire;;OAT;;2016-04-21;2016-04-22;2023-04-22;84;3;70000;76200.0000;69200.0000;CI0000001780;5.2500;9800.0000;;9866.5436;;5.6219;Linéaire;;réalisée;https://www.umoatitres.org/fr/emission/obligations-assimilables-du-tresor-de-la-cote-divoire-du-21-04-2016/
Sénégal;;OAT;;2016-08-04;2016-08-05;2019-08-05;36;;30000;41827.0000;33000.0000;SN0000000969;5.5000;9950.0000;;9967.6163;;5.6203;In Fine;;réalisée;https://www.umoatitres.org/fr/emission/obligations-assimilables-du-tresor-du-senegal-du-04-08-2016/
Togo;;OAT;;2016-07-14;2016-07-15;2023-07-15;84;3;30000;65612.0000;33000.0000;TG0000000728;6.5000;10000.0000;;10024.8689;;6.4414;Linéaire;;réalisée;https://www.umoatitres.org/fr/emission/obligations-assimilables-du-tresor-du-togo-du-14-07-2016/
Bénin;;OAT;;2016-06-28;2016-06-29;2023-06-29;84;3;150000;202281.0000;150000.0000;BJ0000000683;6.1000;9855.0000;;9946.1808;;6.2162;Linéaire;;réalisée;https://www.umoatitres.org/fr/emission/obligations-assimilables-du-tresor-du-benin-du-28-06-2016/
Togo;;OAT;;2016-04-25;2016-04-26;2019-04-26;36;;30000;27695.0000;27695.0000;TG0000000702;5.5000;9500.0000;;9859.2066;;6.0270;In Fine;;réalisée;https://www.umoatitres.org/fr/emission/obligations-assimilables-du-tresor-du-togo-du-25-04-2016/
Mali;;OAT;;2016-04-20;2016-04-21;2023-04-21;84;3;36000;77005.0000;39600.0000;ML0000000546;6.2500;10011.0000;;10026.7383;;6.1878;Linéaire;;réalisée;https://www.umoatitres.org/fr/emission/obligations-assimilables-du-tresor-du-mali-du-20-04-2016/
Niger;;OAT;;2016-03-31;2016-04-01;2019-04-01;36;;35000;47223.3300;38500.0000;NE0000000296;5.5000;9750.0000;;9859.9817;;6.0241;In Fine;;réalisée;https://www.umoatitres.org/fr/emission/obligations-assimilables-du-tresor-du-niger-du-31-03-2016/
Sénégal;;OAT;;2016-03-21;2016-03-22;2023-03-22;84;3;150000;214156.7800;165000.0000;SN0000000936;5.9000;9896.0000;;9977.5955;;5.9463;Linéaire;;réalisée;https://www.umoatitres.org/fr/emission/obligations-assimilables-du-tresor-du-senegal-du-21-03-2016/
Niger;;OAT;;2016-08-17;2016-08-18;2021-08-18;60;3;35000;38275.0000;38275.0000;NE0000000320;6.0000;9700.0000;;9808.7906;;6.5007;Linéaire;;réalisée;https://www.umoatitres.org/fr/emission/obligations-assimilables-du-tresor-du-niger-du-17-08-2016/
Côte d'Ivoire;;OAT;;2016-07-04;2016-07-05;2019-07-05;36;;75000;124100.0000;82500.0000;CI0000001830;5.0000;9950.0000;;9983.8221;;5.0595;In Fine;;réalisée;https://www.umoatitres.org/fr/emission/obligations-assimilables-du-tresor-de-la-cote-divoire-du-04-07-2016/
Côte d'Ivoire;;OAT;;2016-05-03;2016-05-04;2019-05-04;36;;61000;62050.0000;60800.0000;CI0000001798;5.0000;9800.0000;;9823.8617;;5.6548;In Fine;;réalisée;https://www.umoatitres.org/fr/emission/obligations-assimilables-du-tresor-de-la-cote-divoire-du-03-05-2016/
Burkina Faso;;OAT;;2016-04-07;2016-04-08;2021-04-08;60;3;40000;97515.0000;40000.0000;BF0000000521;6.0000;9980.0100;;9999.6366;;5.9975;Linéaire;;réalisée;https://www.umoatitres.org/fr/emission/obligations-assimilables-du-tresor-du-burkina-faso-du-07-04-2016/
Mali;;OAT;;2016-03-24;2016-03-25;2021-03-25;60;1;35000;77548.0400;38213.0400;ML0000000538;6.0000;9950.0000;;9984.4669;;6.0488;Linéaire;;réalisée;https://www.umoatitres.org/fr/emission/obligations-assimilables-du-tresor-du-mali-du-24-03-2016/
Bénin;;OAT;;2016-03-15;2016-03-16;2019-03-16;36;;25000;28350.0000;27500.0000;BJ0000000667;5.5000;9802.0000;;9850.2336;;6.0609;In Fine;;réalisée;https://www.umoatitres.org/fr/emission/obligations-assimilables-du-tresor-du-benin-du-15-03-2016/
Mali;;OAT;;2016-02-23;2016-02-24;2019-02-24;36;;30000;49465.0000;33000.0000;ML0000000512;5.5000;9900.0000;;10053.3239;;5.2978;In Fine;;réalisée;https://www.umoatitres.org/fr/emission/obligations-assimilables-du-tresor-du-mali-du-23-02-2016/
Togo;;OAT;;2016-02-04;2016-02-05;2021-02-05;60;3;30000;91534.6000;33000.0000;TG0000000660;6.2500;10001.0000;;10042.7061;;6.1324;Linéaire;;réalisée;https://www.umoatitres.org/fr/emission/obligations-assimilables-du-tresor-du-togo-du-04-02-2016/
Sénégal;;OAT;;2016-01-26;2016-01-27;2019-01-27;36;;45000;48153.0000;45000.0000;SN0000000902;5.5000;9800.0000;;9967.4980;;5.6152;In Fine;;réalisée;https://www.umoatitres.org/fr/emission/obligations-assimilables-du-tresor-du-senegal-du-26-01-2016/
Bénin;;OAT;;2015-12-17;2015-12-18;2020-12-18;60;3;100000;124082.0000;55000.0000;BJ0000000634;6.2500;9800.0000;;9911.0276;;6.4783;Linéaire;;réalisée;https://www.umoatitres.org/fr/emission/obligations-assimilables-du-tresor-du-benin-du-17-12-2015/
Bénin;;OAT;;2016-01-12;2016-01-13;2019-01-13;36;;25000;43250.0000;25000.0000;BJ0000000642;5.5000;9900.0000;;9962.5900;;5.6334;In Fine;;réalisée;https://www.umoatitres.org/fr/emission/obligations-assimilables-du-tresor-du-benin-du-12-01-2016/
Bénin;;OAT;;2015-12-02;2015-12-03;2022-12-03;84;2;150000;234025.9000;165000.0000;BJ0000000626;6.5000;9900.0000;;10003.6657;;6.4849;Linéaire;;réalisée;https://www.umoatitres.org/fr/emission/obligations-assimilables-du-tresor-du-benin-du-02-12-2015/
Mali;;OAT;;2015-10-15;2015-10-16;2020-04-10;60;1;35000;60855.0000;38500.0000;ML0000000439;6.2500;10091.0000;;10116.1300;;5.7895;Linéaire;;réalisée;https://www.umoatitres.org/fr/emission/obligations-assimilables-du-tresor-du-mali-du-15-10-2015/
Niger;;OAT;;2015-09-08;2015-09-09;2020-02-25;60;1;30000;31796.0000;31796.0000;NE0000000247;6.0000;10000.0000;;10080.8630;;5.6713;Linéaire;;réalisée;https://www.umoatitres.org/fr/emission/obligations-assimilables-du-tresor-du-niger-du-08-09-2015/
Togo;;OAT;;2015-11-19;2015-11-20;2020-11-20;60;1;30000;80864.6200;30000.0000;TG0000000595;6.2500;10109.0000;;10113.2477;;5.8730;Linéaire;;réalisée;https://www.umoatitres.org/fr/emission/obligations-assimilables-du-tresor-du-togo-du-19-11-2015/
Côte d'Ivoire;;OAT;;2015-10-13;2015-10-14;2022-10-14;84;2;100000;143085.0000;110000.0000;CI0000001707;5.8500;10000.0000;;10000.2700;;5.8439;Linéaire;;réalisée;https://www.umoatitres.org/fr/emission/obligations-assimilables-du-tresor-de-la-cote-divoire-du-13-10-2015/
Sénégal;;OAT;;2015-09-09;2015-09-10;2022-09-10;84;2;30000;74040.3700;32262.3700;SN0000000878;6.2500;10103.0000;;10116.4503;;5.9654;Linéaire;;réalisée;https://www.umoatitres.org/fr/emission/obligations-assimilables-du-tresor-du-senegal-du-09-09-2015/
Sénégal;;OAT;;2015-08-12;2015-08-13;2020-08-13;60;1;30000;34789.1000;32139.1000;SN0000000860;5.9000;10015.0000;;10049.6130;;5.7321;Linéaire;;réalisée;https://www.umoatitres.org/fr/emission/obligations-assimilables-du-tresor-du-senegal-du-12-08-2015/
Bénin;;OAT;;2015-07-30;2015-07-31;2020-07-31;60;1;30000;78807.7400;33000.0000;BJ0000000618;6.2500;10100.0000;;10109.7979;;5.8842;Linéaire;;réalisée;https://www.umoatitres.org/fr/emission/obligations-assimilables-du-tresor-du-benin-du-30-07-2015/
Sénégal;;OAT;;2015-07-14;2015-07-15;2020-07-15;60;1;30000;46460.0000;32580.0000;SN0000000852;5.9000;10015.0000;;10076.2919;;5.6456;Linéaire;;réalisée;https://www.umoatitres.org/fr/emission/obligations-assimilables-du-tresor-du-senegal-du-14-07-2015/
Burkina Faso;;OAT;;2015-12-15;2015-12-16;2020-12-16;60;1;30000;31220.0000;30720.0000;BF0000000489;6.0000;9900.0000;;9982.8300;;6.0501;Linéaire;;réalisée;https://www.umoatitres.org/fr/emission/obligations-assimilables-du-tresor-du-burkina-faso-du-15-12-2015/
Mali;;OAT;;2015-11-17;2015-11-18;2018-11-18;36;;35000;58200.0000;38500.0000;ML0000000488;5.5000;10010.0000;;10080.9400;;5.1965;In Fine;;réalisée;https://www.umoatitres.org/fr/emission/obligations-assimilables-du-tresor-du-mali-du-17-11-2015/
Sénégal;;OAT;;2015-10-07;2015-10-08;2018-10-08;36;;35000;44651.2600;38500.0000;SN0000000886;5.5000;10000.0000;;10036.0448;;5.3614;In Fine;;réalisée;https://www.umoatitres.org/fr/emission/obligations-assimilables-du-tresor-du-senegal-du-07-10-2015/
Mali;;OAT;;2015-08-25;2015-08-26;2020-04-10;60;1;30000;71665.0000;33000.0000;ML0000000439;6.2500;10080.0000;;10110.5500;;5.8286;Linéaire;;réalisée;https://www.umoatitres.org/fr/emission/obligations-assimilables-du-tresor-du-mali-du-25-08-2015/
Mali;;OAT;;2015-07-29;2015-07-30;2018-07-30;36;;30000;58300.0000;33000.0000;ML0000000462;5.5000;10045.0500;;10057.6600;;5.2819;In Fine;;réalisée;https://www.umoatitres.org/fr/emission/obligations-assimilables-du-tresor-du-mali-du-29-07-2015/
Niger;;OAT;;2015-07-28;2015-07-29;2018-07-29;36;;25000;30585.5000;25000.0000;NE0000000262;5.5000;10000.0000;;10033.0396;;5.3725;In Fine;;réalisée;https://www.umoatitres.org/fr/emission/obligations-assimilables-du-tresor-du-niger-du-28-07-2015/
Togo;;OAT;;2015-07-09;2015-07-10;2020-07-10;60;1;30000;115703.2400;33000.0000;TG0000000561;6.5000;10100.0000;;10102.9070;;6.1545;Linéaire;;réalisée;https://www.umoatitres.org/fr/emission/obligations-assimilables-du-tresor-du-togo-du-09-07-2015/
Bénin;;OAT;;2015-07-08;2015-07-09;2018-07-09;36;;35000;44240.0000;35000.0000;BJ0000000600;5.5000;10000.0000;;10058.3300;;5.2794;In Fine;;réalisée;https://www.umoatitres.org/fr/emission/obligations-assimilables-du-tresor-du-benin-du-08-07-2015/
Mali;;OAT;;2015-07-01;2015-07-02;2020-04-10;60;1;35000;111770.0000;38500.0000;ML0000000439;6.2500;10030.0001;;10046.1162;;6.0720;Linéaire;;réalisée;https://www.umoatitres.org/fr/emission/obligations-assimilables-du-tresor-du-mali-du-01-07-2015/
Sénégal;;OAT;;2015-06-18;2015-06-19;2018-06-19;36;;25000;66447.7700;27500.0000;SN0000000845;5.5000;10003.0000;;10006.5343;;5.4704;In Fine;;réalisée;https://www.umoatitres.org/fr/emission/obligations-assimilables-du-tresor-du-senegal-du-18-06-2015/
Bénin;;OAT;;2015-06-17;2015-06-18;2022-03-19;84;2;30000;94072.3500;33000.0000;BJ0000000576;6.5000;10002.0000;;10006.3000;;6.4690;Linéaire;;réalisée;https://www.umoatitres.org/fr/emission/obligations-assimilables-du-tresor-du-benin-du-17-06-2015/
Mali;;OAT;;2015-05-05;2015-05-06;2018-05-06;36;;35000;57480.0000;38500.0000;ML0000000447;5.5000;9991.0000;;9997.5200;;5.5038;In Fine;;réalisée;https://www.umoatitres.org/fr/emission/obligations-assimilables-du-tresor-du-mali-du-05-05-2015/
Mali;;OAT;;2015-04-09;2015-04-10;2020-04-10;60;1;35000;90009.0000;38500.0000;ML0000000439;6.2500;9976.0000;;9991.0000;;6.2731;Linéaire;;réalisée;https://www.umoatitres.org/fr/emission/obligations-assimilables-du-tresor-du-mali-du-09-04-2015/
Niger;;OAT;;2015-06-09;2015-06-10;2020-02-25;60;1;30000;65329.8300;33000.0000;NE0000000247;6.0000;10000.0000;;10000.0000;;5.9819;Linéaire;;réalisée;https://www.umoatitres.org/fr/emission/obligations-assimilables-du-tresor-du-niger-du-09-06-2015/
Burkina Faso;;OAT;;2015-05-19;2015-05-20;2020-05-20;60;1;30000;67102.0000;33000.0000;BF0000000448;6.0000;10000.0000;;10000.0000;;5.9937;Linéaire;;réalisée;https://www.umoatitres.org/fr/emission/obligations-assimilables-du-tresor-du-burkina-faso-du-19-05-2015/
Sénégal;;OAT;;2015-05-06;2015-05-07;2018-05-07;36;;30000;32767.6300;28501.2700;SN0000000829;5.5000;9857.0000;;9927.3369;;5.7650;In Fine;;réalisée;https://www.umoatitres.org/fr/emission/obligations-assimilables-du-tresor-du-senegal-du-06-05-2015/
Sénégal;;OAT;;2015-04-02;2015-04-03;2018-04-03;36;;30000;42193.0000;33000.0000;SN0000000803;5.5000;9856.0000;;9909.5382;;5.8316;In Fine;;réalisée;https://www.umoatitres.org/fr/emission/obligations-assimilables-du-tresor-du-senegal-du-02-04-2015/
Bénin;;OAT;;2015-03-18;2015-03-19;2022-03-19;84;2;40000;111845.3600;44000.0000;BJ0000000576;6.5000;9951.0000;;9969.3600;;6.5685;Linéaire;;réalisée;https://www.umoatitres.org/fr/emission/obligations-assimilables-du-tresor-du-benin-du-18-03-2015/
Sénégal;;OAT;;2015-02-26;2015-02-27;2020-02-27;60;2;30000;37741.3000;23241.3000;SN0000000761;5.9000;9700.0000;;9851.1174;;6.3303;Linéaire;;réalisée;https://www.umoatitres.org/fr/emission/obligations-assimilables-du-tresor-du-senegal-du-26-02-2015/
Mali;;OAT;;2015-02-19;2015-02-20;2018-02-20;36;;30000;45347.1500;33000.0000;ML0000000413;5.5000;9885.0000;;9919.3900;;5.7950;In Fine;;réalisée;https://www.umoatitres.org/fr/emission/obligations-assimilables-du-tresor-du-mali-du-19-02-2015/
Burkina Faso;;OAT;;2015-06-25;2015-06-26;2020-05-20;60;1;30000;90045.0000;33000.0000;BF0000000448;6.0000;10010.0100;;10016.2485;;5.9342;Linéaire;;réalisée;https://www.umoatitres.org/fr/emission/obligations-assimilables-du-tresor-du-burkina-faso-du-25-06-2015/
Côte d'Ivoire;;OAT;;2015-06-10;2015-06-11;2025-06-11;120;2;100000;122610.0000;110000.0000;CI0000001665;5.9900;10000.0000;;10000.0000;;5.9846;Linéaire;;réalisée;https://www.umoatitres.org/fr/emission/obligations-assimilables-du-tresor-de-la-cote-divoire-du-10-06-2015/
Sénégal;;OAT;;2015-04-22;2015-04-23;2020-04-23;60;1;25000;38007.0000;27500.0000;SN0000000811;5.9000;9827.0000;;9906.8514;;6.2007;Linéaire;;réalisée;https://www.umoatitres.org/fr/emission/obligations-assimilables-du-tresor-du-senegal-du-22-04-2015/
Togo;;OAT;;2015-03-03;2015-03-04;2020-03-04;60;1;30000;47712.0000;30000.0000;TG0000000546;6.5000;9857.0000;;9909.1167;;6.7965;Linéaire;;réalisée;https://www.umoatitres.org/fr/emission/obligations-assimilables-du-tresor-du-togo-du-03-03-2015/
Niger;;OAT;;2015-02-24;2015-02-25;2020-02-25;60;1;30000;36783.5600;30000.0000;NE0000000247;6.0000;9900.0000;;9949.3500;;6.1618;Linéaire;;réalisée;https://www.umoatitres.org/fr/emission/obligations-assimilables-du-tresor-du-niger-du-24-02-2015/
Sénégal;;OAT;;2015-02-10;2015-02-11;2018-02-11;36;;30000;38110.1500;31679.9700;SN0000000753;5.5000;9800.0000;;9875.3533;;5.9604;In Fine;;réalisée;https://www.umoatitres.org/fr/emission/obligations-assimilables-du-tresor-du-senegal-du-10-02-2015/
Togo;;OAT;;2015-01-29;2015-01-30;2018-01-30;36;;30000;31983.0000;30000.0000;TG0000000520;5.5000;9700.0000;;9834.4343;;6.1150;In Fine;;réalisée;https://www.umoatitres.org/fr/emission/obligations-assimilables-du-tresor-du-togo-du-29-01-2015/
Bénin;;OAT;;2014-10-09;2014-10-10;2021-10-10;84;2;70000;56715.7300;56715.7300;BJ0000000535;6.5000;9650.0000;;9828.0100;;6.9179;Linéaire;;réalisée;https://www.umoatitres.org/fr/emission/obligations-assimilables-du-tresor-du-benin-du-09-10-2014/
Côte d'Ivoire;;OAT;;2014-08-04;2014-08-05;2019-08-05;60;2;100000;70376.6000;70085.3500;CI0000001616;6.0000;9725.0000;;9966.0000;;6.0943;Linéaire;;réalisée;https://www.umoatitres.org/fr/emission/obligations-assimilables-du-tresor-de-la-cote-divoire-du-04-08-2014/
Bénin;;BAT;;2016-02-17;2016-02-18;2017-02-15;12;;25000;32465.0000;27500.0000;BJ0000000659;multiple;;5.7400;;5.3584;5.6653;In Fine;;réalisée;https://www.umoatitres.org/fr/emission/bons-assimilables-du-tresor-du-benin-du-17-02-2016/
Mali;;BAT;;2016-01-27;2016-01-28;2017-01-25;12;;35000;49790.0000;38500.0000;ML0000000504;multiple;;5.4995;;5.0192;5.2875;In Fine;;réalisée;https://www.umoatitres.org/fr/emission/bons-assimilables-du-tresor-du-mali-du-27-01-2016/
Niger;;BAT;;2016-01-14;2016-01-15;2017-01-12;12;;40000;55500.0000;44000.0000;NE0000000288;multiple;;5.4000;;5.1443;5.4266;In Fine;;réalisée;https://www.umoatitres.org/fr/emission/bons-assimilables-du-tresor-du-niger-du-14-01-2016/
Togo;;BAT;;2016-01-13;2016-01-14;2017-01-11;12;;30000;30086.0000;30000.0000;TG0000000611;multiple;;6.0000;;5.0958;5.3726;In Fine;;réalisée;https://www.umoatitres.org/fr/emission/bons-assimilables-du-tresor-du-togo-du-13-01-2016/
Sénégal;;BAT;;2016-01-07;2016-01-08;2016-04-07;3;;60000;83225.0000;60000.0000;SN0000000894;multiple;;4.5998;;4.0298;4.0713;In Fine;;réalisée;https://www.umoatitres.org/fr/emission/bons-assimilables-du-tresor-du-senegal-du-07-01-2016/
Mali;;BAT;;2015-12-16;2015-12-17;2016-12-14;12;;35000;56800.0000;38500.0000;ML0000000496;multiple;;5.1000;;4.7481;4.9876;In Fine;;réalisée;https://www.umoatitres.org/fr/emission/bons-assimilables-du-tresor-du-mali-du-16-12-2015/
Côte d'Ivoire;;BAT;;2015-11-03;2015-11-04;2017-10-31;24;;50000;52251.0000;50000.0000;CI0000001715;multiple;;5.2492;;4.4814;4.9280;In Fine;;réalisée;https://www.umoatitres.org/fr/emission/bons-assimilables-du-tresor-de-la-cote-divoire-du-03-11-2015/
Niger;;BAT;;2015-10-21;2015-10-22;2016-04-20;6;;35000;40900.0000;38500.0000;NE0000000270;multiple;;5.2500;;4.8369;4.9581;In Fine;;réalisée;https://www.umoatitres.org/fr/emission/bons-assimilables-du-tresor-du-niger-du-21-10-2015/
Mali;;BAT;;2015-09-29;2015-09-30;2017-09-26;24;;30000;53160.0000;33000.0000;ML0000000470;multiple;;4.7495;;4.4822;4.9290;In Fine;;réalisée;https://www.umoatitres.org/fr/emission/bons-assimilables-du-tresor-du-mali-du-29-09-2015/
Togo;;BAT;;2015-07-23;2015-07-24;2017-07-20;24;;30000;43650.0000;33000.0000;TG0000000579;multiple;;5.2000;;4.8257;5.3476;In Fine;;réalisée;https://www.umoatitres.org/fr/emission/bons-assimilables-du-tresor-du-togo-du-23-07-2015/
Guinée Bissau;;BAT;;2015-07-15;2015-07-16;2016-07-13;12;;10000;23300.0000;11000.0000;GW0000000046;multiple;;5.2500;;5.1248;5.4049;In Fine;;réalisée;https://www.umoatitres.org/fr/emission/bons-assimilables-du-tresor-de-la-guinee-bissau-du-15-07-2015/
Sénégal;;BAT;;2015-05-21;2015-05-22;2017-05-18;24;;25000;81590.0000;27165.0000;SN0000000837;multiple;;4.7990;;4.7325;5.2333;In Fine;;réalisée;https://www.umoatitres.org/fr/emission/bons-assimilables-du-tresor-du-senegal-du-21-05-2015/
Bénin;;BAT;;2015-05-13;2015-05-15;2017-05-11;24;;30000;58341.0000;33000.0000;BJ0000000592;multiple;;5.1500;;4.9845;5.5432;In Fine;;réalisée;https://www.umoatitres.org/fr/emission/bons-assimilables-du-tresor-du-benin-du-13-05-2015/
Niger;;BAT;;2015-04-23;2015-04-24;2015-10-22;6;;35000;71711.0000;35000.0000;NE0000000254;multiple;;4.9712;;4.6168;4.7271;In Fine;;réalisée;https://www.umoatitres.org/fr/emission/bons-assimilables-du-tresor-du-niger-du-23-04-2015/
Bénin;;BAT;;2015-04-17;2015-04-20;2017-04-16;24;;30000;67635.0000;33000.0000;BJ0000000584;multiple;;5.4498;;5.1897;5.7982;In Fine;;réalisée;https://www.umoatitres.org/fr/emission/bons-assimilables-du-tresor-du-benin-du-17-04-2015/
Guinée Bissau;;BAT;;2015-04-14;2015-04-15;2017-04-11;24;;15000;18600.0000;15000.0000;GW0000000038;multiple;;6.6000;;6.1721;7.0523;In Fine;;réalisée;https://www.umoatitres.org/fr/emission/bons-assimilables-du-tresor-de-la-guinee-bissau-du-14-04-2015/
Togo;;BAT;;2015-04-08;2015-04-09;2016-04-06;12;;30000;57711.0000;33000.0000;TG0000000553;multiple;;5.5000;;5.4021;5.7142;In Fine;;réalisée;https://www.umoatitres.org/fr/emission/bons-assimilables-du-tresor-du-togo-du-08-04-2015/
Sénégal;;BAT;;2015-03-12;2015-03-13;2017-03-09;24;;20000;56915.0000;22000.0000;SN0000000779;multiple;;4.9999;;4.9288;5.4744;In Fine;;réalisée;https://www.umoatitres.org/fr/emission/bons-assimilables-du-tresor-du-senegal-du-12-03-2015/
Bénin;;BAT;;2015-02-18;2015-02-19;2016-02-17;12;;25000;49830.0000;25000.0000;BJ0000000568;multiple;;5.7495;;5.5631;5.8947;In Fine;;réalisée;https://www.umoatitres.org/fr/emission/bons-assimilables-du-tresor-du-benin-du-18-02-2015/
Mali;;BAT;;2015-02-05;2015-02-06;2016-02-04;12;;40000;105479.0000;40000.0000;ML0000000405;multiple;;5.2500;;5.0712;5.3453;In Fine;;réalisée;https://www.umoatitres.org/fr/emission/bons-assimilables-du-tresor-du-mali-du-05-02-2015/
Niger;;BAT;;2015-01-21;2015-01-22;2016-01-20;12;;40000;48650.0000;40000.0000;NE0000000239;multiple;;5.5000;;5.3823;5.6921;In Fine;;réalisée;https://www.umoatitres.org/fr/emission/bons-assimilables-du-tresor-du-niger-du-21-01-2015/
Bénin;;BAT;;2015-01-13;2015-01-14;2016-01-12;12;;30000;50704.0000;30000.0000;BJ0000000550;multiple;;6.0000;;5.7508;6.1058;In Fine;;réalisée;https://www.umoatitres.org/fr/emission/bons-assimilables-du-tresor-du-benin-du-13-01-2015/
Togo;;BAT;;2014-12-10;2014-12-11;2015-12-09;12;;25000;25420.0000;25000.0000;TG0000000504;multiple;;5.9500;;5.6549;5.9978;In Fine;;réalisée;https://www.umoatitres.org/fr/emission/bons-assimilables-du-tresor-du-togo-du-10-12-2014/
Niger;;BAT;;2014-10-30;2014-10-31;2015-04-30;6;;35000;42300.0000;34800.0000;NE0000000221;multiple;;5.2500;;4.9677;5.0957;In Fine;;réalisée;https://www.umoatitres.org/fr/emission/bons-assimilables-du-tresor-du-niger-du-30-10-2014/
Mali;;BAT;;2014-07-24;2014-07-25;2015-01-22;6;;26000;33750.0000;26000.0000;ML0000000322;multiple;;5.0000;;4.8458;4.9705;In Fine;;réalisée;https://www.umoatitres.org/fr/emission/bons-assimilables-du-tresor-du-mali-du-24-07-2014/
Bénin;;BAT;;2014-07-10;2014-07-11;2016-07-08;24;;40000;41948.0000;40000.0000;BJ0000000519;multiple;;6.6500;;6.3111;7.2358;In Fine;;réalisée;https://www.umoatitres.org/fr/emission/bons-assimilables-du-tresor-du-benin-du-10-07-2014/
Sénégal;;BAT;;2015-01-15;2015-01-16;2016-01-14;12;;30000;91245.0000;32000.0000;SN0000000738;multiple;;5.0500;;4.9307;5.1894;In Fine;;réalisée;https://www.umoatitres.org/fr/emission/bons-assimilables-du-tresor-du-senegal-du-15-01-2015/
Togo;;BAT;;2015-01-14;2015-01-15;2015-07-15;6;;30000;40785.0000;33000.0000;TG0000000512;multiple;;5.8000;;5.3594;5.5087;In Fine;;réalisée;https://www.umoatitres.org/fr/emission/bons-assimilables-du-tresor-du-togo-du-14-01-2015/
Mali;;BAT;;2014-11-24;2014-11-25;2015-05-25;6;;45000;53802.0000;45000.0000;ML0000000389;multiple;;6.2500;;5.7805;5.9545;In Fine;;réalisée;https://www.umoatitres.org/fr/emission/bons-assimilables-du-tresor-du-mali-du-24-11-2014/
Mali;;BAT;;2014-11-05;2014-11-06;2015-11-04;12;;30000;30000.0000;30000.0000;ML0000000371;multiple;;6.7499;;5.8745;6.2455;In Fine;;réalisée;https://www.umoatitres.org/fr/emission/bons-assimilables-du-tresor-du-mali-du-05-11-2014/
Bénin;;BAT;;2014-10-23;2014-10-24;2016-10-20;24;;40000;44234.0000;40000.0000;BJ0000000543;multiple;;6.5000;;6.0786;6.9305;In Fine;;réalisée;https://www.umoatitres.org/fr/emission/bons-assimilables-du-tresor-du-benin-du-23-10-2014/
Togo;;BAT;;2014-10-13;2014-10-14;2015-10-12;12;;25000;25330.0000;25000.0000;TG0000000488;multiple;;5.9000;;5.3906;5.7014;In Fine;;réalisée;https://www.umoatitres.org/fr/emission/bons-assimilables-du-tresor-du-togo-du-13-10-2014/
Mali;;BAT;;2014-09-30;2014-10-01;2015-09-29;12;;45000;50000.0000;45500.0000;ML0000000355;multiple;;5.7900;;5.3999;5.7118;In Fine;;réalisée;https://www.umoatitres.org/fr/emission/bons-assimilables-du-tresor-du-mali-du-30-09-2014/
Sénégal;;BAT;;2014-09-18;2014-09-19;2016-09-15;24;;35000;63464.0000;40020.0000;SN0000000720;multiple;;5.4000;;5.2409;5.8622;In Fine;;réalisée;https://www.umoatitres.org/fr/emission/bons-assimilables-du-tresor-du-senegal-du-18-09-2014/
Mali;;BAT;;2014-09-15;2014-09-16;2016-09-12;24;;40000;43000.0000;40000.0000;ML0000000348;multiple;;5.9500;;5.6555;6.3858;In Fine;;réalisée;https://www.umoatitres.org/fr/emission/bons-assimilables-du-tresor-du-mali-du-15-09-2014/
Bénin;;BAT;;2014-08-28;2014-08-29;2015-08-27;12;;25000;67393.0000;40000.0000;BJ0000000527;multiple;;6.1500;;5.9308;6.3091;In Fine;;réalisée;https://www.umoatitres.org/fr/emission/bons-assimilables-du-tresor-du-benin-du-28-08-2014/
Guinée Bissau;;BAT;;2014-07-22;2014-07-23;2015-07-21;12;;15000;23500.0000;15000.0000;GW0000000020;multiple;;6.2500;;6.0804;6.4787;In Fine;;réalisée;https://www.umoatitres.org/fr/emission/bons-assimilables-du-tresor-de-la-guinee-bissau-du-22-07-2014/
Bénin;;BAT;;2014-06-19;2014-06-20;2015-06-18;12;;25000;45357.0000;40000.0000;BJ0000000501;multiple;;6.4500;;5.9601;6.3423;In Fine;;réalisée;https://www.umoatitres.org/fr/emission/bons-assimilables-du-tresor-du-benin-du-19-06-2014/
Bénin;;BAT;;2014-05-22;2014-05-23;2015-05-21;12;;25000;23985.0000;20985.0000;BJ0000000493;multiple;;6.5000;;5.6368;5.9775;In Fine;;réalisée;https://www.umoatitres.org/fr/emission/bons-assimilables-du-tresor-du-benin-du-22-05-2014/
Mali;;BAT;;2014-06-12;2014-06-13;2015-03-12;9;;25000;55450.0000;43950.0000;ML0000000314;multiple;;5.0495;;4.9244;5.1154;In Fine;;réalisée;https://www.umoatitres.org/fr/emission/bons-assimilables-du-tresor-du-mali-du-12-06-2014/
Togo;;BAT;;2014-05-20;2014-05-21;2015-02-17;9;;25000;36505.0000;35000.0000;TG0000000454;multiple;;5.3000;;4.8032;4.9848;In Fine;;réalisée;https://www.umoatitres.org/fr/emission/bons-assimilables-du-tresor-du-togo-du-20-05-2014/
Bénin;;BAT;;2014-04-24;2014-04-25;2015-04-23;12;;30000;49071.0000;46000.0000;BJ0000000485;multiple;;6.9000;;5.3555;5.6621;In Fine;;réalisée;https://www.umoatitres.org/fr/emission/bons-assimilables-du-tresor-du-benin-du-24-04-2014/
Côte d'Ivoire;;BAT;;2014-04-15;2014-04-16;2016-04-12;24;;50000;45500.0000;41850.0000;CI0000001574;multiple;;5.9000;;5.5694;6.2763;In Fine;;réalisée;https://www.umoatitres.org/fr/emission/bons-assimilables-du-tresor-de-la-cote-divoire-du-15-04-2014/
Bénin;;BAT;;2014-02-27;2014-02-28;2015-02-26;12;;25000;31200.0000;25000.0000;BJ0000000469;multiple;;4.9495;;4.8023;5.0474;In Fine;;réalisée;https://www.umoatitres.org/fr/emission/bons-assimilables-du-tresor-du-benin-du-27-02-2014/
Burkina Faso;;BAT;;2014-03-12;2014-03-13;2014-06-11;3;;20000;42120.0000;33560.0000;BF0000000356;multiple;;4.0500;;3.9674;4.0100;In Fine;;réalisée;https://www.umoatitres.org/fr/emission/bons-assimilables-du-tresor-du-burkina-faso-du-12-03-2014/
Burkina Faso;;BAT;;2014-01-22;2014-01-23;2014-04-23;3;;25000;31100.0000;27100.0000;BF0000000349;multiple;;4.2495;;3.8719;3.9102;In Fine;;réalisée;https://www.umoatitres.org/fr/emission/bons-assimilables-du-tresor-du-burkina-faso-du-22-01-2014/
Niger;;BAT;;2014-05-06;2014-05-07;2014-11-05;6;;35000;47500.0000;35000.0000;NE0000000205;multiple;;5.0198;;4.8525;4.9752;In Fine;;réalisée;https://www.umoatitres.org/fr/emission/bons-assimilables-du-tresor-du-niger-du-06-05-2014/
Bénin;;BAT;;2014-03-20;2014-03-21;2016-03-17;24;;40000;30710.0000;30710.0000;BJ0000000477;multiple;;6.4000;;5.5476;6.2486;In Fine;;réalisée;https://www.umoatitres.org/fr/emission/bons-assimilables-du-tresor-du-benin-du-20-03-2014/
Niger;;BAT;;2014-01-30;2014-01-31;2015-01-29;12;;41000;55120.0000;41000.0000;NE0000000189;multiple;;4.9999;;4.7902;5.0340;In Fine;;réalisée;https://www.umoatitres.org/fr/emission/bons-assimilables-du-tresor-du-niger-du-30-01-2014/
Burkina Faso;;BAT;;2014-05-08;2014-05-09;2014-08-07;3;;25000;54050.0000;29750.0000;BF0000000364;multiple;;3.9995;;3.9080;3.9470;In Fine;;réalisée;https://www.umoatitres.org/fr/emission/bons-assimilables-du-tresor-du-burkina-faso-du-08-05-2014/
Côte d'Ivoire;;BAT;;2014-03-21;2014-03-24;2015-03-22;12;;30000;36595.0000;24780.0000;CI0000001566;multiple;;5.2000;;5.1357;5.4170;In Fine;;réalisée;https://www.umoatitres.org/fr/emission/bons-assimilables-du-tresor-de-la-cote-divoire-du-21-03-2014/
Mali;;BAT;;2014-02-11;2014-02-12;2014-08-12;6;;26000;58226.0000;30000.0000;ML0000000280;multiple;;4.6998;;4.4147;4.5155;In Fine;;réalisée;https://www.umoatitres.org/fr/emission/bons-assimilables-du-tresor-du-mali-du-11-02-2014/
Côte d'Ivoire;;BAT;;2014-01-15;2014-01-16;2015-01-14;12;;30000;52200.0000;43700.0000;CI0000001533;multiple;;5.2000;;5.1004;5.3777;In Fine;;réalisée;https://www.umoatitres.org/fr/emission/bons-assimilables-du-tresor-de-la-cote-divoire-du-15-01-2014/
Bénin;;BAT;;2014-01-15;2014-01-16;2015-01-14;12;;30000;32000.0000;30000.0000;BJ0000000451;multiple;;5.2000;;4.7965;5.0410;In Fine;;réalisée;https://www.umoatitres.org/fr/emission/bons-assimilables-du-tresor-du-benin-du-15-01-2014/
Sénégal;;BAT;;2014-05-21;2014-05-22;2016-05-18;24;;30000;30602.0000;25267.0000;SN0000000712;multiple;;5.5499;;5.1854;5.7928;In Fine;;réalisée;https://www.umoatitres.org/fr/emission/bons-assimilables-du-tresor-du-senegal-du-21-05-2014/
Togo;;BAT;;2014-04-17;2014-04-18;2015-04-16;12;;30000;20600.0000;20600.0000;TG0000000447;multiple;;6.0000;;4.9558;5.2172;In Fine;;réalisée;https://www.umoatitres.org/fr/emission/bons-assimilables-du-tresor-du-togo-du-17-04-2014/
Mali;;BAT;;2014-03-13;2014-03-14;2015-03-12;12;;35000;46500.0000;45500.0000;ML0000000298;multiple;;5.5000;;4.9291;5.1876;In Fine;;réalisée;https://www.umoatitres.org/fr/emission/bons-assimilables-du-tresor-du-mali-du-13-03-2014/
Sénégal;;BAT;;2014-01-23;2014-01-24;2016-01-21;24;;20000;45150.0000;20250.0000;SN0000000670;multiple;;5.3500;;5.1815;5.7880;In Fine;;réalisée;https://www.umoatitres.org/fr/emission/bons-assimilables-du-tresor-du-senegal-du-23-01-2014/
Togo;;BAT;;2014-01-16;2014-01-17;2015-01-15;12;;25000;31500.0000;25000.0000;TG0000000439;multiple;;4.9000;;4.6767;4.9088;In Fine;;réalisée;https://www.umoatitres.org/fr/emission/bons-assimilables-du-tresor-du-togo-du-16-01-2014/
Sénégal;;BAT;;2014-01-08;2014-01-09;2015-01-07;12;;20000;50825.0000;22405.0000;SN0000000662;multiple;;5.1500;;4.9154;5.1725;In Fine;;réalisée;https://www.umoatitres.org/fr/emission/bons-assimilables-du-tresor-du-senegal-du-08-01-2014/
Sénégal;;BAT;;2020-05-18;2020-05-19;2020-11-16;6;;150000;168815.0000;164315.0000;SN0000001322;multiple;;4.9998;;4.6166;4.7300;In Fine;;réalisée;https://www.umoatitres.org/fr/emission/bons-assimilables-du-tresor-du-senegal-du-18-05-2020/
Togo;;BAT;;2020-04-17;2020-04-20;2021-04-18;12;;20000;29003.0000;22000.0000;TG0000001361;multiple;;5.2500;;5.0465;5.3200;In Fine;;réalisée;https://www.umoatitres.org/fr/emission/bons-assimilables-du-tresor-du-togo-du-17-04-2020/
Niger;;BAT;;2020-04-09;2020-04-10;2021-04-08;12;;25000;42008.0000;27500.0000;NE0000001013;multiple;;5.4800;;5.2528;5.5500;In Fine;;réalisée;https://www.umoatitres.org/fr/emission/bons-assimilables-du-tresor-du-niger-du-09-04-2020/
Côte d'Ivoire;;BAT;;2020-03-31;2020-04-01;2020-06-30;3;;30000;61771.0000;33000.0000;CI0000003323;multiple;;3.9000;;3.8866;3.9300;In Fine;;réalisée;https://www.umoatitres.org/fr/emission/bons-assimilables-du-tresor-de-la-cote-divoire-du-31-03-2020/
Burkina Faso;;BAT;;2020-03-25;2020-03-26;2021-03-24;12;;25000;41575.0000;27500.0000;BF0000001438;multiple;;5.4997;;5.3673;5.6800;In Fine;;réalisée;https://www.umoatitres.org/fr/emission/bons-assimilables-du-tresor-du-burkina-faso-du-25-03-2020/
Mali;;BAT;;2020-03-04;2020-03-05;2020-09-02;6;;25000;50002.0000;27500.0000;ML0000001304;multiple;;4.9800;;4.5334;4.6400;In Fine;;réalisée;https://www.umoatitres.org/fr/emission/bons-assimilables-du-tresor-du-mali-du-04-03-2020/
Burkina Faso;;BAT;;2020-02-26;2020-02-27;2020-08-26;6;;30000;85743.0000;33000.0000;BF0000001412;multiple;;4.9899;;4.7846;4.9000;In Fine;;réalisée;https://www.umoatitres.org/fr/emission/bons-assimilables-du-tresor-du-burkina-faso-du-26-02-2020/
Côte d'Ivoire;;BAT;;2020-02-04;2020-02-05;2020-05-05;3;;25000;44625.0000;25000.0000;CI0000003208;multiple;;3.9100;;3.8057;3.8400;In Fine;;réalisée;https://www.umoatitres.org/fr/emission/bons-assimilables-du-tresor-de-la-cote-divoire-du-04-02-2020/
Côte d'Ivoire;;BAT;;2020-01-21;2020-01-22;2020-07-21;6;;25000;87501.0000;27500.0000;CI0000003166;multiple;;4.2500;;4.1184;4.2100;In Fine;;réalisée;https://www.umoatitres.org/fr/emission/bons-assimilables-du-tresor-de-la-cote-divoire-du-21-01-2020/
Togo;;BAT;;2020-01-17;2020-01-20;2021-01-17;12;;25000;69134.0000;27500.0000;TG0000001312;multiple;;4.9900;;4.9516;5.2100;In Fine;;réalisée;https://www.umoatitres.org/fr/emission/bons-assimilables-du-tresor-du-togo-du-17-01-2020/
Mali;;BAT;;2020-01-15;2020-01-16;2021-01-13;12;;25000;84153.0000;27500.0000;ML0000001270;multiple;;5.0000;;4.8641;5.1200;In Fine;;réalisée;https://www.umoatitres.org/fr/emission/bons-assimilables-du-tresor-du-mali-du-15-01-2020/
Burkina Faso;;BAT;;2020-01-08;2020-01-09;2021-01-06;12;;25000;79994.0000;27500.0000;BF0000001388;multiple;;5.1200;;4.8676;5.1200;In Fine;;réalisée;https://www.umoatitres.org/fr/emission/bons-assimilables-du-tresor-du-burkina-faso-du-08-01-2020/
Mali;;BAT;;2019-12-11;2019-12-12;2020-12-09;12;;10000;38487.0000;11000.0000;ML0000001262;multiple;;4.8498;;4.7469;4.9900;In Fine;;réalisée;https://www.umoatitres.org/fr/emission/bons-assimilables-du-tresor-du-mali-du-11-12-2019/
Niger;;BAT;;2019-12-05;2019-12-06;2020-06-04;6;;25000;60114.0000;27500.0000;NE0000000981;multiple;;4.9575;;4.8995;5.0200;In Fine;;réalisée;https://www.umoatitres.org/fr/emission/bons-assimilables-du-tresor-du-niger-du-05-12-2019/
Burkina Faso;;BAT;;2019-12-04;2019-12-05;2020-12-02;12;;20000;85296.0000;22000.0000;BF0000001370;multiple;;4.9997;;4.9490;5.2100;In Fine;;réalisée;https://www.umoatitres.org/fr/emission/bons-assimilables-du-tresor-du-burkina-faso-du-04-12-2019/
Niger;;BAT;;2019-11-29;2019-12-02;2020-11-29;12;;20000;57663.0000;22000.0000;NE0000000973;multiple;;5.0000;;4.9642;5.2300;In Fine;;réalisée;https://www.umoatitres.org/fr/emission/bons-assimilables-du-tresor-du-niger-du-29-11-2019/
Niger;;BAT;;2019-11-07;2019-11-08;2020-11-05;12;;20000;33284.0000;22000.0000;NE0000000965;multiple;;5.1500;;5.0818;5.3600;In Fine;;réalisée;https://www.umoatitres.org/fr/emission/bons-assimilables-du-tresor-du-niger-du-07-11-2019/
Burkina Faso;;BAT;;2019-11-06;2019-11-07;2020-11-04;12;;10000;65966.0000;11000.0000;BF0000001354;multiple;;5.0489;;5.0306;5.3000;In Fine;;réalisée;https://www.umoatitres.org/fr/emission/bons-assimilables-du-tresor-du-burkina-faso-du-06-11-2019/
Niger;;BAT;;2019-10-24;2019-10-25;2020-10-22;12;;20000;34442.0000;22000.0000;NE0000000957;multiple;;5.4500;;5.2620;5.5600;In Fine;;réalisée;https://www.umoatitres.org/fr/emission/bons-assimilables-du-tresor-du-niger-du-24-10-2019/
Mali;;BAT;;2019-10-09;2019-10-10;2020-10-07;12;;20000;59497.0000;22000.0000;ML0000001239;multiple;;5.2500;;5.2253;5.5200;In Fine;;réalisée;https://www.umoatitres.org/fr/emission/bons-assimilables-du-tresor-du-mali-du-09-10-2019/
Niger;;BAT;;2019-10-02;2019-10-03;2020-09-30;12;;20000;16553.0000;16553.0000;NE0000000932;multiple;;6.0000;;5.4241;5.7400;In Fine;;réalisée;https://www.umoatitres.org/fr/emission/bons-assimilables-du-tresor-du-niger-du-02-10-2019/
Burkina Faso;;BAT;;2019-10-01;2019-10-02;2020-09-29;12;;25000;38225.0000;27500.0000;BF0000001347;multiple;;5.3000;;5.1559;5.4400;In Fine;;réalisée;https://www.umoatitres.org/fr/emission/bons-assimilables-du-tresor-du-burkina-faso-du-01-10-2019/
Côte d'Ivoire;;BAT;;2019-09-27;2019-09-30;2019-12-29;3;;25000;56506.0000;27500.0000;CI0000003075;multiple;;4.0900;;4.0731;4.1200;In Fine;;réalisée;https://www.umoatitres.org/fr/emission/bons-assimilables-du-tresor-de-la-cote-divoire-du-27-09-2019/
Niger;;BAT;;2019-09-26;2019-09-27;2019-12-26;3;;25000;59923.0000;27500.0000;NE0000000924;multiple;;5.2498;;5.0681;5.1300;In Fine;;réalisée;https://www.umoatitres.org/fr/emission/bons-assimilables-du-tresor-du-niger-du-26-09-2019/
Côte d'Ivoire;;BAT;;2019-09-24;2019-09-25;2019-12-24;3;;25000;73508.0000;27500.0000;CI0000003083;multiple;;4.3000;;4.2171;4.2600;In Fine;;réalisée;https://www.umoatitres.org/fr/emission/bons-assimilables-du-tresor-de-la-cote-divoire-du-24-09-2019/
Niger;;BAT;;2019-09-12;2019-09-13;2020-09-10;12;;20000;35322.0000;22000.0000;NE0000000916;multiple;;5.4990;;5.3695;5.6800;In Fine;;réalisée;https://www.umoatitres.org/fr/emission/bons-assimilables-du-tresor-du-niger-du-12-09-2019/
Niger;;BAT;;2019-08-22;2019-08-23;2020-08-20;12;;20000;56375.0000;22000.0000;NE0000000908;multiple;;5.4999;;5.1059;5.3800;In Fine;;réalisée;https://www.umoatitres.org/fr/emission/bons-assimilables-du-tresor-du-niger-du-22-08-2019/
Burkina Faso;;BAT;;2019-08-21;2019-08-22;2020-08-19;12;;20000;70994.0000;22000.0000;BF0000001321;multiple;;5.2500;;5.1620;5.4500;In Fine;;réalisée;https://www.umoatitres.org/fr/emission/bons-assimilables-du-tresor-du-burkina-faso-du-21-08-2019/
Côte d'Ivoire;;BAT;;2019-08-20;2019-08-21;2019-11-19;3;;25000;44039.0000;27500.0000;CI0000003026;multiple;;4.8000;;4.7604;4.8200;In Fine;;réalisée;https://www.umoatitres.org/fr/emission/bons-assimilables-du-tresor-de-la-cote-divoire-du-20-08-2019/
Niger;;BAT;;2019-08-08;2019-08-09;2020-08-06;12;;20000;42954.0000;22000.0000;NE0000000890;multiple;;5.7000;;5.4943;5.8175;In Fine;;réalisée;https://www.umoatitres.org/fr/emission/bons-assimilables-du-tresor-du-niger-du-08-08-2019/
Niger;;BAT;;2019-07-30;2019-07-31;2020-07-28;12;;20000;27495.0000;22000.0000;NE0000000882;multiple;;5.8000;;5.4443;5.7615;In Fine;;réalisée;https://www.umoatitres.org/fr/emission/bons-assimilables-du-tresor-du-niger-du-30-07-2019/
Burkina Faso;;BAT;;2019-07-24;2019-07-25;2020-07-22;12;;20000;91880.0000;22000.0000;BF0000001305;multiple;;5.2500;;5.1532;5.4365;In Fine;;réalisée;https://www.umoatitres.org/fr/emission/bons-assimilables-du-tresor-du-burkina-faso-du-24-07-2019/
Côte d'Ivoire;;BAT;;2019-07-16;2019-07-17;2019-10-15;3;;25000;30558.0000;27500.0000;CI0000002978;multiple;;5.5000;;4.8009;4.8600;In Fine;;réalisée;https://www.umoatitres.org/fr/emission/bons-assimilables-du-tresor-de-la-cote-divoire-du-16-07-2019/
Niger;;BAT;;2019-07-04;2019-07-05;2020-07-02;12;;20000;58254.0000;22000.0000;NE0000000866;multiple;;5.9000;;5.8461;6.2133;In Fine;;réalisée;https://www.umoatitres.org/fr/emission/bons-assimilables-du-tresor-du-niger-du-04-07-2019/
Niger;;BAT;;2019-06-27;2019-06-28;2020-06-25;12;;20000;33456.0000;22000.0000;NE0000000858;multiple;;5.9999;;5.8699;6.2403;In Fine;;réalisée;https://www.umoatitres.org/fr/emission/bons-assimilables-du-tresor-du-niger-du-27-06-2019/
Burkina Faso;;BAT;;2019-06-26;2019-06-27;2019-09-25;3;;25000;32867.0000;25597.0000;BF0000001289;multiple;;5.7500;;5.3327;5.4056;In Fine;;réalisée;https://www.umoatitres.org/fr/emission/bons-assimilables-du-tresor-du-burkina-faso-du-26-06-2019/
Côte d'Ivoire;;BAT;;2019-06-24;2019-06-25;2019-09-23;3;;25000;45952.0000;27500.0000;CI0000002929;multiple;;4.4000;;4.3318;4.3800;In Fine;;réalisée;https://www.umoatitres.org/fr/emission/bons-assimilables-du-tresor-de-la-cote-divoire-du-24-06-2019/
Niger;;BAT;;2019-06-20;2019-06-21;2019-12-19;6;;40000;79211.0000;44000.0000;NE0000000841;multiple;;5.8000;;5.6134;5.7773;In Fine;;réalisée;https://www.umoatitres.org/fr/emission/bons-assimilables-du-tresor-du-niger-du-20-06-2019/
Togo;;BAT;;2019-06-14;2019-06-17;2020-06-14;12;;20000;21354.0000;15729.0000;TG0000001262;multiple;;6.0000;;5.8257;6.1904;In Fine;;réalisée;https://www.umoatitres.org/fr/emission/bons-assimilables-du-tresor-du-togo-du-14-06-2019/
Bénin;;BAT;;2019-06-13;2019-06-14;2019-09-12;3;;25000;26646.0000;26646.0000;BJ0000001251;multiple;;6.0000;;5.6957;5.7789;In Fine;;réalisée;https://www.umoatitres.org/fr/emission/bons-assimilables-du-tresor-du-benin-du-13-06-2019/
Mali;;BAT;;2019-06-12;2019-06-13;2020-06-10;12;;20000;43642.0000;22000.0000;ML0000001163;multiple;;5.5000;;5.3198;5.6200;In Fine;;réalisée;https://www.umoatitres.org/fr/emission/bons-assimilables-du-tresor-du-mali-du-12-06-2019/
Niger;;BAT;;2019-05-28;2019-05-29;2020-05-26;12;;20000;27213.0000;22000.0000;NE0000000833;multiple;;5.8500;;5.6118;5.9494;In Fine;;réalisée;https://www.umoatitres.org/fr/emission/bons-assimilables-du-tresor-du-niger-du-28-05-2019/
Côte d'Ivoire;;BAT;;2019-05-27;2019-05-28;2019-08-26;3;;25000;34707.0000;27500.0000;CI0000002887;multiple;;4.5000;;4.4803;4.5300;In Fine;;réalisée;https://www.umoatitres.org/fr/emission/bons-assimilables-du-tresor-de-la-cote-divoire-du-27-05-2019/
Burkina Faso;;BAT;;2019-05-22;2019-05-23;2020-05-20;12;;20000;67554.0000;22000.0000;BF0000001263;multiple;;5.3798;;5.1206;5.4000;In Fine;;réalisée;https://www.umoatitres.org/fr/emission/bons-assimilables-du-tresor-du-burkina-faso-du-22-05-2019/
Bénin;;BAT;;2019-05-16;2019-05-17;2019-11-14;6;;25000;50911.0000;27500.0000;BJ0000001244;multiple;;5.3500;;5.0652;5.1983;In Fine;;réalisée;https://www.umoatitres.org/fr/emission/bons-assimilables-du-tresor-du-benin-du-16-05-2019/
Mali;;BAT;;2019-05-15;2019-05-16;2020-05-13;12;;25000;70430.0000;27500.0000;ML0000001148;multiple;;5.5898;;5.4907;5.8100;In Fine;;réalisée;https://www.umoatitres.org/fr/emission/bons-assimilables-du-tresor-du-mali-du-15-05-2019/
Côte d'Ivoire;;BAT;;2019-05-14;2019-05-15;2019-08-13;3;;25000;57211.0000;27500.0000;CI0000002853;multiple;;4.4900;;4.3818;4.4309;In Fine;;réalisée;https://www.umoatitres.org/fr/emission/bons-assimilables-du-tresor-de-la-cote-divoire-du-14-05-2019/
Côte d'Ivoire;;BAT;;2019-04-26;2019-04-29;2019-07-28;3;;30000;69645.0000;33000.0000;CI0000002820;multiple;;4.8500;;4.8377;4.9000;In Fine;;réalisée;https://www.umoatitres.org/fr/emission/bons-assimilables-du-tresor-de-la-cote-divoire-du-26-04-2019/
Togo;;BAT;;2019-04-19;2019-04-23;2020-04-20;12;;20000;77135.0000;22000.0000;TG0000001247;multiple;;5.7497;;5.6305;5.9700;In Fine;;réalisée;https://www.umoatitres.org/fr/emission/bons-assimilables-du-tresor-du-togo-du-19-04-2019/
Burkina Faso;;BAT;;2019-04-17;2019-04-18;2020-04-15;12;;25000;87362.0000;27500.0000;BF0000001230;multiple;;5.8000;;5.7971;6.1581;In Fine;;réalisée;https://www.umoatitres.org/fr/emission/bons-assimilables-du-tresor-du-burkina-faso-du-17-04-2019/
Côte d'Ivoire;;BAT;;2019-04-12;2019-04-15;2019-07-14;3;;25000;45955.0000;27500.0000;CI0000002812;multiple;;5.0500;;5.0332;5.1000;In Fine;;réalisée;https://www.umoatitres.org/fr/emission/bons-assimilables-du-tresor-de-la-cote-divoire-du-12-04-2019/
Niger;;BAT;;2019-04-11;2019-04-12;2020-04-09;12;;20000;68364.0000;22000.0000;NE0000000817;multiple;;6.0000;;5.9982;6.3900;In Fine;;réalisée;https://www.umoatitres.org/fr/emission/bons-assimilables-du-tresor-du-niger-du-11-04-2019/
Burkina Faso;;BAT;;2019-04-03;2019-04-04;2019-07-03;3;;25000;61179.0000;27500.0000;BF0000001222;multiple;;5.8500;;5.8103;5.8970;In Fine;;réalisée;https://www.umoatitres.org/fr/emission/bons-assimilables-du-tresor-du-burkina-faso-du-03-04-2019/
Côte d'Ivoire;;BAT;;2019-03-26;2019-03-27;2019-09-24;6;;30000;18260.0000;15750.0000;CI0000002796;multiple;;5.5500;;5.3782;5.5285;In Fine;;réalisée;https://www.umoatitres.org/fr/emission/bons-assimilables-du-tresor-de-la-cote-divoire-du-26-03-2019/
Côte d'Ivoire;;BAT;;2019-03-13;2019-03-14;2019-09-11;6;;30000;18168.0000;16158.0000;CI0000002770;multiple;;5.5500;;5.3758;5.5300;In Fine;;réalisée;https://www.umoatitres.org/fr/emission/bons-assimilables-du-tresor-de-la-cote-divoire-du-13-03-2019/
Burkina Faso;;BAT;;2019-03-06;2019-03-07;2020-03-04;12;;30000;51329.0000;33000.0000;BF0000001214;multiple;;6.3240;;6.2473;6.6686;In Fine;;réalisée;https://www.umoatitres.org/fr/emission/bons-assimilables-du-tresor-du-burkina-faso-du-06-03-2019/
Côte d'Ivoire;;BAT;;2019-03-05;2019-03-06;2019-06-04;3;;30000;46040.0000;33000.0000;CI0000002762;multiple;;5.1000;;5.0463;5.1100;In Fine;;réalisée;https://www.umoatitres.org/fr/emission/bons-assimilables-du-tresor-de-la-cote-divoire-du-05-03-2019/
Côte d'Ivoire;;BAT;;2019-02-26;2019-02-27;2019-08-27;6;;30000;30508.0000;26500.0000;CI0000002754;multiple;;5.5000;;5.3611;5.5100;In Fine;;réalisée;https://www.umoatitres.org/fr/emission/bons-assimilables-du-tresor-de-la-cote-divoire-du-26-02-2019/
Bénin;;BAT;;2019-02-21;2019-02-22;2019-08-22;6;;25000;26890.0000;25000.0000;BJ0000001202;multiple;;6.3498;;6.1030;6.3000;In Fine;;réalisée;https://www.umoatitres.org/fr/emission/bons-assimilables-du-tresor-du-benin-du-21-02-2019/
Niger;;BAT;;2019-02-14;2019-02-15;2020-02-13;12;;25000;37466.0000;27068.0000;NE0000000783;multiple;;6.3000;;6.1608;6.5700;In Fine;;réalisée;https://www.umoatitres.org/fr/emission/bons-assimilables-du-tresor-du-niger-du-14-02-2019/
Mali;;BAT;;2019-02-13;2019-02-14;2020-02-12;12;;20000;37742.0000;22000.0000;ML0000001098;multiple;;6.3075;;6.0647;6.4600;In Fine;;réalisée;https://www.umoatitres.org/fr/emission/bons-assimilables-du-tresor-du-mali-du-13-02-2019/
Côte d'Ivoire;;BAT;;2019-02-12;2019-02-13;2020-02-11;12;;35000;35510.0000;33002.0000;CI0000002739;multiple;;5.8000;;5.7502;6.1051;In Fine;;réalisée;https://www.umoatitres.org/fr/emission/bons-assimilables-du-tresor-de-la-cote-divoire-du-12-02-2019/
Burkina Faso;;BAT;;2019-02-06;2019-02-07;2019-08-07;6;;30000;32381.0000;30000.0000;BF0000001180;multiple;;6.4000;;6.1619;6.3601;In Fine;;réalisée;https://www.umoatitres.org/fr/emission/bons-assimilables-du-tresor-du-burkina-faso-du-06-02-2019/
Côte d'Ivoire;;BAT;;2019-02-04;2019-02-05;2019-05-06;3;;30000;47273.0000;33000.0000;CI0000002713;multiple;;5.1497;;5.0567;5.1222;In Fine;;réalisée;https://www.umoatitres.org/fr/emission/bons-assimilables-du-tresor-de-la-cote-divoire-du-04-02-2019/
Côte d'Ivoire;;BAT;;2019-01-29;2019-01-30;2019-07-30;6;;30000;44330.0000;33000.0000;CI0000002705;multiple;;5.6995;;5.5311;5.6903;In Fine;;réalisée;https://www.umoatitres.org/fr/emission/bons-assimilables-du-tresor-de-la-cote-divoire-du-29-01-2019/
Niger;;BAT;;2019-01-17;2019-01-18;2020-01-16;12;;20000;29803.0000;21923.0000;NE0000000775;multiple;;6.4500;;6.2320;6.6511;In Fine;;réalisée;https://www.umoatitres.org/fr/emission/bons-assimilables-du-tresor-du-niger-du-17-01-2019/
Mali;;BAT;;2019-01-16;2019-01-17;2020-01-15;12;;20000;39584.0000;22000.0000;ML0000001072;multiple;;6.2499;;5.9615;6.3400;In Fine;;réalisée;https://www.umoatitres.org/fr/emission/bons-assimilables-du-tresor-du-mali-du-16-01-2019/
Côte d'Ivoire;;BAT;;2019-01-15;2019-01-16;2020-01-14;12;;35000;46735.0000;38500.0000;CI0000002671;multiple;;5.8000;;5.4966;5.8200;In Fine;;réalisée;https://www.umoatitres.org/fr/emission/bons-assimilables-du-tresor-de-la-cote-divoire-du-15-01-2019/
Côte d'Ivoire;;BAT;;2019-01-11;2019-01-14;2019-04-14;3;;30000;40702.0000;30000.0000;CI0000002689;multiple;;5.0997;;4.8802;4.9400;In Fine;;réalisée;https://www.umoatitres.org/fr/emission/bons-assimilables-du-tresor-de-la-cote-divoire-du-11-01-2019/
Togo;;BAT;;2019-01-10;2019-01-11;2020-01-09;12;;20000;18625.0000;13625.0000;TG0000001163;multiple;;6.5000;;6.4418;6.8900;In Fine;;réalisée;https://www.umoatitres.org/fr/emission/bons-assimilables-du-tresor-du-togo-du-10-01-2019/
Bénin;;BAT;;2019-01-09;2019-01-11;2020-01-09;12;;20000;36211.0000;21947.0000;BJ0000001186;multiple;;6.4500;;6.3099;6.7399;In Fine;;réalisée;https://www.umoatitres.org/fr/emission/bons-assimilables-du-tresor-du-benin-du-09-01-2019/
Burkina Faso;;BAT;;2019-01-08;2019-01-09;2020-01-07;12;;25000;25313.0000;25313.0000;BF0000001156;multiple;;6.5000;;6.2257;6.6400;In Fine;;réalisée;https://www.umoatitres.org/fr/emission/bons-assimilables-du-tresor-du-burkina-faso-du-08-01-2019/
Guinée Bissau;;BAT;;2018-12-20;2018-12-21;2019-06-20;6;;10000;5239.0000;5239.0000;GW0000000186;multiple;;6.4995;;6.3125;6.5200;In Fine;;réalisée;https://www.umoatitres.org/fr/emission/bons-assimilables-du-tresor-de-la-guinee-bissau-du-20-12-2018/
Mali;;BAT;;2018-12-12;2018-12-13;2019-06-12;6;;20000;28134.0000;20000.0000;ML0000001064;multiple;;6.0000;;5.8545;6.0300;In Fine;;réalisée;https://www.umoatitres.org/fr/emission/bons-assimilables-du-tresor-du-mali-du-12-12-2018/
Niger;;BAT;;2018-11-30;2018-12-03;2019-12-01;12;;25000;33297.0000;27500.0000;NE0000000767;multiple;;6.5500;;6.1493;6.5600;In Fine;;réalisée;https://www.umoatitres.org/fr/emission/bons-assimilables-du-tresor-du-niger-du-30-11-2018/
Burkina Faso;;BAT;;2018-11-28;2018-11-29;2019-05-29;6;;30000;18965.0000;17945.0000;BF0000001107;multiple;;6.0000;;5.9243;6.1100;In Fine;;réalisée;https://www.umoatitres.org/fr/emission/bons-assimilables-du-tresor-du-burkina-faso-du-28-11-2018/
Mali;;BAT;;2018-11-21;2018-11-22;2019-11-20;12;;20000;45490.0000;22000.0000;ML0000001056;multiple;;5.9900;;5.9666;6.3500;In Fine;;réalisée;https://www.umoatitres.org/fr/emission/bons-assimilables-du-tresor-du-mali-du-21-11-2018/
Niger;;BAT;;2018-11-13;2018-11-14;2019-05-14;6;;25000;48560.0000;27500.0000;NE0000000759;multiple;;6.0995;;6.0692;6.2613;In Fine;;réalisée;https://www.umoatitres.org/fr/emission/bons-assimilables-du-tresor-du-niger-du-13-11-2018/
Burkina Faso;;BAT;;2018-11-05;2018-11-06;2019-11-04;12;;25000;32834.0000;25134.0000;BF0000001081;multiple;;6.2000;;6.0087;6.3974;In Fine;;réalisée;https://www.umoatitres.org/fr/emission/bons-assimilables-du-tresor-du-burkina-faso-du-05-11-2018/
Mali;;BAT;;2018-10-24;2018-10-25;2019-10-23;12;;20000;36225.0000;22000.0000;ML0000001023;multiple;;6.0500;;6.0345;6.4300;In Fine;;réalisée;https://www.umoatitres.org/fr/emission/bons-assimilables-du-tresor-du-mali-du-24-10-2018/
Niger;;BAT;;2018-10-23;2018-10-24;2018-11-20;1;;15000;9715.0000;9715.0000;NE0000000734;multiple;;6.0000;;5.5386;5.5626;In Fine;;réalisée;https://www.umoatitres.org/fr/emission/bons-assimilables-du-tresor-du-niger-du-23-10-2018/
Côte d'Ivoire;;BAT;;2018-10-16;2018-10-17;2018-11-13;1;;30000;89570.0000;33000.0000;CI0000002630;multiple;;3.5000;;3.4127;3.4218;In Fine;;réalisée;https://www.umoatitres.org/fr/emission/bons-assimilables-du-tresor-de-la-cote-divoire-du-16-10-2018/
Togo;;BAT;;2018-10-12;2018-10-15;2019-10-13;12;;25000;25534.0000;24134.0000;TG0000001155;multiple;;6.5000;;6.1464;6.5537;In Fine;;réalisée;https://www.umoatitres.org/fr/emission/bons-assimilables-du-tresor-du-togo-du-12-10-2018/
Burkina Faso;;BAT;;2018-10-03;2018-10-04;2019-10-02;12;;25000;22695.0000;21970.0000;BF0000001065;multiple;;6.1498;;6.0520;6.4465;In Fine;;réalisée;https://www.umoatitres.org/fr/emission/bons-assimilables-du-tresor-du-burkina-faso-du-03-10-2018/
Togo;;BAT;;2018-09-28;2018-10-01;2019-09-29;12;;20000;16925.0000;16925.0000;TG0000001148;multiple;;6.5000;;6.1382;6.5444;In Fine;;réalisée;https://www.umoatitres.org/fr/emission/bons-assimilables-du-tresor-du-togo-du-28-09-2018/
Guinée Bissau;;BAT;;2018-09-25;2018-09-26;2019-09-24;12;;5000;8428.0000;5500.0000;GW0000000160;multiple;;6.1900;;6.0602;6.4558;In Fine;;réalisée;https://www.umoatitres.org/fr/emission/bons-assimilables-du-tresor-de-la-guinee-bissau-du-25-09-2018/
Burkina Faso;;BAT;;2018-09-19;2018-09-21;2019-09-19;12;;25000;49062.0000;27500.0000;BF0000001057;multiple;;6.0000;;5.8725;6.2432;In Fine;;réalisée;https://www.umoatitres.org/fr/emission/bons-assimilables-du-tresor-du-burkina-faso-du-19-09-2018/
Niger;;BAT;;2018-09-13;2018-09-14;2018-12-13;3;;30000;39587.0000;33000.0000;NE0000000692;multiple;;6.0200;;5.8032;5.8896;In Fine;;réalisée;https://www.umoatitres.org/fr/emission/bons-assimilables-du-tresor-du-niger-du-13-09-2018/
Côte d'Ivoire;;BAT;;2018-09-11;2018-09-12;2018-12-11;3;;30000;61021.0000;32654.0000;CI0000002606;multiple;;4.4800;;4.3606;4.4100;In Fine;;réalisée;https://www.umoatitres.org/fr/emission/bons-assimilables-du-tresor-de-la-cote-divoire-du-11-09-2018/
Niger;;BAT;;2018-08-30;2018-08-31;2019-08-29;12;;20000;32239.0000;22000.0000;NE0000000684;multiple;;6.1500;;6.0483;6.4423;In Fine;;réalisée;https://www.umoatitres.org/fr/emission/bons-assimilables-du-tresor-du-niger-du-30-08-2018/
Côte d'Ivoire;;BAT;;2018-08-29;2018-08-30;2018-11-28;3;;30000;79137.0000;33000.0000;CI0000002598;multiple;;5.0000;;4.6844;4.7405;In Fine;;réalisée;https://www.umoatitres.org/fr/emission/bons-assimilables-du-tresor-de-la-cote-divoire-du-29-08-2018/
Burkina Faso;;BAT;;2018-08-20;2018-08-21;2019-08-19;12;;25000;18278.0000;17478.0000;BF0000001032;multiple;;6.2187;;5.8875;6.2602;In Fine;;réalisée;https://www.umoatitres.org/fr/emission/bons-assimilables-du-tresor-du-burkina-faso-du-20-08-2018/
Mali;;BAT;;2018-08-16;2018-08-17;2019-08-15;12;;25000;45384.0000;27500.0000;ML0000000991;multiple;;6.1501;;6.0406;6.4335;In Fine;;réalisée;https://www.umoatitres.org/fr/emission/bons-assimilables-du-tresor-du-mali-du-16-08-2018/
Bénin;;BAT;;2018-08-09;2018-08-10;2019-02-07;6;;25000;65668.0000;27500.0000;BJ0000001111;multiple;;5.9575;;5.8573;6.0361;In Fine;;réalisée;https://www.umoatitres.org/fr/emission/bons-assimilables-du-tresor-du-benin-du-09-08-2018/
Burkina Faso;;BAT;;2018-07-25;2018-07-26;2019-07-24;12;;25000;44742.0000;27500.0000;BF0000000976;multiple;;6.0000;;5.9559;6.3375;In Fine;;réalisée;https://www.umoatitres.org/fr/emission/bons-assimilables-du-tresor-du-burkina-faso-du-25-07-2018/
Niger;;BAT;;2018-07-19;2018-07-20;2019-07-18;12;;15000;23135.0000;16500.0000;NE0000000643;multiple;;6.4498;;6.3410;6.7754;In Fine;;réalisée;https://www.umoatitres.org/fr/emission/bons-assimilables-du-tresor-du-niger-du-19-07-2018/
Côte d'Ivoire;;BAT;;2018-07-17;2018-07-18;2018-10-16;3;;35000;86711.0000;36296.0000;CI0000002580;multiple;;5.1498;;5.0516;5.1169;In Fine;;réalisée;https://www.umoatitres.org/fr/emission/bons-assimilables-du-tresor-de-la-cote-divoire-du-17-07-2018/
Bénin;;BAT;;2018-07-10;2018-07-11;2019-07-09;12;;25000;28624.0000;27500.0000;BJ0000001103;multiple;;6.3000;;6.2861;6.7128;In Fine;;réalisée;https://www.umoatitres.org/fr/emission/bons-assimilables-du-tresor-du-benin-du-10-07-2018/
Mali;;BAT;;2018-07-04;2018-07-05;2019-07-03;12;;25000;20925.0000;20725.0000;ML0000000967;multiple;;6.5000;;6.3101;6.7401;In Fine;;réalisée;https://www.umoatitres.org/fr/emission/bons-assimilables-du-tresor-du-mali-du-04-07-2018/
Togo;;BAT;;2018-06-22;2018-06-25;2019-06-23;12;;20000;22536.0000;21536.0000;TG0000001098;multiple;;6.7805;;6.3474;6.7827;In Fine;;réalisée;https://www.umoatitres.org/fr/emission/bons-assimilables-du-tresor-du-togo-du-22-06-2018/
Bénin;;BAT;;2018-06-21;2018-06-22;2019-06-20;12;;20000;24579.0000;22000.0000;BJ0000001079;multiple;;6.3999;;6.0822;6.4808;In Fine;;réalisée;https://www.umoatitres.org/fr/emission/bons-assimilables-du-tresor-du-benin-du-21-06-2018/
Burkina Faso;;BAT;;2018-06-13;2018-06-14;2018-09-12;3;;25000;71650.0000;27500.0000;BF0000000935;multiple;;5.7498;;5.4969;5.5744;In Fine;;réalisée;https://www.umoatitres.org/fr/emission/bons-assimilables-du-tresor-du-burkina-faso-du-13-06-2018/
Mali;;BAT;;2018-05-23;2018-05-24;2019-05-22;12;;20000;20109.0000;19409.0000;ML0000000934;multiple;;6.5000;;6.0765;6.4743;In Fine;;réalisée;https://www.umoatitres.org/fr/emission/bons-assimilables-du-tresor-du-mali-du-23-05-2018/
Burkina Faso;;BAT;;2018-05-16;2018-05-17;2018-12-18;7.17;;20000;45334.0000;22000.0000;BF0000000836;multiple;;6.1499;;6.0579;6.2864;In Fine;;réalisée;https://www.umoatitres.org/fr/emission/bons-assimilables-du-tresor-du-burkina-faso-du-16-05-2018/
Togo;;BAT;;2018-05-04;2018-05-07;2019-05-05;12;;20000;24737.0000;22000.0000;TG0000001072;multiple;;6.7500;;6.4821;6.9367;In Fine;;réalisée;https://www.umoatitres.org/fr/emission/bons-assimilables-du-tresor-du-togo-du-04-05-2018/
Burkina Faso;;BAT;;2018-05-02;2018-05-03;2019-02-20;10;;20000;28280.0000;22000.0000;BF0000000877;multiple;;6.2500;;6.0866;6.4050;In Fine;;réalisée;https://www.umoatitres.org/fr/emission/bons-assimilables-du-tresor-du-burkina-faso-du-02-05-2018/
Niger;;BAT;;2018-04-27;2018-04-30;2018-10-28;6;;20000;35879.0000;22000.0000;NE0000000569;multiple;;6.4495;;5.9809;6.1674;In Fine;;réalisée;https://www.umoatitres.org/fr/emission/bons-assimilables-du-tresor-du-niger-du-27-04-2018/
Mali;;BAT;;2018-04-25;2018-04-26;2019-04-24;12;;20000;46550.0000;22000.0000;ML0000000926;multiple;;6.0999;;5.9878;6.3737;In Fine;;réalisée;https://www.umoatitres.org/fr/emission/bons-assimilables-du-tresor-du-mali-du-25-04-2018/
Burkina Faso;;BAT;;2018-04-18;2018-04-19;2019-04-17;12;;20000;56988.0000;22000.0000;BF0000000901;multiple;;6.2500;;6.1554;6.5639;In Fine;;réalisée;https://www.umoatitres.org/fr/emission/bons-assimilables-du-tresor-du-burkina-faso-du-18-04-2018/
Bénin;;BAT;;2018-04-13;2018-04-16;2019-04-15;12;;20000;50381.0000;22000.0000;BJ0000001038;multiple;;6.4500;;6.2629;6.6876;In Fine;;réalisée;https://www.umoatitres.org/fr/emission/bons-assimilables-du-tresor-du-benin-du-13-04-2018/
Bénin;;BAT;;2018-03-29;2018-03-30;2018-06-28;3;;20000;24369.0000;22000.0000;BJ0000001020;multiple;;6.5000;;6.3758;6.4802;In Fine;;réalisée;https://www.umoatitres.org/fr/emission/bons-assimilables-du-tresor-du-benin-du-29-03-2018/
Mali;;BAT;;2018-03-28;2018-03-29;2018-09-26;6;;25000;13833.0000;13033.0000;ML0000000900;multiple;;6.5000;;6.3951;6.6088;In Fine;;réalisée;https://www.umoatitres.org/fr/emission/bons-assimilables-du-tresor-du-mali-du-28-03-2018/
Niger;;BAT;;2018-03-26;2018-03-27;2018-09-24;6;;20000;19000.0000;19000.0000;NE0000000551;multiple;;6.8500;;6.7311;6.9682;In Fine;;réalisée;https://www.umoatitres.org/fr/emission/bons-assimilables-du-tresor-du-niger-du-26-03-2018/
Togo;;BAT;;2018-03-16;2018-03-19;2019-03-17;12;;20000;17820.0000;17820.0000;TG0000001031;multiple;;6.9055;;6.6203;7.0952;In Fine;;réalisée;https://www.umoatitres.org/fr/emission/bons-assimilables-du-tresor-du-togo-du-16-03-2018/
Mali;;BAT;;2018-03-14;2018-03-15;2019-03-13;12;;25000;14515.0000;13515.0000;ML0000000892;multiple;;6.5000;;6.4554;6.9062;In Fine;;réalisée;https://www.umoatitres.org/fr/emission/bons-assimilables-du-tresor-du-mali-du-14-03-2018/
Burkina Faso;;BAT;;2018-03-07;2018-03-08;2019-03-06;12;;30000;23664.0000;20664.0000;BF0000000893;multiple;;6.5000;;6.4665;6.9189;In Fine;;réalisée;https://www.umoatitres.org/fr/emission/bons-assimilables-du-tresor-du-burkina-faso-du-07-03-2018/
Côte d'Ivoire;;BAT;;2018-02-27;2018-02-28;2018-08-28;6;;40000;28301.0000;28301.0000;CI0000002523;multiple;;5.7000;;5.2904;5.4358;In Fine;;réalisée;https://www.umoatitres.org/fr/emission/bons-assimilables-du-tresor-de-la-cote-divoire-du-27-02-2018/
Niger;;BAT;;2018-02-22;2018-02-23;2018-08-23;6;;20000;17611.0000;17611.0000;NE0000000528;multiple;;6.7500;;6.4311;6.6472;In Fine;;réalisée;https://www.umoatitres.org/fr/emission/bons-assimilables-du-tresor-du-niger-du-22-02-2018/
Burkina Faso;;BAT;;2018-02-21;2018-02-22;2019-02-20;12;;25000;18566.0000;18566.0000;BF0000000877;multiple;;6.5000;;6.4183;6.8637;In Fine;;réalisée;https://www.umoatitres.org/fr/emission/bons-assimilables-du-tresor-du-burkina-faso-du-21-02-2018/
Togo;;BAT;;2018-02-16;2018-02-19;2019-02-17;12;;20000;19063.0000;19063.0000;TG0000001023;multiple;;6.9000;;6.5751;7.0434;In Fine;;réalisée;https://www.umoatitres.org/fr/emission/bons-assimilables-du-tresor-du-togo-du-16-02-2018/
Guinée Bissau;;BAT;;2018-02-13;2018-02-14;2019-02-12;12;;6000;4450.0000;4350.0000;GW0000000129;multiple;;6.4994;;6.2810;6.7069;In Fine;;réalisée;https://www.umoatitres.org/fr/emission/bons-assimilables-du-tresor-de-la-guinee-bissau-du-13-02-2018/
Burkina Faso;;BAT;;2018-02-07;2018-02-08;2018-08-08;6;;25000;37431.0000;25338.0000;BF0000000869;multiple;;6.2600;;6.1248;6.3205;In Fine;;réalisée;https://www.umoatitres.org/fr/emission/bons-assimilables-du-tresor-du-burkina-faso-du-07-02-2018/
Côte d'Ivoire;;BAT;;2018-02-06;2018-02-07;2019-02-05;12;;35000;36401.0000;30806.0000;CI0000002507;multiple;;5.8000;;5.6071;5.9441;In Fine;;réalisée;https://www.umoatitres.org/fr/emission/bons-assimilables-du-tresor-de-la-cote-divoire-du-06-02-2018/
Niger;;BAT;;2018-01-25;2018-01-26;2019-01-24;12;;25000;21667.0000;20357.0000;NE0000000510;multiple;;6.5000;;6.4200;6.8657;In Fine;;réalisée;https://www.umoatitres.org/fr/emission/bons-assimilables-du-tresor-du-niger-du-25-01-2018/
Mali;;BAT;;2018-01-17;2018-01-18;2019-01-16;12;;25000;23391.0000;18619.0000;ML0000000868;multiple;;6.5000;;6.3447;6.7796;In Fine;;réalisée;https://www.umoatitres.org/fr/emission/bons-assimilables-du-tresor-du-mali-du-17-01-2018/
Côte d'Ivoire;;BAT;;2018-01-16;2018-01-17;2019-01-15;12;;35000;39403.0000;28000.0000;CI0000002465;multiple;;5.8000;;5.7268;6.0788;In Fine;;réalisée;https://www.umoatitres.org/fr/emission/bons-assimilables-du-tresor-de-la-cote-divoire-du-16-01-2018/
Niger;;BAT;;2018-01-15;2018-01-16;2018-04-05;3;;25000;9000.0000;9000.0000;NE0000000502;multiple;;6.5000;;6.3278;6.4180;In Fine;;réalisée;https://www.umoatitres.org/fr/emission/bons-assimilables-du-tresor-du-niger-du-15-01-2018/
Togo;;BAT;;2018-01-12;2018-01-15;2019-01-13;12;;15000;5132.0000;5132.0000;TG0000001007;multiple;;6.9000;;6.7055;7.1932;In Fine;;réalisée;https://www.umoatitres.org/fr/emission/bons-assimilables-du-tresor-du-togo-du-12-01-2018/
Bénin;;BAT;;2018-01-11;2018-01-12;2019-01-10;12;;20000;19998.0000;19998.0000;BJ0000000980;multiple;;6.5000;;6.3381;6.7721;In Fine;;réalisée;https://www.umoatitres.org/fr/emission/bons-assimilables-du-tresor-du-benin-du-11-01-2018/
Burkina Faso;;BAT;;2018-01-09;2018-01-10;2019-01-08;12;;25000;19612.0000;19112.0000;BF0000000844;multiple;;6.5000;;6.3886;6.8298;In Fine;;réalisée;https://www.umoatitres.org/fr/emission/bons-assimilables-du-tresor-du-burkina-faso-du-09-01-2018/
Mali;;BAT;;2017-12-21;2017-12-22;2018-06-21;6;;15000;4000.0000;2500.0000;ML0000000843;multiple;;6.2500;;6.1200;6.3154;In Fine;;réalisée;https://www.umoatitres.org/fr/emission/bons-assimilables-du-tresor-du-mali-du-21-12-2017/
Burkina Faso;;BAT;;2017-12-19;2017-12-20;2018-12-18;12;;25000;10100.0000;6100.0000;BF0000000836;multiple;;6.5000;;6.4244;6.8707;In Fine;;réalisée;https://www.umoatitres.org/fr/emission/bons-assimilables-du-tresor-du-burkina-faso-du-19-12-2017/
Mali;;BAT;;2017-12-08;2017-12-11;2018-06-10;6;;25000;8792.0000;8792.0000;ML0000000835;multiple;;6.5000;;5.9758;6.1620;In Fine;;réalisée;https://www.umoatitres.org/fr/emission/bons-assimilables-du-tresor-du-mali-du-08-12-2017/
Côte d'Ivoire;;BAT;;2017-11-23;2017-11-24;2019-11-21;24;;50000;65500.0000;55000.0000;CI0000002432;multiple;;5.8000;;5.7800;6.5450;In Fine;;réalisée;https://www.umoatitres.org/fr/emission/bons-assimilables-du-tresor-de-la-cote-divoire-du-23-11-2017/
Niger;;BAT;;2017-11-16;2017-11-17;2018-05-17;6;;25000;12503.0000;12503.0000;NE0000000478;multiple;;6.5000;;6.2386;6.4418;In Fine;;réalisée;https://www.umoatitres.org/fr/emission/bons-assimilables-du-tresor-du-niger-du-16-11-2017/
Bénin;;BAT;;2017-11-09;2017-11-10;2018-11-08;12;;25000;18644.0000;15644.0000;BJ0000000923;multiple;;6.1500;;6.0137;6.4030;In Fine;;réalisée;https://www.umoatitres.org/fr/emission/bons-assimilables-du-tresor-du-benin-du-09-11-2017/
Burkina Faso;;BAT;;2017-11-07;2017-11-08;2018-05-08;6;;25000;21300.0000;21300.0000;BF0000000794;multiple;;6.2000;;5.6542;5.8206;In Fine;;réalisée;https://www.umoatitres.org/fr/emission/bons-assimilables-du-tresor-du-burkina-faso-du-07-11-2017/
Mali;;BAT;;2017-10-25;2017-10-26;2018-10-24;12;;15000;13751.0000;13751.0000;ML0000000819;multiple;;6.1000;;5.9242;6.3017;In Fine;;réalisée;https://www.umoatitres.org/fr/emission/bons-assimilables-du-tresor-du-mali-du-25-10-2017/
Burkina Faso;;BAT;;2017-10-17;2017-10-18;2018-04-17;6;;30000;34172.0000;30532.0000;BF0000000778;multiple;;5.9000;;5.6620;5.8289;In Fine;;réalisée;https://www.umoatitres.org/fr/emission/bons-assimilables-du-tresor-du-burkina-faso-du-17-10-2017/
Togo;;BAT;;2017-10-11;2017-10-12;2018-10-10;12;;25000;14262.0000;13402.0000;TG0000000942;multiple;;6.0000;;5.8758;6.2469;In Fine;;réalisée;https://www.umoatitres.org/fr/emission/bons-assimilables-du-tresor-du-togo-du-11-10-2017/
Bénin;;BAT;;2017-10-09;2017-10-10;2018-09-20;12;;15000;35835.0000;16500.0000;BJ0000000873;multiple;;5.8498;;5.7052;6.0362;In Fine;;réalisée;https://www.umoatitres.org/fr/emission/bons-assimilables-du-tresor-du-benin-du-09-10-2017/
Niger;;BAT;;2017-09-29;2017-10-02;2017-12-31;3;;15000;32165.0000;16500.0000;NE0000000452;multiple;;5.5000;;5.3060;5.3781;In Fine;;réalisée;https://www.umoatitres.org/fr/emission/bons-assimilables-du-tresor-du-niger-du-29-09-2017/
Côte d'Ivoire;;BAT;;2017-09-28;2017-09-29;2017-12-28;3;;30000;57972.0000;33000.0000;CI0000002390;multiple;;5.5000;;5.3340;5.4069;In Fine;;réalisée;https://www.umoatitres.org/fr/emission/bons-assimilables-du-tresor-de-la-cote-divoire-du-28-09-2017/
Sénégal;;BAT;;2017-09-26;2017-09-27;2018-09-25;12;;20000;34800.0000;22000.0000;SN0000001082;multiple;;5.8501;;5.4710;5.7914;In Fine;;réalisée;https://www.umoatitres.org/fr/emission/bons-assimilables-du-tresor-du-senegal-du-26-09-2017/
Mali;;BAT;;2017-09-20;2017-09-21;2018-03-21;6;;15000;38645.0000;16500.0000;ML0000000801;multiple;;5.5000;;5.2374;5.3798;In Fine;;réalisée;https://www.umoatitres.org/fr/emission/bons-assimilables-du-tresor-du-mali-du-20-09-2017/
Sénégal;;BAT;;2017-09-13;2017-09-14;2018-03-14;6;;20000;84769.0000;20510.0000;SN0000001074;multiple;;5.2495;;5.0290;5.1602;In Fine;;réalisée;https://www.umoatitres.org/fr/emission/bons-assimilables-du-tresor-du-senegal-du-13-09-2017/
Mali;;BAT;;2017-08-22;2017-08-23;2017-11-21;3;;17000;60037.0000;18700.0000;ML0000000785;multiple;;5.7499;;5.6560;5.7380;In Fine;;réalisée;https://www.umoatitres.org/fr/emission/bons-assimilables-du-tresor-du-mali-du-22-08-2017/
Mali;;BAT;;2017-07-18;2017-07-19;2017-10-17;3;;17000;23926.0000;16303.0000;ML0000000769;multiple;;5.9502;;5.8229;5.9099;In Fine;;réalisée;https://www.umoatitres.org/fr/emission/bons-assimilables-du-tresor-du-mali-du-18-07-2017/
Togo;;BAT;;2017-07-17;2017-07-18;2017-10-16;3;;25000;37820.0000;27500.0000;TG0000000884;multiple;;6.0000;;5.8978;5.9871;In Fine;;réalisée;https://www.umoatitres.org/fr/emission/bons-assimilables-du-tresor-du-togo-du-17-07-2017/
Bénin;;BAT;;2017-04-13;2017-04-14;2018-04-12;12;;35000;43142.0000;35000.0000;BJ0000000766;multiple;;6.4995;;5.9822;6.3673;In Fine;;réalisée;https://www.umoatitres.org/fr/emission/bons-assimilables-du-tresor-du-benin-du-13-04-2017/
Bénin;;BAT;;2017-07-05;2017-07-06;2017-10-04;3;;25000;43197.0000;27500.0000;BJ0000000816;multiple;;5.9500;;5.7829;5.8687;In Fine;;réalisée;https://www.umoatitres.org/fr/emission/bons-assimilables-du-tresor-du-benin-du-05-07-2017/
Côte d'Ivoire;;BAT;;2017-03-24;2017-03-27;2017-09-24;6;;25000;21460.0000;14420.0000;CI0000002135;multiple;;6.0000;;5.8517;6.0301;In Fine;;réalisée;https://www.umoatitres.org/fr/emission/bons-assimilables-du-tresor-de-la-cote-divoire-du-24-03-2017/
Côte d'Ivoire;;BAT;;2017-03-09;2017-03-10;2017-06-08;3;;50000;32382.0000;29882.0000;CI0000002127;multiple;;6.0000;;5.6972;5.7804;In Fine;;réalisée;https://www.umoatitres.org/fr/emission/bons-assimilables-du-tresor-de-la-cote-divoire-du-09-03-2017/
Niger;;BAT;;2017-02-23;2017-02-24;2017-05-25;3;;25000;15142.0000;15142.0000;NE0000000379;multiple;;6.9000;;6.2765;6.3777;In Fine;;réalisée;https://www.umoatitres.org/fr/emission/bons-assimilables-du-tresor-du-niger-du-23-02-2017/
Côte d'Ivoire;;BAT;;2017-02-21;2017-02-22;2017-05-23;3;;25000;18022.0000;14772.0000;CI0000002093;multiple;;5.8000;;5.6386;5.7201;In Fine;;réalisée;https://www.umoatitres.org/fr/emission/bons-assimilables-du-tresor-de-la-cote-divoire-du-21-02-2017/
Burkina Faso;;BAT;;2017-02-14;2017-02-15;2018-02-13;12;;35000;21696.0000;19446.0000;BF0000000620;multiple;;6.5000;;6.2637;6.6872;In Fine;;réalisée;https://www.umoatitres.org/fr/emission/bons-assimilables-du-tresor-du-burkina-faso-du-14-02-2017/
Mali;;BAT;;2017-01-25;2017-01-26;2017-04-26;3;;30000;51673.0000;30000.0000;ML0000000611;multiple;;5.5000;;5.1402;5.2079;In Fine;;réalisée;https://www.umoatitres.org/fr/emission/bons-assimilables-du-tresor-du-mali-du-25-01-2017/
Guinée Bissau;;BAT;;2017-02-22;2017-02-23;2018-02-21;12;;13000;5450.0000;5450.0000;GW0000000087;multiple;;7.2500;;6.3830;6.8234;In Fine;;réalisée;https://www.umoatitres.org/fr/emission/bons-assimilables-du-tresor-de-la-guinee-bissau-du-22-02-2017/
Côte d'Ivoire;;BAT;;2017-02-15;2017-02-16;2017-03-15;1;;50000;55118.0000;53093.0000;CI0000002085;multiple;;5.5000;;4.9506;4.9697;In Fine;;réalisée;https://www.umoatitres.org/fr/emission/bons-assimilables-du-tresor-de-la-cote-divoire-du-15-02-2017/
Bénin;;BAT;;2017-02-02;2017-02-03;2018-02-01;12;;35000;24962.0000;22462.0000;BJ0000000733;multiple;;6.5000;;6.1824;6.5946;In Fine;;réalisée;https://www.umoatitres.org/fr/emission/bons-assimilables-du-tresor-du-benin-du-02-02-2017/
Côte d'Ivoire;;BAT;;2017-01-24;2017-01-25;2017-02-21;1;;25000;25100.0000;19600.0000;CI0000002069;multiple;;5.0000;;4.9043;4.9231;In Fine;;réalisée;https://www.umoatitres.org/fr/emission/bons-assimilables-du-tresor-de-la-cote-divoire-du-24-01-2017/
Burkina Faso;;BAT;;2017-01-19;2017-01-20;2017-04-20;3;;35000;48955.0000;20055.0000;BF0000000612;multiple;;5.5000;;5.0454;5.1106;In Fine;;réalisée;https://www.umoatitres.org/fr/emission/bons-assimilables-du-tresor-du-burkina-faso-du-19-01-2017/
Bénin;;BAT;;2017-01-18;2017-01-19;2018-01-17;12;;27000;37398.0000;29700.0000;BJ0000000725;multiple;;6.4975;;6.1097;6.5120;In Fine;;réalisée;https://www.umoatitres.org/fr/emission/bons-assimilables-du-tresor-du-benin-du-18-01-2017/
Niger;;BAT;;2017-01-10;2017-01-11;2018-01-09;12;;40000;40010.0000;39510.0000;NE0000000361;multiple;;6.5000;;6.2411;6.6615;In Fine;;réalisée;https://www.umoatitres.org/fr/emission/bons-assimilables-du-tresor-du-niger-du-10-01-2017/
Côte d'Ivoire;;BAT;;2017-01-13;2017-01-16;2017-07-16;6;;35000;38510.0000;25510.0000;CI0000002051;multiple;;5.6000;;5.1668;5.3054;In Fine;;réalisée;https://www.umoatitres.org/fr/emission/bons-assimilables-du-tresor-de-la-cote-divoire-du-13-01-2017/
Burkina Faso;;BAT;;2016-12-01;2016-12-02;2017-03-02;3;;40000;50870.0000;40000.0000;BF0000000596;multiple;;5.1500;;4.6597;4.7152;In Fine;;réalisée;https://www.umoatitres.org/fr/emission/bons-assimilables-du-tresor-du-burkina-faso-du-01-12-2016/
Togo;;BAT;;2016-09-29;2016-09-30;2018-09-27;24;;35000;35375.0000;35000.0000;TG0000000736;multiple;;6.2596;;5.6904;6.4304;In Fine;;réalisée;https://www.umoatitres.org/fr/emission/bons-assimilables-du-tresor-du-togo-du-29-09-2016/
Côte d'Ivoire;;BAT;;2017-01-09;2017-01-10;2018-01-08;12;;50000;52560.0000;52560.0000;CI0000002044;multiple;;6.0000;;5.4266;5.7416;In Fine;;réalisée;https://www.umoatitres.org/fr/emission/bons-assimilables-du-tresor-de-la-cote-divoire-du-09-01-2017/
Mali;;BAT;;2016-12-06;2016-12-07;2018-12-04;24;;35000;37936.0000;35000.0000;ML0000000603;multiple;;6.2350;;5.4392;6.1114;In Fine;;réalisée;https://www.umoatitres.org/fr/emission/bons-assimilables-du-tresor-du-mali-du-06-12-2016/
Burkina Faso;;BAT;;2016-10-27;2016-10-28;2018-10-25;24;;35000;48650.0000;35000.0000;BF0000000588;multiple;;6.0000;;5.5909;6.3036;In Fine;;réalisée;https://www.umoatitres.org/fr/emission/bons-assimilables-du-tresor-du-burkina-faso-du-27-10-2016/
Burkina Faso;;BAT;;2016-08-11;2016-08-12;2017-08-10;12;;35000;78350.0000;35000.0000;BF0000000562;multiple;;5.0000;;4.8222;5.0694;In Fine;;réalisée;https://www.umoatitres.org/fr/emission/bons-assimilables-du-tresor-du-burkina-faso-du-11-08-2016/
Burkina Faso;;BAT;;2016-07-21;2016-07-22;2018-07-19;24;;40000;59000.0000;40000.0000;BF0000000554;multiple;;5.2500;;5.1338;5.7285;In Fine;;réalisée;https://www.umoatitres.org/fr/emission/bons-assimilables-du-tresor-du-burkina-faso-du-21-07-2016/
Côte d'Ivoire;;BAT;;2016-07-20;2016-07-21;2018-07-18;24;;60000;85905.0000;61273.0000;CI0000001848;multiple;;4.9800;;4.6783;5.1671;In Fine;;réalisée;https://www.umoatitres.org/fr/emission/bons-assimilables-du-tresor-de-la-cote-divoire-du-20-07-2016/
Burkina Faso;;BAT;;2016-05-19;2016-05-20;2016-11-17;6;;40000;45923.0000;40000.0000;BF0000000539;multiple;;5.0000;;4.5698;4.6779;In Fine;;réalisée;https://www.umoatitres.org/fr/emission/bons-assimilables-du-tresor-du-burkina-faso-du-19-05-2016/
Côte d'Ivoire;;BAT;;2016-04-12;2016-04-13;2017-04-11;12;;50000;99221.0000;50000.0000;CI0000001772;multiple;;4.6000;;4.2432;4.4334;In Fine;;réalisée;https://www.umoatitres.org/fr/emission/bons-assimilables-du-tresor-de-la-cote-divoire-du-12-04-2016/
Togo;;BAT;;2016-03-16;2016-03-17;2016-09-14;6;;25000;23131.0000;20131.0000;TG0000000686;multiple;;5.8509;;5.3876;5.5385;In Fine;;réalisée;https://www.umoatitres.org/fr/emission/bons-assimilables-du-tresor-du-togo-du-16-03-2016/
Burkina Faso;;BAT;;2016-02-18;2016-02-19;2017-02-16;12;;35000;53721.0000;35000.0000;BF0000000505;multiple;;5.6000;;5.1373;5.4188;In Fine;;réalisée;https://www.umoatitres.org/fr/emission/bons-assimilables-du-tresor-du-burkina-faso-du-18-02-2016/
Togo;;BAT;;2016-05-25;2016-05-26;2018-05-23;24;;20000;30020.0000;22000.0000;TG0000000710;multiple;;5.9450;;5.7631;6.5234;In Fine;;réalisée;https://www.umoatitres.org/fr/emission/bons-assimilables-du-tresor-du-togo-du-25-05-2016/
Togo;;BAT;;2016-03-30;2016-03-31;2018-03-28;24;;35000;39076.0000;38500.0000;TG0000000694;multiple;;6.0000;885039.8600;5.6848;6.4233;In Fine;;réalisée;https://www.umoatitres.org/fr/emission/bons-assimilables-du-tresor-du-togo-du-30-03-2016/
Burkina Faso;;BAT;;2016-03-10;2016-03-11;2018-03-08;24;;40000;61937.0000;40000.0000;BF0000000513;multiple;;5.4450;;5.2861;5.9188;In Fine;;réalisée;https://www.umoatitres.org/fr/emission/bons-assimilables-du-tresor-du-burkina-faso-du-10-03-2016/
Côte d'Ivoire;;BAT;;2016-02-16;2016-02-17;2018-02-13;24;;60000;93600.0000;60000.0000;CI0000001756;multiple;;5.0505;;4.7167;5.2141;In Fine;;réalisée;https://www.umoatitres.org/fr/emission/bons-assimilables-du-tresor-de-la-cote-divoire-du-16-02-2016/
Burkina Faso;;BAT;;2016-01-20;2016-01-21;2016-07-20;6;;35000;78400.0000;38500.0000;BF0000000497;multiple;;4.7495;;4.5712;4.6793;In Fine;;réalisée;https://www.umoatitres.org/fr/emission/bons-assimilables-du-tresor-du-burkina-faso-du-20-01-2016/
Togo;;BAT;;2015-12-03;2015-12-04;2017-11-30;24;;30000;30500.0000;30000.0000;TG0000000603;multiple;;5.8500;;5.1191;5.7102;In Fine;;réalisée;https://www.umoatitres.org/fr/emission/bons-assimilables-du-tresor-du-togo-du-03-12-2015/
Burkina Faso;;BAT;;2015-09-10;2015-09-11;2016-03-10;6;;30000;86902.0000;33000.0000;BF0000000463;multiple;;4.3495;;4.2895;4.3846;In Fine;;réalisée;https://www.umoatitres.org/fr/emission/bons-assimilables-du-tresor-du-burkina-faso-du-10-09-2015/
Côte d'Ivoire;;BAT;;2015-06-23;2015-06-24;2016-06-21;12;;10000;51630.0000;10100.0000;CI0000001673;multiple;;4.1000;;3.9944;4.1625;In Fine;;réalisée;https://www.umoatitres.org/fr/emission/bons-assimilables-du-tresor-de-la-cote-divoire-du-23-06-2015/
Burkina Faso;;BAT;;2015-08-06;2015-08-07;2016-02-04;6;;40000;51693.0000;42893.0000;BF0000000455;multiple;;4.6000;;4.3409;4.4383;In Fine;;réalisée;https://www.umoatitres.org/fr/emission/bons-assimilables-du-tresor-du-burkina-faso-du-06-08-2015/
Mali;;BAT;;2015-06-03;2015-06-04;2017-05-31;24;;35000;81740.0000;38500.0000;ML0000000454;multiple;;4.9092;;4.7436;5.2469;In Fine;;réalisée;https://www.umoatitres.org/fr/emission/bons-assimilables-du-tresor-du-mali-du-03-06-2015/
Burkina Faso;;BAT;;2015-03-05;2015-03-06;2015-09-03;6;;30000;92864.0000;30810.0000;BF0000000422;multiple;;4.9998;;4.8346;4.9557;In Fine;;réalisée;https://www.umoatitres.org/fr/emission/bons-assimilables-du-tresor-du-burkina-faso-du-05-03-2015/
Côte d'Ivoire;;BAT;;2015-01-12;2015-01-13;2017-01-09;24;;50000;62810.0000;52810.0000;CI0000001640;multiple;;5.9000;;5.5198;6.2134;In Fine;;réalisée;https://www.umoatitres.org/fr/emission/bons-assimilables-du-tresor-de-la-cote-divoire-du-12-01-2015/
Togo;;BAT;;2015-10-08;2015-10-09;2016-10-06;12;;30000;42745.0000;33000.0000;TG0000000587;multiple;;4.9500;;4.6253;4.8522;In Fine;;réalisée;https://www.umoatitres.org/fr/emission/bons-assimilables-du-tresor-du-togo-du-08-10-2015/
Burkina Faso;;BAT;;2015-04-16;2015-04-17;2015-10-15;6;;35000;91713.0000;35000.0000;BF0000000430;multiple;;4.6998;;4.5702;4.6783;In Fine;;réalisée;https://www.umoatitres.org/fr/emission/bons-assimilables-du-tresor-du-burkina-faso-du-16-04-2015/
Burkina Faso;;BAT;;2015-01-20;2015-01-21;2015-04-21;3;;25000;26754.0000;26254.0000;BF0000000414;multiple;;5.5000;;4.9166;4.9785;In Fine;;réalisée;https://www.umoatitres.org/fr/emission/bons-assimilables-du-tresor-du-burkina-faso-du-20-01-2015/
Burkina Faso;;BAT;;2014-12-09;2014-12-10;2015-06-09;6;;30000;39727.0000;32720.0000;BF0000000398;multiple;;5.4997;;5.2179;5.3593;In Fine;;réalisée;https://www.umoatitres.org/fr/emission/bons-assimilables-du-tresor-du-burkina-faso-du-09-12-2014/
Mali;;BAT;;2014-08-11;2014-08-12;2015-02-09;6;;32000;42800.0000;32000.0000;ML0000000330;multiple;;5.0598;;4.8790;5.0000;In Fine;;réalisée;https://www.umoatitres.org/fr/emission/bons-assimilables-du-tresor-du-mali-du-11-08-2014/
Burkina Faso;;BAT;;2015-10-20;2015-10-21;2016-04-19;6;;40000;51095.0000;44000.0000;BF0000000471;multiple;;4.7500;;4.3726;4.4714;In Fine;;réalisée;https://www.umoatitres.org/fr/emission/bons-assimilables-du-tresor-du-burkina-faso-du-20-10-2015/
Côte d'Ivoire;;BAT;;2015-08-04;2015-08-05;2016-08-02;12;;30000;66728.0000;33000.0000;CI0000001699;multiple;;4.1000;;4.0276;4.1986;In Fine;;réalisée;https://www.umoatitres.org/fr/emission/bons-assimilables-du-tresor-de-la-cote-divoire-du-04-08-2015/
Mali;;BAT;;2015-03-10;2015-03-11;2017-03-07;24;;48000;89755.0000;52800.0000;ML0000000421;multiple;;5.5000;;5.2747;5.9045;In Fine;;réalisée;https://www.umoatitres.org/fr/emission/bons-assimilables-du-tresor-du-mali-du-10-03-2015/
Togo;;BAT;;2015-02-11;2015-02-12;2016-02-10;12;;30000;34600.0000;30000.0000;TG0000000538;multiple;;5.8500;;5.6365;5.9772;In Fine;;réalisée;https://www.umoatitres.org/fr/emission/bons-assimilables-du-tresor-du-togo-du-11-02-2015/
Mali;;BAT;;2014-12-18;2014-12-19;2015-06-18;6;;28000;28000.0000;28000.0000;ML0000000397;multiple;;6.5000;;6.1143;6.3093;In Fine;;réalisée;https://www.umoatitres.org/fr/emission/bons-assimilables-du-tresor-du-mali-du-18-12-2014/
Burkina Faso;;BAT;;2014-09-10;2014-09-11;2015-03-11;6;;35000;40431.0000;38423.0000;BF0000000380;multiple;;5.0000;;4.2930;4.3882;In Fine;;réalisée;https://www.umoatitres.org/fr/emission/bons-assimilables-du-tresor-du-burkina-faso-du-10-09-2014/
Burkina Faso;;BAT;;2014-07-09;2014-07-10;2015-01-07;6;;30000;48980.0000;33000.0000;BF0000000372;multiple;;4.1500;;4.0200;4.1034;In Fine;;réalisée;https://www.umoatitres.org/fr/emission/bons-assimilables-du-tresor-du-burkina-faso-du-09-07-2014/
Côte d'Ivoire;;BAT;;2014-06-24;2014-06-25;2016-06-21;24;;60000;78188.0000;73839.0000;CI0000001590;multiple;;5.9000;;5.7571;6.5157;In Fine;;réalisée;https://www.umoatitres.org/fr/emission/bons-assimilables-du-tresor-de-la-cote-divoire-du-24-06-2014/
Mali;;BAT;;2014-05-28;2014-05-29;2014-11-26;6;;32000;62300.0000;45000.0000;ML0000000306;multiple;;4.9680;;4.7364;4.8526;In Fine;;réalisée;https://www.umoatitres.org/fr/emission/bons-assimilables-du-tresor-du-mali-du-28-05-2014/
Guinée Bissau;ES (Titre 2);BAT;;2020-02-18;2020-02-19;2021-02-16;12;;10000;15356.0000;11000.0000;GW0000000293;multiple;;5.5000;;4.9983;5.2600;In Fine;;réalisée;https://www.umoatitres.org/fr/emission/emission-simultanee-de-la-guinee-bissau-du-18-02-2020/
Guinée Bissau;ES (Titre 1);OAT;;2020-03-24;2020-03-25;2023-01-30;36;;10000;2509.0000;2259.0000;GW0000000269;6.2500;9700.0000;;9798.7600;;6.6600;In Fine;;réalisée;https://www.umoatitres.org/fr/emission/emission-simultanee-de-la-guinee-bissau-du-03-24-2020/
Guinée Bissau;ES (Titre 2);OAT;;2020-03-24;2020-03-25;2025-01-30;60;;10000;5175.1100;3425.1100;GW0000000277;6.5000;9701.0000;;9865.8700;;6.5900;In Fine;;réalisée;https://www.umoatitres.org/fr/emission/emission-simultanee-de-la-guinee-bissau-du-03-24-2020/
Guinée Bissau;ES (Titre 1);OAT;;2020-01-29;2020-01-30;2023-01-30;36;;10000;9539.2400;4119.2400;GW0000000269;6.2500;10000.0000;;10010.9300;;6.2000;In Fine;;réalisée;https://www.umoatitres.org/fr/emission/emission-simultanee-de-la-guinee-bissau-du-29-01-2020/
Guinée Bissau;ES (Titre 2);OAT;;2020-01-29;2020-01-30;2025-01-30;60;;10000;17873.3400;6842.3000;GW0000000277;6.5000;9820.0000;;9878.2400;;6.7900;In Fine;;réalisée;https://www.umoatitres.org/fr/emission/emission-simultanee-de-la-guinee-bissau-du-29-01-2020/
Guinée Bissau;ES (Titre 1);OAT;;2019-10-08;2019-10-09;2022-09-18;36;;15000;11952.3700;6200.0000;GW0000000244;6.5000;9875.0000;;9890.9300;;6.9100;In Fine;;réalisée;https://www.umoatitres.org/fr/emission/emission-simultanee-de-la-guinee-bissau-du-08-10-2019/
Guinée Bissau;ES (Titre 2);OAT;;2019-10-08;2019-10-09;2024-10-09;60;;15000;30332.8000;10300.0000;GW0000000251;6.6500;9705.0000;;9739.6200;;7.2900;In Fine;;réalisée;https://www.umoatitres.org/fr/emission/emission-simultanee-de-la-guinee-bissau-du-08-10-2019/
Guinée Bissau;ES (Titre 1);OAT;;2019-09-17;2019-09-18;2022-09-18;36;;10000;12539.9800;3940.7100;GW0000000244;6.5000;9850.0000;;9918.1400;;6.8000;In Fine;;réalisée;https://www.umoatitres.org/fr/emission/emission-simultanee-de-la-guinee-bissau-du-17-09-2019/
Guinée Bissau;ES (Titre 2);OAT;;2019-09-17;2019-09-18;2024-09-18;60;;10000;13091.4900;7059.2900;GW0000000236;6.6500;9661.0000;;9764.0100;;7.2200;In Fine;;réalisée;https://www.umoatitres.org/fr/emission/emission-simultanee-de-la-guinee-bissau-du-17-09-2019/
Togo;ES (Titre 1);OAT;;2020-05-08;2020-05-11;2023-03-16;36;;35000;22383.4000;22383.4000;TG0000001346;6.1500;9801.0000;;9919.6200;;6.1000;In Fine;;réalisée;https://www.umoatitres.org/fr/emission/emission-simultanee-du-togo-du-08-05-2020/
Togo;ES (Titre 2);OAT;;2020-05-08;2020-05-11;2025-03-02;60;;35000;22349.0000;16116.6000;TG0000001338;6.4000;9775.0000;;9844.8600;;6.4800;In Fine;;réalisée;https://www.umoatitres.org/fr/emission/emission-simultanee-du-togo-du-08-05-2020/
Bénin;ES (Titre 1);OAT;;2020-05-22;2020-05-26;2023-05-26;36;;50000;46950.0000;24301.8600;BJ0000001368;5.9000;9905.0000;;9959.8500;;6.0500;In Fine;;réalisée;https://www.umoatitres.org/fr/emission/emission-simultanee-du-benin-du-22-05-2020/
Bénin;ES (Titre 2);OAT;;2020-05-22;2020-05-26;2025-05-26;60;;50000;11949.2500;7998.0000;BJ0000001376;6.0000;9850.0200;;9945.3800;;6.1300;In Fine;;réalisée;https://www.umoatitres.org/fr/emission/emission-simultanee-du-benin-du-22-05-2020/
Bénin;ES (Titre 3);OAT;;2020-05-22;2020-05-26;2027-05-26;84;;50000;28166.1400;22700.1400;BJ0000001384;6.4000;9800.0000;;9835.5100;;6.7000;In Fine;;réalisée;https://www.umoatitres.org/fr/emission/emission-simultanee-du-benin-du-22-05-2020/
Burkina Faso;ES (Titre 1);BAT;;2020-05-20;2020-05-22;2021-05-20;12;;35000;58212.0000;12253.0000;BF0000001503;multiple;;4.6395;;4.3891;4.5900;In Fine;;réalisée;https://www.umoatitres.org/fr/emission/emission-simultanee-du-burkina-faso-du-20-05-2020/
Burkina Faso;ES (Titre 2);OAT;;2020-05-20;2020-05-22;2023-05-22;36;;35000;88390.0000;26247.0000;BF0000001511;6.1500;9925.0000;;9976.5000;;6.2400;In Fine;;réalisée;https://www.umoatitres.org/fr/emission/emission-simultanee-du-burkina-faso-du-20-05-2020/
Côte d'Ivoire;ES (Titre 1);BAT;;2020-05-19;2020-05-20;2020-08-18;3;;55000;50273.0000;32000.0000;CI0000003505;multiple;;3.8200;;3.8031;3.8400;In Fine;;réalisée;https://www.umoatitres.org/fr/emission/emission-simultanee-de-la-cote-divoire-du-19-05-2020/
Côte d'Ivoire;ES (Titre 2);BAT;;2020-05-19;2020-05-20;2020-11-17;6;;55000;38390.0000;28500.0000;CI0000003513;multiple;;4.2000;;4.1005;4.1900;In Fine;;réalisée;https://www.umoatitres.org/fr/emission/emission-simultanee-de-la-cote-divoire-du-19-05-2020/
Mali;ES (Titre 1);OAT;;2020-05-13;2020-05-14;2023-05-14;36;;30000;31915.7100;16269.4000;ML0000001379;6.1000;9855.0000;;9887.4500;;6.5300;In Fine;;réalisée;https://www.umoatitres.org/fr/emission/emission-simultanee-du-mali-du-13-05-2020/
Mali;ES (Titre 2);OAT;;2020-05-13;2020-05-14;2025-05-14;60;;30000;17730.6000;16730.6000;ML0000001387;6.2500;9777.2700;;9862.7000;;6.5800;In Fine;;réalisée;https://www.umoatitres.org/fr/emission/emission-simultanee-du-mali-du-13-05-2020/
Mali;ES (Titre 1);BAT;;2020-04-29;2020-04-30;2020-10-28;6;;30000;20563.0000;10500.0000;ML0000001346;multiple;;4.7500;;4.5783;4.6900;In Fine;;réalisée;https://www.umoatitres.org/fr/emission/emission-simultanee-du-mali-du-29-04-2020/
Mali;ES (Titre 2);OAT;;2020-04-29;2020-04-30;2023-04-30;36;;30000;29109.1000;20996.1000;ML0000001353;6.1000;9800.0000;;9876.8200;;6.5700;In Fine;;réalisée;https://www.umoatitres.org/fr/emission/emission-simultanee-du-mali-du-29-04-2020/
Bénin;ES (Titre 1);BAT;;2020-04-23;2020-04-24;2021-04-22;12;;50000;46614.0000;9044.0000;BJ0000001335;multiple;;5.0877;;4.9968;5.2600;In Fine;;réalisée;https://www.umoatitres.org/fr/emission/emission-simultanee-du-benin-du-23-04-2020/
Bénin;ES (Titre 2);OAT;;2020-04-23;2020-04-24;2023-04-24;36;;50000;54560.0000;45956.0000;BJ0000001343;5.9000;9780.0000;;9813.0200;;6.6100;In Fine;;réalisée;https://www.umoatitres.org/fr/emission/emission-simultanee-du-benin-du-23-04-2020/
Côte d'Ivoire;ES (Titre 1);BAT;;2020-04-21;2020-04-22;2020-07-21;3;;75000;49000.0000;39800.0000;CI0000003406;multiple;;3.8900;;3.8247;3.8600;In Fine;;réalisée;https://www.umoatitres.org/fr/emission/emission-simultanee-de-la-cote-divoire-du-21-04-2020/
Côte d'Ivoire;ES (Titre 2);BAT;;2020-04-21;2020-04-22;2020-10-20;6;;75000;25700.0000;25700.0000;CI0000003414;multiple;;4.2400;;4.1939;4.2800;In Fine;;réalisée;https://www.umoatitres.org/fr/emission/emission-simultanee-de-la-cote-divoire-du-21-04-2020/
Côte d'Ivoire;ES (Titre 3);OAT;;2020-04-21;2020-04-22;2025-03-27;60;;75000;17000.0000;17000.0000;CI0000003315;5.8500;9850.0000;;9850.0000;;6.1100;In Fine;;réalisée;https://www.umoatitres.org/fr/emission/emission-simultanee-de-la-cote-divoire-du-21-04-2020/
Burkina Faso;ES (Titre 1);BAT;;2020-04-16;2020-04-17;2021-04-15;12;;35000;62212.0000;4260.0000;BF0000001461;multiple;;5.0000;;4.9929;5.2600;In Fine;;réalisée;https://www.umoatitres.org/fr/emission/emission-simultanee-du-burkina-faso-du-16-04-2020/
Burkina Faso;ES (Titre 2);OAT;;2020-04-16;2020-04-17;2025-04-17;60;;35000;80247.4200;34240.0000;BF0000001479;6.2500;9825.0000;;9886.4400;;6.5200;In Fine;;réalisée;https://www.umoatitres.org/fr/emission/emission-simultanee-du-burkina-faso-du-16-04-2020/
Mali;ES (Titre 1);OAT;;2020-04-15;2020-04-16;2023-04-16;36;;25000;11060.0000;11060.0000;ML0000001338;6.1000;9802.0000;;9894.1900;;6.5000;In Fine;;réalisée;https://www.umoatitres.org/fr/emission/emission-simultanee-du-mali-du-15-04-2020/
Mali;ES (Titre 2);OAT;;2020-04-15;2020-04-16;2025-04-16;60;;25000;16063.6100;15053.3000;ML0000001320;6.2500;9710.0000;;9858.8200;;6.5900;In Fine;;réalisée;https://www.umoatitres.org/fr/emission/emission-simultanee-du-mali-du-15-04-2020/
Sénégal;ES (Titre 1);OAT;;2020-04-10;2020-04-14;2023-04-14;36;;50000;48012.0000;26696.0000;SN0000001280;5.8500;9950.7700;;9976.5600;;5.9400;In Fine;;réalisée;https://www.umoatitres.org/fr/emission/emission-simultanee-du-senegal-du-10-04-2020/
Sénégal;ES (Titre 2);OAT;;2020-04-10;2020-04-14;2025-04-14;60;;50000;61135.0000;23035.0000;SN0000001298;6.0000;9900.0000;;9944.7600;;6.1300;In Fine;;réalisée;https://www.umoatitres.org/fr/emission/emission-simultanee-du-senegal-du-10-04-2020/
Sénégal;ES (Titre 3);OAT;;2020-04-10;2020-04-14;2027-04-14;84;;50000;26069.0000;5269.0000;SN0000001306;6.1500;9800.0000;;9878.4700;;6.3700;In Fine;;réalisée;https://www.umoatitres.org/fr/emission/emission-simultanee-du-senegal-du-10-04-2020/
Burkina Faso;ES (Titre 1);BAT;;2020-04-08;2020-04-09;2020-07-08;3;;30000;25380.0000;4680.0000;BF0000001446;multiple;;4.5000;;3.9658;4.0100;In Fine;;réalisée;https://www.umoatitres.org/fr/emission/emission-simultanee-du-burkina-faso-du-08-04-2020/
Burkina Faso;ES (Titre 2);OAT;;2020-04-08;2020-04-09;2025-04-09;60;;30000;77454.5000;28320.0000;BF0000001453;6.2500;9701.0000;;9859.3300;;6.5900;In Fine;;réalisée;https://www.umoatitres.org/fr/emission/emission-simultanee-du-burkina-faso-du-08-04-2020/
Bénin;ES (Titre 1);OAT;;2020-04-02;2020-04-03;2025-03-06;60;;70000;66812.8500;25742.8500;BJ0000001301;6.0000;9700.2700;;9750.5800;;6.4900;In Fine;;réalisée;https://www.umoatitres.org/fr/emission/emission-simultanee-du-benin-du-02-04-2020/
Bénin;ES (Titre 2);OAT;;2020-04-02;2020-04-03;2027-03-06;84;;70000;15542.8400;5542.8400;BJ0000001319;6.4000;9700.0000;;9759.3600;;6.7500;In Fine;;réalisée;https://www.umoatitres.org/fr/emission/emission-simultanee-du-benin-du-02-04-2020/
Bénin;ES (Titre 3);OAT;;2020-04-02;2020-04-03;2030-03-06;120;;70000;13036.5000;12596.5000;BJ0000001327;6.5000;9651.0000;;9769.4500;;6.7500;In Fine;;réalisée;https://www.umoatitres.org/fr/emission/emission-simultanee-du-benin-du-02-04-2020/
Côte d'Ivoire;ES (Titre 1);OAT;;2020-03-26;2020-03-27;2023-03-27;36;;50000;43000.0000;40000.0000;CI0000003307;5.7500;9890.7700;;9899.5900;;6.1300;In Fine;;réalisée;https://www.umoatitres.org/fr/emission/emission-simultanee-de-la-cote-divoire-du-03-26-2020/
Côte d'Ivoire;ES (Titre 2);OAT;;2020-03-26;2020-03-27;2025-03-27;60;;50000;12220.0000;11050.0000;CI0000003315;5.8500;9850.0000;;9850.0000;;6.2100;In Fine;;réalisée;https://www.umoatitres.org/fr/emission/emission-simultanee-de-la-cote-divoire-du-03-26-2020/
Bénin;ES (Titre 1);OAT;;2020-03-19;2020-03-20;2023-01-24;36;;30000;19503.0600;19503.0600;BJ0000001285;5.9000;9750.0000;;9905.8400;;5.9100;In Fine;;réalisée;https://www.umoatitres.org/fr/emission/emission-simultanee-du-benin-du-19-03-2020/
Bénin;ES (Titre 2);OAT;;2020-03-19;2020-03-20;2025-03-06;60;;30000;15901.0000;10496.9400;BJ0000001301;6.0000;9700.0000;;9710.2100;;6.6400;In Fine;;réalisée;https://www.umoatitres.org/fr/emission/emission-simultanee-du-benin-du-19-03-2020/
Togo;ES (Titre 1);OAT;;2020-03-13;2020-03-16;2023-03-16;36;;50000;48080.3000;31610.3000;TG0000001346;6.1500;9995.0000;;10000.1900;;6.1500;In Fine;;réalisée;https://www.umoatitres.org/fr/emission/emission-simultanee-du-togo-du-13-03-2020/
Togo;ES (Titre 2);OAT;;2020-03-13;2020-03-16;2025-03-02;60;;50000;11819.7200;10819.7200;TG0000001338;6.4000;9850.0200;;9931.4200;;6.5100;In Fine;;réalisée;https://www.umoatitres.org/fr/emission/emission-simultanee-du-togo-du-13-03-2020/
Togo;ES (Titre 3);OAT;;2020-03-13;2020-03-16;2027-03-16;84;;50000;15866.9100;12528.4500;TG0000001353;6.5000;9800.0000;;9830.0100;;6.8100;In Fine;;réalisée;https://www.umoatitres.org/fr/emission/emission-simultanee-du-togo-du-13-03-2020/
Côte d'Ivoire;ES (Titre 1);BAT;;2020-03-10;2020-03-11;2020-06-09;3;;50000;31001.0000;21000.0000;CI0000003265;multiple;;3.9400;;3.9248;3.9600;In Fine;;réalisée;https://www.umoatitres.org/fr/emission/emission-simultanee-de-la-cote-divoire-du-10-03-2020/
Côte d'Ivoire;ES (Titre 2);BAT;;2020-03-10;2020-03-11;2020-09-08;6;;50000;31505.0000;21000.0000;CI0000003273;multiple;;4.2400;;4.2114;4.3000;In Fine;;réalisée;https://www.umoatitres.org/fr/emission/emission-simultanee-de-la-cote-divoire-du-10-03-2020/
Sénégal;ES (Titre 1);OAT;;2020-03-06;2020-03-09;2025-03-09;60;;50000;72960.0000;36750.0000;SN0000001264;6.0000;9958.0000;;9989.8400;;6.0200;In Fine;;réalisée;https://www.umoatitres.org/fr/emission/emission-simultanee-du-senegal-du-06-03-2020/
Sénégal;ES (Titre 2);OAT;;2020-03-06;2020-03-09;2027-03-09;84;;50000;21250.0000;18250.0000;SN0000001272;6.1500;9806.0000;;9915.9000;;6.3000;In Fine;;réalisée;https://www.umoatitres.org/fr/emission/emission-simultanee-du-senegal-du-06-03-2020/
Bénin;ES (Titre 1);OAT;;2020-03-05;2020-03-06;2025-03-06;60;;80000;48849.2400;26642.1600;BJ0000001301;6.0000;9835.0000;;9916.7200;;6.2000;In Fine;;réalisée;https://www.umoatitres.org/fr/emission/emission-simultanee-du-benin-du-05-03-2020/
Bénin;ES (Titre 2);OAT;;2020-03-05;2020-03-06;2027-03-06;84;;80000;40447.8400;40447.8400;BJ0000001319;6.4000;9790.0000;;9882.3700;;6.6100;In Fine;;réalisée;https://www.umoatitres.org/fr/emission/emission-simultanee-du-benin-du-05-03-2020/
Bénin;ES (Titre 3);OAT;;2020-03-05;2020-03-06;2030-03-06;120;;80000;23510.0000;20910.0000;BJ0000001327;6.5000;9701.0000;;9855.3900;;6.7000;In Fine;;réalisée;https://www.umoatitres.org/fr/emission/emission-simultanee-du-benin-du-05-03-2020/
Côte d'Ivoire;ES (Titre 1);BAT;;2020-02-25;2020-02-26;2020-05-26;3;;55000;30100.0000;26000.0000;CI0000003232;multiple;;3.9000;;3.8727;3.9100;In Fine;;réalisée;https://www.umoatitres.org/fr/emission/emission-simultanee-de-la-cote-divoire-du-25-02-2020/
Côte d'Ivoire;ES (Titre 2);BAT;;2020-02-25;2020-02-26;2020-08-25;6;;55000;63515.0000;34500.0000;CI0000003240;multiple;;4.2500;;4.1710;4.2600;In Fine;;réalisée;https://www.umoatitres.org/fr/emission/emission-simultanee-de-la-cote-divoire-du-25-02-2020/
Côte d'Ivoire;ES (Titre 1);BAT;;2020-02-11;2020-02-12;2021-02-09;12;;55000;32000.0000;22000.0000;CI0000003216;multiple;;4.8000;;4.7632;5.0000;In Fine;;réalisée;https://www.umoatitres.org/fr/emission/emission-simultanee-de-la-cote-divoire-du-11-02-2020/
Côte d'Ivoire;ES (Titre 2);OAT;;2020-02-11;2020-02-12;2023-02-12;36;;55000;39900.0000;37700.0000;CI0000003224;5.7500;9900.0000;;9900.2600;;6.1200;In Fine;;réalisée;https://www.umoatitres.org/fr/emission/emission-simultanee-de-la-cote-divoire-du-11-02-2020/
Sénégal;ES (Titre 1);OAT;;2020-02-07;2020-02-10;2023-02-10;36;;50000;46321.0000;24321.8500;SN0000001249;5.8000;10000.0000;;10010.6600;;5.7500;In Fine;;réalisée;https://www.umoatitres.org/fr/emission/emission-simultanee-du-senegal-du-07-02-2020/
Sénégal;ES (Titre 2);OAT;;2020-02-07;2020-02-10;2025-02-10;60;;50000;81791.4400;30678.1500;SN0000001256;6.0000;10000.0000;;10002.9700;;5.9900;In Fine;;réalisée;https://www.umoatitres.org/fr/emission/emission-simultanee-du-senegal-du-07-02-2020/
Côte d'Ivoire;ES (Titre 1);BAT;;2020-01-28;2020-01-29;2020-04-28;3;;60000;83751.0000;31000.0000;CI0000003182;multiple;;3.9500;;3.8343;3.8700;In Fine;;réalisée;https://www.umoatitres.org/fr/emission/emission-simultanee-de-la-cote-divoire-du-28-01-2020/
Côte d'Ivoire;ES (Titre 2);OAT;;2020-01-28;2020-01-29;2023-01-29;36;;60000;30750.0000;29850.0000;CI0000003190;5.7500;9900.0000;;9902.3500;;6.1100;In Fine;;réalisée;https://www.umoatitres.org/fr/emission/emission-simultanee-de-la-cote-divoire-du-28-01-2020/
Côte d'Ivoire;ES (Titre 1);BAT;;2020-01-14;2020-01-15;2020-04-14;3;;55000;90839.0000;25000.0000;CI0000003141;multiple;;4.0000;;3.9897;4.0300;In Fine;;réalisée;https://www.umoatitres.org/fr/emission/emission-simultanee-de-la-cote-divoire-du-14-01-2020/
Côte d'Ivoire;ES (Titre 2);BAT;;2020-01-14;2020-01-15;2021-01-12;12;;55000;61625.0000;31625.0000;CI0000003158;multiple;;5.0800;;4.8153;5.0600;In Fine;;réalisée;https://www.umoatitres.org/fr/emission/emission-simultanee-de-la-cote-divoire-du-14-01-2020/
Bénin;ES (Titre 1);OAT;;2020-01-09;2020-01-13;2023-01-13;36;;50000;64084.4800;14136.3900;BJ0000001269;5.9000;10000.0000;;10000.9500;;5.8900;In Fine;;réalisée;https://www.umoatitres.org/fr/emission/emission-simultanee-du-benin-du-09-01-2020/
Bénin;ES (Titre 2);OAT;;2020-01-09;2020-01-13;2025-01-13;60;;50000;78596.0100;40863.6100;BJ0000001277;6.0000;9900.0000;;9941.0100;;6.1300;In Fine;;réalisée;https://www.umoatitres.org/fr/emission/emission-simultanee-du-benin-du-09-01-2020/
Sénégal;ES (Titre 1);OAT;;2019-12-06;2019-12-09;2022-12-09;36;;200000;128944.0000;128944.0000;SN0000001207;5.8500;9925.0000;;10008.5900;;5.8100;In Fine;;réalisée;https://www.umoatitres.org/fr/emission/emission-simultanee-du-senegal-du-06-12-2019/
Sénégal;ES (Titre 2);OAT;;2019-12-06;2019-12-09;2024-12-09;60;;200000;161506.2400;21256.2400;SN0000001215;6.0000;9865.8900;;9985.2300;;6.0300;In Fine;;réalisée;https://www.umoatitres.org/fr/emission/emission-simultanee-du-senegal-du-06-12-2019/
Sénégal;ES (Titre 3);OAT;;2019-12-06;2019-12-09;2026-12-09;84;;200000;95056.0000;49799.7600;SN0000001223;6.1500;9800.0000;;9900.4300;;6.3300;In Fine;;réalisée;https://www.umoatitres.org/fr/emission/emission-simultanee-du-senegal-du-06-12-2019/
Sénégal;ES (Titre 1);OAT;;2019-11-08;2019-11-11;2024-06-07;60;;50000;125896.9200;19287.5000;SN0000001132;6.0000;10003.0100;;10019.3200;;5.9300;In Fine;;réalisée;https://www.umoatitres.org/fr/emission/emission-simultanee-du-senegal-du-08-11-2019/
Sénégal;ES (Titre 2);OAT;;2019-11-08;2019-11-11;2026-09-16;84;;50000;71409.5100;35712.5000;SN0000001173;6.1500;10000.0000;;10000.1300;;6.1400;In Fine;;réalisée;https://www.umoatitres.org/fr/emission/emission-simultanee-du-senegal-du-08-11-2019/
Côte d'Ivoire;ES (Titre 1);OAT;;2019-10-03;2019-10-04;2022-10-04;36;;150000;126601.3800;126601.3800;CI0000003091;5.9000;9750.0000;;9788.7600;;6.7000;In Fine;;réalisée;https://www.umoatitres.org/fr/emission/emission-simultanee-de-la-cote-divoire-du-03-10-2019/
Côte d'Ivoire;ES (Titre 2);OAT;;2019-10-03;2019-10-04;2024-10-04;60;;150000;43228.2200;38398.6200;CI0000003109;6.0000;9700.0000;;9745.3800;;6.6100;In Fine;;réalisée;https://www.umoatitres.org/fr/emission/emission-simultanee-de-la-cote-divoire-du-03-10-2019/
Côte d'Ivoire;ES (Titre 1);BAT;;2019-09-16;2019-09-17;2019-12-16;3;;50000;55705.0000;12127.0000;CI0000003034;multiple;;4.4900;;4.4516;4.5000;In Fine;;réalisée;https://www.umoatitres.org/fr/emission/emission-simultanee-de-la-cote-divoire-du-16-09-2019/
Côte d'Ivoire;ES (Titre 2);OAT;;2019-09-16;2019-09-17;2022-09-17;36;;50000;42872.7500;42872.7500;CI0000003042;5.7000;9800.0000;;9815.5800;;6.3900;In Fine;;réalisée;https://www.umoatitres.org/fr/emission/emission-simultanee-de-la-cote-divoire-du-16-09-2019/
Sénégal;ES (Titre 1);OAT;;2019-09-13;2019-09-16;2022-09-16;36;;50000;50700.0000;35450.0000;SN0000001157;5.8500;10000.0000;;10029.7800;;5.7300;In Fine;;réalisée;https://www.umoatitres.org/fr/emission/emission-simultanee-du-senegal-du-13-09-2019/
Sénégal;ES (Titre 3);OAT;;2019-09-13;2019-09-16;2026-09-16;84;;50000;39321.0200;19550.0000;SN0000001173;6.1500;9855.0000;;9914.7400;;6.3000;In Fine;;réalisée;https://www.umoatitres.org/fr/emission/emission-simultanee-du-senegal-du-13-09-2019/
Côte d'Ivoire;ES (Titre 1);BAT;;2019-08-05;2019-08-06;2019-11-04;3;;50000;53237.0000;27500.0000;CI0000003000;multiple;;5.0500;;4.8071;4.8700;In Fine;;réalisée;https://www.umoatitres.org/fr/emission/emission-simultanee-de-la-cote-divoire-du-05-08-2019/
Côte d'Ivoire;ES (Titre 2);OAT;;2019-08-05;2019-08-06;2022-08-06;36;;50000;40500.0000;27500.0000;CI0000003018;5.7000;9800.0000;;9810.2727;;6.4100;In Fine;;réalisée;https://www.umoatitres.org/fr/emission/emission-simultanee-de-la-cote-divoire-du-05-08-2019/
Côte d'Ivoire;ES (Titre 1);BAT;;2019-07-09;2019-07-10;2019-10-08;3;;55000;23700.0000;18700.0000;CI0000002945;multiple;;5.0500;;4.8366;4.9000;In Fine;;réalisée;https://www.umoatitres.org/fr/emission/emission-simultanee-de-la-cote-divoire-du-09-07-2019/
Côte d'Ivoire;ES (Titre 2);BAT;;2019-07-09;2019-07-10;2020-07-07;12;;55000;35107.0000;30503.0000;CI0000002937;multiple;;5.5982;;5.3176;5.6200;In Fine;;réalisée;https://www.umoatitres.org/fr/emission/emission-simultanee-de-la-cote-divoire-du-09-07-2019/
Sénégal;ES (Titre 2);OAT;;2019-06-06;2019-06-07;2024-06-07;60;;50000;50130.6700;20600.0000;SN0000001132;6.0000;9970.0000;;9995.3000;;6.0000;In Fine;;réalisée;https://www.umoatitres.org/fr/emission/emission-simultanee-du-senegal-du-06-06-2019/
Sénégal;ES (Titre 3);OAT;;2019-06-06;2019-06-07;2026-06-07;84;;50000;35642.3200;34400.0000;SN0000001140;6.1500;9800.0000;;9894.9800;;6.3300;In Fine;;réalisée;https://www.umoatitres.org/fr/emission/emission-simultanee-du-senegal-du-06-06-2019/
Côte d'Ivoire;ES (Titre 1);BAT;;2019-05-21;2019-05-22;2020-05-19;12;;40000;20512.0000;18512.0000;CI0000002861;multiple;;5.6000;;5.1689;5.4500;In Fine;;réalisée;https://www.umoatitres.org/fr/emission/emission-simultanee-de-la-cote-divoire-du-21-05-2019/
Côte d'Ivoire;ES (Titre 2);OAT;;2019-05-21;2019-05-22;2022-05-22;36;;40000;28457.5400;25488.0000;CI0000002879;5.7000;9801.0000;;9985.0300;;5.7500;In Fine;;réalisée;https://www.umoatitres.org/fr/emission/emission-simultanee-de-la-cote-divoire-du-21-05-2019/
Burkina Faso;ES (Titre 1);OAT;;2019-05-08;2019-05-09;2022-05-09;36;;25000;59872.3300;7416.9100;BF0000001248;6.1500;10000.0000;;10018.4362;;6.0700;In Fine;;réalisée;https://www.umoatitres.org/fr/emission/emission-simultanee-du-burkina-du-08-05-2019/
Burkina Faso;ES (Titre 2);OAT;;2019-05-08;2019-05-09;2024-05-09;60;;25000;22043.7300;20083.0900;BF0000001255;6.2500;9700.0000;;9803.6098;;6.7200;In Fine;;réalisée;https://www.umoatitres.org/fr/emission/emission-simultanee-du-burkina-du-08-05-2019/
Côte d'Ivoire;ES (Titre 1);OAT;;2019-05-03;2019-05-06;2022-05-06;36;;150000;121567.6900;116247.6900;CI0000002846;5.9000;9750.0000;;9760.3700;;6.8000;In Fine;;réalisée;https://www.umoatitres.org/fr/emission/emission-simultanee-de-la-cote-divoire-du-03-05-2019/
Côte d'Ivoire;ES (Titre 2);OAT;;2019-05-03;2019-05-06;2024-05-06;60;;150000;40985.1300;40985.1300;CI0000002838;6.0000;9650.0000;;9703.5300;;6.7100;In Fine;;réalisée;https://www.umoatitres.org/fr/emission/emission-simultanee-de-la-cote-divoire-du-03-05-2019/
Bénin;ES (Titre 1);OAT;;2019-04-18;2019-04-19;2024-04-19;60;;30000;58104.5100;18447.4400;BJ0000001228;6.3000;9775.0000;;9803.0500;;6.7698;In Fine;;réalisée;https://www.umoatitres.org/fr/emission/emission-simultanee-du-benin-du-18-04-2019/
Bénin;ES (Titre 2);OAT;;2019-04-18;2019-04-19;2026-04-19;84;5;30000;16502.5600;14552.5600;BJ0000001236;6.4000;9600.0000;;9660.8200;;7.0630;Linéaire;;réalisée;https://www.umoatitres.org/fr/emission/emission-simultanee-du-benin-du-18-04-2019/
Togo;ES (Titre 1);OAT;;2019-03-08;2019-03-11;2022-03-11;36;;20000;19780.2100;16587.7100;TG0000001205;6.2500;9700.0000;;9733.6695;;7.2600;In Fine;;réalisée;https://www.umoatitres.org/fr/emission/emission-simultanee-du-togo-du-08-03-2019/
Togo;ES (Titre 2);OAT;;2019-03-08;2019-03-11;2024-03-11;60;;20000;5814.6500;5412.2900;TG0000001197;6.5000;9600.0000;;9654.0738;;7.3400;In Fine;;réalisée;https://www.umoatitres.org/fr/emission/emission-simultanee-du-togo-du-08-03-2019/
Mali;ES (Titre 1);OAT;;2019-02-27;2019-02-28;2022-02-28;36;;50000;50181.9200;41850.2200;ML0000001114;6.1500;9600.0000;;9738.5700;;7.1400;In Fine;;réalisée;https://www.umoatitres.org/fr/emission/emission-simultanee-du-mali-du-27-02-2019/
Mali;ES (Titre 2);OAT;;2019-02-27;2019-02-28;2024-02-28;60;3;50000;13149.7800;13149.7800;ML0000001106;6.4000;9601.0000;;9745.8200;;7.0700;Linéaire;;réalisée;https://www.umoatitres.org/fr/emission/emission-simultanee-du-mali-du-27-02-2019/
Burkina Faso;ES (Titre 1);BAT;;2019-02-20;2019-02-21;2020-02-19;12;;30000;26897.0000;15791.0000;BF0000001198;multiple;;6.4000;;6.2341;6.6500;In Fine;;réalisée;https://www.umoatitres.org/fr/emission/emission-simultanee-du-burkina-du-20-02-2019/
Burkina Faso;ES (Titre 2);OAT;;2019-02-20;2019-02-21;2022-02-21;36;;30000;18781.4700;17208.2500;BF0000001206;6.1500;9600.0000;;9627.6263;;7.5800;In Fine;;réalisée;https://www.umoatitres.org/fr/emission/emission-simultanee-du-burkina-du-20-02-2019/
Burkina Faso;ES (Titre 1);BAT;;2019-01-23;2019-01-24;2020-01-22;12;;30000;16323.0000;16322.0000;BF0000001164;multiple;;6.4900;;6.4029;6.8461;In Fine;;réalisée;https://www.umoatitres.org/fr/emission/emission-simultanee-du-burkina-du-23-01-2019/
Burkina Faso;ES (Titre 2);OAT;;2019-01-23;2019-01-24;2022-01-24;36;;30000;13439.3300;13229.3300;BF0000001172;6.1500;9575.0000;;9629.4800;;7.5696;In Fine;;réalisée;https://www.umoatitres.org/fr/emission/emission-simultanee-du-burkina-du-23-01-2019/
Burkina Faso;ES (Titre 1);BAT;;2018-12-21;2018-12-24;2019-03-24;3;;35000;25756.0000;23534.0000;BF0000001149;multiple;;6.1500;;6.0198;6.1129;In Fine;;réalisée;https://www.umoatitres.org/fr/emission/emission-simultanee-du-burkina-du-21-12-2018/
Burkina Faso;ES (Titre 2);OAT;;2018-12-21;2018-12-24;2021-12-14;36;;35000;9298.0000;9298.0000;BF0000001115;6.1500;9550.0000;;9601.4600;;7.6910;In Fine;;réalisée;https://www.umoatitres.org/fr/emission/emission-simultanee-du-burkina-du-21-12-2018/
Burkina Faso;ES (Titre 1);BAT;;2018-12-13;2018-12-14;2019-12-12;12;;35000;19279.0000;19279.0000;BF0000001123;multiple;;6.5000;;6.1669;6.5770;In Fine;;réalisée;https://www.umoatitres.org/fr/emission/emission-simultanee-du-burkina-du-13-12-2018/
Burkina Faso;ES (Titre 2);OAT;;2018-12-13;2018-12-14;2021-12-14;36;;35000;6943.5100;6583.5100;BF0000001115;6.1500;9600.0000;;9610.6000;;7.6443;In Fine;;réalisée;https://www.umoatitres.org/fr/emission/emission-simultanee-du-burkina-du-13-12-2018/
Togo;ES (Titre 1);OAT;;2018-10-26;2018-10-29;2020-09-20;36;;50000;23259.3000;21030.0000;TG0000000900;6.0000;9600.2000;;9691.4123;;7.7900;In Fine;;réalisée;https://www.umoatitres.org/fr/emission/emission-simultanee-du-togo-du-26-10-2018/
Togo;ES (Titre 2);OAT;;2018-10-26;2018-10-29;2022-09-20;60;;50000;4047.5900;4047.5900;TG0000000918;6.2500;9500.0000;;9595.0647;;7.4700;In Fine;;réalisée;https://www.umoatitres.org/fr/emission/emission-simultanee-du-togo-du-26-10-2018/
Niger;ES (Titre 1);OAT;;2018-10-18;2018-10-19;2021-10-05;36;;25000;11129.7000;11099.7000;NE0000000718;6.2000;9600.0000;;9686.1400;;7.4100;In Fine;;réalisée;https://www.umoatitres.org/fr/emission/emission-simultanee-du-niger-du-18-10-2018/
Niger;ES (Titre 2);OAT;;2018-10-18;2018-10-19;2023-07-13;60;3;25000;3345.8700;3345.8700;NE0000000627;6.4000;9551.0000;;9551.4200;;7.6600;Linéaire;;réalisée;https://www.umoatitres.org/fr/emission/emission-simultanee-du-niger-du-18-10-2018/
Niger;ES (Titre 1);BAT;;2018-10-04;2018-10-05;2019-10-03;12;;15000;13728.0000;13167.0000;NE0000000726;multiple;;6.6389;;6.1305;6.5356;In Fine;;réalisée;https://www.umoatitres.org/fr/emission/emission-simultanee-du-niger-du-04-10-2018/
Niger;ES (Titre 2);OAT;;2018-10-04;2018-10-05;2021-10-05;36;;15000;1832.0300;1832.0300;NE0000000718;6.2000;9500.0000;;9638.9600;;7.5835;In Fine;;réalisée;https://www.umoatitres.org/fr/emission/emission-simultanee-du-niger-du-04-10-2018/
Niger;ES (Titre 1);BAT;;2018-09-27;2018-09-28;2019-09-26;12;;25000;24233.0000;22608.0000;NE0000000700;multiple;;6.1500;;6.0114;6.4004;In Fine;;réalisée;https://www.umoatitres.org/fr/emission/emission-simultanee-du-niger-du-27-09-2018/
Niger;ES (Titre 2);OAT;;2018-09-27;2018-09-28;2021-08-02;36;;25000;4805.0000;3455.0000;NE0000000668;6.1500;9600.0000;;9644.0500;;7.5685;In Fine;;réalisée;https://www.umoatitres.org/fr/emission/emission-simultanee-du-niger-du-27-09-2018/
Bénin;ES (Titre 1);OAT;;2018-09-06;2018-09-07;2021-09-07;36;;50000;37021.1100;35221.1100;BJ0000001152;6.1000;9600.0000;;9645.4100;;7.4556;In Fine;;réalisée;https://www.umoatitres.org/fr/emission/emission-simultanee-du-benin-du-06-09-2018/
Bénin;ES (Titre 2);OAT;;2018-09-06;2018-09-07;2023-09-07;60;3;50000;18019.1700;18019.1700;BJ0000001145;6.3000;9600.0000;;9655.8900;;7.2195;Linéaire;;réalisée;https://www.umoatitres.org/fr/emission/emission-simultanee-du-benin-du-06-09-2018/
Niger;ES (Titre 1);BAT;;2018-08-14;2018-08-16;2019-08-14;12;;25000;27652.0000;16870.0000;NE0000000676;multiple;;6.1998;;6.0409;6.4339;In Fine;;réalisée;https://www.umoatitres.org/fr/emission/emission-simultanee-du-niger-du-14-08-2018/
Niger;ES (Titre 2);OAT;;2018-08-14;2018-08-16;2021-08-02;36;;25000;10630.0000;10630.0000;NE0000000668;6.1500;9500.0000;;9574.0649;;7.8043;In Fine;;réalisée;https://www.umoatitres.org/fr/emission/emission-simultanee-du-niger-du-14-08-2018/
Burkina Faso;ES (Titre 1);OAT;;2018-08-08;2018-08-09;2021-08-09;36;;50000;26791.0000;20271.0000;BF0000000984;6.1500;9600.0000;;9630.2969;;7.5700;In Fine;;réalisée;https://www.umoatitres.org/fr/emission/emission-simultanee-du-burkina-du-08-08-2018/
Burkina Faso;ES (Titre 2);OAT;;2018-08-08;2018-08-09;2023-08-09;60;3;50000;4826.9300;4826.9300;BF0000000992;6.2500;9552.0000;;9693.5221;;7.0700;Linéaire;;réalisée;https://www.umoatitres.org/fr/emission/emission-simultanee-du-burkina-du-08-08-2018/
Niger;ES (Titre 1);BAT;;2018-08-01;2018-08-02;2019-07-31;12;;20000;42360.0000;18011.0000;NE0000000650;multiple;;6.2499;;6.0757;6.4700;In Fine;;réalisée;https://www.umoatitres.org/fr/emission/emission-simultanee-du-niger-du-01-08-2018/
Niger;ES (Titre 2);OAT;;2018-08-01;2018-08-02;2021-08-02;36;;20000;3989.0000;3989.0000;NE0000000668;6.1500;9500.0000;;9568.5900;;7.8100;In Fine;;réalisée;https://www.umoatitres.org/fr/emission/emission-simultanee-du-niger-du-01-08-2018/
Togo;ES (Titre 1);OAT;;2018-07-20;2018-07-23;2021-07-23;36;;50000;51040.7200;48550.0000;TG0000001114;6.2500;9650.0000;;9655.3085;;7.5700;In Fine;;réalisée;https://www.umoatitres.org/fr/emission/emission-simultanee-du-togo-du-20-07-2018/
Togo;ES (Titre 2);OAT;;2018-07-20;2018-07-23;2023-07-23;60;;50000;6450.0000;6450.0000;TG0000001106;6.5000;9600.0000;;9650.0930;;7.3600;In Fine;;réalisée;https://www.umoatitres.org/fr/emission/emission-simultanee-du-togo-du-20-07-2018/
Niger;ES (Titre 1);BAT;;2018-07-12;2018-07-13;2019-07-11;12;;20000;24661.0000;18031.0000;NE0000000635;multiple;;6.4999;;6.3842;6.8200;In Fine;;réalisée;https://www.umoatitres.org/fr/emission/emission-simultanee-du-niger-du-12-07-2018/
Niger;ES (Titre 2);OAT;;2018-07-12;2018-07-13;2023-07-13;60;3;20000;3968.5900;3968.5900;NE0000000627;6.4000;9500.0000;;9581.8300;;7.5300;Linéaire;;réalisée;https://www.umoatitres.org/fr/emission/emission-simultanee-du-niger-du-12-07-2018/
Niger;ES (Titre 1);OAT;;2018-07-06;2018-07-09;2023-07-09;60;3;60000;32276.0600;32276.0600;NE0000000619;6.2500;9500.0000;;9777.3800;;6.8378;Linéaire;;réalisée;https://www.umoatitres.org/fr/emission/emission-simultanee-du-niger-du-06-07-2018/
Niger;ES (Titre 2);OAT;;2018-07-06;2018-07-09;2025-07-09;84;3;60000;24330.9000;24330.9000;NE0000000601;6.5000;9555.0000;;9741.4400;;7.0822;Linéaire;;réalisée;https://www.umoatitres.org/fr/emission/emission-simultanee-du-niger-du-06-07-2018/
Bénin;ES (Titre 1);BAT;;2018-07-05;2018-07-09;2019-07-07;12;;70000;62833.0000;41114.0000;BJ0000001087;multiple;;6.3000;;6.1896;6.6028;In Fine;;réalisée;https://www.umoatitres.org/fr/emission/emission-simultanee-du-benin-du-05-07-2018/
Bénin;ES (Titre 2);OAT;;2018-07-05;2018-07-09;2021-07-09;36;;70000;35932.3400;35885.3800;BJ0000001095;6.0000;9600.0000;;9611.7900;;7.4856;In Fine;;réalisée;https://www.umoatitres.org/fr/emission/emission-simultanee-du-benin-du-05-07-2018/
Niger;ES (Titre 1);BAT;;2018-06-07;2018-06-08;2018-12-06;6;;20000;20288.0000;17657.0000;NE0000000593;multiple;;6.5000;;6.2982;6.5053;In Fine;;réalisée;https://www.umoatitres.org/fr/emission/emission-simultanee-du-niger-du-07-06-2018/
Niger;ES (Titre 2);OAT;;2018-06-07;2018-06-08;2023-03-23;60;3;20000;4342.0300;4342.0300;NE0000000544;6.1500;9500.0000;;9563.8780;;7.3600;Linéaire;;réalisée;https://www.umoatitres.org/fr/emission/emission-simultanee-du-niger-du-07-06-2018/
Bénin;ES (Titre 1);OAT;;2018-04-26;2018-04-27;2021-04-27;36;;25000;21916.7300;21916.7300;BJ0000001046;6.0000;9575.9900;;9641.1100;;7.3700;In Fine;;réalisée;https://www.umoatitres.org/fr/emission/emission-simultanee-du-benin-du-26-04-2018/
Bénin;ES (Titre 2);OAT;;2018-04-26;2018-04-27;2023-04-27;60;;25000;3934.4700;3934.4700;BJ0000001053;6.1500;9600.0000;;9623.8900;;7.0647;In Fine;;réalisée;https://www.umoatitres.org/fr/emission/emission-simultanee-du-benin-du-26-04-2018/
Guinée Bissau;ES (Titre 1);BAT;;2018-04-05;2018-04-06;2019-04-04;12;;10000;5562.0000;5512.0000;GW0000000137;multiple;;6.7500;;6.6206;7.0956;In Fine;;réalisée;https://www.umoatitres.org/fr/emission/emission-simultanee-de-la-guinee-bissau-du-05-04-2018/
Guinée Bissau;ES (Titre 2);OAT;;2018-04-05;2018-04-06;2021-04-06;36;;10000;6581.1600;5235.1600;GW0000000145;6.5000;9650.0000;;9699.7222;;7.7000;In Fine;;réalisée;https://www.umoatitres.org/fr/emission/emission-simultanee-de-la-guinee-bissau-du-05-04-2018/
Mali;ES (Titre 1);OAT;;2018-06-20;2018-06-21;2021-06-21;36;;50000;34000.0000;26359.4200;ML0000000959;6.1500;9700.0000;;9709.4843;;7.2600;In Fine;;réalisée;https://www.umoatitres.org/fr/emission/emission-simultanee-du-mali-du-20-06-2018/
Mali;ES (Titre 2);OAT;;2018-06-20;2018-06-21;2023-06-21;60;2;50000;30620.5800;28640.5800;ML0000000942;6.4000;9700.0000;;9729.8450;;7.2000;Linéaire;;réalisée;https://www.umoatitres.org/fr/emission/emission-simultanee-du-mali-du-20-06-2018/
Niger;ES (Titre 1);BAT;;2018-05-17;2018-05-18;2018-11-15;6;;20000;21534.0000;19939.0000;NE0000000585;multiple;;6.5000;;6.2288;6.4313;In Fine;;réalisée;https://www.umoatitres.org/fr/emission/emission-simultanee-du-niger-du-17-05-2018/
Niger;ES (Titre 2);OAT;;2018-05-17;2018-05-18;2023-03-23;60;3;20000;795.0000;795.0000;NE0000000544;6.1500;9500.0000;;9614.4654;;7.2000;Linéaire;;réalisée;https://www.umoatitres.org/fr/emission/emission-simultanee-du-niger-du-17-05-2018/
Niger;ES (Titre 1);BAT;;2018-05-08;2018-05-09;2018-08-07;3;;20000;36090.0000;21353.0000;NE0000000577;multiple;;6.2499;;6.1167;6.2128;In Fine;;réalisée;https://www.umoatitres.org/fr/emission/emission-simultanee-du-niger-du-08-05-2018/
Niger;ES (Titre 2);OAT;;2018-05-08;2018-05-09;2023-03-23;60;3;20000;647.6800;647.0000;NE0000000544;6.1500;9500.0000;;9607.9227;;7.2000;Linéaire;;réalisée;https://www.umoatitres.org/fr/emission/emission-simultanee-du-niger-du-08-05-2018/
Niger;ES (Titre 1);BAT;;2018-03-22;2018-03-23;2018-06-21;3;;20000;9893.0000;9893.0000;NE0000000536;multiple;;6.7000;;6.4538;6.5608;In Fine;;réalisée;https://www.umoatitres.org/fr/emission/emission-simultanee-du-niger-du-22-03-2018/
Niger;ES (Titre 2);OAT;;2018-03-22;2018-03-23;2023-03-23;60;3;20000;784.2400;784.2400;NE0000000544;6.1500;9475.0000;;9581.6422;;7.2700;Linéaire;;réalisée;https://www.umoatitres.org/fr/emission/emission-simultanee-du-niger-du-22-03-2018/
Bénin;ES (Titre 1);OAT;;2018-03-15;2018-03-16;2021-03-16;36;;35000;8109.8400;8109.8400;BJ0000001004;6.0000;9500.0000;;9563.4040;;7.6777;In Fine;;réalisée;https://www.umoatitres.org/fr/emission/emission-simultanee-du-benin-du-15-03-2018/
Bénin;ES (Titre 2);OAT;;2018-03-15;2018-03-16;2023-03-16;60;;35000;10228.0000;10228.0000;BJ0000001012;6.1500;9600.0000;;9600.7700;;7.6837;In Fine;;réalisée;https://www.umoatitres.org/fr/emission/emission-simultanee-du-benin-du-15-03-2018/
Bénin;ES (Titre 1);BAT;;2017-12-07;2017-12-08;2018-06-07;6;;35000;9855.0000;9855.0000;BJ0000000964;multiple;;6.0900;;5.9864;6.1732;In Fine;;réalisée;https://www.umoatitres.org/fr/emission/emission-simultanee-du-benin-du-07-12-2017/
Bénin;ES (Titre 2);OAT;;2017-12-07;2017-12-08;2020-12-08;36;;35000;19152.7600;19152.7600;BJ0000000972;6.0000;9676.0000;;9742.7346;;6.9700;In Fine;;réalisée;https://www.umoatitres.org/fr/emission/emission-simultanee-du-benin-du-07-12-2017/
Togo;ES (Titre 1);BAT;;2017-11-20;2017-11-21;2018-05-29;6;;15000;7000.0000;7000.0000;TG0000000835;multiple;;6.3000;;6.2110;6.4215;In Fine;;réalisée;https://www.umoatitres.org/fr/emission/emission-simultanee-du-togo-du-20-11-2017/
Togo;ES (Titre 2);OAT;;2017-11-20;2017-11-21;2020-11-15;36;;15000;6845.0000;6845.0000;TG0000000967;6.2500;9500.0000;;9612.6355;;7.7454;In Fine;;réalisée;https://www.umoatitres.org/fr/emission/emission-simultanee-du-togo-du-20-11-2017/
Burkina Faso;ES (Titre 1);OAT;;2017-10-27;2017-10-30;2020-10-30;36;;35000;25982.0300;20872.0300;BF0000000786;6.0000;9705.0000;;9757.8142;;6.9200;In Fine;;réalisée;https://www.umoatitres.org/fr/emission/emission-simultanee-du-burkina-du-27-10-2017/
Burkina Faso;ES (Titre 2);OAT;;2017-10-27;2017-10-30;2022-09-29;60;;35000;16760.7800;16760.7800;BF0000000760;6.1500;9600.0100;;9674.5873;;6.9500;In Fine;;réalisée;https://www.umoatitres.org/fr/emission/emission-simultanee-du-burkina-du-27-10-2017/
Burkina Faso;ES (Titre 1);BAT;;2017-11-22;2017-11-23;2018-11-21;12;;60000;19532.0000;19532.0000;BF0000000802;multiple;;6.5998;;6.1298;6.5348;In Fine;;réalisée;https://www.umoatitres.org/fr/emission/emission-simultanee-du-burkina-du-22-11-2017/
Burkina Faso;ES (Titre 2);OAT;;2017-11-22;2017-11-23;2020-11-23;36;;60000;8040.0000;1180.0000;BF0000000810;6.0000;9700.0000;;9753.8983;;6.9305;In Fine;;réalisée;https://www.umoatitres.org/fr/emission/emission-simultanee-du-burkina-du-22-11-2017/
Burkina Faso;ES (Titre 3);OAT;;2017-11-22;2017-11-23;2022-11-23;60;;60000;3840.0000;3340.0000;BF0000000828;6.2000;9605.0000;;9707.5599;;6.9076;In Fine;;réalisée;https://www.umoatitres.org/fr/emission/emission-simultanee-du-burkina-du-22-11-2017/
Togo;ES (Titre 1);BAT;;2017-11-03;2017-11-06;2018-10-10;11;;25000;1000.0000;1000.0000;TG0000000942;multiple;;6.0999;;6.0499;6.4154;In Fine;;réalisée;https://www.umoatitres.org/fr/emission/emission-simultanee-du-togo-du-03-11-2017/
Togo;ES (Titre 2);OAT;;2017-11-03;2017-11-06;2020-11-06;36;;25000;10571.4300;10571.4300;TG0000000959;6.2500;9500.0000;;9626.9497;;7.6826;In Fine;;réalisée;https://www.umoatitres.org/fr/emission/emission-simultanee-du-togo-du-03-11-2017/
Burkina Faso;ES (Titre 1);BAT;;2017-09-07;2017-09-08;2017-12-07;3;;30000;40127.0000;16500.0000;BF0000000729;multiple;;5.5000;;5.4162;5.4914;In Fine;;réalisée;https://www.umoatitres.org/fr/emission/emission-simultanee-du-burkina-du-07-09-2017/
Burkina Faso;ES (Titre 2);BAT;;2017-09-07;2017-09-08;2018-03-08;6;;30000;51224.0000;16500.0000;BF0000000737;multiple;;5.7000;;5.6017;5.7650;In Fine;;réalisée;https://www.umoatitres.org/fr/emission/emission-simultanee-du-burkina-du-07-09-2017/
Togo;ES (Titre 2);OAT;;2017-07-04;2017-07-05;2022-07-05;60;3;30000;9656.0100;8656.0100;TG0000000876;6.5000;9600.0000;;9772.7100;;7.1000;Linéaire;;réalisée;https://www.umoatitres.org/fr/emission/emission-simultanee-du-togo-du-04-07-2017/
Togo;ES (Titre 1);BAT;;2017-11-29;2017-11-30;2018-11-28;12;;15000;3150.0000;2925.0000;TG0000000983;multiple;;6.4000;;6.3133;6.7438;In Fine;;réalisée;https://www.umoatitres.org/fr/emission/emission-simultanee-du-togo-du-29-11-2017/
Togo;ES (Titre 2);OAT;;2017-11-29;2017-11-30;2020-11-15;36;;15000;12221.0000;12221.0000;TG0000000967;6.2500;9501.0000;;9606.7691;;7.7782;In Fine;;réalisée;https://www.umoatitres.org/fr/emission/emission-simultanee-du-togo-du-29-11-2017/
Togo;ES (Titre 1);BAT;;2017-11-14;2017-11-15;2018-02-14;3;;25000;21532.0000;18418.0000;TG0000000975;multiple;;6.2500;;5.9023;5.9927;In Fine;;réalisée;https://www.umoatitres.org/fr/emission/emission-simultanee-du-togo-du-14-11-2017/
Togo;ES (Titre 2);OAT;;2017-11-14;2017-11-15;2020-11-15;36;;25000;10757.5900;9081.5900;TG0000000967;6.2500;9575.0000;;9638.0700;;7.6386;In Fine;;réalisée;https://www.umoatitres.org/fr/emission/emission-simultanee-du-togo-du-14-11-2017/
Burkina Faso;ES (Titre 1);OAT;;2017-09-28;2017-09-29;2020-09-29;36;;50000;19772.7700;16246.9000;BF0000000752;6.0000;9700.0000;;9771.4288;;6.8600;In Fine;;réalisée;https://www.umoatitres.org/fr/emission/emission-simultanee-du-burkina-du-28-09-2017/
Burkina Faso;ES (Titre 2);OAT;;2017-09-28;2017-09-29;2022-09-29;60;;50000;11132.2600;8632.2600;BF0000000760;6.1500;9600.0100;;9712.4887;;6.8400;In Fine;;réalisée;https://www.umoatitres.org/fr/emission/emission-simultanee-du-burkina-du-28-09-2017/
Togo;ES (Titre 1);OAT;;2017-09-19;2017-09-20;2020-09-20;36;;30000;4925.0000;4924.0000;TG0000000900;6.0000;9600.0000;;9646.0439;;7.3510;In Fine;;réalisée;https://www.umoatitres.org/fr/emission/emission-simultanee-du-togo-du-19-09-2017/
Togo;ES (Titre 2);OAT;;2017-09-19;2017-09-20;2022-09-20;60;;30000;9000.0000;9000.0000;TG0000000918;6.2500;9500.0100;;9530.0744;;7.4045;In Fine;;réalisée;https://www.umoatitres.org/fr/emission/emission-simultanee-du-togo-du-19-09-2017/
Togo;ES (Titre 3);OAT;;2017-09-19;2017-09-20;2024-09-20;84;5;30000;2421.5000;2421.5000;TG0000000926;6.5000;9550.0000;;9588.6228;;7.3141;Linéaire;;réalisée;https://www.umoatitres.org/fr/emission/emission-simultanee-du-togo-du-19-09-2017/
Burkina Faso;ES (Titre 1);BAT;;2017-07-21;2017-07-24;2018-01-21;6;;35000;26695.0000;13050.0000;BF0000000703;multiple;;5.9000;;5.8441;6.0220;In Fine;;réalisée;https://www.umoatitres.org/fr/emission/emission-simultanee-du-burkina-du-21-07-2017/
Burkina Faso;ES (Titre 2);BAT;;2017-07-21;2017-07-24;2018-07-22;12;;35000;28981.0000;17016.0000;BF0000000711;multiple;;6.0000;;5.9897;6.3759;In Fine;;réalisée;https://www.umoatitres.org/fr/emission/emission-simultanee-du-burkina-du-21-07-2017/
Burkina Faso;ES (Titre 1);BAT;;2017-06-15;2017-06-16;2018-06-14;12;;40000;9220.0000;7195.0000;BF0000000695;multiple;;6.2500;;5.9923;6.3788;In Fine;;réalisée;https://www.umoatitres.org/fr/emission/emission-simultanee-du-burkina-du-15-06-2017/
Burkina Faso;ES (Titre 2);OAT;;2017-06-15;2017-06-16;2020-04-13;36;;40000;36629.2800;36029.2800;BF0000000679;6.0000;9655.0000;;9713.0485;;7.1389;In Fine;;réalisée;https://www.umoatitres.org/fr/emission/emission-simultanee-du-burkina-du-15-06-2017/
Côte d'Ivoire;ES (Titre 1);BAT;;2017-06-01;2017-06-02;2017-08-31;3;;45000;37320.0000;36920.0000;CI0000002291;multiple;;5.5000;;5.4911;5.5684;In Fine;;réalisée;https://www.umoatitres.org/fr/emission/emission-simultanee-de-la-cote-divoire-du-01-06-2017/
Côte d'Ivoire;ES (Titre 2);BAT;;2017-06-01;2017-06-02;2017-11-30;6;;45000;21125.0000;12025.0000;CI0000002309;multiple;;5.0000;;4.9418;5.0684;In Fine;;réalisée;https://www.umoatitres.org/fr/emission/emission-simultanee-de-la-cote-divoire-du-01-06-2017/
Bénin;ES (Titre 1);OAT;;2017-08-30;2017-08-31;2020-08-31;36;;25000;15257.0000;2404.4400;BJ0000000840;6.0000;9850.0000;;9871.0598;;6.4800;In Fine;;réalisée;https://www.umoatitres.org/fr/emission/emission-simultanee-du-benin-du-30-08-2017/
Bénin;ES (Titre 2);OAT;;2017-08-30;2017-08-31;2022-08-31;60;;25000;13575.0000;12575.0000;BJ0000000865;6.1500;9701.0000;;9708.0926;;6.8600;In Fine;;réalisée;https://www.umoatitres.org/fr/emission/emission-simultanee-du-benin-du-30-08-2017/
Bénin;ES (Titre 3);OAT;;2017-08-30;2017-08-31;2024-08-31;84;5;25000;12746.5600;12520.5600;BJ0000000857;6.3000;9600.0000;;9750.9311;;6.7800;Linéaire;;réalisée;https://www.umoatitres.org/fr/emission/emission-simultanee-du-benin-du-30-08-2017/
Mali;ES (Titre 1);BAT;;2017-06-20;2017-06-22;2017-09-20;3;;35000;6000.0000;6000.0000;ML0000000744;multiple;;6.2500;;5.8646;5.9528;In Fine;;réalisée;https://www.umoatitres.org/fr/emission/emission-simultanee-du-mali-du-20-06-2017/
Mali;ES (Titre 2);BAT;;2017-06-20;2017-06-22;2017-12-20;6;;35000;12720.0000;12720.0000;ML0000000736;multiple;;6.5000;;6.2838;6.4900;In Fine;;réalisée;https://www.umoatitres.org/fr/emission/emission-simultanee-du-mali-du-20-06-2017/
Mali;ES (Titre 3);OAT;;2017-06-20;2017-06-22;2020-04-25;36;;35000;3297.7800;3297.7800;ML0000000694;6.0000;9600.0000;;9671.7400;;7.3000;In Fine;;réalisée;https://www.umoatitres.org/fr/emission/emission-simultanee-du-mali-du-20-06-2017/
Côte d'Ivoire;ES (Titre 1);BAT;;2017-06-14;2017-06-15;2017-12-13;6;;45000;21196.0000;10136.0000;CI0000002325;multiple;;5.3500;;5.2512;5.3944;In Fine;;réalisée;https://www.umoatitres.org/fr/emission/emission-simultanee-de-la-cote-divoire-du-14-06-2017/
Côte d'Ivoire;ES (Titre 2);OAT;;2017-06-14;2017-06-15;2020-04-20;36;;45000;17394.8000;14039.8000;CI0000002218;5.6000;9800.1600;;9909.0200;;5.9400;In Fine;;réalisée;https://www.umoatitres.org/fr/emission/emission-simultanee-de-la-cote-divoire-du-14-06-2017/
Togo;ES (Titre 1);BAT;;2017-05-30;2017-05-31;2018-05-29;12;;60000;9565.0000;9565.0000;TG0000000835;multiple;;6.5000;;6.4154;6.8604;In Fine;;réalisée;https://www.umoatitres.org/fr/emission/emission-simultanee-du-togo-du-30-05-2017/
Togo;ES (Titre 3);OAT;;2017-05-30;2017-05-31;2028-05-31;132;5;60000;45739.7300;44339.7300;TG0000000850;6.9000;9750.0000;;9758.8902;;7.2900;Linéaire;;réalisée;https://www.umoatitres.org/fr/emission/emission-simultanee-du-togo-du-30-05-2017/
Mali;ES (Titre 1);BAT;;2017-05-24;2017-05-26;2017-06-22;1;;35000;5510.0000;5010.0000;ML0000000702;multiple;;5.9000;;5.1399;5.1605;In Fine;;réalisée;https://www.umoatitres.org/fr/emission/emission-simultanee-du-mali-du-24-05-2017/
Mali;ES (Titre 2);BAT;;2017-05-24;2017-05-26;2017-11-23;6;;35000;24000.0000;24000.0000;ML0000000710;multiple;;6.5000;;6.3235;6.5323;In Fine;;réalisée;https://www.umoatitres.org/fr/emission/emission-simultanee-du-mali-du-24-05-2017/
Mali;ES (Titre 3);OAT;;2017-05-24;2017-05-26;2020-04-25;36;;35000;3820.0000;2820.0000;ML0000000694;6.0000;9600.0000;;9630.6700;;7.4400;In Fine;;réalisée;https://www.umoatitres.org/fr/emission/emission-simultanee-du-mali-du-24-05-2017/
Côte d'Ivoire;ES (Titre 1);BAT;;2017-05-23;2017-05-24;2017-08-22;3;;40000;37050.0000;33000.0000;CI0000002275;multiple;;5.5000;;5.3030;5.3751;In Fine;;réalisée;https://www.umoatitres.org/fr/emission/emission-simultanee-de-la-cote-divoire-du-23-05-2017/
Côte d'Ivoire;ES (Titre 2);BAT;;2017-05-23;2017-05-24;2017-11-21;6;;40000;11000.0000;11000.0000;CI0000002283;multiple;;5.2500;;4.9318;5.0579;In Fine;;réalisée;https://www.umoatitres.org/fr/emission/emission-simultanee-de-la-cote-divoire-du-23-05-2017/
Niger;ES (Titre 1);BAT;;2017-05-19;2017-05-22;2017-11-19;6;;25000;14530.0000;14530.0000;NE0000000403;multiple;;6.5000;;6.2609;6.4655;In Fine;;réalisée;https://www.umoatitres.org/fr/emission/emission-simultanee-du-niger-du-19-05-2017/
Niger;ES (Titre 2);BAT;;2017-05-19;2017-05-22;2018-05-20;12;;25000;9750.0000;9750.0000;NE0000000411;multiple;;6.7495;;6.4963;6.9530;In Fine;;réalisée;https://www.umoatitres.org/fr/emission/emission-simultanee-du-niger-du-19-05-2017/
Togo;ES (Titre 2);BAT;;2017-05-22;2017-05-23;2017-11-20;6;;25000;18000.0000;18000.0000;TG0000000827;multiple;;6.5000;;6.4014;6.6155;In Fine;;réalisée;https://www.umoatitres.org/fr/emission/emission-simultanee-du-togo-du-22-05-2017/
Bénin;ES (Titre 1);BAT;;2017-05-10;2017-05-11;2017-11-08;6;;35000;8100.0000;5155.0000;BJ0000000774;multiple;;6.2500;;6.0851;6.2782;In Fine;;réalisée;https://www.umoatitres.org/fr/emission/emission-simultanee-du-benin-du-10-05-2017/
Bénin;ES (Titre 2);BAT;;2017-05-10;2017-05-11;2018-05-09;12;;35000;21365.0000;21365.0000;BJ0000000782;multiple;;6.5000;;6.1531;6.5613;In Fine;;réalisée;https://www.umoatitres.org/fr/emission/emission-simultanee-du-benin-du-10-05-2017/
Bénin;ES (Titre 3);OAT;;2017-05-10;2017-05-11;2020-05-11;36;;35000;15071.0000;11980.0000;BJ0000000790;6.0000;9650.0000;;9661.9366;;7.2900;In Fine;;réalisée;https://www.umoatitres.org/fr/emission/emission-simultanee-du-benin-du-10-05-2017/
Côte d'Ivoire;ES (Titre 1);BAT;;2017-04-19;2017-04-20;2017-05-17;1;;55000;17000.0000;17000.0000;CI0000002200;multiple;;4.9000;;4.7353;4.7528;In Fine;;réalisée;https://www.umoatitres.org/fr/emission/emission-simultanee-de-la-cote-divoire-du-19-04-2017/
Côte d'Ivoire;ES (Titre 2);BAT;;2017-04-19;2017-04-20;2017-07-19;3;;55000;3000.0000;3000.0000;CI0000002192;multiple;;5.5000;;5.5000;5.5775;In Fine;;réalisée;https://www.umoatitres.org/fr/emission/emission-simultanee-de-la-cote-divoire-du-19-04-2017/
Côte d'Ivoire;ES (Titre 3);OAT;;2017-04-19;2017-04-20;2020-04-20;36;;55000;18000.0000;15000.0000;CI0000002218;5.6000;9700.0000;;9713.3367;;6.6800;In Fine;;réalisée;https://www.umoatitres.org/fr/emission/emission-simultanee-de-la-cote-divoire-du-19-04-2017/
Guinée Bissau;ES (Titre 1);BAT;;2017-04-10;2017-04-11;2017-10-09;6;;16500;3648.0000;3648.0000;GW0000000095;multiple;;7.0000;;6.7608;7.0001;In Fine;;réalisée;https://www.umoatitres.org/fr/emission/emission-simultanee-de-la-guinee-bissau-du-10-04-2017/
Guinée Bissau;ES (Titre 2);BAT;;2017-04-10;2017-04-11;2018-04-09;12;;16500;5000.0000;5000.0000;GW0000000103;multiple;;6.7500;;6.7500;7.2444;In Fine;;réalisée;https://www.umoatitres.org/fr/emission/emission-simultanee-de-la-guinee-bissau-du-10-04-2017/
Guinée Bissau;ES (Titre 3);OAT;;2017-04-10;2017-04-11;2020-04-11;36;;16500;10683.0000;9183.0000;GW0000000111;6.5000;9551.0000;;9670.9000;;7.7600;In Fine;;réalisée;https://www.umoatitres.org/fr/emission/emission-simultanee-de-la-guinee-bissau-du-10-04-2017/
Côte d'Ivoire;ES (Titre 1);BAT;;2017-05-11;2017-05-12;2017-11-09;6;;45000;31115.0000;23615.0000;CI0000002267;multiple;;6.0000;;5.7414;5.9130;In Fine;;réalisée;https://www.umoatitres.org/fr/emission/emission-simultanee-de-la-cote-divoire-du-11-05-2017/
Togo;ES (Titre 1);BAT;;2017-04-20;2017-04-21;2017-10-19;6;;20000;5150.0000;5150.0000;TG0000000793;multiple;;6.5000;;5.9056;6.0873;In Fine;;réalisée;https://www.umoatitres.org/fr/emission/emission-simultanee-du-togo-du-20-04-2017/
Togo;ES (Titre 2);OAT;;2017-04-20;2017-04-21;2020-04-21;36;;20000;7466.0000;7466.0000;TG0000000785;6.0000;9500.0000;;9591.3000;;7.5670;In Fine;;réalisée;https://www.umoatitres.org/fr/emission/emission-simultanee-du-togo-du-20-04-2017/
Côte d'Ivoire;ES (Titre 1);BAT;;2017-04-11;2017-04-12;2017-07-11;3;;55000;2000.0000;2000.0000;CI0000002168;multiple;;4.8500;;4.6000;4.6541;In Fine;;réalisée;https://www.umoatitres.org/fr/emission/emission-simultanee-de-la-cote-divoire-du-11-04-2017/
Côte d'Ivoire;ES (Titre 3);BAT;;2017-04-11;2017-04-12;2018-04-10;12;;55000;20500.0000;18500.0000;CI0000002184;multiple;;6.0000;;5.9622;6.3447;In Fine;;réalisée;https://www.umoatitres.org/fr/emission/emission-simultanee-de-la-cote-divoire-du-11-04-2017/
Niger;ES (Titre 1);BAT;;2017-03-30;2017-03-31;2017-09-28;6;;30000;11185.0000;10185.0000;NE0000000395;multiple;;6.5000;;6.2988;6.5060;In Fine;;réalisée;https://www.umoatitres.org/fr/emission/emission-simultanee-du-niger-du-30-03-2017/
Niger;ES (Titre 2);BAT;;2017-03-30;2017-03-31;2018-03-29;12;;30000;9200.0000;9200.0000;NE0000000387;multiple;;6.7500;;6.2054;6.6208;In Fine;;réalisée;https://www.umoatitres.org/fr/emission/emission-simultanee-du-niger-du-30-03-2017/
Bénin;ES (Titre 1);BAT;;2017-03-21;2017-03-22;2017-06-20;3;;25000;14884.0000;14750.0000;BJ0000000741;multiple;;5.9800;;5.8035;5.8899;In Fine;;réalisée;https://www.umoatitres.org/fr/emission/emission-simultanee-du-benin-du-21-03-2017/
Bénin;ES (Titre 2);BAT;;2017-03-21;2017-03-22;2017-09-19;6;;25000;27472.0000;12750.0000;BJ0000000758;multiple;;6.1000;;5.9020;6.0835;In Fine;;réalisée;https://www.umoatitres.org/fr/emission/emission-simultanee-du-benin-du-21-03-2017/
Mali;ES (Titre 1);BAT;;2017-02-28;2017-03-01;2017-08-29;6;;50000;17385.0000;16730.0000;ML0000000637;multiple;;6.5000;;5.9741;6.1601;In Fine;;réalisée;https://www.umoatitres.org/fr/emission/emission-simultanee-du-mali-du-28-02-2017/
Mali;ES (Titre 2);BAT;;2017-02-28;2017-03-01;2018-02-27;12;;50000;14808.0000;13738.0000;ML0000000645;multiple;;6.5000;;6.3793;6.8191;In Fine;;réalisée;https://www.umoatitres.org/fr/emission/emission-simultanee-du-mali-du-28-02-2017/
Mali;ES (Titre 3);OAT;;2017-02-28;2017-03-01;2020-03-01;36;;50000;14510.9000;12510.9000;ML0000000652;6.0000;9600.0000;;9793.6400;;6.7800;In Fine;;réalisée;https://www.umoatitres.org/fr/emission/emission-simultanee-du-mali-du-28-02-2017/
Burkina Faso;ES (Titre 1);BAT;;2017-05-18;2017-05-19;2017-11-16;6;;40000;27257.0000;26757.0000;BF0000000687;multiple;;6.0000;;5.8549;6.0335;In Fine;;réalisée;https://www.umoatitres.org/fr/emission/emission-simultanee-du-burkina-du-18-05-2017/
Burkina Faso;ES (Titre 2);OAT;;2017-05-18;2017-05-19;2020-04-13;36;;40000;21969.5200;13243.0000;BF0000000679;6.0000;9651.0000;;9685.0701;;7.2300;In Fine;;réalisée;https://www.umoatitres.org/fr/emission/emission-simultanee-du-burkina-du-18-05-2017/
Mali;ES (Titre 1);BAT;;2017-04-24;2017-04-25;2017-10-23;6;;30000;4008.0000;4008.0000;ML0000000686;multiple;;6.5000;;6.0625;6.2542;In Fine;;réalisée;https://www.umoatitres.org/fr/emission/emission-simultanee-du-mali-du-24-04-2017/
Mali;ES (Titre 2);OAT;;2017-04-24;2017-04-25;2020-04-25;36;;30000;8026.0000;6026.0000;ML0000000694;6.0000;9575.0500;;9658.1040;;7.3000;In Fine;;réalisée;https://www.umoatitres.org/fr/emission/emission-simultanee-du-mali-du-24-04-2017/
Burkina Faso;ES (Titre 1);BAT;;2017-04-12;2017-04-13;2017-10-11;6;;40000;28050.0000;18000.0000;BF0000000653;multiple;;5.7500;;5.5625;5.7235;In Fine;;réalisée;https://www.umoatitres.org/fr/emission/emission-simultanee-du-burkina-du-12-04-2017/
Burkina Faso;ES (Titre 2);BAT;;2017-04-12;2017-04-13;2018-04-11;12;;40000;17610.0000;8090.0000;BF0000000661;multiple;;6.0000;;5.9215;6.2986;In Fine;;réalisée;https://www.umoatitres.org/fr/emission/emission-simultanee-du-burkina-du-12-04-2017/
Burkina Faso;ES (Titre 3);OAT;;2017-04-12;2017-04-13;2020-04-13;36;;40000;18917.0000;14417.0000;BF0000000679;6.0000;9650.0000;;9745.0820;;6.9600;In Fine;;réalisée;https://www.umoatitres.org/fr/emission/emission-simultanee-du-burkina-du-12-04-2017/
Côte d'Ivoire;ES (Titre 1);BAT;;2017-04-06;2017-04-07;2017-05-04;1;;35000;19300.0000;17000.0000;CI0000002143;multiple;;4.9000;;4.9000;4.9187;In Fine;;réalisée;https://www.umoatitres.org/fr/emission/emission-simultanee-de-la-cote-divoire-du-06-04-2017/
Côte d'Ivoire;ES (Titre 2);BAT;;2017-04-06;2017-04-07;2017-07-06;3;;35000;14130.0000;11250.0000;CI0000002150;multiple;;5.2500;;5.0135;5.0779;In Fine;;réalisée;https://www.umoatitres.org/fr/emission/emission-simultanee-de-la-cote-divoire-du-06-04-2017/
Mali;ES (Titre 1);BAT;;2017-03-23;2017-03-24;2017-06-22;3;;30000;15941.0000;11755.0000;ML0000000660;multiple;;6.0000;;5.6698;5.7522;In Fine;;réalisée;https://www.umoatitres.org/fr/emission/emission-simultanee-du-mali-du-23-03-2017/
Mali;ES (Titre 2);OAT;;2017-03-23;2017-03-24;2020-03-24;36;;30000;42431.5000;21244.5000;ML0000000678;6.0000;9650.0000;;9939.2500;;6.2227;In Fine;;réalisée;https://www.umoatitres.org/fr/emission/emission-simultanee-du-mali-du-23-03-2017/
Burkina Faso;ES (Titre 1);BAT;;2017-03-16;2017-03-17;2017-06-15;3;;35000;32345.0000;11682.0000;BF0000000638;multiple;;5.9998;;5.4813;5.5583;In Fine;;réalisée;https://www.umoatitres.org/fr/emission/emission-simultanee-du-burkina-du-16-03-2017/
Burkina Faso;ES (Titre 2);BAT;;2017-03-16;2017-03-17;2017-09-14;6;;35000;44803.0000;26818.0000;BF0000000646;multiple;;6.0000;;5.7693;5.9426;In Fine;;réalisée;https://www.umoatitres.org/fr/emission/emission-simultanee-du-burkina-du-16-03-2017/
Sénégal;ES (Titre 1);BAT;;2017-02-16;2017-02-17;2017-05-18;3;;45000;22117.0000;13317.0000;SN0000001033;multiple;;5.8000;;5.5018;5.5794;In Fine;;réalisée;https://www.umoatitres.org/fr/emission/emission-simultanee-du-senegal-du-16-02-2017/
Sénégal;ES (Titre 2);BAT;;2017-02-16;2017-02-17;2017-08-17;6;;45000;10020.0000;8020.0000;SN0000001041;multiple;;5.9000;;5.7687;5.9419;In Fine;;réalisée;https://www.umoatitres.org/fr/emission/emission-simultanee-du-senegal-du-16-02-2017/
Sénégal;ES (Titre 3);BAT;;2017-02-16;2017-02-17;2018-02-15;12;;45000;15246.0000;15246.0000;SN0000001058;multiple;;6.5000;;6.2775;6.6993;In Fine;;réalisée;https://www.umoatitres.org/fr/emission/emission-simultanee-du-senegal-du-16-02-2017/
Sénégal;ES (Titre 1);BAT;;2017-01-23;2017-01-24;2017-04-24;3;;60000;21400.0000;14400.0000;SN0000001025;multiple;;5.5000;;5.1350;5.2025;In Fine;;réalisée;https://www.umoatitres.org/fr/emission/emission-simultanee-du-senegal-du-23-01-2017/
Sénégal;ES (Titre 2);BAT;;2017-01-23;2017-01-24;2018-01-22;12;;60000;40400.0000;26400.0000;SN0000001017;multiple;;6.0000;;5.7312;6.0837;In Fine;;réalisée;https://www.umoatitres.org/fr/emission/emission-simultanee-du-senegal-du-23-01-2017/
Togo;ES (Titre 1);BAT;;2017-01-05;2017-01-06;2017-07-06;6;;20000;24914.0000;22000.0000;TG0000000769;multiple;;6.5000;;5.9090;6.0910;In Fine;;réalisée;https://www.umoatitres.org/fr/emission/emission-simultanee-du-togo-du-05-01-2017/
